-37 65 29 82 38 -25 -37 -42 -71 28 78 -28 7 -41 -62 38 -23 20 1 -30 -68 -126 36 75 47 -40 -22 -30 -30 56 72 -59 31 4 69 2 -34 37 83 50 91 -59 -21 47 32 49 19 11 76 -8 29 38 45 26 1 116 16 -94 19 -11 -64 45 -4 23
1 26 127 81 115 69 40 -122 111 53 -22 -119 -69 -29 54 76 -110 16 -40 15 61 -69 -4 13 48 12 -54 -74 -85 88 -74 74 -21 53 -28 -36 32 -9 -38 7 -3 -22 -102 -24 52 -15 91 -14 -62 79 -60 97 72 -120 -11 81 -46 30 52 -78 -4 -33 28 -99
8 -69 8 51 20 47 86 -18 1 76 79 8 -52 -5 -58 -36 47 44 -96 -18 -31 80 57 81 1 -74 -42 57 -8 70 -47 -36 66 58 78 102 -1 31 19 112 -59 9 44 112 36 0 -23 -18 -12 15 0 3 -103 56 37 12 -8 54 76 -120 64 -51 60 39
1 1 -48 75 34 -58 -33 -19 85 118 -123 -28 39 -62 -23 77 25 -71 -8 77 -5 48 -33 76 55 36 34 -51 -28 -5 50 121 40 89 34 34 -1 90 83 77 14 52 -10 31 8 -10 86 29 -50 -53 18 31 100 -61 39 -2 59 28 19 59 45 121 62 -65
-10 -8 -36 -45 -104 -98 44 -36 -101 -106 18 -19 -71 -97 120 -52 -9 105 -83 -68 -46 84 1 -46 1 -46 -27 100 92 -105 -53 -103 41 -34 -94 -73 -106 20 -120 -81 -82 -25 -22 -112 -34 -44 -63 -65 -113 84 -7 -50 -62 -19 27 127 -86 -73 -71 -24 29 -108 1 -20
51 -20 17 67 -83 -54 -4 -41 -34 44 32 74 -91 -84 -12 -1 9 -15 5 10 -44 51 6 50 -96 9 -32 -38 38 -14 -32 -29 -35 36 90 -71 -45 75 62 31 45 -83 25 39 21 45 -102 -72 -42 9 117 79 -40 -73 99 -16 10 54 19 32 36 12 68 -4
30 28 -20 -28 29 70 25 -97 28 -56 39 -27 39 78 113 -82 -9 -38 41 124 14 -51 -63 17 -86 -48 62 79 32 -65 -33 75 41 28 -65 5 29 -37 40 44 -27 -5 90 61 30 -61 11 -7 3 15 22 -18 4 58 84 73 52 -10 73 -29 42 48 43 -40
-17 -93 -60 -38 5 -5 -102 1 -22 68 -46 -45 -10 103 -76 -35 -9 43 -101 -6 32 1 -5 93 -69 -98 -39 -97 32 -48 -30 -68 -41 -1 -127 14 -117 -10 -35 -7 32 -17 -9 -73 -112 0 22 -36 -47 -87 -57 -56 2 73 -50 -2 11 -51 48 -17 -7 -47 31 -72
-20 34 -11 12 -49 -20 -48 54 -39 7 -61 88 -52 53 -61 25 64 -7 -7 -17 1 125 74 3 37 -14 45 -18 73 9 45 -106 14 -39 -12 -33 106 13 43 11 -43 35 -55 70 -21 -66 14 24 49 -10 -25 -62 -79 -12 0 -55 -82 -24 91 47 -5 13 -81 -55
-98 -7 -16 -44 -58 -104 -65 -53 52 -18 -112 -41 -37 -44 6 30 -98 4 -102 123 26 -32 -105 -29 -24 -65 -39 14 -28 15 -31 -18 -41 34 -91 29 -27 -42 52 46 -28 63 -59 -61 -113 -76 54 -93 6 -52 -71 -7 -96 -100 43 -27 -56 -51 -18 29 32 5 -17 -37
-58 21 83 -52 65 -4 -12 90 -6 78 -1 51 55 33 -8 38 -32 124 75 78 -92 -6 -15 -104 17 -50 -17 44 10 -23 38 38 4 94 -23 -54 49 18 -71 38 -25 -25 90 -62 -43 24 77 29 58 65 -43 -2 -36 29 28 79 -52 -27 -12 36 -1 20 41 -21
-52 -55 -49 -9 -117 -104 13 -63 -54 -97 -100 20 -58 -75 -14 2 -98 126 -109 4 126 -104 -11 -25 -1 -17 -115 -81 -81 111 -8 -105 -110 110 -31 -106 -16 -102 81 66 -76 -15 -58 -91 -46 -36 -128 -50 -52 -7 -73 107 -70 -8 -81 48 -45 -86 -47 -73 29 -62 -52 0
7 -5 -87 0 -24 28 32 31 -86 -116 -40 23 63 -18 -32 28 11 41 -17 -69 13 -69 -8 4 -15 98 2 96 -86 13 -75 2 99 39 -38 25 -27 19 13 -92 -62 -64 -8 1 1 -25 5 3 -66 13 25 -55 -83 18 16 0 -64 -94 58 -92 -116 38 -114 -10
-79 37 64 -46 21 43 -73 -33 -98 -12 -4 93 -4 56 57 21 -104 -52 -114 80 24 -6 -15 19 -17 35 -16 29 -2 67 -3 -80 47 -41 -14 -34 -39 -22 -72 98 2 73 -82 -60 94 64 -105 7 -6 41 -1 -38 -99 44 -45 4 -3 -54 16 -52 -8 -43 58 85
-16 7 -10 -50 -48 -48 -21 25 -94 -125 45 13 -16 75 30 -36 -33 87 -70 -98 -78 -125 -28 -71 -6 60 88 5 -28 -55 71 12 1 12 -18 -23 -99 -11 34 -5 53 -7 -95 -27 -91 33 -22 15 -64 64 -27 83 -3 -26 -9 24 -66 27 58 114 89 -46 -44 14
85 -74 123 45 62 44 94 45 49 114 -39 9 69 -68 85 98 6 67 91 0 -73 120 -80 27 66 64 20 66 -117 -54 -26 -48 127 -6 -45 121 -100 57 55 85 15 107 93 -34 -33 29 76 1 -108 122 96 -23 78 48 -28 -124 0 37 105 -50 103 42 41 24
-67 -4 -120 -123 -80 -92 108 -28 -68 -67 31 -122 -79 -29 -48 -103 7 -18 -70 -65 -21 -93 13 -105 -49 -98 -72 -80 -67 47 -32 124 -101 -18 -19 117 -73 -37 -59 -123 -38 -31 1 -124 -91 -90 -87 -119 -31 -90 -68 -44 8 113 127 23 37 -16 -25 -3 -83 -3 -26 -28
-93 -5 29 43 -103 -1 28 46 7 86 36 23 63 -50 -39 29 41 13 69 29 -5 25 -108 -88 -34 -59 35 26 -55 -24 72 2 71 -14 -50 5 -118 -6 -2 41 -74 56 48 8 -48 -48 45 49 -3 -87 -56 -41 -78 14 63 15 -50 31 37 -108 -15 -36 -46 -59
-61 -37 9 -64 -91 6 -83 100 32 -58 80 -2 -7 -23 28 4 -10 -24 42 -11 -82 15 -29 -74 107 -4 -27 88 -42 -22 -27 21 46 25 15 30 88 -16 52 68 3 -19 -30 9 -17 32 18 111 122 13 12 -62 -13 2 110 44 -8 27 -67 6 49 -37 56 -4
34 59 54 -91 23 44 -36 1 109 76 -44 -73 45 9 71 -59 52 -90 39 -89 -12 93 42 -104 55 90 -37 -30 27 51 58 54 -87 91 -34 90 -32 -23 -30 -20 -67 61 -63 115 54 2 37 56 -6 -38 87 9 -54 79 1 65 21 13 49 18 6 -75 50 21
48 96 28 19 49 -3 -28 44 15 -94 9 -9 -17 -88 10 -36 2 34 64 14 42 -18 -93 71 -13 -51 82 57 -12 -21 -43 -77 -28 -63 79 64 -112 9 -16 124 -32 23 29 -37 -42 -19 -60 95 12 -12 27 -39 -33 64 -25 33 30 -69 36 11 55 -55 39 59
15 0 115 34 48 56 -7 47 34 -47 -27 -60 79 42 1 -63 29 -4 -26 -9 16 90 -2 -57 12 38 45 -112 48 80 -44 69 66 -16 44 -38 19 11 23 10 40 -79 42 31 55 8 52 101 7 35 -45 -105 124 74 -66 18 -43 54 -112 52 48 -84 -106 -111
-93 71 -22 26 65 84 62 100 -111 76 -32 -28 87 9 77 52 -35 43 94 -72 45 46 15 0 -57 4 108 61 28 30 14 45 33 22 96 26 15 -109 44 88 -67 -31 34 90 -43 -2 31 6 38 84 -92 50 -110 8 30 4 42 78 47 8 88 66 126 86
16 88 -89 22 29 -5 -19 4 -31 68 -30 66 -1 16 13 49 27 35 118 -127 -76 -53 60 -118 -12 -84 -82 25 3 82 -8 -3 -46 38 -17 -52 -108 -14 -19 29 37 -54 14 82 -67 -2 -8 -60 58 77 99 -33 -74 -109 16 48 -51 -122 77 -81 -65 127 42 -35
63 -24 -1 23 33 -37 9 -59 62 -39 -88 -41 31 -74 -12 16 -9 127 23 0 35 1 6 -4 -112 79 84 -83 62 -25 -48 119 35 -14 -3 70 24 -50 20 0 -22 53 11 -3 21 -47 -50 -36 34 -74 -55 -53 17 37 -114 -53 -126 40 -97 -12 36 96 -49 -45
-101 -41 -2 -38 -7 -11 37 104 -10 75 -61 35 -6 97 52 -1 37 -17 -99 53 -94 -40 -13 -43 19 41 -95 55 -83 -48 -8 -70 2 -13 -53 50 -33 47 -28 -18 68 72 71 17 -5 -16 -95 -12 -16 17 125 -57 -42 -55 7 8 -2 -4 -56 -1 -44 -12 -43 99
-77 -33 -30 -25 -37 -9 -48 -35 75 -58 -22 -25 7 -58 -126 30 -28 124 17 -29 -47 72 32 -51 -17 -16 -32 -26 -64 -101 -88 25 61 -29 -80 -25 4 -78 -33 -38 -2 -35 -83 -20 -55 38 53 -3 126 -65 -56 88 -113 -125 12 -28 127 -127 -4 -20 -66 -67 -61 -30
90 -111 122 69 -123 113 66 113 -9 -2 -35 -119 -86 -119 -18 45 -96 -77 -117 -122 -78 -6 -40 103 -57 3 -20 120 -82 -1 6 -92 21 -99 -54 -60 -65 -111 126 -49 89 -89 122 -11 -59 -77 -8 101 -121 113 -63 -31 -62 -8 -81 -64 -42 29 -19 -23 -73 3 27 -48
-89 37 -86 -24 12 -43 4 -29 -78 53 87 -36 -91 9 -65 18 18 -3 -57 -58 -11 -21 87 36 85 -48 -29 -7 -76 64 -3 92 -44 -4 -45 -29 52 -52 -25 125 -122 -90 -88 -36 -43 -95 4 -71 24 -11 -71 -101 51 -87 -32 -55 28 -64 -114 -90 67 -84 13 -6
28 4 63 100 -57 -31 -40 19 106 -39 77 71 -4 110 12 -115 -12 61 26 -112 53 -87 126 -64 -29 -112 65 -114 26 69 26 39 -36 73 65 -5 -30 -111 72 -86 -127 41 67 57 42 7 14 -32 69 96 -28 125 36 -34 -4 93 -32 66 -15 75 54 15 -51 44
-31 64 94 -36 5 64 23 12 110 -5 5 36 21 46 18 -15 -64 64 -98 -23 -38 99 -81 -27 -126 -10 -24 19 2 -67 -67 -92 -22 50 59 -22 80 4 -69 -2 28 56 38 -81 1 53 9 -6 -37 24 -84 -71 -14 -8 72 25 -17 -29 21 60 1 -43 -73 2
3 -28 15 -51 18 -64 -60 -110 -18 78 5 -9 -11 34 -36 -36 28 -40 -29 -80 18 106 2 -21 -96 -16 -54 6 -35 -117 -28 -27 27 0 9 100 -119 8 22 -53 -50 39 -42 -28 -27 40 14 11 18 -112 17 61 -84 -20 -61 115 11 -96 -65 31 -61 27 121 6
-81 -20 40 19 -102 115 77 14 -14 55 -53 -5 42 -56 -115 4 4 104 10 0 -64 116 -12 44 -95 83 53 39 -13 67 77 104 18 60 -21 124 39 -45 -31 11 7 -37 18 34 -56 35 81 24 20 81 51 21 44 -123 83 65 -68 71 48 -14 -12 31 98 69
-24 23 -42 47 31 -5 51 124 80 -4 44 35 -44 17 -87 61 -16 -35 39 -45 -24 83 3 -32 58 0 31 15 -12 86 -101 27 25 -30 23 13 -21 20 -10 -7 -78 21 60 50 48 49 35 30 66 40 32 22 -119 26 -49 13 26 28 24 -10 1 78 28 5
-13 -50 14 40 120 48 25 -30 29 73 61 -43 -17 14 29 -37 -50 -48 -29 52 37 45 64 55 55 -86 94 96 69 24 -21 61 3 70 34 37 26 0 19 32 -16 -13 33 -8 31 58 48 95 -8 2 126 -13 -2 4 94 25 91 11 7 -28 -102 49 -23 -23
45 -67 52 8 -91 -58 -68 -66 -27 14 27 0 40 -105 -15 -22 -4 -84 -82 3 38 13 -83 13 -111 -56 -22 24 26 -42 49 -120 65 -24 -39 15 118 -38 -30 112 -62 -16 -47 -119 116 -67 -87 9 8 1 -49 41 -11 -5 31 -74 83 19 -37 -37 18 -59 -2 5
40 124 -3 39 1 12 -90 50 -26 -12 34 61 -29 37 -11 35 83 -21 -24 102 17 -63 65 57 -119 20 67 -13 23 -19 55 10 -2 18 -13 -37 -42 89 -54 87 -26 -39 -66 -29 -28 43 38 -19 117 -18 -44 -53 -17 -47 43 56 -80 17 17 35 120 58 -17 -44
-61 124 99 24 13 24 115 22 2 127 -123 -14 66 -115 6 60 78 -43 54 8 103 9 5 37 112 -9 -29 19 8 -80 -59 -24 -68 27 -40 60 -7 -123 100 74 -58 -20 45 77 71 61 78 3 -99 26 -90 59 68 77 80 14 88 67 67 -16 32 -53 57 49
-50 15 14 -6 56 21 -21 41 -33 -5 117 -44 5 -40 -81 15 113 -50 -70 -52 -85 30 117 -128 51 -14 -22 -75 88 61 -22 -50 100 64 86 -50 19 -62 11 9 31 -58 2 -21 70 35 29 -15 -1 -47 50 -123 119 19 -23 -46 62 -98 89 46 19 36 -7 26
-28 29 17 72 -106 -108 -42 43 -124 125 64 28 40 57 33 78 -113 -20 -128 -5 49 113 63 -2 16 42 -13 37 21 97 73 3 73 92 95 106 60 -33 63 32 86 63 61 119 16 22 41 101 73 59 46 98 21 -9 98 86 3 -14 21 -117 46 119 99 83
-112 -99 -76 -41 -116 95 -19 -44 4 -97 -119 -5 122 7 -72 15 -69 114 -72 -92 -37 -71 -50 -67 -96 -39 -61 44 -119 -39 -9 33 -81 42 -108 -28 15 -97 -98 -4 -46 -77 40 -71 -29 -117 -9 -33 -87 -18 -49 8 40 14 -29 -101 -96 -96 -94 36 -80 -120 -96 20
-28 7 -47 57 -11 -10 -9 85 -119 24 -40 18 -56 -12 59 -62 15 37 72 -46 73 82 -79 106 -100 95 62 -81 -13 -38 -62 -121 -28 -81 72 -26 -16 -2 93 5 -97 -14 13 -6 -14 -8 46 48 44 105 -30 -54 45 116 -47 3 -5 9 -58 16 -45 53 -110 72
23 127 -8 39 -79 48 -5 -116 -88 -60 -36 23 9 -72 -44 68 6 -1 -41 -46 -50 50 58 -34 -87 5 -51 -4 -92 -71 -50 -28 55 -28 -55 18 -58 -13 15 -71 22 32 -20 11 37 -5 -73 -80 -95 23 -57 -39 26 118 13 29 30 101 -94 -99 -10 -55 9 -53
-5 -86 -4 -7 -1 -96 -38 -52 8 -24 -86 -63 124 63 -25 -45 22 -28 0 -42 16 -17 29 107 23 -13 7 7 12 -25 15 -13 47 -47 0 -26 45 -17 -50 15 -37 39 79 -43 35 40 -15 -53 -9 11 2 41 -33 16 59 -35 -11 -52 5 -76 13 17 44 -19
45 53 30 -15 -35 15 -41 83 -28 -29 -35 -27 17 36 -76 26 16 -5 10 -39 53 -5 109 0 40 -38 25 51 51 28 72 -14 88 67 93 -31 -20 67 13 -16 94 -23 28 41 -9 21 121 -10 40 87 11 8 19 30 -19 17 108 46 -32 43 69 -60 -5 55
-17 -93 23 49 8 -19 87 96 40 -18 91 -20 17 46 52 -65 61 82 86 -94 61 -124 22 69 55 82 -19 -27 66 16 -29 59 18 -58 43 -23 67 109 108 9 36 19 110 36 -70 -50 121 -48 -69 47 11 63 61 71 73 74 -44 -25 100 -118 -128 38 5 49
101 110 105 72 74 99 87 95 111 -18 11 -80 104 56 68 107 47 58 70 84 -113 93 104 47 16 8 -124 60 49 57 76 87 23 -101 93 36 -117 -49 5 28 112 121 76 56 -9 -4 36 -125 31 107 9 -93 -4 -92 102 -84 22 99 52 68 -91 89 53 52
-58 30 15 -10 -37 -62 -99 7 -35 -53 -18 -11 -22 -47 91 31 -22 9 0 53 52 -59 -48 -78 -99 -50 30 -77 -20 11 -46 36 -71 11 2 -113 -67 -33 -47 115 -108 -59 -80 98 -43 56 -36 24 -49 16 71 -89 108 19 -27 -87 -102 -52 -8 -25 3 -63 -95 13
38 -47 -1 22 -4 -43 17 70 55 -50 -87 -19 18 -32 -25 28 50 -15 -13 -5 57 93 -26 -84 -13 -43 -67 43 25 78 63 -109 -10 14 47 -56 102 18 10 -52 -8 16 54 1 -61 79 77 -40 49 -69 -43 28 7 -17 16 -59 -62 31 53 12 49 -18 34 5
121 -26 43 -32 -24 22 -19 -5 5 53 4 -27 -26 -51 -14 70 -2 41 1 36 -20 127 -75 -89 -27 2 -26 72 121 87 -103 13 -110 65 48 21 27 -3 77 -64 98 33 54 -38 -59 -11 -87 61 -32 8 -21 -24 -20 -18 68 -91 -9 -36 -112 73 44 9 -1 2
108 43 -56 26 76 -57 49 68 29 -2 16 -14 -35 40 62 -103 80 18 56 14 64 -60 78 36 87 41 105 113 61 15 93 7 51 -95 11 49 -47 46 58 88 75 92 4 12 -14 -84 -86 -6 32 51 34 62 22 -124 -46 -79 -17 12 70 43 51 53 34 -31
55 51 2 79 -102 65 108 37 22 -65 24 40 -25 -8 32 52 -1 -72 -60 -51 79 -48 93 -17 13 -32 -122 -10 -44 -28 -123 1 21 44 -84 -12 -105 -45 26 -3 19 -77 -26 -24 -33 49 8 22 42 40 -11 4 27 85 21 26 14 -19 47 40 -55 109 75 83
-48 30 -39 -7 -6 23 19 10 -20 42 53 21 -60 -14 -70 0 19 -15 42 -60 -1 -128 51 1 45 -29 -95 50 13 -10 -1 -20 31 5 45 -8 25 7 -88 -50 24 -8 -26 35 38 -115 59 -13 31 1 -24 -7 -25 105 86 46 -64 -93 17 -8 -10 -22 -13 -48
78 106 71 84 76 68 -68 40 47 -35 -31 -5 -120 35 -38 -26 31 -34 -86 51 -51 -32 112 100 81 9 84 -5 81 16 -45 70 1 100 -83 85 -30 52 41 -9 87 -108 87 34 6 72 58 109 58 100 -13 19 -27 112 -128 40 23 53 71 46 8 123 -56 40
77 -9 60 122 98 -2 83 -1 54 119 59 -21 54 -97 -82 51 38 -26 120 -1 84 -19 89 25 18 -9 9 73 11 -92 -4 37 -62 78 -12 101 93 -38 64 53 67 -49 -57 -5 43 100 -22 55 95 -11 75 -12 -48 -2 -6 -27 26 33 -3 -17 -53 124 38 -17
33 16 -6 -36 47 -51 4 90 -11 -113 -77 -41 -126 -37 -98 89 7 -70 -14 23 -23 73 -37 -25 -29 -67 -34 28 -45 -18 -104 -43 -73 -41 103 -41 -24 28 17 -32 25 32 -40 2 45 -32 -3 72 -12 27 -43 118 17 -15 -64 3 7 -78 -24 25 -35 -108 22 18
60 -51 -10 100 98 87 -7 89 4 24 31 20 81 -62 -16 -91 72 33 40 37 16 -18 2 27 14 22 12 78 -4 23 40 -19 -41 38 43 69 2 106 37 87 11 15 -90 -32 29 -4 -65 118 -9 44 65 69 -19 44 -3 48 81 64 -35 -108 101 38 -4 -20
-115 46 -18 22 30 -44 -27 3 -40 32 43 8 74 26 24 81 -31 8 44 114 -32 -5 124 0 -31 27 49 -74 -46 13 80 -9 17 120 60 95 9 57 17 46 108 -30 66 66 96 18 -91 74 65 -65 46 28 62 79 87 24 39 -97 -12 28 3 2 25 29
-23 51 -112 -29 -58 -31 1 -1 7 53 -33 14 93 -6 9 34 30 -49 -98 114 35 32 -54 -14 75 -71 -63 17 -28 19 -1 -8 4 13 10 47 43 -37 -35 -40 -56 -97 -63 -59 26 119 -4 -86 1 -54 25 10 109 -94 -120 118 78 25 -50 -42 -44 -77 -50 -59
-30 12 7 118 115 38 1 -51 -63 68 -104 52 35 -9 -24 -57 -13 -40 1 -28 0 -63 15 26 1 -54 56 -34 -67 -33 -28 -68 -39 -10 -31 -81 -98 8 -61 15 -21 -118 -68 -36 30 -105 56 3 -49 -49 -18 -24 -33 -86 11 55 10 45 23 -8 -19 -66 31 -58
55 -56 -86 -119 36 -21 -46 -125 63 -81 3 16 -110 -25 -61 -71 117 80 -83 -57 -5 -21 104 43 41 22 -27 57 -88 -84 102 -51 3 80 -64 45 -37 -69 66 65 21 1 -33 15 -27 34 -58 123 12 6 -74 17 59 -1 48 10 -58 -102 64 19 114 44 -20 79
-23 -6 6 -65 -67 -8 -31 18 30 1 -70 -106 44 14 66 -17 41 -14 8 -37 -71 -51 -68 31 47 16 45 -28 22 -46 -48 -94 -91 -30 -4 -30 -85 5 -106 59 -51 122 -48 12 67 -67 -31 -34 -55 7 49 -5 -42 65 -6 69 18 -26 -102 95 -54 -50 65 -30
-117 79 14 33 -15 -77 -12 43 -16 -8 42 43 20 -35 54 83 63 38 -47 40 -7 -10 75 -33 -43 44 -34 84 102 -27 28 -5 89 16 60 48 32 95 66 -27 34 5 93 -24 27 -51 101 111 44 -11 7 -99 62 47 58 36 99 45 -76 -36 -5 80 9 40
16 23 -20 -3 -21 -44 -4 -61 91 -85 -41 -5 65 -41 63 31 -55 -2 -21 3 36 29 80 42 74 -14 -90 -42 58 -36 -30 66 57 15 -116 52 22 -16 -20 19 -8 -57 121 -47 43 -96 30 36 -2 -41 16 1 -16 -65 -72 54 -23 15 -23 9 -49 -35 51 14
27 -23 112 -17 -36 -42 -6 -98 -53 -37 -57 33 -44 -67 -18 3 -34 34 -24 -80 54 -10 37 -23 -26 -2 102 97 106 -46 -63 0 -31 -77 -33 -44 33 -83 -63 32 -28 -78 -25 -28 -27 -26 4 37 -58 18 -120 -114 86 -86 -100 10 -40 -25 3 41 64 -38 43 31
-35 54 -7 -12 -16 -53 -61 21 -36 18 11 -3 44 -23 -10 -81 -27 98 19 32 25 10 83 -21 104 102 -51 5 39 10 65 75 0 -20 20 -80 -92 30 22 27 54 -67 1 5 -119 -5 83 -42 -25 -29 64 -55 -23 28 54 66 100 83 83 35 -17 -47 -103 -73
-82 -6 60 -119 -78 -79 -27 -67 99 -95 20 -84 50 24 -4 57 -4 33 -27 -74 4 -18 19 -125 -26 -97 -21 -31 21 -52 -24 -24 56 -13 -16 29 31 38 -69 -87 7 0 -56 51 3 -74 -31 -37 -83 9 -92 -6 57 19 -39 35 7 -21 -30 -38 -20 50 24 -36
29 -8 -111 -5 -21 -115 105 113 -48 109 -46 -39 -15 -68 -23 -13 -82 -84 25 -8 26 -37 73 63 -114 -90 -23 39 -89 -25 68 11 40 54 -62 0 -51 -14 14 -23 26 -74 -76 22 -5 89 9 -71 27 5 -26 30 10 -81 -80 36 -49 19 3 -15 30 11 -11 -31
-34 122 -16 -22 -2 8 105 55 52 -97 -48 22 -92 -50 -28 -48 -38 -3 -87 1 -90 -94 -76 -44 -22 -23 -70 67 -4 48 16 -104 -49 -36 17 124 31 14 97 -78 34 -113 -36 -101 -85 24 6 -127 35 -32 13 113 -64 -107 -24 -44 28 -8 -24 -112 -16 -81 -75 -35
-48 -57 120 73 -57 51 54 -23 -86 -92 18 30 -91 -45 -9 42 -2 -4 -98 125 24 -31 26 33 -57 -56 -47 24 -60 -91 103 -2 -54 42 -112 -44 -46 -16 -76 -49 56 -63 -15 8 -46 -44 116 -42 84 -6 -113 -42 -49 96 69 -39 -109 7 -105 15 59 39 -104 -54
33 -116 -96 -13 -4 64 -100 -100 -19 -27 0 24 -3 -64 -80 -48 29 -20 -1 55 -17 -56 -7 -106 95 8 13 -56 31 25 2 6 -91 -45 -51 15 -36 -58 2 -19 -34 -2 -48 28 62 -90 -70 -12 -33 -50 -37 52 -96 93 80 -4 36 -12 41 -54 20 -60 -46 -12
-53 -72 -59 -92 20 -22 -27 -97 -4 -58 -113 -56 68 -8 87 -17 -45 -92 111 -26 -52 -46 -122 -68 93 2 102 -46 2 -88 -80 23 -77 -35 -109 -48 13 45 -82 -83 17 0 -63 -127 122 103 -91 -29 60 -70 -29 4 -66 -33 -102 59 4 67 54 89 -40 61 108 1
-10 -45 -47 -114 -36 -49 -31 -110 -20 -32 101 -29 111 12 -3 105 109 102 -33 -61 -82 54 -11 -10 -39 -33 -7 38 -101 -62 3 49 -26 73 23 -46 -123 -86 -69 -48 -49 -54 -13 -33 -20 -1 -74 11 14 -42 -12 -118 -46 -27 -94 -15 34 112 -74 124 -100 72 -25 -18
-67 -102 86 -75 46 -89 -105 55 -46 4 42 8 10 12 -23 -120 19 -64 -30 -72 -12 -71 -63 -42 -114 7 -54 -68 31 -57 -51 -56 -113 -45 -16 -37 -19 -107 82 -14 -17 34 -71 -46 -103 17 -32 -76 -64 76 -65 -4 -27 1 -44 -25 -64 -67 -31 11 1 -43 -55 -48
-14 26 -17 -17 31 73 -9 -55 -10 -77 -42 75 1 15 -36 -59 -17 -72 11 47 63 43 -65 -32 -39 88 7 -20 -22 -44 23 -15 -29 -120 -85 -121 63 -32 -84 30 -28 97 70 -87 -37 -12 15 -89 -20 118 -118 11 -55 -17 -40 62 6 1 -32 -34 -80 -17 49 -6
53 -2 -7 36 120 -85 32 46 6 53 -86 -48 19 17 12 45 0 10 39 -4 25 92 -23 -81 -25 18 29 51 29 1 -90 68 -2 17 11 32 -15 -76 96 -3 9 -23 61 9 48 64 -40 37 -31 18 27 18 6 81 -28 -37 36 -17 92 -44 18 -59 72 47
50 -33 85 22 83 -22 16 34 17 -64 58 40 18 45 32 -127 21 16 -17 67 51 5 58 64 0 32 47 -22 20 -90 -14 43 104 68 57 -30 84 -40 23 -1 71 42 -114 46 20 46 43 86 -11 -29 21 44 53 60 -7 77 34 -6 75 97 34 29 39 30
-42 -1 -25 -40 -103 -40 29 -28 -97 -65 -22 -28 -87 -35 51 -8 -51 -45 58 -41 2 -114 -69 -76 -127 -50 -11 -59 9 -41 -24 -55 -114 10 40 6 -3 -2 -46 -55 -108 24 -122 33 -122 -77 -79 -61 -101 -11 0 -18 59 53 -31 -79 -120 -50 -17 -114 3 82 -110 -52
-27 -24 -31 -9 -63 45 23 -6 86 -60 57 43 34 -36 25 23 103 -119 -50 52 -2 15 96 -26 -74 86 0 13 -12 -94 38 82 -62 -103 -45 -80 -30 51 74 -5 67 -28 13 77 6 51 -27 -24 32 -26 5 70 -58 0 -72 -8 -1 -1 95 -60 0 9 -18 -102
-112 3 -13 7 -46 2 50 10 32 28 96 -37 9 3 34 15 35 2 23 24 60 0 38 -60 70 -1 -12 -12 -14 -19 48 -55 7 -55 28 -53 -11 -8 -59 -60 -44 -90 -122 -38 -35 -36 -38 -40 -37 -8 48 23 61 -76 -27 89 115 48 -59 -63 35 16 49 31
-7 9 44 45 42 -38 -18 -38 -87 -44 -10 -7 54 11 42 -13 57 -88 -18 37 59 -61 -9 58 66 -76 60 12 81 121 35 -15 9 -23 12 -24 10 20 -44 23 -36 17 -6 26 -36 -18 0 -14 23 -16 57 -26 -53 1 -29 -53 -20 -43 62 61 -65 51 -103 -55
-59 -3 -86 -6 28 -28 -27 14 -29 126 -33 62 21 -44 -26 -6 47 126 -5 -51 -33 -72 71 -57 -101 -52 -67 -19 -11 9 -43 -8 -11 48 -2 -25 -73 6 33 49 10 -50 64 38 -44 -10 -68 -38 -6 -58 -15 -11 -75 -74 -77 4 -70 -47 -40 32 -54 -102 60 -84
6 35 49 -19 -68 -25 -100 -9 -107 3 83 20 49 35 15 66 -15 17 56 -28 -48 -117 -14 -114 -127 -41 37 -54 30 -51 24 -10 -14 10 -4 70 23 -49 -39 69 101 -68 -30 -14 -21 -38 -60 -79 -4 -3 -18 -46 65 -37 31 58 17 26 -39 -32 -52 -45 -47 36
-50 -8 -27 -37 83 -59 -22 -59 -8 1 -67 29 83 -44 -16 -8 -54 70 -76 71 -13 -58 -66 -51 -52 -108 -59 -57 32 -2 -11 2 -33 -6 -48 120 50 -111 11 10 -45 38 -74 -17 -73 -19 -35 25 83 -90 -62 -1 14 -7 -20 -18 9 -60 -13 -8 -17 -50 33 -71
-90 32 56 -84 -51 -38 39 27 -4 28 -72 -83 4 -63 35 -8 -108 1 71 17 -38 0 -38 -79 64 -106 32 -30 -92 -58 -52 14 -40 -64 -12 14 26 -82 -19 -56 -77 -66 82 76 -41 37 -34 22 0 -13 -18 -87 12 23 76 1 79 -91 -25 -21 41 0 81 80
31 -72 36 -53 -83 -21 27 56 43 26 -4 -102 64 -24 -27 -21 -27 54 40 27 6 -76 9 -29 -51 54 -3 2 30 -13 58 -83 20 12 -30 -92 36 9 5 0 -41 107 67 -27 74 -26 71 117 -25 -10 -28 14 -50 37 92 22 44 34 -80 -64 -69 -61 67 -33
42 -68 50 -39 59 59 52 85 52 114 -25 52 7 94 -16 -44 124 -105 21 74 31 117 21 102 68 39 -14 37 98 107 72 -53 0 31 95 -102 43 38 21 -125 68 6 55 2 60 -6 -107 111 55 -54 30 18 -124 39 20 84 -83 -25 72 82 53 100 7 -1
33 -63 107 -6 0 2 -102 24 83 63 42 9 0 -9 55 126 43 28 29 -6 86 -50 58 76 -46 -13 -18 53 -53 46 -11 58 14 27 17 51 -12 -43 17 -15 48 -69 47 -79 10 -61 73 112 12 -43 60 47 75 85 70 -19 -16 -30 39 57 -20 7 27 -102
-15 4 27 84 -50 -42 -122 -19 120 24 -96 -113 38 107 -107 -71 -67 -39 -4 -26 -62 -80 -30 -12 46 8 6 -74 -32 67 -84 23 -13 -98 66 -73 40 -86 -67 -71 16 85 -46 8 73 -41 -27 38 12 18 -105 109 -87 75 -106 -127 -107 -41 97 -55 -35 -68 15 -75
25 -9 76 62 13 8 103 -40 49 5 112 69 62 -29 10 -13 74 -114 22 35 0 -121 90 113 -53 36 63 22 103 36 82 70 32 70 77 60 84 -12 122 53 41 -70 56 -41 16 -42 -2 7 115 -98 4 59 -128 82 114 -29 72 24 30 27 -28 -1 -60 38
91 53 3 31 17 -41 -32 -27 6 -3 49 -3 -62 -13 -14 -4 18 -25 -112 -67 -13 -98 -8 2 114 9 26 125 -45 54 81 87 -24 -14 -13 -42 -37 -3 -11 123 -71 27 63 -15 -2 93 45 8 -79 -38 -103 123 -71 -54 12 -15 18 -51 -45 -58 50 -40 -32 -46
-6 -60 7 65 -83 47 -26 4 0 -46 40 -43 -1 -66 -76 -64 -38 -14 99 -52 -17 -94 -74 -21 25 -58 -16 -6 -26 -18 -91 -73 -78 126 25 -7 -62 84 -109 11 -40 -101 -54 -46 -6 -106 -43 74 13 41 -81 -72 78 116 1 -34 -30 62 64 -16 -119 28 -75 -9
-39 -32 -69 -71 -48 67 -42 -58 -78 -9 -31 -37 -66 28 -71 -24 -13 19 -59 -49 27 17 68 -11 127 34 -53 -17 18 -91 -4 -63 109 -30 -57 -19 -37 -9 45 -33 -23 67 -88 13 1 3 -95 -89 -40 -42 13 63 55 0 37 -103 -17 -13 -41 -14 -48 106 -11 -53
-58 -82 7 -84 -46 -42 -20 79 41 -58 -33 -69 -4 -27 -90 75 21 -32 -115 -15 -60 -81 -18 -36 -59 41 -31 31 78 -46 52 -71 -50 58 52 -12 -19 7 -43 2 -78 -122 -43 -39 -22 -14 -36 -94 -108 115 32 20 19 -97 6 -59 -65 -107 -45 -27 8 -97 -75 -70
57 49 23 -22 -64 24 7 97 28 42 -63 80 -28 19 -13 27 -116 18 -40 127 47 37 61 -58 69 -111 -54 25 47 20 -13 75 40 -39 126 45 3 112 -47 -17 -23 8 68 28 -2 -12 24 34 49 44 -21 -55 97 85 -80 34 106 22 -109 -64 -11 23 25 -4
-56 -9 -70 14 -96 -46 63 -8 62 4 9 37 82 78 -105 -17 68 17 88 113 -18 19 -10 113 48 25 56 -36 -22 -36 -26 22 -40 -24 69 -26 54 66 6 35 -41 5 89 22 32 51 22 10 -13 -26 22 74 -76 -57 -125 53 -62 69 -44 -18 -5 9 -92 31
-54 15 117 -2 -121 -28 -101 -76 -19 44 -75 60 -36 -68 -32 -53 -1 -34 72 6 14 94 -40 -83 27 -61 -22 -35 -51 -59 -74 28 -58 -42 -68 -116 -71 -77 51 4 1 39 -2 38 -25 -3 -5 -29 -19 -51 -37 25 38 48 -73 28 -23 69 -52 57 -47 -73 34 -8
-105 -34 -52 6 23 53 -83 -7 -91 -14 78 -83 29 11 36 8 17 37 40 -35 -74 -27 4 -66 48 -88 -65 -39 49 -68 21 23 -51 4 8 39 -14 44 -113 -18 27 -36 -63 -40 -8 -62 -37 51 -57 84 -41 -36 -30 -16 -46 -5 19 20 19 47 -71 105 3 89
41 37 49 46 37 7 24 95 55 14 120 -3 45 52 33 -57 97 -68 44 -126 46 103 -29 47 77 -43 37 -72 24 91 1 54 29 89 74 20 89 103 9 42 80 70 85 -26 -126 80 -126 110 -46 79 -115 -4 66 37 -5 -95 29 102 100 69 25 51 6 6
26 -17 14 -18 -63 -8 -3 7 -10 33 74 92 51 75 19 15 48 9 47 20 -69 -13 6 -41 -24 8 -60 -123 62 28 -13 56 29 -25 -15 -11 -64 -32 53 -51 -3 66 0 -88 -29 27 93 -29 66 -36 -23 11 34 -51 6 -93 69 -52 -32 37 -23 -34 113 35
59 -24 -125 34 23 32 -61 -41 -50 -32 20 20 21 -4 10 -91 -37 -33 -14 -69 4 -71 29 44 -20 22 34 -18 -44 -62 -20 -13 -6 -26 -110 -23 -13 20 -27 -59 -19 -52 -33 119 -107 -10 92 -26 -92 120 -2 31 41 -17 32 -33 -5 37 -80 -124 -84 -4 -46 -47
42 107 -45 25 84 -68 -25 -60 -17 2 22 -18 -43 -60 -46 94 -36 -22 52 101 34 6 41 -42 -88 -23 20 -30 17 16 30 -7 0 -4 99 29 -9 7 94 -30 -32 -70 -5 45 14 -38 -5 40 -69 26 116 -62 -69 -22 71 -1 -36 45 -51 -57 -67 16 57 46
-99 110 19 36 31 1 -44 -6 -58 53 -62 -51 -28 69 -102 -36 -32 -63 -65 60 -104 -1 34 -42 -39 -61 6 29 -2 -51 53 100 -4 8 0 13 37 51 67 2 -27 43 -17 64 13 73 -85 -41 8 -124 -60 18 -9 42 -118 12 -10 -98 7 -38 -49 -76 -19 38
-44 -41 62 85 36 -126 14 36 -13 120 14 4 9 6 124 -24 104 6 -51 49 -23 105 9 27 53 -34 63 -24 105 36 78 -3 -1 83 61 -18 20 8 -30 -68 -16 6 57 54 61 84 25 -72 6 -42 -20 15 61 -14 75 26 29 117 -48 22 95 67 -7 -46
23 -90 58 8 6 -6 34 -23 -23 -20 50 -30 -33 4 51 -31 -111 55 -20 27 -20 -59 -23 -81 57 -52 82 -8 39 16 20 33 -36 11 121 -60 118 12 -29 1 -22 44 -34 -125 14 -9 -103 41 41 54 34 88 117 -32 20 -26 -66 22 93 19 1 59 -51 -98
28 106 52 -123 94 -112 71 97 35 8 -21 88 -51 -21 32 -15 -99 -27 43 85 -1 -23 32 -62 2 -79 -7 -69 -22 117 25 36 -31 26 -1 -119 -59 44 -2 -34 46 53 -73 -94 14 -5 -20 56 -68 -80 -4 -3 -16 6 82 12 -93 -22 -60 37 88 -6 -64 -46
-29 94 20 -20 -31 -59 -23 -54 -78 -70 -23 49 66 -47 49 -72 -10 8 -24 55 -10 -28 -56 -29 73 -37 13 24 -32 -15 -92 -13 -53 -49 -81 -27 -91 -25 44 36 57 77 16 -32 110 51 -3 87 6 -31 67 -48 -103 -5 -95 38 -4 29 -82 -84 -65 -7 -69 96
-127 108 -30 41 -117 44 -68 77 98 72 23 27 -97 61 53 59 -21 -84 -34 8 75 63 117 28 -42 -74 62 8 44 28 9 83 106 40 28 91 124 19 72 11 107 78 116 49 -111 108 40 87 -120 -106 -22 89 -123 93 115 109 119 30 88 84 97 74 91 53
-10 43 59 12 95 42 36 91 88 41 73 -46 95 11 12 100 87 77 2 72 26 69 -32 -100 26 111 6 100 106 -55 -117 68 2 -96 1 90 60 103 5 -59 86 -53 -116 53 29 26 62 -76 -22 12 1 79 -17 2 32 31 37 86 -31 -7 -7 81 -99 25
11 39 -22 -94 -47 -77 -28 -18 -41 -15 -97 48 -86 -15 -113 -85 -5 -3 6 -46 15 -21 -63 29 -50 13 -27 -4 60 -34 -64 -1 -70 39 -61 -116 -15 -26 -25 -61 -52 -122 37 -33 92 -3 90 -11 -74 -9 5 -21 -14 -65 -79 -78 -19 -2 11 -42 -69 -15 -79 37
-44 35 -45 -17 -38 45 -15 22 -28 -22 -24 0 -81 -47 6 -16 11 -119 -11 -126 -92 -82 -56 -77 23 -89 -9 -14 -121 -2 -86 -6 14 67 5 -101 -43 -18 11 105 -71 37 31 -45 -68 101 -117 -10 -41 -79 -66 -29 -57 -107 -16 32 -29 -52 -56 28 69 -79 -43 44
42 29 43 93 60 0 -2 -111 10 91 -13 -45 -17 -19 -14 56 -5 42 93 25 -37 -60 64 -108 8 11 -10 -14 65 56 1 58 -5 57 27 -35 26 55 44 61 68 18 -121 -41 1 42 -124 83 -10 97 -35 -28 93 15 9 45 -85 -126 5 65 40 -1 60 108
1 -88 -44 9 -40 69 86 -68 -65 -112 -14 -61 -32 -34 -105 -45 37 -38 -8 -15 -11 -113 18 78 36 -7 -13 55 -34 -52 17 -20 -38 -91 -13 -115 -32 19 -72 -43 -29 -47 -34 13 96 90 -78 -105 -49 72 -28 -6 -20 -44 3 113 -52 -64 -64 22 -117 -6 -61 -28
-12 -16 -27 11 -48 -34 -46 -28 -26 -17 -44 -70 -75 -104 -32 -21 -13 -62 -15 -37 -121 -83 -53 21 -30 -108 -37 23 -92 -100 -77 -68 -59 -40 37 32 -35 -6 0 36 -91 -84 124 -46 -80 14 30 35 -9 3 -36 92 -7 -13 -10 -69 116 11 -3 -47 99 -69 -30 -39
29 109 22 92 75 95 98 -38 43 115 115 88 64 27 124 87 -124 61 53 -107 98 80 113 1 120 59 26 63 17 -93 76 49 75 -48 65 76 43 70 26 64 73 68 -6 11 56 99 70 39 -123 60 26 44 11 97 69 -11 72 -1 117 32 33 104 118 -6
103 -70 41 41 -101 68 66 -6 -77 -18 -21 -77 19 -30 14 -10 -84 20 -34 110 34 -15 53 -4 -15 27 39 -16 5 60 61 -36 80 -46 89 9 -22 -44 -9 -5 55 -29 24 61 14 32 -3 -86 35 -23 -64 -48 50 23 -17 101 76 -21 -17 -18 -124 -15 -49 -45
-65 -109 34 -67 115 -40 7 -50 -16 -59 0 3 -111 -22 38 -125 -6 64 -38 -125 114 45 48 24 49 10 -30 64 108 50 70 -52 101 41 -20 -105 -103 -4 47 52 50 -34 25 53 -13 40 80 12 120 -39 38 -30 -17 12 -47 31 1 -17 -8 30 65 117 -49 58
-7 22 -67 -62 -14 -66 -44 -40 59 -2 -49 25 -94 -8 -17 -31 -20 -119 79 -89 -13 -7 -20 -63 -11 -23 -10 -53 -78 47 -19 -26 -23 -70 -91 -49 123 -67 -122 -6 -58 -43 -97 46 -10 45 -35 -39 -33 -29 25 -22 -30 -33 20 0 -22 -1 -8 20 -125 -71 76 90
-118 13 -3 -54 122 88 -34 -44 -56 -32 -81 -32 -40 94 29 -36 -33 -16 109 81 7 -33 81 16 -21 95 19 -30 -27 48 64 -14 17 45 -68 23 -35 43 19 1 -15 43 -17 -75 5 34 47 71 18 -88 44 -2 -95 59 -18 28 -39 -29 83 -2 -76 -38 -24 5
-61 100 -46 -21 91 -128 -19 -21 -60 -91 -78 -23 -23 66 7 36 -35 17 -33 -68 -90 -98 -47 12 18 -72 -18 60 -54 -10 15 -4 -53 71 -28 34 -83 -55 -20 13 7 8 -50 -65 -105 6 123 52 -26 35 14 -120 -6 -57 -52 -65 -39 -8 6 -27 -24 -110 96 4
61 -74 4 -73 -36 5 55 8 21 -94 12 -32 48 -38 -96 10 -75 0 54 -11 -42 -18 78 -93 -63 44 -83 75 -76 -48 -38 -35 -53 2 40 113 127 -8 39 69 44 -34 -14 77 85 106 -32 -31 41 -31 73 112 55 -1 10 -49 -47 95 -17 8 -42 18 -26 -55
-52 -65 -84 -5 -34 -58 116 -79 -19 -11 -5 41 -1 -35 -10 -30 -34 23 -58 -92 -4 17 69 -24 -30 19 -16 -90 -73 -14 25 26 -74 -106 -58 -47 109 52 89 -40 -64 51 13 -115 -30 124 -38 -41 -50 -85 36 -6 -63 -34 109 -112 93 6 -82 -43 -59 16 -32 -44
58 79 16 52 34 -108 -46 -42 -14 -58 -14 -79 -47 13 -42 30 -10 49 57 28 27 17 -55 53 50 21 -30 56 40 46 -62 111 70 -80 -11 69 -42 12 59 6 19 -43 -63 -51 -8 97 -29 9 -53 20 27 65 2 -21 -29 -39 -35 1 3 71 48 6 21 85
-62 32 43 16 117 -50 -15 42 -40 -63 37 3 -39 61 73 98 -7 16 14 16 101 77 53 -11 -23 38 56 -13 44 -21 59 109 49 12 -63 -24 57 -42 70 64 9 4 -78 20 -11 40 120 -1 -25 -19 76 92 61 76 33 -117 52 13 1 32 -19 91 -3 9
56 -57 -48 16 7 -35 69 -9 64 32 -60 -16 20 -18 -39 54 67 79 55 -100 54 68 34 -98 -44 -18 123 59 -10 -44 79 -116 -27 -41 -27 65 -4 -18 -45 98 45 -47 68 39 -27 -64 -22 -57 -98 36 20 114 0 98 73 -14 15 26 11 -37 28 -79 113 58
-94 5 -41 -93 -43 -77 -19 -97 121 -64 -90 101 -78 -45 -109 -48 -8 -93 -124 -11 38 -119 110 -71 51 -90 29 -12 22 6 -43 -77 -26 -93 82 -109 45 103 -35 -124 -14 -60 -118 -12 -49 -51 -108 11 -31 -21 42 -46 -68 6 -65 -79 57 -28 -102 -33 -72 -88 -30 -10
-96 -103 -39 34 26 6 -51 90 -60 45 55 45 11 -69 -43 10 121 34 -39 -15 -96 95 -11 110 58 -16 10 -28 63 -15 -118 94 53 0 41 58 -1 -2 -55 100 19 -1 116 -38 78 26 65 0 0 55 43 45 50 76 68 -38 101 -113 55 77 85 31 25 125
-93 -10 98 -1 -84 -97 -37 -75 -87 120 18 -34 127 -8 97 -18 -35 2 -52 -30 26 -125 -11 -46 76 29 18 -103 115 118 -31 -8 -41 -16 66 18 -108 51 -53 30 -41 -14 -89 -7 -84 -114 -21 52 -59 -31 -6 -31 -112 -47 -51 -9 -39 -79 9 6 95 -17 -53 -62
8 28 -13 25 40 35 -115 -70 -73 29 -10 -39 2 -103 -31 -7 55 2 -54 93 3 73 91 -33 -17 38 27 -83 99 0 101 32 -14 16 -12 21 118 -27 1 26 92 -75 49 58 -86 96 -60 -14 7 36 -61 -90 77 -4 -75 -34 67 -1 92 104 112 59 15 14
7 -57 105 104 58 -41 -33 114 45 114 61 -29 42 67 94 -29 41 -27 69 -128 30 62 60 -16 100 30 -17 -19 59 13 29 83 34 -106 38 36 113 12 -75 -3 -1 51 -13 -21 83 55 35 43 -1 122 -54 -2 69 27 -59 10 52 85 65 -43 8 27 61 57
-24 -53 57 126 -35 47 42 -94 96 -49 -6 17 -38 19 -44 -111 -37 -49 -53 80 13 -38 -2 20 -70 43 6 -43 -80 -27 26 67 33 -43 -67 107 -92 -69 27 -100 66 -51 22 7 8 -17 -3 -112 -55 -109 -34 -22 72 28 24 36 -64 16 -36 105 26 -62 -74 108
81 76 0 125 34 -29 -127 -22 -6 34 -55 23 95 118 20 31 -3 -44 5 38 46 14 32 95 3 -20 47 -104 88 -125 84 49 124 -2 3 4 47 1 3 126 26 77 86 -105 -94 82 57 115 -13 38 -29 32 17 36 100 63 56 112 -17 -113 22 38 -115 120
22 -16 38 61 -44 69 4 91 17 22 18 43 33 78 -48 -49 63 72 26 54 105 33 -13 10 85 1 50 49 -3 73 33 -20 0 102 47 13 28 85 -9 16 105 60 66 51 87 92 -119 87 -53 -5 -24 37 -6 -22 126 -84 -29 53 14 -12 -47 45 30 67
-63 11 94 -17 -54 4 22 -36 18 -27 72 -51 38 12 -31 -43 -62 -120 -70 -13 -99 13 -34 -52 -46 -119 31 -18 -27 69 41 30 -128 -44 -62 -17 -29 -8 -55 -92 30 -72 84 -18 -11 0 -56 -39 -34 125 -38 -47 48 6 -35 90 -46 -25 14 12 29 14 -36 -100
75 -72 -44 14 -13 32 -38 43 11 9 43 -41 -44 -4 -104 -1 -4 -33 -16 -127 -2 -31 23 -53 11 41 -120 91 29 -40 -64 26 -20 -53 -51 -70 -35 -47 67 -75 36 -46 6 31 -87 26 -20 0 1 -55 -31 62 -63 54 -105 -6 -37 33 -10 -125 -63 16 -96 36
-31 -101 -18 -49 -108 -95 74 109 -80 -74 23 -86 -60 -36 113 124 -88 -19 -128 -47 -83 19 -72 -76 -101 -85 43 -75 -109 58 -98 11 -69 48 -7 45 -61 -59 -5 2 -49 -102 -74 -114 121 -8 118 -53 21 -54 124 25 -104 -15 -23 58 99 -91 -73 -41 -26 1 -33 -70
-27 -84 10 -21 -55 -43 -15 -1 -52 -91 71 18 -1 -51 -73 76 -66 92 -10 18 3 12 -78 -11 24 -103 -75 -120 -108 -3 -102 -21 16 84 -25 -88 -92 -105 -28 -76 -94 -6 28 -123 -11 -17 -18 -39 -12 36 -22 -72 114 -74 -64 -21 -45 -64 -15 22 11 -113 -127 -74
-19 -57 -111 25 -113 -2 -124 63 -47 37 -91 -61 -25 89 -20 -87 14 30 3 -42 -76 17 -53 117 -112 6 -27 -1 -79 -67 -37 35 -106 -43 -72 -63 -18 -42 28 -25 -45 -28 -37 -60 -59 40 -21 -73 -46 34 -10 108 -100 -11 40 -24 -59 -9 28 -7 -120 -68 -80 -112
-5 -23 -90 -23 -28 52 -37 -112 -9 -29 16 73 12 15 -68 -119 -42 -62 41 -123 -7 -32 -41 -46 -79 -82 -87 -31 52 -22 65 52 23 -39 42 -87 -36 -42 28 -81 -71 -57 -62 -39 -15 -63 11 -73 -109 -25 -6 -100 69 -47 29 -99 -45 -105 45 -50 -83 -88 3 -114
-26 18 -16 41 -16 -9 86 25 -5 58 42 -5 3 75 118 -48 55 69 116 -15 37 22 29 81 86 29 -63 19 22 54 -13 80 -12 6 4 52 27 -70 -30 88 64 -86 127 4 3 -31 36 34 44 -72 -22 104 -11 47 4 -74 58 -10 40 63 3 93 20 13
-4 -116 59 73 12 -76 83 91 -65 51 108 -3 11 56 16 52 -25 89 67 -32 -5 -2 1 6 33 13 -26 118 116 -24 45 102 9 18 100 -9 88 29 34 39 76 -41 73 -38 -5 50 125 -17 127 48 47 -97 -16 -62 -1 7 48 -7 -120 -106 99 81 5 42
-80 -68 -32 -24 -120 -85 51 -20 -69 -14 -77 -24 -89 41 81 -107 -49 13 44 44 21 -48 16 -26 1 6 15 -51 24 28 -41 -61 -87 -73 -51 -59 18 -98 -44 -73 -10 -66 -24 -21 61 106 -2 44 -17 -12 -116 5 -68 -98 6 -26 -101 -116 -62 51 -52 36 43 -74
-94 -13 -41 -14 49 -30 73 39 45 85 53 -19 41 97 -94 -2 6 49 -16 103 1 38 35 19 -31 -78 72 -40 82 110 -51 53 88 -7 83 -59 60 93 23 -14 31 51 15 123 29 -44 -44 -29 -9 6 38 82 60 -91 30 65 60 67 -31 26 38 40 81 30
64 -12 21 62 -33 1 -37 -69 118 -68 66 -94 34 -47 -89 11 71 -108 -56 -26 -56 -16 107 -126 -103 43 -4 -3 -11 -83 41 -61 17 7 -36 41 3 -89 8 20 -51 -76 -26 35 -46 -13 39 -96 45 -20 -15 -6 -28 -29 34 -63 -101 -65 -18 -64 -2 18 -74 56
-9 51 -105 89 -81 -52 93 116 79 -80 6 94 115 39 -72 9 42 21 3 86 -112 4 -42 37 82 69 -83 -5 -97 48 -9 10 95 76 49 -17 -43 -122 70 -10 40 -22 22 -26 94 82 63 84 70 27 66 67 -111 80 64 58 50 -41 -118 -8 81 35 -1 114
-68 93 48 37 -120 -14 -4 40 -20 118 -1 -77 10 -39 -30 63 59 -18 18 6 -52 -54 -109 -53 5 47 -53 78 7 -5 6 32 -64 71 3 -8 -36 -19 -25 -8 -9 -41 61 -33 -44 -3 -28 -12 -128 -72 27 58 -20 -64 35 -29 -34 48 16 40 -44 -46 64 -69
72 17 -65 84 -32 -42 -62 17 -29 -73 -38 91 -107 -56 -19 -92 -4 28 -22 -1 -6 -89 -44 -84 79 69 -25 71 19 -38 -57 50 -17 -2 -119 125 122 28 -51 -77 -44 -27 13 -51 -82 -58 -124 -34 21 -47 -10 -50 -44 -73 -11 10 -109 -26 -48 -9 51 -54 15 -12
-52 22 -16 -66 -27 4 -64 16 -15 6 -81 46 18 -99 -47 -12 -54 72 -23 6 -32 -37 -18 110 -3 -60 -31 -9 2 26 94 -61 -10 3 0 2 48 19 -33 101 41 32 1 -8 -68 -94 83 -19 -73 -62 58 -21 -3 17 -16 -39 -31 11 33 -93 -34 24 40 50
-95 -44 20 -82 -52 51 -20 18 29 9 -76 82 -3 24 -90 63 43 66 -10 2 51 -55 48 23 29 11 33 -27 -25 -71 -69 -50 13 10 -42 100 -65 -12 -20 -42 -78 -35 -124 -97 -81 -17 17 56 61 -1 -73 55 -22 -48 74 -21 66 -75 14 -22 46 41 -8 43
10 -121 6 40 2 -30 44 -57 95 116 7 22 -14 99 66 -89 16 104 121 -39 -35 20 -110 24 45 57 -25 22 -108 79 31 98 81 -57 -48 81 13 -3 99 37 48 33 34 -98 62 -13 75 33 48 119 116 109 110 81 81 34 -2 10 44 19 66 21 -36 87
-89 -5 -56 -112 -37 -95 72 28 -72 19 10 -98 118 -71 -53 -4 90 -8 -21 -6 -33 -23 24 48 -117 29 -92 61 -40 -92 -43 -114 19 -38 6 -68 -54 21 -79 -27 116 -74 21 77 -16 19 -20 -75 -58 -16 36 1 -48 12 -3 -118 92 -49 0 -34 36 -7 118 -43
11 80 -8 -126 -127 31 -90 46 87 91 -120 34 -1 -30 74 32 -65 -29 -29 43 24 96 -42 -45 30 30 36 16 18 -70 -52 65 63 41 -2 53 37 -60 30 -22 -4 -36 -99 103 88 -103 -105 25 45 -36 12 -18 -68 27 34 97 19 -44 -44 -46 26 124 64 35
18 -17 -62 24 6 -45 -51 -2 -7 44 -68 10 66 82 85 80 -31 25 61 -9 -31 51 -23 3 12 -2 -24 6 -83 -4 33 47 -72 -41 -82 -72 25 32 113 19 69 71 106 -94 -53 29 -27 -2 -35 24 19 9 18 0 -25 24 -55 97 95 67 -38 52 62 13
93 -16 16 -44 23 78 4 -46 37 21 -58 -54 -45 29 57 17 43 -8 52 54 25 16 17 18 29 71 50 52 -21 114 17 11 -5 -60 112 -1 66 16 -52 16 16 87 3 123 -15 107 33 19 62 39 0 -17 15 58 30 66 -42 3 -118 2 40 -22 110 15
-1 2 -53 -99 -16 82 66 56 27 -46 -81 20 -31 18 -31 -28 8 11 -48 58 3 50 33 55 -101 58 83 -29 50 89 18 17 66 28 -68 -27 -112 -26 -8 -22 -13 41 -16 -4 -87 0 17 -38 -3 22 26 -35 116 -63 -16 51 18 39 19 -18 66 -88 -19 33
-71 -57 6 -68 2 -14 0 43 -34 -29 22 -27 -41 126 -86 -52 77 -32 6 -22 17 -5 -64 -57 42 63 18 -15 -4 -40 -27 -2 45 35 -77 -93 -31 -66 23 18 23 -31 23 -42 84 -5 62 -96 65 39 -31 12 -44 9 25 5 -99 73 -2 -92 -122 -49 -70 -65
-86 35 -60 46 -90 13 86 -4 -60 -24 -107 107 -62 89 54 -1 24 -21 61 45 -98 23 -52 -46 -42 -85 -87 -119 -20 -10 -18 -70 12 24 65 -109 -61 -84 -35 -80 -24 -67 36 -1 6 -118 61 -110 15 -30 -100 -59 12 22 -67 -61 -15 5 58 59 -43 -32 -9 -7
-50 45 22 -33 -45 -27 -65 -50 11 -10 95 -53 66 -76 -42 -106 -47 -25 18 60 -21 -95 16 39 50 87 55 11 -114 -14 0 -112 -14 79 -25 28 -13 -39 32 72 32 -83 -80 -52 91 -74 -26 63 71 90 -26 1 63 -23 7 5 -29 8 -80 71 53 -49 -113 -7
-103 56 -42 28 62 109 -44 117 -75 20 -118 -28 4 -8 11 -17 0 28 -12 -79 28 100 14 -52 34 -4 -2 -17 -62 21 21 112 -33 16 101 12 -50 49 -84 -61 -82 26 -34 18 -122 -40 -34 102 60 58 -61 -41 15 -25 -38 34 -99 66 25 11 -105 -90 8 -7
42 -117 1 92 1 -17 -29 41 -16 -32 92 -28 63 -90 30 110 88 5 30 110 120 79 42 54 -34 53 19 37 -65 69 91 120 44 -87 -34 23 29 20 74 1 29 -20 -21 19 -56 -14 -3 50 -2 -84 40 125 9 96 -34 10 113 63 34 53 63 -11 47 57
65 -33 14 49 5 3 18 36 60 -36 -6 -73 36 7 -128 -91 85 -46 -49 -4 -70 39 58 -1 14 10 3 24 -93 82 -23 7 -47 -75 -98 90 116 0 -14 -61 -7 68 -5 -37 -7 4 91 50 -120 11 89 -31 -32 54 -9 -29 43 -97 117 72 14 -3 81 -86
87 -24 38 -125 41 37 44 -53 47 119 75 -85 -16 -38 -15 6 -9 46 -34 12 78 53 -85 -9 30 -1 32 4 -59 -98 53 56 -36 58 99 -112 97 37 7 53 23 -23 -102 -20 18 17 -8 3 54 15 48 -21 7 -37 46 102 -55 10 49 -15 87 106 29 -108
-21 43 -100 59 -15 -50 -41 70 -60 -58 -45 51 -18 -14 -40 19 23 28 60 -5 126 39 -37 61 -20 -27 -1 47 -89 -40 -61 -95 83 76 44 -60 44 48 -26 10 -67 120 44 -90 -96 -97 -84 -15 -100 -53 44 68 -13 104 67 30 -55 -25 -15 -2 28 -2 9 42
-86 -29 -43 3 -23 -5 44 29 18 -69 9 57 -83 2 11 28 43 71 41 21 25 -3 19 -58 -47 7 -92 15 13 15 28 -5 1 21 118 3 -105 17 70 9 44 106 -2 -35 62 -32 15 81 -56 125 -75 -9 26 -48 -6 -6 9 -42 18 -67 59 -54 118 -75
19 -16 15 -66 -8 60 -55 5 19 -48 33 59 -11 -6 39 -12 71 -18 25 31 -112 3 -18 39 9 -65 98 39 -46 -27 85 1 -32 -7 27 39 -73 -16 -11 -18 39 66 -113 6 -22 91 -32 -17 -48 52 57 112 82 58 47 -33 44 -27 -24 -62 32 -54 -4 -10
-41 46 -53 -80 -45 -3 -8 -80 -7 14 -43 -3 28 -95 -68 110 -19 51 81 -48 -62 -33 -112 -20 124 -50 89 -105 -61 -10 -122 -112 -97 -106 -63 -104 -42 -16 -44 58 -43 -62 126 -65 11 31 12 53 -78 -74 -67 93 -116 7 -3 92 -95 -53 5 -40 37 -95 -116 -33
33 51 123 47 60 -4 -60 119 53 5 -109 -46 -80 78 64 112 2 22 41 52 -43 72 52 8 114 118 121 41 -120 56 127 -41 48 113 85 108 18 93 96 -118 113 8 26 -51 34 116 -10 90 -37 66 -47 35 101 102 100 39 -12 87 -115 66 -29 49 -12 -122
-123 -35 -29 65 64 -2 -73 -69 4 -10 -38 40 -104 100 -6 -45 -8 97 -79 -19 -7 28 31 -12 32 2 -54 9 -66 -72 -101 63 5 20 -4 -54 -57 -22 -13 57 10 4 -1 -53 100 -45 -7 -88 -17 41 7 -46 -82 121 -43 -34 -10 21 -1 36 -35 -29 -46 -65
23 -89 96 -74 -32 -26 20 -65 -41 88 103 62 -34 -31 20 -58 -81 42 67 0 79 64 37 -32 -58 -82 14 7 68 52 -29 -3 65 -3 -31 14 55 -10 -52 -6 12 -68 29 -119 86 76 -99 37 -29 49 118 -29 11 -52 54 -8 -31 39 79 36 46 122 51 -99
-15 -91 -78 -41 -42 -39 -29 1 15 -39 23 -96 -51 -115 -71 -127 -78 64 -7 -121 -93 -41 87 -39 -12 33 24 -63 35 -88 -83 74 -13 11 -33 66 42 32 11 -4 31 -88 -15 5 -80 -91 -68 94 -24 -45 -86 -82 -8 -40 38 -57 47 -10 -19 -4 29 15 -112 112
91 45 -11 120 4 52 61 26 76 -23 57 6 41 27 -20 72 -78 58 -79 -20 -104 26 83 -36 97 30 85 67 90 -111 82 -40 80 122 122 2 12 -5 20 68 118 28 50 -36 12 -35 73 75 -5 42 95 46 79 10 35 104 42 60 45 -42 -3 3 25 4
9 -63 66 -84 -12 68 -119 -3 -101 22 -82 30 63 -22 34 -30 -4 48 -58 80 -95 24 55 -2 69 -19 20 -8 4 -22 80 115 -45 80 91 -34 26 -28 -43 -99 28 55 101 29 81 15 27 58 -14 65 69 1 1 -24 -8 31 -14 10 -23 -1 -50 66 96 -54
-58 -6 6 76 -23 -25 -28 -7 34 70 -100 72 -38 34 -23 -26 9 -28 108 -11 -53 -56 25 -62 81 -66 -12 82 92 37 -14 64 -8 -51 -54 34 -49 68 5 9 52 -14 48 -3 41 10 24 124 -102 44 -17 -40 82 13 70 35 -14 -8 -30 -3 -19 32 63 64
-62 -59 42 15 -22 119 -19 -49 32 -114 22 -15 26 73 41 17 -49 33 -1 -86 52 113 -7 -48 -87 -18 91 -94 50 73 38 -11 -2 52 -35 -1 18 30 16 50 -11 23 -49 11 -49 -106 -87 -30 -26 -30 -16 -63 -15 -30 -43 -13 12 -112 5 26 -27 32 -40 23
-68 23 -99 -32 33 17 8 -17 -58 -11 113 -12 -113 62 -109 -29 -28 14 -58 -42 36 -66 85 55 35 20 -45 8 -6 70 36 17 2 -76 -35 74 19 39 -46 -27 -49 46 32 33 55 83 17 89 85 110 59 -74 -54 88 44 -59 -42 -52 -6 65 -67 -72 11 -27
5 15 -45 98 57 -73 -7 -50 125 -64 -58 -72 -90 -13 -45 62 66 -28 118 14 -16 -90 -115 3 -99 2 -74 24 -69 21 2 -71 -52 -18 -53 18 -18 26 59 68 -57 -71 46 58 36 -42 -102 115 -28 -17 -57 -34 -49 39 -116 -12 -36 -81 34 22 37 -36 -53 6
-43 15 -24 14 36 2 -32 -53 -12 -5 57 -51 22 42 -61 84 92 43 25 2 -24 29 10 32 -14 -66 10 -16 -22 94 -38 30 -70 119 -78 34 31 -16 4 -122 43 -10 -47 24 38 -85 12 115 -55 18 -21 -27 50 34 -5 5 73 49 -59 -1 25 -99 14 -101
-88 -37 31 73 -108 -9 13 -18 92 49 45 -96 -10 -9 -107 50 34 71 18 12 -27 -70 78 43 -40 -4 -124 69 39 85 22 51 -84 -118 3 32 -19 5 74 41 -5 42 111 0 -2 -36 -80 10 93 -48 -53 -78 49 -23 -4 -28 21 17 64 73 12 22 -22 127
-40 -25 22 47 14 4 12 37 -56 17 -53 -64 -18 -27 -80 -1 24 -78 -32 11 5 115 -9 19 -73 -84 -20 -42 -13 12 94 -44 -49 25 -3 -80 -15 -22 14 19 49 51 -39 -41 31 -96 80 94 -5 16 18 70 -14 75 46 -46 -118 -90 29 -6 -73 -33 -57 -59
58 106 -33 -23 113 -3 79 -18 -128 25 36 24 113 -13 37 72 -59 27 55 32 35 -96 -81 -38 -22 77 42 43 46 -96 32 -20 -67 -30 -100 16 13 20 60 -54 27 -29 0 14 92 20 -68 28 -55 -30 -59 65 49 45 112 108 -50 27 61 28 19 17 53 -26
-47 -60 8 -31 -40 108 -43 -25 44 -94 20 -59 64 -119 11 -49 -55 -82 93 21 -76 -4 28 -9 84 6 7 -10 19 21 2 -87 -91 62 68 17 1 95 0 -41 47 -72 -53 -50 77 -13 -10 5 -62 -43 -5 3 51 57 49 8 -90 -92 13 -31 -17 -45 -75 97
2 87 -6 49 85 106 33 -37 -55 39 37 14 32 -7 46 91 -107 16 92 28 1 36 -64 98 -42 67 51 43 68 19 43 -7 -71 -118 53 60 -43 27 106 55 -113 27 41 -18 36 71 41 101 -18 17 -35 2 53 94 2 58 32 -70 53 -44 -71 94 -36 -6
74 -97 9 105 54 101 55 41 -37 -29 124 55 -42 1 57 96 22 45 -37 -125 -14 42 99 -34 -56 104 -7 105 88 -17 -42 7 -66 -45 37 66 96 7 -22 46 21 12 7 54 -13 105 102 -69 9 7 -114 -30 78 34 -66 -27 -1 118 -31 18 -17 45 53 19
80 -38 33 61 44 -41 -40 -20 -53 40 -4 72 127 54 21 81 -3 28 84 1 4 84 61 -115 15 -48 -10 75 47 45 62 44 34 -34 -12 -99 68 -8 -15 118 -73 -11 73 -22 32 83 -75 78 29 -10 20 -15 3 -48 29 51 41 61 28 -28 101 61 42 58
45 -31 58 87 21 -25 -79 -11 65 11 57 -28 -15 89 -12 -6 -74 67 35 5 -36 39 50 51 18 -69 -78 60 89 115 -8 13 -46 73 72 78 12 -21 63 25 -23 -2 20 -27 106 107 12 -19 116 -53 -76 44 -31 37 48 -34 -100 -34 -79 109 -90 -50 16 29
-5 -54 -20 19 0 12 115 43 79 82 5 60 67 20 44 60 -9 -9 57 47 -97 17 76 59 -55 -100 82 28 -62 17 -68 17 -4 -98 30 -12 83 44 25 35 100 83 -122 -12 77 41 27 -4 16 17 -83 -2 61 117 22 86 36 54 11 51 -26 25 62 92
39 -32 60 43 -22 -18 -87 -10 37 63 13 -30 -38 -53 -82 110 -2 14 60 5 -90 28 -4 -3 -87 76 -46 -39 17 21 3 9 -30 30 -32 24 66 19 -87 75 -13 57 -51 -16 46 76 -70 12 -54 46 -52 -73 -45 -39 58 -2 73 105 1 85 23 -49 30 -62
-126 44 -109 5 100 67 18 28 25 5 17 -6 76 55 64 109 -38 -20 49 -118 -13 5 48 59 29 52 58 76 29 -2 33 65 112 46 -121 24 -39 112 29 75 99 72 94 38 53 44 113 -123 -55 -120 106 -10 50 -113 87 102 87 127 11 -119 31 87 12 -48
-7 78 82 -9 113 -9 21 75 23 51 105 -31 -27 73 -8 17 90 48 63 -113 5 -47 24 57 -36 91 17 98 -8 24 57 -55 -76 52 2 -46 20 -46 50 31 -82 27 12 21 -97 76 38 43 40 3 14 82 122 6 2 80 125 127 67 30 72 110 64 14
-13 -1 -27 66 45 -1 22 15 -106 -74 56 -22 -25 -44 -50 -23 -43 -57 -27 -2 1 -8 -79 74 2 -70 -29 -58 27 -9 -67 -23 40 39 20 -59 -84 -1 -94 20 68 1 -33 21 -76 27 23 56 37 -35 65 7 44 29 124 -22 -43 -23 31 20 -32 1 61 -105
-63 -11 -13 -92 -10 87 -39 42 -42 5 68 -40 -88 -36 -34 31 -67 70 -51 34 -38 -58 -57 38 -105 54 93 13 7 25 35 18 -55 -68 -18 -21 -2 50 -51 72 -49 -52 -83 -89 -2 -4 -88 -24 68 4 10 -76 -25 -61 -30 58 25 61 73 76 -83 57 2 -32
92 31 -7 28 2 -1 -75 34 31 -70 19 -47 -8 103 -9 44 103 7 -62 -41 53 -46 38 1 21 -61 -124 41 25 28 84 26 -53 42 1 -88 39 78 54 37 -98 51 -86 31 -48 41 47 -102 -62 -84 32 -11 -63 3 -7 107 21 38 33 -16 43 69 36 -7
0 -29 69 22 86 -18 -6 -59 37 -7 33 5 -18 -4 80 -16 90 -93 -115 -54 -117 67 -71 -40 48 -36 23 -16 7 92 -95 62 -68 77 64 14 38 29 -117 26 -17 54 27 -66 -70 -76 -6 -45 59 84 31 -23 -29 5 -13 -80 -64 73 -50 -20 -43 -24 17 -52
-70 -11 96 -31 -40 -55 11 -33 101 111 105 -55 -118 -47 -51 -9 72 8 16 56 21 -49 16 45 -31 29 1 -122 -16 -49 -54 -53 -46 -83 11 90 -78 -83 -43 -77 2 11 45 -19 -5 -2 -21 -34 8 -13 -22 -3 -80 -2 -31 -67 5 -74 40 -14 -86 -21 4 -52
36 14 -55 -71 59 -45 51 -41 61 48 -40 114 89 109 36 -13 26 70 -29 61 -54 18 -101 40 116 18 -28 -8 30 -37 39 77 42 -88 42 51 -22 51 13 -74 14 -58 -2 -95 -84 45 82 126 28 -86 -73 86 65 72 -39 -124 1 -7 4 16 -48 5 63 111
-12 -99 6 -54 -70 -70 13 -34 -62 -6 70 -44 18 -74 -46 44 -19 51 -78 8 37 82 -77 -16 38 58 -67 1 44 11 -70 32 -105 -118 17 -44 -98 98 -24 -29 -87 -51 -35 -11 9 18 -68 7 -91 -108 -46 33 -94 -38 -37 -36 2 -18 -54 47 1 -98 -11 58
-15 -3 33 59 -21 108 -65 79 40 -19 -78 -105 49 -24 79 -45 -2 -43 33 18 -72 -121 -22 -88 -69 -8 26 103 -56 73 9 47 14 -18 -59 55 -116 -31 -48 -90 -78 -26 -112 -31 -81 28 48 23 113 -54 -56 -111 -63 -96 -73 -16 35 -98 -58 8 -41 -13 22 -69
-67 -37 -67 -30 120 -85 5 -79 -77 -53 -56 25 4 -88 4 102 21 -87 -40 -17 -34 -62 -21 -51 -24 -28 1 -52 -44 -85 8 58 -49 68 9 -73 102 77 -46 34 60 -86 47 -3 -102 -69 -10 -21 -82 -11 -3 -47 -88 17 8 -63 -40 32 -85 -74 -111 15 -54 42
-99 126 -1 21 42 10 109 58 55 88 -16 101 -37 -5 18 22 74 8 62 -52 -120 63 -63 45 31 30 -41 99 75 4 -128 -32 109 18 -113 -65 46 65 81 46 68 -6 17 18 -9 -108 -3 113 85 53 37 49 45 58 67 45 56 31 37 -9 66 54 -20 15
31 -81 86 22 -18 -42 -63 -43 19 -36 -90 38 8 44 -18 74 -22 23 112 67 -13 -9 51 14 -35 -43 114 68 64 2 4 93 74 11 86 -97 86 32 -36 -3 44 57 -110 52 -83 -13 71 70 96 -17 14 33 76 -52 10 -29 -41 7 -26 114 -28 -45 -21 9
-80 -62 -74 93 -25 -10 -89 5 -18 -29 -37 83 -24 -62 2 -54 -14 38 -42 -111 -20 -39 -74 -17 13 -101 -121 -42 0 122 23 -29 -15 54 -49 -61 -9 -107 35 116 -68 -63 -100 73 -10 -11 -43 -113 -16 -79 109 97 46 -67 -62 20 117 -54 9 22 -18 32 46 -17
-9 32 88 54 -16 13 97 53 49 -101 70 106 13 7 -101 8 68 16 31 29 -20 -12 23 -94 17 -125 -80 14 -6 -20 0 -9 -81 105 7 79 122 29 44 15 -48 21 9 11 110 -39 -86 50 14 -63 90 -83 39 28 118 28 -27 -26 95 -15 108 21 -22 31
65 4 24 -32 -14 17 28 -86 18 -86 -39 -46 48 -21 78 -39 -41 9 -65 55 -12 -23 57 -3 -33 116 -68 108 42 -30 11 -79 -11 80 101 -12 44 117 13 -68 -40 25 -2 57 -95 -64 -49 -61 104 52 34 -17 -126 -128 85 -13 71 97 62 19 -109 -64 -24 57
36 1 68 -19 27 12 -5 -42 -7 -22 -6 96 -41 -110 -60 23 -4 38 64 -72 23 -83 -20 -21 -30 68 -11 -56 -28 60 40 -81 -82 -41 -120 -82 24 19 125 -37 20 -13 -37 25 -38 57 -1 3 20 -93 -39 -30 -56 -52 70 -108 -46 11 56 125 55 -38 -62 19
118 -5 -8 -49 72 -25 107 -53 -55 -26 -36 -11 -86 -85 -21 -3 -20 8 -34 -27 100 -51 -94 -82 -99 112 60 -34 -2 114 -73 -89 -22 -23 86 47 31 -68 -5 -58 -27 -56 10 -113 -70 -31 11 49 16 -54 -15 -92 43 -19 121 -67 0 -65 28 -84 -20 -24 14 -68
-16 15 -60 -94 34 -106 14 55 -13 23 4 -18 -3 -26 -67 2 -123 36 82 -20 63 9 90 42 43 -4 -104 -7 -65 -21 -98 13 24 -19 20 -28 -40 -36 6 -22 115 97 61 38 72 -48 -70 37 16 -61 -78 -61 -18 -12 92 86 15 -14 -66 -2 0 -35 78 13
16 -72 -69 59 -29 -48 20 26 -10 -89 1 63 62 52 25 -24 -38 -92 58 120 50 14 11 113 10 48 66 47 0 -23 -47 27 -24 -19 4 -18 -61 24 9 82 30 55 -57 -43 87 -37 9 94 -63 -5 81 70 -64 69 67 40 -51 18 -5 -44 -4 -34 1 -40
26 65 20 -128 30 117 92 36 17 0 -45 101 36 -42 53 -11 34 -68 9 -3 -62 -89 -18 -113 21 -109 -101 84 -9 -90 98 -52 127 -14 -11 -69 -32 -81 -28 -68 -65 -106 -65 58 -125 -25 -54 3 12 -28 -24 -37 15 43 3 -6 19 -52 -24 74 -32 -1 8 21
-52 113 -50 102 17 -100 -26 -54 105 -5 -68 -7 -3 65 -97 -5 69 -33 -23 -68 99 -19 5 -32 -122 -38 -75 -3 27 -79 -80 -13 5 -126 43 -56 45 -112 -45 -19 -53 -27 -50 -82 -76 -36 -80 -128 21 -17 -88 -128 109 -108 -52 -19 -41 -125 -109 -103 92 3 35 -35
31 -32 -82 122 124 -127 74 23 -64 -61 30 4 -101 -128 42 -6 -39 -113 39 -47 -18 -55 -32 45 44 123 -35 74 -7 -31 -60 -61 28 122 15 -99 -75 -35 -70 41 -41 -1 97 -113 -57 -9 -35 -40 -27 57 -5 -68 -33 58 -12 -46 -4 -7 106 -29 10 -43 -96 -29
52 60 34 -73 -6 -27 33 -13 -66 -17 0 -73 60 32 -22 -30 -3 -70 -39 4 36 49 -29 -108 -30 -21 -88 -18 14 -16 -1 -11 -16 -53 -94 14 -25 39 12 18 27 31 32 108 -49 -36 19 -3 12 97 -107 2 24 24 3 4 38 -29 -89 29 78 -27 34 31
68 90 -36 -21 -13 37 13 125 57 19 -12 -124 21 44 21 -28 -15 -85 -4 35 12 -29 -17 47 -17 -83 62 25 -8 15 -14 -31 -59 24 -16 10 -45 -123 -12 -5 1 48 30 31 11 -7 118 47 -27 14 52 -48 -40 -108 -97 91 21 -61 83 -41 -51 -6 -19 -3
-46 -25 -42 -27 25 -37 -64 -70 -70 -63 -88 -9 122 -8 -33 123 -53 -20 -46 61 -7 -78 -54 -21 -59 -23 -22 -3 43 -63 56 -1 -4 -55 -56 19 124 5 -76 -10 -13 5 -10 -7 -57 19 -22 -84 8 -6 -122 -29 -54 -102 32 -43 -60 -24 -28 73 57 -1 12 -112
-48 46 11 -28 49 68 81 10 92 12 -11 45 23 -21 -94 38 106 2 85 -11 49 110 85 -36 8 79 72 80 48 58 111 31 -36 -24 106 -32 2 121 -128 49 -82 71 7 -97 -128 49 110 54 -79 -6 21 -107 41 6 38 112 12 67 30 -45 -11 29 104 21
-56 -46 11 -63 -3 -23 29 -37 -44 -94 2 -25 -88 -4 -11 -34 63 -4 -46 96 -47 4 -63 50 3 -55 -58 -54 57 4 32 48 -64 -10 -104 35 73 24 -31 -55 1 -14 -68 -19 -34 -41 28 37 15 -14 -80 -52 -50 -85 38 65 127 -37 68 -100 2 -29 -34 58
1 118 -65 -123 33 33 -103 -115 -18 70 48 -58 -11 -114 25 -64 45 17 -32 8 -17 0 1 -96 -82 -46 -24 32 -69 30 -57 -51 55 -3 -13 -15 -87 42 117 14 0 9 43 -54 21 -54 -119 8 124 0 -54 -120 5 -19 2 -15 17 -89 -36 -106 18 0 -4 -3
-11 -90 36 -15 -9 49 8 -73 -14 5 -9 126 -24 -25 8 -16 -5 -57 -46 27 65 113 -89 9 -45 108 -119 43 16 23 1 1 -53 -45 -65 60 -6 -95 -3 -54 -102 -87 -50 -11 -21 -27 -79 -15 -69 -110 -13 -54 -31 -94 -6 87 20 -27 -50 -28 -64 -59 -92 -52
-12 77 -25 9 31 3 -53 42 -55 -109 34 58 -44 49 97 -21 31 51 113 62 1 119 24 -72 -26 -41 10 -43 73 21 54 90 -28 15 69 61 -17 105 -95 29 35 104 63 119 -22 43 53 112 56 70 90 -66 49 30 48 97 55 55 -38 -25 58 22 96 -8
-30 114 38 60 21 114 -54 -49 118 -48 39 30 20 -59 -33 26 15 -37 -4 24 9 -124 -93 106 116 1 0 -24 -22 -5 29 14 8 -63 70 -45 67 11 -4 45 120 49 76 111 -51 -50 9 -6 30 82 -27 3 -7 77 -7 73 -89 4 54 67 12 62 64 -13
19 -4 -10 29 57 -73 -40 -22 19 17 -2 -122 22 -78 -5 58 -20 98 122 37 43 -29 -20 25 -6 -54 -62 24 -22 -33 -41 -126 -70 -118 -111 11 5 71 -79 -3 48 -1 32 -41 68 -38 45 -123 -5 -81 -115 -38 -6 -100 -4 -20 -37 -15 -107 59 33 -28 -8 76
-62 -43 9 -37 -3 7 9 -110 51 6 -22 -12 28 29 -34 0 -77 46 -39 30 24 -26 -48 -32 85 -28 39 123 67 -25 2 -121 52 -65 -14 56 15 -52 30 -33 17 -128 -41 -40 58 9 16 28 -104 -81 23 -31 -102 -113 -16 23 -20 -21 1 -65 17 40 15 -62
46 113 89 -47 51 8 119 -2 -22 67 -62 62 11 8 -45 -117 -68 -73 7 -49 -111 -2 -64 -23 -113 30 -68 -6 -19 -16 25 -48 -19 47 -110 -28 84 -12 46 30 -25 44 -26 -70 -81 -57 -47 -48 -4 -6 -37 -41 46 -63 -17 -15 -9 125 -3 -51 -91 -42 -60 19
113 20 -40 19 -78 -74 -23 22 71 16 -74 1 80 4 -15 100 21 13 -10 -12 73 43 -95 -58 23 38 122 12 -50 -23 -51 -79 43 35 -116 -79 35 33 85 -23 -50 87 -32 -2 32 9 18 69 13 43 -29 76 -17 14 -9 -87 -30 -48 16 21 -101 -46 -120 7
-73 33 -26 91 -58 10 54 -59 -19 39 -41 23 42 -81 -19 5 -98 -14 69 10 92 -41 39 29 -34 -59 -42 17 -49 40 8 9 33 16 -47 -1 46 -26 43 -49 67 47 -78 -36 1 -60 -120 66 9 19 -16 19 2 79 49 -64 -67 -41 34 87 78 -11 35 37
8 -65 43 54 21 -4 51 96 20 21 -6 -28 -47 87 76 62 1 27 -1 -103 30 75 93 11 -21 14 -7 17 73 90 65 -32 62 61 78 33 54 43 27 57 83 6 73 72 26 62 50 84 84 54 -47 21 -111 -58 81 8 64 56 -118 -14 -12 29 77 -41
-96 -83 36 -111 -7 -8 -93 -59 -78 -110 -117 116 103 -8 35 -59 -49 -13 -109 10 14 79 -25 -66 -46 -29 -113 -45 -30 -57 -19 62 3 -73 97 -24 27 30 -118 -62 -29 -109 -92 27 -50 49 -37 -37 -16 -68 -51 104 52 -35 -16 -43 -90 51 -82 -73 31 7 -25 -62
21 101 36 0 25 -64 -30 -66 6 -18 -27 5 -21 -13 -80 12 -1 54 1 -88 -67 -94 64 -42 4 74 47 -35 -21 -18 -31 -21 -24 92 2 16 70 92 13 -12 10 -99 -38 17 100 -3 -22 -9 39 -52 64 83 44 -71 22 -111 13 42 -42 9 -5 4 -64 -80
45 95 27 55 31 12 8 51 3 -109 -12 80 33 -126 17 -6 -1 -3 42 74 71 22 -34 -16 46 -46 32 20 59 -35 6 106 -38 67 99 -41 44 -35 -10 30 67 30 -126 -76 53 47 48 81 0 36 29 38 61 -14 48 91 -7 104 -12 -48 89 56 41 80
-25 -51 -6 64 34 84 4 40 -60 -86 -35 -126 11 -59 -76 95 -25 33 60 -3 18 56 22 1 32 -18 -38 -26 89 -2 -49 -4 -24 -43 -125 -42 -38 92 24 11 -39 -12 -2 -24 -4 -60 -61 -72 14 -120 -88 -8 -22 18 4 -47 -43 8 -63 12 -33 -11 -19 12
101 112 71 19 -9 -1 43 26 10 22 -10 60 71 38 72 74 56 -41 100 62 81 28 -9 -30 -35 67 23 1 25 -11 -39 11 35 65 -55 51 -9 46 -2 10 77 78 38 68 38 -112 -5 23 66 108 41 13 68 1 68 -30 -40 -3 -22 82 25 -9 103 -47
124 29 46 -79 -25 115 48 33 -35 26 68 -47 123 108 37 22 3 -38 56 -51 12 24 68 53 20 -22 28 -5 24 36 -102 61 114 -14 -34 13 30 3 49 -13 -117 74 112 120 66 -13 -66 35 -25 98 -106 21 115 10 16 43 -40 51 49 -26 -33 -15 87 -30
6 39 -10 -58 23 53 -54 29 -82 -4 -21 -29 -15 -22 35 -72 -33 -34 -111 74 27 47 -42 -82 119 -48 -29 -9 -70 -60 -52 66 34 -120 -9 51 -88 104 -33 -37 127 10 11 -29 -39 -25 -39 -64 -18 45 88 -118 127 104 -51 4 -57 -10 -98 -37 -19 -25 13 -49
72 -39 93 99 -7 79 69 -39 113 20 44 -30 18 81 -12 -30 36 25 84 -11 44 82 54 47 28 24 -24 -38 -4 18 33 114 50 32 43 -54 14 -52 -98 -80 48 77 -1 28 36 119 -91 24 122 18 -91 94 68 45 -33 -52 -101 111 26 -4 62 30 40 99
-31 -37 -34 -27 -23 -16 25 47 -4 -40 -18 -40 -21 20 -27 25 19 -16 -18 -35 19 24 -29 -76 -54 13 43 21 20 114 -55 -19 -9 -63 97 -66 39 -44 -49 39 86 62 113 -14 -15 51 28 15 -50 -9 -4 23 -43 44 -8 -18 -8 -6 10 -16 -101 -87 52 90
-12 73 114 100 35 60 -72 6 6 -27 -78 -58 41 -47 -4 22 -2 -89 78 -60 -83 -90 16 48 18 31 16 29 59 0 -41 3 63 20 -18 12 -40 30 -9 -106 110 74 -45 84 61 0 -101 30 -79 80 42 -57 -17 -67 -59 98 -29 2 29 -46 -80 2 -32 2
-31 -4 -39 -32 -34 -60 -4 0 49 -22 -70 -69 -83 25 0 -73 -89 -75 -115 -43 -57 -86 112 -105 -30 76 -51 53 -50 -98 -15 36 -57 12 -27 13 -51 -39 -32 96 -47 17 -95 88 -25 -28 87 18 1 -5 -33 41 -58 -67 -2 -48 -107 -28 -51 -9 16 -75 -24 -38
-3 47 -20 15 -67 16 66 18 48 84 -28 26 53 115 -7 63 -49 -15 -7 -6 -59 62 -27 -29 -76 22 -8 84 90 56 54 -48 -6 38 -10 97 -18 64 26 -33 104 52 32 50 30 1 -57 -106 25 -6 15 -3 -45 -39 1 -110 -55 -71 33 -36 52 44 -8 -2
76 -55 42 38 83 -71 88 24 47 -3 73 43 104 37 41 75 6 48 1 15 44 44 -81 93 5 67 58 32 33 63 -98 -38 126 63 80 38 4 123 49 -47 -16 -48 38 -88 11 11 -8 -65 56 -43 15 108 92 43 79 -12 -111 126 1 -116 51 46 -38 -98
-124 71 -81 -32 17 11 40 37 53 48 -22 -1 -38 -65 0 58 69 47 98 56 -11 38 21 39 56 -47 11 -21 -6 -16 64 117 25 31 -24 69 7 -13 7 41 100 -16 79 113 -24 41 9 22 34 -7 -79 -108 -63 -20 7 -66 -85 -63 -10 53 25 -1 35 -46
-33 -50 105 92 -3 93 -23 18 63 10 93 45 41 -13 -84 18 99 -24 23 45 -89 89 104 104 41 60 -62 11 20 24 -15 -41 83 35 74 67 63 43 6 112 -118 69 9 57 -85 -14 48 -71 12 -18 31 119 52 31 59 55 91 4 75 25 11 37 52 77
45 -11 -81 16 53 -24 76 17 41 62 -28 40 -114 92 3 6 -29 87 51 86 -12 113 30 26 -74 118 -84 91 -23 29 113 119 65 11 35 -21 97 65 88 63 11 42 2 -118 0 -101 7 -12 -35 123 80 -113 -75 46 43 -126 -26 16 30 17 45 10 62 60
64 126 -101 78 72 117 53 26 97 113 -5 24 83 49 -17 43 -3 33 -47 0 66 -11 45 50 -2 11 68 105 13 91 108 78 -51 21 69 90 53 -22 62 73 20 66 110 47 10 -10 16 -4 51 91 26 25 -1 75 -52 84 13 21 49 47 37 -68 -2 -24
75 29 35 -29 79 -120 -34 1 -23 123 -74 23 -78 26 36 33 -92 79 88 -31 11 83 -9 -30 74 -81 -89 -14 -28 22 100 -36 2 -2 -5 44 -22 72 43 14 -8 -1 73 45 53 5 -10 -31 -21 -38 -13 60 24 43 -12 43 -40 -66 23 29 -126 28 52 64
-27 -46 -62 -68 -67 23 14 -4 -58 -33 48 -6 -72 10 7 -14 -69 59 -17 33 -40 -107 -12 101 33 -65 -5 -50 6 -46 -26 1 -29 40 -64 -58 -4 79 -25 21 -27 -64 -1 -23 41 -84 44 -29 21 30 -106 -37 -46 -40 31 95 -73 -123 -98 43 -36 -1 125 -2
-78 88 -128 -60 50 -28 39 -3 126 91 9 112 108 -89 90 56 89 29 26 19 56 51 32 41 28 36 98 96 43 29 2 117 -3 -1 21 -21 -46 81 107 -6 9 24 11 104 -15 18 37 17 0 -4 36 98 41 84 -1 55 20 95 39 -9 46 16 120 29
-88 -86 -53 -57 -61 -77 -66 52 65 -44 -97 -27 -47 -33 -75 58 -104 -13 84 -33 36 -119 126 1 -53 42 -21 37 53 -54 -21 10 2 18 -10 6 -54 -94 39 -94 29 -13 -86 -54 0 -81 -83 -57 -95 9 -17 -69 -80 63 25 -89 -53 -43 -81 -31 -12 -68 -14 50
50 -2 -16 -73 36 57 7 87 44 -21 -37 21 76 116 -92 30 -41 -31 17 93 15 82 8 -40 -54 49 -47 -96 58 9 46 22 -86 40 -90 14 -4 100 -59 63 -85 24 45 4 -27 52 54 25 22 84 -96 105 36 3 -42 -9 -69 -9 30 8 87 5 5 -25
-88 11 53 96 -22 123 25 -72 -20 -41 -6 118 -54 -30 -104 -82 57 -25 -85 -32 -105 -103 -34 3 -8 -65 -53 -3 22 -57 -84 65 -42 -29 40 -118 17 27 -58 -115 28 -51 9 -43 -8 -70 17 -121 17 -1 -17 -42 -82 -9 27 -14 -79 -64 13 -96 -79 7 -79 -35
-101 -59 56 -80 71 126 79 5 -8 6 -43 -41 -88 -125 -29 -35 -53 -75 -95 -36 37 -67 -24 -8 -55 -82 12 -27 -53 -125 -22 -37 -118 -33 76 42 -26 -56 90 -73 101 -95 -63 -14 -65 -52 -7 -22 -63 115 -16 -70 62 -92 -97 -13 -26 -8 -35 -22 127 -38 -128 -29
-74 25 -76 -4 -69 15 -16 -61 -126 6 -29 88 -40 -10 -34 -2 -82 -101 -97 -68 -10 74 -10 29 10 -65 55 -66 59 -73 -47 2 -6 -50 -30 10 -8 -20 27 -80 -12 -17 10 74 115 9 -69 -62 75 26 -59 30 -18 -32 55 -39 -51 41 -55 -96 32 50 -105 35
3 115 -75 47 -26 -38 61 -95 -37 23 70 77 -43 -10 -38 93 4 -65 -17 -43 29 -21 25 -66 -32 11 109 34 12 -91 -27 27 -65 74 -53 -8 -23 -43 26 36 -102 -37 -6 -41 81 -27 -2 -29 -15 -119 65 103 25 51 -17 -16 -84 -32 -108 -88 -103 28 -3 -47
48 69 44 72 -57 82 26 -16 -20 58 48 -2 -16 43 15 -49 47 -87 94 90 62 -63 -52 -113 -43 53 -2 -27 3 85 -37 84 11 37 -103 95 97 20 -125 23 26 -86 -44 43 99 3 68 30 120 -30 9 -26 50 -27 24 50 -13 58 59 -52 33 32 108 0
-91 28 -45 -79 74 7 -35 73 59 -74 54 17 21 -11 -27 -29 37 -23 -71 -23 -36 -71 7 49 -10 -35 -76 94 -26 7 2 6 42 -46 28 -27 -22 -24 13 -71 25 -5 73 -59 -45 -15 52 -24 -4 9 -52 -64 -56 46 -13 -29 -92 17 23 32 25 -59 -43 6
55 49 -6 -107 5 34 48 -50 -25 -17 -5 -28 -24 59 25 -14 -62 -45 -25 60 72 -4 16 55 14 -73 -33 -108 -15 -7 -47 16 90 -99 10 -10 -75 -37 -47 54 -7 17 55 -40 -48 -89 23 41 30 -17 5 11 7 -39 42 -12 110 19 -54 15 38 -74 1 -6
19 -23 105 -28 -22 -1 1 -11 21 85 -14 -25 102 -11 29 -10 11 41 17 -20 -21 28 65 -25 73 37 34 -57 45 -31 24 -91 28 18 -37 -11 -38 15 -88 46 108 17 27 -4 91 67 7 83 39 -128 -6 -53 -24 52 -79 -44 -19 72 -22 30 50 -45 1 33
-56 40 33 -67 60 -1 59 -45 -8 88 -30 53 -44 9 -28 34 -77 -53 12 -19 103 69 -49 17 19 -42 22 -40 -13 17 -95 -86 -45 0 -4 -62 86 93 40 -21 1 -82 1 -42 -25 -19 -5 94 73 -1 34 -69 50 24 95 -21 42 -7 -18 -26 -60 -57 12 82
8 38 7 42 5 -57 32 -27 -13 -88 30 -23 -36 43 45 -70 73 38 8 -11 69 -16 -28 -4 33 57 16 -20 14 54 -34 -8 -91 42 -12 -50 -98 -35 2 -10 47 -7 -22 -25 7 13 53 -26 16 53 -57 37 46 -87 -48 10 -16 -2 77 -30 23 -72 30 4
-14 60 -27 -18 43 81 -95 -102 43 126 -66 63 -45 21 62 45 -11 87 18 33 18 -75 20 -50 -4 25 23 39 -89 -48 -109 -38 -56 -19 46 -58 0 54 -15 46 50 6 -2 -1 -100 90 -54 94 -125 12 44 46 4 77 -4 6 -92 -36 -111 25 37 5 95 67
15 98 -86 60 -38 23 1 -41 70 -44 -60 11 -20 40 36 26 -33 44 78 -35 -62 -122 77 -35 21 -47 40 29 101 -58 110 -29 -45 32 47 -22 0 -30 -46 -24 -120 -3 52 41 -8 60 43 85 27 46 54 -90 9 -12 -46 40 -40 116 90 -16 -73 -27 -35 50
21 55 -42 -41 -90 -50 -38 -59 82 58 96 -20 -33 -103 63 -106 -68 -29 56 -14 -21 -60 50 25 -100 31 -70 -57 35 -2 15 -74 42 -92 -34 -38 -12 19 -40 -9 -50 50 -13 49 1 -54 -45 5 -72 -49 -73 -5 -55 30 60 1 -46 -42 19 55 -32 -43 107 -33
10 -88 -23 80 9 19 -45 3 -104 -57 -45 -9 29 -35 -40 0 -22 -29 -91 99 49 6 -45 48 14 -1 -43 -67 -71 -57 12 -106 -100 28 -2 -23 -30 -79 -48 -16 -106 -58 74 -78 0 -40 -102 -76 -33 40 21 -47 -123 1 -69 -24 -81 7 -85 2 -5 -13 -114 -97
99 -27 -23 8 -76 -58 81 -41 -93 71 -31 4 -77 74 26 38 -15 64 -17 43 -21 -52 20 -35 -73 -25 48 -43 53 -58 33 91 7 -2 -80 -64 9 6 27 15 -12 -21 -16 121 -100 55 -77 -76 124 118 106 -94 -31 -45 50 -29 47 -118 25 -25 -42 -96 -106 -39
-70 -76 -37 0 55 -39 -50 13 11 43 45 -43 82 55 -15 -19 18 -63 0 -24 23 -71 39 6 56 15 96 16 -5 31 -40 -27 -64 58 65 -25 42 87 122 59 36 -101 49 75 -33 -3 105 83 55 -33 38 53 -7 -77 32 -18 -72 24 28 -13 -5 11 3 73
-65 40 -7 -94 110 -12 116 -37 115 11 71 -49 8 -66 6 -56 30 -116 25 -73 -25 -49 -49 52 -36 -49 -32 28 48 -63 -36 -50 -121 -28 36 56 -87 125 -45 -46 -29 -8 -104 -29 -4 -64 -13 -33 119 31 1 40 53 -72 24 -15 -6 0 -93 -30 9 -67 12 -30
15 1 -106 -34 -20 -80 45 -88 -36 103 58 -30 -39 75 -72 -50 -38 -73 -12 23 19 -57 -58 21 56 -30 -27 21 68 -75 -107 -20 20 55 56 -103 -48 -45 6 -75 3 -34 -24 -72 37 -13 -61 -25 -18 26 8 2 6 -40 86 -43 -18 -26 126 -13 23 -71 -5 59
-23 -3 -33 33 90 -70 -36 -36 -61 -81 -42 1 115 -23 -66 26 75 22 -38 28 -98 -33 -18 -56 17 40 -5 -77 102 38 30 48 -35 -45 34 11 -49 -61 -45 -77 -29 24 -5 119 3 9 -31 18 -7 -11 32 -55 -58 -21 16 -60 -31 -42 64 -54 -11 23 41 52
-37 8 -1 92 -22 -9 31 74 -10 20 84 -105 -35 118 -8 18 -36 -36 -35 -122 -65 -86 38 -70 -31 14 -78 28 -71 -72 -70 -65 -48 30 -25 -43 15 -12 57 14 -7 27 -74 -29 19 -63 -30 43 87 -27 -71 -29 -86 43 65 -7 -91 -52 44 28 18 -29 -104 -105
110 -17 19 41 24 -11 97 -5 36 -13 64 105 -37 106 72 40 70 -13 -73 52 78 23 -48 60 -81 66 48 15 -37 44 95 2 -126 -66 9 -2 28 -21 5 55 -65 11 36 49 50 -29 54 -17 19 101 17 0 23 -23 25 -90 13 -77 -63 13 57 -20 36 -93
-15 39 -74 1 -11 35 19 8 17 -58 -60 -58 -27 16 -14 -37 -54 -118 -18 -1 -47 72 -9 5 1 -36 -32 -91 49 59 -74 1 9 -10 39 -65 -61 29 23 -59 -2 17 -30 18 -10 36 -8 34 14 19 24 118 9 -54 2 6 -32 12 -36 -46 -51 -39 -50 60
8 -44 -113 -127 -31 -107 -49 -31 37 -109 -68 -29 -77 -82 -108 126 108 -82 -7 35 -114 -84 -43 -23 -59 -43 -10 116 -120 -44 -21 -25 -97 -51 95 -53 -60 63 -56 -12 -89 -82 -123 -28 4 -44 -74 29 -80 -63 -48 -13 52 99 -58 -23 -44 -120 -67 -58 -99 41 47 -51
50 -25 126 -7 -37 -32 89 -42 -49 -10 34 94 -116 115 16 -30 40 -44 -5 46 85 64 34 86 82 60 -67 -18 31 -48 -48 -41 8 69 34 -54 99 45 9 -27 34 76 43 -39 -26 68 79 -43 -17 19 44 100 -39 -32 42 -61 52 -43 28 10 48 -43 81 72
-85 -18 94 113 34 57 39 29 -2 -51 56 -7 -56 45 -72 -6 59 54 66 44 -70 40 12 1 -71 62 15 22 -25 10 -51 77 34 -48 45 38 -75 87 12 13 87 15 26 -72 8 -102 -69 70 14 36 -65 37 61 -104 54 -118 4 -39 -96 -70 -96 -95 -57 -117
-105 -46 -52 -70 -1 -87 -13 41 -43 -64 -94 19 -82 -13 -16 0 -25 -93 -113 -62 -40 -2 -61 -44 -23 -63 -53 -59 -11 65 -59 -23 81 19 -46 7 32 -61 23 -7 -35 102 -71 -88 -51 -70 59 -32 -41 -32 -25 -32 20 21 -6 -75 78 -118 -83 -59 -67 -31 -57 6
33 7 25 -2 81 77 1 -67 -89 64 18 61 -6 -55 109 -46 23 95 -16 -7 37 34 -22 46 77 -113 25 33 -14 -45 19 -25 -2 7 -25 120 -57 -75 -74 97 -12 4 15 8 -17 46 100 -51 -19 -6 10 107 49 -49 11 23 26 35 -52 85 23 91 28 -15
5 95 -37 -92 31 90 -68 38 -52 -96 -59 34 32 -43 -1 33 54 37 -5 -12 32 -67 85 55 -50 -54 -47 -45 -27 81 -103 19 38 -37 39 6 -57 -31 5 -65 47 10 -35 -8 11 45 -18 -30 -6 -29 59 -75 2 -18 -44 -69 -1 10 -18 32 5 -47 -13 102
124 -23 -11 -10 5 -84 -49 -33 -11 -63 -59 -102 37 21 16 -2 -18 -63 -10 -74 -32 -45 -122 0 -31 -83 -25 -62 -34 15 -54 21 62 -38 -30 108 119 -37 -71 -81 -14 -104 58 -76 -18 -85 -8 -66 -109 91 -44 -59 65 -27 -12 -44 -3 27 -126 -111 -67 -31 -6 -14
-80 -64 52 -51 -39 -5 42 -20 -2 -30 25 77 -104 23 -26 -4 -35 -34 -71 27 75 20 -23 122 -86 21 10 -39 -3 -57 -47 -14 -23 7 21 -117 48 7 118 -24 24 -37 15 -91 -37 -70 -80 -37 84 35 -67 -88 78 -92 77 -12 68 9 19 38 23 -85 66 -54
-6 104 14 -20 30 21 -32 25 -100 -35 59 39 54 8 -78 86 2 -18 -59 -83 121 -40 -63 -96 -30 -50 68 2 -19 -118 17 -28 28 -35 -8 3 -57 67 -86 -71 -51 14 17 -94 -11 15 -32 54 -110 30 5 -64 13 45 -1 -42 -80 12 -82 126 -65 40 41 52
53 13 10 -43 45 21 -90 -19 -10 67 54 14 22 7 -22 84 8 -45 -1 82 -18 62 24 21 14 0 -43 -30 -49 63 55 40 46 109 27 -5 0 -32 123 -31 50 47 -91 -74 -45 -44 -81 -17 -21 -35 -37 20 -29 -16 -23 -6 43 21 38 3 1 -95 62 -8
-16 -76 -28 6 -41 22 -34 43 29 -123 45 -56 -76 -97 -111 63 32 10 35 -112 -15 28 -22 -22 -123 105 -28 -50 -15 -28 8 -94 61 -23 -37 -27 3 -52 7 35 11 -98 -93 -35 -34 -44 -53 -101 61 -22 -10 11 -80 33 -78 -19 -29 -98 38 -77 -62 1 118 -65
33 -57 -20 -26 -34 34 -93 116 29 -71 -38 -30 -121 -67 -55 -56 -72 -85 -83 -11 -28 -118 -85 123 22 -50 80 -48 -70 68 -56 -86 -3 -19 3 50 58 -8 -98 -13 45 31 -59 -7 82 -64 -42 -23 -78 -31 48 -49 116 32 28 1 8 21 -20 64 31 38 -1 -117
-72 -59 111 12 -48 -115 25 2 -64 -107 -28 -34 -86 49 -28 5 -46 -61 31 -57 24 51 24 25 -40 22 -28 58 -85 -87 53 -71 -34 -47 -37 -41 -57 -123 7 -56 -43 12 -36 -24 55 -98 -70 -60 -11 53 21 -116 -105 39 -18 -97 -34 115 -72 -68 -31 -86 -31 -55
-9 90 30 -1 -4 24 -56 -23 69 27 54 2 96 -7 60 -23 35 -100 21 60 106 -89 72 18 -43 32 79 57 -81 -15 -7 7 3 97 -128 34 66 64 -120 66 11 22 31 60 110 9 22 86 55 30 67 59 -43 28 68 86 15 -9 48 -1 75 -7 11 10
-19 -15 19 -113 -84 -41 45 86 7 35 -71 14 58 -16 61 93 22 -25 40 43 124 62 -34 -52 -76 -62 105 -47 -61 -16 39 23 -68 7 -104 -125 -26 -105 9 -4 -33 11 -30 -122 -45 -27 -13 52 46 11 -71 -24 -29 65 46 76 72 -14 71 58 -14 2 -33 -64
0 24 -17 -18 -13 -84 -4 -29 -56 -6 -16 27 -20 -103 -38 102 106 -52 -44 -15 -69 15 -80 -42 -37 4 25 17 -94 -82 -37 -20 18 -12 -67 -28 70 29 -88 -57 -125 48 6 109 -54 10 -88 -28 22 -83 -81 -61 -40 -5 -53 -38 -105 -21 -24 53 -122 -51 -24 -31
3 20 38 71 -128 -43 21 100 75 -43 42 31 73 96 109 -123 -79 111 82 33 -12 -20 67 41 94 83 17 -72 -4 31 84 52 67 -95 -117 105 -50 -27 76 -81 -26 24 19 -118 11 74 36 -4 87 1 45 44 61 13 111 37 44 -48 -5 61 14 -12 12 31
125 48 53 -30 4 46 19 -118 59 64 113 -124 7 -3 10 35 107 -73 18 62 50 -9 48 -50 48 96 -108 3 60 9 -27 56 67 -7 21 75 36 -23 -36 44 4 74 -36 75 124 76 89 90 -50 41 44 61 111 86 121 80 20 27 59 -30 -11 30 1 -20
36 -16 -36 -59 -122 -36 -92 74 -92 27 -44 -10 24 35 -69 -100 -7 18 10 -42 -19 -60 -29 18 21 -53 -88 7 13 -31 -30 17 -37 55 -25 52 -45 102 -72 24 -53 -69 -38 95 68 -61 -51 50 15 -51 -81 -13 -42 29 -46 -21 -62 -118 -52 -36 27 -86 16 -45
-63 116 -85 57 47 -44 7 -29 -70 -98 72 -109 -20 -18 98 29 62 81 -68 -80 -14 -26 86 -83 14 -47 59 -21 20 6 23 5 -87 -69 -6 24 61 -3 6 43 -20 -38 90 -29 -49 -24 41 -79 -11 -59 -28 -93 35 0 29 -65 44 12 -58 20 15 -62 61 20
-43 83 -22 18 5 -12 -52 20 -107 -3 -35 0 -38 63 10 -6 -48 -81 24 -52 -10 55 88 33 -16 -50 23 -88 7 -106 -1 -69 39 110 13 -79 -8 -63 -90 43 -25 -27 -71 103 -63 -1 11 4 -108 9 -16 -52 -31 -12 -31 125 -122 -29 -75 15 -30 -26 -107 -125
-111 6 -40 -74 14 120 -34 88 9 32 20 -72 -17 6 2 14 -42 27 70 -2 34 46 -91 -3 -34 -49 -2 -30 -90 24 -84 -95 -32 104 -15 45 15 -42 -124 43 -84 -85 67 -56 -36 -32 70 -9 72 -1 -26 -94 22 44 -20 -38 -4 -40 -31 13 -42 -9 120 74
-79 47 -99 18 0 21 -38 -30 4 -45 -78 81 2 2 -50 -119 -41 -123 -62 5 30 -49 23 38 -7 -4 -61 -90 17 -72 6 -75 -44 3 -30 -98 -67 -64 -86 -50 59 122 35 -89 -94 101 -73 -28 12 -69 21 -79 -64 -85 -15 -42 -55 -63 26 -90 -93 -6 -95 -77
-23 -34 -99 -65 -29 41 -34 -92 -23 -69 22 -3 40 -121 -90 -27 56 -80 7 -61 71 15 36 -35 -8 108 -87 -34 -3 28 -61 -23 45 22 -25 45 -27 -19 -65 -17 5 -74 72 -15 -42 -125 -33 -24 24 47 -40 -50 -8 -40 -109 7 52 -70 -11 -3 27 108 -35 -91
-9 76 -62 -47 5 -44 5 -12 5 -49 -10 -6 -21 1 35 43 8 25 56 16 39 12 -13 -47 -41 -21 -5 69 -119 -60 63 -1 -52 -45 -41 -29 53 -114 11 5 -51 -86 -52 16 -48 112 -22 33 -10 53 15 -46 -39 -21 -45 0 5 -47 -47 -16 18 29 -63 3
-34 20 77 79 38 30 7 85 -6 98 -15 52 68 24 7 24 49 37 37 24 62 -63 37 21 57 31 -84 121 22 83 -30 -103 10 63 28 115 -4 1 77 -92 6 25 -110 67 4 -13 9 34 69 19 -85 -25 -65 -46 -26 71 6 -7 -9 14 111 29 -14 -16
65 127 -58 -114 89 23 -32 -122 -45 -28 -52 4 3 -45 -35 -72 -95 24 0 -7 -81 -44 62 -16 -103 15 -17 81 -15 -20 -45 35 -9 13 126 -71 -15 -67 -77 2 -27 -101 -26 -63 -31 -11 -18 -11 92 68 -76 -78 7 -57 29 10 -21 -44 -16 44 -23 -31 27 54
-9 -82 -72 -42 -33 27 -38 -35 -75 -86 -56 68 121 14 -62 -49 -18 -79 -127 117 -9 23 -28 -37 42 -53 -38 92 -84 -77 26 88 -99 -67 -44 -26 -21 -52 -73 45 -57 -36 75 -21 70 -8 -31 7 -70 -17 27 34 -2 4 -9 -4 -51 -19 59 30 125 -34 -43 123
-45 -64 69 -14 5 36 111 -40 7 -24 -22 -93 74 71 91 -4 -64 38 50 -4 39 48 -92 53 -49 -30 -127 14 37 69 54 46 -6 5 -39 64 97 -45 114 -41 14 22 -4 61 -110 70 93 31 -63 26 51 84 7 -17 9 -35 12 29 -20 -22 38 -28 98 44
-16 -41 -7 -85 -7 9 -92 -77 -1 35 -27 -104 -69 106 83 33 28 -27 31 -10 5 17 84 -44 32 94 14 10 -38 107 -67 -16 7 105 -35 -15 -65 49 23 30 44 13 -62 -16 56 -95 88 -75 -57 11 10 -115 -34 29 49 13 -44 -68 33 -120 21 44 -115 17
58 -7 -52 -71 11 71 -10 18 -39 38 -23 17 -11 31 -49 57 -88 40 -32 15 -14 -64 33 -2 -80 -24 -55 -18 50 -82 27 -58 -14 -12 -17 -34 -2 14 -18 71 -93 1 21 -8 50 -47 79 16 12 14 -127 -67 53 -21 -22 82 81 -11 -92 -14 -12 55 -21 22
-23 -79 -51 52 -122 -49 0 -70 -28 -34 -23 -39 -5 10 102 13 7 -78 -8 118 57 -42 10 -111 50 -73 -29 -72 -97 -23 -66 -2 40 -95 51 -19 -14 -2 -52 31 -79 -32 45 -53 118 -4 26 20 -3 1 -86 -45 31 -13 -85 -35 -62 8 0 -31 -57 -87 39 -52
82 37 -4 14 52 2 37 77 43 19 63 90 -29 -62 58 -45 72 -61 -125 90 22 104 8 114 -106 74 0 -100 38 -121 -112 56 103 6 112 -69 119 84 -53 75 -23 97 65 112 -62 74 -128 26 79 -8 109 72 81 -108 -109 112 22 -36 -95 56 21 -121 -29 63
10 -18 6 -11 68 39 -55 28 1 -34 104 0 -64 122 26 -73 -17 23 -112 62 23 -54 -84 -9 -1 -110 28 -36 43 -75 18 -105 21 -63 -5 29 55 65 -14 43 29 -94 -37 -97 -46 -90 -18 -45 65 32 45 -6 -86 -91 70 -10 91 -65 -2 -37 -54 -46 -17 55
-124 -70 21 -94 -47 -74 -95 99 18 -20 -58 -52 -61 -109 -71 -69 -37 77 -79 -69 -50 -3 -30 42 123 7 -51 94 -45 12 34 62 -74 -22 -7 95 107 -44 -12 51 99 -77 -127 -99 -123 -38 4 -51 -68 -82 70 10 -115 -91 -11 -21 -113 27 -45 -42 -127 -59 -88 -48
36 -1 124 37 4 -53 -20 -78 -53 -5 80 -65 -39 -39 5 -68 -74 -62 -100 -107 23 -43 -35 -33 -17 61 12 -101 -118 38 -56 48 42 11 -42 -81 15 -18 -97 -29 -50 -89 -54 121 43 9 -98 60 45 -40 -63 -61 -62 21 -85 111 -97 9 53 -20 -20 15 -44 -128
-27 -20 28 -17 -19 23 45 83 42 -82 -13 -73 -60 46 44 -43 63 3 57 -8 36 26 -90 -17 -51 -50 -98 47 -63 24 -29 -28 17 -29 85 -64 -79 -29 -15 -96 -5 -65 -56 -87 72 8 39 31 99 -48 -29 -48 -29 -109 -23 45 17 -4 18 -41 10 29 -51 53
36 -47 -38 -14 37 32 -111 -19 -75 36 -57 83 -39 50 59 122 24 93 36 47 57 28 81 46 96 21 46 98 -57 -31 4 29 -72 74 45 -23 45 55 -5 21 -37 -12 24 25 -109 -59 -34 115 30 46 35 93 35 -40 48 16 26 44 39 26 -110 -13 62 54
36 12 -26 23 26 13 -19 -86 -101 -48 69 39 -20 -24 52 -17 -47 -62 60 55 -22 41 41 37 87 -58 2 36 47 -75 -65 -31 79 3 16 -2 37 28 -1 -116 -20 -68 -76 -22 16 -3 -31 -8 -73 44 -22 -43 66 -17 -5 0 36 -37 -30 10 0 -49 10 17
-32 -9 -18 15 -11 38 -90 51 -22 -97 2 -15 -65 -83 -22 51 -34 11 -18 4 -1 -49 61 -6 -20 -41 -16 14 -54 -19 0 -28 -35 18 18 13 -30 25 34 124 13 43 30 63 -67 -76 -29 104 -39 -33 -14 -118 40 -23 0 19 7 5 -60 -55 -28 -75 36 -44
-21 -64 -6 -40 -15 -94 40 -98 -91 -20 28 -41 4 2 -21 -64 35 -27 71 -36 0 -34 32 -86 75 25 -75 64 11 -9 -37 -57 -63 30 109 -15 33 -49 -78 -62 -62 -46 -73 -77 -11 127 47 13 -75 -98 -65 81 -93 -58 6 31 63 -64 28 -114 36 -44 -57 -22
43 27 -29 86 36 -71 19 8 13 -35 60 33 10 -64 21 33 123 -72 -126 -44 76 8 -42 66 -13 25 26 31 13 -68 19 126 -108 -74 73 -97 72 5 26 -71 70 -77 55 63 2 22 0 47 15 3 85 119 11 -43 -7 16 -91 48 -15 -3 64 -49 42 -78
-55 -49 -25 -39 -21 101 48 -18 -123 -123 -84 -43 -91 -59 -6 -57 -79 -119 -78 122 59 -9 -84 -115 -28 -9 -79 -81 4 -62 -64 -42 92 125 -73 -46 4 12 -118 49 24 35 -91 -53 2 -81 -18 -49 -6 -27 -75 -105 2 36 -56 -28 82 -49 -95 -121 -23 -82 -44 27
27 11 41 76 -10 -9 -32 -45 -100 74 46 39 -60 108 -8 8 83 92 -114 28 30 -34 -8 -128 47 55 -18 -39 -57 75 76 -16 44 19 -117 91 -19 30 64 -120 -40 1 33 29 -97 8 32 66 40 -20 -75 34 -46 37 70 30 76 56 -3 51 65 44 35 -41
4 -28 -88 -49 -1 66 97 9 17 -27 -102 -72 -36 -56 -96 42 -34 -33 -30 -63 70 14 -117 -55 -72 -49 -24 -48 -44 -11 -22 -44 -29 -8 16 -67 123 9 55 -105 26 -46 -20 4 -7 -46 -48 -41 -44 -49 -17 -53 44 -82 -31 -40 24 43 -55 16 19 -101 -32 -102
-3 1 -6 -30 -15 94 -7 -8 -83 -19 -81 -88 -39 -76 78 -7 25 5 2 -35 -113 -91 -10 -9 -91 79 46 64 -16 -80 70 -50 30 57 2 66 -43 -73 -33 -67 -68 -18 3 -68 -6 35 38 7 30 -59 -20 -31 80 -17 54 -102 -55 -56 -95 -58 -72 -10 43 -91
102 2 -33 45 92 79 26 -49 -2 12 47 -1 -56 17 -32 41 83 -29 -76 9 -2 -86 30 32 -56 28 -3 -1 75 15 62 37 -61 33 63 14 49 42 -59 5 51 -33 -86 74 112 14 -85 -19 -59 43 39 81 21 -99 90 -107 53 38 -67 -18 124 -111 16 -27
4 14 -119 -85 -58 -30 -12 34 56 -69 37 -55 -52 -74 7 -46 13 12 -91 77 -19 -13 -12 5 -13 57 15 -23 -128 -68 -19 32 -69 48 2 -14 -6 39 -114 -24 -67 -4 3 -21 24 82 -26 -47 -26 -46 -8 28 -83 44 -28 -32 -33 -48 -33 76 -38 -83 -34 -33
-42 16 -85 22 -30 -65 32 43 -21 -38 95 6 67 -14 -51 54 40 5 -25 23 -76 50 -18 -100 -5 26 -46 -47 42 -54 -29 -35 -57 5 15 9 76 -25 33 -94 68 75 19 20 71 -11 -11 -45 13 60 -8 68 -81 12 98 17 -37 33 -11 42 39 86 -44 -87
71 -102 18 67 10 45 66 102 34 31 -34 -14 -9 -40 -51 60 18 2 15 70 12 54 91 26 -77 13 -103 65 61 -15 -38 -76 28 -19 -9 16 -30 -28 -21 23 -29 11 120 -48 74 22 -56 -27 30 30 -51 31 -32 42 101 -2 26 -61 -83 -36 77 25 80 -19
89 -1 -62 -105 -91 99 76 -3 76 -65 -84 -13 -3 22 -87 20 -42 72 54 -70 -32 -36 2 -36 9 4 -16 -50 1 -79 48 -34 -125 19 59 -40 73 2 123 -61 -16 12 -38 3 42 36 19 -22 28 1 14 62 14 -23 -5 12 -82 29 39 -44 -96 -28 -2 -82
37 -50 8 31 -86 -109 -3 14 -30 -30 -85 -48 124 5 28 49 117 48 -102 -42 -16 -21 102 -57 -50 -54 -79 -12 -14 -55 -63 -75 54 -65 -34 101 14 22 45 -12 -24 -82 -62 -43 31 84 17 -62 14 11 -25 40 33 8 -72 -9 -58 -49 11 -38 -34 54 32 20
39 -22 66 104 -21 -17 -45 98 -72 -53 35 60 -30 -118 -9 -59 12 -2 -40 84 22 42 44 -38 26 -57 17 79 -78 25 -8 -50 -28 39 -88 -90 11 34 68 48 57 -25 3 -102 -16 77 2 70 42 -102 -51 -107 -30 64 -61 -73 20 47 42 32 42 22 -19 63
2 73 48 2 26 -9 38 -46 44 -119 33 -37 47 26 70 57 -101 34 58 -27 37 -34 21 74 70 -38 74 -70 -36 55 -19 124 17 61 119 34 62 -5 126 113 83 -21 49 -21 108 6 72 107 81 99 44 76 30 49 69 -82 15 37 79 93 67 -36 81 -16
-103 18 44 -81 15 -118 6 37 -6 -12 -31 127 11 20 -1 41 -70 12 7 -67 -31 -37 89 5 -32 29 81 -50 20 -48 68 34 17 14 -34 -50 55 88 2 11 -57 11 -14 -65 88 -71 19 40 -34 -14 12 118 1 11 -34 -18 42 -43 95 28 -3 9 -118 -113
-13 17 -12 -18 68 39 -126 8 57 -119 56 19 48 41 -38 12 42 -48 -112 23 57 -26 -18 74 51 -31 72 -11 5 27 -118 -4 -96 -35 15 -24 -57 23 -21 98 37 -33 31 73 53 -18 65 77 -86 12 55 -35 40 -23 -61 60 1 6 -25 67 -49 31 38 89
5 -11 0 6 -104 47 -86 -16 51 7 -54 -100 75 32 -12 121 35 -37 -60 84 48 16 -24 49 54 29 53 -46 -111 67 -122 9 4 -32 10 -124 48 31 -28 -11 81 -44 -50 -115 69 113 5 89 26 42 -14 -100 41 -61 -58 50 -122 49 -19 33 6 55 56 8
126 -112 27 -44 -40 -15 113 -71 -111 -6 16 -46 -68 -71 -55 10 118 -89 -54 -26 -86 -71 -34 -30 -10 2 -15 -58 -72 -33 34 -71 -107 26 -83 -85 -107 96 -30 -114 -87 1 102 -88 -32 -57 -28 -27 -43 -93 13 98 -105 -44 -30 22 -10 -77 -21 -21 -101 -96 79 -56
8 14 13 21 6 105 -8 -34 2 0 -5 4 67 -23 -14 -13 -20 -29 -32 -44 -1 17 -54 -40 67 -21 7 39 0 -40 121 47 -36 -7 -45 60 -74 -71 -27 -44 -77 -29 -28 -33 -31 55 46 -47 -74 8 -74 -72 -49 -28 -46 14 98 126 -5 -41 -1 -40 -16 -22
-100 -13 26 111 0 55 62 66 66 62 111 -32 0 16 11 110 105 -100 110 48 127 46 102 95 -101 -13 -26 114 26 -4 8 116 38 3 13 112 26 -17 73 5 16 25 99 5 103 -48 62 -3 35 122 35 23 76 41 -112 -102 84 8 5 -82 115 98 27 95
-11 -4 59 -84 -38 42 80 66 8 88 29 17 68 20 -9 31 50 57 66 43 18 18 -48 76 69 56 -40 49 2 83 -50 9 -20 -16 -44 -25 12 -37 -66 79 -103 39 -73 -19 74 34 47 5 -8 -25 -20 -97 114 -51 100 69 -75 37 0 61 57 93 85 107
26 8 119 58 -58 -50 106 67 -12 14 27 78 -3 -3 14 90 -21 89 -16 -63 37 5 -40 -81 -26 124 -15 93 91 -6 35 3 -4 -28 -42 6 -4 -19 -29 -26 65 8 97 -8 -2 85 14 -16 46 19 9 33 58 -18 -11 -12 58 -70 -8 109 19 16 -27 -16
-53 57 43 -1 112 -65 26 84 0 115 68 19 19 61 59 79 7 59 64 18 68 39 -78 -17 -45 10 -27 105 -17 -20 4 21 70 67 -55 22 33 39 110 52 52 13 -18 -116 -79 23 38 94 50 -88 17 14 96 -33 -36 20 82 93 60 60 64 48 58 79
-3 33 -20 108 -24 -3 -4 -11 114 -3 18 -6 82 76 25 19 15 44 -63 45 -14 -44 44 85 51 29 -45 21 8 -28 5 36 -11 -48 21 11 40 -51 12 75 -40 -81 26 47 -26 12 -38 -19 54 -103 79 69 106 46 -16 -54 26 23 39 -2 14 42 26 35
-1 -15 -47 74 86 52 49 32 18 -8 63 33 44 28 69 75 98 82 -54 -24 -21 84 -51 58 -73 91 25 24 21 -42 16 15 49 -7 -18 -30 6 40 39 77 74 8 -18 -10 76 9 -63 -16 -48 -6 49 -34 20 21 37 69 -93 -127 107 66 -126 12 86 94
-23 -92 47 66 -5 -20 -67 11 -19 -17 -28 18 11 38 105 -22 82 -7 -23 -101 48 36 -3 -4 -45 39 68 -68 69 7 78 33 23 -91 66 -51 -35 -2 92 3 21 -24 -12 83 -21 -26 -16 -3 -18 7 60 -71 -11 70 12 59 -24 40 -7 -93 42 10 5 -35
-120 10 29 -82 -50 13 57 -15 55 28 81 -16 5 58 48 11 100 -28 71 41 48 110 74 14 34 68 20 86 17 -43 -20 -3 35 51 -45 -2 36 42 -115 67 37 23 -24 -32 -24 -83 34 38 3 -16 -34 20 -10 61 25 -13 34 22 81 -31 117 111 -88 -65
96 -26 60 92 11 3 73 13 -78 8 29 -42 -70 17 -7 -50 -36 -19 -7 -19 -3 56 -99 -18 68 17 -42 22 13 -48 -57 9 15 35 -94 -50 -17 57 -16 122 -108 47 40 -50 76 18 68 75 51 -39 -10 28 -34 87 30 70 -23 27 57 30 28 117 48 -61
-89 52 -6 -44 10 35 -87 -36 -97 -57 -2 -71 9 -14 -71 24 -28 8 0 -34 66 -57 -75 127 27 -41 -77 -27 -19 -46 -49 -38 -89 14 -33 -18 -42 -15 76 6 34 -90 -42 13 37 6 -94 -47 -16 20 15 -90 -107 114 32 -87 -39 114 -105 53 -71 -115 -31 -42
-13 8 -38 14 21 7 -6 -23 54 104 2 66 -33 16 -57 -15 104 55 91 50 124 71 24 52 -15 71 36 88 -18 11 33 91 19 7 93 0 -6 -43 15 -11 61 43 60 74 92 53 -28 11 0 51 60 62 2 73 -79 47 4 27 58 15 127 -13 53 36
27 -13 3 16 69 74 -10 75 75 67 68 -13 31 -111 37 -120 120 11 67 3 60 74 9 -117 -25 64 -56 2 -51 -107 -83 52 49 91 31 117 -43 5 17 87 31 34 33 55 8 125 45 43 -86 8 -5 26 79 100 56 94 22 24 -8 -3 27 23 95 -2
5 42 -8 -10 -13 -5 26 -35 -10 21 58 48 26 51 14 -107 60 -25 -12 12 -33 -35 77 24 -9 21 56 34 1 17 -1 17 63 24 -4 -25 -122 48 16 -4 43 -3 -19 2 98 24 60 -58 -39 6 -45 4 92 -25 -97 61 29 101 -69 45 -4 61 75 -3
-55 -61 -41 18 -4 -20 -29 8 -60 -29 -53 -50 -21 -12 54 127 1 52 -45 81 -80 -27 -33 -40 53 -41 31 -29 -44 -52 37 -67 12 -65 -62 4 85 47 18 -85 3 34 -24 64 66 48 -43 -89 -54 42 53 -22 -21 -5 -83 -53 2 -28 -12 55 -11 -2 18 39
-122 60 -1 43 26 20 93 53 -102 115 -53 119 41 120 32 45 -40 -74 51 10 84 1 29 20 -69 61 -28 -30 51 27 101 42 52 26 20 5 -36 11 -91 43 5 39 75 -52 10 29 -30 -77 23 -85 -119 13 43 -40 -16 -25 -35 -75 55 9 26 69 35 71
27 -2 -57 33 -20 46 -36 68 -27 -42 47 -91 5 -29 38 -1 40 29 18 -66 63 36 -25 28 -13 59 -94 16 -63 84 61 18 -42 25 77 52 1 22 23 30 -7 29 -62 -27 4 -84 -22 8 -57 83 62 49 18 40 96 -36 -95 -49 45 -33 2 -89 81 -16
-56 -73 -10 -43 55 10 -27 -35 -51 -25 28 -12 -23 -86 -63 89 -8 54 19 -11 4 16 -29 66 102 24 31 21 23 32 37 -63 -17 -77 84 -1 0 -55 0 75 48 -97 -23 -30 -96 126 -105 4 18 -108 -13 11 -46 61 28 39 63 26 12 -91 -46 46 -63 21
61 -36 21 40 16 49 76 52 92 70 18 79 -49 -49 57 -54 55 64 6 41 10 44 66 110 122 13 31 87 13 94 50 90 5 45 24 31 16 79 -31 7 -127 69 0 69 94 -101 -1 77 -120 -24 13 42 26 70 -39 80 56 65 48 96 7 -34 77 28
28 47 33 76 -109 45 -56 72 66 26 38 -5 94 18 -12 -15 35 16 91 -54 -53 -99 -26 90 52 23 -34 60 36 8 24 -51 -106 71 84 45 3 47 -4 14 49 -8 21 7 24 76 43 -124 -12 25 77 63 -100 17 119 10 18 83 71 11 73 126 -35 -103
-20 35 35 89 16 -17 -53 28 65 22 -80 -20 9 70 -5 -27 -67 99 -11 39 9 19 19 -26 52 75 23 36 55 28 75 -31 -14 16 -120 80 17 58 -59 -49 -14 41 -29 53 -23 -44 -35 31 39 70 -29 -26 45 78 -98 -39 -22 69 -49 -41 16 -47 75 -48
-49 -112 32 26 11 7 -50 -73 -43 -5 73 -78 -87 -34 31 1 -20 -3 65 74 49 -38 125 -57 41 37 -32 10 -80 -44 51 -101 -58 -1 -31 -38 22 -62 -4 -29 -31 70 45 70 46 3 24 28 -49 -84 -31 -69 -121 -80 78 4 -78 -37 12 97 -19 35 73 -35
90 105 92 -17 15 45 63 114 -52 103 82 123 15 -7 -6 -42 -36 -27 65 36 -6 54 -9 40 101 10 56 -21 52 2 24 45 -30 16 -7 -44 -80 -79 19 -51 -116 70 8 50 -19 40 -45 42 9 -103 87 -22 2 16 16 -38 43 64 62 -9 9 117 -76 48
12 110 -32 -71 -22 64 37 -21 -23 -40 105 -27 24 -60 -52 -89 -29 -74 -60 -89 -28 -59 40 48 61 -91 12 -14 12 8 -122 20 -29 -11 50 -2 -69 2 -35 26 42 -121 -8 97 40 -18 -39 -46 -77 89 61 3 44 32 -67 -62 -37 101 -109 73 10 -7 -34 -49
112 -75 -67 103 -45 -29 -76 -121 73 -71 -1 -75 -34 42 22 -4 -12 -111 -95 -127 -33 108 120 -25 -2 124 15 -52 12 -11 -40 99 49 -45 64 -98 -10 -10 25 -13 -87 39 -5 -11 -30 -38 -75 98 7 -110 35 5 -4 16 34 -65 66 -22 29 -48 -26 0 85 -79
11 52 -38 28 81 -1 -32 76 59 88 88 30 61 41 -5 -31 84 45 23 -32 -59 -16 -13 18 58 56 -17 26 -3 67 83 42 57 58 34 99 -10 35 -63 -18 -60 47 66 -11 -101 15 -58 29 65 24 82 12 74 30 109 69 4 -15 83 110 -96 28 85 -26
-5 -26 5 -8 43 71 118 62 26 19 9 -48 -69 62 -5 76 60 39 91 31 -1 98 113 -120 111 11 -7 -102 122 15 8 -51 14 61 3 -24 38 29 54 68 84 7 56 -45 70 -47 80 -125 -49 -3 -117 12 81 62 24 -13 -34 6 10 -16 40 66 35 91
-37 0 109 -26 -4 -50 27 -33 -60 -79 29 2 41 85 27 -20 14 -61 14 -61 -13 -97 -98 -3 -77 -82 -102 -82 -118 71 -49 -61 -31 117 -60 -70 -47 -112 -72 -4 -76 31 -33 -78 48 101 40 -4 117 -114 -71 -7 6 116 35 -68 -73 -56 -48 -58 45 -35 -57 -7
23 61 -84 -2 89 15 -76 7 114 94 34 2 100 -19 32 86 -87 -25 -25 6 -22 8 31 33 -97 102 75 114 46 33 61 9 -37 6 69 93 31 -78 -15 -72 -11 -29 107 119 -62 -31 -45 -15 69 57 -74 94 -29 -15 -28 71 2 -13 68 125 24 -29 -10 60
-80 -31 -20 -76 -20 -37 -43 17 -71 -44 73 -7 -30 26 22 -16 -42 -59 32 45 -21 -7 107 25 16 -58 23 -45 -11 14 -63 -39 -31 -40 -45 -64 -97 -7 77 -25 118 -62 -46 -26 76 44 27 118 52 4 24 -48 -51 -32 23 -24 -2 45 -117 -48 -121 -48 -50 -62
-38 -21 47 -26 4 -88 29 -93 104 -61 -16 13 42 -50 121 81 -5 -12 -12 -61 -31 10 -39 -60 -6 -58 75 -24 12 -43 -18 58 -50 -39 20 9 50 -23 26 -91 -32 9 3 -65 39 57 40 -42 -94 -66 -32 -63 -20 -22 18 60 -43 -33 -39 53 -40 6 -36 -19
80 -2 -42 112 28 -8 65 65 -108 -72 112 16 -12 2 -3 35 2 115 -4 -13 26 -70 -48 95 27 -55 -16 -48 -95 -33 53 123 -30 -34 15 18 -117 27 36 -32 -39 -7 -54 32 39 -37 16 -24 -19 -60 9 32 91 32 -87 -15 -49 -8 57 30 95 10 84 44
-22 50 -16 30 54 24 -116 50 -82 28 43 -5 -38 4 6 -44 -22 -3 -4 -46 -88 25 -54 -54 46 -42 -49 38 -22 22 -30 -4 -32 -52 7 17 -71 -20 -47 -51 27 4 -25 72 72 15 -76 -9 -49 -106 -28 -24 -22 -47 -34 52 32 -21 61 -68 -3 33 39 36
33 -51 -1 103 70 50 23 -19 22 20 27 32 36 72 35 6 -25 -54 -26 -57 -69 -21 22 43 -65 -14 44 26 -111 -4 40 6 -18 63 13 49 -79 -83 79 5 -5 41 -24 -77 -83 -19 -24 72 -37 -62 67 28 -99 58 85 -87 -27 6 -18 -74 -123 74 -28 26
9 -69 82 -14 -9 60 -5 -52 -38 -22 -53 -44 94 -46 -95 -18 -91 -40 7 -23 -23 5 50 -102 -60 101 -54 8 -59 -113 -30 -35 -27 45 -38 -69 7 -85 -25 -31 -113 3 2 -10 -113 -51 -93 -19 68 -17 112 -56 -73 36 -108 -102 -49 23 -60 -59 -30 -84 85 -46
19 105 19 -101 -11 98 41 35 10 45 30 -82 10 35 9 0 -5 16 -84 51 -19 -60 -37 101 -18 -16 -33 30 55 -80 3 20 64 -113 8 54 1 78 86 87 14 7 54 22 10 60 -28 12 60 16 -57 7 47 80 -58 11 -48 -13 -12 -61 22 10 33 56
4 -24 -84 5 41 -32 -72 -50 11 -18 -60 3 -23 -53 22 -17 17 -97 -109 -43 -75 -90 30 -21 -76 29 71 -31 87 -107 -64 51 -39 -112 14 -21 -55 -50 -83 -78 11 4 22 -54 -91 -33 73 58 -11 28 -35 -59 57 13 18 -24 -22 57 -104 -38 22 7 -5 -31
19 -8 13 17 -32 -13 -2 -69 50 9 -5 -29 -17 6 -50 19 7 87 92 24 -83 44 -78 -27 -52 -26 48 -20 -28 -76 24 34 -98 -87 -27 44 18 78 20 124 100 42 52 98 -55 2 74 -68 -59 -17 94 -39 40 -54 -4 -41 30 7 27 -19 86 8 117 -11
27 29 108 -26 112 56 16 -19 -34 14 -2 99 -93 49 -33 52 68 66 93 74 9 -1 119 70 7 14 -12 -6 -34 30 65 -7 25 21 -22 -17 9 16 116 70 81 29 113 -43 21 71 59 78 31 98 43 -23 42 39 24 -38 48 70 -71 -50 -32 94 15 -21
-39 -16 19 13 -128 -120 66 62 71 122 51 -19 -2 70 -48 120 23 -23 23 -84 -57 -9 -8 -95 108 -13 -3 101 -49 -2 26 55 -17 13 50 33 81 -39 25 107 119 26 42 28 62 7 32 -6 -56 68 127 -3 -31 -11 24 -121 51 -18 40 -26 72 93 -25 50
-8 25 36 -15 0 40 17 -34 95 -33 -40 57 21 -21 -41 93 -12 46 -118 21 -8 -116 -28 4 103 -55 -3 -53 -48 82 -20 -15 -27 62 -26 -54 64 58 33 -2 -33 23 16 61 65 23 67 74 -91 7 121 -37 -5 11 -41 80 77 21 11 -24 -29 20 -107 -85
-95 27 -3 -78 53 -2 21 -6 15 -2 68 49 -41 96 -64 12 50 41 55 -47 48 -6 15 38 -85 2 -77 -13 -3 -81 -17 -17 13 -75 -69 35 -28 -56 22 42 -55 -77 -64 -76 110 27 28 -16 -75 -33 -1 -20 64 -66 32 -44 40 -95 97 55 -110 86 -1 23
90 61 14 12 -80 -17 27 -35 46 37 123 -11 65 20 36 -113 16 9 -113 -97 87 -50 24 -51 78 58 62 -9 35 -70 -62 -119 -36 6 -47 -38 54 8 -15 -44 47 60 69 17 -22 -128 2 -8 73 89 -57 49 27 48 -15 89 -21 60 -35 -118 22 -7 49 -5
82 -48 -59 -41 -88 -128 8 -51 3 66 -78 30 -25 38 99 2 -53 -103 28 36 -7 -38 2 -5 -7 46 17 -53 123 -25 -38 -3 -4 64 78 -51 24 -105 -20 -16 -13 106 -85 -22 76 14 -1 43 4 -2 -4 30 -26 2 41 -69 -20 -88 58 -32 -1 -68 78 -102
-77 -58 -38 -70 -8 -98 92 -84 -20 -52 -40 -88 -50 -3 25 -32 112 -125 -12 -86 -36 -43 49 27 -37 112 -24 24 -40 22 69 21 31 57 -6 -81 21 -79 -19 -26 7 -105 -42 -107 8 -65 14 -17 -89 -119 71 12 51 -52 -39 -122 -57 25 86 49 13 -109 26 -86
-48 -92 -19 121 -79 -79 14 20 -84 126 118 -33 -64 105 17 9 -71 -85 -39 -80 -70 -128 -48 -104 6 -78 -101 6 -119 -59 -45 -92 -3 -42 -92 -22 -60 -72 -113 81 -120 -18 -30 -52 -115 -71 37 -17 120 -16 -28 -23 -40 -27 -85 -86 -52 -51 -109 -99 118 -20 1 -124
-41 13 -74 34 -1 -54 118 2 14 -23 3 -124 67 80 74 27 -47 88 -52 -60 12 8 65 37 -37 -36 -45 -49 2 -59 72 -95 -71 10 75 -47 -10 37 -36 -68 -32 -105 -13 -13 -30 -33 -49 -117 -39 13 -59 -49 52 -31 -22 -74 3 -65 7 66 38 -32 -27 40
-31 61 -12 -73 86 -3 59 -72 97 -96 -1 37 70 35 -91 7 -74 27 -27 -71 -92 40 121 93 44 52 -37 -16 -3 53 34 13 7 10 50 59 -47 22 38 12 25 -8 -4 -20 -122 29 68 111 -4 24 91 12 74 35 -55 -38 -3 -33 -41 75 19 -12 -37 -37
89 28 10 -17 63 -56 94 34 -14 -28 96 40 -15 80 60 -92 80 21 -35 92 18 38 93 121 71 -115 55 -16 -31 30 50 -126 121 -51 5 65 78 81 28 18 -17 69 116 90 26 -31 -6 -31 78 66 101 68 -3 38 29 14 69 -36 27 80 -61 -69 62 67
41 58 -64 3 22 4 -41 39 69 -115 122 108 20 53 20 67 -116 -17 -91 15 -2 11 -11 -105 -115 -91 -56 -8 75 -63 -33 67 -33 46 -21 -107 -9 10 -86 -81 -68 2 35 -23 -80 6 -66 -6 76 13 69 74 21 18 29 2 62 -28 -42 -24 -83 -8 -20 -62
12 29 -1 39 -45 -54 -14 7 -60 -57 0 -65 -36 -44 -84 41 56 8 -89 25 -7 47 -58 -51 -9 -9 24 -81 50 6 33 41 21 -5 63 -12 89 14 -4 26 -13 -7 71 21 -36 -10 54 39 -31 -8 42 -28 -22 6 108 61 -82 -94 -49 24 33 62 15 -62
73 97 75 51 76 71 -14 114 48 47 44 -19 16 42 15 100 59 60 -128 -125 -103 -48 127 60 4 48 12 94 65 28 73 -108 43 58 42 24 49 62 115 72 15 -97 92 -45 1 -50 5 70 103 7 -91 11 53 -38 38 9 106 92 12 7 23 -39 46 51
32 12 59 1 -103 33 -116 37 96 102 -15 -56 -103 82 -11 30 103 -121 52 92 -55 21 64 -21 30 5 82 -7 51 79 11 -11 94 60 -29 9 -37 61 -114 -11 40 -34 48 39 60 -82 -123 14 -62 42 88 19 19 -90 22 37 56 43 72 61 -127 -46 -34 82
78 43 -119 93 40 17 13 124 -13 -9 11 49 73 35 37 -21 46 45 28 -34 -15 -38 -70 26 35 -23 36 -22 41 108 -7 2 -8 42 -7 38 24 15 2 -7 77 30 14 -28 53 45 53 -75 -98 -102 -26 123 -110 50 11 39 38 68 -117 32 85 97 10 39
31 94 61 1 -77 -14 -9 -102 -82 27 -28 -16 25 -63 0 59 -11 91 -16 55 -57 6 -3 8 -1 58 -50 -77 28 -29 -27 -2 -8 -52 51 17 -59 2 -7 23 84 66 -77 -10 73 7 -51 -47 9 -60 -30 24 -19 -3 -16 -79 58 -101 -19 25 41 68 -23 68
-54 -41 -16 59 0 -18 -119 -8 44 -67 -82 -40 -38 16 54 103 -46 -29 -50 -36 68 91 -63 -8 8 -54 -27 -82 -118 -34 43 -76 76 50 51 -3 -38 -59 58 33 -20 -99 -30 55 -46 1 30 -33 8 -2 14 -55 -49 21 57 -53 -72 -64 43 9 -11 -13 39 -58
54 8 -29 43 103 63 -77 -60 -64 31 -44 0 -35 -1 -48 52 2 -53 9 -10 -57 -121 36 -115 -52 -124 30 21 -72 -41 56 -16 28 -25 -51 -36 2 -45 -74 -105 -59 -85 -35 -24 35 -27 -51 15 -49 -36 -33 72 116 -59 13 74 89 47 5 -114 -128 7 123 -48
-120 35 -108 -8 -36 -1 20 -73 -47 -17 -15 62 79 78 29 66 10 -19 -28 -64 41 13 -82 -12 65 -21 -65 75 -37 -62 27 38 -104 -64 -13 112 100 72 20 -84 -55 32 70 14 61 58 10 -6 46 26 118 -86 -101 -18 -6 -23 -60 -47 -15 -11 -7 -40 -6 -105
-19 -8 127 109 38 3 22 94 -90 20 49 58 19 -63 -65 -106 126 -38 59 84 94 28 78 -19 -56 -77 -98 89 -86 59 -36 19 19 -22 -31 -45 32 21 75 -3 -126 -128 5 29 -23 44 78 50 10 53 -43 77 110 45 -74 35 -106 106 1 59 80 88 48 -3
23 -127 -55 -38 27 24 13 39 -21 11 -112 -43 5 -80 90 -67 -1 49 41 69 -97 -48 -52 12 -68 -55 -101 20 -32 -21 29 -20 7 75 37 17 -34 -43 -24 -112 -36 46 -40 -9 -79 -5 43 -18 23 22 55 1 -4 -37 -11 26 25 -2 63 -75 -18 -5 -112 -60
-59 29 -15 -18 -13 -39 95 -28 0 28 -53 0 52 -30 96 53 -38 15 63 -36 -96 -100 -15 23 -56 34 -25 -8 116 44 8 -38 8 19 24 45 28 71 31 -65 87 -34 42 59 85 97 50 16 123 -18 73 73 65 -49 44 1 61 22 -18 -42 -63 107 2 19
122 -87 -24 100 -27 116 -125 101 -24 -30 -47 111 -4 125 95 -81 -79 -7 -126 -57 46 -45 -117 -81 -46 -19 111 -119 -110 -84 -111 -58 88 -91 -92 -36 8 -34 -36 -21 -20 -16 82 -47 -27 -51 -127 -20 -113 6 116 100 66 -90 -61 14 -30 -47 76 -120 12 -101 -21 -56
24 53 -37 -110 71 -27 56 105 -17 -62 50 71 10 53 84 -78 -126 -107 71 64 -17 7 59 46 80 34 103 -9 92 5 30 12 34 75 71 33 53 53 74 -67 57 53 12 104 -5 41 -116 113 -80 6 32 94 84 49 7 25 13 -61 72 15 101 98 109 122
45 43 -48 31 108 35 101 79 9 -9 21 -19 19 58 -97 37 40 2 17 42 37 42 74 -114 -3 4 47 36 39 -19 -125 27 35 39 27 19 9 -80 34 2 -119 35 60 48 59 -115 -28 -24 45 -127 -45 117 52 73 87 -44 51 27 -3 -56 117 22 -13 6
20 -8 28 -33 -93 -114 11 8 -52 32 54 56 1 -39 -52 2 26 -29 -50 55 -69 1 -4 -34 82 -52 37 53 60 75 -10 101 3 73 -105 -57 41 37 45 32 16 -47 10 88 -63 2 66 -64 -107 68 -30 16 -62 73 -4 18 9 -48 -23 -93 -99 -15 -70 12
16 -39 -102 69 112 105 -15 -46 101 68 46 86 -127 -125 24 26 0 64 75 -18 25 -125 69 74 48 45 -81 -70 112 91 101 73 65 70 -122 19 73 -113 69 -114 127 -25 -88 96 62 50 30 -128 94 39 25 83 39 -24 39 82 14 8 127 66 -11 24 90 -94
39 42 -4 72 -41 112 18 -25 23 125 12 58 -18 -19 -64 57 7 -9 55 -111 14 121 -12 75 9 82 -44 -31 -2 -68 -13 -44 -16 69 46 7 29 -84 -2 111 46 -12 -76 -34 12 -115 40 16 31 -6 108 16 -60 35 -42 -39 -61 47 -13 64 49 54 40 -66
7 -11 51 80 -96 -93 13 2 -55 -116 -19 6 114 9 93 17 -30 25 16 97 -61 112 -46 -51 -28 22 -45 118 -53 24 2 -34 5 -50 124 3 -29 13 -43 3 -118 -25 -118 -9 -50 8 -33 -43 -91 -38 -39 -55 111 43 46 103 -61 -59 -106 -91 -79 -34 -60 1
-37 -58 -20 -75 18 17 110 -29 -1 13 -107 -126 -87 -1 91 -48 48 -47 -49 -57 26 -65 42 24 28 -16 -20 48 101 -6 -120 10 -70 78 -6 -8 -9 21 -50 -9 -57 -35 -8 63 -50 -8 42 54 40 -25 29 111 18 -53 -28 -77 -48 -67 20 58 -99 -7 -48 97
-122 2 8 -12 92 30 88 -9 -13 -42 -30 61 -52 -35 63 -5 -9 -7 53 43 59 14 -57 -8 -28 -71 -9 -7 34 13 7 5 113 -128 54 -34 -3 20 -57 105 14 -12 -2 14 -29 -43 -28 -78 -51 36 -83 -8 -56 100 31 -4 3 44 -22 -22 52 -7 33 -51
-16 56 64 -8 -55 -5 -52 -48 -97 -65 -3 -35 -32 -47 4 -90 -12 -67 52 28 -40 -55 -49 0 24 -29 -34 43 46 8 2 -8 88 57 1 -36 -35 -81 -77 -122 51 -100 -68 18 -46 70 -111 33 31 32 20 -35 56 9 23 -4 -30 -103 -28 -93 -48 -29 -42 -33
-45 43 -41 -85 55 -49 10 81 4 -20 -61 29 41 -90 -72 1 12 121 23 23 -13 -10 -90 -45 -66 -7 -128 2 -1 -101 -24 -57 -73 24 -94 -55 -78 -65 -11 -108 -110 -43 -41 115 -87 -51 98 34 -128 -87 -8 18 -56 27 110 48 -72 -31 17 -61 58 -88 34 78
102 104 37 49 42 89 -4 54 -17 69 -81 99 -91 61 -118 -81 -12 -5 -69 -9 -34 -1 36 24 -30 -49 -57 52 110 61 -26 54 -10 36 -25 -17 26 -12 10 63 31 -35 65 -10 -5 87 -46 -63 -24 117 -29 33 71 -10 4 13 91 12 33 54 -7 -18 67 14
-85 -43 85 31 75 34 113 -81 34 -72 75 -122 8 78 29 70 64 -14 33 53 49 -57 113 47 26 -38 80 20 -115 69 -18 27 105 -38 45 41 -68 53 -41 45 45 37 77 70 41 48 9 66 -10 123 0 69 77 13 57 -101 -71 -122 -68 86 107 -1 -41 69
-32 -33 30 29 -81 -74 57 -56 87 -66 91 31 -21 -120 -100 7 -52 58 55 13 -39 10 104 67 38 24 -4 -29 -89 -34 -20 25 -80 86 -26 -64 -10 -61 -16 -20 107 40 -116 -76 -53 -20 46 29 34 -3 -60 -116 -39 -22 18 -18 17 -25 -33 -69 57 76 56 -17
-42 -89 -25 -55 17 -21 -27 24 -101 10 -125 1 -79 -89 -55 -39 108 49 -108 2 124 -76 99 -69 -95 -18 -43 40 -55 -84 -74 -23 9 113 -87 -49 -63 -82 -27 14 -45 -36 -96 8 -86 -7 -80 -120 -64 -8 -42 -96 -54 -27 -117 -118 -20 -89 -97 -55 -96 -74 -70 -18
-17 -4 75 15 -35 66 45 -64 -8 19 61 -19 -35 81 17 -57 -25 88 27 27 -15 35 124 34 -26 -121 -19 18 -20 -69 -85 25 -30 77 -73 50 36 -96 -31 52 -68 2 -33 -37 38 10 -92 -1 -39 50 78 -42 50 -76 -27 28 31 -92 60 -11 5 -11 -26 -6
-23 51 -124 105 -70 -26 28 -101 -69 35 -7 -4 20 -28 68 -5 -59 -22 7 -29 -39 4 -56 91 -12 -43 -64 -26 -11 -12 -4 -66 -35 50 -8 -50 13 17 -31 -6 65 -42 27 -33 11 10 -57 39 41 -10 -46 24 34 -9 12 106 -115 19 -76 -4 -25 71 -28 -26
-103 -31 -24 -90 -17 16 14 -80 -91 -40 -36 7 -23 19 -51 -107 -90 -73 -70 -88 86 -19 -13 -90 -105 -43 -9 123 -50 -102 40 -37 122 -62 -95 -86 -42 74 75 -49 99 -42 -62 -60 -13 -71 -22 -47 -28 -90 -22 -89 -78 -11 -38 -126 -49 52 -23 -63 -36 -119 108 4
80 0 19 -69 -23 56 -24 -53 -97 -1 -6 -108 -15 -36 3 26 -15 -22 14 46 44 -31 109 24 64 105 0 -30 126 122 -42 3 36 25 -5 42 12 -107 -52 78 -46 -40 118 28 55 -51 72 -39 18 -27 -15 -73 -96 58 29 28 28 27 14 49 -39 -49 49 15
5 -41 -9 -71 -90 85 -26 -24 23 45 -20 38 16 -67 -30 -29 -22 -23 -38 -78 64 16 -1 -22 8 -13 -64 36 61 2 -48 8 3 49 83 -83 41 -79 24 -3 -26 -79 28 -93 82 -49 6 -76 91 19 20 -31 -43 66 -69 67 -52 86 33 85 -62 56 -51 10
-79 -30 31 -43 18 13 17 58 -11 -8 37 69 16 -5 78 64 -23 53 -74 -80 -2 62 -31 -18 -22 -28 -64 -32 -4 -105 -42 -113 -8 -36 -21 -108 -7 -37 -32 -37 13 -65 5 -52 -46 107 -74 16 43 -36 1 -19 -78 -73 -82 -93 -17 -96 17 13 48 23 -110 -16
51 -21 -55 28 -24 36 6 -17 1 76 -25 -12 25 -29 36 -81 29 58 -65 13 17 13 63 96 54 24 3 -9 -124 -52 31 19 115 92 -88 -6 48 -86 -78 -35 25 11 75 93 20 -75 66 9 -19 84 -24 82 54 -37 -78 44 -78 71 78 82 -32 -40 8 13
-27 -103 -49 49 6 -9 -45 -8 18 42 42 -57 22 -51 9 44 -99 35 -34 -110 0 -41 -46 -77 -51 -61 53 -71 41 -24 -105 -93 -44 -29 -87 -31 -13 36 -52 -39 -35 -48 -43 -30 21 -75 12 39 -14 -15 -93 -47 -58 -53 52 26 92 23 -95 -35 -35 58 -92 -14
-43 22 -14 41 -33 -24 -27 -75 -13 15 -115 13 36 79 7 -33 -94 -42 -7 14 -62 82 -59 -47 -12 -34 48 -57 5 -5 37 -41 30 -41 -19 22 -89 -34 -50 2 44 6 -6 81 -47 -19 -48 5 2 36 25 -60 -11 53 -38 -8 -76 15 -37 -28 -74 48 -57 -26
-81 -36 -52 -35 -19 -16 -77 20 -108 -117 -79 68 103 106 -88 -87 -39 11 -128 -17 -82 -104 -14 -64 -75 116 -91 29 -65 -24 21 -101 -21 -1 26 -35 -70 -19 -30 -79 -7 97 -15 -90 -58 -75 -47 -26 27 2 -93 -33 1 -44 -57 -37 -12 -22 79 -71 125 41 -37 -64
27 -97 8 -18 -41 56 82 -75 -19 50 -44 -39 -79 -111 64 8 6 -66 44 -56 68 50 -3 -34 3 1 -5 -95 -70 -71 -56 -48 49 -27 -15 -20 -122 27 30 115 -108 -14 -64 -124 16 -54 -57 44 -80 -25 -57 -91 -88 -51 10 26 15 -96 -50 -34 14 33 -47 -18
-12 60 -63 20 22 116 -55 -34 -23 0 -102 19 -72 -82 56 -53 61 89 -61 -35 21 79 -101 108 -27 -11 -2 -12 66 1 60 -8 45 -46 -20 25 -55 11 26 50 18 30 -63 7 -101 -43 5 -79 35 -8 -43 -13 49 11 24 -83 -79 -12 -15 27 -47 -108 -1 62
86 50 13 -32 -50 38 -81 -72 -47 -34 -7 70 -16 90 -4 -123 -14 44 -85 -30 10 28 96 47 -84 -28 48 1 -36 126 25 14 26 -4 49 -91 -30 54 42 -2 -19 15 11 -71 -10 -5 -60 54 70 -46 -48 -22 103 -6 -9 91 -30 68 -30 58 -25 -56 -6 75
-105 -87 8 -4 -68 52 -2 -49 -3 -16 -66 -66 -93 50 72 -45 -12 65 65 -69 -80 -111 25 9 14 -111 -79 4 -10 -6 34 -112 54 74 -6 -66 -22 -26 25 -15 -95 -63 -74 -53 -21 123 -1 -78 89 1 -40 -58 77 -121 35 -11 -70 42 -61 -70 -42 -46 6 30
-34 -16 -28 -23 -111 -23 -83 49 18 -39 -32 -32 7 6 -10 70 -12 -52 -14 5 -72 -15 -24 -32 -31 87 -55 -30 -93 34 -3 -20 -42 -69 1 25 -6 30 61 33 10 -95 -54 -32 -35 -50 -39 -3 -73 -3 -73 -63 27 -36 -56 -46 -74 -53 21 -88 -28 -74 3 37
-9 -31 92 -124 27 -20 10 -23 -7 92 36 -59 51 -16 91 82 49 -115 75 120 48 62 -13 23 48 86 93 74 62 -123 22 63 32 -17 33 -104 48 61 15 -43 59 49 -38 39 9 16 40 25 69 50 46 54 114 -40 -2 41 50 31 76 25 87 42 35 60
-51 -25 -101 -84 -34 127 -54 -81 -7 -10 -7 -80 -121 -53 -77 -3 1 -119 32 -58 -10 2 34 -74 -46 -39 -67 -14 -24 -113 -28 53 -70 -29 -9 76 68 -34 -41 86 37 71 -32 -28 1 62 -27 -65 -32 -3 -36 -19 -49 -40 -109 2 -36 15 -70 12 -53 -12 68 5
13 -4 -69 10 26 -24 -5 82 -30 53 -8 96 -51 87 15 -19 -48 41 23 -54 101 -22 8 -14 -60 22 0 53 -47 118 -107 20 2 46 53 9 38 -49 -61 -17 63 8 30 -14 25 22 -45 -39 -68 27 15 106 -42 31 24 19 -54 -25 -8 -54 -93 -53 50 113
-56 7 77 10 1 -73 -44 -35 5 -102 39 -22 56 -18 23 33 70 4 57 -110 74 16 13 60 -30 100 0 -29 3 27 -28 -50 29 42 -93 12 -18 -58 -102 80 33 13 91 28 26 48 90 -15 6 78 -2 17 48 -110 -47 101 -16 47 84 44 103 -21 -31 -50
-16 2 -25 23 -46 -52 -85 75 3 30 50 11 -112 41 1 48 -18 -57 -77 5 -89 55 -10 -13 -33 120 -33 -27 -10 27 91 -94 -38 37 12 -16 -30 87 -41 12 -69 -16 -24 -38 17 -56 -37 -35 30 -94 44 -29 -32 -24 -1 -28 19 -16 10 -40 -7 -14 -26 90
24 51 -24 15 73 70 -18 77 58 60 -13 18 -23 -50 109 53 12 59 -2 33 -39 26 -74 57 -2 -16 -97 -95 -12 95 21 -39 14 2 72 -14 -27 -21 21 79 -45 23 -46 53 -34 80 -35 -17 -10 94 81 -2 -58 56 -59 85 23 -28 -40 -42 115 46 66 22
20 20 80 -12 -64 -49 50 -16 3 -57 -19 -59 -7 65 -32 33 18 -6 47 70 100 19 65 -37 31 5 -2 35 -25 115 100 -90 42 73 52 74 42 -39 96 -49 39 71 4 76 116 3 33 46 -86 79 -95 28 10 -11 68 6 -3 -66 27 9 -22 60 -20 -57
94 75 38 11 121 17 -47 -46 53 71 -15 -47 92 33 82 84 -112 -27 85 79 99 48 43 86 47 49 71 52 -19 9 -112 -2 -22 -47 18 111 -11 44 -43 96 -64 -23 8 25 59 22 -89 14 -15 34 4 -9 37 -119 83 -15 20 -127 12 13 9 6 21 5
17 16 25 123 44 -21 36 23 36 -117 27 63 -8 -109 18 8 48 28 29 63 75 58 46 18 -53 -38 37 75 33 31 -49 -24 28 50 16 46 -88 -30 -13 27 -104 16 58 69 71 -45 -9 76 54 29 -75 -49 -29 48 26 25 117 35 31 51 68 26 44 63
-51 73 -77 56 0 6 -9 26 20 -45 -23 -22 86 16 -54 8 -11 28 3 -24 28 -12 20 -77 4 -13 32 62 35 21 46 -80 6 -40 -2 22 -2 -18 -39 0 -32 1 52 3 -10 -36 -96 27 -15 -2 4 20 20 56 17 -44 -56 32 65 10 -17 -41 12 44
-46 -53 -39 -44 -26 27 49 -46 -81 67 14 -60 -27 -61 58 -40 -107 -68 5 72 -120 48 -109 -39 -36 -71 31 -56 4 -24 -19 21 -36 -51 -57 -8 -52 7 12 -61 -10 -54 52 58 -13 -106 7 -48 22 -44 -62 -120 33 -24 -108 38 -34 -12 -62 -114 51 -11 -60 -94
38 79 -11 78 5 10 17 19 76 -65 44 80 50 14 71 24 -16 -33 61 -108 14 24 24 51 51 61 -27 -8 36 40 1 -49 -57 101 47 60 -3 78 4 -41 22 33 13 -4 30 79 -34 -48 39 -45 100 55 19 66 -52 25 -6 38 -39 86 16 99 21 46
31 56 -39 -2 39 -33 109 -124 109 -39 17 70 -52 -48 67 -41 34 -64 4 -27 4 -117 -127 53 76 -4 1 83 -2 -59 58 13 15 -5 -101 -8 18 -91 2 -36 13 75 -24 13 -90 72 30 40 87 75 20 24 56 15 -60 67 26 -97 65 -122 -12 81 18 -23
63 7 -30 2 50 -41 -40 -25 -7 -56 -14 23 54 -26 -5 107 119 -23 24 -22 -35 -35 63 73 -5 43 -24 -42 -25 57 6 -6 126 -66 -17 5 -14 126 39 111 52 103 -67 16 23 -14 -6 -70 -19 -59 -39 -43 13 -19 -10 37 -28 19 -5 62 4 126 18 4
-63 -60 -7 95 74 -87 20 27 -97 51 -4 71 9 46 62 121 27 -12 -23 112 -41 -3 -60 -57 -123 -14 51 50 -54 -13 31 -21 -74 69 11 -9 29 -18 9 -26 -60 31 -1 -53 -18 -66 -33 22 3 12 67 19 -7 79 -28 45 48 -15 91 -1 -93 99 -9 24
-70 59 77 85 4 84 14 -52 -96 65 21 -48 -1 -30 68 52 105 92 117 -7 76 25 42 -62 -27 113 -82 -18 65 44 105 -5 98 37 38 -23 54 51 17 -43 61 -6 -78 -94 4 65 -60 -110 25 30 66 57 103 62 30 69 2 1 108 89 127 101 96 120
13 -4 -39 42 103 11 -107 65 91 12 16 47 -40 24 -10 26 83 -109 -30 17 -33 -13 118 102 3 37 -90 -10 -123 69 -13 69 79 37 24 -95 100 -18 -18 -25 22 -14 31 81 86 -13 -46 26 38 19 20 29 100 -7 -17 5 99 32 -11 110 88 -8 87 27
2 11 100 89 -58 76 46 -74 -125 65 38 2 86 7 46 -73 -37 39 -63 55 44 122 113 41 24 -17 26 62 19 -88 -7 39 -21 59 -11 -68 -52 108 110 27 54 -20 30 22 -7 90 31 55 46 -74 -8 41 114 63 55 -10 91 1 14 53 -5 -20 7 83
-45 -13 91 117 -15 94 -54 -16 -42 -35 -2 -59 -40 -5 -76 110 -31 26 27 42 7 13 31 8 14 56 78 -14 -68 -102 -50 -47 57 -62 6 49 -67 51 20 59 -34 71 108 4 107 29 15 84 -93 29 2 -3 54 -30 -61 66 39 -20 -77 -73 21 10 -10 23
50 9 -11 -10 25 40 2 49 6 6 35 38 -115 -39 -54 75 24 17 97 48 33 -16 12 87 52 24 86 55 115 24 48 -127 4 -79 35 49 28 2 12 26 -12 34 -46 116 24 -68 37 67 -2 95 9 30 70 81 120 -8 27 43 -67 14 44 -5 27 -8
71 85 -118 -4 -120 49 63 14 -58 45 57 70 33 6 -114 -92 22 -42 38 -128 -17 -17 -49 -3 -71 43 61 1 39 -32 -17 99 5 105 66 29 -23 124 44 -4 38 12 29 -25 -12 19 -27 82 26 72 86 53 34 -128 36 79 44 49 -106 -25 -82 58 37 95
61 -23 18 91 42 -87 11 -83 -57 21 -47 -50 94 -120 -15 11 -11 -85 5 -43 60 21 -3 13 -97 17 -8 82 20 -17 -9 33 16 -38 8 42 23 33 7 126 1 -50 4 66 -28 27 -2 -5 -48 -19 -33 -9 107 -3 -93 16 -13 94 -61 -43 29 -61 -84 82
57 -20 -28 -7 31 4 -39 -13 18 87 100 -75 44 1 27 -112 5 -65 -74 104 56 -27 -16 31 65 4 34 67 13 -56 10 63 -21 -33 23 -22 65 112 5 2 -105 39 68 62 2 14 26 -44 -45 -43 31 21 -69 62 -67 17 -12 15 19 -34 87 -60 -56 -86
-29 -29 86 73 -12 -116 34 -13 51 13 31 -19 39 -113 -40 35 -3 87 42 1 -4 25 43 -31 27 32 3 -47 50 -8 -128 -74 56 -128 25 -12 50 -8 95 8 21 45 -1 108 -15 -119 11 19 -17 11 5 -18 -4 48 66 -14 4 20 96 100 -20 -71 -7 21
6 68 22 111 100 -36 35 74 29 57 66 18 60 -26 85 59 -105 64 -39 31 -119 70 -2 91 70 -28 76 94 -77 107 0 -78 62 -17 67 79 29 50 -60 -92 90 -24 74 100 -66 -8 13 -72 41 82 19 19 74 -19 66 -26 39 79 53 7 30 95 27 -66
48 -64 -128 -33 100 39 108 -20 -53 58 -67 22 90 -9 -21 113 76 26 33 115 28 93 24 34 48 -13 43 59 -50 40 39 -1 109 99 38 74 -7 -27 43 66 70 -43 -42 86 51 -50 12 -126 -9 47 -114 24 26 38 86 -56 21 68 23 -33 8 62 5 24
22 56 17 -67 63 -1 -100 7 -12 -113 53 85 -51 -13 -90 32 25 -18 17 -55 81 10 43 47 -1 37 24 34 113 -120 61 -45 38 -53 -92 -19 9 13 0 -30 12 18 12 -12 -25 28 -84 26 14 8 4 74 69 77 48 67 -34 -20 -11 38 -11 -14 27 -32
-124 -97 79 30 -18 -30 -28 -106 -46 -100 -19 -29 -117 -68 -63 8 -5 -66 29 5 -97 -113 -31 -7 -108 5 -37 -96 -112 -110 -22 -65 -76 -79 -25 -43 -49 110 16 -64 58 59 -46 -57 -47 6 114 -97 64 -35 -80 -26 -107 -45 -13 -111 -47 -34 -71 17 -15 -36 -105 -37
-27 55 -25 77 55 33 4 -6 102 -121 82 55 -43 -55 48 38 102 -53 -29 70 7 71 -57 6 -41 -26 11 -28 26 2 -94 125 85 -7 -30 64 35 -113 98 44 37 -3 26 -128 -6 -51 -27 9 92 10 39 -7 -58 2 82 21 -24 -5 29 28 119 30 42 62
11 -59 -70 112 84 -45 72 109 -40 -13 -75 -3 29 -62 -4 6 46 24 22 58 -10 30 -41 38 4 76 -30 125 15 26 63 76 91 32 81 15 89 -50 39 41 83 -20 -32 -76 -86 34 110 -5 122 5 100 29 -57 49 -73 -67 -31 -19 41 73 12 27 23 61
63 4 -115 42 -52 -35 5 3 60 120 -15 47 1 -72 33 64 -99 44 -7 16 -23 -8 -62 75 28 -37 30 -21 -31 57 -26 -88 53 -58 41 -13 17 117 11 -9 8 21 -45 -16 63 99 -7 -21 22 -19 30 -51 42 -16 -4 -39 -12 52 24 -61 -42 49 51 2
-5 -113 -30 12 -78 -60 93 0 -7 -56 103 -100 52 0 29 -91 -8 -73 14 3 -86 47 5 -27 22 -40 2 66 75 -29 -37 31 -3 -40 33 1 25 -49 26 -52 -22 78 -5 -20 -63 96 -22 -8 8 59 21 13 -48 68 -57 -58 -71 -19 22 1 -11 -73 -33 -72
-4 -33 32 63 58 -17 -51 1 -22 62 65 -96 71 -68 -23 97 -90 33 -49 57 -5 1 77 -2 -40 -66 -19 -106 3 115 -27 -40 3 -13 -11 27 68 57 -35 67 109 68 -22 60 -4 10 99 35 -71 52 71 -35 10 88 76 24 29 -35 44 12 74 -72 -115 32
49 -4 96 3 59 -1 43 11 -2 99 67 -61 -21 10 33 28 69 -70 19 25 18 -68 47 -4 -10 -50 0 31 95 -36 43 58 103 -109 16 34 78 77 -20 -24 -71 51 98 34 2 70 110 23 -21 87 69 86 3 34 47 6 10 -31 80 -45 51 29 10 32
116 -62 73 9 78 -44 -38 2 58 -41 49 94 -86 -32 -12 -23 45 57 51 -91 -39 -55 18 -1 -128 -46 65 -47 -50 9 -21 19 -8 -32 68 -57 73 24 -1 -8 40 -18 -38 -36 -19 -19 21 -56 -8 68 57 33 94 45 48 81 50 -86 -29 -52 35 20 57 28
1 -12 95 -20 -56 97 87 57 -30 -26 24 78 46 75 77 119 108 -80 -66 -2 -119 106 27 -10 32 -104 52 52 58 95 30 42 20 40 42 62 54 112 36 -14 -80 20 62 -2 -114 -24 85 61 5 -6 92 -53 11 13 63 -21 80 31 43 36 100 63 104 99
-90 7 68 2 -77 -69 -68 21 -25 77 -96 -108 -38 76 -25 -76 18 9 59 21 9 46 -7 0 -54 86 117 3 -58 27 106 56 -11 -31 9 -4 8 97 7 -43 -43 10 -59 58 28 31 17 102 59 -1 -73 -72 23 18 16 -16 3 -3 -5 38 80 39 31 -102
-85 -30 -87 -11 -1 -55 -30 -20 -77 -98 -38 -34 90 12 53 22 -20 76 -109 -68 -23 -7 -126 -119 -59 -55 -4 -47 -107 -13 -24 5 -28 35 14 -27 -63 -116 -81 80 104 40 -14 85 -5 -53 -29 -102 -18 -116 -14 -1 -78 3 -55 27 4 52 52 -76 -113 18 -13 -89
-4 50 63 46 68 -37 33 115 -19 121 -93 49 11 16 38 6 54 -19 44 67 -48 85 -85 -20 -49 -126 -15 -5 -44 50 15 -96 -67 -6 60 -76 -60 49 -21 87 -5 0 66 -120 -87 -18 2 -13 58 21 52 64 56 59 -59 1 42 91 19 43 26 -63 77 113
-24 2 35 49 -82 -14 -21 53 -36 46 -103 79 74 29 -45 46 2 45 110 29 52 14 23 8 -18 -23 111 -15 49 117 51 79 34 49 -4 -46 -85 -74 -3 102 -1 36 52 37 65 19 3 15 -14 37 3 27 64 -26 -37 10 48 104 107 45 -31 76 -11 94
-56 42 -48 -96 14 -41 -61 -7 -106 -54 59 -43 -89 -41 -70 61 119 -10 36 -36 122 -77 21 -16 -18 -71 17 12 -85 -99 -50 28 -61 -24 -12 12 -87 -9 -120 63 54 -10 50 21 -44 -19 -35 103 -116 23 22 -47 -36 -81 115 -66 -26 -44 105 40 -11 -96 -30 -123
25 -33 61 -23 -2 67 27 4 27 -81 -14 -25 -17 -61 -46 -74 -54 19 36 -62 9 12 66 7 -121 -88 35 46 -112 15 -87 -120 -59 14 54 27 23 39 31 -78 1 4 -1 59 57 91 -62 86 50 -116 37 12 -24 -108 -67 -26 97 -25 -45 -86 3 16 20 -27
62 -44 -108 -123 -51 -11 -29 -32 -43 18 -12 -54 -67 -98 126 -38 -30 -7 12 -68 103 -54 -23 -52 -125 -59 -34 87 -118 15 53 -53 -77 -60 -96 -87 -78 -50 -28 -87 -71 -36 -96 -66 -1 -27 -40 -31 105 111 -80 -68 -40 -87 -17 -89 -75 -63 -96 -76 -98 101 -39 -60
2 -10 1 6 30 -91 -43 2 -32 -50 10 73 48 83 -61 120 81 -18 62 32 64 -54 -68 -26 -33 19 -52 8 27 29 -82 24 -32 -104 27 71 56 -36 0 78 -104 61 -1 13 -64 57 94 46 -14 -97 64 -19 -29 63 -19 -12 -8 73 34 16 25 44 89 32
32 76 -66 -60 92 -85 -101 -35 -36 -53 -68 14 45 97 -33 -47 14 -22 2 -28 6 66 28 8 -24 -30 -49 -42 -23 -8 -27 -38 70 -7 -14 -79 -4 -27 -52 -3 11 108 53 -43 11 82 12 -81 12 113 0 42 73 8 -52 -55 -77 -76 74 21 -34 -35 32 18
20 -6 -31 15 -48 68 -86 24 -96 -51 71 -52 -14 26 -60 -57 -48 43 -36 -27 -35 18 29 121 -31 -59 10 -40 38 67 -20 -98 -4 -38 -12 -101 19 -25 12 -8 58 61 25 -11 22 -8 -81 -107 109 -40 112 4 -72 -65 -43 -29 -26 0 -49 -55 19 -2 -45 -50
-74 -82 79 -13 -82 -58 13 -22 -13 75 34 43 -17 98 -6 11 -48 -13 -16 -43 39 3 -52 26 23 -33 25 -20 9 -50 63 -7 -21 -11 -34 92 -41 4 -83 -66 14 -47 -4 2 -87 -55 -19 9 -54 -12 -39 11 -30 37 -28 39 25 -31 -67 -23 -38 7 -76 19
1 4 -1 39 -7 -62 35 -2 -53 76 15 -65 10 53 27 -73 1 -28 58 -17 -57 58 -77 80 -41 -102 67 21 -74 -11 -99 12 55 -13 -12 -81 -38 -55 -58 -61 -17 1 43 29 -68 11 9 -23 -17 39 36 48 -22 -47 18 42 57 -8 35 -1 104 49 -6 24
-106 -101 63 -68 16 31 -43 10 -70 84 -103 -84 109 -30 -1 6 -58 -96 -62 25 -37 -37 8 30 74 -9 28 -77 41 75 -66 25 17 36 8 -61 60 77 -29 28 -117 79 -75 22 52 -10 -20 22 35 20 126 5 81 25 -89 -51 -2 -27 -41 40 -39 -29 31 -72
-41 -53 -34 -38 -18 -14 -59 -94 -42 -22 -122 61 -112 -22 4 5 6 -14 -25 58 64 119 61 5 127 -1 -6 -3 49 14 20 -3 125 -15 -22 -42 -64 13 -104 -48 -46 -39 -51 -56 86 116 -24 -65 -27 -40 -6 -79 56 -109 26 -63 1 -73 -72 -72 35 -95 73 -56
87 -64 63 -9 51 -15 -26 16 56 -3 -8 -44 -20 43 7 -21 -47 -11 -60 -57 -71 18 18 -38 -62 -41 -96 -26 -44 3 -13 53 -1 -8 48 -17 -26 -8 6 43 46 19 -126 10 91 -69 -37 -11 40 -79 -17 64 32 -45 54 62 -26 -46 29 -71 49 -56 18 -26
-22 -114 98 41 -36 79 -76 -66 -34 -123 2 -49 -60 -30 87 9 115 -46 -15 -83 -35 64 -3 116 -124 -67 -39 115 24 -29 59 88 67 53 -114 56 -39 -15 43 47 89 -22 -87 7 -41 -28 -12 25 20 36 12 -33 28 125 36 -52 2 13 -7 -17 -63 -15 110 46
-25 24 -68 -7 5 42 50 -27 15 -41 34 100 8 -84 -93 22 -5 74 -12 25 -13 37 62 19 46 -50 61 41 50 -3 -127 84 7 3 -3 -23 116 -64 27 -35 -7 120 26 33 68 3 98 6 51 28 32 32 76 -8 3 18 63 86 -56 37 -29 5 -37 -79
-85 -117 -24 -12 10 -66 17 9 -39 -35 -7 -99 -85 -91 10 -59 -59 -92 -95 -46 -54 -109 -10 -84 -23 -65 3 -5 -72 -62 -92 -108 47 7 107 -27 65 -78 -13 14 90 -28 42 28 71 -102 -78 -85 -46 78 -34 -46 -84 -17 23 6 16 2 -78 -69 -15 -16 -7 51
69 64 7 93 25 -24 75 44 65 6 49 72 16 46 96 -67 64 115 -14 0 30 -92 72 3 -4 116 62 -46 36 -14 101 14 -17 -34 6 19 -18 55 46 59 22 -17 -17 -44 -8 -26 -64 -32 -27 -76 43 93 48 42 0 82 30 57 25 61 11 86 32 60
115 -25 66 -22 -70 -25 89 6 15 -6 -1 -120 84 55 -14 -76 124 -27 -41 -29 77 53 -123 -46 9 -26 -38 -13 45 -9 4 9 -18 120 54 44 48 7 52 -73 18 19 20 -90 43 -14 -69 -8 -125 68 -78 -6 73 -99 -90 -43 110 -99 -6 5 -1 -54 76 -22
1 -2 13 61 116 92 -2 18 -90 27 13 -14 -29 -31 -17 -11 -4 27 48 101 -23 -57 37 -50 -36 0 93 -33 89 46 -66 -8 17 -20 -114 20 -73 -19 49 -35 -29 -44 2 32 -16 60 61 94 11 -50 119 -39 35 -64 -30 44 108 12 -1 119 -16 -95 94 52
53 5 -49 53 55 23 -27 -2 101 15 -41 90 50 -37 43 75 113 -27 107 -18 1 -117 -13 -15 -86 12 -52 12 -50 -58 -41 95 -26 -76 -77 -12 -106 35 65 3 -25 -44 3 2 113 -87 -82 -77 5 -55 -56 -37 9 -11 95 -97 79 -51 6 33 -20 -14 89 67
-4 125 -58 -108 -43 -32 -96 -84 -13 127 -54 -63 -60 -80 -102 15 117 -116 15 -80 30 4 -121 -88 -47 100 35 -109 -81 -40 -115 -49 -73 -31 32 -100 -90 -69 -33 61 120 -75 -42 81 -10 -22 -120 -7 53 -55 -3 99 -47 -69 -17 37 110 4 -38 -83 4 -64 -71 -5
22 52 0 14 -12 21 -51 34 71 -115 -32 -7 -11 115 38 63 -60 -26 97 43 67 92 -16 -98 -73 3 -50 1 -27 -75 23 43 109 -40 -60 46 -63 25 -51 -109 -23 27 -65 43 -13 -45 13 -22 22 -37 15 -36 8 -84 -29 6 -26 -6 11 -45 12 -12 10 -47
-6 8 -89 45 111 43 -44 83 -40 -8 53 17 -96 5 -55 -24 99 -128 -37 -40 -50 -47 9 28 55 84 -5 95 82 4 -47 45 102 72 31 -20 55 1 -22 33 121 10 -92 22 6 -68 40 -9 46 94 85 17 9 42 -18 109 71 -77 -47 27 59 -10 -14 -57
3 99 31 35 28 40 -57 -21 67 -28 -31 25 81 58 -29 -35 -2 25 67 4 -16 83 47 -76 -86 -1 98 4 98 -6 17 -128 43 -91 -71 -48 -19 -51 62 -17 7 79 5 50 -78 -80 1 -21 -24 -33 -19 -23 13 99 -43 -32 -5 123 -57 67 -94 -1 -2 43
94 4 13 -111 -13 -44 51 -42 -67 10 30 -38 66 35 -35 19 -36 -120 -47 -34 -15 -82 -77 -36 76 73 -62 118 -6 -29 49 -48 14 -3 -7 76 -53 -80 44 -17 71 -86 -115 -35 -18 -59 32 20 48 5 12 30 -62 -19 -27 -45 -61 -37 77 -23 -121 -67 -26 -35
4 -21 0 -1 -11 46 110 81 -107 82 -34 -22 59 76 71 70 4 57 12 100 35 5 -2 41 -4 -10 41 -28 -21 69 -34 119 -80 82 72 94 -8 45 -15 75 -90 19 39 -43 -46 39 21 49 34 16 112 -47 45 76 -7 17 50 46 70 85 41 -25 55 59
67 -38 -19 -74 67 -10 114 -58 -4 -21 83 39 -6 -45 2 -110 53 59 78 46 101 21 -50 57 74 -3 13 -76 24 73 -1 -32 81 72 63 -11 1 -43 -6 25 -120 -117 -25 63 11 -57 -60 -8 -30 32 46 34 -52 -21 -47 -86 60 -15 19 42 82 65 -41 38
65 -60 -32 7 -21 75 -40 -19 -35 -60 -24 82 22 -18 -56 -22 3 49 101 29 46 76 -128 -49 17 24 65 -27 -19 -62 -94 77 -5 -72 -104 -12 -115 41 -23 -75 -98 44 62 -18 118 12 0 71 -92 23 -21 37 -17 69 -33 11 -43 3 -22 28 -9 75 -16 55
-59 -20 77 11 -59 9 -65 -12 -90 -9 -118 59 100 -111 -10 0 -9 -76 -21 -95 -79 -25 -95 33 -60 -12 -92 -56 -35 -10 -69 5 -113 -32 -31 -64 -45 -20 -56 -45 -9 -65 -5 -30 -121 26 -29 33 -66 89 -36 -61 60 -31 102 -75 -5 -61 -20 52 52 2 -3 -113
-75 -44 101 -101 -17 -12 -19 -34 -43 116 -12 47 -30 93 28 118 103 -64 125 26 2 -44 -5 44 -29 1 -40 73 -113 -36 -94 -90 9 117 36 69 -17 -43 90 -7 -128 59 2 -71 -53 -67 -9 -29 -8 71 107 13 -82 -88 66 -44 52 -66 58 -12 29 -39 -97 13
-1 -34 -48 -100 -12 47 -41 -67 -9 7 60 -97 63 -63 93 -72 41 60 22 -51 -61 -72 28 -45 9 -21 -24 -61 110 -15 -78 25 -23 -29 19 -8 -107 -116 57 -68 34 66 -11 -48 42 92 28 66 -55 -46 -47 66 -75 -113 -63 23 58 -62 -112 20 7 38 -49 2
9 -90 18 -87 -11 -107 -88 26 -18 92 35 59 28 62 82 57 -50 -66 -53 2 63 28 6 23 15 -10 -61 -11 -66 52 -21 2 -6 -41 55 14 34 -81 -32 42 30 63 3 47 -26 87 -50 -38 24 -66 -43 63 -35 -57 -25 -65 -53 -83 60 -2 -54 -51 -35 -60
-85 28 86 37 6 -9 22 -51 -5 34 2 -13 56 -32 -87 82 64 -17 -42 -10 -28 -64 9 -112 -32 73 -50 95 -9 -63 -16 14 -53 -84 -42 -16 -70 -17 56 8 91 -66 -46 -44 -13 -11 36 -69 25 -2 -26 8 18 -60 11 -24 2 -118 -103 1 0 -70 17 -53
51 -28 -41 -7 -6 44 -110 21 -65 11 45 15 94 16 54 -28 -84 -26 -49 58 -11 -66 19 15 19 -56 26 56 14 52 45 36 -44 47 30 29 -50 9 83 35 -88 -15 4 13 -13 -14 -46 30 0 8 69 53 13 -1 21 -27 -63 37 -14 -28 45 -30 -7 -41
-50 0 -1 98 53 -9 50 -36 -126 46 103 -51 -62 19 -9 28 53 -33 -30 -98 -19 -44 -17 54 -15 51 -20 -13 27 62 39 -22 -27 -3 -126 106 -64 -91 33 17 117 21 3 -39 37 52 -83 -104 101 33 -6 -49 35 -14 9 5 11 59 43 -27 -38 50 -27 -8
39 47 -55 123 110 -76 16 68 21 -104 -79 5 3 -24 -38 -10 -33 2 33 66 -8 61 52 -24 -81 111 115 1 -17 -123 -85 -53 -89 66 -52 40 19 36 -15 26 40 91 25 10 53 -23 40 -107 -39 -56 46 -81 21 89 25 4 -66 19 17 -24 -93 -7 34 1
-13 -61 4 -6 -22 -69 -31 91 61 -32 19 -8 34 55 16 33 54 13 47 44 20 61 -36 50 -20 -6 43 -53 12 11 47 -9 103 -20 -7 20 75 24 -13 32 -101 -53 30 24 -14 -16 21 10 37 9 -63 17 -19 25 84 94 18 -94 -73 22 -18 -2 27 27
-21 28 28 -52 -76 42 96 54 111 -16 -87 15 44 86 -5 56 15 51 52 -11 -1 -102 44 -5 11 -48 -37 -45 -44 67 45 43 30 36 65 2 66 -6 13 -5 39 -30 -33 -9 10 -105 69 20 80 72 65 -16 7 25 93 40 -72 50 2 -29 -36 21 113 -24
-86 -49 25 45 -34 -77 -53 -24 5 -50 27 -15 53 -23 -16 -58 -52 13 33 -19 -81 -28 -86 4 -33 -9 -12 -16 26 3 -20 33 -99 -99 -10 4 -5 17 32 -28 -34 14 -12 -51 -13 7 -4 -14 -19 -12 -84 -95 -81 -69 17 -53 57 -60 -55 7 -23 -81 -106 34
-34 49 45 -45 -5 54 100 59 112 3 -7 16 125 47 -5 -54 21 -69 -54 87 -42 35 92 -37 -2 -8 78 -27 5 -35 20 56 -3 -7 43 -119 35 26 -65 3 26 -68 44 -44 -13 11 1 87 36 50 83 -119 27 7 31 -61 7 -122 -48 -13 37 -3 -32 62
-75 31 15 -59 -44 20 4 12 -26 -26 34 -40 48 -57 9 -52 -32 -14 -43 108 -100 -51 112 -59 61 8 13 -36 -5 -82 -59 90 -38 26 -57 -94 18 48 -56 -8 -11 -111 -32 49 -4 89 -124 0 72 33 -35 -1 15 -23 -18 33 73 -45 -50 31 -2 9 5 14
-12 42 56 109 -1 -7 -59 3 -17 -72 31 79 -128 -33 8 -101 9 11 -87 -54 -54 -24 -12 -56 -108 9 -42 10 -46 -53 -9 26 -91 97 -74 -96 -66 34 53 18 -2 18 52 -87 0 7 58 -61 -74 0 -88 -14 -8 20 3 91 -6 12 -29 -22 -32 -45 33 -85
-20 65 -78 -21 -12 -90 -11 5 110 2 -38 -79 75 -6 85 38 -55 35 4 -112 -11 -54 1 -46 -75 -38 99 -29 61 -75 22 -94 38 90 -83 -13 58 -111 29 -69 75 35 -44 9 3 -6 15 -53 -94 -32 -2 -35 -50 -1 -2 -9 -115 46 33 9 -2 63 60 57
41 -56 97 -23 -36 -102 -21 71 77 42 20 -13 -9 18 -65 86 -12 58 81 64 -10 90 49 -23 -13 42 -6 -90 -87 91 26 57 36 -79 14 -12 115 45 4 -36 -77 67 1 61 105 -44 66 30 -48 37 -122 -13 19 -11 74 -35 28 -41 -22 12 21 34 105 4
-36 -46 -47 -75 33 13 83 -88 66 -79 12 -9 -64 -68 -83 -25 -60 -120 15 -6 -71 -48 -27 67 -72 -115 -55 -9 12 -82 -70 31 -105 -29 -44 -51 30 -96 17 -44 -29 105 -81 -103 -96 -29 -65 -82 45 -64 -58 -48 123 -75 -3 3 1 -59 -3 24 -26 122 22 -109
-21 15 -50 64 -15 121 -24 -61 -71 -12 19 -44 -26 -83 -28 9 -6 -103 1 -9 30 -51 -47 104 6 -25 -37 -45 112 -57 -39 18 -63 -29 4 -8 4 98 -96 -28 27 23 104 -42 -48 -52 -21 -14 -10 -102 -28 -34 -82 -46 -13 -85 -63 11 -31 27 1 37 88 -11
-12 -11 -22 1 -22 -17 7 52 -86 -46 -78 -19 72 -6 -3 -90 7 -88 17 33 44 17 -34 31 4 21 -26 -68 26 -37 -92 -10 -7 -95 -42 -89 -48 39 -5 15 -24 113 -1 -82 10 8 -10 66 -65 -1 23 57 -104 10 -6 -68 -23 26 -40 -57 -40 -30 14 -60
-20 20 48 13 9 -53 51 -7 66 40 82 25 47 31 -22 -9 -29 8 80 22 20 33 114 54 -1 -1 67 -39 -21 62 1 57 -53 -7 47 -60 -14 15 31 34 -3 16 72 81 22 -37 42 -8 -66 -45 -40 -57 63 14 92 50 66 100 -78 -14 -12 0 44 -76
34 55 -41 30 38 -42 -37 23 3 -21 -93 -39 -38 89 113 -20 21 -20 2 27 53 67 -83 25 -81 6 -25 -26 89 69 77 -39 81 -60 -32 49 -20 119 46 -9 -25 -1 -26 72 -114 34 -13 -33 -25 -19 -71 48 23 -4 -26 7 -38 110 -103 119 -58 30 -14 -17
-2 16 -39 35 -118 -14 38 -57 -105 -1 14 -94 12 -14 -16 16 -127 4 19 44 44 -5 -70 -8 7 -2 33 -8 96 -78 33 97 16 -67 -118 -30 -8 -49 -57 84 72 34 -41 29 -37 -35 91 -120 106 -8 -58 -2 -12 -38 -105 -46 -121 -104 86 -56 -83 -13 -15 68
-21 -70 -51 35 10 22 -35 -65 0 31 -20 -45 -64 25 -6 -116 56 -21 -31 -62 -3 120 -14 -76 8 -7 2 -25 -37 -104 -7 -47 -64 -4 -24 65 -42 -89 -26 -90 -94 4 7 -57 -28 4 -53 -119 -39 4 -73 -60 -16 -113 18 -2 -8 -103 13 53 26 16 -2 29
125 14 56 44 52 73 118 -26 34 -36 2 80 -13 113 -23 28 47 13 50 105 34 -47 72 115 25 53 45 -108 -36 118 45 35 4 79 35 43 34 -109 -9 -40 -58 -22 28 -98 23 118 -40 62 -6 51 37 53 -27 37 21 111 73 93 0 39 84 -39 -101 19
56 94 -7 -26 54 12 80 50 50 94 56 7 -2 -7 -6 -10 17 70 -116 3 48 81 -76 1 69 41 -60 15 106 -98 78 56 68 -42 39 17 -97 5 -85 -49 -46 11 9 -4 -37 12 -63 -10 10 18 0 34 12 18 -28 36 -31 50 -80 108 98 -117 56 22
-21 76 64 -106 -7 -37 39 -104 72 5 61 -56 38 -72 26 34 -17 53 -12 -2 -3 70 86 46 56 -9 50 -10 -65 -79 -64 64 -50 -8 -83 -82 -69 33 -67 -33 18 7 -17 61 53 31 -81 3 -61 69 127 43 53 27 -30 28 -46 53 -1 79 48 -44 -45 -82
33 -100 82 30 8 56 14 49 9 38 -4 107 -50 14 68 0 -75 15 -3 32 0 -1 -9 -50 18 15 -45 -54 -3 61 -6 9 -9 -56 -14 71 56 -51 -41 22 110 10 -53 -4 68 -123 122 -123 19 10 108 59 63 24 -85 -14 18 -48 57 59 -80 46 -14 3
-107 62 -73 71 -39 22 121 -15 72 -33 98 -81 66 -39 3 104 -7 50 -32 22 54 57 80 -22 95 -76 95 54 -1 31 -2 2 102 103 13 -56 49 71 -48 60 80 -32 -63 23 57 -11 86 104 -1 -30 -28 81 0 -10 -17 20 17 73 32 75 19 84 -39 14
