-14 16 -33 -74 -19 24 61 7 -10 5 -54 -30 37 -46 -1 -6 -77 -37 -14 15 -12 21 8 11 22 -12 -16 -74 44 -7 41 -58 32 50 4 38 81 -38 -9 -28 -24 -57 -4 8 45 22 -57 -33 -68 -19 44 75 1 28 33 26 -99 11 51 67 -11 -20 -33 -45
-49 -7 51 -38 34 -49 -19 -67 -24 -5 54 -59 -34 66 9 11 6 -19 -33 49 -41 22 7 24 -39 -26 -25 -8 31 -10 24 -57 41 -63 30 -3 -12 50 -43 20 -19 11 -21 -20 -28 9 13 0 23 62 -12 -35 79 65 47 -7 -6 12 -21 -3 -20 -33 10 -67
-26 10 -7 -51 32 26 -35 -42 -49 24 -11 -10 67 24 41 10 -46 16 30 35 -19 21 19 -62 -55 -23 -1 40 39 2 -18 34 -20 24 54 65 16 31 -24 18 -14 -15 10 -39 40 23 -14 44 -13 -11 -37 -28 39 27 9 -18 -64 21 -51 -10 -43 -40 -5 33
-10 37 16 10 -14 0 39 -8 30 -24 27 -21 -53 13 29 27 107 -7 -18 -21 15 -44 8 -78 -3 11 -54 -26 -42 -2 -12 10 50 12 25 46 30 -51 -37 -39 24 -28 -19 20 41 -36 -34 -10 13 31 42 12 19 -18 29 11 -38 11 37 5 -22 74 22 -34
14 -42 -30 38 -3 16 -40 76 -15 -72 -19 -65 12 24 29 -1 18 -25 -13 -23 -20 13 30 -12 26 10 -10 -36 67 -79 -15 15 18 7 19 19 -40 36 45 -7 -18 -49 49 -15 -27 -91 29 -5 25 30 -34 16 -11 14 -23 -33 86 -46 -38 -16 17 3 -9 -29
34 2 -35 -12 4 -30 -9 -19 28 -44 39 -39 -50 31 14 6 0 -64 -28 -14 9 19 -51 6 7 6 -10 -33 -17 -63 1 38 36 67 3 -32 0 -61 -12 8 -31 7 84 -8 8 -4 42 -44 -13 -11 12 -21 -44 -21 38 89 15 -22 87 75 -52 -7 -38 -1
-39 39 -42 -27 -10 16 -28 25 -85 -31 -110 12 29 -3 73 13 -7 -75 -1 32 70 3 -14 29 5 -12 61 -13 78 25 -31 -90 0 -8 14 -66 -26 11 19 21 38 18 9 -10 -34 -24 -17 24 36 16 17 35 8 -11 11 19 17 7 25 28 -43 -14 27 15
32 -2 -19 31 -43 -26 -38 -21 -42 11 -9 12 -5 96 54 -25 -12 -5 -3 -6 -37 -64 -3 -28 2 -26 -32 -9 -65 30 2 -86 -11 -8 -19 19 2 -14 -4 32 -8 53 -5 -52 -63 39 103 -38 -38 -4 -27 -7 50 -37 45 -78 28 -51 -6 -36 -49 42 -54 10
22 60 -12 -61 -43 7 46 -23 -7 49 -34 -15 17 -44 24 -30 -9 26 47 -7 -13 -15 47 11 10 46 79 -47 -6 -19 40 42 29 51 -18 9 -32 -7 -5 -14 -47 -63 -14 44 -57 54 67 9 64 -3 49 -3 -20 18 41 1 -13 9 -42 19 -1 28 -8 49
-1 -54 30 -53 -3 88 -63 21 42 24 78 -5 119 35 -11 -14 -32 36 -24 -30 -22 4 49 -5 -53 2 102 3 31 41 43 -41 -58 47 -5 37 -13 0 36 -7 -15 5 -33 -50 -16 -7 11 -3 -22 -40 33 2 9 47 -58 -48 20 47 -13 -54 77 0 34 81
16 -41 67 -5 -16 -13 -70 27 49 -84 -52 1 -45 28 -17 1 16 42 31 -23 -16 -35 87 39 13 -22 52 -20 -37 25 93 -29 0 38 35 -25 -42 -10 53 -32 -23 -11 21 12 -83 23 12 -57 38 -3 -6 -11 13 -19 -7 16 25 -33 -53 -4 25 40 -5 -44
3 -69 -74 -21 -25 -24 -20 -25 -93 -28 10 -31 17 -21 20 -38 -7 22 10 18 -3 62 24 -2 -70 -1 -38 -29 12 -69 0 -37 44 -12 16 -1 -72 4 -40 47 -25 -18 -15 2 -42 53 0 -50 -1 -5 -68 -2 7 -28 15 29 24 -10 52 2 -65 -40 -27 -32
-26 3 -4 -37 -75 -16 -9 -4 -28 84 23 55 -53 -53 -69 20 -69 40 20 -38 51 -4 -10 -53 0 55 -20 16 -39 -32 17 -49 -20 49 -5 27 24 20 -23 23 28 35 22 16 61 21 1 -59 28 8 75 -30 -55 2 0 -43 5 -4 28 -13 54 26 14 55
-38 25 26 22 44 9 1 34 12 -48 19 -11 29 16 -41 -64 -18 -17 1 -10 -22 45 21 44 0 37 -18 35 21 46 -48 -51 -3 -48 2 11 -39 -32 17 28 -17 11 83 -18 -55 -8 -2 8 89 46 48 -6 30 8 -26 -15 34 -3 1 32 15 38 -36 -58
-21 40 -44 33 -18 40 2 -68 7 -12 -22 6 -43 8 28 41 -32 27 53 -29 -9 -7 2 29 -75 -30 14 -15 -21 -43 3 -37 1 -123 36 -8 -42 -29 -7 -30 -77 2 -16 21 -9 -21 21 20 20 -12 -83 23 51 -70 -55 -5 80 76 -120 -23 41 -72 40 27
39 -49 63 -18 -56 68 1 20 10 -68 16 15 -22 11 -34 -13 -2 48 -76 -9 73 9 -10 -6 4 -29 4 -2 -17 88 26 -24 38 46 6 4 -52 39 89 -89 59 68 -11 -51 17 -34 18 8 -69 -2 2 51 -2 -6 4 -56 37 -14 20 -10 36 51 27 21
-1 -79 -32 -4 12 -47 19 -18 6 -16 -37 11 27 -29 -34 -79 18 -83 -1 -13 -35 -37 -33 -5 2 53 -66 34 -13 -3 -12 42 3 29 10 -29 12 -25 30 6 15 -6 -37 20 -13 0 3 -3 -10 -35 2 -26 1 -17 -19 -7 -13 -88 -41 34 3 -31 -42 1
42 78 -1 -22 -33 -53 -10 -57 4 50 26 2 -7 2 15 65 -38 19 18 -94 43 -16 35 -23 25 -31 4 -27 -59 -88 -19 -23 -32 -32 -23 -9 29 -62 -29 -54 -23 7 12 -20 43 20 -14 -40 -23 -39 51 -38 -15 63 27 -25 29 0 14 -27 3 -32 -44 12
-25 22 -7 18 -41 -39 -2 -10 11 1 -4 20 82 -9 -12 36 -20 14 10 31 49 -68 -9 -33 1 -19 79 28 -30 2 -43 -14 -12 10 0 74 20 -9 -75 34 -11 -15 -23 17 -23 -53 4 -44 -56 7 1 -18 16 1 -47 76 12 44 -53 5 -10 -22 52 -4
-28 43 -59 0 -30 29 -32 18 27 -17 -67 11 -60 20 77 14 36 39 22 40 41 62 42 15 -64 7 5 3 -60 52 -12 3 24 35 73 69 4 -14 18 -42 45 -61 -48 25 22 2 -45 29 -3 -9 27 13 94 54 -5 -17 -17 -9 -25 -10 -41 -12 -19 21
7 38 -29 -1 29 1 -29 20 31 47 38 72 40 -46 -6 -21 -23 -22 39 60 -16 -1 35 5 -57 -18 13 -46 -21 -47 60 10 22 -49 -13 8 14 -9 42 92 -1 -35 -50 -28 3 -73 -79 58 48 7 -26 20 19 -43 -16 22 -59 -48 -13 -24 43 33 16 14
-11 4 -68 41 17 53 29 -36 -39 50 -21 -31 35 23 -7 20 -27 -5 -26 89 -12 -24 -11 -13 1 -10 -32 9 35 20 -35 41 -58 -5 31 8 10 115 6 5 4 1 -13 2 32 31 39 55 15 -34 -10 27 -18 24 26 -61 15 22 34 29 -14 -92 16 3
15 -28 -26 -11 61 -62 83 55 -63 43 60 44 32 39 67 69 41 32 -12 -10 -24 76 44 68 38 -53 78 35 -27 43 2 97 71 -25 21 -25 -6 -34 -34 -15 -59 -19 -9 15 -18 30 56 12 30 -17 38 -27 -7 -68 0 -4 -74 21 -27 -36 -7 -24 31 -6
-11 60 39 -22 -74 -1 49 -30 -8 22 -26 -41 -36 57 34 -27 14 12 44 26 -35 -48 15 -1 20 -40 49 -59 -24 8 -9 24 -38 -25 41 -16 15 -6 -52 -54 -33 -51 -8 8 28 -31 46 52 27 -47 26 5 -22 -19 -12 -54 -24 3 32 13 4 -34 -33 8
1 30 58 52 3 19 -6 45 23 53 -12 -15 -41 -22 -12 -47 -17 -74 -49 -39 31 54 -51 -3 -74 3 32 -6 -46 -7 -26 -12 -1 43 15 10 9 -35 -26 -16 -7 -15 -7 5 51 17 29 -35 -60 -21 43 46 -4 -13 14 10 36 -9 -38 44 14 2 32 4
35 62 -2 -36 13 80 -82 15 17 -3 -21 2 19 68 65 -17 -27 -26 -21 -31 24 -6 -41 -31 -39 -11 -24 71 -41 30 31 24 -49 6 23 21 -63 3 29 0 -13 11 1 -24 5 -51 24 -18 -69 -5 -1 -56 -87 17 1 26 31 -7 0 -20 -12 -3 47 22
-48 -71 32 5 -24 38 -30 -33 -6 53 17 23 -45 12 -11 -4 60 46 -23 -17 51 28 -13 5 63 -55 -36 -4 -32 -64 -18 62 -15 -5 -17 -9 -40 13 -66 -42 -63 -40 -18 8 11 -1 -22 51 -63 25 -12 18 52 -34 21 -9 13 -84 -26 -50 -55 -22 -13 -50
-10 -13 37 -37 -42 -50 85 46 -31 -54 1 -43 -29 -5 -8 -44 30 -65 -16 9 -9 27 -48 -33 -11 -21 -68 -57 16 -37 -41 -6 -9 -64 28 16 22 -17 3 -24 -55 -76 11 -11 -66 -27 -22 17 18 -56 -28 -48 -23 -32 -67 -11 -41 -46 -57 -32 -2 18 1 14
7 58 34 -1 -23 12 18 52 9 31 2 39 -41 -48 -33 -41 47 28 50 -65 -47 -40 4 25 -18 24 -6 -6 -56 43 66 33 -62 -41 -9 -22 -1 7 -21 -43 63 -23 -21 -34 -42 -35 -21 -12 -29 -14 -21 51 -16 24 44 -41 -18 -68 35 -25 6 8 -17 39
-52 -66 -46 65 51 35 -21 -50 45 72 1 -41 -6 -39 26 38 53 46 5 5 108 12 -16 17 -5 32 -44 -24 -5 41 19 21 32 21 -7 7 54 32 37 9 -15 22 65 25 34 59 -68 26 -46 14 28 65 11 -29 12 -11 43 -4 0 31 -6 22 31 20
9 -16 18 -18 -5 -44 -41 39 68 -50 -17 -4 -14 4 25 -62 15 -35 25 -16 2 -4 -7 9 2 35 -38 10 -24 8 -40 17 31 38 -16 19 -65 32 -26 -23 4 -20 -17 -87 26 -54 -20 8 26 -16 21 -5 -50 56 -22 -4 35 21 -33 -4 -49 64 -24 27
39 8 7 -5 -16 16 -80 -20 -32 68 -9 80 -3 -28 -14 45 -6 -15 13 -13 -66 4 -8 -25 17 15 -45 -32 -20 -25 -33 -19 -22 18 -15 -23 -32 -26 53 -63 5 -13 18 -13 -12 12 -3 -30 32 -55 -37 45 -20 49 39 48 -12 -50 -49 9 -17 -38 8 -72
-8 85 -26 29 -10 -96 26 -35 -65 -43 -10 17 -81 1 -21 -18 47 8 17 -21 -1 29 -16 90 -5 -13 23 12 -11 32 21 41 -4 36 -10 -56 42 26 -31 16 9 65 9 -17 13 41 55 25 53 -59 -17 -8 26 4 -4 39 -52 -11 1 -52 38 -35 8 -9
19 73 -13 34 5 -22 11 -26 -64 67 29 -29 -19 -27 7 -29 28 97 48 -25 4 51 -9 -21 33 18 -4 9 -60 -36 24 -5 -43 14 58 50 58 -20 6 76 -25 53 0 79 -45 38 -43 65 -4 51 4 23 4 16 -56 66 44 3 -20 -14 13 -1 -89 9
-37 44 15 -41 -8 32 -8 -45 12 -6 -26 10 -17 -50 -20 -6 14 -26 -65 17 106 22 20 -3 49 -33 28 -62 61 -58 1 32 57 -30 13 59 -11 14 1 22 24 10 -12 -22 50 1 -8 -49 -11 54 52 -28 49 22 -16 -1 16 15 41 -62 82 -48 -42 10
12 52 44 13 -36 -11 -24 -14 -6 42 28 35 16 -5 -50 -63 -70 -44 1 -21 -22 31 15 30 -11 -15 -51 -42 -31 -23 -25 -2 45 21 53 18 23 -19 -48 -28 -24 -17 9 -9 1 -40 -42 -22 10 57 -36 31 31 35 -66 -14 27 -18 -7 23 6 26 -55 49
6 33 9 2 39 -62 25 9 30 -30 -43 -67 -40 51 51 -41 -20 75 -33 52 27 14 14 7 24 19 47 -8 -21 35 -56 -36 33 24 76 56 -12 79 -38 -85 50 -26 -57 -6 10 -31 40 37 1 29 -7 31 -11 -2 -8 5 -54 -66 -2 45 39 -19 18 38
5 6 58 27 -3 -31 -45 -8 55 -2 0 22 -10 7 -60 97 9 -34 44 39 26 -37 20 -13 -29 17 -47 76 -2 -2 1 -10 -33 24 -31 -35 -10 -1 -10 26 -72 26 -4 21 -74 47 -73 -13 43 29 27 -68 6 8 65 53 -26 -27 57 -64 -67 4 10 -37
56 3 72 -24 39 37 -41 60 6 46 19 10 -41 -55 -14 9 15 -37 23 -10 52 5 37 21 -6 -39 -20 -7 -49 -41 14 16 -15 37 9 21 43 -39 -6 -11 21 45 -36 40 35 -39 -23 -39 40 26 42 -62 -11 43 19 -83 44 -30 -40 -15 -42 -32 -65 30
36 2 -19 38 56 72 44 -55 53 -5 -43 44 1 -2 -17 68 -23 33 -27 72 83 -28 -32 32 -44 40 -24 44 0 9 5 -6 5 -39 8 68 70 -21 -9 14 58 37 16 -1 -16 4 24 14 -47 4 39 -17 14 20 -19 23 47 4 -33 44 78 -40 81 54
-25 -26 16 17 31 -22 40 27 -19 -31 23 17 -33 -33 -18 -20 -8 33 7 -10 -44 -19 -2 13 -17 -14 42 68 -4 0 -43 -11 33 -67 7 -75 -20 41 7 17 -45 6 -33 -20 -39 -1 -41 -92 -6 -63 -9 10 57 0 -85 -30 -16 22 -7 -30 3 -96 72 -43
13 -4 -11 -6 -27 45 -3 42 -6 32 15 49 18 -13 24 18 10 2 68 -72 60 3 -32 19 11 -2 3 -2 74 111 7 -4 -31 -24 -43 24 13 -21 -19 26 -19 9 -27 40 -19 0 36 12 19 -36 35 44 -18 2 31 -37 43 19 6 -16 74 -84 22 2
-25 36 -19 -50 -2 -45 45 -53 -29 -18 33 -1 -27 -37 -3 -65 14 14 36 8 -9 33 -27 -1 -16 -31 -17 -18 2 -53 -10 4 -7 -13 17 66 -15 16 -16 -22 -41 -1 -50 7 -52 51 -12 -65 7 -62 52 17 64 28 -14 -45 -55 -75 -8 -33 -33 5 -22 2
-36 -9 -34 -41 67 40 -56 -14 21 58 -34 -31 8 -13 5 -9 -38 -32 -1 15 -27 -17 -39 -20 30 12 -67 -18 -44 -4 -7 -14 29 -16 -43 -67 -23 12 37 41 0 -48 20 -19 -3 -5 -43 -18 23 16 1 -57 0 -4 37 7 -30 -20 -8 -22 -25 -55 -80 -1
29 -46 -26 -32 45 28 6 -40 59 13 -22 14 -48 25 44 32 -17 -59 17 40 9 -33 -3 -44 4 -21 56 13 61 34 -2 -9 -70 8 5 26 43 6 0 6 6 7 44 -37 36 -34 26 5 -9 -25 -33 10 46 -31 16 -1 22 -1 11 -63 -12 -38 12 -9
55 43 36 -20 58 -1 -49 39 4 16 -15 29 31 7 -9 -24 38 -20 -32 -63 -1 6 -46 44 27 -15 54 7 50 34 -4 39 -1 -32 16 -33 37 78 4 66 -35 -37 -8 -6 -29 48 22 48 -16 45 28 12 15 -1 88 -19 -26 -20 -73 17 28 41 -13 -38
9 37 16 18 45 28 74 -8 35 14 0 25 -41 -43 -81 6 -63 39 -25 -6 -23 9 -60 16 19 58 -46 43 30 17 2 39 -43 39 24 49 -2 -66 -6 -2 -15 40 30 75 48 42 15 24 47 -25 -37 -19 16 -30 38 23 37 22 -40 54 27 36 -16 -29
36 -35 8 -25 79 -5 -65 -63 47 -66 -40 -54 -4 -28 44 30 7 11 -20 5 -28 37 -10 -50 57 -51 34 6 -51 24 -1 34 7 6 13 71 -60 -14 -11 9 -1 20 -21 25 -16 -47 1 12 20 -19 -67 -17 29 -69 -48 32 -28 -18 -40 -28 17 -36 -73 -42
-3 33 24 -33 34 36 55 7 2 -13 -7 20 56 -7 7 -10 4 1 -3 -3 -37 -15 51 -26 -5 48 -9 14 48 -35 -47 25 21 81 2 29 12 8 4 -3 -4 38 40 -71 0 79 2 -4 32 64 48 -11 -79 -11 23 -12 -18 11 44 9 18 -28 6 2
-4 -24 55 -6 -43 4 57 -21 59 23 -7 -30 31 -96 8 21 -57 -20 -34 -55 33 -33 43 -10 51 34 8 8 47 -17 5 -7 -57 -20 -7 9 18 59 46 -58 -30 1 -21 11 67 -31 -26 37 -29 3 -7 -7 -63 -22 -3 34 -11 -16 14 -23 -46 6 -50 7
-26 -26 2 41 17 -42 26 81 22 -5 61 4 10 11 38 -30 -1 6 56 47 -59 -28 23 -13 109 75 46 1 -57 43 12 34 -36 86 -3 24 -62 55 33 48 -20 41 -45 -8 -23 4 -35 35 87 100 0 0 62 48 71 26 -11 55 76 -28 -70 30 -33 -55
-11 -52 -2 -10 -40 9 -6 -20 4 84 23 39 21 0 7 24 9 -46 10 -8 -10 38 -20 3 7 -17 30 39 26 -30 19 -12 -6 -10 -32 41 -14 7 69 -34 -18 -15 118 -19 -51 7 31 -17 42 -43 17 35 31 40 29 47 -22 4 11 -7 82 -19 -16 -13
48 22 -1 -9 80 6 -33 -31 25 18 -27 -30 14 26 -13 59 11 40 -18 16 11 32 -2 -5 19 -34 -7 10 11 76 -20 17 -61 -66 58 25 -3 10 8 -34 -1 29 21 -8 -25 -1 -69 29 6 -62 -29 49 15 7 -22 54 -36 52 -22 -4 -30 7 -17 -16
-13 -33 24 20 24 -11 36 -39 41 -24 27 -39 -25 33 -30 44 -53 -1 3 -8 -13 29 29 22 95 8 35 11 35 -54 -7 59 -48 -34 -4 19 -5 -16 36 5 -11 32 -9 -62 36 3 46 15 -14 -28 0 30 33 -7 80 -57 -66 17 47 6 -18 2 -10 54
-36 34 -9 43 22 13 12 22 -33 1 -28 -14 -8 -36 37 12 -48 13 30 24 -2 -29 -57 29 -39 64 35 9 14 -15 11 5 54 -31 20 -67 0 16 21 62 31 -46 -13 -3 0 0 33 25 32 29 -30 -55 -2 -19 70 -8 -20 76 -27 -29 4 89 44 31
-65 24 36 41 -5 -15 -11 -3 -19 -11 -33 97 13 -50 -49 18 -49 40 50 -50 55 -13 15 29 -61 18 35 19 -76 -57 25 -37 9 -2 -15 39 -7 70 14 9 -1 -7 -22 -15 -46 -13 -42 19 -52 0 -7 -33 11 -43 3 -32 0 8 -40 -3 -37 25 15 -17
2 67 -25 -45 3 30 39 -57 60 -40 -24 25 -23 -15 -61 27 -11 49 -7 -25 88 29 52 -12 -9 43 42 -32 -79 -19 -6 21 35 -78 8 -4 4 10 -4 -3 -44 31 46 -7 58 -43 15 -5 40 -1 39 -10 -15 26 -21 11 -23 84 -5 50 53 8 -64 -34
0 17 -28 34 26 -46 -4 -5 -22 56 -25 -67 -10 26 42 10 10 57 -31 82 34 38 27 -37 16 3 12 -80 -3 -7 -48 26 0 -2 -5 35 -29 30 -26 100 -7 13 -17 -2 8 47 4 -32 18 30 25 10 18 0 -26 29 17 22 -37 -47 33 5 17 -4
36 5 -43 -10 -1 16 -49 -20 51 -27 -19 -28 3 2 49 3 5 -23 15 -29 -17 -47 22 18 -23 5 30 49 -75 -1 55 16 -28 7 -13 -6 3 -33 -4 -20 36 30 -30 5 4 -27 7 35 43 17 -29 -44 4 -55 12 -19 -43 -18 -17 -49 8 -6 -1 44
-45 -53 50 -40 28 -37 -97 -91 28 71 -39 -35 -14 15 -14 26 -52 -43 -2 -12 -51 -11 9 76 42 -20 33 3 -38 -19 -12 -40 24 0 -2 30 7 -60 -20 -34 -34 -10 -51 -2 37 0 45 -67 20 59 15 -21 -14 64 -83 -57 -27 -26 4 -45 -43 -32 16 -6
-99 -19 -5 -1 -32 15 59 3 -9 12 -36 60 3 0 -30 -110 -8 62 21 -35 -13 7 30 0 18 50 -92 -22 2 76 -42 81 -8 -13 33 -3 11 -49 -14 53 -46 93 21 36 10 -8 -31 -4 2 -7 13 14 -8 -20 22 18 -20 -5 -29 18 45 -29 -33 8
8 -64 -9 7 -62 -17 -10 -14 -9 -22 -26 15 -31 -1 46 -34 15 4 -7 39 -74 26 13 -17 -27 -40 9 -2 54 -29 6 -18 18 -56 -9 39 -32 12 107 7 -33 3 8 -42 -55 -15 -69 86 119 68 0 3 74 28 -36 43 -24 -76 59 51 10 124 13 24
10 -6 -14 -32 -51 4 -60 13 17 3 -15 68 1 14 -3 -3 -4 -31 -44 -25 32 -32 23 20 -33 7 -34 -42 29 -24 -11 -4 -82 -24 -12 -11 -64 -1 -22 -28 14 15 -41 -35 38 -37 10 -16 -26 9 56 -21 -21 -15 30 60 32 2 16 24 76 6 31 37
-30 -32 -2 19 -41 -31 -7 15 12 23 22 17 50 -24 20 2 -9 -7 12 5 -43 -51 27 7 19 11 22 26 53 23 15 24 16 27 -10 43 36 -86 26 -57 -34 -39 -16 30 39 -6 21 -22 -23 -12 -5 -56 -15 -16 17 -1 -6 -64 -17 31 15 -37 -2 -17
60 -27 -8 -15 -56 -4 83 -18 -48 -2 11 -5 10 31 22 23 58 -53 -55 3 -78 -30 -21 14 -3 -23 -23 51 37 -13 -22 -1 -40 -3 -30 7 30 -70 48 82 -15 2 9 -10 67 6 39 -17 33 26 -65 -47 -32 -16 21 -13 14 6 -10 11 0 -8 26 50
10 11 5 37 -5 2 29 46 -39 -3 22 0 -28 66 -45 12 17 2 14 -25 -55 15 17 15 -19 -56 18 59 17 17 -35 -72 30 -71 -24 3 13 -49 13 -16 5 9 29 -22 -12 38 49 28 48 54 -9 10 27 -18 -34 15 53 13 7 46 42 -18 -6 -39
5 20 -35 -12 40 18 -48 17 -7 13 -4 7 17 -24 34 -60 -15 -13 86 -34 32 -36 -18 -13 62 50 -43 9 -29 -67 17 -25 -20 -35 8 -57 41 -19 -49 13 2 -80 -13 -6 17 3 8 -6 -20 -17 -25 -31 42 -95 0 -44 12 64 -32 -40 -18 37 56 35
10 28 -46 6 26 42 -61 6 24 -62 41 24 -82 28 63 27 -15 20 -42 8 -26 45 -42 10 -3 -50 -43 -26 86 27 45 6 15 13 -29 29 8 13 50 49 12 -3 -83 53 25 -15 -25 2 -48 -38 -60 49 -23 -66 28 -28 -65 -21 7 -9 -64 43 4 -24
-25 66 -28 25 -56 28 6 47 -52 -17 -55 41 -31 7 -90 50 13 -2 -62 -55 -10 -10 -41 -26 -7 17 -68 45 -62 -29 10 43 -9 95 -21 19 0 34 -62 5 -18 13 -14 -35 -47 -33 -27 -63 5 -55 -9 -5 7 -1 -42 35 47 41 22 -52 13 -21 -57 39
55 -13 -6 21 -24 -63 92 10 -64 33 -36 -21 -36 -21 -13 31 16 41 25 -27 -19 -32 -48 -12 -13 19 -15 -81 61 -7 -41 -23 -51 -3 49 -34 -56 58 -12 -2 -3 8 -5 24 -20 -19 -67 54 -66 1 1 34 0 -29 90 -62 40 -9 3 54 -19 -18 12 -28
10 -9 17 63 -90 55 3 -63 -7 -46 25 34 -36 -22 -8 -79 14 -36 -11 3 -11 103 0 16 -47 -4 -12 -50 -30 -19 -21 4 -13 21 -13 -6 -48 -21 67 -64 19 -10 -58 -51 -14 -13 53 -24 -27 -5 34 -40 -11 62 -22 -27 37 14 -20 67 71 -42 14 13
54 -42 -6 -78 21 -82 28 -45 18 -36 14 20 -37 -3 -22 -25 -13 42 -11 28 -21 -30 -37 -61 43 95 -36 11 28 16 -7 -3 -9 13 -6 -33 -22 -32 -8 -15 -21 20 -63 -9 66 -34 -38 -19 -67 -104 10 -79 3 -5 6 -30 -40 -9 46 15 48 23 53 -32
-24 -23 -8 4 6 -29 -21 -47 25 36 15 2 3 -41 -8 -67 7 -11 -21 -9 -26 27 48 -28 -17 51 9 17 33 -36 -11 75 -23 -55 20 -51 45 -30 2 24 -65 -3 21 -40 -11 -1 -69 29 -33 -12 -16 -5 31 26 23 22 -86 22 -23 -61 12 -51 -87 -74
-14 -11 23 33 -6 23 -38 -9 9 21 -6 -27 -31 -34 -10 -75 -46 -60 -44 -60 -25 -46 32 40 -47 3 21 45 -30 -16 4 -56 8 -36 39 -34 22 -14 12 -3 -40 15 83 11 34 -56 1 -32 -40 -30 -41 -33 -9 -36 -63 -43 36 40 -43 3 3 14 10 -58
-28 -9 31 45 35 -8 39 12 -85 -49 30 37 -100 32 -5 62 -25 -1 -44 -49 -40 -31 -66 2 6 -65 13 -4 -27 9 -43 66 -32 28 -77 -80 -104 -2 4 -17 -53 34 18 7 -47 -3 38 -68 34 -3 -56 15 -7 33 -29 -10 36 -11 59 29 14 1 -13 -8
7 -7 -16 58 -11 2 34 5 8 61 95 1 -3 27 -2 18 -42 -19 6 -20 -24 5 124 -31 35 -11 5 54 -54 -19 21 -15 -5 -9 -45 0 20 -45 -44 58 -75 24 -3 42 -23 36 28 32 39 2 -72 1 6 -36 -24 44 -2 -49 -67 -24 17 -21 -22 25
-23 3 -6 1 29 28 -13 13 25 -3 -67 -14 21 3 -26 -41 21 64 -22 13 -30 -35 7 -4 0 53 -66 41 6 -5 17 -60 2 76 42 -11 24 15 34 39 18 26 -2 -24 -51 -25 -8 -15 0 -38 24 80 52 -14 9 -16 -60 34 -2 61 4 -12 10 -4
-11 10 17 13 -5 -18 32 0 9 -58 23 -61 -37 22 20 -1 -26 -60 -15 -37 -1 6 -61 40 2 -9 -48 -12 -2 -24 31 -8 -48 -8 -28 -9 -1 -25 -36 -6 4 1 3 24 7 -17 -24 4 -32 -43 18 52 -58 -11 -35 25 16 2 76 -8 -12 -28 -62 -29
-38 -26 2 30 10 -20 -17 44 16 -56 30 -18 12 -55 25 17 13 -51 21 7 -7 -49 86 -36 6 23 -27 9 12 -15 -49 -61 -4 5 -65 -83 39 26 -17 -2 -57 3 2 8 22 -38 -11 -9 -22 31 -20 -5 4 10 -16 21 -20 -19 5 -66 -72 -5 -3 61
-23 -19 -18 -46 62 -34 4 -35 -9 -36 -81 45 21 50 8 3 -31 -36 12 38 32 -55 41 1 -3 -11 -43 21 17 43 -4 29 79 -10 -21 10 45 -23 10 -41 28 16 49 -43 -21 -5 70 40 21 -7 -51 -22 -50 -109 -17 25 13 -21 -3 11 -30 1 -12 25
-16 15 -3 -14 44 -45 18 -10 -4 -1 27 -9 62 35 45 -56 -10 -21 -5 -69 -26 16 34 26 -21 -54 -12 13 12 -5 -13 -41 7 36 25 -1 -22 -36 39 -57 60 3 -3 32 27 -42 15 54 -60 12 21 30 4 33 -1 -10 33 9 -22 49 34 37 4 -6
-59 53 -26 -6 -10 -6 -12 60 50 -22 -62 -48 -9 -74 -22 -31 6 24 -31 -42 14 40 -12 -26 16 45 20 -33 -38 -53 81 18 -67 26 -17 21 66 -31 2 8 0 -21 -30 3 -45 -9 31 22 11 15 -20 -68 -22 24 -19 -40 5 70 -6 21 -25 -14 -68 -12
7 -7 -17 -21 -11 -11 -24 6 -30 30 10 64 18 59 44 -14 28 36 -33 -75 27 -20 92 47 71 -34 -9 -55 -40 -3 -43 -21 -29 12 -29 -14 26 -27 -17 0 27 -108 4 -20 -22 -68 30 -38 -43 43 -45 25 -11 26 -40 -6 9 -77 -15 -61 21 23 16 2
18 11 41 18 -40 -54 10 14 6 12 41 39 -22 -46 62 -17 24 -13 -14 -64 4 35 -57 -1 -50 52 -55 1 33 -34 -51 5 5 32 58 -45 24 46 -12 -9 3 31 -18 -26 -54 17 65 -4 37 -26 76 -43 41 -14 46 34 -20 5 17 -36 12 -3 -69 -14
-6 -32 52 -10 -24 7 -26 -41 -22 -33 -58 30 16 -28 -24 43 -8 -21 17 0 20 55 -60 5 -1 7 94 -36 -26 35 -45 0 15 -30 -7 -58 -10 -18 -24 -78 -14 -19 -17 5 -32 -23 -62 -29 35 19 -52 6 -4 11 37 16 -43 -42 5 -54 9 -43 -15 9
-24 2 3 20 46 35 -13 -26 53 -5 -33 -24 3 9 -36 85 45 -26 -15 -8 -37 68 -18 -19 44 -7 -39 -28 -42 -6 39 25 -10 -29 73 -37 -6 -4 23 -37 -6 -63 4 0 -30 -9 -53 22 -4 37 -19 -24 18 -11 5 36 16 -19 -5 32 -24 35 -34 14
-13 15 32 -30 -18 55 -23 -81 41 63 37 -9 29 11 20 -20 25 7 63 4 -38 -14 73 52 -2 -6 8 -1 48 -2 -16 40 -30 1 -26 -36 15 -1 -42 -40 48 -7 1 -35 -2 -10 33 18 27 0 13 -54 -34 -20 49 -5 6 69 -41 -15 44 20 -7 40
35 12 55 32 26 -14 11 63 4 43 56 -1 -5 36 16 19 7 11 8 29 -34 57 63 1 42 7 22 -20 1 -29 23 -56 -65 6 -16 -5 70 48 -10 -20 -23 25 64 56 19 -20 -44 -75 64 -35 19 50 45 42 26 -35 31 42 71 67 -2 40 27 3
-58 -34 -42 67 -23 -33 -3 9 -3 10 2 66 -71 -5 -19 12 -2 -8 -12 57 18 1 -23 -28 32 -37 60 48 9 36 -16 13 -36 -36 5 15 -3 -30 -7 -29 -18 44 18 31 31 41 4 9 47 -10 40 -80 27 33 -13 6 25 -6 -23 6 -31 -43 6 22
-10 -52 45 21 39 -24 -10 17 48 -20 1 39 7 -35 30 57 -4 18 21 -23 3 -30 -29 20 -89 38 -49 8 11 77 36 -50 -39 55 26 59 -33 57 59 24 78 42 -29 -40 46 50 40 -20 49 -67 48 23 -2 -16 19 -6 48 -77 -2 21 33 31 26 0
31 8 12 13 7 32 7 12 2 -11 -30 -82 72 16 -47 20 12 -17 29 -10 3 102 -107 -67 -35 14 39 -41 -66 -23 -9 -69 5 18 -8 25 23 26 6 -10 -43 -53 18 -49 -1 1 25 11 -2 -13 -34 -74 67 -6 57 -8 52 38 -8 15 -20 17 30 13
11 -8 -80 21 21 -49 -2 -94 -39 32 18 -29 -13 52 -28 39 -5 -15 44 38 25 17 -46 10 46 -18 45 57 42 -3 -80 -41 7 -33 33 -1 5 -18 -42 3 8 -21 -37 -30 -54 27 26 -10 -29 58 -48 -18 -42 12 -20 42 20 37 25 1 5 15 -49 -26
-99 8 -1 -7 6 -3 15 -6 20 -68 16 -48 -5 -1 -14 -2 15 46 -30 -39 -2 -2 -35 -17 0 -7 40 -6 -2 30 -24 -75 -23 -15 -40 -32 -13 80 4 -18 -54 -30 -16 29 9 37 26 -52 12 7 -51 -20 26 -55 -35 13 24 68 -17 -35 -6 13 29 53
-4 -21 -8 50 23 -10 39 47 -73 -12 10 44 -4 0 -36 -11 -18 -20 9 -60 -9 22 -36 -32 -92 -14 -20 4 -42 14 -45 8 24 32 47 -37 -29 -31 -4 -38 -10 3 29 -10 -5 -72 -78 -25 -55 0 -25 21 -26 -33 11 17 19 -1 -40 -50 -41 54 -53 -9
-53 32 -11 -76 -21 -10 6 59 -11 31 -34 -12 -5 33 55 0 18 -22 18 35 26 -8 33 21 0 3 71 78 15 11 60 17 -41 -3 36 -54 41 37 27 -32 -35 -33 48 -3 12 0 16 60 55 29 -19 41 -39 -41 34 -28 -62 17 20 16 -44 -10 -62 -14
5 -45 -59 1 -21 -5 -40 11 -25 8 15 7 -24 11 5 5 -3 -88 26 -8 -9 49 16 -6 -3 19 1 30 30 -75 11 22 30 7 -24 -17 -59 -13 -17 58 32 49 16 -33 0 59 -30 42 -6 67 -13 1 13 -34 32 4 -23 48 48 -105 -14 35 -42 22
15 -20 -40 25 15 -45 -26 -14 6 25 78 -40 49 -14 92 73 17 -12 31 -3 20 -8 41 -26 36 44 23 -19 30 8 -21 -50 80 -41 -17 -50 91 -52 -39 -9 15 33 -34 -15 -88 -80 -69 -74 -40 -19 -71 43 22 40 29 68 -27 6 -32 5 -22 -12 -6 -11
-28 -17 56 -32 -22 -24 26 59 54 16 -71 -37 31 -26 -7 -16 -43 -28 9 -49 -30 -15 -24 39 75 4 -2 -20 40 4 -58 -31 10 -21 -66 -35 -4 47 -51 -21 2 11 -42 -13 -2 2 -27 -12 -65 -2 10 -32 -22 33 -44 57 13 2 0 6 -1 -25 8 -76
67 -19 -2 18 -29 -16 2 16 75 -16 -23 4 34 -11 -22 18 29 -13 -16 57 45 -32 32 63 -8 -51 5 16 12 38 -20 8 18 15 32 26 8 47 -27 -4 40 -74 46 -3 12 -56 -9 4 -14 4 -30 -11 -9 -9 -9 -37 40 11 11 90 -42 29 22 15
-24 23 -49 -42 15 -2 -57 4 -20 0 25 -10 97 -11 75 27 48 11 6 -45 -38 32 21 32 45 27 31 50 93 53 -17 -49 -5 -65 25 -41 5 28 15 29 16 1 -1 -3 -63 -7 -46 -38 68 -104 28 -21 29 -16 7 -22 -24 -61 -13 -19 -13 -29 -29 10
-32 -53 -33 27 -61 29 61 4 37 -11 -40 3 19 -59 -39 -38 -18 -73 8 -28 3 2 15 43 27 -56 -17 5 -17 37 -33 -21 23 -73 13 -45 40 29 -19 -13 -35 69 -17 -29 24 -23 29 -28 44 -22 -14 -10 38 -9 25 -40 54 0 21 -4 -8 90 11 2
17 -14 60 18 3 49 20 -49 -49 63 -6 57 76 -9 1 46 1 27 -1 -4 -76 -74 5 9 -17 101 -26 -5 -16 43 -84 64 21 118 -27 -4 -31 3 -17 32 42 2 -15 -16 29 10 -19 5 -37 26 -22 80 -28 -9 19 34 -91 -59 -34 -14 -15 2 31 7
-12 -13 -10 1 -16 -54 14 54 42 -10 -8 -32 6 25 -41 10 41 17 1 -15 38 -52 -58 7 45 27 -51 67 58 49 63 37 -28 -48 -25 25 -11 -7 13 -2 -40 8 -48 -13 35 -73 25 4 -7 13 -13 -28 -51 -57 -32 29 -22 33 91 37 5 11 -45 -24
15 -86 37 7 -1 -3 34 0 -21 -5 -11 -17 19 -20 -52 69 16 51 -3 52 13 2 -59 -23 0 -13 28 -49 35 59 -16 0 44 -58 -63 -39 -43 -29 -26 -26 77 5 31 25 -53 -2 -18 11 -38 7 29 25 71 49 28 26 23 -13 -24 -25 -29 -2 34 4
13 3 40 53 -2 32 14 16 27 -63 20 -12 29 -50 -22 27 -2 23 18 -7 -9 -30 -92 -12 31 -20 17 -10 0 43 41 12 -6 -42 58 29 3 22 -47 10 15 -15 22 3 69 -36 -55 -15 -30 -41 27 13 -57 -25 31 33 32 73 22 7 52 32 -41 -19
-59 -40 -25 -1 5 14 51 15 -4 69 -13 -4 85 20 74 -23 7 12 -51 28 6 2 4 -2 39 77 -5 21 51 19 -36 -55 5 -54 31 2 -16 41 20 -42 13 -32 16 3 -34 15 10 -28 27 52 -8 32 21 -10 -1 -16 47 -20 -18 37 -16 1 -17 -44
-63 8 -75 27 -8 52 16 35 29 -42 0 25 13 45 -21 -30 -13 103 -40 -9 -64 55 -10 19 -18 -17 -44 -14 55 60 -3 -8 6 55 -32 1 -11 10 74 -77 2 -33 26 -39 22 -3 11 50 -8 60 21 48 1 5 -25 56 1 2 -5 -23 -32 -38 32 -11
-4 -23 8 56 23 52 -74 36 51 36 -44 -26 -3 21 -11 29 101 4 44 -29 25 16 79 26 25 47 -16 12 31 25 3 51 -72 -69 15 -33 -41 31 35 51 84 -27 14 -10 8 -77 37 38 -6 21 -10 68 20 -49 31 3 9 83 -20 2 -31 15 84 -3
13 7 -20 2 -1 39 -30 -39 -33 21 -7 45 36 -39 52 -9 -2 16 25 -55 -20 19 -37 -9 -33 -42 -20 25 34 -11 -17 -44 80 -2 14 -61 8 -28 -59 55 26 4 5 35 -9 -9 88 36 9 28 64 34 1 25 -18 -9 -23 30 -45 -56 28 -48 32 -21
19 -24 4 34 12 25 -3 -35 15 -14 11 55 51 40 29 2 -13 -1 -44 -24 5 49 20 24 -50 17 13 6 -4 -3 76 -4 56 19 -23 18 4 30 16 67 -21 -69 46 -26 -4 -27 -81 -1 6 -31 -49 -17 -54 -26 22 32 -88 25 31 29 27 0 -23 -69
57 24 47 -4 44 -36 38 46 -58 50 -4 15 5 -31 5 2 10 21 31 -24 -91 11 31 -9 -1 -27 30 -25 10 1 -1 7 -33 -22 -63 -40 48 -58 -17 -44 -4 1 -21 34 -4 -48 23 -2 -14 69 -27 -78 40 28 -4 4 -47 -24 -20 -29 -43 -34 31 28
16 101 31 -33 -36 47 -14 -7 -20 -40 19 -50 -10 60 45 91 33 -18 17 48 14 34 61 2 -23 12 -9 59 -18 -38 -8 21 51 4 35 -1 9 -18 -54 -31 -63 -13 0 3 7 -8 -20 -27 10 49 -22 62 7 3 15 14 7 -20 51 15 0 104 24 -35
42 13 -5 -23 -49 16 15 -36 -66 -4 42 20 -10 24 -18 -27 13 17 1 -17 -18 3 -22 -12 34 -17 -50 9 -41 62 -86 62 4 9 -81 -12 3 -74 -31 -49 17 -8 14 -21 17 28 -77 -25 -18 -14 49 2 -35 22 -54 64 -79 44 -11 -24 13 38 -8 -19
-27 42 0 33 21 -50 27 15 18 -50 40 112 -66 -2 -48 -8 -88 -43 -4 5 -28 -31 -20 -46 11 -12 -37 -21 -8 -5 -8 -6 36 7 9 -23 -16 15 -2 24 -9 -48 -59 -84 -11 -49 -37 -13 21 -8 14 -7 -20 -53 -15 -24 12 -20 54 -8 27 120 -26 -69
-27 -32 38 -18 -21 20 16 1 7 110 42 35 -7 -16 15 37 -88 14 -49 28 -31 -11 16 -73 32 33 9 15 24 -53 55 50 22 30 20 60 33 -61 28 -13 28 -18 -3 -8 -18 67 18 -12 36 87 48 16 66 -17 55 -1 -41 -21 14 52 23 45 21 -63
19 -35 -44 -8 -6 -17 -15 40 23 12 -47 -3 5 34 -10 -20 -25 -21 78 15 -10 -42 35 -44 -4 -41 -7 35 18 -8 -12 -13 -91 11 -21 -68 -68 -5 77 -8 -40 -15 41 33 -55 -55 -13 -51 23 36 -43 61 -22 0 67 -67 38 27 -10 -3 -54 38 -2 47
-21 -12 19 -14 -31 -27 17 -31 14 24 -39 32 11 15 54 -84 -17 26 5 1 -9 -1 -34 -5 39 57 -20 -53 13 45 -19 -17 68 4 22 -41 -50 -35 -45 40 -45 16 19 25 -30 -20 25 -7 -12 18 38 -34 33 -36 10 -12 -2 46 -2 -1 -5 43 23 82
-18 23 -61 -60 10 -16 -10 -4 -2 19 -5 65 22 14 -37 13 19 -29 17 31 -93 -28 -16 -41 30 -74 -20 -15 8 -82 -16 37 -15 33 8 -72 -19 -8 -40 31 -84 3 21 25 -37 84 19 75 18 -34 -41 -7 -4 -39 3 8 7 -19 23 -19 -18 -72 55 -41
-20 9 35 45 -49 -20 36 15 36 26 98 -3 36 -2 -55 37 14 -37 33 33 -8 -6 -9 11 -4 43 -1 35 -41 14 -10 -23 -40 -27 -10 26 -39 15 20 -27 -68 7 -65 18 15 -38 57 -26 -47 -5 -45 15 42 72 -26 -2 -3 30 -15 5 -84 18 -22 -4
46 -44 -74 -8 -18 6 86 -39 -66 -1 26 37 -58 -37 -3 -18 29 8 69 -12 -1 -53 -25 -9 42 -7 10 44 -54 -10 -25 -11 -29 -33 -34 12 -2 -31 68 -19 47 -41 -26 -18 -34 15 -29 22 -5 -9 -78 -6 -40 24 -77 -8 -76 12 23 9 47 17 -20 -5
-25 8 26 36 88 -7 49 53 -24 32 38 -26 28 -14 -19 -96 8 47 -3 43 50 36 -43 8 40 113 -10 -21 89 21 -20 -33 39 26 -56 -52 -32 -18 -14 40 -54 -2 -33 25 21 -64 18 0 1 9 38 4 -19 20 -20 -28 -31 19 37 -19 -7 21 -9 14
27 -74 -33 25 43 18 -12 -15 -37 23 -54 -30 -29 -8 -15 -1 -19 15 -27 -24 -31 -45 89 -26 104 -16 -49 -75 -25 -34 -39 -9 -19 11 34 42 101 4 -42 -25 5 12 -26 24 1 35 -6 -14 -11 21 93 16 -9 22 -2 -12 20 39 23 50 -22 -3 -40 -86
-37 23 -12 38 -47 -2 29 -31 -1 -67 19 -49 28 -1 53 -48 69 28 34 27 -4 60 0 28 -53 -52 -52 12 36 59 16 37 71 -45 -38 36 -18 -28 39 -2 -24 25 -5 11 -47 45 99 -72 -59 35 62 9 65 -12 -20 4 -20 52 69 14 -9 -25 -47 -34
-60 15 -29 51 45 12 -61 -2 7 24 -13 17 59 -1 10 54 -15 20 -11 30 4 -70 -19 5 42 26 -35 22 20 -22 48 14 -18 25 -9 36 -68 -17 20 -10 1 -17 36 28 -33 -28 0 8 39 -7 -11 -54 44 -84 -4 -8 -50 76 -81 -30 -34 -8 22 16
13 -1 -6 42 -18 -36 75 -25 -111 28 -16 44 -3 26 73 13 75 -43 62 -49 -2 -46 56 -21 -57 25 -25 -72 1 -4 49 7 -31 -47 -22 -45 38 -103 76 -22 -126 6 2 64 17 -15 19 -67 -30 -17 -4 -85 -4 5 4 -1 57 -4 31 -10 52 -9 -12 -33
-17 31 -23 -6 33 9 -45 -110 -53 6 -14 3 4 2 11 -44 -3 29 -13 25 18 6 -90 -42 44 -29 36 -29 51 -13 12 -33 -12 -6 13 -3 -28 12 -47 29 21 -61 -13 -31 -37 57 -45 -19 -5 -17 -92 -52 -18 -57 -49 85 -17 -89 -53 30 38 -16 21 -11
-18 32 -11 -42 0 -25 36 13 40 -24 109 25 40 -15 -23 45 65 -15 23 -55 -9 9 -14 -10 -37 51 -53 -1 -44 25 3 21 -11 26 17 65 87 17 -23 -73 60 -22 -10 -38 -24 -38 -18 -4 -25 -16 29 2 55 20 -22 57 26 29 -4 7 5 8 1 0
7 -76 -28 -26 47 -28 -8 -14 20 -11 -48 36 57 -47 -7 -35 -4 27 -49 3 -36 10 -12 -23 -1 -81 -50 -12 35 -72 66 26 8 -49 24 -22 25 -3 4 -4 -41 -27 -34 -64 -43 -29 -4 -33 47 -89 34 -57 12 -51 -23 13 -70 25 -29 44 0 3 -3 -19
-12 -14 26 -53 -12 -21 10 67 13 23 10 -7 38 -8 -12 -88 -58 -2 -8 10 24 -44 41 67 5 -50 11 -10 48 91 -27 -21 24 -32 -22 -26 -16 64 79 -32 36 -37 15 -44 18 -1 -35 -10 -27 -39 -10 97 -24 57 47 -16 -1 1 69 23 47 -28 -15 29
60 55 20 49 14 47 -8 4 1 -26 -17 45 50 12 12 -26 -5 11 -18 4 10 94 22 -10 -20 -55 39 -5 -3 27 -5 34 73 35 3 71 -14 -14 10 27 -121 -75 56 33 3 27 0 23 -64 69 2 -21 41 45 -23 42 -10 4 39 -40 18 -44 -13 -2
18 -54 22 -36 5 4 -47 -47 -4 12 -29 -42 -8 -3 19 4 -47 14 -56 20 8 -81 -10 -83 58 -44 -84 -69 22 64 46 -35 -79 -27 37 -2 52 82 42 -24 1 21 -34 -21 9 22 -21 65 -80 -45 -22 33 -16 6 57 -9 -69 -36 62 0 32 -112 21 -65
19 35 3 -24 -27 44 17 63 16 -32 38 -3 -86 -12 -28 -39 30 -35 14 54 41 45 -21 30 45 -28 82 9 2 3 31 -14 12 5 -36 -23 -11 33 0 1 -99 2 -36 48 64 8 -16 3 2 27 28 -24 -29 -32 -1 56 -27 36 33 22 -93 17 22 8
31 -25 27 8 -44 84 -9 18 -33 -23 64 -30 28 46 -48 -64 28 -4 2 -21 27 -9 0 -27 116 -72 32 -48 17 115 14 -13 -36 -9 27 28 2 17 35 20 -35 39 -19 -55 21 42 -50 -3 -68 1 21 28 -23 17 10 1 -6 -52 93 57 25 47 -29 -57
0 32 -44 5 -6 15 -2 54 -57 -5 -5 47 -14 -4 -17 8 64 52 7 14 27 -31 7 52 -41 -34 -44 27 -28 -15 3 7 -23 -49 55 54 50 51 -46 -4 -13 -37 16 -50 -16 24 -22 22 20 -36 76 -33 3 29 -50 -39 -32 29 -30 -31 -20 -26 -19 -53
23 31 41 15 17 -49 -57 22 24 -87 -40 -55 17 42 -16 -19 23 74 36 -90 -6 57 -45 -16 -47 -52 -61 -28 -3 29 -94 26 24 -56 -25 0 -7 -42 -9 46 -50 15 -38 -16 -76 15 4 -15 28 -30 -27 -58 1 0 -29 24 -59 25 -73 -40 -6 -24 58 51
-2 -86 -59 31 -42 -55 -67 -19 -12 11 -41 -35 30 -38 9 15 24 -45 28 43 -8 12 26 7 -16 29 -33 8 -24 -60 -10 -18 -66 -46 -75 -75 -54 4 -17 63 8 -6 -2 41 -7 -59 33 -55 40 -24 8 -16 -1 17 14 66 20 -4 -27 -9 51 7 -11 14
2 -49 -38 11 2 -46 -72 72 13 -4 -1 39 1 -49 -46 -64 -38 -80 -37 -25 -24 25 4 -41 -55 49 -27 -43 -31 -11 -11 62 71 -16 -47 -44 44 29 69 69 -39 -9 -28 52 -43 -79 -37 5 8 -42 32 -29 45 66 -20 -36 -13 -6 21 -15 23 7 -4 -5
4 44 -69 -38 41 -8 -1 10 33 -8 6 -15 -19 -7 52 1 -58 -32 -5 28 43 -2 -18 -19 12 -51 7 -35 -10 -20 19 -39 74 -21 -27 44 30 46 45 8 -58 -20 16 53 32 -10 -6 41 24 -21 -79 -33 12 -28 -19 25 47 25 4 48 0 7 -42 -38
20 -101 34 -58 -69 -56 10 54 35 -36 -38 10 28 26 15 -23 -14 -56 6 -18 -68 -22 -40 1 -61 -45 -19 -10 16 -67 0 63 3 11 17 11 21 -77 5 31 3 -36 -45 -63 -32 -18 35 -17 41 -14 2 49 18 18 -44 37 -20 -31 60 2 15 4 -10 -62
47 21 78 45 4 -11 53 1 -24 124 -88 33 61 -19 37 5 37 23 -48 7 -31 40 16 6 31 13 15 -9 10 12 27 -15 20 79 -14 11 54 -1 -14 0 66 15 15 22 -42 -16 0 61 -27 73 38 -5 7 30 -49 -22 -46 -21 35 6 72 -4 90 1
0 4 29 -49 60 66 19 94 -3 -21 -9 5 -22 -26 23 -17 -5 14 -23 -46 19 -1 41 16 24 19 17 20 -54 -8 19 -63 57 51 36 -11 -44 13 32 95 -31 37 2 46 -28 40 11 -14 9 -21 19 -10 11 -37 47 -25 -36 75 1 35 69 56 105 -53
2 -64 -72 -15 41 -7 -16 -101 1 11 44 -23 39 -18 13 25 6 19 -42 -15 -23 -46 17 -22 12 -14 9 -45 20 -32 57 25 28 0 8 -2 -42 -34 -64 -39 -53 -63 -15 -28 -78 -48 20 14 16 -32 14 0 -16 -4 36 45 20 -53 -43 -56 16 26 -49 -39
19 -30 -33 21 30 -35 -4 -30 -30 -20 -18 -35 -12 -40 12 -3 52 -43 -23 17 6 -6 1 31 10 14 13 36 -10 -8 55 -19 38 -27 -2 18 -27 -17 22 18 45 15 -2 -13 12 62 9 -12 -11 30 7 -34 39 17 -25 10 45 -29 -59 -48 20 54 -30 5
-16 42 30 8 -47 -14 -22 -30 -1 -42 -108 33 10 -32 -12 61 -27 -17 -57 24 -65 -33 7 20 -8 -22 -48 38 66 25 -68 48 -65 -78 4 -39 -37 -20 -13 24 43 -39 51 -2 -55 -38 0 -44 -32 0 26 -26 19 10 -61 61 16 40 -15 30 -3 -10 -97 -24
12 5 -9 37 -42 -23 -44 -4 25 41 -10 5 33 26 -39 11 70 1 39 -18 43 57 -50 -24 35 16 -8 55 -42 -22 27 69 13 66 33 36 -43 0 75 -41 6 -33 -10 -24 10 -21 -4 21 0 14 -18 -10 -18 -54 1 32 23 -10 31 -24 -20 21 -29 24
-5 -6 7 12 50 18 11 68 -15 57 -78 34 -7 23 -38 -26 -43 46 -10 -30 -26 -1 -5 15 13 -42 38 24 -23 -6 -3 -57 -16 -22 2 4 47 34 6 -82 25 18 -29 50 -25 -4 -6 7 -13 -25 61 -17 -34 50 -4 -25 -20 51 -33 52 -29 7 32 -57
-43 14 -14 -12 -36 37 38 37 -29 -34 26 63 -2 -20 59 -36 81 57 3 -43 -27 50 -39 18 -13 2 3 24 -4 26 -23 -22 5 68 -55 -47 51 -62 -14 -10 6 -20 -5 -49 -25 -48 1 33 7 -54 80 -30 -15 -48 -14 48 5 3 -42 -3 51 -18 -1 -30
-6 -55 35 7 -7 12 -6 20 37 12 42 45 -7 -30 -59 15 -4 0 8 -44 -42 45 -61 -43 -16 22 -30 -68 79 -11 -7 8 13 -8 37 30 77 -1 -31 12 4 0 -38 58 -11 33 -52 -5 -38 -8 20 -23 5 -14 19 -43 23 29 14 20 52 -17 28 17
-39 27 23 -27 18 62 51 1 -10 44 -38 93 91 -63 35 1 -109 65 -16 55 23 69 9 15 83 -14 96 -11 -55 0 2 5 8 30 -18 31 -16 26 50 -8 47 -27 -14 22 59 -27 14 51 23 4 -29 4 25 55 -5 -47 -52 -12 -23 18 33 41 -7 -49
-49 -6 51 54 -1 -9 23 -30 30 82 27 6 -10 62 42 12 38 -4 10 60 -29 3 8 24 37 50 -6 16 -67 -29 65 7 -14 81 8 24 44 -7 6 -18 76 41 7 12 48 53 49 60 31 57 59 66 8 57 20 53 -1 -19 43 -10 111 21 67 -47
10 10 8 -14 14 35 21 35 -5 23 -62 36 38 2 29 21 34 -11 41 -50 -7 23 -6 -30 0 32 36 -10 14 15 44 16 -76 36 -28 -10 45 9 35 8 22 47 79 -38 13 -8 8 72 74 -55 -42 1 -8 -7 83 18 -40 1 -17 4 1 -5 -17 -28
58 -41 46 63 -32 -14 -3 3 17 18 10 36 -19 -12 -7 36 6 -63 63 -22 18 21 35 -51 -36 -32 -21 15 -5 -12 3 -59 -49 7 -13 -45 -37 -16 26 10 5 -29 1 -31 58 -16 1 29 62 12 35 80 -67 -68 -21 19 -14 0 46 -47 30 39 -66 -3
73 14 -11 -15 -60 21 -61 -46 -62 -18 4 -39 2 -5 61 21 1 73 -23 19 -34 0 -31 25 40 26 26 8 68 24 -26 30 27 -11 83 -15 -54 2 -12 61 -2 -18 27 2 -18 -6 -46 20 -15 31 -52 58 -55 -10 14 -22 -12 40 -20 -31 26 -86 23 82
8 11 8 18 -17 17 -10 -68 -21 14 -98 -7 -53 23 -68 -47 66 32 -29 23 -12 -6 -34 -10 -24 -49 6 -11 9 -23 29 -18 -33 -14 8 -12 -2 -13 4 -53 -34 28 19 36 -10 67 28 39 -62 -4 27 40 48 45 -27 -27 7 -36 -16 -40 -39 -8 -91 12
-26 6 7 -16 -46 4 -15 32 55 19 8 -60 -13 -45 -40 -71 -28 66 101 -86 -21 16 -8 56 1 13 -9 44 -10 35 -1 14 16 -20 -20 -13 43 19 -42 44 -3 -5 9 -36 5 33 -34 33 -7 27 57 16 -33 -82 10 7 -49 3 -62 -9 -53 53 25 -10
-40 86 97 -33 -50 8 15 -65 -53 16 9 -6 -28 -33 79 22 -35 55 7 -48 85 27 -1 -49 32 -30 77 -26 -12 -64 -50 20 -67 -79 37 -37 -36 -79 51 -20 -49 -19 39 -15 13 -4 30 7 33 6 13 41 36 5 1 14 14 6 -87 -2 -13 -31 -8 5
17 36 69 -63 31 -9 18 6 -35 -47 38 -70 8 18 43 46 12 -28 3 12 -41 -37 -11 10 40 -14 80 42 -33 -60 48 -45 -12 -17 -95 -39 10 40 -11 11 3 11 36 12 -27 -30 -28 -49 2 0 28 -88 10 -6 -52 16 21 -19 -1 24 -5 30 -29 -40
-5 9 25 1 -23 5 -38 -50 -40 -17 3 -78 -1 49 55 11 41 20 -20 63 4 10 66 6 52 -34 37 -40 17 -18 3 29 -20 41 57 11 15 -32 -3 45 31 -1 63 -33 61 -63 -33 7 -59 36 -34 -21 -17 49 5 7 45 -9 1 -8 37 3 32 44
55 49 54 2 -18 -50 -20 20 -10 -17 25 36 15 10 -4 2 -32 -11 31 17 -17 -43 37 6 -52 22 -43 -4 -34 68 48 -49 -35 -8 22 -41 -26 -3 4 57 33 -49 -14 -4 18 25 33 -6 -3 1 8 -25 26 35 -55 -12 20 -45 -6 -3 12 68 86 26
33 -17 3 72 0 74 19 8 58 38 -27 2 31 -12 -11 4 35 8 53 16 -54 30 22 15 44 34 15 21 -10 3 75 46 -5 71 -13 -15 -35 -16 23 -18 46 85 19 -13 55 6 -11 15 -11 -35 -33 -4 54 18 7 22 28 9 30 -40 -23 -7 -108 -8
-63 20 0 35 34 2 -47 3 11 -8 15 -22 56 -8 -8 15 -32 11 -32 -15 -34 66 -24 17 40 -66 -30 59 -2 0 -73 39 -8 -57 -100 15 33 3 34 -5 -62 16 -99 0 38 68 29 -7 -24 -12 1 6 56 54 -89 33 60 32 61 -35 -1 12 26 -9
-48 -30 6 -23 78 -11 -5 -42 -35 93 -45 -8 -2 -11 -30 25 -34 29 -28 -25 1 -14 39 -75 2 41 13 2 7 35 -47 26 38 5 -48 54 -1 4 12 -16 11 13 23 31 -64 46 -14 -23 -54 -34 59 13 64 36 6 54 28 -60 48 49 27 19 39 30
28 4 -10 25 -62 -16 -31 -14 21 72 -21 13 -112 -42 62 41 -59 -35 -11 29 45 52 -83 54 -51 -24 -9 41 -45 -3 27 -44 -9 9 16 46 -21 -11 -8 50 -15 17 3 -33 12 -28 2 5 -36 -12 4 18 3 -27 -1 12 11 12 -34 48 -33 70 6 34
36 22 -1 25 -24 7 -53 1 -8 -10 48 2 70 -18 -4 30 -63 -48 21 -55 50 -22 89 2 32 -28 -50 21 47 56 8 28 33 -48 33 4 -38 8 1 33 36 32 -48 33 -16 20 -8 -25 -71 -9 -76 71 -38 -91 3 11 39 -43 3 -31 85 15 -16 0
-53 52 -52 -60 -8 22 16 17 47 6 48 38 11 -10 -3 55 -8 7 -4 -23 -12 -12 -19 -28 -47 -12 -16 34 9 28 -7 7 20 10 -25 -9 -28 -13 55 16 77 18 -13 -23 88 -48 -54 66 15 -67 -13 -18 61 -49 -32 -54 -19 38 -13 -27 -89 73 -44 -30
-53 -8 -69 46 51 20 -20 0 -1 5 -57 -58 15 -10 -96 -18 -35 -25 6 0 60 2 3 -9 1 -36 -50 -69 23 36 -28 2 -14 23 -9 15 11 59 -1 12 -2 -4 -57 -12 -38 -20 -29 53 -13 -14 18 -21 -35 8 -32 25 -59 -25 7 21 -42 40 -6 20
1 26 -15 13 33 73 19 -8 6 13 18 99 -43 34 -53 24 -22 9 7 53 62 -70 -39 -7 62 19 14 -47 31 42 44 32 67 17 -50 1 -23 15 36 39 38 13 25 22 12 65 -1 -17 -12 45 -18 36 -5 13 22 14 15 3 3 33 -7 17 42 -26
-34 -54 13 -4 -19 -9 -1 69 -7 12 4 21 -41 -15 14 -26 -5 62 -6 -43 23 -8 -29 10 68 21 47 -44 13 5 -38 26 -8 9 28 -2 -30 -1 32 -75 25 11 7 -65 -11 -38 -25 -34 -54 77 36 -50 -122 1 6 1 30 -8 -68 -12 -1 0 74 4
-38 -15 17 2 18 0 36 -17 8 -14 4 -44 32 54 -24 -76 6 47 -8 28 15 23 53 3 1 -35 13 79 20 -9 -63 26 6 -32 44 27 -19 -20 -53 -42 45 -37 8 59 -24 25 79 15 -70 53 23 78 6 -47 17 -31 -53 33 -33 -4 22 11 57 -14
28 -25 -1 -22 -9 33 -19 20 34 -5 -63 6 -6 -16 -36 -23 60 -8 14 34 -57 -3 36 41 28 53 -17 23 26 41 -31 77 -61 55 -63 28 52 -23 -49 11 24 24 39 -49 55 -61 10 -47 -37 -36 -25 31 -66 15 -26 -25 0 15 -34 92 -38 -37 24 -18
72 24 -11 -50 13 -23 46 21 -28 -15 28 -16 37 56 -50 -10 65 25 -12 -57 -50 -15 8 19 -47 -28 9 -17 22 0 9 -12 6 1 6 44 4 17 19 -18 86 66 7 -52 -58 65 -44 51 48 -3 75 -9 79 39 19 -26 -34 -56 0 29 43 50 55 -49
56 -28 -3 -41 -92 16 -20 40 -9 -33 -39 20 40 -18 50 10 -50 -8 -9 -11 -22 -18 39 33 -46 20 -64 1 42 -3 -28 43 -7 19 -4 19 -26 23 -8 -16 -7 21 35 -17 54 -6 -20 1 34 -12 59 -10 -17 -11 11 36 32 -15 38 -20 -1 -24 46 24
12 24 39 -15 -16 95 -44 46 19 -33 -50 38 -25 31 13 62 14 7 -19 5 23 106 -70 -33 19 30 15 -6 -9 -14 50 -25 29 63 47 45 -12 -3 31 -40 -23 -19 -2 3 32 51 -13 -23 -23 45 47 -64 -57 39 -46 -33 41 -47 90 19 -11 75 12 24
-3 -22 -7 46 20 41 -69 21 -18 83 -69 2 -13 27 11 9 -4 -67 -16 11 -1 11 68 8 21 -23 -78 -34 7 7 -30 51 -8 -20 -72 -46 -23 -6 18 22 48 52 38 -47 -46 -32 35 -24 -37 33 50 6 -101 -31 -25 0 -27 13 -56 -27 56 -48 42 5
-26 61 4 -58 -60 11 17 22 -21 51 -20 -27 -31 18 25 -48 16 44 44 -12 32 -23 51 5 -19 20 28 23 55 56 -33 -17 0 16 -5 34 39 -32 16 -6 21 -45 -59 26 19 27 47 -1 19 -53 54 0 -6 45 -59 -2 40 -77 -14 44 -23 27 -2 -70
24 100 51 -51 33 60 45 5 21 -22 4 21 -10 -39 43 -7 -37 34 22 -29 -13 -6 0 20 33 39 63 -72 24 -28 -35 -25 -29 6 -2 -40 16 -19 -16 6 16 -16 -108 2 -19 -83 -7 10 -62 1 -15 30 -36 47 -8 -17 -29 12 -20 -14 -27 14 -43 -20
-14 -27 -114 60 36 -32 -25 13 65 16 -10 1 18 -30 7 48 -38 -54 37 45 4 -42 11 4 3 24 -22 -8 0 -21 1 0 44 -17 1 25 -15 36 9 -25 -41 51 100 -20 12 52 39 1 -18 -15 -3 25 13 -10 -95 52 46 5 19 24 -71 15 9 8
7 -13 -16 -15 48 -88 25 -38 -30 10 -26 14 -16 18 78 3 -24 -33 25 65 8 -58 34 -13 -2 16 0 29 37 -33 -50 22 12 -55 79 -8 -16 -12 -41 34 1 -21 8 -3 -12 -13 56 -2 11 31 -21 20 -41 -50 88 -19 -37 -28 45 29 0 -42 -35 -16
35 -18 -46 -15 22 15 7 -42 -62 12 -23 -25 -31 -52 -58 36 25 -18 -51 29 -57 -15 -43 6 17 -67 -6 -23 25 -20 -3 32 69 4 -7 44 44 -12 71 -17 -3 8 57 32 33 68 1 -56 -18 -25 42 25 51 34 -39 -41 -29 25 -4 33 -1 -19 -10 -24
-25 -19 24 -26 36 -25 22 27 31 8 -5 -37 -1 31 13 68 -24 24 23 36 4 27 23 31 28 69 4 -67 -35 23 63 -5 -13 18 15 -72 -17 -68 -3 3 -80 20 -9 -29 30 -39 70 25 72 24 -25 51 -72 11 -21 -2 -70 27 -53 56 -50 -26 -16 -12
60 -10 -6 28 -37 -12 -14 21 73 15 -16 33 -3 -2 29 34 17 8 -96 -6 -30 -4 -12 -32 -44 -50 -5 -44 -47 -27 -18 -67 13 9 41 -76 61 7 38 17 8 4 24 49 54 -91 -17 55 -44 -52 -14 -54 -21 21 -31 2 -26 18 42 -42 21 -12 -1 -29
8 -1 17 7 32 -3 -1 -9 -34 39 -19 -64 4 11 2 64 -32 45 -17 53 1 -36 68 33 59 92 60 4 12 51 40 -38 4 13 -1 -37 4 42 16 60 -11 61 13 3 19 47 40 -28 -43 -44 2 17 13 21 16 -1 12 33 21 -9 25 46 -56 -10
-7 6 5 24 2 -35 39 53 4 -49 37 42 -22 -13 66 2 44 5 -8 11 27 16 -29 -7 -45 59 -34 38 36 26 -22 61 8 76 -11 -12 10 33 -13 27 -15 -23 -8 -18 28 40 10 60 -52 -26 40 48 -63 -41 7 -34 -5 9 29 3 51 -11 58 60
-80 23 17 20 -7 -5 2 25 -1 71 23 7 -34 31 -1 49 14 27 27 -41 -35 -57 5 39 28 -43 -1 63 -21 22 -25 3 23 22 -47 34 -51 16 -71 37 -11 12 -22 34 92 26 16 -27 56 62 11 -22 -50 50 38 38 -8 -41 44 39 -48 9 -39 3
33 -52 55 13 -44 -38 1 -71 -23 -26 -28 56 17 67 10 27 -16 -22 4 -1 -12 2 49 29 -27 -8 12 -46 12 50 -7 -19 -9 2 29 -21 69 12 32 35 13 35 51 23 -23 8 2 -45 13 -41 -42 43 -48 -20 -61 39 56 52 0 23 22 11 13 55
-41 9 19 35 93 2 -29 -26 -41 58 33 -35 -37 -33 -28 41 -8 -19 -32 26 42 -3 83 33 65 2 25 6 -55 -10 -3 16 -6 26 14 -21 -24 2 -63 -11 0 66 36 24 -34 30 77 17 39 4 32 56 12 1 53 -20 89 24 -27 -21 80 -6 -47 0
28 25 -17 43 -8 -38 -3 61 -40 15 -46 -61 -22 -44 59 13 -1 21 -20 -22 76 -8 31 37 -37 48 -5 10 -31 21 -51 -3 32 -85 45 67 -26 -39 2 61 -19 6 -26 53 23 -12 -1 -54 -52 22 -26 17 54 8 -2 22 36 -58 -26 49 -70 -31 1 52
3 -27 -26 16 -15 18 79 83 -43 56 -19 -26 45 -11 19 53 -81 -12 22 46 20 5 14 107 67 -6 57 -17 33 -91 -9 46 -26 -38 -36 33 -49 5 14 1 7 -23 46 56 15 26 6 71 2 26 17 -11 30 -31 -19 22 40 22 49 7 -30 16 -1 -4
15 45 -16 24 43 -31 6 14 27 -47 1 7 36 43 -26 -7 50 -26 -28 2 62 2 -37 -1 -16 17 -7 21 -32 -5 46 18 57 -65 16 50 30 -10 -14 -28 38 -26 -14 12 -39 -14 76 -67 24 -14 9 26 37 -29 21 22 18 16 107 61 9 12 -34 -2
16 -6 -38 17 -30 -68 28 30 4 -42 5 8 33 -12 43 5 18 -28 -15 39 42 6 -59 57 -26 66 2 -5 21 -43 0 -24 -31 -116 -23 14 1 27 -7 15 15 -11 48 -8 3 -53 -48 -3 37 16 51 -17 10 -39 -18 14 92 -31 -4 -10 -22 -51 70 -26
7 -22 -41 -20 -17 -15 49 21 45 -12 -30 -29 -47 -48 13 -45 -63 -14 -51 -5 31 -34 23 -12 -31 -13 -7 8 46 7 10 15 -7 0 -22 4 0 49 25 -6 -32 -60 13 69 -12 -31 -41 -11 -52 31 50 27 34 33 19 -1 -44 10 -65 -60 12 57 25 -10
38 26 -16 -17 -29 -35 -27 66 45 -33 -10 64 -37 -16 -60 -7 -54 -7 24 9 -3 -17 20 -43 3 41 6 42 23 55 17 -1 -47 -86 -70 -15 -76 60 63 14 27 57 -10 17 -11 -63 14 -41 -50 -75 -14 68 16 2 -92 34 18 32 -13 14 -6 107 34 74
11 -23 22 -23 30 23 12 40 -13 -63 -60 70 -9 11 -10 -35 -6 16 2 31 -13 -33 57 -7 13 -16 0 21 -12 -76 -30 -49 -6 -2 -16 -48 4 20 49 25 -52 29 33 -42 11 -39 0 -12 -28 77 6 -54 -9 -20 -57 19 21 4 1 -5 -19 -28 35 -20
49 13 7 -14 -43 -4 16 29 27 51 10 -2 -10 26 4 -51 -18 8 -34 1 -23 2 -14 32 3 -40 3 54 -19 -14 14 -51 -79 15 26 10 69 -60 37 56 53 52 16 -59 28 7 -5 14 -46 38 73 -19 -32 51 -6 -24 -64 -71 54 37 99 -30 29 -24
-77 -74 23 -25 1 45 8 -10 101 41 35 19 22 47 45 59 -9 51 -18 5 7 59 -25 -39 -14 -5 -36 -20 -29 12 -1 -30 -14 -8 -47 -20 56 -30 13 85 56 -15 22 -32 27 9 77 35 43 5 51 9 55 -11 -15 17 9 -34 -4 -16 53 9 24 15
-15 -30 26 16 22 -39 -43 6 31 -7 68 20 -21 19 -51 -28 31 -14 -28 -43 -30 57 58 -32 39 12 -45 -29 -19 7 -42 -55 -3 37 37 -3 2 -12 -36 0 -21 -27 20 -68 78 7 1 -25 11 24 -4 -34 31 56 -6 9 -61 -30 23 46 -11 -18 47 1
10 -18 -10 14 -25 4 -48 -12 55 6 -25 -20 -7 41 -60 42 71 14 9 8 68 -1 -7 53 70 -13 52 -10 -54 21 22 18 -20 36 -10 20 -24 -21 22 41 41 -21 -29 -22 -51 -47 72 -2 -9 -58 -15 16 -36 73 15 -24 -29 38 18 17 -19 -4 19 23
-43 -23 -38 -38 41 46 -82 -45 -75 24 -33 -4 -27 32 -24 -9 -7 -11 -11 -11 -37 3 8 48 -24 27 39 43 -2 42 1 -14 -29 -66 21 15 -1 -39 -24 -14 -42 -78 46 -52 -63 -38 -61 36 41 -23 -23 -27 -81 39 16 55 15 -4 30 15 7 -22 29 -17
42 70 34 15 29 -17 -48 -17 1 -5 -6 -4 -2 -10 7 49 -36 63 39 32 -28 -36 6 27 29 29 6 6 -22 -11 27 6 2 -12 57 21 6 -16 53 79 11 24 19 -44 -37 -28 20 10 -15 -49 98 -29 -7 12 1 29 -31 49 -48 -17 -38 33 36 12
41 -26 -38 -96 92 31 11 -3 46 -12 32 18 0 -11 34 24 -22 6 15 -36 10 17 29 -9 23 15 43 -15 -23 -3 46 66 -3 -40 50 13 -16 -23 52 14 60 27 -35 3 39 28 38 11 -13 3 -41 -9 42 -21 -58 0 -12 -3 -16 16 12 70 -4 64
30 -40 1 19 -12 36 21 -17 22 -2 -25 -14 47 1 -39 -16 -32 72 -75 -9 3 -4 -21 1 -19 -27 -36 1 -65 -27 -6 -33 -118 -25 -18 15 36 -16 -27 -32 75 45 2 -21 -13 -31 43 44 -7 -5 -104 3 46 -28 -27 23 5 -10 64 58 41 -15 34 -22
-46 40 -20 -3 39 -50 -20 6 45 -45 22 -62 7 20 -12 11 45 -13 -71 -30 32 -15 20 36 68 5 -14 76 51 -50 54 -4 68 70 34 -26 -23 0 27 60 33 -36 -5 2 -17 49 -13 -6 -3 -1 -47 -65 -43 10 -36 -74 3 25 42 19 75 -78 -32 -28
-32 -12 -26 -71 23 34 -42 -8 -28 -25 -18 -33 14 -21 -5 -24 19 35 -3 -8 83 -28 77 4 26 -8 2 -6 32 -55 -25 -31 -12 9 -38 -40 38 -25 4 85 -30 20 -31 14 -36 -58 32 11 38 36 -28 13 -5 15 -34 72 -40 -15 28 56 -8 -37 49 -28
-15 -1 -38 -17 -50 36 -56 -4 -16 -48 -16 -66 42 -13 -39 9 -31 24 -70 -31 13 71 -8 46 -70 -41 -91 -19 -48 14 -69 -30 12 -3 -37 -8 -26 34 -62 88 -52 61 29 -1 29 15 -56 -59 -15 -8 46 -31 -32 43 21 -56 23 -3 18 -7 39 -45 6 32
48 44 -25 8 -4 19 13 -11 0 5 -49 -11 3 -67 23 -14 21 46 32 -40 -46 2 68 21 12 -37 57 -10 -66 -2 57 101 23 -17 -29 -21 -11 -10 -23 -16 -26 43 21 -46 -29 -56 -24 -43 14 -40 21 -3 27 -35 -74 -25 -48 -56 -4 -3 -9 32 -44 -46
-43 0 4 18 16 -18 -29 -21 -23 42 -18 37 6 33 13 72 17 -37 32 67 -11 -61 30 19 -90 46 -29 37 13 -1 48 -71 21 29 27 -5 -70 33 5 -16 5 36 -35 -23 -72 3 21 58 -36 18 -16 -58 -14 -18 72 6 18 -57 15 27 -32 17 -28 0
-4 -3 -22 0 -12 63 9 55 -5 4 25 62 56 -4 -16 9 36 0 -3 24 0 10 -89 14 33 15 18 30 3 -71 -3 50 14 -73 -51 -10 -6 15 66 18 -12 -23 46 37 25 -67 15 -23 15 -2 3 -3 -21 -12 -85 40 -38 32 -67 22 -5 98 15 -10
30 15 -9 -9 -37 13 -12 17 21 35 44 19 -53 -21 -65 21 -26 1 70 -41 -48 42 -45 -20 21 -15 47 60 -28 -43 7 -36 -2 26 -3 4 -3 51 -26 -3 -33 22 -35 -17 -5 19 74 19 -47 -11 -34 42 24 -19 -67 13 -64 19 5 46 15 61 -16 3
-25 -17 18 6 0 -22 -30 15 -23 -16 -12 -11 -72 24 14 68 -35 -54 9 -15 -27 24 38 -19 -41 -14 4 -33 -18 -39 -38 6 53 21 59 19 -7 -30 18 -31 -34 100 37 9 0 -31 41 2 -9 37 -7 -11 -17 -105 7 -42 9 -23 -52 32 -3 -12 -66 -27
18 -26 -85 -16 -27 2 29 66 -55 3 -19 93 -8 -17 -29 15 -28 33 19 -46 18 -28 20 9 -37 47 -51 16 -14 4 116 -38 -3 -10 -68 -5 -14 -2 22 81 26 3 -11 12 -1 17 -38 26 0 -3 25 25 0 14 -20 -34 -57 9 -26 -47 -8 38 -1 -39
14 32 36 52 -17 37 -30 -9 -68 11 38 -20 88 -34 -22 -22 8 29 49 23 11 -33 39 11 -76 -8 -6 51 5 106 -29 8 -16 -10 -12 -1 -22 -13 -50 34 -16 -89 -36 -47 -47 -2 -49 41 35 26 -48 -12 -33 11 16 54 -28 -8 15 -1 29 3 -37 40
-29 83 -27 9 -56 5 -18 55 6 49 34 -2 -33 -18 -35 45 33 -19 53 -32 37 51 -30 112 22 62 48 45 -7 11 46 -55 -54 24 29 63 52 -12 51 43 29 -37 9 -83 34 -26 -101 -16 43 11 39 -41 -42 5 -32 -48 -11 59 -17 -14 8 17 -14 -90
1 32 11 -43 -34 -2 59 54 -4 5 -53 0 -24 44 22 79 -7 -12 -15 -19 37 28 -45 6 -50 32 -23 -23 -10 15 -34 11 -1 56 -21 39 -37 -25 -4 31 50 22 -64 -42 24 35 -12 37 -33 13 14 37 -55 -50 -6 66 -2 23 -39 -30 -40 -8 9 -2
-25 -3 22 19 64 4 48 31 -16 -13 30 6 -31 11 0 26 7 0 -56 -47 25 -39 -7 37 -18 -19 27 31 19 7 -4 32 -55 5 -16 94 8 38 26 7 17 1 -7 7 -67 61 7 -34 -53 9 10 28 -76 81 -3 -60 12 16 -18 -38 32 19 66 46
27 -35 -40 44 54 -38 -1 -56 -36 13 -17 -69 -21 10 9 -17 25 36 9 18 71 -78 31 -25 -15 23 -7 7 -66 -77 35 6 1 -7 3 10 -1 -4 9 7 38 56 47 -21 -3 -69 -49 -48 -15 -20 -40 45 -58 2 -23 -24 -6 0 -48 -13 10 -59 -10 -30
32 -8 -25 2 -51 -4 67 -16 -32 -58 -6 -17 -1 -43 -41 5 63 0 -2 7 31 -39 -19 -94 17 -19 -11 -52 8 -10 13 2 -26 42 -15 -109 -32 39 40 1 -9 -6 -40 -28 -49 48 20 -3 -37 28 -7 -25 -25 -46 21 -19 46 38 -68 13 58 28 -2 -50
25 -15 -72 40 -30 34 11 36 -17 -26 -57 3 -32 22 24 44 -30 -17 46 -63 18 16 -43 17 -35 28 4 16 -43 -8 7 -53 -41 -16 -3 36 20 -57 38 55 23 -19 -27 39 -36 -38 60 -27 2 28 -14 -23 15 56 27 21 -20 2 -21 -20 -26 0 26 -11
-8 -18 15 25 -1 -50 -4 -21 -10 69 1 42 32 28 -4 14 -17 43 -20 56 27 49 -48 5 -74 57 7 26 36 -72 20 -78 39 40 5 -39 32 -25 -39 53 -45 -9 -86 -28 -24 51 91 31 -20 30 16 12 -22 -40 9 45 -39 70 14 -33 19 11 -41 17
-1 25 11 48 67 -45 6 14 11 49 26 5 29 -11 -2 -68 30 18 -41 73 17 -6 -5 -21 -6 -35 -7 -4 -38 31 -13 -4 13 2 -55 52 7 -19 -76 -19 6 -45 39 30 29 -36 -4 -57 60 28 57 49 -17 -17 -34 -22 28 -12 -29 41 -5 -61 -54 -8
45 6 19 -25 13 -22 36 -64 -9 62 -44 -23 47 -19 0 -41 -23 -23 9 36 -45 14 44 -8 52 1 -9 47 1 37 -30 30 16 37 -18 8 24 -6 -35 10 46 48 7 2 7 6 -47 2 26 -30 -38 -52 -8 27 -80 44 -51 -10 19 62 -19 -49 34 -30
-16 -21 47 -6 43 19 7 -11 -19 -23 35 44 6 -12 25 -52 22 17 62 -3 35 -51 -51 -10 35 -56 -20 -47 38 46 -81 -24 29 7 33 25 -11 -14 -70 -118 8 -44 -29 -19 -32 -34 -69 -9 -42 -68 -35 32 -33 24 -19 -35 -39 -8 3 -74 16 35 6 9
-71 21 98 0 -56 -27 32 -44 71 -26 18 -33 -8 -32 -29 -69 -54 -10 1 14 34 39 -75 63 10 -50 3 -44 -13 -45 0 -25 2 -42 11 -18 12 -12 -22 25 -19 6 -51 37 -63 -18 -4 -94 51 -1 -45 23 47 -32 24 -41 -27 26 -73 -2 44 -23 4 73
-4 28 3 -90 32 5 -3 -18 -54 30 65 -16 -56 56 -25 -16 -10 40 -63 8 -38 32 64 -33 19 -62 98 -79 20 -20 -11 34 9 -35 6 30 -18 12 10 -35 -18 -18 40 49 -6 -29 79 8 -52 25 14 11 11 7 -4 54 0 -34 -19 -14 -12 30 8 2
33 2 -52 -17 -64 -31 25 -10 -8 -47 64 38 30 64 69 33 80 -9 5 -38 -6 -31 -15 10 -8 -14 15 -13 22 -13 57 70 74 66 23 31 25 34 0 68 24 29 33 -69 15 -22 68 15 -5 -6 32 -1 -41 53 -13 48 -1 57 -8 22 25 -4 -60 17
-25 17 3 44 108 -42 89 -1 27 27 -44 -5 -21 -21 -11 -33 8 16 -48 30 42 30 35 24 9 -17 -81 -37 13 2 18 -14 -6 66 -2 35 -13 -45 19 -19 8 -21 29 3 -31 64 31 -34 -22 14 91 31 47 -37 47 -57 29 34 8 22 -17 -25 -2 2
23 -17 -49 -9 -39 35 -17 22 -118 5 -80 10 18 66 50 -10 -9 44 13 7 -37 58 -16 4 38 28 56 17 94 4 -48 34 -25 26 13 -62 -54 19 -8 35 32 106 66 -13 -49 -66 0 39 -84 -58 2 -47 -49 11 -46 37 -24 -18 21 34 -52 -65 18 -26
-23 -22 22 -64 -34 15 18 46 -1 -32 -33 34 19 61 9 -2 39 48 -30 22 -43 12 17 -16 -20 12 22 -28 -29 -20 10 -16 0 -2 44 -55 -15 -30 -25 12 15 -67 1 4 -12 -3 -17 -24 -25 33 -32 12 -46 -33 -55 -15 -22 73 18 55 49 -16 76 57
-53 -20 -25 -14 -54 30 -16 21 -7 6 28 -33 -30 43 -23 7 18 -9 49 -27 -38 -25 -62 -27 -24 -12 21 -57 -79 -3 -7 -5 26 39 -27 38 38 101 -88 -11 5 2 -6 47 -71 -12 -1 13 0 -1 18 -52 -107 36 -54 17 19 -9 12 60 -25 -49 49 -4
14 -58 -31 -4 -46 18 7 -28 6 56 -19 18 66 9 -46 27 -19 78 9 26 4 -21 3 -10 -32 -6 79 -39 9 -36 40 -74 -34 16 -13 17 15 -7 75 -56 -14 -6 39 37 10 61 -23 11 90 -35 55 49 52 38 47 -7 7 -62 -35 5 57 36 18 -35
58 -19 54 -29 -40 6 20 57 -19 34 10 -3 10 -34 17 13 43 -28 -4 2 34 -43 15 -5 24 100 27 43 -39 37 7 18 17 61 35 31 41 26 -25 6 -1 7 11 64 19 -53 19 10 -31 -58 5 65 -1 12 -21 19 3 -23 -1 12 -2 25 38 -16
72 -11 -56 20 47 -26 7 -79 0 -22 29 -46 -55 20 49 -3 -28 39 8 86 -3 -19 111 39 21 9 48 -6 20 -17 10 60 -1 78 49 -65 39 -101 83 -25 9 25 89 0 38 12 9 -50 -14 73 25 16 32 -8 61 24 37 -41 49 -50 80 -5 -11 -18
8 28 -28 -44 -47 79 -2 5 29 0 15 38 10 -5 -11 46 15 50 -36 -46 -37 6 25 -9 -10 -17 -5 -12 36 27 -28 27 -39 12 -18 -18 -16 -57 2 -19 -3 -40 -30 35 60 -45 -1 -16 -10 26 24 43 30 45 -13 -63 -31 7 38 -69 -22 -37 30 -1
67 -23 -1 10 26 72 -34 27 -48 74 9 -32 71 17 -11 -7 21 -26 -5 -41 -29 53 58 34 37 1 -61 75 12 55 -2 -29 33 -20 20 -24 40 52 -26 -13 26 84 -16 -10 4 3 -2 -7 -32 48 -11 71 0 12 6 18 49 -73 -3 44 -22 -33 8 12
-26 -3 -24 -36 29 -19 -23 -25 11 18 -12 -18 -45 -33 23 -43 -32 34 31 -20 3 39 3 -18 99 32 -40 -43 -1 -70 -11 5 -21 77 -7 16 -33 -59 58 53 42 -21 -18 -24 -48 -7 21 -12 20 22 58 -37 -49 -38 25 -29 -16 -21 10 8 -46 -6 -17 -35
7 7 17 -32 -27 -42 11 46 17 -26 -18 40 -12 -48 37 21 26 0 11 -8 -4 21 -86 0 1 61 -28 -44 -52 26 -80 -27 -53 3 -9 -34 5 11 56 8 -6 -47 -1 17 -7 59 -6 61 6 -1 -4 -14 -11 24 -51 -19 -8 49 -58 26 -54 -37 -13 26
37 25 14 -17 28 9 -35 7 -81 43 2 -22 15 -32 35 5 3 24 -9 28 15 16 23 -47 -12 0 61 25 58 49 -9 -22 16 34 11 -12 -50 -3 -56 -45 33 18 19 -22 -12 9 -7 -32 -44 -36 -27 8 -61 -49 -37 4 55 18 -6 -31 -57 -48 24 -25
86 24 5 -37 12 -63 37 7 -34 4 -6 -63 -19 20 -5 -9 4 51 -1 -14 38 -4 30 3 30 -62 16 20 52 -18 -101 17 -15 31 1 34 -64 3 -58 -12 8 21 -33 48 51 6 -20 10 -82 78 -11 32 43 11 24 11 -42 49 39 -18 21 -20 -22 -61
31 -17 20 46 0 40 -7 -29 23 -31 14 20 21 6 27 -25 29 -26 52 -21 25 54 1 -19 -6 -19 11 -12 4 1 7 79 24 -20 76 -27 -33 -29 30 -10 -44 -13 13 11 4 28 9 4 -14 -6 -28 19 14 21 -19 69 17 -19 8 15 -45 21 -48 38
-10 -12 28 -47 -6 -82 7 -59 -47 -5 12 -11 -16 -2 67 28 -39 16 18 -11 44 5 34 0 -71 -51 4 -39 34 16 34 -10 7 17 93 43 -4 -13 -7 84 -18 -1 -18 36 -3 31 -30 45 37 -68 2 11 -2 -37 -10 20 -36 -32 -7 57 16 -29 15 23
26 -2 28 -43 65 -16 32 -3 21 10 2 31 42 -20 1 -9 -8 7 29 31 -13 -6 45 1 22 -23 26 -30 78 -34 38 17 -40 -8 8 -21 57 5 -49 -29 75 50 -74 -27 -68 24 15 -27 12 -40 24 5 44 41 10 -66 10 7 -89 82 -5 6 6 15
21 28 -34 1 -11 0 -42 9 -39 82 19 23 3 37 -22 -32 -48 -7 -12 -22 -3 8 51 -4 65 -26 -26 9 30 -6 -3 28 32 32 6 17 -14 -8 34 49 -33 31 17 -43 13 43 -39 -35 60 58 28 63 -11 10 31 -21 20 -53 99 0 42 -18 -4 15
12 -28 29 3 -43 34 44 15 -22 -16 26 -66 4 24 -42 32 -24 -1 23 7 -26 9 12 15 66 64 -45 30 -77 24 42 42 -3 18 86 48 -3 63 18 33 38 63 -30 1 46 -22 6 38 30 42 7 -47 17 -3 88 -8 -8 -12 -20 -14 19 29 19 37
52 -44 -7 -6 -21 22 -39 -70 32 45 -4 59 29 27 -12 -37 48 3 -62 -17 0 -19 40 -68 -48 -43 64 32 -15 14 84 -12 29 -24 31 -84 25 -1 -9 -40 -56 -11 -29 -13 -25 60 62 36 24 -60 85 24 23 -7 -43 -16 -44 0 -8 -4 -2 -34 36 11
-87 12 9 7 -15 -13 -15 -36 16 2 -23 -30 36 -7 -13 -83 27 23 -3 -52 -36 -52 -2 -66 -13 42 45 -34 -5 -27 18 -42 -10 -30 18 59 51 -49 22 5 -46 -32 22 -18 64 -5 -30 -24 57 -40 -3 -35 67 7 -38 -23 68 -47 39 -7 -29 -15 -60 -25
8 1 -3 12 -19 -4 -34 -12 -26 -3 23 -49 11 15 26 88 38 21 23 -8 21 60 23 -36 -16 -8 -8 17 29 35 17 -12 -29 24 47 8 -37 41 4 -1 2 39 5 22 53 9 32 11 65 -16 -3 -18 -18 -11 -14 -47 -13 29 116 -10 17 -17 -52 69
1 -1 27 6 -29 -52 101 88 -19 -56 55 13 -19 -53 -26 38 -50 41 80 26 -3 -17 51 54 26 45 39 -54 8 86 -18 -22 -51 -3 34 -34 13 7 -13 24 16 -31 -56 49 -42 -27 -39 -7 -60 2 -24 37 26 -16 2 6 -14 -7 -4 39 1 -31 -2 19
54 -72 47 60 -47 16 30 14 -28 -95 -7 6 -71 -84 -54 47 9 12 -18 1 27 -46 -91 6 16 -39 -25 -14 -24 1 20 0 16 17 73 18 2 40 62 4 -6 -54 -22 -37 -7 -18 -2 45 23 -33 31 -44 57 -6 62 -14 -20 15 56 21 4 22 -38 15
-6 -54 58 -28 -49 59 -6 -29 27 -56 -77 50 -23 0 -6 -19 15 -16 -27 33 29 16 0 -30 39 -23 -9 1 -5 27 40 -21 -21 23 -13 -8 -83 -65 51 -57 21 23 -6 2 24 -14 -41 -55 -95 -19 16 8 11 37 10 -4 27 -28 -32 79 -18 -8 -36 32
-73 -85 42 39 -76 -16 9 13 16 7 62 -24 25 -22 -33 -50 3 -16 -52 -59 -37 -7 8 76 49 -10 -34 49 -47 -88 -43 -11 -87 -16 17 -36 10 -49 16 -1 -21 16 -42 2 -35 46 -60 -3 -4 -33 45 -50 -26 65 -46 43 -6 -45 25 -39 28 27 8 62
25 39 -64 25 13 -9 -21 -25 -44 41 12 14 -55 17 2 -14 14 23 20 -1 19 48 -40 15 -22 -4 -28 38 1 34 23 -40 -40 -12 43 9 9 -45 16 11 -21 4 8 0 25 31 8 15 -5 -19 -13 22 -5 -51 -5 -57 8 -7 6 -12 2 24 -32 30
-18 -13 31 20 29 0 45 -55 -73 -62 14 -55 18 -1 10 48 8 -3 1 -36 7 53 -26 -56 36 33 -11 -65 -3 -46 9 -59 -26 -44 -40 -85 -3 2 -63 -21 -24 -6 -8 27 -48 -48 -50 -4 -1 -34 26 24 3 37 -30 -13 51 -3 -15 -8 25 -13 7 -59
13 -3 59 8 0 0 -11 -50 -8 -6 9 -11 11 12 14 33 -38 -6 9 31 19 12 -29 -12 27 29 0 -3 38 44 36 2 -14 -8 24 -28 17 -25 15 -44 -13 42 -23 17 22 -13 -7 -69 29 35 -8 -22 70 57 -50 -5 -23 -19 40 10 -10 6 -48 -15
-20 -10 -10 -44 13 -14 -39 24 50 1 -28 -14 -45 2 0 -14 -108 59 29 33 42 1 -9 -20 32 -48 11 -33 -16 47 8 -75 1 42 -24 82 70 -7 17 -39 35 -36 -32 47 40 -6 -22 -39 -41 -8 23 6 22 47 -27 0 1 -2 60 19 16 21 -67 -9
-42 11 -29 36 -74 -2 -35 -18 34 -26 83 24 -59 28 45 55 7 3 53 49 -8 -6 -68 23 -66 -23 -22 107 8 61 51 13 -21 33 81 -14 -17 -17 -42 43 35 -6 28 -16 23 31 28 33 81 -55 -33 40 -10 -36 -4 -53 -72 -52 -43 -32 -18 -3 -21 38
5 26 28 17 22 28 -13 52 0 12 53 -21 17 -38 -64 -48 17 -35 8 0 -29 -6 9 44 -28 70 8 32 4 46 -11 1 11 -23 12 -39 41 -18 -15 -8 12 -7 13 -7 51 -74 -3 13 28 -5 -43 -23 14 -11 29 -3 -12 21 -25 -44 18 34 24 10
61 12 6 37 9 -13 -6 -61 19 13 -33 -7 59 36 -34 9 49 25 69 23 -78 -14 51 2 21 -35 50 65 41 -30 7 -6 -67 34 -24 -25 -3 36 28 8 -54 119 41 30 -86 46 -25 3 44 -13 11 39 4 48 11 19 26 -43 -3 80 10 -54 -60 2
-20 20 44 10 -44 41 -2 75 17 -27 -1 64 -35 -19 -20 -52 71 -30 17 6 -10 62 -28 40 -33 14 11 -2 -5 48 16 -13 59 -40 16 -83 43 66 25 -48 75 42 -7 -6 -4 -73 50 6 60 27 8 33 -18 3 97 -26 -10 49 -27 -27 -10 -16 19 -9
14 19 47 52 7 41 62 9 -7 -97 -14 14 -11 51 -6 -30 53 -37 -24 -1 11 9 -36 -5 30 -44 26 27 -6 48 -6 -10 -27 -43 43 7 6 -38 -41 117 -12 12 14 -23 -28 -16 -17 12 14 -2 -14 48 15 64 37 -14 -2 -36 28 40 -2 13 -33 -3
3 -6 12 -70 -43 42 21 59 -21 25 -4 0 -56 25 -33 16 41 18 -2 -20 18 44 -26 -57 16 -42 -39 -17 -18 -31 -12 -33 37 64 32 69 -39 11 -3 112 -30 9 -40 -23 36 3 20 66 58 -25 72 7 -24 -7 20 -39 -21 15 22 20 3 17 -2 -5
50 -30 15 -41 43 40 7 -70 -37 50 4 15 -16 -38 48 66 -15 2 4 -55 4 -26 12 -86 -6 24 -47 -28 16 38 -3 -6 -7 92 -26 -3 39 -26 -42 -66 6 -3 26 50 -40 37 37 -22 16 9 -86 66 56 -3 -38 59 64 -7 -7 -37 -33 -62 -3 -11
-26 -47 -33 37 47 11 13 24 29 -17 83 10 61 -2 -68 -39 -3 3 31 -45 -12 -44 -43 -5 -36 13 -52 -41 -36 47 -24 -17 46 -20 -14 30 -65 30 3 -27 -58 51 47 15 -33 -4 -15 8 -4 25 23 -27 17 -6 -1 27 16 -41 125 -1 16 -54 41 -14
-42 16 -6 -46 16 10 49 11 4 36 -18 -78 -14 5 11 32 20 -11 6 33 17 67 27 11 -19 11 1 4 4 6 26 6 -34 -21 66 -2 -13 22 63 24 20 -4 16 33 69 8 -29 -3 2 -80 -3 3 74 35 -11 -57 -6 -38 18 -1 -65 25 3 40
47 62 66 -70 -44 -3 34 32 -20 6 46 38 -16 -6 46 -45 -24 -27 2 16 -36 14 13 -30 -32 12 -29 43 -85 -39 33 29 -47 -21 0 37 27 -15 -17 -28 51 -6 14 -6 42 -2 13 -30 7 -5 58 -35 43 61 -42 -33 -7 -2 29 -43 55 33 -13 -31
-37 -49 2 -19 -89 13 34 42 13 13 -45 5 9 4 -6 16 -11 5 -54 -50 -64 16 -40 -26 52 59 -3 12 -30 -3 8 -22 -25 -46 -22 24 -7 -37 -41 -66 17 -31 65 22 -8 -17 32 -31 24 -1 -51 -8 -18 -11 -3 -38 16 -14 15 40 7 -56 27 -34
-5 -43 -20 11 31 55 -22 -32 60 5 -1 -27 36 -37 -39 8 17 -16 39 -33 -28 -6 -18 -15 8 25 -19 -4 36 -49 -24 -11 6 27 -78 76 22 -11 35 -11 -59 53 34 68 -49 7 21 8 69 -43 33 22 -11 -2 18 28 -17 -33 -51 12 56 17 -6 -71
39 15 -6 -40 11 1 21 38 11 29 -60 26 21 49 4 24 8 77 -38 40 -28 37 -10 30 -56 16 -20 -25 -35 28 38 60 12 87 -48 27 20 -10 -51 -36 5 -4 14 -36 -47 -42 33 54 54 -35 -48 12 -36 -31 -11 -18 -24 -3 -14 35 -45 -25 -36 -32
-19 58 -23 -7 -53 -28 -2 -75 11 60 9 -44 -49 5 -15 -43 11 -19 -10 10 28 -78 -13 33 -31 9 31 -46 -14 -68 39 -33 -4 7 51 12 -33 18 41 42 -34 24 -44 20 -14 34 -64 -66 -36 -36 14 -14 15 21 -4 -21 6 -26 70 -57 20 10 29 -21
-33 18 20 63 -25 -6 -2 6 12 4 23 5 33 22 -34 -39 -78 -25 51 72 28 -21 0 24 -41 27 -74 -28 -18 3 27 25 48 42 -2 4 7 32 2 45 23 -34 59 22 48 -9 -23 0 -50 -6 21 -18 -5 -18 16 46 -18 34 74 25 55 42 -24 -18
-23 29 -11 4 -7 -7 -54 -41 -20 -40 -66 88 5 -7 -37 -11 -4 73 30 -22 -14 -26 22 -58 -24 -23 -33 -5 18 19 -42 66 -15 17 -21 67 57 11 -26 -25 53 -3 -10 2 34 -15 -12 18 -22 -6 -5 -31 9 -34 -20 -9 -28 -30 -32 -53 -1 -1 43 -15
42 49 4 -9 -30 -15 37 14 8 -30 36 -36 7 -47 26 47 29 31 -60 -55 15 -26 -29 -9 -36 -20 46 36 19 -29 -33 1 100 -27 21 5 32 2 10 10 12 -12 57 -11 -2 -35 -18 -31 -26 -87 12 -21 -58 -43 0 24 12 1 -7 -8 67 -64 -44 0
12 -20 -2 -62 -48 -13 17 -4 -9 -5 52 -31 -39 -35 -14 -55 2 -55 -35 4 -27 -4 17 -7 8 -36 25 -21 39 22 6 19 42 -22 -52 -20 17 6 42 20 79 -26 55 29 62 8 13 -23 40 25 -11 -38 26 5 8 21 -33 -7 28 44 -77 10 94 19
-17 -2 58 8 5 30 15 37 24 -65 19 -18 -25 -3 -45 -9 4 47 36 30 104 -7 35 -20 20 15 -52 -37 -18 -11 23 17 -20 -10 13 50 22 16 -18 59 39 52 72 -32 -1 38 -30 -49 -20 -20 35 57 -20 -1 -43 21 28 -9 54 -6 30 -31 -25 -29
-2 -31 -36 63 -4 -55 46 8 -15 20 5 28 -5 1 20 28 -16 45 13 27 4 -38 15 -14 -81 -18 28 -8 28 7 23 1 -24 -72 -2 -16 21 -33 -9 -26 45 -22 -1 23 -28 -73 -22 -36 -25 -17 -11 -15 -4 -37 9 16 36 26 -59 19 18 -38 25 42
-14 -37 6 -40 -47 -11 -14 82 -57 5 -32 -45 -4 -47 34 -4 -54 -36 -21 -60 -65 40 3 18 -59 -35 -8 23 -31 -24 31 1 10 -76 -1 4 42 75 -11 -4 26 5 44 0 -8 -31 11 -26 35 -40 11 -31 24 64 24 -60 49 4 49 -84 20 -46 10 -48
-21 9 -14 32 -36 7 51 6 12 34 -86 1 -39 -41 0 1 15 46 -49 -4 66 -32 -20 -56 -4 -54 -44 -16 29 -90 35 -38 -19 27 -10 58 27 15 -7 -27 -26 -103 -8 -7 37 -21 -33 -5 -68 14 -24 -55 -4 -6 -9 -6 -66 -31 11 87 47 72 -11 25
11 -45 57 -20 23 -25 10 -45 -65 -32 8 20 3 11 40 7 21 -38 -40 56 -44 51 -16 8 -47 -29 10 -28 3 -12 15 19 6 -39 -40 -12 8 19 12 3 16 6 6 22 42 -33 -11 -9 -48 14 -112 -41 -56 24 4 8 -5 19 51 -16 -46 -94 -50 5
4 23 20 -4 52 20 23 -11 -7 -31 -50 -2 22 -24 46 -8 28 -23 43 28 15 -14 62 54 -45 -12 -25 -5 0 49 20 -28 -6 -49 41 -10 24 -3 -26 27 13 20 -25 39 -9 10 3 -15 -5 -24 16 -23 -13 38 -28 -23 -23 12 4 -46 -33 -22 -31 -19
17 74 0 8 58 26 -29 -21 0 -5 67 47 -16 12 -34 -25 3 10 27 -47 -13 61 6 -39 -61 74 -16 79 38 -44 -30 50 56 -1 -59 -47 -35 60 12 -53 -38 -9 -65 32 -37 -10 -59 -39 -24 9 8 -6 31 19 -4 62 9 -54 -54 -7 -32 39 -48 -42
-7 17 38 -28 24 20 -19 -45 10 -8 49 -1 -5 -12 -18 -21 -71 2 19 -36 -52 -52 -58 11 23 45 6 46 71 12 39 -3 -6 -19 -37 41 -34 -7 57 12 -18 74 -58 29 -46 -17 20 -10 -23 46 -66 18 14 -4 54 17 54 -12 -22 -19 50 -23 14 54
-5 -17 -58 63 19 -36 0 -22 -51 46 -49 -15 19 -4 -56 -9 -9 41 -30 -16 40 22 4 -9 70 15 -64 10 -7 -12 -10 71 -55 -2 -14 -37 -48 -44 46 13 -4 12 45 -20 8 -45 -23 -73 9 -47 42 -36 29 -73 77 44 -21 -8 -18 40 20 50 -30 32
71 -17 -44 -4 19 21 -67 -15 -59 15 -11 -13 -9 -10 44 -12 -4 25 -60 76 -44 41 -30 -14 9 4 8 -17 49 -14 -7 16 63 15 -9 24 -3 34 -66 26 0 7 -74 19 -27 -33 10 16 10 52 21 25 6 22 -8 -49 -5 -34 -81 34 -45 17 6 13
4 2 -85 -10 -38 -56 -92 -9 -15 -8 37 -4 -70 -22 -6 12 11 -24 20 68 19 -49 -3 -9 2 1 7 52 -3 -13 3 10 -41 22 50 -62 -13 2 -41 30 -19 -5 25 21 61 -66 8 -11 -4 32 -42 33 -14 12 -37 -9 38 -21 4 18 -23 -16 11 21
5 19 13 9 -12 -28 26 -31 10 -27 -29 18 3 -49 46 2 -16 -2 17 -47 54 31 52 -7 6 -14 17 43 24 -34 -21 79 8 19 13 -15 7 27 22 -18 -4 19 -3 0 28 -17 10 19 78 -42 19 25 -23 -79 -47 -36 -31 49 -55 4 -69 63 51 20
-93 -27 -6 30 -12 15 -41 -11 13 -31 66 -29 -19 -12 -35 22 -31 -57 -28 -39 22 -57 50 10 -2 44 -13 -13 -7 -76 -100 0 4 25 7 -34 5 -42 5 58 12 -30 -16 -46 -24 51 2 -61 6 -58 22 13 -22 6 -2 -4 61 -22 -30 -77 55 44 -9 -11
-60 40 7 -29 -26 0 57 -8 27 38 -24 38 23 -54 -34 17 2 9 47 17 0 64 -23 24 -3 -67 -30 -45 -14 46 -39 7 -36 18 86 -30 1 -39 18 -86 -12 8 45 -12 44 50 -55 -11 -48 31 9 -19 24 48 16 -12 -58 -66 9 -19 -6 -5 2 -24
-18 44 -35 -24 6 46 50 -6 34 -13 -36 47 35 -8 14 6 41 35 -66 68 74 30 43 35 68 33 33 -28 6 5 9 21 -4 61 3 0 2 47 -12 0 15 -6 72 -5 -30 37 -19 21 2 -77 -64 51 64 -51 5 43 6 65 -13 -3 29 8 21 31
-27 -12 -6 -9 18 15 33 41 2 -19 13 -32 35 -13 9 30 21 20 29 -16 -26 28 -23 -5 -10 22 1 60 1 13 6 54 30 97 21 13 -30 58 47 71 78 3 30 -3 85 15 -1 -22 14 23 5 6 15 -32 55 -18 -51 0 -50 -22 16 31 20 -75
46 47 9 -13 -13 -59 8 -46 14 -18 18 1 39 -35 15 -51 -29 -34 1 30 15 9 15 0 -20 -55 -17 -10 20 -4 -39 29 -22 36 12 -29 14 25 -69 -41 2 -6 -44 14 -12 -9 -81 -47 -14 -59 -8 1 -44 -27 70 12 2 20 40 -14 8 30 -57 -47
-16 -68 42 -36 13 -62 103 49 -59 -43 -17 -38 -4 -22 58 -51 -56 47 -40 14 -16 -94 -36 24 -4 42 -27 -26 -20 18 -36 -74 0 -47 49 45 10 4 37 16 -25 35 -37 -17 -67 67 44 -24 -44 -14 -46 -66 -36 -13 -14 27 -30 -11 79 -13 28 12 38 -28
5 -69 16 -17 -33 -13 -5 -5 27 56 14 -35 -23 41 -21 -37 -13 25 -31 -33 -15 -11 86 -1 48 4 -7 -21 -15 -61 31 45 -7 20 59 -42 13 -21 38 -11 21 -4 12 -52 -4 15 10 -21 59 -39 57 51 -15 29 38 57 -64 3 -53 -13 26 29 -38 -32
-8 7 32 13 -64 16 23 49 -2 -29 29 28 -36 -48 -60 83 13 -45 40 -36 -32 24 1 -5 21 -18 28 4 -12 -21 -35 -24 19 -47 27 -31 -70 -20 32 -26 -20 -3 -16 -40 -37 -24 49 -18 19 61 -13 -18 7 -46 20 -1 31 23 -8 3 13 2 -14 -6
10 2 -51 -6 -2 11 6 -48 9 13 19 -4 -27 40 -6 -70 1 -11 -56 39 -46 -31 17 -24 -70 -48 22 -72 2 -70 -2 55 -77 17 8 -1 -47 -36 105 -94 -23 42 12 -69 -75 18 55 1 77 2 26 -11 42 -32 -5 7 -29 -46 9 64 -27 -39 32 20
7 -12 11 25 28 6 22 -1 -3 -86 20 -32 18 14 -45 52 17 -34 12 -30 41 -20 22 21 -12 -9 -21 75 -21 -48 -28 44 -29 1 -36 -43 -4 -13 39 15 12 -6 -70 -9 18 -55 -3 -21 43 -30 11 13 5 -40 -37 -53 12 33 13 0 -15 11 4 -47
26 -56 -81 59 7 68 -32 19 52 -71 -78 -24 -80 -34 -46 3 -11 -50 -36 32 -32 -53 -51 -24 21 59 3 -95 24 15 6 14 -53 -43 19 -42 -39 4 22 12 -1 -28 -26 -50 -56 2 -63 42 15 22 -21 -21 31 -18 4 -34 -22 44 -39 -36 -13 17 19 34
54 52 -33 -19 7 24 -40 -15 21 27 -10 8 30 8 68 -35 55 30 89 -43 -26 60 3 24 53 55 61 102 -29 61 -15 -18 -49 15 -18 6 67 -7 -33 -19 -36 -51 -50 50 -2 0 69 -2 6 26 -20 10 -36 46 31 -18 14 19 -6 25 22 27 52 38
-40 11 11 -49 46 32 -14 -14 -46 7 -29 -12 37 12 -22 -17 -20 21 5 -25 -17 41 35 39 -30 30 -22 8 76 -18 20 -24 -17 11 8 36 20 -8 -32 6 8 -37 27 -6 79 -51 19 12 23 -13 43 67 -7 23 -43 11 -3 -20 -5 -37 15 -17 23 -23
-1 30 -46 -46 28 -21 -53 -33 -17 39 25 32 16 23 -31 16 -37 43 -27 33 -23 -4 33 -38 -20 -2 -1 -43 -29 -44 -30 -51 53 6 14 10 -48 -42 -114 -38 0 -44 -40 -22 29 -3 -34 -27 -37 -14 -6 -1 -23 -25 -5 41 71 18 -24 -5 -5 22 104 -77
-17 17 -6 -54 48 6 -9 -51 8 28 30 3 -6 1 -14 -14 -4 -54 -44 43 10 36 -57 -41 51 23 27 -1 41 6 82 105 26 -18 -40 55 -17 -47 -45 -79 22 47 44 9 5 37 -24 -75 9 2 -38 -67 -43 21 -11 -36 -12 40 -7 -72 0 58 12 21
-40 -4 55 2 12 -11 33 -20 26 18 15 -8 5 -18 -37 -71 -6 18 -36 59 30 -33 56 2 -19 13 11 2 -43 38 -13 -34 -74 -11 48 -11 7 5 33 -18 32 18 5 -31 -64 -55 -6 51 -95 -26 -25 43 -18 42 15 -59 59 0 28 -27 -77 4 46 13
-10 -26 -81 17 -80 22 47 -44 5 -58 -67 14 -11 0 -44 30 -49 7 -37 -12 23 -10 -33 55 -28 0 -30 9 -7 2 9 -75 -22 -34 -31 -35 27 25 -18 -10 -1 -42 69 21 -17 56 -42 -12 47 -33 -35 -19 21 -39 74 -19 -33 -11 50 -12 24 -36 0 -72
-18 1 -19 16 34 24 36 -12 -73 -8 29 -34 -18 -31 25 36 -84 9 17 -3 -52 19 -20 -5 78 15 50 28 4 -41 -74 -44 45 -22 12 -11 -65 9 -25 45 3 36 36 18 9 -33 -33 8 65 6 -40 38 64 -31 64 -24 3 -29 23 -16 -30 -6 10 -33
-22 79 112 -24 51 -7 5 35 1 101 20 -28 -4 17 -40 91 23 15 33 32 -12 18 4 40 9 -6 58 56 -35 -54 84 -18 37 7 -48 -14 -9 18 23 23 18 22 -6 24 -1 31 -5 -43 70 67 -32 96 51 7 42 21 13 13 -12 23 49 -5 0 62
-22 -57 -73 4 3 -6 3 40 25 -14 -53 29 19 -31 12 73 0 -5 11 14 -100 -21 -4 -60 14 17 -69 -37 -70 -13 11 0 -35 41 19 16 -77 18 35 17 68 33 20 -84 -20 -54 52 -48 0 17 -30 -54 -19 -12 -42 8 11 44 15 -43 25 -22 20 19
-5 17 -56 41 -56 79 3 57 0 -49 36 -19 13 39 -42 19 -13 22 -30 2 -1 -5 -40 -34 -5 12 -101 32 -88 5 -26 -7 -85 -9 -43 12 12 -42 -2 21 28 -62 -34 -20 -29 52 -17 3 -16 -8 9 5 -91 0 -28 -50 6 -55 3 34 2 26 42 -24
-11 -9 -30 -4 91 -61 -12 72 -19 -13 13 -13 9 -2 -24 -2 -51 -66 51 6 56 -69 41 -13 -65 24 -29 -10 -71 -15 46 110 -35 -13 -8 -33 5 -13 9 26 27 -32 -25 -22 39 -3 9 -20 61 41 -29 16 24 14 72 6 -12 -19 12 -6 -36 -37 -37 -14
22 49 56 -31 39 -31 55 24 45 -6 31 79 11 -12 -27 -48 44 8 2 -60 18 31 7 -12 -75 8 18 -38 -65 -8 78 -1 73 -31 -9 15 50 -30 27 -32 -34 -11 21 -22 -52 30 46 -20 -1 30 33 -21 30 13 -23 31 -97 39 -58 30 -36 42 -36 9
-46 36 39 -19 35 -44 14 -75 -1 20 29 -36 82 53 13 -24 -18 57 46 21 3 -43 31 22 68 -17 -4 -42 -7 -71 17 -53 0 -45 -27 -14 4 4 -50 -45 23 -31 23 -35 7 51 16 -10 68 16 -38 -47 43 49 -49 34 12 -22 -13 56 -10 45 2 -22
29 -49 74 15 -34 -16 -28 -29 -4 13 -56 26 40 19 27 -24 -32 4 -14 6 8 -44 -83 -9 -38 87 36 -61 -22 19 -55 -19 -9 35 -71 41 -15 47 -60 -58 79 8 97 -28 -71 26 -25 10 -43 15 -23 -19 -59 53 85 49 -19 -28 11 48 -85 41 26 1
9 65 -25 9 -11 6 24 66 -37 -30 -28 32 -54 16 34 -24 0 -39 27 5 32 22 -22 44 67 40 11 -13 -60 36 -37 13 46 -39 -33 -14 -38 -17 7 -11 -19 -64 -3 35 -48 -39 -24 -72 2 -36 38 28 28 4 7 25 11 6 5 15 -17 8 -17 59
-26 13 -73 62 -41 -36 -9 26 -28 -3 23 -14 5 6 5 29 43 32 -32 -20 22 6 -62 13 14 -30 13 13 27 12 -76 -27 -13 -37 -11 -4 26 24 17 -37 5 -28 -41 53 -3 2 62 -33 -30 6 1 13 12 -5 -16 -5 5 -3 -15 27 -17 -36 15 -43
13 17 22 -11 12 -7 26 27 -38 37 0 31 27 16 84 64 22 -24 22 1 -68 -35 8 -11 51 41 -27 44 10 -3 -25 -36 34 16 -19 16 -20 7 28 49 -33 61 -23 -8 -92 -16 -42 26 47 25 3 2 -61 -81 -17 -23 13 0 25 -45 33 -18 43 -3
25 -45 -10 -9 -33 -60 -30 0 -65 -12 -8 -1 -83 24 4 -57 -22 54 -34 -18 24 -74 -28 -38 -29 -88 -5 6 -32 -63 -7 42 -44 25 17 8 -46 -12 -36 -42 8 47 -26 -54 -35 -20 31 -4 -43 -5 -38 -16 28 6 -27 64 30 -49 -78 -2 15 -13 -10 -26
-30 95 18 6 43 -3 -63 -11 4 45 -54 -16 35 -1 22 62 11 -5 20 57 -20 10 24 -23 1 20 -14 -53 21 1 -2 -31 15 -6 27 -40 -34 25 1 -47 3 -22 5 51 -31 -30 -5 26 9 -2 -34 32 12 3 56 -60 39 8 5 74 15 26 24 1
-51 75 0 -49 -36 -31 27 -52 -31 -11 -63 27 -43 8 -80 -1 13 55 -4 -17 -17 -93 57 0 -33 70 17 -14 50 -18 -20 60 -51 -91 -3 -13 -6 16 29 -48 -25 12 -92 -26 -12 8 -5 -34 54 -22 24 -1 23 -54 51 25 24 51 -11 38 22 -7 63 -72
24 -19 35 1 -49 86 54 -30 -8 -4 2 0 -5 2 -63 5 -12 -21 -29 1 7 -9 37 28 -28 -36 -4 20 -73 -31 79 47 21 -36 36 -25 -84 -14 -42 37 -26 -19 -41 -5 23 -26 -33 -67 -2 38 -14 4 -31 6 -10 -23 -7 46 36 -45 2 23 -115 2
20 28 -39 30 -31 35 -32 -7 -39 9 -67 36 22 74 12 -23 -12 49 -57 -46 -55 15 51 18 -32 24 -30 2 -1 -18 30 79 -24 28 0 16 27 58 35 -5 0 -54 46 49 30 -3 11 4 -13 -19 -23 -46 -32 -107 22 33 -6 38 39 -15 -1 -2 18 -6
-2 -43 -27 -37 -55 11 -14 33 -11 -34 33 -59 -20 3 11 93 30 -23 -12 -59 35 -16 9 -52 -15 -49 -3 0 0 10 -18 3 -15 47 -15 7 -19 -34 9 25 -25 18 46 22 65 -21 38 -36 -26 -73 -23 14 12 56 13 0 -29 -36 64 15 5 -52 44 -41
-17 21 -37 -16 -10 27 -41 23 64 -22 -15 13 -23 35 39 2 -5 36 -10 15 6 50 45 -27 -81 81 -39 -63 -23 -41 37 44 -52 2 -38 -1 -99 13 24 -19 -24 33 32 37 14 11 6 6 -8 -46 67 15 -59 -18 45 52 8 -30 -15 -15 57 31 18 -74
-21 -21 45 -41 -27 15 -40 -18 -68 -14 -53 -53 27 -88 -11 -59 7 7 11 31 -34 39 -10 -22 -30 -56 -33 -34 -10 -1 -27 -7 -1 41 -6 -46 30 -30 -19 -18 20 26 39 -16 4 -9 25 -1 9 -35 -20 1 13 -10 -46 -7 -1 47 30 53 30 43 -70 39
-64 -78 12 -15 13 -8 -74 -4 -16 22 69 13 20 27 -62 10 35 -3 11 -9 -44 11 -56 -9 -28 60 -11 -10 25 10 41 1 10 -28 34 -10 -3 -6 -41 51 -13 60 -27 -28 20 48 15 23 -10 -66 15 -25 -23 -38 -30 37 -3 66 6 19 15 -31 16 -23
-11 1 -4 -17 5 -7 22 -43 -57 -16 -19 -11 46 -32 -32 -28 33 36 -43 -39 4 -19 -21 13 -34 -1 16 -26 24 5 -9 7 -16 -48 -4 32 -61 -13 20 -1 -21 7 -60 6 -17 7 18 -50 -36 -38 -9 -10 -62 33 51 -9 -8 -43 -60 24 17 -11 9 -21
19 -9 -10 -84 -16 -81 -46 -54 8 29 -55 27 17 48 -23 45 -27 38 -36 17 -2 -37 54 -31 32 -8 -70 -56 4 -1 -20 32 22 85 -30 -35 -14 -17 22 -45 12 3 -12 -19 60 -8 -12 -32 -51 61 -101 -6 10 -5 17 -14 -3 -21 2 -19 13 -42 -80 109
-27 18 26 16 -5 32 12 14 -23 26 66 33 -3 55 30 -34 -19 -44 -1 67 17 65 25 -18 -6 -12 37 -7 86 1 11 -7 19 -10 31 44 29 1 -17 -40 -100 -16 37 16 -12 -1 39 99 -13 -19 44 -31 30 -26 -11 17 38 25 -55 29 29 -49 83 -8
97 -27 -14 -16 -75 10 -5 10 21 9 -19 -44 70 41 41 -45 38 20 -15 -24 55 1 -26 74 48 7 3 -56 -3 -6 -46 6 -104 12 -14 47 46 40 26 -30 13 4 -4 -59 29 17 3 -14 19 -27 3 -37 22 70 24 -29 -38 -60 39 -6 -10 -37 -1 39
-30 77 56 -56 31 60 33 25 13 -34 34 -46 10 5 77 58 11 -35 -21 -57 -6 -5 -22 45 67 -34 -10 6 33 46 55 35 -7 -33 38 6 -38 -24 12 54 24 -33 -14 13 -6 26 0 38 43 -16 48 -15 -2 -22 -17 -9 -4 -57 -18 52 -27 10 -57 -18
32 24 -51 38 40 -7 -20 41 5 9 1 -3 28 27 -34 22 -7 -2 46 -3 -27 11 118 14 -3 -4 -20 -14 -13 50 6 -14 24 -30 -5 51 -14 5 -9 7 68 -24 -12 -18 -31 -75 -14 68 23 -74 -83 15 -44 -17 -5 48 31 12 -6 -3 -68 -36 40 -19
31 16 2 -5 -37 -37 28 5 -52 2 -23 -4 18 24 -21 -45 -59 -34 -48 -16 1 -15 1 -13 18 -27 11 -19 -11 -39 -13 -29 -62 -64 32 -55 10 -60 12 20 -8 -14 -28 -28 -25 -7 41 16 -54 2 6 -17 35 -11 33 -30 -5 1 25 -43 -4 -33 -14 44
-42 -22 -45 -11 64 7 -5 -26 32 2 -40 24 38 -21 -64 -98 -42 -31 52 7 5 4 40 -44 3 -65 9 23 35 -3 43 -17 0 -47 40 -19 -25 -37 -9 -54 42 -83 82 -29 -50 30 -1 -74 69 41 -100 -60 77 4 52 -26 -33 9 30 43 -31 -51 -21 -1
-33 46 77 8 -12 16 80 36 -26 -36 -76 -3 44 -32 38 -37 -13 60 85 -5 -69 -22 -22 59 45 -2 -4 4 -1 -10 33 -36 -39 -51 7 24 2 -25 30 -29 -17 29 -32 -32 -41 61 -8 -16 13 18 11 22 54 38 12 59 28 -3 44 -55 24 23 -20 74
13 -52 70 30 -47 -8 115 -35 -33 77 31 -11 56 0 -27 -1 -36 32 44 -43 -12 17 5 -27 75 -37 8 26 -34 4 58 -33 -7 -10 -83 -59 -29 -46 5 -26 -25 10 -22 23 83 -56 80 5 -70 -33 22 85 28 -12 -1 13 47 24 -24 -3 0 10 -16 -14
-46 -14 -32 5 68 21 9 -7 -53 -28 19 -14 26 40 -40 25 31 -15 18 16 35 -33 -15 8 53 -48 21 -55 47 -13 10 -25 80 12 42 -25 -31 40 6 36 39 -23 -29 -10 -29 -10 36 -8 -14 -12 8 8 13 12 8 -18 -45 58 16 -31 23 -31 -25 -7
40 -53 29 -40 -29 52 28 9 26 34 -31 8 28 -1 0 40 -46 -110 3 52 -25 35 40 0 34 -14 -33 -54 -3 -2 84 -25 -4 20 70 19 24 -6 4 3 -17 21 26 -87 -14 -50 21 -5 3 61 22 18 -20 6 17 -22 23 7 53 11 -22 32 -59 -1
-44 44 -96 -12 7 -24 15 27 33 56 -48 -19 17 11 41 -23 16 7 5 44 50 2 38 35 16 28 -29 -19 21 -7 30 -33 32 -45 26 -36 47 37 23 -60 -21 -18 -3 -29 23 1 7 -54 -58 7 -62 37 14 -18 -32 5 10 72 -27 32 -6 -12 -29 34
-30 32 -5 32 26 -43 0 -31 8 20 -45 -18 41 34 46 73 -19 -17 18 2 -34 -8 7 -36 7 -51 -42 -48 94 16 35 61 -42 40 30 50 -15 16 60 12 -10 -8 34 -18 11 96 19 24 -39 1 -4 20 -8 -45 40 -32 74 -54 -60 -12 64 13 1 56
-13 -48 63 -89 52 -3 61 -3 -8 -47 -60 -5 -20 22 51 -126 37 51 2 47 3 30 42 -7 -7 -18 21 -63 -47 13 16 -10 -24 -37 -23 -39 5 -15 -16 -3 -44 19 15 -12 -21 -21 3 -3 15 19 25 -24 22 49 26 50 -87 2 -19 -49 10 17 -2 17
-35 44 17 14 43 -9 63 12 49 17 4 -34 49 -15 -40 57 47 -20 51 57 22 -31 36 2 29 -31 19 -22 -34 -43 -31 1 -10 31 27 11 11 26 29 -45 -2 -4 -22 37 25 34 7 -24 -38 27 -43 93 4 -23 -4 14 -13 -52 29 -6 -23 26 -38 -9
2 23 -34 -21 -2 -46 -56 -5 -13 25 97 -43 -37 -15 27 -36 -49 -21 25 21 50 0 -61 36 31 -34 0 -55 -63 -89 -30 -15 -32 -6 -12 54 12 22 22 28 -17 50 -38 1 29 65 17 59 -23 16 -12 39 1 14 30 43 13 -85 8 38 -16 18 29 38
-48 -16 -2 20 14 28 -27 -2 -35 48 -43 1 75 -17 10 45 -39 38 0 29 30 25 -57 -36 55 -4 22 -93 33 -21 -78 -55 -14 -7 53 -6 13 0 -19 -47 -64 -28 10 -13 -81 -65 22 19 -11 -38 0 -30 11 -57 -20 23 13 9 -35 24 -56 -12 -41 -24
24 36 -8 -58 -62 27 -34 -16 70 31 14 67 -19 32 40 2 37 -45 28 -4 16 -11 34 7 36 34 -48 44 -12 10 82 28 1 31 18 13 -43 0 -10 13 -13 46 -32 15 44 22 5 -1 62 3 -13 19 34 -61 5 -37 11 -10 17 -50 3 32 -20 -22
28 21 -6 31 -25 -54 32 32 -14 -6 20 41 61 60 -56 38 8 16 -11 87 -11 2 -6 51 -120 -34 -39 14 74 -7 20 6 31 -4 98 -36 -34 -27 77 -50 -39 -3 50 -21 -19 -27 -40 -19 -7 -34 -18 34 47 -78 23 0 8 -15 46 94 0 -53 -19 -84
-30 -10 37 -58 -121 48 10 -38 0 25 21 5 -2 -2 -14 33 6 12 -6 21 48 -5 -16 14 -12 7 54 5 42 -5 74 83 25 -3 19 50 -1 16 -97 14 -36 55 22 -28 -1 -8 6 -55 -46 -32 44 -44 13 15 -42 -14 24 90 16 -18 -10 6 -30 -81
-51 -46 15 42 40 -7 -10 -8 -71 19 -61 -23 21 10 17 -24 27 7 -3 -48 -47 -9 -68 70 49 6 -9 11 2 38 -18 -32 8 20 18 24 -6 13 11 25 22 -42 -32 6 -7 3 13 15 -8 -4 28 40 13 -28 -36 28 38 -39 -17 -18 4 4 -42 -25
-20 7 -22 19 40 36 22 22 15 14 -67 -31 -6 -51 -49 5 41 -1 2 -9 -4 34 -36 -38 -17 -4 30 -37 12 -36 -8 32 -42 24 1 -10 9 -18 78 -35 -36 9 0 70 -1 56 -47 22 3 -7 -17 -36 -82 24 16 45 -57 -11 14 26 -7 28 53 51
18 -17 -18 -2 -1 -24 -35 92 1 -31 -21 -54 2 22 -10 -20 -5 -39 -62 11 -20 -47 4 -84 11 37 40 7 2 42 15 -27 -52 -16 -21 25 41 10 -38 42 -39 7 22 10 31 -4 31 -10 -9 4 4 -30 14 -25 13 -8 6 21 14 66 -7 -27 -32 13
7 -63 -40 -10 39 -16 -12 4 -14 22 -31 -40 22 54 -49 10 -22 10 43 43 -63 53 56 12 3 14 5 -32 -87 -31 8 -64 31 5 38 -29 -33 -5 33 -38 2 -7 20 -56 87 -14 -13 -54 7 45 24 -27 0 -17 21 -54 25 5 95 9 -35 12 1 -44
-54 62 -22 29 24 -2 -4 -53 50 47 -22 -13 12 0 -47 -12 14 -21 83 33 33 33 -93 29 59 -1 7 -24 50 0 -79 -61 52 7 -65 43 56 12 24 8 35 73 -14 62 -26 30 84 -2 -5 -31 91 -12 -17 39 -14 47 -2 -37 -126 34 4 24 9 20
-24 -56 36 19 -1 -14 -2 -20 -13 -30 -29 -19 48 2 1 1 -12 42 -8 67 -30 -35 70 29 44 73 24 15 -52 -30 -13 24 7 33 -53 -26 22 -35 12 32 -48 80 -8 58 12 -12 13 -41 11 7 5 50 -22 16 -39 1 15 -75 4 18 -65 53 3 15
27 -16 41 54 52 27 -28 -45 -19 1 -29 22 84 49 -4 -32 -41 -19 -27 -33 -74 9 -18 -84 -41 0 -80 54 78 -34 -69 -11 3 10 -5 -39 3 4 -60 20 -36 33 18 38 34 36 73 24 22 -9 7 28 19 8 10 105 4 0 1 24 22 57 56 -20
-64 -5 -24 -2 -35 74 17 -7 -23 10 -55 -33 13 -3 -64 16 24 2 -12 8 20 -54 14 73 48 44 1 -14 18 -59 5 -1 -22 -5 14 -5 -17 46 -34 -82 -67 -11 -46 -33 -60 30 -36 -13 25 -26 -19 -26 40 47 -31 -36 49 -12 -1 7 -71 20 -27 -15
-34 -34 7 5 -25 38 -24 -3 3 31 -22 8 26 2 -6 43 -19 -12 23 7 104 8 27 -27 -49 41 -37 22 60 -53 34 30 67 47 -53 -84 64 66 7 -23 15 -111 -66 -41 -13 24 -8 -13 3 26 -18 16 -33 -10 45 67 -34 -54 11 -17 19 27 15 32
21 -8 -51 11 23 77 -20 76 -31 25 29 40 -84 38 25 17 20 -34 -41 -32 -86 -28 21 58 -22 45 9 -12 11 -51 -5 -3 -23 -125 -35 -57 -2 18 53 41 18 41 20 38 -10 17 -41 65 -14 -15 46 16 -50 42 -35 -51 -5 10 44 4 -9 88 59 -31
-7 -16 33 21 35 -42 -49 -21 15 20 -41 17 25 -18 18 -12 -43 1 -80 48 6 -51 -37 -1 -9 16 -47 -25 -42 -42 -41 26 -50 33 31 -11 -26 -55 -30 -17 -19 2 -9 14 -64 29 -5 25 33 -27 -51 23 61 -44 -25 -40 46 -16 4 -60 1 24 -4 41
-15 6 -34 -53 -59 -18 6 -49 32 67 -8 49 -33 34 11 -5 -27 22 52 -26 -10 -19 32 25 -3 65 30 33 -23 5 50 37 0 -62 -1 7 -23 -38 3 19 45 -20 34 37 87 66 53 114 5 51 38 -9 14 4 -2 2 -92 -14 51 39 56 74 66 38
-3 1 3 -9 -49 -39 44 -20 31 -16 13 31 9 -16 -19 45 -35 -46 -30 54 45 -42 17 4 22 20 -6 -82 24 4 3 63 24 -23 -1 7 13 62 17 -61 9 7 6 11 -20 -3 -43 31 -14 -26 -50 22 9 11 26 -29 -8 20 32 50 5 47 19 2
-4 8 -50 57 17 -48 27 -14 7 -30 -11 -27 -27 -47 -2 -46 -29 -46 31 -12 -15 7 -39 -3 -6 6 -26 -8 16 -15 -41 -86 16 -51 -62 -38 48 -8 -26 72 78 -5 -7 11 5 -13 -91 -75 -41 3 -17 -21 47 11 -27 33 -19 -5 10 -89 -60 -15 -30 -25
12 -69 89 39 49 -16 14 -22 -26 55 -58 9 -65 -37 -82 -44 -56 -24 50 36 -10 -28 -48 30 -26 -15 -17 25 4 10 -7 4 5 13 8 3 -31 34 -21 -35 -5 29 -15 45 -45 31 -20 10 -12 -36 3 -4 54 6 52 8 -4 -80 -24 31 -5 -45 -2 67
39 -19 -23 -13 -36 -79 45 -68 -17 10 -1 29 -23 -33 16 7 -9 -21 23 16 -46 -8 -42 30 -20 -59 -1 -10 60 -44 -16 17 -4 -12 65 -21 -17 -57 -6 -36 2 17 44 -34 -28 45 42 -12 20 -7 25 -6 5 -49 -42 53 -22 -58 7 -30 13 39 -40 24
-15 -50 -13 4 67 37 -37 -35 -16 18 -58 0 -6 -5 -57 91 -5 28 -61 33 1 -16 -21 52 9 23 -1 -27 46 32 -66 26 -1 -72 3 -99 -38 29 46 1 43 29 104 -23 -46 -12 7 -1 -3 -34 7 -50 -4 15 -82 -46 29 -22 -90 3 -22 -11 35 12
-68 0 26 20 90 -61 47 -46 35 3 22 50 19 38 68 -70 61 -20 7 22 13 -28 69 -52 -35 -9 -13 -108 -20 11 13 -77 60 -37 -9 83 2 54 12 -1 -33 44 -53 44 -33 0 -39 66 -21 35 -26 18 -12 28 4 -76 -14 42 4 12 6 60 14 -12
-14 -24 -26 -8 -15 -65 51 28 34 -30 3 17 11 18 6 25 26 2 -18 -24 -8 -63 -41 -12 7 -51 -53 66 -32 7 41 -49 1 -43 -55 -52 31 32 -49 63 -60 -9 -62 6 -22 -17 -9 -3 -1 -40 57 27 -9 -6 -69 -37 -16 70 73 -18 -17 -51 72 -38
-57 -16 25 -31 29 -42 14 -96 -21 -29 1 -18 20 52 30 -15 -53 20 -101 34 19 5 -71 -60 -19 -25 36 21 3 -47 35 52 -114 -61 30 28 -65 -48 -16 32 -28 24 -61 11 58 55 53 -91 -14 54 -5 -56 -6 60 -34 8 -56 2 19 -47 11 -23 3 67
-27 -65 -22 -30 0 -29 -6 -63 -7 -116 -42 77 -7 32 2 38 56 3 -11 48 -16 12 -44 -23 -2 9 -19 -17 9 5 1 63 34 -85 35 -62 27 -31 43 -4 9 5 -6 10 -5 -22 -85 3 -56 -39 -46 -3 -2 -10 16 64 -72 -11 2 -47 20 55 -40 -4
18 76 41 9 -33 46 -7 -41 65 -25 19 24 20 7 -59 5 25 -61 -8 -34 45 -15 96 -12 27 -51 0 11 17 34 1 37 61 82 -33 67 -24 -59 -45 -25 23 7 8 45 -30 -18 -14 -29 17 14 -29 33 66 -10 -25 57 41 -46 1 -35 12 76 -2 14
25 51 5 23 -12 18 -36 42 -25 -65 -23 -16 -54 37 21 14 29 -8 1 -4 -55 -26 3 8 -20 -47 -2 -20 29 -14 -9 37 59 11 30 14 4 -55 9 22 -6 2 88 7 51 39 -26 1 -4 38 -15 5 -6 -8 14 -4 -13 -34 27 -17 -32 -67 32 20
33 -6 -1 32 -32 37 62 85 -38 -28 -46 -10 -8 19 65 40 4 48 41 44 -15 8 18 -5 55 -3 14 7 -39 9 19 51 -28 46 37 15 6 -21 -38 19 -4 85 29 68 20 -2 11 -51 34 31 -44 -39 -56 65 -21 -12 0 90 -22 -90 22 18 54 -8
-4 32 39 -10 -21 -42 4 -47 -75 47 -16 -9 44 -31 -24 -40 -5 37 -17 103 28 -8 -14 -44 -8 -43 -49 19 -8 20 -24 -35 -18 49 -35 28 13 20 39 15 -1 12 14 52 -12 -54 28 11 -5 -40 11 17 -22 -8 10 -16 -27 -32 5 31 -9 33 10 18
25 48 -50 22 -8 90 -17 -26 -63 -20 -21 -13 46 10 -11 48 53 22 26 -48 92 -38 48 -54 -29 39 -42 26 1 86 70 10 -38 33 -59 -1 -1 -65 36 -50 -44 13 20 24 -67 35 58 -12 -1 -11 -16 -45 -35 -43 25 60 55 -23 -23 -17 17 -25 -36 -6
5 32 -22 -4 -25 -59 -29 -78 2 15 22 50 42 -38 17 36 17 37 -17 -51 72 -25 63 4 -73 -107 -26 15 -25 -37 -11 4 -9 -19 42 70 -2 45 12 2 -49 -50 -58 -37 -7 -7 64 72 53 -4 -13 3 43 -46 8 -19 2 -26 -56 -22 12 65 -21 47
-42 66 13 -33 -9 67 38 -48 -31 46 0 38 -68 -12 -34 58 20 82 -49 18 -3 -73 53 16 -38 -52 31 -22 34 -45 -24 23 -17 -1 4 -5 18 14 -2 1 37 -22 -14 15 79 31 9 -50 -89 -31 -48 52 -57 48 -28 -15 -41 45 21 46 -12 -56 55 7
37 52 -16 21 -24 38 13 55 -9 -22 -33 -9 3 -3 49 5 -18 -52 72 -23 26 13 41 -10 9 14 2 -48 -5 21 54 -47 19 0 -11 -11 30 26 -56 -47 0 37 35 -5 11 -35 60 -12 3 -65 11 41 -20 29 2 -30 -9 -21 -10 22 -10 7 9 32
-44 -7 13 -28 -13 -9 16 9 -33 7 -45 -4 19 21 36 18 -9 11 -5 -29 -54 -50 59 9 53 -8 -62 -21 -1 47 -7 6 41 -37 -10 -22 -17 -29 -66 -2 8 -18 -68 71 -9 9 -49 -10 19 -34 -14 10 31 17 6 42 -3 -69 40 10 36 -31 -38 -33
-7 10 -24 4 -12 60 -3 6 21 55 25 -4 29 -4 -102 78 38 14 -51 16 -84 20 -58 -19 44 -84 -79 49 33 -18 1 15 -14 -49 -9 -57 -33 -18 -46 -39 -17 16 30 42 -11 -40 -40 -11 32 -8 20 -62 -17 -29 12 -7 28 66 -65 33 -7 -18 104 -42
-8 -1 22 42 49 32 -20 -4 -89 15 23 15 2 89 20 23 -71 -33 -6 -6 -40 -35 -46 -9 -19 27 68 64 10 28 -46 -31 46 13 21 -51 -58 -19 -12 -27 -17 -9 -12 -2 -10 1 4 11 9 35 13 -17 -7 35 -51 -33 17 -51 -43 -83 27 -27 -29 -57
-21 -36 17 14 7 -44 33 2 24 3 -25 -33 39 0 11 -76 -17 27 -34 -14 -10 12 -12 2 30 0 -22 -37 -35 20 25 0 57 -2 2 51 11 13 -30 -43 -9 -43 29 11 31 -7 54 -44 21 13 -34 -13 -6 -13 -15 100 6 17 -32 4 -37 30 2 -46
-29 38 -22 22 -26 -54 49 20 2 -18 52 -38 -19 8 -13 -16 19 28 -10 -25 -5 -40 17 -4 -43 -33 -99 26 20 36 3 44 -16 30 -19 -40 24 -31 12 -49 7 15 -20 11 -18 46 22 23 -22 -32 56 2 -15 -25 27 31 -24 7 -18 24 -39 -34 59 -23
-52 51 -17 38 22 10 -20 -22 2 -36 -2 -3 -6 23 -2 -41 86 19 -38 11 23 -22 16 19 19 -21 27 -8 -36 -43 30 39 -32 41 56 19 16 -7 34 45 43 84 -5 -14 -57 22 -14 -11 12 48 25 2 77 31 8 -24 37 -53 -18 -61 59 -3 4 20
38 -15 -50 57 23 -45 28 -47 11 10 -9 18 24 30 -12 42 19 23 18 -59 15 -60 46 -12 -4 43 16 70 -28 -46 1 -31 -67 37 -7 -24 -5 -18 25 31 -27 -12 10 30 54 7 22 -15 -15 -5 1 2 34 19 -8 -24 -35 9 6 -47 -17 57 -12 34
-2 7 -11 -77 -5 3 -24 39 -78 12 1 15 -41 0 -4 28 -15 22 -1 0 26 -40 5 -22 -46 4 12 -4 -49 29 50 59 -43 -48 -37 -18 25 24 13 10 -17 65 -28 -27 -10 -10 -23 75 21 20 3 -23 9 -36 -56 -11 -45 12 17 25 -12 -7 41 -61
49 10 11 59 12 3 58 5 34 -34 -29 -37 -9 -6 94 -26 -9 3 2 -45 -30 -29 34 35 34 4 -4 17 -29 14 -27 35 40 -14 28 72 -9 73 34 3 59 53 -63 -21 -2 38 -20 19 38 15 57 -19 9 27 -25 19 -37 -17 -16 22 12 81 24 11
-13 57 62 -16 13 80 -4 2 44 22 59 -63 -28 -24 -50 53 56 1 4 9 -12 33 4 25 85 32 -17 -1 -43 -34 35 61 60 41 -49 -8 -16 10 42 -10 -4 36 38 7 -1 24 72 32 7 -34 59 21 15 -35 2 22 -22 37 1 63 -6 -26 -4 -27
-31 50 12 -2 -3 18 49 2 -21 -15 40 66 -19 17 -7 12 48 47 -6 20 -9 29 -76 -44 -39 35 6 -37 -10 31 29 20 17 -6 -87 25 -19 43 6 -73 -3 75 -66 51 30 -49 13 -13 22 8 53 54 22 36 44 -38 73 35 -84 20 -22 50 24 1
-25 -6 1 -111 -4 -15 -19 -40 -13 63 -66 -6 -10 -44 32 -27 -18 -8 -21 42 -27 -31 27 14 -17 -22 80 87 -72 -48 25 24 -35 -44 -24 -87 -6 -22 52 33 -118 28 3 -26 13 -27 -46 -65 -39 -44 -22 -17 -26 35 4 16 32 7 -43 5 4 12 17 -55
4 -9 0 -5 -18 44 -2 -66 -47 17 27 37 -3 -49 11 26 -23 34 -45 44 5 14 54 18 -56 78 10 -10 77 -16 39 -23 -20 -12 47 -2 -22 -22 -19 67 -39 3 -53 -33 -2 63 26 -4 25 -48 36 -6 48 -53 -55 -61 -14 63 11 63 26 -14 56 -7
53 -43 -38 -28 49 60 19 29 27 16 -32 25 -38 -43 -38 11 3 -54 13 -6 -11 32 -28 -17 27 49 -32 -16 -21 -40 36 -88 3 -36 -45 27 13 -32 34 6 -35 87 -40 -13 11 -16 -24 46 44 41 -45 15 -31 73 -11 91 -20 47 60 5 -53 -12 35 -34
-25 -33 -35 -27 24 -56 -94 73 -20 10 -12 6 19 -35 -1 32 7 9 -28 -46 16 -16 16 -42 79 -53 52 -51 -21 22 -16 8 1 7 37 -21 -16 32 -45 -16 -73 -7 -17 -22 -94 -4 11 -27 29 23 28 -4 26 -34 -29 15 -53 -43 -11 -88 -3 -6 27 -11
23 -9 33 0 -107 14 10 24 61 -5 -4 63 -36 33 33 3 -18 11 14 -15 27 -4 -10 -48 77 56 -44 32 -51 -15 31 -15 26 -34 42 42 -38 -44 81 -34 46 30 -46 45 -6 -64 21 -38 27 16 92 61 52 -18 31 -29 64 -35 24 13 48 77 -21 -39
3 10 22 -2 -43 8 17 -7 19 -1 23 -16 -22 10 62 -60 -6 -41 19 -54 -2 21 81 -29 11 22 -52 102 -29 30 21 -24 -35 -86 -56 36 -11 -11 -22 11 2 32 14 -26 -24 64 5 -21 26 -45 -50 -25 20 35 -1 -17 -10 34 44 -12 -36 23 9 -29
-13 -8 -43 -14 51 -15 -36 -61 -13 -8 -58 26 29 -13 63 -26 22 2 -25 15 19 0 91 7 12 -31 27 4 48 -2 25 -34 9 58 1 -4 2 54 -33 37 -7 58 15 -27 65 28 52 15 55 -61 8 -24 27 -16 -60 -32 -14 5 10 -10 8 -36 5 -15
-13 -33 21 -53 0 -1 -49 9 -1 2 -9 -1 5 -9 -28 -18 -51 -5 4 24 -25 50 -2 -20 -103 -44 0 -35 17 3 -13 -30 27 -46 -2 15 -26 2 -42 -10 -21 -36 -4 -60 18 -70 26 31 -52 -48 14 -49 -25 6 -25 -26 64 -76 4 -21 -55 -53 -38 43
11 -15 40 -26 68 14 -49 -7 -20 62 11 34 17 1 -2 15 2 41 22 3 -22 -13 29 8 53 23 32 -29 44 -6 67 -58 13 21 52 43 8 7 -22 36 9 54 82 -17 -32 -60 8 67 40 -43 1 -42 21 31 -19 -108 45 57 58 28 29 13 -67 -4
-4 9 79 -11 -8 23 32 65 18 37 -5 8 7 17 -20 8 -29 -17 62 56 -37 -27 -45 1 21 11 37 2 -1 8 98 -19 38 -43 11 -39 -20 63 10 54 -10 17 4 64 -2 -39 52 10 -2 54 27 -20 41 -6 59 21 -3 -40 22 39 16 -38 -2 2
-30 84 60 -2 43 -14 -81 -5 -4 -57 16 28 -10 27 -8 -24 -20 37 -3 -12 33 49 26 68 -13 -60 28 -76 -15 37 10 -3 0 -39 15 61 33 0 -26 5 -44 9 52 -6 29 5 8 9 -102 4 38 -25 28 22 25 11 58 3 -20 -13 -19 11 -4 -17
-2 46 42 23 50 41 -2 -20 31 -14 25 41 43 -1 27 -14 68 -8 10 16 1 -9 -11 55 79 32 10 46 11 62 -52 45 31 31 17 -24 -4 38 -9 28 17 36 -18 8 45 20 5 -36 18 22 -8 -46 89 31 -10 -12 40 37 74 -14 32 44 -63 2
36 7 -18 -26 -17 4 -35 -43 -20 -9 18 2 -71 77 21 42 25 32 7 17 -44 -42 41 -45 -13 -33 24 -57 48 13 -38 4 -23 -95 20 8 53 -38 -11 -24 -21 52 14 -13 -26 6 42 83 33 59 -10 -44 57 -8 -67 41 12 47 -41 -24 -43 40 105 -66
26 -28 -80 -11 100 -40 -32 37 -85 2 -28 12 -30 50 24 -126 -18 96 -26 26 -39 -12 -30 -22 -81 15 -4 30 40 16 2 -17 -31 -30 -6 -46 -14 -11 -46 38 10 12 2 2 -29 55 -13 10 17 -66 26 -27 -4 -26 37 20 11 -28 -9 -35 -4 -17 16 -84
-5 29 28 -35 12 -11 34 26 46 -51 19 -12 12 -16 -23 -23 0 -29 19 28 68 -19 47 -70 1 -27 3 -52 4 -16 -4 63 0 -27 -38 23 -1 47 -39 3 -52 -58 -14 50 -22 17 -31 14 33 -65 -20 -47 -14 -74 4 18 -46 26 22 24 72 20 -10 -14
25 -9 -37 -45 13 90 -35 34 -25 -44 -66 -4 -47 -4 -22 -13 -25 -66 27 6 -18 -32 17 29 -12 -9 -31 -97 -8 5 -21 44 -3 -16 17 -5 -21 -56 -34 -38 17 -4 -1 -24 -41 26 11 -33 -48 -16 -24 100 58 14 0 14 12 43 -7 -25 7 43 63 -18
-33 -44 -20 -27 25 -44 17 14 -19 -27 -71 -63 15 12 -12 -26 -3 -39 0 -1 -13 23 -16 69 -26 59 13 -40 51 -9 3 -48 14 38 2 20 33 32 0 -33 -12 5 -77 -4 -66 26 -30 72 7 -35 -22 27 53 -19 -20 -34 -30 -14 -60 -39 -92 -5 -40 11
-23 -81 0 20 -72 -4 57 -8 19 -44 -35 9 22 12 0 94 -40 -46 -13 -28 -62 61 -38 -64 4 -12 41 6 -23 -70 -73 21 -44 -21 29 45 9 42 73 56 -3 79 -8 -42 32 -94 21 37 22 13 -26 47 -78 -36 75 -21 -83 -30 13 -62 15 -71 -43 17
23 -2 -33 16 -7 52 -9 25 -39 4 15 29 -5 20 33 1 63 -24 35 3 -19 46 8 -15 -43 65 -7 32 106 47 -62 -13 4 -40 -9 -91 -3 62 47 6 -16 71 14 20 62 10 33 -29 -6 -4 47 0 -68 -60 13 -24 -44 -21 -33 39 14 -40 51 -9
46 0 52 -48 30 65 -68 -40 21 -6 24 -41 3 46 20 -19 -8 63 16 -61 74 18 -9 13 -20 -12 1 -6 7 -21 0 39 -21 -12 57 36 14 47 -20 18 -6 11 16 61 -1 11 24 12 -25 72 29 26 -58 11 102 -47 -27 -21 25 35 7 -10 -29 -5
5 1 16 11 -8 -79 4 4 -64 -29 50 -48 -23 -73 -4 35 -93 32 -51 56 56 4 -29 -9 27 5 69 -10 -8 17 7 -40 12 12 13 -10 -3 12 -82 8 18 -18 -33 0 39 30 -53 -4 1 -23 38 50 24 -106 17 -17 25 -28 65 -14 8 -2 -15 -39
10 25 7 32 -17 42 19 -12 -53 10 9 -31 12 -11 -19 6 18 54 -41 -35 -34 71 -55 -35 33 26 -38 -32 -43 33 21 -41 -27 30 10 -1 15 26 -27 -49 -24 -6 73 11 26 -14 25 11 -41 11 5 16 16 -22 19 -17 38 -12 -63 -6 -48 24 -67 -11
17 8 6 -7 -85 33 -72 -27 -48 -7 11 23 -5 20 13 -34 24 27 -10 -32 31 35 56 -14 -5 -15 -20 -37 -28 102 41 44 -21 48 -16 -7 18 18 15 -55 67 42 12 -3 51 -28 -15 -44 -49 -4 39 23 22 -23 -17 6 28 4 4 48 15 11 38 -49
79 5 40 6 -42 38 -20 -33 -28 -1 22 6 2 19 -23 -20 0 -15 -13 -79 12 -13 -23 -11 37 -51 -57 21 23 7 -7 43 -2 3 -28 -20 -67 -6 -32 9 -8 -6 56 -35 56 -45 15 -58 33 -20 -36 -17 -10 25 45 5 43 -13 16 28 47 -34 -25 14
-9 15 36 -1 77 -50 8 -64 -3 -51 -49 -73 -56 -33 33 -24 2 26 -41 -23 -21 17 32 49 34 -52 -35 0 3 3 -43 17 -17 -3 91 0 38 -29 -33 43 -5 -54 -5 -14 -19 25 -48 -30 -107 -44 -40 -21 7 -40 -78 11 -32 -17 12 26 -60 27 18 68
-11 34 9 76 29 11 -12 -9 -49 -34 37 -34 -36 17 15 -73 -15 -17 1 -16 -41 -23 38 14 39 -13 18 -43 41 66 20 -5 0 -12 -24 45 -52 -41 6 -36 -6 11 -11 -14 20 -7 -17 2 -39 2 31 36 23 37 -22 -19 31 -58 -8 -15 13 5 -56 -39
-14 62 45 -85 -12 9 -5 -14 -8 75 22 4 -14 69 31 -8 -16 -21 -25 -22 55 -22 32 3 37 -2 17 25 6 -1 39 17 -56 -8 -5 -47 -27 -46 4 25 -30 -33 -34 -14 66 11 7 51 9 -41 6 84 65 -30 -57 15 9 20 -41 -67 -6 3 7 -26
17 32 -1 30 -20 -67 42 57 26 0 -57 14 -8 -72 17 22 -57 -17 44 -32 4 -14 2 3 -21 44 -34 -49 19 22 -88 -25 -23 -25 15 64 -15 44 -44 72 42 -24 -28 4 8 16 -77 4 -33 31 -52 -12 -17 -41 -36 1 -6 -17 41 -10 -20 -5 -40 85
-35 -15 22 29 -7 68 -11 -30 3 18 4 -55 33 22 46 -8 -17 -10 82 13 -18 9 33 59 -22 1 24 -20 2 2 36 -44 34 -24 -43 -51 46 20 18 -77 -59 49 -52 -48 -7 -22 20 31 18 -16 30 11 -28 -21 20 -47 -7 35 -57 12 -46 -22 11 28
6 -26 -6 -76 41 -9 -10 -25 -36 -20 -46 -18 55 -53 -1 20 13 7 43 -81 -57 -14 -27 -1 -5 28 -45 -18 27 -24 1 -70 -79 31 37 -54 3 45 -2 -2 19 15 -16 2 -69 29 -32 47 46 12 43 -31 3 45 21 -38 -5 -27 19 43 -21 -20 -27 24
-27 50 -30 33 -30 6 -8 -38 23 -21 50 -9 -25 60 -19 20 33 -20 4 46 28 -76 -20 -22 -21 -40 27 -2 5 12 16 15 -44 -50 65 -42 -18 -71 -3 4 -66 12 75 29 46 -21 38 -32 58 -29 -50 -44 -39 36 -8 6 6 36 14 -63 -21 21 -50 32
13 -78 -42 -2 -21 -74 104 21 14 -44 -83 -25 -41 -52 13 -31 -41 -2 -1 -2 10 -33 -14 6 -18 26 -8 -11 -71 -40 30 -23 30 -16 -25 39 0 -59 38 -26 -29 16 -22 5 -103 -77 0 -40 31 -34 -21 -44 46 36 -60 17 -61 31 38 -74 10 61 -19 18
35 -57 18 -41 -17 -18 30 -47 -61 27 24 12 -12 -13 -97 58 9 -76 62 -54 -45 -83 91 -41 4 17 -55 -31 -7 -13 -10 27 4 -45 -50 -43 -14 -37 -23 28 11 56 -6 -27 23 14 10 -6 37 -49 -58 -1 -7 -38 72 2 -2 -43 -56 -29 8 -53 64 -7
-20 30 49 -24 37 -32 -8 -4 13 32 -13 36 10 -2 -29 -9 -21 35 13 -60 29 -22 47 -71 30 -11 0 -33 45 56 6 -20 -40 16 24 -54 -3 -15 -13 -9 2 15 27 -17 16 14 -44 20 -29 -43 -29 23 71 54 3 -17 12 -64 42 15 -18 55 -45 4
18 -25 -69 -3 26 35 -62 -63 4 -18 -2 59 58 6 -38 8 -12 -59 -3 -49 8 12 19 -42 -26 44 -13 -15 -1 -65 2 -40 -23 -3 16 -27 -90 68 12 24 32 -8 86 -23 21 46 -22 4 93 40 -25 -55 50 -53 13 9 -19 0 21 -15 -69 -46 -10 -12
-7 -57 -74 28 55 40 -9 22 -22 -1 -43 22 -14 -23 -27 1 -4 21 20 59 -14 -85 -1 -64 -52 9 -69 -72 1 26 -83 2 -14 9 47 -64 -41 -8 11 -45 -15 -8 -8 -17 -20 -8 63 47 -11 7 -36 29 -19 -43 -29 -7 22 14 35 -19 4 15 -18 -9
42 12 -77 60 5 -26 38 47 -43 -43 9 -20 46 74 -55 -50 13 36 -62 0 61 -43 -35 -38 -25 13 26 24 20 -11 -16 -62 59 52 -2 -40 16 -16 41 -5 -1 -47 -87 7 -34 -43 -16 -80 -7 66 22 -17 24 -4 -15 -2 5 -12 -32 11 30 -58 -24 -13
71 27 -9 1 39 13 64 32 87 11 -23 16 -71 59 -2 59 51 5 75 -47 -6 -27 -9 -24 8 -42 56 19 43 -29 -25 11 87 55 -22 37 -13 41 14 5 54 12 12 -19 42 21 25 -44 36 -8 56 12 -41 58 58 -37 -29 -11 44 -16 39 60 -39 -38
52 -1 1 19 -104 44 35 23 -40 -66 3 19 -11 -4 -38 -30 60 49 -54 14 -28 25 19 -31 -55 6 -24 0 38 19 15 -13 -46 -35 -10 -31 11 -46 33 47 49 -21 -21 -30 1 -23 2 -55 -79 38 46 -20 -27 61 -96 -2 -53 11 5 -17 24 -64 3 25
74 20 21 -113 9 -36 33 40 1 11 40 -47 9 33 62 47 29 -31 -40 23 -79 10 -37 -6 -35 25 -7 3 10 -56 2 19 58 29 -54 -25 44 -4 12 12 -45 12 20 8 -15 28 30 25 0 32 -83 -51 -5 6 6 59 29 -23 29 16 -19 -23 16 -85
32 -38 48 14 -67 42 2 37 -1 8 6 -15 3 0 -55 34 16 -37 -1 42 20 -28 -31 -16 -40 26 -6 -33 17 46 9 60 39 29 -47 -9 9 -34 -9 -52 -24 -11 15 36 42 26 -10 -20 -36 8 24 -19 -62 4 8 1 -22 23 2 82 -21 -41 -9 34
-10 16 26 32 -4 21 -59 -55 27 28 21 7 2 44 114 -36 26 46 -39 46 -29 -72 -26 -56 -5 34 16 -32 4 -37 10 30 -51 25 -24 -18 32 -7 -14 2 1 8 -92 -3 -6 -17 -31 -12 52 5 22 28 -92 61 9 -7 -13 -39 -37 59 -12 -12 -45 -22
2 -23 -8 30 2 -11 -36 -27 63 -47 44 15 1 17 -19 1 14 5 -11 -11 11 8 -16 13 1 -34 17 59 -4 27 73 -108 -98 42 -17 5 14 21 -11 -4 -16 -4 27 -19 -47 -2 60 21 54 -54 41 16 8 -2 -48 -53 -3 -71 -12 16 44 30 -1 -41
18 -42 -13 52 68 -37 -37 3 -23 6 38 -13 10 -12 21 7 8 -4 -24 -33 -18 1 62 -1 -27 1 16 60 -36 -36 3 -9 5 13 -16 -18 -76 14 -38 -47 -67 -45 -9 3 6 -23 25 -87 15 2 -29 -3 18 -31 31 -6 17 -19 8 9 32 -22 15 37
-30 22 13 21 -21 -24 -5 45 57 -10 18 44 28 -56 0 -13 7 4 17 41 -89 -3 -2 63 7 13 22 -81 -25 -11 11 56 8 34 -19 -28 27 -44 -43 -33 40 27 13 23 3 4 50 -32 5 -45 -37 14 60 119 -74 -8 -16 1 48 -51 -37 1 49 11
-24 53 22 3 45 35 -31 16 44 -34 -36 -51 -66 59 -24 31 19 4 0 -6 13 0 -18 38 -28 58 -8 -37 22 -61 -18 64 -44 6 1 44 25 0 -36 -31 78 7 5 0 0 7 -24 -47 4 20 53 -64 -66 20 66 32 -1 5 -18 19 -16 -55 -84 -71
23 39 3 9 -22 19 50 -16 5 -78 -39 39 10 -37 -48 13 91 26 -90 -43 -28 30 -55 -6 -10 -21 -16 -25 74 31 -50 -37 33 -2 19 -44 38 -54 23 57 18 -69 -37 38 71 43 27 32 17 12 22 -5 -12 17 -9 -16 -83 12 -13 30 -17 -32 27 -15
-46 -35 -13 21 36 -27 30 20 4 75 -42 -21 21 9 -25 -14 0 -4 27 59 -48 6 19 37 22 49 -48 41 12 -49 -21 -34 47 -44 51 -43 -17 27 -6 -23 -7 -13 -26 -11 -14 -91 -7 8 23 43 30 -33 0 -21 -25 -126 25 54 -30 -25 -36 -1 33 -19
37 -60 64 -30 21 1 -17 -34 -24 -40 -3 15 -54 29 47 37 4 -31 13 -3 -6 28 32 9 -26 29 50 -52 -36 -12 -53 10 52 73 23 -9 14 -3 80 30 -26 -14 57 21 14 -16 -31 67 -68 10 6 -13 46 42 31 54 -26 -10 -42 18 -3 4 -33 18
7 -34 -5 -48 42 -55 22 4 -2 35 -16 23 29 -9 13 -14 -18 56 -9 18 43 -60 34 17 59 27 -21 -8 17 -39 65 -73 -33 3 -20 4 -28 23 31 -39 -31 7 27 -20 1 6 -22 -53 76 36 50 48 52 28 23 35 12 -4 -94 -25 15 -15 27 9
7 30 4 47 32 -20 36 3 9 37 -11 12 42 22 -6 64 34 -12 -6 44 -12 -43 -28 0 9 -52 -50 -11 -42 7 41 -37 9 -10 31 -27 39 19 -15 13 19 -56 -39 10 -22 -22 -29 -32 -28 15 -45 49 15 -96 57 36 -47 -30 -11 12 63 0 11 14
-29 -8 -4 -28 38 12 21 4 -68 42 12 22 -12 -42 -55 43 -74 24 2 -30 39 -15 -15 13 10 -5 20 -58 -13 -18 -4 -19 46 -39 -10 -25 -48 -101 -70 -16 -39 -9 50 -7 14 -23 -26 44 9 -33 -37 -63 -23 21 10 89 15 45 -8 13 -60 -13 11 25
52 3 34 -19 17 35 -42 26 28 -1 46 -17 -40 56 61 24 15 31 -9 -44 2 -10 -3 38 56 -5 -29 14 49 33 40 26 31 -75 59 -36 108 -21 -39 20 -6 41 4 114 -57 -4 26 -2 -6 48 27 116 44 104 18 -6 48 11 -44 30 3 40 -21 21
43 17 -1 -31 60 -23 -38 -24 57 -39 -25 -71 49 -19 35 -37 22 28 -13 -12 -24 -10 50 13 4 19 -42 67 3 15 -18 -9 -6 -4 28 -31 -15 -27 13 42 50 -30 -21 -47 4 15 -9 -59 -21 -7 -100 3 -16 9 30 -7 39 20 -8 104 -11 18 15 70
-15 4 25 -33 52 -22 -18 -14 -20 17 -6 0 89 12 -68 -8 -11 2 -16 -49 29 25 40 -3 22 1 -18 -39 31 -3 -13 0 26 37 -1 27 5 42 47 -97 8 -29 4 -22 -19 24 -7 -3 4 -40 17 26 -48 43 1 41 37 -51 9 1 20 14 -12 42
-33 93 -11 13 18 -27 -55 -20 36 8 18 -39 21 -47 23 -60 18 -16 86 48 19 23 1 23 -11 26 -21 4 -51 15 70 -8 80 -21 -88 -18 -13 -12 -29 12 -10 -14 9 -11 -25 28 22 -41 42 61 -16 15 4 34 -5 -8 3 41 -13 63 -105 26 38 2
15 5 56 -12 16 35 -48 -12 10 -56 28 -15 -55 -20 -6 45 41 14 38 -95 28 22 14 52 75 17 6 -19 -41 -20 -1 54 18 60 0 31 -70 31 -6 -20 -4 58 44 40 27 39 19 9 16 55 -11 -16 -45 -74 35 6 -14 -12 38 4 -18 27 -3 67
-58 7 -4 -36 3 -30 -5 -36 -5 -8 34 -22 -65 17 39 91 -12 20 -19 55 71 23 -44 -26 -20 59 -16 -64 -10 79 6 -3 -29 -4 55 21 35 -47 -39 19 23 -64 -39 -18 20 27 -63 -32 29 61 38 -28 23 22 70 -17 25 19 -8 54 -14 18 -10 -4
37 8 47 -4 -26 21 44 6 -30 -89 11 30 -1 83 -45 -48 46 3 23 37 24 14 -31 -7 -7 -43 -42 9 60 -45 -70 4 55 52 -7 -29 -7 61 18 -35 93 3 27 -57 0 18 -35 -9 32 63 36 32 -23 36 -12 12 28 -28 18 -2 -60 -51 8 -49
-52 -49 9 24 53 1 -101 5 5 -12 9 -4 -41 33 -77 -17 -52 -55 4 -17 85 -96 -3 -76 -8 -11 41 42 -32 -47 -5 8 -5 -9 85 6 -30 -21 -8 -80 -21 -12 -80 25 -34 -4 -9 28 -32 -14 -26 -22 8 -13 68 20 -14 5 12 22 -26 86 -47 -5
19 -18 43 -22 -6 40 -26 12 25 39 27 -21 27 -61 -27 -49 -61 24 3 47 19 -61 -30 24 33 -3 18 65 88 -33 14 26 -14 -9 55 -44 -38 36 18 -24 -45 -12 25 25 -12 48 -22 13 6 18 66 -6 -11 -8 34 -68 9 -30 70 -20 32 26 -37 23
1 19 -7 54 15 17 70 -9 24 50 36 23 -30 16 32 -17 4 80 -43 -5 -22 -39 -29 21 81 43 -57 39 -19 13 7 0 -45 19 -3 -3 -12 -10 -43 37 53 6 -37 27 -2 -19 -32 26 -7 17 -32 -22 -18 45 38 12 12 46 10 33 25 30 58 43
8 -8 69 35 -98 -60 7 -22 15 17 20 -18 36 -16 -25 38 -13 15 -24 40 64 10 -56 -14 37 8 -23 -68 -61 -20 11 44 38 26 9 41 9 -20 -62 -1 -30 -10 -14 -11 21 40 -44 -38 -54 39 -18 -11 36 -39 -76 12 -3 56 73 11 34 -63 -34 -10
4 29 -16 -8 -43 35 -30 71 6 -36 -38 11 -67 -11 3 51 28 3 -2 12 3 -81 -119 14 46 25 4 7 3 16 37 -28 -27 35 25 -13 -32 67 -45 64 -4 -11 -11 38 1 10 44 5 -9 56 -6 80 -27 51 -5 -16 -8 -15 -6 75 1 -29 -20 12
38 38 -63 -59 13 10 -32 61 -24 21 35 -85 40 -1 8 -24 -76 -23 -13 -10 -43 48 -14 -32 14 14 -7 -3 50 33 -33 -5 -51 -27 -56 -12 1 -22 69 -32 42 29 10 23 38 -59 -28 -12 27 -66 -20 63 1 43 1 25 -27 -70 -6 3 -14 36 21 -29
-37 27 43 2 -10 -113 -43 55 19 35 -23 7 18 35 -3 -22 33 -19 81 -30 -26 -4 37 16 -14 -36 -10 54 -42 -16 -58 76 10 27 16 -33 76 38 -45 18 -39 12 40 31 -1 5 8 -39 4 -5 6 37 -94 50 11 10 -45 -2 -27 -25 -52 -24 -38 19
6 -26 18 -21 -38 -28 42 35 -26 29 -5 -14 7 -39 39 -48 -10 -10 33 -9 33 24 -27 -10 27 73 -76 -37 -19 44 -1 -28 -90 50 -30 -42 21 -19 -50 -9 30 47 55 -2 -13 24 -57 33 22 35 37 -36 -30 35 70 32 -19 36 53 -4 7 81 24 -13
43 43 -25 -2 6 9 -64 51 26 63 63 -5 -13 -8 -15 32 48 1 5 -3 50 -31 27 19 26 -16 -17 -8 -5 -6 15 -48 -62 36 -47 -27 -17 -50 -41 -8 -33 -25 -66 5 -44 -1 44 -28 -49 -40 -57 45 -16 -3 -23 -4 6 55 18 -12 4 63 81 20
-76 86 28 59 -15 -7 23 3 -21 26 -25 35 -19 -42 14 -21 -6 -1 60 19 12 -18 30 62 -38 -10 -41 12 65 3 -3 27 -18 1 23 -60 -1 20 -26 -16 77 -47 -15 37 5 32 -15 50 -18 -37 33 40 37 -47 34 -5 -14 -10 -16 -7 6 24 -16 -39
-11 2 77 19 23 -1 -31 22 -3 -11 -40 -4 1 1 -12 18 -15 30 -8 -17 -11 -3 49 -65 -30 19 -13 -26 -55 2 -48 -29 -36 49 -2 55 2 40 17 3 76 -45 24 -14 -1 -16 -67 -34 -37 8 43 -16 -4 -5 16 35 1 50 -1 1 31 -9 66 24
-22 -84 -21 23 53 -3 25 -62 23 58 -10 -55 18 -35 -28 -30 91 -6 67 -44 54 94 -62 -73 -4 27 39 -38 33 -20 51 20 30 -12 25 -28 45 -37 58 37 -16 16 38 59 -46 9 2 1 -55 -11 39 -59 -2 42 -39 -8 11 -13 -90 15 44 53 28 6
43 41 -36 39 62 12 -28 7 -45 53 -24 34 9 34 17 50 46 -22 -17 37 -19 -28 -68 13 -43 11 -27 -13 -29 -7 -20 12 91 20 -20 -20 10 -9 -39 38 12 18 -36 -55 -6 18 14 -14 -27 18 59 -17 -23 10 -26 -13 -16 -7 2 51 -15 -12 -51 -22
-30 59 12 23 -20 -31 -7 -2 76 40 83 29 113 -49 23 -1 -14 3 -6 -1 -61 39 5 34 -61 34 3 1 40 -16 3 -10 -6 57 37 5 -71 61 39 -23 -10 -29 10 78 12 10 -15 82 10 69 -19 2 35 36 2 -49 7 17 12 11 26 57 -21 71
8 3 -31 34 1 13 -26 -65 21 -68 -23 -38 -32 22 -1 44 78 27 -81 5 -38 -32 60 -32 -22 -12 -17 -64 9 1 -42 30 59 1 28 -4 32 -79 44 -69 -22 -42 89 44 41 -32 -13 -74 12 -32 -3 4 34 8 22 37 54 35 -25 5 -14 30 25 42
-4 51 8 13 -18 24 -34 -48 -8 -35 -16 79 -48 23 16 5 -64 29 5 -37 -39 36 4 -15 -29 -49 52 15 -6 2 -42 -26 4 -37 -4 5 -22 6 -47 21 -23 -91 -34 3 36 32 37 -3 29 -58 -44 -62 -30 -4 42 -36 -41 61 -12 -24 -65 -87 -8 -17
8 104 45 15 32 10 -24 59 -2 -47 14 32 -53 -14 -38 1 -7 -20 19 21 9 -5 63 21 37 1 38 22 3 -11 20 -35 -3 13 -30 -38 56 -16 8 21 47 26 37 43 2 25 -61 46 12 17 18 56 28 -36 -26 -27 41 -39 26 -5 -23 50 -14 38
-24 -43 -7 4 19 53 28 -26 -14 19 81 37 -5 2 -42 -18 -11 3 6 -16 17 4 -39 55 11 -57 36 -46 66 27 26 -8 1 -60 7 -32 -20 12 62 36 -80 -73 -47 23 -4 57 10 53 33 90 84 -13 -19 5 -24 25 10 100 20 -63 18 39 15 25
27 -97 -51 -4 -28 1 43 16 36 -67 42 -11 -76 -46 -23 38 1 -49 -7 -11 -34 -23 23 -3 -40 -16 47 4 40 88 20 -24 63 -48 56 6 41 -60 -40 42 -17 -12 81 21 2 64 4 -44 -15 -31 -1 -33 -16 8 -47 -108 -76 -26 -70 -28 -30 25 35 -6
-17 17 -54 15 45 11 0 -34 -40 14 33 89 14 45 -86 24 21 61 -61 55 -29 38 -23 28 -52 -9 -6 11 59 30 -32 -9 6 -15 -54 62 -53 11 9 -3 32 46 -28 -62 -26 56 -12 7 37 -55 -21 3 -39 -15 -53 -21 -26 6 -74 33 50 -14 51 -64
5 1 88 -17 -50 -68 -8 7 13 27 -12 -16 -40 35 -82 -1 -44 -37 -54 -32 -70 8 5 -52 -83 28 30 -21 -12 45 -16 -2 -17 1 -36 -1 -56 -52 13 25 -43 -15 -40 -35 -15 3 7 7 -114 -65 -13 -22 -2 -17 47 -10 -49 -17 -34 -50 47 -30 -19 -4
11 -71 18 12 -47 -37 7 50 -42 -20 15 -12 -16 2 15 -28 -4 0 48 20 6 -39 23 -38 -34 -17 86 4 26 37 30 1 -23 -26 64 -26 -71 9 -11 25 -8 -28 -27 11 -44 -8 -42 4 -5 -25 55 -21 14 -21 73 2 -62 4 1 37 -24 -62 -80 -25
-10 62 -48 47 17 -41 -88 9 22 35 -5 -32 -47 6 57 43 -23 26 5 4 -46 9 7 -89 24 -36 -111 11 -7 -76 21 41 -24 -54 52 -4 16 -22 -3 -12 -20 -9 12 18 69 62 59 -9 29 -46 -16 -13 -10 -44 -2 0 -8 -24 -48 -3 -37 20 2 4
2 -45 -26 -15 -8 -52 51 -30 31 5 -28 -33 -38 10 -59 12 -47 -12 -39 0 9 13 -85 55 -29 3 -4 28 -40 -21 -12 -4 -35 -3 -34 -17 -32 6 -58 -27 5 34 -11 85 30 -8 64 3 2 -12 26 -49 43 73 39 46 -69 30 -7 1 8 -49 8 34
12 -115 1 20 85 0 -70 -16 15 -10 18 9 -2 -27 -5 -8 -89 -9 -18 36 -27 11 -42 60 -3 0 -22 -22 -53 77 19 -40 70 -69 31 -55 -13 -42 -27 -26 -18 6 -37 18 -36 -18 -42 -26 52 -4 -1 -28 52 -22 19 18 -94 1 -34 -3 6 -31 -15 -23
-3 -18 30 10 -51 20 0 -4 48 -41 -59 66 11 -30 6 -22 -3 -55 58 38 10 1 -37 -31 -24 72 0 -85 0 14 23 44 32 46 -19 -20 -20 16 -14 84 -16 80 -18 44 25 -14 32 53 3 40 -23 -21 -1 42 40 -21 22 -22 1 46 -124 -11 40 11
59 -4 63 -33 -27 68 10 -45 -24 -54 46 -30 -32 -47 -37 26 -15 -15 66 -7 -8 -18 -54 -60 1 35 -3 -4 6 -19 -24 -56 -26 -65 23 -17 -91 23 30 -17 -5 16 -26 24 -33 -33 -48 24 -48 -28 10 -9 29 35 46 -41 25 23 -56 42 -40 41 -19 28
19 12 -11 -53 -54 62 47 -34 6 -3 -18 8 -6 -27 -7 -22 42 23 -95 15 17 10 -9 -82 -15 -95 -18 -16 -70 4 -61 23 -50 -5 23 -13 -36 -24 -4 -22 45 -31 9 7 20 -37 -1 -41 -65 -13 -37 -15 -50 14 -10 -39 -6 63 11 -18 -10 -15 18 39
10 -10 -22 -7 -10 6 -12 -30 26 19 15 -45 -11 -25 8 33 20 -70 19 -68 1 -46 -77 27 -5 56 52 -19 -13 -19 1 29 -1 -23 18 -13 -9 -53 36 -6 -40 -7 -18 -7 -19 -31 -10 31 -51 -19 -37 -1 53 26 -2 2 -58 -87 -4 -73 -8 33 51 -27
33 -15 22 -54 29 -18 23 26 18 9 20 -2 6 80 11 1 11 33 -5 21 -64 61 16 -26 -19 52 -29 1 -83 2 17 -25 -42 -17 32 -9 -5 -61 -54 72 -22 8 5 24 -34 -26 44 58 42 -43 -27 21 -37 -7 -84 -19 -30 4 -16 58 -3 -15 0 -12
1 -41 46 -9 4 1 -5 -24 -19 -34 42 -40 -21 36 4 -21 -22 75 -4 -27 45 33 -20 -22 7 -42 -48 -1 -24 -19 65 -18 -66 29 -6 -17 -36 20 -21 54 -2 37 -35 -4 31 46 30 41 -10 -19 52 13 -20 -73 32 -4 25 -3 -12 -27 29 25 48 49
7 -2 55 -46 -47 30 -23 10 -13 -26 -6 22 47 -38 47 -5 6 -47 8 14 -21 -26 -115 15 35 -61 -51 24 8 18 1 -63 16 15 -34 -63 -9 -66 29 -35 -20 47 -8 13 68 -9 -60 -4 -33 72 49 15 4 -14 -28 31 -3 -30 -55 -30 -30 -45 -57 52
-39 -5 -49 71 53 -11 -89 102 46 12 22 -22 34 52 -14 -44 8 -45 -62 2 -42 26 -28 -12 13 32 -92 48 32 40 59 65 35 56 -49 38 -18 71 -69 82 13 -51 -45 59 -12 33 61 16 14 -9 -27 17 -11 13 48 22 13 12 21 25 -8 -14 -4 26
37 3 8 -74 58 -27 31 -24 50 38 51 15 41 2 43 -40 -1 3 11 -19 32 19 8 16 -58 -24 -10 54 68 9 22 -44 13 48 -2 40 12 -43 -45 -3 -38 -33 20 -22 3 24 94 -42 8 -57 -67 -37 30 -37 11 56 25 -5 14 21 22 6 -107 45
-101 53 35 -52 -39 25 -13 -77 -31 -9 -32 31 -15 14 26 54 11 -1 32 70 8 48 5 9 -25 -56 -37 9 -8 -42 18 0 6 -12 24 53 -41 -29 -58 52 15 29 -9 -35 2 -25 98 26 -76 31 17 24 11 -11 29 28 70 18 13 49 -23 -28 2 25
-27 -11 19 3 -10 61 -64 -17 -31 33 -31 24 66 5 21 -27 -23 -1 -31 -17 -119 10 20 11 6 57 -22 -16 8 36 38 64 -9 20 -21 -3 -80 -28 36 -36 25 -14 30 -34 -9 36 24 10 20 5 -6 14 -34 11 2 16 -57 25 22 17 37 6 25 8
22 -42 -74 98 -32 -17 -42 4 42 -10 -7 -25 -27 -18 39 -36 27 -33 58 49 -48 -18 6 -28 -53 2 35 26 -28 -36 -21 -1 -57 36 -11 9 -38 -50 44 -8 -58 44 45 -46 42 -35 69 12 -10 53 -4 32 43 49 -52 -24 11 -31 -37 18 -43 -8 -55 -29
-69 -50 50 49 10 -56 17 -25 1 20 27 -32 -51 -21 19 35 -52 58 -15 -35 -42 -23 41 16 37 -14 51 45 -4 28 7 9 -37 41 56 11 20 62 -17 -32 -2 16 1 12 15 67 24 -22 60 -13 0 18 11 51 19 8 -27 -7 -59 -91 -6 -60 -24 -21
12 16 12 -16 -38 0 -16 -18 15 -12 -26 0 -31 72 51 7 -40 40 41 5 -14 -77 5 -10 67 2 12 -9 -41 127 9 -11 42 12 -6 69 2 -51 -27 8 45 -42 5 10 -4 13 16 -36 -48 -10 38 42 -7 18 42 57 57 28 12 13 29 32 17 -35
-30 -29 -3 27 -23 50 42 -48 -21 -5 -6 -23 -8 23 -10 11 6 9 6 -11 21 -3 -32 -23 -7 36 28 -56 54 -3 -13 -11 -68 4 -41 74 63 23 -22 -33 -38 -32 63 27 -26 63 33 -55 40 -28 66 -18 40 -12 -29 60 42 28 -20 61 44 7 0 14
31 -4 49 24 64 41 16 1 -55 1 -7 12 -43 4 -16 40 -5 -15 -10 30 74 -25 -48 -34 -3 57 31 39 17 10 24 34 -20 -26 -19 -10 10 87 -28 8 -42 -16 -26 1 9 3 21 17 -5 -18 -52 47 63 -2 -68 17 -62 33 -4 -28 38 -36 9 -13
22 -46 15 -17 -61 -14 32 -32 46 8 13 -68 -9 -12 58 -15 -30 -15 18 -25 32 2 -25 32 -9 29 0 31 10 -47 -29 34 15 -21 51 -48 -12 47 19 64 71 -25 25 47 18 13 -60 29 36 -4 -43 -30 41 -21 46 -26 19 16 -28 -28 2 -108 22 49
-53 64 -24 -58 -4 46 -46 44 38 -23 1 28 13 -8 3 -39 -28 -36 17 3 40 -26 15 -2 20 75 -84 -24 -1 -26 57 -37 9 -15 -22 4 53 -45 42 -28 21 -2 -7 29 -20 -18 -51 29 6 68 -12 -14 -50 55 80 -87 -23 -38 -10 21 7 7 9 2
-22 -82 20 -11 34 11 -51 -64 -97 -66 30 2 -4 -4 -3 17 6 39 42 8 23 -28 -52 -38 -16 -14 -16 -59 -15 24 -21 46 -11 -6 40 14 -31 23 -2 -59 3 -37 -2 23 57 -5 18 0 -76 -2 -14 -58 -19 37 0 27 -4 3 -36 -34 -33 64 -11 6
24 -24 -22 -12 -3 15 36 -40 -17 58 5 -44 51 -18 -89 43 -10 -16 -26 -28 -37 -19 17 -2 -6 -24 -27 29 -8 -4 59 -37 -52 3 -84 11 32 15 -2 51 26 35 36 43 -4 -30 44 -20 36 -50 5 -4 0 57 -11 2 71 -49 -36 18 11 -45 -30 3
-39 -10 43 55 36 39 -50 -6 52 14 11 21 42 -13 -65 -55 -12 -41 -45 15 -8 32 -88 -48 13 22 -4 41 -11 11 5 -28 -29 -39 -32 9 -10 -8 10 -9 -14 -6 11 11 -59 -22 30 9 -84 3 -48 12 1 16 -55 23 51 38 41 20 -30 -11 -50 23
-29 17 67 -52 47 20 -29 -15 43 47 -22 -29 0 -15 44 57 9 -6 8 -55 8 48 12 -54 4 16 30 40 -17 44 -26 27 30 -26 -32 -9 23 -26 -2 -23 -34 50 -7 12 16 -81 49 54 105 18 67 -3 -43 32 -28 1 35 -64 -1 -8 37 -47 -112 -35
8 -48 7 36 47 42 -12 45 32 62 -22 44 33 -63 27 -59 10 15 -60 2 -45 49 4 -41 7 3 -14 53 -30 -39 -23 -19 -57 9 -84 -39 52 5 -45 -31 0 7 -121 -21 31 -11 91 13 10 15 -56 30 -24 -9 25 34 58 37 -13 -95 -14 31 0 -4
52 -37 7 -45 40 10 1 -1 2 0 -17 -25 14 -47 43 -8 6 -23 10 6 27 38 30 -7 11 -28 -57 2 17 39 22 -68 -27 0 -1 7 7 48 -19 -33 -11 -25 -29 16 -12 -19 -6 -40 3 49 -23 -29 109 -14 -12 6 -12 18 -32 47 -17 -50 -22 16
-30 9 55 -9 -42 8 118 85 11 -94 43 14 -9 27 2 43 7 0 16 6 5 -24 -22 10 -24 37 118 21 -89 14 -48 -74 -63 45 7 -27 -27 -43 -3 64 -35 -42 6 43 12 7 -20 -33 21 48 -14 25 17 21 -4 9 39 -21 31 26 10 60 -41 18
53 27 24 11 38 -13 33 3 -8 -9 -26 -31 -68 -23 0 -20 -78 22 26 -35 7 -2 -5 -64 -12 39 26 36 -22 17 -6 72 -27 51 30 63 -82 25 46 6 -15 45 -7 18 15 38 28 -30 40 -21 -17 3 16 -54 46 9 51 -29 33 5 -107 7 42 24
-1 25 -9 67 -27 -1 -30 -23 -34 50 51 13 54 8 2 7 0 3 -25 16 20 0 19 0 -39 -21 33 -10 25 -23 -8 -21 -31 -50 0 28 -22 -23 50 -50 26 -50 -60 -95 108 34 -16 -67 41 19 38 -31 -51 12 11 -38 9 -20 62 39 27 12 17 47
17 26 -67 32 21 28 -34 0 -17 -56 -23 68 7 16 8 41 -3 36 -39 28 -73 -48 -44 13 -33 44 1 37 91 -23 -10 56 22 33 -13 6 -64 -26 0 80 69 -12 12 -4 14 18 -23 33 40 -13 41 -57 -5 -12 -42 -8 -10 -51 43 -36 8 40 12 17
46 13 25 16 0 7 17 -24 -48 -32 -17 8 -59 -70 -2 25 12 -2 46 -7 58 43 -62 3 75 -36 -71 -2 36 16 28 10 -26 -33 58 91 -4 17 -18 11 -13 -9 37 58 6 -33 17 28 -1 -45 54 -43 56 -22 32 5 -8 12 45 -10 9 -22 -35 21
14 7 -14 30 -12 -30 -31 -22 -5 -43 8 18 -26 46 -35 -5 75 -12 -64 2 -32 39 22 55 -41 -38 -24 59 64 -6 5 -26 29 39 -3 9 -21 20 -14 68 29 -12 -5 32 -55 -11 -33 -63 29 40 -36 33 41 -23 26 58 59 -52 -41 24 -3 25 -31 48
13 -9 17 28 46 -12 -74 -11 -7 -42 56 -3 16 -9 5 55 34 50 -16 -42 59 17 1 26 39 30 46 34 -8 -19 -17 23 -12 2 66 15 -17 97 -27 -13 15 -20 20 -19 29 16 68 -45 -13 -23 -27 16 62 4 -4 33 8 -34 -20 -12 17 -32 -18 -34
25 25 3 -56 51 -15 3 -46 -19 3 -18 9 -64 -44 -17 -3 23 43 -48 9 67 16 8 5 -9 21 -58 3 -2 40 36 -8 44 -52 -36 67 58 3 -19 27 67 49 14 28 4 -24 -12 -31 -24 12 22 -26 -7 -98 -65 -54 0 29 -107 -2 -8 -24 46 32
-15 51 -11 33 -14 -13 7 28 -89 25 -46 -32 -11 -23 30 -9 -4 5 17 -32 -33 -69 18 28 11 18 12 16 -23 87 45 -46 -16 40 -8 -33 14 -13 48 22 -8 -53 -11 62 12 12 -28 -10 -5 -19 -18 11 -93 68 17 -77 -70 11 -24 -47 23 -66 -31 -22
40 -9 -13 81 -15 63 39 50 -14 -16 -35 -13 69 -29 -81 22 58 13 21 6 -77 10 -9 56 -29 12 -68 -6 -8 51 -8 -23 -7 -31 -8 11 -39 -35 -34 100 -55 19 -37 32 20 19 25 74 -5 -38 -32 40 32 -13 -20 4 -31 -17 -68 -21 16 -1 -9 72
-27 9 82 19 10 -15 21 67 -53 26 26 14 -13 -23 -46 29 39 28 42 -19 -3 -46 37 -32 29 -4 45 -79 70 -6 52 1 20 -6 11 -13 -22 25 14 -8 50 41 89 13 35 43 -52 3 3 32 39 1 50 -6 25 23 44 -45 1 6 62 10 9 46
-20 -15 -30 -8 -23 6 11 19 -29 38 -16 6 5 7 -42 12 -43 9 -35 58 -81 -14 -21 -8 -7 66 -78 43 16 -23 -19 9 -58 -26 1 20 -20 -24 26 76 22 11 -34 -23 17 -28 -10 -5 1 -52 -2 -49 -18 -40 -24 12 -30 38 -55 -5 33 -11 14 -18
38 -10 5 0 25 -58 31 35 -11 17 -20 -77 -23 5 -14 67 -16 -52 -39 47 -17 -25 -36 11 14 46 -67 -18 -87 -2 5 -28 -25 -19 3 -32 13 -7 0 60 -31 -34 -38 -6 28 -12 -53 -9 -59 16 3 -8 -20 66 -53 67 2 -1 54 12 30 51 -47 -74
-5 -45 30 31 13 -21 -24 -17 9 28 58 54 33 -24 -42 52 -77 18 -60 21 -32 -24 -9 -13 -26 -27 -24 -23 -29 -108 19 -49 -15 -1 -33 2 -45 -32 5 16 5 -42 -32 -72 -69 -14 -20 59 7 -20 19 -35 -46 14 14 -6 -15 28 -17 -36 0 38 75 11
-12 -31 20 21 0 -62 -8 45 35 -7 -60 -3 -17 -42 28 -3 -19 -21 24 -3 -62 12 16 36 26 -28 -1 43 0 17 -41 39 20 27 -6 -8 -51 -43 -39 -1 18 2 14 4 -8 51 -37 41 -48 9 -6 -21 -76 9 22 -36 0 7 -42 -5 24 -42 1 7
15 -11 40 24 -20 18 49 -23 -13 16 18 30 -22 40 16 -6 22 -4 -36 16 -25 -19 -5 -1 3 10 6 -3 41 -27 75 -15 -9 5 -3 -66 -44 4 -55 41 19 30 -21 -70 -39 -24 -36 -25 41 -2 7 10 -45 25 39 -11 -37 -57 -27 26 32 44 -27 78
36 29 -6 2 -13 0 -54 -43 -23 6 21 -54 22 19 -32 -70 -23 64 12 -30 -44 51 -7 10 23 -32 -51 -2 -28 -26 43 27 51 15 -19 -27 26 -34 -36 -37 12 19 11 -51 16 -32 3 39 -42 -42 34 2 -4 -11 22 -36 -39 -39 43 -12 -17 1 54 17
33 -44 16 -26 -68 21 -22 43 -60 -10 44 -32 -10 3 17 -11 -35 -48 94 -18 -54 -39 -10 -4 -28 -42 40 -19 -1 -3 -28 -25 40 33 -23 -20 -37 14 -2 7 4 -44 35 -78 9 -39 28 -10 -39 1 -70 24 67 -5 2 20 2 -15 44 29 -30 -13 11 16
-42 1 -45 78 10 57 -32 -8 21 48 14 47 -3 55 -42 26 7 -1 -9 83 9 40 -16 27 12 -46 -49 10 -36 40 73 15 20 24 92 49 -4 -1 -71 24 -71 14 88 20 6 19 18 31 45 58 -18 88 -67 -64 -1 -33 -5 16 -22 -30 16 4 -9 -29
13 1 3 0 73 -27 38 -41 -43 -31 37 -48 12 37 -29 -11 12 42 -2 31 27 -55 18 5 -35 45 59 15 77 0 82 -29 46 18 17 -17 16 18 21 -57 -25 7 75 18 -53 18 13 -26 26 -85 -74 21 42 32 -45 -33 -32 2 -2 47 -20 54 -15 -4
-13 43 30 6 81 21 -59 -42 33 -42 -117 -27 -18 -7 23 7 20 33 -26 10 21 -32 -5 -42 31 20 8 -81 -50 -26 2 48 -7 -17 5 36 -123 52 6 4 -30 88 56 26 56 -44 10 -26 -54 58 -40 -4 -3 -20 -12 58 9 43 30 -5 19 0 49 54
-40 18 -7 1 49 19 -38 7 -44 21 62 -32 36 48 31 38 -38 19 5 -49 44 -21 26 30 -10 10 -9 -10 30 -18 76 -29 29 -36 14 -15 -13 100 -52 11 -10 -3 -3 -18 -10 -17 -36 50 18 -2 36 -67 -27 16 -3 -2 44 22 4 -11 -5 -53 17 -47
-1 43 54 -2 38 62 23 12 52 13 70 -64 51 69 -30 -10 28 23 14 -44 -92 33 -39 12 36 -41 4 -31 43 -38 27 67 51 3 -7 3 -47 -13 81 -6 -11 0 37 -9 49 33 49 31 12 35 31 -68 21 25 -5 47 27 -22 -4 -51 23 32 7 -9
