-8 -25 -98 34 29 106 41 -42 53 -68 21 38 -72 -40 38 4 -62 7 -70 8 -13 -60 -83 44 41 -78 -15 120 93 -80 119 11 56 87 101 80 -94 56 0 118 -110 -97 51 124 63 29 5 111 -32 63 17 93 -82 -83 99 -69 122 -128 30 -75 -68 46 -52 2
-117 102 83 -74 -115 14 -91 7 114 12 5 -111 91 -123 9 -100 -75 -70 -77 116 89 49 69 57 -25 65 63 -50 -7 47 -92 -116 104 -8 -48 -88 48 104 66 72 123 8 111 24 -87 -13 126 -126 -87 -43 -7 -34 97 68 58 -11 -40 60 -4 -72 -105 -20 91 75
77 124 53 -120 -4 92 62 5 -12 -76 29 30 -95 121 -3 -109 -25 32 -20 -87 -70 -52 74 -108 72 -37 -4 -34 -22 -23 -71 -15 76 65 -8 -5 40 81 59 -63 -117 -70 -94 77 71 -7 52 107 113 122 85 -111 -66 -127 60 -19 -75 -105 49 -38 -12 -55 2 -29
-29 -53 -59 12 -51 -33 19 -120 -59 83 35 87 89 30 66 -80 -17 -4 -67 -57 66 70 -100 12 -106 -104 -125 34 78 29 36 -41 25 -25 88 -91 7 -95 85 3 83 84 -55 -7 -89 -115 -60 88 -111 -4 -24 -27 -118 12 -28 -91 -13 52 -74 76 83 103 -128 81
-7 -39 -65 17 59 -10 -28 -15 4 -56 53 46 -20 121 -124 28 21 40 -97 -28 -15 -107 -84 -11 -93 70 97 48 -52 -126 2 -128 -14 -20 -27 -71 -110 -41 -9 -128 76 -48 -59 -6 28 -92 24 -101 -118 -92 -81 48 -24 -25 -29 -69 27 -54 48 -46 -32 -11 -32 -24
-51 -53 -41 -76 -114 -89 -67 -15 -38 13 -49 -94 -46 13 120 56 12 -44 104 6 112 -56 -85 113 -54 0 -45 -12 90 -86 32 -89 -3 32 5 40 54 -76 -30 -76 -48 65 -7 -8 9 109 1 35 -100 92 121 -31 -94 -5 -120 15 -106 -89 30 -19 -49 79 31 -76
-15 107 14 120 46 -78 -37 -39 120 -31 -127 100 -94 0 -115 -30 -63 -119 -80 -25 -49 123 120 97 -54 41 3 -8 -67 -128 -16 85 14 -125 40 35 -26 -116 -46 30 -4 3 13 -66 -84 108 84 -34 24 -68 -34 45 -29 -102 -81 -66 1 62 -61 34 -115 -56 -91 96
-114 -112 -58 -67 -84 -110 122 79 -91 -99 -35 -8 89 -41 -114 26 4 26 -49 102 -2 125 -5 125 -115 -17 6 -26 -12 84 -48 100 46 10 -116 -83 101 69 61 63 -92 24 68 -98 123 -104 -53 19 103 121 -81 -55 -32 -126 -87 17 39 -101 -97 98 -1 -94 39 -81
19 -119 -17 -13 106 123 -41 67 127 77 -41 52 -121 108 106 34 -127 -7 59 -117 -82 -71 26 -21 113 42 79 54 55 57 -98 -79 12 116 -18 -105 -82 -76 -27 -60 66 18 116 -64 52 11 82 100 -6 -20 -114 115 87 60 79 -44 -87 -90 -110 88 -88 -121 45 80
8 -112 -116 33 -65 -110 -25 -53 102 102 58 85 -113 -31 -123 -2 57 -98 -121 -61 -88 31 27 51 -43 -2 48 97 74 37 51 121 -69 1 48 66 3 -125 -62 75 -55 39 -38 42 -105 -126 112 96 -84 64 -90 -119 -46 -20 -110 -36 -92 -16 -97 -68 -49 -71 16 83
108 -11 7 -34 25 62 -80 -73 -120 77 -69 0 -121 38 69 -61 -81 -25 -108 -92 -121 -106 121 -35 127 5 -89 -60 108 16 -77 70 57 -13 -103 4 -35 105 -5 127 -37 -92 -109 -19 115 -127 5 111 65 118 -31 120 -32 -28 -4 63 -29 12 -87 107 9 -24 -17 101
119 116 -56 44 123 -118 -97 -47 47 92 -83 -122 -34 -38 -62 -36 46 -127 -51 72 -80 -64 60 -50 -12 -40 -127 20 -11 45 -39 -20 0 -70 -126 -53 -55 63 -55 31 -86 -41 -30 -49 -123 -20 -12 -52 76 -119 88 -75 -80 27 -27 -46 -95 69 52 1 -80 -80 110 114
82 43 48 103 -32 -69 84 35 73 -127 93 125 -38 55 27 43 58 -18 33 78 -12 103 73 75 -73 60 73 -79 -33 121 30 -108 127 -83 66 9 17 80 -6 92 42 24 3 73 95 -28 71 -3 -95 -81 -24 79 63 -116 -1 -52 120 -77 -109 86 -95 29 114 39
-85 91 -67 -12 84 36 -6 -94 55 55 25 59 -56 48 119 68 -108 -20 -32 -98 -112 50 -50 71 114 30 -110 -96 -6 -77 48 31 -84 -66 52 -28 80 4 21 -25 -77 58 -125 90 11 -36 115 18 34 -120 -45 -33 31 14 -16 57 26 43 -68 30 73 28 -91 99
60 -101 -66 -26 67 96 46 88 -24 -72 87 -95 122 -54 -11 127 68 -23 -69 -113 -62 -124 45 48 -117 -44 127 118 -17 18 40 124 24 57 108 -19 4 -110 77 -68 -3 91 -94 -123 -34 58 82 98 -12 -15 116 -31 66 122 -26 -109 -58 -122 27 60 105 -92 -15 -107
89 -95 97 77 -8 33 -122 56 69 -86 -50 16 39 97 49 9 -114 -13 -87 -62 -77 94 77 93 -99 48 -39 29 120 38 42 -98 -73 62 -53 -76 89 78 6 50 77 -63 91 26 88 94 -47 64 -3 41 108 63 0 -10 37 -103 13 59 -126 -34 103 109 -107 15
-41 57 -62 -10 20 38 -100 -75 78 -61 -7 -5 -35 -18 -72 -4 61 78 19 -95 104 -77 94 -104 30 -31 -56 106 -46 -67 -102 -112 -84 -110 54 -108 -39 0 -65 -99 -111 -60 -20 -74 -123 54 -120 33 24 -6 -117 111 -72 -95 21 77 0 105 43 6 125 44 -12 -53
-54 -25 101 -70 52 -87 47 60 -62 47 -74 -119 80 91 -2 21 -94 -64 98 102 17 35 113 -19 78 -2 -34 -111 43 45 -61 56 22 -53 63 -22 90 -24 33 105 74 -59 80 55 -123 123 11 -87 82 5 -55 -57 42 127 -126 24 -118 114 50 -119 44 -46 44 -109
-40 112 60 21 117 -104 -28 -51 -126 -94 99 98 13 3 26 -101 111 89 108 109 31 55 64 80 -49 -8 19 99 91 -34 -80 117 41 -21 -47 84 -49 98 68 77 57 65 -12 44 25 -108 36 4 -26 87 45 18 127 90 74 118 18 47 -48 59 -73 108 -103 -47
85 20 77 -25 -12 -101 -34 24 31 -69 55 64 -81 -44 2 -92 56 6 9 -121 124 36 -53 -106 -98 -110 2 -77 118 89 -66 -109 -115 47 -58 71 79 -16 40 -24 80 -108 59 3 59 -27 -16 107 59 -89 55 -55 47 -40 96 106 116 18 66 20 -89 -96 110 40
-16 45 106 -79 -82 -35 30 -100 126 -92 -40 -65 20 46 -73 47 118 41 44 -10 -80 -65 53 99 -83 -45 -11 51 97 29 100 122 118 97 49 101 -123 18 -28 127 -65 -86 43 -48 -9 -33 121 92 46 -98 12 -54 -98 46 -74 80 79 92 -5 57 -123 34 -14 123
-84 76 -84 67 71 97 -67 -27 38 81 -25 -96 -90 34 -18 -59 109 57 91 -25 -95 39 -27 -63 -111 83 -78 -27 -46 -42 106 40 12 -88 32 -10 68 -61 28 59 93 -118 -3 4 -88 6 99 -107 -62 52 54 72 -101 8 43 -14 -15 105 113 34 86 1 -1 39
64 -22 -48 -52 -125 -68 121 2 -47 -66 21 51 106 -62 54 -3 -57 14 -49 -77 20 -58 -74 -86 59 -81 20 59 53 -50 -20 72 -51 127 -27 -97 -23 26 96 -55 -54 -70 -63 -67 -93 10 22 48 -57 11 -53 -84 13 -42 -99 -6 -92 -2 44 56 -81 39 -8 -14
74 -113 -72 -57 -40 -89 -7 16 -41 -31 -63 -4 -84 -100 -5 100 -127 18 52 -61 -119 87 -121 50 -36 -121 -88 -42 68 -111 25 70 108 26 78 92 -73 69 27 91 -124 -128 57 13 43 6 4 -15 -56 -3 -101 97 70 -114 -118 33 -47 -82 38 17 33 -72 104 76
16 64 49 -51 20 -127 50 14 -45 -49 -42 108 125 -46 74 -62 -20 -36 -125 -75 -57 -105 -57 -8 12 11 99 -49 67 -84 13 -102 -61 -59 28 126 63 39 126 61 -84 -84 -88 -69 -11 49 81 -79 -69 58 4 -59 -88 -81 -124 26 90 7 5 -87 -102 -111 96 -119
89 61 22 105 43 39 92 24 -62 -91 86 -105 -66 75 -2 51 51 64 114 20 -107 15 65 -125 3 16 4 4 -17 -72 -127 -42 73 -93 -117 -94 40 -39 17 -31 54 99 -124 -22 -86 -16 -128 17 34 88 -26 -118 -18 36 -43 58 90 -30 -99 3 -97 67 2 -38
17 85 -91 -86 127 97 47 -60 -82 -127 -97 -82 -52 -18 117 -58 -94 -92 -106 -102 -87 49 -123 101 88 79 -35 58 21 31 -68 -123 98 -75 -111 -41 5 37 117 16 22 94 -92 62 73 6 40 14 60 -2 -21 -51 12 92 -72 -78 66 -49 -61 -51 71 110 3 43
96 -109 101 -61 84 59 118 -8 -116 -53 117 66 -20 -29 63 -28 90 -120 -84 -46 82 -19 -34 39 118 6 78 -72 -118 95 -102 -103 100 -18 72 36 -25 63 -59 -1 51 -56 46 100 -60 96 82 3 -104 80 -46 103 112 -22 -111 22 38 -98 19 124 -18 111 117 37
8 -71 56 37 -85 -128 83 58 66 68 38 -95 18 46 -14 73 54 -108 116 -120 -102 84 34 -114 -45 45 63 -9 -4 122 2 109 -18 -70 44 5 -39 -91 15 82 48 59 12 -126 68 -5 51 112 86 -81 61 -50 -12 10 103 -39 -109 -124 -113 39 -76 -58 -12 107
112 -17 62 22 -114 85 124 -105 -128 43 -52 -117 -66 57 108 -110 92 24 -4 120 113 -67 -108 -28 -66 -120 -40 20 -125 -20 124 -32 32 -84 16 50 -116 124 -87 66 -70 67 8 -58 100 -80 -19 -82 36 -76 -60 -7 99 -1 -33 26 -98 -58 -47 53 46 -67 -18 -49
-8 -15 112 -43 21 -41 -13 47 75 -13 -52 -121 74 95 -67 -88 -61 -16 -72 31 -42 -26 48 114 24 -63 -52 -91 62 -39 61 -54 -34 127 14 57 -41 76 -59 -2 83 95 0 16 10 -116 21 49 89 55 31 54 106 -54 -109 -17 -67 -61 104 35 48 -78 -7 -22
9 91 -40 -114 -8 28 4 -103 -123 -17 71 -32 -70 58 90 6 35 -110 99 -82 -94 -40 -58 -97 -127 18 -70 -46 79 37 46 -124 -10 87 -62 -127 -64 53 77 -64 112 -60 108 -89 88 -7 -19 51 -82 -115 -45 -1 44 -38 -104 119 88 32 123 -40 11 82 43 -117
116 -109 -67 -88 -19 -110 -50 -38 113 113 126 123 -119 42 -48 -102 -111 79 -110 52 103 63 -45 -35 12 -14 -84 -4 -17 40 -74 59 60 -85 31 -24 -23 -55 19 -113 125 -115 -46 -25 25 112 67 21 34 -24 4 33 108 71 111 41 -82 -103 41 -24 59 117 -16 94
119 -51 -102 9 37 -86 49 -62 38 -94 -8 -9 -15 14 -95 127 -28 7 -7 28 -96 90 11 -60 109 46 -31 102 -17 -34 -53 4 -122 -81 9 54 -111 -82 36 109 78 120 -36 73 -37 65 18 100 -92 -75 -53 95 -124 -1 24 92 54 -15 -122 0 54 73 -52 52
-62 -41 -1 127 102 15 25 24 38 -27 12 -87 100 -99 24 -59 92 60 -69 121 -62 12 -52 -39 -16 82 87 -53 109 -56 5 -58 -19 -20 -44 50 -33 57 -123 -28 -88 -62 65 27 58 -31 71 -125 96 53 -60 -93 -102 17 -35 13 35 110 80 117 127 -74 75 89
94 -105 -39 74 -73 -112 2 16 -31 -20 -14 -9 -83 -10 -120 4 -128 67 -45 68 -64 -98 -75 -22 -13 -87 70 -5 84 60 -90 -119 -124 127 -21 63 -29 35 -104 112 -128 -122 21 25 84 87 104 118 -106 -73 -2 -37 -96 34 44 -53 21 -23 -53 122 -94 87 -118 -44
-26 25 -79 111 79 -45 80 -6 -83 78 94 0 -54 112 -94 -69 -29 110 83 -67 -80 -51 -55 4 117 93 84 78 -106 11 -60 -94 -78 -86 -69 126 85 -71 25 -12 -105 -124 -96 -79 -113 103 18 -24 54 7 -9 39 -19 -81 101 -65 110 -23 -113 76 -1 -92 98 -22
84 121 -104 -116 23 -81 -73 117 -117 19 65 26 -127 -55 14 -5 -71 -14 91 -29 121 108 28 68 109 -122 -74 -19 88 80 27 -10 114 10 -10 80 61 108 114 47 -79 -16 11 68 79 -39 54 40 -1 -16 -74 -73 -4 -104 -68 23 -121 125 -66 29 -27 124 -71 29
55 95 -111 9 84 32 -55 -30 47 -116 -9 -7 -10 -39 16 90 -48 73 91 -23 47 -114 -123 -58 -123 -51 57 -95 44 -65 -49 -44 -31 120 86 -102 -43 114 53 -3 -35 -122 23 109 -31 -55 10 108 -67 -100 80 -29 -48 -88 46 -69 -25 117 -81 -110 -102 -54 -122 76
24 56 -128 -62 -94 84 -78 -73 -37 -87 81 2 59 -104 -11 -52 15 27 118 62 -119 51 -86 74 -125 104 -115 -96 100 -88 -44 119 -35 17 87 -46 67 118 -9 -20 75 -106 52 -96 48 -101 -68 -57 -106 13 16 -27 -61 -113 59 49 -26 -26 -52 117 95 29 4 76
-94 -87 15 -7 -124 41 -93 71 117 -76 -114 100 -23 -124 -16 -67 25 64 25 -119 86 37 61 95 -124 52 39 108 45 17 43 -10 -96 -76 -95 -71 -77 -87 -116 4 -13 -23 106 -6 -85 -42 62 -47 14 -18 -38 -40 10 66 53 -50 -69 20 -44 -80 -11 -37 126 20
-128 -111 66 44 -18 96 56 -39 94 -103 78 -70 -15 25 101 115 70 107 -23 26 -62 114 122 119 -38 -102 78 -119 -19 -30 124 68 49 1 28 -24 54 14 -20 -51 99 122 -51 18 25 42 113 -29 -55 -101 -6 -90 14 33 -20 -104 125 65 65 -100 20 104 -127 124
-27 28 -71 -73 83 45 -78 27 -9 118 111 -111 19 -126 80 -11 111 -27 20 89 99 -93 111 20 39 -81 75 119 8 -1 -99 -100 -64 -8 33 -15 -83 80 -12 116 46 -53 -25 -125 -7 4 -81 -34 36 -66 119 10 -9 80 94 83 57 97 -26 111 69 -63 -46 -119
-89 81 -63 -75 -48 -94 -32 -113 127 4 95 -44 39 0 84 -65 -110 -27 -95 -21 92 -40 78 -79 -87 12 -57 121 120 109 -67 -37 -18 110 7 55 -33 -67 94 -40 -58 -44 -84 124 -32 -10 -1 -88 29 -72 -6 115 47 66 45 -102 -34 122 57 112 20 104 -32 112
76 114 59 -35 -5 -74 40 -58 -49 -2 -120 62 111 -120 -100 -32 102 -66 125 -52 -21 81 75 -23 -45 66 97 -38 -87 -90 -44 -100 68 -82 -77 89 66 -18 79 99 -66 70 91 12 69 69 18 31 46 -127 -108 112 55 -70 -20 33 44 -108 -59 18 48 3 -96 -118
-3 35 -58 -58 -99 -95 96 -121 31 -73 23 108 -28 -60 -17 -94 97 82 -45 43 88 78 103 14 12 116 -24 42 -101 -24 42 32 -107 20 115 76 1 -128 -95 5 -42 -123 101 -64 55 108 9 -78 -126 30 -82 104 -61 2 -69 114 79 -56 119 -108 67 108 -85 -1
19 -16 6 70 51 112 -104 -67 70 -45 33 73 68 120 -80 62 4 100 -58 -81 6 41 -12 53 56 -46 33 14 46 95 -8 80 107 -76 49 -7 91 45 -82 -14 62 -94 -52 42 104 6 113 -57 5 72 -89 123 53 -122 -100 -62 76 35 -106 58 73 -43 -51 -34
-99 9 126 -34 118 -98 -104 75 17 45 -93 78 24 -63 48 -1 -104 -60 -17 -66 -102 -70 62 -119 -8 100 -111 -76 56 -24 47 0 -77 52 23 110 116 99 -28 43 -28 -38 -17 82 78 -76 17 43 -9 -21 7 61 40 -2 -70 124 -73 -95 81 34 -127 105 106 -88
77 121 7 61 -28 108 37 -35 -47 53 88 110 -81 -14 54 97 -45 -13 40 -2 -116 -11 49 1 13 -99 42 -45 109 -44 -5 -44 7 126 -5 -12 63 95 26 77 -29 -4 -91 123 -90 -13 59 -35 -40 -117 -113 10 97 64 -126 98 92 -5 -2 49 -100 23 -41 95
-114 -3 121 -115 -82 103 -103 115 -115 -90 52 16 -118 22 -19 4 39 3 -30 -81 -57 62 -79 -95 83 -31 -22 -70 69 104 78 11 104 36 -13 -58 21 62 -106 46 -78 113 -36 75 45 5 77 -126 -25 50 25 -69 -55 25 -11 45 -14 -54 -36 -89 -89 -12 0 66
31 8 -11 -124 -69 -128 -50 95 52 -20 26 -71 82 124 -104 -19 5 123 113 -84 -18 20 18 121 60 75 -55 -95 6 107 63 -36 19 114 37 48 12 -73 48 28 54 -38 75 23 -41 86 110 -49 -107 104 127 6 -6 -92 -109 -105 -97 20 14 -86 -75 -76 -97 -73
-29 18 93 30 17 60 42 1 119 -8 -106 79 23 113 -22 86 -76 -56 -96 104 21 25 57 89 89 -85 41 99 0 93 -121 120 -26 48 61 46 50 -111 15 97 -118 117 4 -119 122 124 97 85 84 69 111 -13 -33 -97 0 -39 97 10 -74 94 82 -88 43 14
-81 65 -89 124 -51 3 -4 -85 15 -18 46 -15 -28 -108 -10 -124 -106 -83 58 5 33 115 -54 -5 121 105 99 -122 -98 -16 -88 -66 121 -110 47 13 13 105 -59 119 -49 -73 11 49 80 86 19 109 -66 98 -69 -98 50 -10 102 88 29 -18 -29 90 114 11 -124 -44
-26 13 -93 12 -104 41 78 105 122 25 -106 99 -113 -24 -72 88 -47 -44 89 107 56 -15 -104 0 -40 -26 -71 32 11 -9 19 -56 -66 -112 -28 -32 65 -50 69 51 82 -117 -108 -18 -8 97 -128 -108 92 73 -60 81 37 58 127 -6 14 48 106 35 103 28 126 -1
119 11 -99 26 -102 -47 -87 -11 80 108 -37 125 -48 -105 116 117 88 -110 -100 4 -76 57 -58 -5 118 17 -58 -121 -109 -44 -34 -101 -63 -54 -92 -95 92 44 -35 -81 20 123 25 66 -66 56 -4 14 96 92 73 -117 53 53 -14 6 66 113 78 8 33 13 10 68
-65 5 -114 -125 -71 35 -53 -10 84 -38 -49 115 43 -5 36 -63 -127 -56 51 -85 -67 -35 -14 -89 89 19 -68 -30 -40 43 50 -47 34 -58 83 -94 -115 -100 1 71 -81 -111 2 121 -25 26 -114 -29 -83 -30 -116 -80 -4 95 2 65 40 -45 32 29 100 -94 34 106
-41 -127 71 -128 43 -7 -1 -72 -124 25 -3 -114 2 26 -41 12 54 -61 -30 -57 -127 85 88 86 -110 81 13 121 73 29 -32 30 -15 -12 72 -92 121 -46 93 -69 -86 -44 122 -85 -111 -29 51 -13 84 110 -43 -113 113 82 -115 61 54 2 4 8 -41 -95 -68 -26
100 -30 -4 102 -49 105 55 19 -51 -12 -76 -46 -98 40 110 52 -37 42 21 1 -77 87 17 122 52 23 -47 -10 40 -5 -66 -127 -82 -87 10 -60 56 36 -41 14 -97 -23 -87 103 -9 1 -22 -118 84 -37 26 -119 46 1 -48 -79 54 -72 57 76 -42 108 72 115
123 -44 -48 48 53 42 87 -74 -35 -34 120 32 -7 43 -17 16 69 -76 -32 -3 -114 112 40 61 -10 -78 -13 13 -85 106 54 36 -4 -17 100 -55 83 -34 104 52 76 -50 -97 45 55 127 -119 33 35 94 87 34 107 -53 52 81 108 -22 -33 93 -108 -6 99 118
-44 -76 107 39 101 31 -121 31 -58 95 50 70 72 99 62 -89 66 48 124 -66 -105 -105 -31 -51 -8 -41 20 118 -38 -20 -100 -90 10 -68 -72 -31 61 -127 -102 12 58 20 94 14 27 -83 -1 -25 -85 88 27 66 18 9 5 60 -114 62 -49 -120 35 100 -49 104
-50 99 89 11 -19 117 106 -75 -88 4 -55 -63 -13 90 32 51 5 54 94 2 -41 -70 -15 124 74 101 77 -96 -22 1 -126 -32 -84 -114 34 -51 -6 120 -1 57 0 -27 -51 118 -11 39 -117 40 77 -35 15 -80 1 50 109 90 13 67 6 -126 58 -16 -81 18
95 70 101 -109 81 -9 42 -115 57 -83 5 -84 110 61 63 -70 -54 57 26 73 -21 107 -76 5 16 84 51 -98 -128 -87 -60 -73 106 -32 97 111 98 -63 -100 60 88 104 88 48 -5 -32 -50 -76 85 -4 -65 77 -70 100 114 -99 13 -85 26 62 5 -34 -121 -122
-107 -59 81 -87 -114 -80 57 -19 -72 -30 21 103 1 52 -56 64 -110 -22 -38 -18 -53 -31 61 29 114 -69 -54 97 -104 -90 32 -100 85 -7 -71 -114 31 93 119 13 97 87 82 -116 -30 60 120 85 -24 100 90 -93 43 67 -7 73 -60 -52 -4 76 66 79 -126 44
-2 -42 68 122 113 -78 127 -112 -4 -113 -34 -57 122 -31 -33 28 122 -56 -122 118 66 87 -35 -106 -47 34 50 -116 -94 116 77 -70 -79 -82 -78 69 -113 46 123 60 -74 -85 -84 -66 117 124 -107 -55 83 -44 -115 -103 31 67 -65 -84 52 -80 32 -92 -110 46 -16 97
-42 -80 -56 99 -73 21 -31 -18 26 -102 105 -27 -3 -23 63 -93 66 -31 98 104 79 43 -87 -69 97 93 31 -106 48 2 -31 -116 81 -34 -3 7 20 83 -121 -74 -61 54 23 14 111 64 -46 -57 -81 -22 83 126 18 -6 -8 60 -70 51 25 78 114 -78 103 -8
-19 -100 120 -66 30 82 -15 104 -82 -29 13 -41 92 13 125 38 113 -32 -85 74 -84 -1 19 82 113 99 26 40 29 88 -44 -95 -125 -11 5 -38 -67 -112 124 -16 12 32 -86 -21 86 87 10 3 -110 -105 -21 -57 5 90 117 101 66 -111 83 -57 -74 50 -7 -28
67 75 6 -3 -73 -121 -103 110 76 -76 109 -39 28 -47 -127 17 77 -127 -102 23 58 99 34 21 26 76 96 127 60 -19 53 -81 -21 -28 -35 32 -105 -8 114 18 -5 121 -4 122 -99 73 -111 -124 44 88 -13 47 -60 80 -91 -42 -46 -66 114 -44 -89 -79 -49 26
122 97 9 106 94 -86 -125 -55 121 21 76 -2 -41 -112 -51 -19 7 -21 -78 -14 -105 15 6 104 80 -21 -76 118 -26 -103 -56 -112 2 -35 27 100 1 -54 -15 -116 36 61 50 38 122 -94 -78 -15 -116 -37 -22 3 -50 -34 -125 42 3 38 -113 -115 -14 108 55 3
88 -20 -125 118 112 9 -54 -36 56 49 104 66 33 -54 78 -7 -27 127 124 36 -2 107 74 22 45 -114 67 8 -106 48 108 118 -36 -27 -38 121 -111 -29 81 -25 61 12 -34 92 30 -127 -38 -127 126 22 -126 -27 125 40 61 -68 -48 41 -50 -114 -15 -7 -32 77
-110 -34 91 -54 -42 -128 70 5 -114 -96 -75 26 -90 71 -101 -13 -62 -9 121 48 -77 58 -16 -3 -64 20 65 93 5 67 98 -117 -15 8 -19 34 -113 53 16 -126 111 -92 -89 -97 -107 -38 -69 -73 5 -12 -15 5 -2 -114 7 -45 -72 -116 46 120 -96 99 -81 23
-2 -22 32 -10 -29 -35 96 112 116 -120 -110 -5 53 -107 -3 57 116 126 -9 -101 -74 80 -118 47 33 2 -121 120 -96 -6 -16 -109 -87 98 41 52 -72 104 -52 -100 -101 125 -89 62 -73 -28 -119 -30 121 76 -66 38 18 98 -85 -104 63 -71 -115 71 -47 59 125 -6
-107 -67 -22 102 99 -63 -44 -12 -18 -76 19 55 26 7 40 66 60 13 56 122 126 -117 115 -49 16 -70 -121 -38 -117 -65 10 84 23 -59 -52 64 119 78 -15 -123 -109 -101 -31 61 -28 -20 -65 58 94 -68 2 -69 -112 -84 119 -37 -19 -90 -98 112 57 -21 -15 -15
39 -66 114 92 -108 -24 122 -11 -36 59 -73 39 -119 -128 -117 -83 116 -121 71 90 43 -80 -35 -41 -102 103 -127 -124 92 -60 -75 27 46 -38 -60 72 96 84 -7 93 108 -56 27 106 -16 84 39 -36 -98 93 -40 -61 -68 67 19 -58 30 53 108 67 103 -54 -44 79
-20 38 -117 -62 60 104 -93 -16 -117 -38 47 63 -123 -30 92 -19 74 -43 -29 91 79 -119 30 -4 -124 127 -18 -88 120 97 24 112 111 3 47 51 104 123 -13 -105 82 116 -58 -48 -22 97 -119 -74 -111 -57 13 -69 126 76 37 -9 -63 83 109 97 -11 -44 36 -104
-59 -43 -93 77 94 -104 -15 18 -15 -46 -26 -72 44 50 -70 48 25 -38 105 -1 -22 3 2 -70 -110 -111 127 -92 53 -112 84 47 73 -67 -48 -14 18 -8 28 -27 -75 45 -115 -67 -124 -39 11 67 95 -9 75 45 -5 107 -87 -123 47 -55 -44 -117 104 -14 88 25
-114 -26 18 106 68 99 82 -94 63 95 84 4 -53 54 99 -62 114 -73 -90 6 -25 1 45 -67 67 62 77 83 42 109 112 8 6 -7 56 -18 48 -119 -75 7 39 31 -121 -24 91 -99 9 85 -57 -22 -69 -99 -26 30 -39 115 -123 50 44 2 125 -14 -121 67
106 -68 83 88 -117 24 117 78 13 97 -76 118 126 37 -66 -85 57 113 -30 -78 -40 51 112 93 68 -89 46 97 -100 -122 120 -58 37 -95 10 -74 5 -52 124 79 -12 -73 50 56 10 -35 48 -66 -6 106 -58 4 -60 39 40 -2 -108 7 107 47 -102 -84 -125 95
-12 -117 -101 -63 8 34 95 2 38 5 99 20 34 -71 -64 71 -76 40 -108 -30 63 106 -54 -109 21 90 -13 -46 50 52 27 117 123 101 20 4 -128 97 27 57 -17 -103 -99 64 -46 84 110 -91 -113 6 59 -101 -73 -93 7 125 -100 42 13 44 123 -123 6 -110
-38 64 -38 -87 -14 88 76 -9 34 34 -91 -49 -117 26 -15 36 -62 4 -127 -42 -125 24 49 -67 -42 38 122 -53 9 -30 -31 14 76 -91 69 76 98 109 47 -54 -112 48 79 -83 77 -121 18 83 -1 -120 71 -35 -7 98 -12 127 -59 -59 108 -8 100 -63 -97 -97
92 -59 11 62 -107 74 68 112 -96 83 -11 -79 78 43 29 -96 23 -71 32 60 -124 -77 -22 -13 107 70 -81 9 74 -52 101 103 30 3 -58 124 -71 -95 -82 56 115 -74 86 126 -123 -127 14 97 -113 -30 20 -6 -91 -35 11 106 89 -92 62 51 -56 79 -13 0
47 -6 -84 -107 -18 33 -104 112 -117 29 53 -47 -4 92 -8 -77 109 -31 27 93 -81 17 126 -69 27 -99 -102 -49 -51 40 -90 96 -20 59 57 27 43 -15 -13 64 -81 57 -124 -38 -60 111 -12 63 -62 30 -110 -41 -26 58 -6 -99 112 -78 115 -97 -119 126 91 22
52 41 -95 86 76 6 63 -24 111 -104 78 -26 -85 5 100 -100 15 -47 62 -93 -27 -119 87 -67 70 -83 -37 -55 -44 -72 96 -32 -122 -100 -28 -115 76 37 44 9 -89 -5 116 -51 -3 -42 21 -98 71 14 -76 -123 51 32 -90 -38 96 45 98 -102 23 -39 -108 -30
93 76 0 -128 -95 4 -60 -123 117 96 -37 -60 -123 -59 -75 127 72 -70 91 16 -85 66 -77 118 0 -26 15 -47 -128 -111 6 -109 43 78 61 105 -25 76 8 101 101 1 9 -80 69 101 -73 -68 26 -62 90 5 113 0 30 -60 -10 -95 61 99 -13 -112 -113 3
-30 10 27 44 -49 -82 -114 121 72 -82 -2 30 19 120 103 -96 25 102 30 29 66 -22 20 -64 -17 -81 20 99 -34 44 -92 -32 28 100 30 -26 36 -38 -75 75 -121 3 -13 33 -71 -97 15 102 -31 -45 -7 -75 79 62 69 8 -13 -115 -74 -70 35 -15 115 -100
100 122 -27 101 116 21 -75 66 -57 105 -111 -115 -20 -75 39 119 -67 -42 109 -106 -93 -125 -123 -77 82 97 -44 -98 87 85 -66 -45 -17 -66 -29 -29 47 58 -65 73 57 -107 38 -84 91 73 72 -13 0 -75 116 54 -35 65 -121 -84 90 -105 58 -99 122 15 116 79
-16 -87 -10 27 -37 -108 -25 35 -43 38 43 95 -74 -55 88 86 12 -14 75 110 -53 -31 -93 79 -27 126 -6 -93 14 -2 67 -89 -12 91 25 45 109 -112 33 37 -57 -83 70 79 -19 -128 55 -74 16 19 -5 66 31 -94 -1 -111 78 -15 104 -126 110 66 12 -12
119 -65 87 66 -54 -86 -13 -118 77 52 -54 -42 109 -66 69 61 43 -124 30 39 -92 -25 68 -56 110 -51 127 -31 -8 -65 19 29 32 23 -31 -88 -16 -17 55 -7 -12 68 -108 -3 26 81 -110 -12 -109 108 39 28 88 68 23 35 52 -94 -113 11 -91 77 -62 -112
-92 20 -105 40 26 15 -59 56 121 -38 -63 -116 26 -77 -66 -122 11 124 -75 -104 41 81 -41 -71 -9 52 -122 -13 -91 47 85 33 54 -75 42 -78 45 81 -90 16 -116 16 20 -22 -51 -43 82 47 55 -117 -37 78 121 -54 16 -122 -59 -12 18 -63 109 98 -28 9
103 76 88 1 12 -71 94 -112 -22 106 -106 -29 -48 45 53 18 -9 45 0 -109 -14 55 -66 108 -27 55 31 14 60 -116 71 18 6 123 62 -44 -84 -119 -123 -47 36 14 -14 -85 109 2 -90 -117 121 -1 125 50 -95 28 -29 96 126 -111 105 13 -48 -69 -68 -19
99 13 48 69 69 120 -77 -96 -63 121 -62 63 2 -105 -33 86 -111 -58 -65 -59 -35 -100 -43 127 -109 -29 -34 111 42 109 -32 97 38 24 4 -115 -38 -127 55 47 78 99 -101 108 97 52 -7 123 19 42 -55 -73 53 -21 -31 -78 -64 126 -36 17 45 -19 88 6
-90 -79 -25 97 -25 34 -17 49 117 -118 -105 -101 -56 25 -8 39 -78 -9 68 41 121 58 82 -116 74 28 -10 1 106 -74 90 -20 26 55 56 -31 -69 33 -68 -32 -33 -49 56 -99 -3 -90 -55 8 -10 81 -65 13 -25 -21 51 -61 104 -16 -10 90 32 78 0 92
102 10 -59 -1 -43 -50 -89 -6 104 52 -14 68 75 48 3 100 -69 84 58 126 -103 87 6 -34 77 107 50 -119 65 64 -77 106 -10 49 23 -21 -75 -39 -19 -31 -49 -13 -19 -61 100 -63 29 106 -81 -71 -50 108 -90 70 -27 -85 117 -8 56 89 30 -29 97 38
101 34 57 -72 -65 -103 -43 -27 -113 75 -7 26 -41 -42 102 -114 -102 -41 -82 -103 -71 43 -77 -23 -110 -87 123 -98 56 120 -127 -20 97 29 26 78 -79 61 -111 33 9 72 -13 -40 97 95 -101 96 -57 -128 15 -97 -65 -14 -7 14 -87 18 -67 78 39 -53 11 -109
67 59 -46 -41 -36 80 40 -92 5 72 -38 -15 9 8 42 -112 53 80 -26 -41 102 -68 58 111 44 67 92 -48 -41 -99 -85 -32 -34 -125 -128 85 104 -9 -38 63 -104 -8 -86 14 -23 -59 -20 104 -62 -90 66 59 -6 105 -59 -4 20 18 76 -25 -110 45 -111 -72
-61 -122 0 62 -105 -64 93 77 -91 -50 87 35 -114 -67 -85 -100 4 -91 63 -69 -14 36 72 95 99 94 51 75 94 2 72 -8 -37 92 109 -61 17 -68 -101 -6 125 -30 6 59 -55 -55 -63 108 -104 -71 13 -54 -79 21 2 53 84 103 -14 89 13 -78 -107 -26
88 -107 -31 80 -127 70 5 -104 54 -32 37 78 3 -39 8 105 -37 -14 -91 -123 33 21 -87 0 99 26 -88 48 109 72 71 77 117 -2 40 -107 57 -73 -55 48 -14 108 -20 41 -22 -91 96 -38 -106 5 28 -30 -65 25 110 55 -97 61 123 -56 -1 9 66 -23
54 -125 113 126 38 13 59 33 -128 105 75 -1 -12 -83 -49 -64 28 113 -43 -44 -21 -81 74 -105 -79 28 -81 27 86 42 35 111 8 -94 -46 49 -100 1 73 -95 115 103 -70 -75 -11 -105 72 -96 82 110 86 95 -53 54 -31 34 -126 -107 -51 -49 -42 107 -60 114
-18 116 71 -10 89 -44 80 -41 126 12 -20 -79 -77 -108 -12 -28 58 12 47 1 117 73 4 62 117 32 -54 69 -105 56 83 70 -115 -62 94 -81 60 -96 -116 -81 -84 -115 78 92 34 -22 -115 95 -118 -20 -123 66 -45 8 -95 -17 74 -120 39 -47 -122 -1 -104 -113
7 -10 -69 78 64 -72 -29 79 113 -62 0 30 31 -13 -89 -114 -124 61 -41 -56 -68 53 125 90 62 -51 3 -3 -125 121 88 3 -113 -103 -10 17 108 103 -4 63 -26 -48 113 81 48 -39 62 61 15 25 65 -51 -93 8 43 -4 31 89 -84 -42 -6 -29 126 -60
-28 118 34 -64 -61 -128 72 96 -60 -90 26 113 -120 9 123 -52 45 54 -28 38 -115 124 11 44 100 -91 -111 -46 32 55 6 -59 79 112 -110 -88 -48 -32 -51 -48 -62 -113 54 122 115 -38 -37 104 117 -123 58 78 -35 -117 57 77 -61 -32 58 92 -108 118 67 112
51 -18 -10 -100 26 -16 -49 -119 -126 -91 -119 -2 -48 22 -124 48 -127 -23 -87 -93 -34 57 96 -64 29 -109 122 25 -69 75 -87 -12 76 104 -42 -117 -103 -87 -65 -8 98 -106 -61 -127 -114 92 -109 -128 85 29 34 54 32 56 85 -59 48 51 -115 -41 -18 -10 -40 -105
66 68 58 70 -52 82 -128 -39 -115 61 -54 125 20 -25 106 -48 -111 7 54 -21 -44 83 -43 110 20 -91 12 118 26 -65 121 -36 -18 0 -102 68 -67 97 96 14 -8 26 45 48 -125 108 121 -100 -68 -113 -94 -50 -9 -80 -74 22 -77 48 -120 105 116 -56 -45 -31
-85 8 -54 -55 -45 55 -65 57 -32 -128 12 -74 -36 47 -86 3 31 3 -41 -28 -28 83 5 84 116 81 -86 -77 -26 88 34 36 100 -127 -65 72 -106 -23 15 -17 -128 -115 101 -10 -34 -80 30 -83 67 -116 37 -10 -23 -13 -95 88 109 -34 21 29 -2 62 -18 47
54 6 -48 -75 94 -107 0 106 -28 29 -24 -78 -56 -48 -4 -88 93 -49 43 25 -43 -119 19 -116 37 -63 78 70 -58 -79 -82 -40 -81 39 -13 121 101 -99 -65 -44 -6 6 95 -54 83 -104 -39 32 -108 92 29 96 -47 99 -33 -126 34 61 -123 -127 39 -90 69 -70
86 -68 11 45 83 -78 42 27 -117 -9 -50 -53 -59 -54 107 -125 118 -42 127 -50 1 -29 126 118 47 111 -115 117 74 23 63 125 48 52 -22 28 -120 29 95 -41 21 -21 -7 30 -76 90 54 -34 -51 -115 112 -114 -106 95 -118 1 73 49 85 -82 -1 10 18 80
-76 -105 -111 -36 -101 -5 18 5 -64 23 -46 18 -19 111 117 31 43 38 -75 47 55 22 116 67 29 -36 104 -109 35 44 78 79 -94 9 -25 114 -125 -27 40 -51 -91 79 40 -10 78 -65 75 55 32 -40 -67 -54 -77 40 -82 59 -47 32 35 -63 66 33 -109 61
-19 -93 20 72 -109 -58 66 23 -104 -37 -71 32 -69 -46 43 52 48 -84 23 -41 41 -86 121 78 21 60 -67 53 94 54 116 70 -8 121 24 89 112 -36 83 111 84 -67 -99 71 -105 10 -42 106 20 -46 105 -4 -122 119 -115 -103 -11 -102 -55 96 -78 92 24 27
-94 90 38 38 108 -95 -82 58 31 65 120 -98 96 14 -70 58 -31 98 -103 -113 105 42 93 -75 112 -70 -46 -8 -10 -97 97 -77 -86 -81 -16 100 52 -52 68 14 -30 85 -35 -88 90 -85 118 25 30 -52 -75 -42 37 -126 78 -82 112 -60 54 -32 67 -16 -14 -117
85 91 -117 -104 -72 61 71 -48 78 -116 48 109 -117 -118 127 25 113 -115 95 55 71 -42 -32 29 13 108 104 67 114 -37 34 -69 -111 86 -33 -119 82 12 -119 -56 85 26 -69 -22 57 49 31 14 -111 109 92 30 -9 21 -47 -113 0 92 119 -45 111 -126 26 -125
18 72 -124 -105 -54 15 114 67 85 -22 -55 21 116 -17 -68 109 105 -93 -112 31 74 111 21 2 -124 53 37 35 -20 -17 59 -21 -73 106 70 -44 -90 9 -125 58 75 -110 -62 -63 -88 -16 -28 -48 52 -122 96 -53 121 -74 -96 -8 106 -55 -84 16 63 -55 122 90
32 -89 -123 27 -45 38 72 32 -105 -104 -64 -47 104 -123 25 -66 55 105 -3 68 73 -70 8 -58 -100 -48 -51 -89 32 -114 -91 -91 83 71 -59 8 121 -30 107 6 19 64 -22 -37 40 25 9 -51 107 -95 0 16 68 3 -128 -64 -76 -47 100 -10 -32 104 -70 -108
-65 -65 66 35 93 -35 106 75 56 3 116 125 59 -84 -53 127 -33 -57 101 119 72 -34 86 106 -40 -36 -62 20 63 54 83 20 -12 125 62 84 42 -54 -97 -124 -34 -97 -54 76 107 -72 18 -13 -92 67 -83 -84 20 -12 6 81 7 -24 -103 -116 77 93 57 -117
120 -14 -72 16 -17 1 -28 69 -45 1 -82 79 -100 -38 125 4 -106 60 -51 -67 94 -83 91 -104 -40 6 107 7 61 -18 42 40 69 71 124 -32 48 93 -4 -99 -56 -83 29 -49 -95 -101 30 59 112 49 28 -74 25 -107 -121 53 -88 37 -6 14 96 50 28 83
118 -81 -83 95 -119 -15 -117 -111 -75 -107 82 -116 99 -70 -64 31 -126 48 127 93 40 -124 -95 -6 25 -114 -100 16 58 10 49 99 83 -8 -57 59 -42 -80 32 60 115 -59 63 53 -97 -49 -112 22 -128 6 9 10 44 -75 79 9 20 -35 59 -120 -12 32 125 77
85 -41 -109 32 82 25 90 76 -115 74 103 76 -58 93 -116 11 -76 84 -82 -6 -23 61 88 -17 93 4 -35 -22 -30 105 -104 -72 -77 -19 16 115 42 14 13 -68 125 -14 5 -21 62 7 6 52 -42 62 16 -34 50 102 -48 101 82 90 -100 70 -15 115 61 93
-113 82 -23 87 4 87 63 -71 105 13 -107 -9 36 -6 -115 11 -71 -99 -95 41 -78 77 124 12 -92 -36 80 -42 111 -76 104 -11 33 8 88 20 35 3 69 -5 33 -76 -5 26 -71 -55 -115 119 106 93 -83 78 -5 -125 -86 -27 124 102 -119 22 100 -52 -30 -63
3 17 66 67 -21 -88 63 52 -112 -91 70 74 118 53 -26 -61 -66 11 -14 11 30 -14 -49 91 -101 -96 -15 -17 -52 102 77 80 -15 24 57 35 -121 38 77 -32 106 -45 -104 -20 79 92 -56 44 -27 114 6 -1 31 -126 -31 -36 87 -114 27 11 -67 -46 -73 -13
-114 -40 -21 82 81 -103 -46 -117 -112 -21 28 -82 40 126 -17 -18 38 -35 -81 98 116 52 96 52 -100 -71 28 100 125 -109 75 -60 -81 -45 73 -106 -76 33 -20 119 -68 104 -15 50 -125 -113 -106 120 -124 107 17 96 0 30 2 -38 104 -43 7 125 86 103 86 108
-100 -89 -18 114 43 20 -103 33 -14 -113 59 -38 32 -85 32 28 -2 -5 -113 -33 -110 93 1 -44 118 56 -103 117 27 64 -23 88 14 62 106 -40 77 -28 34 -68 -53 22 -9 -24 -122 62 49 -10 0 -60 79 120 -127 80 -118 -99 107 -2 53 -40 67 -70 115 51
69 71 -47 26 -44 61 -89 -10 36 32 105 42 57 81 73 -100 2 20 119 -68 -36 -54 -67 96 -19 -126 -53 112 68 105 71 31 90 50 -12 81 34 -63 -3 -78 98 115 -42 -85 -14 122 -54 -24 -126 -39 -53 -5 -15 110 59 -127 68 72 -63 -31 9 -106 -16 -103
41 -10 -118 52 -21 -77 121 63 -52 101 74 -104 94 50 10 -26 -51 -93 -8 126 -121 -99 -73 101 123 -124 -74 34 105 -92 -127 -44 57 -68 122 -92 -123 -78 7 70 -64 99 70 -106 78 -1 -119 -48 -14 -15 -54 -15 16 -111 28 63 62 5 -17 125 -34 61 -54 -33
37 10 53 85 77 103 87 -12 -50 81 27 127 7 -72 -106 -56 13 28 -69 70 101 80 124 -79 100 -116 -109 101 -43 0 24 -46 26 -41 29 60 -22 4 31 89 4 -67 -123 -7 -44 -45 -31 -89 23 -31 -82 69 -69 2 32 -75 26 -116 -16 -84 -95 -14 108 -45
19 -83 -55 -25 -56 -18 105 111 -10 116 25 -116 -105 119 18 -124 -29 -84 53 29 63 -28 -35 -57 -101 32 -117 -115 -11 -4 -116 65 -124 -37 -84 -23 4 -28 94 -3 13 -112 41 52 64 42 38 76 102 -107 -125 94 -18 124 -41 -67 -23 -109 -120 -15 -42 -79 86 25
-55 -62 36 44 -64 100 -106 55 -99 44 -124 70 -123 -96 84 -93 -5 83 -43 11 92 -64 -100 90 71 -107 40 -100 33 93 66 -111 123 86 -34 -45 -19 98 97 -114 -72 103 -28 -121 95 88 73 63 41 114 -63 -111 -115 -20 -121 -33 -59 100 -34 73 -97 -3 39 100
-2 -34 110 93 -20 -40 -11 -42 52 -118 41 29 -107 -32 -62 -84 38 117 63 82 86 112 109 -105 -122 94 -117 76 -114 -4 -66 111 66 -86 86 -96 -17 -106 -89 -82 78 76 -111 -20 -120 42 29 -93 -67 -68 53 44 -75 56 39 -121 -31 -53 -95 -85 -49 32 23 -43
-103 96 117 50 38 120 -108 -19 60 4 26 105 -2 84 -85 24 68 -39 -20 -104 58 118 -16 -51 -48 -99 -52 -83 66 -24 -95 -123 14 -75 -63 94 104 -66 -55 -46 123 117 99 91 -113 -64 -54 -104 -59 -82 38 10 106 -122 -91 -4 -30 -16 -71 -26 -21 -32 -69 -42
22 -72 -97 -79 -84 44 -121 71 94 61 -70 52 91 70 -62 21 88 -108 -57 43 -110 -119 121 -43 114 -41 -18 -58 87 78 -89 -115 -46 118 25 -19 -92 -86 -87 39 72 13 -34 -66 -45 -22 -9 -85 -49 94 -12 100 127 27 106 89 -54 -12 105 79 -6 -122 124 17
-115 -26 31 16 19 40 8 -125 53 99 -42 -89 -4 -4 65 -10 -24 -49 104 109 92 -49 -27 -38 21 24 -58 101 30 35 -55 -103 -37 91 -121 -71 68 30 -110 0 -16 -110 -84 -89 113 -107 -65 16 65 34 98 -11 -49 -56 -53 78 -18 73 127 -119 123 -124 -109 64
5 54 -21 0 105 117 -91 14 85 9 0 78 112 80 117 6 -88 7 34 -81 -25 -25 -25 51 118 86 -4 2 121 63 26 118 -89 53 111 72 19 -110 99 10 88 64 -123 -84 9 63 14 -21 -65 9 -75 -29 105 86 -102 -27 55 -1 16 -88 -120 -126 21 15
-122 68 96 63 33 -2 -65 65 -35 105 -93 31 49 -106 91 98 32 -90 94 127 61 -119 -22 -6 -20 -103 -108 -91 -96 -107 -53 0 -86 -37 -20 66 50 44 -98 43 -12 -18 55 84 2 -53 -33 122 103 74 59 -71 -3 -42 -109 14 -41 49 83 33 119 -112 103 104
-32 -37 -90 -49 -22 96 -90 80 -6 -64 127 77 4 76 -71 -98 -99 57 0 63 21 13 -17 73 -126 -73 -84 29 108 123 38 120 111 66 10 111 82 37 54 -67 -83 -103 3 15 35 47 -112 11 39 -29 -52 -74 104 -6 10 -28 61 -75 82 73 24 -12 92 -11
-63 -103 106 -65 -33 -71 -66 3 30 7 107 -89 -124 -21 -117 92 60 -125 -78 106 121 61 -55 -36 90 -102 21 121 -108 75 -50 87 -96 -71 -116 125 -99 37 82 96 5 44 -118 -6 -14 -41 122 120 93 98 -120 -14 41 -113 122 -46 109 -74 -18 39 87 -54 97 -74
54 -81 11 124 -10 -101 6 -116 62 100 -23 101 63 -77 -81 40 -112 -38 -28 32 -13 26 -36 95 42 -88 -124 -6 -6 -91 84 -92 -112 29 24 -8 97 -127 102 -65 49 89 96 -113 31 -110 87 -51 -58 90 -97 7 52 2 -20 81 -96 19 123 52 -55 -25 26 -12
-94 60 -116 -124 5 -123 15 57 124 65 -89 -126 92 52 -107 -68 58 -121 -107 82 -91 -113 60 61 -22 113 -38 -35 32 95 -26 2 -4 85 -6 99 -8 59 4 9 108 -79 113 -94 95 83 -75 -10 -33 -17 22 -123 36 -122 117 -16 -119 -68 -20 -27 -30 65 -13 122
24 68 -38 120 70 -8 123 60 -9 74 -104 -13 -1 -61 9 119 121 54 21 72 -73 -26 85 123 -72 33 -77 -99 -50 -88 125 -38 -50 -6 58 -120 -24 -59 -84 -71 -111 10 112 -21 37 57 108 -104 119 -63 -7 31 49 44 -14 9 -11 75 -128 -36 -42 56 103 105
77 -48 -35 2 21 28 -126 -7 9 32 92 -118 -37 102 70 -75 12 113 -91 -114 -104 -31 94 -1 89 -117 125 -62 -7 121 93 -27 17 90 -84 80 -128 -2 63 37 101 7 67 -104 12 13 -27 -101 -32 -75 -22 -64 -21 5 -27 -114 24 64 -29 2 -108 89 -19 -86
-98 27 74 104 -114 -40 91 38 -2 -21 -24 -67 27 38 30 -99 -58 -27 87 65 104 -63 -5 20 -97 -79 119 -46 -52 92 65 -77 20 -76 -63 -118 -88 -46 117 -88 77 -108 -111 18 31 63 -38 -125 -76 -19 122 -87 -82 84 43 -32 -62 41 -35 -76 118 -113 -39 81
79 96 107 -50 61 107 -79 -88 -20 -82 -90 -68 -114 84 87 92 102 57 3 64 -70 -27 -43 -103 -35 -85 36 115 -81 122 5 77 120 -50 -95 125 -9 7 -40 -69 54 -14 -81 117 -93 -102 66 -93 -72 -76 -38 93 -100 -91 70 -110 -60 82 -61 -73 56 -39 82 -25
66 -123 -113 -76 -126 49 -69 127 -40 70 67 100 -96 0 -53 -3 64 -73 -62 -103 105 -59 32 -58 -22 -70 -114 -50 43 31 121 66 91 -60 -31 -95 -48 17 -80 -33 19 88 79 63 117 75 -102 -116 -75 119 42 0 87 -107 84 -45 -102 -3 67 -41 115 71 -12 -88
-110 -22 52 -96 69 4 -59 71 -123 60 -9 -106 20 -92 54 72 9 67 69 43 51 -47 -35 -87 50 -125 -74 10 115 -101 82 -107 16 127 -51 -110 114 3 117 103 -51 -56 119 -118 -24 11 -70 -35 -42 -122 61 88 -58 105 -80 63 -105 90 111 -56 115 -73 51 -115
-48 126 -6 -82 -45 3 -9 98 -57 -109 -71 44 100 99 -113 -66 -125 -105 90 -81 -84 51 -97 -126 -38 -76 -98 -100 -89 73 57 36 37 -78 67 5 127 47 -35 36 -27 -102 10 25 -109 -54 -108 35 50 120 -37 34 60 -54 67 -26 10 40 32 -21 -82 -86 70 6
-111 -124 -30 -126 59 113 71 -66 116 -123 99 48 -102 -124 -3 62 45 -62 101 70 10 22 10 -128 -103 83 -114 42 0 -93 -110 -100 -81 -112 33 65 26 52 27 24 9 -97 26 104 -116 -74 107 71 19 -40 -78 -117 86 36 67 -48 53 23 72 -118 93 35 -5 40
108 115 23 -100 36 102 111 71 116 -116 102 -118 -2 -5 -18 89 32 80 121 53 -48 -20 -29 118 -25 -95 74 99 -39 119 -28 -89 -101 -47 -113 44 51 -22 82 -112 84 -66 -118 -33 22 -33 54 -35 74 -23 -27 -74 116 11 117 21 107 60 11 -95 -55 -73 105 -27
-70 -121 2 -48 -111 -7 16 -38 67 -87 -104 106 100 -69 53 -45 58 41 -119 -39 67 -100 5 59 -109 -7 18 -35 -55 23 -16 2 79 118 4 14 -111 46 106 -114 -80 102 106 125 -71 111 -69 -110 18 39 62 40 -119 -81 90 -32 73 -51 -47 -31 -117 29 -58 53
60 105 29 37 -14 86 -31 21 -81 -48 127 23 -105 62 -125 126 -32 82 69 -5 -27 -101 -12 -11 66 -40 41 -92 25 103 -86 90 2 -26 -94 125 38 -122 94 -36 -101 -73 38 121 -73 26 65 79 -120 101 123 61 13 83 96 98 -117 -64 -126 -53 -104 -79 89 15
25 109 -52 -83 -52 -8 -73 -88 0 -66 6 -40 -101 56 -26 -84 44 -115 61 67 -109 -93 3 125 123 92 45 -97 107 75 -120 -88 -57 126 -100 -73 7 31 -88 78 59 68 -45 105 44 73 -63 -72 -121 -89 -33 51 57 19 2 37 -17 64 -121 3 37 -12 120 86
104 -88 52 -120 124 102 126 26 108 120 -81 90 65 -67 -30 50 0 -20 -13 89 71 -118 -73 -9 67 -121 108 77 17 95 50 -80 32 117 7 49 -115 -79 -114 -59 6 34 -61 47 -20 -26 -88 -28 -88 -66 -125 7 89 -29 52 -6 -128 -63 101 -12 27 -66 -20 10
126 -81 26 119 -81 -17 24 -44 59 64 -10 -107 68 24 56 -46 75 39 -41 -92 -120 18 -51 -8 22 -93 52 -31 113 -100 104 109 -4 -81 -4 34 16 -81 -17 -86 -78 -103 42 -102 -8 29 -14 -54 66 30 105 -113 68 34 -125 17 -28 30 23 119 100 -39 110 -102
26 -64 13 72 25 -11 -21 110 64 -111 -123 107 -14 -82 -100 -35 94 72 -66 -55 105 55 2 -25 44 90 22 120 -72 -12 -98 84 -46 -107 -45 -94 53 50 -69 38 -117 -102 -99 63 -127 105 -78 -126 95 124 -90 58 34 71 -65 -117 62 -38 -69 -7 24 -31 -107 -76
-91 115 76 -88 -116 -46 77 12 90 -91 73 -105 38 3 -74 -15 26 -31 -21 110 -125 -30 -33 95 35 32 -9 99 -122 -114 -34 -71 -114 74 -71 -60 124 97 13 -61 -42 -128 18 65 -75 -63 87 5 22 -78 4 -25 30 45 -62 103 62 -104 -19 101 76 109 -61 84
59 -91 82 -1 -28 -5 -9 98 55 57 -99 73 38 -37 -57 -1 72 38 -86 -75 -33 30 -60 18 -66 -40 22 -24 110 63 62 -70 101 -123 -37 95 -66 -102 92 -22 79 -40 2 1 49 -62 14 -44 0 117 59 14 -22 -7 -42 -96 -108 115 -3 124 -56 -120 -42 46
7 -82 58 53 53 44 -3 -94 -125 78 106 65 89 -50 27 -21 124 -3 11 5 92 85 -33 54 -62 113 -125 -98 12 84 17 -109 -32 -109 27 67 -125 -64 -61 -89 -65 36 96 64 73 -94 -67 73 126 112 -25 -66 -87 -89 22 -116 -124 15 -123 80 -78 24 -42 -56
104 -8 -36 73 -63 84 125 50 92 -37 117 -75 21 -115 1 -111 -1 102 -5 67 -68 24 104 -29 42 -16 48 115 -35 79 118 -118 -99 49 -64 -123 61 9 -41 90 18 -53 -72 -95 -97 -68 70 -18 109 99 98 105 112 -13 31 67 37 100 13 15 30 -7 -8 -52
106 123 77 -50 -60 55 -67 50 -12 29 -8 15 109 89 101 90 20 92 -115 17 124 45 -126 -62 66 -86 90 -2 -20 126 36 -97 -79 -21 -55 4 98 -71 -5 -71 30 -13 38 -127 -9 12 -28 68 90 25 -114 58 -39 110 -76 36 -114 -78 58 -98 113 -77 91 -94
53 -52 80 123 -123 -115 -84 121 -74 76 -9 111 18 83 -112 111 -78 -27 -51 97 73 -52 65 84 -4 16 -98 120 -29 51 -44 -115 33 11 15 55 110 -83 -45 36 98 47 117 106 -34 -24 -62 -117 102 48 55 109 10 96 64 79 30 37 77 -35 -54 -38 37 44
-10 49 94 -19 83 -59 21 -29 -9 -29 72 105 102 11 -37 -24 113 -27 55 54 117 -106 -7 86 6 3 -104 87 93 122 27 -51 40 3 14 108 39 -92 26 -93 108 51 -6 111 52 45 -97 -117 91 29 88 55 77 -63 1 -92 34 -29 -45 27 108 -86 9 -125
-7 99 -60 -47 -16 22 -28 97 -121 72 31 116 123 40 -43 37 -109 -30 -81 -36 64 76 -106 76 -20 27 9 99 -114 -89 98 -41 42 -33 2 27 -37 121 -73 -113 -43 -34 8 -27 5 -45 85 97 11 -99 -125 3 93 -80 92 26 61 86 51 0 84 104 -19 76
121 -7 92 -75 -112 91 -88 -29 115 45 -19 -31 2 25 80 -37 -18 58 -56 -24 9 -60 -2 -35 68 29 -2 2 -29 -46 -34 -10 78 77 -57 -95 -21 -95 -36 67 36 -100 -49 -69 81 16 -122 42 -77 -58 7 -22 7 -106 -113 -43 123 -84 -37 113 68 95 -85 -106
6 36 -110 90 -48 -63 -108 115 -18 -25 -76 -42 -80 -101 107 19 57 26 -97 42 14 97 39 -96 -93 94 41 21 -124 55 -42 97 113 -26 -127 -15 57 70 -39 -115 70 -26 32 96 122 55 119 -9 53 -112 -94 -59 101 -36 6 -20 -82 111 -51 21 31 50 27 -13
-44 -37 88 10 121 -68 61 11 -123 -104 -5 86 65 69 31 1 59 45 -72 73 -92 -81 70 -35 -15 99 -114 -75 7 126 82 -44 -84 96 -103 -88 -101 51 40 8 21 41 -32 78 93 66 -73 -51 69 -22 -43 -60 -21 55 -30 49 -69 117 -120 38 -70 96 86 13
-63 16 -21 -104 -1 -98 -71 7 23 -31 6 91 89 -52 -26 -35 -7 57 -93 -14 -22 -81 -116 -21 94 -10 81 31 126 -95 -95 11 105 79 76 -39 106 -62 -19 -97 48 59 -112 36 -86 98 -82 90 38 -28 -109 -18 70 8 -111 -32 65 12 -79 69 -76 -59 123 -54
-36 -40 -52 119 122 48 55 5 -82 21 83 -24 -41 -99 -74 -11 -127 -74 100 -99 113 124 4 66 -93 -60 -92 36 85 -122 70 -114 53 -4 -78 105 -6 -123 72 -3 -82 76 -111 95 88 -72 -113 72 -5 90 49 -58 98 -116 -118 -12 -90 77 -100 109 6 90 -25 -89
127 -19 56 35 -84 -112 50 61 -74 -3 -8 44 50 -1 7 38 -3 114 81 44 -91 48 4 42 72 -124 -92 8 -15 -60 61 15 -1 67 83 -108 7 -33 -88 -58 -3 75 -67 48 -50 -39 -115 -116 -24 87 71 107 -78 32 -124 125 121 37 -61 -20 -124 -2 111 -95
-21 -81 47 -81 -7 15 -84 -73 -18 -46 29 -67 -41 113 3 79 -59 -91 111 52 115 -24 -74 -74 94 -71 32 123 -95 -71 -11 17 -15 42 -22 -34 55 24 74 -63 127 -87 -3 -1 -51 93 108 -103 -10 -4 21 85 -67 -83 -49 113 30 89 -121 40 -14 -20 -76 -79
50 -106 0 -44 50 -126 93 112 40 111 -50 -86 60 121 -77 64 -127 -49 -24 14 26 6 -37 53 110 105 -56 -45 -127 -92 -47 54 -103 48 -118 124 0 -116 -39 -5 -43 -1 -15 -37 -73 -101 20 23 -61 47 -108 -58 0 -17 122 -32 19 -123 34 78 37 -49 42 -40
-100 -19 0 63 -52 25 50 -56 -68 95 -24 79 -53 -112 89 85 22 -124 51 22 -66 -89 -80 -31 -53 24 45 -38 68 63 64 38 -53 14 57 -90 -7 -32 34 -93 -26 -126 32 107 -26 55 -4 -31 98 87 106 -54 87 -48 3 -115 123 -123 107 -104 11 -84 2 -2
-103 -32 -7 58 57 75 79 80 -6 -82 -110 -30 -124 -73 -126 -33 41 19 19 88 14 -21 -58 16 -13 60 17 127 -111 108 -104 116 79 -95 -26 -58 -124 76 -39 -23 112 115 79 7 -49 -65 -124 -64 110 -87 -21 114 -32 8 126 -10 27 5 -86 0 84 -23 124 59
122 96 93 11 -58 -59 -5 -12 31 108 101 114 56 -14 -2 24 -64 -19 -120 -74 -12 125 -109 -83 50 -74 17 37 -57 19 -60 29 86 30 -20 103 -15 67 95 85 -98 44 -29 69 -122 -116 46 27 -22 48 26 104 -87 41 51 -91 -116 78 -53 -98 -63 -32 102 -86
125 65 -87 -3 -4 125 -81 125 93 -29 -51 -62 -57 -33 105 1 127 83 -111 59 97 -65 -120 24 -62 7 39 70 110 81 -11 122 78 -9 78 -10 -105 80 -99 9 34 127 41 -90 -74 84 12 -13 -126 63 -13 -76 -60 -74 16 -24 -73 -95 -93 110 10 -116 -17 -51
56 -74 -33 114 -85 -1 113 -43 -65 -83 61 103 -102 90 2 -5 27 55 59 -86 -47 108 -35 25 -11 72 104 -113 73 -13 -109 -5 -30 52 16 -121 -58 -4 60 38 36 77 -24 -90 -10 -109 107 -111 -57 119 122 65 -104 -81 41 119 -75 -11 -108 -43 -8 -8 13 79
70 17 -51 113 15 -12 69 38 123 6 -121 -28 35 46 15 60 124 54 57 122 90 49 -20 -33 -21 -67 -73 89 78 -124 -59 81 81 71 -10 -20 -28 18 -97 32 103 -73 22 -30 75 53 -59 35 89 -76 -22 -116 69 -28 -83 -51 -10 -22 9 85 -76 -41 -6 -116
58 -92 -17 24 -63 -11 -14 38 -127 69 -19 62 96 -77 87 -29 -102 62 -125 -98 21 -82 35 -67 100 84 70 86 -35 -111 93 -122 43 60 36 75 41 -79 118 -35 87 18 124 -27 90 76 126 -52 -114 49 -43 -122 -70 56 -100 -99 51 66 -99 42 62 80 40 37
47 -112 -53 -41 81 126 -97 -66 66 -12 -9 -16 -87 90 105 100 -102 25 68 -15 -105 -37 -4 -89 11 30 -91 69 -91 -40 -88 7 -62 95 66 12 -5 117 -21 -93 9 -117 20 -36 106 51 -53 -26 -88 -68 -39 -50 -99 23 29 116 27 36 31 90 -24 66 -47 -116
-100 -112 92 -25 -44 114 -57 84 63 -92 -56 -36 77 4 83 -33 -57 -65 -22 11 -77 -76 -13 -106 -128 -13 -105 42 -111 85 34 -66 107 69 96 -12 110 101 69 53 33 88 20 -14 -53 -35 82 112 24 -14 -40 48 -60 -85 -79 -107 -17 -8 -77 83 -120 13 87 -37
-85 44 59 77 -105 -1 -25 111 78 125 4 -34 28 29 -37 105 -9 -60 104 -20 -103 -103 70 72 -3 116 -16 123 -67 106 -1 -2 -35 24 124 -86 -15 80 -18 7 77 -58 -51 48 49 126 -104 -120 60 -119 -27 42 11 92 100 78 37 -124 -92 98 -81 -80 -107 57
13 -5 -96 123 80 -42 38 97 26 -11 -75 -107 17 52 -94 45 78 -13 109 65 24 -23 -102 21 30 -70 -2 -106 91 -33 86 42 -22 -8 121 -55 34 -91 33 28 -2 -99 15 11 54 -126 -14 106 -69 -116 -14 109 -40 -122 43 63 -69 23 112 70 20 93 -71 114
109 -114 -65 -115 40 -1 66 58 99 91 -74 -111 -70 42 28 18 53 96 -3 -14 -87 -107 -113 -52 -65 -89 -36 27 -5 108 58 -16 30 100 -99 31 -118 115 114 85 -32 -33 -102 11 -65 2 113 -126 -124 11 -105 90 -66 91 114 -8 46 117 74 -69 115 -3 11 123
-44 -111 -79 3 92 28 -125 72 18 -115 -98 -80 75 66 118 94 98 -115 14 -126 -100 38 -62 -107 125 92 -20 -51 -90 -71 78 -88 -53 -58 20 86 124 -12 35 -120 -68 -3 -14 111 -101 -75 -43 -38 -42 -86 -89 106 53 8 47 113 61 -29 -18 -63 100 53 -89 -45
-91 121 109 127 60 85 -40 -24 -52 -33 -106 -11 -7 -39 79 -9 27 56 -19 -117 -102 50 52 -99 66 115 -79 -72 -22 71 -38 30 111 46 -120 -84 26 56 -41 13 -109 5 -86 -115 -34 -89 -107 21 -75 -93 -61 36 -119 -121 22 110 -6 8 -95 104 -124 59 116 -108
120 0 94 -75 -125 -104 -120 -101 -12 -25 -87 60 -59 61 -95 -118 -115 85 92 57 -70 1 114 21 19 118 -36 -71 35 -121 -51 -126 -61 -5 -127 -112 -98 109 -6 -17 -80 20 44 -87 -127 -42 -40 51 100 -15 -45 -66 87 -76 50 91 -82 16 9 76 85 30 28 97
-95 -35 43 -25 7 -18 18 -2 110 -22 35 37 58 65 -124 -25 18 68 -41 44 -92 87 -64 53 -116 18 52 112 11 -58 -58 118 109 -76 58 90 110 97 69 -16 12 -32 88 -92 -57 -111 -22 75 98 91 -62 28 100 43 6 -36 -73 37 -107 47 16 -65 -53 28
90 -100 -125 123 -105 -50 -70 -104 -20 54 101 -128 -40 38 -117 -5 30 96 -59 -85 -29 51 -122 117 7 -70 7 -52 -77 12 -90 67 92 108 -4 8 -60 60 -51 18 57 41 -84 22 66 90 -61 127 -45 9 19 -54 97 48 97 71 -126 -100 -100 -51 -100 -35 -124 -116
61 -104 -71 91 -100 1 102 35 -107 50 125 68 84 -13 -78 -101 40 -81 -118 113 -125 107 -90 71 -28 -56 89 -39 -118 -7 -31 -68 -26 45 -74 -127 -33 18 -124 85 33 -69 -39 -13 12 -54 42 -114 63 26 -83 124 -113 92 -123 -58 -73 43 -87 96 -43 -99 74 84
101 66 -120 -3 107 48 -95 47 3 -90 6 -67 -54 -76 -88 -65 -113 70 -23 3 -56 106 -45 118 75 115 22 8 -14 114 -44 -41 -20 -90 76 -94 113 -29 -126 -117 -35 -118 72 84 100 -82 -49 -5 36 -26 125 36 20 117 -59 -70 1 71 54 -13 42 -56 8 -2
-120 109 41 -110 -43 -112 -127 124 81 -70 -115 81 -126 -49 100 9 112 -50 26 12 -59 -2 86 -13 25 -6 36 48 -26 41 -16 -81 -43 4 -11 -80 124 120 44 -62 72 -86 3 -21 -87 110 -81 -76 111 14 93 -99 113 -49 -121 76 19 -53 19 17 -12 -66 11 -10
110 83 58 -38 120 92 -114 11 4 -125 70 32 49 16 -12 63 -45 -24 24 1 7 53 -45 24 -64 -2 -42 -71 120 -19 -15 122 90 -25 117 -86 24 28 -115 35 18 -121 -39 -21 19 -101 -63 -76 -70 -34 98 49 -49 -103 -92 31 -73 2 6 -88 46 39 78 -121
49 101 111 32 -107 81 34 -60 -29 81 -67 -95 124 -76 88 125 -90 -69 26 -29 103 71 -45 -104 96 -84 82 110 -15 68 -29 -26 82 -85 -72 -59 59 -30 13 79 33 -95 -84 52 100 -9 -7 39 17 43 -27 -67 75 -125 -75 -90 -13 -102 -105 -42 -54 -125 89 -26
-25 37 -114 -20 -17 -59 -50 23 -50 60 71 121 -88 -15 -110 -124 -2 -5 16 -12 -60 38 -49 35 -53 -43 49 -75 22 14 -104 24 51 48 -79 -119 45 17 -23 -59 -103 13 -36 94 -71 60 -64 -72 -121 119 79 71 24 -51 26 90 111 26 16 79 92 -47 -11 -72
31 -117 18 110 -114 -115 37 -5 -67 115 53 112 48 15 -84 127 36 -52 116 33 -82 -29 115 75 89 -95 -70 -96 127 61 40 -118 115 83 121 -105 -5 79 -33 37 -3 27 42 -98 105 -18 70 -13 -123 110 -98 35 -17 77 123 -40 -21 -89 80 -124 -47 -95 -67 28
18 -6 53 16 107 -99 -70 -44 -117 64 -34 9 -6 122 74 -93 -84 91 55 -126 -10 64 52 64 -110 4 -15 47 123 -96 40 62 -67 105 93 103 123 53 -86 -98 -8 1 -67 -35 74 -76 33 -11 117 66 -41 -74 -33 34 -110 27 -110 1 -76 38 122 20 113 -1
41 16 -63 70 -27 11 -55 26 6 -92 -28 119 80 -73 -55 -75 124 -58 -48 -7 -126 -106 -17 64 52 -92 -79 73 -4 -121 94 -60 64 108 -95 62 -53 72 -51 -124 -76 -89 65 -56 112 49 26 95 0 117 93 28 -46 -104 -39 124 -23 95 -99 12 88 -65 85 -47
-15 80 -94 122 20 -47 -83 125 -97 92 16 -127 92 -51 -120 -63 115 96 60 63 26 -54 -15 45 4 94 110 64 27 43 8 19 44 103 -31 -70 -13 51 9 -22 61 83 -11 126 -32 -51 45 86 28 95 -56 97 -64 2 -85 -109 4 -16 69 -120 96 -121 -46 -62
82 -6 -68 -68 -98 113 63 7 8 123 -81 17 103 10 43 75 81 83 -54 -49 39 -5 103 110 37 -92 102 -93 -127 63 20 -26 83 88 117 -58 -58 77 -49 -44 -44 59 47 101 10 52 78 -74 -10 73 -37 -18 63 62 98 -26 66 -81 -112 -100 31 103 13 77
1 102 -77 90 93 55 11 34 -100 13 94 14 119 29 66 122 -105 47 -125 116 83 -104 47 -62 63 -92 9 48 121 64 61 3 -63 -83 -123 -49 -70 -57 3 -108 61 87 111 0 -104 -8 -68 12 -95 -120 -78 -120 45 -8 101 91 75 125 67 -3 72 -71 -41 -99
-69 -93 -70 86 39 107 79 59 108 55 41 -105 -115 -35 26 108 -61 86 7 -71 -56 89 11 39 77 -51 89 119 -116 73 -47 76 -86 -93 127 -116 -29 77 -64 35 68 116 85 67 -35 29 -116 96 -68 -11 42 -93 63 -44 63 -93 -91 -58 62 110 -3 21 124 -82
79 -70 -2 -79 -77 63 -99 106 91 88 59 -50 -64 74 118 121 -121 -82 79 -71 39 -49 -60 112 -73 31 -67 95 49 -38 55 48 50 58 -51 62 -32 -127 96 -122 -49 -122 11 -7 119 -87 -95 -49 -101 -5 31 57 77 69 -64 -50 121 -108 73 -44 13 13 -122 -89
122 -77 -58 53 -77 112 28 -122 -77 -66 -103 74 124 17 71 -51 54 75 89 -94 -9 74 -102 -61 -3 39 38 14 36 -107 -28 -8 125 99 -87 110 80 32 42 -105 118 -76 -75 -113 94 36 -43 -92 7 22 99 127 -37 -20 55 -84 28 -24 -40 -69 -67 24 127 108
26 24 119 -90 -25 -75 -106 125 61 -58 -4 -44 -54 -25 56 107 -43 -13 34 -111 -105 -48 -71 -109 -63 78 96 103 -89 -31 14 -55 25 -32 -41 83 3 -120 -39 -81 25 93 -44 -37 -87 100 66 74 -15 -116 -41 68 -57 61 63 115 -91 81 -10 -125 61 -9 76 -81
78 -125 -23 -5 -40 -100 -5 97 111 -7 -83 -124 -9 -80 47 42 -53 91 -126 60 106 124 -19 -75 84 98 -22 -45 -33 -63 120 11 98 -72 98 -48 45 -117 105 102 -109 -57 -16 -73 56 -16 32 -58 59 121 64 -71 -9 -112 -80 127 30 -83 63 58 111 -74 35 90
-31 124 -26 63 -125 -122 29 12 -125 -8 75 -121 -39 83 6 101 126 35 -122 -4 -117 109 24 36 -63 46 86 12 -125 33 80 34 119 -114 -44 4 -35 -20 46 89 77 17 -21 -20 -92 99 72 -108 99 -88 -12 103 -109 -48 -117 113 5 -92 21 88 109 -30 90 -60
60 -26 122 64 -86 -114 -98 34 -24 52 101 -57 -126 -18 -17 -3 6 42 -35 98 -75 20 1 -14 40 32 -48 -42 32 -62 73 -17 14 69 101 101 104 -12 -124 -117 -30 -65 22 -46 4 -5 -82 85 -21 -75 -6 76 82 -118 -90 -88 112 91 112 63 -84 74 -49 20
-125 15 28 -2 116 78 -103 9 109 -120 -28 73 -50 63 12 -56 -112 -50 23 18 -33 29 15 20 -6 124 -8 -118 -6 -101 -24 -69 67 -12 73 7 93 -90 85 123 -23 -47 -119 -122 -102 -118 -32 -122 -101 -63 -112 109 72 13 94 112 -79 108 -40 -88 14 -11 -73 -117
28 108 -111 -111 126 83 63 -83 -63 55 30 50 114 -115 -122 -41 99 23 -95 -95 107 121 -39 45 -22 -23 98 70 115 50 -23 32 -75 16 -14 -86 -82 -44 -31 -100 120 95 -75 44 -115 50 -22 56 98 -35 10 -52 27 103 75 -80 -22 9 83 32 -66 101 -44 80
-52 68 6 43 -44 80 5 -105 -78 -33 -87 -90 -108 73 -27 37 66 15 -93 48 -69 -100 -35 -37 71 -117 54 -106 97 55 62 -22 -24 -106 -114 -21 -29 35 -104 14 -50 111 -43 -121 104 -46 -95 -63 -18 -67 -28 114 -11 76 -70 -61 32 31 3 -49 70 60 -72 -113
-15 106 19 -8 -47 -23 -100 -97 73 -84 -96 68 37 -71 -84 -91 -4 -8 -21 -98 -40 93 -24 -71 -54 107 57 12 26 -13 -19 81 113 -52 105 95 34 11 -82 -101 2 126 -110 42 106 -88 116 96 -127 -76 24 -103 -10 -69 51 65 70 -80 86 -88 105 -123 35 -5
30 -14 20 48 115 -121 -65 46 -74 -83 -69 -108 -75 -104 -4 -95 -56 0 23 28 43 72 -73 -1 -124 126 -81 -7 -60 -9 32 -5 -102 54 33 -88 107 100 -99 -1 102 -27 -57 92 42 40 113 -84 -24 89 2 -37 -127 -7 -67 -100 83 -38 -40 -112 7 26 26 -64
-111 -9 19 -128 71 104 17 119 -80 93 -54 88 -36 29 34 -39 66 8 101 -108 62 22 -16 30 -8 -7 20 32 79 119 50 13 112 -21 -11 110 109 121 113 39 -20 -93 -35 -117 37 -108 -70 22 113 3 -81 -57 -114 -17 98 78 -37 -18 -51 125 -72 -34 109 58
-43 75 29 -112 66 -29 85 33 6 22 76 -62 -42 -12 -126 39 -52 48 -36 -30 -105 73 6 119 -16 76 100 39 14 17 -18 70 116 -90 30 -4 84 -79 11 -75 -35 51 -81 -112 95 -63 -23 -92 -74 -122 -65 1 6 14 -40 -99 87 -95 -61 -64 -89 27 -76 35
-75 75 -4 -127 114 -128 -63 82 81 63 -18 38 -65 -120 25 -117 -74 -122 -59 -97 101 42 86 -15 0 105 -98 7 -92 7 -76 -113 -10 -89 70 -101 -126 -52 65 -32 36 -112 -81 -56 -4 -50 118 75 -117 36 42 -86 49 -63 -17 -27 -35 120 101 5 -52 126 94 110
20 33 -24 -126 -125 69 -98 -103 112 2 73 99 53 -76 -4 -46 14 110 -57 40 -3 -58 -114 -22 -126 127 -71 -29 -85 -49 44 -6 -119 -8 -117 -10 93 63 -43 50 51 -32 -45 -25 -7 -67 54 -98 -30 -127 -47 24 36 34 103 125 11 -102 -1 -74 17 9 -29 -108
105 -48 -116 10 56 -77 0 63 100 124 22 -96 -57 41 14 -65 3 13 -124 -4 -47 -50 28 -126 -54 23 -112 -48 -54 -34 -80 -21 -124 -113 32 69 -23 29 -98 -123 -115 -13 -34 44 -50 118 -32 16 83 113 71 -125 -13 98 57 -31 -83 -62 -6 60 77 28 20 -18
-23 -111 -25 9 41 81 -101 114 93 -3 -51 122 -44 -76 73 -90 -118 82 -99 59 -11 6 -75 80 -93 -127 125 102 -128 39 -86 -72 103 -1 23 76 84 86 120 -60 69 14 -23 107 33 93 -24 67 -113 36 -102 91 126 120 -54 -81 -19 -78 -49 118 -46 -62 77 -40
127 79 69 -102 -107 119 119 79 -30 19 19 -73 -83 -109 -67 -117 -82 83 59 108 -75 94 -39 118 -108 -119 3 -8 5 -57 81 -51 -6 47 -116 11 -101 -64 -11 120 39 -105 33 123 83 105 115 120 -19 -15 112 -53 50 -61 -101 -105 -128 34 104 90 7 18 57 -46
84 35 -124 29 -113 -92 -117 -109 91 -16 -76 106 120 -118 35 -90 -122 -11 -77 42 88 49 -75 25 -121 -97 -89 22 -20 -20 -80 6 -53 50 50 -29 38 60 -66 -24 98 -9 9 -14 -96 -71 -80 12 -49 -77 -86 31 -97 -7 59 -22 -120 46 -64 9 86 98 -84 -106
44 51 106 85 -109 -26 -45 -79 58 -109 -113 -115 28 -84 115 -42 115 90 -16 -58 -85 77 -4 -58 42 -115 -80 15 59 -54 116 94 92 -44 -6 111 -27 61 89 -58 83 98 89 29 -69 75 119 -57 -83 -85 -12 -103 -39 -16 -125 -37 26 -56 -23 -27 -32 -106 92 89
-59 -72 -100 14 -99 70 4 122 12 -78 -27 -65 -107 53 52 -39 -50 -16 35 55 125 -87 79 -113 78 -93 20 -46 24 34 -33 -107 89 -86 37 7 -118 -1 26 62 50 0 -32 -120 -51 -51 59 -81 72 85 3 104 93 57 -77 102 5 113 15 24 -114 -33 39 -7
116 -87 110 13 61 107 -69 125 114 105 43 17 26 98 -41 -27 108 122 97 -104 101 -8 58 57 7 -72 83 -95 -54 -70 -109 -85 83 61 83 -117 101 -86 109 112 49 -40 39 58 -24 -20 89 27 32 19 -8 83 73 -2 -4 105 94 -29 -9 33 103 29 105 -31
15 -33 -35 -87 102 111 -3 -40 21 -19 82 36 -56 -62 -96 -100 14 -49 -71 0 -38 68 57 -5 -53 123 50 -1 15 -34 -22 8 -37 7 111 -67 2 -113 24 71 12 24 -22 -115 98 97 -44 16 80 -46 63 0 -91 -15 94 115 24 -34 71 -83 111 6 17 -44
69 -73 -43 -71 40 -12 44 7 111 59 33 1 -16 -70 104 94 0 70 52 30 122 101 53 27 107 -108 -5 -77 -109 -117 114 10 -1 18 -42 -52 119 10 47 -86 90 -75 99 112 -54 -127 75 59 -16 -66 24 -38 -64 78 28 -78 58 -75 -45 -93 -126 -119 -117 -1
-72 24 -36 84 -33 18 40 -27 42 81 125 26 -28 -111 33 37 36 7 63 -64 -61 94 62 -29 81 -114 -91 -78 -78 29 -123 45 23 -124 32 58 6 -116 98 -18 20 -58 -98 27 61 97 36 -36 -8 114 103 -61 61 -88 -124 121 -29 -23 83 -5 -8 67 115 56
65 13 63 57 -109 95 11 -53 -37 -43 76 13 -55 29 87 -52 31 52 -80 126 -92 -5 -124 2 33 122 -100 7 19 67 64 122 -125 49 -46 42 -80 123 67 -6 24 -12 -46 -33 -27 -61 -89 54 120 40 99 26 -74 -8 55 62 110 36 -21 73 15 -127 -113 61
95 -122 77 -121 89 68 3 -40 114 -36 -30 -13 -110 -91 -91 -128 89 13 110 -56 -60 -75 -10 -100 -1 83 107 77 61 -57 -88 113 66 -23 -82 -125 68 64 79 100 109 1 -61 3 123 57 -73 -101 -88 -111 -80 -10 21 2 -12 86 57 54 -2 2 33 71 -38 -56
109 -28 -72 -85 47 66 -118 5 -101 123 -127 -127 94 -38 16 -125 -53 44 70 -6 -79 118 82 46 78 48 71 -74 -39 35 52 21 97 -81 46 -88 -53 1 -24 0 100 -40 -105 31 124 37 4 75 42 -77 -35 103 14 86 -19 -36 2 -8 27 -75 110 -16 76 33
-46 -126 -95 -88 16 56 -20 82 105 23 -18 -122 106 -107 91 -49 99 93 107 69 -124 -28 8 -2 66 91 -91 67 -51 -37 -69 -106 -25 120 -110 119 123 -95 111 51 -81 -110 26 49 119 30 -87 -96 38 14 -67 122 123 -94 125 122 28 -82 -120 127 -74 114 -50 43
-91 -93 -7 -95 27 -121 -122 62 22 -116 -106 62 3 -115 19 12 -117 -97 -24 -106 -69 -100 4 -38 -107 -63 81 2 -94 38 -92 -2 -22 38 -81 -85 -54 -64 -80 118 -94 91 126 -36 -123 10 -114 26 -80 -116 -87 82 80 63 -124 -118 2 -54 53 -18 81 -58 -22 44
-128 -88 -12 80 -110 -103 83 3 -60 -5 -62 -42 -70 23 -56 89 -85 93 61 44 -106 46 -42 114 -7 32 44 124 94 49 -44 -84 35 24 -7 65 -50 71 28 -72 65 -95 -83 -58 -46 91 -101 113 55 41 -104 -115 -74 -44 63 -100 -94 -51 32 43 -57 -89 -106 -58
-119 99 43 56 110 -23 -42 11 -44 -19 64 -99 70 81 97 -108 -99 -51 -49 80 -80 -103 -45 80 27 57 -97 -82 15 102 -10 47 110 -65 -80 -23 -13 12 3 -93 -93 -116 -84 99 -91 -19 116 6 -20 -41 121 25 -103 7 -73 24 75 114 -90 59 78 -32 -116 104
-36 -73 92 82 -124 106 91 99 -74 -55 -3 118 -63 67 -122 37 -55 115 -6 -32 -122 36 -106 -114 103 47 11 -49 75 -37 -121 126 -114 74 106 55 -128 -87 106 -97 33 -115 93 123 -48 71 106 93 -68 71 -44 -118 48 -21 -90 87 80 13 108 74 5 52 127 -26
-61 -128 78 108 83 102 -20 -25 -115 -57 124 -38 -99 88 116 88 75 -45 125 7 -84 -120 16 -85 107 117 -116 12 114 -39 -47 -105 48 -91 -45 -10 42 -45 -90 -119 -111 125 55 -82 -32 -37 -57 7 46 -39 62 -127 25 68 83 -25 -8 84 14 62 -109 -93 -57 -126
39 63 24 58 124 57 6 86 -12 -34 21 59 -1 3 -65 12 -42 -4 94 -16 -39 -41 72 127 111 7 -116 93 92 44 -110 -93 99 -11 21 53 -6 -85 -106 -73 41 88 79 83 -16 -73 28 27 -51 108 -56 -122 26 -105 122 110 -102 -11 -48 -48 93 -98 59 -50
20 98 95 -48 -54 -43 -32 -74 -55 -77 -113 -94 78 99 -26 -78 10 -82 84 58 112 -32 -67 114 114 -49 -109 -93 103 -6 -35 -6 31 -48 -6 117 35 -6 -108 -113 120 57 100 2 -64 7 -51 -20 -80 36 92 42 -97 -24 -121 -89 -125 -70 -65 37 89 86 5 -115
95 -79 12 -106 -14 -56 26 -112 94 -1 -86 -7 -112 -107 78 117 -29 124 -40 -36 -14 -99 111 -104 102 51 47 37 120 -77 -61 -53 3 100 51 56 124 30 50 98 -114 119 -115 -128 121 46 -79 -63 -46 -54 49 -69 -40 83 7 -39 -117 99 -72 -99 30 88 34 -6
-20 69 113 -89 -3 122 5 -16 110 18 -2 60 -13 -123 27 -19 -74 -53 37 -111 91 10 85 116 64 50 -25 47 10 103 -7 -51 -117 8 -52 -64 -86 -21 -106 70 94 4 25 119 74 88 98 78 -27 -75 127 60 46 -109 -83 -31 -99 -87 26 7 39 116 -44 2
79 48 -111 28 63 -105 117 -95 -13 -94 28 -12 102 -75 -96 -24 61 -17 0 -26 90 -58 -43 111 8 -115 -56 -54 97 83 55 31 -63 102 43 -60 45 93 -21 -94 -29 -119 -1 14 111 -50 -59 81 -83 11 25 98 27 -117 -45 95 116 57 72 47 -76 20 94 110
119 -62 81 41 43 -94 -23 91 -92 103 56 -85 24 -75 33 53 -83 -23 -13 -74 57 -82 25 77 -84 -33 -33 89 -15 -72 -30 -61 84 -62 40 58 -46 -128 100 12 -75 -111 66 62 2 -51 -6 87 61 123 24 -21 -117 35 8 -111 -45 -109 48 -30 -77 5 82 83
-49 -42 -36 12 -71 -102 -47 67 -93 -124 86 122 120 -83 -24 116 89 -89 -72 -93 76 -42 36 -42 -23 106 -126 -89 69 111 -123 -60 -29 121 59 123 -28 -84 117 61 124 107 -91 -109 -113 87 120 40 95 12 47 -94 -72 -121 -77 77 9 29 -40 56 -100 -66 29 67
-102 106 -13 71 -20 -102 77 42 -79 -72 117 40 -53 -87 -75 -55 -43 -39 -6 -97 -21 17 -57 -115 71 -104 -76 -64 121 -89 81 -127 -1 -69 -96 6 -43 -90 87 -119 -70 94 70 -47 12 -52 50 -17 -92 91 89 -4 6 -64 3 25 76 -82 99 74 10 -70 96 -92
63 55 91 44 -83 -33 12 0 63 -111 79 -111 16 -50 -61 -24 48 56 -63 29 -35 38 96 -113 107 67 -91 18 15 -114 85 -17 -4 -53 -55 -24 62 -98 -41 1 97 -99 107 -94 -95 1 81 -107 1 -113 -84 -14 -77 -113 46 -69 26 8 127 28 51 90 41 12
108 -58 101 4 51 -45 -86 -7 -112 28 -77 118 16 -6 18 2 28 -65 34 116 -125 -122 -103 -75 78 37 -70 -114 -10 -118 -61 26 65 -4 -55 -84 97 98 33 80 33 -2 -37 -58 126 -47 -80 116 -77 -109 -4 -120 1 30 15 59 61 0 121 -88 -90 -114 69 -77
-71 -18 -15 79 -9 107 -53 88 37 7 -85 -50 6 50 -88 97 -18 87 17 79 84 -119 -31 96 61 127 -20 105 -110 91 -9 -54 119 115 69 21 20 -8 80 90 -42 -72 91 108 -30 79 -46 8 -67 -85 -110 119 85 -35 -99 6 -75 -61 36 85 4 -64 -48 57
-9 -39 99 -92 44 -80 83 46 -57 -104 -69 -1 -82 -29 9 -91 78 16 10 -61 -88 21 -22 6 55 -51 44 -32 -111 39 59 121 107 43 -71 -53 -85 90 8 -127 -81 104 -20 -82 83 81 60 54 -46 114 20 -59 79 -52 -67 -123 115 24 22 -71 -59 -36 41 -88
40 95 75 78 -120 83 -25 -127 -100 82 25 -35 11 121 -67 -68 70 -43 59 99 -90 -5 56 -3 50 -108 45 -104 -102 41 122 118 -96 42 -61 -3 -100 113 7 37 -58 -108 -80 -46 89 49 -53 52 -36 126 -124 53 -37 -106 118 -102 84 -42 -101 43 -117 -71 72 -79
37 -127 -40 10 96 80 -105 -71 38 -29 -87 -99 -23 -50 7 100 -96 -41 -49 -49 -58 23 49 -26 17 35 43 -36 -37 40 -2 -95 76 -124 -41 -60 87 -5 102 119 14 -24 45 77 -101 -122 105 51 -87 -60 111 122 99 -115 -5 -89 -95 73 98 78 34 -95 -101 11
118 104 -26 -55 -44 12 78 37 -22 -12 -87 -98 -17 16 36 -103 -125 -120 67 -30 -118 58 70 -100 78 91 -13 29 115 -69 121 -16 -85 43 31 -17 -118 32 17 114 -125 -124 -99 -81 -21 38 -71 51 -75 47 15 -68 43 -60 -83 78 -28 59 -63 -125 109 -125 62 27
-39 -111 72 -82 13 35 -71 -96 96 46 80 36 -57 104 23 88 -67 -118 96 125 98 63 -41 -65 -41 100 97 94 111 104 -8 -52 -93 65 -66 88 -105 -108 -92 111 13 -28 -101 6 71 118 -119 -114 -108 -78 62 112 124 -112 -85 37 30 -45 74 87 -8 32 -35 -8
89 47 -17 56 72 -9 39 72 -105 43 62 59 76 22 59 -11 69 85 46 -128 36 50 50 -44 43 -18 52 -100 23 49 117 -27 4 -1 -123 -57 -66 -89 -111 29 -39 -113 23 42 117 -38 119 -124 -37 -49 7 -107 118 -127 -92 -102 -96 115 -26 -10 -39 61 -2 -95
25 -54 92 60 -91 98 -49 -94 30 -19 10 20 -33 -87 100 -59 -15 -71 43 -28 98 -75 21 104 50 -9 -83 18 -75 -127 97 -66 75 -73 -127 18 -64 81 -105 34 98 -14 -120 -96 99 115 59 -52 15 -117 -103 -123 -17 30 88 -113 64 118 -89 39 -49 49 96 91
-119 10 -105 84 70 -105 -55 21 95 73 116 1 -53 -58 7 47 -24 -60 -40 85 -101 -64 -102 -28 -104 20 -106 78 -19 113 10 -68 33 89 25 -35 -58 21 39 69 103 34 21 -53 -15 -62 -44 -102 112 -6 -111 60 25 -99 52 98 10 -2 81 -87 123 16 30 -12
47 -22 -112 -91 126 69 -74 60 -34 127 -64 122 -109 85 -64 -35 -82 62 -113 79 112 -41 -110 -4 18 -68 -39 -116 -64 -78 95 -33 -76 -116 52 -12 -121 34 97 8 34 -63 -79 -5 109 -98 109 -58 -61 -9 -47 -54 -34 28 -56 106 -114 -127 -18 -104 -42 20 88 101
-77 1 31 -66 -30 -26 56 63 -6 -90 -60 9 -108 -28 -119 67 -9 23 95 -85 116 21 21 -88 -18 51 -9 -39 74 -12 -51 13 121 10 47 -34 -70 34 -71 96 -82 114 16 -10 -40 31 -22 -75 -95 23 -39 -99 63 -90 34 23 90 13 -86 -28 123 -87 24 20
2 -76 -70 -7 13 -101 82 83 -64 8 -37 66 40 -122 -46 -99 98 -15 -116 107 -1 -47 -69 75 25 123 37 18 -80 16 -30 57 -90 -52 -72 72 -77 -93 123 59 100 -15 86 -99 -90 -20 -49 79 -70 7 124 -67 31 107 95 -24 76 34 -84 -100 84 -74 -49 45
109 -119 -79 -5 -68 55 93 42 -53 38 -3 23 -96 -6 77 -23 101 23 -70 -29 47 35 -9 127 31 -23 37 -108 101 106 -114 113 127 -72 111 -47 99 95 -29 -100 123 58 -72 -71 58 -93 -81 -68 -18 -107 25 12 -111 -120 63 -33 13 71 -122 114 -40 79 -15 1
6 56 44 51 127 119 40 -92 50 -53 -8 121 -18 96 68 127 90 121 16 88 13 -61 73 121 101 79 127 -77 16 -46 127 -66 113 -70 91 -15 -100 -92 76 64 -1 -116 -56 31 -93 -36 120 -38 69 103 102 58 32 -84 -85 -97 25 122 66 -10 -112 102 -44 28
23 -49 -28 -15 8 22 -109 -96 -82 -49 9 32 -24 31 -6 69 114 -54 -58 68 74 -41 -107 69 126 -42 -128 23 -111 65 -74 -2 109 -84 -128 77 -75 112 7 116 -78 -58 22 120 -59 -87 -64 9 42 -87 -15 -80 101 -38 32 80 19 -63 -64 8 96 109 22 32
22 -53 -114 -71 -75 -14 105 -33 -110 -49 -56 77 85 -9 -102 16 31 89 118 127 110 -119 93 -112 -67 -4 -14 22 -55 32 -108 116 -47 -8 97 -16 93 -72 -66 43 -27 120 -123 20 49 26 71 5 53 115 85 70 -126 -53 -128 21 106 108 -8 86 114 53 76 49
121 -87 123 115 13 103 -113 -19 -3 -38 -44 109 108 -96 56 -75 85 54 31 -25 2 -57 116 -72 108 -58 -95 112 -5 -14 -38 120 103 -73 -118 -58 107 6 -78 74 72 24 -49 -33 105 -35 37 -128 46 -92 -55 -53 -109 -4 -89 -123 -46 -51 3 116 43 19 22 -107
30 -116 -32 8 65 42 -85 -101 33 101 -60 -45 120 5 -17 -41 -75 -1 93 -10 123 -18 -94 -86 102 114 6 -126 92 -37 95 -3 -72 81 -71 35 89 87 -123 92 -111 45 -56 40 -81 -57 -10 -67 -93 -105 -32 24 24 -69 -123 -123 -88 126 96 -83 -67 -61 45 120
-18 89 -96 -26 71 55 87 -98 8 2 -78 -80 30 33 33 -91 37 -73 -55 -15 87 -36 -10 53 112 48 86 46 4 92 100 -14 13 11 98 -98 40 76 -11 -107 34 84 22 126 9 55 18 -120 94 -69 -113 75 11 -76 -6 87 78 119 -75 68 -3 -52 20 5
-98 -75 88 112 -97 69 52 53 98 -80 8 22 -118 48 3 -29 -8 -75 83 -120 123 9 96 -73 -45 15 -49 -97 -108 -110 -55 -112 95 55 39 -71 -29 -83 82 -11 -111 29 -116 33 -47 24 20 -103 -21 -95 -127 58 4 -75 -24 -81 -93 -37 84 -34 36 -41 104 68
-128 83 41 25 -97 -69 -34 -113 -127 35 -20 -62 -115 108 -78 40 -48 -70 56 -38 32 -43 -40 102 80 -103 -26 -17 58 87 -97 -39 66 -6 68 5 -11 -16 35 -7 58 -100 124 -33 -83 -10 -17 -21 -57 -38 71 18 23 116 11 103 0 118 116 35 107 33 -55 -64
-94 84 47 28 57 -125 22 0 -80 42 -71 -79 84 93 74 -73 -64 82 -99 -55 37 -96 49 -43 -10 127 -76 -32 79 -23 -126 -56 23 77 -46 -56 121 28 41 62 -6 -86 40 105 -36 72 9 62 -121 105 32 59 -111 -40 60 3 22 6 58 -5 -119 114 -64 -122
-46 -69 -78 36 68 -38 65 24 103 -81 -116 -14 -47 -45 116 -9 25 -118 1 45 31 29 -12 -117 -74 -42 -53 27 95 68 63 -34 98 106 -97 -26 -85 -128 -29 -31 89 8 11 32 -77 -117 103 125 123 32 98 -128 9 18 10 63 28 -13 12 97 77 38 8 -114
-12 -21 -71 52 97 -91 -61 13 -25 -32 -111 47 -50 -31 29 26 -44 90 106 -48 32 -17 109 -106 97 -46 -37 -105 38 -78 112 -49 -65 27 -41 79 -58 -118 56 49 -106 -54 -113 64 5 43 3 -42 110 46 95 -111 114 93 33 -65 107 -10 111 -80 28 -125 -1 -85
85 72 117 -36 -43 10 127 89 104 -24 -91 -86 46 83 53 -66 53 124 9 -106 -80 34 27 4 -94 13 -63 116 100 -56 18 29 -127 101 -105 31 125 -40 -104 -67 -107 100 37 106 -92 10 104 110 91 30 -40 -29 4 33 -100 -34 -76 -46 38 116 -21 -86 70 65
91 79 84 -73 29 -55 -31 -61 77 -95 95 41 37 48 46 81 67 16 -41 103 119 82 -125 -103 -117 -45 106 34 87 71 36 16 99 67 42 -15 78 70 119 -49 54 -98 67 42 -102 -22 103 79 57 70 50 -27 -123 -84 84 -111 115 5 14 21 -6 87 88 -45
11 124 -16 110 -45 -102 43 -76 91 -60 52 24 -119 78 -55 71 26 125 122 -77 19 98 53 -78 -56 15 -90 84 112 43 -95 108 -109 -67 28 -29 92 56 -83 56 97 -45 -108 -82 73 48 -38 117 -15 -88 16 -125 -101 -85 74 16 -18 121 -108 22 107 3 -85 94
-21 -5 -123 41 37 -43 -103 85 -38 85 -103 -50 -53 120 -64 -45 -100 76 112 33 -127 -116 -49 -12 124 -35 96 -124 100 -43 -86 17 121 119 82 -61 -124 43 97 19 115 -34 -59 -65 -62 -61 90 -40 107 -91 -24 119 -103 41 101 38 57 110 -37 -38 86 26 83 126
-42 -103 -10 53 69 49 -7 -101 38 -72 102 91 -56 111 97 10 38 11 -98 -74 74 -60 94 -14 43 -75 -29 20 -28 -85 -120 59 -49 40 -121 -43 25 77 -55 86 -100 -12 -70 -101 96 -110 96 -18 7 -100 -15 28 -51 -61 -28 67 5 -12 84 101 -40 -75 -79 52
66 -119 16 21 -70 -108 50 46 117 -83 46 100 -60 115 62 -104 93 -100 48 98 104 43 -29 32 57 51 -14 34 82 -89 63 -25 -54 -107 -110 61 -53 -41 60 41 92 118 -115 123 -123 -4 80 25 124 96 -10 33 21 -77 24 126 -88 -22 69 111 -120 58 20 4
105 52 -77 -36 116 44 -19 116 46 -18 -50 -8 -50 -57 30 -127 49 -99 115 116 -122 -103 10 -10 34 64 48 -22 94 -44 54 -119 -64 -35 -13 -95 -3 -83 81 38 38 -60 -54 -22 27 -118 83 3 -125 28 -42 -23 54 -107 92 59 85 89 88 -48 -95 108 9 -127
-5 28 36 -6 111 102 40 -56 6 0 -87 16 107 114 -103 -66 83 40 83 73 -123 -111 87 -121 -110 25 -12 102 10 -107 97 104 -13 33 113 -29 -43 18 -28 -118 44 111 18 2 -111 -30 -30 -28 13 85 74 86 -70 3 -50 -71 -86 -122 37 71 -72 85 37 -60
68 -62 21 -57 -73 34 61 28 116 -79 32 0 83 69 -121 -22 91 -68 105 -22 -108 -22 60 -82 -43 57 10 23 -83 9 -121 74 -63 86 93 -83 -84 2 44 42 44 117 -48 -40 43 -46 -61 -18 -71 123 102 127 -89 -73 74 -61 -64 86 49 9 -30 84 -103 -1
38 -120 31 7 -104 87 95 62 -119 -9 -92 -120 -8 -119 90 -60 -107 -3 112 111 -51 41 39 11 -1 -127 64 -69 -35 -100 -57 -121 84 -2 -51 26 39 72 -114 -38 17 47 122 -14 51 -122 -30 112 -69 41 -94 -69 -53 8 -114 27 -86 82 45 71 -90 101 102 3
126 -88 76 -120 13 123 99 97 -92 -122 -88 -34 -81 -40 -113 -110 -125 74 17 -100 -43 -2 76 110 43 -26 -57 -18 84 -45 108 62 -102 -50 -17 -104 -47 -15 -37 12 -126 8 -39 118 22 2 98 -25 32 -122 -101 -109 -1 -86 73 -110 93 37 10 60 112 108 -49 48
-25 12 -85 -98 20 -80 -106 -4 -110 2 34 76 88 35 6 122 -118 -18 -117 42 66 15 96 50 -75 -81 5 29 12 62 -98 63 -84 -56 -26 -96 -90 -19 118 61 -62 -117 47 11 -44 -46 51 -104 9 -52 -26 -71 -27 47 109 -92 -10 29 -13 -8 16 25 87 110
-37 104 -113 1 -45 25 100 -9 -41 -46 -99 -65 -102 -116 92 -37 -111 109 -83 -125 63 6 -125 -73 -109 109 -104 -125 75 -128 124 -32 -89 -104 -58 98 -19 -125 -82 -120 21 -93 -114 51 -22 14 49 -53 86 -52 -21 -3 103 118 -23 80 -106 27 110 95 -7 -21 119 10
-117 102 -40 9 14 -98 12 -38 -49 98 -33 -5 74 -52 20 13 -39 107 59 65 -125 -107 -7 82 66 54 -101 -32 -41 31 101 30 107 95 -109 -23 100 125 88 -47 -113 66 -106 -7 3 -123 -23 117 -36 88 1 -112 109 115 -121 -86 123 -15 37 15 -110 -82 50 104
93 92 76 -94 65 -54 -40 14 -34 93 73 -20 100 63 -82 -124 57 65 9 -126 -79 -92 -82 -99 42 -25 -12 -79 -73 76 41 -106 -80 49 22 -124 -35 111 -19 -19 -85 51 -84 50 -24 2 55 -58 81 6 70 9 97 88 82 -23 -93 -29 -47 3 -3 102 91 -18
118 -50 -108 71 -43 -5 24 -42 119 -114 72 61 112 19 18 99 79 -121 -74 84 -11 97 -45 -87 -60 76 32 -6 22 -67 112 96 -48 -124 25 -62 -63 13 -66 78 -1 88 -23 8 60 -109 111 -120 102 -118 26 34 23 30 85 -98 69 59 85 119 104 91 -98 91
17 -50 -122 -102 88 92 -37 -27 -87 44 -121 90 -99 -99 13 103 70 -17 63 41 97 25 115 -96 -52 -48 -127 -115 -78 -7 57 4 -113 -13 -17 77 -67 -62 93 61 -105 32 41 -83 97 105 29 -101 -53 17 116 9 -111 54 1 -47 -19 109 -87 61 -42 -74 4 -9
88 -109 126 14 -42 72 -42 6 -60 -58 15 123 -41 122 68 25 -28 126 -73 79 14 45 -11 -72 80 -88 115 72 108 75 74 -101 -95 96 -115 4 116 80 69 51 -120 104 38 76 -61 79 -63 22 52 -47 -84 27 -15 38 78 125 -40 -35 97 -68 -107 -74 -16 37
17 -47 -26 7 -119 120 55 -71 53 -86 32 32 -2 -59 -110 34 27 27 -112 -66 64 -21 -63 95 57 2 20 -126 124 22 121 -22 -79 -60 -74 70 37 -73 -12 -66 26 -26 117 58 -6 113 -90 73 -22 118 -11 -105 -9 57 -22 -95 -123 -62 11 -118 -69 -2 87 24
-128 -31 96 68 97 -57 32 -36 59 -79 -90 -123 -81 73 -4 -93 -63 -127 42 7 4 109 -73 18 110 51 -54 108 -112 -56 -15 -52 -90 -103 -59 53 102 40 -127 93 65 -85 95 -23 30 -1 57 -89 64 33 59 -37 0 -121 -74 26 119 50 104 -61 32 -55 112 59
16 -48 -64 -14 70 28 113 89 -111 -91 -49 30 96 98 -42 69 -22 -78 -126 -107 -43 -69 9 -12 23 -35 73 26 124 -95 43 114 83 50 -113 -71 -8 -92 -102 -123 75 30 -113 -31 75 -50 113 -32 41 -109 -87 -24 72 102 124 -61 -20 -97 114 -38 94 -84 13 -16
94 -75 -7 23 -103 34 -104 110 62 -75 57 -24 99 -6 -82 -21 100 -31 -73 -45 -76 75 58 75 -18 -42 100 4 -125 -89 -102 -80 -60 -75 74 -99 43 -119 -31 12 -54 62 -100 24 2 -92 -95 82 -118 -75 -113 -60 60 11 -93 -2 122 52 29 -68 -22 99 -71 66
-87 -91 81 37 109 70 75 -36 -107 -109 88 -84 115 -66 21 -117 -67 -91 -85 62 45 -13 -35 -111 -71 -14 108 -33 -118 -45 -20 -92 -64 112 27 4 -9 31 74 -111 10 40 40 7 74 -96 127 102 99 -3 3 -24 19 -126 -55 79 104 123 -53 -124 12 -86 -123 74
20 77 -67 -128 -120 -43 77 -69 -50 -93 125 -79 56 -62 -77 97 -117 -113 9 62 49 99 40 -109 69 107 -26 40 -10 -63 -18 14 -37 -14 -16 -28 84 122 -98 -90 -57 12 -100 -99 59 38 14 4 11 90 -59 -56 35 78 -88 76 -124 122 -114 -125 35 -109 85 -123
118 82 -30 -108 51 46 104 104 1 37 -105 2 -85 -14 80 80 74 -56 -58 -117 -4 23 23 -105 -44 45 -91 105 6 29 -92 123 -80 -95 114 86 -112 56 16 -9 118 83 43 -69 0 -52 47 100 90 102 -34 -5 29 102 122 -113 -65 -53 43 -71 123 -71 -54 -7
-38 -9 -107 118 44 -10 29 59 115 87 92 -23 72 30 -57 -95 -105 -17 -46 60 -30 -16 -23 -116 11 -76 -61 -111 53 101 74 53 20 76 19 25 58 114 119 -84 -35 -13 -7 39 -69 30 -108 1 113 120 -107 44 111 108 -42 124 16 -91 -81 40 64 93 -48 10
-18 35 -79 56 62 70 -89 103 106 92 125 94 74 103 81 -61 -110 -85 103 11 -84 111 -56 -110 6 32 -96 -41 -109 116 117 -82 86 -68 -99 -97 124 52 -38 85 -38 88 9 -27 59 38 46 -65 104 50 81 -22 28 -72 -46 30 -96 62 -112 -88 52 -79 -8 -112
70 -55 10 115 -4 -38 51 17 90 -69 59 77 -71 -110 118 -25 113 -95 78 -112 -57 36 -91 -1 95 -65 62 -103 -20 -86 -31 -16 -81 -6 -33 -53 67 115 11 122 -76 103 -95 46 -40 -122 1 -88 -58 6 -80 -97 -91 23 124 61 31 49 -106 48 30 78 -60 13
-57 -60 -17 -69 -20 -118 -50 -119 66 39 -86 -109 -103 92 30 -121 25 34 40 -31 -105 44 83 119 67 75 -78 89 90 8 -12 -50 -16 62 -101 -116 -106 -105 12 -48 -119 -12 -7 96 -43 44 -122 125 12 36 67 31 -10 -128 -28 -83 27 50 -92 81 69 -41 -36 -25
-115 -19 14 -16 31 109 91 47 120 112 114 20 -25 114 97 101 16 0 100 -32 -113 1 105 -95 -90 -34 60 -46 -3 100 -94 12 -10 35 -44 26 39 33 -58 -35 -92 -109 -121 73 111 83 4 34 -45 116 35 122 69 -94 -118 -39 -114 52 -40 1 126 -117 47 -22
39 -97 74 -122 34 106 -33 49 -62 -30 118 -102 80 51 -61 -1 83 -21 -25 81 -126 -108 63 75 115 116 -36 87 -8 -20 101 5 -11 -106 57 -20 -125 -92 -105 103 -95 56 -19 11 95 -122 99 68 -63 50 -106 97 -89 -107 -110 95 -116 95 2 -44 72 97 -89 104
-92 -65 40 -8 -115 -98 -98 58 36 -53 38 -62 -59 -85 -126 -3 35 54 -15 127 63 29 -76 -56 127 -72 -24 -37 107 45 122 57 -4 -47 -12 -12 -121 54 -79 -30 29 -64 -20 -115 103 85 -120 71 125 79 -64 78 -3 -103 48 -125 84 127 49 -24 74 -61 97 -30
52 35 29 66 -117 89 21 -9 -91 31 124 -93 -117 -85 -2 112 -30 -114 -102 68 57 76 102 -54 127 -66 -119 85 86 48 86 -5 68 -55 -82 23 12 -113 -73 15 -50 -68 -126 78 37 -115 -85 68 63 51 -7 -57 -82 44 105 -90 -92 115 42 -120 -111 33 82 78
-1 97 -69 101 66 15 127 27 -96 80 -106 85 -102 43 -101 -74 74 -40 48 121 81 89 86 -99 -12 -100 -15 -119 -76 -101 -58 12 -77 -117 15 107 -48 83 -30 38 34 60 -13 -43 -10 93 -107 -100 -27 -33 -2 22 96 32 85 -33 94 -45 111 19 -11 118 71 -115
-43 72 89 -101 -126 109 59 -85 -116 -15 118 -106 85 -107 47 111 9 -56 9 -87 93 33 8 108 -105 -53 104 15 -25 -91 104 122 76 -49 118 -66 -81 62 -77 -23 25 -25 -91 126 32 -95 -38 -2 -111 26 -99 11 -87 69 -36 -14 -28 -14 38 -58 -22 -38 6 -126
-25 124 -121 -54 19 -64 -56 -10 95 41 -111 -105 89 63 32 -109 51 4 -122 77 15 -13 102 106 -19 99 125 114 -64 -103 9 42 13 -8 -6 58 -52 -33 -103 -121 -123 96 -113 -82 3 -86 -34 -66 97 -57 -81 -57 54 -88 -59 117 87 -73 -107 72 89 65 19 -64
-52 -69 -66 111 94 12 71 -31 62 -26 -95 -12 -13 18 -101 -70 -123 -128 126 -63 -88 -17 79 -76 -52 -44 81 -39 124 89 -78 -125 -90 -1 20 -103 122 -67 -123 23 19 38 -86 -42 62 -68 -93 101 -82 110 45 56 7 -18 39 49 -76 -9 -114 -98 -74 -20 49 -82
42 66 -47 -123 -16 105 -116 114 21 -108 0 121 44 93 -25 -6 -41 26 40 124 -97 -106 -91 118 -83 -126 -113 100 -103 -42 105 -112 -117 111 42 -27 -94 95 49 -72 113 21 8 47 -1 65 -101 76 -77 56 -100 -99 -6 -83 31 -109 -16 112 19 73 113 91 82 -17
-21 -62 18 -15 69 27 -22 -92 22 6 -4 -35 -71 -4 20 81 -83 56 -74 121 -50 -125 127 -118 28 74 -80 103 21 -96 -109 55 -126 -128 79 127 -111 -111 54 -121 111 -68 -72 -56 -118 32 -113 -45 21 -113 -40 -79 0 -39 13 22 -9 -104 -31 41 2 114 113 108
13 62 12 40 113 122 73 -80 42 -62 55 -48 5 76 16 87 111 17 -40 -24 -82 8 3 -18 -8 5 53 -100 52 -94 69 90 -86 -98 -119 -59 125 33 -2 107 -87 -76 7 -28 -94 -27 -47 -70 -99 122 96 24 126 79 -41 101 63 74 -47 -31 67 -56 59 -79
82 -54 -12 74 -117 -118 -51 115 118 95 -56 -125 -96 88 89 -23 -128 101 -103 -120 -122 13 -59 52 31 70 -111 -30 -85 76 -16 -27 71 108 -18 31 -35 52 -3 66 -26 30 -103 38 -109 -52 -36 58 -22 119 112 63 -64 -2 -110 96 -109 -53 46 28 77 -51 123 -65
119 55 -65 -71 -128 43 -126 -78 44 -127 -54 40 5 71 -20 96 50 109 -52 -93 -41 -4 -63 111 76 115 40 -85 102 -70 -94 109 -40 72 79 121 100 98 35 -23 -117 49 -50 96 27 -11 -1 52 66 -36 12 -66 12 -79 76 -39 35 25 -75 -99 93 -116 -19 11
66 116 -57 54 67 -9 97 -128 106 -59 118 -46 -115 -62 -27 56 106 -78 -82 -26 -108 3 9 -5 81 90 35 -76 41 44 -116 -102 108 -49 -115 117 77 114 64 13 -56 91 -72 -27 106 33 93 67 114 -89 64 86 -48 -119 -11 86 81 103 -52 -27 -11 -103 36 -40
-84 -116 51 23 101 -12 -118 126 84 -34 -76 0 -113 102 76 -46 90 -96 19 -117 36 9 -87 -45 -79 -87 39 -124 25 -32 93 72 -2 9 30 -76 98 -9 114 -111 98 81 35 -14 119 31 -126 77 16 -89 22 40 -89 -9 -119 -96 72 51 110 86 -76 97 -86 -77
111 -39 31 59 121 -48 -106 103 47 30 96 87 50 -110 51 -121 60 -37 -124 96 20 -79 -105 -25 -120 -15 -98 -78 54 -5 -96 -121 62 -70 -98 50 -89 -54 -53 -78 106 -7 56 -49 65 -128 46 10 115 13 47 113 6 -86 -60 26 -9 7 -36 62 72 -99 111 85
86 80 32 -29 120 104 -54 96 -101 -112 -100 -15 -97 85 46 -56 -87 11 -54 57 99 -6 -124 -2 3 24 21 61 47 -67 -97 1 -125 -105 -45 116 101 -26 16 14 -99 -61 -96 96 -41 -3 14 76 -25 -124 -86 42 54 44 108 15 -104 -110 -116 104 75 -58 2 -69
113 -126 14 -63 -91 63 47 -7 120 21 94 47 104 99 -18 -2 123 -98 33 33 -63 71 -104 -36 80 122 66 0 -48 90 -101 86 -102 -100 -117 -32 77 78 -100 -89 77 -102 124 -118 -47 120 -102 2 -100 -122 -83 59 -20 28 -107 -41 115 -98 24 18 6 89 104 -127
-101 23 -90 -80 39 75 2 99 10 47 -51 -6 103 73 74 123 12 -86 25 -128 58 105 87 -96 -100 -66 -10 110 116 102 71 27 120 61 31 -100 70 -70 -73 -76 127 -95 -22 -54 -77 -128 82 -91 77 -110 -51 125 54 -2 -48 -53 73 48 51 16 55 82 109 -50
111 117 78 -28 74 18 24 37 36 -27 -108 102 84 43 52 -122 -101 51 40 110 -59 -18 59 94 -92 -11 -9 126 86 6 62 52 104 -119 100 -6 95 85 59 -16 -20 1 -34 111 12 -96 17 -87 89 44 39 66 53 -118 -114 102 69 76 -127 -90 -92 -19 -34 10
59 3 80 -35 -87 92 111 -85 -72 21 -75 22 -74 67 -98 -48 -28 115 81 60 117 58 -128 8 7 87 10 17 -17 77 20 -62 61 108 -60 -40 -50 -77 37 -93 -24 35 -48 -122 -58 44 -2 68 -5 -123 -76 79 -30 94 -75 30 83 -79 84 -9 -100 69 99 38
61 64 -68 -12 10 86 -96 35 -92 -33 -45 69 -124 80 51 -78 -73 -51 108 -22 -105 21 -93 113 15 -59 -83 -46 52 85 92 -61 -31 -46 -122 -18 -9 101 78 77 12 116 -126 28 125 -50 -74 -119 9 -50 113 110 -73 11 5 114 116 -75 -105 -68 103 23 16 -91
-11 -90 92 49 25 -52 -66 47 -39 -38 -28 -82 16 19 -125 -80 -22 80 103 95 91 -19 36 -84 110 -108 -42 -16 41 -51 61 29 40 -100 -94 -83 97 -3 41 24 -43 -92 45 -27 68 -11 -27 -9 -37 -34 123 21 106 -124 112 95 121 -77 51 -128 -56 -46 -17 64
-101 -92 -128 123 -11 35 39 -97 -69 26 76 47 -23 71 101 75 67 111 75 -86 21 -62 -95 92 -102 -10 -68 52 -83 66 110 -128 -23 87 -8 -4 101 63 6 -102 -43 -45 -59 -5 -78 127 64 59 -57 -125 -87 -121 67 -70 47 -54 123 -49 118 117 -48 116 76 117
34 -127 -53 -8 58 -63 103 -74 30 127 -54 62 -7 -6 82 -26 -19 -16 -83 16 87 125 40 -14 122 -84 73 -96 108 84 87 -112 31 -121 58 52 126 -90 81 85 -121 35 -13 -68 62 -105 72 47 116 78 13 127 -10 -113 -120 -78 -83 54 -76 -67 12 109 -6 115
-49 2 -78 68 -84 -126 -24 100 18 46 67 74 110 78 57 107 35 111 -43 67 75 38 38 12 12 111 -89 86 -114 73 100 96 35 88 -107 -93 -66 -28 37 -91 77 18 57 86 -72 -70 48 -18 72 -10 11 22 -28 35 32 99 51 -81 -37 -119 -110 -100 -33 -65
122 68 42 -127 65 -56 -96 -19 12 -125 -37 -61 -1 20 -1 -61 0 54 86 15 113 20 65 127 -101 19 -112 -37 -56 26 -9 -13 -57 105 10 -25 36 115 70 -105 73 -90 -114 -47 84 114 47 -26 34 125 74 95 -118 -20 99 32 -47 -88 66 35 -12 -48 -4 127
87 19 -63 125 -16 63 -124 -105 44 41 27 78 -50 89 -12 -47 -48 -36 6 110 -9 -123 -127 61 -32 -31 80 -81 105 45 -20 -94 91 -109 54 98 -44 88 6 33 56 84 -79 43 1 107 36 -120 110 -26 -52 126 122 53 43 -58 -19 45 74 -96 -44 124 1 -108
103 -23 -103 -124 -1 -112 -76 -1 -29 48 -71 -50 -77 85 60 90 55 -54 -54 5 40 -124 -39 6 -65 -64 7 52 -72 123 68 78 -75 126 -127 -12 82 -86 44 47 64 -31 21 -68 -103 -106 67 -61 92 -57 -91 39 -41 123 7 -101 -102 16 7 20 -84 -82 -43 121
73 74 73 118 9 -95 76 18 -96 107 83 92 -51 41 40 125 17 94 -20 -122 68 98 -113 62 -119 -44 -69 -92 54 41 -92 66 -21 -23 -84 -68 1 -65 -90 -83 58 127 38 117 -10 80 -121 -92 -72 55 104 8 70 -78 125 76 -62 70 61 -38 -18 59 -95 117
116 -95 -28 36 -50 -44 2 -75 87 85 96 -101 2 119 48 80 -7 -46 -45 -39 -60 -80 126 -70 5 32 54 -16 76 23 -43 -43 20 63 40 53 -124 -88 -40 127 121 -97 8 -26 126 -107 108 125 -59 25 54 117 64 23 118 3 119 -88 -67 2 -5 5 19 66
-7 -12 42 -59 127 116 48 2 113 59 62 -62 61 -114 35 11 110 -73 81 40 -66 -99 83 -107 -81 -80 -97 -128 -49 110 43 -49 28 92 110 86 83 -100 91 -57 -63 -118 26 84 -29 -65 -23 25 -110 62 -28 -36 106 -35 36 123 120 -58 -24 77 72 48 -78 79
50 118 -7 79 -16 -82 52 -100 -2 109 33 26 -95 97 15 34 68 59 87 -124 -9 -125 95 42 90 -24 2 -37 -4 83 24 -128 -33 113 47 104 93 -74 78 35 15 -121 -39 -110 -24 -123 -63 -50 -25 75 -25 -33 87 90 112 -81 17 -115 -60 87 -33 115 -84 -107
106 14 -18 117 -55 -7 -128 -74 -100 -14 -31 54 -1 -32 88 -50 -7 64 -120 58 79 -40 43 -53 -43 21 75 35 5 -44 98 -111 -78 116 41 2 -68 47 120 -10 -22 97 60 -17 -57 101 -2 -65 87 42 -23 -70 85 60 55 93 -24 -7 105 -48 -107 58 -62 49
-61 60 40 38 29 -79 -120 -24 69 74 -64 -4 74 111 -69 67 121 -52 -63 47 116 -55 117 126 -20 89 -100 99 70 80 -97 -46 102 41 -71 39 -43 -50 51 77 104 -49 101 56 55 -58 113 116 -88 -25 -65 118 103 41 57 -84 36 106 -13 100 127 -30 -48 -86
41 -128 69 36 -112 20 33 -99 -118 79 -91 24 1 -114 43 -92 38 109 98 -15 64 -75 34 -15 24 -109 -28 -36 9 -12 56 -22 122 40 -97 90 -20 50 102 -121 -52 47 36 48 -88 16 -52 -64 -55 61 103 69 24 -108 -35 118 1 101 -92 78 -122 13 -96 -12
-1 -96 54 25 -89 50 -63 -6 109 -24 -60 -42 -6 72 120 104 104 21 103 57 57 32 98 -90 72 19 77 -49 17 -49 46 77 79 -19 0 62 -125 89 -52 -102 -48 62 114 -116 87 -16 -35 -46 28 -68 46 -53 -40 80 -44 41 -89 -73 -43 -102 -14 119 -74 -123
-86 -104 115 75 0 6 -124 70 -121 -111 30 -38 -21 -19 -13 106 62 -60 -8 -99 -50 -89 104 84 -37 14 -9 -110 -19 39 13 27 113 -85 124 -112 15 2 -22 27 -5 33 17 -73 115 -60 20 -66 -5 41 71 21 108 45 101 -111 15 119 -10 86 -75 -22 127 123
109 -73 -21 -105 118 -85 -45 -113 -40 16 22 33 -61 -52 37 -5 -49 34 96 -72 53 95 -5 88 -104 101 89 -42 119 -14 82 8 39 7 -98 90 -19 -107 -74 97 24 118 -65 -52 -17 68 87 -2 -104 -77 -76 -117 16 95 -117 -12 -11 -127 78 12 46 49 -91 -17
-123 -81 10 -114 5 107 1 -39 40 66 -91 -86 -18 18 57 -3 78 -127 95 -12 -60 -22 2 -117 110 -31 -92 62 -114 110 -8 83 -60 118 -118 -67 -66 -67 25 61 -109 -29 121 17 71 9 -28 7 46 106 -126 54 -126 0 28 -78 58 -26 33 48 91 125 31 98
-94 -11 90 -72 114 -125 10 -74 123 17 -14 83 67 7 -96 -54 79 -68 27 74 54 -20 -90 -15 36 -66 -100 -69 -61 73 3 123 -49 108 28 4 100 -13 -7 3 64 -21 -113 -31 -39 78 -92 5 -98 30 115 92 85 23 124 -18 -80 118 16 -62 41 -36 17 -72
103 -40 -44 37 -91 8 -102 10 -93 95 31 75 56 -81 16 -102 74 -20 36 -98 119 -47 84 -43 48 69 -18 34 76 -40 11 -47 91 -83 97 73 108 116 -80 72 2 -88 -20 59 119 -75 -46 -54 6 0 103 45 122 67 35 1 105 23 -27 -118 38 -74 -95 -101
56 -20 -47 35 124 -79 -2 -4 113 8 100 62 -68 125 15 91 -35 -2 17 -64 -102 -24 94 85 -66 76 8 104 -72 11 -84 23 24 94 94 -97 43 26 88 85 28 98 -75 -20 -112 108 -37 11 7 -111 27 -2 -107 -63 -31 -73 -9 27 117 74 -62 79 -52 -18
38 87 44 107 97 0 60 33 -8 -66 62 104 25 -83 98 30 -65 -63 64 36 -14 69 -99 -23 -109 33 -61 -39 38 -104 -18 -50 44 27 -112 -42 -43 -96 40 16 99 39 44 33 48 112 -60 -114 51 5 -4 8 -41 27 -125 -23 -128 62 -74 -78 -75 -51 89 -83
-85 49 115 126 -76 106 26 -3 79 -16 -20 74 -10 -85 72 -97 -25 -110 106 -16 71 -127 -123 -65 24 75 -79 30 -79 47 -44 94 13 46 55 113 -110 -33 -18 102 75 12 -24 92 104 36 -17 -106 -37 -62 21 109 83 -40 -112 81 -45 58 85 41 85 -21 -75 7
-123 101 87 -47 -102 -90 112 107 85 76 -123 -19 -18 1 -17 -46 -55 -41 -21 84 -62 37 106 -25 -77 63 60 24 8 -46 87 35 -127 -114 56 -39 -117 72 -57 -114 -3 3 98 118 -24 -73 47 88 100 -123 112 -59 -46 -59 43 -67 5 -5 -61 22 -21 -12 107 -44
-23 5 100 97 27 68 -100 -104 10 36 116 -78 110 105 -10 -63 39 -124 -128 -71 101 3 -19 96 87 36 -103 7 49 28 29 79 -103 98 -115 109 -34 -32 0 -16 52 18 -93 -85 -115 66 -89 -123 51 -37 42 -91 58 -7 -46 19 -102 49 54 64 38 44 -16 -9
122 -96 -126 -19 12 49 123 -107 1 114 59 -35 79 93 40 46 -67 44 -62 -76 30 121 79 110 23 -20 67 63 -93 -42 11 -125 -40 8 11 46 -76 -47 -88 -6 101 36 -98 -58 -7 -113 2 -67 -73 -16 3 83 -7 -83 -5 -4 -8 -103 -74 -118 -116 -19 -28 98
-44 -77 -108 -113 57 81 85 -13 -72 7 36 67 -60 -26 103 18 15 60 22 50 -19 -2 -127 16 77 -69 -1 -93 -11 99 110 84 104 -47 30 98 -110 83 -124 91 -62 -4 -115 -102 -3 -88 -39 126 39 -111 -7 -21 -46 37 -37 102 -79 -80 88 -91 23 -104 -36 103
19 -111 32 7 -128 79 124 11 -52 18 -87 114 37 -27 112 -34 18 53 -34 -28 -104 -122 73 -24 99 64 -24 -77 -80 -71 81 19 -20 -13 -1 -78 8 39 12 -49 1 15 27 -12 91 -95 56 55 -98 86 36 66 97 -9 66 106 50 42 115 -69 -98 60 117 40
-62 -23 -38 -2 61 114 -36 -102 34 24 4 -54 98 -69 -103 0 67 92 -67 104 50 77 20 -46 25 -17 56 -122 17 -123 43 -106 71 7 30 -72 109 5 -34 50 0 -92 108 109 34 -108 -27 91 -88 -72 114 29 45 -96 -67 -61 106 -47 -5 -78 -11 -43 64 -122
-77 50 -76 52 91 88 1 118 -117 57 -61 72 -5 74 -126 -74 52 89 40 -2 -62 93 0 -7 -127 12 9 -64 46 -101 -42 -49 -126 -47 100 125 -85 -23 81 42 93 33 -75 7 -34 -15 -31 60 -66 115 64 110 5 22 -53 3 115 52 68 78 -94 19 103 88
-40 -117 88 -92 -114 -69 -81 118 -84 83 -52 -12 -83 42 63 -110 87 113 47 101 -124 90 -48 126 -70 95 97 115 69 51 -74 69 104 9 98 -42 -15 116 -9 -124 -119 73 60 -121 88 -105 -65 -11 95 33 97 -104 -69 53 -56 73 1 -18 -76 88 -14 -78 -63 89
-48 -13 116 98 -126 -2 -73 114 23 -68 123 -100 -32 42 11 -93 -101 -92 -77 -114 -62 16 55 55 108 -99 66 0 -15 -6 82 -40 95 -42 36 -89 1 -75 -4 12 -105 -34 -55 61 92 -61 33 0 -53 -89 49 101 -59 -36 -24 45 -18 33 0 -27 -15 -8 -28 -68
-3 -114 -115 -57 -23 -19 -93 -41 -76 76 -69 94 -4 -13 -61 45 79 58 -119 -5 50 -56 -7 -15 56 75 38 -48 -18 -66 -36 45 109 -39 -62 90 -14 -82 -89 -107 -90 -5 -19 80 -111 -38 109 -58 -123 -63 72 -109 -102 45 -87 38 -128 -77 64 81 87 -112 29 13
17 -15 -109 -57 25 73 17 42 -59 -23 -97 112 -77 -17 31 -3 120 -66 -24 -115 55 42 -34 -44 -127 20 -100 36 27 70 -10 -49 47 109 -85 -66 -31 -76 98 69 63 -44 44 -42 -10 14 -19 -5 -51 42 90 -79 -77 -8 58 -47 19 5 -103 -107 112 6 -87 80
-119 109 97 -121 -56 -59 106 -10 -108 17 56 -56 64 18 -86 -3 54 -67 59 96 -100 43 85 -86 -107 52 43 -89 -121 -54 -77 -5 -123 -8 -3 124 87 -83 33 -5 -118 59 -27 0 -74 34 18 25 -30 -70 75 -8 1 7 93 -81 1 -20 -95 -15 -41 17 -81 64
14 -104 -100 33 -45 -3 -35 -98 -28 110 -77 70 60 -34 94 73 -33 -9 108 95 49 95 -31 18 -113 122 -44 -20 -30 -70 70 -38 -93 -92 68 74 124 -120 44 -63 -35 114 20 81 54 -16 -128 95 127 45 -27 -36 -75 29 83 -14 -65 33 -67 -35 -71 123 5 56
-16 74 -111 106 103 55 -30 -13 -71 23 125 29 -94 102 -99 124 -16 109 100 109 23 72 -111 72 56 -69 -45 -123 -107 -69 -113 120 -103 -116 96 -2 -15 -35 -87 48 112 -53 -90 -21 105 47 36 -69 -34 -11 -83 -99 85 26 75 -32 67 -73 79 97 34 -26 65 95
-109 -22 -93 -64 88 92 106 14 80 -127 24 13 -67 -82 52 107 -82 56 -25 -55 -78 7 16 -62 -77 111 -58 71 -25 25 71 106 103 14 -82 -99 -51 -105 -122 7 -31 -73 127 106 10 -79 59 12 6 -8 67 101 99 83 -44 117 -126 -62 41 -90 -100 57 -80 -100
21 -65 1 68 49 85 38 54 -41 -32 -101 95 115 6 35 -61 31 69 17 7 -74 20 -101 -24 -72 57 122 66 6 -124 73 -62 -56 -89 -42 16 -66 -22 -102 3 -15 99 86 113 87 87 81 -125 -40 -32 81 107 -43 -73 -30 39 32 85 -109 115 -26 -53 105 103
27 123 57 -99 81 107 -38 3 5 73 43 111 105 -126 -87 -113 -43 -43 40 97 65 7 -58 -80 28 -80 45 43 -127 96 -41 -118 62 107 -91 47 -55 8 -111 73 -58 -34 125 -79 -61 121 115 111 -121 -57 -48 99 -94 -53 30 -105 -6 14 -61 3 22 -66 107 -40
12 -127 45 -86 -77 68 102 -44 5 9 29 -64 -51 -3 106 -77 108 120 -63 113 -124 3 -6 -120 51 11 71 -91 103 -19 19 124 -33 -103 -45 37 70 -120 -70 -72 34 86 -102 -42 -82 -88 -86 -88 46 -125 -59 44 -125 -72 83 -119 14 -119 -7 -59 119 -113 52 121
-104 24 39 -16 31 -93 7 27 -38 -112 -4 -110 104 -103 106 -72 -125 -125 120 121 31 -67 79 -110 123 124 -67 5 82 -74 -25 5 31 -64 -53 29 -37 20 -73 -28 100 -22 95 -16 -56 55 -67 86 42 16 22 108 55 -18 -125 86 -50 33 -60 35 23 -80 36 20
40 -31 117 -96 106 -100 -30 -35 1 -34 38 -47 -29 73 -61 -9 47 -117 15 41 -67 101 115 -93 27 -29 -54 34 -120 -113 34 19 -92 118 -127 -81 100 76 -112 -104 16 63 -28 85 -117 32 106 -110 -61 -29 -37 -19 24 55 -120 71 -80 -53 58 -60 -59 66 101 60
-117 -85 112 43 -83 -117 63 94 -33 86 71 9 -113 47 24 -55 64 105 84 42 7 -50 -97 -62 -12 -122 23 117 -118 -46 68 79 -117 -91 -15 -4 -56 -118 123 -109 -73 -80 58 17 -109 22 -57 41 -7 -32 -104 125 -83 -83 5 -103 53 -87 84 102 0 -97 57 62
-123 76 -75 -99 -57 54 18 24 -108 117 31 83 102 124 -94 24 -102 -3 39 -94 -16 112 108 -53 61 68 -105 -103 78 -104 -7 10 -13 108 -83 38 5 -91 62 26 10 -10 -73 -45 -110 78 103 110 20 57 -40 -52 33 119 -59 53 7 -60 -36 -98 45 91 -113 -1
4 -18 -109 105 -52 11 81 -107 69 72 -39 -10 2 81 21 9 116 118 -39 79 109 -102 45 48 -92 -92 -118 64 52 -48 -67 -99 -29 31 -101 -87 36 -9 56 81 -80 -79 -106 63 -67 -15 -64 40 104 -83 40 -41 -118 67 11 -46 -90 6 76 -63 -41 -105 -68 -127
-65 11 16 71 -102 41 102 -8 39 -26 77 -94 -128 21 -20 -79 64 -64 -122 43 -128 122 57 99 9 -77 19 -90 -55 112 -101 21 -83 67 -53 55 9 49 67 3 -31 52 116 -35 -48 -49 40 106 -38 -113 -3 4 -36 127 -94 95 16 -57 66 101 75 77 21 -32
-79 -1 -77 13 -6 51 32 61 15 104 -75 126 -41 9 -19 18 -48 35 68 -51 -72 -26 -38 125 -42 -56 34 55 -108 -15 -20 -18 96 24 96 -43 44 28 98 -35 -123 127 -25 -118 6 -40 -116 43 85 -15 80 -92 105 97 -54 94 -92 31 96 71 -123 50 -54 77
46 -19 52 -96 97 103 -1 27 17 -6 -53 -67 -73 47 -60 -72 -39 -113 95 3 14 41 27 -9 50 -5 79 62 59 -111 -40 -104 68 34 56 115 63 32 -45 30 -11 0 -60 122 -82 -54 61 -96 68 -74 -6 -55 10 -38 66 98 -106 40 -51 -25 109 101 -100 -97
23 41 9 66 41 -5 34 -67 60 43 -87 41 -44 73 -79 -116 52 -121 -11 31 -63 -56 5 -97 4 -11 29 28 -93 5 -42 53 -15 -62 59 100 11 -39 22 -82 74 62 70 17 -21 49 -45 -75 -11 -14 -92 114 47 -113 -77 35 89 32 -2 -114 91 -68 -112 88
81 -103 -30 17 27 57 -23 -101 -81 -56 13 123 -71 123 111 -54 20 -117 -50 10 3 122 31 -10 -6 -21 -113 -38 -53 106 87 -104 -80 -76 50 22 -19 -82 -23 -90 126 97 104 73 -106 -91 107 118 -30 77 -58 -59 -118 122 55 -84 -31 102 21 -87 -30 -124 -26 76
-62 -95 -108 -90 71 119 -119 101 -65 40 -86 -23 -117 -22 120 43 -125 -67 38 -106 -27 93 43 77 -38 -124 -40 -108 -55 -103 107 -18 15 47 -116 54 -88 -49 -18 75 14 2 122 47 32 33 38 25 48 -43 -110 -116 48 124 -44 -51 49 -114 -64 79 125 33 -112 -24
-38 28 -55 -88 57 -35 -85 54 -111 16 -27 -45 107 126 57 -7 -108 -30 -10 70 -23 -40 3 -4 78 -41 -119 -7 75 -72 -4 -42 126 -9 -14 -10 -26 16 15 -26 -46 -13 61 -104 63 38 -68 38 -70 68 -29 -116 -60 -72 -22 -108 75 -44 95 75 107 -112 40 51
-27 -34 91 -89 103 -128 -1 -117 24 -46 -27 -26 -86 -66 -72 15 20 -120 12 103 -50 109 -7 109 -46 -88 -14 17 22 77 63 -53 -35 72 -50 37 -29 -67 66 -78 95 17 46 60 103 68 78 -55 70 10 89 34 54 2 89 -32 20 83 -2 -88 -77 88 -98 73
47 46 -17 -125 -25 -74 1 -127 92 -103 -124 -107 -28 -14 -36 -45 -109 95 13 13 -114 47 10 -79 -24 66 115 68 61 -38 -57 7 71 -121 76 -14 -3 -35 -113 -46 59 -28 15 122 -55 -9 34 -48 54 83 77 -97 -15 105 33 -84 -9 -67 18 14 -40 109 14 -88
-62 69 -67 -50 84 3 25 38 106 23 -27 -9 41 25 119 81 25 -121 -106 98 26 -5 38 -24 108 77 60 23 -56 -19 102 -59 -22 106 -95 83 110 -105 27 87 124 -102 61 11 -11 -50 -61 91 125 -104 94 -87 90 -60 122 -98 -102 -22 99 83 1 -120 -77 -126
-87 27 -48 -15 102 -40 -23 15 -30 -81 -74 -56 -69 120 45 106 50 63 122 -4 97 -113 32 96 95 42 -84 28 109 -105 -53 58 -79 23 -11 58 28 -42 101 -128 100 37 -67 52 -93 -4 -105 38 4 22 -29 47 -33 115 115 -119 -100 -13 -61 -77 -111 70 -102 -9
-110 -33 -46 96 66 79 66 -47 -89 -25 98 -83 -78 78 -9 115 109 40 -79 104 -44 41 48 -91 95 -87 -19 113 -90 99 -4 102 65 97 102 105 56 39 89 -101 -120 37 94 75 -27 28 54 -20 -102 18 -25 14 -68 86 -5 -128 92 -93 13 -82 -51 94 -125 -83
-38 -35 111 5 -68 -71 120 51 -30 -80 -110 23 -65 115 35 -123 83 -47 48 -15 44 -65 -107 -86 63 -40 -95 70 -32 113 -90 39 102 70 62 -39 -108 -10 24 -84 127 -52 15 -95 -100 90 -37 -102 -84 -24 -41 55 -65 75 0 53 19 -85 -27 -102 116 57 26 -88
77 -56 78 100 -115 32 74 -65 89 -55 -72 65 -127 -11 -7 -45 -59 116 46 -76 81 -54 -88 38 115 -28 14 114 97 -2 -17 -57 126 -33 73 82 11 119 -14 32 -8 -3 67 117 -61 -120 -91 -46 39 6 87 -98 4 50 -95 74 -76 103 -54 -92 96 -11 61 34
27 -20 -52 -60 -45 122 46 -36 -89 -74 98 -99 -14 88 -31 -69 125 4 1 10 122 -69 -64 -48 -90 48 -74 16 -4 62 49 -69 -111 64 41 -79 -114 20 -75 -92 -119 -17 26 17 -77 41 52 -39 109 113 -37 -14 81 51 -86 58 5 -66 -128 46 -49 -20 -54 -61
104 -93 101 -84 40 -121 48 83 49 94 -37 103 82 -60 18 -9 107 33 98 114 -27 67 43 -60 -36 105 69 -103 93 -43 76 -90 -52 28 -26 -19 -120 34 -100 68 -25 -14 3 -15 -116 32 -14 -109 120 92 -25 -81 -117 19 40 2 -24 -4 62 114 23 -10 -127 20
45 11 -11 38 -57 -23 -115 -27 -58 -102 35 -73 -123 36 -95 76 38 8 54 -91 10 -40 8 -16 -106 77 6 -96 95 -92 -21 6 -75 94 117 -77 14 26 -102 -103 -92 108 -4 -64 94 -100 51 -17 50 108 -10 117 119 -2 57 12 43 -123 -36 -6 29 0 78 -52
118 -10 106 -82 70 73 29 -87 -41 77 -86 -42 -108 -123 -83 -59 26 -43 69 72 49 -105 92 -41 -83 -91 110 -94 122 53 -49 55 -102 121 117 -2 -22 -45 -23 -9 -98 88 -104 -86 -72 -65 -34 -90 35 -57 72 -53 -15 -33 -124 -31 73 60 -120 114 -39 -30 100 63
42 10 3 117 89 -96 37 66 71 -71 3 -87 91 -50 -35 -97 32 43 -125 -86 -107 125 -32 -73 16 82 25 105 54 -64 -108 -38 113 5 73 97 -64 -54 -116 71 80 17 88 -65 -26 -45 -44 -69 84 55 -85 -28 6 7 51 -12 -117 70 41 117 9 -91 87 -79
28 -74 -90 -84 -97 119 13 -22 -111 101 -98 -110 -105 -65 12 -116 -21 -33 26 -46 -104 -107 -46 -61 124 -113 -116 -120 81 -78 -100 10 12 109 74 82 90 19 -27 12 -128 24 -101 -104 38 58 -105 17 85 -99 53 61 88 -62 -24 -128 -50 12 -2 -15 -91 -25 16 26
71 -1 -84 -95 45 -49 -104 79 -68 68 110 125 126 67 97 117 82 14 117 -115 -79 101 -51 -71 70 67 74 -106 58 -66 -76 -85 92 -44 -45 -3 24 -10 56 17 26 -10 9 -110 -96 81 -52 -31 120 -91 -109 -47 103 -55 9 -62 126 -87 -61 23 -80 -4 85 -96
47 45 -27 6 -96 -33 31 -124 -41 -40 77 99 64 -62 -42 -69 60 -26 -90 26 -25 0 39 9 44 46 60 66 74 5 19 100 -71 -32 -71 11 18 54 56 122 110 10 86 -87 -67 -112 78 -75 -55 -16 -119 89 -112 73 83 -94 -64 63 -119 75 50 122 122 32
-50 -83 74 -29 4 89 124 84 -60 -93 -23 -43 31 -36 -98 101 121 -38 76 42 20 -10 -127 122 87 88 -81 -17 55 114 -75 -54 9 71 -62 95 -29 -29 38 33 107 103 38 71 -14 29 -117 123 4 -20 46 54 -37 -22 -121 -39 -64 100 -70 -64 6 50 -20 -36
-56 -3 -122 -116 -124 -20 -41 -46 23 -45 -108 -61 77 109 -87 66 -4 121 -121 14 -48 81 2 -77 -9 95 94 70 84 16 -95 10 68 -22 44 48 -121 -10 -116 -80 113 45 79 -39 -85 120 21 -39 13 -20 -38 57 -112 87 95 -60 -61 113 103 -124 87 -87 117 126
-37 84 -22 -29 -102 78 -35 -118 77 5 -73 -74 -63 -111 -99 14 8 18 -28 -80 105 -87 -17 88 -43 -3 127 94 -21 -94 -57 -7 80 -125 54 119 116 85 46 -18 12 -44 -11 17 -6 -77 -37 -46 -90 -4 -91 111 122 59 124 9 -103 37 109 -106 27 -56 98 -70
111 -39 -9 -12 40 6 62 -42 100 113 113 -64 -56 109 96 -9 -92 -114 70 -55 -77 -61 120 48 -122 -128 -86 91 -118 -84 -71 -111 76 -16 -93 -7 -85 -32 5 -56 12 -118 -55 -53 121 16 -116 -42 -86 60 -32 -98 54 -67 -93 26 -117 85 -74 -20 -74 57 2 52
-41 -119 67 -1 -67 123 -87 77 -81 0 60 -29 87 5 79 120 -47 -33 -5 50 -112 110 -52 127 78 44 -105 61 110 62 -106 127 -85 -77 -67 68 111 -74 68 -118 -124 -117 63 117 -54 95 123 88 126 16 106 -18 122 -115 67 -62 -114 -7 -84 -90 -105 -123 -43 50
73 52 -1 110 115 -97 -27 -82 -33 -124 70 23 75 -41 116 4 22 -70 79 -82 -42 -103 104 -6 -2 -20 64 -9 -45 40 -9 -108 127 9 48 100 -80 99 96 -20 -79 24 -70 56 39 7 11 -111 -23 86 105 77 -104 10 45 56 109 87 -60 -90 0 55 -81 -112
-104 -98 -2 -101 -108 24 120 -88 -91 -43 -3 -62 76 -15 48 21 58 126 98 -115 122 -12 -101 64 110 13 31 83 -42 24 -19 63 48 -22 -65 -33 0 30 -6 120 1 96 83 23 -21 -45 75 -91 52 -40 20 -94 -64 -93 -49 112 -121 -50 44 79 30 -18 35 104
-64 -39 -66 45 65 -17 120 -54 39 -110 -121 69 56 -66 -104 -120 -59 -99 -126 20 -5 93 44 77 55 -85 79 107 98 -15 31 -15 56 -23 -105 -63 -37 -87 -36 17 83 98 -37 86 -37 81 -47 98 70 91 -53 -58 114 -27 39 -96 -50 -1 46 52 81 -74 17 52
58 -87 -93 47 -41 -114 126 -28 25 -14 -69 4 19 53 -124 -119 -73 -37 86 -23 -7 -41 -34 33 -84 20 53 3 -64 40 -36 -98 84 -35 -31 108 105 -79 -89 -43 123 24 -5 32 -110 -97 3 -51 -104 -75 33 -66 89 -76 -86 29 27 97 -126 38 -93 88 -87 -9
-52 123 -103 -42 50 -64 -79 -26 33 -128 101 32 64 40 -75 76 -26 -9 -82 -35 -104 94 -66 -5 33 -6 118 -126 37 113 -6 7 32 -93 101 -66 45 97 14 114 -103 -110 85 -89 -108 87 -62 -18 110 -2 -67 101 -68 123 45 -108 10 75 1 47 -9 -14 81 45
57 100 -103 9 89 -51 -108 88 15 41 -29 -107 -53 -19 -20 66 -67 -105 109 42 -62 64 -41 -127 97 118 24 104 -11 -21 -32 80 -105 4 -37 49 -54 112 -12 -107 16 -126 -89 46 118 16 97 -31 -58 16 -88 -24 -5 -59 0 -2 127 -34 101 73 -89 80 -65 50
-100 112 -18 -103 75 -46 -91 106 94 86 106 -109 104 43 3 -44 -114 -126 -43 89 111 58 56 -12 39 11 39 -13 -100 -7 -100 115 104 -102 46 -46 12 -53 -89 -2 104 -76 95 32 106 -119 -51 -50 -54 -21 108 107 12 97 120 -65 -102 60 94 43 32 108 91 27
50 83 8 51 -64 -110 24 -44 -118 82 88 -58 19 -10 18 16 -62 -128 -28 79 -38 89 -37 46 78 79 75 27 76 -116 -81 81 60 98 20 83 -117 0 -40 42 42 122 -113 55 -79 -114 33 -117 69 112 117 116 123 105 117 -4 108 27 -72 16 46 42 93 85
7 -59 31 -92 62 98 -20 -102 41 120 24 -126 -19 -10 -41 -15 88 94 9 -93 124 -46 -116 103 -98 33 13 32 -15 -25 -8 -13 -111 -38 -59 68 52 -124 21 -98 106 -115 17 -97 17 89 31 83 16 115 -11 -113 114 -77 22 64 30 -8 -65 -20 125 80 21 51
-23 11 -73 -69 -80 -88 111 -72 -24 -16 -93 72 51 106 -62 111 -16 79 -91 -17 -57 58 10 79 -110 59 -116 -9 -86 -49 -59 12 72 124 -50 -19 -45 -25 -8 60 -61 -28 -58 27 27 95 -128 -89 -35 -51 -118 7 -73 24 83 -8 82 -92 -112 -113 -25 -50 47 -69
-34 -83 85 33 -74 -23 70 -20 123 52 -28 -11 -105 -7 109 2 1 24 -90 90 -82 -111 -86 -51 -80 -60 78 39 -60 -6 -38 72 113 59 -36 -8 37 -15 69 71 83 -24 -87 47 -22 -92 40 -99 -107 -32 -78 62 81 85 55 17 -16 -94 73 -124 -94 89 104 -114
84 103 -17 4 115 -77 64 -74 45 -65 -79 -48 -120 4 63 -27 -16 -46 52 112 -86 105 -9 87 -52 56 51 69 81 -118 -82 91 -47 -33 -112 -20 68 88 44 102 -55 -87 24 97 65 -18 -79 83 -69 -48 -89 118 -106 -12 -86 28 8 69 -20 -30 -43 76 -75 8
-88 -63 -69 91 -49 107 50 111 47 -3 -120 -128 -29 61 -109 -113 -74 1 26 64 46 -75 54 -9 -44 45 108 55 -70 -4 49 1 50 121 61 104 -40 -128 10 30 102 122 79 -56 97 -1 -104 -97 -118 54 39 -126 78 -59 124 71 70 57 32 -2 -47 -57 27 106
119 41 48 -17 96 -103 10 42 111 102 -95 40 51 92 -113 -100 28 10 43 14 35 -48 -105 38 -81 121 10 -3 -20 109 71 84 26 -82 14 -30 37 12 -116 -31 115 -52 47 57 107 52 40 111 -78 -31 54 -4 -37 -112 -118 36 121 49 10 18 23 100 -74 -124
33 -71 2 93 4 34 -22 -5 29 -128 25 79 -112 29 -49 -112 -27 -4 -127 94 56 119 110 112 -90 3 -49 25 -103 -31 -124 118 -49 1 8 -116 75 -48 -120 123 -2 43 -10 -109 47 12 91 102 40 41 -49 4 1 82 63 -1 -10 43 -23 77 114 -89 -121 -8
-3 28 -127 14 112 11 -75 -35 86 19 93 -10 119 -126 76 70 16 8 43 -76 -4 71 -80 -30 -36 45 -123 -94 45 14 -55 22 49 42 -71 99 2 5 -121 -45 96 112 -123 -30 101 9 6 57 -35 -7 -87 22 -27 51 -87 -1 50 -30 -109 41 -16 -97 24 58
-117 86 15 -42 -127 -91 -2 -127 68 -20 -67 5 -120 20 73 -126 -78 4 33 78 -22 17 -83 -62 -59 30 -50 40 88 -9 121 -8 63 -64 -90 84 115 104 -120 8 -1 -73 36 -9 -128 66 107 9 -75 -23 19 -54 58 84 51 -121 -34 -112 93 -94 -17 60 -55 -61
85 -73 113 -113 106 -14 -90 70 107 86 15 12 65 87 16 111 -102 63 -17 -44 24 -23 -67 -101 58 83 -125 31 124 -76 67 29 123 -59 -23 -44 -127 13 57 -30 5 -63 32 -11 -118 -65 -24 10 -16 104 22 77 -12 -85 42 -58 125 -118 93 114 -30 -57 62 -124
44 -104 -68 46 86 86 -85 54 -72 -76 -9 88 -58 5 -93 -60 -4 5 9 22 26 30 63 50 -119 88 -118 61 126 -4 41 23 -98 -5 45 -59 36 12 -104 55 -74 -126 51 -28 100 28 83 8 11 8 -32 86 -62 116 -42 -128 -23 -83 -9 84 -44 0 124 2
-38 31 -115 108 -90 70 32 113 33 -118 -59 98 -80 -97 -33 79 92 -66 3 -27 119 -5 120 100 -121 -114 78 -54 8 -15 81 39 106 -15 43 -13 -32 53 -53 3 7 -84 88 43 127 -114 -94 55 105 -99 -108 -32 -117 9 -109 -11 99 -86 5 101 -63 70 -122 36
14 -120 23 48 9 -80 92 -50 34 33 -125 6 24 -18 99 -12 -91 -124 -38 -114 -26 -45 109 9 -73 -74 91 -55 18 86 -82 79 63 31 -124 -92 114 36 -43 110 -122 -76 100 4 47 17 -93 -25 -50 -89 -56 -117 -29 -80 -30 -28 18 -7 36 60 86 29 18 76
112 48 -122 -47 -29 113 -118 31 -117 83 -3 -30 17 -91 87 26 -5 -77 -8 -8 -54 121 -123 -73 -88 110 6 110 -119 113 -31 11 -23 68 6 115 -72 119 21 91 17 -91 -112 -45 -15 26 108 94 66 99 -7 -69 93 -28 -52 27 -31 94 -34 -93 26 -56 -33 -49
-88 -11 -61 16 -61 83 89 -65 1 -124 125 -80 -27 -6 -82 34 12 14 -94 -49 -34 35 -30 -14 -58 -33 27 -87 -38 -7 96 116 -45 107 96 1 -23 98 70 10 63 44 -58 -25 20 28 -83 -27 -42 -7 -106 74 14 6 -86 44 -54 -120 -12 -98 17 -120 26 59
-15 -42 123 -92 -3 -106 124 62 7 100 0 16 4 -114 -5 120 22 115 43 10 44 -82 -26 -56 -27 77 75 -22 116 63 127 39 42 -35 -119 32 43 92 -71 64 70 -5 -55 -119 -61 -31 24 -107 -18 22 -81 63 53 58 -19 111 -20 -116 75 -115 34 117 6 -82
29 109 -77 83 -21 83 -84 -34 70 99 10 -18 -74 111 -110 2 -87 -96 29 -127 -7 14 112 112 78 13 -36 -80 -90 -122 -15 52 -124 -33 -115 -118 -44 36 -19 89 -92 64 57 -31 -17 0 -52 -29 -34 47 -30 -1 80 62 -63 77 -20 1 -17 32 47 -44 120 -68
10 38 121 25 104 84 -128 -35 -99 -93 -53 82 -85 2 53 108 -84 96 -29 -66 -5 -50 12 -6 -46 -81 -19 33 41 73 90 -91 79 11 60 26 -121 49 -108 -122 -58 19 -29 -22 -64 109 31 -89 14 -76 -5 -5 -45 121 -49 -40 -98 32 -111 -30 127 -3 39 87
112 99 107 35 103 60 -70 -86 120 80 -8 17 -59 127 96 75 -57 -30 104 -64 -82 -58 -73 -113 -1 -120 -11 -103 -75 26 -12 -101 -119 -58 36 11 -107 96 -10 106 33 -51 23 95 -108 -109 116 89 24 -3 81 18 72 110 -111 57 60 116 -62 -44 -4 -122 25 -117
26 -10 -119 9 71 -59 -32 113 100 -123 -1 -110 104 -5 75 92 -61 49 8 14 40 -37 107 102 13 -19 -32 77 89 61 50 114 5 67 84 -120 118 111 79 77 -35 -32 31 75 -44 91 20 -42 -2 69 15 -83 -80 99 -75 -101 -34 -73 73 99 96 73 20 -59
-82 26 100 -33 -95 -11 13 14 13 -64 61 24 -33 -49 -108 80 33 -77 5 -56 85 -124 75 86 -124 73 12 -5 -116 44 34 -32 -100 2 -85 66 -35 44 113 -98 -77 -105 -112 96 -126 82 59 -118 6 -81 -83 -10 -105 97 -99 118 -4 7 86 -30 -43 -65 -77 120
76 61 47 40 -94 21 10 114 -4 104 -52 -75 74 -44 -20 68 77 -98 -11 -97 -120 33 80 97 127 -38 123 67 -96 -106 -102 21 -90 -56 127 44 98 -115 22 114 74 -85 47 40 -11 36 -93 43 20 78 -8 80 38 11 75 -33 92 -61 39 40 100 -107 -109 15
51 -113 -30 125 -14 38 63 96 19 -52 -67 -20 108 127 -29 -63 -97 89 48 -110 118 -94 -61 126 45 -20 -42 4 -18 22 -50 -64 -102 -63 45 -113 -88 -119 53 -77 -84 77 13 -69 -77 117 21 6 95 -6 9 83 -47 -10 -19 -54 -102 -84 65 107 106 50 -40 -25
75 43 -110 108 67 -104 -85 65 -92 8 -7 12 -45 -97 -9 -71 107 28 -99 -118 -56 -90 23 90 15 62 -21 74 41 -30 35 -12 -49 123 45 -56 61 -115 75 -100 -123 -92 51 -71 -13 -104 -8 94 24 -77 -6 99 103 122 -118 -118 -56 1 -122 -44 -61 -31 81 -61
107 -117 32 -80 -23 -72 -39 27 -70 -3 119 82 26 47 -94 -47 114 -61 -2 11 -116 -3 106 44 -85 -18 108 118 -23 41 -120 -31 -80 -116 30 60 26 89 -29 88 98 120 -94 37 66 125 -118 -60 -78 -72 105 -68 78 -6 125 -109 -108 -59 64 67 111 -6 71 11
97 -58 89 27 -64 99 43 108 -96 49 90 -128 -85 -64 13 79 8 79 15 31 -20 -81 96 103 -95 -7 26 -9 -6 -63 -37 -40 -48 -93 63 -2 26 -22 39 -67 -90 -90 -89 68 -107 -108 -109 32 -48 -125 114 -127 -65 92 -44 110 98 22 -27 -91 45 77 91 -116
-87 39 -14 -48 36 -120 82 5 -1 -77 -29 -125 -48 21 69 123 -75 -127 -97 -82 31 -47 -76 -75 75 -40 124 -113 -11 37 -12 -20 38 -10 23 54 93 -49 -71 71 18 -17 -60 5 -93 102 10 -122 57 -5 -40 82 -25 53 -12 -91 -24 -80 33 -63 83 -17 -46 58
-8 83 20 42 82 -66 -29 -27 55 -106 -86 34 -92 95 59 37 78 127 -117 42 -111 87 -34 -76 -84 -43 -112 -53 -85 -8 -115 -103 -16 28 0 110 116 84 20 -74 114 50 113 -118 39 54 -43 71 -9 96 6 -53 42 127 22 61 -80 -5 57 45 48 34 -61 -82
95 0 -32 104 80 -41 61 121 -120 -40 8 -17 -34 -49 -47 79 78 1 1 -102 103 -11 -111 -45 -59 -64 127 35 61 32 52 -73 37 -64 -114 40 5 -84 -45 -93 77 -105 1 -53 79 123 -40 -88 16 -51 -20 2 -92 -15 -2 62 -44 -94 -39 79 81 49 -103 -108
56 -103 -33 -112 90 -54 98 -65 -78 102 -118 64 31 -71 -79 52 -66 -57 79 -112 122 -80 -77 13 -121 89 -13 -92 -75 -80 -86 47 -70 95 -117 -10 -102 11 83 -54 -19 -69 116 43 -58 -60 -4 21 -114 23 55 57 -36 3 -120 -25 -94 23 -40 35 21 -6 -36 -57
-71 -110 5 -12 -32 -57 -51 -110 15 -55 25 -74 -41 -95 -103 -6 48 111 -90 59 90 8 50 -10 -19 114 113 -106 30 87 66 35 -1 -22 23 -106 -49 -28 -111 -9 -93 16 -11 -26 19 -31 -126 -20 -82 -62 -84 -122 17 48 -11 -87 -46 -53 -34 96 31 63 -115 -121
-111 123 -37 -109 29 88 72 -90 -20 120 3 103 -115 121 102 -110 93 33 -117 10 -71 -9 -36 4 -68 -5 56 -122 90 15 42 -89 -2 67 -13 10 -45 88 -65 -10 95 -42 -4 113 -8 -17 113 -31 -76 46 -52 -68 -118 89 41 -58 -79 -8 -10 -112 0 2 71 -103
29 73 -85 52 -15 79 3 80 -6 -73 -8 92 101 116 -66 -120 9 -32 94 89 -3 -61 -12 -81 -40 58 -122 -86 -122 -96 11 107 -8 -69 -12 4 99 -95 -82 80 83 -126 61 -7 86 96 -35 106 -32 106 78 67 11 89 -40 50 -22 115 83 -48 27 -54 62 -45
-45 -83 -8 25 44 3 50 -1 -71 -37 73 80 89 -98 -7 -46 -74 -18 69 13 -80 -107 99 -38 -85 3 -64 -96 -84 31 -8 -32 102 -102 3 -26 95 68 5 42 37 47 120 18 32 -41 -65 102 -115 -14 27 -96 66 -80 -111 0 -127 -72 -13 -2 63 120 51 22
65 3 -16 80 -31 -48 -63 87 119 -53 88 -52 -78 62 23 63 19 63 3 111 80 81 66 72 -119 -10 91 37 69 98 98 40 -87 -88 22 -56 1 -39 69 -62 -8 9 -96 -98 84 -119 101 -20 -110 122 -52 12 101 -93 68 -87 56 -23 -70 -108 124 70 -53 -33
108 -124 90 107 88 106 -2 56 20 -8 111 116 -51 -111 112 54 51 64 90 -108 52 38 113 -11 -117 89 -10 10 -74 -63 4 -75 38 38 -35 -111 40 89 -73 -37 10 -114 84 -122 13 23 -50 21 81 -96 4 118 -82 91 103 3 -41 3 4 -46 -120 57 3 43
22 -9 -112 -90 114 35 -41 37 -121 35 -12 -103 115 -59 118 73 85 -119 53 -69 -40 70 41 -38 47 -79 100 -27 -54 108 29 87 78 -85 30 10 111 -49 -27 90 -77 -4 102 -42 66 67 46 -1 -10 -26 28 71 -30 111 52 47 -70 115 34 106 46 116 18 -25
-4 -89 22 99 120 60 64 -87 -77 -122 -68 31 -20 72 -119 53 52 120 -110 -87 -11 68 47 -81 -29 -35 -79 21 -13 105 41 77 -102 -32 -104 87 -114 39 -22 -71 -101 50 93 -117 30 -12 -9 -92 75 38 10 44 105 89 83 -36 -61 114 108 -65 -42 -40 -13 -97
-48 51 -85 2 -30 8 -126 61 -7 -1 39 -93 126 97 11 -68 -105 -60 -90 -69 -15 -122 108 -87 -32 -32 1 26 105 -78 9 -52 -15 63 -126 -103 103 31 -84 -45 30 13 -69 58 8 -64 15 -53 46 -17 5 41 23 117 -59 40 -67 -72 -118 -121 113 -4 103 -81
116 -85 -42 -80 126 -2 66 -28 108 14 -38 90 -23 106 110 -52 -60 20 10 16 42 -92 73 28 -38 95 77 -44 123 79 -62 19 64 32 -85 87 72 -110 -20 27 71 -78 -50 127 40 -46 123 51 40 -8 -52 -125 -72 -118 -66 -90 38 -26 1 -71 77 -21 94 58
-98 12 -2 88 -124 -18 87 80 117 -125 117 32 -58 34 95 -102 -128 -2 -19 125 -96 33 5 -32 -34 94 105 -22 9 -10 -7 51 99 -15 -65 37 -31 -58 30 -7 -15 -106 25 34 -70 -103 -71 -51 -82 22 -2 53 -14 -53 -38 -10 -76 -40 -33 -15 -62 -127 3 42
-96 117 -105 116 -15 -3 -47 -124 -115 -1 95 11 95 82 -78 43 86 54 53 -114 40 -52 -67 -68 48 -62 -100 87 95 -124 15 117 67 120 -25 -30 -32 -86 73 -28 -44 -62 -91 4 43 27 -121 -81 -22 53 -84 119 -27 -28 74 46 -102 23 -28 -110 -11 110 23 3
-123 -13 44 75 97 -53 -103 81 -24 -16 91 31 -20 -65 -56 -48 71 60 82 -82 81 -97 -118 -50 -13 118 -49 -68 -51 75 -99 -106 -4 -128 -2 86 -8 -59 -57 -7 -40 119 112 -93 -56 115 65 49 9 -13 -41 -45 55 87 -87 -51 32 108 -15 -127 24 -125 125 -29
-32 88 95 -7 23 107 33 79 -45 -10 -71 -102 117 -115 -54 -84 -75 42 90 35 69 -13 90 -58 111 -106 -24 -113 -37 -60 54 37 14 -40 -36 25 -64 58 -92 4 72 24 3 -122 -28 115 98 53 -78 25 -53 -59 62 47 -106 106 -57 13 28 -27 56 10 -45 -76
-49 -26 -9 -36 -55 57 -124 34 -4 13 -94 55 5 15 -114 -48 10 -128 -6 4 46 35 -6 90 125 123 -110 -112 -97 -84 127 119 -91 -105 35 124 -107 111 -78 17 -99 69 -118 31 -104 -79 -111 49 -66 -23 78 24 -96 33 115 27 -42 54 -51 36 -40 51 96 82
49 53 -111 76 9 -1 -45 -32 -103 -32 -104 -34 92 -94 -14 91 -91 10 -39 -50 73 -50 -57 -5 -56 54 -72 4 -37 90 86 -71 106 -88 121 -6 78 71 98 120 55 8 27 4 -77 -39 -35 -53 55 80 -82 -78 -71 33 3 -64 101 -127 -21 34 -10 18 -75 112
-15 -110 82 -73 39 -74 -53 -7 -54 -28 -123 -12 89 1 57 -71 120 -40 -19 -43 95 -110 113 31 31 -19 -87 -107 112 -81 24 6 5 100 -46 91 50 -106 42 37 -78 -127 -20 108 -72 13 -8 -64 -111 48 113 -115 -81 126 -122 -18 -13 105 78 -14 108 36 -63 93
52 20 19 88 -41 -65 66 16 29 29 -94 36 -108 74 11 -125 -90 26 43 -68 93 52 47 15 33 43 0 -3 -123 -115 30 79 -40 -120 -117 -47 -79 79 66 34 36 -96 4 -5 16 14 -31 -7 -47 -70 -57 -83 -97 -17 8 71 60 -18 39 -80 110 -80 -69 9
-92 -42 -4 -1 62 112 -7 -77 -92 48 89 -26 -53 -112 104 -25 61 68 80 94 -63 -32 -7 102 20 -40 62 21 66 -22 -35 -41 49 -126 56 7 82 -73 -11 -122 72 14 21 124 1 -8 -17 47 69 53 -89 7 -93 -10 -92 104 97 -114 -45 58 12 -124 -107 85
71 -97 27 47 -21 -30 63 2 -102 -80 -100 -37 13 -55 60 122 107 -17 -1 122 125 101 37 -52 -46 -128 39 57 29 -124 -7 71 -117 -1 -40 86 -25 116 118 25 -120 -93 75 106 -124 -78 -72 -27 -119 2 -111 87 112 101 -61 -81 -59 98 -107 -101 -36 68 54 24
-52 -70 124 67 92 115 78 -81 -14 -116 -97 -13 84 -50 121 62 72 -91 -64 125 -83 -47 -78 -5 -23 -15 91 -82 -39 114 -79 61 -79 -17 -79 -11 40 -101 -76 99 -64 -5 34 110 -83 58 -62 -43 -69 -98 41 -65 -64 30 -121 87 20 -88 -121 24 82 16 29 -7
-46 -89 -17 -51 -108 89 -46 103 -115 101 -76 4 110 -102 58 40 -94 27 121 -5 44 107 -38 84 45 -124 -113 99 -115 89 6 -118 -77 58 -52 -106 108 23 94 1 -86 98 -127 -10 51 1 -118 -47 79 32 4 -38 125 -35 -34 -46 -102 121 85 -112 -69 18 -75 -113
124 125 104 8 -114 95 -115 -102 115 -117 40 70 -116 32 73 -67 -115 -84 73 -36 -78 -24 76 21 86 82 16 -120 -125 88 99 70 -80 13 32 40 -60 -36 46 -6 -5 25 76 -55 -106 2 -67 18 -15 21 70 -13 101 -120 -102 108 105 54 -43 105 45 14 84 -53
46 -78 71 -96 -29 80 58 54 9 48 -128 24 70 58 71 -96 89 -20 -83 -57 102 53 -53 58 12 -35 43 -60 -91 30 44 79 68 82 66 -71 110 46 -80 -127 80 104 48 -4 45 -115 -25 6 81 84 100 -1 -37 116 105 -82 -19 -64 -124 -44 -120 -70 -63 -58
-113 -1 102 -90 -121 -64 -47 -13 -53 110 61 1 -11 80 -100 12 122 33 -114 -31 122 37 70 20 -107 97 -78 -63 124 -79 -107 108 84 3 76 -76 -105 56 -121 81 -12 -32 44 114 -64 88 -67 83 68 -96 -29 85 -118 -87 77 -98 112 35 38 -22 -74 -68 -83 -30
25 65 -109 17 -43 -16 7 56 107 70 -14 115 -8 44 -46 32 -124 11 -104 -9 -122 -80 79 -98 48 -48 -36 -43 -18 59 -30 108 26 88 18 49 -122 -77 -93 -49 96 -110 8 -82 35 70 -78 -78 103 31 -115 -102 6 -102 50 97 51 -15 -120 -100 -103 -12 1 95
-105 -72 -53 -34 -86 124 38 106 -82 58 -33 15 -72 -41 52 -2 -54 -14 -121 92 104 96 -101 78 66 -121 -69 29 5 -36 -92 74 -90 49 -120 -34 -19 -101 -48 45 -65 -46 96 118 117 101 -99 -119 5 31 51 106 70 113 24 -16 44 97 73 114 -98 63 -100 15
13 -72 -4 -36 117 -73 107 94 37 -109 5 -103 -112 123 -69 -57 98 1 89 124 -25 -52 -86 -63 -70 5 59 -90 23 44 -60 -82 19 -103 -6 71 -39 -46 68 -48 83 110 -110 -109 -26 71 82 127 -63 -19 -21 -37 -32 32 36 -41 -71 16 37 77 -4 -53 -46 109
-98 -39 -66 113 96 84 -24 17 -75 -120 -35 -111 -29 -52 106 -44 -87 -73 -125 -77 22 105 -122 -16 -37 68 -59 -11 -81 81 5 -101 5 -106 -39 19 -14 -114 -102 107 -59 73 52 -24 87 50 -62 -76 -43 -89 56 50 -10 -66 78 -55 -34 127 97 -3 28 26 -84 88
16 -90 -103 50 -25 57 34 21 92 -18 -59 -17 -11 118 17 109 -51 -66 50 60 -104 -114 120 103 105 105 113 105 -55 -111 44 -110 -126 -121 73 -88 -3 33 -16 -99 -128 -68 66 111 41 -107 -49 -17 70 13 -27 -64 89 106 -113 -49 44 8 19 43 102 -4 55 -53
-36 54 16 -20 -22 -63 88 -51 -50 25 -73 -115 -62 59 -61 73 76 115 -26 -43 -118 12 -95 -82 -6 -12 -79 -9 -77 -101 -31 -38 -52 -96 123 103 60 -4 63 -33 109 24 -91 -18 85 99 121 83 52 -64 118 -108 69 -127 104 111 21 127 6 41 -83 -36 122 -127
-117 8 109 39 0 98 75 -7 -128 47 -22 111 51 -28 -50 24 -52 -12 -79 118 -43 37 -62 87 49 -65 124 32 -101 -96 14 119 20 84 -20 105 -66 -101 -79 14 -78 83 -58 73 -68 -17 -71 -125 109 -1 2 -2 96 30 -50 -41 -74 -125 84 -121 117 -42 55 -128
-6 -82 12 -91 65 -96 31 -103 49 -28 124 -41 -105 -79 -9 62 29 -93 6 -90 14 -16 118 66 -126 61 90 90 57 -43 34 -68 29 -114 -87 109 120 -121 5 112 113 -91 -13 59 34 9 56 -9 -93 -117 111 -115 -9 75 -3 79 112 96 71 72 47 -106 -49 107
70 -35 63 105 -73 -67 -6 -72 18 105 -6 107 -34 -69 -59 55 -18 74 -67 52 65 104 67 73 121 -124 40 -41 120 58 -99 -49 27 -60 122 16 -100 112 -31 22 91 1 1 86 95 64 -50 8 86 42 -63 -125 3 -21 6 25 10 78 81 -46 20 -27 -1 58
26 29 99 79 70 -75 -124 -16 -24 -73 -91 60 61 -43 102 20 67 101 -23 -44 90 -79 75 114 63 29 -11 82 -54 -73 -15 -9 6 37 -94 3 108 -37 62 43 -20 57 -10 -62 29 -47 -26 11 126 -67 -51 102 97 -10 -126 78 106 -108 -6 -55 -44 -77 -16 59
19 -47 62 68 -44 -70 4 54 -13 19 36 -93 -35 -42 -128 69 126 -105 50 83 14 19 117 -1 109 49 15 -75 28 108 20 -9 -118 -84 -124 -58 -19 -57 125 61 86 9 79 65 -80 -39 -21 12 -61 12 53 115 2 118 -7 -74 -20 124 -88 69 -21 2 8 37
8 64 -2 54 -64 117 40 -104 50 110 -64 -80 -100 95 -96 101 -88 105 37 80 62 100 -29 -97 18 -55 98 -34 125 -121 11 75 0 111 -102 -46 33 126 -106 91 53 0 71 31 -28 -119 123 0 38 -84 -96 24 58 17 -46 -82 -84 -16 95 -75 -47 -40 22 -87
47 72 -43 -100 -10 -117 -85 -38 50 -128 -35 -128 -115 89 14 -13 103 -49 -22 -67 57 106 116 112 -1 -2 124 119 -42 56 -127 -96 -117 -115 -93 10 -37 32 -42 -31 7 -29 -61 -4 -102 28 -28 -30 56 2 86 72 14 93 63 -90 -31 -4 39 -106 -60 102 92 7
102 45 69 -80 44 -112 -22 38 113 32 28 -48 -119 86 114 -37 -3 -111 125 -102 -94 71 -84 -111 -78 69 52 -41 124 106 86 78 111 82 -13 -16 -41 120 89 1 59 123 120 -108 34 -25 -120 -115 -55 71 -4 21 5 120 -79 -30 46 117 25 70 -85 73 87 51
2 68 -121 6 46 9 -77 68 121 -95 -26 84 94 112 13 113 51 127 0 -117 97 22 8 124 -112 61 90 110 -73 44 -105 -18 38 -127 -22 78 -13 109 49 6 39 -126 -43 -96 -108 123 -47 -13 -80 -95 9 -14 11 -128 -79 99 -16 -28 -116 91 72 98 -66 119
-54 39 -5 -33 -41 24 123 -77 -63 93 54 -84 -43 -36 -65 -120 32 24 5 67 -124 56 -25 106 100 93 82 -63 78 13 32 119 96 17 31 -106 64 57 -7 -43 -52 -84 -80 -88 33 -108 72 -61 70 43 -26 89 -81 104 -111 31 100 113 106 -46 -41 109 -2 56
115 -87 1 -46 -36 -63 -29 -98 -91 64 -2 -57 -116 -49 -84 109 -69 -98 -98 7 122 101 90 56 -11 -75 -28 -43 -88 -11 14 -72 -87 111 65 11 -106 85 14 -92 62 -1 104 -105 25 -57 12 60 15 -2 -2 22 38 44 -91 -83 105 -128 8 -85 -94 108 -19 44
66 -11 -104 67 80 -96 11 -30 -46 -102 10 -23 -73 -35 -118 -72 83 -66 90 119 -51 -125 -58 -13 -7 -127 6 95 65 -54 -106 24 -104 20 -79 -64 17 50 -123 21 31 -89 -109 -13 -73 13 -51 89 62 -21 -128 54 94 103 127 116 67 82 38 90 -121 84 -7 -76
39 71 -47 -72 101 -114 -81 -32 32 -9 -30 115 -114 14 50 91 -18 -49 -41 41 -1 -116 72 -103 -126 -87 85 114 -17 -67 30 -56 100 9 -49 52 96 106 45 17 -56 127 -32 -54 -43 56 -53 -83 -15 -64 99 -117 -111 82 54 -88 -17 -33 -75 12 -58 58 -32 82
-107 113 -83 67 -29 127 82 82 51 -74 41 -47 -60 98 100 39 109 78 20 119 67 -72 26 -106 -93 38 -34 -59 -93 60 60 -46 -102 -118 -114 12 31 -111 -60 -85 -14 8 -40 -73 58 45 -24 -119 -121 58 25 -8 8 -103 77 39 -6 109 112 -105 -57 101 3 24
32 -18 -122 33 -121 122 -85 22 17 55 -68 -96 -38 89 -111 -89 -95 1 86 32 122 -91 57 116 -13 -71 -97 1 93 -1 80 -75 74 -68 -92 18 -102 99 -5 124 62 -66 -1 104 60 90 -109 114 1 37 90 65 -116 -40 -5 -60 95 -72 -37 -73 110 -118 -116 -12
15 -30 118 49 0 -56 125 29 112 62 42 73 65 7 10 -48 8 -7 59 -34 -18 -30 -87 40 41 -106 32 -86 -45 100 -117 -121 -126 -90 109 -72 -3 94 -98 -8 52 -101 30 -27 -71 -24 -128 -60 65 123 -128 79 -1 -61 121 20 34 120 74 100 -1 90 36 -114
113 -116 22 96 -90 63 17 64 -4 51 26 -60 44 -110 -119 30 95 119 8 86 56 99 72 -73 -102 114 -95 65 -25 -111 -88 64 80 65 -25 -99 -12 69 -61 88 26 -128 -18 -73 -25 -72 20 89 -49 0 -124 22 38 -94 -6 103 -69 -103 -70 -15 31 109 -71 -34
101 -106 -115 88 -101 -1 54 35 67 50 -114 -108 -13 38 -40 -69 -29 11 120 7 106 51 -18 120 -79 50 107 -107 84 -122 -72 -117 66 82 36 -69 78 107 -98 82 110 -18 -20 118 -124 -80 -88 92 -21 52 -38 -37 92 -126 -36 -125 -31 -96 -34 -19 0 -81 5 -96
51 1 -41 -27 37 -38 -14 -19 46 -127 -122 38 8 34 45 31 -117 4 -61 -85 70 125 109 98 35 -51 44 8 90 -63 81 18 -83 68 -126 -25 -54 -117 -86 -66 58 -67 124 -83 -70 15 -8 56 -103 72 -97 -51 10 -11 28 93 -90 -70 118 81 -70 93 2 -62
-83 36 -62 -12 -88 -7 -69 -45 -124 65 48 -10 -22 88 -76 32 -126 -64 65 115 -46 -65 -85 115 109 63 -63 -128 -34 -15 -120 125 -66 -120 21 -99 112 26 -53 22 15 -45 123 20 122 115 43 114 -109 98 -116 46 110 111 17 37 59 -31 -24 -26 -95 51 127 -85
114 -77 23 126 -103 -63 37 -20 -26 20 -35 -7 27 -107 -50 103 -82 92 -105 -21 -31 96 -22 -56 2 84 -113 -55 69 69 77 -23 112 -28 -102 -120 -12 101 -100 64 -44 -55 -52 -19 66 73 -60 86 12 -38 31 82 90 -16 38 45 114 -32 112 -34 -6 -41 99 78
-36 24 121 5 -115 -99 45 -116 69 53 91 -35 103 -10 96 -74 62 -51 -107 49 -26 -109 -110 63 -29 -16 -34 63 -116 -30 30 47 51 66 105 9 -100 106 -3 93 14 -110 -53 -39 -53 60 16 23 101 -53 -23 97 -79 112 30 99 58 19 -53 -50 26 6 -109 79
69 53 -68 17 -4 -60 3 -30 -63 -77 7 -82 79 7 -71 74 93 -9 -10 86 2 72 -16 -12 -128 -103 -117 -67 -116 26 -118 56 115 -59 -1 21 -23 91 62 106 -98 123 30 57 -18 42 -17 23 30 0 -13 -40 -54 -81 -123 107 -77 51 98 -100 -115 -99 -72 -122
118 -14 64 32 -56 -60 -49 -54 -114 -22 60 -96 -24 -55 -58 59 -36 -41 31 45 63 60 -80 86 31 -34 25 40 24 -89 -113 -61 85 42 -34 101 -29 -13 3 31 -118 -53 50 1 44 9 -45 -63 0 82 117 103 74 19 32 112 -84 62 -71 93 -5 52 -1 -67
-15 -108 15 77 -112 40 -72 61 125 -45 -71 -57 -72 110 -121 -14 -20 48 22 -6 -63 42 68 4 33 -33 124 94 -88 -8 -104 29 -58 1 -11 33 -105 10 42 108 -68 122 9 -123 22 61 105 83 -8 -115 -76 -57 24 -62 -112 -40 -41 -50 -71 -30 -81 -78 97 -94
-98 -83 95 69 -93 -40 -80 -37 -65 34 -56 35 -93 -49 24 -40 23 -107 -25 -84 52 97 -81 10 108 -40 87 83 30 99 36 34 -87 87 -125 -26 -88 1 -79 76 92 -122 -94 -14 76 -53 85 42 -56 50 73 -5 -45 39 17 -38 102 -98 124 -52 52 -112 -72 112
14 -15 119 -87 126 -121 18 -72 75 -3 -108 39 121 -21 1 -8 126 49 -126 -11 -42 18 -44 -67 -26 -26 -88 -88 -84 -41 -9 119 -58 47 -17 -50 21 -70 4 56 75 32 45 115 -16 -41 124 122 -52 -20 -98 27 -36 32 97 -16 103 127 -90 -68 41 -2 84 -123
-89 67 -38 69 -96 2 -71 17 116 86 57 -14 35 -55 -128 -53 -93 -94 -105 -95 -75 83 124 -30 104 108 121 6 22 72 -72 103 -12 -83 -123 35 -63 -87 119 89 -30 -122 41 11 34 -116 106 113 52 72 4 126 107 106 108 10 -44 28 106 -81 -113 30 -106 40
121 -103 -98 -87 61 -115 2 -61 -117 -117 67 -42 -47 -85 -128 119 -48 82 -101 120 55 69 100 71 97 -91 70 25 -32 -89 110 25 -89 108 71 -95 51 -110 -85 -96 -64 1 68 -9 8 53 -42 -39 -54 2 -116 30 -49 111 -26 -2 -10 -7 81 38 -85 -25 -105 91
-40 126 125 123 55 -128 104 -30 81 3 -30 -105 15 119 5 109 -7 -10 34 -28 -80 101 -94 98 -123 -106 55 -56 56 79 66 20 -63 6 -83 125 74 -62 -42 -114 105 93 -2 108 -70 -123 95 59 -83 67 -91 -47 12 -107 76 -107 104 -49 -124 59 -79 -91 -93 109
-54 85 95 115 25 -15 19 -71 71 -69 -19 121 -8 -97 -121 66 73 68 69 -113 30 -112 -21 40 -110 -108 104 57 102 107 -78 -11 99 -43 91 -59 -11 62 -7 -55 89 11 70 55 102 -121 -37 -62 -49 49 -101 57 -60 12 94 91 11 39 -49 45 -112 9 -43 -105
87 2 70 32 97 -101 124 5 -105 19 -98 -75 -72 -44 -125 -36 -96 -114 12 -64 86 -114 -61 51 -91 47 6 76 -124 42 -29 116 61 122 -24 23 -115 -68 -84 -55 1 101 -62 18 -108 120 114 -126 31 9 33 -78 43 -120 -25 40 99 -8 -85 -98 43 68 50 -122
11 -103 -83 52 -17 -125 54 -12 13 -25 -53 -76 30 -121 97 -6 112 -30 -8 78 41 117 -113 -108 68 69 1 89 63 -75 62 -111 75 2 -122 70 -54 -95 -53 57 -35 24 114 -97 -128 -50 10 -35 -80 12 -27 95 -58 -74 93 114 84 -70 67 -110 -102 -42 59 22
-91 25 125 31 -30 38 80 100 35 5 -8 -14 -5 114 -61 53 -35 2 -109 42 -16 -120 -3 57 -92 124 -116 -12 -94 102 -67 -104 9 25 -54 -58 -21 52 -87 -101 41 -98 46 104 124 -37 103 110 67 -117 -125 42 24 13 -118 72 40 -14 35 -64 48 -6 29 107
38 -13 -81 -18 23 8 103 22 79 25 -99 -122 -105 58 84 -56 -52 1 61 -104 76 -105 -21 -112 -76 -73 66 -34 -19 -71 99 97 100 -87 -29 -105 55 -128 -73 113 101 20 -65 30 -31 33 84 -61 74 -95 75 -59 -31 -71 -108 -110 -89 39 114 -99 105 -90 -5 -67
-75 -86 -53 51 -31 -27 95 58 -21 28 50 -37 -30 -104 6 68 3 34 -39 50 81 58 -21 66 -79 -35 -102 36 -36 -127 39 111 36 -125 -46 -35 -76 -113 -26 108 -122 13 -124 25 -32 -24 -127 -18 80 -13 -60 -20 -25 117 3 113 76 -66 -25 66 124 -25 78 111
73 -80 -5 34 92 -18 116 105 6 -86 -80 27 -106 -94 -57 8 9 -89 61 34 -4 43 -80 88 -46 -124 45 -65 78 125 -90 -51 20 5 81 -28 96 79 -118 -16 84 51 93 -76 25 -104 -30 125 16 -25 -3 71 98 65 15 67 -120 -74 4 -69 7 -82 18 -81
-50 32 98 106 113 -108 55 -45 -41 41 -78 -35 79 -40 31 -103 -45 -60 113 -3 49 8 -114 12 68 95 -96 -82 110 27 -42 -123 71 -19 10 -119 110 108 18 120 -80 -34 24 27 -102 -34 -120 88 103 121 -79 46 -87 -43 -25 85 2 -13 -58 -120 20 53 -28 34
11 -33 -68 57 -7 44 -119 110 14 -90 43 -16 -54 102 66 121 117 -115 45 47 -51 -79 -83 -103 39 70 97 124 -92 81 113 78 -106 -100 106 114 -3 8 -74 -116 35 44 78 100 -39 -119 -124 -83 68 63 -5 -93 -18 96 123 88 81 97 -23 -60 -23 59 -53 -79
20 0 32 -4 -7 87 -58 -88 -106 -30 108 46 17 66 -11 56 3 28 -60 74 51 -39 -6 7 119 119 -113 95 33 96 76 27 -64 -113 83 48 -5 112 56 -112 68 -98 83 35 122 84 -30 73 26 -83 53 25 -24 90 79 -6 126 68 -119 123 -89 -74 86 -83
75 82 -82 -39 -105 59 -43 -83 -19 -112 -12 99 -74 51 49 -68 40 31 -14 -80 107 -94 106 107 84 -123 65 126 90 -36 -108 6 108 39 13 99 -8 112 -126 -17 38 5 16 24 80 -14 68 -42 -53 -57 -63 -79 46 -42 -18 126 -39 110 -25 -104 -112 56 41 -21
60 25 69 45 -86 24 79 -128 -49 -123 -21 -53 -26 51 101 22 48 40 78 -64 90 14 -60 111 -27 23 33 -38 89 21 56 102 15 87 73 45 -52 33 101 62 114 67 70 7 126 -85 104 -19 55 -105 127 17 86 -63 54 114 109 126 -37 53 -42 -78 5 35
-70 93 64 14 112 22 -92 -49 -35 -101 51 85 44 41 -112 64 89 -124 -23 -31 -107 -18 -83 65 -85 -24 97 -71 -101 -16 -58 63 -128 -121 1 43 -88 48 -50 77 60 -96 88 14 57 -48 7 -55 37 114 126 74 -23 75 -42 -26 -46 56 79 -82 -57 110 64 41
71 -122 -118 -126 126 -61 22 39 73 81 -54 101 -111 104 28 9 92 -123 83 65 -51 -11 -50 88 0 -81 -79 4 -79 -120 52 110 -117 -83 103 65 47 -124 -22 -32 -38 3 -9 -98 -65 54 43 63 -116 -8 -123 -21 3 -62 -5 -83 45 64 110 -72 20 -90 123 -25
-61 86 52 -15 -16 103 78 78 38 -98 -31 50 84 13 -111 126 -73 -23 24 100 38 127 25 52 -97 62 -23 -34 65 -115 -59 -53 -15 -104 39 -18 18 38 -5 -82 -76 -83 78 37 10 20 -91 3 -58 106 48 -83 -32 -54 -65 20 -79 -98 -54 -39 -54 33 -122 67
125 -77 -110 2 90 106 -37 -12 -95 -21 -103 105 -74 126 105 90 111 31 41 -3 14 -33 104 -116 52 8 -27 101 32 -8 85 -35 -7 38 -20 99 126 117 93 122 -74 118 -94 -28 -122 52 -38 -103 59 -124 107 -79 -64 -91 -44 113 -15 -6 -32 111 18 36 -57 46
12 60 -98 -30 30 -1 -107 18 -67 69 -91 57 -72 119 72 126 70 -19 53 -69 2 105 -81 -96 120 -112 -77 123 92 8 -96 42 71 -28 74 55 -111 48 -96 -27 -48 -16 71 -74 -47 92 -24 -18 -113 -47 -25 95 13 58 -96 37 28 6 113 -98 -100 -85 2 21
62 -9 25 11 3 69 63 32 -98 13 107 65 -7 -88 100 109 -17 54 119 101 -63 -50 20 97 -116 -48 93 12 -78 84 37 9 -35 18 83 -73 -76 31 -17 94 -56 -88 -75 59 24 -73 -25 52 -86 -57 -124 113 -92 -9 -100 36 101 -32 56 -73 86 -32 127 -112
119 99 18 -5 -111 21 -69 110 61 -6 89 100 -16 -110 93 -30 123 -97 7 2 -2 23 70 -49 121 -94 -20 -26 -45 49 106 92 113 45 52 28 62 119 40 44 119 54 50 94 -94 63 27 89 -52 88 -71 58 67 -100 110 16 46 9 89 -51 67 54 50 35
-121 -82 -74 79 43 -2 -124 -57 -33 112 122 56 -68 -18 63 100 90 -3 -84 -15 4 107 43 123 -55 97 4 31 -17 -49 52 -7 116 22 81 -98 121 -14 58 31 -116 54 -118 -26 -126 -101 -74 5 78 -110 113 98 89 -116 -15 -108 -5 39 -7 91 68 -38 -96 -11
-8 28 -49 53 -27 79 5 -116 119 43 -4 -64 28 -114 -118 -118 4 103 124 7 126 72 91 11 31 44 -50 87 36 71 -49 89 90 -31 -114 17 45 -21 94 96 -12 -5 30 18 104 40 -124 -9 -30 -80 35 -96 107 -33 16 29 -3 108 65 -33 -33 114 -82 -7
-4 -47 42 -63 -43 -61 62 91 -126 -97 66 -10 -96 -74 127 -90 10 -17 -8 -26 64 60 -125 -27 84 -16 62 43 -92 23 -120 89 113 -11 46 112 -77 -13 119 -85 43 20 61 77 -59 -48 -36 -43 -20 -9 79 -111 18 53 70 -94 48 58 95 -80 -37 -12 51 -14
-4 72 63 -35 22 76 54 -93 -119 41 84 -124 -125 23 115 -21 -7 117 11 72 20 -43 -98 120 -96 54 19 -104 -3 -33 29 -47 49 -42 82 -118 11 -59 -34 32 79 115 124 -110 -127 -109 43 116 -127 51 93 7 -108 66 7 24 83 -83 73 -99 74 -4 -56 -10
-15 31 -119 -91 -56 -108 -27 42 -97 -51 90 -19 -92 41 -110 27 -67 -111 -75 -11 -63 39 61 107 -21 17 75 -113 -23 36 -84 -99 8 17 72 -26 24 -109 -63 37 -50 -14 60 -20 78 -126 43 6 78 86 -115 107 -92 92 -39 -95 -13 -59 -125 -37 42 94 -111 -29
-92 126 -105 -112 104 -124 18 124 -10 65 116 50 122 83 -117 -60 -50 -6 -44 -49 37 -95 34 69 12 74 44 -82 -63 -76 119 -106 -111 -85 47 83 19 126 -76 -93 -115 -91 27 -44 -123 -82 -94 -57 100 -25 47 -18 -32 -61 -84 -112 -117 -128 59 -23 110 60 13 -110
107 -85 -104 4 29 17 -33 -5 -23 100 40 -101 -82 -1 -35 -12 -88 -101 -26 -52 62 -6 24 -12 -11 70 60 -17 107 -70 -83 79 114 -102 60 -74 120 40 50 -103 81 -59 126 -83 40 -24 -28 -52 112 9 68 30 -56 -70 124 124 21 -123 113 6 83 108 -126 -10
