127 94 103 -112 111 86 -125 85 116 117 115 110 122 -72 -121 114 113 110 -113 113 -88 98 -112 -114 95 89 102 -110 101 125 -126 109 115 109 87 -94 -124 -104 87 -126 98 52 -113 -122 -114 91 109 88 -111 122 125 -120 -112 114 121 -114 108 -97 82 102 75 -111 -91 104 99 112 124 120 91 124 105 -82 116 110 -115 -108 105 106 94 99 119 -105 89 -96 69 117 91 109 -108 -126 110 -126 -106 -115 88 100 -117 -118 -125 110 78 86 108 -108 119 125 111 109 102 -105 91 -123 127 -120 95 104 103 -123 -99 -124 122 88 111 100 100 118 109 -97 97 116 109 -111 -110 102 -122 89 -72 121 121 78 77 69 116 75 -118 -118 99 -106 -125 -112 83 103 100 -124 119 -110 112 114 -127 123 108 123 -124 123 -123 116 -127 102 -113 -123 -109 96 126 98 -124 109 119 118 -126 92 94 127 -110 109 66 -84 -127 -119 101 -114 114 -116 -117 -118 68 115 55 119 123 121 -110 121 109 -104 86 106 124 87 -127 109 -117 -127 -105 107 -110 -104 105 118 -107 88 -109 -114 -100 -113 120 -94 -114 126 -128 102 115 90 -103 114 -119 84 127 120 -115 124 111 127 117 102 100 112 -128 -123 -91 123 -127 -112 -99 94 -123 107
56 31 82 89 77 85 65 110 105 49 78 105 70 93 48 53 64 101 77 63 62 61 92 8 91 73 81 75 65 122 72 64 88 103 -120 58 45 51 91 96 56 83 93 75 106 77 59 83 101 74 79 93 80 96 105 75 45 114 77 37 42 75 83 30 63 100 78 -123 52 86 57 87 103 77 98 77 86 33 83 106 78 116 75 88 86 98 78 88 104 86 49 99 83 89 101 89 81 64 93 118 103 75 99 119 40 75 123 100 96 89 74 88 43 77 81 63 75 91 108 70 121 119 118 52 62 79 72 12 93 29 107 78 111 89 83 101 118 75 98 80 63 55 102 106 47 49 98 91 101 97 32 104 57 56 66 46 73 48 82 81 47 66 72 88 106 82 52 76 82 73 113 46 89 66 55 48 77 99 102 60 71 102 85 97 62 88 93 49 107 69 80 114 82 -127 45 83 90 67 52 42 66 94 70 91 68 66 112 45 80 84 90 106 95 59 -118 84 86 68 96 65 91 46 58 71 84 82 53 60 69 93 69 57 65 90 82 63 87 71 78 34 72 103 57 57 54 101 97 77 71 62 95 116 121 82 78 68
85 95 -103 -106 118 124 113 54 -64 118 -85 88 -121 103 90 81 -115 108 -114 -107 127 62 107 99 101 -106 98 -107 120 -106 90 108 116 119 93 109 -113 -97 -104 105 106 116 124 119 -107 112 126 -122 -115 -126 -114 122 123 -117 116 -108 105 116 -115 88 119 108 121 -128 -114 -85 -117 125 -125 115 92 116 -120 -121 112 116 77 88 -106 79 111 120 124 -111 118 109 -105 107 87 112 78 127 -120 118 -113 -108 120 108 -122 104 105 -120 107 -127 107 -119 -107 110 90 95 84 119 116 -116 -122 124 119 99 -113 -111 117 109 -125 -126 81 120 -111 111 101 126 100 122 -97 -124 118 113 -99 114 116 -123 70 101 75 108 -125 -118 118 -114 92 110 -125 121 94 106 117 82 -126 122 70 111 89 123 -124 90 -106 106 98 -122 -106 -105 119 112 -92 76 112 100 -126 -126 -105 101 117 120 -80 98 92 123 85 81 126 109 87 115 84 126 96 98 91 -121 69 104 -89 125 -124 -124 111 125 -104 -118 79 100 119 -89 124 -116 98 101 93 -92 -88 107 -89 117 -107 88 96 85 -125 -113 117 -125 110 -120 -114 94 123 -125 105 93 112 84 90 -109 119 -94 104 113 114 -103 116 -105 90 -113 100 104 100 92
108 102 107 -105 124 120 -128 -113 121 -93 84 -103 85 109 99 116 126 100 -109 99 102 118 103 114 116 91 98 -122 117 -120 -127 88 -114 109 120 95 122 -123 -124 -124 98 118 116 -128 -117 -122 105 87 -123 122 97 -117 106 -114 105 116 75 -112 111 118 115 101 92 117 119 -115 64 -128 -124 86 120 114 -94 -98 -97 88 88 105 -116 -121 -115 110 125 -95 122 -127 127 -114 70 108 72 114 111 115 -126 105 123 92 -122 114 103 -125 110 -102 -99 78 111 113 107 -128 85 -117 122 106 121 106 108 -125 127 -127 -128 91 -126 123 109 107 122 100 69 117 106 -127 122 104 80 96 93 67 87 114 -119 117 -127 -115 105 98 106 92 91 72 127 92 107 -121 116 -128 90 -100 113 87 122 117 108 124 -115 -110 115 77 -127 101 105 96 -127 115 106 109 121 122 -56 105 -125 75 123 113 73 100 122 101 92 -121 -120 115 107 -99 107 76 91 98 65 68 101 118 101 -117 90 127 104 101 72 -127 58 -116 125 101 124 95 -123 110 -124 91 -116 108 73 93 88 125 -103 102 112 114 101 117 127 104 119 -118 112 79 122 -121 107 113 -127 -123 75 106 -90 105 104 78 -111 -119 123 -114 -103 -116
-115 -127 98 -113 114 81 81 124 109 117 -125 -99 102 117 -115 68 102 -118 123 94 117 98 114 111 -124 -125 71 -84 68 90 102 92 121 100 79 -127 118 -101 86 95 -113 98 121 -109 -117 -125 111 -105 108 -125 -128 107 107 96 89 -122 84 114 -117 96 89 120 101 76 126 107 97 98 78 50 126 125 114 122 126 -64 -128 87 -99 106 111 110 102 83 112 122 120 102 -127 100 86 101 111 99 119 43 105 -73 -117 101 92 114 87 -123 118 108 -104 -122 87 117 94 111 -126 84 103 95 94 127 -114 100 120 116 122 109 113 -128 117 115 105 120 -120 -101 100 91 116 121 125 79 123 -118 73 97 120 110 115 -105 123 123 -123 -118 95 127 -117 124 102 83 125 81 96 124 89 95 -116 88 -104 111 107 126 111 -115 117 90 104 96 123 85 99 98 -62 108 120 121 123 105 72 97 97 66 102 42 107 124 123 109 94 95 55 -120 91 107 -114 95 -123 126 82 104 106 116 80 113 71 -122 81 102 -80 108 109 -125 101 75 -117 81 110 75 86 97 127 105 84 83 91 111 79 87 113 92 -108 91 -110 87 74 -116 80 -117 103 -96 -110 110 119 126 67 -111 -92 115 120 85
22 78 80 88 66 58 94 115 79 104 57 121 70 111 102 57 43 -99 61 -119 106 91 92 51 106 85 91 97 110 86 115 74 -119 76 78 71 61 84 62 99 96 91 70 97 100 -127 93 53 99 103 100 92 61 97 78 87 42 123 97 60 96 93 93 93 98 40 62 101 75 56 37 94 89 92 67 76 74 112 75 68 94 91 81 100 73 80 123 104 100 94 114 80 79 48 83 100 68 97 -114 76 108 98 109 94 94 84 115 102 75 63 100 69 117 96 -120 83 124 95 107 82 78 86 104 -126 110 71 12 71 56 90 94 80 56 57 84 81 98 65 59 101 -127 67 87 77 68 79 80 53 104 71 100 66 112 98 85 40 74 90 66 80 71 91 -121 78 71 99 35 85 67 107 104 77 82 55 72 92 93 110 124 108 68 92 41 112 35 48 100 97 103 62 108 119 77 114 47 89 68 -78 100 124 53 89 77 122 70 77 81 79 96 77 62 73 62 115 103 37 72 80 62 103 83 83 91 72 98 81 101 96 79 119 97 80 60 44 82 105 67 77 99 80 127 116 100 118 67 103 61 115 110 49 87 -123 -126 75 91 89
94 69 -92 -115 109 119 -120 -108 110 113 64 -95 106 -124 -102 97 97 126 -128 115 124 -105 -128 117 -127 127 102 88 -127 -91 -100 -120 99 115 -127 123 -125 -95 93 92 -119 113 -95 -111 -113 -104 103 -107 122 127 125 99 -124 123 84 111 119 -107 93 46 126 113 120 -101 126 77 126 124 98 91 115 122 126 -110 -101 -114 -127 -111 -123 -120 -115 -107 120 -121 -119 120 -108 -104 95 -120 127 -121 -97 -128 102 90 113 114 -94 97 119 -126 -98 -118 -105 122 120 -124 94 -112 -113 105 -124 -106 -121 -121 -110 121 -67 114 117 -104 111 -116 91 97 -127 -117 117 -125 -118 -114 -121 92 112 -115 -92 99 -111 89 -125 -125 -93 -122 -116 -100 103 -115 108 106 98 -106 107 115 115 113 -104 101 99 -127 109 108 -117 75 124 115 78 113 117 125 -110 107 120 -110 111 100 -120 -118 -97 94 116 84 -113 -127 -128 -109 115 115 -120 114 -105 114 106 -58 100 121 77 -126 -118 112 -86 -111 102 97 88 -124 127 117 95 111 113 101 -102 -123 -111 102 116 109 -118 -126 -124 -111 109 112 100 -123 -107 123 -115 109 110 -115 -107 73 -103 -104 -111 95 112 125 -81 -112 126 -119 111 -72 -126 111 114 124 122 -55 127 -125 -87 97
99 116 -127 -105 90 -119 126 106 -121 116 121 121 -123 126 -109 91 126 -123 99 126 -110 79 116 122 124 -122 99 -113 -95 -75 121 121 125 -111 -121 -117 79 -113 -94 102 -108 126 116 107 106 113 106 -107 120 113 -121 -97 110 127 -121 118 108 -105 -116 89 127 78 84 103 113 -123 94 -108 115 103 90 -123 -112 -121 -124 110 122 98 78 102 -81 -108 81 116 106 88 -120 120 100 112 -127 -86 -72 109 -105 121 91 120 -125 -98 125 107 92 -111 -126 -93 -120 -95 114 -105 93 -98 -106 125 74 124 126 109 -108 -117 -126 -128 -107 -84 108 126 103 111 -124 -121 111 124 105 117 -120 -104 -106 78 -113 -118 -106 122 -119 92 -115 -107 104 -127 -125 -106 -102 -123 -114 -116 -113 114 -102 -116 113 105 105 -92 124 119 112 106 105 96 -114 -122 77 125 104 -120 79 125 81 114 125 113 77 122 119 110 73 119 99 -127 -123 116 120 -127 100 -102 -119 -76 85 -96 79 125 -105 -87 103 124 124 99 -72 101 85 99 109 124 -126 126 -123 -101 127 -116 -125 109 -127 -118 -128 121 -110 -116 120 110 80 118 62 126 96 -118 -90 120 105 -116 -110 -120 103 113 115 113 87 106 -106 105 -113 92 94 125 -107 -123 112 109
68 118 -120 -113 103 88 -126 92 90 109 49 110 112 -114 113 106 116 -118 107 122 123 80 110 104 109 94 -123 88 -104 81 -112 111 127 114 92 94 111 -110 108 101 118 102 122 90 -112 -121 75 125 -85 -126 93 81 125 104 110 75 112 -109 -119 115 91 69 67 -126 73 120 94 -109 126 84 -96 -104 116 -111 -119 -125 109 115 -119 95 102 76 82 -123 -110 102 112 -124 116 116 93 106 -114 -126 76 110 -127 89 125 120 75 126 82 -126 117 -113 -117 67 -99 71 117 120 109 93 124 82 119 -128 -104 -97 -104 114 77 77 81 -107 90 65 65 98 112 106 122 115 96 102 -115 103 101 96 90 105 -124 76 100 123 -93 91 97 61 66 69 93 82 100 118 101 107 84 89 114 101 -83 79 -121 -119 91 90 93 95 -112 112 113 101 82 89 -121 118 115 116 81 102 116 82 50 81 122 84 -126 91 -99 -125 124 -115 52 66 66 98 81 107 77 107 118 108 118 97 74 -118 78 113 117 83 -118 113 -126 96 99 121 -126 112 -121 97 -119 -125 82 95 127 -108 64 90 101 96 115 101 108 102 82 100 96 100 -120 108 108 122 79 105 -128 -126 125 59 123 122 115 65 124 87
118 99 -115 -105 -113 -109 -75 108 122 125 103 119 -118 -120 121 114 -84 -91 125 115 -85 106 -114 101 123 117 96 122 125 -115 -124 120 -111 102 119 -105 112 -117 -121 113 -91 -111 103 -115 -113 -118 -88 -127 -100 -112 99 -111 -102 -102 123 -98 107 -98 -84 101 -78 -116 113 -106 -123 -122 104 -121 -115 120 -125 -107 -72 -128 -118 -99 109 89 -117 -127 -110 -93 -83 -113 120 96 -108 -85 -117 -112 104 -115 -95 -113 -118 122 -125 -121 -94 -108 -109 -118 -92 -111 -83 -127 -127 -107 -107 -96 -118 96 -100 -115 -93 102 -123 -119 -114 -110 -117 -78 119 -111 110 -106 -114 107 -116 101 -101 -107 105 125 -108 -110 113 113 -89 105 -89 -67 120 109 107 -101 92 -103 122 -115 121 -111 -116 -124 -95 127 -112 -117 117 122 94 -123 -123 96 -88 115 -79 94 -125 104 -116 100 111 123 -108 -125 -118 -82 -102 -120 100 -115 -124 118 -126 -75 113 94 123 -124 118 -115 109 -90 103 -83 75 -97 115 123 -107 121 -120 -110 99 68 -97 -91 82 -123 118 -115 -122 -104 123 105 90 -109 -100 -119 -83 127 115 114 -114 126 102 -127 95 122 83 -59 -114 -124 -126 -117 -102 102 108 105 -84 -78 -107 -111 105 -87 -122 -93 120 78 -118 -82 -97 -97 -70 119
64 88 98 77 67 50 56 65 70 83 57 57 124 73 93 72 103 52 54 95 37 114 64 93 77 51 72 90 113 78 79 66 78 71 84 98 67 117 111 76 71 77 92 58 58 105 94 93 101 86 75 77 67 49 67 77 38 93 74 32 85 73 87 115 104 45 61 84 86 77 76 71 67 67 106 51 102 81 62 79 68 89 102 90 70 83 47 93 71 75 78 87 104 97 79 61 73 121 89 46 48 70 88 40 51 36 81 69 54 85 86 85 82 63 60 109 -115 111 105 100 83 102 70 67 61 85 69 56 60 88 67 69 69 47 79 84 78 73 53 44 44 117 105 69 67 92 120 61 94 92 92 89 69 116 53 92 81 -119 56 53 80 52 45 56 72 88 94 77 69 90 67 47 61 89 28 101 75 118 87 90 116 75 63 66 87 78 44 53 94 73 74 77 64 52 41 84 68 77 54 89 107 74 90 91 71 68 -123 89 36 70 51 73 91 105 97 72 111 90 114 49 101 98 78 52 79 78 112 105 70 95 94 88 102 94 72 58 83 62 72 56 73 32 90 54 62 81 83 69 93 60 79 79 85 84 96 71
121 74 66 77 48 70 59 96 80 64 98 94 100 -127 81 74 99 71 60 55 99 72 65 56 78 93 77 93 40 86 87 86 51 77 59 75 83 61 91 110 84 66 71 102 62 59 82 114 100 81 76 80 100 107 67 104 53 81 92 57 53 121 94 72 89 91 119 82 88 67 48 114 95 33 73 113 82 94 77 88 80 103 70 86 67 95 119 81 99 80 83 113 82 61 -121 68 100 107 93 79 117 76 74 98 81 65 63 93 57 118 60 89 52 69 80 72 83 119 84 88 97 80 48 97 79 83 87 53 37 74 110 60 77 89 62 31 105 86 88 80 92 87 65 65 71 68 67 94 67 63 87 112 115 111 71 68 102 77 87 80 91 59 45 102 66 88 69 62 82 69 78 98 81 82 58 75 87 86 -124 99 80 84 73 92 90 80 80 64 126 75 37 74 72 94 63 83 101 95 46 47 95 101 100 70 39 58 90 50 58 72 44 90 -118 89 82 84 88 99 104 76 85 84 63 63 111 108 85 97 71 90 65 69 48 73 91 55 99 60 86 102 69 105 52 75 88 107 80 1 115 62 98 97 112 83 118 83
88 121 -120 93 119 122 92 117 -110 120 120 107 120 -107 105 62 -121 123 102 121 119 98 -104 107 111 82 -115 82 112 120 92 105 -105 94 121 126 111 -108 -102 -111 81 103 -108 72 116 -116 125 89 -103 122 122 95 109 -108 114 -120 78 -98 -101 -116 83 -113 110 126 -123 106 56 -120 120 -117 98 114 -113 117 -77 122 124 -119 -109 120 -77 123 88 -124 95 -107 125 -119 116 106 122 -120 121 -127 90 115 124 106 -111 72 103 120 110 -126 124 91 113 94 -128 101 90 107 105 118 108 -108 -105 -123 107 -115 -113 -83 -119 -127 85 -108 99 113 121 119 97 103 107 66 104 -106 -101 90 119 126 107 117 117 123 102 94 126 113 115 117 -116 114 102 109 127 93 -103 103 103 123 122 107 123 74 100 -113 116 75 100 99 127 -128 111 108 118 89 111 99 -92 110 116 126 111 109 127 -125 94 97 -128 124 96 -113 -124 -120 85 79 95 90 69 78 -102 -97 116 -126 123 -122 117 100 58 -114 98 -122 -128 -123 95 83 114 95 95 83 107 122 55 103 124 -95 -125 94 106 -95 126 118 -107 115 -125 99 108 105 -62 118 76 116 -93 -101 123 122 -117 -125 -97 -116 -114 -91 -111 69 100 81
96 109 -105 111 87 87 96 101 -81 123 -122 118 125 118 117 108 118 95 117 121 -88 90 -122 -104 88 116 99 119 98 115 118 -76 109 127 101 95 127 118 102 113 105 -126 -94 115 119 -114 115 127 -112 101 120 -119 -112 -103 117 115 -126 -107 96 103 90 107 123 88 -124 113 -119 -120 121 109 -123 -120 95 81 -122 119 75 93 -118 87 112 -116 68 121 121 -119 -113 116 118 -123 103 -123 -117 115 -125 114 -102 120 -106 -117 92 -125 -99 -106 103 82 -102 127 108 -111 -117 118 -115 104 111 -110 -115 116 -128 114 127 -128 105 -124 91 -124 -123 101 118 69 105 91 -122 104 -125 104 -112 80 -121 123 84 107 83 115 124 -110 97 -114 107 101 113 122 78 101 111 75 -125 114 -128 -107 -121 -124 106 92 86 95 -122 96 96 -128 124 124 -128 -126 -119 92 -110 -124 -107 -128 105 96 -121 -126 103 -125 93 104 -120 -121 80 99 -125 100 73 112 109 -122 103 -116 97 -125 97 -128 82 125 -95 98 80 -104 -107 -86 -107 96 108 112 86 -112 112 121 99 -112 112 -119 -113 -113 -115 -121 -98 -121 94 121 -99 115 -110 86 -122 -116 -122 -115 94 108 110 126 100 98 -109 114 -95 106 107 -93 -112 91 -126 116
85 95 -126 107 127 68 123 102 -78 127 125 -97 -116 118 116 110 116 -109 110 -87 113 121 102 107 -119 96 124 -121 127 -122 -119 -108 117 102 101 103 110 93 120 126 89 127 103 96 123 112 116 -114 -120 -92 -106 83 -125 -116 88 -118 -122 -105 120 105 -110 -120 120 102 -109 102 121 -128 91 112 115 115 114 117 -112 120 -103 -120 -106 105 -126 -102 81 -112 125 119 -109 -114 104 -120 -99 91 110 88 99 -121 123 112 -121 108 119 118 114 -79 -116 -114 -111 104 121 107 127 -110 112 90 -124 117 -120 120 -115 -128 99 -113 123 96 -127 103 118 -123 119 -126 -123 121 84 -111 120 -126 -88 101 99 89 105 110 -118 114 -125 102 113 108 -106 125 99 -102 -92 -123 112 119 114 109 103 121 -128 -124 -126 88 86 -111 80 123 112 -114 120 117 112 120 95 127 -116 125 -117 -100 120 -116 80 -121 107 82 126 -122 -101 96 -117 -93 -121 122 96 -104 122 120 103 116 -124 111 -126 -122 105 112 -125 100 113 123 118 88 124 -121 -105 109 -127 124 125 114 -105 -121 110 98 -126 114 -121 -115 118 121 127 115 -106 107 94 101 94 -127 -109 85 121 102 107 125 91 -120 -112 -110 -105 116 103 -110 -115 123 -118 92
126 -126 -127 -117 123 127 -117 -102 -128 -127 -121 116 123 -125 -122 87 -71 -99 120 -109 127 109 108 -91 -116 -121 106 125 116 -88 -101 -117 -108 85 -122 121 -107 -108 100 -101 -127 -120 -123 -118 116 -110 -99 -87 -99 123 108 -107 110 -79 -112 -100 109 -74 119 108 111 123 -83 109 124 -115 109 121 98 76 -106 -111 -110 118 112 -103 -123 120 107 -102 -114 -115 99 -117 114 125 -93 -92 -124 -127 121 -107 -96 -106 -114 127 -121 -110 -84 126 -125 120 94 -115 122 -105 -124 -121 114 104 48 -103 -115 124 -115 100 -110 -104 -108 -95 -100 115 -128 125 113 127 87 -123 106 112 127 99 -117 -114 -113 110 -113 126 106 98 118 107 124 89 122 -64 -125 122 -116 -103 -127 106 -116 -119 110 107 -127 -121 -119 109 105 -121 -117 -118 -122 127 -118 -126 100 -84 127 -107 125 120 -115 126 116 -75 -101 -107 108 -96 -127 -109 98 127 -117 100 120 -122 87 -93 121 -101 100 -106 83 -112 108 108 -119 108 -111 115 117 97 -116 123 127 113 83 -128 -127 102 113 99 -121 -116 -121 107 -109 -120 123 -82 -127 118 113 -102 91 115 101 125 105 -123 -115 -101 -116 120 -116 125 -108 -105 96 124 -112 125 -77 -119 -85 115 110 -120 -107 108 -126 124
90 119 -122 -104 -110 -117 -100 -128 -108 117 92 68 -111 112 90 87 114 118 118 -121 78 116 120 122 -118 -108 -112 107 -118 -80 100 115 126 114 114 124 113 -122 -123 106 119 127 125 83 -123 113 95 127 -106 113 120 112 115 -118 123 -111 116 -93 -111 102 -107 104 98 108 -117 104 106 -117 -116 104 125 -115 118 125 112 -104 -120 100 79 97 109 111 96 -128 -121 109 -104 115 -126 -85 123 110 -119 85 98 -107 113 109 -108 112 80 119 -125 120 110 -104 116 -110 112 -119 83 113 -122 -112 116 -123 -111 -119 125 109 112 -102 118 -127 123 -100 -123 -109 109 91 95 111 -93 93 -118 103 -96 -119 124 -110 106 99 -112 102 115 96 -127 -117 113 95 -125 -121 117 103 -117 72 -123 -106 88 104 -123 115 -113 95 109 97 98 105 -124 -100 -127 -109 -106 93 124 -121 103 -89 -118 96 118 -119 122 108 87 113 84 91 -115 116 122 105 -110 -115 79 106 116 -105 91 -125 -127 -114 127 115 105 105 -128 117 122 109 112 97 -110 82 121 -112 103 -105 -120 70 -124 114 81 112 121 116 124 101 74 -92 -121 112 -106 -121 -95 97 97 77 100 54 117 -116 -123 123 116 54 112 -101 124 119 104 -109 -123 59 98 84
102 89 120 98 91 97 73 -124 -84 -125 99 112 119 -109 102 72 114 115 103 -127 81 90 86 -125 -101 103 -118 -125 116 -121 87 68 120 92 91 -118 90 121 -123 -118 121 -115 115 115 110 82 -124 -115 -108 109 85 116 103 84 97 -106 95 -87 -112 106 -116 -114 -103 124 116 124 109 115 101 114 98 -119 119 45 96 -123 -123 124 116 -111 -99 111 89 127 101 -97 86 119 126 121 79 102 72 124 117 96 117 103 -101 101 125 -107 -125 -110 110 97 115 119 84 112 101 86 112 108 -116 80 -123 -84 -117 -122 -124 117 -110 103 110 108 77 123 -123 125 125 108 102 101 84 68 120 93 32 119 112 -105 113 77 125 -117 -126 -113 113 109 80 117 121 117 116 -122 123 89 85 120 90 -113 110 -122 113 -100 105 118 112 70 94 116 115 115 116 -105 -113 75 -111 111 107 122 111 124 86 -124 -124 82 121 102 70 110 94 117 92 89 81 72 112 77 116 86 99 92 116 127 96 -101 99 89 87 110 116 118 -124 -124 -122 76 99 93 100 79 114 75 59 58 104 105 90 -127 118 81 104 122 95 80 -93 74 -119 116 -119 94 84 93 -119 113 -124 96 127 124 112 98 119 103 121 103
81 95 110 -115 -122 -95 102 93 -107 99 -128 109 106 -124 -128 88 102 -121 92 123 -124 99 -125 92 -82 102 -128 -121 115 -105 109 90 117 119 -117 122 103 -127 104 93 100 115 -122 113 127 -116 112 101 -118 117 110 -126 126 124 122 -117 90 -109 -106 69 126 -94 -113 111 104 107 77 -104 112 97 84 98 -122 126 -96 105 125 106 -79 -123 -116 120 -118 121 -119 116 104 -126 80 -115 100 -121 126 99 123 93 102 124 -125 -126 -116 119 -115 -113 -119 115 127 100 105 106 111 94 85 -106 123 106 -107 122 120 -90 100 79 -119 85 105 100 103 91 84 102 94 102 121 -122 103 120 -75 82 87 102 104 -103 108 97 -117 -116 107 -125 109 101 126 109 -127 -127 116 104 -128 91 115 124 109 -126 122 -124 106 -94 114 -127 102 112 97 95 -123 106 92 73 127 109 -121 82 121 -117 105 124 85 -115 122 -128 -115 -90 -117 112 104 -124 111 74 87 -113 85 -126 -69 109 85 120 102 113 81 83 100 64 113 82 119 -94 -113 63 121 100 106 -123 123 -125 60 99 -124 82 -120 109 124 119 -110 -115 -108 110 120 115 -121 -116 -125 115 -125 -116 118 -113 -116 -125 -126 -99 -117 94 65 -121 -119 61 102 121
-115 70 121 114 124 101 -128 117 112 -119 84 114 -93 116 113 69 104 121 110 -117 104 108 116 100 123 83 65 -125 95 -121 113 -105 112 82 119 124 -126 -100 121 76 117 -124 122 -124 114 -120 96 -123 -92 -120 113 102 106 115 106 -114 93 122 -125 96 103 123 -126 115 -83 111 121 110 -115 98 94 -105 100 97 115 106 112 120 123 -124 121 113 109 109 114 103 -120 76 97 121 -124 110 113 119 111 -117 52 -124 -110 78 105 -126 70 84 72 -118 112 91 80 121 76 114 -122 117 119 124 -110 106 88 125 96 126 117 125 -112 120 99 -101 114 113 101 102 84 -125 -117 54 115 106 -113 86 126 83 -114 80 108 114 127 72 102 114 86 -97 118 100 105 82 -107 117 85 -119 115 126 111 94 100 93 89 111 114 111 122 104 106 98 83 120 117 110 -111 102 111 109 99 100 80 -99 -128 73 100 -125 106 114 94 120 101 51 74 -128 118 122 118 75 97 119 -122 121 97 -113 56 124 97 112 -119 -119 111 -125 -124 108 116 91 -87 118 127 121 105 -118 -96 -119 109 122 121 -128 99 102 -121 124 -121 111 97 121 114 84 -125 -95 80 80 117 121 -110 124 113 -110 111 74 115 76
109 59 67 118 119 84 112 51 -95 -118 123 -118 119 64 100 76 -128 114 113 94 121 111 96 118 108 120 67 96 61 117 99 100 65 96 85 104 90 81 93 84 100 87 117 126 114 104 97 -124 84 124 90 109 107 81 85 127 81 87 100 95 72 97 104 109 -127 90 111 -111 95 115 85 118 109 88 97 91 65 103 85 -103 91 97 83 109 86 87 81 -121 91 81 98 77 100 103 96 94 101 77 108 78 -100 113 97 100 97 111 121 112 85 103 77 105 87 114 93 76 117 111 -127 110 100 81 -113 100 77 -128 61 101 84 47 116 64 63 117 113 84 -126 80 118 41 87 89 99 -123 -118 98 94 88 89 76 88 124 108 113 74 83 96 111 72 91 75 116 87 106 89 120 62 -121 83 85 79 66 109 86 104 92 98 117 127 86 107 66 94 109 84 90 -123 86 103 93 109 121 37 81 109 92 70 105 63 105 100 87 69 109 66 119 -112 90 -110 102 111 115 87 -127 86 117 -118 101 -120 94 -96 -118 117 90 99 117 104 106 120 86 78 -122 101 105 104 96 106 94 92 94 89 90 78 95 88 96 -103 97 90 113 102 -117 92 125 104 86
67 51 -125 105 100 104 65 85 74 90 51 91 46 84 80 115 81 117 58 57 87 99 90 123 106 69 95 101 65 79 111 -111 80 111 89 49 73 109 55 90 86 79 80 91 119 127 41 -122 109 96 113 95 75 83 -111 84 75 106 63 51 74 102 98 107 101 67 121 95 70 80 118 86 89 78 77 101 98 94 81 86 91 81 35 85 87 78 60 123 104 93 103 96 -99 76 93 81 111 113 115 124 100 -126 110 106 81 84 -127 91 69 109 79 49 104 86 109 79 78 113 115 96 108 64 112 56 64 48 81 98 96 87 122 89 112 83 93 74 72 80 106 88 81 81 -115 97 67 95 120 96 99 40 76 75 69 89 112 77 71 85 126 78 84 97 60 44 105 98 53 90 40 87 89 98 77 82 61 75 98 75 87 88 49 106 63 81 39 106 103 76 66 124 86 107 103 100 60 73 72 99 71 80 76 92 89 83 58 72 65 80 106 97 99 62 118 104 101 99 91 110 60 58 112 105 73 105 79 83 81 122 86 61 64 95 82 79 -119 61 82 63 94 71 80 74 71 74 119 63 124 76 -123 47 98 108 109 92 100 104
97 109 -95 -97 88 87 -115 111 -93 -111 110 -123 122 124 107 -105 -125 -107 -120 -102 92 -113 122 91 -103 114 89 122 123 -116 116 109 -108 67 -119 121 99 -94 115 -98 -109 -97 -108 -60 -107 104 -124 -123 -96 -97 -128 -114 -95 108 54 -126 -91 -98 -125 -127 126 103 116 -111 -125 -113 115 -110 123 126 -126 102 124 -117 125 -124 -102 -113 -127 -106 -118 114 120 -124 -117 -109 111 -69 -120 -121 127 101 122 -121 -128 -114 123 -121 -76 103 122 109 -83 121 125 100 -118 119 127 78 115 -105 -113 -121 104 -116 -119 -109 -108 -103 123 -104 115 -104 -123 121 127 124 112 -123 -121 -120 90 -92 96 102 115 114 98 89 -119 -116 -115 -127 -89 125 68 115 117 120 84 -100 -126 -126 -111 116 -98 -117 109 -123 -114 -125 -113 74 123 -58 -128 -119 109 -115 -123 76 -127 -127 -87 102 -105 -126 -80 -104 117 -125 -127 104 76 -123 -110 126 -125 -120 111 -126 109 -107 106 -116 102 127 88 -93 115 105 80 -92 107 79 -94 -96 -121 124 105 -119 105 -126 -123 93 -97 116 -102 96 -99 -116 100 81 107 110 -87 -112 -124 -124 90 -112 -96 105 125 -117 -116 105 -100 78 123 89 -100 106 -128 -115 -102 -120 -121 -119 118 -113 -113 98 -97 -128
89 84 122 -113 -104 120 -87 -124 -125 124 -126 -120 -115 -117 94 -128 -76 -116 125 -101 -122 115 -104 117 -106 -103 -117 -125 -118 -122 82 -114 124 111 123 113 77 -78 107 -122 -114 116 -121 116 107 101 -102 -117 -120 -77 -113 102 87 -93 107 -102 124 -85 -106 117 -100 124 -92 -113 -101 109 108 118 121 125 108 -110 122 101 -124 -116 -100 -105 109 -110 -76 -78 99 -126 -108 118 127 -92 124 123 86 -74 -117 126 114 -105 79 103 -125 -104 126 -103 84 -89 -84 -90 -105 -69 -93 -90 77 -90 -84 -103 -113 94 102 106 -92 116 -123 -114 120 -123 87 110 118 -88 -115 -113 -101 -97 124 -123 -108 -113 -107 98 100 100 -110 -117 -126 114 107 -104 106 -107 -118 106 58 -93 -110 -127 114 -101 -102 -118 127 126 117 117 -82 -125 -118 -90 120 -128 -124 -121 -118 116 -97 87 -118 88 -107 -119 -111 -91 -107 -110 -102 109 126 120 -93 -106 -103 123 116 -116 -102 -104 -119 111 118 -117 -113 -93 -93 -122 -122 126 122 -112 89 127 -115 -101 -106 80 -122 -110 107 108 -127 -126 -97 113 -90 -120 -108 126 125 113 -84 111 88 -118 116 -78 114 -110 -126 -113 119 -87 -119 115 -99 98 -101 -125 -118 -70 -123 -115 -123 120 112 -120 -121 102 -98 115
94 82 81 122 111 91 118 74 120 84 102 93 -125 100 108 76 123 108 78 95 107 101 83 107 -121 67 94 111 62 116 64 112 86 85 89 104 119 -128 97 106 78 101 94 91 94 84 48 110 83 111 102 -96 120 -117 99 116 53 -93 91 109 80 -125 -116 97 105 87 91 68 63 123 -122 -126 103 124 -126 127 -116 64 116 101 111 -118 114 111 115 114 123 125 88 -125 115 112 92 -121 123 -122 105 96 102 116 100 95 93 106 76 -105 105 118 37 103 75 113 110 86 71 96 -113 111 124 -127 120 124 93 79 84 109 105 94 107 105 71 83 116 126 121 53 -124 55 106 54 124 93 93 65 89 114 98 98 112 90 66 -124 101 -120 92 90 96 86 123 85 71 82 49 120 78 113 111 102 114 58 100 91 72 91 88 67 124 100 127 112 115 101 -126 109 74 68 99 115 95 120 -120 123 78 121 105 82 74 99 73 100 122 101 84 -98 87 76 84 66 100 114 81 -122 -124 -126 101 56 97 98 117 96 86 94 100 -120 95 98 104 114 107 81 80 86 83 -101 95 100 110 118 99 68 115 92 62 68 91 -124 125 -97 123 91 83 118 114 64 104 85
101 61 86 126 97 109 110 48 -128 127 92 75 102 89 103 80 114 76 -119 81 -118 75 93 91 37 94 94 104 98 -111 125 123 87 120 79 51 87 98 52 78 94 112 120 102 -128 86 75 109 96 127 117 60 97 81 79 100 106 85 88 73 123 65 117 85 114 115 127 -120 80 114 125 119 104 95 66 91 93 111 101 96 -123 90 79 113 106 73 82 91 113 113 91 73 113 73 -125 116 -124 125 -122 92 125 95 102 101 120 91 116 102 104 102 66 61 102 112 96 70 91 92 90 101 76 101 113 68 98 94 86 -124 102 75 98 88 73 84 102 98 116 82 93 71 76 -118 80 81 91 -120 49 93 95 91 76 108 69 120 108 71 100 105 81 111 94 105 108 64 104 98 90 105 53 76 124 82 102 90 96 122 89 111 93 72 66 98 80 37 -128 112 102 -117 95 88 110 117 115 86 97 108 85 59 81 88 104 82 107 117 101 74 85 99 100 106 -112 93 -127 93 80 91 -126 123 -117 75 126 104 75 96 79 -126 98 -109 83 43 123 126 105 91 107 106 120 88 107 69 86 45 106 108 69 81 115 115 78 117 85 -117 105 75 112 91
61 92 102 101 62 105 86 109 92 96 88 111 119 94 67 55 93 81 65 125 102 73 93 120 127 70 82 -117 84 92 30 78 89 61 104 122 98 92 104 89 100 -120 90 62 105 113 99 93 93 86 82 114 43 -106 97 84 107 124 75 93 89 122 -124 115 81 108 105 124 -123 74 85 108 103 68 113 85 78 98 121 -121 -127 117 104 118 86 109 -127 125 90 77 112 85 90 108 118 41 43 121 101 102 47 70 110 87 112 74 86 91 84 73 91 67 95 93 79 92 79 88 88 112 101 117 99 92 113 92 91 65 99 114 104 71 105 79 103 94 102 85 77 93 114 62 76 82 60 78 119 90 69 118 79 109 96 90 68 59 86 84 93 81 60 -121 72 108 122 100 66 85 99 101 113 85 -124 71 71 105 70 96 120 100 104 80 90 61 34 98 81 68 99 52 70 91 55 111 84 53 51 85 92 89 79 118 67 94 115 107 -123 126 115 126 83 113 120 122 -78 74 93 61 66 33 73 73 65 72 61 95 99 125 102 96 123 67 -128 106 85 111 125 86 106 100 76 77 116 72 108 92 104 125 115 115 95 124 106 71 116 103
114 90 -110 -85 -107 -112 -105 119 -82 -118 -105 -123 -125 -108 110 86 127 -121 109 -119 -110 114 -122 -107 -106 102 121 122 105 -119 -125 121 108 115 110 122 124 -117 120 -128 102 -115 -104 76 -110 78 100 -124 125 -126 123 -101 -111 112 119 -124 -121 -85 83 -122 -107 123 106 -92 115 70 116 -120 -128 109 93 113 -123 -122 101 -119 100 127 -120 -111 115 -111 120 -121 93 -123 -97 -102 -96 -125 110 87 -118 -121 117 -125 -96 97 -54 102 -117 -121 -114 -122 -95 -118 -118 97 -104 -123 106 112 127 111 -126 107 -94 -112 -93 -113 -128 -121 -110 116 -111 -88 126 126 -123 -114 -117 102 -126 115 95 118 -118 80 -110 104 118 123 -85 -112 113 -115 100 -103 127 70 59 -121 93 -127 -128 96 -120 97 98 113 124 100 -79 101 -100 -124 117 -114 127 -101 -95 -93 -118 107 -88 -128 104 123 -87 125 97 97 -100 116 111 -86 102 93 -88 67 96 -102 -125 -121 72 116 101 -104 98 -124 -96 -125 -116 120 87 107 -96 -81 96 79 -100 -115 -119 -113 -116 123 127 -110 -92 -109 -109 -104 -104 101 86 -121 104 -93 -114 -127 -121 123 -111 -117 -109 123 -126 -75 123 70 -101 -119 79 -105 112 -97 -97 -88 122 -101 117 -80 -70 -109 119 114
109 88 77 -94 70 -121 -111 89 -128 75 101 -123 69 -120 87 68 125 -114 94 64 118 81 116 83 120 90 110 -125 -108 -107 98 124 -110 108 -103 124 97 113 106 111 117 99 -125 95 127 69 121 71 121 87 -90 -118 -104 121 108 -113 70 -125 -121 83 78 121 124 -127 123 91 99 119 127 124 100 -128 118 41 -123 -105 111 121 127 86 -121 -126 103 122 116 100 -119 113 118 95 92 95 -128 -112 -113 124 70 100 115 122 95 84 -118 115 113 107 113 -105 100 93 124 -126 -108 94 106 107 113 100 -126 95 108 111 -112 92 118 -121 83 -110 108 97 92 98 125 95 94 115 -120 79 73 97 125 -110 -127 109 115 -125 116 119 121 -127 91 -114 109 115 99 113 127 89 -127 90 125 120 -119 88 96 117 78 126 120 110 107 -127 119 127 121 101 120 -105 -119 89 105 -121 -126 -108 80 121 94 110 -103 92 101 -127 -128 85 123 120 -128 -126 88 105 -103 127 108 126 103 114 -102 -114 113 96 107 86 113 -125 119 71 75 116 -100 113 -111 126 90 71 111 96 114 83 82 90 100 121 86 123 117 98 -112 117 89 98 124 121 117 112 94 -125 96 -115 122 83 106 -118 118 88 -115 103
86 119 -122 -109 124 101 -124 108 -113 110 90 111 121 -109 -112 -125 119 -125 -119 108 -113 98 94 113 99 96 119 114 -105 106 -114 -127 -125 -128 126 109 111 -124 114 115 121 126 -98 81 -121 -119 101 -123 126 -114 89 -109 -120 104 115 120 110 -126 108 94 103 -125 88 104 -127 90 122 -118 97 82 -123 -117 -110 95 -128 97 118 89 -106 83 102 112 81 112 118 117 107 104 107 94 -114 125 115 -125 126 90 109 112 -102 114 -117 -124 96 -125 -106 -113 -114 -127 -126 98 116 89 87 89 117 119 -105 -114 -95 -97 116 123 106 115 -126 75 127 89 86 87 -122 113 -125 127 110 80 126 56 74 83 109 -109 93 108 81 106 -105 -126 71 114 102 127 91 100 107 -103 114 125 109 111 103 100 108 99 -114 117 107 89 99 92 90 101 113 118 119 120 123 118 -121 117 75 98 107 116 104 127 -102 114 -125 -107 99 -116 108 -119 100 105 93 122 62 -110 113 99 92 125 98 114 -124 121 78 114 117 -128 -84 114 120 114 102 123 -124 99 114 123 107 108 97 -115 -97 -92 104 -126 114 -98 -106 103 -107 110 -122 98 123 110 -120 -126 109 113 115 -112 -82 -109 97 87 -109 -87 -125 123 -124 -96
-118 -121 118 -94 111 -118 -109 123 -86 119 120 -124 -112 -91 -97 110 -112 -76 -113 118 -97 120 -125 96 -118 -127 125 -96 -79 -77 -105 -122 -88 125 122 -107 109 125 -128 -95 -103 120 -103 122 -96 -103 -111 -100 -122 -117 -105 -83 -86 -98 -115 -107 -98 -119 -108 84 -100 122 108 -117 -107 -120 -112 -127 -122 97 104 -80 -94 -111 -92 -97 -114 -112 -82 -72 -127 -97 118 -120 -96 116 -112 -105 -111 -125 -119 -127 -107 -120 -119 99 104 -103 -82 -115 -127 -125 -89 -110 -99 -109 -92 -113 111 -97 120 127 -91 -127 125 109 -98 -102 -97 -122 -71 -106 -120 -75 107 119 -110 -70 -122 -126 -118 -90 -125 -115 -64 126 -73 118 -112 -120 -109 110 -74 114 113 -128 -123 98 106 -106 -108 -91 -91 -107 -73 -114 -115 -128 126 116 -95 -68 -87 119 -95 -90 115 -115 -110 -120 -111 108 -114 -89 117 -91 120 -104 -98 -126 121 -126 -100 -72 102 121 -97 84 -111 -102 -90 121 117 -101 111 -111 100 -71 99 -103 -62 -88 111 -109 90 121 -68 -110 118 105 -125 -114 -93 -80 -64 -109 -117 -104 -109 100 -99 -113 115 81 120 -96 -119 -105 -125 -84 112 105 120 -91 -90 -105 -97 101 99 123 -116 127 -81 -92 96 112 -90 -82 -90 -123 -97 -78 -127 114 -128 -115
112 107 -120 -100 115 -114 127 -109 -109 67 119 109 110 -115 102 95 122 115 -120 105 125 87 105 84 -121 84 114 -116 -124 -120 119 92 -125 -98 -114 -106 68 -124 99 114 120 123 -120 58 -110 122 -111 122 122 -110 -124 -125 112 109 82 122 98 -117 -103 97 -119 -112 110 109 -109 94 -117 -121 123 90 106 -84 -119 109 115 -120 95 96 -112 107 103 -104 -124 -61 97 96 123 94 -121 103 104 99 -107 95 -121 117 126 -122 -104 -107 124 -105 -110 114 108 97 -127 -103 -107 104 -117 100 -124 89 -125 115 121 -84 -110 -111 114 -104 -119 87 70 118 81 112 124 103 -109 119 122 90 -127 -110 126 86 117 -104 104 -117 119 101 93 -91 -116 125 -111 -126 74 113 122 -90 103 81 118 107 -120 -105 115 121 101 83 -106 120 105 -107 115 108 -107 92 116 100 -125 -121 -100 -125 -109 110 -106 -107 67 107 91 -103 113 83 100 120 -116 115 102 -125 63 110 88 99 -124 -126 125 124 -118 122 124 -126 -120 -100 118 91 88 101 -100 90 -119 82 127 -123 120 85 127 102 110 116 103 -107 -111 121 119 119 106 -101 -100 -121 -102 -126 -106 99 -126 110 120 104 107 -96 98 -117 -94 -124 121 -125 112 -79 -102 125 -94 122
61 66 94 -94 95 71 117 77 108 79 55 73 83 109 65 94 110 108 86 101 99 79 105 85 109 110 81 62 78 100 87 -126 53 81 121 80 90 79 80 -117 73 60 102 80 91 69 40 97 106 114 90 91 -128 80 100 107 104 115 85 106 95 45 84 78 93 89 106 82 77 84 80 64 -127 87 123 93 97 60 99 101 101 102 84 122 101 97 68 -118 80 117 105 95 107 87 66 96 94 84 99 -118 79 74 108 114 -127 91 109 113 70 81 110 115 111 93 86 70 91 78 -125 106 74 92 109 83 87 79 93 106 80 84 114 125 114 90 58 63 -123 85 91 50 95 77 106 121 86 92 71 90 93 73 43 100 109 90 96 84 107 -128 87 77 103 83 125 109 -127 98 117 84 75 87 101 79 93 60 -120 70 89 82 -123 83 62 95 121 120 43 79 95 96 83 97 83 112 95 123 79 98 92 109 67 63 110 71 64 65 92 104 101 72 67 89 99 115 112 102 121 94 106 96 85 60 -116 98 48 -122 88 91 116 71 74 111 90 108 105 59 70 111 93 49 89 89 85 89 101 106 95 98 105 121 114 40 -125 102 83 94 66 79
89 111 93 101 84 77 94 94 97 47 86 72 95 85 99 102 95 111 91 -128 110 120 88 110 83 -126 120 112 88 76 101 103 87 106 68 69 97 110 90 51 82 111 95 74 117 100 95 123 115 126 -117 93 71 68 123 99 71 93 -93 87 58 90 113 113 115 93 73 107 123 82 98 -115 120 100 108 112 87 105 -115 95 71 92 117 92 80 49 89 99 101 119 69 82 94 97 109 64 97 106 93 108 -118 107 122 107 87 120 87 82 77 99 101 -108 69 77 106 83 81 109 123 100 103 62 60 108 35 98 -120 43 39 97 117 72 91 93 83 65 101 103 87 72 87 124 65 63 96 104 108 79 109 53 45 -123 100 105 97 91 119 101 101 67 93 111 65 79 -125 -123 89 79 102 89 70 70 126 85 104 111 123 -126 119 124 102 85 93 112 82 77 84 47 -109 82 93 -122 121 102 81 81 51 99 43 107 124 115 57 88 83 76 105 75 106 87 90 69 -113 97 121 89 83 126 102 84 109 96 58 98 57 60 108 115 77 83 74 95 94 69 103 89 89 75 113 95 92 -128 57 115 70 69 -114 97 115 85 -128 87 -115 108 85 75
70 87 104 109 123 -120 113 103 108 101 82 87 -103 86 102 51 117 102 55 117 -118 79 109 87 114 105 85 84 105 -119 78 96 125 100 111 110 114 123 120 109 96 112 104 93 -126 92 80 74 125 98 118 57 89 123 112 -119 94 106 -127 73 78 -123 104 120 108 77 71 -96 99 63 122 98 95 121 126 80 96 95 127 87 126 95 -110 126 89 106 124 -126 127 126 88 116 106 116 -127 -125 110 100 111 110 -122 69 110 111 -115 124 106 118 108 112 89 85 98 93 102 102 -93 -120 91 127 85 -99 110 118 105 107 114 -120 114 92 102 95 94 113 103 94 105 80 125 109 107 119 108 78 90 99 101 120 115 89 -124 94 107 111 102 41 92 122 71 96 80 111 117 97 81 85 103 104 -127 106 111 86 -100 106 107 89 97 114 120 83 114 -123 117 104 87 90 73 87 -123 95 119 96 81 -105 50 111 86 -124 106 113 -124 105 92 102 -125 54 124 -126 62 -117 109 99 105 110 119 112 114 118 112 82 103 115 73 61 99 87 114 115 123 117 -122 112 112 102 54 119 93 111 -122 50 110 127 -128 103 75 112 91 -124 104 123 105 -107 120 65 -128 109
73 73 -128 -113 117 122 -118 -109 126 85 77 126 100 104 79 68 107 -123 74 122 -109 105 114 122 -100 70 105 -117 124 -96 83 102 110 -107 120 116 99 89 110 112 103 119 99 78 116 122 88 86 -122 104 93 87 88 -120 121 -115 -116 -119 97 126 92 81 -121 -76 97 64 121 118 -79 64 89 -128 107 100 -104 85 97 109 106 -123 -87 122 108 116 78 98 112 -114 95 98 93 -119 126 -120 114 126 95 119 -118 89 -113 103 125 107 -113 -128 106 107 99 116 124 124 121 87 115 -120 114 112 125 105 -117 79 107 116 106 127 107 76 118 126 -127 83 -127 90 115 117 -126 107 110 111 85 119 106 90 -100 -119 118 -128 -110 118 123 -127 119 99 -128 76 115 124 105 89 125 119 101 113 106 93 87 82 81 102 123 -112 121 109 108 -128 113 -103 -99 -116 98 57 102 -124 107 117 75 92 124 57 94 106 87 -115 102 112 95 -121 90 81 90 90 -89 117 -124 94 118 -127 72 111 95 99 -92 101 -94 119 95 -123 -111 111 -120 82 114 96 109 109 124 103 107 127 101 113 95 102 109 127 -127 -128 99 106 90 113 111 -124 98 92 -119 -122 123 114 120 109 -110 127 80 112
86 76 -111 103 76 127 -91 -126 -92 123 127 -114 95 117 -108 109 123 101 92 109 -109 -100 122 -116 -123 91 121 -84 115 126 104 -122 -122 125 109 100 90 -113 100 -127 119 -123 107 98 -98 102 93 120 -93 -116 -87 78 101 120 94 -108 -98 -82 101 97 107 125 -110 -114 113 121 85 -105 121 70 -118 112 111 -96 -120 -113 120 -127 99 126 -108 -103 105 -128 102 110 106 -119 121 89 115 -125 -90 111 90 123 -116 -118 -100 124 -105 77 -88 -104 -118 117 -101 -128 97 104 127 99 124 -128 113 125 112 -119 -113 99 113 90 110 122 88 119 120 -95 -116 105 99 -119 106 -123 73 89 -112 114 63 112 126 -126 -104 94 -108 -117 109 -111 -110 -122 121 101 122 117 -109 100 118 88 98 -126 -122 116 99 84 92 108 -120 127 125 -119 88 78 -125 71 122 105 119 -118 -92 108 -121 124 -122 114 119 111 117 -106 -127 92 -125 115 123 -95 103 114 112 127 -101 -117 126 -126 -117 -122 90 93 127 102 113 -111 -123 115 108 91 -90 -127 99 -121 114 -122 107 -127 113 114 119 79 -121 53 -128 122 126 104 -76 -109 -122 122 -126 89 119 92 120 122 115 -120 123 -120 91 115 -128 98 108 122 124 108 -120 -98
-125 127 -94 -98 -112 -116 -68 119 -96 -120 117 -77 -64 -80 121 106 -66 -127 115 -107 -103 -95 -110 -97 -107 -105 122 -119 -118 -60 -116 -98 -100 -116 -104 -95 -127 -66 -121 -94 -90 -86 -112 108 -85 -125 -112 -113 -70 -85 -102 115 118 -95 -119 -76 -117 -93 -117 -113 -117 -109 117 -107 112 -116 115 -97 -127 -123 -118 -69 -88 -123 -56 -123 -121 -119 -112 -94 124 -80 126 -53 -116 -109 -107 -96 -81 -116 -126 124 -83 -108 124 -89 124 -123 -76 -62 -121 -101 -100 -105 -72 -96 -127 121 -109 -122 113 -124 -71 -114 -111 120 -87 -99 -121 -89 -86 -85 -110 -106 -113 -107 95 -86 -122 -98 -122 -103 -85 -104 -109 -79 -79 -119 -111 -125 -126 -112 -103 120 -111 127 -107 -96 -90 -96 -121 -113 106 -113 105 125 -69 -96 -111 -123 -98 -100 -91 -99 -98 -93 -86 -115 -85 -118 -74 114 -105 125 -92 -108 107 -115 -71 119 -111 -120 116 -113 112 -118 -88 -118 -102 -125 -99 106 -85 -77 126 -111 -96 -121 -95 -115 -91 -125 -126 -125 -119 -127 -79 -82 -118 -106 -87 -127 -107 -115 -86 -118 -122 125 -126 121 -93 119 -113 -122 -126 -92 -98 -101 118 -101 -106 -98 -86 -109 -116 -82 -71 122 -76 87 -108 -123 -92 -77 120 -117 -87 -123 -127 126 121 -86 -86 -121 -119 -66
69 89 81 -113 -99 -122 116 102 -92 76 107 105 96 -106 88 91 127 -121 69 90 -87 112 -127 115 -114 117 113 116 119 -128 90 107 -125 120 117 115 97 118 113 -101 99 116 87 59 -97 108 125 -122 98 -106 -127 -114 -93 88 126 -121 104 -102 -124 114 116 108 -127 -97 116 92 87 120 -117 124 95 105 -116 124 -109 -125 97 95 -87 -110 116 -100 -120 -116 -107 109 82 -86 118 -102 127 100 -119 92 107 -107 105 116 -114 122 -115 112 117 121 121 -128 -117 -102 -126 91 -123 -127 119 95 105 75 120 115 -125 102 -125 125 -126 -118 83 108 109 115 127 -105 117 114 -107 -122 -127 -117 -112 112 -115 112 110 -110 -99 121 100 -125 111 120 -89 84 110 -100 114 -113 120 110 -114 123 84 87 123 -121 -115 -109 95 -119 96 85 77 122 98 103 125 -122 109 107 92 90 -111 124 -104 -116 105 -122 82 97 95 115 -105 87 -115 -119 114 114 106 123 102 -124 78 118 -111 100 106 -127 115 -109 -121 121 -126 94 105 -117 -124 94 -117 -127 -110 121 -108 87 -104 -111 90 88 104 88 113 107 112 95 123 116 106 89 -104 -128 113 109 108 94 -119 -92 107 119 124 107 -123 -107 100 97 -118 -106 -117 126 93 112
87 70 103 117 70 93 -119 100 -114 90 -124 104 87 71 82 77 -116 120 -122 -101 91 92 93 94 -123 56 116 97 121 88 97 81 127 88 90 -125 100 127 81 113 111 111 94 72 125 113 86 123 122 89 60 97 119 114 70 117 118 111 127 117 74 121 109 94 93 108 77 68 91 102 -122 -89 -128 -126 78 114 96 71 88 108 88 97 73 94 117 80 97 110 -112 92 89 78 93 114 99 117 87 48 100 96 65 42 85 -116 98 105 98 118 111 85 92 108 121 105 85 96 101 -106 84 -122 -123 100 120 122 75 106 116 111 93 123 83 82 66 115 111 123 -126 110 95 89 82 53 101 86 95 -115 93 110 103 90 99 94 73 95 61 100 85 84 93 82 80 118 -105 56 87 -128 81 -116 96 117 96 86 114 83 91 121 104 107 127 123 96 116 52 91 74 94 82 93 99 115 -96 -113 102 121 80 81 36 83 61 115 88 97 80 91 38 32 83 86 80 104 100 105 126 97 118 80 73 119 102 104 122 80 -116 77 68 119 -84 67 98 90 93 101 102 105 95 -119 67 84 94 70 86 114 -122 120 87 86 119 -109 127 106 87 111 114 84 111 98
95 97 109 -127 102 55 -128 54 105 56 93 68 103 95 -127 88 -113 107 86 -119 113 104 62 87 -121 90 93 86 70 105 83 83 54 111 80 118 114 105 104 90 92 82 76 127 88 91 93 108 105 102 44 92 98 77 92 -120 66 121 73 85 46 105 107 91 75 114 99 98 121 70 88 67 102 78 115 74 93 80 95 95 112 67 112 127 98 94 107 124 74 97 93 110 112 66 101 123 85 51 95 109 109 85 107 68 93 98 77 76 58 42 67 84 57 88 117 103 67 100 82 126 79 108 84 83 94 -125 57 92 51 54 87 99 116 92 99 49 118 123 111 46 115 96 -126 72 -124 121 108 69 70 92 86 121 113 -118 68 121 122 114 78 69 118 99 -123 89 87 -120 85 114 86 70 88 75 87 115 53 77 93 104 98 119 116 91 101 57 59 -128 91 84 90 127 93 -106 104 110 74 63 59 93 66 50 75 62 84 113 -127 107 101 106 80 42 89 109 120 84 91 83 105 91 94 50 84 98 93 126 -116 101 89 71 103 89 45 90 81 101 83 93 75 122 99 102 119 83 64 84 120 98 96 80 106 125 116 113 87 100 80 90
93 103 118 -111 95 -125 126 84 121 -111 109 -126 108 -117 109 101 125 126 110 114 -128 95 99 126 89 98 -98 96 -98 -119 108 -92 -128 -111 113 78 102 101 120 -128 -97 100 123 87 -124 113 112 -117 -125 118 -98 126 105 110 122 116 95 117 96 105 97 92 127 88 120 95 111 120 -119 83 106 102 109 118 -113 97 -124 -102 113 119 -108 -126 99 123 116 -108 -89 -109 86 -110 98 116 -114 -107 -105 88 74 127 -115 103 -94 94 116 121 126 88 126 105 92 100 105 113 108 96 -126 -115 -127 107 -114 89 105 127 95 -116 97 79 96 116 96 122 -116 103 96 113 -117 -120 107 111 113 103 -121 -128 124 65 98 112 99 91 110 67 123 -100 -127 -125 118 -125 -128 121 93 120 -123 123 104 94 113 -126 82 102 120 126 113 117 100 110 90 125 100 109 -124 -126 114 109 89 89 109 -102 123 103 -123 -128 97 122 114 -122 66 75 93 125 117 -106 -120 -121 69 120 -101 99 115 -107 120 103 82 80 -92 -94 -126 70 -105 -125 -122 112 -121 124 72 107 120 -124 119 -110 118 78 102 94 120 105 -110 121 -90 125 97 99 -111 126 114 122 -126 -122 120 117 117 98 -121 -103 126 121 -126 -123
72 115 100 113 80 115 -126 86 -120 117 -121 95 97 116 120 46 -114 101 59 61 105 104 89 117 114 70 70 123 95 116 65 110 98 100 95 98 107 -126 -112 91 82 -106 75 121 103 103 115 105 106 125 113 105 117 86 -126 122 97 -127 114 53 82 123 75 72 127 -123 84 111 80 -122 77 100 106 112 -124 -108 88 93 111 104 -127 110 90 97 105 85 111 -123 110 60 -126 -122 117 103 117 121 98 90 85 110 104 117 103 113 86 121 -123 -120 96 97 75 71 99 116 106 84 78 98 77 127 76 103 106 92 85 119 100 113 76 57 116 70 -122 112 78 86 106 68 81 78 93 -113 104 106 82 66 106 -120 97 88 71 122 93 96 113 89 103 83 93 84 102 114 97 98 127 98 100 111 62 79 105 91 92 98 62 -128 89 110 111 88 75 69 89 113 103 108 119 124 93 -124 82 89 93 107 100 104 105 109 93 101 103 104 89 66 112 108 84 103 91 114 -121 101 122 -116 91 -123 70 88 -125 56 113 110 94 67 72 95 99 111 94 -104 119 89 118 123 -112 80 87 95 -127 91 107 104 123 105 90 121 92 88 100 117 96 -114 106 95 125 106
116 92 112 -121 -92 -117 -113 106 126 97 -128 109 -113 -91 -128 116 109 -128 109 -126 -92 -126 -113 117 -113 119 -118 112 -125 -123 93 -127 -98 -118 -80 -117 -108 -107 -110 125 110 121 -109 -100 -116 -104 110 -126 -94 -111 125 -119 -114 -122 -116 -86 123 -109 -85 -107 123 99 -113 -102 -111 -119 92 -82 -101 -102 86 127 -120 -112 -92 -109 117 -123 -107 -117 -109 -109 -123 -66 123 -112 92 -120 -103 -121 -126 122 121 -88 124 115 -126 -118 -71 -114 -113 -105 -89 -97 113 127 -113 -115 -123 -101 -109 120 -125 -105 -100 124 -104 -108 -102 -89 -89 -95 -92 116 -114 124 116 -114 103 99 107 106 -125 -98 127 -108 -81 106 -102 120 -121 -77 123 46 97 -116 -123 121 103 -119 124 -105 121 -124 127 96 99 -126 114 -101 126 -121 -122 -128 -126 101 107 98 -97 96 125 112 -123 122 93 -113 -121 -82 -84 -114 109 -118 -107 97 -123 125 -108 101 127 88 -117 -122 124 -84 81 -124 113 121 97 122 -123 116 -73 -104 -124 127 -51 112 108 -128 -98 -126 118 -120 -97 -127 -125 -125 -97 100 -42 126 121 -111 109 -126 -128 -110 -105 -119 109 116 -97 -118 -106 103 -89 96 117 96 99 -108 -125 -86 108 -113 -97 -110 105 127 -96 -100 -106 -102 -109 88
-128 104 116 -100 89 107 -90 114 -124 84 -119 125 79 -127 54 106 -112 -104 -126 91 104 118 120 -123 104 116 -116 96 103 120 123 103 -110 -105 89 112 113 116 109 123 118 123 117 115 122 86 50 113 -112 115 120 116 116 -128 -88 97 125 125 110 -117 -128 76 78 73 90 86 98 -120 82 90 -104 -127 -100 80 121 -110 122 103 -126 107 126 85 114 -128 -122 -127 115 126 104 120 95 -113 115 87 107 116 -127 118 -109 94 81 110 -121 119 -107 -128 -125 108 97 122 99 105 117 -119 105 88 120 125 110 -121 -107 111 89 71 109 -127 124 110 -119 90 122 123 -125 74 107 111 114 104 92 87 -122 81 117 109 96 97 95 117 -103 74 75 109 95 -121 106 110 108 -123 120 120 -125 111 125 79 113 119 -115 76 110 92 109 -126 -120 82 127 112 116 -128 -112 124 108 124 116 85 116 102 77 95 -115 92 85 -115 -96 -122 101 126 74 -127 72 112 -101 121 87 124 89 72 90 84 69 -115 111 -112 -116 72 112 107 126 -104 113 94 113 91 98 -114 95 114 -128 -127 91 81 103 -127 86 -104 -121 89 107 91 95 85 77 -113 113 92 97 113 119 127 112 104 127 -94 127 98 -126 122
-92 -125 -118 121 -124 -120 -123 -123 -65 -117 -123 108 -110 -94 -110 96 -100 -107 -119 101 124 -118 -127 -97 -85 -105 113 -92 -87 -105 103 122 -118 105 -126 125 89 -69 123 -111 -106 -110 100 112 -127 -119 -103 -121 -96 -113 -99 -103 125 127 123 -88 -128 -94 109 124 -101 -53 103 -65 -113 107 119 -113 101 -120 -128 -101 -95 -113 125 -89 -115 126 -91 101 -113 -84 110 -102 -120 106 -121 127 -121 120 -67 124 -104 105 -90 -95 122 -108 -94 121 124 -109 -124 -117 -125 -120 -120 -112 104 126 -119 127 -67 -105 116 -69 -121 -73 -122 -99 124 -94 -86 -88 -116 125 -102 -87 -101 124 116 -80 -109 -128 97 -104 -103 82 -115 -112 -85 -78 -117 -117 -127 125 -77 -115 -87 120 -81 -96 -115 -104 124 -90 -90 -117 116 -116 126 124 -109 92 124 -122 -111 -78 -111 -121 121 104 -112 -97 -118 -90 108 -124 -96 100 -117 -99 -115 -112 114 125 -106 -121 -111 118 117 115 -123 -115 -112 -100 -112 -113 109 -99 -117 120 -96 -73 -127 -103 -104 -76 117 120 109 -118 -126 -92 -120 -110 -110 94 111 96 -95 -99 -119 72 126 74 -99 101 -123 -87 -114 -125 -107 -116 -120 -128 -111 125 -102 109 118 109 -74 120 96 88 123 -126 -112 -113 100 -105 -124 124 -117 115
98 93 -115 -116 71 -120 123 108 121 127 100 124 113 -128 -124 -107 -123 104 113 -115 -99 121 105 119 -85 83 112 -115 -72 89 -76 -127 102 118 -117 119 117 -123 111 -108 118 -116 114 -114 -102 125 101 -126 -123 113 112 127 124 70 113 -105 91 -123 115 101 108 113 119 98 89 -125 -96 121 -105 60 -127 -89 -113 -123 121 104 -126 -122 119 123 -127 126 -128 -99 115 94 107 119 -120 -120 120 -106 -91 -118 -124 88 -114 114 -100 -73 -101 -101 -120 -102 -121 -125 114 -96 127 110 101 83 109 95 -111 95 86 -108 -93 -76 -102 -108 -100 114 -116 -127 109 -104 122 95 -100 96 88 120 114 -124 -83 124 -109 105 -119 127 -118 109 -121 -115 104 -119 73 -108 113 -116 -98 -84 -115 111 -121 -121 96 105 -126 -107 -106 87 -121 -74 125 -96 118 -114 -120 78 119 -119 98 -125 -87 -122 -92 111 112 -105 109 103 95 123 -119 98 104 118 -123 -111 -114 -111 111 -127 79 127 -126 110 104 110 124 -111 99 81 106 -94 125 87 105 88 -122 -119 -106 114 99 127 -121 83 -120 -124 111 -74 -111 114 -120 121 96 -122 79 -121 -119 -120 95 95 112 101 -122 120 -120 118 122 -120 -104 -105 -95 115 -122 103 123 -92 -94 -100 -102 -128
87 119 101 -125 90 123 -117 97 115 117 91 54 107 -121 80 98 125 83 117 -118 122 114 125 101 103 -121 123 89 -104 -97 82 117 -127 124 113 96 43 105 -96 -116 121 87 -115 114 122 98 112 107 112 97 -110 -109 90 112 80 119 113 -124 -124 108 106 124 -118 101 117 120 119 -124 83 127 73 -126 95 100 110 -110 126 122 112 106 -111 -114 73 -109 127 118 87 99 -126 -128 82 95 75 124 121 -111 -98 93 -100 103 83 87 96 -121 90 117 74 -105 107 123 -127 123 -112 122 -128 -121 -125 115 99 -125 117 -120 -117 124 79 125 113 116 100 73 113 119 -110 -124 82 122 -100 89 -119 103 98 106 94 -106 -116 -124 101 103 -123 115 62 104 -123 -128 124 100 126 127 -127 122 -110 113 111 78 -111 113 105 92 113 86 100 106 -124 105 109 84 113 117 -110 84 91 119 106 107 39 102 87 119 118 95 97 118 86 122 98 123 112 -113 106 -108 100 122 -93 90 114 -102 -113 104 125 92 94 109 126 85 113 117 -100 99 -109 99 109 114 126 92 -113 -106 117 99 97 104 95 -107 -126 -118 -88 76 104 -121 126 117 112 76 111 53 51 105 -114 -94 105 -122 101 -124 -115 39 117 70
122 82 102 112 117 62 94 100 114 104 60 78 88 101 106 73 114 93 63 68 110 77 105 48 -125 69 91 102 119 109 94 96 125 107 94 89 109 96 62 97 89 96 124 100 73 104 118 86 115 103 113 91 109 118 117 123 41 99 100 102 47 98 84 75 -120 84 93 114 104 57 95 93 93 107 110 64 62 99 74 89 -121 84 114 103 89 99 91 101 111 109 81 85 102 97 106 73 81 100 117 67 -122 86 109 106 117 68 97 -121 92 90 69 76 74 75 -119 103 88 113 -121 104 116 117 104 67 90 109 59 82 95 76 -111 64 46 113 -121 95 105 70 92 34 86 98 81 78 81 113 92 73 64 100 62 -121 61 89 92 127 85 105 67 115 47 113 115 88 115 117 68 122 81 58 -125 99 81 60 108 104 -115 -127 127 98 100 91 72 95 -125 81 101 60 95 92 119 73 98 71 103 41 78 64 103 85 94 117 87 85 115 100 76 84 90 102 67 85 126 108 82 101 102 110 105 108 100 82 81 116 108 109 90 98 112 95 80 99 102 87 71 92 116 71 71 82 73 73 62 106 87 -112 -118 -122 80 63 -118 -104 76 79 125 -81
-128 105 -123 -111 -117 114 101 82 80 99 87 112 113 88 110 51 111 -118 90 73 116 100 69 86 113 91 104 -118 116 94 84 115 118 117 75 88 89 -122 -123 74 113 92 -120 89 119 123 -122 114 -115 123 102 114 108 100 93 118 88 107 92 89 93 99 79 117 -113 89 109 126 82 70 100 123 118 114 94 107 103 102 109 122 117 103 -127 119 99 87 -124 93 89 122 97 114 105 106 -88 -122 108 -116 -128 55 105 62 80 88 97 122 121 78 82 75 96 121 105 88 100 97 98 123 117 121 81 109 74 126 112 -106 118 123 84 99 123 120 118 -119 96 104 93 59 124 106 125 -114 -113 83 103 -120 125 51 101 88 109 -103 97 -109 -119 105 120 106 107 124 123 107 126 65 105 65 64 -128 119 125 125 97 106 123 106 108 89 100 123 81 73 81 106 81 84 -126 124 65 93 -97 83 -127 125 -125 70 70 44 -112 107 83 105 99 99 112 122 34 -111 119 71 75 102 96 -114 126 120 126 -121 100 126 91 -113 106 -123 107 61 81 108 -115 97 72 101 87 69 110 89 68 127 -125 102 73 101 77 -105 101 102 104 -124 104 124 94 104 106 -119 70 120 114
-120 78 100 -124 122 122 -109 127 -105 113 114 122 104 -96 96 96 -125 124 -121 97 -82 105 -116 -103 -117 105 102 -123 98 -61 109 111 107 126 107 86 103 -114 -106 107 -126 119 -121 -104 -94 121 -116 125 120 123 -124 116 124 -101 117 -123 120 -120 -124 95 104 76 -124 -111 124 100 -93 125 125 81 89 -109 107 -113 109 93 112 117 110 -112 114 -115 -117 -126 118 102 -96 -115 113 123 97 -112 -114 114 118 101 100 110 -125 -127 -87 102 119 109 -79 96 -117 122 100 -122 74 111 84 101 -98 120 111 111 101 120 116 122 122 -122 76 125 124 106 102 124 126 -108 102 98 -123 114 -100 -125 -115 87 110 127 118 91 115 -120 107 -110 -106 -115 83 -95 124 122 115 114 109 -107 120 119 -127 -110 -111 96 -109 -119 120 -121 114 -125 111 90 -98 90 94 93 114 126 -120 104 101 106 -126 81 120 112 92 98 -125 120 118 113 119 -107 103 109 87 -113 120 106 -101 -121 108 99 -126 -120 113 114 96 116 -111 -120 127 118 -97 91 123 121 -91 117 -102 93 116 90 96 -128 100 116 -122 108 110 -97 -114 -117 124 -116 -124 120 89 97 106 -104 110 -123 126 -110 -108 115 127 79 -125 -100 -109 117 -127 -119
109 111 97 -119 -116 87 97 111 120 104 106 123 124 122 -126 83 115 -111 -103 103 113 118 105 77 -124 94 -115 -124 -101 -112 127 73 115 -126 107 -124 98 82 102 76 -119 104 -75 111 105 -121 -126 -113 -95 108 -124 -118 -122 -128 -92 120 -114 -80 -122 99 119 115 -118 118 114 103 109 100 85 70 -118 -118 -105 -116 -102 98 -113 -113 121 124 109 -110 102 -124 50 100 100 123 105 122 102 120 -108 124 123 79 118 122 -98 106 106 123 -126 116 -128 -125 -101 97 113 -97 122 -128 118 72 95 109 123 69 -88 123 112 107 121 106 78 -124 100 86 126 84 121 126 124 117 -121 -120 -105 89 104 103 90 -111 110 108 -127 -124 118 -113 115 -89 107 127 96 62 122 -102 -108 115 95 123 101 108 -123 60 103 -102 120 103 -120 -118 102 -117 102 99 117 105 117 -95 -106 -103 118 110 -95 103 116 -123 -121 78 -127 121 84 89 -114 -102 114 127 94 119 114 121 98 -108 109 -119 114 -122 -89 86 96 -120 118 94 -116 110 -118 123 103 -126 -97 99 83 124 99 120 82 117 -128 121 94 -109 115 97 -95 125 105 -117 -89 120 -101 116 -124 85 112 -126 79 125 -77 -121 99 123 122 -126 125 107 104 71
116 85 97 92 101 94 -108 96 -118 92 94 48 90 89 92 60 -126 -123 -125 100 121 54 92 122 74 -112 -105 99 116 124 83 101 126 75 77 86 100 80 102 -117 97 92 104 58 -124 39 91 122 122 81 107 118 96 121 96 121 120 -115 124 79 88 109 113 74 70 123 105 96 112 98 104 101 63 79 108 124 103 91 93 126 95 -123 38 69 119 94 87 117 -127 100 98 74 123 125 118 103 122 66 115 115 94 63 78 112 112 96 106 121 93 107 95 124 -126 84 93 86 90 105 87 101 110 107 -125 113 56 105 99 -125 77 59 81 85 113 127 93 63 -120 93 121 91 67 103 94 103 113 -115 98 126 107 91 92 105 113 93 -114 100 110 72 115 110 123 115 109 91 84 107 124 85 105 100 108 82 108 126 89 100 95 -118 116 98 102 -111 116 121 78 120 79 90 108 96 119 120 102 121 89 89 71 100 75 121 113 114 106 78 102 90 -123 104 116 115 91 109 -113 -128 110 -114 97 115 106 96 103 120 83 56 77 -126 107 63 97 89 117 106 60 -111 94 113 99 91 102 79 94 114 90 99 115 86 100 -124 97 114 61 125 109 81 99 92
82 44 54 -122 85 -125 96 73 108 78 94 106 48 102 70 97 103 99 52 70 64 63 52 88 87 91 58 127 87 -123 63 65 91 86 67 101 97 88 100 62 53 98 120 80 81 88 84 116 81 80 -114 101 101 92 95 91 87 103 106 47 68 51 83 101 114 58 76 59 83 79 63 78 108 84 67 103 91 79 74 107 103 112 54 78 65 97 87 60 49 111 88 89 78 91 118 99 39 91 -121 57 111 99 83 99 85 111 69 -123 50 -127 55 107 109 104 95 111 114 81 105 96 85 109 90 -105 80 109 39 99 111 69 78 93 102 51 114 87 112 83 76 106 76 68 122 84 112 96 67 85 83 79 90 127 85 80 104 49 83 88 94 118 71 127 95 82 80 54 56 105 74 84 55 95 105 115 78 103 85 76 120 55 63 100 87 76 52 70 104 83 116 78 52 103 64 73 96 100 66 126 118 83 105 96 93 116 50 98 -124 84 89 59 88 110 70 85 -128 76 78 80 113 46 94 90 85 78 68 105 73 113 65 110 77 100 106 81 87 95 64 49 98 80 85 85 92 56 105 118 101 113 98 75 98 120 94 106 56 89
93 57 120 -105 121 117 -112 -121 126 110 105 123 -114 84 -128 80 -120 -98 -124 -57 104 -120 118 117 126 78 -123 -105 -121 -119 102 -125 104 -109 125 108 126 -94 72 121 -113 -108 -99 118 -120 120 99 120 -119 100 87 117 99 121 124 117 -120 -128 79 105 -102 -124 121 81 -115 111 116 90 120 126 -113 -104 -108 -124 -122 108 125 -112 -128 120 -97 -117 116 -122 116 -124 122 -124 101 103 126 -117 -85 -128 123 -90 -122 -124 -117 109 -104 -123 -115 119 -96 -115 -111 102 105 -94 -112 -102 -84 -123 116 89 101 124 -93 127 -123 112 90 -97 94 120 127 -116 -96 -94 -97 -88 124 111 108 -125 -114 -118 102 70 -118 107 -105 127 97 -109 93 -104 107 116 73 -120 -102 -108 112 -126 -97 -104 127 121 -120 -120 -106 127 112 -128 -116 77 -125 -109 -119 108 121 117 114 126 -126 -94 -75 -108 111 -115 119 124 95 -86 -113 83 -119 -96 -115 125 115 -115 -120 126 55 105 115 -125 116 73 109 124 76 98 102 -118 81 117 99 126 -94 -115 123 111 97 87 -125 -127 -121 113 90 119 94 -116 -116 -95 -108 -113 115 -104 116 118 124 -122 -98 -119 107 -97 119 111 93 -112 101 -115 -96 -105 -90 116 100 -113 -114 119 -78 126
112 69 84 114 113 82 93 114 120 108 109 113 -122 73 113 75 106 96 124 -128 108 96 97 61 95 117 91 -115 123 109 111 -127 121 96 62 118 89 125 98 54 122 100 -106 96 -111 122 66 -117 123 -109 110 100 124 111 97 115 113 79 74 69 -121 85 93 78 109 124 115 115 83 72 110 98 98 118 -106 90 -127 123 -119 92 100 124 112 119 124 82 101 84 75 -112 107 91 -106 90 124 115 96 -113 120 108 110 117 -120 107 118 126 -113 96 61 -124 -121 76 103 117 99 93 -114 103 -121 104 87 67 -120 91 122 90 -117 -92 81 116 107 -114 82 109 92 94 -99 85 121 100 65 105 125 72 78 114 84 -112 -88 111 -120 98 122 101 -119 79 117 102 69 75 101 124 115 96 90 106 115 77 110 -106 93 51 121 83 97 75 110 -125 -117 123 -122 120 -128 -127 108 113 94 51 122 83 117 99 115 116 101 116 69 121 92 121 116 89 86 -99 97 81 109 88 70 -115 111 97 119 -123 107 112 114 -96 -112 113 -90 113 106 76 123 59 -117 -118 89 104 -118 105 -128 87 92 93 -105 96 112 122 110 116 94 114 62 72 -127 -117 96 122 109 -94 121 99 107 95
49 93 53 118 99 46 101 84 97 75 57 82 102 -100 74 65 94 112 109 96 109 99 103 81 97 69 109 86 114 95 74 98 89 87 90 82 86 101 57 65 95 51 85 67 104 84 85 69 91 63 88 107 60 67 98 104 102 106 -128 82 54 87 -127 92 108 61 61 93 101 44 81 84 113 82 -123 111 -119 83 100 57 -125 108 107 113 92 127 45 -123 75 93 97 95 73 117 68 81 69 -128 88 101 92 105 103 109 100 86 109 110 67 96 76 82 98 87 90 105 113 83 95 118 65 99 126 65 76 81 102 66 98 103 83 102 -124 55 100 86 122 62 50 83 57 96 76 76 52 108 -127 93 127 71 69 67 78 76 73 121 63 125 84 96 105 106 -123 93 108 -110 105 103 88 90 121 64 102 47 62 46 -113 108 110 -121 119 73 68 100 73 85 64 83 113 70 101 93 92 61 79 112 117 115 65 116 76 91 115 94 116 109 103 83 43 -123 71 116 125 92 -118 70 103 77 98 65 -123 65 87 48 66 120 114 68 50 93 -126 121 93 71 80 83 70 108 103 89 100 107 82 93 71 123 106 122 60 124 87 100 100 93 72 84
94 82 -110 -107 122 125 121 89 110 126 58 79 127 -115 127 -113 126 -119 -128 -119 -115 -117 116 107 -108 94 59 106 -122 -125 -109 -94 -97 115 -91 122 115 -98 100 90 -111 -128 122 -118 -106 95 -111 -127 -91 121 114 112 -119 89 110 121 111 113 120 120 -108 127 -124 -120 -109 69 -127 115 -117 71 114 -89 -101 -95 -128 123 -118 -124 -122 -122 117 108 96 -79 103 118 120 -106 101 118 104 88 -77 -110 121 112 -127 103 -95 99 124 125 108 100 124 101 101 105 94 111 109 109 115 101 121 83 -120 124 -114 125 -121 -126 85 122 87 -124 102 -118 -127 105 -99 -122 76 -101 118 100 -106 -120 -113 65 121 97 -119 120 89 -100 92 85 -105 126 112 113 111 101 -93 121 115 119 98 -113 97 -109 -95 66 -80 -114 125 -123 126 123 -115 77 -120 85 123 92 -100 -118 -107 116 109 113 106 124 -122 -80 89 78 -126 121 86 116 98 114 72 -124 69 127 116 120 126 105 92 123 123 84 -106 -105 110 81 92 108 -123 -115 -114 -107 -105 -123 121 108 -127 116 119 90 106 -95 117 -123 106 110 69 -118 -107 104 123 -118 -116 94 -112 -124 -125 82 -110 110 103 -117 117 125 106 115 -124 -94 -127 100 -116 -115
116 116 -115 123 -123 118 -127 -115 -104 -117 118 -107 110 119 105 75 -124 -97 125 120 -120 -115 116 -76 -125 123 -126 -121 118 -117 -123 96 121 118 -128 -108 114 -113 117 -128 106 123 -128 83 121 -120 112 -124 -96 -113 -124 110 122 -104 111 -97 125 -93 104 -124 -124 -111 110 86 123 -119 114 -93 80 115 118 -105 127 -126 -112 -122 -128 103 -100 -113 127 -103 111 -120 -105 93 -115 -123 -128 127 -126 -126 126 113 123 109 -108 116 -104 -93 87 107 -124 -109 -111 112 -98 -83 116 -123 -113 127 -105 -109 108 103 123 -99 -101 -107 122 -122 122 125 -122 -120 96 -84 112 111 125 107 -122 120 -111 120 -110 103 -128 116 -109 88 -87 -117 108 117 -110 -74 -127 104 71 -99 -104 -118 110 97 -103 78 118 -103 -108 -126 112 89 114 -109 118 111 -107 -126 -127 106 -112 -116 114 -124 115 -121 112 116 121 -122 112 124 107 -94 126 107 -106 -106 -127 -122 -114 -107 111 -126 67 126 125 113 124 -120 116 117 107 126 -128 83 100 -118 117 112 -101 -113 122 -124 123 -115 125 -118 -114 -101 -122 -95 -128 -110 -128 118 109 -102 -120 122 -86 93 -125 118 -120 -126 116 116 110 127 122 -127 125 -116 -112 -117 -105 71 95 -76 -95 -125 124 109
93 -117 -101 104 100 -122 -120 -116 103 -128 94 117 -122 124 115 107 -91 126 95 119 -101 113 125 124 -123 118 -128 126 -106 -116 -120 -81 -87 75 122 97 85 -96 117 114 119 114 94 125 -103 -121 -105 101 -108 -102 -113 121 113 -119 122 -101 88 -117 -106 95 110 109 124 110 -104 -128 116 -102 110 126 121 -104 -102 -121 -109 -114 -125 108 -90 -113 -104 -127 120 -97 121 87 107 -128 115 119 122 -127 -99 120 88 -116 127 118 121 86 -113 -116 -111 115 -102 94 124 -127 108 117 104 121 117 80 120 118 127 -107 -94 -121 124 -92 -84 -119 -124 111 114 -116 -122 100 -112 -114 -113 91 -114 127 106 99 -122 121 103 91 -126 125 -126 -120 -102 111 116 -115 -105 126 123 116 -127 125 -108 125 102 111 90 -89 -120 99 121 99 106 111 121 -108 -119 117 80 -121 114 -92 115 -111 -120 103 -126 106 114 -114 -120 -121 118 123 -83 110 91 -94 -124 -94 99 -127 94 -113 83 112 106 113 -98 122 110 114 118 125 105 -99 116 -118 -113 112 127 127 88 -106 86 116 -113 120 96 87 75 108 -123 118 106 -110 -127 -114 121 118 -101 -128 107 91 125 -126 120 -118 -82 -126 122 124 -125 -103 102 105 -125 -88 120 108 107 125
50 35 114 110 89 88 126 90 126 93 81 66 86 122 110 75 -110 122 87 68 108 94 117 76 81 61 88 85 83 127 71 95 110 86 96 110 74 110 102 115 90 127 81 -125 86 86 101 87 69 88 108 -108 126 114 94 120 74 -96 98 33 107 102 116 81 97 73 -128 96 87 85 103 76 80 95 70 111 82 65 119 114 98 -123 50 79 127 77 99 114 119 76 65 -102 111 38 123 101 121 87 -117 83 105 69 114 91 89 106 100 108 74 96 88 100 111 89 95 115 101 118 86 106 91 120 79 -116 72 83 78 54 91 101 112 93 108 97 -125 73 -97 53 117 62 77 114 -122 105 112 -110 100 70 113 83 33 103 65 101 107 79 117 81 123 105 56 114 110 92 70 103 83 81 89 98 124 67 74 99 118 84 91 105 127 106 79 97 114 60 58 -125 98 76 91 94 105 115 115 111 82 52 36 81 101 93 113 110 84 98 51 94 101 110 66 56 114 115 107 96 82 71 85 94 115 86 93 95 58 87 47 88 98 87 120 108 79 100 69 79 125 114 75 79 97 106 87 102 102 114 119 113 114 93 107 57 60 121 102 122 94 97
71 60 106 -93 106 65 -111 71 109 -116 115 108 126 109 94 95 93 122 123 118 -109 -114 101 103 -128 -126 108 66 115 117 77 -124 97 -123 -104 86 119 99 67 117 118 121 92 105 112 97 70 101 111 -125 -104 115 -122 102 89 118 -126 112 91 111 91 71 105 97 122 -121 68 -123 96 94 -125 107 110 -108 -112 80 -116 115 -123 104 -123 109 73 87 -115 -125 86 121 84 -97 97 100 117 116 119 111 -118 123 -101 62 104 90 112 109 121 -113 123 127 65 107 114 117 95 119 -128 106 -94 105 -91 124 121 126 81 118 -128 68 110 77 118 88 -116 83 95 -106 -113 115 124 104 -120 75 -103 110 93 71 -118 118 84 100 112 87 100 -115 102 120 120 86 124 86 91 78 95 -116 -123 81 111 -128 94 116 110 127 96 66 102 117 116 -112 117 92 -101 -126 70 105 121 105 87 104 -122 107 113 85 125 107 -124 -120 102 67 63 104 100 -101 121 121 75 106 104 78 122 114 109 111 78 117 -110 -122 113 83 108 121 85 -119 -102 -112 72 116 111 105 93 70 113 122 68 93 -109 107 86 -98 97 126 70 43 92 109 -119 113 125 107 -118 126 -123 88 102 -126 107 79 -125 123
-103 88 -91 113 123 118 115 104 114 110 -115 -117 -127 -89 106 116 112 -98 117 96 123 -115 98 -120 102 123 117 -88 118 -123 -106 -116 -115 -113 104 74 107 -95 105 109 104 122 -127 -116 -104 -91 121 -121 -91 126 -111 125 -126 -96 125 119 109 -114 -122 90 92 122 -106 -115 -126 119 -109 -124 -107 113 108 126 117 -126 -98 127 116 -124 -117 -100 -113 115 -115 126 -121 113 110 -111 117 -128 -64 122 -112 104 -111 112 109 -86 -117 84 -72 -120 -125 -120 -118 116 -125 -128 127 119 122 107 124 -128 125 -122 -128 -124 -120 104 -127 -127 -109 -109 113 110 -119 95 113 120 120 72 123 102 121 115 -103 -121 -117 72 -93 107 -99 -113 106 100 110 124 127 -122 -105 -99 117 -126 -76 107 115 126 -116 124 -112 110 110 87 109 -100 77 59 114 -124 95 112 124 -88 83 72 90 -110 -100 127 106 95 96 -102 99 125 -121 96 -127 -110 -115 122 121 -100 118 121 91 -96 101 -128 118 115 113 -108 104 114 -90 120 69 -103 -118 -114 -100 -75 103 -96 -126 -113 -107 104 -92 -97 93 113 124 108 116 -93 -123 117 121 -99 118 112 -124 -124 -82 104 118 121 -128 -126 -115 123 -118 127 -113 120 -107 104 -112 -77 -118 94 95 108
-117 53 94 70 114 76 64 81 108 -112 91 68 111 87 78 96 85 99 112 69 106 73 79 105 87 98 104 101 116 -126 116 72 87 116 92 100 97 104 114 68 113 63 97 95 86 84 65 119 116 89 72 -117 113 121 81 102 108 -124 58 60 84 96 112 104 43 84 -109 94 104 65 77 115 60 65 91 92 114 82 106 -127 117 84 86 91 87 80 68 84 108 77 88 106 73 28 117 118 104 101 119 86 120 100 74 110 120 69 85 78 56 -114 78 103 99 92 106 87 84 114 111 90 123 52 95 115 71 84 100 72 103 58 96 90 84 114 114 69 111 92 109 75 82 80 80 121 67 78 59 -124 86 91 -126 111 88 116 -128 110 121 78 85 91 75 84 95 55 83 -125 94 79 68 96 58 84 101 89 95 123 72 87 127 83 65 73 77 121 73 100 93 70 92 101 84 46 114 77 95 89 48 104 38 94 79 83 113 114 38 61 113 90 124 76 86 82 114 97 115 99 79 107 106 79 81 85 51 61 86 82 -127 90 63 101 58 90 81 94 95 101 -125 83 81 80 101 103 84 -117 85 100 112 92 116 81 91 61 77 122 102 98
97 -126 -113 -106 111 116 127 -109 -88 108 119 -109 -83 -83 92 80 101 -122 -106 92 -110 -125 116 120 -103 -126 115 -111 -97 -128 -118 114 -122 -125 107 111 121 -127 106 -91 116 -116 -127 -124 -118 118 -84 -104 -101 -95 -112 112 -117 -91 111 -105 89 -116 -89 81 102 101 -104 112 126 125 118 -123 118 65 123 -91 127 -123 -82 -112 119 -127 -104 -119 75 -91 118 -82 114 -117 -95 -91 -123 -124 -101 -126 118 125 -118 112 -112 -110 -96 -124 -101 127 -115 -94 -97 97 -118 -89 -123 90 109 122 -112 119 120 119 -120 -124 -96 -121 -111 -91 -114 -105 119 119 125 116 71 117 -108 -122 96 92 90 122 119 120 -125 -119 -119 -127 -93 124 -119 126 -128 -112 117 107 104 -100 -108 -117 -100 97 -94 93 -113 -101 -119 108 -100 -103 -95 -127 88 -122 123 124 -107 -110 127 -122 -124 -111 120 106 -90 121 -110 104 121 -69 95 -119 -112 122 -116 -108 -110 100 66 -125 78 119 120 121 94 -125 -117 116 -116 -121 111 -115 -101 -123 124 85 103 -110 -116 -110 -88 93 -120 120 -97 113 -105 -83 106 116 -125 -105 -122 -112 -125 -94 99 -121 -121 107 -123 113 -124 115 -120 108 -103 -102 112 -87 -117 -116 -104 -104 111 -111 -91 -56 -76 121 -125 -107
110 64 106 124 -123 86 -122 -121 98 99 79 93 72 -101 120 100 117 -102 122 63 -116 67 -99 106 112 102 101 111 -123 -117 112 109 -124 125 96 94 101 126 -120 104 -117 72 -102 -123 -128 109 86 -98 107 -128 -105 108 -94 -114 122 -127 88 123 121 75 86 -128 122 99 -117 94 97 102 114 77 -127 103 -119 94 121 114 -119 113 117 89 124 -91 -128 123 121 105 126 122 116 119 75 -110 -124 -128 -128 98 127 94 -72 -116 -111 101 116 -125 121 103 111 122 94 -127 102 124 107 100 -99 117 -123 -121 126 120 109 127 97 121 118 106 90 -118 116 118 -118 -114 108 105 115 110 -125 76 124 116 121 108 -114 100 101 112 122 -122 116 99 51 125 104 116 -111 108 -123 81 104 -108 116 -115 -123 77 -98 115 101 97 94 111 111 120 125 114 119 81 106 96 -119 111 92 101 98 84 84 -124 -120 95 115 92 84 -127 112 -114 88 126 94 -111 119 83 125 112 122 115 82 117 123 117 75 126 114 -109 125 115 -124 100 74 112 120 74 -102 103 89 125 -96 114 -126 -94 120 -125 71 -120 -118 86 125 116 -123 106 -103 98 121 -104 100 112 112 -117 -113 -111 -126 88 -106 -106 -115 123 -106 114
82 82 85 104 121 84 122 104 -127 120 103 97 110 -127 100 38 121 127 127 118 118 84 77 94 98 79 -117 106 -111 94 79 107 102 87 79 60 100 66 113 105 118 90 83 88 46 98 96 107 109 95 80 -113 101 -112 93 -126 70 123 106 100 98 64 -123 90 98 78 -115 119 113 100 107 114 91 52 106 71 78 58 93 99 -126 -117 78 105 93 95 -123 104 78 122 109 102 121 72 82 73 88 96 113 123 73 83 109 78 119 105 91 112 81 110 121 107 121 89 87 83 88 107 72 82 87 -109 97 -117 56 112 106 87 79 83 -102 109 81 90 102 82 -114 71 -127 60 115 106 109 80 81 102 119 63 85 95 89 105 124 100 104 -120 72 96 91 105 111 108 -124 -112 70 100 113 62 105 52 96 84 109 123 125 82 118 95 108 -94 62 48 116 87 55 101 123 74 92 70 -115 77 100 -115 69 83 48 100 119 94 75 102 65 102 87 102 113 110 93 105 93 86 -105 90 111 110 111 88 124 88 108 107 100 107 93 123 -122 108 90 121 101 87 103 111 123 94 -122 113 81 98 86 78 77 98 72 62 -111 113 119 106 84 97 112 83 127 93
70 78 93 -103 127 -122 126 92 120 86 -121 124 75 -104 104 93 126 116 120 -95 -103 101 123 91 78 -113 121 109 -114 -108 123 118 118 -126 -127 85 92 103 102 118 -112 120 90 106 120 92 90 -122 -120 106 -105 107 108 86 110 106 -87 126 105 44 125 119 91 77 99 120 99 -122 115 103 116 97 125 123 -103 117 -116 90 -112 108 -120 -105 91 -128 -126 96 114 118 89 109 105 122 -99 -128 111 121 107 110 -122 -118 83 97 102 -113 119 -96 -126 124 -109 123 -126 -91 -126 90 -120 114 99 113 106 -109 116 -108 -106 -128 80 65 115 122 -112 94 116 73 -105 -123 126 105 -121 58 -122 105 -126 112 -127 -113 -127 -121 -122 119 -125 91 102 93 -110 -116 98 -114 97 -104 105 107 -122 108 126 77 114 -128 103 91 -114 98 60 101 -126 95 79 105 79 -111 -120 106 107 -127 81 100 88 95 93 -128 -114 105 124 -115 127 -104 58 -128 102 -103 70 97 120 126 104 -126 -120 123 -109 -105 93 -111 114 91 -97 112 -112 -111 107 -106 -107 94 -110 -126 109 107 121 92 112 124 106 118 122 111 120 101 -113 -114 87 116 -125 99 -110 116 84 122 91 108 111 108 -120 81 61 -113 -126 123 -111 85
57 71 110 -98 -122 82 -127 108 -111 91 76 117 122 -125 105 102 117 -103 -126 -125 111 101 123 117 -121 107 98 115 119 -98 69 -107 121 120 -123 127 83 -108 84 91 91 110 -126 -107 -102 116 122 116 125 114 -110 -85 124 -117 106 -100 111 109 94 112 -122 108 -127 121 122 106 104 126 119 122 113 121 115 100 -113 -118 127 119 -119 79 -121 127 102 -120 -125 -92 108 -126 -126 -123 -128 109 -128 103 -123 -116 -125 115 126 86 122 103 118 116 82 120 -126 87 81 -128 103 95 -105 120 87 124 117 126 -96 -127 -127 114 -119 123 -122 -123 117 77 100 96 95 -128 -124 87 111 112 -72 110 125 124 95 108 73 79 75 88 -115 104 -126 -101 84 -114 -123 100 110 82 121 89 117 86 -119 -103 124 99 -121 94 113 69 119 -91 -122 94 87 107 126 61 107 -74 -106 -125 102 -97 101 111 87 125 110 122 122 117 -123 107 91 109 109 127 -114 116 78 -71 -127 119 118 127 -115 126 -96 121 -120 92 114 87 120 112 -112 91 92 111 118 84 -107 105 67 67 67 -108 -112 125 127 120 -125 -128 112 -126 -123 -118 -81 97 78 91 86 -120 111 -114 116 -92 -128 -111 -119 -119 102 121 -118 82 -127 97
96 103 114 123 107 70 111 123 122 79 85 111 -115 100 65 126 -114 -108 -120 118 79 84 101 94 -120 111 110 79 109 120 116 83 111 117 106 -112 -123 101 77 -118 -110 61 99 96 115 81 -120 -128 110 -117 72 111 76 119 67 126 98 -117 83 91 78 108 92 96 123 102 103 106 -117 98 -121 -108 124 83 100 115 92 71 113 115 107 101 100 -118 -124 97 92 -87 105 123 -126 122 78 113 92 114 116 109 -86 -117 85 -118 114 111 119 102 95 111 100 87 74 84 105 123 104 113 110 -126 99 100 127 -114 105 127 117 59 114 95 95 99 72 114 84 90 95 105 -118 117 93 109 117 67 104 72 64 124 123 113 70 67 110 124 127 114 118 115 113 122 102 90 -112 107 121 99 123 -128 117 88 92 -117 -115 82 118 90 97 110 111 -95 -105 115 -102 -125 86 90 74 -124 -127 52 71 -114 88 -117 90 -100 57 81 80 113 59 115 124 80 82 104 61 67 115 111 121 107 126 123 94 84 97 94 -125 80 -123 33 82 87 102 -122 105 125 -94 -120 105 121 75 101 125 108 -124 99 -87 70 115 103 92 86 -118 116 89 92 -86 -128 -127 -128 99 -126 123 110 108 89
108 81 -100 -105 121 -109 -81 118 -98 -108 -108 -116 -107 -97 -117 -127 -87 120 118 118 -104 -109 -99 -112 -89 123 -128 -108 -110 118 -121 -61 120 126 101 -87 111 -89 123 -108 86 -128 114 103 -63 -75 86 -78 -98 -79 -90 -120 -120 -115 127 -93 -90 -96 -107 123 125 -96 -71 -104 -90 -127 119 -103 93 -116 -95 -87 -117 -111 -116 -72 126 -126 -123 -117 -109 -96 107 -109 87 -121 109 -98 -97 -60 126 -103 -109 127 -103 -83 -110 115 -74 -122 117 -94 -97 -87 -89 -85 -97 -95 -126 -112 102 96 -87 -114 -118 107 -113 121 -83 -98 -102 -109 -116 116 98 -124 113 -90 -120 105 -85 -104 -80 -116 -123 -106 -90 -128 -102 -92 -118 -92 -93 110 -117 -111 -116 -115 -127 109 124 -125 -119 -104 -120 -120 -120 -101 -109 -87 116 -102 -102 -116 -119 123 -126 -83 -100 -111 -110 102 -103 115 -94 -128 -128 -104 -92 -111 -116 -108 -98 105 116 -119 -52 -120 -102 -118 -112 -93 114 -81 -121 -117 -122 -117 -120 -99 -106 -75 -87 -120 110 -122 -120 -84 -127 -79 -93 -100 -106 -124 -74 -126 -111 -108 -105 92 -76 -94 122 127 125 -111 -78 -126 109 125 -102 -109 -103 -96 -95 113 -113 125 127 109 -111 -109 -114 -85 -109 -84 -101 -86 -79 -126 -113 -110 -127 -121 -89 -118
114 106 -101 -119 104 105 -117 122 122 113 112 108 107 -98 -105 -105 -127 -79 103 116 -123 105 112 -114 116 -108 -91 108 116 -120 -119 117 -111 -109 97 116 96 -107 -95 122 -118 107 109 -109 -122 -112 -94 -108 -106 -127 104 -124 -127 -126 -89 -117 106 -92 -103 88 -119 -112 97 114 101 103 113 -117 115 116 112 -107 103 120 -112 -89 116 125 -94 112 101 -84 84 -90 106 123 116 -97 -111 -120 117 -117 -91 106 124 101 -59 -117 -96 117 -124 -115 -113 110 -103 126 124 118 87 -119 122 112 -95 -94 -110 -101 127 127 127 -120 127 -86 101 94 96 117 87 118 108 96 -97 114 -123 -128 93 104 -125 103 -106 -128 -105 -107 -113 104 114 -121 120 -108 116 54 56 -111 -112 -116 -100 -108 -120 121 125 -127 -112 127 -116 84 -103 124 -111 -126 122 119 -122 -127 89 121 -125 -116 126 -95 -102 -114 112 101 112 89 -113 -92 -122 101 -56 78 108 -115 125 -93 83 -105 104 -106 85 127 -106 -126 123 126 93 124 -100 121 72 -123 127 -108 -119 -120 -127 119 80 -98 -115 93 110 -115 99 123 -104 98 -90 -110 -125 97 97 -117 120 114 -117 121 -85 76 111 -124 -128 -96 -112 99 80 -79 -118 -126 122 112 -109 -74 -82 109 -97 113
91 104 127 -105 103 111 -125 118 -120 -127 -109 -114 -111 126 124 97 -114 -112 -128 -118 115 -116 78 -124 116 79 -125 -109 111 -94 -99 102 89 100 93 105 124 -117 -116 97 113 -108 -115 -84 112 -100 123 114 106 102 90 126 -98 -96 -106 121 -125 -124 -118 118 102 97 105 -126 111 -121 121 -123 118 84 -113 122 123 104 108 -118 107 -66 117 -72 124 104 -117 -97 106 -121 -116 -125 107 124 107 -98 123 127 118 101 103 -104 126 89 114 112 -96 -116 -117 -121 -109 115 -125 -118 113 -109 -116 116 90 80 123 -122 -124 126 -105 -120 -92 106 121 -104 -121 107 119 87 106 116 -89 119 -122 125 105 98 63 96 117 120 115 118 125 119 103 -110 65 -112 113 -121 114 -96 116 119 104 126 -127 101 -99 118 -114 -120 121 -90 121 114 117 -124 126 121 -95 -122 -102 -96 90 -93 119 102 114 112 -108 108 103 121 -112 97 -99 -96 -116 -92 124 -99 115 -120 72 -111 110 125 -118 -83 97 111 87 -113 -98 -95 111 -113 -107 112 -118 -122 126 114 81 113 -77 83 -101 -104 -111 119 71 -113 -124 125 101 -115 94 -108 123 -90 93 -114 -103 -119 88 80 -106 93 103 112 120 -104 -89 126 -94 -122 -113 -81 114 103 -120 -111
112 90 -114 -126 -128 106 -127 121 -88 -126 124 124 109 115 98 88 -83 -101 -119 111 122 94 111 -109 -124 126 -125 111 112 -118 87 -125 94 -127 116 115 76 -128 90 -114 -100 -119 -112 114 110 106 -125 121 -112 113 -128 -126 126 103 120 -97 119 -120 95 103 111 112 110 -101 -126 -120 -121 99 102 77 115 -104 -108 94 109 104 -110 -128 -105 107 -124 121 85 -108 -107 106 104 -116 -117 -100 100 97 -128 120 96 -125 118 105 -108 88 -99 -114 115 113 98 -100 94 80 111 110 120 -111 -86 100 -124 98 -126 -98 -107 124 -115 116 100 120 -126 100 90 -127 107 -124 110 94 -119 -128 112 92 -123 115 112 108 -111 -69 94 110 -126 -56 107 115 86 97 78 -93 105 -125 -122 123 -106 108 106 98 -127 -127 -125 -123 -112 -113 -112 86 -126 123 116 86 71 -126 110 124 86 99 -106 -120 102 -124 -110 113 72 117 125 100 121 108 94 120 -86 -85 96 -104 78 -125 93 -116 109 104 -112 120 107 91 -101 113 122 -114 88 105 122 -119 105 95 108 87 104 115 -96 -122 95 119 93 123 -115 -128 119 111 110 94 112 98 65 -121 -113 -127 -126 78 97 127 119 104 105 123 -104 -121 85 -105 99 125 109 110 -125 116
57 74 106 79 118 100 106 85 91 95 80 54 72 96 79 69 96 106 93 87 -128 61 62 69 88 75 55 108 92 86 81 72 106 77 99 83 93 71 100 94 76 84 80 57 51 98 78 102 86 107 98 91 97 107 125 89 81 92 95 67 49 102 104 96 79 88 87 93 -115 90 101 72 -111 88 106 88 -116 102 108 92 78 87 81 95 83 103 93 91 101 101 76 95 64 70 124 74 67 108 104 72 95 58 87 78 79 60 98 85 94 77 97 73 72 69 94 68 98 94 101 106 101 122 80 85 99 61 64 61 48 86 121 92 89 103 78 71 -120 25 70 105 73 84 75 75 45 86 69 108 81 55 79 57 93 97 106 50 109 73 51 103 113 110 53 54 75 107 69 99 82 119 95 72 84 74 75 88 74 98 103 96 72 84 70 98 92 75 63 64 87 65 68 87 91 103 99 92 87 99 49 85 89 119 79 121 52 77 84 77 113 86 82 77 113 -128 77 94 65 71 70 79 107 91 46 69 106 65 54 114 76 117 84 67 97 105 85 100 68 47 102 74 41 107 93 74 113 94 95 90 110 104 87 108 80 52 28 67
110 92 -121 -117 117 -128 122 -121 -105 117 124 111 108 126 105 92 122 -95 115 -112 -123 84 122 -116 -116 123 -93 -109 119 -105 124 -126 -125 -128 83 58 101 117 121 110 -127 -106 80 -124 123 86 -121 112 -104 -118 -123 121 125 -123 113 -117 113 -84 112 97 99 121 121 -91 -99 58 89 -95 125 -97 -123 -104 -118 -126 125 110 -99 111 96 -115 -88 118 107 -119 114 116 117 -127 109 -124 112 -97 -123 126 -97 -95 97 119 -84 113 -118 -125 117 87 -125 -117 122 -122 -121 -112 -115 -123 -105 122 119 126 -124 120 120 -118 126 -124 117 -118 120 124 107 105 102 120 119 127 124 -114 -121 127 -95 127 -113 61 126 -124 121 -116 122 -99 -71 107 -92 78 92 -91 105 100 -108 106 123 -99 115 -127 -117 -128 -127 120 -128 71 -107 104 -117 -112 57 112 104 113 -126 -99 -121 -95 -108 -124 115 80 110 110 92 -107 102 107 -112 56 -122 106 124 -90 90 -106 97 -89 114 -108 119 -119 -111 -102 114 83 -79 -124 116 -123 127 -119 -87 100 -80 -120 121 117 -97 108 -108 118 -106 -112 116 -124 -121 -106 90 -110 114 -115 -107 118 -95 -81 -106 -82 -106 -101 -124 124 84 114 90 122 110 -123 -109 -128 126 -97 -98 -113 -107 114
97 109 101 110 103 85 45 114 84 100 65 103 81 124 105 60 79 97 115 87 89 80 94 120 84 70 116 76 100 107 87 67 113 93 75 126 83 92 102 76 106 89 100 91 89 102 79 113 121 109 50 81 104 101 -125 89 79 117 107 117 90 106 106 65 104 95 52 76 113 104 -110 -127 99 122 61 110 82 108 90 120 87 107 116 -114 81 111 88 100 90 78 112 96 105 121 90 76 97 64 104 59 84 92 91 99 101 73 94 112 115 104 98 76 120 102 90 74 77 106 115 112 107 102 97 73 106 85 80 102 70 84 66 83 92 74 119 108 51 92 97 54 109 76 101 93 81 59 115 125 87 64 52 78 75 88 56 76 90 -119 84 102 121 101 83 84 96 -119 105 112 108 111 124 112 83 101 81 114 124 113 104 69 90 87 100 88 45 122 89 73 106 96 88 68 87 116 49 77 71 73 102 77 63 86 31 101 85 115 104 104 86 98 96 87 78 95 116 87 88 100 114 97 102 86 85 126 118 117 117 113 101 -126 85 111 -127 98 116 69 91 105 105 86 107 67 78 122 74 103 126 127 -118 58 -111 125 -98 57 119 75
-112 78 -88 -85 124 -127 -122 -116 -111 -118 -117 -121 -119 -110 118 80 -106 -128 -106 106 -103 84 -121 -126 116 -117 -127 109 -107 -124 121 -126 -78 118 -126 114 102 -127 -114 -111 -116 122 -96 -101 124 110 106 119 -114 124 112 -126 -111 -114 97 -113 -124 -128 -127 124 100 89 -119 93 112 -122 -89 -122 -114 78 -118 127 124 -83 -109 121 -123 -105 -106 -116 106 -122 108 -95 116 -123 -101 -112 109 114 125 127 118 117 -101 -125 -119 111 -52 -102 -107 105 -102 -101 -92 111 -120 -114 104 127 -115 121 -117 118 -93 -105 119 -110 -107 -115 -95 -100 -109 -116 -119 117 -116 -100 125 -111 -95 121 102 99 -122 122 -90 126 -128 -119 -107 124 118 116 105 113 -110 -104 -107 -124 102 -107 -123 -99 -113 114 -95 -116 103 123 -111 -99 -90 -116 -116 -114 94 -98 -93 -101 -113 109 -95 -82 124 112 -117 -100 -84 -119 -122 102 -116 -116 104 -80 72 103 -110 109 -127 -121 101 -102 80 118 100 113 107 -124 121 -103 117 -111 -119 -109 -72 125 106 124 -124 106 -109 -106 -93 123 -121 -101 -126 -118 -90 125 120 -108 -113 -116 123 125 113 -110 116 -93 -97 100 -124 -81 -108 91 -76 89 112 -101 -97 -94 117 -116 -86 -99 113 -112 -112 -52 -105 -119 116 99
123 113 -78 -111 109 -92 123 -84 -52 -118 116 -115 119 -75 -126 107 124 -84 -112 103 -69 115 -119 -94 -109 106 89 -99 89 -39 -122 -126 108 105 -100 -82 116 -111 -106 -67 -113 -100 -122 127 -102 -118 -100 -127 -110 -94 -76 123 -117 -115 -102 -97 127 -71 -99 -102 -109 -87 -109 120 -83 -122 107 -62 -87 112 123 -116 -96 -106 -112 -114 114 -87 -106 -114 -114 -119 95 -104 73 116 -105 -80 -104 122 126 -77 -108 -103 127 -125 -116 -92 -71 -128 -103 -67 122 125 -76 -109 -103 -120 -120 -96 100 -118 -102 -103 -121 125 -101 -104 126 -113 -105 -110 -115 124 123 117 118 -64 -91 -93 -110 114 -107 122 -105 -122 -78 89 -110 -110 99 126 -93 104 -123 118 -121 -118 -106 -107 -108 -109 -110 -114 -106 123 -86 125 124 -122 -107 -89 -108 126 -120 -125 121 -109 89 -71 -101 -76 -123 97 -114 126 -111 -106 -115 -128 115 -80 127 126 -98 -104 -111 -108 -81 126 125 -116 -119 -100 -119 -124 -106 -125 126 -104 123 -111 -119 117 -106 119 -119 -75 95 98 121 -106 -104 -122 -114 115 119 -122 -81 100 -79 -111 81 76 121 -92 -84 126 112 -78 -119 -99 -60 -122 -82 123 -116 -112 -103 101 108 -86 -108 -99 122 -125 -120 112 -120 -116 112 -86 -105 97 -126 105
81 73 109 -127 97 60 101 80 -111 112 103 83 94 -73 72 94 98 79 92 107 105 125 97 84 121 57 -116 79 105 93 101 104 -126 123 -115 -120 67 117 85 127 109 79 106 99 85 98 44 116 127 107 83 104 89 86 89 -127 99 119 84 102 98 -124 89 118 103 73 75 99 101 78 62 107 126 90 124 103 116 81 113 59 110 121 80 -120 -117 123 108 121 -122 81 92 99 95 81 92 104 86 84 -98 111 75 107 123 -88 76 98 -116 110 121 106 113 94 108 116 106 108 -115 -111 -101 119 117 -120 102 59 124 106 85 77 123 115 -128 47 72 124 87 94 107 64 99 75 85 82 97 89 112 102 98 102 91 49 59 -121 82 103 119 75 63 67 102 -126 113 101 95 70 113 -85 113 120 86 114 -106 101 117 74 112 98 -102 75 97 121 114 117 79 106 74 99 114 77 117 114 118 100 -126 91 45 83 109 89 77 122 -120 85 88 104 83 73 111 124 74 90 80 110 118 100 111 115 -124 -123 85 75 118 61 64 105 105 126 80 88 -109 116 77 110 -115 80 99 76 86 72 120 96 96 100 125 113 105 98 118 104 100 61 126 -109 -122 107 108 97
-128 102 -126 110 -112 117 105 94 103 116 122 116 109 -127 122 117 -123 -115 90 -124 -128 115 -128 98 119 80 -127 127 115 -118 125 86 -123 -105 -125 -126 110 113 -123 -97 -124 113 116 -120 118 -128 -102 127 -105 -115 -127 -119 120 111 -118 -107 95 -72 118 94 -89 -84 110 94 114 112 106 -115 122 98 115 -126 -111 -98 124 124 -85 -97 -105 -119 -108 126 -123 -114 103 121 -106 -80 -117 -123 -92 124 -107 114 -109 -95 90 110 -75 113 -124 -107 85 -87 -118 -97 127 -107 -119 -105 112 121 -83 113 -128 92 100 119 111 -126 112 118 -103 93 115 113 90 -124 92 104 115 93 -110 -116 -120 -96 -120 63 -116 113 117 -113 101 118 -110 126 124 -125 -105 -104 76 120 -123 97 -121 111 122 -104 121 118 102 -104 105 104 -115 -89 75 -117 -113 -72 118 124 114 -128 91 -127 110 -125 -119 115 -110 124 119 119 82 -98 -114 -123 -107 98 90 -127 125 -113 100 -84 106 -99 116 -114 124 -128 116 -127 122 100 110 -118 -124 -110 124 91 126 -106 -107 123 121 106 -103 112 -114 108 119 118 -118 -118 113 119 77 116 -124 -123 -121 -123 116 -127 -106 -103 115 95 -103 121 -106 -119 115 95 126 116 118 -99 114 -85 -111 -105 -97 112
106 85 123 127 -109 119 119 113 -124 -117 103 -117 -87 -103 69 101 -117 -116 101 82 -127 127 -125 -128 -109 -111 88 115 107 -125 -115 -101 -118 119 80 119 108 118 94 116 69 97 116 93 -119 125 -124 98 -103 -100 -90 118 124 121 95 127 84 -108 74 116 -117 93 80 125 120 123 69 -71 124 104 80 -109 99 -93 -93 122 110 -94 -109 -122 -76 -108 58 121 -117 121 121 126 104 116 114 -125 122 96 -103 70 -128 101 -122 110 92 90 97 -103 123 -111 -98 -128 -124 89 -122 -104 120 93 101 -110 -126 -119 -93 -121 -126 125 116 112 97 126 -115 118 127 87 124 84 -110 82 120 -109 -117 118 125 -127 115 110 -95 90 115 124 -106 69 110 59 97 -114 -123 115 106 63 127 100 103 -124 108 104 126 124 104 -125 77 -122 117 111 127 108 125 -115 -92 -116 105 -114 -103 79 114 96 89 125 105 95 124 76 -97 101 110 125 123 125 70 89 112 93 78 -112 -108 -99 -125 85 -117 104 117 -117 40 80 72 110 -83 93 -124 121 -89 111 -114 84 123 -114 102 85 126 122 109 74 122 77 109 86 -120 -113 -105 123 -121 127 113 86 -121 97 -128 124 101 -101 -110 -107 114 122 92 -116 114 115 91 86
77 115 -116 -98 112 92 80 76 -104 -119 103 114 99 125 -116 62 84 -116 111 70 112 77 73 -66 -118 125 110 111 94 -108 97 113 103 -103 64 -105 -124 -116 100 85 76 125 -128 73 -97 123 100 117 -113 125 116 -85 97 122 119 111 -125 -121 99 100 125 103 115 -120 98 85 91 -116 108 66 127 123 112 116 -117 113 104 102 -109 89 106 101 103 67 -120 114 -118 107 117 100 118 97 -127 97 122 96 95 -104 -101 87 106 102 -119 125 -111 90 -98 118 65 105 91 99 110 -122 83 100 109 -123 -105 126 127 75 102 112 123 104 116 109 124 104 104 112 -124 103 122 115 117 81 70 85 -120 98 -121 124 -126 101 112 90 92 72 93 -97 98 93 117 -111 82 103 108 113 -122 -113 114 96 119 -99 -124 -119 55 111 92 120 102 -120 89 100 110 123 91 125 95 123 125 110 87 119 106 107 109 -106 -108 95 87 116 110 100 99 125 -128 -108 112 91 64 123 105 96 -128 -111 50 66 115 -117 100 -117 118 91 126 110 99 87 125 126 76 56 68 112 118 101 115 124 -125 96 -124 106 -124 118 -115 119 58 81 112 106 103 -120 121 -115 -104 -116 -113 82 90 124 112 92 92 121
112 71 108 126 105 -124 -99 -120 -103 112 122 121 106 -67 77 91 110 -77 116 -119 120 119 108 -115 120 -125 -121 109 -98 -121 77 -114 -82 -105 -124 -124 103 -112 -108 104 104 -92 -115 90 122 -123 126 115 -113 112 -90 -114 121 125 -126 -112 88 -83 -114 114 -97 -108 115 -110 -117 105 109 -105 -111 -126 89 -95 123 127 -118 -122 -123 -83 115 102 -119 -102 94 -108 -102 113 -126 107 121 105 110 -123 -94 -120 117 113 99 -125 -98 125 -110 121 117 88 -125 -108 -123 -87 117 101 107 98 -86 -91 119 -109 125 -123 120 -97 96 126 120 -115 -78 -119 80 -109 113 63 -122 118 73 121 94 126 -82 -109 114 125 -97 -92 -103 106 122 107 -120 -88 -108 104 82 -125 -104 -109 -128 114 -104 99 105 -92 124 100 -104 99 81 -114 102 -67 -103 -115 115 -117 123 96 89 -121 -113 -104 -113 -122 81 -113 120 99 99 -118 104 99 -75 91 109 112 104 -128 -122 126 102 -116 -128 -107 -120 -105 94 115 -121 -114 -106 127 88 111 116 94 -88 -95 115 -117 118 120 -104 112 113 -98 109 114 -112 114 122 -127 -125 -103 -99 -89 -113 -115 -76 106 -92 -109 -122 124 115 -121 -105 -119 110 123 117 -98 -117 93 -125 -106 -94 78 -114 93
74 -128 -128 -96 109 -113 96 96 -114 106 109 -117 119 73 113 63 108 126 99 -127 121 84 124 76 112 -121 -112 106 98 85 100 -126 112 81 104 -104 120 116 106 61 125 123 117 118 102 -124 111 -111 -118 -119 88 -124 -118 104 72 -98 97 126 105 70 108 123 119 100 -128 104 113 -126 127 120 109 -88 115 -126 126 98 99 96 64 123 -114 97 58 -121 -97 104 95 112 -121 -70 120 118 120 -125 -107 -113 -117 125 -106 101 111 113 -124 126 118 -116 123 -122 -125 -106 93 114 -111 -127 -122 84 125 -79 -100 105 -119 -117 102 113 125 127 -107 119 68 93 -121 82 -127 93 -88 106 -116 119 76 119 90 122 93 89 109 -89 116 126 100 87 97 -107 105 -127 103 81 -127 -105 -118 -105 86 110 126 118 117 88 109 -109 122 -90 121 120 115 101 -122 -124 -123 -101 -115 -114 70 -104 101 116 122 120 -115 122 126 98 113 111 113 -124 85 -126 79 -117 57 117 114 114 112 -125 86 75 -108 119 114 107 125 97 -95 123 -95 -117 87 113 126 -113 -90 98 91 114 -125 75 98 -110 125 109 93 86 123 -128 105 114 -104 -127 118 100 93 -94 -127 117 -96 126 -109 122 -87 -126 110 125 -125 84 -118 47
61 59 85 98 90 64 38 78 104 89 55 65 67 126 57 70 101 70 63 108 117 123 60 73 92 108 68 84 74 101 102 111 77 84 -123 60 98 -125 92 77 76 105 61 112 85 112 49 90 114 113 62 44 82 104 110 75 89 78 73 71 79 70 125 102 84 47 53 121 89 67 67 91 89 97 105 97 98 78 79 85 111 89 28 95 68 107 122 -115 116 64 89 73 82 96 96 76 49 96 99 97 80 93 61 78 73 56 -127 98 92 36 47 38 81 83 118 83 105 105 74 97 127 -127 108 117 96 68 75 95 82 123 77 70 92 50 62 104 113 92 92 77 81 39 111 63 81 47 83 96 95 86 62 96 79 46 75 54 85 95 95 75 106 83 92 93 96 109 89 50 58 108 100 87 93 79 59 89 107 93 98 83 83 101 94 78 62 81 95 87 104 46 39 94 87 75 63 69 79 64 54 88 109 83 64 103 104 104 81 90 67 41 91 80 74 89 99 69 127 89 93 39 102 86 73 101 101 104 71 120 107 83 75 85 85 41 -125 55 81 81 -108 111 77 104 66 79 94 96 117 110 95 105 123 -124 -122 102 105 49
118 121 -87 -73 100 -105 -98 -102 -53 96 118 -124 112 -98 -127 -120 116 -88 -118 -98 -86 112 -97 -124 -119 -128 123 -116 119 -94 -126 116 117 125 -96 127 -101 -120 116 120 127 -122 -119 -110 -117 -104 113 -103 -106 114 -102 123 -111 124 -115 -103 115 -82 -120 -106 -128 -117 -124 89 -78 -125 92 -116 -106 125 -111 -102 -100 -83 125 -124 -104 -109 -105 -126 -92 -123 -124 -91 -125 -116 -101 -109 -125 -117 75 118 -119 -119 -90 109 120 85 -96 111 -117 -123 -117 -71 -106 -103 -99 -100 90 115 122 -126 -115 -93 103 113 -104 -77 -114 -109 -102 113 114 -89 117 -93 103 -65 80 -104 -108 94 98 -123 -101 119 -69 99 -103 108 108 -122 -105 -118 -117 -95 -117 -91 -92 -119 121 -98 113 -128 79 89 -59 102 108 -100 -101 -96 -78 -94 -115 -111 115 -69 -121 -89 126 127 -100 -70 -106 -113 -124 123 -122 122 80 126 -102 117 111 -107 122 -124 -80 77 -117 124 -125 -82 91 -116 127 -114 -127 -123 -92 -121 78 -122 98 127 -118 -94 -119 83 -109 77 -128 106 -97 110 123 -127 -79 -103 -82 -114 104 123 -119 -101 125 93 -121 -84 125 -106 -100 92 -81 -107 -121 -70 -86 119 -104 -84 117 -126 -105 -124 127 -117 117 -83 -110 -96 -91 -60 125 123
77 74 93 -107 78 113 113 109 -128 90 -126 81 73 -116 120 110 109 122 102 109 -111 86 61 98 106 103 69 122 85 105 89 92 116 64 98 117 126 107 111 59 120 94 113 117 100 110 107 -121 95 90 105 104 -126 63 123 112 94 123 -109 61 119 110 57 123 -110 60 91 110 100 55 94 83 -116 117 76 -127 90 -125 127 -128 103 113 108 100 83 60 117 109 115 112 58 -128 99 124 -107 69 87 126 -104 91 89 86 91 76 81 111 113 102 73 -118 104 117 110 105 90 92 -120 126 95 106 75 -126 90 -127 108 123 110 101 102 115 84 103 96 -126 85 64 124 73 112 107 84 114 95 81 93 117 107 117 114 111 59 -97 88 109 -121 92 85 89 84 105 121 81 121 83 110 -112 120 112 127 -127 99 80 -120 80 87 106 104 68 113 112 67 119 127 91 111 -114 81 75 90 69 93 123 -126 -123 103 119 82 -127 90 -124 108 102 87 109 66 93 -109 119 44 61 102 98 126 119 113 108 75 90 -107 83 -121 109 95 113 72 103 119 101 85 115 91 112 110 88 76 100 92 122 -100 78 98 125 -125 110 122 93 111 77 113 102 111 111 115 94 91 99
90 126 127 -112 87 72 118 -119 110 69 73 114 84 100 91 110 -101 -128 117 115 -128 70 -127 99 102 121 112 108 103 -123 123 73 120 -128 115 91 98 -120 111 122 -127 104 -116 100 -124 107 74 -124 -113 119 107 -116 64 -120 96 89 101 -113 120 81 102 -112 106 -126 83 109 84 84 111 118 114 114 86 108 75 116 117 86 111 126 99 119 106 123 111 96 122 106 109 121 92 -125 101 -119 -110 122 115 113 127 -108 97 93 124 -120 114 111 95 -123 126 94 103 114 108 -125 122 116 84 110 -115 107 85 -126 -128 87 81 99 -123 99 99 76 73 114 -110 82 104 81 119 110 108 104 -94 115 -126 86 111 102 90 109 112 74 72 118 112 -99 106 112 101 125 94 90 63 107 114 80 -112 -114 109 74 125 98 86 77 126 103 91 85 101 -102 117 -116 -117 93 86 82 61 98 100 -126 122 122 97 -125 95 -121 100 -124 111 110 64 94 115 123 108 -126 112 88 -92 90 114 -116 109 123 -91 118 -128 113 -113 61 123 97 -104 76 112 57 127 109 116 122 92 95 88 94 83 118 87 -122 117 101 121 86 123 101 107 115 69 -124 -121 114 -101 77 70 -113 104 98 -119 54
66 81 114 89 95 87 99 49 -125 88 112 84 95 98 88 59 86 -120 98 101 79 78 118 127 112 67 89 126 112 76 99 75 64 76 43 89 76 115 79 78 70 89 75 82 87 91 76 55 111 112 68 -122 114 118 99 105 126 -116 71 81 82 55 100 62 67 44 103 83 88 55 98 83 79 78 113 82 100 77 64 69 83 91 104 89 43 54 78 117 48 91 106 102 110 79 99 77 95 109 66 73 71 70 91 102 94 51 98 59 36 83 67 93 53 45 56 104 89 102 84 98 -128 62 108 82 90 87 68 57 82 96 69 38 99 52 65 60 111 47 97 23 62 57 103 91 69 86 79 115 92 70 107 74 81 83 76 111 102 119 102 49 114 80 49 80 80 105 96 73 76 100 54 100 79 70 88 106 72 103 -125 118 91 62 93 82 91 56 96 81 93 105 76 54 101 85 88 63 76 80 20 99 78 96 74 110 62 88 85 83 83 96 55 90 112 110 115 71 58 94 91 78 80 97 90 71 85 67 92 111 70 106 95 35 80 106 105 97 107 104 98 90 93 97 78 104 99 72 83 91 97 84 104 101 79 89 101 73
98 100 -118 124 105 -105 -124 118 -88 104 -121 114 97 114 105 127 -111 112 104 -119 -118 -124 93 100 121 114 91 -109 -127 103 -114 110 -123 113 119 94 101 -111 116 -113 104 123 94 78 -113 127 117 102 91 121 116 -89 -109 -126 103 -99 120 -121 104 93 106 120 124 121 126 -117 102 118 -125 94 -126 124 -122 87 -71 108 109 126 -120 107 -115 111 91 124 100 90 83 111 118 110 -123 -128 -108 -99 -105 -102 110 126 -128 110 110 114 126 -126 119 105 112 -125 110 100 114 -118 104 95 112 -115 -107 -117 -109 -103 -112 83 -126 -101 98 126 104 120 96 101 -118 89 120 115 92 123 -103 82 113 -123 103 71 -123 -119 106 -120 108 125 108 100 96 88 95 127 117 78 -90 -126 106 73 94 -119 122 93 114 -127 97 123 83 114 112 101 107 121 -122 -128 -127 -101 -103 -100 105 100 93 -92 104 -122 122 54 -113 -101 -110 123 92 116 102 100 70 -103 78 106 -126 122 -122 -115 76 90 -119 122 70 -128 107 -107 -126 -116 -126 75 81 126 -114 111 115 -128 98 87 127 67 -94 -124 -111 -118 89 -108 106 -113 93 125 116 -105 -126 -108 -87 123 114 -119 -91 111 111 126 -128 96 -119 -98 -127 122 100 121
106 74 112 126 100 66 54 -110 -115 99 95 88 97 -119 74 57 108 120 -99 50 113 93 96 50 -126 85 88 113 -121 -123 105 109 95 79 -102 76 62 125 100 104 71 87 103 103 81 -118 49 118 112 116 84 120 124 120 79 75 95 -112 68 78 96 101 121 94 89 126 97 94 104 64 113 78 107 88 115 -124 -89 123 99 85 86 -116 105 116 95 88 -125 74 113 67 99 97 -100 55 -126 87 84 121 -128 91 98 68 60 72 61 40 106 102 32 63 36 80 114 -126 95 109 123 113 99 -120 -123 108 116 125 112 86 71 107 83 109 98 83 79 101 108 125 122 72 80 78 -121 77 97 100 66 104 90 122 107 -102 93 102 87 67 81 112 -121 77 95 112 -125 106 108 98 118 114 -120 123 87 -111 109 73 75 115 101 101 63 114 -121 109 91 125 111 -116 87 108 94 68 105 80 95 76 96 115 120 65 102 94 73 103 -121 -128 52 125 90 88 81 118 84 72 73 109 90 -109 112 46 109 97 109 60 103 83 53 100 106 118 90 111 92 113 115 86 71 107 124 -123 124 126 106 95 125 93 120 112 63 125 91 -125 -122 111 116 -125 113 61 118 46
115 84 -124 109 99 119 95 101 -115 109 -128 120 -101 -128 104 94 113 -89 82 88 116 92 -108 -120 126 113 -125 108 108 116 108 118 -122 125 118 -128 122 -115 63 101 115 114 109 85 114 -127 114 121 101 -120 -112 -105 115 -123 103 -123 91 -90 108 98 -114 117 107 120 -117 93 105 -112 114 102 125 -103 83 127 -102 120 123 118 -118 -114 -104 -128 90 125 -103 -121 -120 -110 124 125 -124 -115 -103 87 -119 70 92 127 -128 -125 -127 -101 118 -117 126 125 -117 -122 95 -127 126 125 -117 -109 101 79 -110 -123 -123 -111 -101 117 90 -126 102 124 88 -102 -116 64 -122 111 87 95 -93 125 -74 124 119 97 -120 114 124 -123 99 117 120 117 121 103 75 -120 124 -118 -122 120 -96 125 115 111 125 -126 108 114 -128 -117 120 -107 110 -121 -127 65 -102 122 110 79 -122 -116 -114 118 -128 -123 106 -110 84 121 116 90 -121 97 116 107 -127 124 82 -93 69 124 94 -120 127 122 89 98 105 109 -125 -121 101 -123 102 71 -114 101 127 117 -122 89 109 100 -112 -112 71 125 126 122 105 93 114 121 118 109 -121 -117 105 -123 -85 -117 -113 110 107 122 -127 123 115 -116 -119 112 115 108 95 -94 -127 -106 91 105
60 80 59 84 94 86 117 66 101 68 37 81 86 89 76 49 100 37 92 54 87 84 93 26 84 92 53 73 117 83 68 86 53 113 91 60 81 99 91 101 78 47 98 66 94 67 105 100 92 80 93 121 92 65 52 92 70 116 57 96 111 81 75 103 74 59 87 76 114 68 61 -126 94 56 78 83 108 79 56 80 86 98 66 72 101 87 65 120 107 72 44 49 58 111 88 50 95 55 79 98 85 47 65 116 82 96 118 97 76 88 73 110 -122 63 124 107 -123 68 103 98 93 95 112 86 63 77 83 79 42 80 66 112 125 93 80 98 86 87 100 -127 79 64 68 101 115 110 46 78 67 99 66 73 96 86 73 78 116 81 92 83 126 91 90 76 103 107 97 58 106 61 79 88 87 62 105 87 67 77 122 76 89 90 99 113 36 83 114 42 65 66 83 52 65 116 60 94 91 108 68 61 89 97 94 71 49 69 101 85 83 38 64 66 104 85 86 91 88 65 101 60 94 73 89 92 107 90 70 95 55 105 44 71 72 99 84 77 72 51 77 69 90 101 73 125 63 67 101 93 99 98 90 88 94 87 83 85
109 60 92 115 51 77 53 75 119 56 82 95 47 109 126 75 115 115 84 69 117 36 78 124 82 95 80 98 96 111 72 42 84 80 75 99 104 99 109 78 82 51 94 91 88 98 65 102 -124 64 76 104 104 82 75 61 -126 -128 75 74 98 73 65 114 98 74 106 95 59 26 101 112 84 97 35 124 82 95 103 117 54 82 49 121 56 76 97 59 85 80 82 93 84 84 80 60 88 109 116 69 75 64 75 104 90 100 89 99 73 100 67 78 97 110 86 88 98 86 111 90 -107 76 76 90 64 102 84 109 87 86 68 48 92 79 92 74 103 66 -126 57 83 61 36 121 107 65 77 64 87 75 113 98 92 70 104 89 60 120 70 84 95 83 112 79 55 60 94 63 89 100 58 93 120 102 77 55 80 76 78 95 122 103 91 76 78 46 47 54 68 78 77 78 67 87 78 95 52 77 67 103 78 119 93 -113 72 75 -104 79 120 79 87 121 92 102 88 126 87 109 125 51 105 75 54 70 84 -112 66 86 67 122 61 42 56 87 79 96 68 50 88 92 56 82 58 120 87 99 96 92 97 62 88 117 98 92 72 70
57 -123 84 108 102 -125 -111 82 83 99 77 64 105 -107 103 -126 97 107 89 97 117 100 118 113 113 54 91 68 122 87 117 111 110 100 122 105 82 117 60 96 116 80 114 84 114 122 99 113 102 -114 112 119 119 96 102 117 92 111 98 -124 60 72 118 98 98 95 75 111 115 73 -111 103 -93 99 -107 112 113 102 83 84 -128 112 115 124 105 109 78 124 117 124 85 107 -117 -127 113 77 93 111 125 121 101 119 125 -124 86 61 105 94 112 105 -121 -122 107 98 98 93 111 113 -111 127 107 103 67 110 48 115 92 72 121 76 -111 71 93 -125 121 -112 -101 67 93 65 100 114 119 108 104 102 95 90 -118 82 50 106 86 109 122 107 96 103 115 113 119 113 76 95 -105 -107 124 102 56 74 102 82 123 109 109 57 127 -116 -95 127 73 110 104 109 107 120 97 119 104 103 109 123 126 100 68 100 97 107 77 -119 87 82 81 111 95 85 111 115 88 111 122 81 117 -120 123 82 83 88 109 102 124 73 94 -118 103 118 -105 78 62 111 77 -116 -118 113 123 53 105 106 110 79 120 81 109 118 68 99 -110 120 119 72 124 91 -113 121 70 77
107 64 109 93 -103 105 -117 83 99 123 110 109 126 101 107 80 -117 118 111 106 120 88 81 120 105 108 127 111 74 88 86 109 111 90 85 115 61 103 99 117 115 114 111 93 -115 -122 -128 110 82 100 114 87 -127 112 92 -124 62 -122 119 114 96 113 112 77 112 107 -117 122 80 97 119 89 66 109 -126 108 109 -126 69 -126 105 97 88 122 109 86 106 -119 125 125 98 102 109 83 84 79 112 116 109 120 107 85 69 111 -126 98 120 85 102 107 102 -125 98 123 96 79 107 110 90 98 100 89 82 -124 101 96 75 91 103 81 107 93 115 111 95 117 105 95 94 123 104 114 117 101 117 94 81 118 93 70 94 111 -122 103 116 105 112 76 101 107 91 112 117 99 89 118 101 108 100 115 113 -116 127 -127 106 115 56 -125 -110 95 88 79 98 82 46 78 122 84 117 -128 -86 116 125 94 83 85 83 71 89 66 121 94 82 102 90 117 79 101 125 119 74 100 104 -124 86 85 102 92 105 86 96 114 78 75 80 80 127 -124 104 80 124 90 100 95 86 80 109 71 115 55 94 80 -120 104 111 -109 110 61 -127 94 99 95 105 54 102 84
105 126 108 -117 101 78 95 78 -119 99 102 95 72 -85 104 42 97 126 -120 96 111 73 75 93 81 65 115 106 114 96 -109 81 120 87 87 90 97 115 119 120 116 100 96 90 127 104 96 77 104 -118 113 101 -99 112 116 117 92 -116 67 70 69 89 73 73 98 97 122 79 114 76 117 105 96 92 103 -117 87 112 126 94 110 101 92 106 -120 108 121 96 111 83 98 120 105 93 72 76 111 127 97 113 98 115 101 92 117 88 122 -125 106 89 96 74 85 95 124 -126 75 -123 110 122 103 125 110 94 117 96 122 69 43 70 98 93 84 62 98 94 83 98 79 85 117 80 -113 108 37 83 102 100 85 75 65 97 69 126 107 99 114 69 106 105 81 104 112 68 -126 111 113 105 56 106 105 119 74 102 106 -121 113 120 -120 103 95 84 94 -106 104 91 121 96 -128 98 98 106 -115 99 36 84 75 117 55 -124 101 124 89 122 89 77 102 90 77 70 125 108 97 95 -123 88 68 112 113 69 108 -125 121 116 87 127 122 82 125 102 59 84 110 106 121 125 -122 66 102 75 -124 92 108 -116 111 -125 112 -127 -127 96 -120 -120 -126 114 104 110
71 111 59 122 68 112 122 99 119 73 -118 80 120 112 126 112 103 110 125 113 99 77 86 124 107 112 82 121 112 108 100 99 119 124 87 -128 81 75 -120 108 86 88 73 76 109 111 82 107 -120 108 114 74 76 55 -112 97 -109 118 99 85 88 70 93 117 81 117 90 124 110 87 88 115 -116 61 106 -109 90 104 -125 90 110 118 88 102 93 107 88 110 89 95 56 119 107 55 -128 96 89 -123 102 -128 -124 75 107 -119 112 105 121 104 103 -127 91 114 119 111 96 88 47 126 104 120 61 111 69 103 75 101 103 94 47 93 110 83 113 122 84 86 117 68 91 94 -112 113 85 109 127 76 100 78 82 61 95 96 122 93 84 106 97 96 90 100 -109 107 118 89 121 117 112 75 100 97 78 96 123 93 117 96 95 116 106 90 79 98 121 83 108 101 91 83 -128 71 43 119 112 -114 36 108 82 124 73 94 125 125 97 95 82 77 127 127 74 115 103 95 96 79 120 121 108 106 -128 45 118 -127 63 92 100 114 107 85 103 123 80 58 103 124 114 84 -119 64 102 113 121 111 91 96 96 116 120 96 -101 104 -119 93 -108 -126 -112 102
98 79 123 124 125 -117 116 75 -127 121 -108 85 -115 -120 85 86 121 94 120 89 -90 116 103 114 125 103 87 106 89 124 120 78 90 110 65 -123 85 119 115 93 90 87 117 101 105 101 91 120 82 115 86 124 -113 -101 100 125 109 -120 78 67 88 86 -113 -125 73 118 62 -120 75 59 115 -114 59 127 -114 115 111 106 122 -120 114 -108 112 -127 109 98 117 125 -116 -112 -118 110 125 119 106 101 -100 97 124 -120 119 108 -127 -119 -112 -120 90 90 89 108 103 99 -111 -116 64 -127 -126 -103 -120 -126 -113 127 122 58 81 -123 78 116 112 108 80 109 -113 123 107 -116 -118 80 -113 111 104 78 101 105 -126 -114 106 114 90 82 100 104 93 119 113 115 -120 106 89 75 89 96 -116 100 126 -106 110 -95 124 113 -128 104 83 93 121 102 100 110 -126 -109 98 105 110 116 92 -115 85 102 126 -117 -115 126 78 -94 69 105 101 -127 67 73 -124 126 -124 108 92 104 -118 108 78 118 91 -105 -120 115 125 106 -125 113 -126 71 -121 112 116 99 127 87 -125 109 -128 -109 115 105 119 -81 118 -126 117 -95 109 94 -104 121 89 -124 112 -97 -123 109 115 111 93 -74 -127 95 118 118
56 33 63 56 75 67 94 73 97 111 78 66 112 55 92 72 119 63 66 49 97 32 85 107 85 76 103 47 87 59 92 92 76 84 28 75 96 82 79 112 100 66 55 48 75 65 83 71 93 88 90 58 87 64 43 54 67 98 85 58 85 52 103 47 74 63 64 51 42 49 79 101 43 48 45 78 85 61 52 86 61 103 34 51 111 55 64 76 82 94 87 88 33 -126 93 85 79 94 110 81 75 35 47 95 59 44 58 92 52 72 44 70 98 76 87 42 105 64 58 102 83 112 85 62 65 84 59 102 60 84 61 87 82 84 48 71 80 91 56 56 66 52 117 61 14 81 63 91 66 37 60 85 73 48 54 56 96 69 81 106 103 74 83 52 67 67 101 51 69 29 93 37 98 85 104 101 81 68 66 56 70 90 61 50 21 43 77 81 53 50 70 82 74 79 88 84 58 74 49 70 84 105 83 68 78 37 66 39 61 79 87 93 67 96 71 80 101 48 72 70 72 86 71 58 44 90 91 104 52 84 84 29 52 50 86 56 67 61 114 57 97 69 49 94 66 93 92 85 58 76 78 75 47 26 36 38
83 60 90 105 118 116 117 -121 111 93 109 82 -118 -125 102 121 -127 115 121 83 -112 106 92 -122 96 91 82 96 125 -124 99 111 117 112 118 69 99 -104 88 76 98 81 86 85 110 125 102 103 86 103 127 89 74 94 124 74 91 116 118 56 102 110 78 127 -128 64 81 101 59 103 114 -113 107 113 95 105 105 111 -108 102 125 -123 81 -126 104 72 115 88 112 89 86 -112 -108 116 113 101 -121 109 -109 98 101 -94 88 111 95 -99 93 105 107 -119 91 102 120 114 96 84 120 112 102 90 102 117 72 108 78 80 127 116 81 126 118 108 118 98 -127 113 -98 75 91 -125 104 127 115 83 90 73 -104 112 -120 121 101 92 100 85 78 126 118 115 102 82 106 97 119 48 121 114 101 95 67 98 78 106 -115 125 74 112 106 93 -124 77 106 74 57 104 81 75 93 110 119 80 118 -110 116 121 63 119 84 91 86 105 -128 112 96 109 96 106 93 113 117 104 -128 98 110 67 -123 122 95 104 126 79 121 -120 82 51 66 74 116 127 83 117 95 120 106 81 124 -119 99 81 121 88 93 92 -120 120 94 -128 -122 85 119 114 114 -126 78 117 116 73
96 -126 112 -119 71 104 -121 112 -108 114 92 82 -104 126 104 72 117 103 109 -126 107 120 104 59 99 116 122 105 -128 -124 -128 122 -109 -119 93 -125 118 -85 96 108 96 117 -128 106 -115 77 74 83 103 -106 113 100 118 114 80 -118 70 -125 104 105 100 -123 90 107 -121 99 74 -125 100 -113 84 -110 104 104 -110 108 98 -122 79 121 -95 123 127 104 123 123 121 -116 -114 123 120 -127 118 -122 113 -117 105 79 121 120 124 119 125 -103 111 -101 -117 107 119 113 93 92 -115 121 89 89 93 123 116 104 102 97 115 119 102 -124 74 124 89 97 107 97 -113 122 124 86 -94 68 118 -126 103 115 89 111 115 -98 118 102 110 116 83 97 105 125 118 -120 -110 109 114 91 -125 -106 114 -125 -105 115 96 -125 91 -93 123 92 -115 112 114 109 121 99 123 116 113 -122 67 114 109 -121 -113 117 99 101 -128 -97 -124 -94 69 121 100 -119 87 -112 -113 -127 99 79 100 65 94 -121 114 116 113 75 -112 105 103 90 124 80 127 87 119 -105 111 46 114 -127 -120 109 -125 -122 116 125 123 103 112 -127 -126 -107 -92 97 90 -85 123 126 90 109 -108 -127 -103 99 126 -124 108 -118 -124 120
120 106 -112 124 114 89 -119 102 96 -109 91 93 105 -106 -125 97 -112 -124 97 119 -125 -102 101 115 -105 99 112 -124 68 -122 114 94 -125 100 110 -120 103 -128 123 96 124 107 98 125 97 112 73 113 -128 80 108 117 -122 -124 58 124 -114 -87 100 -128 75 104 94 103 96 116 85 88 111 116 122 -122 -107 -125 -119 -99 -124 123 97 -117 -110 -102 94 -128 96 115 95 -115 -105 -116 -119 116 118 87 115 113 -118 -120 118 -122 98 102 -119 -121 121 75 95 113 114 -116 99 -118 -97 118 113 103 113 -79 99 -116 -123 103 -128 108 117 123 55 127 93 -128 114 72 124 100 99 87 -89 93 96 89 114 96 124 91 80 108 106 -82 111 116 68 122 93 -125 101 99 -124 111 104 126 -114 -124 125 90 98 -82 124 -113 -125 100 -94 95 88 107 115 127 98 107 121 122 98 113 69 85 71 -116 93 101 102 87 -107 67 -112 101 -125 94 91 119 109 93 124 -100 96 -119 80 94 114 -123 102 -125 110 111 -98 115 -117 77 127 78 95 85 -106 114 91 90 -123 126 105 -128 92 -102 -121 123 118 111 119 -110 101 105 -122 119 -121 107 -117 -126 -125 124 85 -124 -85 114 106 -108 -107 118 -114 98
73 57 79 110 64 93 74 91 111 83 108 91 53 109 50 31 66 101 90 59 69 65 56 65 38 90 -118 70 71 46 101 56 73 93 29 58 69 65 76 37 49 107 63 106 83 92 31 116 98 103 56 79 109 72 100 105 46 98 109 52 110 87 80 83 81 44 57 96 89 110 85 110 91 -122 63 80 38 93 97 73 58 96 58 73 67 50 114 76 60 88 83 68 115 88 98 68 91 52 -127 92 116 100 74 103 111 120 110 102 84 103 83 75 84 64 102 61 86 46 125 86 84 94 72 78 97 54 92 58 48 49 95 38 100 49 91 67 97 45 104 93 71 104 89 117 113 80 83 69 70 64 43 75 78 67 67 68 65 92 59 86 77 66 84 121 95 73 85 103 117 125 37 125 47 71 78 95 71 86 127 99 63 46 94 96 92 97 80 87 108 59 91 99 84 121 60 64 121 111 70 30 98 99 84 62 84 90 72 94 31 89 101 78 95 90 90 117 99 109 98 89 121 90 95 79 74 94 59 112 67 109 114 101 98 76 99 114 97 83 96 52 113 -126 75 -116 76 60 105 75 98 55 88 71 112 109 81 44
92 66 80 62 98 69 104 48 102 60 50 71 101 64 86 46 53 73 81 68 96 68 74 84 76 83 65 73 111 93 72 77 47 59 81 83 64 92 57 71 68 80 94 68 83 64 98 94 93 71 84 77 100 84 77 86 90 85 52 49 78 84 51 111 72 59 109 47 47 82 74 62 67 68 103 69 82 46 81 91 70 98 44 113 70 97 111 88 73 44 66 71 62 73 76 48 37 83 110 53 60 58 84 93 84 65 97 38 90 80 79 86 102 74 77 115 78 78 -117 63 87 85 68 91 45 80 66 68 73 80 76 111 85 47 75 76 91 47 76 25 71 74 61 62 81 75 61 79 68 36 37 80 55 63 91 59 112 46 45 86 30 38 72 58 91 79 88 83 70 103 62 45 80 80 110 96 83 67 90 67 58 61 111 94 63 90 98 57 68 61 51 61 43 92 30 122 58 57 85 88 57 75 79 77 75 100 101 98 64 45 54 69 79 81 81 24 65 60 63 67 83 42 99 91 86 76 70 72 70 94 42 117 99 49 66 61 108 90 80 60 72 61 44 85 36 81 96 82 56 65 61 120 100 96 51 58
98 103 -106 119 73 117 118 93 117 91 98 109 95 -113 116 66 90 102 118 99 110 109 84 116 -121 88 104 103 -106 115 121 106 100 98 -100 127 -123 -113 115 106 95 91 114 111 96 115 116 95 -123 101 91 116 -101 -126 80 -126 88 -107 119 99 -122 -116 76 97 112 111 104 -108 78 118 -127 -123 127 111 110 117 106 108 106 78 127 106 87 124 113 114 -108 105 109 76 -111 -113 107 112 106 76 101 106 -93 116 68 115 99 -97 105 115 101 123 92 118 106 95 -107 -118 81 125 -116 -109 -112 -120 -88 92 94 81 101 -119 49 122 118 104 97 81 96 104 114 -127 -103 90 89 82 125 101 95 123 73 115 -119 113 115 107 116 115 127 -122 75 -102 96 100 109 98 105 92 -123 93 -128 119 95 -99 -103 96 124 108 93 111 85 124 -92 67 110 -112 66 -116 -120 117 112 112 -104 113 94 -103 -124 111 104 88 101 108 127 84 68 90 -111 -126 103 -128 62 114 107 100 119 86 83 67 -122 -101 84 79 73 113 -121 89 122 -115 -119 -113 77 127 121 89 105 -106 117 -127 93 -126 -107 94 118 -95 -127 93 81 116 101 -99 94 -121 100 116 -123 81 88 100 -113 101 -102 115
66 73 -124 -102 127 -115 77 79 -114 109 114 -109 84 125 64 73 113 -111 55 126 102 89 122 108 126 106 -112 115 -107 91 118 107 115 123 116 82 95 102 121 -111 111 -127 76 87 78 127 74 117 -104 -101 98 112 78 104 81 -96 86 -108 105 92 113 80 117 103 -128 81 112 -123 100 99 74 113 123 -128 119 -125 63 94 124 110 117 125 72 121 119 97 105 -117 77 115 -124 109 123 122 123 -121 102 87 -113 101 -125 111 107 -120 99 127 117 -122 82 101 100 104 -117 115 107 81 97 86 -121 101 -115 111 -122 92 80 109 68 112 75 92 126 100 120 100 93 127 114 83 96 58 -115 -125 114 125 93 103 108 80 99 104 108 111 102 121 106 114 108 -123 93 98 89 93 -115 120 -116 98 96 111 119 114 107 -124 72 76 108 98 93 127 -84 114 89 -126 109 -126 107 96 109 -121 113 -124 73 -116 88 108 75 90 108 -112 64 96 -126 -123 -128 108 -126 96 120 115 94 89 124 97 93 113 -114 -128 -128 107 112 104 -104 127 125 -92 79 104 123 122 68 106 72 101 81 98 115 114 116 123 108 101 -121 88 110 -106 111 -119 113 -105 107 104 -121 107 110 98 123 118
108 112 96 -111 123 -94 126 105 125 101 124 126 -92 -127 121 95 -126 -71 127 -119 -123 -116 120 107 -107 -127 -121 -100 120 -74 119 89 111 -127 118 110 117 87 105 126 -104 -125 108 95 -117 115 -93 115 -99 127 -123 121 112 114 -86 -45 121 -65 -108 111 81 -116 116 126 -96 117 105 -110 -116 -119 99 -105 -92 121 111 -90 97 118 -122 127 -120 123 107 116 124 102 117 -101 -127 123 127 -87 -99 100 -111 114 -104 -81 -114 123 -80 -121 116 -111 -91 -117 -126 -79 73 -114 88 112 -118 -109 -120 -92 -118 -108 115 -109 124 -122 117 -114 99 123 117 102 110 119 -96 -124 99 120 -112 126 -91 109 125 101 96 113 -112 -110 119 -93 126 126 -94 123 -119 115 127 120 118 118 -117 -92 115 109 109 -127 -112 109 110 121 116 115 87 106 -125 -122 121 92 127 83 -113 -105 -84 -119 93 -119 105 118 124 -119 127 -127 -122 -112 98 -121 121 -125 -115 116 -116 -102 -121 96 -126 112 117 -123 111 103 -103 86 69 -113 117 -103 -123 127 -115 119 -105 114 124 117 111 118 92 104 121 -111 120 113 -121 -116 106 111 93 -128 114 -120 -115 -117 -98 116 112 116 127 -117 125 118 -101 122 -119 110 124 -97 -99 106 110 -98
126 85 100 111 -126 99 -115 102 -107 65 114 95 114 -108 103 66 114 112 91 116 -107 81 121 121 113 63 106 118 -116 -123 107 109 89 108 65 103 99 -86 104 103 104 112 123 56 119 -123 45 95 -126 102 -117 112 -123 110 110 71 -120 115 93 119 111 113 118 -114 81 82 76 119 98 -126 108 105 -124 -118 -114 77 102 113 123 60 118 -126 95 -123 94 112 105 102 86 123 57 105 107 107 112 127 94 -115 -99 87 78 115 125 118 102 114 -92 86 95 106 -126 102 102 101 99 71 -121 106 107 -120 115 107 101 114 114 107 125 116 -117 127 113 121 -125 109 126 -110 116 94 119 83 116 105 -105 109 80 76 95 78 85 104 91 119 113 -113 -120 120 95 103 117 126 -92 -113 91 -127 88 127 -111 87 71 124 98 125 94 -123 108 62 98 95 126 119 114 110 119 96 67 121 88 113 -120 -127 101 121 -128 116 82 109 79 110 104 120 -115 102 79 -118 94 55 -128 119 86 95 -115 -126 -125 -117 -128 126 -127 -117 -121 71 -118 106 116 97 117 -124 112 111 -121 120 102 90 -91 119 75 108 -128 123 89 87 112 105 116 -128 92 115 113 -116 -119 121 -116 107 -124 48 98 110
102 50 115 120 -120 118 123 125 -112 111 88 104 -122 104 75 101 124 -109 110 108 -124 -120 -125 77 -123 104 106 -111 -110 119 121 119 125 100 117 88 92 96 94 126 -119 122 109 74 -101 110 90 113 -124 -111 127 107 -122 102 85 -128 -123 -71 81 -123 114 126 -122 124 -126 110 81 -112 111 100 87 -117 105 122 -83 117 -116 -96 85 111 -108 -105 97 122 107 125 91 -126 63 94 116 90 -128 -103 -98 123 -125 115 125 -123 -123 104 85 -125 126 109 115 100 81 67 93 109 117 -120 -106 -115 -85 127 122 -100 124 97 112 -116 124 104 41 105 102 -124 126 64 87 96 -120 111 -102 109 110 108 -124 117 103 108 119 111 105 -124 -118 -119 112 118 108 116 98 87 -92 47 116 105 -122 -121 104 115 92 113 103 108 127 -123 95 95 -128 114 118 -118 124 -107 -115 122 106 115 59 -108 88 -117 116 89 119 117 111 125 98 124 103 -126 94 -114 109 115 -127 122 103 -118 103 87 98 92 74 -122 92 113 -122 -124 105 58 108 103 -120 114 107 -123 -125 113 113 97 98 -115 127 127 -125 118 -106 123 -127 121 -124 115 -115 100 108 118 123 103 115 106 125 -115 95 81 -117 -106 113 120 105 -122
113 55 85 117 111 115 -111 97 123 60 -122 122 83 -128 -127 90 103 -127 94 83 98 81 69 106 99 120 111 97 105 -123 -114 105 105 -126 100 110 104 97 70 121 109 98 98 87 123 119 92 124 117 108 107 56 66 -124 115 -110 96 -126 98 93 76 111 107 106 108 96 121 98 113 74 -113 -118 98 61 124 -99 -127 123 78 94 96 104 43 71 98 122 126 123 116 -124 -114 111 -105 115 -118 78 95 121 -128 111 -119 84 84 -123 -124 -121 123 -116 112 95 105 111 119 123 74 95 -125 100 108 92 98 106 113 -125 101 101 92 106 78 68 120 104 124 121 112 123 -122 71 103 -103 125 93 -118 121 -118 107 121 -128 113 113 104 109 123 104 89 81 -113 72 125 108 -101 105 85 96 92 93 91 106 103 89 100 -114 -112 -111 114 78 80 -126 -65 69 96 -111 110 -102 82 101 112 68 -108 85 112 127 112 123 110 102 94 116 98 117 -122 -128 83 114 76 106 -118 103 118 110 112 64 102 106 -107 108 78 -126 97 116 85 112 112 122 -126 109 -113 86 92 89 76 97 80 101 113 118 -106 68 107 105 102 -121 105 -114 114 115 -128 108 -108 93 124 -107 -120 103 93 117
92 -122 -94 -115 121 -116 -116 -118 -98 -104 127 -101 120 110 -107 99 -105 -110 -116 -96 -90 119 78 -124 -117 123 -126 -122 108 -121 -120 -108 -128 121 -124 -125 107 -126 -125 120 -85 -82 -101 -121 -102 -83 122 -103 -97 -127 -121 117 -115 122 -125 121 106 -107 -106 106 110 -105 115 -118 -117 -119 115 -122 -128 -127 121 -100 -119 121 -110 -95 -106 -123 -125 100 -100 -122 101 120 -116 107 123 -87 -78 -106 -114 106 -119 -123 112 -124 -79 101 -85 -113 -106 -113 103 -100 -92 -107 -128 -106 -122 -111 -116 122 -107 127 -111 123 -108 -95 -110 -126 -102 -71 -112 -114 122 -127 -115 -115 -115 106 114 100 -113 105 -95 -115 -104 117 -128 -127 116 92 -79 -85 83 -100 122 -59 125 127 106 -105 -126 119 -86 93 108 123 103 -121 -115 119 122 102 -97 124 103 95 122 117 -115 -79 -128 109 122 127 -126 -92 -95 117 105 -96 -96 -106 96 125 113 80 -78 110 -104 -86 126 115 105 -120 111 127 86 -119 -128 -118 111 -88 112 -106 -102 -115 -124 -101 -113 -114 -100 126 -124 125 112 -74 -122 118 -122 -109 -122 -120 -128 -128 126 -110 -96 -113 -93 -112 -104 -94 -88 118 -120 91 126 -127 86 -83 120 -96 104 -110 -103 -125 -115 123 122 -52 -123 69 -114 93
40 113 106 -121 -115 111 -100 67 124 107 -113 107 69 126 113 100 -105 -119 86 92 95 81 105 79 113 99 125 88 81 120 103 -126 -127 -105 115 104 93 103 115 96 117 113 103 93 120 110 83 102 122 94 79 92 -124 123 127 96 111 119 75 109 69 106 98 125 51 85 119 124 -117 82 126 81 -127 90 113 -123 107 122 51 55 102 85 61 103 99 -119 103 -93 104 -124 87 100 -123 -127 106 92 84 73 122 96 94 97 -124 123 95 104 124 86 95 98 98 98 -116 116 -93 120 125 116 96 93 -107 -118 -122 93 58 93 103 96 92 85 109 62 125 101 108 -111 -127 74 100 116 109 79 -122 -124 101 106 80 122 77 91 73 110 62 95 73 -112 -116 104 93 108 91 96 119 35 105 127 103 87 -128 99 97 -107 104 126 109 119 92 -118 123 -111 86 119 114 64 112 105 -118 119 -105 83 126 102 119 -120 82 -126 87 119 90 78 -123 106 80 125 73 -128 -123 123 89 115 102 68 107 125 91 52 80 102 -116 84 -91 83 97 86 97 -121 127 109 95 82 120 99 101 107 -121 111 121 90 91 62 94 112 103 114 107 103 91 118 77 -100 109 -125 94 122 119 110
75 87 80 103 97 98 62 109 -128 100 80 121 91 -113 71 50 103 -110 112 112 108 104 110 104 108 114 105 109 91 90 118 108 114 93 88 124 86 -128 105 -122 127 94 126 112 113 92 118 114 107 -124 108 -101 121 -123 -125 -94 106 109 -114 82 105 67 120 66 118 66 97 -128 82 81 112 -116 92 -122 104 121 127 112 116 -127 109 112 103 74 84 92 100 -128 115 113 54 114 110 126 111 85 56 81 112 107 62 88 109 84 -110 77 106 -114 95 122 119 -115 91 97 120 113 -125 84 111 104 126 104 126 72 108 102 95 -124 109 98 92 110 111 114 -125 -108 -107 64 124 81 89 -101 119 83 99 -118 81 108 84 115 90 -113 117 127 93 120 116 -107 123 95 119 -110 117 -119 95 127 -120 100 119 97 79 95 81 75 -126 77 88 122 -119 -109 99 121 97 74 77 113 121 71 -118 95 -122 88 -104 -121 -112 100 97 81 80 118 69 84 82 -125 63 120 97 110 101 -127 113 106 109 96 -98 85 112 90 -111 125 119 85 60 81 104 95 -106 82 86 109 88 83 109 126 101 72 113 -121 105 95 103 117 117 -118 108 115 -118 82 118 108 90 121 90 114 92 116
40 84 85 -105 110 106 101 119 112 49 61 104 75 103 90 107 -128 77 92 102 104 96 100 109 107 76 71 79 35 69 94 108 92 100 114 60 107 119 105 118 92 82 90 78 85 108 67 -120 -114 110 113 78 85 56 95 91 67 -116 87 55 114 119 89 109 102 93 82 62 92 97 83 78 104 108 104 117 95 87 89 89 101 -120 82 106 72 76 65 125 89 89 42 101 94 -110 95 98 97 73 123 108 52 123 104 101 61 71 115 114 79 110 83 100 101 93 86 50 116 104 -119 88 -124 106 93 111 51 92 71 60 81 66 -123 96 -108 116 108 86 115 65 125 100 104 78 93 91 126 114 -125 103 79 84 54 108 109 93 83 68 96 72 116 103 79 74 76 62 -128 111 91 73 87 96 87 91 114 88 63 68 96 75 -114 105 83 112 106 90 31 75 76 89 117 110 110 -128 37 107 86 91 38 113 52 94 107 69 96 -124 59 90 65 74 72 94 121 79 121 108 120 92 70 -120 120 59 127 112 113 90 89 103 86 103 93 73 67 76 104 76 90 47 83 43 80 99 79 87 63 80 107 100 95 100 105 61 121 90 98 88 95 73
-125 106 -120 89 116 120 -126 93 -124 -102 99 115 -106 78 111 85 -123 115 118 -114 97 98 75 122 -125 -110 101 105 81 127 -128 -127 92 94 91 109 107 -128 89 53 -128 -113 124 93 124 94 -124 -118 -113 -100 91 126 105 118 91 119 124 -111 -126 90 90 118 -102 -121 -122 121 -127 -128 111 -125 -125 115 107 84 98 -119 77 120 65 100 -116 -126 73 -100 73 74 -121 119 122 -101 90 88 119 99 108 -125 103 117 -82 86 126 120 125 110 -126 96 99 -120 109 122 96 81 121 90 -115 -114 -125 113 109 105 92 127 108 125 -117 110 73 124 103 95 126 95 110 107 -112 100 -124 108 -121 82 101 116 -112 110 70 -101 112 -112 88 119 112 -103 94 -104 -117 98 -108 -128 123 -119 105 99 116 65 106 122 68 -127 87 -107 97 101 99 -109 101 -103 117 116 -112 -92 119 -125 122 95 102 -114 108 80 114 92 92 -104 104 104 104 119 57 85 107 -119 90 83 104 113 64 69 -122 110 111 113 97 114 119 89 124 86 120 -126 -122 -123 125 100 120 111 127 -110 -105 118 97 98 89 102 119 -121 -126 100 -107 97 100 94 105 -126 110 -121 -110 100 -122 127 -102 94 117 -117 -119 106 108 91
74 60 81 98 101 96 125 88 -109 110 101 99 108 111 80 98 92 119 90 124 127 116 74 102 98 116 126 64 81 -119 117 124 -107 -111 100 106 54 114 90 -117 100 120 118 99 -124 90 79 116 108 -99 -95 110 125 104 117 125 70 -116 112 98 71 110 94 115 89 77 55 120 103 107 93 126 84 112 119 116 85 115 107 77 116 71 75 -126 98 -123 117 115 117 -126 75 112 118 80 118 107 113 86 -124 121 -114 113 -99 82 113 90 125 110 88 97 106 106 -127 126 91 96 -114 112 91 109 93 119 112 87 93 77 80 -110 87 53 121 109 67 127 -119 115 -117 81 98 -113 -122 122 -91 72 122 125 113 -127 106 98 91 120 124 -109 116 103 -125 109 108 104 64 126 122 108 88 107 89 109 119 98 106 106 104 61 78 93 98 103 116 111 96 121 92 71 64 123 119 101 -121 71 120 -128 106 -121 94 80 102 -120 98 -114 100 111 82 106 91 105 -126 107 117 95 -102 81 114 127 -111 99 80 109 123 102 -127 110 78 94 111 124 -112 97 120 108 107 113 124 114 90 82 115 125 121 89 101 -128 94 102 80 113 -126 111 84 109 114 -100 109 101 -100 122
-115 72 -104 117 94 104 121 117 -105 120 -121 106 86 119 80 84 122 114 104 -127 -119 93 95 121 113 56 109 -121 112 71 94 110 88 103 88 119 66 -112 110 81 111 115 -118 109 127 126 86 113 89 127 125 102 123 119 -103 119 -99 103 121 120 88 99 102 -115 109 -105 95 78 109 89 101 -123 95 86 62 105 95 -119 124 112 112 111 82 -98 88 96 111 118 85 75 126 103 105 103 107 72 102 -128 -119 74 105 -123 122 112 126 98 82 115 79 77 125 108 75 -121 100 99 95 120 126 91 -127 107 116 75 120 94 91 -103 104 101 119 99 108 84 106 109 91 82 102 85 -125 89 -124 90 83 83 -127 110 83 113 84 123 101 94 104 102 109 102 104 110 -121 -126 102 89 108 -112 110 121 103 -123 97 106 -104 75 91 124 103 90 -114 -100 109 99 86 86 70 90 104 79 105 91 127 120 114 100 68 88 94 122 99 122 98 123 109 116 54 112 112 105 -127 118 103 81 99 102 -109 89 84 118 107 77 -104 109 121 76 104 119 114 104 125 -114 107 106 111 -106 115 72 126 115 86 107 73 110 122 112 -126 -103 -119 104 105 125 106 -124 118 94 -125 114
105 73 102 119 99 -123 118 67 -116 109 106 85 71 109 82 101 103 94 116 110 122 78 -125 99 58 127 -125 -122 -119 -124 122 91 92 122 94 82 76 76 -126 120 86 113 -123 114 -125 92 89 106 125 91 -106 101 72 106 110 121 123 114 102 107 90 79 108 123 97 102 108 -125 96 104 83 95 114 124 113 112 78 88 -120 108 104 -117 69 -127 105 69 101 96 127 63 91 94 -123 93 -121 64 107 98 107 126 -115 91 96 -125 124 84 119 124 126 111 99 -112 -126 110 -127 -125 69 123 97 -126 84 115 123 110 114 115 116 -125 71 92 101 91 118 95 95 108 91 59 113 95 121 -119 106 103 115 106 95 124 100 75 76 119 104 117 103 79 110 -114 109 -122 112 -126 -126 74 -111 119 121 119 112 -124 110 90 -111 91 120 98 103 -128 -123 88 80 97 109 110 89 107 80 93 -107 87 86 108 111 -123 51 111 106 122 101 -126 97 125 94 85 103 76 -113 114 105 93 106 88 108 96 -107 68 87 93 110 109 96 -123 87 77 103 71 120 100 106 99 78 115 -122 119 127 99 101 114 122 89 115 116 108 96 74 91 116 112 112 87 91 -127 -98 -126 122 90
85 50 63 102 104 -121 83 -124 89 104 79 -122 117 106 89 102 71 108 53 75 107 105 105 96 87 112 125 83 87 81 104 -124 93 113 68 76 69 81 71 89 97 92 74 124 97 -128 45 106 121 101 113 59 58 122 84 103 92 113 100 69 110 108 76 92 103 45 119 104 83 90 101 -128 106 -123 110 118 102 -112 82 124 93 -120 40 84 117 87 64 122 124 -122 58 105 115 78 95 96 -123 109 -127 73 -102 -99 73 112 86 122 -120 -89 123 -105 52 90 -106 85 108 66 76 92 94 84 94 106 101 79 85 83 97 99 61 36 -91 74 102 120 118 106 79 86 101 80 97 117 -127 120 67 -126 81 120 94 -127 48 120 88 126 117 83 108 109 -126 105 114 80 87 94 113 86 106 78 109 119 98 95 94 110 -123 80 93 114 106 109 77 94 112 77 69 96 107 106 -115 95 50 -120 87 115 111 90 85 -123 88 98 109 103 85 98 93 97 89 125 78 -113 104 82 119 114 96 -121 94 123 92 98 104 111 72 107 101 105 80 84 119 102 101 106 102 110 125 88 -118 79 113 82 -116 99 -120 -120 88 91 111 94 109 78 -104 -124 123 58 112 112
66 113 -121 -97 89 69 -125 117 -126 92 122 99 114 -121 80 76 118 -123 -103 101 -118 -116 66 109 126 -124 92 91 117 -123 105 116 117 -109 -116 115 108 122 106 102 -123 99 126 107 114 104 120 -110 -120 126 95 110 109 98 94 -100 114 -124 67 113 -126 85 105 99 108 105 95 118 112 -128 112 -110 -117 81 118 119 -113 -126 111 71 120 -118 51 -86 -102 -114 115 122 126 125 84 106 120 75 105 92 117 119 120 -125 83 122 104 106 93 106 -107 83 92 89 107 82 111 -116 124 109 127 -109 -126 108 -128 81 95 93 111 85 80 118 75 68 -109 98 94 81 103 104 -125 -126 91 64 93 102 -128 62 92 -97 73 -113 120 76 87 107 117 -117 86 77 -118 89 101 122 110 102 -117 74 106 101 -121 116 87 -119 -127 70 126 90 96 -105 100 111 124 121 100 114 107 93 117 122 -125 75 -124 63 76 105 -121 126 87 -127 95 90 51 69 121 60 60 114 73 119 -126 -124 122 51 123 113 110 67 103 111 101 91 98 56 119 -116 103 127 123 108 103 115 94 74 90 95 116 82 125 110 -109 101 115 88 117 107 105 71 97 105 120 120 103 -121 -105 94 112 112 113 64
-123 117 -85 -126 -101 -87 -78 120 -104 -118 120 -111 -101 -83 114 -89 -74 -94 -98 -112 -125 106 113 -106 -86 126 -118 -112 127 -83 -118 113 -90 -123 -111 -88 -114 -58 -58 -113 -98 -82 -97 -108 -119 -115 -78 -111 -98 -103 120 -121 -93 -55 120 -123 119 -95 -80 -121 -108 -110 -114 -111 -105 -101 102 -103 -103 84 -97 -60 -83 -90 -100 -85 -105 -125 -106 -95 -103 -61 113 -67 -125 -109 -115 -85 -104 -78 -116 -113 -87 -74 120 -124 -109 110 -58 -123 -88 -85 -89 -100 -79 -96 123 125 -100 -102 -128 -122 -97 -111 -122 111 -100 -109 -107 -78 -68 -91 -125 124 -105 120 -107 -91 -123 104 -127 -101 -116 -109 104 -126 -76 -114 -95 114 123 -102 -105 103 127 -100 -125 -79 105 -104 110 -64 -105 -75 -86 -108 -98 -92 -107 -90 -119 -122 -86 -86 -105 -74 -82 127 -97 -95 -112 100 -128 -116 -108 -104 -111 -78 -51 -115 -64 -97 -54 94 -128 -60 -77 99 -113 -122 -120 -118 -103 -54 112 126 94 -112 -126 115 -103 -114 -124 -109 97 109 -66 -80 -116 -112 112 -89 -115 -105 -78 -117 -91 111 -68 -119 -98 -128 -116 104 -74 -95 -68 -102 -120 -103 107 -106 -67 -53 -117 -120 -69 -103 -117 -118 -116 -87 -83 -128 -113 -60 -86 -96 120 -122 -109 -35 -93 -113 -81 -88
108 109 119 104 92 -110 -73 107 107 79 107 79 63 -108 74 85 95 -119 96 93 117 98 127 108 102 109 82 -117 81 -123 106 109 -122 -121 -120 89 100 -124 93 70 -98 -89 97 84 118 116 107 113 119 -126 103 105 112 97 -89 -115 99 106 117 110 79 118 75 116 113 107 73 98 109 95 100 -128 112 73 -117 97 -116 87 109 96 -108 76 110 -115 -128 102 87 125 -127 75 91 -128 114 115 111 114 106 87 121 74 108 90 101 -115 115 -113 120 117 -118 78 -125 111 109 -110 99 97 125 110 112 84 109 94 89 77 120 96 109 83 77 87 94 112 97 -118 86 112 98 67 106 88 -114 -120 109 98 110 108 97 123 115 114 78 -117 85 85 95 121 120 82 94 111 114 100 56 111 -92 97 80 83 102 71 90 119 101 94 84 121 67 119 -98 96 60 108 113 103 53 124 118 107 113 112 90 120 110 -101 102 117 110 -124 47 87 -117 82 97 95 98 -127 124 76 103 93 114 115 121 106 117 -122 86 101 -120 121 -126 127 119 100 103 78 -118 101 102 94 75 120 101 109 107 75 112 112 117 -125 100 -111 98 107 104 121 126 85 95 110 114 -94 126 104 111 106
55 88 100 111 90 84 122 72 111 103 74 108 92 -114 103 67 125 67 95 78 104 81 86 92 67 97 96 79 91 67 76 73 113 81 97 106 75 86 76 -122 80 83 74 72 127 85 84 77 100 127 80 -119 -120 83 46 100 115 112 84 75 90 73 50 83 83 127 90 85 110 67 115 118 115 114 96 115 104 76 92 95 91 112 90 87 114 118 90 -107 104 113 123 75 -110 98 77 89 109 99 106 106 91 94 117 -128 -125 -128 68 76 70 67 77 119 103 93 103 83 87 113 120 118 98 80 47 37 105 91 120 124 70 95 50 82 101 87 107 99 121 104 85 98 107 101 94 113 58 126 39 99 108 85 71 93 -128 100 108 93 112 90 85 85 94 120 109 62 63 89 94 113 82 -123 97 97 86 89 103 87 122 118 125 118 115 113 88 108 104 112 82 75 93 70 95 100 -113 89 32 110 82 105 27 101 105 91 44 86 84 62 73 -112 87 98 89 88 78 92 112 53 123 84 112 108 125 94 63 71 99 70 116 51 60 84 93 113 85 97 -128 117 71 60 62 70 105 112 -114 127 95 73 73 115 -115 38 71 91 76 -120 77 68
91 61 -99 -123 -126 -118 -83 -120 109 114 105 119 -127 -112 66 118 96 -102 -117 -88 117 111 112 97 -120 -117 -102 -109 -84 -112 -116 117 -113 -96 119 124 118 120 82 91 116 127 -115 116 -108 -116 88 114 -118 105 -118 127 114 -94 114 -97 116 -115 123 127 118 118 -128 -104 -119 -98 117 -111 -107 118 73 -108 -92 120 -100 127 119 120 -119 108 -109 127 -125 -81 123 -100 -110 91 100 -114 104 -126 -105 104 -117 118 122 123 -69 114 -125 115 -116 -115 127 118 110 118 105 119 117 116 -92 108 98 -112 -120 91 -125 109 -117 111 -122 113 -123 115 119 -128 95 92 125 126 115 114 -117 121 -95 73 127 99 86 81 127 -122 84 -116 82 -116 126 -110 -118 109 117 -110 125 105 -123 110 124 124 107 121 112 102 -106 114 103 118 -103 -81 -100 -119 -121 -128 -87 125 -121 -102 -106 -103 105 -111 108 113 94 -95 103 114 117 101 93 -99 106 -101 96 -128 115 -97 118 113 -115 -123 -123 -117 -123 -125 -99 122 89 -126 86 101 120 118 114 116 125 -109 -125 -111 -113 -108 117 101 -113 -126 125 107 -92 95 115 -119 -88 -107 -100 -127 -88 123 -127 111 96 -113 -119 -117 73 109 -96 -123 109 112 -127 -118 107 104 100 114
127 -108 -102 -109 97 102 -102 93 -102 -119 -114 -112 -109 -123 -116 -117 -103 -116 -115 -102 -126 -106 118 -102 -107 109 120 -79 -107 -118 -75 124 116 -122 102 -102 103 123 125 -104 -89 124 112 101 -95 110 -128 -105 -99 -80 107 126 85 123 99 -73 -84 -97 98 66 90 -120 114 -111 123 -114 -106 -119 108 127 -111 -91 -106 -115 -121 -88 -120 108 105 127 -118 -121 108 -94 126 110 -98 -108 97 121 -87 -111 -119 -126 -89 -99 114 115 -87 -126 113 -125 113 -126 -109 -121 112 -118 107 109 99 -86 -110 -111 74 -109 -128 -82 -118 -125 -127 -105 -125 -82 -117 120 118 -107 99 82 -126 96 121 -120 116 109 -102 85 119 103 -101 111 -78 119 99 -99 -92 100 110 108 -120 -105 -98 -92 -112 -120 -109 -119 117 -93 -82 99 115 125 112 -92 125 -96 -109 -98 99 -114 -116 -102 113 -78 -112 -82 -114 126 124 -112 -127 123 125 -110 -85 -126 -91 -109 113 -118 115 -118 119 127 92 104 83 -103 -127 -115 109 -115 123 -88 -95 -102 109 -99 -123 -110 -121 127 -80 127 -73 -106 -103 109 -84 -106 115 -125 -117 104 -91 -128 -126 -108 107 -113 100 -99 -120 -112 -95 112 -120 124 -118 115 -103 113 113 110 -109 106 -121 119 -103 -81 -95 -120 -113 -119
85 55 110 107 -120 79 99 -128 122 103 96 88 80 114 84 73 100 97 97 98 87 53 110 -124 120 88 87 112 120 92 52 94 -127 73 59 85 -119 113 107 91 61 79 101 73 115 -122 62 108 125 87 -120 109 115 96 125 115 107 98 88 80 127 108 123 99 69 -115 112 63 123 51 93 98 102 98 94 67 127 -124 96 114 118 -115 89 107 -119 90 100 89 83 -124 90 112 109 78 -127 73 72 125 105 101 110 116 114 107 114 110 -128 79 53 111 89 98 85 80 108 68 87 124 118 -127 105 52 99 103 85 89 103 -122 94 -107 110 112 106 89 107 116 115 119 66 56 101 72 107 81 97 85 111 -116 -90 78 97 102 80 62 86 107 127 108 77 76 98 118 -123 91 54 125 96 101 -118 122 67 43 103 104 52 116 104 113 127 -120 108 117 106 110 94 101 66 86 103 80 108 96 117 -123 82 71 92 108 102 81 -125 125 111 87 63 95 95 85 102 118 71 82 -116 126 68 103 115 81 123 74 121 124 79 63 84 84 97 121 96 120 -110 101 115 72 -115 123 94 79 68 70 112 109 104 -128 -127 106 90 111 91 118 93 98 91 95 101 80
65 64 86 77 96 94 120 93 91 87 58 93 86 -111 120 100 82 115 107 102 -128 89 106 103 76 76 60 106 72 -124 84 64 86 102 69 111 82 88 91 47 35 65 -123 83 112 78 65 92 -120 61 82 64 84 78 -119 112 90 -126 75 21 80 100 103 100 77 68 68 59 75 89 96 77 92 89 89 121 91 95 101 43 71 104 81 103 95 88 91 92 70 60 77 95 98 46 80 60 68 74 -104 89 118 98 98 93 87 109 76 63 76 -123 102 79 113 91 63 110 111 105 83 57 117 100 69 73 96 92 73 59 105 64 13 80 106 64 48 81 115 63 126 46 34 79 81 58 71 90 75 99 76 81 72 96 73 107 92 92 76 46 85 99 77 60 119 77 84 111 81 65 97 73 81 123 30 83 78 87 83 86 101 76 77 115 93 80 80 99 80 82 89 99 87 68 109 117 59 71 73 98 69 104 92 101 122 114 66 105 102 46 51 97 54 80 76 93 84 78 64 125 80 103 99 96 91 51 109 87 78 73 76 105 82 80 92 115 92 54 91 95 110 96 101 127 55 63 39 103 62 -121 81 98 55 108 -104 58 -120 85
72 80 -122 -113 91 111 124 90 120 100 77 110 93 96 70 93 103 89 94 89 85 90 81 101 -120 70 96 -117 78 91 90 91 82 95 92 99 95 -113 104 110 93 91 84 98 102 110 65 87 109 121 106 58 -89 111 66 -127 82 127 54 111 -113 96 68 104 104 76 61 108 68 91 86 -127 99 -127 115 119 111 62 94 68 120 112 38 104 116 98 93 125 77 117 93 -128 116 95 111 77 113 102 126 93 58 98 80 102 107 -124 -124 113 99 103 107 53 124 123 90 82 -113 126 106 106 -112 76 78 74 -125 97 92 84 80 75 123 102 122 77 78 -113 95 103 114 88 83 73 117 81 110 116 70 108 97 114 67 122 95 117 75 79 119 64 94 109 80 78 113 105 89 106 88 106 89 106 109 94 77 124 -117 84 88 75 98 89 90 105 114 79 12 75 112 96 91 95 93 102 101 108 112 89 64 75 84 85 -111 103 54 122 58 87 47 80 110 76 81 82 73 84 124 112 57 126 96 48 103 -125 100 103 117 96 96 91 94 90 92 86 -115 118 115 55 88 63 80 49 88 92 -122 82 -97 121 88 -127 98 70 96 112 103 50 92 89
94 102 93 106 66 94 -126 95 99 75 86 56 -127 103 113 86 113 83 105 117 119 -114 79 104 88 114 98 83 119 -121 125 117 103 70 119 107 62 109 82 77 86 113 77 93 89 104 116 110 124 102 106 96 113 -128 91 107 91 -127 109 75 104 81 124 -127 117 78 35 103 72 112 114 104 -123 -112 -108 43 96 106 72 92 118 -120 78 -97 89 93 99 106 104 115 94 108 87 115 118 90 110 111 -116 95 97 124 100 119 78 83 81 118 100 105 75 111 65 113 98 73 -111 119 123 66 126 126 118 107 -104 117 70 66 84 93 77 71 104 84 104 75 -120 90 96 85 111 108 120 78 106 94 105 -123 65 109 105 117 -113 -98 112 62 109 101 94 88 113 95 87 83 101 95 82 117 79 122 98 93 92 82 91 82 105 93 109 100 84 89 73 74 89 69 -120 99 82 83 -119 101 89 122 107 117 96 94 47 103 103 84 104 115 89 89 95 80 104 93 69 118 -112 78 98 54 106 126 96 48 -112 -126 67 115 105 109 93 104 104 -116 95 -102 122 103 97 57 74 88 80 118 105 121 80 91 99 69 104 110 112 99 -122 112 -112 92 81 75
93 84 114 -123 88 97 78 98 110 55 81 63 115 123 71 76 -125 68 77 101 96 75 88 90 127 119 83 84 86 82 96 116 101 57 98 111 74 -121 106 78 -112 72 98 98 90 101 94 -123 -127 107 78 -114 92 97 72 102 83 -121 121 101 -116 97 96 83 105 93 125 82 102 106 94 97 -121 88 66 114 90 120 88 109 68 125 80 116 110 78 103 114 104 101 65 86 113 102 125 87 92 99 88 91 52 100 123 120 84 83 102 -124 116 100 83 127 97 99 119 76 111 103 -126 -124 -115 118 109 95 115 114 112 95 74 99 106 79 121 94 96 79 83 70 98 51 88 100 77 84 94 101 77 100 53 113 71 -120 95 81 85 76 99 98 90 96 87 97 100 119 -109 76 112 80 104 103 122 123 104 53 95 107 80 100 96 119 -121 107 119 -119 42 92 88 71 114 92 59 96 88 59 85 69 74 95 71 118 93 97 59 88 106 103 121 -124 118 84 81 83 -117 103 90 123 -112 89 125 61 123 114 97 110 85 94 89 126 106 93 100 86 81 63 107 101 115 53 80 107 114 94 108 115 -124 95 101 71 108 69 -122 90 83 58 101 51
85 78 124 -92 116 113 -104 73 104 73 103 76 -125 -122 124 -128 -127 117 94 78 126 77 -111 93 -106 93 56 105 -124 111 109 109 93 105 -102 114 115 -104 104 -115 121 95 119 -122 100 111 76 112 -102 102 61 108 78 100 77 -123 77 -108 106 86 -128 107 101 112 70 97 87 -116 85 88 100 -118 107 116 -105 121 123 84 107 118 120 113 88 -113 -122 126 116 90 -106 -126 96 116 114 99 127 110 -83 -127 127 -101 112 90 99 -111 -112 88 118 125 101 109 96 89 -128 119 43 117 104 -120 -114 111 -109 122 -109 84 113 -125 72 88 118 84 -117 80 110 127 125 109 118 94 121 70 -120 100 119 109 -118 122 108 103 70 105 58 -128 119 92 103 110 -125 -113 110 101 -128 106 -120 110 107 -113 109 119 120 102 -113 -127 90 109 97 114 120 102 119 93 -126 119 109 83 123 122 120 78 124 105 111 95 124 -122 100 -118 70 118 52 101 90 101 -123 -128 63 113 115 -126 91 115 114 -127 -126 126 122 127 67 108 86 61 -128 111 88 98 122 100 127 92 112 99 65 69 77 115 102 58 111 93 90 75 97 85 88 103 116 -121 110 123 84 104 115 -104 117 67 85 -120
103 98 101 118 81 108 -125 71 -108 85 103 124 117 104 125 59 88 -125 89 96 -117 98 117 -118 101 119 123 123 -110 -128 112 88 112 126 127 127 -122 116 -120 82 112 124 -109 96 -125 -128 106 -118 -93 -116 -102 -99 99 -94 125 92 -111 -108 93 88 116 86 -117 -115 117 92 114 -113 -116 85 -103 -125 107 79 -125 98 109 -114 -125 106 114 87 94 127 -123 -125 124 100 125 125 108 -120 116 100 -123 74 106 -109 -96 103 101 100 93 -115 118 124 -116 91 -122 115 78 107 115 -95 120 115 -95 113 121 106 -100 110 100 102 76 105 112 117 123 107 121 96 100 121 125 84 -126 50 89 113 -123 -122 109 109 121 -127 120 98 -112 109 -128 112 -119 -124 110 93 -124 100 91 127 93 110 -117 71 -128 101 104 89 114 -125 91 118 -91 110 103 98 124 106 -107 -125 91 103 120 116 96 101 -114 98 126 86 83 115 102 120 83 113 91 114 95 120 -98 102 119 122 121 96 -113 106 -127 107 113 113 -96 -109 123 82 115 100 115 122 -107 117 105 101 98 98 108 -90 119 -123 91 104 120 -117 127 -123 -128 -110 106 78 78 -128 -123 -99 93 -125 -114 104 -126 97 118 96 -101 120 97 104
95 63 104 -111 110 69 96 100 94 90 83 107 110 94 69 88 100 74 122 99 75 88 96 -127 111 119 103 97 89 116 68 109 62 -105 85 103 98 116 99 -114 88 120 -125 90 125 110 106 -128 97 95 90 118 -120 100 91 122 101 -112 82 97 107 79 109 99 88 69 80 109 72 43 126 126 107 106 88 101 75 89 102 -127 122 89 114 -115 122 106 96 97 113 76 80 110 69 111 108 88 81 83 117 106 100 84 94 92 112 113 92 -127 106 119 81 84 102 91 86 63 -126 -126 -125 99 -96 93 101 97 100 96 -127 114 110 67 121 -121 -118 91 123 123 113 115 88 71 107 107 116 98 106 95 88 105 101 108 -126 99 96 -113 69 73 125 125 81 97 61 99 -128 76 108 93 84 95 122 115 113 85 111 73 100 95 105 84 113 96 113 123 98 101 47 97 87 90 91 -121 94 112 69 103 92 104 62 89 117 120 103 -121 69 110 87 118 -115 103 -121 89 103 114 124 79 -93 -115 114 96 95 63 112 -107 75 91 76 81 90 100 90 113 72 107 98 115 97 74 111 98 98 82 112 83 88 89 99 -111 -128 77 86 103 104 87 85 75 125 108
106 113 115 -109 125 100 121 107 -71 114 91 -116 117 -123 -110 89 -106 123 102 98 -127 117 101 105 121 115 120 107 104 -111 -126 -106 123 95 104 -121 107 123 113 112 -116 114 -124 104 116 -122 83 -124 -123 -127 104 122 -106 107 103 -108 94 105 -128 100 96 93 86 116 122 122 122 -126 99 58 -109 108 -118 114 -111 84 119 -124 109 -116 -114 93 81 -109 -104 96 64 -121 -110 -121 87 100 -128 -117 121 -119 -105 -107 -112 42 -105 -128 82 86 121 115 -106 106 110 87 71 123 100 83 -109 96 -85 -75 -99 -112 123 126 -97 -112 -122 103 125 116 96 118 97 102 103 127 92 125 113 98 90 117 -120 -109 -112 58 98 -126 126 116 111 78 114 120 114 110 -122 95 125 107 102 -87 118 85 119 120 71 -120 -128 -128 85 127 92 -123 103 103 107 -124 81 -119 -102 78 69 -95 107 104 116 113 124 94 104 91 103 -109 105 -104 117 93 90 103 82 -87 110 87 102 124 121 102 103 -102 89 85 109 -116 86 -119 84 56 113 114 -114 -125 -123 -126 82 111 120 106 -114 -124 86 103 99 -110 110 99 108 104 115 118 117 104 113 -93 -127 116 -103 125 -72 122 -112 111 125 -122 103 85 117 94
73 95 85 75 59 78 100 89 84 92 93 78 74 93 87 97 84 -125 86 126 100 89 81 96 93 95 66 120 102 111 117 99 93 99 81 64 112 117 98 77 -117 100 82 -119 102 82 -124 100 122 80 127 98 107 87 89 113 102 105 60 77 67 107 83 78 96 123 84 90 109 -122 79 112 110 83 104 101 87 -113 76 62 115 91 43 96 108 74 87 86 96 95 96 119 118 126 110 92 94 121 102 68 81 68 76 78 98 121 109 -109 76 113 105 93 99 83 72 81 92 95 117 -128 107 117 95 127 98 81 94 72 95 61 100 104 76 99 83 84 105 60 110 37 111 74 114 68 88 111 94 86 81 112 72 100 88 101 109 104 65 70 89 113 93 105 80 95 94 63 114 105 68 61 100 59 68 82 57 108 110 -124 105 73 87 90 93 99 57 76 123 106 109 101 77 96 106 104 98 86 44 95 72 93 88 98 91 108 71 87 -122 54 120 85 97 99 -123 101 82 -125 87 101 97 94 107 -124 -113 127 79 119 95 110 124 92 75 66 76 95 110 91 -128 88 82 107 79 88 81 60 83 97 86 108 87 101 82 125 -112 62 109 123
77 106 108 85 67 87 120 86 104 116 61 96 89 110 109 95 118 114 100 114 -128 124 105 94 92 111 73 81 92 -127 95 110 110 101 79 106 70 110 71 86 118 98 -103 100 -128 109 111 92 125 -125 89 93 84 107 89 102 -124 120 102 84 65 98 81 64 106 117 83 99 109 65 99 98 122 81 101 88 108 120 101 98 -121 68 66 118 56 108 117 -126 106 105 124 79 107 78 111 83 82 103 -123 88 107 111 106 95 117 80 98 78 88 85 107 67 93 100 91 88 122 122 88 88 102 98 107 124 88 74 111 94 74 109 80 64 81 87 102 73 83 90 101 85 79 92 127 87 103 116 86 87 82 66 118 123 104 104 -114 73 91 106 85 97 114 -127 78 74 97 -115 83 113 63 76 93 102 123 74 89 101 99 116 124 83 112 83 84 91 110 -116 -118 60 115 107 85 94 77 124 84 77 39 98 71 -118 104 81 43 114 89 95 112 80 64 101 56 74 116 115 99 85 106 115 90 99 117 89 67 72 108 -121 118 -124 123 78 91 126 113 99 117 69 124 64 85 91 126 110 118 113 63 74 -120 110 103 89 85 -105 -108 83 -125 90
105 87 93 121 117 118 95 95 127 116 123 123 77 87 70 79 65 -106 88 92 103 65 78 70 113 60 125 121 89 95 93 107 104 108 62 82 93 66 124 58 -120 -128 126 110 108 -117 90 123 -126 113 97 104 119 108 96 88 88 112 98 73 80 89 77 80 124 86 87 98 57 66 112 118 -123 105 108 103 121 109 103 77 -109 110 92 127 68 123 -116 71 86 -124 120 79 95 80 108 95 100 89 -106 96 125 97 100 -125 87 108 116 -127 104 109 98 126 -126 97 75 114 78 96 106 91 110 115 91 92 119 -126 80 107 79 112 -125 100 70 104 94 97 97 57 110 103 113 108 100 102 115 85 114 93 94 99 83 124 58 64 108 88 -124 83 94 -126 103 93 111 48 114 85 83 126 91 114 125 83 89 93 107 103 97 95 123 117 61 115 77 47 69 107 117 101 120 100 94 -104 93 100 88 124 85 -111 125 114 85 -101 97 -114 82 67 -109 99 87 93 71 95 93 78 -115 88 99 79 106 96 117 110 96 96 103 112 84 124 82 100 75 99 -126 93 103 101 -126 -120 109 74 94 109 68 99 83 -100 -120 125 75 107 90 -122 120 102 -125 -127
86 125 109 106 101 106 74 101 96 125 77 92 84 76 -118 115 103 88 43 79 103 50 64 78 98 94 67 99 69 121 86 108 98 62 102 103 67 126 117 106 111 113 111 113 90 89 107 111 110 119 106 73 121 100 -102 117 114 97 83 110 66 -126 112 104 70 127 85 106 90 67 85 110 62 86 69 108 112 60 57 -121 119 114 100 73 120 106 97 101 114 97 121 101 82 103 90 69 83 103 88 90 71 76 81 95 72 52 92 49 93 98 72 97 106 85 120 111 119 -109 92 -118 106 119 91 91 85 94 84 125 87 54 72 87 101 -123 117 87 88 71 119 99 98 89 122 75 101 108 84 77 75 83 127 107 87 78 -127 68 113 77 65 -128 94 96 77 24 61 114 97 87 105 74 70 59 64 -118 74 -121 94 97 57 59 70 -127 71 15 82 80 97 109 114 87 -124 69 74 122 103 85 56 88 60 64 73 110 95 123 79 -126 100 117 88 84 65 90 100 117 70 105 50 105 89 83 108 103 98 100 90 64 -111 93 73 106 85 71 110 98 114 96 92 77 76 60 119 98 92 98 76 90 92 84 123 68 68 125 105 102 114 69
98 -113 -95 -87 121 -94 -102 118 -80 125 111 122 114 -98 125 104 -124 -92 99 -98 -112 112 -112 93 -95 104 -109 111 115 -105 -114 -98 -87 100 -119 -85 114 -93 -119 109 -82 126 -120 105 -110 100 94 112 -121 124 84 119 -119 127 -120 -81 -118 -63 -103 -126 118 106 125 127 114 74 99 99 -119 108 -111 112 -104 -105 -82 126 -103 114 122 110 -109 -104 88 125 -113 106 -112 -74 -113 -126 115 100 -81 -115 124 -106 107 118 -99 -117 122 -111 116 124 -102 124 -113 -115 124 104 107 -121 -126 -118 119 -117 -107 -117 -101 -100 -95 -84 -125 -123 -111 -116 65 125 -105 -97 -119 94 -125 124 -87 -122 -64 116 -119 108 110 106 -84 112 100 -102 -109 -93 101 101 98 -74 -122 115 -127 110 -97 -126 112 116 -120 -80 123 123 -112 -43 -119 -84 -117 -95 -96 -102 107 124 92 -116 -100 -125 -79 -79 111 -71 -118 -117 102 123 98 -118 -106 -127 -74 -126 -93 -126 -127 -106 114 -123 58 127 -109 126 100 -96 87 70 -111 105 91 -126 108 127 -122 -105 -82 74 103 -105 117 -95 -106 -128 116 121 -127 -111 115 -119 124 -100 -114 122 116 109 119 126 107 -110 -94 119 94 -83 -119 -127 -116 -104 -110 -101 -90 98 124 -87 -64 -127 115 80
126 91 121 -126 85 -99 -111 112 -123 111 107 -119 109 -97 104 85 103 -112 -119 118 123 108 101 -127 -112 113 112 113 -126 -111 -100 96 121 77 83 106 93 120 88 117 -121 -127 111 122 -120 -117 126 -125 -124 115 103 -125 -103 100 119 -112 77 -114 -101 94 -114 -122 114 119 -123 76 98 120 94 123 97 -92 118 126 -121 124 -121 90 111 127 -96 117 122 -99 -110 -124 121 120 -122 -122 112 -124 -114 115 -116 80 114 -124 -120 -123 -96 113 127 -109 -119 -112 122 -111 102 104 100 88 -113 124 112 122 113 -108 92 107 -126 -110 98 -126 90 100 91 103 -124 109 116 100 97 86 -120 116 -117 97 -127 93 104 -127 103 -99 118 -103 -116 117 -110 97 119 -128 113 86 117 -123 111 121 118 115 94 -115 125 112 -110 94 76 111 117 91 102 120 114 119 -124 118 80 109 -127 99 100 98 101 -122 107 107 109 95 117 106 110 113 96 116 114 -114 94 121 101 109 -121 -123 108 115 86 124 93 112 101 -101 85 89 -119 110 -119 105 99 -126 -125 100 117 -127 104 96 67 69 127 113 118 -104 105 106 106 126 118 -124 127 102 -123 66 106 -112 -119 107 106 -128 125 108 105 -115 87 -109 111 62 -124 86
127 114 -100 -121 97 -115 113 108 -106 115 123 -126 107 -128 107 78 117 122 -100 91 -108 101 125 -126 123 -106 116 125 -115 -104 -111 122 -128 123 109 111 88 -84 -121 121 -118 -114 -128 -89 87 -105 -119 -99 -101 -124 124 98 127 125 124 -72 92 112 117 87 106 122 -116 95 -117 -114 -119 -122 113 122 97 -127 117 85 -121 106 120 112 -118 89 -91 118 99 -79 -120 96 -116 -124 -121 121 122 -123 -119 100 120 -111 110 -104 -108 -123 -113 97 116 -118 -86 107 -125 -119 83 119 -124 127 -102 -118 117 88 -123 -65 -103 -122 -101 125 -87 -109 -99 103 -123 -107 99 119 -117 107 118 114 108 -127 111 83 -110 71 -120 119 -111 -125 108 127 111 112 82 88 90 -85 114 -123 -124 121 -122 -101 115 115 -99 106 -118 123 -109 -128 122 -104 101 98 -112 91 118 116 84 98 -119 123 -101 -122 106 -119 -91 -106 -120 -124 -126 89 -120 124 -105 123 -121 -115 -96 121 107 121 72 106 109 -120 90 122 98 -114 -102 118 90 58 95 93 -112 -124 -97 -120 110 -99 -128 -127 -124 -112 121 123 -94 -126 -101 113 100 99 89 109 89 58 -118 -110 -107 118 -122 -126 -118 -97 110 -112 111 -88 -97 -107 -122 98 -116 -99 -121 108 -119 127
108 88 85 98 106 -125 120 108 117 93 96 110 96 -107 118 85 -127 98 114 77 -107 104 96 107 100 111 120 108 98 51 96 100 117 107 95 116 92 115 96 101 106 -115 111 101 101 -109 101 96 110 115 124 127 -110 115 100 120 75 114 76 70 101 80 83 114 88 95 127 97 94 92 117 -123 -118 85 -92 93 108 101 125 101 93 113 81 -118 -121 110 108 102 92 118 91 86 107 115 75 86 115 100 -109 -113 74 104 121 -113 87 105 111 94 117 104 -99 107 117 92 -124 92 121 123 -110 84 -117 114 -123 111 83 110 63 71 79 100 -118 79 -122 88 90 115 -112 73 103 82 120 -126 108 -117 91 89 87 116 113 98 76 91 63 106 104 105 -124 68 108 78 106 113 96 80 114 101 103 112 114 87 84 99 90 -119 109 127 -114 127 -113 94 84 94 115 93 63 89 100 84 94 112 124 -127 -122 -126 58 -127 105 86 98 96 106 -127 83 126 95 106 -116 -121 110 83 121 117 117 127 100 70 56 101 104 109 -126 74 108 102 116 110 89 100 105 -121 67 -108 -89 112 127 -126 113 55 -125 118 -121 104 96 -124 98 -121 119 97 102 92 110 -110 -126 112 97 125
67 111 118 90 83 71 92 94 -108 90 97 72 -122 107 105 59 -116 94 97 116 105 102 -123 103 108 54 122 -124 -120 93 85 117 95 86 56 99 61 89 111 115 80 90 69 86 116 86 64 83 -124 115 114 76 -124 -121 110 -99 126 113 100 87 105 84 111 82 92 87 88 103 74 79 101 106 120 111 -112 61 125 101 109 -106 -116 88 108 101 98 86 66 110 86 68 108 -122 81 123 71 106 104 116 99 100 115 97 98 -119 75 124 -119 102 102 71 84 72 86 79 88 102 106 79 103 102 102 106 116 95 108 94 94 81 -121 94 96 45 107 103 103 77 127 88 80 78 72 90 113 108 127 112 105 112 109 113 108 83 93 54 110 82 116 74 69 44 125 108 100 57 105 123 86 78 117 127 81 110 102 104 114 93 95 89 117 113 88 79 125 92 75 49 82 82 122 96 92 71 102 98 109 115 66 96 59 98 -121 104 -125 102 88 51 91 86 115 110 110 99 -115 83 121 69 107 114 110 65 89 111 103 81 83 73 83 121 105 -122 108 60 116 111 -119 86 53 87 -97 72 70 82 123 118 112 71 115 -99 104 -127 72 108 104 46 40 97
100 75 124 -89 116 104 -90 121 127 123 122 -101 123 102 -111 84 -122 91 89 112 119 126 102 118 77 108 -121 -125 127 94 -115 -98 -108 116 -120 122 116 119 102 94 -102 -106 -117 94 -109 -98 95 -119 -120 -112 -112 -124 114 108 103 -127 -119 116 82 100 110 119 91 -109 102 121 -127 103 109 99 113 -123 -89 -126 -116 102 -119 111 106 118 -126 -116 85 112 123 95 119 115 -120 -113 99 103 -122 94 100 98 80 -99 -97 111 113 -120 -109 100 115 107 -99 -127 -128 111 119 118 -115 -106 114 62 -123 -124 -86 105 -127 91 123 115 125 113 77 -113 -116 107 -119 100 -110 114 120 -105 124 125 85 114 119 115 -114 55 86 -128 92 118 -127 -108 114 122 85 -112 -117 95 -118 109 123 -126 115 -127 108 75 87 103 110 102 109 -122 -105 -113 92 105 93 -117 85 -102 -117 114 104 -76 123 88 68 106 110 87 -113 -123 -123 110 113 91 114 115 91 100 -126 -89 126 -120 111 -91 100 122 -109 -106 112 113 -128 108 -118 -118 119 76 -114 -128 88 107 -80 -96 112 119 100 -118 -119 -121 105 92 108 -99 110 120 -108 -122 -101 85 107 106 -116 -121 123 -119 112 111 -123 126 118 127 -123 -82 -110 113 -110 -102
90 91 -106 -111 -120 -119 115 -128 -97 -127 -124 -67 121 117 -113 -103 116 -112 112 -92 -110 114 112 -120 -107 -124 104 -116 108 -66 107 -120 119 122 -105 105 124 101 104 -114 125 -122 122 123 112 122 126 123 -83 -119 -114 -111 126 -121 121 124 -126 -106 -119 94 109 107 -91 123 -118 -71 -122 122 -66 108 -119 114 -107 113 -110 -122 -115 -116 96 -112 -95 -112 114 -119 -115 -115 -122 -94 100 -103 -121 -110 -120 126 -92 -125 124 113 -86 119 -105 103 -104 -114 -98 101 -105 -83 102 123 104 -104 124 -121 -111 93 122 -92 -96 116 -111 -106 124 -109 84 -121 -115 125 -121 -115 -128 120 108 107 -122 118 -112 112 117 103 -124 103 -114 114 -124 -109 112 -127 123 -125 97 -111 118 112 -128 60 -116 -117 -115 -122 -111 -98 -123 105 90 -123 105 -110 116 -106 95 -116 -118 -107 -122 -128 -114 -93 -80 -124 110 -111 124 -125 106 113 118 107 -112 -119 -111 117 -124 -99 120 109 88 -111 -125 119 -93 -107 85 -122 91 -127 -121 -118 107 -120 102 125 -95 -95 92 95 121 -96 121 113 127 103 90 117 110 -127 -125 121 121 -80 100 -115 102 112 -105 -122 111 112 96 -128 122 120 121 -117 -71 -119 106 -120 -106 -119 99 -74 -112 86 -117 -127
98 71 81 -127 95 110 111 70 121 94 119 69 118 -94 91 -119 93 -121 97 71 87 85 116 98 115 104 82 119 109 111 126 96 103 60 104 117 92 -128 81 72 100 64 85 -122 96 98 78 127 109 109 109 114 70 116 117 104 -128 114 107 106 68 -128 92 111 87 -126 104 123 84 32 122 -123 117 112 113 -98 93 -127 113 -106 119 107 121 -127 68 102 69 -128 92 -122 91 -121 103 -108 88 89 92 119 127 98 82 -121 -96 100 105 108 120 96 86 116 71 -125 -102 124 97 87 90 116 -116 -108 -115 92 121 107 68 61 118 78 115 95 93 62 -109 92 80 112 123 99 69 110 75 77 107 92 101 76 126 123 82 99 66 96 82 102 99 110 103 76 118 96 107 87 87 100 -124 -115 71 -105 97 121 78 105 78 99 85 -126 113 -114 -106 92 102 94 -105 98 87 -128 126 95 97 64 38 63 88 -115 105 77 87 127 116 106 111 118 103 -128 73 124 104 -114 96 64 112 -125 119 -109 120 106 -127 96 126 65 -75 64 99 -123 109 116 -110 103 67 119 66 101 98 91 112 101 110 116 109 75 -125 91 80 100 115 -127 114 98 -127 126 110 -117 118 103 97 86
72 -104 -93 -95 118 -100 109 -119 -77 -111 109 -114 108 -80 106 -120 -96 106 118 -100 -117 98 108 -87 -96 115 -112 -107 -104 -86 109 -119 -121 -122 -126 -87 87 -119 120 -99 124 111 -115 73 -109 -119 116 -105 -117 -120 -128 -113 116 -128 -122 -108 -117 118 -119 116 -98 -122 -125 -110 84 -106 -121 -106 119 106 122 -118 -118 -127 -110 -115 103 119 -108 109 -125 -108 81 -98 94 -122 -121 -128 -122 -118 120 -114 -98 -124 127 77 124 109 -97 -109 113 -117 -101 -108 124 -113 117 119 109 -108 -125 113 -125 114 -111 121 -120 -97 -92 -101 -89 121 -102 -122 111 122 92 -103 115 104 121 -121 -103 96 -126 -82 -100 106 98 -103 -118 123 -103 118 121 -114 -127 116 99 -109 122 -125 -111 -114 -118 -108 118 124 -124 90 126 -112 -120 103 -65 -115 -112 98 -108 -122 -115 -102 123 -84 -127 98 127 125 -94 -105 108 121 -121 119 106 -90 -126 -127 -109 -127 119 -102 -88 -92 119 109 124 115 75 -124 -99 121 -115 126 -112 114 -115 -90 -122 85 121 98 -108 -114 -83 108 108 -126 -117 74 120 126 80 126 -114 115 -104 93 104 -106 -112 -98 -68 -110 -119 116 -124 91 -117 -116 -116 -123 -94 -93 120 125 -101 -93 -111 94 -116 -99 -121 119 114 113
85 59 106 110 124 123 111 99 110 110 61 102 100 90 86 113 -93 115 106 105 111 106 95 98 104 92 -121 108 -116 -114 -115 108 -120 110 101 50 -127 112 80 107 106 98 106 85 123 81 90 96 -101 105 118 72 80 -105 73 91 115 -122 105 81 82 114 100 88 -113 99 71 108 68 103 118 104 125 124 114 112 105 104 101 106 -110 -126 116 101 122 127 123 -102 73 110 123 117 93 99 121 108 71 117 126 97 114 92 -124 103 108 114 116 79 94 113 -113 106 127 106 91 96 -119 93 101 96 114 118 62 112 53 113 85 101 61 119 92 77 -115 104 114 94 110 116 85 104 99 105 -120 93 91 -123 97 82 92 99 122 106 122 -102 -125 99 116 107 105 81 -121 101 125 97 82 84 -119 43 121 114 80 64 -121 -110 125 77 121 111 119 110 124 111 93 87 73 81 96 72 -125 97 -109 127 107 -120 110 101 37 122 52 83 -124 87 93 125 77 78 96 67 77 -123 73 125 125 63 120 71 97 122 112 120 84 121 85 101 91 81 -114 -127 98 87 99 126 113 91 111 -122 -123 66 -117 121 126 121 85 83 95 83 110 -82 96 96 111 -119 127 96 117 106
85 106 119 121 94 78 88 77 -91 126 68 99 -109 106 105 86 122 -117 114 107 101 90 88 -100 108 115 -90 118 -108 -119 127 110 101 -93 69 -118 118 -121 98 -114 96 99 110 73 -126 96 85 -114 -96 125 120 109 110 121 123 126 108 99 123 116 114 108 125 115 -115 -111 94 111 -126 90 -121 -111 119 106 -122 115 121 95 107 85 -120 110 90 -85 102 -121 86 122 -125 -125 119 81 102 108 -109 126 112 108 -113 90 127 111 104 81 117 -100 -126 87 84 102 75 117 -126 92 90 66 111 -113 -120 -127 -127 118 112 106 110 124 -125 126 116 114 111 100 108 86 97 -126 -117 102 102 92 99 110 119 72 120 106 -111 79 113 103 63 -112 122 100 122 -128 118 -109 85 100 92 123 75 120 95 -80 108 117 108 -119 110 -122 110 114 -128 -119 109 123 -119 -117 120 84 110 86 80 -105 104 113 -124 100 88 97 105 103 95 81 91 97 78 79 121 90 97 105 121 101 121 -111 89 103 102 107 -101 121 108 123 122 93 99 109 119 83 62 79 -122 126 118 111 126 -126 120 95 113 -127 88 106 -103 77 89 103 75 98 116 -113 114 106 -94 -127 -101 -111 109 89 113 101 70 94
111 -66 -128 -118 123 118 102 -125 124 113 117 -127 115 -115 -123 112 -119 114 70 119 119 107 104 113 102 -128 127 99 116 -127 119 116 -127 -103 124 -120 -125 -123 -100 126 -102 -126 -126 127 125 -119 89 -111 -105 -116 111 97 -115 -126 94 -105 103 -122 85 105 81 -103 104 90 113 117 121 -99 105 108 95 103 -108 114 -92 109 -123 114 125 109 -70 -128 101 -114 -128 -126 -120 111 -119 -117 101 -110 113 -119 -105 -120 -127 -126 -120 109 -110 107 104 -75 103 126 109 -109 -122 82 64 -103 120 111 110 123 86 -99 123 108 123 121 -108 111 108 -116 -104 120 98 93 -126 -126 -109 122 -122 107 114 99 113 106 80 104 126 123 -102 85 119 -107 -92 124 89 119 104 116 -116 98 122 123 86 126 112 90 113 74 -113 -111 82 -104 122 121 -125 106 -110 116 100 109 119 116 127 94 100 -117 105 93 89 -128 -116 124 -123 116 113 -95 85 -99 91 -106 -123 -71 93 125 127 -97 -97 122 113 82 -101 -119 77 97 125 123 125 114 -118 -110 -112 98 -128 93 -101 111 -99 117 -123 -102 -123 -121 68 -102 -115 -120 124 126 99 95 -113 125 -104 71 -117 -126 109 113 119 -111 -102 -106 -92 -92 107 122 -128 118 125 -128
62 51 127 125 108 105 79 114 -123 -113 85 84 80 -117 70 70 91 -114 100 64 78 104 88 -127 122 113 127 99 118 84 97 101 116 -125 66 99 68 108 93 -121 -122 118 89 105 109 83 -127 -122 113 105 74 100 101 106 104 -86 74 -121 105 96 80 116 97 126 85 93 76 -128 104 81 118 124 -119 119 74 101 127 86 85 96 120 104 63 106 84 95 118 -127 99 -122 89 96 104 107 122 92 94 92 -100 96 99 102 87 80 106 99 77 72 91 94 80 113 -108 83 80 102 -98 98 127 87 120 -118 -116 -116 108 69 88 98 62 -123 -98 119 116 99 106 103 121 84 76 118 70 -102 -124 103 81 -107 125 108 89 105 101 80 123 121 85 102 -124 103 85 92 99 -126 107 112 100 120 90 104 117 -119 68 111 53 91 118 124 112 85 -103 108 38 110 105 116 78 -94 89 66 102 53 102 97 84 89 104 79 87 -115 82 79 110 48 109 111 70 79 118 122 67 91 83 125 121 90 123 87 124 103 92 105 -122 114 87 101 112 -122 -128 109 94 106 122 107 104 -123 100 112 -115 104 109 116 103 115 111 83 89 123 -114 75 106 99 105 121 107 76 118 120
117 76 -100 123 -120 -112 93 104 -71 -100 -123 -118 -126 -111 104 104 -110 113 -123 -118 -122 -123 -102 114 -116 97 -127 -114 -100 -97 -123 122 109 -79 -114 -116 125 -118 -122 -103 100 126 -98 98 -128 -115 125 -105 -77 111 -117 126 121 -107 111 -92 -116 -92 122 102 -123 -115 -115 -119 -92 105 -98 -124 -87 114 -118 -94 -111 -120 -125 117 -110 -97 118 -96 -111 -101 121 -93 123 -82 -113 -104 -122 -109 -106 -96 -106 121 -88 110 108 -123 -110 126 -93 -116 96 -120 -122 -126 -123 -126 -118 126 98 -115 -114 -107 -112 -110 -120 -107 -123 -112 -123 -87 -108 -124 122 -80 125 -92 100 -106 -86 102 119 121 112 125 -81 87 117 -96 114 -124 -104 -121 -123 -108 -92 -120 -114 -122 101 -123 -95 -120 -113 121 -98 -124 75 -120 -91 93 -82 63 -112 -92 116 -126 -97 -109 124 -124 -63 -118 127 109 -123 -104 -106 -119 127 108 82 112 -118 -89 97 88 -105 112 115 -101 -118 -72 -110 116 114 -100 96 -126 -105 -113 96 108 123 -125 -110 -109 87 -120 116 106 -101 -95 -103 108 115 -128 -74 -120 125 110 112 -122 -105 -103 -124 -102 76 -83 -101 -115 -121 108 -104 -121 -125 -126 -112 -123 -113 -103 -81 -116 99 -106 -114 -100 -92 -128 118 -72 -96 -109 -124 113
80 117 -123 -110 103 -122 -116 97 -86 100 87 116 57 -128 126 100 121 -126 101 97 127 -128 85 115 118 61 114 121 -102 119 -113 92 110 107 93 99 101 102 -128 108 -114 -121 119 97 -80 -123 105 -128 125 -92 108 97 -110 -126 84 107 -114 -100 79 83 104 97 -119 -127 115 85 88 116 104 92 -75 -123 103 117 122 -106 -125 123 -121 114 116 105 74 115 109 -108 -126 -88 116 104 100 73 127 -85 -96 100 -122 101 -81 112 115 117 119 97 122 -119 -116 123 78 80 100 120 -110 -118 124 108 -104 113 -127 113 -90 -116 80 102 76 120 111 -110 86 108 69 112 -124 -115 102 -101 125 117 107 84 89 113 -97 108 90 -103 -123 85 102 -127 116 -99 116 -112 96 90 -118 88 79 122 -117 -104 -122 107 115 117 -112 -119 99 116 -113 124 96 -95 -115 -121 116 -95 -107 -119 101 -125 -103 88 87 116 -101 101 -110 108 -94 -127 -118 -109 91 98 97 93 98 -124 -122 92 80 -103 72 101 97 121 111 55 -120 103 108 120 -78 92 -126 -127 -120 97 123 -125 96 103 95 -108 -96 116 99 111 120 121 125 -102 -116 97 100 100 117 90 -89 118 120 101 -112 -121 -125 -69 108 114 127 121 -97 95 124 -91
-108 89 95 75 108 76 -108 107 86 115 124 41 127 113 -116 123 92 -114 119 97 105 77 86 89 102 -123 125 -128 94 -88 113 91 -119 127 92 -121 59 -90 111 53 120 109 93 111 -120 81 122 123 122 104 88 113 -125 106 -121 120 119 -88 -116 68 81 99 68 116 97 -107 97 -112 109 54 -127 122 102 -122 97 118 102 -118 70 93 -106 105 86 122 114 93 84 -115 -116 -116 -116 105 -114 61 97 117 89 86 -118 85 -123 106 100 121 124 -117 126 110 -119 116 85 -115 109 91 -119 122 103 -88 123 -127 92 119 118 -115 118 107 87 67 114 70 89 83 86 107 127 79 127 61 108 95 117 120 100 96 117 -125 87 104 125 122 62 -112 90 114 -120 112 104 104 113 123 54 106 104 98 115 -125 89 -120 103 -105 80 77 100 -106 71 127 108 124 -114 106 120 106 117 93 104 92 111 86 77 73 -124 110 -108 -122 77 99 77 121 -103 -127 87 98 95 91 65 99 123 123 70 113 60 105 107 120 86 108 123 88 121 117 -123 87 93 88 -114 99 -125 52 -124 113 123 -116 111 116 103 -125 -103 62 82 114 76 127 127 -117 107 -126 -116 92 108 99 -120 -122 113 -113 124 -115
107 -124 -113 -93 116 -98 -104 91 120 87 -124 -114 121 -91 -115 -127 -127 -117 101 123 -103 69 125 127 119 108 -115 -118 113 -101 108 -115 119 -123 -125 -114 109 126 123 82 -123 127 70 101 122 105 106 123 -117 103 -126 -111 95 97 -127 -115 -115 -73 -127 101 102 114 76 -121 124 102 108 120 116 100 127 126 114 -127 -113 -92 109 84 -119 -101 -102 126 99 -112 127 -125 121 -109 -121 -126 -107 -126 -121 -119 102 -111 -125 -123 -99 -124 57 96 -95 -108 -110 123 -125 -114 -127 126 99 127 -73 121 93 118 -119 -121 -88 125 113 -107 -106 -103 118 125 106 -128 -82 93 115 107 -92 101 -76 -98 109 47 111 104 -100 107 122 -126 119 120 113 -103 -106 115 93 112 -110 104 109 88 112 -113 -120 126 98 -126 113 114 126 -125 -126 -91 -115 -98 -112 -111 -122 -94 74 124 127 -90 -104 112 116 -112 97 125 110 -128 81 -112 -101 115 -108 -109 117 -116 77 -90 -127 -112 -115 -119 -128 110 107 -115 112 122 -105 -72 90 -125 -104 117 93 -125 -91 125 -94 -105 -128 125 -100 101 125 104 -117 -128 -108 105 -121 -114 127 -115 -124 -121 -109 109 125 106 -110 80 104 118 -113 -114 111 -111 -114 -125 -100 114 102 -93 -120 -118 116 113
95 89 68 106 -102 -112 -126 122 -101 121 93 -125 -115 -81 80 102 125 97 108 100 -125 -97 98 88 122 114 -123 100 124 -103 -121 -120 -87 112 94 -121 -102 -127 -122 98 125 108 -128 -117 -125 109 -128 -127 -75 115 -87 116 -119 -100 105 -112 120 99 -126 -118 91 90 -120 -128 122 117 97 110 -127 100 120 -106 -83 -117 -83 -108 -117 -110 121 123 -107 -102 -127 119 -108 -128 101 -91 125 -85 127 -115 -116 118 -115 118 127 118 -81 -105 -104 -113 -88 124 -109 125 -92 -96 -115 -125 -128 112 -122 100 -128 108 111 -111 -91 -105 -126 -119 -70 112 107 -117 113 104 115 119 -106 -120 -86 -118 123 118 -100 122 93 -105 121 108 -83 79 90 -121 122 -115 -112 100 92 -110 -106 -118 112 89 -111 88 -128 126 -107 -67 -90 -101 -112 -122 104 -114 -127 124 -106 127 -122 109 -103 110 119 -120 -99 125 116 -107 103 120 107 -121 125 106 -90 111 118 -87 -110 -111 93 84 -112 107 90 112 -118 114 91 -105 -103 -118 113 -126 108 -128 -114 -124 -99 -110 -123 -124 122 -93 123 123 -98 -114 127 101 126 108 114 124 -121 -120 -99 -116 -106 85 122 -115 117 60 -121 106 -123 -78 -123 122 -96 119 -112 -114 124 112 -115 -98 -120 112 98 -118
75 103 86 97 91 99 103 68 107 67 102 64 83 95 104 46 103 101 64 102 72 76 80 95 -112 89 63 103 58 124 50 81 87 101 99 108 75 91 91 57 87 95 114 55 109 88 80 122 120 88 112 98 98 96 95 89 113 109 89 91 104 74 45 111 76 91 107 -122 99 84 121 86 -127 85 78 110 86 125 101 98 107 99 46 106 53 -123 96 118 98 -118 81 70 77 87 91 117 104 69 122 59 77 76 111 -119 64 115 -128 51 110 81 76 110 -113 97 85 76 -118 90 -122 104 115 104 98 70 74 108 105 84 106 71 86 72 113 89 62 75 -105 49 96 -116 75 90 96 74 -100 97 65 101 94 77 60 97 79 109 98 97 91 51 81 -120 95 79 111 73 112 70 73 109 98 111 73 91 92 108 119 86 61 83 120 79 65 91 -120 92 32 108 115 86 104 100 75 95 79 119 61 108 86 97 88 71 123 95 80 58 85 93 -114 107 72 59 94 105 -126 90 -126 96 104 67 123 70 112 77 78 58 104 121 60 108 92 65 70 83 79 -108 97 89 74 90 73 65 90 71 102 69 103 102 -112 122 -128 -123 98 102 110 87 72 59
96 95 -114 -109 94 106 -125 122 -109 87 -105 100 98 84 -102 103 -99 70 -117 105 124 115 95 107 -102 73 109 -114 100 112 101 126 107 123 119 -113 103 -109 110 61 110 104 -117 83 121 -120 100 -124 -122 -110 -116 86 110 -126 82 107 115 121 121 115 117 115 94 -126 93 -118 110 122 59 100 -118 116 125 97 83 91 126 79 119 79 -121 -123 117 90 84 58 107 103 116 -126 -126 109 -119 82 -127 123 -122 88 -98 112 90 -118 -107 -116 -117 110 -128 106 89 106 -118 102 -128 115 121 112 -126 -110 -112 121 -123 79 118 122 94 124 102 114 112 108 125 96 -111 123 121 105 -126 27 114 116 117 114 101 -120 102 -107 -126 115 124 123 91 -123 108 100 90 119 -127 -111 105 -114 97 127 115 64 -110 113 -102 -126 116 -126 114 100 -126 113 -92 124 100 119 -115 86 89 109 126 122 89 -121 115 82 110 80 -113 114 -124 -111 112 68 105 83 117 67 109 98 85 114 97 83 96 -125 71 122 109 127 -108 -117 127 63 115 -128 100 100 -111 116 85 90 -128 82 -102 114 -127 -91 121 -123 -85 -128 125 -117 -115 95 92 106 97 -126 -108 -112 111 101 -106 125 -127 117 -122 -113 121 104 106 123
88 112 126 -109 126 87 121 79 -89 99 120 78 -117 125 -127 92 103 -126 88 118 114 102 106 83 -124 94 -126 88 -118 -123 119 106 -123 109 123 111 -122 103 120 110 -120 117 112 96 112 85 96 93 -107 -120 117 77 124 110 111 125 111 -81 87 84 117 -120 94 81 123 119 92 -106 -125 103 -110 99 118 94 -100 -111 -109 82 126 91 -122 -104 78 123 96 73 126 -121 76 74 -124 -91 -99 120 103 113 91 119 -97 -113 -112 117 88 119 125 -127 -103 122 90 81 -108 119 111 111 106 123 -98 113 124 -106 -121 -113 112 120 88 125 113 -100 -98 114 103 124 116 -123 124 -126 -108 86 -119 94 108 58 -72 116 108 -121 -120 120 112 113 112 -122 113 109 113 107 -99 104 70 -108 113 -105 65 101 91 100 126 122 -108 126 94 108 106 102 121 -111 -116 111 -110 108 110 -72 -109 -111 80 -125 108 99 -96 -125 110 121 -123 117 96 100 93 106 89 117 -120 87 76 -110 89 101 -121 -128 115 90 90 84 121 100 -125 109 97 -108 110 -124 101 -114 81 109 -126 -117 -111 73 121 -122 120 -122 121 -124 -96 111 99 -123 -119 -117 114 120 83 -106 116 97 114 -127 118 93 77 -103 -89 -123 92 98
-124 98 -121 -105 122 -103 -74 -112 -105 111 94 -121 111 -112 90 -122 -120 -111 107 101 92 89 -102 123 -109 -111 -95 119 96 -95 -119 94 -105 -101 103 104 -77 -121 -125 -117 -107 82 -126 90 -119 87 115 -115 -113 119 -90 -98 -119 -103 116 -107 106 -122 96 110 119 116 106 -122 114 105 112 -120 113 106 122 -108 -121 -117 -97 -123 -91 110 -121 115 -93 -94 112 -94 -103 -117 105 -115 -105 -51 43 -113 -106 107 -101 -102 -84 101 -108 -109 -123 -125 -109 -109 -128 109 -96 109 125 -110 -118 -124 77 91 109 123 113 -109 -111 -117 -117 95 110 -124 113 121 123 -114 110 67 125 -107 -101 105 -119 113 -65 113 -111 -117 -116 122 -109 103 -100 -112 102 -87 -119 94 70 -122 -103 122 -88 106 -108 -123 109 106 -87 -116 122 118 126 92 114 122 -126 -120 -120 125 -111 -120 124 97 -101 -112 -105 108 -116 127 -120 -114 83 -91 122 78 -127 -100 97 -111 -122 -119 117 88 109 -127 107 102 -75 121 -125 110 82 88 -122 -115 -120 124 -120 -107 -111 97 110 89 116 -101 -100 115 89 -111 98 125 117 -126 -111 118 116 -106 88 115 -104 -90 126 -126 -116 102 87 110 111 122 -101 -121 -120 119 -113 111 -103 113 -101 -110 -93 102 119 118
91 73 123 -102 98 98 118 103 -70 117 110 -118 124 -105 -121 99 126 -100 121 116 111 90 -96 117 -126 112 -115 -59 115 -116 91 -128 -109 -96 105 -109 105 -72 113 127 119 108 -126 -116 -105 113 100 -108 -90 -111 -104 117 -118 -124 -117 -62 -113 118 112 111 118 83 127 113 119 -120 116 -124 -127 101 -123 -98 126 -110 -126 -125 -128 -126 -123 101 123 -120 125 123 -105 -127 101 -116 -95 -120 123 123 -116 76 117 -117 -128 112 126 116 -92 91 121 120 -114 123 -76 126 103 120 115 -123 104 127 120 108 -117 -93 -95 111 -88 115 123 -94 98 104 120 -123 113 115 125 101 119 77 109 115 -78 87 118 116 80 114 106 86 79 118 124 -106 -120 -104 71 -100 -124 98 -120 98 -122 101 127 121 112 -125 -122 -127 105 -116 88 82 102 -107 -122 124 112 126 117 123 118 -124 -116 113 -127 -124 125 120 -125 -115 92 -121 -120 -126 -110 93 -109 -119 -128 61 84 114 68 -122 -116 107 116 119 -125 117 114 126 -121 97 -85 122 114 -103 -113 116 105 97 -110 127 -117 100 102 112 126 120 -113 106 123 125 -99 94 122 -126 -117 123 -113 79 98 94 -128 -112 119 -107 -122 -106 96 -90 122 114 -114 -96 121 122 97 -123
72 84 106 -127 108 100 118 69 -118 83 122 -125 127 -105 92 108 104 119 79 92 -89 64 112 110 111 83 107 93 98 -113 104 96 -104 91 125 108 93 110 75 105 124 92 94 98 90 122 -128 108 -123 120 121 63 63 111 105 88 112 123 95 66 93 111 100 95 84 70 88 114 94 72 107 119 94 118 107 -115 121 116 113 83 125 -126 85 123 91 117 -125 -123 89 96 112 90 91 67 95 97 80 -101 109 108 108 101 32 114 -117 76 -116 99 91 61 74 84 86 108 108 110 106 127 -122 115 124 -117 116 111 111 -104 38 106 113 100 72 63 43 42 116 -128 102 88 86 82 125 89 117 61 80 95 68 83 69 107 89 126 119 80 72 78 85 104 87 98 72 105 123 80 85 110 86 -126 72 -128 -127 99 94 91 96 100 90 112 125 84 93 100 -124 90 119 98 96 123 127 110 78 119 112 117 116 94 100 107 63 109 116 108 54 92 112 114 87 123 87 77 108 81 52 102 107 87 114 122 90 109 80 116 67 75 93 106 82 50 109 60 108 117 91 81 111 126 -112 106 104 87 110 102 99 112 -128 -120 106 105 95 50 123 -114 121 101 77 114
83 -125 92 119 71 117 122 119 84 88 53 111 106 94 89 72 119 -124 65 109 97 92 120 85 125 49 98 97 -127 93 119 113 -120 81 112 -111 121 102 112 95 -101 -119 96 96 93 39 104 101 -103 121 127 110 99 67 82 -107 110 -108 86 61 81 110 80 91 100 117 66 109 108 88 109 103 -111 55 122 116 125 93 -126 99 120 109 65 118 80 120 105 89 78 92 81 107 99 105 88 -128 72 -114 116 -128 104 55 96 102 102 122 114 67 -101 78 115 113 -109 95 97 106 -128 117 107 125 90 125 115 113 98 123 59 99 90 81 89 87 96 -112 101 88 97 72 78 67 -117 111 122 64 -109 -125 86 106 93 65 100 88 95 108 64 124 89 96 61 83 -111 -108 117 103 -110 98 100 101 127 71 84 72 79 87 -126 87 101 88 -127 118 90 -103 71 67 51 127 106 78 122 95 74 125 124 113 56 98 56 96 120 -125 111 102 97 117 112 71 122 102 65 102 106 66 123 72 122 87 86 92 101 119 116 125 113 91 78 99 98 -119 110 107 93 59 106 120 106 101 102 82 120 91 107 106 98 100 90 100 117 127 94 92 83 105 -88 96 86 109
67 67 93 89 59 48 72 98 79 48 71 117 78 80 83 37 82 125 82 112 74 53 51 101 104 82 95 95 102 101 65 100 84 65 85 69 78 113 71 98 96 102 63 77 -106 111 124 77 123 105 -126 124 66 82 76 72 94 123 125 60 94 82 88 101 111 68 79 86 87 105 72 -111 117 84 95 118 103 92 -123 -127 122 61 77 78 62 124 61 117 75 94 -121 81 61 114 88 66 69 -118 74 47 91 109 97 75 112 116 126 117 98 104 85 85 111 100 59 77 92 94 114 104 71 127 75 102 25 64 87 85 90 58 73 64 87 41 91 72 104 66 89 110 -120 99 98 51 124 106 73 79 120 57 81 78 100 119 68 71 67 88 62 94 66 72 95 95 73 92 65 80 90 90 84 86 84 75 89 105 100 96 100 90 84 57 98 -128 77 80 -120 63 108 84 52 102 71 94 42 100 35 104 98 101 -128 103 72 125 82 83 98 107 81 80 82 102 124 106 86 97 94 56 111 52 94 94 96 40 14 97 95 119 83 104 95 104 78 102 112 64 125 48 91 65 96 66 91 94 61 93 99 92 100 86 81 -122 115 70 93 53
104 -117 -118 -123 -123 115 95 102 -94 127 100 103 112 -76 -120 68 117 -88 109 -121 126 107 108 123 121 -112 119 124 98 -85 119 -105 119 113 -111 -113 110 -106 123 98 99 -98 102 105 -89 89 74 126 127 -117 -105 -114 -109 -109 -112 -79 120 -115 109 83 107 92 74 -106 -112 116 -121 -94 -120 93 124 124 -118 -115 -103 109 -120 96 117 107 -104 112 99 -103 -98 -121 -117 -121 -82 -128 -115 113 -100 104 125 121 115 100 -102 -109 85 119 -116 -127 121 -117 -104 124 -120 114 79 113 -125 103 99 110 -120 111 -87 -122 127 -104 -110 107 -111 96 -122 -127 126 124 114 89 123 -124 -122 96 -92 113 -106 121 -112 -127 -88 -124 113 84 -125 -98 -93 -123 95 -83 118 -125 111 100 -100 119 113 83 100 78 -109 -122 -118 -105 105 -121 95 -125 103 -93 95 127 124 -128 100 -112 -97 106 84 -120 -97 126 100 125 -126 116 -125 113 -117 100 -109 -103 65 125 -82 116 74 -106 -123 113 103 114 -89 95 -116 -76 105 117 126 -106 127 -114 -83 123 -107 -126 -102 100 -102 -122 74 122 -126 96 -111 -111 -94 -118 104 108 -110 113 -122 101 -121 112 -111 95 126 109 115 -97 127 -122 -107 -112 -100 121 106 -100 117 -117 114 -127
99 103 117 -118 127 100 -125 113 -114 91 118 -108 -121 -92 105 71 -113 -85 105 124 103 88 -95 105 -110 100 -124 124 119 -91 -109 -103 -122 90 117 -104 83 -119 104 -97 124 96 123 117 -112 125 79 103 -110 -86 -114 109 -124 -113 116 -127 109 -99 125 122 109 124 116 83 -114 123 103 -109 92 -108 103 121 116 122 -117 -100 109 -127 117 -113 -121 -128 124 124 109 -122 96 -92 124 -94 -101 -86 -95 114 -101 102 -102 110 -124 92 -118 -127 -122 118 -104 -94 -91 -114 121 124 127 99 96 -83 -121 82 -93 -92 -100 -87 -115 113 123 73 126 -116 108 -127 76 91 -128 99 117 112 113 120 -91 108 -126 97 -91 124 -82 75 114 122 -100 113 -104 85 118 -123 -98 126 121 107 105 120 110 120 -124 -106 120 -116 116 98 -128 108 106 97 -119 108 111 -124 124 118 80 -95 -97 119 123 124 108 116 81 98 -81 119 -95 82 -127 -106 125 -77 107 -111 86 95 69 -114 -99 -115 116 -105 124 118 111 83 125 -101 -112 -110 -115 125 -105 115 -106 -126 -115 99 -107 -111 91 -118 -114 111 124 -102 -118 103 116 99 124 97 -125 121 -109 91 110 119 126 -100 -116 122 104 -107 -110 -116 -116 119 -111 -78 -114 73 -122 81
107 118 115 -92 99 113 -126 73 -117 91 91 104 80 -93 -110 88 105 -84 127 108 -116 111 83 122 118 -105 125 93 123 -96 119 116 -124 101 -123 -124 117 125 86 -116 119 -119 110 116 -105 -124 -127 -124 124 -105 -98 -89 -122 -116 105 125 110 -108 116 90 93 117 -116 126 -117 114 118 124 -95 98 -91 122 116 118 -122 -118 93 -120 112 91 114 120 101 112 125 95 121 -67 -106 120 -114 83 -111 115 -111 72 118 -102 124 120 -126 78 103 97 -114 124 -104 -89 111 77 101 80 115 -121 103 123 112 -93 -113 -121 127 -105 -117 -80 104 78 114 124 100 125 112 86 90 80 -122 110 -114 106 -124 63 -100 110 -98 115 108 -128 -125 95 109 99 109 -116 -119 -117 -114 112 123 123 -121 106 109 -122 -113 108 90 -122 73 116 96 127 101 124 126 117 100 114 103 -120 -71 -109 -126 -102 -105 -117 106 121 -120 106 126 83 -117 -124 -123 -124 99 100 74 110 102 -114 -126 -110 76 119 100 77 -115 -81 114 73 86 96 127 -127 118 97 -110 108 -128 90 -115 118 81 120 85 -101 -124 126 -118 103 108 120 114 84 -126 121 -94 90 124 86 109 121 106 -121 -114 117 -92 -128 -87 85 -128 -110 -125 90 -123 92
87 61 93 123 113 88 94 84 91 97 -120 73 39 89 54 24 104 83 74 97 70 69 94 44 70 113 74 98 85 83 77 92 86 88 103 76 46 58 71 92 93 110 66 62 97 90 53 79 92 60 92 71 104 84 80 119 72 118 90 66 96 107 66 77 91 60 80 107 83 83 42 105 90 90 114 90 93 59 74 51 117 80 36 65 59 56 92 87 110 88 76 91 87 66 79 92 75 86 109 88 97 78 108 98 60 98 114 101 69 78 35 57 77 121 102 89 31 104 43 93 104 78 98 96 -121 75 97 97 89 55 53 77 61 56 86 49 99 60 98 74 99 94 65 75 76 100 83 93 47 99 35 -125 30 77 30 71 61 23 100 90 47 90 72 91 84 69 74 117 78 82 74 89 35 87 74 93 109 106 125 113 54 106 104 115 25 91 74 69 102 83 74 73 100 121 83 89 78 73 59 80 110 81 86 113 32 77 102 62 50 42 64 47 74 100 97 43 89 86 84 62 90 73 55 52 91 89 100 60 91 78 119 59 98 98 73 65 68 100 80 74 60 67 107 106 82 104 99 78 123 93 93 103 87 49 93 52
120 118 -125 -98 -106 102 -100 123 -102 -118 -102 119 117 -96 101 91 -112 -81 112 115 102 97 86 -117 -109 -121 114 113 72 -103 -127 75 120 119 113 -115 -128 -118 122 96 107 109 114 -118 115 100 96 -89 -112 119 -121 96 120 108 -101 -85 94 -90 116 95 95 -126 72 91 92 -120 116 -107 119 102 113 112 -91 -122 112 -119 74 77 102 113 -110 127 115 119 -128 109 -110 -102 -95 -89 -108 119 121 -128 87 -84 103 -122 -116 -97 125 -115 -105 -115 123 116 -88 -123 107 126 68 108 -113 117 -100 113 107 116 120 -126 94 -125 -127 -90 -109 118 -117 91 -119 112 -124 -111 124 92 79 99 -110 100 -116 -124 116 121 117 86 -111 115 -118 126 104 62 73 -89 89 -123 -119 90 -98 104 107 113 -122 90 -107 93 -99 -98 -121 122 109 -106 -126 -118 105 95 123 -125 -128 -112 126 114 104 114 -125 84 104 -123 -114 -122 115 118 -107 89 -122 -121 124 -125 121 -92 111 -95 -127 -120 104 110 94 99 -115 -99 108 118 115 -118 -95 -127 112 101 111 -128 -127 96 -122 111 74 -125 -125 107 -123 106 103 -107 117 112 -115 94 114 120 -97 96 113 84 109 -94 123 -76 -126 -105 -97 -110 -122 -103 107 -93 112 114 111 114
110 121 122 118 -106 85 -109 109 -111 92 -120 62 90 102 123 94 -107 111 118 112 123 116 99 -119 122 -126 -127 97 -122 114 118 -119 119 125 96 124 114 -119 123 -102 -119 -114 98 105 -115 98 115 126 85 -90 -119 125 -97 106 107 -122 82 -103 66 125 -111 111 111 -121 -127 79 120 -82 95 -117 -121 -117 103 120 119 102 -125 115 89 70 -125 101 84 116 119 -120 120 -119 -126 119 -115 112 119 118 -124 -107 -114 94 -93 111 104 -121 92 -116 -128 -120 -99 -125 101 95 111 108 -89 118 -99 -122 121 -121 113 -103 -116 116 100 -119 -125 109 124 -118 -114 84 82 108 95 112 120 -112 -122 -100 -124 87 -114 127 -118 -118 114 -121 110 112 104 106 76 -101 117 -108 -118 107 -89 -108 104 105 104 -118 104 -127 -103 96 -121 -108 117 121 41 94 97 -119 110 -120 111 -112 -124 116 93 -111 127 -122 91 123 -112 99 -113 127 119 116 111 -105 78 -116 93 -123 99 -106 -109 107 98 115 78 100 -113 -118 116 63 126 111 114 -111 104 105 -127 124 -88 88 124 -112 120 -112 115 117 -115 103 126 -124 112 -111 -95 121 -121 127 -126 121 111 103 -113 108 108 -122 127 121 127 -120 -118 114 117 -114 -127 105 112 111
-112 -125 -122 -97 106 105 -74 81 -71 108 -113 120 -123 -122 -76 42 126 -124 115 123 113 91 127 -117 -120 -107 -122 119 126 -82 83 118 111 122 -107 -127 -128 -128 114 114 -103 117 -116 82 120 82 92 106 118 106 101 119 104 -127 104 -114 100 -111 123 106 121 120 -125 102 -123 104 116 -98 102 125 113 -115 111 97 -103 113 105 81 90 -122 -92 -120 89 -108 112 112 122 -122 -93 -118 97 115 116 92 100 118 -93 -122 -118 125 -102 108 116 -105 -124 113 -116 -109 -113 92 101 114 112 -117 97 88 121 -91 -125 -128 -124 118 125 123 -118 -114 121 -106 -122 113 -112 92 67 -119 112 113 -95 101 117 52 -117 -108 125 93 117 118 111 107 81 105 70 -106 -105 111 118 109 105 107 104 -115 -125 -125 -122 -116 94 -126 103 -96 124 101 111 118 -103 118 121 92 -91 -128 -105 103 105 127 124 101 113 125 113 111 74 -114 117 124 -121 -119 99 105 67 97 104 127 -105 112 91 99 100 74 -110 126 -109 96 102 -121 110 -83 103 115 119 119 -123 113 120 -120 89 85 -125 114 -121 98 112 -125 -127 102 119 -106 110 94 119 121 101 82 83 110 121 93 -119 -93 -108 -99 -110 124 108 -75 -114 82 -123 100
97 78 -120 115 107 102 96 97 122 89 114 67 111 -113 107 -124 -116 124 115 -117 113 94 71 79 115 -119 106 112 102 113 120 -128 114 118 109 74 104 -112 -128 95 126 106 75 110 95 -128 125 -106 -125 109 83 94 92 116 79 121 88 -111 124 104 100 112 97 64 90 125 117 125 108 80 -119 107 94 -128 84 127 -117 108 110 82 86 101 86 113 122 100 -95 114 111 121 120 116 125 84 108 105 106 -111 127 -118 106 107 120 116 126 108 108 114 109 82 100 80 111 -111 121 114 122 100 89 119 122 -115 62 109 113 96 60 102 107 85 -126 111 122 107 95 114 118 -127 -120 100 -114 104 -126 83 97 104 125 93 90 74 69 -118 -128 -112 82 -125 95 89 124 118 125 114 -124 87 95 104 91 113 119 95 91 117 79 -114 76 85 111 118 109 -119 125 122 109 98 85 -126 87 88 -106 89 -119 101 108 118 110 -127 99 112 69 127 97 112 101 -124 114 97 106 103 89 103 71 77 118 106 118 91 -93 120 -116 72 97 114 64 123 -121 98 113 111 111 73 58 120 106 96 -88 78 119 -91 87 98 -128 103 50 78 92 106 -111 119 -114 114 99 127 -126 70 107 78
80 71 -109 126 -109 -104 117 -100 -101 118 115 -72 96 -127 71 83 121 125 -124 112 120 96 81 119 -128 121 127 -104 -125 -92 118 92 87 107 -121 75 106 71 119 -94 117 119 103 80 96 119 75 107 -101 124 113 89 88 122 101 -117 127 -113 100 108 99 -111 124 -112 -106 109 120 110 -118 109 94 -128 -90 116 124 -123 90 118 116 -105 116 -123 80 -118 80 99 -90 126 99 116 118 121 -119 123 118 102 91 96 -98 -121 95 -128 97 -124 -88 117 95 -111 123 -121 77 105 -110 104 104 105 116 118 120 -113 125 -117 -113 120 96 78 122 110 83 -110 -117 119 -96 94 108 -120 111 71 -120 121 116 119 100 110 104 -123 122 -117 105 122 -122 117 -110 -106 116 94 124 101 108 -126 107 122 -123 114 93 -123 100 116 115 114 -118 -117 116 -124 -113 92 -114 -110 -101 -122 121 -107 102 -118 103 -126 -118 103 -125 116 -128 125 105 -123 111 95 113 116 94 93 -120 -118 114 126 98 96 115 -125 113 -102 51 112 117 -122 126 81 127 -128 113 124 111 99 122 90 91 -85 -114 118 86 -104 -124 -108 122 116 -107 -125 -118 90 118 107 125 95 121 -95 76 124 -107 -123 122 92 108 -100 120 120 -115 -121
94 -114 121 122 -122 -98 -93 -125 126 -86 -95 -112 -107 109 114 108 -103 -104 125 118 -127 121 -100 -126 -108 -104 113 126 98 -94 -112 124 -94 -115 -105 -95 120 -124 -107 -104 -120 -107 -108 107 -92 -106 -100 -111 -91 -78 124 -96 -111 119 -113 -114 -128 -62 114 115 -78 -124 -73 125 121 120 -127 -100 -98 113 -128 -118 -105 -102 -73 -121 -104 -122 -122 121 -108 -100 77 -107 -119 -120 -127 -93 -103 -106 -123 -127 -114 -100 -117 -97 126 -123 -81 -105 -83 -122 118 -96 125 101 -88 126 -111 -111 112 -126 -117 -78 -86 -93 -90 -104 -116 -97 -102 -127 -107 -91 -125 114 115 -115 -91 118 116 121 -124 -107 -122 -114 -84 -125 -107 118 -104 122 -99 117 -124 -110 107 119 110 104 -108 -117 -128 -125 -90 122 -100 120 -118 -117 -120 117 110 113 -123 118 101 104 -127 -91 110 -124 -119 -125 120 -76 127 -101 -44 -102 126 -120 115 96 115 -97 -93 -101 -104 -126 119 -123 -100 -73 81 127 60 -127 77 106 -108 121 -93 -107 -117 119 -121 -124 103 -116 83 118 -116 -99 -127 108 -85 119 -116 -117 -102 118 85 114 -120 125 -108 -96 -103 97 117 -119 119 -119 -89 -111 -105 -117 -118 115 -118 -95 -50 -110 102 123 -110 114 126 -111 -120 -87 -87 -117 -119 107
-123 83 -128 -109 -96 105 -111 -117 -90 119 102 109 -99 -117 99 -105 -119 -107 -76 -127 -124 -124 -121 108 -112 -93 -121 -107 -102 -114 103 123 -93 -111 112 -125 109 106 -113 94 -117 -117 -101 125 -78 -113 -102 -85 -85 -85 -111 119 114 119 120 -109 125 -80 -118 121 -99 -102 -125 -128 -93 115 105 -90 125 -117 114 -95 -110 -93 -102 -112 -122 -121 -84 120 -94 -50 -124 126 -67 105 111 -76 -124 117 -118 109 -110 124 -121 -114 -106 -118 -121 125 -82 -86 125 -100 -113 -93 -77 -106 -121 -109 124 -75 -84 109 95 -126 -123 -102 -103 -124 -124 126 -105 -111 103 -116 124 -94 106 -126 103 -124 -114 -124 116 -102 -112 112 -109 120 99 107 124 104 127 -76 -106 -78 -117 125 83 -93 -112 -118 127 71 -75 -91 96 -121 -122 -101 118 86 126 -124 110 125 -125 -59 -91 113 -94 110 116 116 -101 -85 -106 92 -79 -114 -125 -125 -120 124 113 72 -93 125 116 -88 -110 -106 110 107 74 -98 82 113 -120 97 114 -120 116 120 -98 -120 -128 117 90 -118 -85 121 -121 -98 -90 115 125 113 -121 -116 110 126 105 96 -108 -85 -112 117 -96 -97 -88 -120 -81 -105 -88 124 -115 -74 -105 -95 -103 -127 116 124 -109 -105 102 -126 -86 -88 -104 126 -96 103
73 68 118 -120 87 95 -118 110 114 94 105 109 109 112 126 108 104 -106 42 91 125 86 114 124 122 -126 -107 108 90 88 83 98 89 112 108 123 33 104 100 82 -128 66 114 110 121 -117 75 -123 -120 116 127 100 63 88 89 104 110 125 87 71 114 -124 59 94 99 101 79 126 110 82 73 79 104 -115 100 93 94 -127 109 114 118 125 64 122 96 67 108 105 119 116 92 86 82 69 92 104 123 85 -75 110 90 124 96 -100 112 -125 -121 97 116 -113 87 111 -107 110 82 92 116 97 -98 103 -120 82 93 94 65 124 81 87 76 94 104 63 109 102 122 93 106 55 104 76 108 118 68 103 127 100 93 110 102 82 119 101 98 96 -112 112 103 84 96 85 82 102 109 53 127 59 65 89 104 122 83 95 123 72 113 88 82 104 -120 104 121 93 116 80 57 113 84 -125 100 112 66 -123 97 110 68 83 71 127 102 120 103 -117 -119 90 110 59 104 91 91 -123 121 97 -118 125 85 93 89 114 62 114 121 74 113 -110 100 104 96 85 71 -124 75 99 -113 122 -116 71 103 126 71 104 94 86 104 125 89 70 114 69 80 45 93 -116 101 108 90 101
-92 107 105 -124 110 -95 -120 117 -90 107 -105 -106 105 -106 -107 66 124 -93 -100 127 -105 -112 122 118 104 -111 -100 -109 -122 -67 -99 86 124 123 -124 94 -117 -99 -124 -112 -122 109 -87 -115 -114 111 111 112 -76 -99 -124 -92 118 102 -116 -113 120 -86 -87 84 110 125 -112 103 -114 -105 -94 -104 -120 120 101 -103 -100 114 -117 -110 117 -95 -111 124 113 -113 125 -93 120 100 -113 -114 107 108 126 111 -74 126 97 92 94 -125 -108 -94 -110 -123 -112 -101 -106 -102 -115 -95 116 -127 -103 -100 108 103 -69 98 101 -101 -91 -123 -114 -110 -82 -89 109 117 -120 -97 114 -123 -93 -119 -106 57 -117 123 -94 116 119 116 -95 106 -98 -87 121 111 111 95 101 -113 126 -116 119 -72 -118 -103 -111 -108 117 -119 -113 -93 -112 -102 106 -103 -111 107 114 125 105 117 -115 127 -118 110 -110 -115 -57 126 -105 -121 -108 -71 121 -109 98 127 -115 -109 103 -120 -90 -95 102 119 103 -126 123 -125 -113 -107 94 -118 -123 -118 -109 117 105 -123 -122 -120 -98 -111 127 -122 -125 -113 -110 -128 -81 125 99 -117 -110 122 119 93 113 -83 121 -101 -120 -119 -112 -86 -79 115 119 -128 120 -90 90 -54 92 -119 -70 114 -103 120 -118 -73 -115 -109 -117 105
77 111 106 -126 100 60 105 94 -118 116 126 96 -127 87 119 72 100 -125 -116 112 95 98 100 108 98 77 97 76 101 112 126 104 126 85 72 -114 106 101 118 109 100 100 -108 82 -125 116 116 125 -100 126 83 123 -125 -125 84 86 90 102 127 98 99 79 114 73 93 108 114 113 108 80 119 102 101 74 107 -125 -126 112 -123 91 109 108 121 106 99 -119 -126 113 117 110 97 107 77 84 113 102 -102 95 123 125 126 83 122 116 92 75 114 76 102 58 100 -106 116 -124 61 96 112 -106 96 103 -125 -125 113 86 95 -98 117 109 66 83 85 88 93 77 -128 104 -128 86 97 87 115 72 114 -115 110 107 102 112 103 82 78 125 89 111 79 89 -104 110 86 102 104 84 74 71 120 122 50 115 90 -113 95 113 110 118 -122 -128 92 -113 -126 110 86 95 93 97 115 122 58 99 -114 95 62 -121 87 109 37 102 57 106 49 107 89 74 67 107 95 77 115 126 74 112 72 111 100 -120 90 75 111 102 -114 73 -124 119 94 102 -123 101 -126 118 100 102 116 -118 -128 97 -126 96 101 103 96 78 98 -124 90 115 104 -116 -110 77 -123 120 119 -91 114 97 102 22
89 73 120 -119 94 106 92 74 91 88 90 123 95 108 112 -123 125 96 100 125 -125 97 103 121 121 55 70 97 89 100 83 -89 92 106 88 99 82 97 106 95 110 88 80 47 116 64 74 63 121 -124 108 113 112 97 86 122 77 120 -123 84 77 78 53 124 93 71 78 104 122 77 126 81 115 109 -124 121 82 104 120 98 109 116 110 -112 80 66 57 112 99 104 94 111 121 -121 104 93 55 91 -110 91 -124 92 -125 120 -120 106 68 86 -97 101 126 102 117 45 51 93 90 124 124 85 81 102 70 82 69 118 85 95 81 92 99 104 84 112 102 88 88 62 104 63 108 114 114 81 -121 123 116 122 104 41 22 91 98 73 95 90 82 105 114 113 101 67 120 76 96 -118 41 84 107 95 76 -118 75 60 126 93 95 95 -118 94 58 77 75 -118 73 102 99 66 99 64 98 -121 -120 114 56 77 84 114 54 105 103 80 120 73 46 64 99 67 50 127 60 87 110 90 124 60 55 -127 125 121 -125 126 75 86 105 74 101 102 82 101 91 115 78 115 113 71 63 91 95 118 84 114 102 76 110 121 106 -114 107 66 113 92 -111 87 109 83
76 100 107 98 90 -122 80 91 -124 100 113 108 116 123 86 63 -127 115 90 -121 107 86 -115 107 75 99 107 89 107 121 85 66 99 118 78 103 97 -110 104 114 100 80 103 92 116 83 85 112 -124 121 105 119 120 125 85 -111 79 -118 103 58 -100 114 115 91 117 109 98 108 98 96 88 107 94 101 111 106 88 117 110 107 92 70 95 106 92 108 126 94 88 72 113 107 127 122 112 84 102 85 122 -121 114 108 67 -114 109 98 99 116 76 76 75 67 94 83 119 75 87 90 105 116 -114 106 92 99 98 97 114 114 115 68 73 102 95 72 -113 105 96 104 -127 108 112 99 124 -119 109 124 59 103 -120 -113 -127 93 108 75 91 69 -119 94 51 72 77 116 107 58 96 92 101 112 90 110 66 96 118 -122 91 64 112 -115 104 89 76 98 59 71 91 111 109 120 97 116 60 78 119 121 81 100 90 124 112 115 116 98 93 57 118 59 96 127 50 88 83 82 91 113 100 -128 -113 101 104 117 113 109 90 68 107 104 68 116 96 93 80 109 92 92 -110 -115 102 101 113 50 -126 89 -119 120 86 -122 93 -119 89 62 104 -128 82 99 82 85
110 100 117 -122 95 88 110 81 -125 -125 97 116 -123 -111 -126 107 -124 99 78 106 105 77 -125 108 98 100 78 108 88 94 104 -112 120 109 76 96 44 96 101 95 126 96 87 73 115 119 96 -103 99 118 75 83 87 103 78 122 117 -106 67 96 117 85 77 110 106 85 125 44 68 78 127 111 72 118 84 113 88 54 113 -117 83 -109 75 91 126 99 80 -115 78 87 92 103 100 101 81 109 104 80 100 108 93 97 123 93 89 90 -118 120 101 54 84 104 106 80 83 -111 70 100 109 35 92 127 89 67 46 76 104 109 103 104 112 92 66 -122 97 103 97 70 121 79 -127 115 123 63 75 -124 62 64 86 69 93 110 86 71 101 117 120 96 77 114 76 68 -127 46 72 97 95 89 94 87 127 92 79 90 99 101 57 68 114 114 106 112 86 56 90 58 84 87 72 125 108 97 119 98 75 104 57 72 51 79 97 119 78 91 82 92 -127 109 74 99 107 108 86 50 74 96 122 -128 81 54 116 118 93 79 75 98 111 120 86 95 57 62 47 88 -116 123 127 82 -116 45 87 63 127 105 99 79 -111 120 111 94 96 113 78 86 124 120
59 57 66 63 40 75 31 45 98 69 69 39 89 88 75 70 55 46 94 82 81 59 65 15 73 27 61 38 56 -128 88 45 47 47 108 56 53 42 67 78 88 53 43 55 61 33 95 95 95 94 60 75 62 47 76 81 106 88 50 39 75 69 65 47 68 103 52 58 65 79 59 27 68 71 81 70 78 84 73 52 97 69 1 103 56 28 78 80 65 69 43 88 68 97 108 57 47 62 81 58 32 59 70 115 44 72 51 24 104 39 31 73 55 59 57 48 42 96 61 55 76 70 85 47 39 62 76 23 36 44 85 61 62 47 66 77 82 27 58 47 44 75 58 9 65 77 50 71 52 73 38 62 65 81 45 68 55 52 62 52 16 73 89 42 50 117 18 80 46 94 23 47 67 78 62 66 93 79 90 62 55 75 97 49 54 57 91 74 61 48 16 51 85 78 48 81 53 42 48 44 75 78 42 28 65 22 39 63 48 62 67 37 34 67 64 22 88 49 60 66 99 4 32 28 65 69 67 55 57 64 63 64 90 84 42 38 86 63 62 58 74 42 46 80 63 69 90 42 76 61 64 78 51 51 60 54
100 82 104 117 99 68 115 70 102 96 61 55 108 -123 106 125 86 103 81 102 119 105 106 98 95 116 86 108 62 97 63 -118 78 87 81 78 116 107 76 100 51 85 119 -122 113 124 86 92 -127 111 97 90 105 106 115 122 111 123 111 84 105 62 67 60 77 93 103 93 87 52 -123 116 97 111 62 -125 108 88 114 106 79 121 80 87 67 72 106 -125 87 107 119 71 89 102 94 75 114 106 117 104 106 84 98 88 90 76 -123 114 114 111 107 -120 116 89 102 115 104 121 106 84 122 -123 96 115 75 104 97 -128 108 90 74 111 96 83 54 98 124 98 -109 110 121 99 -128 49 123 76 72 91 95 68 54 -127 101 69 108 62 89 122 93 119 93 109 104 77 105 127 87 86 -95 91 101 100 74 76 97 121 95 105 -115 87 73 113 -119 78 66 -122 90 73 105 -124 82 87 99 103 103 76 76 116 91 112 108 -119 86 -128 100 117 -124 61 100 66 69 76 -117 111 100 98 92 106 102 82 -123 -116 95 94 -126 106 87 108 87 103 71 94 90 90 -103 79 86 93 66 95 101 94 87 114 89 99 80 -118 102 59 67 122 -106 74 126 85
109 48 105 -46 -63 -98 -80 103 -81 -105 -105 -105 -117 -79 99 100 -108 -66 122 123 -103 104 127 -81 -95 -128 -77 -115 -124 -100 -111 -107 -98 -112 -116 -92 -123 120 127 -105 112 -121 121 116 -97 -125 111 -114 -93 -79 -92 -123 -103 119 114 -111 124 -73 122 97 -121 -115 126 -114 -91 113 -113 -90 -89 87 117 -72 -95 -69 -109 -127 126 120 -78 -108 -99 -121 108 -121 -87 -87 -119 -72 -125 -84 -118 113 -94 -124 -97 127 -111 121 -117 124 -119 127 -127 -89 -63 -89 -97 -99 99 -124 -118 -91 -91 -127 -123 120 -112 -94 -73 -121 -101 -90 117 -100 -119 -123 117 108 -117 -66 -113 121 -99 121 -110 -102 -127 114 -124 116 -127 -115 126 -111 -122 -75 -124 -121 108 88 119 -67 -109 -103 -107 -106 -106 126 -102 -125 107 -81 -93 -66 -91 -100 123 -115 121 -118 -93 -103 110 124 -77 -120 108 -121 -48 -110 -86 -107 -126 -52 92 121 -115 115 -96 122 -127 -118 112 -97 119 90 124 -119 126 -92 -114 -128 114 -118 112 -117 85 -91 126 -113 110 -96 -73 -79 -70 108 -92 -116 -104 100 -97 -121 59 117 97 -120 -96 -124 -80 -121 -118 119 -127 -118 -111 118 -72 110 -108 -128 -123 119 -90 -105 -92 -98 -50 -117 -101 -125 -89 -75 -125 123 -94 -122
114 73 96 -117 117 113 117 106 -128 71 103 111 81 114 97 99 76 -105 122 118 117 82 51 -119 120 -125 -126 99 88 120 115 93 123 -123 72 104 81 98 104 122 105 82 112 -128 -127 111 95 90 -117 112 -112 92 71 121 87 121 127 -127 100 116 90 95 90 114 -108 102 102 -123 115 102 120 -113 110 -114 90 88 103 118 74 121 111 96 82 105 123 92 73 119 117 -118 117 95 78 83 126 113 -108 117 -106 66 110 96 122 112 119 -113 116 91 105 -91 -122 100 119 95 107 88 95 -125 -127 112 91 95 123 82 117 95 -127 68 60 110 120 43 91 -123 74 82 120 93 106 89 92 109 100 106 -127 88 -116 105 -122 91 123 96 98 91 123 61 106 114 96 93 -124 106 124 107 92 88 94 99 123 -116 94 117 -94 89 92 99 99 119 -128 121 79 111 76 83 62 100 87 94 125 51 106 121 -113 -103 103 73 112 109 82 127 71 107 121 104 74 96 -121 112 83 125 118 127 -116 85 127 -100 103 95 -123 120 -126 119 92 86 99 126 120 -112 106 -122 104 94 -111 69 114 93 97 88 118 60 90 -128 98 89 75 40 -119 87 104 117 103 -127 117 66 113 61
37 52 98 -112 69 97 -106 101 125 95 112 102 111 115 86 105 -104 64 104 125 -127 122 119 110 82 119 69 85 113 94 91 108 101 75 103 113 74 113 112 -103 85 90 82 110 103 -105 94 83 93 100 37 108 67 83 91 124 116 -123 -122 66 99 80 115 84 102 93 118 81 106 86 87 96 88 84 -124 124 38 96 91 125 115 -108 43 116 83 92 87 98 95 76 80 119 115 96 89 118 96 88 114 103 65 99 104 -120 72 118 105 126 78 126 89 96 119 98 91 114 80 90 88 97 113 103 106 120 56 115 107 116 80 116 -116 89 -128 113 121 102 -125 122 79 112 101 75 104 64 -111 -107 70 -127 95 122 72 46 93 -115 52 95 121 -110 119 68 72 98 95 93 118 101 97 122 105 107 111 109 -115 90 50 97 87 123 -102 -123 101 89 120 123 99 118 72 110 -114 114 74 -124 59 121 99 91 84 104 79 -105 -120 109 80 88 92 -128 -128 83 58 97 127 85 96 96 108 127 107 113 114 60 124 -117 -121 112 77 107 111 86 85 87 58 -113 62 77 114 105 75 72 -125 113 -122 98 -121 114 77 101 124 98 -128 114 106 117 122 67 112 45
-128 99 85 105 117 126 -111 108 -77 105 109 111 106 104 -111 97 124 -103 -121 73 108 94 125 -110 117 87 109 125 -107 94 -122 122 -124 94 51 107 106 126 121 114 -128 73 120 80 -95 -116 -126 -111 96 -95 -119 104 -98 121 85 -110 104 84 89 102 112 122 127 111 127 64 127 102 118 97 -105 120 -113 102 -117 126 -109 -124 -86 127 119 88 122 100 -118 99 92 -93 100 92 85 104 -123 -118 -111 86 -125 87 -126 91 -117 124 88 123 115 97 -122 -126 107 111 -88 109 -111 83 89 127 -113 -122 -125 100 118 117 122 112 48 92 121 -104 -119 105 98 121 80 125 106 -78 -85 113 106 104 106 107 -107 113 103 123 -112 99 -115 101 111 117 101 100 -117 117 126 82 65 104 127 -117 122 76 122 100 88 100 -125 112 109 88 124 -109 -125 115 112 -101 118 -127 112 100 -119 119 99 114 116 85 122 110 109 -93 88 110 100 124 54 99 115 108 -114 -120 -111 -109 80 109 -116 -116 105 98 121 110 -117 -106 118 105 104 -78 -110 120 -109 120 118 68 91 -118 -109 121 111 85 64 100 -108 -111 -106 -107 122 124 118 52 91 114 -119 110 122 115 -112 124 115 117 110 122 127 80 118 108
107 127 115 -80 90 87 -117 88 126 -124 107 97 96 80 -103 83 -112 122 -118 -115 -98 -118 95 81 108 -110 114 -117 -125 96 126 83 107 103 103 78 124 -120 81 110 -117 109 -96 89 -75 77 100 95 126 118 125 123 117 81 125 124 118 -90 107 105 87 111 105 109 102 119 93 -108 110 -125 -108 -128 124 106 -121 -124 100 126 116 -126 -127 113 107 122 121 97 112 -124 105 118 95 93 -111 125 118 -127 119 -123 114 126 102 99 106 114 -92 91 108 -123 91 75 80 -127 113 -128 -113 92 106 -126 -117 -118 -125 110 102 124 101 -116 111 -76 96 84 107 93 126 112 126 115 -105 121 102 46 120 90 121 -107 -127 -72 70 -120 70 116 111 -124 75 -99 124 115 125 120 97 -106 120 -125 121 98 102 -111 -127 -128 118 124 -117 83 -127 102 113 -117 -122 -124 126 117 94 125 -117 -127 104 121 116 106 -104 -101 121 123 102 120 95 101 50 112 98 -125 122 116 32 -113 104 114 115 -127 111 -111 -100 -114 -112 -118 110 106 107 122 108 -122 -112 -92 88 -117 111 85 119 101 -125 95 107 -126 101 -122 114 -115 -123 -126 120 -128 -82 126 125 -122 -114 100 122 105 -106 72 -123 -107 -102 119 -120 99
120 79 86 110 114 123 123 119 -128 86 -128 93 91 86 109 107 107 126 104 49 -114 126 95 121 98 108 94 76 91 -122 105 100 86 85 104 -117 107 105 86 102 120 94 57 79 98 86 78 81 -120 110 103 82 89 121 85 125 108 122 103 110 114 68 82 109 -123 92 58 74 68 102 -107 112 -117 89 125 85 86 112 94 112 -110 111 98 93 -113 72 106 100 95 80 67 116 103 105 78 124 -123 91 118 125 87 -128 -128 -106 -114 120 97 93 118 118 105 121 110 125 73 75 67 124 109 102 108 103 79 88 103 111 99 57 104 84 -125 86 122 67 88 115 124 109 115 100 -126 -112 112 91 114 79 123 99 -122 81 122 108 99 101 96 71 -125 96 82 83 120 111 93 102 85 115 119 90 97 105 74 52 96 118 109 126 95 126 -126 86 119 127 108 62 89 72 99 103 109 79 125 108 -120 -111 112 -120 88 -127 75 -128 85 -113 112 121 87 53 102 119 76 125 117 113 95 82 117 100 58 107 75 81 125 100 96 -121 84 69 100 26 76 -95 75 114 124 66 83 -109 118 75 117 68 96 121 91 126 106 80 -121 91 96 106 105 92 101 125 116 91
98 102 100 110 -65 102 -112 124 -123 -121 -116 127 112 -111 96 98 -112 124 71 124 119 105 125 120 106 101 -121 102 -113 89 81 104 83 -97 88 96 109 -89 114 111 104 97 98 61 -116 -119 72 -126 118 111 127 103 -109 -116 -125 104 -112 -126 98 -115 -119 118 116 116 104 90 123 112 127 81 114 -82 124 -119 116 112 110 96 -101 -128 85 -118 118 89 -124 112 109 -104 103 -115 -120 -126 -72 127 106 -124 -122 114 116 89 110 -128 106 113 119 126 -116 55 87 -125 -98 -121 -119 65 117 121 81 95 127 -112 127 -128 103 -116 73 -122 -97 101 103 121 -113 -117 -107 -118 84 91 -128 84 -119 -117 118 102 110 -128 67 -119 115 -118 -128 99 90 127 117 112 -114 -124 124 97 83 -121 124 121 -123 80 114 127 -124 111 98 123 -128 100 99 -121 125 -112 126 86 -105 92 76 106 98 120 74 117 99 96 121 98 125 87 -123 -98 87 89 85 -120 81 -102 88 112 -118 126 108 109 -122 -124 101 -122 -117 104 -91 -122 124 -110 112 106 124 -116 110 100 -103 -124 100 104 -120 110 122 96 100 110 107 116 123 -99 -119 -121 106 88 82 80 -98 -113 82 90 -108 -102 124 94 120 119 105 85 121 120
55 30 -124 123 82 84 -124 86 94 57 57 89 108 96 73 108 -128 106 92 88 107 67 74 48 89 68 82 75 90 70 100 108 71 93 119 54 78 82 65 90 78 70 105 114 94 96 83 81 125 90 97 110 93 -125 60 87 87 115 66 71 104 104 64 105 125 88 94 -116 82 93 100 105 114 89 84 99 117 -126 81 85 121 70 49 95 87 86 93 95 88 103 101 111 99 115 123 90 105 89 -121 66 73 98 114 -115 100 117 118 78 63 103 89 68 92 102 88 -127 -123 93 120 112 122 91 90 69 67 109 82 62 106 48 59 64 100 100 103 38 105 53 119 78 97 78 55 -122 92 112 87 82 102 108 115 92 97 102 94 70 121 89 65 53 101 95 96 51 -124 63 77 72 115 111 103 93 115 65 88 100 118 124 107 122 69 104 115 110 82 -124 126 48 93 99 62 -123 61 107 59 94 102 102 55 107 -111 88 108 102 67 63 109 86 55 124 75 73 -127 109 92 69 110 86 95 45 110 89 116 92 98 97 90 103 72 119 82 104 75 -124 93 71 80 88 72 75 94 75 107 -119 66 66 67 108 87 92 100 127 56 65 81 78
95 80 88 -107 122 71 91 88 95 115 -128 -100 125 122 91 59 97 123 51 95 61 47 93 95 77 85 -117 99 82 89 50 92 107 111 98 -123 71 105 122 73 110 87 95 94 101 99 75 93 112 118 75 54 71 73 86 107 92 -107 65 81 31 92 -127 83 106 80 107 90 114 98 93 106 86 87 107 106 92 89 86 -103 94 112 109 86 113 87 60 -112 77 97 57 109 70 99 48 111 109 121 108 80 120 102 121 70 106 91 -127 118 103 84 104 92 62 118 -121 91 111 111 127 68 83 112 93 52 116 88 87 67 91 80 -110 93 94 101 123 87 84 94 68 45 90 126 105 62 87 98 97 119 103 117 72 -112 71 122 99 56 109 103 66 91 65 121 86 70 82 95 94 102 64 112 117 49 101 58 74 101 119 88 104 99 111 120 80 73 50 109 74 86 79 88 94 -128 109 99 85 71 47 105 114 -126 71 75 78 127 80 82 106 99 103 91 119 98 94 109 94 99 -120 109 71 126 -120 78 113 110 107 106 117 96 82 85 83 124 119 65 104 75 107 106 90 78 118 110 105 85 87 122 126 113 100 95 104 -128 89 72 85 114
90 114 102 -105 104 88 -93 123 -125 106 113 80 123 106 96 76 100 -112 111 115 94 85 124 77 92 116 98 -124 -124 95 109 120 -112 -121 71 103 103 -106 96 -128 123 -124 110 92 -100 77 74 110 121 118 97 122 -127 125 103 -128 102 108 90 87 97 93 94 99 90 83 107 99 -122 72 92 -128 87 -116 -105 -128 -124 98 123 94 90 101 103 101 120 122 112 108 84 105 -125 124 116 117 -112 -116 108 95 -121 113 117 77 118 114 -106 118 -121 -120 108 108 118 -100 -119 75 97 98 -127 111 120 107 83 124 -120 -119 126 125 -114 111 102 113 66 -119 -128 -118 97 110 118 68 -118 107 -107 117 -127 125 124 101 114 127 110 94 77 -118 100 118 101 105 -110 98 121 -126 124 106 103 91 100 110 75 101 104 121 93 100 80 117 122 105 89 -120 -106 94 97 93 59 114 70 111 86 98 107 116 100 127 124 126 67 123 80 -90 80 123 116 93 -117 120 92 94 -109 93 97 -128 60 -121 -97 -125 111 119 107 110 -125 87 126 115 103 78 97 124 -104 80 114 86 61 124 -108 118 118 -121 122 -123 94 87 109 -124 88 124 119 115 107 104 -113 77 87 -122 -121 -116 112 127
99 122 111 -124 89 -115 116 -120 126 79 -123 121 117 -111 122 98 -96 122 100 116 -63 67 -127 100 -128 88 -120 111 93 109 100 110 -111 97 103 -122 120 -122 99 122 -102 83 102 80 -128 113 116 88 -108 -117 -105 -96 -95 -91 95 -115 114 -107 -98 90 -118 118 112 122 109 114 80 -128 121 51 124 -124 -105 118 -119 113 -108 119 -102 -125 102 -124 -121 109 101 75 -99 -105 94 -126 110 106 -115 116 107 102 96 112 -114 -116 105 99 -127 -125 -110 115 117 -117 80 122 104 96 113 120 104 63 -122 122 -123 -99 123 -121 97 127 110 119 118 -121 112 120 74 108 -102 124 -128 102 -111 89 -121 126 -123 88 115 114 103 123 66 -93 -88 109 127 104 123 79 -118 117 112 93 79 96 -125 -100 -127 -121 114 95 -111 89 -127 -122 90 105 122 98 115 90 101 -111 -125 -92 113 -125 -106 123 108 98 100 114 -105 113 122 -125 125 123 81 103 120 -117 123 -120 108 111 89 -127 101 58 118 106 73 -94 119 -106 -107 -125 -122 67 108 121 -120 116 -97 122 95 96 127 -125 112 122 94 -96 -122 107 98 123 -107 -123 112 116 -113 99 119 -103 126 -124 118 114 -114 -109 122 50 113 -95 122 106 118 114
120 69 116 -114 -105 103 127 62 -121 106 119 104 101 103 120 91 -125 -96 100 -112 -116 -109 112 121 -104 -118 -102 -128 121 118 94 109 105 -86 -102 101 120 110 96 113 -116 -124 -100 104 -125 -114 91 117 -117 -125 118 115 118 124 -108 -124 114 -92 125 -115 93 104 113 -109 -128 -116 87 -100 -99 114 -126 116 92 -75 -110 -124 91 -104 107 -117 -113 -123 127 -127 116 -126 -106 -97 123 -119 -111 78 -88 126 102 114 112 92 -124 -125 123 113 109 -105 102 117 -122 111 99 96 -127 -128 -94 -125 119 -101 -128 123 125 97 -90 -125 -128 92 108 -115 103 -94 104 110 108 88 120 103 109 125 121 -107 -125 -109 116 -123 103 116 -125 -117 102 -128 96 -125 127 125 122 -120 103 94 -78 113 104 102 115 -95 -117 71 68 107 80 -111 120 -102 -113 98 120 86 98 103 -122 -104 -78 126 -90 -99 87 -110 109 -118 100 87 -114 112 -123 120 -123 -127 102 113 110 114 104 89 101 -121 122 79 -112 -108 -121 109 108 -93 102 55 111 -128 122 92 -116 113 100 107 -100 -116 104 115 -117 -122 96 122 126 127 91 95 106 -119 121 99 104 -118 -117 99 -127 111 114 123 90 102 -121 -103 104 119 111 -107 -125 127 -97 104
68 108 -90 -109 -128 125 107 87 -115 125 98 84 -115 111 108 99 -99 92 122 117 -110 104 104 108 -127 92 104 -119 -115 -94 103 -105 81 -116 -115 97 124 -75 -113 -109 114 111 -108 90 -128 117 110 -126 -124 109 -93 -119 -99 -126 90 114 109 105 -126 111 104 108 -113 -123 -127 -115 -125 -89 122 79 120 113 -119 -101 -105 -127 107 83 -123 64 -112 -124 62 -77 109 115 122 102 110 117 124 -126 111 -114 -95 -106 96 -110 -96 118 -105 85 -124 -128 102 115 119 111 110 74 94 101 123 71 -102 -90 -97 -126 -103 -65 98 -111 121 -84 67 101 -104 -126 107 -128 107 -102 -104 101 117 116 -84 85 101 -98 116 -124 111 91 110 -125 115 108 -120 -119 118 119 81 -122 -118 -112 115 123 106 -103 103 106 113 89 -124 -104 120 107 112 120 -125 122 -92 -125 115 -128 103 -127 112 88 83 -128 116 101 54 -126 108 108 -127 123 90 117 107 122 75 104 -117 -123 99 88 118 109 -110 110 -90 126 -116 -95 73 107 -116 -104 -112 112 -103 64 104 120 -105 67 -108 108 83 107 99 112 -110 -94 81 107 -126 -122 -125 -128 109 85 125 120 -83 75 122 125 121 120 97 109 -126 -95 -127 -94 88 106 120 110 99 97
85 78 104 120 117 -112 120 69 -85 114 119 -113 123 99 110 115 119 -110 104 74 125 92 102 113 -124 -114 104 122 110 -88 103 84 127 -128 120 -120 111 120 110 -109 86 121 -90 -124 124 83 -102 93 -75 103 -117 -120 76 127 126 -116 -114 -80 75 84 76 115 -98 116 115 120 113 -122 -124 117 -128 -126 121 60 127 125 112 -128 102 -111 -110 -94 104 104 -118 100 -114 -92 117 -126 119 -110 107 103 112 109 105 108 118 -118 126 90 109 -112 -110 121 -103 -119 104 -127 103 -124 -86 -94 103 90 126 97 -101 117 115 123 -76 115 82 110 102 -109 -113 98 -128 118 -110 -109 105 110 -119 82 106 114 118 91 124 117 -118 104 111 -108 108 119 92 -110 122 -122 115 105 -100 -123 115 88 -125 -125 -123 108 102 -108 -123 123 111 -124 93 -114 -106 126 -115 111 -126 -120 -93 124 122 -124 -120 -118 101 -128 125 119 -107 -124 112 -128 102 -90 78 123 82 -128 114 111 -128 103 92 -96 109 96 -113 125 -125 -119 113 111 123 -99 -97 -107 119 100 -119 126 -127 -127 113 114 119 104 -122 108 123 -127 64 94 118 116 110 -112 -105 101 -122 106 -110 -126 98 106 120 116 -127 120 108 105 123 -104 -96 -89 -126 -123
115 127 102 -116 -118 104 -128 90 -103 109 -126 103 100 -99 -108 -128 -102 -100 -101 109 -106 117 96 -114 126 -85 -88 120 106 -92 106 111 -122 80 94 -112 105 -109 103 -113 -118 83 -108 111 -111 101 -116 -120 118 121 127 -114 -123 -115 -123 -128 -125 -96 118 121 114 -128 99 99 97 118 107 -99 105 101 -120 -111 -124 124 -121 -83 -123 101 123 111 124 -110 46 -117 -110 116 -128 -106 -123 -97 112 118 -104 -97 -107 107 87 -126 -124 108 90 -123 -121 117 -112 100 -109 -108 127 -120 106 115 -97 -61 -126 70 -111 -96 -117 -112 -97 -125 -106 104 97 108 117 -116 99 -118 -122 105 -116 115 -120 -94 -44 98 107 90 104 121 -121 -105 88 -104 -110 -107 125 -127 121 -90 121 -111 114 -116 -110 -115 -114 112 100 -111 -102 -113 127 -123 -97 -118 123 -104 119 89 -114 -93 -125 -128 122 -110 126 -126 102 -82 -78 117 108 123 106 127 -81 109 -87 116 -121 125 -115 -110 105 -105 119 124 -124 106 79 -120 90 -114 -102 -124 107 105 -123 -113 115 -120 -122 122 115 111 -112 115 -118 -121 101 94 -116 -124 -95 101 123 80 112 -91 -114 -121 -128 109 -123 -119 120 125 -125 -128 122 111 -93 -126 -125 118 102 -112 103 -71 108 59 99 86
60 61 94 56 99 69 64 97 96 85 85 93 117 -123 85 72 100 97 66 86 90 95 38 63 93 98 107 104 97 88 72 52 97 52 65 86 80 111 71 64 66 89 68 85 -116 115 -128 104 107 78 91 72 52 102 101 -121 76 106 -126 65 50 101 97 117 106 104 64 112 65 96 94 -126 74 99 47 97 81 83 105 108 94 117 109 90 -123 52 70 125 80 64 81 110 110 43 72 68 59 105 117 111 117 122 84 86 103 -122 93 119 108 93 48 91 124 110 105 63 83 106 87 109 61 117 88 74 98 57 78 92 72 66 90 94 108 101 76 102 87 92 84 75 61 88 104 66 78 83 104 88 57 77 54 95 94 100 54 100 108 102 80 102 87 100 123 118 88 127 58 91 126 -127 70 85 120 93 65 73 117 116 97 113 97 79 81 49 98 89 95 83 112 93 92 90 87 74 75 72 123 79 66 86 93 87 88 105 76 115 105 73 73 68 63 94 83 92 93 127 115 93 95 66 120 119 81 100 61 33 95 93 45 -121 116 114 97 52 68 96 61 87 100 57 107 107 110 102 75 115 120 94 62 96 84 105 70 69 84 88
114 -116 -128 127 115 -112 -104 114 -116 120 116 -112 -122 -100 105 69 -105 -111 79 98 117 115 88 -126 -105 -124 84 105 85 -112 110 120 119 98 121 -111 103 -101 -121 112 -128 -107 109 102 119 -118 -122 125 120 -104 117 120 123 -116 107 115 125 -109 120 121 86 -128 109 125 120 -115 117 -121 -123 99 107 126 -115 122 -105 122 55 -120 99 -68 118 113 111 -117 119 -124 91 -81 -125 -118 104 -103 78 -113 55 127 -96 -108 -106 -123 126 -124 -127 112 -113 122 -90 127 -100 118 71 112 121 -127 125 117 -115 -125 -109 127 -87 90 118 102 95 99 92 90 -119 110 -110 76 -126 110 91 92 -120 105 113 113 -127 119 125 105 120 118 87 107 117 119 126 100 97 119 -76 112 126 120 117 114 -123 -111 -117 103 119 113 115 123 76 -118 111 -125 108 90 108 85 124 124 -115 119 -115 -120 114 114 120 116 -123 96 117 -93 -123 114 -125 -127 117 115 81 108 79 107 -126 126 -110 92 106 95 -122 123 66 115 113 -90 -83 104 79 121 94 -118 124 76 -120 -127 116 101 96 -107 120 -127 101 -124 63 -110 111 -107 -114 125 -114 94 123 67 109 103 -120 127 -113 127 -98 -95 -118 127 126 -102 126 60 98 -108
84 67 124 109 114 -121 -114 83 -115 -118 87 96 112 120 126 -114 -113 99 95 90 -109 99 123 110 103 99 89 88 98 113 123 127 66 -110 104 87 73 116 75 -103 127 118 118 110 -111 107 113 103 120 103 116 85 87 120 69 106 124 120 99 96 93 -109 121 -114 106 92 126 -74 113 60 102 -120 -121 85 94 102 121 -128 102 121 -120 81 86 99 62 119 121 -81 -126 108 75 90 113 126 -125 -124 115 111 -100 93 -111 103 105 -128 -110 84 126 59 112 64 66 74 91 99 93 108 112 125 114 101 112 -124 105 94 62 -107 106 111 116 111 107 72 120 -112 94 118 121 73 115 78 107 122 100 101 121 120 121 107 87 115 86 108 97 98 75 -125 -108 117 81 104 99 121 97 86 103 -123 88 104 94 109 98 -125 91 97 122 -128 100 109 100 99 77 -119 127 74 114 118 120 87 122 112 100 92 61 -127 89 114 94 106 113 -115 97 108 119 127 105 116 99 -120 68 110 102 76 124 -128 94 59 114 -128 102 84 106 91 68 71 107 125 114 101 119 64 75 -113 94 -123 -111 86 -124 125 107 100 119 110 85 101 114 104 -119 111 116 119 113 126 102 38 -104 -114
88 53 95 93 52 90 66 100 101 75 78 89 64 71 105 41 92 86 61 86 66 97 78 93 94 49 90 98 69 107 51 83 110 73 86 106 51 122 127 73 95 81 104 107 105 101 76 103 117 72 86 93 95 42 63 104 85 93 124 87 95 91 111 53 102 85 82 53 101 76 94 80 85 107 59 46 93 118 86 117 113 80 64 74 72 87 61 102 76 97 84 83 75 61 55 87 78 46 125 72 58 112 81 76 78 83 106 77 87 74 80 95 79 79 90 71 99 88 68 82 100 38 93 78 59 122 67 82 88 56 90 62 96 60 76 63 90 94 70 72 46 54 84 75 96 83 65 112 112 61 88 65 114 81 72 64 88 88 -124 79 68 96 81 88 66 62 42 92 51 100 90 43 93 87 74 102 86 108 102 70 103 112 52 61 18 52 59 59 84 83 90 85 76 58 87 81 68 86 78 63 62 57 75 112 83 81 58 102 88 81 83 92 41 98 59 87 103 114 -124 50 84 75 103 67 75 85 100 73 83 108 111 111 -126 74 91 49 97 69 93 78 40 47 94 74 84 70 92 58 87 108 89 74 88 75 91 50
76 83 126 -77 -128 108 111 72 -127 -119 73 -114 -126 -115 121 101 122 91 119 -115 113 103 -116 91 89 117 -115 112 -96 -119 124 123 94 -95 120 94 -114 99 73 -114 -128 90 119 93 -104 -117 103 -108 -112 107 125 82 -124 125 -127 114 123 -122 117 95 124 99 124 120 122 94 -128 -101 112 68 111 -112 103 102 118 123 126 -118 -128 76 -88 105 68 119 -113 119 -93 -102 115 -102 120 -126 -98 97 101 87 91 -111 -114 -108 98 111 -124 -118 113 -81 -121 -105 -124 114 98 96 -91 -122 113 90 118 107 117 110 102 -110 -117 96 -112 -122 112 125 100 77 124 -108 -98 105 -124 -95 -121 93 101 126 -124 101 108 96 123 -123 -127 94 113 108 100 -125 96 -123 82 -122 97 -124 119 -123 115 109 -70 84 -113 -120 114 120 -106 112 -106 125 -113 119 -117 113 -111 -118 114 -116 120 124 -123 120 75 72 111 120 -78 86 -111 -111 -124 -91 78 -102 121 -116 83 -121 -110 -115 110 -116 118 105 112 108 105 117 -124 96 120 -117 -108 112 -127 -112 -124 90 -107 117 106 108 -125 108 -93 122 95 93 -114 120 115 -124 119 94 86 107 108 83 110 109 111 121 104 121 -121 -104 -119 82 113 -80 125 116 -126 -115
70 111 -126 124 99 -117 -117 -121 124 101 110 112 -120 125 113 43 -85 112 -126 94 109 86 110 119 -126 66 64 123 -127 93 105 -117 -110 87 112 126 73 -123 -126 99 126 110 80 -123 91 102 114 78 79 -110 121 101 123 97 94 127 97 -127 104 75 -110 -125 119 110 120 -124 112 125 115 70 111 -84 -110 115 -106 -127 122 -98 123 126 97 -123 93 -120 95 120 107 113 76 66 103 -94 -115 74 -118 108 118 114 -126 83 -116 116 84 86 -121 121 121 121 62 104 108 88 -97 103 113 105 108 -125 108 112 100 68 87 -123 101 83 96 -110 79 121 91 81 101 102 119 123 102 101 54 91 124 93 -126 92 -92 114 102 104 111 -120 103 84 111 -126 77 112 -123 91 121 123 -112 119 91 126 84 119 110 100 -117 -124 69 -123 100 106 116 102 80 88 -124 95 114 97 109 -114 79 -99 -116 103 108 93 63 112 118 -98 88 79 75 117 120 -119 -91 104 59 92 98 -117 102 124 70 90 109 104 119 105 92 98 107 95 -126 71 118 123 96 100 89 116 115 -126 89 -117 102 -120 107 100 -91 98 -125 112 126 106 110 100 -105 119 113 98 110 115 120 127 -126 -115 -124 85 120 72
109 113 101 -114 -124 82 -128 -120 -116 97 80 -81 -125 121 106 104 -119 123 97 113 -103 -122 115 125 114 110 119 -114 -124 119 -127 121 -114 118 115 -117 121 -99 80 -105 97 107 119 90 -110 -121 -123 111 -95 -119 -118 121 93 127 114 -109 111 -111 119 81 -114 -123 109 -115 -114 -112 -125 -103 -119 68 -127 -101 -105 108 -117 117 85 -125 -116 107 110 -124 103 -119 84 105 -119 -101 96 103 127 111 -124 117 100 -124 -123 -122 -105 79 -128 -115 109 105 -110 -111 -124 125 -122 125 49 118 107 -126 -98 95 -125 -125 -115 96 122 -116 113 98 107 -128 117 120 104 90 103 75 101 104 112 112 104 102 82 105 -106 114 122 92 110 124 105 127 81 125 78 -126 98 -117 81 -127 126 108 -127 122 86 82 -120 -123 -100 124 108 106 104 106 126 -122 -125 104 -124 -112 -116 -118 -125 -103 -123 125 114 -125 107 96 -115 111 -87 -115 114 124 98 123 107 78 80 109 118 -109 -108 96 105 -109 113 120 106 -118 100 108 127 -126 -110 -126 105 102 113 -128 -101 104 125 -109 -118 110 109 108 -125 116 -127 108 -126 -109 111 100 -122 110 107 -113 88 -119 -123 125 -126 -107 110 -115 -128 -118 109 106 -117 -77 -120 100 -109 120
97 119 -117 -101 95 -119 103 -120 -116 -112 90 126 120 121 -121 71 -95 109 118 -127 111 100 104 -118 108 112 119 120 -109 -113 101 94 -117 116 -125 105 -127 113 69 114 -115 99 -118 67 118 100 113 118 120 110 119 106 116 -126 100 93 93 -110 82 55 122 107 91 115 118 -125 110 113 113 116 124 102 98 119 -102 -124 -124 -107 121 100 -98 125 92 96 -86 106 127 -113 -112 81 117 -118 -102 87 120 74 -128 -120 -120 -128 116 109 74 -74 -104 -121 102 -106 -113 -112 116 88 -126 109 78 109 91 125 -116 -107 111 96 76 -128 -128 102 116 118 86 88 90 -111 -123 94 114 125 -112 125 120 70 94 104 -115 -113 -122 114 -117 -116 72 102 103 122 124 121 84 96 -112 92 99 -124 126 103 -106 108 109 -97 73 86 118 119 96 118 118 120 113 97 -125 -120 -113 78 104 -122 -123 124 75 98 97 123 122 123 113 95 -115 -126 76 108 90 119 65 -113 -121 112 111 112 110 92 115 113 116 113 57 120 -103 127 119 123 -127 110 101 105 110 -114 63 101 87 121 -123 99 97 -128 -88 -126 -125 116 117 107 119 124 104 127 122 86 102 122 -110 -113 114 -85 113 80 -127 -98 -126 93 -119 84
85 -127 125 -123 96 120 114 89 -117 123 126 116 89 -120 109 69 118 -127 95 -114 122 113 105 106 -125 99 92 127 -127 -122 127 108 91 122 111 118 106 89 -108 -110 106 119 92 79 -119 72 93 -124 122 102 -109 119 122 118 111 -114 124 -116 -122 84 61 92 86 96 93 -111 106 124 119 110 100 109 -98 110 102 -116 104 113 110 -125 127 103 123 95 91 87 120 -109 101 123 -121 -125 -116 116 121 122 112 92 111 -127 85 102 93 -116 -128 -125 114 -117 -111 96 93 -96 70 94 127 112 81 124 88 123 85 110 -98 114 89 125 -118 95 89 79 124 108 111 -113 100 120 127 -121 97 102 -116 120 -106 119 117 -123 113 -109 112 127 123 -114 -117 -116 102 107 -118 127 127 101 -124 -127 -128 102 -116 -118 113 93 -125 122 116 93 117 100 -128 -118 108 -122 -100 -124 90 86 114 121 60 119 122 85 -125 106 115 113 116 -74 60 107 85 124 99 107 -109 -115 108 127 108 102 -115 111 99 119 102 107 -127 118 -108 88 -82 111 -98 109 -104 -127 124 102 -118 74 105 92 117 122 94 88 -128 118 118 116 91 125 113 82 103 105 -113 -126 90 118 116 109 -106 94 125 -109 -117 -122 -123 97
-110 93 -100 -68 -106 -101 -91 100 -89 125 -127 -114 123 106 -113 116 121 -99 127 119 -114 118 115 -102 -124 -125 -120 -102 -111 -68 -97 -83 -102 -119 -95 126 107 -117 -117 -113 -108 -109 -109 -113 -107 -99 120 -111 -105 -82 102 -124 -104 -109 -107 -113 117 -82 -85 121 -97 -90 -114 119 -74 -128 -116 -97 92 -123 -106 -86 -100 -109 -101 -120 102 -108 92 -107 -88 -76 -128 -100 -118 115 -103 -101 -109 -122 -88 -102 -68 -112 -121 -123 122 127 -103 -102 -113 -89 -111 -61 -100 -87 -110 -85 -98 -116 121 -72 -60 122 -107 -123 127 -105 125 -103 -118 -125 124 113 126 -125 92 -61 122 -112 -124 117 -114 -101 -95 -110 -122 106 113 109 -119 103 -71 -57 -95 -93 -121 124 -127 -126 123 -98 114 -100 -111 -96 -95 -86 -91 113 117 115 -83 112 -115 -114 114 -117 -102 -110 -128 -118 105 -109 -113 113 -118 -81 -72 -123 -120 -125 -125 94 91 -85 -110 -111 124 -103 127 -86 116 -79 -107 -96 -127 -78 -106 111 -89 -91 118 -112 108 -109 -111 -90 -119 -94 107 -123 -104 -77 123 -87 -121 112 -72 95 -93 -110 123 -124 -90 -121 -95 -101 -103 -103 -126 -90 125 115 -72 -111 -111 -82 -110 -110 -107 -98 -118 -86 118 -106 -92 -104 -83 116 120 -44 -119 114 -104 125
79 -126 -125 -113 -110 -117 123 116 112 -101 -125 -103 110 108 110 83 -115 -125 101 -95 106 -128 -128 92 115 109 -123 117 -115 98 109 95 116 86 111 -127 124 108 122 -119 122 101 101 75 -116 -128 -124 -116 113 -127 114 124 126 111 93 124 109 -117 96 98 -116 127 106 104 120 118 125 -128 86 126 -119 121 -120 125 123 -89 113 -123 -127 107 124 -109 86 120 96 104 118 -112 110 -109 101 116 -117 118 99 113 121 119 -125 126 93 127 98 -127 -127 -115 -125 -117 -127 104 83 -103 -121 102 -102 98 -124 127 -110 -93 -118 -113 116 119 -119 -113 117 -117 -120 105 -101 110 -112 72 118 -74 -79 121 -111 116 -116 87 -117 114 125 113 -128 -117 101 123 79 -114 117 -87 111 120 119 123 -115 126 107 120 -126 75 114 -106 106 -120 116 -105 124 109 101 -98 111 -110 114 -109 -88 116 101 -117 111 119 90 109 113 -126 -97 98 -124 -116 -101 125 88 110 70 112 80 110 -111 -116 117 -119 100 96 121 -97 123 109 76 125 122 120 -109 96 123 116 106 111 -127 -127 85 111 94 103 -116 114 72 107 -116 -110 121 93 -110 104 91 -127 127 88 121 123 -125 -118 126 -115 -119 -81 -114 125 -123 -84 -114 123 -127 58
110 116 101 116 -123 -113 35 84 -109 -128 97 107 -118 102 112 54 -128 107 113 -121 124 49 92 -123 114 -127 -128 118 119 105 84 100 110 111 66 122 113 120 -109 102 90 95 98 92 105 -128 108 110 -104 -90 -118 -114 -119 -119 -118 -108 84 -104 -118 98 115 92 -99 106 -95 98 114 -128 -98 109 -124 -97 -111 109 107 116 106 115 123 89 -121 99 124 126 110 -114 111 118 102 -96 113 108 78 -126 -92 109 80 109 -95 103 126 126 126 89 114 103 116 -117 91 117 94 112 115 90 105 80 107 112 -125 105 -125 -119 104 106 110 117 96 125 84 113 90 81 -110 90 -85 117 -99 86 107 114 70 121 122 124 62 114 108 86 104 119 -110 -124 122 123 102 97 105 -111 122 105 -127 -113 111 -117 102 86 121 122 -117 -127 89 -102 81 -123 -125 105 116 -120 -98 -113 -117 -115 -109 -127 88 66 83 73 -120 98 106 100 114 101 102 80 -126 -127 48 95 -110 124 108 -83 92 117 -105 110 116 105 -118 108 93 115 -123 117 109 -122 -110 96 -116 92 69 103 113 108 -99 -106 122 -81 -121 112 100 -85 -117 -115 127 77 116 118 87 104 -106 -107 -128 114 124 -103 -106 -113 113 107 125 97 124 85
112 98 119 -127 110 113 -120 123 -118 125 109 97 101 125 94 74 -106 115 126 99 67 58 84 112 118 105 124 116 100 100 -127 107 89 125 75 91 100 -123 119 86 97 -120 98 123 110 -124 76 120 117 111 103 70 104 102 76 104 101 127 114 81 104 -112 113 -125 95 103 -109 127 89 77 111 123 99 98 82 92 76 81 106 -123 -125 122 93 121 122 75 118 75 107 -116 97 105 -121 96 112 124 125 104 116 99 -117 -117 104 104 -101 -107 81 -102 100 110 69 80 -122 114 109 87 -127 111 112 113 77 82 63 100 97 89 101 98 66 109 86 101 -109 -123 83 59 -110 90 110 97 -106 119 105 92 -120 -117 103 113 103 74 89 77 116 119 107 -117 93 117 98 107 106 95 -125 -123 87 108 99 112 103 110 90 95 -119 -118 106 80 106 105 123 84 -107 92 -128 107 54 91 104 80 95 -111 -127 117 91 124 104 99 82 88 99 93 110 -125 102 110 97 77 120 101 100 87 106 -121 -94 92 89 121 -116 110 110 89 93 -108 108 111 83 -122 96 -120 80 71 94 115 106 124 108 -125 -94 82 96 91 115 65 109 100 108 93 -127 -121 113 117 103 119 91 37 91 108
90 105 -114 -103 -120 -88 -62 123 -124 -99 97 119 -102 -111 111 100 124 113 -128 117 -117 95 -114 -122 -92 85 121 -126 117 -113 107 116 119 -115 103 124 -114 119 126 100 98 -107 113 70 121 123 74 123 -102 124 -97 123 97 -111 120 123 108 -94 120 121 -127 118 87 116 117 115 127 -82 112 103 113 121 -94 -121 -125 -113 115 124 101 115 -114 -86 116 -111 104 122 108 126 -114 -94 95 126 126 -106 -115 -82 -122 120 -89 124 -119 126 -86 -83 -116 119 -126 127 108 -101 -122 103 -99 113 120 112 -91 -119 -108 -109 126 -118 127 -121 76 122 83 100 -128 -115 -127 113 -84 119 -110 -125 -86 66 116 113 125 121 -119 113 109 -126 109 -102 112 125 -127 124 94 -119 -119 122 92 115 -124 -103 125 -109 87 105 -122 119 91 93 -117 119 116 -111 -115 119 -123 -123 118 127 -89 75 106 -110 -125 121 66 -108 112 -124 90 -128 102 -117 -123 -62 97 109 76 -124 118 -126 126 -109 83 -124 112 66 124 -121 109 -117 -113 111 -106 123 -117 100 122 -113 114 115 -100 117 112 121 85 -110 117 -119 107 109 -107 125 -81 -110 -125 79 111 77 110 95 105 -103 -120 125 111 -123 -118 -115 -96 116 126 -92 103 -120 -123 -122
74 79 89 -121 86 -122 100 89 108 88 61 90 83 -121 93 98 108 104 75 116 113 77 118 112 113 49 79 100 94 122 90 112 80 89 111 83 100 110 97 122 70 67 80 82 95 39 52 109 104 107 93 54 90 82 112 124 74 -114 115 59 88 108 81 103 124 85 42 121 62 76 117 78 92 95 82 73 88 99 89 104 101 109 87 120 97 92 109 120 93 96 76 121 -120 -109 101 96 78 100 -120 106 102 110 94 105 92 -126 60 103 82 74 76 94 93 114 64 63 121 96 108 58 118 74 57 69 127 91 75 -125 92 -126 87 85 76 119 68 86 107 109 69 22 118 106 -123 69 69 117 -117 111 93 83 71 115 118 111 71 113 103 88 78 30 85 68 113 115 109 114 76 88 -121 -122 62 70 87 63 55 55 -118 81 -120 112 115 120 121 57 40 63 65 86 92 119 109 122 99 83 97 124 64 89 65 115 127 98 88 123 90 107 79 82 88 117 84 56 102 61 127 73 76 -122 -127 92 101 121 75 103 122 73 90 91 99 59 54 89 86 112 123 56 99 -119 107 112 80 90 65 92 93 -123 104 127 109 72 105 106 120 35 106 112
74 102 114 -125 -127 -80 -98 120 -122 85 92 -117 122 -101 124 120 -119 -114 111 119 -99 -116 -118 -120 115 115 95 119 -94 -119 -116 -125 117 -89 117 121 -126 -124 116 103 104 81 -127 85 -101 105 116 -89 -87 -115 124 -128 119 -119 110 -85 118 -81 91 92 126 75 99 126 -124 117 125 -124 113 103 -119 -124 -104 121 -103 -86 -121 -122 112 -119 127 116 79 -81 -102 -103 117 111 101 119 -104 -107 -94 -126 -120 119 115 112 -91 -119 97 123 115 -92 106 -124 -88 -126 115 -113 -120 -114 -102 120 116 -112 -105 123 -98 -102 121 -111 124 -121 104 -123 99 -126 -108 70 100 114 -102 102 114 -123 -97 112 -106 -125 -126 100 -106 124 -105 -109 -114 97 -109 104 99 123 113 -115 122 121 94 89 124 -124 98 74 -100 117 97 103 94 -118 96 109 113 -83 -106 105 101 109 108 125 -99 98 87 110 109 94 78 -100 126 -122 111 -97 107 -93 -111 -100 108 115 -122 -124 -119 113 -119 103 -125 -126 -128 124 -116 93 97 -113 -112 121 -108 99 -108 -123 -124 115 -107 -122 118 97 -100 119 -90 -85 120 114 98 95 93 -120 109 -126 -92 116 92 122 -108 107 119 107 120 111 107 -116 -120 -105 -103 91 116 -101 -102 117 -121 -98
124 123 99 -113 69 85 127 91 -102 99 -117 82 95 106 -115 67 -114 -87 112 114 -124 88 124 122 -99 107 119 -88 104 -127 110 -111 -128 111 120 116 114 111 -122 103 126 122 -106 117 -115 -117 -122 -121 -108 102 101 113 -101 119 -123 -126 112 -115 -126 99 125 111 105 114 -106 121 -127 113 105 114 -108 119 -119 109 -122 -120 -120 77 -106 -111 -87 -127 115 107 118 -116 -102 -116 109 -114 -115 -127 -94 113 113 78 110 126 117 -123 115 84 109 125 -128 117 -127 -96 -103 124 120 -101 127 118 86 122 -119 -118 -128 102 -116 102 -116 -125 83 -107 -116 -122 -125 103 127 -126 96 105 96 105 -80 107 116 60 -123 -124 81 116 -123 113 -128 120 -119 101 118 -117 -105 -128 112 122 -88 120 81 123 104 106 109 99 101 120 112 -115 95 119 106 83 115 -122 98 -125 -128 -124 -103 90 119 92 103 102 115 83 109 112 -125 -119 -125 -125 127 120 112 -120 76 -124 104 125 123 127 95 -107 119 -109 121 106 125 125 95 120 -96 -118 114 -105 116 -123 -120 87 -115 -115 90 102 -116 125 125 115 113 109 -94 -104 125 -110 -112 -113 -99 125 124 -115 118 121 110 108 99 -101 113 -118 -119 125 102 -110 -106 114 -106 127
66 95 97 -123 64 103 102 110 84 90 52 84 97 119 36 32 -125 108 66 99 94 94 80 91 103 91 94 77 92 90 81 117 94 123 -115 124 81 -120 97 84 80 -115 -120 84 81 103 39 101 107 98 127 110 125 103 113 93 49 121 -116 79 92 75 81 120 74 92 96 117 99 70 88 110 -114 115 92 83 74 92 99 96 -111 93 79 -122 123 114 107 100 -128 80 96 77 83 102 54 108 81 59 107 110 82 -125 -127 86 106 109 88 -109 123 109 66 73 95 89 104 90 106 118 -113 92 126 118 -107 90 107 105 81 70 74 118 94 79 104 84 83 77 120 43 75 74 106 102 74 59 93 107 117 114 110 110 94 88 63 103 71 62 -112 73 95 64 68 59 108 82 99 94 68 64 97 99 -123 93 90 53 81 124 108 88 104 75 77 119 58 77 59 63 81 90 114 73 120 114 82 -121 59 68 70 75 57 103 102 98 90 68 -126 124 109 122 66 74 87 64 118 92 79 61 83 71 100 88 104 72 86 96 65 102 79 110 75 95 86 119 126 113 117 77 117 66 72 87 88 83 90 117 95 111 112 98 88 87 112 100 66 96 75 90
80 101 -123 -125 88 -106 78 88 -118 -120 83 109 101 126 84 -127 117 93 95 101 117 70 91 127 87 120 110 127 75 112 119 -124 123 -106 92 89 84 108 -123 -121 81 -112 101 66 84 58 62 118 -126 76 112 -122 -106 -117 111 79 106 86 91 122 66 74 109 122 70 117 100 -109 126 79 93 118 -113 119 118 119 100 110 74 119 110 120 72 -128 89 81 77 108 -117 78 84 89 110 96 114 107 98 101 -116 -120 -114 107 93 116 116 112 -109 83 -113 -125 106 125 109 91 -122 75 77 -125 119 105 -118 84 110 59 70 75 103 84 119 69 111 71 -108 -109 119 93 120 77 67 124 82 111 88 115 116 106 82 -113 123 84 83 100 77 61 106 93 95 120 118 69 84 101 116 107 108 -105 98 120 86 -99 98 124 127 123 99 124 111 101 -126 103 76 86 93 93 115 116 99 105 111 49 71 96 89 105 46 124 -120 77 43 95 120 117 110 107 96 87 -94 -93 113 99 108 120 -101 81 114 127 109 82 -128 70 123 101 91 86 100 103 83 -118 93 105 95 118 -117 -125 87 -110 76 83 111 56 78 118 116 100 -112 105 107 101 -106 99 125 115 104 -127 98 114
81 99 105 111 113 78 101 108 125 64 86 -101 101 -114 56 106 121 119 73 74 123 65 120 99 121 79 93 121 101 125 119 101 64 85 72 98 93 -100 91 -115 74 49 96 71 89 67 62 82 -107 106 116 69 101 -111 91 98 107 96 105 93 63 93 103 82 68 77 89 71 71 85 116 -125 112 101 87 110 82 89 71 78 82 116 97 -119 84 107 84 113 93 124 109 117 98 -123 72 124 104 101 127 122 101 102 124 96 99 82 122 78 81 68 60 59 88 74 105 96 84 95 -123 119 -105 113 109 87 41 105 90 76 121 89 80 113 100 55 87 92 104 114 74 80 119 103 119 49 108 82 93 95 88 101 85 107 91 63 81 80 54 110 74 92 75 120 111 64 104 -116 -122 106 109 89 115 101 71 81 108 80 -112 68 113 113 118 86 95 69 64 105 -111 119 109 103 79 76 93 -119 86 99 117 94 80 86 -117 -128 97 107 94 116 91 114 72 -122 127 105 90 119 107 31 91 97 76 97 -126 94 125 102 120 80 109 96 79 113 75 94 108 94 88 79 82 99 78 63 93 97 107 -119 77 -109 115 107 103 95 81 88 96 80 101 111
46 27 68 60 87 73 66 73 109 77 101 78 81 72 112 57 92 82 74 92 102 57 77 100 63 69 42 68 71 64 45 59 41 96 82 107 39 98 55 79 28 74 96 57 100 76 72 66 85 112 67 97 74 70 57 51 50 96 92 86 82 98 78 86 100 45 60 102 60 46 77 76 71 92 37 39 52 78 88 79 42 80 72 71 24 86 79 89 55 66 98 90 78 89 123 64 57 81 113 38 124 96 102 105 57 88 66 42 70 88 88 65 57 71 67 61 87 75 99 67 84 99 68 66 77 77 73 113 108 89 54 86 90 33 80 60 76 93 82 43 77 68 92 63 78 50 33 47 57 36 52 82 70 73 112 66 65 59 36 57 52 94 59 69 59 65 32 53 46 111 44 65 85 72 76 30 54 50 62 82 81 72 70 44 64 96 105 59 87 72 46 96 14 78 52 48 35 87 49 119 73 116 63 85 70 69 111 67 50 44 69 70 92 84 79 98 112 73 86 43 91 73 56 58 70 99 59 102 71 87 81 66 83 62 93 57 87 64 85 54 74 105 74 102 27 55 86 86 107 82 78 125 78 42 121 39
81 93 102 114 101 100 91 99 111 90 60 127 118 113 82 103 85 114 100 -121 71 97 108 99 120 -127 102 -124 123 105 108 122 83 107 109 92 96 97 97 79 93 107 102 80 116 106 83 121 -128 83 77 99 108 115 108 120 96 -126 78 108 110 81 105 106 117 99 104 94 93 101 108 96 -117 126 -95 117 91 85 95 103 110 99 107 116 111 112 127 -118 100 -124 117 98 115 78 84 105 125 78 -127 111 106 -107 123 -108 112 93 -126 123 105 116 103 120 115 100 69 101 82 106 -98 37 -118 95 114 74 108 120 85 67 113 112 121 105 125 108 111 123 112 -126 70 87 67 67 106 -121 79 88 103 -111 118 89 93 125 -124 86 90 63 108 -121 100 66 118 101 -122 112 -125 92 90 110 99 -124 -95 117 83 97 95 89 99 106 124 88 94 -103 86 102 73 108 127 91 97 122 121 110 83 114 56 118 115 102 103 97 113 106 114 114 88 115 -107 111 121 122 85 87 90 91 107 103 -125 120 94 70 118 124 96 122 112 -120 88 119 -122 106 78 114 122 107 -128 124 125 104 115 88 106 104 94 75 92 117 97 103 -114 110 115 124 -116 100 -90 120
98 102 -127 -116 -127 125 -120 75 -116 -110 120 102 -114 -107 -127 122 -105 -126 -118 -83 -114 111 122 108 87 102 105 119 -127 -119 -105 -105 108 95 122 86 82 -128 -120 113 -125 70 104 110 -120 92 89 123 -99 -112 -122 -124 -118 122 -103 -119 125 -127 115 97 116 83 92 76 -122 -114 93 113 -128 117 94 -121 -118 -75 -115 123 79 -118 104 -103 -104 119 105 -104 125 122 -121 125 84 -97 -89 -105 127 -86 125 122 120 120 -96 127 104 107 -128 -104 -117 127 -98 106 110 114 90 -120 124 116 -120 -80 -119 111 -115 -108 105 -127 96 -116 120 122 -119 90 112 -112 -121 112 127 98 -109 90 -108 85 -125 -116 -118 105 -127 92 103 -110 97 94 113 117 108 -128 -127 -104 -99 90 -124 98 -127 107 -126 -125 -105 64 121 -121 103 113 56 -115 91 -103 96 115 -110 88 -99 -126 -103 -121 92 88 82 -116 97 122 -116 124 -116 -124 -113 125 -104 126 82 102 107 -103 76 -93 -112 117 92 92 103 66 89 92 96 -105 -121 -118 -98 -121 -123 53 -113 -116 -98 -127 -127 92 111 -115 -127 121 -75 -126 -125 -122 96 -106 124 -110 -82 -120 -113 94 114 -123 -128 93 -108 -108 124 -122 -113 -94 -106 100 123 -86 -120 -125 104 -119
92 82 102 117 89 -118 124 89 91 87 104 101 111 112 108 91 -103 75 66 104 103 82 92 99 103 106 100 -122 95 103 53 -120 87 114 109 75 70 -77 125 84 77 99 95 121 105 -122 102 91 -108 63 97 100 116 56 123 126 109 -123 112 62 107 56 101 116 115 103 93 121 96 81 69 -120 108 -125 83 118 70 107 87 106 -124 123 56 95 118 78 94 -123 74 104 -128 -125 -107 101 100 -111 99 84 121 74 118 85 101 110 109 -90 99 -121 77 -127 62 103 108 92 -126 -111 104 116 99 -124 106 119 85 -123 99 93 104 79 115 121 95 85 -102 75 85 83 -127 85 103 93 124 115 -118 80 88 114 95 88 110 82 83 -110 62 107 76 99 115 104 -121 94 63 94 -107 124 116 72 98 86 120 93 107 73 87 119 48 118 105 99 113 120 91 105 120 63 51 86 119 118 125 -118 107 -126 118 -120 88 88 82 87 108 104 108 101 94 -127 105 103 100 74 46 99 115 116 108 102 -107 99 96 103 -124 86 125 107 100 89 86 73 115 81 107 95 93 65 80 75 -123 75 82 101 85 114 85 94 115 90 126 -120 108 109 116 96 97 96 93 110 75 87
127 61 115 86 102 101 109 89 124 118 100 76 92 100 -122 70 92 88 -124 96 95 87 88 122 113 67 79 -123 105 116 97 92 53 101 87 -113 60 118 -117 62 70 121 112 109 -128 -128 78 85 111 115 126 113 -125 122 102 -126 110 -112 93 99 72 99 111 103 104 117 87 -124 -99 87 67 -116 118 119 116 100 110 92 76 101 117 92 93 119 88 -113 115 114 -121 120 -127 90 101 70 118 95 -122 97 103 100 123 97 125 125 111 93 -106 108 87 124 65 71 124 95 75 102 98 126 124 120 114 108 94 110 116 103 114 109 109 113 88 79 107 105 113 99 -112 83 93 89 59 70 110 97 117 89 114 -106 122 105 82 86 115 122 104 66 104 94 84 116 105 100 70 84 98 88 91 107 102 103 91 -121 68 78 110 87 78 -112 118 91 85 97 112 126 111 103 77 91 97 91 123 82 94 92 84 59 98 76 88 103 124 115 105 118 67 80 126 60 99 73 78 76 -115 -120 110 98 111 99 112 81 122 93 87 107 118 112 77 125 -99 -126 105 86 -109 -113 -101 73 97 83 79 104 73 106 89 112 115 -127 -118 127 122 97 61 127 125 83 -119 78
105 94 80 91 127 78 80 122 122 123 77 81 86 -114 106 83 -115 86 99 122 -115 124 88 105 111 86 -121 75 72 106 64 98 79 73 109 122 110 114 113 101 99 85 106 42 106 112 90 98 124 79 89 117 109 90 63 111 103 -111 68 108 109 83 93 90 94 88 86 125 127 87 106 105 106 105 -128 95 111 112 119 92 124 113 73 108 118 104 -122 116 -128 108 83 87 116 90 79 87 94 89 127 119 92 82 120 111 105 67 127 80 80 103 119 119 111 100 87 84 122 96 -114 89 -122 94 102 106 90 -97 54 125 100 108 121 94 -104 77 -121 103 -111 124 93 95 117 81 79 117 77 105 78 -104 72 75 76 -116 93 -126 42 118 118 88 76 92 88 127 -103 119 76 99 125 78 97 -126 -102 97 116 120 106 107 -121 103 114 114 124 -96 98 126 66 95 58 68 -104 108 -92 90 -95 66 78 104 111 75 105 121 84 116 126 118 100 83 99 127 76 115 70 103 110 72 124 72 99 -125 117 91 118 -121 59 84 94 -121 100 65 116 94 95 122 -98 101 107 103 112 -125 95 115 87 118 66 -124 70 -111 -128 125 77 102 116 123 105 91 -127 88
90 64 96 118 83 87 -117 117 119 101 112 -128 95 118 102 78 99 84 100 113 100 65 102 123 122 107 102 85 113 107 97 100 37 73 89 87 97 82 73 120 99 116 83 71 76 -126 64 90 100 85 75 83 84 120 73 94 126 92 94 121 80 86 104 113 91 107 106 70 59 53 97 110 98 45 59 -128 98 77 85 107 88 122 58 82 67 77 -117 115 93 120 79 116 72 95 82 63 85 76 127 97 91 90 -97 112 109 94 81 90 67 82 77 87 116 108 65 116 120 102 83 116 103 86 97 98 100 69 78 96 75 116 -102 -115 99 95 84 91 113 46 82 76 109 88 95 83 51 106 76 96 99 91 86 111 89 94 78 111 112 104 109 78 62 91 -127 82 93 100 74 98 92 85 98 104 87 94 103 115 108 100 -86 119 84 119 126 112 59 85 97 79 122 89 49 -124 80 125 93 87 105 106 94 82 106 119 86 101 94 92 92 110 88 104 92 83 89 120 116 55 84 83 79 71 116 93 105 87 84 124 -98 65 93 92 62 107 81 97 90 113 -120 70 122 72 117 98 91 126 79 116 -123 107 127 116 85 -123 76 70 97 110
73 79 117 92 121 40 114 100 96 97 93 107 89 112 79 -124 127 -126 72 74 63 85 88 103 91 79 126 92 111 76 86 63 92 104 63 84 91 112 -123 88 89 53 47 84 124 104 50 90 115 125 122 84 113 103 90 95 -125 -98 70 86 78 104 50 89 62 114 74 87 121 70 108 95 95 127 -127 -109 90 115 71 95 98 107 57 122 101 103 91 -128 85 86 71 121 -126 119 125 102 104 101 107 92 127 100 63 -121 119 94 115 118 68 88 40 86 119 75 97 106 114 116 127 74 79 -119 97 99 63 89 78 48 104 110 73 92 101 80 75 -126 75 90 87 109 103 74 -128 83 75 66 90 120 -116 44 56 61 72 -128 126 77 105 59 92 83 118 48 89 101 67 -120 43 105 114 88 88 110 95 88 115 70 70 101 68 67 83 99 95 68 69 83 89 103 96 95 84 89 97 124 64 58 70 89 92 -124 101 -119 93 -126 91 59 77 84 84 120 99 57 121 76 70 66 99 116 91 92 101 107 85 92 94 106 83 71 92 66 93 75 80 108 -125 86 102 69 -128 52 92 116 -126 92 -112 103 86 121 74 90 85 114 93 52 66 106
61 48 100 -116 -110 -127 103 106 127 -82 100 -96 124 115 91 83 -116 98 -109 109 98 95 -118 114 125 84 124 79 98 -89 115 -109 109 -110 123 101 -120 59 86 123 118 86 117 65 122 103 81 -120 126 -110 -61 119 79 96 103 117 -126 112 100 93 127 94 -106 -108 -107 79 81 108 91 108 118 124 -108 123 121 118 -119 109 114 101 -75 -86 91 71 104 -126 109 -101 107 -123 108 96 99 115 116 -112 94 101 -105 96 -107 87 107 -110 109 77 -115 91 79 -112 114 -124 111 127 110 113 -114 119 124 -128 99 -117 118 -80 97 86 90 106 -127 119 106 -126 -127 83 -127 -83 -105 102 106 -127 -111 108 122 118 82 -103 84 112 108 76 123 125 -113 104 114 81 76 -127 111 -127 112 -127 -121 83 94 124 103 77 -114 -110 95 97 97 115 121 89 109 87 -93 114 88 -105 123 93 63 -116 104 107 101 99 114 -119 111 -99 102 120 89 119 105 109 113 -121 113 88 98 85 122 -114 78 -109 94 107 84 104 -126 61 -124 69 -128 80 111 103 99 69 80 -109 -125 113 92 91 115 118 123 98 125 110 116 79 -109 86 99 112 -124 -111 81 111 -97 -85 -99 105 113 -119 127 112 126 71
61 112 106 100 42 97 104 87 86 102 96 76 -111 99 93 92 121 90 73 106 95 83 90 97 80 91 108 99 89 119 92 -120 -126 107 75 96 77 87 111 99 102 99 75 61 90 114 126 117 95 110 83 -106 69 115 108 91 91 122 101 80 98 118 107 122 102 102 96 112 77 89 -114 -103 75 82 117 122 120 107 68 63 115 -125 49 110 75 88 90 -126 99 89 83 125 -117 116 -107 120 103 73 103 104 103 95 93 105 95 -127 78 111 73 88 70 109 113 87 62 112 -123 107 113 121 111 109 64 121 90 90 95 80 96 59 77 103 106 92 97 100 116 72 126 83 104 114 77 70 91 95 79 76 92 73 99 75 98 109 106 70 -119 103 -122 88 81 77 95 102 71 93 95 81 91 65 73 76 104 104 91 98 82 126 86 116 106 83 122 110 72 83 98 69 125 107 84 106 74 105 78 124 63 97 59 -125 103 -122 79 -120 105 44 120 -104 63 98 34 95 120 75 88 82 125 98 -127 54 79 96 62 69 109 107 -116 112 69 73 112 122 62 92 98 77 124 113 110 -128 -122 93 94 90 82 67 104 117 94 103 100 -116 75 63 -117 107
107 98 -127 -121 87 115 124 -93 -109 -123 93 -123 81 -108 89 100 -117 -96 -114 67 -113 100 116 123 -103 90 112 121 122 115 -113 95 -90 97 111 -125 125 -119 117 125 113 -122 86 -109 80 -98 115 -128 116 126 -127 -115 91 -113 53 126 125 -90 -124 81 106 -105 115 110 -93 109 92 113 -123 94 126 -111 -102 -120 -125 -105 106 106 -125 123 126 -117 87 -112 110 99 -105 107 -124 123 -110 -102 -126 94 -113 -114 118 -120 -84 106 119 -100 126 -128 -110 96 106 -106 113 117 64 76 118 -119 -112 95 115 -121 -114 -118 122 107 -126 -113 108 89 78 121 116 117 -61 106 99 84 123 101 -128 90 69 106 -94 101 -121 -126 87 118 113 -91 115 -124 95 -121 -115 -121 114 -123 -128 115 100 -128 110 -126 120 -121 -86 -71 121 -119 110 -126 100 92 -118 89 74 -123 117 -91 -102 105 95 81 87 -117 84 -115 -121 108 125 119 -117 120 82 -101 127 111 -122 -110 61 118 -128 106 103 111 96 120 93 -127 83 126 121 -103 -115 127 126 -111 108 106 122 83 -110 -104 117 107 105 127 119 -99 99 -125 122 125 121 82 -106 -127 120 91 -120 113 -112 -78 -122 -111 90 -116 120 -103 118 -125 -110 -74 106 -110 -107 80
117 77 124 -99 122 119 -114 90 -126 -117 99 -117 -103 120 105 99 -101 75 -102 122 -123 -125 94 92 119 107 -111 -113 -99 -123 -114 -113 108 -119 116 101 -109 109 108 99 111 103 103 -108 -116 116 90 126 -97 -102 115 100 113 -123 -121 -124 -113 -125 83 69 107 73 63 -117 97 85 113 -60 -111 126 127 -73 -99 -113 -114 126 109 127 81 93 -117 115 87 -113 -111 126 -125 -116 125 -117 -110 114 -90 120 115 -104 86 123 -105 81 127 109 124 -119 -119 -107 -96 -108 120 116 85 92 -90 122 -109 118 107 117 -91 -118 -105 -109 127 -122 106 110 120 112 124 125 -118 114 -105 113 98 -91 -113 113 127 84 -127 126 117 112 106 -85 -90 94 102 -128 101 107 108 -118 -126 118 123 -106 -120 118 118 116 122 -110 -115 103 -116 109 -98 -115 119 -94 -127 104 101 -99 123 -104 -110 -124 86 126 -104 120 92 115 108 125 -92 100 -128 -112 127 -120 70 -118 109 113 97 -123 -124 101 105 -125 114 98 124 -83 121 -122 -86 101 -98 -80 -101 95 95 110 -112 116 -109 122 118 -97 -123 -121 122 113 -128 106 123 -116 119 -93 -98 106 -99 97 119 -94 124 126 119 -123 122 126 -119 120 -127 127 127 -116 -112 116 -127 -123
-117 83 116 -115 91 122 117 124 -86 100 81 123 -94 -101 109 92 94 82 87 125 -102 93 124 120 121 123 86 122 -107 120 127 116 94 102 -128 119 118 105 102 -104 112 124 123 105 120 113 127 -120 -99 88 105 106 95 114 114 -118 99 -112 100 -128 112 -111 -127 -118 -120 117 116 111 -122 -120 105 -128 -102 89 -119 102 84 115 -123 -100 -117 -118 -121 94 111 93 113 116 127 78 120 -127 -112 125 127 125 111 -118 -119 -125 -118 -126 125 -123 -110 -127 -121 -118 110 110 93 -115 105 106 106 115 104 125 -122 -108 106 -83 107 117 116 -112 116 122 -125 -125 122 110 114 -125 115 110 -117 105 120 93 122 126 114 96 114 -105 120 107 100 93 -127 -124 -126 126 -120 66 96 109 102 110 -122 -117 -126 116 -126 109 -125 124 101 81 121 101 122 104 115 124 -124 104 126 81 60 125 -127 120 85 -128 -126 86 113 -123 100 117 72 -122 -124 97 78 126 100 126 -111 111 125 -124 -117 85 -90 -96 67 111 127 117 118 -118 101 -126 -123 -122 118 63 85 -125 120 115 123 107 95 113 -116 -111 82 -119 114 111 81 104 119 107 -128 97 -127 121 107 -112 88 106 -113 -107 -88 85 109 -109 -103 62 116 -125
114 55 93 106 -127 105 -106 -116 -99 111 -108 112 104 -104 97 101 -127 -83 110 109 119 91 -110 101 119 119 103 -121 85 124 124 -126 104 -120 77 -123 105 -90 112 -126 89 99 112 125 -89 126 85 108 104 114 -114 98 -125 126 -112 124 115 -127 113 124 106 -113 114 99 106 107 97 -108 -119 118 -116 107 92 107 109 113 94 -120 105 105 -103 115 -127 -119 120 118 85 125 -116 125 62 -114 121 82 123 120 111 120 -79 97 -122 120 -110 -115 -103 117 -91 116 105 -121 -119 68 -116 86 110 117 -125 -93 -121 -127 -100 86 -89 105 103 122 116 -113 -112 -111 -120 108 123 101 120 -120 -104 107 113 95 92 99 -114 119 95 108 109 -122 -97 -115 104 102 112 121 88 -112 117 -92 -126 122 -122 -101 122 100 98 -121 124 -126 111 -115 108 71 114 124 95 124 95 123 -127 110 -122 -108 110 83 98 -115 82 103 -128 102 116 -93 110 -101 -128 123 127 119 119 -114 -123 -102 124 -112 57 -126 -115 105 76 123 -113 -114 100 121 -111 -117 112 -112 -125 118 -103 113 95 109 125 -110 120 73 123 97 118 114 95 -127 -127 -111 -116 -100 -121 89 122 -114 107 109 109 -126 -118 -113 112 -106 106 -117 105 121 -112 -124
46 112 102 96 70 56 117 104 103 91 80 80 81 90 122 35 98 109 77 94 93 35 86 105 84 76 114 56 114 78 68 78 97 -127 92 79 64 77 110 72 67 64 98 39 126 109 77 92 124 69 55 110 104 73 106 124 58 109 94 79 74 41 58 94 68 107 55 66 44 69 98 102 113 83 110 127 90 42 -122 77 110 68 39 84 109 96 94 66 74 81 66 112 104 76 112 88 122 85 109 100 86 92 78 101 62 98 72 63 99 58 73 101 76 67 63 125 69 108 101 47 108 72 104 50 96 111 81 48 74 37 44 89 84 77 110 92 88 47 73 103 99 94 85 76 88 119 92 64 85 87 83 109 112 81 81 67 94 62 45 94 47 58 65 60 88 90 58 94 121 87 74 110 85 68 80 96 82 100 99 48 59 99 76 78 63 98 68 55 69 116 63 101 93 -127 79 79 46 101 21 71 71 95 94 84 101 104 105 69 52 93 114 75 66 56 104 48 73 100 56 113 77 80 97 73 87 86 91 55 35 60 56 76 70 -127 99 72 94 96 57 76 77 87 99 96 48 76 101 80 103 54 79 75 101 111 43 68
90 84 -96 124 -125 -109 -111 96 -92 120 -126 95 85 -112 123 85 -106 -126 116 111 -117 115 102 -122 -126 -108 99 82 -103 -112 114 -118 94 112 -124 119 88 -102 125 115 104 108 -100 115 -95 102 119 122 -126 109 105 -116 -127 122 89 127 -109 -106 123 118 117 -116 -91 -117 119 104 -122 -126 -104 -112 -123 -122 -96 109 117 -105 -125 -100 117 -119 126 -123 87 -100 107 122 -107 -113 -109 -119 126 119 -115 84 95 -114 109 115 -80 -119 -123 -103 -90 -119 -104 122 113 -111 114 -108 105 116 -107 -127 -102 -99 -106 119 -98 -114 -95 -75 -124 -90 115 104 -114 114 -119 -101 -75 122 -109 95 -122 122 -83 -114 113 -115 119 -116 -106 -80 122 120 -114 81 108 114 110 -92 125 -101 -126 -127 123 127 105 -128 -128 -118 -118 -118 123 -112 -112 -103 106 127 101 89 -104 -104 -102 -121 120 110 -101 118 86 106 -120 -125 103 -76 -127 109 -105 107 -113 -119 118 -91 101 124 115 -128 118 123 -117 -118 120 119 82 123 -90 121 105 -128 -85 123 -108 -111 -104 -126 -106 127 116 105 -108 109 124 -123 120 -103 -112 -119 111 -113 106 -121 -95 116 -82 115 -123 98 123 70 -128 -103 -110 -128 93 109 -108 -111 -126 -110 119 -86 -125 -120 114 83
95 98 -98 117 101 94 -122 86 -126 92 -127 106 101 125 119 63 -125 113 75 118 114 118 67 -109 -109 120 -109 79 91 92 74 -97 100 112 116 93 76 -97 119 73 126 -91 104 90 -118 -114 102 -110 -107 117 104 93 116 120 111 -119 -114 103 66 -125 73 -124 100 125 98 121 111 -122 92 111 127 -128 -109 -115 95 110 114 82 106 117 -121 120 87 111 -124 126 -110 121 -124 -108 109 79 116 119 -125 -109 84 91 -100 86 92 96 -122 116 95 88 109 121 83 88 95 118 -91 86 94 126 -103 108 114 -114 -126 -115 89 -123 103 90 -126 -116 126 97 115 78 100 -80 103 124 -125 82 108 105 108 102 118 96 94 -127 101 122 114 90 81 -111 89 91 -127 114 -121 120 106 -111 112 101 -120 41 122 99 122 -111 111 101 122 125 81 106 121 -117 99 118 -121 106 81 -114 118 90 111 127 -119 101 113 126 87 105 -126 98 96 93 104 109 112 70 99 122 83 98 100 66 -113 123 89 127 -124 -110 -101 114 -95 89 113 -105 66 107 -110 121 91 -128 88 109 -116 105 -117 113 79 89 108 114 119 102 -123 119 108 105 90 82 -116 111 -115 122 127 121 -121 118 117 -121 120 103 -121 -109
-113 100 -111 -76 -101 -116 -36 123 -59 -77 -81 -114 -99 -66 -113 -117 -61 -114 -112 -89 -76 -109 -74 -96 -79 -117 -94 -85 -84 -53 -114 -87 -90 -101 -124 -110 -117 -94 -112 -101 -121 -71 -121 -127 -44 -80 118 118 -73 -104 -119 -85 -109 -82 -90 -108 -62 -72 -123 -82 -101 -96 -113 -118 -66 -91 117 -107 -117 -110 -84 -45 -71 -86 -77 -116 -126 -112 -79 -104 -48 -76 -86 -67 -121 -72 -101 -43 119 -86 -120 -79 -66 -98 -93 -39 -117 -109 -74 -97 -107 -82 -100 -79 -53 -56 -65 -86 -98 119 114 -106 -83 -96 127 -90 -111 -96 -105 -82 -106 -70 -108 -93 -86 -74 -120 -106 -70 -97 -77 -117 -100 124 -71 -37 -81 -118 -81 -126 -116 -107 -91 -92 126 -108 -95 -93 -94 -107 120 -73 -88 -106 -87 -99 -107 -72 -74 -118 -106 -86 -102 -86 -90 -90 -125 -76 -105 -85 124 -78 -108 -52 -99 -72 -90 -44 -51 -103 -91 -108 -86 -112 -74 -120 -123 -114 -81 -87 -121 -96 126 -105 -117 -111 -116 -90 119 -89 -81 -89 -99 -85 -85 -121 -96 -108 -119 -85 -110 -64 -69 -112 -88 126 -76 -58 -68 124 -69 -103 -110 -112 -119 -95 -93 -114 -100 -81 123 -43 -81 -108 -30 -92 -83 -111 -91 126 -108 -97 -79 -57 -109 -109 -77 -25 -87 -124 -74 -43 -55 -110 -84 -103
104 113 -93 -54 -96 -108 124 103 -61 -113 -75 112 102 -110 114 105 -109 -113 113 112 -105 94 117 -112 115 -126 -115 -108 110 -95 -119 -124 -92 -117 -66 -108 87 -100 -127 -101 -125 -120 -95 -116 -109 -112 -118 115 -113 -106 124 -104 -105 119 -127 -127 99 -72 109 98 119 -98 -71 117 125 121 -110 -86 -127 112 -128 -121 -128 -105 124 120 110 110 -84 -115 -116 -113 103 -101 124 115 -71 -100 -85 -121 -115 -111 -94 107 -93 -110 106 107 -80 -127 105 -118 -94 -87 -128 111 -112 -115 104 -118 105 -103 -94 -83 126 107 -111 -82 -115 -81 -93 -108 120 -109 -113 -127 123 -119 -121 -106 124 -121 -101 114 -92 -126 -89 114 117 -106 121 124 -121 -102 -126 -120 -123 -107 115 123 -127 -87 -126 -120 -117 -106 -99 -125 -96 123 84 -128 -83 110 -87 -83 99 -62 109 -98 -123 125 -123 -70 117 -111 119 -125 -96 -105 103 -98 -108 -127 102 -101 -117 -107 -102 125 -105 -109 91 -122 111 121 124 -113 72 -102 -100 -100 126 -102 124 127 -128 -119 -94 110 -127 -108 -115 -122 -85 114 -75 -99 -78 113 -96 -101 83 104 124 -107 -91 -104 118 -126 -117 -121 -111 79 -102 -99 -112 -121 121 94 -98 -113 -100 111 -123 -126 -128 -90 126 116 -119 -64 116 126 -92 87
117 -121 127 -122 113 113 -89 108 -71 -101 122 -124 116 -86 -123 110 -107 -98 -127 80 -81 -116 -117 -105 -122 -109 -127 122 -128 -96 -109 123 -116 -115 -128 -120 104 -115 -117 -107 -127 -94 127 115 -98 114 -128 -81 -97 -82 -108 119 -107 -91 92 119 -70 -85 121 117 126 117 -107 -71 -93 116 -107 123 -125 -108 -76 122 102 -117 -125 -99 124 -124 -127 -93 112 -92 97 -101 -79 -117 -114 -75 -93 -91 114 126 -105 -78 -125 -107 -118 -128 -100 -98 110 119 -107 -94 -89 127 -88 -54 -106 96 -113 -109 -102 -105 -100 116 -72 -121 -91 -118 -88 -91 -101 -118 116 -98 123 -122 103 120 -96 104 -121 125 119 -120 -114 91 127 113 -119 -121 -111 -117 -115 -113 -107 127 120 93 79 -118 -95 -77 -100 109 -85 -86 62 -105 -107 -123 -99 97 118 -100 125 -107 -115 -115 117 127 -117 -118 -108 -123 -116 108 -94 -113 -123 -121 121 -121 110 -125 125 -109 -127 117 -84 106 -124 -110 94 -110 77 -113 113 -115 115 -92 94 116 -123 -102 -124 -107 123 -106 126 -103 -95 -110 -99 -121 -109 -84 122 126 -88 96 103 127 -123 -103 -115 -123 106 -63 -119 -92 -121 103 -110 -121 111 108 120 115 -102 119 122 -90 -111 -112 -104 -104 -110 -121 -92 -73 -83 -121 102 -124
112 126 -79 -69 103 -119 123 103 -126 -123 122 -111 -93 126 101 91 -87 -109 102 107 123 100 -120 -99 -115 91 -115 -115 -128 113 109 -121 96 -126 116 -118 -104 -114 126 83 -101 -116 113 119 -110 106 124 -116 -82 -111 103 -107 -117 108 116 -128 -112 -103 114 113 -111 -120 -102 127 114 126 -115 -96 95 113 -112 -91 124 117 -117 109 119 -107 -126 -120 -73 -115 104 -40 116 99 123 -110 119 127 83 -127 -105 -124 118 122 -108 -110 -90 -85 102 -105 -108 -107 -95 -89 117 -124 109 110 -128 -128 -112 -123 113 93 104 -93 -89 110 -89 105 98 -128 114 -76 112 -128 117 -125 124 101 -96 115 -102 -101 -122 -122 118 66 -118 -117 -90 122 115 125 -124 103 85 119 103 -115 -124 126 -81 -118 -117 -113 117 -118 -98 -118 -123 115 -120 -128 -118 122 -118 -119 -117 114 121 -102 -126 -123 -103 -108 -88 115 -119 105 -98 -122 115 -87 -114 62 112 123 76 -114 -103 -126 95 -128 88 86 104 113 -106 114 123 123 -124 109 -112 -106 -115 99 -115 -96 -99 112 121 -110 -124 111 -98 86 -104 124 96 -107 101 -92 120 115 62 117 118 -111 -116 -94 -112 -123 -61 121 112 119 -106 83 120 -121 -117 -109 -100 -124 -120 -117 -116 95 -124 113 84 104
50 96 91 110 97 79 43 97 -110 99 79 110 75 99 60 64 99 86 56 81 74 80 71 92 108 71 73 96 103 78 96 98 93 71 71 81 82 77 92 106 85 89 66 62 82 84 54 78 109 120 79 104 78 -110 91 85 122 117 77 119 89 87 70 83 81 75 82 88 80 40 86 110 103 121 104 112 83 78 84 -126 96 102 77 54 45 87 105 109 67 102 -117 105 102 102 -127 97 77 85 109 60 88 100 76 96 110 118 90 -118 78 89 73 84 109 81 78 88 72 112 120 115 105 94 79 119 83 112 115 117 89 127 75 109 -124 81 114 111 79 72 100 109 101 78 99 108 72 61 109 65 107 80 82 115 76 85 94 70 82 69 110 95 123 121 77 89 51 95 73 96 95 104 47 123 68 -108 98 89 100 86 114 110 40 77 95 -126 86 79 75 70 110 82 56 74 78 100 117 77 86 94 79 -123 76 92 85 110 69 89 110 67 81 116 80 101 88 112 118 79 111 112 104 71 76 88 57 95 80 98 92 83 62 -113 88 94 87 93 118 88 83 97 115 64 98 97 114 122 86 89 -114 -117 -108 46 66 108 126 93 84 91
88 111 -111 -107 -124 123 125 115 -83 -114 -121 118 91 -125 105 92 -114 116 125 102 107 124 83 -118 -123 -115 -114 111 102 -120 -125 -118 100 98 112 116 119 120 -116 109 -109 -83 123 90 -116 -119 118 -110 114 -105 100 110 118 119 -118 -128 125 -109 107 124 -110 -116 -116 -110 87 91 -90 -100 -99 104 104 -111 101 81 124 125 -121 82 92 115 -108 -102 87 -121 -126 96 -122 -121 -115 109 85 85 -111 116 118 119 -112 98 126 106 -123 -126 110 127 -110 119 -114 99 85 97 83 108 -128 -119 -123 116 -104 -110 -120 -107 -116 83 121 108 101 -115 97 104 89 -117 123 98 109 -103 125 111 -103 -117 -116 106 114 98 121 114 -110 -108 118 -120 125 110 119 120 117 -128 81 112 -103 -128 67 92 92 -108 100 104 116 -115 122 116 104 -123 117 -104 -106 117 -125 -108 120 -124 123 99 109 120 -125 109 103 115 127 96 -110 92 87 123 103 119 111 110 82 122 81 88 -120 101 88 -121 95 75 -99 -125 112 60 83 93 -128 -111 123 98 96 -95 115 109 -107 -106 127 -78 79 101 113 -103 115 92 100 -116 -109 90 86 111 -128 103 107 118 -124 125 127 113 -122 119 -124 -128 117 107 101 -109 -122 102 -125 87
123 92 113 121 120 81 83 124 100 82 100 55 114 -119 83 80 114 95 98 77 -126 71 89 56 116 108 78 111 76 -121 82 68 98 94 79 -117 56 -121 113 101 82 84 -104 98 105 109 88 101 93 -127 67 108 -108 125 71 86 86 -125 82 101 79 82 73 120 90 120 84 125 93 111 89 -127 101 109 108 96 107 87 107 100 124 -111 78 -119 105 118 111 66 -120 115 115 126 111 73 119 91 -123 -125 126 -103 99 114 -126 111 92 83 123 108 82 95 73 113 80 105 87 123 119 -104 109 111 -121 118 112 109 120 70 111 82 105 110 99 71 103 79 121 82 -105 62 124 113 -115 81 95 53 119 101 101 87 101 94 78 126 86 99 96 94 123 122 92 98 86 87 68 109 105 107 120 -127 71 110 89 87 100 80 94 103 78 82 -128 109 115 75 78 89 85 127 86 85 99 88 82 -126 105 -112 72 82 106 96 43 97 104 123 74 118 106 90 111 119 56 80 87 -106 -103 98 109 87 -119 103 88 41 120 103 76 91 -125 100 108 113 74 -128 75 99 108 96 114 106 -127 94 93 78 98 119 -102 97 86 103 -98 94 116 90 103 -109 102 108 78 35
92 117 96 -123 98 -112 121 -120 -115 121 105 -123 115 115 71 105 -117 124 -80 111 109 103 118 127 121 114 103 125 106 127 -124 121 127 87 83 112 105 -108 90 107 122 126 107 112 126 -123 -123 -87 -111 -116 109 -126 94 124 107 114 -110 -117 -97 64 123 104 109 119 93 108 112 -111 113 97 -103 -87 -104 -112 97 -92 -108 81 116 91 113 110 124 109 122 92 85 -103 81 110 -115 -123 -120 92 -118 94 126 93 117 113 119 86 119 111 -107 119 -108 -82 100 111 113 117 112 -90 81 98 -92 -71 -92 -109 121 86 115 117 83 105 78 114 57 83 106 105 -117 83 108 113 -110 80 122 -119 -120 -123 100 75 -106 122 -123 -117 -110 112 110 102 -123 110 85 45 120 -100 97 97 124 117 113 92 108 -120 109 66 119 -117 84 127 -121 91 88 78 97 -122 117 114 113 100 -113 114 102 -128 84 106 121 -103 90 126 102 -118 112 98 79 123 89 126 -112 113 68 126 103 110 81 98 73 115 75 123 -118 -126 -119 125 127 -112 -113 99 -110 104 78 -125 116 107 -118 -115 76 102 96 -71 126 119 96 -123 103 73 90 123 -83 125 113 96 -119 -126 104 118 -122 96 102 -86 -117 58 -109 97
92 101 -91 -119 121 66 100 114 -119 100 107 119 87 87 94 110 -114 -114 103 96 98 87 95 -114 123 85 126 113 105 78 61 124 77 -128 101 101 56 -88 112 115 87 -111 -125 124 106 -126 124 -126 -89 -110 107 96 118 113 107 -119 113 126 110 86 92 127 121 78 -119 110 100 93 101 113 116 125 118 121 102 107 123 87 106 121 116 127 -123 -95 115 104 -115 -106 -125 120 87 107 89 125 -120 103 122 123 -120 76 104 110 102 -126 102 116 -123 90 117 108 101 -122 91 110 127 71 126 117 -105 97 126 127 84 88 109 122 103 93 66 107 -113 97 95 -126 -118 114 85 89 101 92 76 124 108 125 103 -121 -122 124 109 111 86 -123 119 -127 -128 77 127 117 83 100 107 122 90 56 -128 126 94 112 103 -116 118 120 100 117 -128 122 -122 94 109 -104 106 117 103 76 82 -128 110 93 118 116 121 110 90 -112 65 -119 47 -108 93 -127 76 73 123 113 102 97 117 -128 118 117 121 75 -119 97 -123 115 76 -107 -123 96 -125 110 120 123 108 101 127 -123 87 111 115 107 -81 99 89 73 124 109 81 112 120 115 82 109 109 -117 96 115 105 118 108 112 -127 107 126 83
83 84 -118 120 97 64 106 112 76 56 60 92 106 113 106 96 113 82 108 125 100 -103 60 111 118 80 97 96 110 -121 73 87 113 94 -108 104 79 -120 80 101 86 81 -126 85 105 124 102 102 125 -119 100 96 71 116 110 81 98 -127 90 49 98 120 87 103 111 93 91 103 91 100 97 -112 126 106 104 94 -124 113 108 83 106 112 91 -122 113 108 99 102 125 69 83 89 112 86 113 81 103 92 -103 93 52 104 79 106 86 106 119 109 86 104 57 80 104 96 107 76 -111 100 119 122 123 -127 62 89 110 62 102 89 59 105 107 105 94 64 99 73 103 71 115 80 121 100 91 102 108 108 105 71 73 116 89 119 104 99 108 96 112 79 107 112 79 65 88 66 108 110 -126 83 99 112 85 96 -120 74 98 83 101 -110 103 98 -110 84 77 101 86 117 115 91 100 88 72 125 90 -107 113 61 98 102 37 99 119 89 80 82 77 58 88 104 93 76 41 115 119 111 -126 102 126 103 101 76 83 82 72 77 83 115 89 -127 95 125 83 -110 109 82 103 78 112 65 76 100 90 98 126 112 86 100 119 -115 83 68 -121 -116 -125 104 84 55
74 49 115 -77 -114 113 -101 98 122 96 120 102 -108 -95 107 84 127 -128 111 117 -121 109 89 -119 -112 109 -110 125 109 -96 100 104 114 124 -125 -107 127 116 125 101 106 -126 -75 120 -119 125 106 115 -104 -118 127 -123 105 112 -125 -105 127 -105 89 -120 109 -122 -96 -109 127 104 102 -112 125 82 120 -108 -126 -103 113 125 -125 -113 120 -118 -91 -113 101 -125 -115 -123 -95 -113 -114 -121 117 -110 118 -127 120 -120 112 106 -90 121 103 -123 -123 -125 -99 -118 -127 126 77 -97 123 99 123 -122 -123 -119 -101 -113 -102 -92 127 -119 112 118 105 -122 88 109 -104 -88 89 117 -91 109 -125 -109 -104 119 111 100 112 93 108 92 102 -92 -110 -122 -112 79 77 -103 110 123 -120 102 120 118 -102 118 101 127 -94 104 111 -122 82 -110 -114 -98 -110 -120 114 103 118 -126 126 -119 124 112 94 -122 -126 83 85 -106 -122 92 -89 95 100 -113 113 -101 116 122 94 122 118 115 113 109 103 -102 125 -119 -118 119 114 115 -109 127 -99 110 -124 74 96 -118 102 116 117 100 117 -102 109 -107 118 117 -127 110 68 127 -119 112 -98 -115 -127 -85 -124 90 122 -90 -110 -125 112 -99 -94 -126 -100 98 112 -126 -99 117 103 119
-128 87 102 -101 127 127 -105 -102 -98 -123 109 -118 -71 122 -121 53 122 122 -99 83 123 90 -116 98 115 113 -101 -119 -90 -123 -102 115 -85 94 99 -126 89 119 -114 -127 -125 84 -120 90 -105 -92 -119 -109 -113 119 118 127 96 126 97 -93 123 -86 -84 82 -122 -120 -122 97 -111 -98 75 -96 77 60 -116 -88 -116 -115 -124 -97 123 -97 -122 110 -107 -94 101 119 99 85 112 97 -128 -98 106 -124 -119 119 -126 98 101 -96 -94 -125 -92 -106 119 -122 -97 -113 -89 -69 -109 -115 123 -118 114 124 -128 107 126 -119 -89 122 120 99 -95 -127 -123 103 105 -117 102 74 -111 102 -126 93 -114 -108 115 99 73 -122 -128 -118 -94 108 123 -123 107 -107 86 127 107 -123 -113 115 98 106 -79 -103 115 112 119 125 125 -111 -122 75 -100 110 -111 -82 87 -122 -103 96 -116 -110 109 -96 -64 -114 -108 109 -104 -115 96 111 -121 75 -117 124 100 -107 -126 -113 -124 -104 101 120 117 -124 -126 -118 -106 96 106 102 110 113 93 -100 98 124 -128 102 -97 125 -111 98 -128 114 -103 -119 73 79 -107 127 -126 105 109 106 116 -107 121 -117 118 -110 -77 120 92 112 -94 -92 -115 -95 102 -116 -100 109 112 -127 -117 -84 -115 97 -127 113
103 79 113 95 106 78 -124 110 -116 101 -124 116 79 -113 73 66 111 -99 109 102 125 79 -124 127 103 119 123 126 100 83 110 108 -126 118 55 83 81 -125 91 113 103 103 96 104 -95 105 88 116 107 118 95 116 -96 -111 100 125 123 111 92 107 77 -111 98 120 90 121 108 106 64 -121 64 120 -126 112 -105 -111 73 107 122 -127 127 83 105 103 103 96 91 -93 107 87 87 116 -100 90 82 106 -121 121 -127 94 -118 119 78 -121 -108 120 -114 -125 118 94 103 116 127 90 117 90 68 118 -90 103 125 67 85 89 101 95 110 90 -119 87 102 113 105 80 113 96 112 113 95 96 86 98 80 122 78 111 95 111 115 92 99 97 81 78 -83 99 118 75 101 114 -125 -122 99 107 103 106 125 119 68 126 -125 92 -126 111 103 111 118 -83 110 97 109 105 108 -117 -124 98 87 81 114 112 63 -127 92 125 69 -109 70 110 68 114 118 -121 -91 88 63 -128 120 110 85 99 112 -128 -128 112 95 -111 -119 111 101 120 -121 -128 98 95 105 97 104 112 121 85 102 119 91 111 125 106 -122 102 -124 79 112 -105 86 110 108 -126 125 119 -121 105 102 -103 104 77 96 118
96 85 123 -104 122 -125 -123 107 105 -110 88 -123 -93 70 98 120 90 -123 87 -122 -108 -126 98 111 -108 98 -106 106 113 112 -112 105 76 -128 88 114 113 99 90 109 83 104 121 108 -122 115 124 107 -101 -98 -108 126 115 121 124 -108 108 -105 112 99 94 111 114 -78 -99 103 89 118 121 107 91 -121 127 -99 -121 -122 125 -118 -121 99 -121 127 124 109 110 -111 -128 -105 102 -114 122 72 -110 102 93 122 -127 77 -118 126 122 -107 126 -87 125 -127 105 90 101 99 108 121 109 93 111 101 115 -103 -112 116 102 117 104 108 83 -112 100 94 94 97 -114 124 -106 123 -101 -128 -120 93 86 109 81 97 112 -122 112 -122 121 -103 -128 96 93 125 -102 -128 -118 65 -124 102 71 72 116 -123 102 78 -83 -98 60 118 84 -120 111 96 -118 123 -114 127 122 -126 -107 101 101 85 90 -127 84 95 107 108 124 89 110 -112 98 119 83 98 101 -109 82 106 -126 99 106 107 102 77 102 -127 107 106 96 83 -120 -118 117 82 101 122 83 119 -117 98 -108 104 94 83 89 105 97 -125 120 108 -101 122 105 -107 104 119 97 58 117 -98 99 -122 79 110 -117 123 122 99 -120 -125 126 -118 117 103
115 108 115 -112 117 100 123 95 -109 94 -119 -95 102 -94 -116 85 -102 -125 93 104 -121 -117 77 82 -120 108 -121 85 89 -104 -115 124 -113 -124 -122 113 -121 -105 -88 -120 121 96 111 -111 -110 111 77 106 -109 101 101 106 -125 117 124 -121 102 -90 114 89 111 121 113 127 116 104 -122 -123 112 74 121 103 100 -100 -112 120 108 107 119 113 118 127 92 110 -108 -121 -96 -110 90 127 110 117 -88 -85 -98 110 81 111 -107 94 104 125 -128 -115 81 -122 -117 92 -112 97 98 106 93 82 -104 -127 114 112 115 118 -100 -110 -112 89 114 -90 119 81 90 72 -101 82 -115 117 110 -126 -118 126 106 87 113 113 -119 126 -127 119 110 127 73 -104 117 127 -116 116 64 114 -120 113 110 118 50 117 -108 119 96 -115 88 -127 99 114 86 123 109 -104 71 119 103 -103 -95 105 -127 125 114 113 91 107 69 -103 -101 -128 126 -102 -119 -110 93 99 102 -96 78 108 93 -105 114 -121 -125 81 103 120 84 120 -100 123 103 -118 -122 -102 119 -126 -103 -122 122 -112 123 82 104 -123 93 105 123 76 111 86 101 92 92 120 -126 105 102 73 121 113 120 122 117 -108 111 124 107 -116 -128 -121 96 96 120 113
110 112 -116 -107 -115 86 -107 103 -95 -87 -82 115 104 -112 122 106 -84 -121 -105 -126 -77 72 -119 -120 -127 -107 -78 -89 -119 -123 -96 -85 123 -115 109 88 -114 -104 118 108 -110 125 110 116 -113 -78 101 -101 -93 -81 -107 121 125 127 -128 -112 -113 -87 -121 117 126 -125 -88 121 -127 119 86 -103 127 113 -101 -115 -92 -114 -121 -101 -107 83 -117 91 -90 -109 65 126 -120 97 125 -119 -120 -128 -114 118 -128 -111 -98 -112 111 -125 -87 108 108 124 81 -96 -125 -117 -85 -117 -116 64 97 101 -97 -117 -94 74 -112 113 -102 -75 -77 90 108 -124 121 124 106 -127 107 100 -128 115 -109 -96 -92 -98 -90 82 116 125 -112 126 -119 100 122 -128 101 -95 -124 126 90 116 -108 -112 88 -120 110 127 104 -105 113 -94 119 102 -116 -75 -119 -89 -113 -100 120 110 101 -118 108 -95 -103 -121 -76 127 92 120 -97 101 77 123 -78 -76 115 -115 -95 -124 -96 124 122 123 126 -118 -127 -107 -102 -93 116 -117 -102 102 -123 112 120 -107 122 127 -119 -97 -102 111 -115 -109 -106 125 -82 -112 122 123 126 -117 -99 -115 93 118 -101 -98 -119 -114 -110 -106 117 -115 -115 -103 -118 -125 -115 -111 -116 -109 -104 -87 -124 -87 123 -115 -108 110 -121 120
122 95 -122 -117 99 84 102 95 118 119 116 106 107 -112 86 94 104 -113 119 -120 100 98 113 120 -126 -126 117 112 118 -114 125 -125 104 113 66 108 110 -113 70 125 112 118 89 115 -122 94 114 103 118 -125 108 83 105 123 67 123 110 -106 -120 120 118 104 116 108 -103 81 121 90 81 108 107 -106 97 111 110 -120 116 120 107 127 123 -101 101 -115 100 106 113 124 -128 -113 -128 -118 112 106 123 73 122 -125 -126 117 126 97 104 -124 107 -112 -128 110 111 103 99 110 -128 113 86 106 -116 127 100 -102 126 86 96 113 106 104 111 127 71 94 -119 88 99 98 120 114 -116 93 111 78 -110 77 110 83 -128 -116 79 -117 104 119 44 -127 -122 107 93 -120 122 118 102 119 87 117 125 79 105 -118 116 -128 86 103 111 79 108 -126 108 107 -108 98 -115 -124 -105 89 101 -110 60 109 120 100 89 108 102 -110 -126 -110 97 122 91 105 116 -119 123 112 84 93 78 96 109 76 103 104 104 -119 117 114 123 93 118 95 -104 87 118 -128 126 124 115 -117 -121 115 100 95 127 123 124 110 97 123 111 100 -125 92 120 93 84 111 87 114 -104 -97 118 106 -104 -120 -105 113 119 77
56 76 100 102 90 126 120 65 -101 102 127 -127 -126 -123 83 105 -111 108 -124 104 -102 -120 99 117 123 104 127 99 116 -118 -122 114 103 97 127 104 105 -124 91 119 103 89 89 127 83 115 111 117 -128 -101 -127 -125 -116 -126 87 -126 112 126 98 99 109 -121 118 100 91 110 115 -122 89 -111 117 112 -118 -117 -107 -127 85 -128 -88 -118 108 118 96 104 -128 122 -115 -105 81 116 123 -125 -105 127 -112 100 71 107 99 101 77 83 -115 103 -122 87 -121 -94 113 100 -120 85 123 -101 121 104 -122 98 -124 -95 119 -113 106 120 85 122 87 -123 104 97 -116 88 -98 81 117 -105 -115 100 98 -122 112 105 -124 83 92 116 95 89 64 107 102 122 -106 -85 116 117 117 107 84 106 111 122 -115 110 108 121 120 -128 120 110 -124 88 94 110 101 110 58 115 113 99 121 -126 100 92 115 120 -119 -120 -119 -119 127 97 97 -128 -113 88 78 -108 96 126 -125 -93 62 117 115 -112 84 107 -121 108 -100 88 -109 -123 -112 100 110 -128 -115 92 121 124 89 114 -118 -106 120 -120 114 125 99 -108 97 80 -126 -118 125 127 125 107 -101 110 120 114 -119 -101 121 -125 -110 -120 100 -92 -115 59 -110 123
110 -126 -114 -122 103 81 -121 73 -114 89 110 -124 112 -70 109 77 123 -106 116 -114 124 121 123 123 -128 -123 -124 122 -121 111 111 -118 -98 107 -107 127 -118 -118 85 110 122 123 81 84 -115 80 116 119 -110 -126 -111 -79 -122 117 97 -106 109 -105 107 118 95 -127 -116 88 -128 121 104 113 109 -126 123 -109 -116 124 -114 -93 -102 109 125 108 -121 93 -119 125 125 108 110 124 -126 119 114 98 -122 -108 -90 -122 117 122 -124 115 91 109 64 -89 96 -118 -123 -125 113 95 96 -116 119 114 124 -123 -121 -119 -127 116 -128 110 -127 -121 -103 123 96 104 110 94 119 97 123 114 97 -115 -76 -117 112 -120 -104 -124 -111 88 79 -94 -122 124 125 112 107 -107 -104 -104 -125 112 -105 -123 95 -108 115 -88 -115 95 -104 -105 127 121 -127 109 117 101 105 -112 86 112 90 126 -109 111 93 -116 127 122 72 -74 -82 123 108 101 117 -127 -100 -102 107 117 98 -124 84 -103 -101 -112 102 -125 113 117 120 -118 -119 112 127 -104 -108 -94 -118 100 -98 125 127 108 -117 111 88 105 103 -121 90 124 98 112 -117 109 122 100 115 109 -116 119 -95 111 -116 126 -120 -91 -128 98 117 -124 -107 89 -126 -100 124 -113 111 72
-127 102 123 109 120 122 -108 -118 -100 121 126 81 -114 121 107 104 100 -118 116 125 -128 92 121 106 101 -124 -110 -128 -120 116 94 -128 -105 123 91 114 69 117 115 -118 91 -110 116 79 -80 -93 88 111 124 -121 -121 -118 -76 126 -124 -69 113 -117 112 104 116 -127 90 -121 -120 114 119 124 109 108 93 -119 106 -126 -121 -125 92 89 -91 -121 106 120 82 -93 -115 69 105 127 117 110 110 83 -114 -118 -113 84 -121 117 -120 124 121 101 -125 -104 -128 -109 95 85 103 110 104 59 -111 120 87 126 110 -90 110 122 118 117 -105 111 102 116 91 -114 77 85 113 111 102 -126 -120 88 98 82 -99 105 106 -87 112 106 97 112 126 115 -122 101 -123 91 119 100 -113 101 -124 123 113 -115 127 119 -125 90 -110 126 99 127 -113 120 127 93 110 -124 116 -124 95 -116 -89 116 57 -115 -126 94 102 101 -117 81 68 115 -111 88 113 -93 74 109 -118 -111 -127 -107 -96 -90 -115 114 99 87 -117 107 72 124 83 90 -116 -113 -118 119 -106 103 74 108 -104 -122 89 103 95 125 117 123 110 -104 119 102 110 -118 115 93 -116 -118 -105 82 -124 111 -113 120 89 119 -106 -121 126 118 -116 -81 116 86 111 -105
105 86 69 96 71 90 83 111 116 80 127 113 97 29 76 45 107 68 61 82 92 60 87 54 80 94 60 97 83 45 100 109 57 79 45 87 90 84 88 61 85 92 86 80 72 86 82 89 91 106 106 104 99 103 49 48 102 100 54 48 88 56 75 55 72 87 107 93 92 26 90 126 83 102 75 69 65 92 79 121 70 108 92 55 84 42 65 60 100 86 87 70 113 78 107 49 93 93 89 98 74 101 52 102 80 95 115 116 105 124 75 125 50 41 89 63 60 98 91 97 114 68 90 83 56 90 107 108 88 53 106 72 87 82 99 79 100 106 86 67 97 49 119 111 69 92 53 79 91 92 83 73 120 85 66 68 106 103 70 61 62 106 61 72 85 89 92 114 56 126 60 40 100 72 71 112 72 82 101 79 91 79 79 56 33 60 87 60 76 91 98 99 51 95 52 92 56 120 55 122 79 95 69 89 48 50 123 93 80 82 95 84 102 72 110 -123 94 75 104 35 87 108 117 63 89 85 82 53 57 83 75 95 93 -125 80 106 105 123 61 69 86 62 78 118 65 70 91 77 97 -122 63 89 98 94 119 73
109 110 -108 -99 114 -110 -124 -101 -117 -111 98 -118 -128 -109 -122 90 127 -89 100 92 -98 99 100 125 124 -126 120 -101 -114 -72 -81 126 -92 120 126 110 123 -93 -115 117 -111 84 -116 106 115 105 -88 107 -96 94 121 125 113 -98 117 -117 75 -76 -117 88 115 -120 110 -128 -97 -115 96 -111 -127 84 -124 -121 -104 124 -96 -107 -128 126 -96 114 113 -96 92 -118 120 121 -110 -110 -114 -89 -125 -105 -87 127 -109 -119 -124 113 -80 -122 -117 -115 -126 121 -103 -110 -111 124 -106 -119 115 -116 -117 127 90 -122 -121 -115 -121 -118 105 -126 123 -128 123 -112 125 118 -123 112 -118 126 -122 114 105 62 -95 104 122 -124 127 111 -113 102 117 119 -103 -121 -108 80 100 -102 117 -122 -79 124 -114 67 118 -123 116 115 -99 124 121 -109 125 -126 112 -91 126 127 -121 105 112 106 124 -127 -103 91 -106 114 95 -109 75 -115 121 113 -117 -96 125 -115 104 121 105 -127 -123 -113 -123 -80 -116 -110 116 -94 -121 92 -89 112 87 -117 89 108 -114 124 111 125 124 -111 117 -127 -113 -104 -109 94 -120 100 -117 127 110 -100 112 -99 -120 100 126 -119 -82 -120 117 127 122 124 122 126 97 -105 -114 -93 119 121 116 -75 -86 84 109 114
111 122 -117 -99 104 112 -105 93 -116 105 126 115 99 -110 -118 124 -121 -87 -128 82 -128 83 -120 -125 -121 -117 -103 116 112 -89 115 111 -102 -88 125 95 117 -112 125 -122 -124 123 -95 119 -126 86 127 126 -69 104 -126 -103 -106 -119 -110 117 125 -80 -113 113 75 -104 115 126 114 110 124 -82 119 67 -103 -116 -105 116 103 -92 -127 96 117 117 -99 -113 95 -121 93 110 -104 -112 121 -114 124 -97 -113 96 -109 -125 108 127 -100 114 -89 80 -124 -97 -106 -126 -122 -109 104 109 76 -105 -84 -111 -119 -122 -108 -73 -101 -124 -105 -116 126 -125 -110 -103 -123 111 -118 -120 117 -115 -124 104 126 110 -109 67 -116 -98 125 77 118 -127 125 -99 104 110 113 115 120 -104 81 -110 120 -98 -111 123 124 -92 72 -96 -84 114 96 -115 117 -122 77 -102 123 -126 -110 -102 124 117 -103 -122 -93 126 121 -116 102 -110 124 92 106 113 -106 -111 111 121 -124 121 -107 107 117 -103 -121 110 -126 -124 88 105 87 111 -121 106 102 -122 84 -114 115 -123 -117 120 -110 121 124 103 -118 126 97 87 -123 -99 -106 -122 96 121 125 125 102 113 114 117 -121 101 -126 87 -126 -105 -121 -114 -121 -97 -105 124 -98 86 122 -82 111 119 116 -95
65 80 83 65 70 85 81 102 124 69 64 60 84 103 113 31 71 96 89 58 72 52 69 37 89 62 88 80 66 81 96 78 103 100 74 117 101 -128 92 59 80 80 84 77 99 60 65 90 106 65 63 56 114 73 46 80 94 90 87 74 48 86 62 73 81 97 62 55 72 52 65 86 106 70 85 86 74 50 91 46 70 62 57 116 73 73 55 66 84 96 84 105 81 73 110 79 77 89 -113 86 98 76 -103 95 63 94 85 80 69 99 102 56 81 69 82 45 92 -117 114 95 99 39 -125 82 75 65 40 67 70 75 75 50 97 92 80 45 122 21 59 45 98 67 98 62 68 93 92 106 67 72 78 94 69 56 76 114 62 58 46 70 70 77 77 97 95 106 -128 80 78 78 98 44 82 77 55 115 102 75 106 71 76 99 83 78 27 52 97 35 66 82 121 76 87 93 45 69 94 75 51 38 73 50 70 85 34 95 91 65 85 81 110 122 83 82 113 43 26 79 71 71 108 66 72 81 108 72 95 95 54 111 86 63 113 67 86 63 88 40 86 53 71 121 42 112 71 79 104 88 72 69 89 88 88 102 76 98
101 75 100 -114 -124 -116 -115 110 117 102 107 121 -98 -118 121 99 110 -116 100 65 -107 110 90 91 126 120 67 124 81 115 100 -128 116 87 116 89 103 123 -127 112 124 127 -128 -97 120 126 117 107 -128 107 115 90 105 126 114 117 89 -115 94 90 81 -105 109 -121 125 90 122 123 118 93 91 -83 127 98 121 -105 96 82 120 -109 119 -76 124 107 102 104 -101 -101 -123 -125 -105 112 94 -112 -115 102 -96 113 -123 126 -98 114 -123 115 -112 116 -109 107 67 -119 127 107 -115 88 100 116 -90 122 -126 -107 105 119 88 -113 97 90 115 75 110 119 117 121 121 -124 113 60 113 72 127 117 113 75 86 99 116 120 89 116 115 122 81 117 -123 103 123 56 123 117 -117 96 -126 106 76 -127 94 108 111 120 -101 106 113 -120 103 78 106 -118 126 -126 -65 97 79 104 -126 -90 96 120 125 81 118 115 110 114 52 -112 97 115 114 -74 76 127 111 108 82 -127 86 119 -125 -118 76 113 93 120 -125 -127 -98 -115 120 -125 111 115 115 -118 123 119 96 99 -121 126 -94 125 104 -128 77 125 -124 120 125 90 115 112 -119 -128 -127 104 112 120 -118 124 126 -125 99 -89 -123 95 -119 -113
76 68 -124 109 95 98 -126 94 112 98 119 84 114 56 116 81 76 104 116 107 108 98 71 113 87 107 116 60 -102 99 -122 109 73 70 68 99 93 92 75 71 96 113 82 84 -116 121 78 115 88 85 84 67 98 102 96 80 96 109 89 78 90 92 85 107 93 91 75 112 91 78 117 -120 104 102 92 112 114 58 84 73 82 110 65 109 80 58 126 91 117 97 107 80 86 86 78 106 -123 90 -90 100 112 -123 87 127 110 -127 102 95 120 96 63 64 -120 109 97 114 77 99 -105 104 124 109 107 80 106 92 103 124 100 104 91 76 103 73 116 113 91 116 103 53 85 81 -120 -128 85 82 61 91 52 80 90 109 61 92 96 64 97 60 113 98 89 112 70 67 103 106 82 -124 75 -128 -120 121 98 119 116 112 111 -118 99 92 62 109 -110 -124 85 113 124 84 -100 63 121 -112 89 -123 83 112 68 89 77 103 88 80 108 -127 27 31 -118 -124 73 71 93 94 77 102 118 89 44 -117 100 108 104 125 81 95 85 102 101 62 117 110 118 -111 91 106 127 105 104 80 90 72 125 99 91 123 57 102 -126 -90 97 111 109 -119 -95 93 111 30
114 -108 127 108 124 -96 -106 97 -103 121 107 127 109 127 117 113 -115 -114 74 -124 -113 115 103 112 -124 119 127 -124 102 118 114 -125 -85 95 91 -122 92 118 117 96 126 114 120 95 109 115 118 -125 -80 109 -121 112 -86 104 -124 -105 102 -93 -112 -122 94 120 111 123 -122 -88 68 92 104 107 115 119 -90 -122 -100 -104 95 -85 98 -99 -69 105 115 -125 104 104 102 -105 124 -109 121 122 -99 110 91 120 119 123 -119 -112 109 -128 98 -99 127 -116 -107 -101 -112 105 95 -128 -106 114 127 116 74 -118 -91 108 127 102 -102 119 87 -106 86 -96 -111 98 106 96 111 125 122 -125 -126 99 106 -126 -111 119 -119 113 118 109 -123 -125 -108 115 -117 -125 109 75 114 -109 126 103 92 101 116 126 -124 86 114 127 112 124 86 96 122 125 102 113 95 120 -123 -102 -100 119 111 -119 98 108 97 107 83 -113 100 -110 -109 -111 -114 -122 96 -115 -119 -126 126 127 -121 -97 -127 114 -106 113 111 111 93 -111 -125 100 121 -124 120 114 -108 -88 -127 114 -99 -125 -107 118 -128 113 106 105 65 -117 99 104 -108 -124 -104 124 -121 118 120 84 121 -125 -122 -113 106 -124 118 -86 112 87 -97 -108 119 -103 118 127
67 68 111 110 80 105 48 66 117 97 84 79 59 104 95 108 83 89 79 59 96 120 57 102 117 89 54 111 86 126 -125 79 51 95 103 82 84 -128 119 71 85 97 94 -124 123 103 75 124 97 99 89 95 -124 63 79 -127 -114 114 45 69 122 102 93 90 104 94 72 74 80 53 78 68 101 95 78 93 62 -122 88 113 120 100 34 105 76 88 97 127 93 115 126 74 86 95 108 63 112 124 -125 62 91 118 111 76 105 68 -119 52 71 89 23 85 113 70 86 94 123 91 115 101 95 80 99 74 110 62 88 94 118 89 96 65 54 91 109 87 62 19 54 102 61 70 77 73 97 89 84 82 86 125 86 112 102 101 125 97 77 100 99 89 99 72 120 37 95 111 86 113 84 110 81 106 127 75 110 87 78 107 106 82 54 -113 60 78 109 -119 -127 66 90 104 56 123 103 110 127 73 112 124 74 51 -124 94 77 65 70 83 108 89 45 66 109 92 88 91 100 82 94 105 125 71 86 124 57 40 72 85 120 -127 116 115 87 81 103 89 76 92 -128 68 97 67 61 77 123 41 -117 125 119 103 107 84 86 90 81 85 102 101
97 62 113 119 -126 118 106 107 124 111 119 88 -124 123 -126 93 -121 102 100 83 91 119 106 75 -115 101 115 106 -126 -113 81 125 105 121 -121 111 -108 125 -114 -126 126 123 -122 119 113 -117 -122 107 -94 118 125 80 -88 113 -118 -126 94 -123 113 112 -123 103 -127 -128 -117 105 125 116 126 103 84 122 103 117 107 -122 -75 -90 111 -113 -110 122 113 106 -88 -117 97 -101 -128 116 110 115 95 88 114 106 112 127 -94 96 -111 111 86 -102 119 -128 124 116 99 -96 -123 101 -116 -118 -126 -125 -102 -107 -128 -126 -127 -114 100 106 108 -123 103 113 90 101 124 87 120 -106 76 117 -90 98 121 127 114 -114 105 104 -118 120 59 111 -117 101 118 -112 -120 118 127 100 97 116 85 -122 121 80 -118 104 88 122 88 124 127 126 118 113 125 89 91 -122 -120 121 -98 64 115 110 127 106 95 97 122 116 -116 94 120 123 -128 -120 80 118 123 -124 77 103 122 106 108 -98 98 125 -115 97 -119 79 98 115 -110 -95 105 97 86 127 -99 90 118 -116 119 126 105 -126 -104 109 91 103 112 123 -125 94 -122 115 121 97 104 105 82 95 107 109 -120 -109 120 113 111 118 111 113 -113 -123 -121 125
90 123 98 112 90 95 85 -127 112 -126 112 91 84 -125 108 74 100 -108 -124 -110 -120 102 78 120 -127 -106 -104 113 98 118 93 102 116 -122 112 104 112 122 116 123 98 75 127 113 126 -124 127 -117 -110 108 84 -120 121 89 -127 117 124 -108 60 113 85 125 119 117 89 77 85 120 -117 111 92 -116 -122 97 98 -117 -103 -116 -124 68 -117 -122 55 -124 119 119 118 99 -103 126 86 -126 -117 83 -113 123 124 103 -97 106 117 112 97 -115 109 124 123 -128 108 115 109 111 126 114 -124 105 -124 -90 -122 -109 -127 103 119 116 120 96 97 99 104 85 -119 117 126 82 73 104 -74 69 103 102 116 -126 103 81 100 121 115 113 -118 74 93 106 -120 123 -127 118 75 94 123 77 87 112 -103 101 -107 125 103 125 93 -111 67 86 120 102 94 116 -127 -124 -113 -118 106 105 109 -120 83 119 -106 102 -118 98 98 -78 -110 -101 77 111 97 -104 66 127 109 -111 108 122 97 100 -118 -124 107 96 116 -128 -115 -104 -128 110 77 121 127 110 91 95 106 79 -125 100 126 102 102 118 95 89 116 119 121 -106 112 118 70 -112 127 114 126 91 100 126 108 111 -104 101 104 124 -115 123 -119 76
94 88 90 95 117 79 116 122 114 102 93 83 64 101 78 23 103 -119 97 65 55 46 92 80 81 94 85 108 85 118 59 42 89 81 56 98 52 -103 -122 89 79 94 83 74 -111 63 80 87 114 69 95 89 116 60 100 108 71 109 99 89 66 74 51 87 95 64 70 71 104 68 69 116 105 101 81 87 67 83 75 74 79 100 84 62 92 85 92 108 105 52 50 89 103 68 78 115 95 50 83 79 102 76 55 103 82 118 122 98 107 70 59 118 73 76 92 87 60 111 98 88 60 -125 115 125 119 98 112 90 57 97 95 67 73 60 98 58 103 58 78 93 66 91 125 92 80 77 80 123 108 90 18 98 62 51 73 79 -109 72 74 89 117 58 100 120 85 71 93 60 78 106 101 61 111 109 95 86 59 107 75 72 119 106 84 100 56 88 49 91 80 83 85 108 86 110 68 59 31 92 107 120 79 117 58 94 76 67 110 -114 54 43 -128 71 76 54 100 111 98 79 -128 79 96 75 102 84 27 106 104 64 100 96 80 62 102 62 90 111 113 66 103 28 69 123 96 123 82 79 112 75 110 99 126 115 86 123 73 61
78 118 126 127 87 88 -124 -125 -128 113 114 98 81 104 100 95 103 124 119 98 127 105 100 123 -116 -116 111 127 122 -103 118 -117 -119 110 69 85 66 -117 -117 104 124 120 -124 108 -99 126 90 -108 -109 99 -125 76 113 -116 -121 88 -121 -120 118 115 -118 111 116 127 110 100 74 -118 93 109 -117 99 -122 126 126 96 -109 115 103 113 -119 -94 112 113 101 122 113 107 121 109 47 118 -108 109 -104 102 -119 94 -89 102 104 94 83 -128 -120 111 -94 94 125 111 83 123 107 106 102 90 125 121 -110 92 -119 100 104 95 68 -125 86 103 91 106 -102 109 106 119 116 99 105 84 -119 66 101 127 101 -119 97 127 -97 102 119 98 100 122 90 121 -113 105 107 68 87 121 85 98 103 106 -95 119 101 109 107 125 83 92 127 95 120 120 90 95 110 98 71 91 116 80 51 -125 100 119 -98 85 96 -127 82 -87 93 111 80 -114 111 112 126 126 99 116 78 98 -116 108 88 -101 80 124 -119 116 -120 -105 82 -122 116 83 106 117 -124 106 94 123 101 106 69 -120 104 -112 -122 97 118 104 -113 118 112 84 -120 -99 113 110 55 120 103 -125 121 106 -111 121 -97 77 -127 101
99 107 113 -117 124 83 115 -115 123 100 72 123 78 115 -112 75 123 -94 -121 71 126 89 98 82 113 99 91 123 102 -124 -111 109 109 -124 110 102 105 -98 117 111 127 85 -121 85 -121 107 -114 119 115 -113 -100 113 -113 118 125 84 -121 -110 115 52 99 120 -112 108 -113 -111 86 82 110 82 -126 -116 115 107 111 -108 -96 -110 -100 77 -128 -101 105 85 111 89 109 -119 117 111 113 119 -123 121 110 92 119 -125 125 -124 94 118 108 99 108 -108 -113 121 87 118 110 110 105 83 101 124 112 116 120 -121 93 101 124 -124 78 86 114 114 76 91 103 116 -114 126 101 113 -116 37 122 -124 -111 109 -102 50 90 -97 107 106 107 111 99 -119 117 116 -114 -125 -104 91 82 127 -114 99 104 50 117 -127 -125 88 83 106 93 78 107 -112 108 113 122 125 -127 -124 -105 109 106 65 100 78 -120 95 -90 -120 -123 -98 -125 -100 118 71 92 101 85 -128 -115 126 87 126 110 108 107 107 89 119 107 123 120 125 -124 104 80 126 -125 74 113 100 102 104 90 106 -105 117 104 88 100 85 107 125 123 -94 -99 74 98 90 -126 123 -115 -108 88 114 -113 83 -124 56 117 -98 -125 121 120 116
52 109 104 -107 105 96 100 98 -128 96 51 102 97 115 121 76 116 -114 -118 124 86 122 117 103 126 85 100 115 98 -102 -123 115 103 126 -103 65 -117 111 101 108 104 108 116 113 116 110 96 124 -125 85 97 -113 123 100 -117 83 92 -110 84 113 49 102 69 123 98 114 108 118 114 108 119 115 -123 115 114 120 -96 -112 110 102 122 88 100 -119 105 -122 117 98 101 110 74 120 103 86 121 112 74 102 -97 92 91 91 -115 96 121 84 114 -116 105 73 52 -128 126 114 -110 -127 101 83 -117 -103 95 -125 65 113 117 98 83 76 85 92 126 86 -117 89 119 115 -109 92 84 98 102 111 102 105 82 126 122 76 125 101 81 81 99 -115 67 109 -104 115 -113 -120 118 92 -123 121 114 115 77 113 73 -120 93 -113 102 -112 -121 126 110 -94 -119 109 78 100 60 122 92 96 100 95 -126 106 77 85 126 87 74 122 91 119 110 -120 122 113 98 109 102 -128 105 -127 62 83 63 75 109 116 89 39 127 78 -110 95 124 93 44 117 -114 -115 110 120 123 120 60 116 -127 112 -100 124 94 103 85 -117 89 113 106 99 90 -104 126 70 -94 112 90 -88 107 98 79 113
116 59 90 100 -122 85 89 100 104 126 113 85 93 99 125 90 91 106 94 89 104 90 98 112 86 118 113 123 93 124 -108 114 119 106 98 71 93 111 76 110 115 100 103 94 -125 120 57 -126 119 108 61 93 90 88 108 111 112 -106 83 64 77 80 77 119 72 97 94 -100 47 68 117 114 86 118 81 91 89 57 91 115 121 119 68 39 99 55 117 -126 101 102 127 108 -108 101 123 113 96 68 -117 91 -105 113 90 123 99 116 103 105 83 82 105 125 96 87 93 85 109 106 113 101 107 84 108 81 125 90 55 73 63 56 85 104 118 124 92 83 -127 63 115 55 114 99 93 -124 68 125 90 120 96 44 58 -126 54 77 104 109 127 93 115 124 95 84 -119 85 84 116 105 99 93 127 93 66 42 -123 94 100 100 -126 118 105 103 -124 124 107 99 109 111 76 95 111 79 127 105 125 103 -103 108 108 105 122 67 119 89 114 81 64 122 118 79 116 110 -126 76 114 109 110 112 85 112 66 113 118 49 108 89 88 102 65 -122 108 94 109 90 96 102 115 -90 107 122 110 -124 118 64 -106 114 113 -121 101 123 58 92 -111 113 100 81 118
-120 105 106 -112 125 114 -124 107 117 97 103 108 -86 114 112 62 -121 123 117 124 120 98 111 125 -117 -124 -99 118 -98 -100 94 101 -125 -103 107 95 79 118 127 85 -113 122 -119 -122 -111 -113 120 -103 -90 99 109 -124 120 -128 -128 -100 103 -123 116 83 108 111 110 -121 123 96 124 -105 119 83 107 -99 -125 109 -118 97 116 101 -106 -113 -100 99 -127 126 111 108 -115 -95 95 -127 90 -127 -113 114 94 122 127 103 -104 99 -103 92 111 -105 -102 -97 103 120 100 116 101 -125 -128 87 121 98 111 -124 113 118 113 -118 125 94 106 -99 -98 -114 93 113 114 -114 -116 81 99 104 106 123 116 116 111 -102 111 125 108 -87 85 -116 105 103 97 -127 121 117 -115 106 120 -114 98 125 102 108 -114 -123 -78 101 96 -127 -127 -115 -118 122 119 91 89 -126 110 121 -101 113 -126 110 -119 -121 99 97 96 54 123 -116 57 -113 89 -117 88 -79 87 125 107 123 123 127 118 89 116 89 -118 -90 116 101 123 123 -121 104 -105 -110 -121 104 -107 99 -120 73 124 123 -111 -112 -121 115 88 114 94 124 97 -124 -120 -117 -79 116 -115 124 -124 -123 91 120 103 124 -75 -113 -118 -120 -119 -87 -112 99 -122 -124
91 121 114 -87 120 -120 -90 -124 -108 115 120 -113 111 -116 127 115 -110 123 114 -109 -126 77 -120 -114 -100 125 103 -120 105 -81 97 118 116 99 -122 117 91 111 -83 104 123 121 121 102 -114 121 -116 127 125 84 -122 -118 70 123 -121 -108 -88 -97 112 -128 -119 102 -118 91 -126 -104 114 104 101 90 119 102 -118 116 -115 -124 101 70 118 -115 -100 -61 84 122 119 107 105 -104 99 123 87 -123 96 122 95 104 -85 110 -124 -112 83 121 -127 -96 118 125 123 113 99 115 110 -100 -109 85 76 114 87 90 -123 -122 -87 -128 -123 100 102 -114 -106 120 108 91 -105 119 -114 -124 120 84 -104 67 127 108 93 87 126 115 107 -114 114 -118 95 -86 90 121 -118 110 123 124 104 -128 118 -109 123 -107 107 99 -117 -81 -88 -114 -127 -119 -128 -122 114 122 115 116 -99 -109 -92 119 -127 -122 -102 121 78 103 113 -120 -118 -112 -123 93 107 103 118 -121 120 101 88 99 125 -105 -127 107 123 119 -112 -123 111 -116 122 -94 123 105 -93 115 -111 127 -108 109 -119 -110 109 96 115 118 -127 104 121 -120 111 124 117 -78 -128 83 -81 88 123 113 108 83 108 104 97 -110 -74 -111 -121 125 98 -114 -89 93 -87 102
93 48 -108 127 117 118 97 93 109 111 82 81 108 83 -111 96 106 116 78 58 -114 95 115 86 88 82 85 109 123 -127 98 -127 116 83 95 -120 78 116 104 23 108 90 108 94 113 105 88 119 115 -123 -97 114 97 123 98 125 119 117 -117 91 -118 86 115 120 -124 118 90 86 110 77 -117 125 113 -94 77 121 -106 93 99 -127 -121 -117 105 97 -103 88 78 76 126 115 110 87 86 88 119 76 85 119 -120 117 119 89 113 125 98 75 -127 119 81 -124 91 121 -106 102 110 93 -126 -118 -115 123 103 99 95 -102 70 116 84 -122 79 100 84 120 100 90 -123 76 115 106 109 95 101 74 -109 100 59 116 -120 70 95 92 82 -123 85 124 92 99 114 100 100 110 112 105 102 116 86 -110 97 96 -115 118 50 90 113 126 100 -122 59 83 -128 90 57 120 103 79 86 119 75 107 86 49 -101 50 95 113 107 95 107 123 98 95 107 102 82 120 67 95 112 92 96 73 80 66 101 -106 111 107 100 104 71 98 -87 83 76 -113 103 96 114 78 57 -82 -120 122 108 72 112 125 106 91 101 65 94 122 126 -126 102 84 114 -125 122 93 95 107 103 98 86 55
69 86 -108 -108 -127 -112 -113 119 -120 126 98 120 117 -123 98 107 -128 96 -124 109 -128 80 -121 -125 99 -126 102 114 108 -93 -107 -116 110 88 115 93 118 -128 -122 -97 104 117 -127 -121 118 109 124 107 -95 68 -124 118 100 120 88 -119 74 108 124 102 -87 125 -97 113 -114 118 112 127 -125 122 98 107 -101 111 125 111 117 -110 125 122 122 -125 118 -94 -121 -123 -105 111 121 126 57 126 -117 104 81 94 122 100 -105 96 113 116 -126 -108 -127 126 123 125 108 -128 99 118 120 114 113 116 -120 -125 113 114 110 -103 118 109 94 114 116 115 98 -122 -122 114 -114 -123 120 90 -97 77 94 -118 80 87 115 95 91 -101 82 -128 60 -113 68 124 91 117 101 79 -121 117 104 114 -126 -101 119 98 -104 -120 100 62 109 108 -107 102 -116 125 -117 104 -111 83 97 -114 120 107 113 119 55 -126 120 93 -100 -123 118 -113 82 -110 63 114 84 -127 85 118 -104 118 82 -128 81 105 -102 106 91 93 90 118 -112 97 -126 70 75 -108 -91 61 93 -123 116 59 68 -125 -112 108 117 127 116 104 122 81 -120 120 103 88 111 104 117 122 101 103 96 111 107 106 108 -103 -124 -103 120 99 -125 75
101 104 108 127 115 98 118 67 112 113 87 78 97 103 -126 64 110 106 92 119 119 99 89 126 112 104 88 108 79 115 -121 109 99 107 116 103 -128 127 85 116 113 -119 -126 112 -103 119 103 -111 111 -128 107 115 -124 86 93 97 92 118 114 82 91 107 -123 111 115 99 -107 98 97 87 124 104 67 96 80 112 119 103 88 91 105 110 -110 108 108 111 -115 -106 -127 124 74 62 112 110 102 83 105 89 -127 102 99 85 77 120 87 110 -124 93 69 85 85 97 116 116 -120 89 -106 -127 108 109 126 124 83 100 91 112 77 -89 96 122 81 81 94 108 111 93 -116 68 -109 98 89 76 80 101 110 -111 82 82 79 90 96 120 108 -110 102 91 125 89 69 101 118 -117 99 78 103 93 84 66 107 126 126 97 115 -123 106 76 117 73 127 125 110 116 92 92 54 112 97 88 93 77 -111 110 66 95 43 106 27 93 117 85 -116 75 67 103 108 -121 79 127 97 70 26 78 121 112 95 74 -125 115 -125 108 -101 117 99 95 77 110 98 -104 107 76 -123 102 102 57 109 112 104 105 91 115 88 122 67 109 104 118 123 107 111 120 118 117 113 124 -123 63
109 88 69 102 109 122 110 87 101 107 98 82 124 91 124 70 106 95 82 73 103 105 90 94 113 103 88 89 87 89 106 70 85 69 61 67 86 91 100 92 49 80 -124 93 108 -128 92 92 120 -128 85 80 111 95 110 104 98 -124 114 68 74 102 51 95 84 71 61 96 67 80 -122 91 -122 -126 108 107 62 124 118 116 100 120 94 108 109 80 72 102 103 115 88 82 86 78 103 102 105 110 109 64 -124 97 105 115 109 99 90 100 -120 83 89 117 126 99 96 86 105 -124 123 105 107 93 95 64 47 -118 107 106 68 118 112 60 121 110 80 125 124 91 81 56 69 108 111 112 111 86 100 105 87 73 68 109 100 -118 92 86 122 99 93 86 99 79 109 77 92 124 74 102 79 106 61 -128 73 82 114 121 101 115 -120 80 86 68 66 105 81 70 108 102 109 118 121 99 108 110 57 104 87 -109 76 78 109 97 101 96 76 85 92 79 65 103 97 93 100 127 77 81 86 88 104 82 -124 100 79 72 94 92 114 112 105 120 114 -117 99 107 86 112 111 112 119 80 -113 86 93 108 97 124 116 88 125 116 93 79 -120 78 104 116
104 113 124 119 126 115 84 59 -124 109 108 100 111 91 104 67 111 117 75 89 105 78 106 127 -118 69 84 121 120 -105 78 -125 101 88 82 118 107 115 123 118 102 121 89 121 118 99 121 103 110 97 121 112 -120 111 91 -115 96 -115 120 102 88 97 -119 124 -124 64 112 94 108 116 -115 -110 112 110 73 -80 -126 104 -128 107 112 -127 100 71 -124 113 118 -111 -122 126 -123 97 112 104 106 107 -110 84 -115 112 -128 107 -116 124 127 104 96 -123 69 104 76 -118 -92 83 79 -114 110 106 98 -98 89 -104 114 -126 87 120 100 125 79 127 104 -118 115 -127 100 120 120 84 121 116 115 98 -95 80 79 -110 -111 -123 111 121 106 124 88 -124 104 68 -112 -127 93 97 122 103 110 116 112 -118 93 104 -111 99 121 109 69 107 91 -128 118 118 125 114 58 100 119 85 60 -120 93 114 126 102 121 115 73 107 93 100 89 -98 84 -119 111 105 -119 -106 120 111 -107 -127 85 86 65 106 90 107 -101 113 125 112 -122 67 92 110 106 -98 82 120 123 117 123 112 80 91 111 110 -115 87 -120 95 113 103 -123 98 105 -114 87 -111 -109 121 -127 125 80 -119 -109 98 100 -123
123 97 107 -123 -123 123 -104 -122 -90 -121 118 118 -90 -98 83 124 125 112 -125 78 -115 69 112 117 -115 71 122 125 -120 123 111 -117 -121 -108 113 120 91 -126 97 124 81 -117 125 101 115 120 123 -109 -91 -118 125 114 -115 -111 90 -116 -118 -114 114 -114 90 127 119 -113 122 -125 -118 109 -121 92 -107 -102 117 92 105 121 -100 103 -123 118 -102 102 105 110 -92 -119 120 -120 -82 -112 -117 125 115 104 126 102 102 96 -127 112 106 100 -89 -85 -95 -125 -125 -125 125 -128 -100 119 -101 117 98 70 -122 -95 -88 -117 112 127 -119 -124 103 -107 123 119 -124 115 -95 -82 -83 127 -127 125 120 86 115 -116 118 93 -120 124 119 110 -127 -110 -122 103 106 -103 124 127 107 115 -108 123 89 118 108 -104 -95 68 -106 -98 125 -127 -127 111 -110 124 -104 111 125 -125 -124 123 -96 -113 102 104 -121 -118 85 123 127 92 -127 87 -112 115 110 -109 91 118 -117 -100 107 -115 103 111 110 123 109 118 -124 -108 83 -106 93 124 -91 -121 -75 -118 -87 105 84 100 -109 106 95 99 -126 -119 -100 118 96 -121 114 -107 126 110 95 116 122 -121 90 95 110 120 90 -113 73 -111 -87 -95 -119 125 -107 -124 116 -128 117 120
96 -91 -120 -102 -128 101 -123 -125 -92 -116 89 106 -122 -110 -112 82 -99 121 116 126 -128 83 -105 -112 112 102 119 -116 -111 -87 105 -123 -97 114 116 -128 120 -113 -110 -94 67 -123 -94 97 -96 -122 98 98 -80 125 120 -106 -111 121 -121 -82 98 -112 -128 117 119 114 107 -108 123 -122 -124 -121 -115 113 -123 -101 -110 124 -95 114 115 91 -103 114 -123 -119 95 -112 -101 123 -113 92 -126 113 103 104 91 124 118 110 -110 118 -94 -115 -114 123 107 -99 105 -112 -111 106 91 -124 74 115 -118 97 121 -112 -114 -111 -92 -115 -107 -107 118 -127 -112 111 -123 -123 -123 91 119 -122 123 -126 -80 106 -84 -111 116 100 104 85 -128 122 112 -118 -124 117 -127 120 124 115 107 111 -125 110 -112 120 111 -99 119 111 126 92 -126 -97 88 91 -97 122 72 127 -122 -80 125 -125 -126 123 -119 122 102 -97 126 -124 98 106 -126 -119 -113 -121 100 89 95 -107 98 125 98 -121 101 -127 -94 -101 125 -128 122 107 -104 -123 76 92 111 -103 -98 116 -120 -112 126 -116 127 81 -93 -95 124 101 100 -116 94 -110 94 -122 109 105 -113 107 -118 119 105 97 -105 107 113 -125 110 114 111 108 -114 -66 -98 91 119 -103 -109 121 97 56
78 92 -121 124 -122 -121 100 101 -75 -124 97 91 91 -115 105 109 -95 95 -128 -121 -119 116 107 126 125 94 126 112 -100 -86 113 -90 120 -121 -84 -123 117 -107 -121 -123 -66 -127 -109 105 103 101 113 -96 121 85 -124 -120 -100 118 123 -106 -117 127 114 112 -107 -118 -104 -114 -101 125 -117 103 -123 92 -103 111 110 104 -95 115 -77 122 103 107 -90 -111 78 -92 -125 -91 -125 123 118 -121 -120 127 103 -111 -124 121 104 127 -84 126 82 117 116 -98 111 113 -126 79 86 -95 -104 -116 -76 122 99 -101 -74 -107 -108 121 -79 -112 -100 121 -117 106 97 -115 -94 -112 110 -119 -95 115 -113 -120 -123 125 120 -103 72 108 95 122 98 -117 112 -105 123 -127 -128 -116 -105 -122 122 -106 -77 110 122 107 109 -123 118 94 80 -88 121 -106 122 -93 115 -111 -128 -103 93 -121 -118 -118 -111 -116 -119 -64 112 106 67 -118 110 104 -124 -113 124 95 -123 -110 123 -116 121 123 87 119 104 -125 111 -118 89 121 -126 112 112 114 108 83 94 -103 -93 95 97 -127 -91 122 120 113 -126 87 -105 109 -97 124 114 116 118 -106 -120 102 -128 108 -115 110 -116 127 92 90 109 93 105 -125 113 -95 -128 100 107 124 -113 123 -126 82
120 88 126 85 101 77 59 109 123 107 85 104 -95 117 96 54 -94 110 75 120 100 127 125 83 125 89 89 -124 126 101 81 -126 108 102 92 94 97 -104 91 71 87 118 95 65 -124 105 104 -128 -116 -126 -122 113 117 95 -121 -125 92 -111 105 123 124 -128 85 114 123 -123 110 99 67 88 93 125 92 -124 -119 110 69 96 -126 119 -127 -107 80 -120 86 74 79 -125 86 68 105 102 -121 79 88 89 123 93 100 68 -113 -114 85 104 70 114 105 94 85 73 106 104 111 107 127 106 127 -126 -117 -122 100 76 -123 77 112 -128 93 97 123 79 107 102 -104 95 80 75 126 -107 106 93 85 118 80 85 76 86 -121 -117 -99 103 67 119 98 118 127 99 -121 74 124 105 100 94 118 95 121 115 83 98 108 121 75 82 97 97 113 101 62 126 127 52 121 103 54 125 106 100 105 89 107 80 74 -116 117 127 74 121 51 84 92 95 82 100 -127 100 116 84 99 82 70 97 93 107 -122 93 89 -123 103 93 108 113 126 86 -128 109 110 74 103 116 122 88 120 100 -123 116 108 -124 -122 78 -89 88 94 87 115 96 99 107 121 -117 -106 96 102 118 95 114 87 113
98 86 -107 -120 121 100 -105 -90 -93 123 106 -117 100 105 79 121 127 -114 123 77 114 -125 -128 104 -116 113 -125 -106 119 -121 -97 111 90 113 118 -112 78 -111 117 -115 -119 -113 116 -116 109 87 93 109 -124 -101 99 78 102 120 101 -97 -124 -123 -126 101 -126 -120 -114 82 -121 -118 91 -126 114 86 -128 -105 123 -117 114 -110 118 112 87 123 121 -87 91 106 -118 121 -108 -114 -116 -109 -94 121 -114 81 -127 118 126 66 107 113 118 112 100 -97 -120 113 103 92 93 79 79 95 122 114 74 117 108 -99 115 -99 126 121 124 -120 127 -116 74 -125 87 73 -108 117 126 81 97 86 -126 85 70 97 -128 81 -127 102 85 -124 103 -109 98 110 78 -94 -102 -114 111 125 -118 100 93 120 126 99 119 123 -111 -88 125 -123 -127 -112 116 96 -114 121 -115 124 123 -103 121 96 -121 -91 85 78 92 101 121 121 127 -115 -128 -121 94 -108 -114 94 127 112 63 102 103 -117 78 106 94 121 78 -124 -128 -121 95 99 87 120 -112 69 115 112 101 115 113 116 123 -125 108 91 -116 85 105 -128 117 126 113 -127 122 -124 -114 124 -123 98 82 -92 -102 98 99 116 -113 92 96 99 114 -99 -109 119 -104 80
99 43 122 100 -116 77 91 92 105 89 93 86 40 104 91 89 107 113 110 95 80 -124 85 71 110 91 85 -121 107 -124 105 48 82 122 106 84 55 74 111 74 69 83 100 85 114 98 90 96 102 102 101 83 113 69 120 -116 122 -128 77 116 111 127 48 90 98 106 64 110 88 68 64 57 -125 112 109 85 74 -122 109 90 111 98 91 -123 75 96 90 122 89 85 -118 110 124 58 106 105 95 75 -110 92 106 103 93 116 103 88 -118 85 102 92 55 115 95 66 96 110 81 108 104 83 92 90 100 100 101 97 70 97 88 108 102 68 97 67 84 113 114 76 82 84 108 90 118 98 85 127 -120 120 110 91 86 106 97 124 80 108 80 82 108 124 88 70 117 79 87 119 56 102 97 123 94 102 92 102 99 90 59 107 65 78 85 -123 48 108 79 120 86 69 119 103 105 119 92 122 92 89 88 90 73 54 -118 100 104 94 84 101 102 97 76 85 79 75 95 70 82 68 101 103 99 84 97 107 90 110 81 -128 86 96 114 89 74 108 116 97 124 101 -111 115 97 91 99 109 113 86 98 104 113 97 122 80 96 -119 110 -128 115 63
94 82 -117 -124 103 88 101 106 -117 112 121 126 106 -103 113 82 102 -118 -127 71 -102 104 -116 -125 120 114 114 -107 113 -128 125 97 104 122 -116 123 87 111 -121 105 -95 98 96 81 -96 77 -127 121 -98 93 113 118 124 111 120 -127 94 -92 102 116 98 -122 114 -128 114 96 114 -104 -113 88 114 -122 116 98 111 120 88 123 -111 -125 106 -112 112 -119 126 94 110 -116 119 102 122 -119 -118 91 109 82 119 101 -111 -77 118 -118 113 -96 -125 -106 111 111 -120 -113 124 -124 93 96 95 82 117 -115 122 125 -105 -103 124 96 88 118 -128 102 -125 116 123 121 127 73 -112 76 -88 110 117 81 126 124 99 110 118 112 122 -107 -113 111 105 109 124 99 124 126 113 82 84 108 65 -114 87 70 -107 116 117 91 104 -112 115 87 -113 93 102 88 -126 98 114 104 115 91 101 -114 103 -120 104 126 -128 -128 86 -117 -124 112 76 121 102 -93 92 97 116 115 -126 103 95 68 127 113 119 -115 -128 115 -101 -128 -125 -116 107 89 89 71 -127 126 118 -99 84 98 110 100 67 -82 98 -98 114 95 118 101 -121 95 116 104 101 113 -105 111 79 118 -112 113 120 115 71 -102 -75 110 85 68
113 96 -125 -126 114 -124 -116 -122 -107 119 -100 -93 122 -123 98 106 -106 -104 -124 -119 -89 110 117 -128 89 118 126 126 97 123 123 -116 -119 -102 113 122 109 -118 121 97 101 106 -91 102 -100 101 102 103 -100 -119 99 114 -111 -122 123 -109 -109 -105 100 127 72 98 -114 124 113 -110 105 113 -104 103 -121 -90 123 104 -85 -125 125 -112 120 -122 -113 115 98 -85 -120 127 -104 -128 108 105 90 124 -117 126 -107 -128 93 103 -121 -127 -86 126 -111 -128 105 122 127 116 121 -113 -124 122 124 126 118 115 113 -119 -127 120 -97 115 97 -115 120 118 98 -117 101 72 -121 119 -126 105 -101 117 -91 -116 -123 84 111 113 -102 -109 -102 107 121 -102 -123 84 123 -102 107 -123 122 100 -97 78 -120 -122 105 -125 -118 68 105 -108 76 122 123 -114 79 -127 -91 -95 84 -121 -107 -121 -95 -111 117 112 -124 89 123 -106 127 -112 -87 -121 -120 -126 -120 -122 73 124 77 114 122 118 117 -116 109 -127 110 116 -85 -114 114 -97 -122 112 -117 -120 -99 -99 97 -120 124 125 -78 -117 116 99 114 -100 -127 -123 124 -120 104 114 121 125 -128 106 -109 -111 -124 89 98 -115 124 -126 107 -98 -125 -126 -120 123 -107 -104 -118 124 -94 69
-117 117 -127 124 -112 106 123 -126 -102 117 81 -101 -91 -90 -116 86 -116 -106 -87 121 -103 -106 119 -79 -96 -112 127 -116 -103 -111 -117 113 117 103 116 -110 -115 -82 -128 123 -114 -113 108 -127 -117 121 -121 -108 -69 -113 -127 -110 124 -116 -128 -102 -101 -88 -97 -110 108 -121 124 -127 -123 118 -105 127 -124 83 -116 -68 -118 -108 121 -93 -126 119 -93 -116 101 -83 -121 -116 94 -128 -116 -104 106 -71 -104 -127 124 -102 -128 110 120 108 -86 111 105 -125 -112 100 -86 -85 124 -110 87 -114 126 -111 -118 102 126 116 -110 -99 -106 -92 -117 -89 -104 -113 108 -125 -117 -123 115 127 -128 -110 -68 88 -84 -120 -100 92 -95 110 107 -121 -120 89 77 -96 -100 -116 -120 98 124 -111 -88 -90 121 117 117 -107 125 -113 -116 -109 -124 -126 -107 -112 -85 -113 -120 -124 -124 -119 94 -105 -73 119 -113 -114 -83 126 -112 -126 122 -125 117 97 -121 107 -117 83 -128 98 -117 -116 89 99 -122 124 116 -98 -125 -128 125 -123 122 115 -114 121 125 -119 93 -105 -104 123 -67 119 -110 121 -116 110 -77 103 -99 -115 126 -92 -110 123 118 -79 -126 -115 -112 -116 -124 -124 -117 84 109 105 127 -112 -115 -111 112 -78 -89 -119 -110 -105 99 -93 -71 -105 -121 108
105 85 -100 -119 110 123 118 -121 95 112 127 -123 103 -128 104 119 110 121 119 107 92 86 122 121 109 -121 110 125 -119 -113 126 125 125 -90 100 82 80 120 107 60 -119 -100 113 116 -115 123 71 -112 -117 78 124 123 93 -122 103 70 -123 -111 101 127 105 80 92 117 77 114 103 118 123 -112 122 124 117 -106 -122 121 112 -128 80 -116 -125 120 -122 -125 119 124 106 -124 -117 105 88 122 -113 85 -128 116 -128 109 -107 117 -116 -125 124 119 122 104 -106 115 -123 116 97 124 -116 102 116 113 105 107 -127 114 127 83 96 106 106 111 109 83 79 67 -128 94 116 122 -103 -122 89 86 114 109 -125 -121 -126 -121 113 -107 90 -107 97 -128 70 123 -126 114 114 54 -110 110 -105 127 -111 96 113 68 103 116 114 112 117 -123 -127 111 119 -82 111 -128 120 117 -122 77 80 118 103 113 98 -117 109 93 109 87 113 100 126 -92 89 -111 115 106 90 104 109 96 92 103 66 124 -84 -94 115 109 113 118 95 99 82 98 -127 112 -121 -117 117 -98 102 -125 117 126 107 104 117 100 112 -100 -108 -128 -101 -99 -124 123 121 87 -128 116 118 107 99 127 -119 104 -119 114 -97 111 96 122 -124 88
97 86 -108 99 102 -126 102 78 -104 -106 123 110 -127 114 111 85 101 116 120 118 -124 -124 93 -114 -120 105 90 98 119 -109 124 103 122 78 118 -123 108 117 -106 117 108 127 97 -126 -112 -124 74 -125 110 115 121 -103 108 112 78 124 -111 -109 101 72 -121 106 -122 116 113 68 123 -115 102 96 -104 113 86 -119 -125 -118 125 100 123 92 -121 -107 40 -123 98 117 110 115 -118 -83 114 112 -121 104 122 91 104 114 -84 -128 118 -119 -127 112 -127 101 111 127 109 92 -126 95 94 70 102 121 -122 100 117 -106 -124 -128 -117 118 97 102 112 106 110 125 -126 105 112 110 107 116 -90 103 97 85 106 108 -118 -112 87 -120 -110 127 111 119 72 -120 -126 -119 89 96 -126 -104 111 71 110 109 -126 -122 106 -115 124 106 -120 -122 86 83 95 118 125 79 103 112 126 127 78 117 -113 104 60 -112 113 69 126 63 -125 122 -118 -123 111 -113 101 -118 88 126 103 80 118 -117 59 -123 -116 -110 90 88 -126 127 83 119 -105 86 -115 116 -116 113 126 105 61 118 -123 120 -117 99 127 -109 -113 125 122 -111 -127 99 -114 122 124 88 107 116 123 120 104 -104 -113 -100 112 -114 81 -116 -109 110 87 111
75 102 90 111 77 115 103 113 -88 103 66 120 104 100 -94 46 112 125 106 100 109 75 89 107 113 48 113 95 -124 -112 100 -113 124 102 116 -128 73 -120 -125 111 74 95 -123 78 99 109 85 103 -101 99 -128 112 116 98 81 87 89 116 106 28 90 106 97 102 -104 92 102 -124 77 81 107 85 -96 97 -101 100 99 79 102 75 -128 124 79 -122 99 123 80 93 89 113 100 119 80 100 107 123 77 94 -128 92 110 92 -120 95 69 73 -121 94 -128 115 98 116 -120 77 48 86 90 -126 105 87 120 99 113 91 61 101 85 108 116 120 -121 65 109 104 117 106 -116 71 63 69 70 90 -117 109 123 99 -116 89 -111 112 83 -125 107 127 107 107 120 118 110 106 100 83 82 81 98 92 66 80 110 -120 96 106 82 -127 91 77 98 102 109 101 -123 112 86 88 80 113 95 90 118 -107 107 99 68 119 85 107 74 100 84 121 113 118 86 -123 88 75 -124 -122 29 69 81 124 125 109 121 106 96 98 112 83 -123 102 59 74 99 -127 -122 126 89 120 89 106 -120 107 116 84 -117 94 111 113 82 76 101 109 65 -128 124 -127 118 -116 -111 -119 100 108 107 40
114 70 102 -124 -97 -109 -114 106 -104 95 -125 -115 -94 -125 96 97 99 -113 89 97 119 120 -126 -91 -96 116 117 -83 -97 96 72 -104 95 -108 84 110 -114 -74 119 99 90 -110 -114 99 -119 119 115 -119 -71 -83 -107 125 113 -75 -76 -98 -101 -117 103 -128 93 111 120 -112 96 113 -123 -125 -125 98 -120 -79 -92 -105 -90 -112 -126 88 -82 125 110 -117 124 -122 112 123 -125 -114 78 108 -116 -121 116 112 116 112 119 98 123 115 -106 -81 106 124 -109 -87 -83 -126 -120 -123 -117 -110 122 127 112 105 -121 107 -66 -119 -91 -109 -113 113 107 -117 126 -128 -127 91 -109 -106 -84 -109 124 127 -122 97 124 117 109 116 -116 127 102 123 116 -123 91 97 120 -107 -94 127 -113 114 -124 -114 106 -113 -123 124 -124 107 113 90 -124 123 -121 -125 125 -117 -118 95 -109 -84 127 90 -96 -125 78 112 -125 117 120 104 -117 108 -119 -115 102 -121 109 126 119 108 107 -113 85 83 116 69 -113 -104 103 -97 100 -122 110 108 -126 -96 -94 -118 -128 -79 113 123 109 95 -102 -123 -128 -106 -124 97 -99 -128 -104 -119 119 -106 -107 -100 -128 100 -126 -121 122 119 99 -124 -128 -114 -121 -117 -103 95 112 101 120 -112 -123 -120 121 -83
103 89 -110 -101 124 -110 -82 -124 -106 93 99 -108 97 -106 94 85 -124 -106 -114 -121 -128 112 116 122 119 -128 -116 -116 120 120 121 82 90 -120 -110 -110 96 -85 116 105 -104 -102 -90 115 -113 -119 118 -111 118 121 110 110 -118 -112 94 123 -120 126 -121 -117 125 -128 116 -115 -103 121 118 -118 126 101 -120 -113 -69 -97 -121 117 118 114 -119 -98 108 -123 121 -83 109 -126 117 -126 119 -114 96 120 -105 121 120 121 -124 111 -110 -127 107 123 125 110 -119 -119 110 92 -112 114 85 -112 121 -128 101 107 -112 125 -108 -106 -94 -101 91 -93 -108 104 123 109 98 -127 -92 112 -109 102 119 122 -120 80 -105 -124 -114 -113 115 76 -119 -115 107 -128 100 105 86 -110 -115 -113 120 101 -112 93 113 -116 -121 122 122 -107 -127 -117 119 116 120 -93 -107 123 -109 125 121 -128 -128 -90 -104 126 127 120 100 98 77 -80 -112 86 -111 117 -127 123 101 -107 108 79 112 83 40 -114 116 111 76 -118 121 118 -92 -76 -128 94 94 -106 -120 121 -112 78 122 -118 111 100 -110 -116 97 -105 112 -103 -117 -102 86 -119 94 -97 122 100 113 108 -113 122 -127 104 87 -110 -91 -114 89 -106 -51 101 124 125 -117 -80 -111 -118 120 86
94 97 -126 97 -122 125 -117 88 126 91 109 90 105 127 97 113 -124 -70 59 99 -125 119 -108 126 -104 125 119 -128 -123 120 72 105 -113 118 127 119 68 -76 -123 88 71 -101 -121 -118 -86 -94 -120 98 -108 -103 -111 117 -120 -94 -127 -90 -121 -82 118 110 107 -112 109 102 127 -123 103 126 112 85 122 -122 -111 121 116 120 115 -121 -93 127 117 -103 115 122 124 96 -120 -101 100 113 -96 126 -99 -118 -113 115 102 82 109 125 -100 124 93 -120 104 -109 126 120 -116 105 102 -108 124 -115 -121 102 -101 98 -118 116 116 -121 -119 127 109 -127 91 -103 113 105 127 76 -121 104 110 113 -103 100 -119 -128 116 107 -95 107 117 57 107 123 112 106 90 -113 127 -101 113 120 -95 125 118 77 -124 -124 -104 114 114 -124 102 115 -124 -110 88 -111 -93 -109 104 109 108 -117 124 -120 117 -124 87 87 117 102 99 -127 -126 -100 -120 -108 -117 -114 125 -124 88 -75 97 -104 106 -122 118 -98 -103 122 -113 90 -119 95 122 53 -89 127 123 118 97 117 101 82 -113 -126 92 115 105 -125 -120 -121 114 -111 -118 -112 -122 94 -112 74 94 -106 -108 100 106 -124 -72 -123 101 124 -126 -104 89 117 86 -72 -112 91 72 111
115 123 -127 -103 102 -123 112 67 -109 97 117 117 -124 -127 -117 107 122 -117 107 -96 -117 102 109 98 106 65 -126 -128 126 -110 -125 103 118 113 113 124 93 113 113 -127 110 99 -122 97 119 -111 89 -108 -111 120 121 117 125 88 -124 -99 124 -96 117 100 104 103 127 -122 122 93 127 -119 94 86 -118 112 100 113 110 -112 115 111 120 117 126 95 101 -123 109 -123 86 -99 -115 112 111 -96 117 123 -124 99 98 -84 -108 106 -114 109 -98 102 89 -106 -99 105 109 104 112 99 117 -86 121 -128 103 -106 127 116 124 100 121 87 -113 -120 91 110 -123 87 111 99 123 -121 100 104 124 63 119 74 127 107 -111 118 108 -124 122 105 106 98 105 -113 117 -84 102 117 -106 113 -122 98 90 105 -110 103 -116 125 101 114 95 -109 -116 112 91 94 123 89 127 111 -85 -102 101 -102 -104 100 110 108 102 121 121 125 -92 -127 -103 123 93 119 85 125 75 -103 104 101 104 -96 92 88 -123 115 114 77 94 89 -118 -117 -94 101 112 -109 -116 86 116 125 113 115 115 108 -108 109 115 99 96 102 104 -122 87 61 114 -115 126 102 119 88 93 114 -125 -108 122 -88 -92 -120 -102 -116 117 108 -124 126
69 109 -128 -128 71 122 108 -127 -77 91 113 -104 111 -125 111 106 -107 108 122 -124 123 -128 101 -101 108 -100 -118 122 -116 -101 77 98 -105 120 114 121 105 116 117 -99 100 92 120 120 92 109 -122 118 126 -125 -112 -104 89 -120 111 -96 90 -120 -124 89 -117 95 102 102 -127 124 -105 -97 122 127 114 -121 104 -125 107 123 95 -117 -128 -98 123 100 95 -113 113 98 124 -91 105 -82 122 -83 -100 -115 -94 116 72 -123 124 119 106 112 125 93 -119 -121 119 -120 -122 -122 102 -128 -110 116 111 -119 120 -128 122 -124 113 -114 -90 -126 104 101 113 -99 110 121 106 115 -85 72 120 -112 -108 84 94 119 117 -84 88 84 -112 -80 126 120 -106 97 93 114 -127 123 74 100 123 -95 -120 90 109 97 -94 -122 107 112 74 -120 -74 -109 114 114 124 112 112 110 -119 -122 -117 124 86 103 -109 98 106 104 -103 85 -94 94 -125 120 -115 -88 109 108 98 119 -122 -99 121 -126 118 105 -102 -114 103 -119 104 -105 108 69 -100 -127 118 119 127 125 -83 108 121 126 124 102 107 75 -128 -110 120 -122 114 -122 111 119 -107 114 120 117 -93 104 103 118 -111 121 124 121 -104 -113 -107 126 125 -77 118 100 -108 114
80 91 119 -104 -101 -112 -114 113 -100 -110 115 -107 -94 -89 -128 91 -114 122 -107 -88 114 125 127 -82 -123 111 -105 -98 126 -109 118 -113 126 -91 -115 125 -114 -115 106 127 125 115 -127 108 -120 -106 76 108 -97 -116 -91 -101 104 -107 -106 118 -116 -112 111 124 -119 103 -115 -115 113 107 -109 -85 -121 125 -111 -105 -107 112 -72 -128 108 -111 -114 103 -99 -113 124 -120 122 -108 117 110 -114 -100 109 -108 -89 105 -127 120 122 -104 -91 -126 99 92 119 -112 -119 114 -114 -91 115 -101 109 -112 -85 123 116 120 -110 106 -121 -121 123 -94 126 106 112 110 -101 -128 103 -110 120 -115 -85 113 118 116 -83 50 -101 102 125 117 -87 126 91 121 -108 -103 -84 -114 73 114 79 -123 75 -111 -120 -128 -95 -108 -115 102 -119 118 125 -100 123 112 126 123 115 -115 -110 120 -92 116 -105 -78 -97 -119 127 120 123 -118 81 -120 127 117 -114 118 -117 117 -120 -111 82 99 92 104 101 -122 -98 -117 93 -103 -88 117 -115 -101 -128 124 124 123 -127 120 -85 120 -85 115 -117 93 -107 111 108 -112 100 122 -103 -106 -94 -118 -128 -125 -120 -84 -71 -124 -105 108 -127 125 -126 116 106 -80 -116 111 -86 -108 -76 118 -115 -93 127 100 -116 -123
-121 -107 -87 -76 -119 122 113 -112 -111 -119 -122 -75 -120 122 -118 109 -67 -103 -106 -114 -124 116 98 117 -81 105 -127 -125 -105 -111 -110 118 -128 114 -119 125 -101 -118 -102 107 -124 -121 -103 -126 -127 -98 -120 -115 -70 -81 -103 -94 -121 -95 -122 -117 -101 -78 -110 88 -122 82 114 -114 -125 -87 -118 -116 -103 117 -91 120 -119 -101 -120 -74 -114 -103 124 -98 -108 -114 -122 -126 -97 118 -114 -102 89 -99 -109 122 -109 -127 -111 -119 124 -109 -78 -109 -109 -117 -122 -113 -83 -125 -91 -102 -114 -122 62 -123 -91 -108 -100 -111 -119 -100 -100 117 114 -117 -98 -108 116 -79 -103 -64 80 111 122 -126 -122 124 -100 99 119 121 120 116 -112 110 -65 111 120 -109 -99 -84 106 110 -87 -124 -103 -23 123 124 -106 -92 124 107 -94 -118 -57 112 -123 -108 103 108 -100 -74 110 -104 -95 -99 115 -113 105 -113 -77 -107 -126 -108 -82 118 -128 113 -107 115 -89 -120 -90 -125 -113 -81 94 115 71 -111 111 -111 -107 125 126 -106 -126 120 -72 -120 112 -113 120 85 -92 -113 -112 88 -118 -123 -88 125 -71 -91 117 -128 105 111 -119 -74 113 -98 -94 -114 -115 -105 119 -97 -93 -113 126 -126 -116 -107 -82 -87 -84 -104 -98 -88 -125 -96 111 -86 -108 106 -113 98
112 61 97 -127 109 -116 -123 125 -116 117 100 96 118 114 100 95 111 -103 -120 90 -114 111 95 112 -110 91 76 -121 102 -127 114 -119 -105 84 63 124 99 -122 72 86 107 84 93 111 -123 115 92 127 118 -120 -108 95 109 -115 125 -103 103 116 86 68 100 116 90 125 120 116 110 104 93 96 117 -80 115 117 -114 105 116 109 104 -126 -99 -124 98 87 -120 112 110 -121 -109 -109 121 120 107 79 118 106 127 103 -128 101 95 119 115 -125 -115 -128 -104 81 90 114 -122 81 -122 102 52 60 113 -89 -127 115 106 67 108 112 90 107 59 105 116 102 99 109 111 79 112 85 -101 103 124 78 85 41 -127 111 114 102 -125 115 117 74 88 102 109 101 -123 93 126 104 -109 95 126 101 114 99 -125 -125 105 -128 106 102 118 105 83 44 89 73 73 -119 -100 98 121 -116 115 -125 99 108 93 84 79 102 -105 101 111 -109 103 109 90 -112 90 -107 104 106 112 -117 41 80 86 104 77 100 74 -127 -115 125 -112 104 115 116 121 79 -118 127 94 109 86 -119 121 103 -122 97 118 105 98 120 -123 104 -114 124 105 98 110 114 73 108 123 -121 114 -117 -123 117 120 -108 119 106 117 91
75 58 104 113 108 89 76 65 -127 86 65 70 65 91 73 64 80 114 83 75 81 116 61 106 124 91 85 90 72 112 101 77 107 99 103 121 85 114 78 111 65 126 116 87 122 111 84 96 -122 67 87 112 83 88 96 73 101 110 85 102 82 75 78 74 90 72 104 106 92 109 119 76 95 69 94 102 107 107 116 60 83 114 91 124 92 64 74 97 -120 91 71 66 92 67 64 125 112 82 -102 116 58 66 -108 114 -120 96 103 89 53 94 99 81 115 113 73 85 105 122 98 78 121 90 110 64 69 116 93 92 69 125 87 103 101 112 64 122 108 47 81 67 72 120 123 75 109 68 103 96 82 90 104 -125 72 92 53 74 112 115 58 98 124 92 123 83 101 121 93 69 67 93 107 105 70 91 123 104 89 93 106 105 82 115 90 82 50 114 110 79 119 106 87 95 107 103 77 100 118 64 84 108 107 53 50 -126 78 74 101 -125 61 69 86 -106 95 93 125 67 89 102 95 36 111 79 49 88 92 102 -123 78 70 111 63 102 -127 66 74 78 80 64 57 104 109 102 81 97 103 112 116 80 111 107 86 120 112 77 54 107
89 43 59 96 90 118 101 45 127 78 -126 82 111 -124 65 58 -127 84 80 31 68 107 77 79 97 53 73 78 86 90 54 68 109 101 82 80 72 67 93 82 90 88 99 70 87 67 43 119 113 82 98 88 70 68 67 123 104 106 106 64 78 105 73 70 69 75 44 111 39 60 82 84 78 100 101 93 88 117 106 100 84 117 98 58 60 64 97 101 76 94 49 64 127 84 101 92 82 53 82 56 78 103 107 81 80 -127 77 82 51 110 83 104 88 66 78 105 67 74 76 86 81 105 115 77 58 75 49 83 103 85 115 70 92 -122 96 114 98 41 96 81 60 124 92 51 85 119 91 97 92 100 94 99 75 114 99 104 96 57 62 100 70 103 90 80 73 116 89 100 100 74 109 54 60 69 89 110 89 75 86 92 73 109 64 68 70 115 90 75 110 58 82 113 70 90 81 95 35 55 81 84 83 60 75 81 79 68 85 85 46 95 78 88 106 77 90 96 75 89 92 76 119 99 67 77 82 72 69 64 103 50 67 49 124 126 52 69 107 94 88 35 70 89 83 67 68 77 102 39 74 82 93 96 59 97 81 100
-122 99 -101 105 106 -113 -125 113 -104 107 -122 117 101 120 110 74 116 108 110 69 106 106 64 108 86 91 -116 116 -126 125 -125 100 118 117 120 126 96 -120 -74 -123 115 -125 109 96 -117 -125 97 -121 -113 -125 105 108 -97 100 124 -118 -107 -116 117 84 92 105 103 -124 118 -128 123 -121 111 104 115 -106 109 105 -124 -117 116 102 -121 108 124 -114 42 122 -110 -124 121 -103 -128 104 108 112 104 -124 -128 -113 89 101 -106 111 92 87 95 -117 85 -125 -117 104 123 83 103 -118 -119 124 118 -121 122 -101 94 -120 -123 116 -127 126 105 123 103 -116 106 88 102 106 -105 112 82 125 -113 65 88 95 100 94 -119 127 93 98 114 123 107 94 76 121 88 116 108 92 -87 84 88 115 -127 98 109 92 113 121 81 91 123 -118 120 109 117 -126 117 97 114 -125 115 99 111 124 121 117 93 -120 -116 90 -122 104 109 -104 123 109 61 -124 101 117 77 122 103 -120 98 87 78 89 -128 122 74 81 -120 96 -121 86 -107 96 106 110 -104 110 -98 110 113 110 116 -121 -114 97 95 -120 97 115 123 114 -105 109 -119 102 92 91 94 -111 -119 108 112 -122 120 -116 112 -122 -123 100 127 -128 88 112
92 99 92 77 90 -121 -123 105 97 -127 116 115 -108 -127 -114 96 -109 121 91 -125 99 122 102 124 101 -116 127 120 -126 125 -127 107 116 100 106 -116 118 111 -115 106 112 120 93 103 122 112 87 -122 -122 91 121 -108 122 127 -112 -111 -119 -124 118 96 107 101 127 -127 104 125 98 109 -119 70 126 -94 126 81 -79 -127 -110 -119 100 -82 -124 122 -110 -102 -107 109 -101 106 -124 -101 -121 96 -101 -127 119 86 103 115 121 -121 125 103 -113 122 118 119 104 -109 94 -95 108 97 113 -127 121 75 124 -112 123 120 -114 117 -110 110 -81 115 107 113 118 100 101 101 121 -116 98 126 116 -128 115 71 -105 103 -128 115 88 100 102 -126 96 117 124 -127 -108 -122 -104 96 -127 94 111 74 -122 -123 121 77 82 -124 118 111 120 113 -106 127 116 -126 83 -114 106 -120 -95 -119 113 102 119 119 75 116 105 87 -117 109 -110 86 125 -123 123 119 88 121 101 106 -109 -121 91 -109 88 112 121 -124 121 127 116 103 115 -93 114 117 120 107 115 -124 -120 -95 88 123 -101 72 73 98 107 -127 119 101 93 -114 -110 116 122 97 65 102 -90 119 -111 -120 -124 124 126 109 -118 77 -124 123 122 107 111 -106
-123 114 115 -98 105 109 127 85 -107 122 69 84 -127 127 109 90 100 116 127 109 -124 92 112 103 114 99 91 102 102 -119 117 116 122 68 -125 -124 114 -113 90 118 125 -128 -128 115 -115 89 109 -115 -100 122 114 -75 -103 108 108 -127 98 -112 125 -125 98 -119 122 109 -125 118 94 78 123 117 101 -117 120 93 109 -101 -127 100 95 126 108 -124 115 -113 99 102 82 104 -100 -97 123 76 88 120 -128 127 -98 106 -69 96 98 96 -109 114 -124 85 99 122 101 79 96 80 64 107 -111 109 -118 -100 -101 -124 121 -125 117 97 109 126 91 83 118 106 111 86 118 127 -117 70 -87 51 -126 104 -112 -112 99 97 93 -98 88 99 -117 93 90 -118 98 106 116 90 -128 86 -125 -113 127 119 86 59 -128 123 104 108 85 71 109 112 78 84 -90 97 77 112 126 62 74 -105 73 109 37 -118 125 125 97 -127 118 109 125 -124 91 109 72 123 77 -121 -122 96 104 -64 99 106 -115 -119 91 109 -117 -104 109 109 111 73 100 125 108 103 -115 103 92 90 111 -122 -128 114 -122 108 95 -108 123 -124 -125 122 -112 95 103 78 86 -123 103 -118 -125 114 -112 -98 -105 114 94 -118 -107 -111 84 89
78 80 70 122 95 96 110 77 65 78 81 81 79 112 97 98 99 106 87 103 121 102 91 79 93 96 75 88 86 115 92 91 87 103 114 110 123 113 91 63 -110 72 -118 92 94 108 97 -110 109 70 89 119 79 -108 122 96 127 106 124 92 102 74 -108 102 120 86 81 82 96 51 106 -121 104 73 89 86 105 92 92 91 93 116 74 124 73 118 115 97 98 92 73 80 104 98 104 71 110 127 -128 107 95 78 96 88 -121 112 92 -126 69 103 93 90 83 116 113 77 101 81 105 95 117 -119 65 75 106 101 123 79 90 88 86 103 97 108 62 71 127 68 119 121 116 112 79 60 101 100 66 62 99 112 79 115 98 103 121 120 96 73 60 106 93 117 92 88 103 105 116 116 85 75 85 102 106 80 96 91 107 113 120 109 104 71 113 64 102 112 83 80 111 79 95 72 94 105 111 100 62 88 87 85 97 91 94 -118 71 107 -123 66 101 80 95 106 -114 80 112 120 69 81 114 75 98 97 89 107 118 60 114 102 82 103 83 101 93 85 98 89 117 79 87 71 86 69 57 94 108 107 -99 -125 116 97 74 116 116 50 110 82
102 49 -111 -96 114 107 -127 -100 -90 -110 -119 114 100 114 122 79 -115 -97 -81 82 -122 -117 88 105 121 107 -127 -98 114 -100 -94 121 124 105 -110 96 -105 -120 -105 107 108 126 115 125 -122 -128 120 -102 -124 -120 122 105 119 120 -108 -98 -114 -121 123 119 102 -114 -126 -89 -97 -103 96 -108 121 85 115 -127 -102 101 110 -110 -103 -120 120 127 -109 -94 -125 106 -118 121 119 -123 -89 101 113 110 -97 -123 120 116 109 -128 -94 98 117 105 -81 110 -98 -120 -102 117 125 121 86 123 -107 -128 -103 107 -123 -110 -111 -115 -125 120 109 105 90 124 95 -106 110 -113 -118 105 114 -113 -72 -127 -113 -122 98 109 114 -117 -115 109 122 -113 120 -107 -119 -83 -117 117 -126 -99 107 127 110 121 94 100 105 -124 -112 78 103 -116 118 -102 106 123 114 95 110 122 112 120 103 126 -128 123 122 -115 -126 117 123 -109 100 105 -109 79 -128 -87 94 -86 -122 119 72 -103 119 -120 -99 118 -125 -105 100 105 123 126 72 -104 -101 -128 -128 -110 125 123 108 -107 -95 102 -92 -81 112 121 98 -107 -100 116 -123 116 111 -80 -120 -119 115 -107 -114 121 81 101 -123 -103 112 108 106 -123 -115 -120 -98 -105 117 -109 -105 -120 -121 -128
121 116 113 104 98 102 98 102 106 103 74 103 100 106 123 73 115 51 73 109 124 83 107 -116 94 120 73 -120 107 122 112 -122 97 75 101 85 79 -112 74 107 81 104 106 84 92 90 112 81 112 114 -104 105 94 122 119 108 96 108 76 103 77 101 -121 102 109 -105 -125 -119 109 105 119 117 -126 -121 103 92 90 104 76 -117 117 67 84 -96 82 -127 76 67 114 106 119 113 -118 85 112 123 119 -103 123 92 107 98 84 111 105 106 119 105 108 94 85 91 124 84 113 101 111 114 109 102 119 104 -123 103 89 96 -119 -115 117 84 97 104 99 114 -114 104 90 94 62 107 109 66 -112 -113 117 111 108 86 112 -128 101 89 84 107 117 96 109 113 88 101 67 121 102 72 125 95 82 122 93 90 104 96 110 112 93 107 96 101 119 59 89 98 76 112 95 109 -115 -119 118 107 101 97 60 123 79 66 93 80 79 101 95 92 -123 71 125 -119 119 125 116 113 102 119 94 114 111 -125 118 90 113 115 -121 125 114 98 86 105 84 94 106 95 91 106 112 127 108 98 105 85 117 92 -123 67 110 115 100 102 -110 113 -115 114 104 109 123 103 97 81
80 90 -123 -75 -110 124 95 -127 -95 112 94 -108 120 98 66 59 -106 -117 91 -107 78 106 107 -128 -98 98 -127 124 -108 -121 87 -104 -126 -125 -127 -115 124 -117 -118 -122 126 124 125 86 -106 -124 117 108 -79 92 -114 -116 76 -122 105 -108 110 -92 121 109 -125 -117 -125 125 -116 83 108 114 -128 -114 118 -104 -108 -118 -128 71 119 91 -110 -127 -103 -121 91 -124 124 112 -119 -116 96 93 110 -111 125 -102 -91 -87 88 97 -125 80 -127 121 109 116 116 -87 -120 -125 119 99 105 -109 -126 119 102 -128 121 122 107 116 126 124 -127 101 111 -125 -123 111 73 -105 122 117 -102 -128 120 108 -126 94 94 -117 117 -112 -116 97 105 -111 -88 -112 -123 116 117 -104 123 -119 93 70 -105 -116 -128 105 101 -111 -120 124 118 -123 99 119 -121 -108 109 103 -117 96 90 120 124 119 -113 -115 -128 -100 77 117 46 119 104 111 118 -96 117 -83 96 -103 98 103 120 104 87 120 103 109 97 -113 -104 100 -117 122 110 95 112 109 -121 110 -123 106 111 94 -118 118 125 -115 104 73 78 106 -121 -112 122 127 -107 111 -117 120 116 123 117 121 122 100 -124 106 -107 113 -116 123 -120 117 123 124 122 102 104 62 106 94
57 74 103 105 96 65 -120 -125 122 85 59 119 105 120 82 104 110 124 99 33 126 81 69 107 -124 104 85 -108 58 105 84 127 107 76 70 79 98 93 90 86 103 93 116 104 123 -125 -121 100 105 89 94 85 110 117 103 70 92 107 77 101 121 68 107 127 117 70 -105 111 101 73 109 98 114 84 113 101 105 -117 125 94 85 -112 85 122 113 109 97 95 94 -121 48 95 127 76 -121 61 107 127 120 74 113 111 123 37 105 74 -118 79 75 123 -128 104 80 63 88 88 -101 111 125 99 -128 97 47 107 53 113 91 32 79 89 -116 78 106 95 98 77 107 97 99 48 99 124 82 77 72 87 97 78 97 89 58 -109 111 124 109 127 87 102 98 109 110 99 63 99 96 120 -119 92 93 90 56 90 69 -115 105 -111 110 91 -124 107 104 46 85 99 127 96 90 82 107 74 81 81 103 119 70 94 60 79 68 85 97 94 93 -121 101 113 127 80 92 117 82 104 126 119 79 81 66 107 100 72 115 112 97 102 73 48 94 -126 80 93 62 106 115 107 79 63 106 68 55 85 96 71 105 45 75 106 87 86 51 121 124 -122 121 69 83 103
62 96 108 106 -104 -122 -102 97 -126 126 118 117 112 -78 -125 88 -118 -95 123 86 -99 -127 78 127 111 -105 118 115 -121 -114 110 98 -100 106 86 94 94 125 -95 -126 101 66 61 86 125 -110 -127 119 120 112 91 -127 118 -100 113 121 106 -96 97 113 86 116 113 -109 92 119 101 110 119 108 108 111 -107 -110 -115 120 100 85 104 122 115 -109 100 109 -114 101 121 -97 121 -123 104 -119 117 89 -100 111 88 -119 -102 101 105 116 83 98 92 109 -105 112 92 92 59 -115 -125 123 -90 101 101 123 103 122 -116 -121 -96 -102 127 96 118 113 98 -115 112 90 124 118 -113 -99 -94 110 122 94 109 79 -111 84 84 116 104 -115 120 112 81 121 127 117 117 99 116 91 94 106 122 95 -107 -127 80 -102 107 -127 71 -103 122 -102 122 110 79 105 71 -128 -84 -123 100 98 100 110 109 102 123 105 118 71 127 114 -119 109 -114 68 98 105 68 109 117 111 101 115 107 118 79 -87 -125 114 -113 -117 107 -99 104 98 126 126 -111 92 -102 112 101 104 115 102 117 -106 88 -117 122 124 73 105 -121 -114 -124 95 112 52 -97 -101 -117 -120 106 111 -124 -120 -105 104 -128 -110 -119 81 94 78
124 80 -114 112 117 -126 -119 94 -124 94 100 95 94 105 122 114 86 -104 101 96 -98 91 118 109 -122 95 78 -103 106 -112 107 -117 -119 100 127 111 -124 -92 96 94 123 -119 125 120 -97 122 79 78 -105 94 90 -113 -115 -95 106 111 113 -113 112 114 108 100 106 103 -123 91 -110 -118 113 100 -113 -127 -122 95 -120 -120 119 100 106 99 94 97 122 -118 -127 77 -128 113 -128 121 126 112 -104 95 124 -126 113 -122 -105 118 118 87 125 125 -123 106 123 122 101 110 107 110 -100 -128 113 102 -123 -117 96 122 -103 -114 98 119 123 88 90 98 119 120 125 80 106 121 89 56 -110 73 -127 -128 -117 113 123 120 -122 103 78 110 -118 121 110 127 78 94 -118 78 -126 107 126 119 -119 116 117 82 -118 88 108 106 126 96 -122 114 95 108 111 123 94 -126 -73 97 77 72 -118 -123 82 -120 113 92 121 116 102 124 116 104 93 -114 90 -113 91 -95 -124 106 120 -114 102 88 -98 109 79 -107 94 -128 122 -120 -122 118 78 126 116 116 -125 115 107 -118 97 94 -124 -104 117 117 86 111 105 94 -121 120 -127 72 108 115 90 -112 113 -126 92 -112 121 -119 109 113 96 -113 114 102 106 103
90 80 126 89 119 80 103 99 -114 78 66 112 100 126 -123 36 121 108 -122 92 -128 92 90 100 100 82 75 104 114 118 110 95 96 100 92 -99 67 110 107 -125 81 92 85 46 122 98 102 105 91 -104 117 98 121 -126 95 -122 50 -126 67 82 112 74 99 96 122 93 100 114 87 69 91 114 104 101 115 101 92 103 85 105 77 75 70 115 -123 -117 97 108 113 -127 111 94 104 119 -115 105 124 91 -112 71 86 109 114 -102 -121 109 -114 115 -128 110 80 45 101 104 115 60 105 -111 126 99 119 111 87 62 96 87 106 115 109 80 -124 100 80 57 -124 114 -127 56 107 101 114 124 109 97 110 94 120 125 -119 110 63 109 -104 -122 81 115 -102 99 110 90 64 101 118 81 112 104 89 103 52 88 95 -117 95 111 101 67 68 113 113 76 -122 -118 65 -97 116 120 127 -121 99 84 100 97 110 123 26 90 86 86 77 92 -111 70 110 113 117 96 86 111 105 102 98 89 67 -127 119 84 -123 65 -125 104 126 79 91 66 123 95 101 120 105 108 91 118 105 111 58 67 122 123 84 67 108 60 86 99 -128 -124 123 -120 107 -110 123 -115 119 88 95 65
103 105 -109 127 -121 126 121 122 -116 122 -119 -112 107 -105 121 111 -98 -99 125 -121 -105 113 -104 -73 -125 -111 -103 -84 65 108 -123 -120 -120 -128 93 126 -111 -85 -116 121 127 100 119 120 125 126 89 -101 -99 -106 112 121 84 -100 -117 -126 -101 110 -120 113 100 -120 -80 71 100 -87 118 -92 127 96 -83 110 -106 113 -101 -105 -104 -112 -123 -119 111 -125 -98 -114 89 -124 114 -118 -117 -126 121 118 -118 -108 112 -99 95 -104 -83 -128 93 104 124 -126 112 90 -120 87 95 106 92 -115 106 119 -85 109 111 -125 127 -114 -53 100 111 102 94 -111 104 -102 111 -107 -125 90 126 -103 121 97 -85 123 86 -119 -124 120 -96 96 121 -116 80 -121 113 126 -128 116 -119 -121 96 118 102 -111 107 125 -120 -120 -123 99 -126 -122 116 124 72 111 121 92 -124 124 118 99 123 125 -89 -100 113 124 100 97 114 -115 -118 -110 -110 -118 -127 -98 -121 -121 -122 77 106 109 97 109 124 107 -117 -118 -125 83 127 -97 126 -95 -110 -120 110 -127 -116 122 109 -106 -94 105 -92 -121 119 123 -126 -123 -119 -98 97 86 111 112 107 -115 -110 -122 -103 81 124 90 -125 -106 123 -114 -123 -110 -104 -104 -99 -120 120 120 122 107 121 127
92 93 127 -91 -98 84 -122 119 -128 124 82 102 118 -109 81 78 -120 -115 108 -126 -113 88 -96 113 -115 116 100 119 94 -72 70 118 115 -121 -123 99 97 -128 105 -120 90 106 -112 97 -107 -126 126 -106 119 124 -115 126 -119 -123 114 -106 112 -101 101 119 96 -89 -105 110 102 87 102 -118 113 88 104 -126 124 118 85 117 111 108 -123 111 -102 -119 107 -121 114 -99 102 126 122 -123 82 -116 101 116 123 -107 119 107 -106 118 -121 110 -125 -128 -121 -120 120 87 101 95 62 111 -122 97 -118 118 -82 122 121 123 116 118 109 -102 83 127 86 92 67 101 121 -117 120 69 114 120 -83 113 110 121 107 107 111 108 119 -105 102 120 109 101 103 100 106 110 123 -127 122 116 124 117 80 -113 -113 88 123 -107 84 73 90 118 98 127 107 113 -124 121 94 110 -113 109 123 81 92 101 71 -118 -127 106 66 110 90 95 93 -100 124 96 98 -116 85 89 -114 -97 116 70 113 -110 123 113 112 116 -125 -108 -117 99 119 81 114 112 122 84 -107 96 63 79 111 -113 119 127 97 118 118 127 127 109 -121 109 124 -123 95 -115 110 -125 120 -115 103 -118 -126 -126 -116 112 125 -105 106 -117 -125 105
98 91 85 109 106 71 -107 63 -104 120 110 116 -108 -121 85 73 113 95 76 101 122 86 96 95 127 76 74 74 117 -126 102 101 -128 74 85 120 83 112 116 98 108 104 109 97 126 -122 104 -123 -112 -115 -126 74 94 100 96 127 -128 126 -127 57 86 121 122 112 103 89 103 115 92 72 92 109 54 113 112 107 90 70 99 106 110 -98 81 104 78 93 -127 -115 79 122 115 100 99 71 101 125 45 80 123 93 -101 -100 104 72 -127 110 -124 96 80 76 107 42 94 84 121 94 101 103 78 96 109 103 83 98 84 125 61 111 73 115 71 78 95 120 78 91 86 110 88 108 91 93 99 45 110 102 82 95 78 101 76 -108 106 127 89 117 -126 89 84 102 124 -124 90 105 101 104 52 109 66 109 84 106 102 70 58 108 105 120 108 106 104 89 68 92 79 89 124 97 119 123 96 90 106 122 81 42 63 109 109 106 83 75 52 74 95 -120 97 79 106 86 111 69 83 99 121 69 -116 -122 109 88 103 124 103 74 100 116 118 124 67 92 117 86 90 70 -114 104 115 117 89 86 123 123 -127 117 89 119 113 99 74 101 -128 -127 125 100 -116 -128
-121 46 -86 -109 -125 -103 -110 109 117 104 84 -104 117 -128 116 76 97 -95 114 106 -115 -107 126 105 123 114 122 -109 -107 122 -96 117 115 97 116 90 125 -117 110 96 113 -100 121 -104 125 -113 119 -118 -88 -100 -106 -108 117 -127 124 -69 98 -66 -122 111 80 -126 112 -114 -89 126 -124 -101 -107 118 94 -118 -101 -111 98 -100 98 118 -97 -93 -116 -125 -113 126 121 95 -115 -116 110 -84 -113 123 -107 -115 -121 -120 112 109 -105 121 -109 -108 -95 -124 -87 -98 -107 -116 -124 124 107 126 -117 110 -109 118 -114 124 -100 -95 103 -122 -128 -108 101 -122 97 89 95 104 -106 113 -109 111 -97 120 117 84 -128 93 123 -109 -121 108 113 -100 -114 116 120 82 108 -121 -124 -125 -113 70 127 -113 114 -121 -123 123 120 109 -102 85 93 109 -117 116 106 -105 -111 102 116 -127 123 -93 -86 118 79 120 117 127 105 121 121 83 -112 -127 107 -103 119 -112 70 97 118 -80 -126 -115 118 120 118 114 -127 -124 123 124 81 123 -115 117 -108 120 -117 125 -114 -114 -120 -115 -111 126 -99 -113 106 -116 122 -108 116 126 90 125 122 106 -88 -108 121 122 112 115 -114 -97 92 -120 115 -115 -107 99 -123 108 -117 -80 -101 -106 119 -116
66 92 117 100 90 87 -128 -118 -119 108 106 71 83 94 109 79 122 92 86 109 112 80 84 99 80 112 105 91 84 119 97 108 104 75 105 86 124 -125 121 86 77 123 105 94 90 90 104 109 85 99 91 97 110 105 36 75 67 -105 73 106 112 105 92 73 106 73 96 121 121 82 108 106 -127 98 67 94 104 78 57 88 -117 98 51 88 -123 73 -125 86 -128 108 62 -126 -117 111 127 100 -117 74 -99 113 107 121 112 -103 109 95 -121 -117 88 91 54 120 90 87 -122 57 92 116 108 -100 123 85 70 103 114 -128 93 -124 114 74 -122 108 88 103 -104 84 -116 83 60 100 117 64 123 102 54 -112 81 125 98 104 52 124 121 98 95 98 120 88 60 104 79 112 121 83 119 99 120 -116 106 -128 113 99 123 114 90 93 -124 -120 85 80 93 -107 116 102 94 103 112 94 109 104 63 107 66 107 105 84 107 115 118 122 108 -117 60 67 111 108 118 -125 96 82 116 100 86 113 120 94 111 109 -115 99 101 -123 94 102 99 78 94 72 90 112 77 -123 -124 117 122 -120 110 126 105 100 116 88 109 122 110 112 99 114 104 102 95 122 -123 104 88 72
90 93 90 -128 98 87 -112 103 109 96 82 -123 82 92 98 119 115 125 105 97 114 -115 74 95 118 124 102 55 110 84 -110 113 84 -107 114 87 89 -120 62 -123 120 82 -116 108 -96 91 87 -118 97 116 -124 110 127 88 96 102 112 96 87 106 113 90 111 99 89 111 120 93 106 101 118 108 -120 122 126 83 90 -117 -111 94 81 114 92 -123 96 116 125 -100 68 -92 112 99 -127 94 106 87 114 104 -119 102 -121 103 -127 123 -100 127 -98 115 101 87 -123 97 119 115 116 93 114 56 -107 107 85 55 100 107 93 78 -128 124 77 110 101 96 94 -112 86 78 -125 95 120 98 80 85 -124 105 109 110 89 97 80 70 61 94 94 -115 -119 102 110 101 83 85 122 123 -116 110 104 117 67 90 113 -125 -127 88 -98 121 106 111 -124 100 -105 -106 114 114 111 101 82 94 120 67 -127 112 -118 112 94 -116 80 81 53 107 108 110 -125 -109 65 95 88 92 122 92 76 105 120 76 -111 116 101 98 120 -117 -104 119 120 124 106 94 111 119 120 111 118 94 120 104 114 52 99 -121 -117 94 103 88 124 -118 70 120 82 73 -104 122 102 80 -103 -111 -114 95 -122 -126
101 117 -109 -114 109 94 110 108 -120 90 93 88 106 -97 74 -89 126 -121 117 -81 -94 105 116 93 -126 -117 125 -123 -117 123 -128 107 -125 -115 -126 102 123 -82 126 -91 120 95 126 125 -108 127 92 -112 -91 -122 97 -120 121 -122 120 -81 -121 -105 -117 126 116 114 115 95 89 108 120 -112 -126 125 114 -101 -103 109 114 114 -124 97 -101 -125 -121 123 97 -120 -82 101 86 126 -125 -125 104 106 -128 -106 113 -122 115 -116 -106 -125 87 72 126 -104 80 114 122 -116 86 82 122 -117 122 111 -120 97 -119 126 106 -120 -91 119 -119 -111 107 88 81 118 107 90 119 109 -118 -111 -117 118 -86 106 -122 87 113 98 114 123 107 -91 -123 122 -116 116 97 91 91 108 117 93 116 124 117 67 -126 -126 -128 81 -69 -96 123 120 -78 -118 92 -125 -120 121 119 -105 -106 117 -75 -97 109 -112 120 115 81 113 105 104 -107 -124 114 -123 -108 -115 75 -102 88 -114 47 118 -115 -118 -125 -106 56 88 -108 117 97 96 -113 126 -121 -126 -103 98 105 -126 -108 100 -87 115 -122 120 -113 101 -112 -124 64 -124 71 -116 124 123 -104 -128 81 -121 -112 120 82 119 -127 120 99 101 -118 107 -95 104 109 97 -117 -108 114 121
91 89 -93 -121 -106 120 -95 -121 -111 123 -123 118 125 111 -127 -115 -87 118 -96 -122 -128 -117 121 -125 -87 -115 -126 -117 125 113 -120 -96 117 -107 -113 -100 104 -84 95 -124 -109 -97 -78 -123 -122 -121 -110 -116 -107 -90 -120 -110 -110 123 111 -110 120 -66 108 117 -107 -104 -105 -117 -114 -124 102 -95 -115 -124 -77 -94 -95 -113 -96 112 -115 101 -109 123 -109 -102 123 -80 -110 -117 -101 123 -102 -111 -104 -115 -101 99 -118 -126 -120 118 -91 -104 -128 -115 -121 -94 -117 113 113 -111 -108 -101 120 -118 -88 -115 -120 126 -99 -88 -116 -97 -105 -117 122 -127 -127 102 -119 -114 -119 93 -110 -97 -113 -128 100 -119 -84 -105 -126 123 -128 105 -120 -110 -123 -93 121 -93 -99 102 75 122 -119 -100 -103 -128 -84 -117 -115 -112 -114 114 118 100 -101 -76 125 -104 121 -121 -105 97 -101 115 -101 -127 -107 -100 -93 -107 -111 126 119 93 97 -104 -79 119 -108 -115 -107 115 102 -106 98 112 127 -116 118 -113 105 -110 -115 -117 110 114 -105 -105 116 124 -126 126 -115 107 -104 -123 -122 123 -113 83 -113 -100 -119 -96 -128 -106 -89 -77 113 -118 125 124 -74 -117 -97 -123 -97 -113 -106 106 -71 -114 113 -109 84 -125 -121 -105 107 -125 -126 -112 -96 112 -89 95
98 -124 125 -94 93 76 -103 76 -91 -122 127 108 -118 -127 120 83 -98 -118 92 119 102 105 117 100 -121 116 117 -128 -117 -112 -116 -108 127 -113 120 120 92 118 -125 -109 116 -115 118 -112 -90 -120 91 -101 -109 -111 122 94 124 -113 -115 -73 -96 -101 94 114 122 -88 110 -94 100 -123 102 -96 117 81 121 -96 -121 110 -126 -88 95 104 120 -123 -103 -120 107 -106 112 102 -88 -91 115 -103 -108 118 -117 117 110 104 121 111 -124 -94 -111 83 -122 127 -97 -119 115 112 112 38 55 104 -97 -126 -125 -104 108 -116 -119 -108 84 119 -115 -123 -121 -103 94 -122 116 116 104 102 100 108 99 -103 -124 111 99 108 -102 107 -118 121 -127 115 97 -111 -105 127 74 101 -112 124 126 -122 -115 89 117 117 111 117 -122 99 -125 118 67 124 -108 127 96 -110 125 -121 121 -110 110 -102 -113 109 69 92 127 95 93 126 118 105 -127 -126 108 -117 107 -121 115 -119 84 127 119 104 -104 111 118 116 123 101 125 110 85 95 -105 102 114 126 112 117 122 98 -124 94 -114 120 -128 -108 -91 -128 -122 -110 107 103 -103 -126 -127 115 -91 116 -105 121 -99 86 110 116 112 111 83 100 -113 -92 -88 108 123 -93 -122 -127 -113 -105
83 75 119 -91 94 98 -109 109 -124 97 120 -127 104 121 120 105 107 -109 95 87 111 86 99 120 110 103 -112 93 101 102 109 -116 112 -109 88 -115 122 120 123 127 113 114 106 109 -120 -97 61 -117 126 94 95 -121 98 104 -117 -117 -127 -124 121 110 -126 88 -110 121 -119 111 84 88 112 56 -104 -126 86 112 -105 104 -109 98 109 111 101 -106 76 114 -120 116 115 108 -125 -112 -127 111 123 104 108 88 114 127 -117 115 75 107 114 -121 -125 -122 -108 70 85 88 -127 94 113 115 87 116 -114 89 119 110 -121 112 77 81 92 118 113 104 80 113 109 90 -128 -128 -111 101 -125 81 110 96 94 94 -116 110 108 113 -120 105 95 70 84 -128 -116 91 75 72 114 -91 78 115 110 120 115 108 93 -125 103 107 -119 126 92 98 107 122 116 103 90 117 124 -120 85 -109 -122 70 45 -114 121 53 96 105 -111 96 105 -95 119 100 64 -117 125 101 -125 109 77 -83 75 79 -119 97 50 118 114 -118 118 -125 -127 119 109 97 -119 70 108 116 83 95 121 102 -116 104 -124 96 108 77 107 85 96 118 126 -120 81 92 105 -127 79 -111 72 109 -121 -124 122 124 112 119 121 85 94 57
88 87 71 88 71 84 84 46 101 67 68 79 71 85 85 96 102 99 83 86 105 66 77 94 58 49 83 69 50 71 118 74 64 74 100 58 49 76 65 55 76 63 57 61 81 93 103 66 59 59 84 56 70 89 83 80 77 77 106 54 54 88 92 105 109 26 79 80 65 63 76 103 62 48 71 98 106 126 102 104 56 58 62 85 55 75 91 95 104 36 81 71 83 112 59 67 68 116 51 55 76 98 78 84 79 63 62 68 99 60 84 92 54 60 73 88 51 47 84 58 91 93 91 27 73 74 51 100 76 80 54 40 71 62 71 82 81 76 38 82 70 58 -127 74 106 84 68 54 60 83 64 84 79 102 67 43 70 67 46 62 58 89 88 59 79 85 68 95 86 71 90 76 46 84 78 91 75 82 69 74 83 49 81 87 52 82 59 69 108 100 91 110 74 98 70 -127 72 89 43 83 84 85 98 113 68 83 106 89 95 74 103 23 90 89 75 89 54 70 77 54 88 103 96 46 74 91 67 56 92 33 60 76 78 80 86 60 59 95 83 76 88 24 61 73 77 63 93 57 86 88 76 118 81 57 62 48
107 74 -126 -106 -126 -100 -120 110 -101 105 -99 116 81 -95 109 94 111 -95 123 119 -111 105 82 125 101 -126 -102 -95 122 -114 -94 110 -121 -114 122 116 -111 -90 114 -71 115 122 126 -114 -104 -115 112 102 -117 -90 -114 83 -107 122 -102 -119 109 -121 -121 95 70 -103 -119 125 112 -123 116 -86 -102 110 93 -110 104 115 -122 -123 -122 110 -128 107 -121 108 126 112 81 -120 116 121 -90 119 105 113 127 -106 -125 83 -122 -89 -87 124 -103 107 -116 -127 -115 118 -120 -123 103 -127 121 80 120 -110 -128 120 -112 -121 -104 -107 -83 -111 -111 124 102 96 86 -97 -121 115 118 -119 -124 126 -115 -111 -83 97 -88 81 114 -117 -108 106 124 115 125 -125 113 -115 123 124 112 102 126 126 -115 100 123 -124 -122 -114 100 78 121 -113 101 122 123 102 116 106 127 -122 123 96 122 -117 -87 121 -125 -105 124 94 112 113 -117 117 -82 87 -125 -102 111 -121 98 98 120 104 80 123 127 118 -85 -86 93 114 118 114 102 110 108 118 -124 -95 -94 -122 123 -111 -95 95 -87 -78 114 111 -122 107 -100 112 -95 -101 127 -125 121 -127 -117 75 -111 113 120 101 91 -88 75 124 120 -109 -92 -128 -125 106 118 -87 -110 107 111 113
74 75 124 -112 108 100 108 109 118 -106 77 103 73 85 32 78 110 116 111 77 84 125 92 81 79 105 100 103 -127 100 -124 113 88 117 107 56 37 -125 107 100 106 89 101 89 119 117 110 -125 107 119 86 83 115 42 93 117 101 108 -99 60 119 114 55 103 114 86 66 -119 96 114 69 104 -122 122 76 107 106 100 118 92 107 63 41 100 91 108 94 118 -121 105 86 96 107 84 83 110 81 77 -109 58 106 -119 99 109 126 -128 -124 105 101 91 85 119 114 108 98 80 116 117 127 126 98 82 83 -121 106 -126 104 72 79 81 91 106 97 114 87 100 95 94 76 116 80 97 -112 113 94 96 116 89 99 43 105 82 69 93 113 108 87 115 72 111 96 90 -96 80 -110 93 108 102 48 99 123 76 88 47 98 122 86 93 105 120 59 77 91 92 69 109 127 74 107 73 89 -124 114 110 89 84 74 107 96 106 102 92 108 70 74 70 97 127 30 77 55 85 111 99 113 120 125 109 104 71 -127 78 57 79 82 90 119 83 85 97 68 96 89 84 66 109 104 104 83 115 122 109 -128 83 98 86 105 72 104 94 115 126 111 79 114 78
42 66 79 100 77 86 72 47 111 103 67 40 83 71 98 57 -116 36 66 78 74 94 85 116 113 91 89 110 100 86 98 102 58 85 71 90 123 112 85 85 -124 103 89 92 70 64 61 104 83 99 86 83 76 76 50 99 68 66 54 102 87 89 123 80 65 117 95 92 81 87 85 123 97 65 102 92 114 63 87 101 112 109 88 110 89 87 -126 78 88 99 102 120 111 78 115 81 105 64 89 104 73 66 89 82 110 81 72 126 41 100 72 71 104 112 62 72 118 95 117 -127 91 100 89 113 58 73 93 125 90 97 78 116 103 90 88 56 118 87 74 54 66 68 73 107 51 98 88 35 100 93 98 89 71 111 71 78 97 80 68 81 89 83 95 117 66 97 116 115 74 73 96 47 96 73 -106 113 79 69 79 57 64 91 89 82 65 96 72 78 117 90 104 87 60 102 72 83 63 78 96 75 124 112 81 92 98 50 78 114 64 79 93 89 80 86 103 76 119 109 110 48 74 100 84 80 71 88 -116 100 96 85 100 108 111 100 113 82 95 36 101 85 -121 86 82 74 82 118 87 111 60 52 47 110 82 58 96 108
91 86 76 102 78 83 47 -122 110 80 68 95 87 63 61 2 95 120 92 59 73 53 53 86 90 76 104 118 71 60 55 64 72 66 74 88 61 116 72 89 101 108 102 88 82 102 76 119 115 104 63 91 69 88 95 98 58 70 81 73 83 118 87 93 83 70 104 127 80 70 45 99 74 67 85 113 44 67 101 103 53 113 75 113 52 22 112 49 104 60 103 93 127 113 111 82 58 103 111 98 94 72 75 26 75 51 78 76 39 111 43 65 -126 122 75 65 101 121 80 91 101 40 118 72 71 96 36 105 55 96 84 98 101 64 88 56 99 68 46 72 102 81 84 68 26 54 109 87 108 75 97 91 62 80 56 100 104 87 69 84 89 68 101 66 100 66 105 88 69 124 74 90 82 69 40 85 58 80 88 92 76 95 60 78 66 107 92 61 96 77 72 77 70 103 61 113 77 80 67 73 74 80 80 89 93 92 82 93 59 82 -121 90 111 93 106 107 52 67 67 43 93 94 79 59 85 93 126 116 44 87 106 86 96 88 70 109 -127 74 99 60 66 81 86 101 62 96 62 51 94 65 45 111 60 49 79 81
107 95 112 107 90 101 -120 102 -100 109 85 89 126 125 75 95 102 86 111 77 87 111 81 -125 85 85 95 -128 104 94 -122 114 103 113 47 85 113 104 91 62 107 114 85 70 113 100 77 109 117 -120 110 68 95 104 96 98 110 92 91 88 89 104 64 125 93 95 107 123 101 71 103 117 112 90 107 105 72 -121 127 102 112 93 81 -119 57 68 79 -128 118 88 92 79 80 77 94 112 89 127 -122 78 -127 -114 -122 105 -126 -124 122 66 113 123 112 45 -126 75 69 106 79 100 124 49 94 96 119 99 64 87 89 111 80 95 86 100 101 104 75 -122 96 54 113 86 101 104 107 63 72 103 104 101 99 97 90 98 78 81 58 103 -106 109 57 111 93 87 123 93 120 108 97 78 105 -106 84 96 110 100 -118 91 70 117 119 102 84 109 127 85 99 114 120 69 103 83 44 107 88 -103 52 97 103 87 122 -120 107 81 91 91 78 90 96 123 87 103 -107 97 120 76 117 90 90 97 103 63 -126 -122 43 67 90 121 125 117 113 95 79 117 -101 -116 111 108 -75 89 95 79 114 117 111 99 -117 90 -118 101 73 113 -103 -122 98 91 92 113
86 78 53 92 118 80 122 81 69 90 93 103 90 86 -117 53 122 86 85 76 107 -118 75 121 123 86 110 125 104 85 113 90 124 112 76 121 71 77 86 70 98 115 74 86 -101 -127 95 71 102 -122 -120 103 63 -114 114 109 94 127 62 90 86 98 107 105 79 98 111 114 81 103 88 -110 102 67 104 -124 112 109 96 111 -128 -128 123 106 121 83 92 -125 100 121 101 103 106 111 108 115 -116 99 112 -123 95 83 93 -114 -111 112 100 106 54 82 46 120 -117 114 87 68 91 93 109 70 84 88 106 28 73 98 90 104 52 83 92 74 112 102 90 83 117 63 98 55 117 103 -116 111 80 121 113 100 119 107 58 92 91 -108 53 86 115 72 126 85 68 93 116 108 71 127 54 85 83 86 94 117 103 89 120 92 98 102 125 90 87 111 116 108 75 101 -124 104 108 90 111 127 -124 121 108 -128 109 66 96 60 100 110 109 106 90 79 81 99 122 118 97 96 115 100 116 75 115 75 78 94 -127 90 90 76 62 108 108 81 104 89 113 108 100 -124 98 101 -117 66 113 112 -115 91 98 115 -114 -112 -108 111 90 91 89 -123 76 82 108 -123
99 65 117 99 90 90 122 110 106 65 95 113 125 90 108 80 93 106 112 88 83 55 88 88 120 87 90 107 85 113 100 91 100 115 109 86 86 119 90 113 121 94 78 112 101 100 101 71 88 116 46 71 89 76 67 72 82 -98 52 90 111 122 94 87 84 59 84 124 103 63 105 127 74 117 115 77 102 101 83 97 -117 78 68 117 74 111 -122 89 74 74 100 90 80 111 81 120 94 109 101 116 74 106 81 118 120 92 81 67 91 88 110 66 104 116 117 89 122 65 117 106 103 100 109 81 106 100 85 117 92 93 99 82 102 83 98 96 126 96 102 69 -123 126 106 65 81 92 123 78 57 93 92 97 -107 -104 104 93 98 96 63 94 110 72 117 78 88 88 85 108 105 78 104 101 86 86 69 100 122 113 -125 73 107 102 81 85 76 -126 -127 82 86 84 -120 112 112 -127 94 100 83 75 52 96 61 93 96 103 96 84 91 89 94 111 85 119 109 93 -109 94 122 47 97 85 96 73 79 71 79 122 126 64 77 96 73 -120 58 120 127 90 -116 124 117 72 90 98 79 119 29 104 125 97 93 88 105 -125 113 112 111 83
90 124 76 -120 95 71 94 91 110 114 -116 110 -115 103 103 84 123 -123 108 112 97 123 120 121 120 117 -108 112 116 104 -123 126 -123 108 65 108 115 115 105 112 111 117 109 119 122 -123 101 121 -112 84 -128 127 -126 121 -110 103 85 125 101 104 82 117 99 75 102 127 99 111 110 116 123 -126 110 120 -106 -115 112 105 -119 108 -116 -120 113 119 119 114 -123 102 112 -93 126 -122 109 127 127 113 108 124 -125 112 70 117 98 122 110 110 125 127 111 109 51 -110 127 -122 89 79 122 99 -123 -123 121 100 -128 79 118 -117 126 116 91 85 112 113 -117 92 123 108 -100 92 64 78 -125 120 101 99 93 118 127 118 116 50 107 92 103 -121 85 92 102 123 -125 69 82 95 112 124 113 117 105 124 113 -126 113 75 111 117 115 115 105 -97 -80 93 97 122 122 116 95 78 79 110 -112 124 118 -120 120 125 110 -117 98 127 82 87 103 -105 122 -123 96 91 121 109 86 -105 87 -115 -106 -127 91 104 125 104 99 112 -116 117 103 114 96 96 -117 101 84 85 108 116 122 113 -123 103 -124 113 93 107 104 100 111 -117 102 -125 121 127 126 116 119 -109 115 95 102 100
111 109 125 -90 89 -128 123 119 105 -125 125 -125 124 -121 -127 -112 -113 -122 -115 -127 -102 91 118 -127 -113 124 82 -96 124 -116 -91 124 99 -84 -122 104 -128 -65 114 101 -115 96 -104 -83 -104 -116 111 113 -72 -115 98 110 126 110 -101 113 -105 -115 -128 82 116 117 111 117 62 124 114 -114 124 111 -94 -98 -103 126 108 -110 -98 124 96 104 -122 -122 121 -111 111 114 -120 -115 -116 120 119 -84 -107 118 126 116 120 -116 -113 125 -109 126 122 -126 126 -120 -94 -62 -114 117 -118 102 125 -110 -114 99 127 -122 -82 -125 -115 -106 -120 126 113 -108 115 108 -120 87 -113 110 -85 -113 78 123 123 104 -108 102 -119 99 -124 -107 101 -91 -118 113 119 101 79 127 122 -106 111 106 104 -97 115 119 125 -126 -102 98 -123 -117 -120 124 105 115 127 111 -125 94 120 -125 -120 114 -121 110 100 -115 101 86 78 -116 119 119 -99 -99 126 -97 -118 -99 64 -112 65 -95 117 119 127 107 82 -85 81 89 120 -117 92 -102 -123 -116 114 -88 -125 -127 98 -128 -119 98 -100 119 -118 125 -84 -105 -123 109 -128 -124 104 -114 103 -126 -120 120 -116 104 116 -99 -87 -120 109 113 127 -81 123 124 -97 97 115 -101 -101 120 -107 -111
85 122 -108 -102 117 109 120 -109 -121 -115 110 -114 120 110 110 88 84 -124 78 -91 67 97 -111 -127 -128 92 -107 104 109 100 103 109 120 -101 104 102 -101 113 102 115 106 -102 -109 73 102 -120 82 108 119 -108 116 101 -127 77 -123 -127 96 -119 102 -128 114 120 91 -107 113 83 92 -99 113 -116 117 126 94 123 115 -112 113 125 -118 94 124 121 73 -122 107 123 111 -107 123 -121 102 109 -119 98 105 -116 -120 87 -98 105 -99 -120 111 -123 -120 125 99 102 106 115 -121 124 -111 103 100 -125 -111 -128 -97 125 109 -127 93 110 120 -111 82 -128 96 101 -98 -116 -120 112 109 117 -102 102 126 93 -118 122 -127 116 107 122 -109 124 -113 72 90 -123 98 -115 107 111 122 120 104 -92 122 91 -97 106 119 -120 81 113 126 -92 -113 114 116 106 -126 -118 -101 101 -107 110 84 -125 112 -114 79 125 99 124 -103 106 104 -92 -111 123 58 119 117 110 112 119 -125 109 112 115 89 108 -119 -95 -121 110 85 83 114 118 -127 87 92 104 113 111 102 -127 87 -104 97 -119 -102 -128 112 -114 121 116 -118 -118 127 102 -122 -114 121 107 102 -119 -110 -119 122 -104 -93 -128 -85 102 -127 -91 -112 107 125 109
51 71 74 88 103 127 100 99 109 107 107 108 79 55 87 101 94 118 96 66 103 107 82 115 100 82 107 84 74 94 114 71 112 98 85 84 -126 75 113 90 87 69 56 76 89 102 92 94 -127 74 103 98 63 117 107 79 99 107 61 86 121 107 87 78 73 126 59 114 62 72 117 95 -126 86 111 114 110 -95 95 87 113 105 78 107 56 96 123 116 81 91 84 93 103 124 114 73 105 55 102 122 56 88 42 -118 -114 96 -119 86 92 85 68 103 121 111 105 57 81 74 121 97 112 104 68 86 54 99 54 89 72 72 85 84 -127 102 119 108 117 61 91 125 78 77 85 -119 58 73 91 121 83 78 121 73 103 71 88 60 66 102 96 95 119 55 124 57 106 72 94 72 104 108 71 92 -117 87 119 88 64 113 118 85 48 116 115 101 82 84 87 87 96 87 76 103 69 123 90 113 84 98 112 73 -123 120 108 94 83 44 69 114 98 101 67 54 84 108 78 73 -126 61 120 72 111 101 77 97 88 97 61 92 80 -125 82 108 80 84 122 126 105 84 86 52 76 -123 88 127 117 105 119 89 84 68 82 121 82 116 84 110
114 63 126 127 107 72 121 123 100 76 76 116 113 107 -119 105 114 118 118 94 97 70 117 115 112 98 108 112 84 83 104 -102 88 79 112 87 71 -125 97 99 114 66 99 97 114 120 99 114 126 108 124 96 119 84 103 125 99 107 87 98 95 -116 115 111 123 70 77 70 58 60 92 -108 -117 123 107 101 -118 104 90 99 124 114 85 90 120 -116 79 110 108 -118 115 61 94 104 66 108 95 112 -126 80 95 103 113 -111 94 103 -116 81 58 -112 -124 116 116 102 91 92 -121 92 -119 94 103 87 62 -115 96 76 91 117 94 99 90 116 95 102 99 79 112 72 77 83 112 64 122 122 107 -114 90 110 88 85 62 107 76 85 110 88 115 81 100 107 97 91 117 77 -124 60 117 99 106 123 125 97 87 84 99 110 106 94 125 96 105 115 -114 98 59 77 -109 74 78 126 114 119 89 118 113 116 82 117 78 112 92 102 95 99 64 105 113 125 95 110 80 -118 84 93 115 73 96 75 82 79 -118 93 105 104 68 127 112 84 -98 106 83 119 88 99 87 71 120 97 97 -128 100 120 90 93 103 111 126 99 -123 114 127 126 125 94 -127 111
98 72 105 100 71 78 118 123 120 73 87 86 100 -114 124 101 98 119 117 92 92 69 73 68 114 119 -128 117 63 109 119 -116 122 113 92 119 96 -122 116 78 -111 -126 109 87 -122 111 87 92 -127 78 106 66 112 121 70 87 90 97 125 103 102 71 96 -125 111 101 98 -120 56 72 -114 104 83 -114 -122 109 95 85 -121 97 -126 -123 55 114 117 77 102 85 -113 120 98 100 124 96 81 95 -127 87 -120 -116 66 77 -127 -110 116 93 -84 60 -124 86 113 102 110 102 64 122 115 -123 118 -115 -108 96 84 94 71 114 102 103 -116 84 107 108 94 104 102 84 112 37 122 75 112 80 98 88 94 119 111 111 -121 93 75 100 95 49 76 86 103 108 84 111 68 99 125 92 102 84 72 104 123 105 102 49 93 103 102 119 -114 86 -119 70 79 -120 114 126 43 101 103 95 94 -128 -127 103 101 121 65 100 101 63 115 82 94 123 90 79 104 28 -124 109 56 120 58 119 91 95 -116 96 123 65 87 109 98 114 113 92 84 103 121 87 105 89 52 95 112 95 88 76 105 122 121 92 106 91 79 99 50 114 -120 100 91 103 103 119 114 74 116 102
88 69 101 82 64 107 114 38 41 92 104 70 66 63 69 71 91 100 55 74 76 100 66 58 76 61 88 76 76 95 66 64 70 45 82 96 77 59 88 54 72 83 56 70 50 59 51 61 70 70 86 87 83 44 101 87 115 124 76 61 49 84 83 46 70 73 46 76 86 28 58 77 91 94 95 110 78 35 72 89 86 91 38 55 52 88 82 59 58 110 100 73 74 105 89 52 61 80 102 64 52 61 61 85 84 79 60 68 85 60 57 115 91 85 49 91 94 70 85 81 64 60 73 98 99 82 56 83 99 77 90 60 75 69 71 70 107 59 80 41 69 39 103 80 45 57 72 77 75 53 60 75 71 70 108 104 88 66 95 41 77 99 41 71 44 106 65 107 62 87 68 98 50 81 48 107 60 -128 69 63 49 82 52 76 65 89 31 106 102 55 114 73 66 66 75 81 63 -128 76 76 89 82 90 106 67 65 66 55 60 97 88 67 79 84 89 85 102 91 105 84 94 62 54 85 78 70 105 35 95 86 93 98 80 117 103 94 121 100 80 62 75 46 91 38 66 45 53 71 94 93 31 95 92 78 103 84
71 118 95 -126 118 -116 -119 -124 84 123 110 -117 108 115 65 123 -100 116 109 106 84 97 111 -121 111 99 111 101 96 -122 -107 -128 -105 97 109 91 75 116 114 122 -115 119 83 -117 -124 117 91 110 89 -128 117 92 -114 120 91 100 -126 -109 111 78 85 89 -126 89 90 121 80 -122 82 77 126 -102 100 123 -85 127 -122 74 -121 121 -121 -112 83 -113 126 -122 109 108 107 113 101 -124 117 110 119 123 102 96 -110 -116 -100 -120 126 -124 109 120 105 120 100 -122 112 104 -106 103 84 119 112 113 -126 -118 121 88 110 81 98 50 83 102 95 65 111 98 118 126 -102 121 112 122 84 91 112 113 -98 111 127 120 82 110 104 104 82 122 92 116 -122 114 115 99 124 95 108 115 104 -127 113 127 106 122 87 113 117 97 87 -108 80 95 121 -90 116 -110 102 110 111 94 84 -110 -119 123 -119 121 120 -89 121 -97 87 85 119 127 87 77 -128 116 116 127 90 98 97 88 108 -113 125 -99 -123 74 -95 -123 113 -108 -117 77 -121 -117 76 115 88 115 -113 112 127 94 112 -124 87 119 -116 -108 -128 68 120 82 -81 102 -111 94 95 -125 -127 -124 113 72 -116 -106 -112 86 -117 100
104 103 -117 -99 91 86 107 -119 -101 90 95 97 -122 119 101 68 -107 -97 103 85 83 69 -108 96 -110 59 125 -102 -94 111 -128 -106 -125 107 77 127 126 -106 -82 -113 72 104 96 106 108 127 68 115 -89 -107 -97 109 -103 -111 126 -124 77 -114 111 83 -111 -121 106 114 118 89 112 97 -115 96 102 119 -112 120 -127 100 -121 100 -116 94 -122 -123 -128 126 -127 127 106 98 117 121 95 -126 102 91 113 86 116 -114 -124 -122 109 -128 124 -114 102 -118 -107 95 98 125 114 118 -123 120 97 64 -109 -89 -103 -78 -103 126 100 127 119 -125 116 126 127 85 -128 94 126 110 121 101 -112 99 103 91 -127 121 -115 78 112 89 -116 109 97 69 112 93 -91 120 111 -117 112 -124 109 122 119 106 90 111 108 123 122 119 126 86 103 73 108 126 114 119 -128 -115 -120 85 -126 -114 81 126 88 83 109 106 -128 117 102 108 101 116 86 117 110 -121 73 126 -108 -128 118 -125 107 75 -121 -127 123 85 80 91 -99 -124 124 -113 -128 85 116 63 -109 -124 83 117 123 -120 -126 -127 96 -123 126 114 -120 118 116 125 124 104 124 80 95 110 126 78 95 -121 124 -103 -117 117 118 107 124 116 111 91
56 112 81 108 102 58 -121 81 123 92 48 101 -116 91 74 66 90 105 120 93 94 62 -89 75 100 95 96 87 71 112 82 90 116 85 105 118 -126 61 109 98 77 104 103 65 99 98 66 104 104 -101 95 98 65 91 93 122 107 -115 76 99 102 101 118 89 109 98 100 105 94 86 91 116 81 100 -123 110 98 84 81 88 111 124 74 112 120 -126 64 104 97 -122 64 77 119 121 109 124 -124 84 86 71 86 109 97 108 -120 79 114 127 92 113 101 104 81 126 116 93 115 122 -120 96 114 64 -124 89 93 99 100 76 115 96 119 98 75 104 105 -109 119 86 118 49 51 103 79 56 59 112 85 98 108 113 47 125 108 118 82 51 -123 -122 108 102 119 96 78 97 107 118 93 108 97 106 124 79 97 71 94 91 107 127 114 94 90 111 84 70 99 99 100 98 87 91 120 87 94 -111 73 70 60 92 75 116 113 108 66 80 113 -121 88 58 114 104 106 70 106 113 85 85 -98 70 110 117 116 72 90 78 104 -124 103 96 110 53 94 88 -112 97 100 74 96 106 106 92 120 84 108 110 99 82 111 76 121 106 91 -128 109 120 100 113
67 69 85 -113 80 82 85 31 104 123 98 81 93 28 97 69 101 102 92 26 127 58 60 108 82 83 102 69 99 55 83 72 102 110 77 80 110 44 115 74 78 96 -125 81 106 113 109 86 -126 73 104 103 123 96 66 53 51 91 85 22 50 80 80 110 112 94 80 101 99 49 92 98 108 58 87 74 61 106 -124 57 84 84 87 61 105 57 109 104 56 55 83 81 97 61 118 76 95 91 120 112 100 63 57 112 -127 106 82 103 59 93 90 95 93 68 70 59 59 99 104 82 80 108 65 50 59 104 124 100 74 63 50 53 70 78 79 76 64 55 49 71 94 100 88 121 68 74 80 77 68 44 82 92 103 108 94 87 107 74 55 73 77 61 71 65 117 117 82 95 89 94 65 87 96 95 80 103 68 110 108 68 76 64 99 106 123 52 76 63 67 88 85 104 60 62 41 51 73 98 61 98 108 110 78 98 67 81 103 101 78 76 62 66 112 125 74 79 87 92 78 84 109 114 68 57 68 66 92 90 85 107 69 65 94 100 96 111 84 73 86 73 79 92 99 107 103 71 110 109 92 67 101 91 87 78 124 74
59 -123 -126 -96 70 62 85 98 113 92 55 78 76 98 83 70 115 104 75 -121 -120 58 76 108 104 126 104 113 95 116 103 97 104 59 95 70 117 -112 119 105 119 66 -113 122 102 73 -124 -124 -110 115 92 -127 110 120 -106 -124 -125 95 119 91 107 112 -112 103 118 -125 86 112 100 84 91 117 117 118 73 -120 96 120 80 -128 -103 116 77 -124 124 92 111 -108 102 111 -128 113 94 126 108 69 90 -125 125 108 84 101 123 119 116 -96 100 124 93 88 102 107 81 89 -126 72 122 -123 -107 -117 121 112 112 110 108 122 113 123 73 85 94 93 106 118 93 68 75 91 80 60 122 76 112 55 89 -122 121 66 78 57 80 -126 100 -106 117 84 110 76 104 95 91 96 112 97 116 110 102 99 105 80 112 81 -117 94 101 -120 -121 76 105 -124 92 94 118 77 33 91 127 102 114 116 84 -125 106 -98 57 97 49 80 67 111 104 97 91 110 100 -125 104 119 -120 86 110 81 122 118 107 107 106 84 -128 108 124 127 103 123 89 88 108 103 82 63 84 112 -122 91 114 83 120 87 89 114 -127 105 96 73 -122 102 117 76 114 91 100 -127 126 -119 92 87
59 67 84 76 61 98 101 101 116 91 97 118 127 -118 87 110 -124 112 111 115 90 70 91 80 -127 55 67 -124 -120 -95 111 89 100 105 98 77 100 -110 -121 114 77 112 103 96 100 104 119 85 -99 119 -128 78 92 121 97 94 90 123 91 40 89 66 51 123 92 125 111 95 109 81 88 117 90 96 104 105 93 94 49 58 90 123 99 126 115 103 84 -115 75 105 -125 -118 116 115 118 108 83 81 -118 119 122 95 99 109 112 122 -110 107 88 92 95 84 112 118 93 54 110 92 102 124 103 -126 98 84 87 83 97 97 92 91 80 100 -100 89 78 90 -103 100 114 55 86 104 94 102 78 98 107 124 95 102 60 -121 118 117 88 -127 83 110 -104 83 120 81 -120 120 100 127 63 105 62 106 93 111 94 112 70 76 97 105 103 79 -128 95 112 113 54 86 114 114 107 119 99 100 102 115 90 106 121 93 75 115 108 89 53 97 86 106 117 113 103 88 90 100 119 -107 108 103 101 71 -89 87 119 96 106 97 115 104 -121 114 95 -125 125 -128 87 66 85 104 105 94 95 127 94 90 125 107 81 -116 110 122 103 103 96 -110 91 64 124 107
74 78 111 -112 104 115 -112 87 -122 94 105 74 123 126 76 51 -124 104 105 95 119 120 101 98 114 127 63 109 105 101 116 121 120 96 120 110 90 -126 117 105 89 104 73 104 102 91 103 -123 -115 -122 -122 114 123 117 77 -97 101 127 116 86 112 93 122 89 100 113 79 122 122 90 -125 118 119 100 101 -124 119 71 107 125 94 106 109 -104 104 101 75 -119 113 120 98 110 117 88 99 -125 102 -126 -117 122 72 72 -126 92 123 55 99 116 112 78 73 87 -107 91 102 113 110 -97 104 120 -128 -113 -109 120 95 117 118 105 110 90 98 102 97 80 94 106 100 107 115 93 122 127 -106 123 93 109 100 122 95 98 91 115 -112 107 61 116 -112 101 120 -108 114 87 -124 108 127 113 -114 108 119 91 94 58 75 63 -114 100 59 111 119 109 112 127 106 97 109 -124 119 90 79 90 100 78 77 107 94 65 87 96 118 83 -106 127 106 105 74 113 113 95 110 109 106 107 114 125 -114 71 -126 103 106 -128 -84 93 68 76 104 -117 107 100 77 -125 90 71 105 -127 -89 106 114 100 90 57 97 114 102 -126 -127 108 99 -109 -113 75 101 105 -124 101 113 76
109 65 107 125 119 120 -116 105 -125 107 111 54 -122 -108 61 113 -105 98 84 101 -124 110 -115 82 -127 120 90 126 -120 -110 116 115 -118 111 -125 93 101 -108 90 -127 -128 104 113 -116 94 117 94 -105 -113 83 -118 118 121 111 -125 -123 115 126 107 111 124 -108 114 -116 105 102 116 -126 -111 91 102 -106 113 126 -107 -118 -93 -127 119 105 120 -128 111 -102 112 -100 122 127 -84 -122 95 -125 125 126 -88 105 118 108 -92 116 116 85 -108 -110 81 -128 -99 116 118 126 113 101 -111 113 -123 121 -118 -115 -125 -109 -123 -106 -110 -115 116 120 -121 69 114 111 112 98 -128 -116 109 110 -106 97 114 -127 108 -126 93 85 123 113 91 110 89 120 77 92 104 -111 103 104 113 70 98 112 -123 102 114 110 -104 -125 124 -121 112 98 -96 97 118 88 -128 104 112 -120 114 -120 99 105 113 -123 43 112 73 95 124 93 114 116 90 -119 93 105 102 -94 111 -84 -106 -128 108 119 116 113 -108 120 95 91 113 83 -87 124 -119 116 -120 -113 123 73 125 125 123 113 127 118 112 89 117 116 120 113 112 116 -128 108 116 103 108 95 116 124 -124 -120 92 -123 -120 -118 110 99 105 -114 -116 77 114 111
112 106 104 108 -120 -127 106 84 87 99 115 114 105 -106 81 71 -122 105 109 107 104 102 94 71 93 118 88 106 122 104 116 -105 100 82 64 85 99 122 91 -126 -94 97 68 66 95 111 67 122 -119 122 -114 47 102 77 90 -105 108 105 122 92 103 95 108 94 102 84 116 101 112 58 112 102 -124 -125 -117 101 113 105 -119 81 100 103 38 99 79 79 124 80 88 -128 63 101 116 110 126 81 77 -110 101 126 -123 90 66 103 116 125 124 86 105 77 75 -114 86 104 93 91 118 117 107 123 85 105 93 100 -108 88 -125 120 74 119 -106 106 97 -128 97 83 116 87 92 123 117 -127 -116 63 126 98 119 100 111 41 101 96 120 124 80 124 111 107 90 102 -125 87 127 -123 109 105 100 127 -125 76 124 62 95 93 114 79 82 83 -113 115 76 122 98 113 121 110 86 101 -128 98 -128 123 -111 -118 68 95 114 99 64 100 96 119 -114 90 106 42 -126 69 32 91 61 72 -113 87 -110 -120 117 98 111 114 127 111 103 87 107 77 108 100 77 55 99 75 87 84 68 96 102 94 -114 16 111 85 111 87 92 95 121 124 88 108 96 96 94 44 75 67
93 93 93 81 112 103 43 113 98 124 111 116 89 71 92 66 110 113 78 99 106 114 89 117 -127 110 101 98 76 78 86 63 72 80 86 83 124 -124 -121 93 90 85 65 67 110 -109 122 108 -109 99 78 103 91 99 -124 -125 84 123 91 86 110 76 92 91 73 109 54 114 89 125 89 83 78 124 90 90 69 124 -121 109 103 -123 103 75 73 72 -126 107 71 112 86 87 115 112 82 75 85 87 121 96 77 -122 85 115 84 87 101 105 83 112 96 91 77 102 88 103 91 84 88 82 -121 106 -115 -118 91 84 93 104 91 45 107 97 115 84 93 90 -127 84 86 96 62 72 120 86 84 47 90 115 68 83 78 89 84 116 87 65 104 -126 46 48 104 102 122 102 125 93 120 92 94 -125 74 67 77 87 103 127 106 87 -107 112 87 77 84 116 69 85 -127 75 122 110 -128 99 73 82 78 74 79 87 94 76 114 117 92 -126 75 67 99 83 43 77 82 75 94 117 109 99 112 103 101 46 -110 96 120 104 73 84 104 90 92 -106 104 54 120 104 88 69 118 98 71 76 112 73 115 -127 50 104 118 80 104 113 88 106 -116 75 106 78
60 58 95 96 75 55 42 67 119 84 98 88 78 111 103 75 101 75 64 61 103 112 17 92 86 70 98 101 93 65 71 120 105 93 93 58 70 106 83 119 45 52 101 56 111 102 65 62 126 -127 82 113 -128 108 65 81 95 110 75 61 68 49 91 67 63 79 71 86 53 39 102 67 92 127 126 101 115 99 112 107 98 113 54 77 89 45 102 124 67 57 84 80 76 84 94 66 81 96 111 85 99 91 68 119 52 86 119 74 68 98 87 120 82 61 84 68 77 85 125 75 -116 90 119 84 68 48 75 96 -115 48 88 43 108 96 98 92 108 81 84 55 89 51 111 106 58 51 95 60 101 61 111 103 72 118 116 81 68 56 82 86 74 99 86 74 73 103 80 105 97 -126 78 69 79 83 91 107 92 88 116 100 75 108 106 95 71 91 100 96 113 82 97 -128 112 85 71 67 91 65 67 99 78 108 -128 -121 83 37 108 97 64 82 67 97 -122 118 120 77 84 94 92 48 127 105 58 77 67 93 98 82 54 92 84 81 124 104 60 100 64 111 77 63 104 92 72 94 76 112 69 95 74 69 101 106 82 109 90 66
40 63 72 88 61 81 88 94 85 99 87 65 75 78 114 36 -121 83 81 54 67 123 42 108 95 64 74 67 40 71 62 -119 90 79 52 97 95 100 91 61 99 -126 82 77 76 99 41 127 83 80 44 64 -126 57 66 82 67 66 76 80 67 91 92 99 51 55 88 92 45 46 90 79 116 88 97 101 97 96 126 32 66 88 58 86 88 91 64 90 106 86 63 91 57 71 90 103 109 100 -120 92 113 106 111 69 113 74 101 113 43 108 80 65 84 90 97 69 106 103 93 120 91 69 56 85 108 25 82 68 111 68 111 59 83 112 57 98 119 90 76 52 62 101 101 103 61 78 95 61 101 52 65 102 75 84 97 117 113 85 74 121 125 54 71 69 66 65 103 59 64 101 101 68 73 88 82 37 55 78 77 91 79 91 61 34 101 103 56 59 67 74 57 80 81 97 88 59 73 74 117 69 90 69 94 74 57 60 109 93 20 83 83 106 82 79 117 103 112 76 71 42 91 65 58 85 65 84 85 111 75 109 64 67 -125 56 69 78 86 75 90 64 117 105 73 48 112 94 88 100 69 102 124 -128 76 75 83 50
101 79 85 -127 92 83 89 83 111 88 90 105 69 106 119 66 94 101 88 63 114 106 33 -127 82 106 101 94 73 90 89 77 53 91 28 101 86 94 79 76 107 49 108 39 91 98 80 123 67 56 101 108 126 103 76 73 66 96 93 79 76 100 92 98 97 57 109 75 52 50 108 119 65 60 49 60 86 80 89 99 56 100 63 75 89 80 98 55 101 113 22 80 84 73 103 57 117 114 121 60 56 111 83 58 86 82 77 88 74 97 80 97 59 65 97 85 102 103 94 103 87 78 78 72 70 65 105 97 44 74 93 82 65 103 -118 73 125 81 63 70 85 87 95 92 98 124 94 91 97 67 91 90 90 67 75 76 118 87 77 107 81 68 92 68 47 68 -120 96 98 96 41 78 97 111 117 91 90 86 74 84 93 99 91 52 50 84 55 58 104 62 77 95 68 105 105 105 32 116 96 -126 72 111 69 109 64 96 -125 99 41 59 99 113 102 65 55 85 86 125 86 74 83 -117 91 123 79 68 103 87 69 76 73 101 114 85 106 116 125 99 55 54 93 81 99 96 68 83 124 94 74 89 92 120 59 40 51 31
113 106 124 -128 -118 119 102 -118 -122 -119 120 -125 103 111 100 104 -125 114 114 112 101 121 87 -126 122 -107 104 87 122 -100 93 97 96 107 111 86 -118 126 -108 -113 80 107 -116 111 -124 -111 93 -105 -76 105 -96 112 101 -104 -121 -116 -121 -111 78 123 94 107 96 -127 127 97 108 -126 113 92 -122 125 -126 87 81 116 124 105 121 -112 -125 -117 76 94 114 107 -106 118 113 -120 103 -127 107 127 98 -119 118 124 -108 -112 115 -110 109 82 105 104 -119 125 112 105 46 101 91 -112 -124 -99 -116 -127 -119 -112 122 -102 -119 -124 105 93 -119 110 125 89 125 118 -125 120 103 106 -111 117 -124 95 -124 114 114 101 94 81 -124 111 -111 96 -120 -112 100 86 -127 71 104 105 -123 100 107 84 104 65 97 107 116 104 117 120 103 91 -124 109 104 123 -112 -109 -121 112 102 -90 -86 122 76 103 106 75 -84 -128 114 98 127 -120 110 105 120 106 92 -108 107 119 86 -106 124 123 -92 127 85 104 -108 108 -99 -121 113 107 121 -113 -120 117 -126 -107 104 123 107 101 -116 118 116 -117 99 122 95 -124 -97 120 127 106 93 61 108 105 120 112 100 119 124 -117 -109 89 98 -113 -104 105 117 119
84 90 -97 -126 116 122 -105 93 115 115 -118 87 124 -116 111 114 -120 -97 106 124 122 104 123 -126 99 121 104 -114 115 -128 121 -95 -102 -104 115 -108 76 116 81 102 121 -115 102 82 -104 -111 107 -128 117 -109 -110 94 112 103 -122 102 112 -92 -90 127 88 105 91 101 122 83 117 -101 -120 77 -117 127 116 -104 120 87 118 109 -127 107 -119 113 -103 -120 87 117 106 -126 -105 -107 69 -121 -109 106 115 97 120 -122 -126 121 115 112 117 -121 99 117 -116 125 111 115 104 -116 121 -123 113 117 -106 -119 118 105 -103 104 109 98 -117 124 78 112 124 96 114 90 104 104 -117 127 125 105 -119 108 -125 -125 108 89 -110 127 104 101 120 -120 95 -119 -126 -112 92 -111 -122 -128 109 123 125 98 89 78 -117 -118 85 -119 117 116 112 126 107 117 86 69 112 -105 93 109 117 114 76 91 95 -125 88 106 125 72 -119 -122 116 -123 105 125 95 -120 83 -76 122 114 68 -116 112 117 -128 124 118 87 72 100 123 -114 -105 124 -103 -114 -117 110 -97 -128 95 -125 -123 -126 124 101 77 112 -123 -120 -114 86 120 118 96 127 121 102 125 124 117 117 107 -126 103 -107 102 119 123 -106 103 121 107 114
107 71 -103 123 121 122 118 123 -111 84 -122 105 94 -106 100 111 95 -115 71 113 105 -122 127 84 119 -127 -118 92 114 105 90 121 104 -116 -128 118 119 -105 88 111 -101 -127 116 119 -124 -116 94 -112 -122 -125 97 123 103 97 83 -106 120 -101 102 -118 -118 120 108 -120 -103 72 102 -108 -97 125 121 112 -110 119 98 -128 124 -122 108 -124 127 101 111 -115 109 107 -107 -81 -114 -103 -114 127 -108 81 -128 -121 -124 108 -65 112 -112 -111 -97 -109 -128 -117 -111 115 87 111 107 -117 -113 -121 117 99 -118 -127 125 -126 -109 -105 115 -104 102 101 110 119 121 -128 -92 112 107 117 106 115 -120 117 -124 -125 -118 110 -100 -121 120 122 92 127 -112 115 107 127 -128 -126 96 101 -111 -126 100 124 119 -103 127 109 89 125 68 -105 109 -105 121 105 92 124 96 108 -110 104 -80 -100 69 -110 -118 115 94 -77 114 117 126 109 89 -107 -123 124 109 123 -114 122 113 124 112 66 80 100 124 116 -101 -102 104 117 118 119 126 118 122 107 -102 102 116 98 -128 115 51 120 -123 126 -126 100 -121 -126 110 127 -119 96 -124 121 -128 -124 126 91 -125 124 -99 -101 -106 126 -122 77 -112 122 123 125 107 90 92 82
94 122 116 -96 108 -123 -121 108 -100 113 100 -121 108 127 90 71 127 -115 122 -122 -108 107 79 -116 -116 -82 123 109 114 -57 -121 125 -119 93 -91 112 111 114 -128 -117 -86 -117 108 -96 -100 118 -98 -78 -125 118 -121 -84 118 104 117 125 118 -111 120 126 -124 107 -122 122 -106 -116 -102 -86 118 -105 98 -100 123 124 -100 127 99 -97 113 -106 -122 115 111 119 -107 119 127 -88 -120 -113 117 121 -91 122 106 117 -119 -116 127 -117 95 114 -126 123 -95 -94 -123 -93 92 112 -127 -126 -119 123 -100 -119 -102 -122 -118 -100 103 -101 -81 127 126 127 97 119 108 -106 108 83 -95 116 -107 125 -98 117 114 -117 104 -126 118 122 114 -107 -119 90 106 -115 -128 -88 127 -98 -119 79 -101 110 111 105 102 -88 -92 122 -101 -126 118 102 117 109 -127 -114 91 106 -119 100 110 119 -112 125 113 -118 118 -114 98 -117 123 119 -89 -125 125 100 126 -98 112 -122 96 -107 80 -104 -101 -94 101 -124 -105 120 -102 -110 113 96 -118 -124 -92 -121 -114 -100 -113 116 -95 94 -106 104 112 -122 69 92 -109 95 122 115 -127 -98 107 94 -112 -77 -80 82 -123 121 -119 -125 87 -94 99 122 -88 -128 -80 121 101 -65 113 123 118 91
71 95 119 -120 120 92 -111 72 -105 106 105 -124 94 -113 116 -124 -127 -114 116 124 -105 -118 114 -96 123 112 -128 -103 118 121 120 125 -119 124 104 -119 113 107 117 115 127 125 90 87 -127 -102 127 -119 114 118 -101 -113 120 116 -117 127 117 -118 115 113 98 82 106 -117 78 124 91 124 122 96 124 -123 -112 -78 -108 -117 89 125 98 115 97 -128 114 -113 124 93 85 -96 106 110 118 92 -112 119 114 113 113 -103 125 120 84 110 119 -125 111 121 -123 104 116 115 120 122 118 123 -114 -101 118 -108 -118 -108 -121 119 124 -114 103 100 76 75 113 127 110 87 97 104 100 -106 -121 80 89 115 104 -118 108 109 -119 -127 126 93 -127 102 105 126 -126 -115 -127 53 -120 116 103 110 108 -117 126 79 123 -117 124 100 107 120 -113 123 125 123 127 121 96 -120 -87 112 88 -126 124 107 99 -126 110 115 104 107 -122 125 -126 -100 -107 113 120 89 86 119 116 114 97 -115 79 119 120 -121 101 85 -128 -112 114 -103 115 87 91 123 127 91 -123 -113 88 -119 91 88 112 108 -123 95 117 118 -112 119 92 82 -126 81 -103 79 125 112 125 118 101 102 -108 -106 118 98 -120 -116 111 105 97 91
60 112 -115 -118 65 112 -118 120 -119 90 58 108 107 -121 125 71 -118 112 106 -110 -128 100 92 -121 -125 119 -107 -122 120 -125 76 -108 -92 110 -112 105 126 -119 96 105 -124 92 -120 99 -115 -126 123 -128 99 123 -106 -128 98 -122 122 -115 100 110 121 95 76 -96 97 111 -113 120 127 -104 105 104 -126 -122 -127 -127 117 -118 -117 79 -123 -119 -121 127 126 -103 114 -123 -125 110 -119 111 85 104 106 -118 -121 104 98 -128 -87 83 111 65 -118 91 127 85 -119 126 73 103 117 115 116 90 125 99 -51 122 -95 122 -101 103 82 -119 90 80 90 -93 92 101 120 111 127 115 105 -126 -95 -125 -125 101 103 105 100 -127 119 -124 115 114 -116 -125 115 123 -111 -109 112 92 -119 -125 122 -124 -115 -108 78 105 101 116 97 119 -121 -107 90 105 -128 101 91 103 92 102 -101 111 120 113 97 -127 54 -91 122 90 106 95 -126 113 111 -101 100 118 88 -125 103 122 125 102 115 115 87 109 123 107 -112 98 89 93 -125 92 -110 108 100 126 -118 122 126 -118 69 83 -118 -113 -118 -128 113 111 106 -117 -111 103 -111 99 112 113 118 -102 126 -104 97 97 -125 -126 111 125 -125 124 88 -115 -123 116 113 101
92 89 115 113 99 94 -99 111 103 75 99 116 88 -109 85 104 -75 -102 104 96 88 82 -128 -105 80 118 -109 110 89 112 91 -119 82 116 75 72 58 -121 90 116 118 105 100 59 -111 70 101 123 120 121 88 98 124 -104 118 114 112 -126 113 -124 114 95 77 -118 113 87 104 110 89 69 116 -104 120 110 80 95 115 75 100 -90 108 106 87 -119 125 123 78 -105 114 101 -126 125 111 -104 120 85 -128 85 -116 80 101 109 116 123 99 115 126 100 91 114 110 107 120 81 104 92 -105 125 -117 91 -78 126 75 115 91 100 -128 70 -101 101 74 118 110 103 106 -120 107 101 -116 125 -121 90 88 88 104 -121 78 97 -127 79 66 -127 125 59 -100 95 107 107 116 109 84 85 106 62 99 101 117 70 90 80 -125 104 -113 110 95 102 109 99 -124 -128 -126 112 99 79 84 93 125 68 98 -123 86 101 112 105 99 84 77 100 81 115 -114 108 98 115 71 105 115 81 99 -116 104 -121 -120 109 97 88 86 -115 123 94 116 -126 110 114 116 106 125 107 93 73 81 97 80 113 87 95 99 76 91 107 64 106 111 103 110 114 -123 108 109 53 101 -120 108 96 -111 -117
70 73 90 114 -121 75 79 62 108 111 -126 103 80 88 56 76 110 102 68 51 99 65 77 97 78 75 93 86 80 -115 99 114 103 54 100 104 59 94 115 102 58 93 69 124 101 88 121 83 120 -112 101 98 118 86 107 124 75 -128 39 59 84 88 94 100 97 123 83 100 126 78 92 127 85 108 64 -122 62 101 99 95 90 98 73 106 106 108 114 -112 66 112 -128 88 116 81 87 110 90 59 88 96 107 107 85 70 97 121 104 88 74 95 3 80 -114 -109 104 110 86 81 97 -127 73 -119 114 101 85 94 84 80 73 95 89 74 113 73 110 86 100 66 58 82 97 90 103 69 71 84 102 100 93 85 82 106 106 116 86 81 121 100 97 87 80 65 103 58 -117 102 91 65 91 83 51 85 111 116 110 93 65 78 115 75 75 97 118 80 81 74 122 -112 98 112 76 95 93 90 83 55 105 -123 73 113 114 125 39 98 127 97 76 117 59 68 122 94 98 104 97 97 97 97 116 57 104 97 116 -113 49 86 -124 112 80 91 96 114 97 66 105 99 122 98 76 91 84 81 114 115 83 104 122 111 101 117 98 -95 77 60 68 61
69 92 123 99 112 103 124 118 109 -113 83 114 -108 -113 102 67 -127 -114 -116 -110 -116 110 103 -112 -125 114 -103 -112 123 -104 107 108 112 109 118 104 74 -125 82 110 -120 82 -119 113 -112 117 112 91 119 106 90 106 78 103 118 -121 111 95 112 118 110 123 114 91 88 120 127 -100 121 85 92 -122 121 -126 83 89 87 -82 -121 126 -109 102 87 -91 102 116 -113 126 -127 -123 109 114 127 75 100 111 90 98 -107 91 -100 -117 103 79 -112 118 91 97 97 116 86 95 -101 118 -122 70 114 -93 -128 114 101 66 116 85 -128 113 81 90 88 -122 92 68 113 94 90 104 -109 102 89 102 99 111 107 77 77 -127 93 107 115 72 127 122 115 -83 121 98 52 104 115 124 87 127 -88 126 -120 -126 78 121 102 -111 -114 88 -119 81 107 106 102 102 -79 84 117 97 81 101 112 93 -120 107 126 81 103 119 -98 107 105 88 89 97 73 116 125 114 84 65 122 96 94 -119 -125 104 66 111 113 -108 122 79 82 86 95 107 127 79 96 91 82 112 -128 -118 94 96 104 127 102 106 117 107 -125 106 104 108 124 122 -125 122 120 110 -116 123 111 -118 59 127 101 101 97 95
98 -119 116 -105 -122 -122 -124 115 -115 -113 105 126 121 124 -115 85 -102 97 111 116 -117 114 90 -114 -118 120 -117 -106 123 109 124 112 107 104 98 120 110 -124 111 114 89 -119 -120 117 -114 -103 82 -109 -120 115 -115 -106 -102 115 108 -121 114 -127 -99 107 122 -114 -127 117 105 123 -97 127 96 106 123 -91 122 125 -126 127 -120 99 81 -119 115 -113 103 -117 117 104 -128 94 -117 -119 115 106 -114 103 -120 125 108 -95 -118 121 -124 114 124 -124 122 -108 -76 -125 57 -109 120 98 -110 -114 -96 93 -112 -85 -98 -103 -123 113 101 -105 125 -98 116 126 -117 114 -127 98 125 -128 107 119 -95 87 89 -111 96 86 124 109 -98 -107 121 96 -116 113 106 124 106 -110 123 96 -127 103 107 103 88 -100 117 123 121 123 106 -119 110 126 118 -109 -126 -127 119 -111 124 117 -105 -108 90 115 120 -93 101 104 -110 123 127 122 -94 105 97 100 124 112 108 109 -119 -108 126 -126 102 115 102 -125 126 -119 101 94 105 79 -106 -106 -124 88 108 111 -127 124 -110 -107 119 124 92 108 96 127 97 110 -120 -123 -114 114 89 111 107 67 121 112 -112 -126 -108 122 -118 -119 -88 -110 -90 110 105 96 100 99 -121 77
-114 -121 -119 116 -96 121 -102 -108 -125 60 123 -112 117 -92 -106 -105 -112 -98 123 102 -89 -115 108 112 -107 -121 88 113 107 118 118 119 124 -126 -126 -112 -122 -108 115 -125 -118 107 81 -122 -72 114 -115 -99 -110 -107 -122 -94 -75 -92 -124 -88 -105 -66 123 111 105 -122 -110 126 -127 115 121 108 108 114 -112 -112 -103 100 -70 -92 -112 -122 -106 -108 -115 -90 124 -112 126 103 -120 -84 -100 -124 103 -108 -101 127 -111 -127 119 -108 -106 118 -122 -75 -124 -64 107 -103 -94 -94 -107 -116 93 109 -117 107 -100 86 -126 -110 -100 99 -125 -112 97 -114 109 -126 108 -124 -110 103 -94 105 -114 -111 -113 113 -128 86 -91 123 -127 126 -100 120 115 -107 -115 -87 -118 -122 89 -123 103 -110 -72 106 -122 103 121 107 95 -110 -117 -127 -101 -114 -120 117 116 -123 -120 -106 -127 112 -128 126 115 -128 -89 -85 80 -114 -90 -116 -128 -114 -112 121 -101 -120 112 -93 113 -80 81 -94 73 -111 106 124 -111 120 -83 -114 61 49 109 -113 114 -88 -107 -99 -101 122 -100 95 101 -120 -80 125 -88 -119 112 82 123 97 100 -127 -111 125 99 104 108 -99 -106 78 -126 124 -128 116 -115 -60 89 123 -97 -113 -124 -113 -114 126 -118 -116 -87 -100 127 -119
127 76 -123 116 109 102 105 106 -117 -106 98 -125 88 124 82 110 -121 -94 127 123 107 104 -126 113 122 119 101 -88 -89 -106 -116 112 99 107 102 89 106 116 -103 100 -109 -114 89 -115 117 126 -124 -119 -106 -119 103 -121 87 122 124 -85 126 -82 117 92 -114 114 123 104 -107 83 119 -126 107 122 114 -92 -105 117 103 115 -115 105 85 -122 121 -128 103 114 111 -119 94 -110 111 -126 93 121 102 111 91 120 -120 113 -123 98 124 123 105 116 108 -121 -94 120 86 110 82 127 118 109 123 124 -92 65 -106 86 112 -101 102 -89 -122 -95 68 124 122 108 -92 93 124 85 127 86 -97 -104 109 108 80 97 -125 -118 73 122 123 -120 96 -112 120 113 -126 -94 -111 107 122 -113 108 67 127 -110 107 -113 106 115 -122 85 108 -102 112 116 117 112 126 -113 123 104 -128 110 91 -125 -103 102 103 101 106 86 117 -95 119 106 -118 105 -117 -125 63 -100 94 -127 -112 118 102 -98 63 84 -115 110 110 91 114 107 100 127 107 -90 -116 -127 -96 86 114 84 121 -127 70 122 119 -121 -113 -122 -125 -124 -128 -115 -127 76 -102 92 -98 -99 86 122 100 123 79 101 127 -128 120 -121 107 -93 -127 97 114 -121
-113 112 115 -102 126 118 -106 -125 -108 -112 -112 -100 -122 -90 -128 116 -79 -108 -107 -118 -105 125 116 -98 -118 112 -118 -89 91 -114 -113 -98 -100 116 -121 114 101 123 108 -118 -89 -86 -125 95 -128 -126 111 121 -89 126 117 100 121 124 83 -116 113 -86 109 107 94 -106 107 -110 -108 118 115 124 102 -126 -100 -84 -109 -128 -118 115 106 126 -110 -111 -115 -113 92 123 -121 94 -107 -115 -81 -112 -127 -127 -94 -119 -122 -119 112 89 -98 -98 119 126 98 -102 -128 110 -110 -119 125 118 -113 125 -123 118 102 88 -116 -122 89 105 -121 -91 88 -104 -120 77 112 93 119 -127 -118 -118 -93 113 -85 116 -119 118 -120 -119 112 112 102 -78 98 -116 -87 -97 106 -120 72 -74 -125 81 126 -125 -120 110 -110 -122 110 120 -94 110 -114 -111 -113 96 98 -113 126 -78 110 -105 125 -113 121 -113 -63 -110 115 115 107 -121 78 -107 125 117 102 125 -124 -123 -110 117 112 120 -119 119 85 -124 114 118 -117 84 120 110 113 -116 107 -85 100 -101 -103 -102 -102 102 -87 -103 -109 90 -94 -115 109 97 96 -115 -126 -107 -121 -96 -121 114 100 -128 -120 120 -106 -113 -103 121 113 123 -123 -111 86 -102 -94 123 125 114 125 -92 -93 -127 -97 113
94 101 -101 119 115 95 120 123 -126 -118 116 118 112 -98 -121 108 -105 115 -121 -94 125 -89 89 111 -124 108 -117 112 83 122 116 -127 76 101 107 125 99 -110 97 102 -108 92 110 118 127 125 91 -97 -122 93 117 112 116 -120 113 -111 -124 -109 75 -125 113 95 119 118 -118 -120 102 113 110 105 -124 120 -114 -102 -104 114 -111 -109 83 -103 -91 113 84 -96 106 -111 101 -97 95 -107 111 -106 107 -104 118 89 117 -95 -80 112 115 119 127 115 125 -128 -89 125 115 107 105 107 103 -118 94 -124 -119 -113 -109 94 -110 -118 117 122 103 87 122 118 103 110 119 104 -124 100 99 71 -77 104 119 112 82 -128 -97 101 114 124 106 103 -120 -117 -117 123 111 -127 124 91 104 90 89 99 -109 124 102 126 105 -127 91 -117 99 -103 94 104 -120 -128 112 105 124 125 -93 -84 112 -102 -103 109 104 115 108 74 111 115 -123 -119 -119 -119 125 100 114 96 92 -110 109 122 118 -101 83 99 127 103 94 97 116 126 -103 80 -98 81 -117 -93 -106 98 -105 116 112 94 -127 124 123 98 74 -118 117 113 127 125 -114 86 -116 68 -112 106 126 112 108 116 125 118 -105 -125 -114 -115 114 124 117 89 -123 94
89 60 85 88 79 115 120 67 113 92 105 84 72 -123 80 99 105 85 61 81 70 90 98 101 104 77 58 53 61 103 53 80 82 98 115 -125 80 96 86 95 74 -112 93 72 105 107 67 97 80 51 70 76 69 77 72 99 80 120 66 79 106 117 77 -122 80 92 83 92 49 79 71 84 77 73 88 77 57 54 69 75 105 -127 41 95 119 86 94 -126 70 99 87 70 69 122 91 90 79 92 -126 105 82 98 86 96 88 88 84 73 53 86 65 85 -127 97 103 -126 114 101 57 90 88 110 100 93 -117 56 73 100 110 106 83 70 92 95 47 117 124 53 123 91 96 78 94 64 96 74 92 62 86 60 43 123 80 77 82 113 90 79 87 92 66 70 85 84 60 -125 81 89 92 112 105 123 71 109 53 75 81 82 -117 54 101 -125 115 33 61 98 52 58 54 69 61 83 81 85 92 76 75 70 85 67 84 76 78 87 86 78 86 94 70 73 46 89 91 103 103 58 90 57 93 41 102 68 74 77 102 75 111 96 124 85 98 76 94 71 72 56 121 82 87 85 41 94 123 50 99 60 124 121 108 112 56 104 108 50 122 105
97 85 86 -127 121 121 111 100 122 95 -110 102 -119 111 112 82 86 -118 117 91 94 86 -124 121 108 110 92 84 124 -86 122 92 122 113 124 117 105 -116 124 116 -127 74 115 118 -119 -124 89 116 -125 -126 124 110 59 97 100 85 118 -124 104 65 109 -110 122 119 94 72 90 119 75 81 98 -126 91 116 -118 114 -108 83 122 63 125 -92 100 115 112 88 127 121 125 101 109 -109 -108 93 121 -118 95 118 -117 113 103 94 100 -118 78 121 117 118 92 106 97 112 -124 119 80 -112 85 -125 119 127 111 -123 -109 105 -122 127 98 120 104 -127 102 100 125 104 -125 -106 113 78 -103 89 123 109 -121 122 124 124 -118 75 -94 68 96 117 111 99 100 116 -115 126 -119 103 121 101 -123 97 109 117 80 -126 91 -117 119 56 83 -126 91 67 72 118 113 122 -126 -110 111 93 95 111 106 94 125 99 108 -108 113 -122 68 -128 84 -122 108 -116 102 127 82 -117 85 73 121 125 101 95 109 109 88 -110 125 108 -124 122 117 83 -114 97 101 97 86 115 -116 76 127 104 103 74 105 92 -113 -100 -109 -121 121 67 99 98 -116 119 94 86 118 106 106 93 112 -111 126 116 113 74
87 -110 97 -80 126 -124 -107 85 -106 80 117 109 -104 -108 95 -106 121 117 120 -116 -93 104 125 80 127 -113 100 -110 121 -96 115 118 126 -106 -94 -127 -107 -108 105 119 -87 120 113 -106 -120 116 -116 -103 -112 122 110 -119 120 111 118 -97 -109 -86 126 100 -125 120 -121 -119 126 -113 -112 -113 -120 81 101 -93 127 125 -115 -77 -91 108 98 117 -121 -103 111 -106 -102 111 127 -97 -92 -103 113 123 -104 127 -84 -127 -125 -95 -108 -100 117 -120 118 -87 -117 -113 -115 -87 123 121 81 104 -96 127 115 114 -111 118 -112 -98 -120 -117 -112 -89 120 -113 122 120 98 103 -112 -103 107 -85 -128 121 -104 68 -120 113 109 -112 112 -124 97 -89 104 -111 -102 -111 100 -124 -126 -106 114 107 -108 127 -120 110 -108 101 -96 113 -103 -101 -128 -106 -117 -103 114 96 -79 114 109 116 -119 106 -104 -123 79 -125 -120 99 74 -116 -114 -106 120 123 -93 126 122 -90 88 -112 92 -93 90 -120 -100 100 93 -102 -118 124 -114 -111 94 113 -124 104 -120 -108 -100 -100 125 -99 -87 114 -115 -127 96 118 125 95 -111 105 109 92 119 -122 109 125 114 -127 -125 -105 120 -121 107 -105 117 114 114 125 126 -119 -126 116 120 -124 -87 -111 118 116
96 93 96 119 86 103 -106 118 -98 76 -120 103 -122 123 107 95 106 110 49 78 118 76 95 75 -126 72 97 98 119 91 110 81 125 126 87 111 118 -98 91 69 121 121 94 96 97 -126 99 106 123 114 100 84 95 91 61 105 85 -109 102 64 105 -127 116 100 110 54 58 -103 93 86 -110 -101 101 106 121 -126 127 58 115 86 -118 111 69 93 118 104 88 123 104 105 122 -112 118 104 109 123 125 -117 120 115 123 -126 114 107 -123 -126 -107 105 109 109 112 65 104 96 65 102 126 -119 106 -111 115 -97 98 119 95 95 101 103 -125 92 100 122 98 94 113 100 96 83 102 104 100 83 -104 98 102 105 119 111 98 87 111 125 -126 -125 88 113 92 126 61 125 101 87 119 111 86 67 -125 -117 -113 85 109 78 115 74 64 102 -122 84 -118 67 -120 -125 -120 88 78 122 86 56 106 120 75 121 53 -128 103 77 69 97 87 123 120 70 68 -114 95 89 117 105 59 102 98 121 121 84 126 116 125 121 101 81 81 123 -124 90 101 -124 -103 115 66 116 99 127 118 99 120 67 117 -108 102 81 83 94 99 102 93 115 123 -127 84 101 96 -120 -100 51 98 93
73 102 115 127 115 119 -97 -118 -104 107 100 -124 80 -124 103 96 -107 93 105 121 121 -111 81 -128 120 119 101 96 -108 116 -125 -123 102 -126 -123 -121 69 -97 89 89 112 123 -86 70 -79 112 85 -127 98 107 -104 -115 119 111 122 105 -116 125 97 -117 115 79 101 126 -118 116 76 101 -108 127 -117 -120 -101 111 -88 107 108 107 107 -103 -96 108 103 119 112 -124 126 123 115 103 76 108 -120 -109 122 116 99 89 -124 106 100 111 -118 116 110 117 -106 -114 106 -111 93 -124 -125 117 92 117 -87 102 -126 -121 -121 126 122 122 86 94 -115 -108 120 110 -128 121 126 114 -121 -120 -102 122 85 -119 82 118 127 107 -127 -123 110 -101 -117 101 78 114 113 109 94 82 -118 82 81 124 112 -121 123 77 -124 -97 106 -113 105 117 84 -117 -119 115 -127 115 109 -120 -98 -102 -119 125 114 114 -120 -118 -120 83 -67 111 -125 106 84 114 90 115 124 101 127 -101 -106 -115 88 86 107 99 -116 114 88 121 -89 107 -81 117 -118 97 -124 -101 -123 105 -120 -117 -106 107 79 -124 122 -119 103 126 107 -117 116 -99 -108 -105 -118 102 109 42 118 125 -109 107 100 -117 125 -110 122 95 101 114 -107 66 -107 73
41 70 103 87 72 90 94 52 66 72 89 51 51 68 65 24 125 82 54 96 96 78 67 79 102 58 37 70 19 67 76 78 39 36 86 65 45 71 92 76 92 90 37 68 62 76 93 56 56 88 20 80 74 82 71 85 67 109 75 55 83 79 90 77 74 80 55 88 34 76 89 60 63 56 78 50 58 77 46 69 107 83 20 64 63 43 78 104 93 96 79 80 88 104 93 93 52 51 107 54 27 82 56 102 53 115 36 79 104 40 68 98 83 63 52 78 79 84 53 72 108 93 78 77 97 119 51 98 100 54 78 46 92 56 83 81 98 59 101 65 91 31 102 50 81 83 70 23 14 78 74 95 64 109 83 60 87 65 61 74 56 112 94 70 81 91 78 73 27 74 80 89 73 102 91 65 45 83 103 88 60 89 76 68 10 76 103 50 67 105 96 123 102 75 58 67 15 68 38 55 84 93 55 91 72 43 83 84 64 77 71 77 89 59 83 68 62 77 60 21 88 78 39 47 82 33 65 105 62 110 81 52 65 77 56 63 78 72 67 84 65 51 107 82 71 67 68 62 94 79 87 117 67 16 71 40
-87 119 -98 -90 -78 121 -120 122 -56 119 -110 119 97 -112 -107 127 -125 -111 108 105 120 109 -97 116 -126 -121 -113 -104 -102 -99 -107 -116 -125 -128 -101 98 121 -108 116 -103 -112 -103 -127 -119 -58 116 -116 113 -93 -70 124 118 -126 114 -122 -72 -113 -83 -107 -74 -127 -107 114 121 -70 -124 -100 -103 -92 -101 -93 -96 -125 -119 102 -83 -120 -115 125 -78 -57 -120 -104 -104 -91 97 -114 -79 -95 -101 -101 -115 -91 -40 -108 -100 -89 117 -114 114 -82 -81 -106 -53 -94 123 -105 -101 -128 105 106 -115 -97 -105 -108 -102 -124 -89 -108 -118 -118 -113 -114 111 -92 -109 -93 -77 -97 -101 -125 -119 -112 119 -123 119 -91 111 -91 -126 -126 -124 -98 -114 98 -115 -97 -109 121 -128 117 -75 116 -76 -110 127 -77 -101 117 -110 -109 -93 -76 102 127 -114 115 -93 -103 -84 -127 -109 113 -120 -127 -110 -84 -81 -87 121 -101 -102 -82 -121 -124 -124 -107 -112 -104 -123 -121 -126 106 -92 -103 -117 -111 -127 -126 -125 -91 -101 118 -107 -112 -104 -104 -94 -99 -79 -111 121 -104 -81 -109 121 -90 -103 -91 117 -103 103 83 115 111 -90 -69 -121 -95 -97 -112 -99 107 -118 -108 -121 -109 -111 -108 105 119 115 -118 -66 -72 -109 -100 -104 -94 -118 98 -70 -72 67 -127 -124
118 75 -91 -115 124 -100 -111 123 91 108 95 -86 -127 -105 107 -98 -112 -86 116 -109 -127 127 119 -116 -114 126 -124 114 84 -49 127 -128 124 -78 -87 -111 75 120 96 -102 -128 109 -94 124 -88 104 -100 -123 122 113 -118 -86 -113 -108 -97 -106 100 -46 123 124 99 105 -86 -115 -117 107 84 -123 -116 110 -125 -107 -121 -115 -96 103 -116 -126 121 -101 -88 -120 101 -117 -127 -96 -110 -67 93 -99 -110 -107 -103 -76 -123 123 89 85 -94 -121 -100 127 -103 -116 -86 -117 122 -109 125 -122 -117 -106 122 111 -116 121 -66 96 -123 -122 124 -109 -125 -128 93 99 89 125 124 94 -100 -113 -94 91 -119 -125 -93 99 -117 100 121 117 -95 -104 -118 -103 110 -115 -107 125 95 -122 -108 114 -112 101 -82 -103 -101 95 120 126 -111 106 -104 -80 100 110 -115 -112 121 -118 119 -107 123 91 122 -91 -86 -106 99 126 84 121 83 -89 117 103 -114 -110 -121 -103 115 -79 96 -96 -127 -64 118 110 -105 -106 115 89 110 124 -121 92 93 -91 102 -125 104 94 -92 116 -105 115 -77 -113 -125 119 91 80 -76 -114 110 122 -124 -90 108 -81 115 -113 -102 -120 -110 -120 -97 -125 -106 -84 123 99 123 -106 -84 -100 108 -122 -117 -73 -94 -126 123 -128
62 76 64 93 107 127 99 -118 -94 -109 113 98 115 -105 113 84 115 101 101 70 112 81 109 -124 94 98 -124 65 99 -127 88 123 105 126 60 -127 122 -116 -127 -128 88 90 -110 59 126 -126 103 -96 107 118 124 104 94 123 77 105 -123 117 97 107 105 115 -119 -123 121 111 123 104 79 92 112 -123 93 83 90 -111 115 104 108 82 -122 -102 50 106 117 -114 114 110 -105 -127 80 100 121 112 115 121 122 103 -109 -127 106 113 98 106 107 109 -96 77 96 94 69 113 97 82 113 111 115 -124 -118 123 120 123 126 107 78 102 80 97 117 124 127 111 -107 119 -115 122 -87 92 -122 115 74 117 86 74 96 -123 106 127 -112 98 88 -125 123 86 124 90 111 99 96 111 105 125 81 56 89 -121 92 87 54 114 120 79 -109 78 102 89 118 111 102 82 114 -124 107 77 92 126 89 95 115 101 98 -124 115 -123 108 76 83 97 81 111 99 105 105 94 123 100 88 -125 71 107 97 101 125 89 93 100 113 115 101 88 95 84 117 120 67 -122 -123 109 106 68 101 93 -124 122 125 117 -110 81 103 74 -124 123 98 124 95 114 -98 -127 -112 96 94 -116 78 102 108 109
108 96 97 112 110 -127 86 65 113 77 84 89 95 78 89 67 66 127 80 77 78 59 45 109 99 60 60 109 62 100 124 103 -125 58 86 101 57 124 88 62 83 111 121 89 125 98 89 102 99 100 105 89 103 95 96 78 89 104 90 77 62 98 41 72 99 87 -120 122 91 50 93 112 112 118 77 123 84 87 114 107 58 77 -124 100 67 94 111 119 85 59 107 84 115 64 89 59 53 75 101 106 85 54 118 93 91 70 -107 95 92 94 93 94 96 73 62 77 97 -107 117 100 91 66 106 59 46 -128 57 97 49 91 83 74 77 105 104 68 73 58 83 72 89 75 126 96 90 70 104 76 78 93 89 121 44 97 58 71 -128 67 104 78 96 78 78 49 104 78 75 110 69 93 111 51 82 -128 88 68 76 80 66 75 59 124 94 73 72 79 88 71 77 95 100 107 91 100 48 81 65 74 94 95 97 102 47 127 37 101 96 96 63 43 35 83 85 91 -127 99 103 103 109 68 106 88 61 90 67 82 103 96 112 75 51 121 117 48 96 86 99 73 75 45 87 85 58 109 114 88 103 107 95 72 -111 -115 88 107 96 102
98 91 84 114 64 81 120 62 -89 127 103 110 -113 -116 103 97 109 125 -128 87 127 115 122 114 84 114 118 127 -122 -121 -91 112 -109 83 92 88 -124 101 89 -117 -116 110 96 93 -116 68 105 121 122 120 -104 -126 103 -112 92 100 126 -111 110 -122 98 67 111 112 121 100 114 103 116 86 125 127 81 -125 119 -120 94 110 99 126 127 -125 76 72 -126 88 88 -97 118 127 116 125 127 -119 -121 95 96 -115 -126 113 119 99 125 100 -106 121 -96 -128 -120 79 90 -125 98 90 107 89 98 105 114 105 78 -122 114 123 88 -120 119 124 -114 -127 99 127 103 97 -125 117 -91 103 107 94 124 101 -119 73 70 123 91 97 -116 121 70 -125 -111 -117 124 86 121 118 94 98 118 -116 -113 109 83 -122 112 84 105 -121 110 89 -125 108 -122 62 85 98 -114 91 84 109 125 77 73 79 102 -126 101 76 -113 91 -119 93 96 97 89 118 99 -96 -110 121 75 78 110 93 113 100 79 -109 110 124 114 -121 -127 120 -88 88 114 80 107 -116 87 99 65 125 -116 125 118 125 117 -106 110 109 113 -123 115 110 -99 83 92 106 114 -126 -120 91 -112 -120 -103 -119 84 -111 -127 102 94 127
115 60 112 119 94 95 72 76 90 102 -123 100 100 91 86 86 99 121 64 82 -117 85 70 75 101 -106 81 118 54 108 75 117 107 -121 91 112 87 91 100 65 -120 106 80 111 127 88 63 -113 125 117 108 70 109 103 81 98 120 108 105 74 74 56 90 122 56 69 122 119 71 96 70 108 56 108 99 125 96 95 118 86 -109 122 53 80 113 79 105 117 -126 89 88 88 86 83 -123 114 94 -126 -114 -107 105 81 101 84 81 100 125 115 60 97 80 86 85 120 86 84 101 -128 82 80 -128 86 121 115 82 102 46 78 69 72 97 91 104 119 120 68 125 71 105 93 104 97 118 46 95 96 116 -121 108 64 112 126 91 94 118 41 108 48 109 76 68 62 103 51 78 78 88 113 114 108 101 73 99 87 77 85 90 58 -114 57 67 120 125 52 55 90 83 79 -120 24 114 103 91 117 81 124 72 117 61 83 118 109 107 107 98 86 106 109 98 101 126 107 96 88 -110 91 106 105 92 80 98 77 -126 103 123 75 87 117 82 70 59 85 125 99 122 68 -116 59 102 54 68 116 87 65 98 80 85 78 -128 96 89 99 107 58 87 -119
106 82 92 125 89 46 91 81 123 85 122 96 102 126 115 93 104 -120 -125 101 113 82 84 82 126 88 101 114 83 101 101 83 105 87 39 98 -119 87 -119 57 124 -124 90 103 108 95 85 88 122 110 74 79 125 103 127 91 103 127 96 -126 77 73 84 125 102 97 80 116 87 96 121 -116 120 108 92 -111 68 107 92 121 103 123 112 121 82 58 58 123 81 117 109 79 84 -121 91 -128 115 92 70 77 126 101 77 88 -107 104 115 127 114 84 78 83 103 95 -127 91 71 121 118 119 100 118 94 71 76 89 108 -124 112 102 108 60 108 102 117 70 117 -120 123 21 88 110 79 92 91 91 95 104 -125 82 68 114 94 112 97 53 117 -114 112 86 125 111 99 107 74 107 69 121 119 127 109 93 109 86 117 126 -116 100 101 88 67 117 103 119 122 125 90 91 116 98 76 118 97 92 57 76 13 105 106 101 111 104 42 126 50 82 -127 115 83 89 94 97 120 123 85 94 -128 102 126 116 122 -128 108 118 96 104 -118 105 114 -127 93 123 99 88 103 96 82 99 125 -125 114 92 112 104 102 122 125 116 -108 109 125 -115 125 74 118 69
103 91 -117 -95 82 77 -114 112 -122 -119 122 114 -125 112 81 51 103 115 85 86 99 -127 112 98 -119 102 118 -126 118 75 95 -113 106 110 105 -126 89 121 104 113 108 -101 105 -127 108 113 72 112 116 -128 -107 81 116 97 112 -122 111 -128 91 89 70 -90 103 108 96 101 -125 109 119 90 96 105 92 111 109 -122 86 88 112 93 105 -110 109 85 108 104 120 116 -108 100 101 118 121 87 126 117 -124 -127 -104 110 117 78 81 84 80 109 100 -128 70 92 90 -115 -87 -99 77 113 -120 105 -105 102 -115 105 92 97 -123 113 99 86 85 117 -126 72 117 -110 93 92 -118 109 82 94 121 -128 -116 113 112 98 94 -113 90 71 72 -127 123 -125 109 99 -120 93 91 108 -114 81 59 59 126 112 117 112 121 111 -117 117 77 63 -110 122 97 92 -122 90 85 117 110 124 57 -109 115 109 93 104 -107 116 116 103 106 89 118 -122 67 -122 118 -125 85 113 116 97 108 114 102 94 100 108 -107 119 123 117 122 126 79 84 95 -113 110 -121 97 120 -119 105 -109 98 89 127 107 122 -121 78 -92 121 124 72 83 77 114 109 94 89 123 112 -109 86 96 112 -115 94 -117 115
56 85 68 67 71 89 64 72 88 94 41 70 45 109 74 79 45 117 97 89 89 76 76 102 81 78 107 75 81 116 57 35 85 73 101 83 85 61 86 45 98 75 107 64 64 79 87 77 83 58 66 -119 75 99 109 86 72 104 57 82 47 84 46 104 90 82 73 54 108 78 68 60 101 62 98 88 45 69 92 86 92 82 88 -128 59 92 91 127 60 51 51 89 92 75 70 38 81 61 99 82 81 55 88 93 87 54 73 84 82 90 73 -125 125 96 33 96 78 107 111 58 88 127 106 84 71 92 46 75 73 73 47 56 64 56 108 70 111 66 94 57 63 76 57 89 51 83 65 105 85 78 82 67 44 64 86 82 52 83 72 71 96 107 69 69 88 109 43 98 79 91 107 62 71 82 54 37 94 91 96 91 80 116 104 79 77 63 40 78 78 60 71 82 84 61 71 54 46 71 69 112 47 -112 82 83 61 113 126 101 94 73 57 38 95 63 85 64 49 86 106 85 70 68 73 81 64 97 85 94 82 111 65 65 91 88 86 88 87 54 107 86 88 89 70 94 79 75 97 123 99 67 88 -125 96 95 109 67
119 118 -112 -124 -125 -122 -85 116 110 116 91 103 -112 -101 -107 118 -109 -113 127 115 -86 -114 122 -110 -97 123 121 -91 -88 121 -75 -91 -92 -108 117 119 120 -78 -112 93 -81 -120 120 -112 -74 -81 -124 117 -110 -122 -120 -74 -107 -124 -115 111 -123 -117 -116 107 108 105 93 -57 -119 125 -120 -117 122 79 -110 -101 -93 -84 -71 123 -104 -128 -84 -105 -103 -120 -112 -96 -107 122 125 -91 97 117 -113 122 -86 -105 120 88 109 -98 -86 96 114 124 -82 -71 -68 -108 -95 -114 -104 -99 -73 -109 -111 84 -125 122 -103 127 -74 -108 -112 -113 116 -127 -110 115 -86 112 127 125 -107 -119 -98 -110 88 -98 90 73 -104 94 -119 -122 122 -116 -125 -97 -106 -124 -105 119 96 -113 118 -83 113 -107 -84 -117 125 -106 -96 108 -115 126 -86 -64 -128 -102 -125 -121 -92 -117 -126 -107 102 -96 108 -79 -88 -119 -123 -122 125 -93 97 114 112 65 -98 122 -124 -91 -127 -110 89 -110 98 -112 -102 -105 -115 -112 -122 -89 101 -119 -107 -114 96 118 88 -115 -97 124 -85 111 -93 120 -87 -106 -75 -126 -113 115 111 -116 114 -112 -123 -125 82 -84 -106 -115 -93 123 -120 -119 -120 -94 -60 125 124 126 -118 -98 -72 -124 -125 -125 -87 -68 -75 -113 124 -111
69 109 97 99 76 100 123 103 118 122 83 118 85 109 100 88 95 -124 112 99 -121 127 65 95 106 122 -121 -115 107 -115 -119 103 103 122 81 116 76 116 124 121 -116 127 -116 -110 -110 98 90 -124 -123 124 105 90 77 98 77 -116 -100 113 110 51 74 99 66 126 85 111 109 -99 95 82 95 101 101 98 103 107 90 114 83 88 99 121 72 -122 59 106 122 110 127 122 117 118 -110 70 121 101 123 118 -98 122 113 74 117 71 -113 90 -99 -128 100 82 90 121 99 -123 116 99 -120 -125 101 120 60 118 -117 122 94 95 98 101 108 90 85 100 88 107 104 120 121 86 112 98 98 111 84 86 109 99 124 -112 -121 101 91 108 110 104 120 96 123 102 -125 104 -122 112 80 81 88 117 108 104 91 106 88 90 -102 98 116 110 -121 111 125 -106 124 117 75 111 95 -121 97 90 -125 100 94 92 -125 103 -122 114 84 105 109 -126 114 104 96 105 94 97 -118 99 90 82 86 87 -117 113 106 88 125 118 116 126 103 -127 111 111 107 84 112 -126 85 -106 -126 112 119 78 101 98 114 101 120 88 105 -106 114 -120 36 -127 123 102 103 73 82 -112 121 91 -112 98
111 81 116 101 -118 84 106 81 90 100 97 85 111 122 96 99 -125 -112 -116 55 -104 87 60 102 117 114 111 98 71 113 91 125 95 -128 48 102 81 -122 -126 78 122 103 116 94 117 83 84 -121 -120 115 104 57 -102 -118 100 98 -127 116 122 105 46 116 -113 118 70 74 81 107 93 45 -116 112 100 -114 108 109 -112 115 102 115 86 122 91 -119 88 96 105 -98 126 121 97 74 85 115 97 112 74 90 126 56 99 81 87 90 -113 103 -123 74 -108 102 120 110 89 99 106 70 -128 -90 120 93 117 113 78 121 75 92 96 71 71 107 127 95 103 -113 75 88 91 103 101 118 88 -100 115 49 106 -125 116 98 114 45 89 106 88 106 -113 117 84 87 86 127 -120 99 124 107 82 126 75 104 91 89 115 90 -128 102 101 82 80 72 100 118 101 91 81 108 105 -95 105 62 -118 76 -115 -117 105 120 32 53 21 94 114 100 117 91 87 125 85 93 -123 118 85 113 93 71 -104 105 112 103 78 -115 124 -126 123 85 114 83 84 115 110 -120 77 90 82 66 113 77 89 117 -123 96 69 79 122 118 118 83 89 121 97 98 125 101 -120 95 109 85 108 89
115 75 -88 -107 -85 -86 -118 97 -103 113 112 -99 104 -102 -105 -123 -120 -98 126 124 -125 -126 80 126 118 119 -71 113 -84 105 107 -127 95 -123 110 -92 110 113 -123 108 -112 126 113 118 121 -113 -123 -65 123 -118 -108 113 -84 111 -114 -89 -120 -98 -101 -125 112 125 94 -127 -96 71 -97 95 -121 -128 -128 -124 -81 -116 102 -119 -88 120 101 -112 116 -127 115 -111 -119 -116 -128 -81 125 -108 -103 115 -118 -113 109 120 94 -117 -80 96 120 -98 -96 -111 113 122 -118 114 -110 -107 -117 -108 -94 103 -115 -116 125 -112 -101 127 124 -59 -126 -87 80 126 96 120 -122 -104 -61 111 -100 103 107 -109 120 110 113 -119 123 -74 -102 -118 93 -113 -128 -93 -97 103 115 -90 122 -110 -123 -117 -106 -116 113 97 115 -121 127 98 -125 -92 115 -106 127 -121 -103 -105 -117 110 104 -117 -85 -97 -112 -111 113 -106 -115 115 -124 -89 95 102 -94 105 -113 -105 127 -112 112 -123 -120 -118 121 -124 117 -116 90 -85 104 121 -76 -108 -103 109 120 58 -118 -89 -110 67 117 -102 -112 -99 -101 108 -108 -105 -127 117 -111 -116 118 -96 -111 -113 -93 121 -97 -110 121 108 -99 98 106 -115 122 -116 111 -83 -108 -126 118 -126 127 -91 -122 -124 -118 119
80 94 88 125 36 81 87 90 105 39 96 83 89 108 81 92 -120 -116 94 -119 86 89 71 116 113 65 -124 113 106 90 91 97 97 110 70 107 77 -123 74 75 94 83 91 108 124 92 80 119 112 104 118 106 72 100 71 127 80 126 85 47 68 115 77 118 90 97 124 90 96 103 107 -82 -128 80 61 -114 -123 70 114 78 71 81 49 -115 96 99 93 72 103 94 -109 111 90 80 -117 109 114 100 116 118 97 121 72 62 88 -125 77 107 62 94 75 76 126 97 70 97 -119 122 116 -125 113 101 95 122 87 -127 69 94 56 83 79 90 121 76 -127 93 -122 96 80 98 94 49 99 119 115 102 126 103 120 85 88 -128 97 96 91 77 106 99 122 86 109 95 108 79 104 89 97 101 95 -127 77 111 118 89 107 97 106 93 105 96 72 88 56 122 82 120 105 70 -127 106 78 123 -127 68 76 61 109 119 51 121 123 70 81 112 70 55 109 97 115 87 99 106 -125 96 112 -127 64 112 126 51 92 79 94 125 91 88 111 126 102 121 102 -124 94 116 110 97 86 62 75 104 73 100 114 107 82 88 100 113 -122 87 89 115 -127 86 73 86
114 82 90 114 -110 109 103 99 -106 124 121 75 75 110 76 39 -120 91 115 73 104 92 72 127 95 113 71 104 109 107 96 91 117 99 82 77 65 118 119 116 80 121 88 94 101 86 103 92 92 94 99 86 72 -102 87 118 82 -127 95 66 110 85 107 76 90 96 -112 126 112 75 84 -114 65 101 107 84 103 82 84 -128 75 113 76 102 50 126 -117 97 -127 89 -97 -102 127 90 123 98 112 97 -111 -127 112 124 101 68 104 116 87 98 70 104 56 78 95 124 105 116 91 117 60 83 124 117 102 -128 103 101 113 87 70 104 73 85 86 94 79 61 113 96 76 116 99 98 102 109 114 94 87 104 86 122 74 -124 124 81 103 73 121 79 122 98 62 84 105 98 107 84 96 97 95 71 95 69 91 88 68 98 122 116 -103 123 113 38 100 -126 86 125 105 57 84 99 99 95 87 -114 110 80 81 105 58 124 100 75 79 113 69 122 127 95 106 82 98 112 109 -120 106 110 116 112 -123 58 79 125 104 109 126 91 126 121 99 97 111 95 106 85 98 97 104 59 92 86 101 89 117 121 89 -116 123 122 98 78 84 -104 84 113 -125 82
72 87 42 123 80 101 116 79 -120 86 55 98 99 111 102 46 109 88 110 108 104 76 87 69 72 102 90 59 85 -123 60 97 64 85 107 88 78 77 87 88 72 88 111 57 80 73 97 111 110 84 81 54 118 84 51 117 52 71 94 63 88 47 68 85 -84 102 88 90 46 98 56 75 120 63 72 77 48 102 64 91 124 95 60 127 107 75 80 104 110 126 70 74 86 92 68 88 98 65 90 79 -128 92 120 79 76 117 90 110 97 108 74 86 97 91 93 69 -125 120 92 120 65 127 81 119 -126 85 91 81 65 94 -124 83 91 85 67 75 -114 87 117 96 99 -126 63 65 96 112 82 90 87 93 65 121 80 119 95 97 122 87 92 79 93 90 122 111 57 93 84 86 58 101 49 62 63 107 72 94 120 87 103 92 71 89 88 112 95 88 75 100 93 71 93 88 103 119 61 78 62 95 100 117 109 68 66 54 121 74 118 84 113 106 90 65 94 102 92 72 111 110 116 84 102 80 55 75 114 93 95 108 92 109 93 77 115 87 88 72 80 79 93 80 65 82 66 81 67 112 -107 107 -112 79 102 124 100 60 102 83
76 69 58 109 78 79 111 101 124 116 46 87 75 69 58 91 92 92 127 75 71 85 123 79 105 108 91 120 99 110 80 74 66 83 62 59 98 104 87 102 74 76 106 86 90 73 76 123 98 101 99 110 94 101 55 72 120 86 98 102 108 60 96 96 100 94 115 65 77 90 -111 56 43 95 63 124 70 95 91 73 84 101 73 86 92 93 61 94 -121 115 64 88 71 66 76 118 91 85 100 118 97 74 113 97 114 70 114 -122 99 99 81 89 -89 -127 51 75 89 76 114 109 97 87 117 97 96 86 105 127 108 79 101 -126 118 85 61 120 124 96 117 56 68 101 91 87 80 77 91 119 97 103 63 114 87 81 85 97 122 -116 92 88 96 73 -122 85 81 -122 86 92 111 -128 92 44 94 102 85 58 92 111 101 100 69 -123 111 80 14 97 66 121 110 121 107 57 81 90 119 83 59 107 82 116 54 103 88 56 63 82 87 104 82 101 84 51 100 98 -107 108 90 78 121 100 116 83 71 71 79 96 -105 97 64 78 31 118 96 86 94 102 73 108 102 94 125 81 69 89 106 93 116 117 123 107 83 -122 121 84 115 64
110 104 125 -117 -117 95 -104 111 -108 113 127 -114 106 -111 110 123 126 -56 -98 -124 -108 78 -109 -106 -119 -114 -95 -79 103 -96 -120 100 111 106 113 104 119 -111 102 109 -106 -124 124 -106 125 -108 -115 -84 -99 -101 126 108 123 121 119 -110 -112 -95 112 116 115 -97 115 120 -112 111 88 127 120 -96 -109 -126 -100 116 -108 127 -108 127 124 110 -85 -122 -123 -102 101 -101 -126 -110 -94 -111 100 107 108 127 -102 121 -70 -110 -83 119 122 103 -109 -120 -92 -125 -81 -126 119 -110 103 122 114 -95 -123 91 -79 -121 -97 -96 -109 -119 116 -105 -120 123 81 91 108 120 -84 111 122 116 -104 -127 -111 89 110 90 -125 -116 91 99 77 -125 -100 -89 114 119 77 -100 -89 -104 121 126 -117 123 -115 125 -89 -125 -107 103 -62 -121 -112 125 103 126 -119 108 -111 -109 -99 -128 -119 -112 -71 -99 -94 111 -127 96 107 117 -81 -120 -100 -128 -76 113 -115 -114 -126 -104 99 -104 78 -111 -95 -89 91 -100 82 -127 -127 -125 -116 112 -126 -99 -111 -101 -96 -121 115 -90 126 98 -102 127 -112 -81 94 121 -94 -85 120 -115 -116 126 -90 116 99 -103 -88 106 -115 111 119 -109 107 -121 125 -68 -116 127 -115 -103 -100 -71 -118 105 119 -120
58 72 99 123 85 82 55 122 99 92 86 -121 75 103 77 50 82 -82 83 96 77 96 85 109 119 118 -109 -119 93 113 86 77 118 119 85 109 81 84 93 85 115 119 108 116 83 117 112 80 -100 -123 62 99 -127 87 -112 87 91 -127 79 41 104 81 110 86 81 90 103 86 -117 103 102 -124 104 122 -118 -106 91 110 -126 -124 86 112 88 -126 79 91 103 114 101 82 -127 115 121 78 82 59 124 85 -128 -123 89 83 114 106 103 82 111 115 83 101 103 80 123 119 89 99 94 -127 -124 118 107 89 94 106 95 97 69 76 97 78 107 89 81 62 107 100 107 90 71 55 123 124 110 79 80 125 125 116 104 62 92 105 126 103 -124 98 92 88 112 117 79 87 109 72 77 115 55 80 86 59 94 118 90 77 83 112 114 -125 116 110 95 97 68 107 108 115 99 112 -104 120 89 108 116 94 67 83 52 95 73 77 107 65 60 122 103 101 92 109 88 119 81 88 109 -118 99 71 97 117 98 101 90 86 81 121 66 56 121 85 91 111 115 99 99 101 -120 87 -120 73 90 114 98 93 119 -123 84 107 113 80 126 10 97 -104 106 98 79 79
76 101 69 86 94 64 48 60 91 43 70 42 38 29 80 63 83 84 94 95 116 39 57 63 71 101 99 41 75 86 43 51 25 72 60 58 20 82 60 103 51 69 76 52 94 94 80 67 84 62 68 89 72 91 92 57 82 82 101 87 73 80 73 46 100 54 74 88 68 109 77 83 73 65 31 71 59 67 70 73 92 89 65 79 29 53 86 73 71 67 79 73 97 60 62 70 54 71 65 63 71 62 60 73 94 81 74 102 74 44 72 78 50 69 63 39 59 80 61 85 86 56 58 79 49 86 87 90 41 22 55 65 88 56 97 83 88 32 112 75 76 70 40 85 87 99 63 64 14 111 42 85 80 73 101 75 69 88 84 54 54 89 35 53 79 81 78 72 21 54 54 71 90 103 48 94 90 99 78 66 79 64 91 89 40 39 87 23 119 91 113 52 67 90 33 91 20 96 27 86 69 83 42 52 38 76 82 42 93 42 62 25 80 52 82 55 71 83 99 49 47 79 80 57 88 89 89 35 57 68 61 90 68 57 101 57 48 71 38 87 85 68 44 85 45 62 78 88 90 63 55 75 93 74 96 35
62 51 84 82 104 86 119 86 81 123 60 82 126 -124 79 65 93 114 67 43 91 107 100 93 75 89 110 97 89 92 91 97 101 95 60 104 98 -124 87 88 80 106 100 93 119 120 55 72 91 105 75 67 121 104 98 86 122 88 69 47 91 101 100 -126 77 96 68 107 88 78 92 -119 83 113 -127 100 121 81 112 92 75 -124 60 108 93 126 97 101 98 112 56 99 107 91 88 80 96 107 -111 67 88 113 92 117 121 111 106 45 63 101 105 68 90 98 83 54 -124 78 -117 92 -104 121 81 74 80 85 71 89 98 101 106 110 -115 91 97 106 107 87 84 73 57 125 121 94 65 90 90 103 99 79 77 91 91 79 83 118 109 79 81 84 105 90 69 126 77 85 65 91 95 106 57 77 58 110 93 105 72 108 118 46 75 81 103 93 78 110 119 85 118 90 87 86 67 110 51 86 79 110 66 67 102 63 109 103 67 78 72 109 79 103 93 114 107 95 109 91 87 76 83 54 125 99 83 98 69 102 102 108 72 95 85 87 93 92 -126 67 112 55 47 78 114 101 103 86 75 104 104 121 92 66 104 124 95 92 100 105
67 72 124 -115 115 -104 -111 84 -111 93 105 68 101 -112 83 44 -115 -105 85 70 -127 67 118 119 114 -117 123 124 -111 71 113 -116 119 100 118 87 66 104 85 -114 117 96 83 105 105 101 110 125 -109 120 125 -113 106 118 -127 -101 95 -109 125 111 117 -104 96 86 -109 105 -128 -112 117 91 80 -112 -106 98 86 127 106 102 113 -121 94 110 90 127 119 93 108 -85 -123 -110 -90 111 112 89 124 126 88 114 -110 91 98 104 101 119 -112 -122 122 -72 125 118 92 89 -100 99 127 91 103 -110 125 126 111 -94 123 124 92 114 -117 124 107 -128 102 104 -127 -126 80 109 95 91 90 -123 126 119 114 88 98 126 102 95 90 70 102 94 -113 84 -118 96 109 100 110 116 121 108 123 100 123 107 96 118 115 123 -126 -106 125 43 112 103 100 94 124 -105 67 115 104 99 80 -122 -107 79 115 111 57 97 90 107 46 124 100 -100 85 -111 -109 -114 124 121 124 -109 -124 -115 89 104 114 87 -99 99 94 120 -107 114 84 72 -118 -127 78 105 126 121 117 -116 98 125 110 84 109 92 -90 104 -121 89 85 119 104 -127 117 -111 -114 121 -126 95 -120 95 106 127 93 91 -124 118
90 109 104 -117 94 70 122 96 -107 105 104 92 121 -104 110 101 -109 104 -127 110 102 59 106 -118 126 114 -96 106 -126 105 98 97 92 -112 81 -121 84 102 -97 99 109 100 84 95 104 107 98 127 -97 108 99 91 88 71 127 -118 119 -114 102 91 98 -99 112 115 103 121 81 105 -114 99 112 -117 112 110 110 107 -122 108 66 104 97 123 94 -115 115 88 81 -125 -118 94 72 106 -127 100 125 113 80 98 -122 68 119 98 76 123 118 -92 59 -126 77 113 72 84 120 122 93 90 99 111 -120 -127 108 102 76 -122 92 95 102 85 84 122 -120 112 118 -108 99 -123 -121 83 97 51 104 -97 89 64 97 127 118 119 117 103 52 103 112 97 125 -113 -126 78 80 -121 65 111 98 119 117 -103 123 -125 111 -113 73 112 -98 90 83 114 -113 -120 112 -127 111 122 -127 93 97 100 120 117 -126 124 87 -120 109 108 90 74 84 96 83 121 97 99 69 92 107 79 117 111 119 79 110 89 113 -123 106 79 107 117 -125 87 107 113 92 -128 102 89 118 80 73 97 -121 -115 112 126 117 81 -116 97 100 113 106 120 124 95 85 109 -114 105 123 73 111 82 113 107 108 69
126 86 77 103 61 99 102 104 91 115 101 105 82 124 114 81 62 -125 111 67 126 100 103 111 100 101 90 108 -122 90 107 94 -117 91 69 105 73 -128 73 69 -123 92 95 106 101 97 102 95 105 113 99 92 105 67 79 99 99 125 101 50 104 95 109 112 101 69 79 85 75 81 127 113 113 127 102 120 119 103 87 68 110 -114 40 77 88 76 90 114 95 47 -123 93 78 88 114 85 95 106 -97 97 104 110 70 106 78 105 -127 -121 97 71 75 -127 118 107 109 58 82 112 99 103 -121 95 98 88 120 74 77 112 112 110 85 81 67 113 106 105 98 48 96 91 -104 84 115 79 102 112 114 99 106 77 62 -125 90 94 77 70 91 74 89 102 105 100 100 76 100 91 85 -106 103 98 95 82 124 99 92 104 100 109 120 74 55 125 55 63 64 76 121 -128 86 60 89 121 111 93 114 111 73 109 72 121 72 96 106 108 60 57 101 -124 80 98 48 102 67 97 118 100 68 95 106 95 121 115 115 103 78 92 110 120 75 99 54 107 104 70 109 114 115 97 89 65 121 -124 95 100 65 -125 122 -122 97 111 90 106 -125 -126 -127 69
72 100 104 87 66 18 68 66 120 81 73 32 78 66 83 68 81 70 55 104 82 68 75 72 90 58 90 50 82 78 75 58 64 49 105 71 91 77 69 56 86 102 68 67 57 88 63 104 65 121 65 84 104 73 99 98 90 83 79 74 40 86 43 82 69 90 69 75 75 97 113 92 85 100 82 77 98 65 78 78 95 63 56 78 -125 74 71 78 122 104 70 81 58 74 58 85 78 49 75 93 71 83 91 99 73 95 116 115 97 44 47 84 83 62 81 73 88 63 100 101 65 112 56 121 60 46 82 46 59 30 63 78 71 95 74 89 70 67 66 104 76 50 48 69 59 89 80 105 74 70 40 94 52 110 98 70 95 90 57 70 57 69 80 63 90 118 58 106 89 89 23 107 78 89 72 -126 55 88 92 60 83 61 95 103 83 37 76 66 101 105 72 63 65 117 59 84 79 63 25 107 87 66 66 65 90 98 73 95 91 59 73 72 69 95 48 49 67 80 73 50 87 78 44 85 61 69 77 59 87 102 74 80 110 94 61 79 66 45 102 52 67 61 80 116 117 73 112 59 102 48 80 78 70 91 10 56
95 79 -122 -127 102 -97 -62 -116 -112 -125 110 118 90 92 61 86 -125 -115 123 120 -108 -113 124 109 102 103 127 91 124 108 120 106 -116 -114 116 -122 105 85 71 124 -127 -116 108 83 -127 -121 125 115 100 111 113 110 -127 123 -126 -121 118 -118 -120 98 115 114 88 -123 116 123 121 -127 108 113 112 -98 -96 -126 -127 86 118 -125 95 100 -124 -107 74 -98 122 114 -127 -123 105 95 104 123 -87 108 109 109 113 77 -96 81 108 88 125 118 -104 -110 81 -111 -119 86 -124 -110 118 116 -128 92 -125 -111 124 101 120 -126 94 -120 108 123 90 119 55 80 -118 75 115 49 109 -124 -112 79 -120 -128 110 94 126 -114 -124 103 120 118 -124 114 101 89 96 122 105 88 -121 98 104 -125 122 91 97 100 100 111 94 123 101 106 106 -114 -124 98 -118 -114 70 -115 -106 122 88 82 85 102 79 121 58 118 114 67 110 -119 96 -94 93 110 77 -114 115 96 120 -108 107 -117 103 102 98 122 103 125 91 125 126 106 122 95 82 77 114 -116 97 95 106 89 -119 -100 115 81 108 118 104 -116 -121 123 -127 -121 112 87 94 95 122 -96 -101 -114 124 83 92 126 106 -115 -121 -105 106 98 108 105
82 87 116 116 85 82 -116 100 121 71 75 74 86 84 76 53 86 83 82 83 96 70 84 81 97 88 108 111 99 122 105 101 -110 112 78 94 80 -98 90 54 113 108 -119 119 102 115 92 100 110 106 63 104 105 99 107 100 90 106 101 108 121 109 108 91 68 76 95 79 71 83 106 112 93 94 60 92 87 95 72 68 83 79 102 112 96 59 109 75 96 69 63 102 108 55 97 84 57 93 115 65 108 78 116 86 94 120 -118 87 61 101 68 59 99 114 83 70 112 86 -126 115 -121 56 55 104 118 94 79 86 84 45 109 85 96 107 87 84 95 83 95 62 95 106 83 64 58 115 97 69 100 95 101 124 66 115 56 98 83 73 44 126 62 124 83 106 91 78 104 126 101 92 77 79 110 124 97 110 60 101 76 92 74 108 97 72 65 104 99 94 102 80 86 92 79 125 115 84 64 63 71 85 116 96 45 119 57 65 74 60 107 62 127 67 97 84 76 74 91 -126 87 97 95 116 84 74 69 97 101 116 86 87 86 125 108 76 107 115 -119 92 96 85 105 117 109 89 61 83 -122 89 97 65 105 96 97 92 90 68
117 73 118 119 110 127 93 54 65 88 69 127 115 111 113 93 -124 87 -127 79 -123 80 38 74 90 87 56 82 104 -124 117 113 98 105 99 79 86 85 104 80 93 96 96 99 113 87 103 103 -118 125 -104 98 -116 84 112 86 90 116 81 33 100 66 75 -123 110 71 123 109 83 55 109 -118 81 -116 92 120 -120 62 99 59 77 107 83 79 99 95 91 103 74 93 112 77 -116 65 105 97 56 -123 -102 95 112 61 71 68 113 115 -128 99 95 104 87 72 103 86 123 -113 95 125 80 115 82 121 74 -116 104 94 104 67 103 103 46 86 99 91 98 -124 108 74 -108 77 113 79 80 67 123 -116 93 101 97 97 62 113 100 65 106 91 124 84 123 88 63 87 118 98 104 85 72 79 118 -117 110 112 67 86 58 85 89 -128 104 88 85 83 89 96 71 90 101 78 126 93 106 72 123 104 33 104 66 -110 113 120 90 45 81 -127 46 79 115 81 39 83 79 88 73 113 79 34 60 87 -113 98 86 75 -123 113 114 -128 105 127 78 99 106 -119 88 85 105 100 87 100 88 87 58 85 125 80 71 -124 118 116 119 82 58 119 -97 80 100 96
62 86 -109 92 87 83 66 77 103 73 101 117 54 99 101 72 97 -121 110 101 72 71 91 -117 121 102 104 75 73 81 83 66 71 121 96 95 112 64 82 80 92 91 80 55 63 96 91 -124 117 90 92 -124 87 127 70 94 89 123 85 48 109 -113 90 84 66 84 84 100 84 67 98 102 -127 87 86 106 117 90 127 70 96 75 46 75 92 61 122 94 80 99 106 97 119 74 83 91 82 97 116 99 60 101 51 114 103 125 76 101 98 93 49 -120 121 113 90 90 95 75 106 88 110 101 93 112 78 94 102 85 54 74 108 112 79 72 75 96 110 78 80 92 95 70 79 103 118 118 -123 124 85 46 76 83 110 86 85 105 109 82 78 79 88 80 102 55 90 120 61 111 84 119 68 109 94 105 111 101 -121 96 110 124 71 80 93 96 76 113 88 78 116 108 104 80 68 97 65 86 81 85 48 69 112 86 105 88 68 98 81 96 81 66 56 74 126 -127 72 84 88 64 96 82 97 85 67 101 96 40 94 100 79 -121 105 107 88 125 102 72 85 100 50 93 70 90 98 125 114 90 77 65 119 98 67 -126 99 81 60 63
110 105 122 108 90 94 125 86 96 101 106 63 -116 99 110 47 126 82 78 86 87 97 62 55 84 93 121 69 98 98 127 103 87 79 68 114 75 112 104 127 92 100 99 78 99 77 96 67 97 123 103 71 105 91 70 117 32 100 93 51 77 110 78 57 114 -123 94 122 95 67 94 97 109 115 120 116 65 87 65 108 122 126 86 110 81 47 -119 105 88 85 -128 109 89 94 69 102 104 105 -121 -121 105 102 100 -115 100 96 90 120 101 82 63 80 105 77 85 -125 87 115 105 123 108 -123 126 125 89 78 -127 84 103 94 101 74 115 49 76 94 112 115 94 88 -127 83 -118 108 57 97 85 83 60 107 105 114 94 108 110 97 117 54 79 71 83 -114 48 109 125 113 46 76 64 119 81 65 77 -114 87 117 72 -125 110 69 -127 106 106 104 89 120 113 112 97 110 104 127 83 65 64 73 83 92 93 106 114 123 94 70 85 46 81 112 54 102 93 113 123 93 81 42 100 109 90 73 111 120 83 95 118 -125 116 71 68 108 88 88 95 107 124 108 122 68 99 52 114 88 127 -123 77 98 -107 -120 -123 104 92 -119 94 81 99 70
95 77 88 115 87 99 -90 76 83 90 67 80 87 -99 115 87 84 -95 113 85 -128 -114 117 -103 -116 79 -119 124 -118 84 92 91 127 -121 82 123 81 78 114 72 124 121 114 125 -116 125 103 -119 114 113 126 -127 115 127 -108 -91 108 125 90 94 106 101 90 127 109 91 126 91 124 90 119 107 -96 93 -120 113 -107 111 -104 87 126 -114 107 124 -108 -128 115 -120 110 111 108 110 -110 101 -115 82 75 77 126 106 125 86 113 -107 106 115 115 113 92 126 -116 122 127 110 122 95 92 121 95 94 113 104 122 54 123 114 116 118 112 -125 86 94 75 -123 103 -123 -121 74 126 55 105 106 118 95 99 116 96 -113 104 104 55 -119 118 117 115 127 -109 96 83 105 119 117 104 66 -127 -117 118 111 125 98 -120 -113 -126 74 85 86 113 -110 -128 -109 80 121 91 79 116 101 95 108 -127 106 103 112 -118 119 110 113 98 -126 107 86 102 97 94 93 112 -114 72 122 119 96 93 72 -90 -126 122 96 106 78 110 116 -113 102 97 80 -126 102 117 125 114 109 125 120 105 122 -102 109 107 106 82 113 -123 110 112 96 122 -124 101 98 94 95 104 124 -115 113 117 -118
97 113 92 -85 110 -127 -97 -103 80 105 85 125 -108 -98 115 101 124 -103 109 -105 -113 127 -106 -125 -115 108 105 -113 123 -104 126 -112 -86 95 -113 -120 96 -82 102 86 -109 103 -102 121 -92 91 -106 115 -73 -108 -113 123 101 -87 121 -91 -117 -107 -101 108 -116 95 -123 -94 -115 -125 64 -109 -128 -128 86 -80 -87 -89 -105 -121 -103 125 109 -112 -81 -100 107 -108 -110 -113 121 -128 -123 -98 -113 -116 -121 -94 -119 113 120 -125 -119 -110 -127 -100 -88 -98 127 127 -96 -102 -116 -84 110 -117 -107 116 107 92 -121 124 -106 117 -110 123 109 119 -98 -126 125 -123 108 82 113 -123 -127 -117 -99 83 -97 92 -126 -125 -111 110 -124 78 -125 -85 100 -116 106 -108 111 -100 -107 -98 -101 103 -114 -114 -112 -116 -116 98 -108 83 -127 103 122 111 -120 -122 116 117 -106 97 100 108 -124 -103 -102 -118 92 -112 111 103 122 113 121 -105 -122 126 127 124 -120 -109 -114 107 114 -105 98 127 -100 121 127 -119 123 126 121 -117 120 -90 124 -85 -69 -108 -91 -106 -121 -119 -127 -123 -83 -120 72 81 117 -117 124 -122 124 -106 -117 -111 -114 -98 -119 -123 -94 102 117 -100 -123 -126 -91 -112 -109 -126 -113 95 -101 67 -98 -60 -117 117 -94 94
61 92 117 112 81 126 -97 -127 -103 96 110 119 111 -124 124 96 -119 91 93 -128 121 99 116 110 110 105 97 -125 123 111 111 -101 99 125 98 117 -111 -114 -127 104 88 99 106 95 125 102 71 84 90 121 -120 99 103 107 79 -116 87 115 125 73 101 113 118 123 123 110 125 127 -96 84 89 95 -107 95 -85 -126 82 98 -117 108 -112 89 116 120 111 67 -128 95 93 98 72 -103 -110 107 104 108 103 120 106 -127 127 -118 122 127 -98 99 120 -127 71 -120 -123 97 86 65 112 119 115 97 123 86 127 117 123 -115 105 109 126 -124 109 99 125 -115 -112 83 98 123 -121 102 109 120 114 101 -121 -121 81 -110 99 -114 98 71 111 123 -91 -123 117 124 -127 114 85 98 119 -109 105 78 108 82 92 104 83 118 96 97 122 105 89 83 126 -128 -126 77 -115 120 84 -117 120 116 113 73 104 125 -123 121 92 -114 100 53 99 106 117 116 -121 103 112 80 85 80 68 122 123 106 116 104 119 113 120 67 98 114 105 87 104 107 82 41 93 -121 123 96 108 -123 93 114 -126 98 -98 88 98 99 107 108 101 -109 -126 -97 -128 119 91 127 126 76 104 116 110 103 106 110
84 102 121 120 121 106 83 104 -115 -122 -111 105 -95 127 93 88 108 104 119 111 -106 121 81 -119 104 -84 -119 119 -115 -118 120 120 -101 66 114 -121 109 109 -123 113 -125 117 114 122 119 -113 -113 109 -111 -128 -128 97 121 106 -97 -87 117 -114 104 95 120 98 -126 105 -128 118 -122 -102 100 84 101 -119 123 90 -84 -104 109 -100 -116 114 -117 -110 96 -120 -104 77 -124 -93 -112 -107 -89 126 -110 125 115 -124 107 -104 -95 125 92 -123 101 126 -119 -119 -94 123 121 124 -126 92 120 -117 -109 -121 86 116 -117 119 124 -106 -111 116 92 121 88 116 -120 -113 -102 78 -105 82 126 120 -122 124 102 84 88 107 -116 125 92 -123 124 -95 111 85 107 -108 90 108 -124 83 -128 126 102 75 105 126 -90 69 -90 -127 81 113 112 -79 -107 -121 -127 90 -124 120 -125 115 -117 -119 92 126 -108 117 80 126 -107 106 -128 106 118 -118 122 -122 95 -114 80 -127 83 -124 -115 -124 94 -93 -121 -112 -110 127 121 127 117 127 -112 124 112 86 94 -101 127 92 -124 -99 117 -111 117 70 103 125 -107 -120 107 -100 -118 57 -106 -125 -124 108 113 -100 127 123 -103 -112 -107 -111 -117 111 121 -126 -127 -69 -97 98 91 98
-112 116 127 -109 93 -115 -96 88 121 114 -87 119 -95 -85 111 85 -126 -96 110 -116 -111 -112 88 -100 124 -108 -119 -104 108 -122 103 113 127 -126 -116 -123 127 -122 111 127 -104 -118 -118 118 -124 -115 103 -125 -128 -114 124 83 118 106 -109 -102 -125 -73 -114 -128 102 115 96 115 127 118 -96 -82 -127 114 123 -68 -112 -127 122 -94 -119 -91 -127 -95 96 -117 100 -110 113 -107 -126 -89 -114 -116 121 -127 -90 122 -119 85 -108 -95 -118 -106 -124 -109 -90 -106 -94 -98 -118 -111 119 -116 -114 -111 114 -101 -121 119 127 -110 121 -124 -105 -107 124 122 126 -119 86 122 107 -90 -100 84 115 -93 -115 109 -123 -124 -126 108 123 -102 -118 116 -111 -128 112 -104 105 116 -126 -113 -84 -80 108 108 -100 -107 96 96 -114 -89 -97 113 106 -93 110 -112 -117 121 -111 -113 -102 89 96 122 -104 91 -118 -115 110 -116 117 83 121 122 123 108 118 114 116 125 -89 -117 120 108 87 -106 108 -108 112 121 67 122 95 -112 -118 123 -126 -118 106 107 -85 -122 -113 106 -111 -109 113 99 -96 -108 100 -114 -126 125 -124 -128 116 -123 -128 105 -126 -108 120 75 -111 117 107 113 119 117 -110 -110 -126 -96 -97 -115 -118 109 118 -73 -126 100 108 -82
65 55 88 121 127 55 115 122 102 85 70 87 57 116 93 71 107 -128 94 73 104 122 82 -127 118 117 111 60 102 94 76 103 91 102 75 45 83 72 69 -120 53 81 83 75 114 89 63 110 124 106 114 56 70 114 67 86 67 118 65 67 75 92 73 54 64 93 81 108 65 109 -120 73 100 93 66 109 86 114 127 77 90 111 104 58 97 65 91 121 91 117 78 87 -114 88 69 93 114 43 88 93 75 87 67 114 105 99 101 100 65 84 93 104 -128 90 86 56 99 84 71 82 86 78 82 84 40 64 105 100 96 92 108 61 103 99 78 103 95 68 118 74 83 72 84 -122 89 106 77 -126 81 96 57 98 81 57 68 96 112 88 65 76 93 105 93 66 118 91 112 73 91 112 108 79 108 86 107 108 83 94 103 102 90 84 62 114 87 48 99 75 -115 76 87 73 91 111 102 71 84 102 87 69 116 97 56 36 71 69 52 110 84 115 53 55 95 71 97 84 111 80 107 94 92 106 70 46 68 76 86 98 101 78 104 73 82 75 88 100 49 93 117 45 -121 110 84 90 57 83 75 104 56 93 94 120 105 71 -117 83
-126 73 76 -119 85 70 -116 89 127 82 97 79 112 -104 76 83 101 113 86 88 107 113 81 91 117 107 63 103 119 120 97 116 104 110 82 98 51 84 55 62 100 95 -123 77 116 81 105 115 124 43 103 123 124 83 78 -121 -120 94 88 95 89 93 84 122 -104 94 122 62 37 76 52 108 113 91 103 76 99 120 79 116 109 118 83 -120 103 70 67 71 -127 101 101 119 110 93 113 83 96 108 122 93 90 80 120 101 83 -117 109 94 62 95 93 -114 77 56 77 110 95 124 108 62 98 62 89 116 96 96 -118 66 108 110 85 109 96 103 118 90 109 63 81 71 92 122 75 85 103 117 100 119 109 -123 115 -107 81 76 -127 93 115 92 103 102 57 96 80 47 63 89 106 -112 62 74 108 87 113 86 45 124 -118 -122 117 110 82 65 66 127 84 96 76 72 80 112 90 83 108 115 70 94 75 99 94 115 101 49 114 109 93 107 -111 89 76 90 52 120 -102 99 95 112 -100 89 87 91 113 103 92 65 85 81 113 87 97 -128 101 107 90 59 73 78 95 71 68 90 64 77 78 122 62 91 118 84 93 63 125 103 87 126 83 79
104 118 -97 -101 109 78 127 126 -100 94 104 -123 -114 123 -100 123 120 103 118 -90 -127 122 71 -96 -68 102 -122 -124 99 102 96 -110 124 -112 -108 -127 -124 -95 105 -127 -105 89 -103 114 -105 -99 -125 -116 -90 -105 98 113 127 101 -121 -97 104 -103 117 -106 104 -111 95 -124 115 102 -119 127 107 -117 -126 110 -95 -115 106 -121 100 -121 107 118 -96 -109 125 -89 122 105 -121 -75 124 -90 -111 98 -114 -94 -118 -124 116 -116 -73 80 104 -114 124 -103 104 -125 127 -117 127 110 -126 110 -117 -102 -125 118 -117 -124 -91 77 -89 126 120 97 105 126 103 110 113 124 -117 111 -113 123 98 127 -117 111 -92 107 106 -115 108 -118 122 -124 107 125 -121 122 122 -121 106 121 124 -128 -123 121 113 117 123 102 -117 81 -117 -120 127 -90 -128 -70 119 -106 -119 124 116 -113 -111 98 -62 -126 108 -107 -115 116 84 -106 123 127 103 99 127 -111 107 -121 86 -107 106 108 114 -112 -125 118 110 -124 -121 -123 -120 124 -99 -121 -127 84 118 -127 -105 -125 -125 117 -122 100 -106 -126 -123 110 -123 -126 107 -123 111 -115 123 -121 -126 108 -119 62 -80 99 121 112 114 113 -120 121 -122 -118 126 -119 117 -92 -116 -114 -97 124 -126 114
-124 85 97 107 107 -120 -128 -122 -124 79 87 -109 63 122 93 108 109 -108 124 100 102 89 79 124 120 122 102 98 -124 125 -92 114 -120 102 77 83 102 118 116 114 73 87 83 101 118 107 -119 83 -105 106 -125 114 -126 111 93 127 98 -100 91 93 116 87 102 102 -126 84 110 110 121 106 93 -113 -126 82 -118 108 90 121 120 -126 -125 106 106 -123 85 100 92 99 107 -115 -110 86 117 100 120 111 97 119 -111 94 114 101 95 74 107 86 -110 123 104 117 110 81 -123 93 112 111 82 98 122 114 -122 83 106 118 110 92 104 121 77 87 108 72 118 100 107 77 -105 105 90 103 -128 98 124 105 -124 115 101 119 93 102 118 -121 -125 109 107 116 -110 124 95 -125 110 104 -124 96 104 78 120 84 58 109 87 121 119 -115 81 117 -128 -100 -113 109 109 101 68 112 91 99 111 114 104 -106 115 127 87 109 84 109 103 87 110 115 115 115 80 113 99 94 120 74 92 81 91 118 122 122 -123 -122 120 106 -111 84 103 -81 -124 100 110 125 -123 126 -127 90 106 115 98 88 -124 121 -105 94 96 110 83 111 106 93 117 -127 -124 118 123 82 121 -102 119 84 127 79
-124 -111 -84 -112 -116 112 -122 121 -82 -113 -115 -123 -114 -84 -122 105 -122 -124 -114 -121 -117 -114 -123 -116 -95 -113 -109 -91 -106 -96 103 -105 100 -125 109 114 -127 -110 -118 120 -117 -128 124 104 -81 115 85 -119 -123 -56 -106 -103 -122 -109 -109 -65 -47 -74 126 -104 -126 122 124 117 -127 126 -110 121 -77 108 -102 -117 -118 -99 -98 -118 -97 102 -122 -96 -83 -109 101 120 -98 113 -105 -100 -128 -128 -98 -113 -76 -119 -111 -113 -102 -109 -95 94 -91 -124 124 -61 127 -69 -88 -104 -102 98 113 -94 127 126 119 -91 -111 -92 -113 -122 -123 -106 122 -57 100 -104 -51 120 113 119 -84 -111 117 -105 107 121 -114 117 -93 127 -112 -105 -91 101 -116 -91 -118 -124 -123 90 95 -99 127 125 -98 -119 -98 -107 -123 -101 -98 -96 -116 96 101 -54 -120 -125 -126 -118 96 121 -105 118 -123 -123 -113 -107 -79 -96 110 125 -120 113 95 127 -78 -97 117 -114 -113 -125 -78 -100 111 118 121 -107 -128 -108 -123 -100 122 -99 -111 96 -107 -127 -119 -109 114 -111 -75 -100 -105 99 -123 -109 -117 -124 -100 -126 72 -121 120 116 120 -112 -91 -98 125 120 -120 -101 -119 -113 -112 -97 -92 -128 -125 122 -96 -118 -92 -87 -68 -101 -65 103 97 -119 -72 118 -109 116
114 99 -85 -106 115 123 -92 103 -80 109 -113 124 96 -106 -127 94 -113 125 126 102 -104 -119 116 104 -100 89 -117 -88 -123 95 -126 107 110 125 89 -118 94 -115 -114 107 -103 -128 -119 124 -105 97 84 -122 -114 -128 79 -110 -116 -96 116 -109 -108 -96 61 106 107 104 94 84 51 106 -91 118 116 80 -116 123 -123 114 -110 121 115 121 106 106 76 -116 94 -95 -125 96 -121 109 117 124 107 115 -73 -115 -125 -106 -117 102 111 107 116 103 125 -127 -118 95 118 -113 -100 61 115 -120 -122 120 -105 125 -113 -89 -125 123 -87 -121 127 88 95 -107 107 -122 82 93 -95 101 -115 -126 71 104 -102 114 116 73 110 -117 -104 121 99 -120 99 -117 65 97 92 -108 103 -83 -120 100 -115 120 106 -128 -115 -128 108 97 125 -103 -116 -118 -127 110 -120 123 121 105 -116 -83 114 122 -96 -100 85 127 109 -123 117 -98 98 109 120 -126 119 102 -87 -127 95 104 71 -118 80 100 124 -102 107 -103 87 88 -127 -122 120 85 -121 97 -92 -91 120 122 98 -106 -122 -99 -103 126 118 121 -106 89 -115 113 -125 -128 126 108 -124 -97 115 108 111 101 101 121 -113 -105 104 -123 -106 -111 96 96 111 115 127 -97 108 93 -125 -115
96 96 124 122 121 -115 -128 -120 125 -117 103 -125 -124 120 126 119 99 -104 122 -100 103 103 127 -120 127 -120 -118 -124 -115 -108 123 100 116 123 114 87 -118 -85 126 122 97 -102 -127 -125 -114 -80 -108 -122 -88 105 -102 108 122 117 -91 99 105 -78 111 115 88 -109 -118 -108 126 97 94 107 -125 95 -126 -122 -127 127 117 -118 -123 -105 103 116 -97 127 -119 113 105 127 107 123 115 88 99 119 116 106 105 -121 95 -114 -111 114 -119 -128 96 -120 -121 -116 -102 -96 -116 96 77 109 -120 -115 123 81 112 109 124 -104 97 -113 124 107 127 -117 93 -105 119 69 -114 96 -113 85 108 123 -116 94 97 122 -124 -127 -106 126 -118 -121 99 -126 -110 75 105 76 -119 117 -128 117 108 115 89 116 124 101 -81 78 127 124 99 -106 79 -116 -110 -112 -112 -120 -105 126 105 -116 -105 67 114 125 108 94 87 98 117 103 -123 121 93 -97 105 96 122 -125 110 -110 97 -114 -117 -87 113 104 102 125 -128 -91 113 122 126 -116 101 -128 121 120 -127 -118 -118 96 -127 117 -122 106 101 113 100 122 95 -96 85 -79 119 -127 -100 -112 104 -127 -128 118 -123 126 127 114 90 101 -108 -104 -94 -105 -111 -89 -113 108 -127 121
-111 75 -128 125 -128 108 -114 123 -124 101 122 -115 -100 -79 111 36 99 -114 112 116 -83 101 109 -120 -109 -126 -118 -126 -106 -105 -124 -120 119 -125 76 97 109 -117 108 125 103 119 -125 105 -104 -114 95 104 -117 120 124 -110 104 -114 91 -107 69 -117 -99 109 95 68 109 -115 -118 113 123 -86 -106 88 89 115 109 -126 -123 98 91 113 -112 -121 -120 127 -120 99 -126 116 -94 -120 -119 -110 -114 120 -128 -120 123 121 117 117 -76 110 -79 119 -118 114 105 -90 -114 127 -123 82 64 -118 -118 125 -125 122 -79 124 114 -117 -121 -101 90 127 -120 -110 -123 120 91 95 -115 101 -115 -123 -101 120 -81 113 -109 -126 -100 125 -125 106 -122 -98 110 119 105 125 127 -103 102 112 -126 116 -123 -121 121 -127 120 -107 123 -119 125 -122 100 -111 118 -118 114 127 -120 -111 82 116 126 111 -70 -106 117 114 121 -92 73 102 113 111 -104 -127 -111 123 121 92 102 104 72 -110 -125 -110 -118 -114 114 101 -96 83 -106 -87 66 -125 102 -128 -104 -111 -101 127 -113 -116 -91 101 -128 -114 124 103 99 121 91 -82 -92 124 107 125 88 -125 -117 122 -118 -113 121 115 -128 -117 -125 -66 91 -96 -89 -115 -116 -108 114 -97 -117 92 120 87
109 70 -108 -117 103 112 -102 110 121 97 -105 109 95 -109 80 116 -101 -118 106 106 -123 104 -109 116 118 -120 -122 -117 88 96 94 125 121 116 100 106 108 -104 -118 96 87 -108 88 -122 115 -99 87 87 -120 -87 85 125 -123 125 83 -103 108 -91 120 97 106 -121 125 -101 72 115 97 -80 127 119 92 -79 -128 -119 -121 127 -128 77 127 86 120 110 65 -114 93 -108 102 112 -125 -125 121 110 -108 121 97 -117 -125 111 -100 79 82 -121 126 -100 -114 -116 127 -120 92 98 108 91 -116 -113 -126 -127 -118 -108 127 -92 -66 -120 -126 -103 117 117 86 100 110 93 112 -111 -111 79 118 -116 126 120 -114 105 92 99 125 118 -120 122 120 114 95 102 122 97 113 89 96 -125 126 -98 99 -122 113 102 -99 100 111 -121 -124 -116 -120 109 108 115 107 114 124 123 92 -110 -119 126 108 126 -95 54 109 -123 -112 88 -128 88 87 -116 111 -119 106 108 111 -105 112 104 -99 -116 108 -105 97 108 -126 114 80 121 119 -111 109 -108 -97 -123 -127 -117 -121 45 -86 96 127 112 123 -121 114 111 90 -126 98 112 -127 121 126 94 104 108 99 110 -127 -119 124 104 110 -126 100 121 126 107 -123 -89 -116 87 -122 -128
114 96 118 108 115 98 -105 -115 -128 -128 125 126 119 -119 115 117 -90 -86 123 -128 98 114 -114 124 -102 124 -123 100 105 -95 -127 -114 -110 78 123 -119 89 -103 -120 104 -113 -126 121 -117 -119 -123 93 -97 -74 122 -123 122 122 -117 124 -112 -106 -85 -80 100 124 125 -122 -123 121 -121 101 115 93 82 -121 -99 -113 -114 -100 -103 -112 -117 -118 -107 -94 -69 89 -108 125 -114 110 -80 126 -94 127 -127 127 121 96 -111 -122 104 124 -112 125 -95 -114 114 -99 -122 -93 -116 -108 121 96 -110 -128 112 124 92 108 -109 -97 -117 -102 115 -107 126 -124 119 119 -112 -127 -102 119 107 -94 84 -119 97 127 -123 105 -121 -106 -117 -101 97 101 -101 -109 -109 -118 -127 102 -84 -87 -97 126 122 -115 92 -126 122 -117 -110 -125 -114 115 109 -124 -128 108 -110 -126 92 122 -75 115 105 86 -128 -111 124 -68 -112 -95 92 87 116 99 96 -99 -102 -115 -103 -125 -85 -126 119 65 123 105 -125 -107 -128 104 -119 87 -119 97 -104 97 -124 127 -113 -126 -126 -120 -125 -120 -125 124 90 -118 125 -127 123 77 -120 -90 112 120 116 -111 -121 114 109 -119 -118 -99 81 115 112 -93 116 -119 -118 -106 125 -114 -87 -127 -88 -113 -97 -126 110 -127 99
95 103 103 -94 -91 -87 123 77 -123 123 -105 108 91 80 -115 69 -127 125 104 101 127 101 122 88 112 127 -121 -97 117 -122 127 86 112 125 113 79 82 120 91 103 121 113 -118 106 -108 -107 108 -121 107 95 -128 78 92 65 -114 107 -110 -104 78 106 91 120 111 92 125 117 120 -124 83 71 -128 -119 87 -128 101 105 124 79 107 94 127 127 106 94 108 -119 111 104 98 119 118 113 -127 110 119 114 125 -89 -126 67 83 86 82 114 122 108 119 62 98 69 94 111 98 103 -114 127 116 -113 -115 -120 -113 102 -106 118 82 -116 84 -126 108 102 -111 110 -114 82 -123 -102 117 97 87 66 112 98 -97 117 -119 -89 108 88 97 -112 99 -119 -115 124 55 109 113 123 103 -119 95 100 120 76 106 -118 72 121 107 105 117 96 -126 -127 104 100 100 -118 -107 110 -121 120 127 60 70 116 118 109 104 118 120 -113 113 -111 116 121 75 -103 109 65 95 -124 95 -96 78 -123 110 122 80 89 104 108 80 127 110 98 111 115 102 115 -113 -124 -118 -113 102 102 -126 78 125 81 114 92 125 110 -126 103 108 109 76 87 98 84 92 105 113 123 -111 102 -127 101 102 -120 116 116 105 114
122 95 83 119 -118 86 111 97 113 108 -120 93 116 -110 126 74 120 -96 127 -125 -122 88 -125 -124 -107 -117 86 -78 113 113 118 113 -107 91 99 121 85 -88 91 109 121 -128 117 -127 105 95 108 122 107 94 125 104 -116 127 -98 125 119 -98 95 -118 108 107 123 87 120 -127 92 125 101 93 108 -126 -119 121 -113 -102 -122 -105 127 -114 115 -122 116 115 113 -93 82 -121 127 104 -110 83 121 116 124 -109 -127 -119 111 91 69 58 101 120 112 95 -112 95 106 124 82 -121 -93 105 111 65 93 118 -126 -91 123 -95 -122 -127 -127 -127 116 121 -120 71 113 90 81 -127 99 101 124 53 112 95 121 116 94 91 114 -118 122 121 120 107 68 123 -112 108 -121 106 97 89 112 126 -109 91 -102 101 119 -116 -82 -104 126 119 -112 -128 115 -124 -111 -112 104 121 -104 88 108 100 120 86 92 104 127 107 124 71 111 75 120 107 99 123 80 -126 79 -102 112 -115 -127 124 101 -99 -106 111 108 -124 115 -126 -126 -99 -126 108 -102 84 -125 103 -101 -125 -118 -125 -118 82 95 126 -115 108 98 84 105 118 118 86 113 124 -127 116 71 93 114 81 92 -114 -109 -114 -105 103 104 -122 -100 92 124 125
118 27 121 -124 94 78 122 61 79 105 82 114 126 97 108 113 104 -100 100 94 107 99 101 110 124 80 93 109 87 113 111 -125 108 93 111 72 81 -115 111 100 72 68 90 126 -98 92 90 59 -116 -92 -128 96 -127 122 63 -108 94 110 121 72 106 79 91 111 100 125 88 -128 43 97 108 123 105 125 69 119 113 121 110 101 125 106 -125 95 -126 103 120 103 97 117 -125 50 96 82 65 120 92 114 127 87 87 111 58 109 91 102 118 96 91 104 99 -126 115 89 109 80 116 108 120 98 -116 90 100 115 113 119 89 97 91 77 114 79 81 125 91 89 124 115 110 64 101 66 -126 106 106 114 58 95 94 72 107 103 115 -128 -112 60 121 116 103 95 -128 89 -106 36 100 81 116 93 101 124 -121 57 107 104 90 93 105 103 -99 85 95 99 80 82 80 99 103 86 92 60 120 -120 126 85 104 109 64 -125 99 -128 -110 114 121 103 56 47 99 125 113 107 94 107 83 126 103 79 83 78 91 80 127 104 116 83 73 -122 91 91 98 94 83 97 113 102 -118 113 -116 75 85 100 109 102 123 -114 78 109 118 95 105 92 84 114 102 115 110 89
82 100 98 120 114 -115 -127 97 -114 117 98 -123 127 113 105 64 65 -127 86 93 106 59 90 99 88 67 70 97 113 -127 -122 125 -119 118 111 125 108 -95 71 88 -104 126 127 107 120 69 105 123 115 120 109 87 97 89 116 107 114 67 120 96 104 97 91 89 122 94 108 99 103 76 114 -123 92 110 91 -121 101 94 83 62 110 78 78 104 79 127 126 117 78 82 -126 118 114 112 82 97 107 125 -127 74 106 73 -125 93 -107 72 -113 86 88 77 -126 101 110 94 -125 101 120 109 -115 -122 99 117 92 -127 91 99 121 83 115 96 121 116 72 -112 100 102 83 40 102 97 124 85 -124 106 73 110 111 77 70 112 72 -105 127 81 68 112 99 101 98 -117 108 92 92 83 118 100 80 55 116 86 95 120 83 112 107 -128 113 115 -117 89 44 92 62 75 84 -113 77 100 110 72 90 83 114 121 88 106 68 99 48 83 103 64 66 106 91 122 116 -109 65 85 83 105 98 -95 121 105 77 88 -114 -100 98 67 104 93 -121 120 -105 103 116 94 80 94 98 50 85 127 109 110 99 72 52 -128 98 120 109 -112 -104 114 115 79 88 -103 89 102 107 113
80 64 85 90 75 94 -99 85 -125 127 97 98 93 -117 88 51 111 125 117 84 85 99 99 127 93 108 120 96 86 -126 104 -112 119 77 85 75 95 100 67 124 109 -102 94 111 -126 104 86 79 124 103 114 80 70 68 122 120 93 113 84 86 95 67 101 123 103 106 -125 97 119 107 114 119 84 81 108 75 91 126 84 91 111 90 55 -117 113 105 86 115 97 -117 75 83 105 51 87 112 100 101 113 99 -124 -114 74 64 -110 107 117 116 60 98 96 43 86 122 116 97 89 112 88 88 104 87 111 72 100 54 77 -127 113 91 102 88 112 51 108 84 110 -109 83 50 85 104 102 94 87 110 105 -128 122 72 70 -117 119 80 104 109 106 -109 113 120 89 97 100 77 106 103 108 76 89 101 78 110 97 76 84 104 86 100 -88 68 110 95 -120 75 86 108 122 90 108 116 63 45 -107 93 69 91 94 72 104 92 99 87 63 80 93 126 66 98 108 127 83 107 112 107 104 86 94 99 81 71 119 110 88 103 85 83 76 104 107 99 83 84 81 60 106 84 79 64 72 67 69 99 100 103 121 102 88 107 96 96 90 117 97 43 90 121
57 38 114 110 102 -123 -127 108 -108 108 104 -113 93 113 90 108 -82 102 113 126 117 98 101 108 98 77 85 90 102 65 82 99 101 115 80 110 76 110 110 100 51 127 114 73 -116 -123 105 -112 121 -109 -127 102 117 -115 73 -121 104 -128 96 56 -127 91 115 120 106 100 111 107 94 79 101 106 125 121 113 97 108 87 96 90 100 -112 69 117 -108 94 122 108 97 80 102 105 -126 77 99 105 98 96 115 97 113 -115 110 117 126 90 110 -127 111 77 87 79 102 59 -124 79 106 100 124 -117 -104 -116 90 110 98 92 50 122 -89 127 126 119 -120 60 93 -105 -116 115 -87 105 99 73 -126 107 96 108 -123 61 119 126 87 -128 84 -123 107 93 99 83 108 113 95 101 119 65 78 112 65 114 94 92 88 101 85 -128 95 99 81 103 99 112 86 120 71 57 69 84 64 89 127 89 127 109 98 123 125 71 76 92 82 78 122 98 -113 -108 81 97 105 100 77 106 100 96 113 124 105 117 78 -126 111 86 95 108 74 109 93 86 83 104 111 75 108 95 117 114 120 111 101 94 118 67 114 114 98 117 123 119 97 114 99 89 94 124 106 101 -110 94
115 93 122 -76 91 98 -113 114 -117 120 119 -112 -95 -110 79 83 -98 102 -125 124 -117 119 -114 112 115 111 104 100 123 101 -109 -107 -122 104 109 112 80 -101 91 122 -118 104 102 -122 98 118 124 126 -128 -70 -115 120 114 -91 123 -118 102 -108 -111 118 -106 126 -113 -128 127 86 103 93 108 118 -121 -97 -125 -93 100 -123 125 110 104 109 -98 -98 104 126 -128 -97 125 -86 -122 104 116 -107 127 98 -112 108 120 117 115 -119 -105 -113 107 -96 109 -109 -106 -113 -117 -128 73 96 -124 -115 112 105 111 -106 -128 -116 -111 -108 115 125 117 97 -128 115 110 110 116 106 -126 91 -115 74 -113 122 -101 90 -117 83 -125 112 99 123 -127 108 100 90 107 113 127 -112 105 120 102 -125 -110 115 126 113 -103 103 -107 126 -117 94 -118 -116 103 114 -115 86 -125 98 111 107 -111 -111 116 117 -112 89 98 97 126 117 -119 85 120 -125 115 -126 111 112 100 117 53 -114 -95 124 95 -115 108 -123 100 -108 119 -125 105 98 -121 -123 109 110 -113 -108 116 69 -111 -115 104 107 117 -124 96 -98 123 -126 102 -119 83 97 126 -127 116 -118 -103 73 103 -123 -118 -115 115 115 -89 -126 -96 76 126 -123 126 90 -75 91
91 78 58 51 43 105 94 102 84 118 108 118 104 94 89 71 86 65 84 49 68 83 104 104 49 106 87 70 70 97 91 103 78 55 99 88 53 113 70 118 94 66 100 96 54 88 71 75 83 101 99 58 74 76 65 89 67 84 80 43 54 99 84 50 95 65 66 105 34 61 108 86 101 57 103 83 77 -126 81 86 117 87 53 85 81 75 80 77 -121 105 78 89 91 96 95 64 99 89 111 57 77 71 25 101 83 38 -128 84 100 69 58 75 62 69 97 83 95 -127 99 101 94 105 82 89 105 70 53 100 110 59 88 98 82 40 79 91 82 54 63 100 86 92 103 84 78 92 90 86 76 96 70 93 105 94 60 54 81 80 75 69 80 76 96 77 89 86 52 87 81 93 74 64 88 92 81 70 83 93 108 69 82 76 -121 39 49 100 107 61 72 86 55 101 71 122 75 68 49 89 71 95 116 106 76 58 108 105 68 104 46 107 55 82 81 125 77 65 110 111 63 46 68 88 71 85 89 88 91 70 81 92 91 65 69 78 70 75 101 96 105 88 88 72 106 76 65 112 99 46 99 75 117 123 115 37 107 51
-124 94 -118 -96 -91 117 -108 94 -96 110 90 105 -93 -96 121 -128 -120 -79 123 119 -87 -117 -111 127 127 123 -85 -120 -115 -90 -108 124 -104 126 118 -128 116 -111 -128 -119 -124 115 116 117 124 -97 -125 -124 -83 -102 -103 -123 -124 -110 -115 -104 108 -73 -107 119 -102 -107 -115 115 -122 118 107 -118 -110 91 -110 -121 -119 -80 -75 115 -88 124 -111 -109 -112 121 116 -117 113 -114 114 -107 124 -108 -120 -122 -106 127 -120 -128 99 -116 -81 91 116 119 103 -114 -79 -126 -76 -118 123 104 111 118 124 99 -122 120 -108 -127 -69 -91 -91 -120 113 -123 60 -84 86 127 120 -98 120 123 -117 90 -100 101 -106 94 -109 94 -117 -103 -111 118 -113 -120 105 107 119 117 -117 127 106 123 112 -123 -110 -124 -116 122 124 -126 -128 -120 -128 -100 -128 123 -125 -115 -121 97 115 113 -115 112 80 -71 -88 127 105 -111 -124 113 103 113 118 -110 -90 -116 -103 -119 -87 -118 118 -124 123 -75 114 -125 -105 126 107 -92 -107 78 -112 113 105 -109 105 125 -112 121 -121 90 119 -95 -93 112 109 -128 75 108 -103 -92 97 115 109 125 127 -105 122 111 -95 -106 -105 -101 -115 123 -126 -121 113 -115 -100 -114 -98 -114 126 114 -127 -117 -87 -123 121 -105
127 88 117 -88 -102 119 120 117 -124 -92 86 -113 125 -90 77 79 65 -105 122 -107 -110 -114 111 118 119 118 -116 116 -112 -74 -82 124 108 -110 127 126 97 105 122 -76 -105 -127 -111 -119 -95 101 110 -121 -105 -115 109 127 -103 -114 -120 -71 101 -101 118 120 107 92 -116 -125 111 101 123 -98 109 -127 96 -91 122 -104 -116 101 85 -124 -121 127 -102 -123 98 -88 -105 121 -103 -116 123 115 100 -109 126 79 123 -121 113 -125 -100 -115 -105 -125 -120 115 -111 -121 -127 -89 121 114 127 -119 -120 117 123 91 127 -125 -86 -117 -116 112 -90 94 126 -119 97 122 91 102 -90 107 114 97 -106 -120 106 -121 111 78 -113 116 -98 -114 -120 106 86 -121 -127 103 96 122 -110 -95 -114 95 -108 -128 -114 98 115 -106 97 -110 -118 -107 109 -119 125 -107 -124 -124 106 116 114 -120 -87 101 -69 114 116 110 91 -105 113 108 91 -122 -98 -101 117 -124 -110 119 92 -113 96 -116 98 114 112 -108 -126 107 106 -125 114 113 -116 113 -121 -126 123 -118 -110 102 82 -110 -114 -97 122 -96 127 -90 -112 -126 -128 123 115 -123 106 -107 -122 99 122 101 96 -109 -118 108 -117 126 106 -127 83 -111 -108 114 -109 92 -116 -98 -89 87 -98 -126
124 109 -112 -104 -101 -128 119 -112 -112 -126 -91 -75 -93 -108 96 116 -92 -90 119 -126 -105 106 111 -111 -126 -128 -123 -109 -94 -118 -128 -128 -118 -98 115 88 101 -117 99 107 -120 99 102 114 -107 -124 -125 118 -121 109 125 -123 -104 -96 119 -102 121 -117 104 113 116 -101 124 -90 124 96 127 116 -102 -125 114 -65 -94 116 -93 121 -99 -123 -97 -91 -108 -98 -116 -86 115 -126 127 -69 89 119 121 -94 124 106 -127 122 -115 -72 -90 119 -83 -75 109 -112 117 123 115 90 106 -112 123 116 -97 -122 -117 -111 122 -118 -85 123 -99 -100 -127 117 -127 105 -125 107 -85 103 97 -101 115 103 -104 -99 -90 -124 -113 -128 113 125 112 119 96 -119 107 -103 -120 -117 -123 -114 121 -127 -79 104 124 88 118 -126 -116 -112 -112 106 100 -121 123 -127 106 123 122 114 114 -102 -124 121 -86 -122 -90 -120 -128 -108 118 -96 104 -123 -118 86 -125 -117 118 -124 117 124 122 -109 92 113 85 122 120 103 -94 -84 76 125 -95 122 -128 107 107 -128 -87 -125 119 95 111 -103 -106 -122 -99 -118 -120 109 -107 -124 -122 117 98 120 -128 -110 109 -99 -95 -95 -117 -128 -111 -127 115 114 123 110 102 -124 -117 -95 -107 106 125 -113 -110 110 113 119
117 72 99 -121 -127 111 -128 -123 -110 103 -116 115 -120 -107 -124 102 -121 -112 118 112 -122 -114 110 -122 -93 115 102 -117 87 -117 104 -127 121 -128 113 82 -111 122 113 109 124 126 121 -125 -124 -105 80 -115 -110 108 -125 91 114 -110 107 126 79 -116 -126 -117 117 -116 115 -125 119 -121 112 -99 106 98 115 -102 -123 -108 122 -111 -127 -87 120 -90 -107 -100 -108 -127 110 104 -123 126 -100 -106 120 123 -117 -100 -109 108 -124 100 -104 120 -117 113 -124 -97 124 -121 -92 -120 112 122 77 122 124 118 118 100 115 -86 125 120 -100 99 127 117 77 127 115 -107 111 105 106 118 98 -115 118 120 -119 -127 108 107 -128 -122 125 86 112 110 119 -119 110 -97 109 -116 -120 104 110 72 -117 108 123 76 -123 98 104 113 109 111 100 120 124 100 79 -115 -110 117 101 -126 104 -97 -60 109 103 122 122 90 81 -128 115 97 124 -127 108 -114 109 -92 74 98 108 124 -125 99 -97 114 111 -126 -124 126 116 -115 104 -118 119 106 -115 -103 124 -121 -79 124 -106 53 -115 -116 97 94 114 125 -117 123 121 -124 107 97 -121 104 -120 96 -117 89 89 125 -127 111 118 -90 123 -116 118 94 -111 -115 -103 -105 111 93 127 -104
77 115 111 -125 84 114 90 125 -108 98 92 121 63 -104 114 90 122 -124 -114 -109 107 56 80 113 109 112 83 81 119 -112 113 120 103 93 -101 66 104 103 89 118 -101 119 118 78 91 84 121 -121 -125 102 -119 127 82 84 125 67 93 -127 69 107 100 102 114 90 116 94 87 82 -104 83 125 82 -121 83 117 111 -126 103 -128 106 -124 103 108 115 87 113 121 107 90 109 95 108 113 -95 112 96 77 89 112 62 70 88 -116 87 -111 83 87 107 83 116 124 94 115 94 67 96 111 92 104 115 87 126 92 -126 52 58 111 118 75 112 93 113 100 90 106 92 -109 50 107 99 98 127 91 62 105 -107 105 116 -123 100 99 -112 -120 124 87 72 103 111 102 -128 122 113 103 65 123 85 106 84 99 103 73 106 89 114 88 98 100 111 -116 108 114 -117 -114 108 92 108 -122 92 -103 106 100 73 103 -98 52 104 83 118 96 -69 115 114 47 -117 80 93 -121 122 81 90 96 82 72 120 -103 62 108 97 -119 -124 89 104 60 68 55 110 -80 88 109 102 80 107 87 103 108 93 117 106 100 89 96 90 83 101 88 106 -123 123 117 122 98 -124 109 115 117 54
91 121 112 -122 -110 -117 93 75 102 89 93 92 80 71 82 76 125 99 84 78 100 -123 79 89 81 109 88 104 63 -122 100 115 69 108 125 -126 72 123 95 93 100 -128 123 85 -128 105 79 123 -126 123 97 88 119 -118 104 108 111 -124 103 61 92 120 -124 108 114 86 107 111 78 56 112 111 105 99 114 122 86 77 111 107 107 113 97 85 105 98 -111 -118 100 126 -99 97 101 -103 121 -124 72 86 -124 108 88 103 -111 98 99 92 111 98 121 97 65 -127 -113 99 121 110 116 122 107 -128 -125 98 79 88 83 -127 116 64 68 100 127 99 126 81 124 65 112 52 84 109 115 104 -113 -112 104 97 109 94 95 85 106 -106 80 -128 97 87 123 100 -119 100 76 79 70 77 -109 108 86 93 91 102 101 84 105 -123 98 98 117 -110 103 122 96 -108 87 96 64 123 87 115 -119 -118 -123 -126 67 122 80 112 -125 -107 76 98 107 107 80 123 125 113 -124 -128 91 119 99 95 -127 -120 -121 100 75 98 -110 86 116 -128 84 75 -120 76 -99 115 100 -121 118 -122 122 76 99 96 106 108 68 78 77 112 81 98 122 112 115 -119 116 -117 72 -118 102 63 94 72
93 112 108 123 96 90 -104 83 -104 108 125 74 -102 126 -128 85 -117 99 96 116 89 85 101 116 118 99 102 103 115 -127 84 86 109 98 122 123 -116 103 124 108 111 -92 102 106 -122 107 127 120 124 120 119 106 99 122 85 -119 118 114 -114 107 101 -113 109 120 119 122 118 -109 113 109 86 -106 116 94 105 -107 88 84 122 111 -118 -119 86 116 125 77 127 110 -113 -124 123 123 103 125 -127 -122 -126 116 104 119 125 -123 114 -107 107 -128 114 -95 106 107 101 95 -124 109 95 -124 109 -113 100 126 104 124 -118 100 124 -103 119 123 100 83 102 101 119 113 77 109 -107 123 -128 109 -122 107 120 42 120 117 92 -118 93 117 102 -123 93 119 110 90 -111 126 76 126 98 114 106 92 88 -123 85 80 108 115 101 99 122 94 121 104 119 -124 76 87 118 127 -128 107 94 127 -111 114 90 113 64 89 95 -127 100 105 77 100 89 123 98 124 83 108 120 101 104 -116 -123 111 95 -128 -96 124 117 -119 111 100 76 68 -128 -127 72 79 103 101 126 107 107 -110 82 103 121 111 102 75 -115 77 -127 112 -125 111 111 -117 -91 86 -119 127 -100 101 119 -71 120 -118 -126 101
108 95 -105 127 -84 -103 122 112 -39 -108 -104 -93 104 -111 120 93 127 -56 -120 118 -110 119 -117 -124 -108 120 -121 -122 -95 -98 -109 119 -85 89 113 127 95 -114 112 -106 122 -92 100 -115 -81 -125 -74 -103 -105 -125 -102 -120 -95 -126 110 -64 -111 -82 -123 120 122 -124 -104 -108 -102 -116 -117 -125 111 106 127 111 126 100 -94 -114 -98 -118 -112 -118 -110 111 -122 -117 122 -128 -103 -87 105 -122 -108 -111 -99 108 -111 94 101 -100 -105 120 -92 -114 117 -103 -81 -105 -98 112 121 106 114 -105 -103 -112 -122 -106 -90 -90 -98 -105 -124 -87 -110 -107 -114 -113 105 -97 -114 98 -116 118 -127 109 -94 -121 -103 122 111 -92 -127 111 -98 -126 -76 125 113 -113 -119 123 -121 -105 -94 -116 -115 -112 -127 -101 74 -116 -124 -122 -100 114 -114 -104 -128 -123 -113 -115 112 120 121 119 -87 92 121 -95 -47 -116 105 -112 -106 -72 -126 -113 -121 85 -106 -122 -124 -116 -119 -127 100 -113 121 -71 -109 -99 -96 -95 121 -85 -105 -123 -127 -124 109 -106 97 104 -109 -121 -72 123 -127 -61 -111 -122 -94 124 -128 109 124 78 123 -102 -117 -84 -115 -120 -122 97 126 115 -106 85 -105 99 -119 -96 -128 -86 127 -83 -98 -109 -103 95 -108 -32 -114 124 -127 122
127 81 -108 81 105 105 110 86 -124 117 114 99 125 -91 112 103 74 125 107 104 119 100 89 -112 -109 115 126 118 125 -122 -128 93 -119 79 101 104 43 126 120 -125 118 99 88 -124 101 120 84 111 -92 124 99 -116 109 -117 89 -128 61 -97 126 126 -123 111 91 76 86 79 97 -63 104 96 107 112 -114 -88 120 99 110 -122 106 104 90 106 55 124 87 116 -105 -106 120 -96 -118 91 -90 94 119 117 126 -124 -126 111 -120 126 103 -100 125 99 -98 -98 100 98 78 83 117 101 -113 -128 -111 118 125 -118 123 -79 111 77 -113 104 94 -125 -102 100 -120 112 125 118 85 -122 106 109 116 127 127 115 107 109 77 103 120 -117 103 105 105 122 -111 -110 -112 118 -127 122 117 98 121 -120 112 125 122 -118 117 -113 85 110 -104 -114 92 -118 -126 91 101 119 126 121 109 -115 114 -122 -124 107 121 98 -83 104 104 89 -98 94 72 106 -113 120 81 -127 102 103 91 127 123 76 103 -106 -127 117 86 88 -120 -118 -128 94 -83 -114 123 61 104 114 62 92 -112 108 82 109 105 113 -106 123 96 -125 -105 94 105 105 -118 75 118 117 -117 113 116 127 113 -118 127 103 102 -92 -126 34 100 -114
87 93 85 114 119 109 -108 104 -88 -108 87 109 91 -126 66 65 106 -92 96 -116 68 71 -96 102 119 105 120 112 -117 -124 -114 -128 122 120 74 88 -119 127 41 79 120 125 121 101 116 103 113 -119 112 98 127 72 126 100 93 -126 127 112 48 93 113 -120 101 120 -103 103 -121 98 117 -115 95 -127 -119 87 80 101 111 99 77 74 -116 107 94 97 116 87 -97 127 105 98 112 115 123 69 -125 -122 95 95 101 62 -128 104 85 126 126 126 -124 126 91 104 106 101 122 100 68 84 103 109 -117 110 84 76 121 -109 -111 107 78 123 114 96 123 -118 67 87 97 125 -123 102 99 61 101 72 106 114 62 113 118 116 125 87 74 -102 -124 108 -123 118 82 122 65 106 107 101 125 86 125 116 89 -118 106 -128 114 98 -116 108 93 80 126 -125 -128 91 102 -125 110 88 102 123 105 115 102 -97 109 103 70 127 113 127 87 -119 112 -117 111 118 108 111 65 87 112 95 115 86 94 77 -117 -117 85 86 123 112 115 109 117 126 -124 -125 82 -110 119 124 107 83 121 -118 122 80 -119 122 -127 -123 103 85 108 116 -126 -114 90 101 -128 -108 -110 51 101 -92 107 96 -121 107
98 99 115 -111 126 -120 121 113 112 96 80 122 107 -121 98 56 101 -125 97 105 125 92 113 92 88 105 110 96 101 -106 -114 72 -122 102 -125 122 119 122 -120 71 93 107 -125 -128 94 106 100 113 -53 119 -127 -109 105 91 -117 -127 120 -126 100 57 -121 125 113 78 109 93 59 90 115 83 92 -116 -99 -120 122 102 -122 95 -117 101 121 -127 97 -113 98 103 103 101 92 97 52 105 109 107 125 118 92 90 -115 123 114 106 114 -110 74 -106 -83 67 82 -122 112 -114 116 72 -111 80 -128 -126 -118 -90 -124 106 127 -120 -128 117 102 82 94 109 120 107 -91 100 -123 87 121 32 127 110 97 119 83 96 91 -122 124 86 94 98 100 97 98 119 98 107 100 80 93 104 102 -128 116 -127 -110 -121 -124 120 94 -123 95 118 64 86 -118 114 108 117 121 102 95 115 126 114 110 -120 116 99 -125 101 64 113 122 -120 94 86 122 126 82 114 122 106 121 117 -126 71 108 127 101 76 119 68 127 120 92 84 106 -121 -122 117 -97 63 90 107 99 102 84 125 91 -97 105 127 106 -125 62 -124 116 113 -123 60 -119 -83 93 -110 54 118 -118 98 117 93 82 123 -95 120 111 108
57 49 103 -113 82 102 100 65 100 121 91 121 75 115 72 84 114 105 116 67 102 123 98 94 126 78 104 84 68 104 119 110 100 -119 -125 95 71 86 57 63 111 114 122 127 106 116 89 127 99 -128 121 111 107 115 79 94 102 -125 55 82 112 82 113 121 -122 94 78 86 95 102 97 102 107 101 112 112 111 114 75 111 103 85 77 99 115 -126 105 -128 100 106 116 77 89 79 91 90 85 96 -125 95 82 104 91 -118 121 98 88 104 68 89 71 45 122 -124 107 84 126 67 -123 86 106 83 76 80 111 78 96 74 112 90 71 79 76 102 92 88 125 58 100 79 120 105 67 60 104 107 92 84 74 121 75 126 82 93 -125 120 69 73 90 118 101 94 107 84 -122 114 -120 83 99 87 112 89 118 36 113 101 84 116 116 94 73 100 73 87 54 103 -114 104 100 89 -125 85 118 114 95 99 94 92 87 94 111 90 75 70 68 106 87 102 98 119 99 84 123 99 91 35 105 74 77 95 122 62 53 103 67 -124 95 120 74 116 83 104 116 79 -109 61 -101 85 118 67 91 96 119 106 65 83 -96 99 113 86 104 120 120 87 107 88
-125 106 -116 78 -123 112 -123 -108 100 -126 -103 113 124 -106 123 101 -104 -91 -125 121 115 83 127 105 -94 97 98 -115 -125 -118 103 120 -115 106 108 -126 89 -76 79 115 -125 99 115 111 -80 -126 -80 86 119 112 -114 108 -100 101 -127 -109 97 -47 -124 102 127 -122 111 -110 -125 -126 99 121 -105 -74 99 -126 -116 -128 -120 -112 126 -126 -89 -100 -91 117 119 -97 114 119 -125 105 108 97 84 -105 -105 114 113 58 92 112 -95 121 -116 -115 109 -99 -123 -121 118 93 122 112 113 113 -121 -126 121 84 -105 101 -112 123 118 108 96 101 111 124 111 -114 119 83 -114 117 115 99 -93 112 -84 -123 96 124 111 120 -95 112 114 -128 100 -67 111 -119 114 116 118 -109 125 126 127 83 62 -123 106 -109 126 109 105 -116 119 -112 -124 -122 120 91 -123 -119 101 -69 -97 116 -100 96 -110 82 118 -109 94 -116 -122 106 114 113 113 114 -110 119 81 126 94 115 115 93 -97 124 127 -127 90 116 -118 119 125 122 113 118 109 115 114 -96 -122 96 122 93 -128 -116 -123 117 93 111 108 92 127 -123 122 125 -113 -120 -107 103 -105 101 -108 107 -110 101 123 -85 57 -121 121 -114 84 -90 111 -127 -106 94 74 100
70 118 110 -127 82 -114 -128 99 104 121 97 102 104 -128 104 93 117 101 65 -124 86 -124 79 106 115 111 110 -118 107 -126 82 111 -110 104 -120 -108 81 127 118 117 96 121 -112 118 -127 79 113 110 119 -106 98 -119 122 125 -116 104 -123 -127 85 87 85 101 -121 96 81 -101 78 121 86 101 113 101 111 -121 -113 -90 91 98 -121 121 121 -92 105 114 83 109 84 -128 -123 115 100 125 -102 -126 88 67 -114 94 -122 -110 106 106 -123 -109 95 117 126 -118 111 122 102 127 -90 120 -105 -127 -105 118 -103 -114 118 -116 -102 77 98 75 126 -101 -84 92 111 -123 -119 123 108 -111 -97 92 113 125 115 116 -97 100 119 98 65 -96 126 121 91 109 99 -112 111 -128 -121 106 119 118 84 124 117 66 119 -114 101 -125 97 71 113 53 101 122 110 81 -109 -127 -118 -116 113 -112 109 110 94 -122 107 -116 -111 118 118 -112 88 115 92 109 93 102 110 -110 -98 106 98 -118 126 97 -128 99 113 99 79 -121 -95 112 -116 -114 -103 111 -114 101 -123 -120 116 77 96 75 -97 96 127 106 -92 112 -112 -111 -100 109 125 96 114 92 120 123 88 -127 99 -125 111 -113 102 72 73 -72 -128 -113 -121 90
79 37 100 96 121 93 68 63 110 41 97 106 103 70 69 100 101 77 107 84 109 49 59 62 104 93 51 38 90 116 65 66 72 117 121 87 69 115 70 -127 88 76 110 53 110 53 86 74 110 111 107 106 60 -121 70 95 69 -103 80 98 74 111 83 69 100 75 107 105 90 49 109 116 81 44 67 100 114 95 64 92 77 99 101 91 67 82 98 102 70 62 104 110 85 117 127 87 34 80 117 62 93 56 66 89 101 104 96 102 94 60 63 81 55 103 104 76 101 108 101 119 99 -128 57 85 64 99 82 124 72 100 94 90 77 100 86 57 92 35 124 88 112 88 96 89 102 114 100 62 56 82 70 107 79 89 64 67 109 75 90 79 62 112 92 59 67 59 84 53 75 93 63 82 122 78 120 73 97 76 100 123 78 104 89 66 69 108 81 62 75 106 82 125 76 -125 77 80 42 100 75 97 104 72 50 120 36 73 110 73 70 76 46 60 78 106 58 48 102 66 101 84 69 59 62 71 102 111 100 88 86 87 58 109 51 60 81 87 84 106 65 80 63 93 108 105 77 -119 127 106 89 77 68 100 76 73 83 103
77 92 -117 -93 98 121 119 123 -128 75 84 117 113 -93 107 85 -101 75 72 60 99 86 103 101 -112 115 108 93 123 108 95 -126 -123 -125 107 -128 90 -123 115 89 73 -119 115 90 125 -114 100 126 -90 108 97 84 99 92 116 -120 -109 116 86 116 114 88 -112 -105 119 88 81 126 120 83 116 126 123 100 119 112 -120 -108 95 -112 121 124 88 120 108 97 119 -126 -128 76 93 -124 94 98 -102 113 97 76 -114 117 120 108 -118 117 122 109 -123 99 103 119 84 62 96 120 115 114 -104 122 123 -126 122 97 121 117 117 96 121 81 109 96 118 95 -118 -119 91 -125 126 91 70 105 127 -105 -125 72 103 104 119 107 116 64 76 -113 104 105 96 100 -101 110 122 -122 124 90 -108 102 113 123 116 111 103 68 110 121 -126 97 89 119 89 118 115 112 123 104 116 90 112 123 -97 122 -127 123 116 106 95 -102 104 64 -115 60 119 98 -116 120 117 109 -124 79 -119 105 94 109 -108 99 -121 104 -118 77 -118 96 115 52 96 121 87 94 81 -118 -106 114 110 111 -127 101 125 106 113 114 111 88 -120 80 -106 116 126 124 120 -88 -110 121 -127 79 124 119 115 90 88 82
94 99 -88 -70 124 83 -113 36 -119 118 -110 118 -104 80 122 117 -106 -101 96 107 105 104 -127 118 -116 -120 102 109 112 -112 108 -119 -117 -100 72 -125 123 107 113 113 127 -107 66 -125 -103 122 122 -125 -100 -107 123 120 99 93 115 -89 -128 -105 106 99 -125 98 -112 121 125 112 -108 114 99 81 123 -98 114 124 -111 -96 -106 103 126 127 -128 -123 115 -103 -114 -114 -123 -79 104 -117 111 100 -110 84 -121 123 115 -84 104 103 -120 -126 123 114 122 126 -107 105 105 84 106 119 127 106 124 127 113 -101 125 95 94 125 116 -110 95 -119 73 -113 94 120 -97 112 120 105 -99 113 100 115 85 98 -115 103 -57 108 -105 -107 -117 82 109 68 90 115 114 -127 115 74 -70 -115 103 94 106 -114 123 114 116 -111 105 124 121 -114 -106 97 -116 -112 -127 -82 107 115 -125 111 127 105 123 112 109 107 121 73 110 92 100 -124 88 -110 74 -103 23 -112 101 107 -117 109 78 -108 67 101 112 -97 122 91 123 112 119 120 101 103 100 125 110 88 -118 -126 114 122 91 101 -123 124 126 86 92 96 122 89 -119 105 -123 94 89 92 -103 122 93 99 115 115 121 -117 -122 -109 126 -94 -124 -125 121 102
88 82 114 -119 74 99 99 81 -106 106 84 99 -117 95 80 34 70 -126 120 91 -127 91 106 80 121 -119 96 107 97 -127 124 106 90 79 77 -123 75 -121 82 -116 97 91 -119 -120 -111 104 102 -121 -104 80 113 25 106 110 80 115 60 80 -127 72 126 78 107 79 -119 102 94 125 67 120 85 98 92 121 103 -122 80 -112 -117 105 111 123 93 112 126 87 -125 119 93 -114 89 127 104 100 69 111 104 113 -128 -111 95 86 95 107 -111 114 -122 117 111 121 67 91 101 -118 88 69 -126 119 107 115 100 100 119 86 93 91 91 124 119 110 96 107 118 37 80 112 124 123 101 -125 96 104 94 29 106 112 86 121 105 98 109 -100 115 119 91 37 99 69 82 118 102 83 120 -113 115 -126 79 95 125 -123 110 91 92 99 121 -126 89 76 107 73 -126 102 119 114 95 110 78 90 -112 103 58 80 102 125 70 -98 96 101 39 122 -113 124 95 87 120 112 82 89 111 125 92 85 116 78 125 71 110 -106 104 98 124 111 93 105 -107 88 101 86 91 94 82 108 108 82 -116 104 108 108 109 48 99 -110 106 100 57 125 113 82 120 104 86 -115 -123 71 111 88
114 111 -120 127 62 103 95 -102 -96 97 95 112 -116 -116 122 89 123 -124 114 -106 -118 93 105 -111 -85 85 -106 -115 123 127 125 108 116 88 111 111 109 -94 100 112 114 83 -125 -121 94 113 64 112 -114 112 116 -125 84 -121 -123 127 91 124 -123 -120 124 99 -107 -118 -103 -113 100 -104 89 126 -118 -110 -128 110 -118 -116 94 -108 95 -119 -95 118 81 -88 121 126 99 62 -125 127 126 -104 124 -115 119 101 104 -100 -107 108 124 -124 -108 -108 122 -115 -114 -122 107 116 93 90 114 84 125 88 -123 -117 -99 -77 -89 94 117 84 126 118 126 -116 -113 89 -114 -121 102 78 123 98 -113 105 87 109 95 94 103 96 -113 120 123 80 -122 125 118 115 124 127 120 105 87 -123 100 98 106 111 -123 113 -114 -119 110 -68 99 103 -126 -114 126 116 123 -124 -102 118 -85 119 98 101 116 96 81 66 118 114 -128 -128 85 124 110 -125 74 94 -121 104 70 -117 117 123 -78 93 -106 101 107 121 106 -124 -111 -122 -122 95 -116 110 -102 109 -116 -126 -88 -95 -124 97 111 74 110 110 102 -114 124 119 93 -104 -115 98 120 112 -127 87 87 104 115 127 120 116 -112 -120 117 -119 105 102 -125 124 91 77
49 57 90 99 49 96 75 66 84 81 88 87 64 -126 104 89 113 89 101 28 123 93 85 97 78 104 58 81 89 101 111 86 76 75 92 122 95 97 77 75 102 96 77 54 73 102 82 110 113 86 81 114 104 -108 34 83 61 110 97 37 96 93 79 67 122 89 86 94 53 83 100 84 119 84 110 107 63 85 98 57 77 98 46 87 81 32 107 116 90 56 82 74 107 -125 102 89 89 63 -107 92 36 86 96 82 81 95 106 124 91 86 48 -121 92 85 94 60 118 106 81 111 93 117 83 113 82 45 92 63 76 93 105 63 96 86 91 80 116 -8 58 119 75 103 60 64 98 121 76 81 90 95 57 69 61 66 103 59 116 67 104 84 102 54 61 60 112 82 98 78 73 86 90 108 93 77 120 77 101 95 126 79 43 70 77 62 88 98 109 88 80 80 68 108 79 72 81 70 80 104 97 99 103 107 87 64 77 70 -128 125 40 41 51 83 119 105 49 50 45 96 86 99 89 70 99 117 90 65 104 118 65 119 57 108 126 42 107 120 94 51 121 109 89 96 -121 111 99 -128 105 78 107 76 64 110 64 62 90 64
70 64 -126 109 127 108 -101 104 -126 111 121 84 88 88 109 101 -113 92 103 95 109 78 83 79 96 99 119 115 126 105 110 -123 124 71 113 49 115 108 120 -120 114 85 103 101 127 90 104 67 94 127 -128 92 122 92 90 124 82 -112 62 82 100 -118 84 -106 107 91 -128 71 122 75 72 102 101 78 126 75 99 61 108 127 -91 122 116 114 -120 92 122 107 80 127 106 -104 -126 87 120 117 100 71 -108 102 106 104 108 112 -127 89 82 123 91 -126 122 109 -110 80 110 84 77 -122 120 94 62 104 104 117 80 108 113 -117 83 -128 81 122 119 107 110 90 114 89 100 60 81 115 105 -109 47 -102 118 -120 117 92 91 91 88 108 106 112 124 93 -119 95 74 84 86 89 63 112 75 98 82 120 90 89 122 112 74 106 125 113 -110 109 93 114 96 -126 83 93 64 125 114 112 115 -119 -123 112 62 83 54 -122 96 113 86 84 84 99 73 79 75 88 91 109 91 78 119 -119 95 72 49 98 105 123 102 120 98 88 94 66 -84 85 91 -127 94 117 106 55 127 102 84 103 99 103 114 127 -125 112 110 121 71 97 120 73 97 119 108 93 88 118
102 83 115 -112 91 119 54 94 103 97 126 106 106 90 105 69 -118 91 97 100 126 82 72 68 111 99 77 119 107 -107 62 109 90 84 77 105 113 76 113 99 84 83 64 109 68 82 104 74 -111 125 93 103 89 -126 77 -106 82 -126 90 47 70 81 110 110 120 80 97 -127 99 92 95 97 106 103 -110 106 108 106 96 94 107 -128 78 118 87 94 105 115 102 60 121 97 115 75 108 90 80 124 92 90 120 87 104 97 104 103 109 -120 79 94 77 52 89 98 77 120 56 127 89 111 113 -128 108 -114 81 83 68 106 114 84 107 87 -115 81 113 115 116 108 105 45 123 60 108 78 119 70 120 112 73 -125 92 122 -121 93 88 121 -116 -109 83 93 98 108 112 123 119 89 119 83 117 115 121 96 118 77 74 95 75 117 93 106 -105 78 104 113 79 108 104 65 100 107 82 117 99 121 60 81 82 101 115 79 -127 91 65 -115 90 107 113 124 97 71 65 97 122 122 116 112 106 83 88 31 111 102 85 96 100 -126 91 107 93 -109 -121 81 109 66 106 106 102 99 125 92 86 77 81 82 102 123 97 109 103 127 127 -125 104 47 87 78
101 106 110 -101 -118 124 -112 -115 -112 -124 123 -109 122 -67 104 107 -113 -85 91 75 -122 -120 -117 115 -119 -121 116 124 -126 -104 102 -111 -111 -63 -113 -88 123 -117 124 114 -113 -89 -104 -114 -107 -115 96 -107 -81 109 -117 -112 -83 -113 -103 -93 108 -119 100 -119 108 -107 -123 -95 127 123 -115 -99 -123 113 119 -86 126 114 115 119 -125 -105 -122 -128 127 -97 -127 121 -70 101 -122 -95 -100 92 126 -110 -99 107 -97 -110 113 119 -81 125 -66 -116 122 123 125 -73 -110 -107 99 -128 111 -86 -94 -85 -116 99 -112 -89 -122 117 -115 121 -111 -95 -74 -118 -123 -127 -128 88 125 111 -106 -99 124 -119 -120 106 -118 -123 -96 101 -114 107 117 109 114 -99 -115 -115 67 -103 -93 115 -128 103 -84 97 126 -87 -127 -91 104 -122 -116 -97 100 -114 -121 -113 -105 -110 -107 118 101 -97 -113 -112 -63 89 108 -82 109 -100 100 -109 -123 99 -121 -126 118 109 -107 -113 120 121 87 -89 103 -106 100 -124 103 122 -126 -107 -89 -115 -112 86 127 97 -74 -116 121 -124 -120 113 119 125 -105 -111 -108 -99 86 -121 -111 -109 101 -94 -115 125 119 106 -121 125 -106 -105 111 -121 124 -116 -97 -101 108 -111 -122 -121 -117 -106 -108 -100 122 117 -116 119
98 74 69 64 86 94 83 103 98 100 33 127 105 85 43 58 -115 90 112 99 125 79 104 -118 102 114 90 78 100 122 93 123 68 82 73 125 91 111 109 121 87 111 95 103 80 80 96 113 123 -110 109 111 124 97 92 112 65 -108 101 76 94 86 -110 123 104 74 101 79 123 104 111 125 100 107 75 102 77 102 92 -117 102 116 88 -104 93 97 98 -116 125 -121 74 105 96 -128 89 109 87 42 -117 85 107 85 115 64 116 87 67 117 94 114 84 59 93 82 107 95 -110 117 99 103 92 -125 -121 85 44 115 94 -123 90 96 96 116 -123 52 89 97 121 105 103 78 116 114 114 35 84 127 87 97 103 65 73 98 113 -107 116 85 104 116 108 85 70 101 97 102 114 -128 118 94 117 115 87 97 66 68 103 87 93 89 106 101 112 118 92 104 78 99 -110 97 114 78 97 102 81 -121 39 86 72 98 85 89 -115 87 88 -117 94 115 107 91 98 97 105 86 84 124 105 74 81 108 -105 101 -125 79 109 83 124 85 112 127 113 116 99 99 95 123 112 83 118 77 95 103 103 110 108 -109 55 -118 114 -121 116 -120 99 96 -115 100 -125 65
58 63 -111 94 93 84 115 96 86 110 100 102 93 89 112 83 115 91 103 83 127 104 105 75 101 115 62 95 118 105 110 -115 100 110 109 107 110 87 82 59 -124 96 92 98 100 115 119 -106 101 98 121 123 -91 125 57 106 116 103 98 55 105 75 116 103 122 90 66 33 92 103 108 94 -115 98 -118 66 -112 95 110 74 113 109 56 106 -120 100 86 89 103 107 67 78 120 68 101 96 121 95 -83 98 94 99 89 -91 121 102 -120 105 105 101 -108 -124 75 97 -117 51 -117 120 -125 79 117 105 85 -115 105 64 105 86 99 77 126 86 94 114 110 -126 -128 92 114 91 94 118 -107 106 63 -124 104 99 92 63 76 101 112 88 116 81 102 71 80 96 -108 95 93 74 74 125 114 112 82 97 103 106 86 104 72 122 55 103 -106 93 87 104 127 78 62 96 102 52 65 51 116 109 -122 123 73 -122 74 99 80 101 103 103 102 120 61 86 -116 118 110 88 94 105 106 83 99 60 104 92 102 112 -112 78 84 95 90 105 64 103 105 120 102 108 108 81 110 -117 -125 75 99 124 104 123 91 100 109 104 109 107 107 108 112 123 -126 111 74 97
-113 97 -119 -113 -119 100 -115 -89 127 105 -121 -108 120 -102 110 -127 -106 -118 126 110 -106 127 110 -124 116 -101 123 -106 101 -110 98 94 -122 117 -117 -118 -108 -117 114 86 -100 97 115 -119 121 115 124 -89 -114 -116 -121 119 107 96 -110 -106 -124 -67 120 91 -117 -97 107 116 122 107 -118 -92 109 86 118 -84 -118 106 119 -96 117 124 -81 101 -109 -98 86 -116 120 119 114 -111 124 109 114 127 -87 -122 83 104 -114 -109 -111 -101 106 -124 -104 121 -126 122 -124 95 74 -120 90 -91 -126 -121 -128 111 -112 -79 102 -108 -103 120 59 -91 83 -120 98 106 105 117 -122 -93 -103 93 127 114 117 99 123 95 111 99 123 99 120 -93 109 -94 108 -120 54 -108 -123 127 74 98 -118 109 109 -117 101 96 -119 98 -103 122 -118 108 -89 95 -124 103 120 70 105 -123 -110 91 -103 -114 -112 125 -72 112 81 -117 -116 74 125 -124 85 110 -118 -125 -112 -124 100 -105 107 -124 -123 -115 72 -118 86 102 122 -124 105 108 110 -98 118 126 -99 -110 107 107 -114 90 92 -114 -124 -109 89 98 -97 -128 127 -126 103 -123 110 -118 123 110 -94 121 114 -119 107 -123 84 116 -123 -102 -120 -127 111 -112 -116 -122 -114 121 -118 -108
106 125 117 124 43 99 81 91 118 100 61 105 73 103 99 36 125 94 98 124 109 -113 105 93 -120 92 104 113 105 -117 -110 112 85 111 127 121 85 117 73 115 85 104 -128 107 89 -127 74 127 117 78 97 102 -127 75 103 125 108 104 100 93 65 98 -125 110 -102 112 87 79 103 111 98 110 -106 94 127 85 86 96 100 99 -103 79 100 117 89 111 93 103 99 104 86 -123 -126 97 118 80 94 101 -106 103 106 75 -116 115 91 107 106 -122 100 86 80 75 82 102 -125 99 111 119 126 81 118 92 125 88 127 77 101 106 125 122 -119 69 95 97 -104 113 114 77 76 82 92 121 87 123 99 105 -122 90 89 -113 114 -114 -122 122 122 92 -115 120 86 82 91 109 100 82 -124 120 78 115 106 84 95 -124 102 102 90 80 103 120 124 104 109 122 78 99 107 -121 73 88 117 -123 98 99 50 -105 102 86 76 78 84 110 -114 110 123 78 -128 110 78 116 58 106 100 76 -116 112 -124 77 -103 122 -102 86 121 110 73 83 -120 98 121 106 118 -122 85 120 -121 121 126 119 -118 101 99 106 93 109 84 -128 107 99 -116 99 -86 117 98 121 115 103 102 76
113 101 121 122 99 110 109 127 126 -119 87 -128 117 117 118 113 120 109 122 -127 -122 101 89 122 -116 122 122 -122 -105 107 -110 110 95 -126 100 -121 92 -103 84 -110 112 77 -112 98 -105 -109 -124 123 -115 -128 -125 111 -112 -84 106 -122 91 114 -126 110 80 -123 103 -115 107 116 95 -97 123 107 119 -108 114 -125 122 95 60 118 94 -125 120 116 -112 -103 101 82 112 90 -106 -107 111 125 -115 120 126 65 114 88 -89 -118 108 101 105 124 -112 115 90 102 124 -122 116 -128 125 113 94 85 -96 -127 -106 -122 118 92 126 119 97 -119 107 -111 86 97 -102 117 -124 -122 -121 -111 -103 127 99 114 122 127 119 124 123 108 115 -102 -107 -119 -101 105 126 -99 -125 123 -89 -109 103 120 109 109 127 68 117 117 106 -126 -116 -111 84 -126 -128 85 123 119 -122 -124 125 126 119 113 97 -127 -121 -111 114 -127 122 100 121 123 99 -99 108 102 114 125 112 125 106 117 -95 -110 80 93 -121 -124 122 124 91 127 -114 110 -110 -113 107 95 118 -116 -104 127 95 -117 125 98 -72 111 104 -109 117 -80 -116 -120 95 98 -103 113 -110 106 -116 -127 99 -84 81 -105 -117 119 -123 74 122 -101 118 117 -126 95
86 101 108 -128 109 -126 89 102 -98 -116 122 -123 88 118 99 88 110 -123 65 87 107 -128 -100 -114 -116 94 92 104 123 124 90 -112 99 102 122 75 107 -95 -128 123 105 -126 106 127 -119 104 110 114 -111 94 95 126 93 122 -126 -119 -125 -104 85 108 115 -125 101 119 -98 110 109 110 109 114 -84 96 -128 101 94 -121 94 -111 -115 118 -113 122 94 -75 92 -122 -125 -120 91 -119 114 -117 -116 103 99 119 115 92 -121 112 99 110 -128 102 -125 110 -112 81 105 77 80 77 -102 114 83 110 126 94 108 115 123 -111 -125 98 -126 -111 104 108 126 116 -122 -116 -117 114 111 -127 113 122 124 107 85 -123 -122 116 80 95 -93 -121 92 74 114 112 -117 -128 90 96 100 -120 112 82 117 103 -98 82 105 72 57 123 120 118 69 108 121 111 113 126 113 99 -96 111 89 121 -115 81 59 114 126 69 91 113 66 87 111 -104 108 96 88 120 98 -108 104 114 116 99 98 101 120 123 93 -118 107 82 68 99 -128 112 118 109 -117 76 123 97 92 102 75 -115 -113 110 111 -125 92 109 124 99 -121 82 120 -114 102 72 66 90 88 106 96 -128 -97 122 127 122 109 123 -103 101 108 112
-123 95 89 -94 96 -119 125 74 -115 117 -119 106 77 -122 120 98 99 -113 -114 84 112 96 100 125 120 110 112 -101 92 -115 -105 98 107 108 91 104 75 126 99 84 -90 -124 111 -104 113 -112 -124 87 124 111 84 66 118 122 100 75 108 109 -121 74 99 98 116 93 -77 78 -106 -121 107 108 -111 -95 126 123 115 -121 77 117 110 113 112 104 103 -115 70 -116 -122 -121 113 -103 115 109 91 86 112 90 107 115 127 104 92 119 -121 119 -126 86 -99 125 120 113 -112 125 -111 93 88 81 109 110 -126 110 -109 115 78 70 97 90 112 127 84 -106 -102 70 116 91 -118 108 -118 101 72 105 78 107 122 -126 95 113 106 99 91 114 72 110 121 -125 112 113 121 -95 -128 121 -117 96 103 -126 107 121 116 -96 109 -126 -119 -124 103 -121 90 100 122 -113 -104 102 115 118 126 92 106 124 104 103 -121 119 97 127 115 -122 112 105 85 125 123 115 84 -128 106 95 79 99 -128 127 107 101 -123 112 108 123 -89 -126 109 -124 -100 103 -112 93 83 120 102 -102 -115 120 109 108 60 -119 -117 99 126 -112 -107 74 -125 110 -123 97 89 83 123 124 -109 110 -126 -120 -127 -102 -87 68 -127 85
71 49 100 127 115 66 86 113 113 -120 98 101 126 74 102 85 109 65 68 74 87 59 87 73 61 63 -115 81 97 61 80 -115 54 90 35 72 88 65 92 93 46 68 89 72 82 116 25 101 125 103 90 65 79 90 94 98 113 62 64 54 70 71 106 -125 117 77 119 91 63 100 101 92 103 92 94 111 94 74 84 96 113 115 64 87 91 85 75 63 106 -124 71 87 100 74 111 123 85 64 112 37 105 91 58 89 101 90 94 108 75 102 84 91 84 38 40 56 83 99 111 90 74 76 97 98 67 94 95 73 85 103 112 126 -108 -128 -112 113 101 85 68 31 34 64 125 117 100 64 82 111 88 100 84 111 55 68 115 71 80 -125 99 87 95 86 42 34 75 77 90 77 70 123 119 125 71 116 55 105 76 85 -109 74 83 76 101 106 69 46 96 87 111 90 61 83 65 73 69 62 102 79 85 88 111 74 109 103 75 65 120 -122 104 105 107 66 83 75 99 107 106 109 64 49 105 100 75 107 63 99 96 100 87 76 90 90 108 82 91 82 101 37 94 60 107 73 104 -89 77 80 113 84 -120 98 120 69 89 64 92 77
92 56 -115 -117 -110 -123 99 97 -81 -118 115 120 127 116 87 113 -115 -113 127 124 -90 -128 -126 102 -118 107 -126 121 -128 -104 -101 126 76 113 -114 -110 -111 -105 107 121 119 127 -128 -117 -118 -116 65 116 -95 -84 110 100 -106 125 126 -103 88 -111 108 89 121 104 122 86 -112 109 -117 -124 122 97 105 115 114 111 -117 113 125 -101 104 108 108 116 -125 -105 -103 111 124 -109 -119 -97 -107 124 -99 -70 -101 124 99 -96 105 97 117 103 95 -121 -122 -122 -108 -128 77 110 72 84 81 -103 -92 111 127 -100 -123 -84 -89 -75 -128 -98 -111 -119 109 -124 124 118 111 110 -123 71 125 124 -127 116 -99 94 119 109 -96 102 117 -128 101 -108 100 -124 105 -88 112 -97 122 94 -120 -122 65 98 101 106 -125 120 -113 -123 91 -101 105 -111 -116 118 -126 117 113 101 120 -106 125 112 107 -120 123 114 -127 119 -119 125 -121 107 127 -124 106 -104 -111 99 82 -110 70 -106 -123 115 84 -101 -124 113 123 116 108 77 92 75 -92 -89 -123 78 104 106 -117 85 -117 110 114 -83 -117 120 112 -116 102 -107 -116 127 109 78 111 81 102 111 -116 118 -122 -109 -128 -117 -103 -106 -127 -92 112 110 -123 -83 -114 95 105 59
109 126 -128 -49 104 -114 -118 105 -117 121 82 -117 -117 -116 119 92 113 126 117 -106 119 -122 -125 113 113 92 99 122 124 -107 -97 -98 -113 111 -124 -119 -126 -93 121 -123 -113 126 -94 117 -126 114 93 -127 118 -117 -114 105 -114 119 -128 -118 117 114 -128 106 -105 58 121 127 -85 82 106 -114 82 81 -126 -111 -107 -125 -118 112 -114 -113 89 -119 -123 -124 124 -128 122 -91 -125 101 -108 -113 98 83 -107 -115 116 -127 122 -125 -116 127 96 119 125 -120 109 119 -100 119 121 -118 95 117 100 83 107 98 -119 104 115 -124 -120 -103 105 -112 -122 118 -124 125 104 125 122 111 96 120 126 100 -115 106 -112 91 -105 103 -116 -126 -80 -121 115 117 -124 -123 87 115 118 123 124 125 -81 -113 -126 76 -91 118 -125 95 -114 117 126 -128 123 -126 119 104 107 -108 117 -107 102 101 -100 91 87 119 97 126 71 -111 105 122 103 108 -123 109 106 -114 93 -118 84 -118 76 -87 -87 -119 83 107 108 101 -74 -93 -123 99 127 99 125 90 -113 111 -117 107 -120 100 -127 -81 -120 127 104 -82 82 -111 120 126 98 -121 -104 118 -102 122 -119 -109 -110 76 -126 91 -128 -108 103 98 -84 -112 -115 -115 -101 -108 -100 109 -99 95
112 105 115 -77 121 -119 -121 49 -102 -117 124 86 98 88 86 107 108 -101 109 82 94 88 121 115 118 113 -119 -114 104 -56 109 113 -116 -102 119 127 89 105 67 -112 -126 -115 -97 116 -98 117 117 116 101 100 -127 88 76 123 -112 -106 -107 -94 92 124 65 -120 100 104 104 122 -112 -113 -115 -118 -85 121 93 96 107 112 89 102 -128 107 -102 -116 92 104 -110 94 -117 -122 -116 -125 86 -116 112 85 -123 -126 96 101 105 -119 108 79 117 105 -83 120 -121 -127 109 92 101 115 -117 116 114 -127 114 119 112 102 90 -105 110 109 83 104 93 78 90 111 116 107 -126 96 126 -113 -99 101 117 109 90 111 -122 -118 -106 127 88 -126 102 78 102 113 102 113 118 82 -101 -117 -112 97 119 117 121 64 113 127 54 -121 92 123 -122 109 115 108 -118 101 114 -111 -113 105 103 124 127 77 102 -106 87 127 109 -114 -128 86 121 127 122 82 98 102 109 123 111 -112 111 94 103 84 -123 -111 94 89 93 104 107 97 117 95 -115 101 124 87 117 125 82 102 112 -119 -113 97 123 120 99 124 125 94 -123 -114 120 115 94 78 103 106 96 123 -116 103 126 -121 104 -126 65 -110 115 91 81 120
116 118 -82 -61 -115 -125 -61 126 -69 -123 -127 -116 -95 -97 -115 -114 -83 -75 -90 -122 -92 -119 -114 -91 -122 -95 -83 122 -98 -118 -113 -63 -110 -103 -85 121 118 -104 -112 -93 -120 -100 122 -94 -63 -83 -104 -87 -73 -99 -80 -114 -76 -97 -110 -100 -62 -107 -91 -102 -105 -86 -90 -94 -102 -104 -83 -112 -109 93 -112 -64 -111 -120 -100 -73 -99 -84 -88 -88 -121 -71 94 -58 -125 -105 -123 -85 -120 -86 -119 -109 -80 -80 -97 -119 -78 -92 -35 -104 -96 -93 -84 -120 -93 -101 -99 -76 -124 -120 -127 -102 -91 127 -62 -117 -72 -92 -75 -96 -85 -93 -110 -106 -117 -110 -126 -97 -105 -104 -103 116 -74 -104 -101 -87 -68 -97 -120 120 -98 -106 -58 117 -123 -104 -92 -105 -114 -118 114 -105 -96 -74 118 -123 -82 -119 -90 -88 -105 -115 -120 -124 -90 -108 -125 -127 -93 -120 -117 -102 -107 -101 -82 -114 -124 -64 -70 -97 -118 -91 -107 -112 119 -111 -106 124 -83 104 106 -84 -97 -99 112 110 123 -112 -124 -110 -76 -127 -112 -54 -103 -83 -86 -106 -82 -127 -115 -114 -51 -98 -107 -124 -97 -98 -125 105 -52 -117 112 -71 -121 -46 -101 -100 -119 119 -124 -87 -108 117 -59 113 -95 112 121 -120 -128 -113 -106 -97 -78 -116 -90 -108 -80 -102 -113 -45 -102 -114 -124 119
107 -120 94 113 77 95 114 90 -102 80 91 98 81 121 -115 90 101 105 112 -112 124 110 59 109 -123 90 70 82 75 -124 72 102 95 80 84 -126 62 119 87 -128 -110 85 69 92 106 64 112 107 111 106 74 118 120 103 43 117 79 -115 94 96 100 87 74 -124 112 76 101 117 -128 -116 98 89 -122 75 83 -122 54 122 124 74 69 73 84 122 42 109 107 -115 114 122 117 65 106 85 113 119 84 79 -115 80 68 112 125 75 86 84 -127 99 106 69 100 55 89 92 108 99 77 123 75 126 78 119 116 58 90 127 96 115 73 80 67 89 102 75 92 62 127 85 97 106 110 122 71 68 122 117 100 117 106 110 78 102 97 -122 92 74 93 108 59 92 88 87 120 83 121 74 -119 103 70 86 112 80 102 100 122 73 75 93 118 -127 92 114 111 108 117 115 81 98 91 42 90 104 112 103 64 -123 110 -127 103 -97 108 68 108 98 82 43 -108 103 64 71 98 83 109 89 111 89 92 75 118 58 101 83 116 98 114 101 84 82 77 121 108 124 110 91 116 71 126 90 100 49 91 98 63 102 67 93 102 -113 118 94 98 -113 118 56 -128 53
63 98 99 -97 111 -118 -125 88 125 81 95 -110 91 96 77 124 86 112 90 122 -93 94 81 117 -105 -128 103 124 99 -122 79 114 127 -113 116 98 117 120 88 125 -116 125 110 -120 -125 125 109 82 -109 106 -114 127 -123 114 89 123 123 -100 111 112 95 88 89 97 98 110 92 -122 110 111 108 106 104 104 -103 -122 79 87 -109 68 -95 117 51 -98 103 117 103 -111 92 119 109 -115 99 93 -103 -127 100 -123 -116 80 101 79 88 -122 113 -123 120 -98 105 92 116 -125 -101 -114 77 98 108 106 94 102 104 -105 -118 119 105 112 -128 112 76 76 106 105 99 125 88 95 113 70 114 99 114 76 -111 -109 104 116 90 123 83 86 74 -90 90 110 95 84 87 104 101 -128 88 99 124 116 94 89 90 81 100 94 101 123 116 73 -113 97 123 78 -104 -110 39 106 124 90 65 -127 85 -122 96 77 101 -103 90 107 118 101 97 112 78 79 104 106 90 121 111 120 118 109 88 82 104 105 -123 84 -98 122 110 106 -96 114 -125 112 109 90 97 118 -115 98 -110 89 86 80 103 107 107 73 116 107 90 120 111 117 -121 101 108 -101 96 -109 94 77 96 -124 107 67 122 93
-114 105 -121 -102 -99 126 -112 -119 -117 -125 125 121 -116 100 -127 67 122 124 -88 -119 -86 -100 91 124 -121 -122 -127 -122 95 -100 -128 117 81 93 -96 126 112 -105 114 -112 102 97 -55 126 -117 -113 88 -92 -79 -113 -113 -89 118 127 -120 -96 -126 -106 105 96 -126 -125 -92 125 -116 -113 120 -88 102 127 120 -126 -99 -106 -122 -117 122 118 116 106 -126 -101 68 -112 -118 -120 -113 117 -114 -115 114 -128 -110 -126 -105 -124 -99 -100 -80 -103 92 105 -95 -98 -128 -122 -102 -122 110 -115 120 122 108 -93 -103 110 -123 -88 -107 -106 -122 -119 -104 101 100 -111 -104 -116 102 101 -128 108 113 121 119 100 -93 103 108 71 -114 -122 -123 -113 121 -98 -116 -108 104 126 -128 -101 -106 -105 -77 119 -118 105 119 105 110 103 110 91 -90 115 -110 86 118 -115 -114 123 -111 -120 126 125 -107 -91 -78 -90 -116 -103 -105 120 127 -112 -123 127 -87 -124 127 122 -115 -124 112 127 103 100 29 101 -110 119 -99 127 97 -94 -94 107 125 102 -122 -118 -60 -122 -125 126 -100 102 -105 116 -76 -118 123 124 -101 84 123 105 92 -128 125 -113 -126 109 -116 -122 -124 -112 120 103 103 -88 99 -63 84 110 -114 -105 104 -83 111 -101 -107 116 -119 77
111 95 117 -116 97 93 101 -125 112 -122 115 100 -125 123 -121 101 127 -126 125 89 105 85 66 -127 125 117 104 100 99 -119 109 -127 126 125 112 107 112 -120 -119 90 -115 109 -123 120 112 117 113 123 122 117 111 95 -121 98 96 84 69 -122 -121 90 100 72 98 -120 115 86 70 113 111 103 -113 -122 -109 113 110 123 112 103 109 103 -118 -97 92 83 -128 85 -128 -117 -119 -115 86 109 -117 -127 122 77 125 101 -103 118 -121 -121 112 123 118 101 -101 -112 105 -101 -116 -116 95 86 104 98 120 113 -104 -112 112 84 102 89 89 79 107 70 115 120 126 -127 116 116 -119 101 127 110 97 69 114 -128 76 94 76 124 125 -100 -116 85 52 -109 98 87 -110 101 -110 83 127 114 98 -128 107 113 105 112 -100 100 82 124 116 77 104 108 92 99 -82 -104 111 123 -113 121 -123 -105 114 125 93 83 -121 69 123 -121 -128 112 94 115 86 114 98 -117 108 79 93 -125 74 102 -117 115 105 108 61 127 110 -127 119 97 -128 113 -106 108 106 91 96 81 93 108 -114 93 107 -108 -125 -105 93 113 114 -118 -120 101 106 103 -123 105 76 125 84 -106 -123 -105 102 93 125 -116 -103 96 85 98
126 102 127 -118 -104 116 -61 -98 -77 100 -124 126 123 -66 81 118 -114 -75 -109 118 -122 96 123 -113 -101 117 -87 -87 -93 -96 -121 -117 -94 -108 -99 122 -126 -88 -108 -111 -115 121 -116 115 -103 -85 106 -103 -109 -106 -127 -119 -99 -103 99 -93 -102 -89 113 -123 -108 -81 126 -124 -99 -120 -101 -97 -105 -88 -121 -85 -93 -120 -89 -100 -62 116 -92 101 -91 -126 114 -99 -111 -78 -125 -80 -79 -102 -118 -120 -103 108 -98 -104 -118 124 -68 -104 -119 -127 -114 -97 -128 -113 -81 122 -115 -120 -85 -104 -58 -118 -120 -117 -81 -82 -103 -84 -110 -99 -116 -106 -128 -120 -112 -90 -121 -124 -114 -124 -122 -102 -115 -101 -74 110 -116 -107 127 -81 -112 120 -128 -125 -124 -90 -112 -101 124 -105 -117 124 -114 -80 -105 -120 113 -72 -95 -102 -101 125 -111 -117 -111 -101 117 -127 -83 -120 -115 -119 93 -114 -87 -84 -100 -102 125 -99 112 -112 106 -57 -93 -114 -99 -112 115 -107 -89 -121 119 110 -124 127 -123 -106 -100 126 -122 -127 -112 -119 -121 -77 126 125 -127 123 -68 -95 -101 -106 -88 -108 -77 125 -81 -119 96 112 -96 -89 -84 -75 -124 -100 -105 -122 -74 118 -95 -118 -82 -111 -108 124 -114 -97 -106 -122 78 -78 -101 -108 -97 -119 -113 -90 -97 -123 -104 104
97 80 127 -112 109 86 97 76 -92 102 95 106 117 -125 104 73 113 125 101 -113 68 102 -110 106 111 121 -115 87 96 122 107 119 111 -100 -126 -113 102 102 103 -69 118 -102 93 95 118 96 69 98 -106 124 104 107 111 82 94 -96 110 121 70 -114 104 101 -123 126 116 118 113 -111 -121 114 74 112 -114 106 119 109 95 118 98 -118 126 92 86 121 122 -91 58 -121 98 95 -110 99 103 -124 -108 -127 83 78 -92 78 107 99 -115 -117 103 123 113 -118 110 122 114 113 -117 111 111 97 91 100 121 107 -99 122 -82 106 100 93 126 119 114 114 -114 102 125 113 101 110 115 106 96 100 -110 105 -122 122 122 120 91 124 122 120 91 121 108 -125 63 99 -114 116 105 -126 101 -121 105 109 -109 -118 97 106 116 104 -121 72 120 -115 -104 -109 90 103 -100 108 102 -123 100 -121 83 -118 -112 116 108 87 84 123 87 -99 93 -125 123 123 78 115 -110 102 112 108 -122 106 -92 120 94 113 -126 117 83 123 118 104 -103 95 111 71 -98 124 121 116 93 -115 102 85 -123 127 81 101 126 118 96 94 -127 90 98 72 98 78 -119 114 93 93 -100 122 -121 -118 121 -128 107 -108 84 117
-115 99 117 111 -110 80 112 99 -70 86 -123 93 86 -102 -119 83 -100 -127 107 114 85 -118 78 110 115 112 103 -120 -113 -128 110 105 -121 96 99 112 106 -85 107 -126 111 103 95 114 -108 93 100 121 120 -114 -117 -124 102 -115 97 -117 -111 -118 124 113 -97 126 117 122 -128 72 -124 126 115 123 -113 -122 -126 109 100 -107 103 127 -117 -115 124 112 90 115 -115 87 -111 114 122 94 107 103 125 124 -125 119 115 -118 -115 105 107 109 -127 -109 88 -128 -94 127 90 101 47 -120 -125 82 120 104 -128 113 102 -124 121 125 -123 -112 115 110 125 92 112 121 -126 110 116 118 -124 123 -126 86 103 101 109 96 -127 -128 117 124 -93 97 86 119 107 127 120 -99 102 126 105 97 110 -123 78 120 -108 65 110 -86 102 110 -113 110 109 -128 119 121 94 -123 -114 -119 -119 123 123 -103 126 113 106 109 102 110 -124 -113 99 127 -120 96 86 97 91 -119 94 -120 -72 -118 99 83 108 57 -119 98 108 101 -119 -107 -108 -95 -126 102 -124 -122 118 78 -112 115 124 -118 45 -128 102 -122 96 127 113 120 -123 122 -123 106 89 101 108 85 92 82 -126 -122 -115 124 -125 111 125 94 90 -113 127 99 95 92
88 94 105 96 -109 -126 112 107 -111 96 81 114 74 -114 122 71 112 119 108 76 -113 108 107 105 97 94 -112 124 101 -125 93 103 -120 105 90 90 121 -101 124 124 77 97 -126 127 -117 110 92 90 -102 -109 105 -123 106 -109 115 -105 63 116 -123 77 103 105 86 93 108 103 115 127 111 88 -122 120 123 -101 -126 116 107 97 122 103 117 84 -123 107 110 109 -120 -83 107 -105 -114 120 -123 108 125 -114 106 68 -101 -113 109 -128 108 111 -117 116 -120 112 89 -112 70 99 115 103 113 104 110 -104 126 -111 -126 -109 -120 -120 99 -118 109 120 102 94 113 -112 -122 95 104 -122 -104 102 -128 101 118 100 127 106 113 124 78 118 -112 64 100 -123 -128 121 88 91 114 -108 126 119 106 102 -102 114 97 125 80 102 -125 121 102 89 94 116 101 76 -128 98 -101 120 85 123 -108 84 116 -124 -125 -128 127 -109 -112 125 -111 -121 95 114 -113 114 106 118 115 -125 83 -119 127 106 85 -116 76 104 103 110 127 127 -122 125 109 -103 123 110 -116 96 99 127 123 106 97 119 112 95 92 -127 -113 108 120 122 -120 96 -119 67 91 -92 -122 -111 -122 109 126 122 99 78 112 -89 98 126 -112 105
-122 -120 -128 -110 122 105 -128 86 -94 100 -113 111 96 -112 -127 108 -126 -82 -116 81 -120 116 87 120 -110 -104 -93 102 -127 -106 119 -116 124 -89 85 121 70 110 124 71 -104 -105 118 96 122 -109 -122 -111 127 121 -101 -94 -118 120 -113 -127 -112 -90 124 104 104 -116 123 -112 96 94 -120 121 121 71 -92 -111 -121 -111 -89 -104 -113 105 -128 -111 -124 -101 96 -99 119 107 92 -93 -123 -127 -113 -128 -96 -128 -108 102 -119 -122 -110 90 -117 -128 -114 117 -117 -127 -85 -100 -111 107 117 -110 -120 -122 -113 108 -128 -94 -85 -118 -114 96 103 122 121 100 -107 -127 117 97 -127 109 -124 -115 -118 114 -101 92 110 -112 -116 -97 -107 123 101 -127 -100 -114 123 65 115 -108 122 -110 -89 118 -98 77 -104 119 -118 -120 90 104 112 113 114 -92 107 127 -128 113 -120 110 102 -96 103 -75 -83 109 123 104 -112 -127 102 100 119 100 -103 -93 -73 119 -124 -99 82 116 84 119 -111 -110 118 -112 89 -117 122 117 -83 123 113 102 118 80 -94 -95 -110 -120 -113 -118 -85 -124 101 -110 118 96 101 104 -91 127 104 103 108 118 -116 118 -122 -128 -94 126 84 106 -121 120 -128 108 111 127 -120 -113 -122 -111 -111 -115 -113 103 124 103
90 100 116 -112 83 88 105 126 -127 115 109 127 98 -115 107 94 118 -124 -128 126 115 71 71 -94 122 110 -124 110 74 126 96 117 105 91 82 103 86 89 127 97 93 -116 121 126 -107 126 86 -110 -117 107 89 115 100 114 -121 119 110 -113 122 -117 127 98 103 80 74 86 123 123 -107 95 -113 124 -125 -124 106 119 88 -124 126 -100 69 103 99 -107 83 -125 -114 123 89 91 72 97 122 -111 95 95 114 127 122 109 122 100 116 109 105 96 119 92 61 107 102 111 101 111 112 113 -118 -127 -125 112 -102 92 81 92 109 119 91 76 90 98 107 95 -125 102 107 76 119 -126 109 110 90 109 78 69 80 121 112 95 88 117 -124 122 103 111 80 70 76 80 46 101 93 -91 85 86 118 125 -124 105 108 -120 112 -120 92 87 -128 125 -114 118 -95 -122 118 122 -106 86 111 103 96 110 123 94 65 88 -123 122 91 120 106 73 98 123 66 -123 74 122 75 84 97 -127 81 106 106 114 -126 113 -109 56 78 -124 116 113 -111 96 91 88 97 87 121 -124 82 124 89 118 107 -128 108 71 102 67 104 89 124 114 88 105 78 -123 -122 -120 -117 119 -124 -126 122 99 115 107
74 57 101 102 114 118 80 65 104 113 94 90 86 89 74 49 111 114 113 68 88 96 52 72 61 85 75 89 68 117 93 47 98 101 100 99 64 116 75 93 96 57 125 70 78 84 -125 93 103 99 81 108 91 107 71 106 87 97 106 82 119 58 94 69 -127 64 111 69 95 51 93 -121 106 95 65 116 103 85 99 104 50 91 91 84 103 100 92 113 85 81 93 94 81 72 92 104 65 104 116 89 -111 62 116 87 80 73 102 83 84 97 80 121 118 102 77 73 105 108 98 98 81 62 88 -118 72 92 96 52 74 71 92 69 83 76 54 74 108 83 73 80 81 67 105 118 71 66 86 80 99 63 72 82 84 116 110 103 124 70 94 68 106 96 73 71 77 122 86 70 73 86 66 97 87 118 89 100 59 73 102 95 75 72 73 87 60 109 78 119 104 106 116 41 107 75 66 80 47 126 63 95 63 65 71 89 50 87 96 85 86 72 104 59 106 119 78 56 61 90 114 92 100 78 48 99 76 81 103 107 51 107 100 96 105 67 88 111 96 90 86 63 114 88 94 110 80 69 111 82 114 84 58 95 80 75 70 70
103 117 111 -107 -125 -103 -124 112 -125 105 104 116 -102 -118 83 78 111 -105 -121 -124 -101 -113 91 91 -109 -115 121 114 -90 -88 -126 -100 122 -96 -98 116 125 -102 -119 85 -126 124 126 101 -102 -121 -92 -128 -93 -113 -57 -97 -124 -115 -115 -108 123 -105 120 84 -115 107 113 -79 -83 124 -100 -82 92 -100 120 -86 -68 127 -117 -110 101 -100 -117 -115 -75 -110 85 -105 -97 96 115 102 126 -118 97 -80 -92 96 -127 108 112 -116 -72 104 86 -128 -122 114 124 -88 -87 -111 -99 120 126 -100 -114 103 -114 102 -89 -117 -107 -119 123 -114 109 -113 99 -108 -125 108 109 84 -68 -111 -87 106 -85 -108 -89 113 118 -111 -117 113 122 -118 106 -84 125 116 -120 -114 104 -106 103 -77 -123 86 -101 124 -105 -111 111 -111 -101 119 125 126 -117 121 99 -118 -125 97 -98 105 -121 -128 -117 -107 124 -123 95 -106 100 -121 104 -114 -120 110 -113 125 111 -100 -102 -90 104 -105 72 -92 -106 -104 -100 -113 118 120 107 106 -108 116 87 95 -118 125 -97 -115 -111 125 -103 113 -100 124 -109 127 104 -121 107 -123 -109 -111 104 -103 120 -86 -123 119 -101 123 -104 -120 109 -128 111 111 -91 -102 69 -97 -101 -122 -116 -115 -120 -112 -104 105 73 117
85 92 76 99 -108 -102 -106 119 -120 99 116 106 107 -103 114 87 124 119 77 97 -106 102 109 108 113 93 109 -90 80 -125 -127 -124 116 111 102 109 86 -112 120 115 125 113 113 107 122 115 90 112 -120 115 99 116 120 -114 -117 109 -126 -109 123 113 117 99 122 123 98 95 80 113 126 90 -109 -123 -88 -92 -122 -119 101 125 85 111 117 -83 102 -118 91 103 98 -127 118 -107 108 115 -112 120 97 86 106 -111 -128 103 -127 120 126 123 89 110 -92 101 124 113 108 126 96 123 110 78 111 -99 -120 -123 -100 104 115 117 107 -101 90 -124 120 97 -122 115 -123 105 107 74 -127 87 111 123 -117 -125 107 70 87 127 95 99 101 119 76 125 -122 125 109 108 94 121 100 115 -120 -111 85 -123 114 -109 -99 -125 94 -125 54 102 118 124 110 108 124 99 -118 -114 78 -125 100 93 110 98 97 104 85 127 114 98 95 -128 126 -96 113 -124 87 121 -123 -113 98 -118 74 113 118 101 93 117 95 107 123 124 -120 103 110 -126 120 110 -81 103 105 92 -127 69 65 127 77 -123 120 106 114 -115 93 110 -114 110 109 96 117 -104 106 124 100 -125 113 124 -128 88 117 110 121 94 127 104
82 74 118 122 118 117 -126 100 95 123 112 -123 -118 83 73 91 120 123 116 121 93 -119 109 74 111 109 61 117 94 113 -107 -110 92 100 105 -126 78 101 59 71 -123 -116 104 123 105 113 90 119 102 107 89 103 56 79 101 -125 105 85 -122 63 105 110 118 94 114 117 -126 86 88 64 78 -122 102 109 91 -123 105 123 104 -109 92 121 116 107 109 96 -127 120 -121 -120 98 82 110 113 88 72 113 111 98 94 91 123 125 -107 113 114 95 110 119 109 94 111 -103 111 88 101 66 80 118 61 88 100 -121 84 86 88 117 98 62 76 -118 102 99 113 -123 109 60 74 119 109 96 109 -117 118 96 114 65 124 80 102 58 108 127 -126 75 66 -119 101 114 102 116 76 102 90 -98 -125 83 -119 103 95 -127 102 -127 96 127 -127 107 122 -106 100 118 94 76 108 46 114 110 83 -124 97 -122 121 49 -103 41 99 57 104 69 111 122 86 81 89 101 100 87 -125 74 90 78 79 95 -122 117 83 -118 117 116 117 -119 122 120 69 94 94 -102 94 112 96 83 111 93 99 100 107 -118 120 92 88 -126 109 60 -124 46 84 -122 69 112 -103 123 -100 -104 -117 -104 69
126 118 -113 -126 -104 -113 -86 -121 -91 127 -97 -109 -126 -85 -102 -121 -69 -78 -105 -104 -111 -93 -113 -76 -105 -118 -111 -79 105 -112 122 -119 -115 -122 -118 126 106 -43 -94 -100 -128 113 -121 -122 -85 -106 87 -95 -73 -98 -86 -127 -99 -102 -102 -97 117 -76 -111 -123 -112 -93 -123 87 112 -118 120 -85 96 -108 -113 -94 -70 -112 -90 -95 -90 -120 -102 -114 -73 -75 108 -105 -123 -96 111 -115 -77 -111 -128 -114 -88 -103 -109 -58 -89 -112 -115 -112 -110 -107 106 -59 109 -125 -87 127 -123 -104 116 -93 -89 -113 -126 83 -94 -66 -109 -34 -58 116 -108 -117 -128 -77 -114 121 -114 -106 -124 -122 -105 -110 124 -123 -39 111 -92 116 115 -116 -84 -98 126 -106 -91 -100 -78 -98 116 -94 121 125 -126 114 97 -126 117 -94 -109 117 -101 104 -117 -78 -59 -100 -104 124 -120 97 -103 -128 118 112 -112 -122 -68 -124 -120 -87 -90 98 -110 -97 -91 -118 -124 119 -116 -115 -56 -97 -69 -110 -105 -109 82 -94 -106 -58 -107 -125 117 96 -119 -108 110 -85 -90 -93 -103 -87 -96 -116 -88 124 -104 -116 -82 -114 -124 127 -122 -109 -98 -121 -121 -118 -119 -96 -120 -79 -103 -118 -120 -105 -99 100 -94 -84 -121 -92 -118 -79 -93 -97 -94 -122 107 -102 -98 -113 -116 -106
84 91 90 122 63 77 108 49 106 105 78 73 101 -121 68 99 89 116 104 101 100 98 66 100 -116 99 90 116 -128 109 104 71 100 70 62 45 111 103 119 73 100 77 57 117 82 79 95 82 95 98 104 110 114 106 110 111 -119 119 62 101 115 65 44 105 90 98 115 71 101 105 73 -127 104 80 93 -106 105 101 76 104 87 117 76 106 101 116 78 -106 92 -119 115 97 76 119 122 74 101 -121 117 95 80 111 107 116 97 102 118 93 58 -112 90 112 -123 94 99 109 97 99 112 112 107 112 91 80 76 53 86 119 79 115 91 57 110 104 88 88 -123 89 66 61 64 69 70 82 58 74 88 -112 112 95 99 118 78 -124 116 121 127 -125 103 45 -126 82 111 105 98 93 110 75 92 86 110 118 86 73 77 -126 100 96 127 -119 92 100 104 112 99 98 119 107 90 96 56 90 112 127 65 101 89 107 92 99 93 94 101 122 53 103 89 90 115 85 124 54 -118 99 100 104 106 101 -113 59 122 84 87 105 73 127 -127 -119 -128 99 61 81 97 -117 116 83 126 60 119 84 -126 84 116 94 107 100 93 52 -125 89 84 126 -127 105 125 112
75 77 87 102 73 86 81 53 -112 78 115 117 92 -118 68 90 50 111 74 79 71 101 77 127 120 86 88 93 98 58 108 55 103 93 60 124 106 121 103 86 103 78 84 93 64 77 47 107 127 63 82 97 99 86 105 99 87 64 63 60 100 110 94 73 77 70 82 92 91 99 78 83 92 62 121 101 79 -126 76 48 100 101 86 113 72 -97 76 91 56 -116 97 91 92 81 103 90 -125 82 121 66 58 125 84 100 95 98 81 75 69 103 55 107 60 -118 88 57 116 119 102 87 126 96 92 72 103 103 119 73 68 72 107 45 49 119 37 55 -110 61 72 29 62 106 95 85 56 84 84 -123 86 71 75 89 104 95 78 74 86 81 66 71 114 70 96 107 90 94 104 95 74 65 79 75 108 91 78 106 -125 92 117 116 54 97 77 91 82 90 84 67 107 68 62 91 103 68 98 102 72 67 36 102 109 79 57 95 60 103 72 121 60 85 97 98 99 113 56 94 119 102 120 79 120 125 119 87 84 84 99 101 105 82 87 67 118 82 87 31 114 64 61 76 76 82 105 63 110 102 81 70 69 98 97 92 66 79 94 102
104 100 -124 -88 -103 114 -103 96 -88 -107 -107 126 -121 -102 126 -112 -98 -102 -118 -113 -94 -103 -99 -92 -92 83 -115 -111 -79 -119 -94 -103 -127 -126 119 -128 -72 -111 -107 -127 106 111 123 -98 -119 -117 -125 -107 -103 -123 -105 -128 -106 -73 -113 -111 -105 -86 115 -90 -125 100 -100 -115 -119 123 -110 123 -116 124 -97 -107 -81 -118 -126 -119 -110 -111 -113 103 -109 -90 -99 -94 121 -105 -117 -125 89 -91 114 -100 -111 -113 -128 104 124 -104 -99 -112 -105 -106 -103 -109 116 125 -81 -108 -117 -111 -117 -84 -110 109 -77 120 -111 118 -113 -94 -86 -78 -125 -114 -111 122 -127 125 -99 -125 -93 116 -112 125 -94 -105 -87 -113 111 99 117 112 -118 124 123 -119 125 125 105 -119 75 -101 -108 -105 -125 114 125 -88 101 106 -64 -112 -124 109 -102 -93 -89 126 -54 -97 123 121 -101 110 -97 -109 -92 -91 -103 -105 105 -128 -104 123 98 -113 118 119 -97 -126 120 -117 127 -95 -102 126 117 -75 -122 -90 -92 -83 117 -121 106 -116 -112 98 -121 107 126 120 -93 -109 -110 124 -105 -108 -106 117 -76 -93 -111 -92 -116 -115 127 -105 -117 -90 -127 -113 -91 -109 -91 -109 122 -105 -119 81 106 -120 80 -119 121 -91 -78 -62 -73 -121 111 -125 -62 91 107 100
75 74 80 -120 98 106 89 35 97 107 102 75 114 91 82 70 119 -114 109 81 113 92 93 78 123 86 116 127 117 125 82 91 118 113 109 119 86 93 71 89 105 92 104 89 -120 77 88 88 115 108 -99 89 106 102 120 114 -127 -112 107 93 61 111 120 102 111 -107 108 123 127 95 117 98 119 -128 117 -122 114 102 108 82 -123 107 102 80 91 85 70 -121 106 123 -122 125 118 93 113 66 60 -128 -118 117 112 82 103 101 120 108 99 -113 97 84 100 79 -119 -118 98 86 123 95 112 -114 99 110 113 97 106 109 84 126 106 105 86 99 124 103 95 125 -120 90 82 -119 99 96 104 71 111 95 86 -122 114 -123 79 126 76 85 -120 109 -114 86 92 67 114 -118 97 81 99 -127 74 84 99 120 117 100 -124 109 67 108 113 -125 119 101 88 -114 74 104 63 108 95 110 103 83 97 111 112 70 111 87 109 113 102 119 103 83 101 116 108 88 93 84 107 121 84 93 108 -122 120 108 115 113 116 88 -126 90 68 121 -124 111 92 107 84 115 -122 90 -126 88 -124 104 -124 56 124 110 90 121 124 113 84 92 127 -118 -126 97 110 -122 120 127 105 114
104 119 94 106 111 80 99 -125 117 127 100 -117 59 123 115 119 -128 103 75 -123 99 -123 126 -117 -125 59 61 -117 123 -115 97 122 104 87 -122 83 103 -127 92 121 -120 116 80 53 117 112 98 91 110 105 -107 114 99 121 100 96 114 116 89 98 78 84 79 -122 91 115 98 -127 79 126 113 106 109 85 73 89 68 91 90 87 -118 120 67 102 84 94 72 -127 106 103 95 95 118 108 104 -116 104 98 -108 51 88 -121 -127 80 105 105 119 87 92 66 111 119 106 105 92 75 106 117 104 -128 124 71 104 111 114 -127 76 120 93 97 112 83 120 116 104 122 120 90 116 72 116 102 -124 65 122 92 113 108 118 -128 102 -119 84 106 89 76 60 112 104 -119 120 120 126 104 100 113 102 110 81 -119 121 113 120 -88 91 104 -127 -123 -102 105 107 113 125 85 91 46 -124 83 104 96 82 106 125 90 -126 88 95 90 101 -115 85 101 83 95 75 102 -109 -126 125 75 92 -121 93 126 116 111 100 109 -115 86 -116 -113 89 -128 36 90 114 120 119 127 110 -121 103 106 104 83 120 66 75 72 94 60 -107 104 -122 110 -121 -113 97 123 124 122 -96 54 101 122
94 98 -126 -111 117 119 81 71 -121 119 114 60 109 77 -127 95 103 109 79 115 111 64 69 94 101 100 108 71 90 -123 -107 -124 120 96 -124 90 108 -126 -126 121 -102 118 117 -97 -121 86 94 -123 91 120 71 106 -106 123 101 106 102 -121 83 108 91 -123 94 91 92 104 122 124 110 55 107 100 103 -111 110 -110 69 72 102 111 -123 111 109 126 118 112 -63 119 119 125 -106 101 -118 81 115 81 100 106 110 111 124 115 -111 125 106 82 120 115 117 85 109 101 127 89 118 112 74 127 -123 -128 99 -108 120 104 76 100 85 113 103 89 101 93 109 -119 -122 99 101 94 100 93 88 78 123 89 93 90 75 114 81 95 91 114 121 119 113 63 121 105 96 78 66 115 73 41 94 119 70 108 -126 126 82 98 101 -123 83 100 94 117 -120 89 87 122 116 83 72 114 74 88 98 85 91 127 82 -123 87 97 88 -112 86 120 96 109 78 117 84 99 102 107 94 95 107 104 80 -123 126 103 84 85 121 112 88 113 76 107 122 95 -119 95 -125 79 84 116 113 95 111 104 -124 58 77 70 -127 86 99 70 103 121 113 115 -119 84 97 -91 107 107 -109 75
101 86 -107 121 -125 127 96 67 85 64 112 95 -126 -128 102 100 -111 -113 95 116 122 78 -120 -128 -121 103 127 97 117 119 95 94 92 105 116 105 79 -127 115 93 120 101 117 78 95 118 127 102 -85 122 118 122 110 110 101 102 121 -80 118 107 106 -108 103 94 103 86 112 97 96 118 -123 -119 113 92 119 96 113 98 97 90 106 -125 97 104 68 79 108 102 105 105 127 -124 -119 -127 118 120 125 -123 -111 106 104 123 84 -108 121 125 90 93 102 -121 117 -124 -126 98 120 -112 -128 112 122 -120 -100 -127 97 102 119 104 97 94 -112 -119 102 65 -128 82 -117 87 117 95 120 97 96 85 115 123 115 118 119 112 120 78 103 127 90 118 -113 -126 105 -118 124 83 116 -126 -108 77 126 96 -104 102 88 79 122 117 84 95 98 83 118 -112 -108 -127 -127 125 89 -122 90 -125 121 69 120 118 121 127 113 113 117 -122 93 112 79 -121 71 127 101 127 94 88 -123 91 69 121 71 101 -80 107 -126 85 103 -112 108 107 -123 102 109 112 102 108 123 -117 82 -125 124 92 117 93 -118 116 -128 109 127 101 103 88 -114 -127 84 115 -118 -115 106 66 85 127 122 77 112 90
99 98 -107 85 116 81 104 79 118 -124 107 93 117 110 -125 -123 100 -113 124 -120 -112 -112 100 116 -120 115 101 109 -124 -63 -120 96 -122 122 120 -125 94 -110 -121 -119 91 120 -124 -113 -124 98 -122 118 -94 -116 117 -118 -98 -104 -107 -117 104 -84 -100 106 116 99 -118 121 116 -87 82 105 120 127 -117 110 94 -124 127 -125 113 -127 -117 127 124 120 92 -95 108 95 -119 117 82 -122 -128 -122 -120 119 103 -111 98 -120 -123 108 -122 127 -116 101 123 107 -127 -123 83 101 114 -112 122 127 120 118 -116 -107 -114 121 -123 -95 -95 -128 119 101 113 -103 -92 103 -112 -118 125 121 121 112 -124 90 124 79 113 110 -99 72 82 127 -112 63 125 92 112 -108 123 -121 -98 121 -122 122 109 100 103 -114 126 111 102 -107 91 94 -127 123 105 103 96 121 123 -110 118 125 -117 -115 103 -113 97 117 -119 114 124 -122 -105 126 -93 124 -116 113 80 107 79 105 100 111 94 -126 127 113 102 108 112 111 80 110 70 103 -107 -104 114 107 112 127 -122 95 -66 102 116 93 83 108 -125 122 102 -84 108 104 76 99 -104 -119 103 119 -128 101 102 -123 -115 102 100 111 -107 -120 -122 -109 100 -100 122 119 -128 106
25 31 78 98 50 83 42 58 66 74 5 75 29 62 64 12 76 84 54 39 75 55 97 32 65 27 86 90 100 68 76 48 64 64 66 18 53 73 72 42 56 54 57 50 78 62 102 23 80 82 85 63 63 76 72 70 58 91 48 63 80 42 84 84 115 74 40 57 59 75 82 60 101 59 71 45 56 62 51 84 57 69 66 36 80 61 48 64 49 85 44 74 91 74 71 56 81 96 86 33 66 44 40 99 76 74 71 65 83 42 36 32 77 38 102 40 67 30 92 65 61 54 -4 68 50 59 59 50 94 68 101 76 62 62 88 53 79 50 51 47 60 63 74 87 34 78 74 12 42 93 49 58 76 65 89 87 49 70 51 76 39 84 84 76 84 49 69 57 62 54 51 64 95 16 62 56 63 88 95 34 45 97 53 70 25 31 66 63 67 96 97 43 58 76 80 28 23 60 70 70 78 79 59 44 80 18 46 65 55 83 64 32 78 77 95 32 77 61 85 84 79 68 50 41 13 56 61 81 52 75 92 58 53 50 85 73 64 76 59 89 67 78 38 53 48 61 72 78 82 37 42 77 101 54 77 52
114 93 -125 -126 110 71 -125 -122 -113 88 77 118 74 111 85 72 113 -112 104 122 87 102 95 119 -118 109 123 -117 101 112 -112 105 119 82 91 96 95 88 87 113 86 105 82 107 107 -114 91 97 106 -127 84 122 110 89 -122 -95 105 -121 91 90 -125 88 96 123 -110 87 117 100 -128 101 79 -128 122 -127 107 106 107 104 81 127 95 91 80 -101 -96 104 81 119 94 127 105 -118 -120 62 95 112 95 108 -103 95 114 122 -112 102 -122 125 109 -121 105 90 84 89 121 105 120 103 112 110 98 92 91 61 97 -110 126 95 89 -126 70 85 112 104 90 104 125 92 114 83 68 73 -128 96 -99 119 98 117 -114 119 94 94 -119 122 118 -111 103 81 -118 119 96 99 107 -116 114 109 118 77 58 85 111 127 82 122 121 114 87 120 118 -106 124 126 101 102 80 -105 80 80 114 100 125 113 103 92 112 100 83 101 103 -114 71 105 -122 78 103 110 60 -125 -127 88 -115 101 88 120 115 102 112 97 115 93 120 86 121 125 78 106 64 88 -117 -120 104 -111 99 114 -126 83 120 81 98 93 82 121 104 112 116 -95 119 111 114 100 99 127 -128 127 86 113 66 62
92 83 -120 -118 106 -100 86 123 -125 115 -113 87 90 88 94 83 -108 119 103 123 126 85 102 97 121 119 117 110 -128 120 126 -106 121 -102 122 100 101 114 -85 -117 -95 -92 95 124 104 125 88 -87 -90 100 81 88 -105 -125 66 -87 108 -110 113 99 112 103 126 119 121 97 88 117 -121 98 106 -122 -109 -118 -97 114 -107 109 -128 -117 -128 123 80 -109 -118 89 -123 -125 109 104 105 118 -116 127 -101 -117 125 99 -126 -109 -119 89 85 -124 103 -123 127 111 103 110 103 116 89 110 80 104 111 -103 115 -97 -103 124 -92 -112 -126 109 82 106 105 89 -104 109 106 -123 121 116 123 110 113 113 113 122 125 63 -91 -109 110 -125 120 93 -127 111 -118 97 112 53 -120 87 58 87 -109 119 114 104 117 79 120 123 -119 -124 114 83 127 98 105 -109 93 102 111 119 101 -108 -127 82 89 -128 115 48 119 124 109 -99 77 -84 124 -105 105 111 79 87 -112 -102 -123 122 84 110 -102 -111 85 81 104 98 124 91 -105 125 115 -105 81 88 -122 -109 110 -119 103 84 107 -107 96 112 104 85 125 93 106 111 -121 110 -98 101 114 -111 93 111 89 111 -103 114 121 102 -119 -112 98 115 -116 71
127 -125 125 -100 -120 103 121 118 119 109 101 99 -122 104 -91 116 -115 -118 -127 106 92 85 100 123 -106 118 -114 -125 123 118 105 -118 103 110 118 113 93 -93 103 105 -125 120 116 115 118 110 89 109 113 103 113 121 -113 121 97 116 87 -108 -125 120 110 116 94 111 -103 122 119 96 121 108 -112 118 -118 117 125 110 -97 116 -114 -111 -126 105 124 109 -113 122 127 109 106 -119 113 115 126 125 107 124 -102 -94 123 82 -108 113 75 -128 -104 124 108 118 106 118 40 -115 -118 -118 83 107 -121 -127 -91 -128 121 82 96 113 -116 97 121 106 105 -126 118 121 101 106 122 103 -120 84 78 96 126 119 -125 95 106 119 107 126 89 91 83 118 -114 92 94 -106 -115 125 89 91 113 -127 95 -118 105 123 103 -124 105 -107 92 109 82 -69 92 -125 124 -111 -82 92 -120 123 123 79 85 61 -118 109 104 -118 -110 107 97 -122 -115 82 111 -128 76 125 -124 -126 101 110 95 -123 92 115 115 100 104 121 125 -119 74 96 126 103 109 119 -122 -120 83 96 106 124 -110 -110 120 116 -118 -123 120 113 -125 -102 -124 110 89 96 107 107 124 117 -110 -123 -105 -120 -102 110 -122 124 113 76 113 94
126 70 -116 96 -95 115 106 118 124 118 116 117 69 -108 105 116 -119 89 107 87 -126 111 82 101 110 126 100 -122 121 117 118 -126 104 -127 98 106 54 -92 117 -87 86 71 109 101 -97 -128 79 -123 94 -114 111 99 115 119 122 -101 106 105 98 104 96 111 93 88 61 116 127 123 109 110 123 -127 122 105 116 124 112 112 103 119 97 -116 102 -128 105 127 103 -90 123 111 -127 103 -127 97 105 121 118 82 -126 116 -114 -116 108 120 127 115 123 100 94 100 86 70 98 111 -82 93 106 -99 -128 127 -125 126 -118 114 81 105 72 -126 77 88 126 106 -120 81 64 114 -99 -112 112 -116 125 -126 -106 123 86 94 83 -118 117 83 102 113 108 -104 -128 91 98 75 126 102 121 -107 118 114 127 108 106 112 81 123 110 95 109 -115 88 126 106 100 120 110 108 109 127 111 104 -123 102 108 -127 120 120 -115 123 -126 101 120 85 92 55 115 -102 -121 81 126 58 94 116 -112 120 70 -109 96 86 -98 125 93 98 -113 -126 42 109 107 111 -110 -117 80 -127 123 88 123 -128 -108 104 75 -112 82 92 77 105 99 127 -105 105 -128 92 -126 121 -90 111 114 120 -118 -112 101 125 95
102 98 -89 -80 -115 120 111 71 -91 121 125 94 -115 -85 -85 103 -88 121 82 -100 108 85 118 113 -122 -128 114 -125 -89 108 118 -80 102 -111 102 117 94 127 -111 105 114 -119 113 57 -115 -119 95 -80 -101 125 -127 113 -119 127 -127 -121 96 -101 108 107 115 86 -126 -94 -110 83 -95 -105 -115 -128 -117 126 126 106 101 -116 93 86 126 125 112 -104 -96 -121 -115 95 110 -98 110 120 107 113 -128 96 -123 -126 112 -123 -86 -110 -107 -125 112 -123 -117 -117 -99 126 114 113 81 90 124 110 -107 -101 -89 -103 -124 122 104 -86 112 94 107 116 122 118 99 124 89 102 86 -117 -128 107 -115 94 -107 101 116 -106 -114 88 -119 -110 119 112 109 83 112 -106 107 94 126 109 -126 114 91 -124 111 100 -118 103 113 -115 101 119 108 -124 -118 -101 113 116 -120 -99 -127 106 122 119 91 100 -117 102 110 117 -120 97 110 -127 91 110 117 121 59 115 116 101 86 109 -88 113 97 127 104 107 -108 125 106 92 119 -122 -95 107 -128 94 -118 -88 -113 94 -107 119 116 -84 109 99 -127 -89 97 114 121 122 114 120 -77 97 97 101 119 114 -108 101 -121 -120 -121 89 -113 -87 -93 103 -82 -116 -105 103 118 116
95 102 99 -116 109 116 -109 98 101 95 80 90 89 108 58 57 65 93 98 95 101 112 109 95 118 88 119 93 115 109 121 97 120 113 82 89 99 91 95 108 63 -127 87 119 -121 -128 45 115 -110 97 85 99 87 -119 83 -111 101 120 -115 71 97 78 62 113 56 76 112 -110 109 108 124 -125 115 87 97 102 -124 110 102 96 112 89 100 106 121 99 104 -127 -127 -121 97 101 119 40 79 105 107 99 112 126 123 111 121 100 112 -117 111 112 115 88 48 92 93 -128 81 116 90 115 74 111 99 -124 108 102 122 115 54 89 81 55 117 79 76 92 108 85 96 91 -126 109 -115 96 98 93 96 114 98 89 96 94 78 112 103 64 77 68 111 -116 111 77 111 92 -119 116 -114 99 101 60 -98 124 87 93 127 68 114 97 106 126 110 -113 69 89 111 70 61 92 57 52 89 -124 85 106 91 -122 94 97 83 112 90 95 124 120 108 107 89 90 113 117 73 102 82 42 -121 108 -124 58 126 120 108 69 125 122 72 93 114 90 84 -128 95 113 50 68 114 124 114 102 80 117 88 68 61 126 122 108 99 116 96 106 117 119 119 -114 -105 41 88 113
75 114 91 107 109 70 -115 87 88 -128 72 120 90 89 113 54 73 105 87 123 118 106 86 102 122 101 89 103 95 114 124 124 75 110 95 -102 83 116 101 -125 -100 -102 112 103 -102 123 82 104 120 -98 116 83 -104 112 79 100 -123 104 -113 79 106 100 -120 117 87 95 99 99 114 104 107 111 -127 -126 121 112 118 77 116 65 117 125 102 100 100 124 94 88 -115 -77 -127 82 94 103 108 -126 103 95 -111 118 103 92 118 -109 -116 121 -103 123 -119 90 107 126 106 96 96 92 -86 116 91 116 75 121 92 110 96 -119 -127 104 103 89 113 116 79 117 99 121 119 63 83 116 122 119 -111 103 99 121 82 -116 -92 81 86 94 -127 -121 95 102 101 119 81 95 109 83 106 70 109 -116 107 110 84 68 54 56 91 -128 -128 -118 69 107 122 84 72 108 53 95 67 83 113 -125 96 76 -113 -120 107 -124 51 -122 98 -105 97 67 -123 102 118 122 85 75 107 92 95 -118 92 -112 83 112 98 84 114 118 108 109 -104 68 125 92 84 94 117 109 92 127 109 124 -102 109 71 94 101 67 106 64 126 104 -113 113 62 114 108 121 -122 102 90 126 -124 84 -110 66
79 56 113 121 91 126 113 47 101 110 80 103 114 100 121 -105 104 126 112 93 -120 123 114 73 107 99 120 116 -128 -124 118 125 78 125 119 86 85 94 79 104 117 114 86 -122 100 93 70 79 123 68 109 -121 -122 108 84 125 96 -116 84 79 99 90 124 112 93 78 101 127 104 74 94 108 76 -113 -110 124 92 104 92 89 95 119 83 114 74 108 99 -115 108 -105 -102 93 -115 111 116 92 105 99 97 76 117 73 84 108 -92 95 126 -118 92 104 85 87 -126 -93 105 83 107 93 123 -112 95 113 115 106 100 107 119 118 -126 111 82 84 119 125 87 93 -102 68 100 79 73 81 106 98 119 101 89 -125 120 87 70 105 110 99 -120 94 82 116 108 57 -108 -127 -119 105 77 84 64 110 98 117 -81 -121 90 99 101 98 104 -95 126 73 56 109 79 97 109 96 93 90 106 108 -127 91 117 74 83 111 89 114 125 75 102 96 93 120 88 90 125 104 112 109 102 61 -127 113 110 98 109 100 -128 110 -114 103 102 124 114 105 97 121 118 118 114 92 83 80 80 85 71 90 108 103 115 110 101 83 96 124 113 -87 122 107 103 -99 124 56 -114 -105
109 120 97 -126 -125 98 127 -124 -103 -83 94 117 -125 -92 125 100 125 -115 84 92 -114 94 -109 90 -121 90 -101 127 -120 -122 -120 -111 -104 111 64 122 112 -102 113 122 101 -125 -103 96 -117 -115 122 -119 -97 101 -126 114 -103 -111 111 -121 -123 -112 -99 94 74 97 -107 -113 126 -117 80 -112 103 76 116 -112 119 120 -113 -110 -121 95 117 -120 -113 -123 116 114 124 -110 90 -128 -126 -117 97 109 81 122 116 119 106 -114 -113 -109 -91 111 -127 108 -109 101 -77 111 -116 81 122 -124 100 117 116 109 -123 -112 -124 124 127 -128 -120 -105 89 -123 85 127 124 75 -126 92 122 -113 -116 117 -97 93 74 97 107 -96 123 110 94 -127 101 -77 -124 114 118 -102 124 112 -121 113 118 113 97 -90 118 -125 91 -116 114 -97 78 108 107 120 118 93 -122 112 115 101 -114 125 -116 107 -95 -127 108 -113 102 109 78 125 -120 -98 124 -121 77 105 -104 86 80 109 107 -78 67 98 110 -112 110 -121 124 105 124 121 115 -116 -92 -124 106 78 124 -125 -87 -126 -87 -123 -123 122 115 109 -105 110 77 -118 -85 -87 -126 -128 119 110 -123 118 110 108 -124 -124 103 123 114 -106 -112 -100 -114 100 116 -117 -100 100 108 -122
80 103 -113 -101 -119 117 -86 118 -121 -98 108 -121 -109 -119 -92 127 -118 -109 106 -111 112 104 92 -115 117 102 -88 -117 -97 -89 116 111 -119 114 -85 126 -121 124 -81 84 125 103 -104 113 125 126 109 -119 -95 -126 113 -106 -120 110 117 -103 84 -94 111 120 91 111 -119 -116 -96 127 111 -123 -116 -120 110 -94 -111 120 -95 127 -103 108 121 104 -104 -128 89 -91 -113 -123 -111 115 112 -115 117 -128 -110 123 120 104 110 -122 -110 -101 -103 127 96 -90 -81 -108 121 119 116 123 -108 -93 -120 121 -127 -118 -104 -99 -60 112 123 -84 109 119 118 -107 122 -106 -121 113 119 123 -121 86 -106 -117 -107 120 102 73 -122 -122 -103 121 121 119 85 -123 71 -115 118 -65 -123 115 122 -91 -113 -111 85 -121 117 -119 105 -105 114 -69 106 108 -127 122 -107 -113 112 -127 108 113 -122 -100 -116 -128 126 122 -93 -127 95 -118 -111 127 -117 -107 101 116 -98 -116 118 119 -120 123 -114 104 -117 -111 98 -108 125 126 -114 -108 -101 -105 -123 121 -101 -100 -99 -117 -112 94 -110 -121 -108 121 97 92 121 -122 -106 121 119 -68 -99 -117 -117 -123 -115 112 -97 127 -117 -115 -109 127 113 -123 -113 -88 -96 119 -105 111 -111 -67 -109 -123 -128 116
96 64 123 -100 100 -104 -111 93 118 105 113 -108 -127 -118 -110 102 100 103 87 83 110 123 -123 -110 -126 108 109 108 111 -109 72 -100 88 112 117 91 100 -99 -127 121 127 -125 -123 -122 127 -100 123 116 -113 118 107 121 115 -121 -120 89 115 -89 92 116 117 112 -79 -114 94 78 119 115 114 112 -108 91 102 127 -123 -124 -126 -125 81 125 -110 -72 103 -126 -128 -101 -127 -82 111 -108 65 -123 -79 108 -117 -109 113 118 -100 80 -122 -118 -119 -102 120 103 -113 126 110 -117 101 105 -81 127 108 96 -111 110 -117 -114 -112 -113 83 126 84 102 110 98 -90 -126 -116 122 -106 -112 106 -102 -87 88 -109 65 127 -118 -122 107 -122 -123 75 118 109 100 104 117 108 -122 -125 104 126 -122 103 125 119 79 -111 111 108 118 111 89 113 124 -110 -128 119 88 115 88 103 -115 -112 112 75 116 -102 91 84 -110 -97 -121 -114 127 91 -98 109 123 109 103 103 -119 -127 103 -121 -122 70 118 115 115 -125 -109 67 -110 106 -101 -124 -113 109 117 123 -101 -112 101 127 -117 94 122 91 -107 120 -110 109 110 88 116 113 100 -110 99 -93 113 91 81 -104 -122 -122 99 103 -112 -126 116 -127 79 -112 -120 -105 76 -88 120
97 64 -100 112 108 110 96 104 -127 125 -122 -103 112 92 102 107 127 -92 98 120 106 115 119 98 -110 86 -126 92 78 119 -109 -107 90 -110 89 101 107 -127 123 -107 98 109 107 -77 111 -101 107 -115 -105 94 113 93 115 -110 105 -120 -125 -101 108 90 -111 118 125 108 108 113 96 117 91 86 114 -124 117 -112 92 120 -115 -114 114 126 -118 117 40 -110 127 124 -107 -99 107 111 112 120 117 113 109 103 -127 99 -82 82 -128 93 -106 -84 103 127 -108 108 120 -124 104 108 -125 -128 96 92 -121 -112 120 -122 -102 110 -106 -127 93 88 112 90 58 68 -115 95 77 -91 87 86 -121 64 -127 113 127 119 -104 102 -123 104 101 115 94 115 119 110 -112 85 99 95 110 106 96 114 106 99 -116 117 86 -103 102 100 112 124 73 114 -128 119 91 -118 121 126 126 -117 121 114 122 88 95 110 122 99 123 106 -125 -120 90 -112 86 102 81 110 95 83 116 118 114 -127 98 99 91 93 105 106 106 81 119 118 121 106 106 -122 -125 114 -122 -128 116 126 -102 109 -125 117 -121 111 84 59 92 110 103 126 -123 103 84 92 -124 101 112 108 96 116 -125 119 120 -125 111 -113 107 66 -127 -125
87 87 91 -127 81 94 85 124 119 118 117 110 101 -116 67 37 106 112 92 106 -124 63 86 107 94 107 -115 108 127 52 106 103 115 78 54 107 94 121 97 62 89 79 81 81 50 -121 35 -128 116 108 70 126 82 98 117 91 74 98 110 54 91 77 98 98 86 75 110 112 85 78 85 101 98 110 113 116 105 92 104 79 112 -128 91 110 104 63 100 74 96 115 98 127 104 78 109 80 108 82 -126 122 69 96 65 115 121 -112 83 127 86 75 70 99 93 110 101 80 62 124 121 91 -115 98 92 91 103 88 101 88 61 103 101 96 103 56 114 111 105 54 74 39 112 -112 97 127 94 89 74 93 114 61 86 -126 79 80 91 110 92 100 108 96 104 74 103 96 120 71 54 105 83 92 80 93 89 100 87 78 98 101 105 117 92 70 111 108 33 72 103 108 124 119 99 -115 85 122 98 76 60 77 67 115 105 124 72 120 72 72 90 -125 70 65 84 -124 118 106 107 116 108 92 126 92 116 101 109 120 84 73 125 84 37 80 79 83 75 90 119 127 100 98 79 107 111 92 85 120 100 -114 97 114 119 92 109 98 95 119 107 32
80 95 121 92 122 80 -124 122 -102 -128 82 -125 110 101 88 71 115 -104 104 -126 112 88 106 103 100 122 -92 123 -91 117 104 121 -112 102 119 90 -121 114 89 -108 105 112 -127 106 -117 120 116 118 -101 -115 -77 -87 -125 -95 111 121 117 125 101 93 91 83 106 -111 127 103 109 -108 113 89 105 -128 -127 -118 119 -120 122 -125 121 100 -88 -120 84 84 -108 100 -107 -125 -127 109 102 110 -112 86 -120 89 119 103 -61 98 -122 89 100 -117 -110 127 -126 -124 97 113 70 122 -128 -122 114 91 -123 -106 -98 123 107 -116 117 -124 114 111 105 121 99 80 125 -123 122 112 -122 -110 -111 73 105 122 118 116 -109 93 71 118 96 117 98 112 124 -121 -97 -118 126 109 -112 71 123 124 92 106 -121 99 100 117 74 97 106 -110 96 126 96 127 126 111 116 -126 -99 115 103 -84 -105 125 107 87 -127 92 -105 105 99 -128 106 119 89 103 90 124 94 -63 -88 113 -123 -126 -118 101 -128 116 -101 -128 113 106 124 -124 -86 72 -114 83 -122 -114 120 119 102 118 95 122 106 98 114 89 85 -124 123 -97 -127 120 -112 122 75 99 96 -112 -116 -126 126 116 125 117 -127 99 99 -87 117 106 115 127
75 42 -121 88 85 115 72 99 117 114 -115 109 112 100 85 83 82 116 80 101 117 75 106 97 115 67 98 123 114 -120 99 69 77 85 123 105 122 102 -116 99 80 112 108 90 83 102 86 87 -99 117 72 110 83 80 119 -120 83 -116 -116 79 122 95 92 103 112 108 64 127 -125 79 88 103 109 77 82 119 105 -96 112 103 109 90 114 101 77 100 119 117 82 110 104 -126 110 96 85 113 70 122 120 99 126 79 105 120 123 107 108 124 114 99 65 119 104 -124 75 109 97 123 103 93 86 -114 -120 120 107 -107 85 117 106 117 96 75 101 72 84 71 101 68 67 91 126 127 -115 103 87 95 79 -117 79 69 102 119 -127 104 110 74 104 110 52 70 123 88 120 55 116 106 58 88 96 107 95 108 125 82 115 -126 114 95 112 68 113 85 108 112 96 109 78 70 -122 96 36 -118 122 77 91 113 62 -128 53 59 -116 -113 76 112 59 90 -125 112 52 107 82 103 107 102 96 84 67 117 117 69 96 105 106 102 89 95 127 86 88 -105 62 94 94 99 115 115 121 108 116 118 71 112 110 -102 85 -123 117 106 119 117 124 -122 121 76 59 55
-123 121 112 -109 117 100 127 95 -98 88 124 119 80 121 -106 107 106 -120 -124 108 123 92 104 -111 114 87 108 -123 104 -95 87 113 63 119 -126 120 86 -107 115 -117 -105 -121 -92 108 -105 123 99 113 123 97 125 103 -117 117 103 93 -122 124 86 -114 116 95 -117 103 -113 107 -103 -115 106 -104 -114 -122 126 96 117 115 103 -122 105 -119 92 97 117 -117 87 -126 -101 -121 90 124 112 93 -105 122 -123 116 -120 -96 125 -126 112 121 94 93 -128 102 -125 126 119 -111 114 98 -125 -118 113 113 125 95 118 99 -121 -114 110 100 -127 90 104 111 100 -123 -126 76 102 119 103 89 -115 112 117 87 -118 -118 84 -121 -92 101 58 -128 118 112 125 -124 93 -125 -115 99 -126 118 80 116 -117 -112 107 72 121 111 109 98 69 109 -115 109 104 123 91 111 -108 111 -108 109 110 105 124 118 113 127 103 -121 124 -116 108 80 92 114 92 -117 78 88 105 -106 80 -115 85 108 111 115 -92 122 -115 101 112 126 -93 100 115 96 127 -119 -126 94 -111 -83 -115 115 -121 127 100 -70 85 110 75 96 -92 74 -91 93 111 114 98 87 81 88 81 117 95 107 -97 -118 102 89 102 -87 -125 73 -124 83
47 116 -122 -87 -122 127 -95 111 -96 124 125 -110 93 -99 109 83 -104 -88 121 -118 119 107 -118 -125 -117 -120 -126 -118 108 -118 -95 123 -79 102 -128 -123 -112 -93 111 -116 110 -113 79 -117 -111 119 115 90 -108 108 120 112 -104 -124 106 -87 -117 -86 120 96 115 126 120 116 123 119 90 -97 116 103 -87 113 -124 -111 -116 -122 125 -106 116 110 -94 97 96 125 116 -87 119 -106 -119 -111 112 -113 124 117 -127 -100 -111 -108 -96 108 51 104 -124 -87 -106 106 -75 106 117 87 82 118 112 102 -101 -109 -77 -118 106 -89 -86 -94 -118 -123 -102 99 -126 119 -93 107 105 88 -106 85 -88 -115 -100 119 97 124 82 89 -94 -112 -111 -68 -112 -100 96 -107 115 99 -128 119 86 92 -117 -110 -111 105 103 124 -118 127 127 -102 -128 -117 105 -98 100 127 116 -109 -113 -102 108 -115 -67 -115 102 -96 -125 124 86 -119 -106 118 -118 115 -109 112 116 -107 120 123 117 -115 87 110 -86 123 -88 126 78 80 115 -104 95 120 121 125 119 109 -87 74 -109 124 -86 93 -121 -123 -126 89 100 -119 109 124 -109 113 -122 90 -105 112 127 123 124 126 -105 77 -105 -111 112 -107 -116 -105 -120 -116 -90 -116 122 -91 111 111 -103 78
-125 91 -124 -90 -122 125 -110 112 126 103 90 -128 64 119 -104 102 124 -98 -118 78 126 105 89 -111 110 -116 115 -109 122 -92 -103 107 99 98 -124 91 102 105 108 126 -128 114 -116 -127 -96 122 114 -114 121 111 100 106 123 -98 -105 110 -113 -124 122 92 81 -110 116 -102 84 123 121 124 112 76 110 104 97 90 118 119 98 64 100 -116 94 122 105 97 73 95 -102 -103 115 97 88 -98 -124 125 124 115 -120 122 -92 103 -117 116 -127 121 -128 126 -111 119 108 106 86 98 -115 -111 -101 122 124 87 -113 100 109 125 -125 112 105 -128 -113 125 -124 110 93 -112 -125 123 97 114 -128 115 -114 89 113 122 -126 123 94 113 114 107 78 83 126 -116 77 115 127 117 -123 83 127 126 121 111 -125 104 100 123 -113 69 89 122 93 114 117 -126 -125 93 -122 -96 -111 -117 112 -109 -111 119 114 80 114 94 -106 118 -120 124 108 115 114 -124 87 110 115 119 -122 -127 119 122 92 94 -109 -115 -123 108 90 -125 -113 -100 -119 105 99 -106 -113 107 -117 117 87 96 117 107 -111 -124 -106 -125 108 107 108 103 113 125 -106 88 -125 112 -127 -70 90 -113 118 -107 -115 123 -119 79 92 -42 127 72 -87 108
69 100 113 104 118 108 105 99 96 114 120 112 70 81 94 80 -121 -106 -108 96 106 112 81 111 100 110 127 -116 84 -126 81 -128 114 110 98 68 109 110 74 74 -113 -126 110 74 107 115 86 108 -117 124 110 115 98 88 -94 76 -121 123 -128 96 69 114 108 114 113 100 91 101 103 121 121 109 125 102 -116 117 -108 124 92 125 118 119 107 83 74 104 113 -125 98 125 116 98 -127 126 109 80 47 116 -110 74 70 76 -109 111 103 89 -126 109 80 126 -116 95 112 110 115 89 109 89 107 99 109 87 54 118 78 73 97 73 78 91 -128 126 -115 94 115 99 105 57 61 113 80 115 99 94 78 -123 95 114 -115 71 59 104 100 -124 99 111 94 103 -125 111 111 84 90 73 123 -120 87 120 75 92 111 87 91 108 103 107 100 109 -96 -127 87 92 90 117 87 99 123 96 100 92 -120 91 109 104 46 78 92 120 103 113 115 98 55 -127 72 90 111 77 90 111 78 102 109 -109 -110 79 116 84 121 123 -114 87 109 96 97 85 -128 112 94 105 122 101 -124 116 100 108 -123 89 85 120 105 119 80 104 106 103 114 103 -120 -123 123 116 118 110 95 73
99 90 106 112 107 90 112 108 119 99 86 96 119 124 100 51 119 86 90 97 88 45 96 108 68 91 119 47 91 96 100 78 119 105 91 91 61 103 89 -128 124 91 103 99 102 96 94 113 -123 81 92 97 91 117 80 -126 90 126 95 110 111 110 89 96 92 53 100 78 114 102 111 91 92 72 90 78 101 97 113 116 -123 109 99 96 120 99 -107 93 98 77 112 -126 88 120 103 56 86 96 124 113 103 82 108 115 -127 82 96 106 97 51 98 116 93 100 63 98 102 111 117 108 81 91 84 63 81 102 82 92 99 79 65 88 -128 86 96 74 80 42 106 99 121 87 110 58 98 105 83 111 80 47 87 60 101 66 92 101 98 84 61 65 87 94 80 79 81 86 75 60 109 91 119 125 107 86 102 77 99 119 118 110 110 62 91 82 49 81 76 53 79 123 79 84 103 120 54 99 70 100 52 60 116 106 88 87 111 61 89 97 58 122 67 73 110 102 81 63 83 97 68 85 70 92 82 67 92 122 88 108 90 80 84 98 71 78 122 99 94 80 105 78 107 95 106 110 89 86 113 50 126 51 77 101 103 88 83 114
74 106 116 99 -125 -110 114 -108 -100 -108 -127 127 125 -88 71 97 -112 113 75 115 -110 -117 86 90 113 -118 120 113 121 -123 121 109 -102 -118 112 120 114 99 124 113 -117 -117 -107 92 98 -97 117 107 -125 119 -120 -126 -115 116 112 125 101 -106 92 85 121 100 101 112 -114 103 122 -79 126 110 94 -123 113 122 -91 96 103 -114 -123 125 -90 -92 70 -128 109 85 111 -120 117 -116 109 -98 -105 102 -105 -111 -104 -124 -84 126 -95 -107 -106 101 -128 -113 127 102 74 -118 127 104 -116 -110 109 -121 124 -98 117 -111 -119 118 124 -108 102 -120 120 -125 -128 107 -119 97 -120 107 108 -128 -105 125 124 93 109 123 -122 114 86 83 125 -94 -126 113 90 -103 -126 -99 -99 119 -95 116 117 -128 122 -94 95 -115 108 -118 104 124 93 123 109 114 120 -125 86 124 -119 -118 -100 -112 88 122 -120 -115 122 -112 114 115 -91 -110 118 109 88 -119 100 85 119 109 84 -120 116 114 92 126 117 101 -76 95 70 96 114 109 -124 -112 126 112 -111 88 -119 -114 117 -112 101 -127 123 111 -125 -116 103 -115 -102 -112 -120 -105 112 104 -109 -97 -113 123 -101 114 -123 -126 116 -128 -102 -122 -112 118 -126 -107 114 59 124 95
115 103 -128 119 118 100 99 120 -115 -117 98 95 114 -118 91 123 115 -121 105 -128 124 67 -127 90 -125 89 119 123 123 124 -87 112 108 124 95 91 101 80 116 123 -127 97 81 82 126 106 102 -124 -112 87 -125 114 -122 -126 106 107 91 -120 101 84 95 119 93 111 117 86 110 119 90 76 120 125 -127 -78 104 81 -120 65 96 109 127 -125 108 104 -104 90 126 -115 124 125 -96 -106 -111 122 -121 95 58 -125 -101 -107 122 112 111 -96 -121 115 -109 -88 127 99 103 119 121 83 -119 -127 94 -114 104 -123 97 127 106 111 123 -120 96 109 105 -124 82 116 109 111 -108 -92 113 78 116 112 -117 52 -116 -111 122 -118 106 124 115 105 79 -121 113 101 -123 87 -112 112 114 118 82 -101 -116 100 -109 107 75 -128 96 -87 -93 115 110 -125 107 99 -122 101 115 123 113 109 112 -120 54 102 101 67 -128 -115 -128 -121 -117 103 93 120 78 -87 101 -125 114 100 74 99 66 65 113 103 121 114 77 -119 127 -123 -120 52 -122 89 -125 103 85 118 107 -127 115 112 105 96 65 119 -118 120 123 103 -108 119 94 -103 111 118 -126 120 122 -114 107 91 114 -111 122 98 106 -109 -128 -122 102 124
89 125 112 100 84 117 -111 73 103 81 78 85 84 -110 66 98 124 94 100 84 115 106 53 80 81 94 95 97 96 109 109 119 -108 103 121 117 13 -125 97 127 -102 107 95 104 71 72 -117 115 101 66 96 101 -119 70 86 117 97 98 114 53 71 107 79 83 89 121 88 102 105 77 105 98 -127 87 119 110 121 103 84 111 126 114 72 -98 72 96 108 126 106 94 108 85 103 85 123 94 62 76 -120 81 74 61 -125 114 79 64 102 91 -122 81 104 -128 123 69 106 103 118 -125 120 111 103 118 -122 110 104 80 96 75 71 94 96 83 90 100 73 88 92 44 114 -122 -127 -103 81 92 119 108 92 106 96 81 82 105 55 115 93 105 116 61 93 120 82 99 113 83 116 -105 104 -118 84 81 119 69 108 -121 80 125 73 -124 116 120 90 80 77 83 61 -122 110 84 121 88 120 112 101 -119 57 125 105 96 115 78 97 107 89 107 108 70 -109 -120 46 108 59 113 125 105 97 89 95 102 121 73 -111 111 88 52 110 93 85 102 38 107 100 111 93 71 85 113 125 88 93 62 111 118 119 103 82 120 99 75 80 96 96 -126 112 116 84 68
82 75 107 84 109 103 -111 115 106 102 121 101 119 -112 78 89 88 -108 92 62 120 110 105 90 102 -99 87 121 95 -110 122 100 -127 120 84 97 108 115 98 110 113 97 85 123 127 99 92 116 109 99 127 83 -117 91 -96 116 96 -119 106 101 92 -111 108 104 118 108 125 100 121 76 63 -125 107 83 -117 -125 124 77 -121 102 95 110 94 -123 94 111 -127 -113 93 102 94 121 -127 119 -124 74 100 -110 -106 103 115 99 -113 107 114 -107 -109 84 72 112 120 108 106 94 124 114 -127 -128 118 -120 99 114 81 -128 97 91 106 74 101 112 -119 105 100 -116 93 84 -117 70 112 -127 98 122 113 90 99 101 112 73 -103 74 110 107 112 79 111 97 96 82 56 -118 93 110 124 86 84 -123 108 110 72 82 119 114 122 112 98 106 118 100 123 104 82 91 91 93 105 94 110 77 106 31 98 115 109 -113 82 103 97 -108 -127 95 118 119 115 106 76 104 126 74 51 96 74 127 -126 120 -128 92 112 -112 109 104 -124 72 95 97 120 66 109 121 96 126 81 101 90 79 112 -119 113 81 111 77 104 -100 111 67 61 117 125 125 113 77 79 -103 116 120 127 123
99 81 93 83 89 88 -106 94 104 66 99 61 63 108 85 78 122 111 56 62 85 67 90 118 104 98 67 123 67 123 63 95 100 98 87 123 27 -109 90 127 51 110 114 101 118 93 84 91 83 117 120 80 104 88 125 102 91 101 -113 68 69 110 92 111 91 76 86 121 79 58 89 -127 94 122 116 94 82 60 85 86 48 108 52 90 52 102 99 81 112 89 96 105 106 43 86 93 73 48 106 80 98 96 109 29 63 111 116 88 114 107 92 86 56 64 97 98 87 72 104 92 -119 71 59 126 59 96 71 77 102 58 95 101 105 109 60 88 119 117 74 71 71 89 99 83 116 81 75 118 109 100 57 -127 92 79 88 87 115 79 96 96 77 81 77 68 95 102 92 75 93 64 57 67 66 99 55 104 42 -123 92 95 108 89 100 71 90 70 101 68 105 71 74 71 96 108 99 75 86 94 86 100 107 92 116 97 67 -125 114 84 89 80 111 -124 79 81 64 114 44 85 115 23 100 96 86 98 90 90 76 83 78 118 72 91 118 97 102 61 80 56 85 50 69 72 98 85 74 115 87 98 82 84 63 93 94 71 76 75
94 80 115 -115 -127 99 -114 -119 -127 111 70 121 113 -125 116 72 -103 -119 -122 98 -118 -123 114 120 126 -122 121 92 100 -123 115 -100 125 81 102 -109 85 -126 84 114 113 124 -122 -117 -127 -126 102 118 -122 104 -105 91 -115 125 117 127 -127 -128 -114 101 -123 114 -127 116 -111 -123 107 -125 95 82 -102 -91 127 -122 -119 -108 -111 -85 -116 125 -117 118 77 -97 -118 -119 121 126 -89 -122 87 111 104 -108 -113 111 113 121 -112 -110 89 107 119 -122 112 -122 -127 -127 112 -109 103 125 -94 124 115 -125 -113 -81 109 -127 -108 -117 -117 113 106 127 124 107 121 109 86 89 121 89 -124 -117 -123 110 109 119 -127 -114 117 96 99 106 -107 104 122 93 88 -75 116 101 101 102 -94 89 106 112 106 76 127 89 -128 -107 126 98 -106 96 123 123 112 104 -106 -120 -116 -67 -128 125 126 -114 119 103 98 119 -114 118 124 112 110 118 -114 -75 76 -125 -118 115 118 -109 113 -90 102 115 -107 125 112 101 105 -109 86 92 -95 114 -114 72 120 -128 117 78 -103 115 81 114 95 123 123 96 -128 121 100 -121 118 102 -100 125 -118 100 121 74 120 104 -122 -124 89 -107 -119 123 99 93 120 -109 -123 104 -125 53
81 45 122 115 66 102 80 83 89 100 95 97 116 48 54 57 102 62 106 90 59 125 61 13 72 93 89 83 112 113 122 94 81 67 89 72 92 74 55 71 117 45 97 94 74 64 70 93 59 82 108 80 76 57 71 105 79 99 68 35 86 70 94 54 116 89 86 92 59 57 65 104 91 96 107 91 105 87 96 93 -125 106 63 98 101 118 99 78 83 110 80 96 82 42 90 73 107 98 117 67 82 76 107 125 84 76 81 92 99 104 62 78 79 90 71 85 68 83 104 88 77 102 81 91 72 53 84 53 67 100 99 65 90 70 91 63 -116 90 89 62 45 85 122 110 102 88 76 70 42 76 96 88 64 112 94 61 89 50 95 60 81 112 92 75 88 75 44 76 83 127 83 51 103 84 85 12 68 63 122 100 84 92 33 87 41 101 85 73 84 74 109 -121 97 121 84 66 33 88 68 72 109 98 64 100 31 14 84 60 67 78 55 77 115 73 109 85 83 70 109 81 52 78 69 31 92 102 113 80 90 82 59 74 107 57 73 120 99 66 63 82 79 60 109 47 85 77 102 94 100 111 80 101 108 61 106 61
111 122 104 94 73 -104 123 85 83 81 121 108 120 110 91 108 -106 89 108 102 117 70 -128 122 104 114 77 114 99 -100 126 -127 74 115 96 98 90 -112 117 73 -114 -127 62 102 82 109 107 -125 117 115 -127 93 87 118 105 107 115 109 -103 76 90 115 113 105 102 123 117 89 123 90 123 -102 118 95 122 80 126 63 -109 125 -119 90 121 -107 58 -125 120 103 88 97 56 -99 79 118 -112 80 114 112 118 70 111 75 104 118 106 116 103 103 110 111 127 119 87 92 84 96 -115 111 101 104 113 -123 100 86 110 65 -115 116 68 61 105 107 103 100 125 101 94 56 -121 123 98 -125 109 74 107 112 92 92 89 87 94 94 117 -113 91 69 120 117 119 101 122 83 66 102 111 105 108 99 109 84 102 111 113 115 95 92 81 93 118 116 -123 83 92 53 90 103 95 112 120 79 79 -126 72 -83 66 -123 79 102 90 103 97 -127 94 124 94 86 97 88 70 75 82 91 118 96 -76 112 103 -112 -107 91 -106 92 84 73 -128 99 -117 79 81 89 58 97 115 97 100 105 127 85 -98 83 105 114 88 87 95 117 -120 122 126 112 118 104 -121 119 117 61
66 95 -116 97 79 98 91 108 107 107 120 108 109 49 93 116 104 106 103 -117 125 95 96 74 123 81 84 121 -124 108 94 108 75 -89 118 61 75 110 86 105 110 88 -110 96 -128 110 122 87 120 -122 91 117 115 89 102 91 114 -116 85 88 105 80 113 105 102 -128 82 -126 97 80 68 -112 86 77 -124 90 122 117 102 103 -105 119 96 -111 92 111 124 108 57 74 83 122 122 77 103 109 -125 82 -127 89 126 125 119 126 83 110 92 70 38 89 93 109 91 116 93 120 105 90 107 113 -125 95 67 115 96 -91 115 102 111 73 91 123 82 124 114 103 102 90 115 76 111 84 109 107 111 118 95 78 81 124 97 121 106 -123 -95 101 113 60 91 117 113 80 91 64 101 101 105 113 75 77 83 68 126 100 87 85 -122 103 -116 115 101 74 95 89 100 102 127 68 83 111 62 -106 103 -118 115 72 70 85 90 98 76 86 102 -126 90 100 120 74 103 109 97 114 101 115 87 71 94 93 -117 90 81 80 88 -128 111 111 111 96 99 120 65 95 123 -109 108 61 -120 120 96 123 106 69 120 112 55 116 -117 91 96 97 108 112 122 83 93 125
108 99 74 -124 105 112 -115 78 -122 106 69 99 -113 -81 117 113 122 102 118 117 -77 -125 121 107 108 -112 96 98 110 -114 85 -116 -113 95 105 -127 86 111 98 79 -98 114 111 -95 79 115 112 -107 -98 -101 73 -97 102 104 117 -115 102 -124 118 97 -120 89 -110 106 107 99 -126 116 105 94 109 -118 106 105 119 -116 103 109 102 105 114 -101 115 114 108 119 96 -79 89 -94 126 96 -112 100 87 125 127 91 -116 120 93 93 -84 105 123 125 115 -107 106 -125 -107 113 -109 125 111 -106 92 108 118 96 92 -117 -107 124 89 113 91 99 107 -115 116 113 -100 116 114 88 120 111 -92 74 94 -126 94 82 100 -117 71 111 119 108 81 -106 111 96 108 107 119 -122 -116 113 -100 -113 -112 104 -121 118 -126 78 125 105 117 -128 95 96 127 91 116 111 -124 -102 123 -128 -111 84 101 -114 95 117 -108 85 108 78 -126 111 100 118 81 -121 95 -76 -123 103 49 -99 123 124 -123 113 76 96 112 123 121 110 -123 112 -112 -96 -121 109 -122 88 109 114 -123 -118 -105 122 117 109 78 -108 85 93 -76 122 -122 120 95 123 116 123 95 127 74 122 -102 -106 -102 98 119 -84 -119 78 -123 95
