62 -29 -67 15 -114 34 94 -29 -24 -27 -87 -10 -109 12 -72 -82 -65 -114 -40 27 125 -40 125 106 103 71 78 121 -29 52 -30 19 -103 127 13 -116 -16 -90 114 114 120 -43 4 -43 74 -14 124 0 -17 -120 47 88 54 -117 -48 101 -3 87 -17 -38 -94 95 -52 -96
92 -11 -81 -12 -120 -116 124 -122 2 -3 65 21 -10 -87 -120 -1 -50 -56 51 -121 -5 16 103 103 -3 18 -74 -31 -55 -56 7 -21 75 -49 -119 -94 49 -84 -127 -103 -38 -31 34 21 27 105 36 56 30 -124 75 115 83 96 33 -48 45 -89 -25 -117 -78 14 -109 -30
61 65 -16 91 111 -115 -33 88 3 81 90 110 93 -78 -10 21 94 -73 88 -30 -19 -102 95 -31 41 126 -20 6 -112 26 -17 47 -36 127 36 46 20 -79 -28 116 75 103 118 35 55 -90 -28 -79 -45 111 -51 -50 -34 15 99 90 -28 44 11 -21 -56 104 -37 -26
-6 122 -21 -100 20 -63 45 -56 -92 -112 -3 10 -16 -53 26 24 39 -92 72 -100 42 123 32 35 -25 -18 62 123 -2 -58 -118 -20 119 13 -124 115 -53 -101 115 -13 27 27 26 -39 104 93 -117 55 -51 -94 93 67 -79 112 88 -53 69 4 -31 5 111 -88 2 38
-124 -105 59 -61 111 94 117 -8 108 -37 -46 1 104 -7 41 62 -67 51 -51 -7 83 -124 -62 -89 76 -126 57 74 -128 -92 113 1 -84 43 -23 -71 51 70 -58 -66 -77 76 -78 109 -83 -32 -126 -59 -54 39 118 -1 88 -45 -71 -92 -103 -123 -109 73 -110 14 61 -88
98 -128 -4 96 -111 46 -5 125 -71 6 -111 107 -123 19 -11 19 121 -103 -74 24 -76 33 51 22 -56 -51 -49 -89 117 -81 39 -76 12 32 118 -61 -37 -69 108 106 -126 -19 -29 -4 -65 -91 90 -121 107 -125 -93 66 -104 117 80 110 108 45 -97 32 106 1 -17 -109
12 -88 -39 -99 78 116 -114 93 -1 -60 -126 115 -71 -4 123 64 96 -98 -79 -124 123 109 62 -124 -50 123 -21 -8 -127 106 14 -5 42 -15 107 -59 -18 -22 18 -49 19 73 82 -82 35 11 -5 84 -105 122 24 -5 122 -21 -82 -113 9 -10 106 -1 -110 -116 113 -11
69 26 60 96 -24 122 -10 -71 28 116 41 -8 49 -28 -128 -61 2 -117 -92 -122 -3 -95 110 71 100 -71 114 51 -38 88 -27 -125 48 116 -38 -113 -46 119 -112 33 53 -105 -28 69 37 126 26 -35 -113 99 85 -33 18 114 10 -75 125 -12 -121 18 113 105 106 5
-119 96 -9 -9 -68 -53 49 -70 6 29 -123 74 -72 -76 -94 86 57 109 80 115 -92 92 -70 110 34 -30 2 -112 82 -64 103 22 -36 -102 -20 48 60 77 -23 -53 44 63 13 16 -17 61 117 -42 -58 -21 15 -30 -125 51 -5 14 53 -116 -32 109 83 -119 86 71
42 -29 -62 36 117 82 34 117 -29 -102 -33 72 120 16 103 8 -33 -49 60 -115 -70 -78 -94 82 -121 89 89 -21 115 57 -94 -128 114 -93 -2 64 -97 -80 111 51 46 94 63 21 -29 50 -94 39 -102 -75 -34 100 -49 -88 -69 84 -3 -113 52 73 -115 27 -98 -27
40 -96 109 122 77 -52 30 34 -39 -30 -38 -13 -96 88 -33 -128 -13 -117 -127 -41 -11 -92 115 3 109 126 50 -119 8 -49 -123 30 109 -108 -21 16 32 95 -119 -83 -92 -127 117 -70 -108 -94 83 -36 43 50 40 -73 49 -67 42 -94 113 73 86 96 -6 -119 38 104
69 -102 103 -2 56 110 -75 -60 115 -80 -52 50 -19 125 71 -88 -116 39 -80 49 -68 -68 77 -41 -71 97 52 -21 112 113 84 -3 -86 106 118 -47 127 -105 -16 115 -11 -109 69 1 42 -55 41 -117 61 -47 118 79 67 -112 -9 -102 88 12 47 -14 110 51 124 -14
75 73 27 7 -114 53 110 -124 120 -88 -80 -112 -125 -70 -99 16 94 8 -41 -122 -127 111 -81 -54 -46 -58 -23 42 114 -90 46 -7 83 76 -78 -51 -114 69 21 -102 -119 -102 -112 -116 122 -92 -8 49 100 16 109 -49 -8 -116 -85 -1 39 3 -8 -94 -2 -20 22 -46
-92 88 112 -81 63 -106 -66 -69 -73 44 3 14 -52 -126 23 -38 -60 -98 18 -4 -63 -34 76 -28 32 102 -21 -122 101 -16 23 -64 -43 26 -6 -64 99 22 -8 9 -26 -76 -72 -43 -58 14 -19 -71 0 68 -53 46 125 -48 61 -27 104 -101 -12 109 -91 -44 104 41
57 22 118 13 72 -51 -35 94 23 -119 85 -116 -108 -5 43 -101 -39 -69 -63 -15 54 14 68 2 58 -111 -107 7 -59 70 -69 -95 -40 28 73 77 118 23 -65 -4 -49 -9 -65 48 57 -35 43 -52 -104 -60 -99 -26 31 54 14 112 93 30 44 110 -49 -115 83 42
-18 -36 15 -89 -45 13 -97 79 -57 17 -25 15 -34 30 88 -78 -118 125 51 69 18 62 -41 78 -48 -41 35 -93 -49 -55 31 19 51 64 38 23 -117 23 -91 82 30 -103 -90 103 -115 7 -19 121 -28 -8 125 -79 -38 36 12 79 75 -49 95 -98 62 -16 93 -65
66 -75 33 91 -71 37 61 -22 55 13 -69 -13 -27 -116 -6 -109 -107 -24 17 33 -33 -87 -71 -42 4 -15 23 66 118 65 -69 -92 -2 -40 -81 84 -37 77 12 62 -77 100 -79 105 25 -12 -104 -57 -128 -116 -59 -92 -122 -73 106 -87 96 -42 -2 -22 -19 -47 -57 127
-109 -32 -87 32 -47 -30 19 4 65 2 -4 -38 -94 102 -42 19 -72 -29 89 108 126 -53 42 -85 109 -46 -97 119 44 49 75 67 -48 0 62 118 80 73 29 64 14 -61 -105 99 66 -46 -109 112 -16 52 0 124 0 37 102 67 -26 -118 100 116 -123 -1 33 127
28 88 -114 -123 68 66 14 -56 -105 4 -99 -11 45 -89 -76 -83 -26 11 85 -73 27 -123 -1 -33 116 120 115 47 -17 53 18 -3 98 -9 -96 -4 8 88 23 93 111 -105 127 73 84 117 -114 -72 15 78 -57 116 -120 102 -79 59 -63 -13 -93 90 -127 45 -127 84
51 -3 6 96 21 17 44 -119 48 -91 -55 -70 -44 -91 58 -39 71 -10 -32 -33 12 8 -84 103 6 -93 -72 67 -44 59 96 79 99 -93 26 -64 53 124 -96 102 -41 -57 25 17 24 4 -73 108 65 81 86 30 120 28 97 -41 0 -63 19 24 -37 -71 -79 -29
25 92 -95 74 -101 -26 103 -119 116 109 24 49 -19 -100 92 -15 31 81 -78 -68 -94 21 -58 -37 37 16 106 -110 88 -50 90 -67 59 -34 2 19 -42 11 -55 37 107 -20 12 -27 -72 111 -64 15 -30 -102 97 -40 -81 -17 -62 -73 63 39 -122 127 -50 18 -63 6
34 -93 44 42 32 81 124 -4 -93 55 -41 123 -3 13 111 -118 -92 -67 -32 -102 21 31 -108 69 -65 116 -28 10 104 48 1 -65 9 -80 104 -127 57 -117 -112 71 -88 7 102 -100 -90 55 87 106 95 -86 -98 -6 -106 -18 -95 -57 -128 -6 51 -107 102 21 93 -79
77 -40 101 -123 36 104 -84 -111 -88 95 -68 -64 119 -82 97 -100 53 -77 40 103 29 67 90 102 -90 69 58 92 38 107 49 -69 92 -67 72 78 -3 -71 73 117 -78 -34 44 72 123 71 119 -123 46 -75 65 -59 95 72 -5 -125 -30 -74 32 -93 91 -121 -67 -56
115 58 70 -20 -41 84 -104 66 -98 55 127 2 -30 75 -124 -66 98 -54 -10 125 40 41 86 49 72 -85 -89 33 48 19 81 -85 89 -52 -93 87 -28 29 -125 -105 32 -59 -96 111 -68 -124 -13 -31 62 61 118 -67 78 -116 -79 -71 -52 20 6 25 106 127 39 101
113 -35 43 60 -64 -45 92 51 88 -23 -106 -107 -8 -113 -119 88 -55 -52 32 -124 39 100 -62 -101 23 125 77 37 -44 -73 -35 -35 54 8 86 64 -109 70 -82 -101 -127 19 -47 -2 -106 78 -18 -12 -44 39 37 -27 3 23 55 41 -16 109 -125 -47 20 12 -117 -33
-64 32 -44 42 107 42 6 -97 59 0 89 -72 94 -102 3 -79 -107 -60 61 -114 104 -104 -69 -9 -45 -106 83 -92 -31 3 96 66 37 82 -59 -27 -119 -76 69 127 124 85 -2 64 4 127 -71 -26 98 68 20 -106 -31 46 112 -19 0 -120 -63 -39 6 9 -124 -39
61 -4 -27 53 23 -35 120 14 38 -81 21 -118 69 -2 97 1 -61 -26 -110 75 105 -87 15 -43 95 -65 9 -2 -66 -12 -32 17 -86 -58 32 55 -6 -8 -84 55 90 9 -62 48 -49 127 -121 100 95 11 90 77 83 87 -91 -33 -112 119 36 -104 -7 -63 -15 -48
20 -34 74 40 -11 109 -103 -57 -15 -75 66 -81 75 3 -8 -66 -27 -63 -92 72 -100 80 29 81 -61 127 -99 39 -37 -50 119 45 68 9 10 -122 -3 30 7 36 118 -48 8 -98 122 -107 -47 75 74 6 12 62 -80 -34 -111 -50 -73 -21 -34 6 50 11 122 -53
119 30 -66 115 -95 15 -48 82 34 -32 24 106 -78 26 56 -59 92 33 2 1 74 -78 72 20 48 -9 109 -55 -81 -109 -82 12 122 26 -19 -66 -109 -46 -76 -22 97 -33 96 126 34 -60 15 65 -45 -124 -89 -89 -93 -39 -36 60 98 5 126 63 33 -52 -98 -42
-44 -25 -90 0 -125 -122 112 -99 52 -122 -100 -78 -111 21 23 -108 -22 104 -91 80 107 -69 -83 -15 -128 -67 51 -82 -71 72 -103 -14 7 116 75 111 97 -16 -55 84 -14 -97 -15 125 -56 -50 111 6 118 1 -88 42 101 -33 -64 79 18 10 -13 123 73 -37 -119 -22
94 100 73 8 -114 -66 20 -20 -123 105 13 126 33 26 67 60 -95 29 -117 25 48 77 104 71 -80 3 31 71 -32 17 -91 81 11 126 22 126 84 60 8 5 74 115 -18 -36 16 33 1 -100 14 40 38 12 86 -95 52 -66 72 37 55 67 -32 -21 -9 -121
-111 97 85 -69 -47 -9 55 94 -53 -95 16 -6 58 21 28 108 -94 -25 -2 -112 -16 -2 54 108 0 57 -80 -16 107 -94 -22 1 -104 -28 53 -19 -35 -54 38 14 70 107 -107 72 -47 37 100 -79 -104 -66 6 -2 1 61 -31 -41 26 84 -34 82 107 31 20 -85
22 -55 55 -117 14 80 12 -20 -122 23 -113 -110 94 -48 -61 0 44 -45 4 -124 -126 -50 127 42 113 101 43 123 -26 -34 -28 91 -11 107 53 -35 65 -102 93 -110 98 72 38 50 -84 -59 47 17 126 118 -34 34 15 -47 -14 52 96 -32 -120 -80 -104 12 -80 76
48 -121 28 71 -121 -82 -110 -5 89 -79 -58 94 11 -28 69 6 115 105 72 -54 91 -96 26 -36 38 6 -35 61 -72 38 51 -77 14 -4 14 94 86 -9 127 -89 1 -1 82 102 -28 -55 4 -41 93 -64 -100 84 28 -43 -37 -124 -106 -61 10 37 101 -111 70 -86
-16 -38 -118 76 -120 107 -79 -100 100 0 -42 -94 -22 -47 26 91 51 46 110 32 -13 -78 49 -26 33 30 -43 -92 123 4 -7 -22 -50 -19 60 -93 -123 -32 5 71 12 -82 -35 -50 -8 56 123 47 13 -56 -99 -35 -27 -49 3 78 9 -47 -76 5 109 -53 -32 8
55 27 82 78 98 117 109 -57 8 -66 40 44 52 121 41 -105 15 -50 72 -39 -82 40 124 -55 5 8 10 72 108 -92 -123 -32 88 -89 -76 -19 2 125 6 83 -53 84 -39 119 127 15 -71 86 63 15 -99 87 -119 -30 110 -119 -74 -9 -13 -10 112 54 101 -68
31 -23 -40 -36 -9 -111 -27 -47 -84 -42 3 88 67 -19 -3 9 -86 99 76 114 24 98 45 -107 -56 47 35 -1 26 -92 91 -6 -63 -16 12 -54 -63 -124 -59 -32 -118 0 111 60 -127 49 16 -24 -63 59 108 -71 -15 -51 -105 -36 -99 -16 83 -29 125 10 10 122
65 -22 52 -71 -24 51 -17 -115 80 -80 87 98 109 -122 -118 -18 116 76 57 15 120 -81 75 -99 -32 116 -6 -62 -80 -23 -23 -76 100 -111 29 31 102 -53 -91 28 -56 91 -84 -85 53 24 12 49 49 72 -24 32 101 117 79 -32 33 9 98 74 4 -51 98 -39
55 -95 91 92 31 -72 -49 93 97 -54 87 -77 118 43 92 53 63 18 -87 63 68 -94 89 65 4 -98 -68 32 12 31 -93 -76 -19 65 -34 -82 13 -109 -57 -42 -31 126 -43 22 -91 -99 -36 106 2 -12 15 7 -8 10 -49 -65 78 -2 -125 -90 -31 101 -55 80
-56 3 48 81 -5 -2 124 25 15 -20 -80 7 -61 82 -108 -41 -101 92 -69 -36 23 -17 75 35 -52 58 3 0 0 29 -111 70 -80 2 117 13 34 -75 -104 -107 84 39 -52 -124 9 -75 -82 97 8 -98 -97 106 -57 124 -80 -63 44 72 52 94 69 5 39 115
66 120 -26 23 3 49 -19 -81 -107 0 21 50 44 80 116 51 -65 12 -32 -118 68 99 31 51 21 99 37 -120 117 -104 -119 28 -83 -35 99 -38 -125 84 -66 -123 -52 13 55 38 -107 30 4 41 -72 35 31 -45 26 -63 -127 -66 -38 109 -80 -81 -44 -79 -46 49
-77 46 -14 -91 -45 -29 -11 13 -33 126 -57 -37 -100 -102 0 16 79 19 70 94 29 16 114 -1 19 42 -33 -112 97 123 -113 -101 88 57 61 -56 125 -53 -43 51 -19 5 -76 83 -10 -34 -65 54 10 -11 112 114 108 -31 -19 -17 117 125 -53 -31 -85 -128 -108 69
-43 120 -95 -83 -48 6 -73 -105 -128 -8 -35 -109 110 28 -39 -115 119 15 30 42 -44 -125 -21 -63 -66 -52 98 63 -19 121 108 11 -114 -32 4 -59 -7 -116 -66 107 50 -3 9 -59 -43 -85 -54 108 -77 -105 -105 56 30 20 115 38 100 4 49 74 -42 126 -25 89
-9 -17 -88 -123 64 -79 52 -7 -118 40 -5 89 -111 69 87 120 109 -122 99 -40 -10 -35 -50 54 118 37 -23 -44 48 120 48 -23 104 69 -87 78 89 93 87 -73 89 118 11 -56 52 -70 -92 -87 82 -65 21 14 124 -21 46 19 110 107 -53 -52 -54 91 -30 -11
120 6 103 -32 58 -47 68 -73 -14 -118 8 81 52 3 57 52 -18 -74 -89 -16 67 -88 49 0 14 94 0 -80 65 123 -63 28 79 -91 23 -115 -109 -17 68 59 37 -70 83 -114 -12 117 12 -91 16 -30 -88 18 -85 85 96 -24 80 67 -1 53 -16 -87 -110 126
-7 92 18 -23 99 -79 -48 -45 54 64 90 -20 2 -14 126 -78 117 -104 -75 -15 -76 67 -104 -86 -14 110 -90 -102 -35 -91 -27 76 -13 59 98 -24 41 127 -66 -83 122 15 10 -119 27 60 -54 56 16 10 -71 -50 -20 -5 -45 -76 57 -67 -38 -38 5 -96 -73 -14
-11 47 -69 57 -113 -112 78 -49 76 70 25 -90 -65 -77 -72 -9 81 -107 -64 114 -50 53 -6 -122 -79 36 -104 48 99 -37 -7 -5 11 -78 105 -36 79 82 -1 83 -115 88 -88 77 -17 34 -87 -72 85 122 10 -24 -44 34 73 -7 -116 32 -77 -31 -49 -35 -46 -37
36 -92 -120 69 -23 86 -32 29 -55 68 47 -127 -35 -17 -54 -119 -127 84 -127 126 16 -122 63 60 21 -99 50 -64 -46 -42 -56 -114 127 26 -96 14 54 111 17 -86 119 80 108 15 22 38 -15 -109 116 -62 -78 -66 -99 31 122 6 -6 20 70 -118 74 58 -112 98
-8 -9 88 -19 -96 105 -7 39 -80 86 -74 -83 24 19 87 -26 -17 84 90 -22 120 68 6 -65 61 29 -58 14 20 -95 10 63 -128 64 1 76 -123 -123 48 5 80 -96 46 -81 -69 40 -94 -107 94 86 -44 -62 74 -88 -80 116 121 96 48 97 24 -53 87 66
105 38 -61 84 -17 124 52 -14 107 -90 -108 -99 -112 -28 -74 22 -64 -72 6 -85 10 68 -54 56 0 -26 -112 -111 109 -78 11 -51 109 85 46 59 -110 38 -122 85 -123 60 -88 -52 -33 63 20 -114 103 -52 -46 20 -1 77 -15 -116 -4 -116 56 -72 15 -7 49 73
-75 12 -23 -88 121 76 -16 -15 15 67 -59 23 13 -13 75 -120 45 -42 50 -49 21 -124 -61 104 -32 -102 -53 -8 -106 -74 31 116 -73 -80 -52 -53 -12 118 2 115 24 -22 -67 19 43 102 123 101 -80 18 -79 -42 108 -38 116 16 -74 -35 61 -30 -127 -118 -11 -51
93 -69 -98 -37 -3 115 0 -83 -104 36 89 -37 123 21 41 -53 94 125 -104 -63 -110 -67 -8 75 98 105 105 -54 -2 28 83 97 1 -61 42 0 21 2 -76 -114 -51 126 80 25 -21 -101 -89 46 95 -91 27 98 -61 -120 -43 62 -53 -96 21 -45 -79 -107 59 8
35 -17 123 121 -30 -79 71 -36 86 -73 -56 94 86 126 122 72 -118 -109 -107 -82 123 43 -121 -55 -118 15 -18 -81 -35 51 97 -70 -106 -37 -25 91 -67 -94 41 -46 115 -15 -123 -71 -43 -64 -56 30 -127 0 118 105 -12 -81 -45 -37 113 -39 -6 61 -72 47 61 -57
9 -127 -20 -59 -33 41 -35 119 -127 106 -34 -118 -115 38 -60 -39 103 -37 -34 98 123 -125 -68 108 -65 -18 52 -36 119 -118 48 45 38 -48 -17 -95 -125 41 36 -42 70 -78 19 75 -89 -5 -34 52 -27 -62 -87 -44 29 -90 -59 -77 83 8 86 120 8 4 -109 -76
13 -78 23 79 -50 -5 -122 63 -69 -32 69 116 40 -3 69 -3 -26 100 -107 -57 -10 -70 43 -50 -40 12 -82 -77 64 -45 83 91 47 -86 123 -126 36 19 65 -105 -75 -2 15 -19 -93 -87 73 123 88 -84 103 46 -112 -128 -79 -108 47 90 -2 -118 -61 -3 21 -21
31 49 104 -110 42 -28 24 -70 -21 12 127 -76 81 -128 -18 40 -123 -7 -24 17 6 8 53 116 111 51 -83 -80 -48 -59 -35 -116 26 -43 105 -39 -77 41 -125 121 7 66 -76 13 84 125 -68 108 -109 -91 94 -79 -52 29 -21 24 -36 -13 50 106 95 67 -67 126
-1 6 89 70 -95 -114 -96 9 -57 73 22 2 -121 16 -84 1 -117 50 -60 -6 -19 122 -93 -115 84 -1 -62 61 67 10 -98 92 -115 -110 86 -123 -73 -87 -39 111 127 -120 62 -10 -31 -85 -4 -117 11 -33 31 54 -28 50 -35 111 83 3 111 115 57 115 -104 -3
-68 90 85 -46 114 -51 60 -55 116 -69 -90 -104 -106 104 77 122 -40 -72 -97 92 107 43 24 67 90 -84 -21 -115 -8 -68 50 1 96 37 121 -56 -61 -89 78 -61 -88 52 -53 -82 -113 14 93 11 -41 -57 -107 86 -56 -35 15 73 -97 34 108 -10 -79 -116 65 -41
52 102 -123 105 103 19 -36 22 -118 4 28 35 121 47 -124 -120 97 51 47 32 -118 -69 -105 -118 110 -88 -55 68 -62 -78 92 -85 127 -26 119 -66 -5 -42 -37 70 -56 120 -114 18 -49 125 -54 -65 -41 -80 -27 -28 68 -127 120 -13 99 -75 4 63 -104 -51 2 -11
55 108 25 73 113 40 -67 27 -126 22 -104 105 117 -101 42 -116 -37 19 -68 15 79 -93 -56 0 -109 -80 -51 26 105 127 -48 82 5 -54 73 -66 1 96 -26 59 63 35 69 -36 10 85 -12 -103 89 -4 92 -88 -76 -18 -62 -34 -31 31 118 111 -49 15 43 0
-90 55 8 34 114 68 12 23 -97 -108 48 22 94 39 11 -36 -67 -55 -100 -37 -125 121 8 -58 99 -117 44 -109 76 -29 -22 -67 114 -115 3 57 -59 94 47 -108 -20 20 -49 -64 68 -92 65 -95 -82 110 113 -26 50 48 93 -26 -10 112 12 -54 93 -43 -92 22
-69 56 62 -18 22 -59 74 -27 -128 -8 21 -96 -5 55 -106 -31 -119 -89 -1 20 -55 97 15 -45 40 -54 -4 -40 10 108 -108 48 -17 61 57 -13 -15 -93 -29 -55 55 81 -67 72 -17 93 -104 77 -120 44 96 -46 64 3 60 17 66 -73 -91 72 -72 10 -24 -58
-103 -2 77 -103 -34 124 110 110 -60 -107 -58 64 61 61 12 -61 120 89 -83 121 -127 7 -91 69 -88 -119 82 -123 35 -18 18 -122 57 24 48 -126 54 105 69 -24 47 -5 -97 8 114 100 44 -110 -98 -38 -122 4 -81 -23 67 -36 76 -40 -83 -28 -83 -75 -7 95
79 36 -41 82 -48 17 113 4 103 -9 113 -42 -50 -68 98 -117 -128 50 -25 -30 -19 -97 -45 -50 -43 -87 -48 -27 15 -55 17 39 49 2 -113 5 79 2 20 64 -15 108 110 -97 -60 -15 106 -93 -85 101 61 -11 -106 -111 3 -50 25 -64 -30 -5 -102 -57 102 59
107 -92 -94 21 -28 24 70 53 -96 69 97 62 79 -94 -39 -96 76 20 37 -107 -49 -41 75 108 -46 -55 55 -79 -68 11 -83 40 99 -26 57 -122 -111 49 -78 15 62 46 -78 108 -66 -8 -54 28 -64 47 -87 -72 18 -114 45 33 119 -54 58 61 -73 -92 33 105
84 10 10 33 37 87 28 -115 31 -88 28 -72 -51 94 -98 51 -125 -80 -56 -51 26 -35 -12 48 -114 32 127 59 -3 26 68 40 111 115 -110 38 100 94 -28 -102 -72 -112 -92 77 69 34 -111 84 11 -81 34 111 118 -60 -92 -50 56 97 -99 -116 70 -68 33 -41
3 51 -119 70 25 2 22 50 26 102 -38 -74 65 -59 -113 35 -102 -80 88 50 -122 -12 -92 -111 -11 38 -40 -53 -96 52 3 46 70 -118 -96 -56 4 55 47 -55 -65 -99 -12 -114 115 -75 -71 53 35 41 31 4 -126 -41 120 113 -17 118 28 -58 -126 -87 94 -20
-110 69 78 -65 32 105 56 100 -100 -84 20 -24 -70 82 -18 21 -121 -24 84 36 -36 14 -103 24 58 -67 43 -39 -52 127 -87 75 101 -22 38 72 -20 36 -126 -100 -65 59 91 22 69 -18 -88 -116 -11 -68 24 -88 -61 23 1 68 -10 -67 82 -10 18 100 96 93
-6 -67 84 -88 -37 108 -56 8 -50 -43 58 -95 -86 105 18 -83 -2 14 80 -77 -109 -91 -111 -3 -5 22 -6 -11 -14 32 13 30 90 -124 43 -38 -47 7 -12 88 56 -42 -77 -107 -25 -107 -22 94 -26 86 -30 117 73 -28 123 84 49 -73 70 -119 -89 43 102 22
-5 120 -32 61 -93 81 97 97 -107 -117 60 -118 48 -116 42 116 75 -118 -110 -54 2 -9 27 50 69 3 22 -66 -100 89 -80 -88 -1 -108 28 -117 47 83 -81 -34 -66 -1 -27 -93 -97 -117 44 -127 -75 95 91 -121 -48 -105 123 2 -100 10 -3 39 -82 -107 -14 55
-33 -92 96 -53 -15 20 -113 26 -110 113 -23 -46 -46 104 2 94 94 31 -13 89 0 -35 68 55 105 -23 -114 77 35 -40 13 -108 65 -7 87 -1 -110 55 -56 -53 -60 -71 -5 9 58 72 38 86 -91 76 32 15 59 33 81 85 107 100 105 32 126 55 70 -81
73 -81 63 88 -5 9 -102 -120 73 100 -91 34 37 -52 -12 12 -41 -22 86 -99 -89 118 20 76 32 15 45 -20 122 14 -20 -52 71 -30 105 43 -27 -54 92 57 119 -58 -63 -18 118 53 -37 56 -14 -42 25 94 -102 12 58 14 -85 97 12 94 40 -124 111 -92
-22 43 31 90 74 -38 -66 -1 36 46 -62 95 77 1 120 100 97 -113 -82 -123 -34 -12 49 -82 -116 100 -19 -91 -40 35 65 41 36 87 -58 -70 57 -69 71 106 38 80 -86 14 -72 54 63 124 38 39 125 -22 20 -72 -107 -46 -86 69 103 -18 77 119 -36 -37
-104 -12 -123 -22 -22 -96 -59 -50 -76 -83 -65 49 -59 79 50 -68 -117 -95 -5 22 99 -87 -18 122 -10 99 13 -93 -5 -126 75 -89 -9 44 36 -77 -66 -53 -98 38 69 -101 -105 28 -93 12 -66 -110 -43 -73 108 -15 43 84 71 -40 -69 -11 -83 70 72 82 -89 113
112 119 31 5 -99 -42 32 39 -112 -41 -117 32 104 -39 -48 -58 74 32 14 113 -53 110 87 104 13 -1 46 -102 105 -2 -2 45 -19 76 -39 27 101 18 -86 -33 -60 -65 -81 101 -117 -62 91 -71 21 6 -92 120 -48 -4 46 -86 87 107 -13 -66 53 57 101 60
-70 -74 125 89 109 64 -76 -79 20 11 -34 13 72 -26 -50 -41 -46 123 -61 -91 -26 111 -39 51 -16 3 55 -20 88 72 11 -111 -12 122 -116 -43 52 -42 116 -113 -25 35 -27 -106 102 -28 -16 41 -96 100 -100 112 80 80 44 61 -71 37 114 -70 23 -32 -102 -34
71 88 -69 -65 8 18 -109 94 26 -60 40 -2 -5 -32 118 -57 -57 -36 87 -12 80 -95 11 -118 -95 104 -6 0 -101 -31 73 -21 26 -127 -47 -53 -35 18 53 -121 -26 -11 -6 -104 -11 44 97 85 3 24 -93 -127 30 18 84 103 -87 72 -47 -124 -85 69 -42 20
-92 -37 103 33 -121 -96 32 -12 -92 22 -102 -93 102 11 60 41 -72 89 77 106 -68 -72 21 68 122 -5 -84 52 -34 -122 -101 29 -85 -51 112 107 -2 4 -33 -11 120 -109 -46 36 -78 -70 -9 104 -44 -84 80 -39 111 -125 -42 75 -76 -34 -72 87 49 -68 61 -31
-127 120 -29 -80 2 -101 50 101 -65 -14 -121 82 -82 -80 50 39 -36 23 106 -98 -126 122 -57 -36 -62 -32 -35 55 -3 -104 89 8 116 -97 -88 -101 26 4 48 -35 -47 108 52 7 -89 -27 107 87 76 113 13 60 -13 102 19 -112 -28 -111 119 111 101 -46 -26 -31
-85 59 20 95 -18 -80 82 -110 103 -70 -81 -39 -29 -59 107 -121 -79 12 124 96 -106 110 -114 -123 45 -73 55 -42 -87 55 1 20 -119 100 -120 -101 75 -79 -24 39 -71 -80 42 -60 55 23 9 -29 -93 -108 -79 -26 -68 108 23 77 -58 -35 88 -62 -78 -8 -52 27
-67 -56 16 -1 -41 95 14 -109 29 -53 -101 -96 -70 -23 -64 76 0 105 -95 -62 -19 -31 -108 11 40 -53 68 -119 -116 33 -25 -39 -5 -48 79 12 47 -21 125 -127 94 15 41 -23 9 15 -113 -27 113 60 123 -42 81 -95 25 86 86 63 7 -118 -61 25 -49 -10
70 56 68 120 127 -19 -85 -30 64 29 78 72 -93 -108 52 50 -116 -24 -73 -14 -54 115 7 122 -128 -103 99 -106 -9 -113 -116 -115 -32 -104 -80 71 -87 -64 -106 78 -16 84 -13 -39 12 -73 -49 -69 -120 98 48 95 -117 -58 -35 -72 -41 -108 15 -11 -94 -83 62 -109
90 -89 -30 -106 -1 -89 21 -66 -1 38 19 -84 -44 23 -11 -65 14 -30 103 -52 20 -84 -61 -77 -9 -68 80 -100 73 -48 7 79 -97 -120 -67 86 49 -15 12 37 -113 42 115 -76 75 67 112 -100 78 7 -25 -8 22 -38 -83 -9 73 122 -126 -123 80 -116 -43 -39
-121 59 -13 -35 -24 33 127 76 114 -43 -42 127 -63 -76 69 11 -77 -15 -96 61 -57 59 -62 -42 75 14 -82 81 66 -80 -7 -20 -24 -76 29 -123 -69 42 -122 100 37 -34 70 18 125 102 96 -84 -92 124 15 17 98 -23 5 126 124 -21 -62 71 105 12 -6 -70
-46 97 -67 77 -107 -28 -90 -69 -69 75 42 -52 36 12 -122 84 86 107 34 -85 -63 90 -62 55 -64 114 41 125 25 96 -33 123 -62 -111 74 18 86 80 -67 -124 -103 -80 -74 9 20 25 34 -98 70 87 46 -48 75 98 -76 -36 -3 -87 -65 71 -85 92 17 -94
104 67 91 71 90 -70 52 -79 3 93 72 -96 -29 -29 -41 113 -44 -102 108 37 83 42 6 95 -42 -46 -79 52 -83 -63 81 -85 59 -91 -82 -85 -70 82 29 -68 126 101 34 -38 -54 -79 -29 -17 -73 -91 -117 -35 -58 93 122 -68 81 -67 117 -86 78 100 45 -33
-126 85 81 42 109 72 79 -99 106 91 49 -117 11 -70 -23 -32 -11 -65 -49 -49 48 27 10 -27 -92 -41 -63 81 -17 -95 56 -56 75 42 30 44 20 21 13 -21 -122 81 124 9 -59 -30 -94 -17 -79 -28 -22 2 -79 -1 88 -33 107 100 -69 -103 123 -35 -24 84
-122 -120 48 71 59 88 37 -110 86 6 93 100 1 -22 105 -18 58 15 -30 86 -82 58 -70 -27 59 50 -10 -97 8 127 108 -99 28 3 73 68 84 28 -89 -128 -92 36 27 -46 30 -21 -125 -124 13 52 -8 -38 -47 -118 -24 25 92 -34 18 34 20 16 105 -10
-23 57 76 -93 73 -67 -18 52 -47 -128 -76 -99 -85 100 -22 84 65 118 -78 -84 -75 120 111 121 -46 -114 -47 -119 127 98 52 -3 14 49 112 -85 4 -103 -35 41 72 68 63 -42 -73 48 106 -35 -26 95 89 24 -78 75 122 -86 31 -36 79 0 -114 19 116 7
7 -21 127 -117 -47 113 -14 68 -28 59 37 -49 42 112 -52 94 14 32 92 -122 90 17 34 -105 -44 74 -80 82 -26 -13 6 99 -42 -55 28 48 27 63 -109 56 120 54 124 116 -50 9 -111 122 -127 92 83 72 -110 74 -89 -124 -95 -110 77 -77 73 -108 112 -23
-36 80 92 -45 -37 -14 86 123 10 -5 44 115 -98 -54 7 -15 83 126 60 96 -97 -93 -118 99 -28 -43 53 81 85 -17 -82 56 -89 -55 95 -32 36 -95 54 -51 96 -122 -93 -8 -111 -67 -72 83 -9 -32 -107 -113 92 17 -66 59 107 32 76 -81 17 -37 93 110
-33 13 -94 -88 76 -1 35 -91 76 -115 113 27 71 -50 100 -62 21 99 117 105 -102 90 70 -99 21 -75 -95 -126 95 71 124 -86 64 -90 126 97 12 -65 93 -20 99 -92 114 -79 110 -113 0 -26 -18 25 -114 -86 -25 71 -93 47 86 -44 -77 2 -5 100 64 -70
-25 -60 95 61 -86 -86 -94 74 -84 111 90 -12 -26 -60 -114 -21 -2 36 -52 -89 3 66 52 64 74 -19 -72 -77 61 -34 31 75 -22 26 79 50 91 15 24 94 76 106 105 -31 -20 28 16 64 -108 30 104 80 -101 115 -64 -50 -111 -33 63 -65 -36 0 -50 125
103 -88 29 -60 -8 6 -111 -40 -34 17 -105 -101 -51 0 109 -115 103 -13 -75 -34 -115 -125 -48 33 -17 37 -70 -125 103 -118 122 -107 53 13 -74 -78 122 38 -107 -3 -34 -83 24 -53 -110 -7 105 -36 -65 -54 96 -47 -43 -19 -108 -75 -80 34 -35 -33 74 -44 -68 78
51 -14 -128 70 70 -33 125 16 6 62 -4 106 70 -69 -118 70 -84 63 -86 13 -105 94 8 125 22 -39 -44 84 58 -66 -74 -13 6 -70 -103 -54 -24 47 -76 -79 -5 -14 34 54 -108 40 -21 -10 88 -111 -19 102 -19 -57 -55 -7 -48 81 88 118 -112 6 109 60
-102 38 95 21 40 38 95 62 55 46 67 110 -44 106 118 113 127 -24 107 13 114 -16 70 -99 -88 64 -19 25 -100 -35 -59 40 -66 -97 -81 107 -59 -67 -74 20 120 29 -74 -46 -69 -65 -83 -114 120 -112 16 -24 70 -96 -106 38 -1 -4 -113 73 -105 83 -95 -88
7 96 -108 -17 -111 -89 -111 17 -31 16 -27 17 -83 -39 34 43 -77 102 -49 -120 121 51 -2 127 -76 -25 -27 -118 80 -66 -76 107 84 -23 99 115 9 42 -30 26 -83 75 102 47 -27 -95 -25 -109 27 38 8 -26 66 8 -56 -123 -47 72 -99 57 55 53 -44 -46
-126 -23 127 -86 -98 -32 -52 -118 123 -67 7 -58 10 -60 -127 -78 95 46 48 -50 -86 73 -65 81 69 -46 -14 33 57 -13 -20 -5 -27 32 72 -14 -60 111 -45 35 -50 -59 44 -95 73 -103 -53 32 21 80 1 116 -16 22 -15 -126 18 35 -93 -28 -78 -93 -95 69
-27 68 -24 91 -36 124 -34 124 102 -95 76 57 65 -120 101 -104 -71 32 -116 -85 -13 39 -45 -27 -39 100 27 73 57 -14 -103 84 -46 112 55 10 75 -79 -17 95 83 3 -63 -103 -106 -2 34 -30 -1 32 -30 117 105 22 107 -50 102 19 -90 88 -54 48 37 -2
-102 -44 98 112 -56 -29 -89 76 -108 96 70 68 -122 -50 -111 101 -128 -17 -57 -80 -17 -28 -12 24 33 -6 -71 -120 59 31 -21 47 -86 -117 30 -127 -118 36 72 85 -88 7 -27 30 85 28 -109 -98 52 49 103 51 105 -19 18 63 -3 -85 -96 -79 -124 33 -56 40
34 64 17 -73 95 59 29 112 -116 -70 72 121 49 -69 13 -9 -124 125 48 9 30 -86 19 88 -65 8 -18 88 -72 -17 -107 -97 106 48 -19 67 46 -14 80 -86 7 -38 13 -16 -48 -88 79 -22 31 34 -20 50 18 -64 62 -22 -3 -116 8 108 -125 -122 -62 -46
35 15 31 -1 -105 -89 -111 21 -85 95 36 114 107 31 121 59 -58 101 40 20 -23 11 -30 22 -36 -24 49 -15 -51 93 -115 -7 75 85 -4 47 -68 40 116 123 -108 9 65 -12 1 -29 -117 -76 -57 87 -42 -3 44 -115 -11 79 93 -86 32 -67 38 89 84 103
-78 106 -112 -120 25 -92 -56 -82 -41 -37 -90 -6 -80 110 105 -74 -37 -20 69 -30 -48 -124 -124 125 101 -80 101 85 124 46 55 13 -44 -68 -69 -30 -11 125 26 -3 -101 -26 6 -38 -92 25 -22 -34 83 -86 40 -29 -78 11 20 -79 39 -26 46 -84 73 -18 121 -44
-72 84 -55 70 -56 99 -112 124 -24 38 97 -82 -63 58 -36 -69 22 -53 29 10 -11 -20 61 108 -100 45 63 -25 -109 118 -29 110 -34 91 -94 62 54 -56 118 13 9 63 -60 77 -8 -74 -110 -23 76 84 72 75 72 -33 88 -67 -73 29 27 109 45 -4 -98 -106
16 65 -78 -7 124 -102 -37 6 -24 76 -75 -103 112 73 -104 85 -82 12 102 -76 -113 -21 65 82 -47 -18 -125 -50 28 85 25 -109 -56 -77 73 -91 123 15 56 -14 -50 5 -126 -126 -61 48 80 63 69 85 45 -20 106 -47 70 30 16 115 15 -29 -71 65 -22 76
108 -16 80 -24 102 72 113 -7 -32 -112 -95 71 -85 -117 -111 76 102 58 -25 -74 33 11 -19 38 -98 107 3 -50 115 -30 8 60 116 -9 -103 77 76 19 62 -93 117 2 -32 123 -50 20 104 30 58 63 32 -88 -93 -68 -51 54 -54 -43 64 -102 -98 -31 85 -113
93 29 -1 77 -80 -92 -41 -88 100 -12 113 -110 -11 -71 -103 2 67 16 -108 93 17 99 60 111 -24 125 -99 47 -83 -26 -84 -126 -46 -60 -55 86 -38 -103 126 73 -61 -82 -77 -2 -101 83 -110 119 4 22 -77 -35 -87 -108 27 110 -114 93 -55 13 -56 11 117 114
-103 5 29 -87 96 -75 -20 112 63 -58 21 26 -1 -20 98 108 -109 -97 52 -39 -122 -23 99 -9 72 85 -96 9 109 -26 56 -40 101 -21 -96 26 66 127 126 4 -44 86 -104 80 108 10 76 -128 73 10 118 -126 3 76 12 10 -59 29 74 -70 114 -93 -15 86
-52 127 -11 96 66 -105 85 81 -100 -109 -25 -49 -65 111 -53 -116 122 73 -87 -94 -122 31 20 10 55 -62 -54 -47 52 72 -116 -65 -56 -89 79 81 118 -49 99 113 -3 -99 35 -22 16 -102 -2 -108 3 -11 -53 -100 50 87 122 -59 17 -52 37 4 -13 7 35 92
77 -101 2 97 -43 25 93 89 86 -67 37 117 44 -45 -46 -18 0 -44 -101 103 16 -44 -93 -6 32 74 -119 -118 6 -79 89 -127 29 1 117 -9 121 66 -33 69 43 -81 53 -63 63 -64 15 29 -15 -125 -123 113 38 -123 -29 -113 39 -83 26 -17 49 -100 28 47
81 -102 -119 97 -128 -106 -52 103 121 71 -99 -125 -55 28 76 -90 81 47 127 6 -36 -16 -33 38 -10 -115 19 -59 119 13 46 17 -32 5 58 -35 16 -101 41 21 -112 -96 -40 52 0 -120 69 116 24 -97 87 90 -93 -88 29 64 111 26 40 18 63 123 -89 -92
36 -113 -75 -21 -35 -16 49 109 127 -61 93 -33 -6 -61 54 10 -114 31 20 -87 3 43 18 30 -81 -124 46 -55 123 -125 55 95 39 -47 21 44 -21 44 28 37 -126 13 -6 -74 44 109 -19 -100 -117 -85 91 -93 22 105 -50 -61 -105 -32 101 37 79 -43 101 -36
36 -44 -69 35 -70 -116 -25 -59 -99 -69 -7 117 13 110 -54 111 89 -28 124 -102 67 66 -24 98 73 -36 108 -9 -93 -125 84 113 13 43 -73 -25 17 63 -123 -24 -38 -11 -21 -78 35 91 -125 -105 94 35 26 -87 -36 2 -122 -99 -41 96 -15 81 80 -24 -28 -101
44 116 -34 -2 -18 1 5 107 68 -115 -56 11 69 -114 -70 -18 103 -10 -118 15 112 14 104 114 101 26 18 -69 56 118 43 -69 109 69 64 13 33 8 -56 21 81 -96 -57 -126 -15 50 -56 -128 -45 -27 -24 -109 19 -75 -62 -56 -114 100 19 -38 -29 -47 -117 53
-90 22 114 57 -105 -86 56 26 -2 34 126 108 -36 -35 109 90 -75 88 -92 108 74 -124 -107 -79 -77 -85 80 44 -77 -63 89 104 -84 106 -24 -5 -21 -119 69 -8 -116 101 70 -48 -90 31 -85 22 -44 -82 90 -108 -19 -32 -31 27 89 -75 111 95 -114 76 -17 -11
-79 17 106 39 32 -45 -116 30 60 63 110 60 69 -52 -30 77 81 31 103 -56 -78 -98 114 7 -8 -4 -125 49 -92 69 -80 84 -34 19 56 -104 33 1 -5 -36 33 95 -113 -22 71 57 30 44 -123 65 92 -83 -4 19 -117 -117 84 -116 89 60 -73 100 -51 105
76 -3 -26 20 92 -33 104 -91 -107 -107 -27 -22 95 70 35 51 19 109 31 94 -117 -8 -123 115 24 87 -64 71 127 83 105 101 -89 -128 69 -75 -127 -120 -80 -55 -87 29 -11 -22 -120 -93 58 -26 44 -39 109 123 0 20 102 -110 106 53 77 -125 39 -93 3 48
-76 -16 -52 56 114 125 111 25 -128 92 -100 -104 4 -60 52 91 -89 -34 -47 7 24 -110 -126 1 90 58 -110 -128 -42 106 56 113 -31 39 -96 97 -119 82 -40 33 54 -72 -101 -88 63 -28 8 -3 -26 86 101 71 81 46 -88 15 79 3 -107 12 -80 76 78 20
27 -39 -19 -53 104 65 -84 -94 -9 96 0 -21 -86 3 89 13 -98 81 -99 -39 -50 77 69 64 -32 118 65 -79 -40 105 -128 25 86 -58 -52 -14 66 -124 -62 -28 99 79 119 -80 101 88 -124 -56 -126 -108 65 -10 -45 115 -99 11 5 -48 -51 43 -94 68 -11 32
-94 -72 -115 24 -34 89 -32 -88 -108 5 81 51 104 41 -62 4 17 -50 101 -119 -67 76 62 94 -13 -90 -85 22 102 -83 -128 -61 69 32 25 60 10 -108 -2 6 95 112 -18 -77 12 -64 -11 -98 115 76 -39 48 -8 -15 97 -81 113 25 114 110 -11 -37 -94 -107
127 21 41 74 66 -100 37 24 -19 21 -19 116 -53 -50 12 126 107 -57 -15 57 -102 -21 76 -36 -103 117 -16 -102 -124 -74 40 83 -108 -48 -126 16 -97 -31 57 -34 99 -120 71 17 86 -111 -50 53 100 40 -101 -44 33 -121 69 -42 61 6 40 -44 124 127 -97 -66
-4 -76 82 -82 -96 107 -82 -63 66 24 66 -98 39 -102 65 -5 -28 29 -34 -32 72 -2 66 57 -42 103 107 -19 18 103 59 -102 -73 29 71 -98 58 -34 73 9 -119 8 11 93 -95 5 40 31 29 91 -4 82 118 -74 -42 125 -116 -46 -41 -9 86 124 116 69
36 46 -68 -10 -43 31 -42 -46 72 17 94 125 -43 -30 120 -89 -121 -120 68 41 -104 -43 21 -116 91 -65 -4 -2 3 -57 46 -93 -23 -105 96 16 -19 34 119 -126 94 -32 -46 -116 45 -72 -38 -99 90 12 -59 1 -10 21 -75 -61 26 38 55 63 -108 -42 126 -56
52 9 121 78 -63 -119 24 -84 10 18 -16 80 1 34 -107 26 31 34 87 92 -4 72 27 8 -34 5 -81 -26 -92 -101 -12 33 -114 14 50 69 -81 10 -1 112 6 -122 55 -30 86 -32 -65 -82 125 88 -76 7 71 66 -86 111 16 18 33 45 -17 119 -86 -97
110 -31 -81 31 -50 40 -104 -26 -59 97 -37 79 -124 12 72 -94 42 41 -26 -30 82 112 -78 121 92 28 27 105 -33 -95 70 69 -75 85 -68 -77 -75 3 -74 -32 37 29 -68 -70 -95 -59 -52 -75 23 -52 -37 -48 -93 98 -73 -55 -32 -51 -111 55 -118 -34 44 13
98 -19 78 14 -10 60 43 52 -81 36 65 43 -120 10 41 81 -84 85 -5 18 -116 -106 62 12 101 -59 -4 -34 -61 76 14 125 76 45 -82 56 15 -55 4 -32 -60 90 70 -23 39 94 -28 125 -3 120 -10 15 -86 122 -24 -112 -39 117 -82 53 115 -2 77 -64
-72 -26 13 84 -46 -74 -45 -118 90 113 -13 -52 -122 -14 -105 37 41 93 116 -8 -65 39 46 47 -33 71 -5 116 39 -100 -69 -26 -31 13 46 -83 -60 36 107 -83 -58 -128 54 -63 -49 50 -116 -71 82 -10 65 82 -99 45 87 -36 5 -24 101 -45 -40 -109 116 -8
102 -82 -12 -120 31 117 -103 41 56 -29 -14 -96 101 102 0 94 -42 -15 61 -49 -53 -38 80 81 40 6 -116 -4 94 12 -13 113 -106 -91 -109 -10 -21 119 46 17 38 41 52 71 74 -80 -123 3 -42 9 49 -75 68 -69 64 81 78 67 64 -23 -31 -44 -69 121
19 -21 -86 3 76 -43 123 -114 -13 -27 52 8 13 23 -80 -31 -82 -71 -80 -125 102 80 44 -35 1 -42 -66 41 69 -105 -18 -88 9 -16 -79 -57 -46 -23 71 -23 41 80 -95 -76 60 125 9 46 -105 11 -99 7 -117 -30 94 37 85 -18 119 46 66 -70 -78 -50
83 92 106 -126 -97 106 -22 -49 46 -19 57 66 12 -57 -69 71 123 -89 -15 123 52 83 -8 6 8 -99 -5 94 -126 111 -25 44 98 8 115 -30 -86 102 -27 113 -5 -107 83 99 -7 -88 -64 23 124 29 -115 28 -88 -100 87 111 2 83 -11 110 67 116 -76 10
-122 -96 -84 -56 2 -13 51 -124 123 -23 -1 -47 -70 -52 57 -116 -18 -85 21 -55 -101 88 3 35 96 105 -127 54 12 -81 8 24 -85 0 56 -101 -54 74 96 -82 -52 115 -99 -90 44 -93 -104 33 -38 57 -11 96 42 -84 -4 -125 114 17 -108 -43 126 -110 -107 -49
-119 23 96 -83 93 -83 -95 121 12 -39 126 -25 27 -117 -57 16 -116 -36 -6 -112 62 -64 -60 3 -61 -118 4 -85 26 -27 -78 -75 -125 -121 -61 25 -63 61 -56 93 -19 -90 92 -70 -2 9 -70 -36 3 56 9 -54 -36 33 105 -63 117 -82 -125 111 -100 18 -87 121
8 -33 -29 -11 -109 -40 -30 40 -26 83 28 116 -63 98 94 58 63 -18 -30 -65 95 11 -32 29 -60 -92 46 -10 87 -10 -125 -34 100 19 18 -23 88 95 -85 43 -36 -109 23 -11 -5 -85 46 95 -35 32 20 -57 36 35 -58 21 82 -57 50 -113 -73 56 -117 -54
-56 -121 -83 77 -120 44 -9 40 75 -116 -126 -17 43 -14 100 17 -87 122 -105 72 11 115 3 93 18 88 -51 -107 42 -101 24 -20 27 107 13 115 83 0 100 34 -21 -104 21 -64 -75 119 79 104 127 -53 23 124 -43 -17 23 -108 60 126 53 105 -64 -1 -42 108
72 22 17 -3 1 105 -4 -1 -20 -118 -21 -17 -103 21 49 -19 -34 122 25 67 46 -39 -82 23 2 109 -2 -103 -67 97 -22 -42 52 -109 79 16 97 3 -123 -120 -38 88 18 -16 -110 61 -51 23 45 -3 118 -16 -9 66 -55 -64 -91 -108 65 -24 -112 92 -85 83
-26 -16 -90 122 -13 84 45 -46 39 -35 -77 10 -87 89 63 -48 -98 -57 -95 30 20 85 -101 -3 13 54 38 47 -63 29 115 77 52 -31 35 -13 -13 123 94 51 28 -65 -99 -63 52 -38 -112 4 -79 -62 24 30 -46 70 117 -72 14 -26 -47 53 -127 -85 123 -31
79 -57 37 -63 103 -65 17 23 -79 36 22 66 110 80 24 31 -78 3 -55 43 29 15 -96 -51 -115 111 -64 -13 117 -99 -77 -62 89 28 -78 58 -98 -10 80 -35 -52 118 4 -122 -113 30 23 -69 -88 118 84 34 -119 41 43 125 -3 -104 55 78 26 81 69 -78
-14 107 -38 99 72 90 2 123 -102 30 60 91 93 -113 -37 98 61 -38 3 -98 75 59 47 -6 -27 -11 57 -86 -40 -81 115 29 -88 -8 16 -70 -44 123 -15 7 -12 28 -33 -1 61 -105 74 110 -118 92 116 -90 -122 61 -82 110 -18 -61 -71 -5 113 -122 103 11
100 -25 37 29 14 32 -10 115 21 116 80 51 96 0 -51 -3 -18 57 -108 4 -68 -3 -75 25 97 -42 -86 -70 -77 75 47 -47 -69 124 52 63 -125 -59 -75 98 -46 94 21 -29 -38 94 -1 -46 -47 117 -104 105 -104 85 -119 16 97 23 90 10 -67 -100 -120 -9
127 -50 57 -43 6 -43 53 -18 -92 47 -67 116 -66 94 -117 10 -89 -125 127 99 99 80 -58 62 -19 -53 109 -4 -52 -20 84 -6 -90 -51 10 -36 -29 88 -45 -97 -56 13 -32 -48 82 -62 22 13 14 -109 102 -24 -15 126 101 122 -71 82 -63 57 70 -116 68 43
-91 -16 -49 -54 74 93 -45 -64 44 126 45 -50 -83 -128 47 -13 -127 -20 -127 21 -88 23 -20 -15 15 -1 83 118 -67 -105 -15 -81 -16 125 -110 68 124 61 -30 125 94 -125 -66 -90 -97 32 85 -5 127 108 -70 -32 -99 31 69 -41 5 -32 -33 -106 -59 -115 -96 -54
-121 79 -2 -70 90 65 -88 39 53 10 -60 -105 -114 77 16 -36 -115 52 -9 -115 -18 -123 -37 -23 121 -43 -93 51 94 53 10 119 -40 -16 50 122 -123 -98 -13 52 -30 -116 92 -93 -121 -83 -102 -109 -76 24 109 13 -83 109 -49 35 -47 -123 12 47 -88 112 -53 103
39 28 -63 -43 -77 97 52 -46 -107 112 17 82 85 117 104 -99 71 22 86 60 35 -73 115 96 -119 94 115 -9 -36 99 119 96 -11 114 -52 91 120 -119 65 -112 100 92 27 118 55 55 -114 104 32 -56 77 -14 -13 -96 -7 96 117 22 95 -117 -102 -87 86 -103
-16 98 88 105 -9 -34 -77 -124 -80 11 54 52 33 -98 42 -12 41 -34 5 -73 -126 68 -79 8 79 -60 -98 15 69 127 98 51 -120 7 33 -45 -55 90 -25 -106 -1 -71 30 41 -123 -36 -94 -63 -62 -11 9 23 69 6 -122 -4 -21 -82 93 20 97 104 -50 6
56 89 -52 74 -77 84 -47 27 -104 9 -98 -86 -72 -121 48 22 -104 71 117 -73 111 23 60 8 -62 -106 -73 94 -21 100 31 -8 -79 36 -51 -18 -34 -25 33 -4 -119 -38 49 -114 -26 61 36 -60 -50 70 115 -52 115 88 114 8 60 114 69 77 108 43 54 -20
102 -69 -15 21 -41 8 9 110 2 -82 -9 -30 39 -115 -70 -4 99 44 -100 -41 -3 -39 100 66 -67 29 -31 -10 54 -19 103 -118 28 -18 -121 -49 -13 -29 -31 103 -73 78 -32 117 -67 24 89 73 -118 105 43 21 88 -34 90 90 -1 77 -36 22 57 93 11 45
63 126 -35 61 -28 124 -2 55 26 69 47 18 -71 103 107 112 -52 85 -44 55 32 -80 71 54 22 -42 24 -1 72 -111 -84 -2 90 -55 -84 11 -93 -11 -43 11 -57 -16 120 -55 -111 127 -31 54 -3 -8 -79 18 0 81 -19 -77 -15 116 76 -86 -49 -1 2 -25
127 16 -107 -31 40 -59 -67 16 -79 113 -125 68 61 115 -46 0 -83 88 61 -120 -68 42 45 -80 61 -117 -37 124 1 -36 -91 100 -40 -48 73 69 70 -31 110 -23 7 11 118 -123 22 7 -7 -128 102 125 -76 -2 -35 -79 119 -105 -19 125 -82 31 102 27 -73 83
102 0 45 78 -36 11 25 6 15 -84 64 -6 101 55 -68 -55 -99 -109 64 -102 -7 76 60 -124 -62 108 4 63 -100 -50 57 -67 -123 9 14 -99 114 -121 -104 37 -120 17 13 12 123 -24 -96 86 108 -7 -126 30 5 -58 70 46 -24 66 -97 84 -8 124 9 -87
88 71 57 -71 -69 -27 -4 -68 -32 -4 -97 92 69 120 -97 64 -71 24 -46 21 60 33 57 -18 82 -82 45 23 52 67 33 -103 7 38 60 -8 -113 123 59 -29 39 116 115 -44 27 107 -70 20 122 -18 -75 -110 120 -15 -36 -94 -44 -95 -100 -29 2 43 91 -119
93 -61 54 32 -82 -107 21 123 100 121 -121 20 52 20 -23 -24 -59 81 57 90 45 -35 108 -95 103 122 73 -91 -84 95 -67 112 123 -75 70 33 -101 107 -51 32 -93 -103 21 29 -5 -44 -63 -121 67 -126 48 86 -51 87 -48 -64 23 -111 -114 25 -16 6 -1 -107
-67 11 -57 -99 -2 -126 -59 -2 -44 6 77 121 3 -120 83 71 111 13 102 -21 -39 65 -32 10 -86 -37 46 96 -116 -12 106 105 -78 -87 -31 21 -36 -9 34 27 0 14 79 95 -80 -8 78 53 122 32 93 74 -93 8 25 -75 31 2 30 94 -71 -40 -77 -77
88 17 -88 69 77 -18 -84 82 -61 -29 -77 57 -37 87 49 44 91 92 -67 62 7 -74 -25 82 75 -4 -61 -106 -100 -32 95 -66 71 -53 -122 17 -71 -11 73 90 120 -21 -108 65 24 85 40 99 -112 97 -68 -126 -79 -104 -32 34 94 22 73 -40 -77 -55 9 -118
5 108 -2 -89 47 -67 48 -73 18 60 32 66 -3 101 -120 90 0 -123 124 70 -41 -128 -55 94 -93 -1 -109 103 23 -18 90 37 -25 62 -12 116 45 -52 -103 -114 111 10 113 55 -99 85 101 -61 17 35 -49 72 -4 -60 -55 -89 87 59 -26 -5 38 -30 54 -113
21 -48 -78 16 -71 51 -51 93 -78 -40 16 52 31 68 -127 94 -105 115 94 18 51 10 -56 -46 76 43 -99 91 119 -55 38 83 -46 -22 8 -29 -120 -15 -27 78 40 77 2 80 -7 -17 19 80 123 13 -49 67 19 -41 90 -65 -118 55 94 -13 -56 -12 -8 95
20 -61 -4 -3 -63 -95 10 -47 45 -96 1 -104 53 -96 16 -107 -49 -117 -108 19 -120 -68 -127 -24 40 11 41 -17 56 -76 -1 -2 107 77 -55 -37 -7 58 29 -49 -89 -42 -71 10 75 96 -29 86 24 -79 -124 -77 -27 -28 -97 -83 37 -34 110 23 25 110 -96 -33
-121 90 -76 61 13 79 -27 87 5 -6 77 114 -90 108 -111 0 -111 121 -13 -24 -17 -95 65 38 -73 14 107 9 -68 -67 111 -46 -36 114 -34 -66 -23 9 48 -113 -33 33 -48 -104 16 26 -81 28 36 -123 -31 94 -116 46 37 26 29 -85 -87 -61 -119 97 -61 108
-77 52 70 -85 60 -82 6 53 119 -68 -87 -118 86 -36 15 -92 -18 -16 -8 -11 -25 -127 18 -26 28 34 22 -37 -120 -77 -88 70 1 35 0 -16 89 74 -119 -103 -112 -121 -62 -43 -102 -83 59 120 56 79 95 3 -33 29 -67 35 7 58 66 -47 -54 -122 -72 -38
97 -69 77 -96 -92 112 -33 -53 -36 -97 105 -106 -67 89 -34 -104 -112 6 -63 -48 35 -29 2 19 96 104 -77 -71 -11 92 53 -83 -106 19 -38 81 86 -6 -68 -18 -74 99 119 74 45 -42 32 -53 59 -65 2 9 -4 -112 -15 -92 96 -78 77 62 -66 -47 -70 82
117 23 10 17 6 15 6 -31 -75 -125 -87 -100 -123 -37 -83 44 -126 6 -105 17 63 118 3 -13 43 -113 118 61 -125 -47 108 -128 21 -56 73 -74 67 76 -112 -95 20 -13 -26 -2 -61 -75 112 -36 -83 106 -63 -6 -60 -83 19 -57 46 0 83 -1 -29 -59 109 -21
-13 78 -33 -53 3 -96 2 93 -60 8 51 94 -56 98 100 -101 114 86 -90 -19 78 95 -44 101 -124 84 84 86 23 -16 29 -21 -62 55 -102 123 -11 -77 -119 -36 88 -87 -52 40 32 19 85 42 69 91 -117 66 -18 117 87 -24 -24 -38 -119 18 -70 111 -21 -90
29 98 87 -74 -95 -88 -18 -116 -7 -78 -3 73 113 -1 91 56 -122 -115 10 -106 117 -95 102 -63 108 -80 11 30 -53 -61 80 -12 59 21 -56 -87 -4 42 -60 -29 119 -74 122 -121 -23 -10 -44 -31 -19 -17 -14 98 -20 51 -10 -23 -14 116 -18 -67 -121 3 -22 -38
-13 104 51 -68 -27 118 51 -64 1 67 -13 50 -1 59 -125 97 -8 -82 -57 2 -73 29 63 -69 -94 -98 -78 55 -7 -90 15 -27 4 28 105 68 -74 -81 -10 33 109 -88 -27 -102 54 -67 -18 5 3 -127 -72 29 -65 74 123 118 94 -81 -94 89 28 -115 107 -127
-125 118 121 -114 -114 -31 120 44 -21 71 51 -109 54 -109 102 68 1 -3 -27 -92 9 118 -42 -46 56 18 -119 12 26 51 -37 -58 127 -51 93 121 -98 -109 -59 -114 -10 20 -90 94 39 -92 105 42 20 -108 -48 94 59 66 89 -35 -40 30 -72 -120 117 1 25 -5
22 -108 -59 -75 -90 10 -78 -69 85 -84 71 71 88 36 -52 99 -62 55 -15 -120 123 121 -31 -50 -126 11 18 -22 -27 -3 -29 -75 18 -35 95 92 -116 -104 15 79 29 95 67 44 51 -62 91 33 -119 -3 45 62 79 -71 112 -103 9 -22 116 -31 32 -111 -16 -12
56 118 -52 -107 -93 35 25 -77 124 -122 9 55 -20 -61 -123 -33 82 -111 -26 95 113 -82 17 43 -78 69 -21 58 -95 -121 -49 100 76 99 66 -47 79 -116 -106 11 44 -115 27 -97 54 26 83 -92 44 -25 123 -2 75 33 124 -48 76 -26 -104 102 -53 -13 92 13
-43 -114 109 63 93 -124 84 -20 16 75 23 89 -67 -80 -84 -36 85 85 102 -113 -66 0 58 -128 -68 -61 64 35 -100 -33 44 -107 20 -99 43 -49 -58 -23 78 67 55 77 -60 72 124 -112 43 70 -56 65 -120 -122 -121 -25 -101 -81 105 59 -30 -93 100 -125 -32 81
108 12 -12 95 16 3 -71 38 26 -19 -36 11 -1 -43 -60 -19 93 21 17 -22 -81 116 -59 -74 32 -43 -20 -10 63 95 -121 -8 -119 -108 -27 98 -53 -68 69 17 -105 102 66 65 57 -79 19 -63 -62 -2 102 23 -73 2 -5 121 -67 111 -127 34 -7 46 90 104
67 110 -95 94 -65 29 42 -96 46 -19 -40 116 -102 -75 21 -126 -115 44 -21 -121 115 6 109 -107 -98 112 -88 123 73 -90 74 64 30 15 33 -57 73 30 -29 -3 98 107 -44 -1 7 117 28 103 -81 -27 63 -110 -49 122 -127 -65 99 37 -17 26 107 30 -20 -114
-83 -126 -46 77 9 25 -25 21 -86 98 -33 -12 -78 -72 12 -26 -82 70 127 41 70 102 88 19 109 26 47 116 -5 118 46 -16 81 -94 116 -5 -94 44 70 116 114 38 104 -18 -99 -48 33 119 -37 -107 11 83 -110 37 -84 -16 56 -29 124 4 -92 -56 102 -126
91 63 67 -6 -10 -62 101 6 -80 82 -28 -14 68 108 77 -88 -34 -60 -102 -116 -77 93 38 42 58 36 6 1 -51 41 -23 -18 -86 11 -39 -7 105 -4 -11 11 71 28 12 -106 -23 80 104 102 83 -96 74 59 -5 123 99 -27 121 12 94 104 87 108 -99 -57
16 -103 7 -127 91 5 41 52 -11 -83 -97 86 46 32 -66 -110 -87 19 94 -105 -23 44 12 73 5 73 -28 -97 49 120 -21 -102 -112 95 63 -126 -28 -35 -47 -103 -88 -1 -109 -104 -61 -71 94 67 72 -101 -48 20 -97 25 -118 -57 2 71 -77 106 -10 100 63 -62
-58 -96 -20 -127 10 102 65 -91 -63 48 41 88 65 -106 -99 56 63 -29 -49 76 23 124 85 -73 -64 91 107 -88 -79 -58 -126 45 -63 94 -88 -111 -116 -99 114 -23 -112 44 118 4 -42 -57 -10 -55 10 47 -46 -10 19 -21 75 66 100 111 -110 -18 -33 100 19 58
114 91 -125 -1 -44 80 127 80 29 60 12 95 -62 -105 88 -32 111 -27 74 -28 12 90 -41 58 41 49 -78 -115 -105 20 59 -5 112 -85 43 44 -107 78 -105 35 -25 -14 58 89 123 86 -114 -110 -119 -120 -17 -13 85 -20 -31 17 58 -15 66 -43 90 -9 -60 96
-12 -82 -87 66 103 -27 -107 -35 57 122 109 -97 -90 -51 -18 -85 -102 32 78 25 46 5 -5 -86 -44 80 -76 110 20 -6 94 -49 45 18 28 -104 -58 126 -7 94 -81 3 -109 83 88 -100 -68 45 -67 -40 -20 39 -102 50 -15 13 -68 -63 -16 -94 -60 42 9 -34
43 76 -48 -103 21 21 26 104 123 -61 -44 -33 34 -26 -6 -98 -124 107 114 -63 -36 127 -108 45 20 101 91 55 71 47 70 -91 81 36 -43 -75 -6 102 -105 2 86 115 -11 18 -78 96 -105 -73 49 -79 64 120 -28 -23 -116 123 9 -110 52 -23 15 -35 27 -77
-55 21 86 -91 -25 61 -120 78 -9 7 -94 -103 74 -2 -101 75 107 79 -90 -26 94 -20 -103 -65 103 43 43 22 -24 88 -19 -70 95 -68 -2 -46 -2 -15 108 -110 -1 86 59 -12 14 -22 114 46 -64 73 -123 24 4 -72 -17 -23 -126 82 44 60 102 81 -34 -16
-19 -15 -47 -56 -28 120 -26 -56 -88 -29 -59 -89 61 16 -16 58 26 -33 22 -109 103 -8 -122 -103 54 43 -31 -46 -7 22 15 -30 102 -109 88 20 5 58 116 -15 36 35 -78 44 44 117 -36 46 89 -98 -62 13 -17 -9 -123 -10 -95 -93 34 27 27 123 -78 8
-68 -17 105 -46 -91 -126 -92 -85 -87 49 -117 -29 109 87 -61 -84 -85 109 111 112 76 -78 -84 105 -91 -82 -31 60 -37 -87 -66 -126 -108 -103 58 -98 54 -98 40 -24 -75 -105 -88 125 -9 -123 -120 66 -25 -4 -104 103 -92 -50 -93 -15 -96 11 -16 99 -73 15 -8 -95
-79 7 58 -4 0 88 -125 -25 76 -26 -114 -1 45 -61 16 11 -15 107 106 127 -120 -2 -16 6 16 -105 -7 -51 113 -7 -38 -110 41 -35 -2 22 -112 91 -70 53 -46 8 44 -35 -54 -21 -69 -13 -88 -51 -121 -117 -45 98 -26 81 118 86 -100 46 -102 -81 -120 -17
107 -78 -19 79 106 121 -54 23 -118 -83 43 116 -86 -47 48 -19 -7 -59 -70 -30 -44 -71 -23 -14 -47 -26 -120 116 -90 74 -9 -24 77 126 111 32 -70 -64 96 -17 18 32 -41 25 -13 21 46 4 39 -17 -66 86 -50 48 -88 106 -126 -36 90 119 -76 -55 32 75
53 -29 -128 -109 83 61 76 -100 -99 -39 15 45 -14 -1 -112 78 -77 104 109 47 -100 -110 85 50 52 16 116 -108 -6 55 -65 91 126 34 -112 110 -90 -79 -121 124 -67 -13 37 -34 -37 -77 -105 1 127 51 -65 -98 35 25 115 79 -94 -1 -5 12 90 -109 88 -89
95 1 -109 -56 -86 118 123 18 118 55 126 122 34 -6 68 77 80 -67 97 -128 89 -61 100 92 -7 -71 93 -106 -47 99 117 127 17 -49 -50 -86 25 -17 49 27 -38 100 1 74 -126 108 -125 -41 -14 -79 75 -29 37 -26 100 64 -12 118 122 74 -24 37 1 44
-38 13 -50 21 -61 93 -98 -12 -5 -91 -97 125 -15 121 82 -43 23 -122 -27 113 -44 91 82 57 68 39 -35 -53 72 -69 7 -73 94 -34 -99 26 -98 -94 6 89 85 -68 91 -98 -77 105 -91 -85 69 -13 54 88 70 -54 12 -97 90 69 73 45 -13 -52 42 31
-80 -91 -91 94 -78 -15 -40 -61 -10 11 -39 18 125 56 79 -6 -113 87 -108 -60 111 1 -92 -88 -122 -77 102 -62 51 -44 -76 43 -40 65 81 -48 -67 -78 77 -89 67 23 5 12 -21 -60 -49 -111 99 -18 51 106 -32 12 51 -98 -8 -110 -24 58 73 77 -94 -107
-53 100 -2 -76 112 50 -12 80 -62 48 -78 45 -52 40 67 -42 27 -123 -83 51 96 2 2 0 -10 77 -65 -45 -41 41 -61 -116 87 93 57 27 42 69 -120 -55 -84 80 96 -112 -5 -78 -115 -90 -17 102 74 9 37 -46 -37 -2 18 72 -103 96 113 -51 -111 -54
79 -11 -84 127 -96 -88 -48 -61 116 76 63 45 -48 87 -56 -25 31 121 71 101 -50 59 86 75 -22 -49 -38 -64 -60 -25 -48 97 76 24 -3 -62 -18 71 101 47 -76 -33 -49 -78 -41 101 39 -39 74 89 118 -42 112 -30 96 -28 -44 -77 -12 63 -12 -72 -122 -71
-41 -7 -54 -78 -104 39 -51 42 106 -34 -12 -65 112 -122 -125 26 67 -5 -126 -42 -78 -5 -67 -31 62 -77 63 49 102 122 35 -47 61 91 -36 50 90 -124 23 127 -70 119 29 96 49 -33 49 -32 4 24 92 28 96 -124 42 74 -97 36 -107 85 -24 -33 54 91
-26 28 -99 -73 125 91 -74 -128 79 87 -51 -69 -119 -14 84 2 9 -107 -108 12 79 51 -69 89 -92 -52 -86 -75 -22 78 -64 104 -95 69 2 37 -56 -31 -20 -22 -48 71 107 -124 -112 -72 9 49 -30 102 120 79 -125 39 97 97 -30 -125 -47 -22 -48 96 89 -125
-69 112 -119 36 115 -103 54 -89 -20 1 68 -49 -25 52 122 85 29 -53 2 32 78 -91 4 -80 -87 -103 -106 93 111 -18 104 -63 -41 109 -81 -59 104 -1 -127 -117 33 -128 -61 105 -100 -98 96 22 13 -119 -37 13 78 -87 -27 14 82 -68 5 -43 4 -98 -95 -68
107 -100 -2 -126 -128 -74 -31 -14 -39 67 21 14 -94 70 -33 -68 69 30 46 -20 -28 126 123 100 -88 54 -17 91 45 0 -17 40 -32 -3 61 65 125 -119 -18 124 19 -71 -60 56 63 -21 17 -94 92 -38 -73 100 -3 28 -103 25 60 -26 -38 -83 88 38 75 -34
53 -104 85 81 -1 -4 127 111 -4 126 32 -114 -66 -2 48 109 -20 -17 -70 -123 -52 -37 76 -112 -60 31 18 -17 -77 51 109 -62 119 -33 98 -80 -71 23 -12 -75 87 53 -22 10 76 107 -60 -61 75 17 47 -55 -12 110 -123 52 122 112 -36 37 -3 85 -78 10
90 -46 -5 66 -55 37 -46 34 40 115 -104 54 -93 17 -31 -39 -78 80 24 12 -23 -27 68 124 9 -67 78 -68 91 -91 67 -69 29 -76 118 54 114 13 108 -25 88 99 58 -102 67 -11 -114 20 -35 48 46 -67 12 85 -127 -54 102 -23 95 48 72 -3 79 6
-31 -39 -86 46 111 67 -11 -4 -76 -102 20 46 3 -74 95 105 81 112 -17 63 18 -47 62 -103 -109 46 -31 100 -32 19 93 47 1 -93 40 3 53 63 -94 105 115 -101 -124 102 111 -31 63 112 -31 -85 104 19 82 9 80 30 -38 -24 64 120 78 117 -62 -90
72 20 32 -55 36 -67 -48 -41 -105 -33 96 78 91 -63 81 93 73 39 6 25 91 28 -105 -121 -122 40 -69 -37 -78 28 -62 -92 100 -2 -78 -30 8 3 -4 -102 -45 22 -6 -93 -16 -11 76 -44 91 10 85 18 -73 -31 -93 10 27 -88 -75 59 71 -23 61 -45
81 -91 20 116 -2 -88 -114 -86 50 -59 67 14 40 77 -120 -46 -26 56 -29 -37 -81 39 -118 67 -26 -70 -3 -3 -21 24 122 -67 32 -20 77 -69 -42 59 124 -6 35 -84 -23 -8 47 91 -116 95 -73 -65 113 -75 -95 72 71 -88 -47 -116 -67 103 -43 86 -50 -4
14 -42 -5 -69 -49 -44 73 27 122 -74 25 -23 5 83 71 20 59 87 -96 90 -44 -20 -102 121 64 -128 -73 -78 109 -65 32 -112 63 29 67 49 -117 -36 -19 -106 26 -2 117 -48 -97 -49 8 -11 -91 -82 31 -77 -3 29 -112 -84 -121 8 -63 -56 28 43 74 112
75 1 14 49 -95 22 -58 -52 -32 117 -21 89 111 76 -41 59 -1 11 -88 68 -9 10 46 85 34 -118 -7 40 117 -99 -90 -99 114 25 66 43 -85 125 113 67 9 41 37 -28 -111 -23 -82 -46 -81 57 119 -44 86 16 13 -35 126 34 24 61 123 101 117 20
-109 -96 -89 -116 -55 35 2 103 1 -29 6 -12 92 0 -72 107 -26 44 -126 91 -72 -99 -71 96 -41 -61 93 -79 17 -53 53 -29 -92 -68 126 100 -85 -93 -2 -38 124 64 -25 97 101 42 -61 -62 -97 -10 -79 -46 -80 -69 50 2 30 -29 -85 125 52 -38 5 112
-128 -85 -121 -9 111 -114 -54 -18 -63 67 54 -1 -41 4 72 45 -90 -114 -126 59 -50 5 89 -66 -52 -39 125 -106 30 122 45 -102 -75 -108 -35 -23 96 -11 -71 107 -59 -18 41 -93 66 -109 -4 -9 -27 -34 -126 24 126 27 -113 -45 22 -121 -30 -122 124 122 49 110
21 51 79 -32 -1 51 -28 123 -29 -107 -101 -70 127 49 -76 73 13 47 43 55 40 -41 52 -45 -8 -10 -99 -96 91 -90 26 22 114 -29 -38 61 -116 3 -55 -1 30 12 -90 31 113 -120 -50 64 115 120 -36 60 -65 -34 -10 -64 24 45 109 72 -124 16 86 -28
-40 6 92 -36 75 96 9 2 27 83 -7 -9 -92 42 -110 -93 32 -22 57 66 -56 115 53 -66 -61 127 7 106 22 117 73 70 -32 79 -6 112 33 127 45 -72 90 102 -10 93 28 -41 -43 116 46 -51 -56 0 115 -47 47 -67 127 -91 -10 0 9 -30 76 -80
-105 4 109 108 110 -54 -118 104 96 -68 -66 -34 120 -69 54 -77 -94 -8 120 -93 -78 99 66 35 114 111 -56 2 -122 -112 67 91 -36 -42 -25 -110 15 109 -112 -29 15 115 10 46 76 98 97 113 55 120 -97 -94 -112 79 -12 96 -94 -86 85 -17 121 -128 -9 61
-37 -26 90 -123 -73 27 17 100 -39 -12 123 16 -22 -102 93 120 -4 30 -122 -63 9 38 23 -60 -30 -75 85 -108 70 34 -121 -73 -26 -52 -86 57 -33 69 -83 53 -100 -25 37 -49 -52 127 -82 55 -88 25 113 -14 6 -94 69 35 32 89 38 96 36 -108 -37 -69
-65 106 7 -47 -20 2 51 -87 -60 -44 41 -52 62 56 121 -102 12 103 -39 104 -47 0 -22 112 -19 -79 86 27 92 74 96 32 14 89 -60 118 -123 69 110 80 103 -33 35 -38 -116 72 -107 -55 -10 99 -113 -3 76 -67 -126 98 -103 -80 -89 0 78 -107 -84 25
-106 -36 62 95 -43 -63 53 60 -20 -88 37 -70 126 107 -110 -121 -12 -10 -105 30 37 116 -121 10 121 -56 48 120 127 -10 124 74 100 106 -103 -47 0 101 -90 68 44 -107 -44 39 70 -44 -54 114 -51 31 -20 96 109 -63 -37 -59 59 11 10 15 73 -94 -68 17
-2 93 86 127 -3 83 -21 82 -56 112 -60 -65 -88 -21 -123 23 -108 24 35 -80 99 -91 36 120 -63 88 -35 19 94 -49 85 88 126 9 -39 4 58 -21 125 -92 -117 85 -122 -62 5 74 -50 -48 -29 -53 43 64 97 60 78 -96 68 -8 2 -21 -48 12 -10 17
-73 39 95 -118 41 23 46 107 -101 -9 96 61 -70 -108 62 71 50 -64 115 -126 64 11 112 -70 43 -11 105 -23 -29 -100 60 -74 70 -107 123 -36 -83 71 -61 48 -79 67 74 33 89 -106 -22 53 -104 0 -17 -85 107 30 78 -112 -47 91 16 82 116 108 -16 -109
-48 -67 -125 -15 123 39 -46 -2 -110 -105 -124 -68 0 95 19 -1 -110 -97 -24 -127 -12 19 91 -108 77 -1 -114 37 -38 -30 92 117 88 82 22 -37 107 -87 -34 -75 -3 92 -27 123 -80 -65 84 -27 0 -32 94 -98 30 -36 -21 -33 -104 -104 89 117 38 96 -14 -123
-38 35 60 115 9 103 -127 -27 -87 -5 -43 60 -16 -116 -69 30 19 -40 113 -122 78 -44 5 -44 59 13 -88 88 -111 69 83 -5 -45 -114 12 -33 -90 39 -73 5 -5 9 24 -8 24 -11 39 -78 -87 -69 -60 111 109 -9 17 49 36 -95 112 -54 113 86 21 68
-127 111 100 25 46 -94 122 32 -92 -89 78 -5 87 -111 74 -76 -30 -33 120 -12 -117 -113 -72 -10 -29 96 53 18 8 49 -16 70 31 75 28 -3 85 -71 -23 -32 -34 106 -49 16 -117 -73 -30 89 -57 51 56 -122 27 -119 -5 101 62 22 36 -111 -101 110 84 -80
113 -126 82 22 24 -108 113 94 -108 -93 53 -94 -113 -123 -67 45 5 -29 124 92 -79 81 -98 -118 -13 -71 63 109 27 65 -20 -36 -32 42 70 9 -7 101 85 107 -56 -17 75 -84 101 -25 -62 -27 -74 -53 115 -33 20 -88 -127 -110 -24 -103 18 -38 126 -59 14 13
-127 49 -29 101 -33 -104 27 -19 121 -45 126 43 -56 -68 73 47 -82 47 45 65 99 86 49 -63 90 122 -7 106 -107 -40 -93 -114 -38 12 19 -34 -123 -75 12 -116 -29 -94 -102 113 0 117 97 -18 -82 -69 -73 102 -91 0 -44 -93 78 66 -90 -42 -56 58 -52 97
-92 -75 -67 -36 72 17 39 -117 -97 -120 -73 -92 66 12 -88 -113 -128 -102 -108 2 1 -77 -85 -49 23 46 37 98 -20 -21 -109 -90 13 89 17 21 70 43 -99 -20 37 -94 50 36 34 1 81 -110 -19 14 82 -27 -47 -58 -85 -116 -102 84 107 -34 100 -21 86 5
-124 59 33 82 -92 -68 46 20 -1 107 101 98 33 -15 -105 -103 20 26 26 104 35 93 114 -32 -13 125 112 95 88 -86 -62 -22 -95 62 -125 94 -100 118 -55 -114 101 -1 14 8 106 86 -119 85 66 -45 -120 -57 51 -58 -40 72 -95 -6 14 74 -48 -93 35 2
0 -30 -37 94 -30 -103 74 -3 -67 -25 -10 77 -114 38 -85 -42 110 -28 -70 84 76 -90 -86 32 77 -85 -67 43 11 -124 -22 -103 -70 50 -58 -39 15 118 -86 13 -56 -123 -122 83 21 -55 -80 -39 -22 -121 65 -92 -106 -120 -109 4 -67 -9 15 114 -119 -65 -53 -109
24 -48 -108 10 -127 -27 59 -47 9 -95 -32 122 82 -32 -23 -46 -85 -39 -75 70 90 -66 -76 -22 0 76 112 -113 48 86 7 -103 107 28 45 3 -28 -33 -10 12 76 117 70 100 -111 -120 76 -49 -16 117 -19 -104 -69 -74 103 -109 -118 28 -69 46 -22 34 -93 -1
-11 100 -78 -29 100 -83 52 78 -102 122 97 111 -88 5 -64 -79 -29 -51 -86 -50 -3 53 -24 -4 -29 -122 21 -76 -19 -85 52 84 52 112 32 -27 36 -62 -6 16 -114 -87 100 -73 -98 110 33 91 -58 75 -12 32 -20 -44 43 29 9 -21 -99 73 27 1 -5 55
34 -31 9 29 -58 26 109 -112 -37 117 -15 37 -20 24 89 85 116 -35 -35 74 -65 69 11 21 -53 14 -57 14 -87 27 -116 -109 26 -29 -58 109 39 25 -94 -79 -102 115 -2 -46 -11 -57 -78 83 25 -120 75 29 102 33 105 -32 89 123 -48 -77 110 -11 106 23
70 -24 -113 -118 -38 10 -102 55 -58 46 115 70 120 -13 95 -112 -117 -4 114 29 -51 -38 -79 -103 121 -3 -1 -69 -46 -3 38 77 -46 5 -22 52 80 -113 61 103 24 76 -80 57 -58 -31 -20 -105 -51 20 119 -75 -75 25 34 -10 115 101 18 31 75 -67 -102 -67
-87 -70 51 0 -124 -24 -73 118 103 -63 19 116 100 -27 -77 87 -102 -60 -33 -82 -98 -50 -82 106 84 -60 -21 -72 124 19 83 -64 -37 112 5 -118 53 35 31 -68 12 -48 58 40 118 -120 23 101 0 47 -127 84 73 5 112 76 63 -72 44 92 63 59 -72 -102
67 96 11 -126 -111 -97 -119 0 118 58 104 84 11 -117 71 15 -53 65 115 94 -25 127 78 115 -64 -104 -35 64 -105 -70 11 18 37 17 85 79 -126 -64 -119 87 11 43 62 -111 85 -95 -67 30 2 -62 -53 -51 126 111 -32 70 -76 -126 -111 -18 -16 -51 -96 40
-90 1 66 -123 20 95 -8 -25 72 -16 102 -76 47 -79 69 47 -10 -60 -91 -7 -51 -123 41 111 79 -77 -50 -96 -11 80 -99 23 -95 14 -52 -77 34 -2 -77 0 -16 85 -98 -5 9 -115 -61 -65 79 -8 4 120 2 -30 -86 71 -128 105 -28 106 72 -92 20 116
27 10 72 98 -31 -47 -68 -108 -14 8 -14 -99 95 -56 12 77 66 107 -66 -23 -31 -87 124 -45 -16 86 100 75 -55 -124 76 96 -55 -73 77 51 -76 49 -103 -4 -58 -122 102 -72 -50 -112 0 76 12 54 120 -27 127 -47 -65 121 89 -19 -60 7 -111 -95 -88 -128
52 -101 -74 44 -74 103 -124 31 -28 -6 2 101 19 74 21 27 79 -4 0 13 -10 53 -5 -52 31 -20 -105 118 76 76 51 -78 105 81 83 68 -12 83 -22 74 78 -19 -127 -99 -105 -21 -34 85 -97 -19 32 99 33 -35 -95 104 53 -77 49 40 -117 36 7 97
-110 -72 124 -89 96 96 25 7 95 1 33 24 -1 -111 -9 -73 119 -16 5 -12 -88 30 -81 13 48 -15 76 64 49 45 -49 87 -115 -117 126 -1 88 -93 -44 -3 108 -18 120 -8 77 124 21 -97 -108 102 -17 -17 14 33 70 -89 -1 80 -63 -105 -41 50 -44 100
-15 -20 -121 27 -128 -40 -22 -21 -87 48 -73 -75 18 -47 23 -126 68 60 -9 126 -105 68 101 -57 -115 -66 -113 78 -91 37 95 10 -53 24 -43 -35 -74 24 112 32 -64 -79 -28 40 10 13 114 -118 -31 33 57 119 -114 -70 44 27 -57 7 -123 77 -59 -65 31 -2
122 -94 100 -113 -126 -75 104 -70 13 107 31 -65 19 58 -10 -120 -86 -2 97 -12 122 -100 -66 -79 -92 114 55 -44 -35 25 5 -24 84 -28 59 24 -103 104 88 126 -65 81 -47 -101 53 -74 47 42 -124 61 -91 -47 -122 -18 3 -96 -54 -50 -80 4 41 48 -65 -61
29 -7 38 110 -109 121 124 -71 124 1 -46 -15 18 -16 5 -67 9 -30 57 84 110 32 34 -99 19 -34 106 53 -120 -107 -72 -72 33 -89 -126 88 29 1 6 61 -44 -36 127 -63 125 -116 -23 -110 37 -86 -113 -74 -101 -86 97 -114 55 -31 -120 -62 -87 67 -118 -107
-104 63 -54 96 105 52 -60 33 18 125 -62 -28 -91 -25 1 38 36 35 -46 -40 -38 13 20 -69 9 74 56 -105 29 -98 -102 -82 127 -1 -68 -77 66 -12 -31 71 86 -82 -30 32 110 86 31 -33 -66 123 112 -92 85 50 -75 108 -34 7 -41 16 -1 -33 11 -85
-15 90 -45 70 75 -69 75 -80 -4 -26 90 117 76 -59 -32 -86 -50 13 20 -53 -102 -92 28 -7 24 -18 29 61 -54 -128 -126 59 49 17 60 -79 -77 -103 -115 -90 47 111 -110 77 98 123 -76 116 -122 -91 -63 102 122 -108 -49 -54 65 8 15 -47 -69 69 -72 35
73 -109 100 -102 30 -122 58 5 -15 -30 116 82 56 -90 46 107 28 26 50 -78 31 99 117 -16 -83 122 -103 -23 -57 100 -123 -96 -28 -38 -117 -115 77 69 120 -33 23 118 50 31 125 -81 -40 74 -116 -115 49 124 2 10 -115 125 -91 -105 66 -82 -1 122 -103 -9
92 17 47 -44 54 110 -91 7 -21 -107 89 -113 -57 47 -66 -12 -128 -12 -31 11 -12 76 -5 70 -29 -14 -92 -88 55 -82 38 -114 7 -18 -48 85 -116 5 98 97 -8 -80 28 -91 -57 -57 52 -116 87 -111 116 -28 52 -60 -74 79 -119 -48 68 105 110 18 -41 -62
-35 -114 -14 63 49 15 -15 87 -26 -100 88 122 102 -47 -52 120 -104 -8 10 103 -97 44 27 -59 113 -115 -24 99 12 118 59 -95 53 61 54 10 83 -110 -77 -59 1 -44 -32 15 63 35 57 -23 -61 -78 -72 41 95 -70 -86 55 -19 35 -65 -88 -75 -80 -90 -127
13 -2 -128 -98 90 11 -113 -99 27 92 43 69 -120 -18 -80 84 121 -23 126 -93 -29 58 16 -40 -35 45 -13 -21 -69 85 -104 -51 -109 -112 -49 -79 88 -101 8 49 0 124 -14 64 -115 -60 -48 -62 111 -82 -124 81 -107 27 71 -119 -85 60 42 -30 -56 -61 52 72
-88 125 -9 126 -70 94 -124 -106 -71 80 61 -93 56 -81 102 -8 80 74 51 48 9 15 13 -12 99 -6 125 -45 -39 56 110 -53 43 121 -8 -64 -2 19 -124 -66 -123 -42 -32 -104 24 47 -93 98 -56 -8 125 -51 -105 24 100 10 -72 -52 69 37 70 -48 -8 61
98 56 76 -83 72 104 -75 -72 -127 4 -30 -100 -71 -49 127 -3 -68 -35 7 -26 13 -105 -15 99 29 -18 -110 -57 -59 -4 -53 88 84 28 -110 6 -30 107 122 27 62 20 11 55 -41 -102 83 -97 61 -103 -90 -115 37 -25 -57 -108 111 65 -104 -94 36 15 0 -61
53 -112 4 -65 -47 4 103 -22 -77 25 -83 112 -46 -78 -115 10 -82 48 -30 -16 -110 37 81 107 22 118 113 -38 -36 117 -112 -67 44 57 -87 -110 64 49 101 -79 -128 -83 71 105 49 -83 5 -123 -56 -120 -5 -49 23 -83 80 -27 -48 39 -23 1 -49 98 -43 92
77 26 -45 -121 28 -42 106 -113 57 -64 109 59 122 -124 6 99 125 -87 -108 27 -50 -24 -36 -128 70 -4 -119 22 -59 74 92 67 42 25 21 -81 -25 -30 -20 50 -117 -109 78 35 39 23 -20 110 -98 64 19 22 22 42 95 78 5 122 127 -51 -78 -12 -14 -24
65 -30 23 -7 -70 25 -14 -121 122 -106 -101 -100 -56 -47 125 -79 -57 -17 -19 -121 32 37 -4 81 11 -2 -15 47 -113 -87 -104 -64 -15 39 115 52 85 61 74 -65 -83 -42 -32 -58 -59 -20 57 -38 -19 -83 -2 -117 112 -118 121 -99 101 -99 18 -16 68 21 -90 111
-55 82 20 -43 35 10 -106 88 42 -113 -88 65 -13 -5 91 23 -18 65 126 9 -71 -112 51 -93 125 50 -94 -98 107 15 43 15 99 -97 -97 115 77 116 12 -33 113 -47 -107 -118 -29 -63 -9 47 15 56 -23 -104 36 -3 69 -36 108 114 32 23 -77 -76 -96 -12
-63 -63 73 122 101 -82 -114 -18 -52 -119 48 49 32 28 47 -49 31 -101 88 61 13 113 110 -52 -20 82 -125 -30 103 8 -19 3 -82 63 -103 -125 -55 4 -67 30 -81 55 118 83 97 -33 -40 65 -12 -61 -25 -33 -32 0 60 -88 -60 -128 -115 17 -56 -11 -47 -91
-36 -21 -18 32 102 -78 -107 -118 -17 70 9 49 -93 89 103 22 40 -69 -5 59 -9 -111 27 -53 109 27 75 0 -115 -48 71 40 109 123 -28 95 -13 48 93 -59 22 43 36 -31 -82 80 -122 -22 4 37 97 8 -28 -4 -10 81 106 -103 -25 -81 -108 -58 -127 -105
-127 -5 67 -83 -18 101 -78 14 17 54 28 77 -58 125 -27 16 126 55 35 -62 120 69 -49 17 -105 104 -53 126 -42 -43 -88 -60 70 -12 69 -117 -74 18 110 7 -74 30 -5 13 120 35 -49 35 -5 93 -90 121 -90 54 104 119 -89 82 67 55 98 -64 5 -120
-66 34 -72 83 -107 -108 -11 -56 -114 -125 34 -51 -40 -74 -102 -100 -5 21 -71 -5 -76 -90 -100 126 115 -13 -116 -88 -31 -61 76 96 28 96 -76 -76 -116 35 34 -100 -115 -95 -25 -63 -24 61 8 13 126 53 -55 86 -91 -93 73 43 87 65 91 83 115 -41 68 55
-28 -13 114 -92 45 98 -123 -72 -83 -23 -9 121 114 -34 14 24 113 -4 68 86 108 -107 -79 32 27 -69 78 -75 23 2 10 -1 31 -40 -64 -71 61 -34 -17 -64 -106 -29 -9 126 -65 -65 69 -106 -124 111 -9 60 70 42 34 -52 -72 118 18 10 28 -20 62 90
-108 -100 -43 40 6 78 -39 9 -17 88 122 -82 -94 94 -50 -69 -3 -18 13 80 -61 51 -94 122 3 94 -74 77 -7 -21 -116 43 76 121 -122 103 -76 96 45 -127 -103 -51 -67 -46 45 -88 30 -124 54 -63 -15 78 107 -35 32 -89 -11 113 49 -106 -80 -15 60 1
-113 -4 -89 -34 83 29 -103 32 -25 10 -36 72 54 -14 -73 13 -113 41 70 -104 8 -117 58 89 107 -5 115 4 -28 32 103 54 -83 -22 -75 -42 25 -24 -1 112 26 -15 -85 -1 57 -91 -92 -14 -40 8 59 -29 -38 8 -100 0 -47 92 -24 61 66 -113 45 94
17 -12 77 -6 103 64 -103 -45 64 16 125 38 56 -27 -112 -82 -108 36 -56 3 -57 83 -44 6 -84 -102 101 -1 -29 19 6 -57 86 -33 -41 51 -68 31 -2 -36 -61 -94 26 72 112 -63 94 70 11 -61 84 -80 -6 7 -103 98 -45 -37 -53 -103 -67 -101 -3 -121
13 4 -23 116 79 94 -109 -20 -71 -5 27 70 125 111 -16 110 13 -55 -128 72 91 70 -101 -42 58 -105 -3 -96 92 -54 60 44 -77 -32 -60 101 -12 91 -18 -67 15 -112 -75 0 -3 -108 -73 80 -60 27 47 -128 -21 116 101 32 -116 -61 9 69 2 -20 -95 74
54 -103 -108 85 76 28 -7 -89 49 76 -28 78 -106 31 117 -58 9 64 36 21 -117 18 46 120 41 105 -116 89 32 1 -5 -30 3 -110 50 -67 -124 49 -84 89 -11 -39 -25 -123 18 -44 98 106 56 -112 7 -127 -40 -19 71 26 119 -34 65 5 109 -83 100 59
42 43 -59 -2 79 41 -126 51 89 -65 56 123 -119 -83 -5 -71 94 -70 -110 65 46 101 28 -93 114 -47 -94 93 41 -42 -128 -118 -124 114 60 101 16 -49 -70 101 -1 -47 -68 -100 73 -82 -9 -33 -60 -65 -116 85 -67 10 -89 -105 -6 65 127 82 104 -1 -30 63
-14 -37 -116 105 -115 7 -96 103 -49 -97 -83 -105 127 -105 -126 -25 120 -64 -124 96 57 71 15 -123 44 -64 -25 126 -127 -49 96 65 -93 -31 56 -121 -29 -58 -72 -55 118 47 89 -41 124 -24 85 -71 -114 86 115 123 -19 58 91 27 -76 -23 93 59 -106 24 -108 -112
-55 113 40 -14 -31 -51 88 -31 21 -23 -76 74 -56 30 56 75 32 -110 -3 126 2 -53 -22 54 49 0 -90 54 83 -124 122 -12 73 -38 -116 -2 -122 -74 -95 33 37 -99 105 28 12 45 11 43 54 73 -30 105 -100 -45 -2 112 -104 80 60 20 72 125 53 -2
62 -93 -3 34 -124 -86 -116 -110 54 -84 -70 -18 104 -36 -63 120 -75 9 -117 19 115 73 -20 -43 43 91 89 -88 46 101 71 -65 -82 97 62 24 23 40 -4 17 -60 1 -72 86 28 -122 -27 -8 -41 -9 -102 98 -111 41 77 41 13 -2 -104 -29 81 113 105 13
-95 -66 -64 113 -119 -16 17 117 -104 119 -72 -15 51 -117 -77 56 -35 98 32 -126 -95 101 68 65 -110 -86 -103 119 -123 104 57 99 97 -5 50 45 -72 37 89 104 -9 66 62 3 -99 -3 -108 97 76 122 77 107 8 -28 -48 -59 -85 97 -36 -63 -49 -66 116 -49
38 -56 78 112 -33 -110 -35 -105 -101 57 -78 112 32 99 70 23 -72 72 37 -56 90 45 68 -59 -10 101 15 -99 54 -33 -105 92 -126 -25 -22 -122 -59 70 -116 8 76 86 125 -59 51 83 -7 82 69 -108 90 -62 5 -104 -97 -13 40 -94 87 105 96 -125 -33 -84
-119 -102 68 90 96 25 -65 -23 44 -111 114 -88 -100 -61 52 -100 -101 86 -81 86 23 87 83 -89 5 -12 -98 -4 -67 -56 43 -3 -10 -89 56 25 17 -108 69 107 -116 106 19 -103 100 35 -113 63 29 -85 -46 63 -42 -32 -90 -35 -18 -127 105 3 -108 -99 46 -84
96 -17 38 35 91 62 -92 -97 18 39 70 123 88 24 -30 30 42 41 44 10 -59 -96 72 58 29 86 63 38 -6 55 13 -87 34 -64 68 -52 -65 25 126 104 52 23 -11 46 46 21 61 67 79 -75 -47 98 121 38 58 -116 -88 -66 50 26 -100 65 -67 -26
-90 -88 -48 47 -67 -117 107 113 -121 10 102 -63 102 -77 -26 57 13 89 20 -106 99 119 -111 -122 90 -42 -27 -123 -96 115 -6 -123 -55 35 87 -89 -102 16 -6 31 100 -68 -10 -93 -38 5 -27 37 122 -31 -45 105 -110 -84 -107 -57 -28 -84 -54 79 -36 -1 6 -104
21 -106 -12 87 -9 -128 33 -15 36 30 -29 106 97 2 32 82 58 -106 43 -87 -102 -26 -95 101 -44 26 41 7 59 -55 -92 -91 45 32 47 56 -52 121 -122 10 115 -123 -84 -1 51 -42 56 -12 -76 31 -99 9 71 32 -5 14 86 -102 110 115 -104 -126 18 -45
-37 -79 90 62 -70 32 52 106 33 -106 68 100 -28 75 76 -73 74 -15 79 70 -121 -119 -6 110 -15 -86 -45 -80 -110 -63 -20 -108 -95 41 -61 -26 91 -55 -31 32 -55 117 -112 -94 -33 127 108 1 81 123 -48 -25 -112 11 -94 68 48 33 67 -111 -55 76 -100 -128
39 7 -29 -45 88 88 -105 -1 -53 -54 85 36 17 62 51 -80 -110 99 89 -19 118 -84 -10 92 -110 101 25 57 -106 16 20 -28 -73 -107 102 18 -37 -36 88 76 100 81 29 -73 -128 78 14 -41 99 -119 109 118 -121 60 -106 -21 35 -101 40 39 8 60 2 -35
16 91 -9 49 86 8 -110 -127 -92 96 -93 127 -57 -27 80 52 -90 -1 62 11 49 27 96 -53 -36 63 -8 76 50 -1 10 70 -81 -111 -98 119 -106 -29 23 -103 67 70 -13 113 -15 113 -63 -98 40 -3 -50 -24 111 -3 -120 0 17 74 -47 -6 5 117 20 4
39 -69 17 15 -16 -126 41 -28 52 -21 -74 -104 6 10 24 49 -114 30 -52 79 -123 -41 -121 126 -66 -93 -6 4 -95 -102 30 26 14 96 83 -73 125 59 -58 114 -82 -118 64 79 -85 -50 -31 -91 -10 52 94 -45 -56 67 120 54 -17 -120 111 -100 -55 -96 57 105
37 50 -37 -112 -121 72 49 -101 56 27 106 54 -114 45 -31 -28 114 -85 -23 91 -53 -109 -30 61 64 91 -85 -10 -98 71 -97 -104 -81 -47 51 -81 51 -23 38 82 100 -12 -18 103 28 16 -105 -2 -101 -32 -91 -57 -69 21 -94 -95 -52 109 17 89 -76 101 -124 -24
-38 -102 -48 -11 123 -107 55 3 17 94 20 69 -27 -24 -85 -16 -11 -16 109 -120 -119 -8 107 67 -56 -101 -41 65 -92 -54 -70 87 -48 -74 9 -93 100 25 -54 68 64 -25 117 16 39 121 103 -13 -90 78 -97 -11 -29 73 20 44 80 4 -74 -60 10 36 -108 42
55 116 51 -82 -57 -39 46 -90 -60 -112 -102 -32 82 43 -81 -110 58 -20 49 113 -69 71 106 -33 20 51 -105 -83 -27 6 63 -43 -56 69 -96 81 107 -100 101 73 19 -98 -31 -9 -35 -57 8 -7 -122 111 117 5 -100 -45 -81 -89 126 -91 125 33 -3 -67 -118 -92
23 -78 54 -26 14 -1 -53 10 -105 13 56 -38 65 62 -126 46 46 90 -63 123 61 -58 -67 -109 -23 -50 32 109 -111 -60 77 -69 -34 -31 -90 -92 -3 55 -67 69 -25 24 -50 120 81 75 72 82 -114 117 -69 -106 -82 87 33 -55 -79 -59 -35 -99 124 18 -4 -88
99 -32 -47 3 -94 -124 -103 124 81 120 -31 127 -54 105 -37 102 -53 4 56 103 -38 6 -127 34 68 49 -5 101 -37 -114 24 90 107 -8 -114 -46 -123 30 -107 19 -8 -115 -13 119 59 -115 -100 20 42 -26 -20 -115 74 26 25 9 62 112 -66 -14 38 30 -73 27
-89 55 -74 -35 4 91 117 124 -27 -10 126 -71 -80 26 -91 -91 21 -104 -43 -26 -57 -50 2 60 -124 114 -86 62 66 -36 27 -86 -27 13 22 -12 85 -104 -16 108 52 107 82 4 -47 -91 -102 27 8 -61 -5 -122 58 81 27 56 -109 3 114 -106 -61 -106 -46 -105
-121 -75 -62 -42 10 -52 -64 -103 -109 25 -67 -26 52 46 -8 72 82 -40 -47 -35 -91 -127 -40 -39 -64 -21 106 -22 81 100 -12 91 119 33 59 -108 -91 -8 -17 119 63 109 -9 -128 38 -42 -92 -40 57 -42 5 -16 7 -119 114 29 -24 74 -62 -104 62 99 89 47
121 -14 -31 8 7 0 -89 -108 54 34 -66 0 -105 -34 -6 124 -87 118 72 -66 21 -99 -80 -3 3 2 -120 78 -117 -99 -87 113 113 65 -115 -9 -61 -27 -114 38 -115 -79 -58 -108 -98 5 91 -24 123 -86 -9 38 -69 49 8 -20 -22 -46 -23 -103 85 88 93 103
-92 -93 -48 82 -33 23 60 -102 -74 6 13 -18 -61 37 62 -89 -104 62 -97 27 68 -5 89 -56 52 28 45 50 -116 -28 95 -96 66 -38 53 -74 -75 50 -60 -8 -120 -101 29 118 -107 -35 -104 13 -87 -19 -67 46 -73 -47 -28 -112 -115 -121 -87 -37 124 82 106 8
-104 -97 -21 78 -65 2 58 -10 50 110 10 -127 6 32 -48 79 -107 -27 117 108 37 -60 127 118 -21 -117 -113 -116 -21 -37 15 -10 -111 121 14 -40 -45 -4 -60 39 8 -92 -122 96 126 72 -77 -111 119 92 127 -30 -7 -15 85 -84 -9 -86 -53 -101 90 -54 71 -103
-86 78 -50 101 -42 -57 88 76 91 -43 84 77 113 -121 -63 -60 -77 118 82 46 96 92 71 85 64 -47 -105 -95 -14 -28 66 -80 116 20 -106 37 85 -128 -105 38 -39 -23 16 48 67 119 -31 -3 -51 23 -76 -123 -22 -39 -38 99 -48 -21 43 -83 -122 -113 -40 118
109 -40 23 90 125 -10 -115 -86 46 24 37 -88 99 -103 -116 -83 22 -75 60 -99 -58 -62 -75 77 96 80 103 -46 14 -55 -35 75 14 -119 -83 2 37 33 -122 -13 -109 127 -66 -87 126 61 114 -99 60 -10 -62 52 97 -18 -68 -69 -91 106 -76 90 32 -108 -74 20
55 126 -95 -6 31 106 -81 22 7 40 -84 115 120 39 -109 84 -60 -67 38 120 81 6 123 69 -40 5 -7 -32 -69 -60 -19 -25 127 70 126 15 29 82 101 2 -85 -112 15 -86 89 -49 -118 -6 99 72 106 84 -9 69 -101 -15 92 -60 97 49 117 62 -7 -58
-81 95 22 22 57 -12 97 17 26 19 -100 -62 126 62 75 66 -37 115 -121 121 -89 95 -54 -74 -55 59 -81 73 51 -96 18 -118 28 -48 -16 -27 -80 -94 -84 122 -3 -23 -58 25 -84 -119 65 -58 -84 -6 -50 -35 -36 0 114 60 -96 -81 84 -58 -35 -36 46 86
-102 -22 -90 119 -90 -84 7 95 80 -98 18 52 -72 101 -21 2 -100 18 -72 20 -76 38 98 108 127 -58 74 70 45 -85 95 61 -39 49 43 91 31 -96 -91 -78 1 -81 -53 100 27 -122 21 80 10 11 -102 89 -84 -60 -100 -102 -80 78 -97 33 57 33 -101 123
-65 -118 93 122 125 -19 -117 96 -74 49 -72 -1 75 -96 94 -90 9 -106 -35 -2 48 -122 121 74 55 118 116 -110 -9 -98 50 125 19 -119 14 87 -1 39 107 -43 72 -79 -101 -37 79 -35 87 -74 31 100 -75 -10 -20 -71 -17 -26 -95 -44 -27 85 -34 0 -125 17
-121 10 -91 120 -119 -46 6 127 -22 -18 -78 67 -106 58 125 -13 75 74 -107 60 39 91 76 -80 23 -48 31 81 9 -107 -62 91 -53 117 -16 124 14 -122 39 -56 71 93 -102 -78 48 45 -61 -4 102 -74 54 0 -75 -106 -35 -119 -94 120 -4 116 109 -109 -115 39
-61 75 19 -63 69 -41 106 0 13 86 104 112 -60 71 44 -68 7 -62 -114 -17 -75 114 -70 -8 9 21 -102 71 -103 121 -52 81 7 -10 116 109 12 70 22 118 44 57 -104 117 12 -26 -96 -48 78 -91 -35 -55 -9 92 34 33 69 -18 95 73 5 -18 -49 69
-31 25 21 -17 -54 50 -17 96 36 -52 -61 74 -88 -33 107 100 70 76 87 51 -60 23 -40 36 -106 73 64 -59 -22 122 -25 -74 -121 -95 1 -85 54 -83 22 -31 -50 -51 -44 -10 -90 98 -110 -76 -71 15 17 105 58 64 -102 -16 109 -30 -34 -59 80 -32 57 -105
-106 -28 116 112 0 -12 72 -59 -43 -79 -69 70 47 15 -77 -102 97 59 -22 78 -4 -110 66 -115 73 -118 18 29 -123 -95 -21 -79 10 -71 109 75 50 -3 -84 -77 39 -17 44 93 124 7 21 87 32 35 122 -87 -41 25 61 19 -84 31 112 -108 52 -77 -17 7
-25 -42 -10 26 -83 43 16 -124 95 64 -9 -50 37 -102 85 -119 21 -53 -8 -31 -55 69 -18 -63 113 -49 -94 79 119 -82 25 108 126 123 -109 46 11 -16 120 -78 -7 95 -54 -77 -73 110 -54 110 -105 14 51 -96 26 -45 -32 74 126 90 28 48 -57 116 11 -120
-67 99 -110 -50 -7 -15 59 72 92 -52 18 -36 48 55 -70 74 -51 -22 101 32 -41 -24 -43 -2 -74 125 -40 -74 9 -83 -20 -117 41 -110 14 -2 -92 -45 -97 -2 87 -61 39 67 99 28 82 45 -22 -48 76 11 2 -96 -91 62 46 -31 90 124 -41 -72 -18 27
-10 -58 -92 -78 -88 82 -10 -23 -99 60 -34 -49 60 -115 -1 -32 59 -43 5 -79 45 6 62 6 26 79 -14 41 83 28 55 88 -16 71 65 -30 110 -79 117 -6 -80 113 92 -105 -29 77 -58 1 20 -92 124 -63 55 98 -62 -74 76 -114 -67 80 -87 121 -17 33
-54 -8 95 -112 68 -8 111 18 -95 5 -41 -64 73 8 -5 68 87 10 -119 -4 -63 0 15 -113 47 31 -35 -123 -60 78 5 102 116 -45 77 41 13 -107 -71 101 -80 -106 54 -115 125 43 45 -49 -19 99 -92 -9 3 -53 -83 71 -50 105 -5 24 43 -14 87 47
-121 17 38 84 -38 -45 12 -28 -40 97 -91 -3 119 -80 -20 -67 -87 -21 44 -125 3 83 -88 27 -68 -79 -36 28 124 -45 -116 89 -81 86 -64 -7 -65 -13 -28 -77 78 26 45 3 71 11 56 -59 4 -48 52 6 16 -99 -101 -92 -99 47 -48 116 -61 31 -97 102
-30 2 39 -41 9 123 -3 -108 3 -76 119 -83 50 -33 81 23 -120 -91 -38 10 -124 66 -6 95 34 65 55 6 42 -34 52 -33 -112 -120 119 63 51 13 17 114 36 -63 -72 -108 95 -49 60 109 -119 120 -90 43 -77 -55 -125 -9 -124 -119 -67 74 94 14 75 -51
-82 -98 -60 -115 73 -19 -38 -67 63 -87 -79 -90 18 106 73 -115 -38 -19 -59 -33 -5 38 39 0 108 16 -85 19 -49 -6 31 50 91 -62 -72 18 19 -24 90 44 -8 93 -98 78 -10 -74 -88 -111 -21 -4 -50 10 85 -73 -24 -26 -100 -41 -31 -84 -67 92 -30 3
27 37 -16 -118 114 -8 -105 -76 2 -70 -34 119 -91 86 -29 -4 -78 -125 123 66 11 34 63 -114 43 -22 96 22 28 117 15 85 75 2 -38 -17 123 -33 57 -7 -110 57 36 -69 -81 53 -2 93 13 -100 41 38 -113 -48 -52 77 -40 124 -46 76 42 106 -111 -34
-42 -64 -73 -26 82 -6 -107 62 -70 103 39 92 71 -78 26 -82 87 94 10 -22 113 -85 -31 -69 -76 -112 45 2 39 -50 -73 -29 65 -86 61 21 -118 -60 -58 55 107 87 -18 123 -127 40 -12 97 -49 -39 -55 -34 90 48 71 -55 42 -63 -30 72 -61 104 -66 -114
59 -92 68 -27 109 32 115 -61 -49 -113 34 94 100 -74 42 -94 -86 29 -18 -107 -39 46 86 -7 -43 67 -99 -37 -60 -70 63 7 70 -29 -99 27 63 89 52 29 6 -84 -22 -12 45 -41 -125 14 9 118 41 115 7 -69 25 -6 48 98 54 18 74 69 -59 121
59 -114 -12 107 54 -42 117 -26 67 -110 48 11 -70 12 -79 31 63 32 -41 115 -98 -79 -38 -13 92 -34 108 -44 -23 -35 -54 96 -77 125 58 56 -38 25 -77 -24 50 68 106 -98 102 108 27 -49 -116 8 -5 15 -87 82 53 -78 47 -58 33 13 89 59 -1 104
7 -4 -84 -101 50 -71 87 51 -20 -93 -112 -40 -10 3 -1 -60 -70 -78 -81 -41 99 21 94 57 57 -107 98 -5 19 -44 -84 46 54 31 -9 -50 118 5 -114 -104 53 116 23 87 65 22 109 -72 7 29 14 57 -35 -7 -27 -79 64 -30 -91 -117 -113 -114 -99 -102
-33 119 3 -50 -21 125 -19 -128 -94 8 -110 -114 48 109 22 -92 110 45 -59 -17 -89 -62 -70 -56 83 -44 -97 127 53 -92 5 30 34 -5 38 49 -126 -112 92 -45 -43 109 122 91 12 -12 -97 50 21 43 -43 62 105 122 116 92 50 -110 45 127 3 -70 -115 38
18 -92 34 -95 4 -46 -1 -81 48 38 -7 -8 -52 -5 -108 -89 27 115 26 20 83 17 -53 41 48 -43 29 -77 3 98 -28 78 20 -107 108 7 -1 15 -111 31 -99 -47 109 5 -70 86 -127 -90 21 -79 -115 -72 8 60 -97 -63 78 -126 92 85 88 37 17 76
5 40 -3 -122 -87 127 39 -83 -104 -116 -93 -56 -127 88 -4 44 -108 18 -21 -71 18 -114 -109 111 69 108 -115 -32 -27 20 -117 -57 -49 47 44 116 93 -44 -11 -116 109 -38 60 -62 71 -48 -69 -103 -126 89 -108 51 62 97 89 105 -82 83 3 -97 -103 109 17 -93
55 6 121 -58 52 -118 57 -4 -125 38 60 6 -67 84 41 34 60 -85 -113 -65 46 -75 50 -95 -84 -43 51 117 100 -104 -99 -38 -105 -68 -123 -26 34 60 -16 -93 -9 -108 -8 115 65 -27 43 100 6 -54 120 104 -95 96 -81 57 -115 46 26 -101 80 115 -73 40
100 107 96 69 47 1 -16 -60 20 105 20 28 -80 -23 -43 -37 37 -126 -126 -72 16 51 45 -35 -23 -110 29 -13 -40 -98 -77 -78 -85 127 94 -59 -68 -119 -68 -31 -82 84 -89 -18 -123 41 -58 -113 -128 -14 3 5 -98 43 12 -18 -3 -63 105 -15 97 42 14 67
92 -74 -127 -94 122 -33 45 -119 -18 79 62 -97 108 60 -65 -58 113 -37 92 -47 -120 50 103 -37 116 -54 22 65 36 -11 44 -16 100 -15 -80 -8 -74 59 -115 -75 -62 -88 -36 -104 -82 75 -46 -57 -78 113 89 -30 -90 34 126 60 48 -70 79 -108 -87 28 34 -55
-84 121 -4 -89 -55 57 -40 -17 -15 39 127 32 -96 -99 111 75 79 92 122 -47 -82 100 44 -57 -107 118 -93 -59 -65 -98 -92 -63 26 86 99 -38 -18 -42 -2 118 -77 -117 -96 -122 103 29 -83 -2 -38 54 -27 -118 -93 55 -105 73 102 29 -115 -24 -121 -99 123 6
-81 59 -76 -30 -30 51 -88 -119 81 -36 -80 -124 -74 -33 39 -19 127 68 -19 -68 20 -127 -19 -96 -66 -69 -122 -118 96 -22 -67 -32 -123 -102 75 -15 20 48 -52 100 -126 -37 65 -68 6 118 6 -88 -40 -117 26 -36 89 66 124 123 -19 -29 -13 -85 -34 -77 -75 -40
49 -21 6 -27 37 105 55 -14 22 -89 116 -99 -76 67 69 -99 -109 25 46 -27 74 123 41 33 32 7 89 -50 17 37 119 12 35 17 -23 -60 22 -47 -37 15 11 55 28 -97 -9 88 118 119 -35 95 -75 29 48 -42 -25 92 81 -41 56 -10 -12 -68 -91 98
97 0 127 64 103 105 16 -9 40 -124 2 -44 -45 26 -56 17 -64 52 -44 86 124 -79 -82 60 62 73 85 -74 77 81 40 -29 89 101 49 -87 -67 54 -40 29 38 24 94 109 -48 122 108 41 83 72 -122 -78 -82 -4 88 46 -87 37 -66 -105 42 -41 -25 97
-123 -103 -64 -20 -114 79 56 10 81 -27 -5 25 73 29 112 116 73 119 23 121 51 33 85 -63 -68 -20 58 101 122 -52 84 66 99 4 -11 -83 11 -69 96 -3 50 -51 -92 -93 49 66 49 124 -50 5 -52 -51 -117 99 19 111 113 -78 55 61 -91 -54 62 -120
-73 55 75 19 43 -97 -33 -126 19 107 15 -32 121 108 8 -25 121 -85 32 4 -37 46 10 117 126 51 -94 109 36 125 -25 50 -46 41 -79 -75 17 -67 -53 36 -26 54 29 117 -39 74 33 -39 -68 -121 72 -71 -118 -5 36 26 61 -76 -122 56 24 -9 -95 -37
12 -96 44 3 117 116 80 83 100 4 115 -45 47 84 10 -63 -82 102 -49 -91 111 82 105 -22 82 -34 108 98 -74 -80 -6 -84 120 102 -44 51 -110 16 -69 4 -57 95 -62 -97 72 -70 -35 -1 -33 -80 81 -32 -104 58 -35 -79 -116 -83 -71 7 -97 104 100 43
4 105 -95 53 17 -65 47 -78 -34 -91 -121 50 31 -27 -17 39 -25 -73 -8 93 2 -10 -124 -69 -126 -59 -21 -69 -119 23 -109 72 -82 -77 79 69 72 93 73 122 -113 105 97 30 -127 -44 -11 -34 26 -69 22 -112 -9 -96 -84 -89 -93 -45 97 98 -35 103 -103 107
52 -93 -57 115 -48 -107 -110 -43 57 -105 113 89 -70 -54 -73 19 -51 -12 3 7 96 -16 6 -36 43 49 106 -79 18 -82 74 74 -75 123 118 -40 -120 121 77 121 -121 81 -110 -106 -11 55 -32 -41 -106 88 -101 -118 1 -100 -6 66 -51 78 23 42 -75 -68 47 -54
78 -47 122 -54 37 -87 -7 -3 106 -96 21 -61 -35 41 -29 -65 -35 -113 92 -55 -58 24 113 119 10 126 -45 -80 26 126 6 19 -11 57 -105 110 -83 81 -65 59 -38 111 -63 -83 43 -28 -99 112 13 -22 -40 3 29 109 92 93 50 65 124 -60 -57 90 66 46
60 -108 86 -103 -13 -20 -32 -112 79 56 123 74 56 11 -88 35 -106 -90 -16 117 50 -110 105 -107 -104 93 13 -88 117 59 -114 68 -28 -65 -118 -68 -112 56 98 67 -80 -62 97 98 119 -116 -126 -81 68 -102 -83 80 -114 27 41 44 -54 -108 75 -42 7 40 62 -31
-5 -81 -78 114 75 -49 -107 -1 -60 37 17 -127 -21 90 -11 -40 28 -45 -6 -48 -44 -39 -107 -108 67 -51 21 64 21 30 -104 -122 53 64 -36 76 -45 -79 101 120 26 53 68 71 -74 -83 -94 -117 -126 100 78 -3 99 36 -50 -24 23 -110 79 117 70 114 48 -81
117 -35 52 -104 88 -97 -5 -11 31 -63 102 -110 48 0 3 1 -112 44 -96 -104 88 -2 102 9 -94 53 122 103 -22 55 50 -107 -82 67 37 -7 -98 24 96 -86 19 -29 -47 85 -70 19 106 -119 -110 71 97 -65 -53 72 -90 84 -45 61 15 55 -61 69 -111 70
110 92 -36 49 121 -110 -83 94 58 67 -73 108 -10 76 -7 -44 98 -116 -2 -58 -122 -52 -86 61 -47 32 55 15 37 -65 -84 -7 -16 25 -119 116 106 87 27 -75 -15 -23 7 -31 -44 77 -48 -83 -113 -12 83 -63 73 -91 -92 -47 -63 113 76 113 86 61 11 109
-115 -120 -30 -101 39 6 -55 -115 -53 32 -10 78 -123 -10 120 -109 -11 -75 -33 -7 -119 80 -117 44 90 33 32 -60 40 -67 78 -27 -88 46 -53 7 39 -26 -74 32 114 69 -31 -46 96 -95 126 -4 -22 33 55 11 -22 120 82 102 119 25 -118 45 92 -108 19 92
99 109 41 49 1 60 33 124 -26 3 -77 -71 -102 18 -25 -31 -91 82 -119 108 -108 -4 115 -31 17 43 -76 -94 35 12 11 33 109 -49 116 126 117 -8 50 -54 -86 -15 20 -86 -123 34 -8 106 32 -101 -93 -102 -12 -107 -20 95 -92 16 -50 88 41 55 -97 -58
-108 125 113 -42 -96 -80 -95 -109 84 7 -29 -80 -54 -69 43 -122 -81 -31 -58 -6 -72 -68 53 -16 4 -62 -76 87 69 70 -34 104 118 -80 -35 -50 87 77 14 -60 -31 60 -8 59 53 -33 79 8 115 -100 -17 32 16 75 104 65 20 -103 -36 -115 22 -60 -109 77
43 120 112 117 50 64 -118 -49 95 119 38 -117 26 18 15 113 66 12 82 -21 -43 115 125 51 106 54 89 -82 17 -107 -21 -79 -99 -62 124 41 -91 79 34 57 73 -104 -87 -85 -121 39 67 -83 19 85 68 -75 -38 119 -36 2 119 43 -61 44 -94 119 -18 -72
123 -98 -24 119 -22 12 120 -39 -4 -61 73 118 -79 -100 -126 -65 5 10 -126 -3 70 98 -30 -20 -54 24 35 7 9 -124 11 37 -57 -20 -93 -15 75 -14 -8 118 -110 57 -82 -105 79 88 108 106 -1 39 -23 -44 -49 -35 57 -20 -89 73 -46 -117 58 -48 69 31
30 -62 109 49 -101 15 -121 83 8 -73 -102 -83 -124 -48 -73 -74 84 92 -49 -15 42 79 36 42 36 81 66 -2 104 -100 -21 -23 -94 -82 -124 -51 95 -51 111 -96 77 -46 -47 -38 -94 28 29 -29 69 -49 -49 93 -22 -97 14 -39 18 65 41 -93 2 -69 91 -3
-84 126 35 95 -113 48 31 -116 7 -54 -4 83 26 29 113 -73 -11 23 -7 91 20 23 54 114 -96 -42 95 -100 49 -1 -22 120 75 -69 -108 -15 42 -6 91 122 -67 -18 65 -48 6 25 -52 -99 93 -40 -75 41 10 -107 39 37 -41 81 45 -110 81 9 -10 -46
-116 -19 50 53 -107 -33 58 91 95 -113 33 83 -21 -96 -23 7 88 -81 52 -94 17 -93 63 63 -57 25 122 -48 -121 32 -55 -108 71 -14 33 -33 -16 53 30 -46 89 -120 -29 49 -94 -20 102 18 -3 -117 37 37 87 35 -100 -23 -25 30 107 86 -81 -124 31 -84
-94 43 57 27 -84 -104 -71 -117 -109 0 -23 72 -28 108 86 -121 -103 85 95 -45 94 60 -98 101 53 -36 -103 83 22 115 25 5 123 14 122 -83 46 -66 40 -86 49 92 59 -88 -62 -120 -35 116 123 105 -3 18 23 97 -36 -51 -22 34 21 39 15 62 127 106
-60 108 -67 -124 -75 -83 61 119 80 28 94 -106 116 -128 99 -23 -22 109 35 111 102 -56 37 -21 -36 65 9 -109 40 -108 118 -36 -19 106 115 63 110 -10 -21 -5 -5 -30 34 95 -70 -9 -111 -118 96 121 4 -81 -64 113 105 -2 -108 86 22 -128 -6 -14 -13 6
10 -50 -115 22 15 -42 -6 -19 19 -108 -1 113 124 72 70 109 -69 -81 27 88 -33 -59 99 -57 29 87 -78 -113 2 78 110 12 14 1 124 64 -110 15 -56 121 47 -84 -81 76 -84 -85 -70 -75 -118 -77 42 113 -62 -108 -33 -101 6 29 -90 44 -124 61 39 113
113 49 -14 122 110 93 9 -63 118 31 30 73 43 -52 45 114 112 61 -4 -89 -69 -96 -80 -4 83 -106 48 50 -77 -15 -30 38 20 74 94 -25 -113 118 -63 56 61 126 115 -39 24 16 -38 -102 75 -81 28 93 -40 -42 -83 -77 -50 120 -128 -26 80 -58 8 38
-67 -76 -5 97 56 -65 92 61 65 -94 4 53 46 -88 72 111 57 8 -9 -24 33 -109 -54 -46 18 -109 -33 53 88 9 28 71 17 -29 -125 -126 -92 -109 39 25 -111 82 -61 114 -73 -35 -75 110 -91 -4 104 3 -101 -110 109 56 2 -28 123 -67 114 107 102 -50
-77 121 43 -115 -70 95 2 -56 -81 -8 100 -54 -35 -73 -89 -97 -98 -44 65 42 -40 54 16 -101 58 23 -46 -45 109 -47 -120 -80 93 30 55 103 -111 127 91 91 1 35 48 -75 115 -43 -44 60 -60 -57 -109 98 48 -102 44 99 -2 -100 -74 -104 120 -44 -127 -108
-84 -104 104 -72 -106 -116 125 106 21 49 39 -3 -46 -111 35 123 36 20 6 -57 104 20 -5 -52 -34 -91 -20 67 -18 -6 -43 -35 118 -46 35 -70 -15 76 84 -43 118 67 75 -91 41 -105 -6 -51 -12 -9 -14 -117 121 104 -27 -102 121 75 76 -81 80 -41 90 -71
-11 82 121 16 85 -60 126 -59 -110 -2 -11 -11 72 36 123 -2 118 -111 108 113 32 18 50 25 20 76 75 -36 -38 -75 32 -52 16 -36 -77 7 -108 38 -94 125 -74 -68 105 112 86 102 -28 61 93 -85 120 -109 -14 15 11 68 -49 -11 -56 -109 -43 -106 26 -82
53 -19 33 -66 -127 99 102 -41 29 118 29 92 -42 -29 -61 -127 -35 0 -125 13 117 112 14 31 89 -112 -11 -118 45 95 -78 -99 -51 -48 -30 -36 31 25 -46 -67 -99 3 -98 124 -71 30 10 30 -98 79 33 -120 27 -12 42 53 111 -3 34 45 12 -37 -77 -110
51 99 -101 -1 -28 -83 61 -3 -32 -48 -3 103 66 30 112 -78 106 89 15 37 -120 -118 -54 -103 -50 -112 -35 -59 53 109 9 -68 62 -108 108 -55 110 97 74 -33 -67 13 -42 17 125 72 -38 -76 -47 -118 -5 112 -107 -38 2 4 49 -17 -118 25 -127 124 17 -124
-20 67 -67 49 104 -83 -76 -108 -44 21 96 96 61 -100 67 96 -73 1 -127 -117 112 47 111 72 -85 -26 -120 -49 108 -52 92 60 3 44 -98 -42 -116 6 28 127 4 -99 98 74 -86 -27 14 -103 96 13 120 -22 -115 33 52 50 -65 112 -83 -94 2 127 51 -68
86 45 127 -105 -75 -49 56 73 34 -90 1 79 50 127 -61 -37 12 104 26 91 24 -1 -10 -24 64 56 51 9 40 121 -10 -117 -55 52 102 2 -72 78 31 12 57 -75 40 -40 0 -80 91 114 -62 -64 21 118 8 -109 -90 27 41 13 72 90 61 -58 -49 120
-61 -82 -13 -80 -71 86 107 -123 95 -34 -8 -31 -88 -82 95 1 -38 -107 100 -8 -50 -5 -78 75 -73 72 -53 32 119 -40 -44 113 120 -41 -71 56 99 -6 -3 124 58 -30 -94 120 -45 -49 51 114 -41 -80 -59 -23 51 -43 26 87 56 -31 29 90 5 102 15 95
-96 -123 24 -1 41 104 -54 55 -58 -50 -51 -32 125 -111 74 -122 39 1 -86 111 -119 -92 -21 60 -61 98 -71 -55 33 -78 -3 60 -83 -72 119 -112 -55 80 119 -75 -71 -50 -81 60 115 -122 63 -86 42 96 49 -117 -116 -88 30 -83 -71 88 -114 -66 -63 74 102 -103
-98 -36 -64 -17 -112 -90 -96 76 -108 47 -64 -66 -127 -75 72 -52 -105 -125 -79 -89 22 68 -89 -51 -11 58 -41 -59 88 -50 45 22 41 -34 88 78 -65 121 27 -91 98 78 -47 -28 126 -29 -98 96 -99 -78 61 22 27 48 -84 -80 -1 -63 -27 -116 78 -106 -21 50
95 -39 17 -119 23 114 54 85 -13 125 -20 -58 -104 -36 -120 -37 -11 98 72 -54 104 117 105 -91 94 -45 -108 -68 69 -72 -3 -85 105 -27 13 120 -4 86 121 -61 -14 -124 -104 39 -67 85 -51 -8 -68 -14 24 40 -67 119 89 -86 94 38 60 -100 92 95 86 -76
35 -79 67 -1 92 -80 -39 -38 -85 -75 88 -74 -19 -10 49 -126 -41 -54 -39 29 -94 122 -87 -42 91 48 85 -23 42 105 84 -23 100 41 50 -98 -101 -1 -122 3 87 -1 58 -19 -93 -79 100 -30 74 -56 -40 -117 -111 63 -66 -10 28 83 91 80 -99 -56 74 -37
-119 -79 8 -118 50 53 120 56 114 -115 34 -75 49 -62 -33 -99 -102 -35 49 32 121 -71 106 75 -99 -7 -49 -94 45 91 52 93 115 -98 119 18 124 0 92 -115 87 55 -52 80 -12 -67 70 92 -42 71 -7 -17 75 -63 -68 71 -41 -85 37 52 -69 48 28 -4
-13 55 -104 -124 -85 -124 30 -46 124 96 29 106 35 104 101 -21 58 -37 -33 -75 88 97 -94 -71 -17 32 -118 -59 121 -62 -57 -103 -64 55 -113 109 -128 -1 56 21 -44 81 -128 104 78 27 40 -89 -110 82 -3 -93 -47 -128 -2 70 -23 114 -119 36 -37 -4 106 74
-105 -9 53 -71 83 -109 101 -82 73 -124 -100 -37 -102 62 -110 105 -29 76 -71 -54 44 66 93 -115 -61 103 -29 -62 -23 88 40 77 109 -112 81 53 18 123 85 19 4 -1 113 97 84 110 15 -86 124 -107 92 -95 -103 45 -106 62 -79 -2 -109 -117 -1 -29 -91 67
-78 -35 -92 -74 -13 -7 81 113 126 -38 -61 -7 46 -101 45 -26 35 -58 75 127 42 -54 -68 112 28 8 58 66 -91 -121 21 -5 45 -56 26 85 23 -79 83 126 40 19 116 90 43 2 -43 -63 69 2 23 -98 94 59 -34 -20 67 -93 78 79 46 13 40 -40
65 -25 -128 -122 68 -18 -1 12 -34 126 16 45 -25 -13 33 26 -8 55 53 99 113 -89 125 64 98 -44 -11 -87 40 93 101 -35 27 68 -47 -63 77 57 -5 -25 73 2 85 -107 -24 -25 -62 -122 70 -53 -86 -63 -41 -87 0 -4 82 21 33 83 56 54 47 -122
-45 -58 104 -40 -45 70 -102 -90 -29 -43 94 29 75 -72 82 -69 -41 9 -71 -107 -83 60 62 94 -17 -64 22 119 70 -37 51 -88 -118 -104 -127 89 9 -4 113 -11 -59 -100 -72 120 2 77 -83 -92 90 -64 93 127 72 58 -99 120 89 -29 -7 -102 -119 108 -3 124
-115 94 77 70 -65 -11 -46 27 -96 -37 -120 -16 -23 -45 -43 -100 103 -23 -69 19 -79 25 0 -50 -112 89 104 108 -110 61 72 -123 127 -58 32 -70 28 75 -10 -119 -81 97 32 80 92 -39 25 -53 79 36 20 -16 -41 -12 -64 -18 101 -104 48 -39 107 -52 55 61
-47 73 69 115 0 -109 18 42 -4 80 41 0 -127 -90 73 -106 48 -61 14 58 -89 -82 -71 -123 86 -71 108 -49 56 -91 110 29 110 -62 124 -119 -31 15 -103 53 -61 -16 16 37 -56 0 -122 -45 -86 36 -8 124 -74 -4 -19 -57 112 -31 47 26 -93 93 58 -4
-127 69 70 25 12 -32 -85 -44 18 -113 -116 8 78 47 -89 -11 -114 82 33 -24 -30 -118 70 57 -50 56 -16 54 5 -12 119 -84 13 4 19 -122 73 -5 -91 24 -122 -92 7 -3 -10 22 -88 23 119 2 13 -116 -70 -40 9 77 -20 -19 -19 107 -97 120 32 -72
-42 -27 41 32 93 13 94 -128 -107 77 100 106 -7 30 99 122 -77 111 -45 4 -121 4 -53 66 -106 -126 -5 -25 -45 20 -61 -66 73 -28 119 97 82 -9 38 76 50 -29 84 -41 58 -53 -74 122 -113 93 -45 -93 -40 -9 -14 -101 -93 -122 119 100 46 31 58 74
49 82 -93 -57 68 116 105 -79 107 46 78 -52 -118 109 -32 60 65 83 116 104 46 73 -71 121 29 -21 -2 88 -128 -12 -86 11 33 -78 -83 89 -55 92 -114 22 -63 100 -74 12 -25 -67 -111 -15 -84 27 90 29 22 -31 56 -41 74 23 109 -9 -128 -56 -58 -36
-107 -65 46 8 41 77 -119 71 -89 20 122 -68 95 -55 -23 123 -42 -98 -82 117 -45 -119 -64 116 6 -118 -40 -74 20 -58 26 -71 56 -34 -54 105 -2 -42 -105 -4 -73 4 -31 -95 -26 -7 21 82 117 97 0 -71 108 48 -70 -9 -35 29 127 -42 -14 96 99 -39
49 -82 -122 -28 -127 42 121 -34 -99 0 21 103 -118 82 82 -101 49 -123 122 16 -92 69 39 -19 103 -105 -53 51 117 -122 30 122 95 -113 -103 95 -7 94 35 96 -53 93 89 47 122 -16 -54 -38 61 -97 11 126 -49 94 -73 -59 -69 66 85 -92 -98 -102 -127 -29
99 34 50 97 120 -53 -24 25 -38 -89 -107 72 -25 -77 -6 -122 -119 63 54 -110 -120 117 -89 105 106 -87 75 20 118 -39 85 -12 -115 14 -24 121 108 122 -47 56 -61 -96 99 -79 118 114 34 40 17 104 -63 69 -67 115 -59 -113 63 -84 109 -44 -100 24 -19 -48
-47 41 54 -55 -41 116 -50 55 -67 -126 -122 -79 -32 -126 33 -105 18 -127 -94 -47 126 30 49 116 106 61 -127 -15 88 -24 -87 112 25 36 51 66 -18 46 -32 34 126 -120 113 36 41 101 22 -99 -97 -20 -49 -95 -78 57 -50 98 -105 24 -33 40 -40 -73 -70 34
-12 -46 88 -23 -121 98 -100 -7 102 -75 -56 -16 -73 117 113 11 126 -104 -97 -40 118 58 121 126 -114 43 50 118 42 28 22 17 -76 78 110 -107 -107 -18 82 -6 -51 -105 9 24 -94 88 85 57 -91 55 -17 18 -36 10 35 -17 -108 -31 32 8 -18 105 -27 119
-74 -56 -58 -80 -17 -6 84 -118 106 65 -116 -116 13 67 -8 48 -105 -30 62 84 60 -19 75 -43 -10 -124 115 77 -65 110 27 28 -104 -120 106 -63 -106 25 -23 42 4 58 101 -121 81 54 -52 -102 -3 -118 -79 -56 59 46 29 19 -16 -8 84 -14 -40 78 88 -107
32 45 66 -3 106 -74 -99 -116 -82 34 72 -62 56 49 -36 79 120 -5 -38 -33 73 -25 -68 0 -66 -127 -4 17 -7 77 13 -95 101 123 -43 -84 33 91 -102 -83 -30 -10 10 -50 88 -87 -125 43 -97 -110 -103 -9 51 -23 120 -75 -30 -69 -4 111 18 -107 -128 77
119 -115 62 78 80 42 -16 71 0 -75 63 -82 -41 101 14 12 118 122 76 18 39 68 -112 25 -92 -126 -68 -67 -94 -30 -118 -124 61 -62 -127 21 -44 -10 75 -64 34 35 87 -31 -85 77 -62 -60 -20 -10 86 38 23 -61 -39 100 54 -2 35 17 -29 -98 -79 53
43 -99 61 -78 -115 -76 33 -88 -95 80 -3 40 -22 117 -9 -45 -121 -37 22 -23 56 108 -10 -40 -11 -21 -108 -62 -31 31 -124 -118 27 -1 65 103 -119 46 98 118 -39 -105 -89 81 -45 -72 -45 71 -29 -94 -70 111 101 -115 127 90 -103 -83 -109 104 -88 125 92 -70
64 85 -47 -85 27 -7 111 -114 -88 87 -47 -15 -48 -52 -67 -38 89 -5 65 -69 97 -58 -85 -56 -3 -48 32 75 -123 -69 -26 25 -108 -106 42 -115 89 98 -126 -25 -95 -20 38 114 108 -87 76 20 -95 69 64 -57 54 101 -44 -45 -39 106 -127 -43 84 -122 -40 48
-112 -96 -40 31 -56 -42 -90 80 8 -69 -96 3 57 -54 -49 -74 104 72 -19 -124 47 -68 94 -34 -108 -61 43 -64 -106 107 -19 -84 66 -21 120 -74 80 62 -29 -3 127 10 -46 -25 109 -77 -110 -45 -37 116 -34 -54 -81 -58 90 125 -119 -44 -47 -30 122 -5 22 -39
35 -89 -46 78 -73 -18 -57 -84 -90 -35 -16 101 69 -105 -5 51 4 -58 -106 65 108 -34 -36 -26 -15 -91 112 116 -54 80 119 -73 30 12 -127 31 112 12 -77 64 31 3 51 -41 5 66 38 1 88 38 2 -42 1 -123 74 105 89 -9 63 -59 -2 80 -118 60
-44 -109 91 -11 -111 5 -62 77 83 -118 -27 -109 -30 -18 -121 68 -92 93 -47 74 -118 19 69 39 27 -127 116 -73 -21 -121 80 -101 -48 106 117 118 -60 114 -2 -32 59 3 -51 76 124 41 -58 26 63 18 82 105 81 66 117 85 -14 115 -108 -104 -84 91 -86 32
-4 59 17 -67 77 18 -13 19 -22 -18 90 42 91 -18 14 78 20 115 40 -97 -70 -75 70 117 123 -116 63 91 51 -105 120 117 -118 121 118 -76 40 19 14 61 2 -44 -51 -114 -117 -61 95 -36 54 22 -122 -31 43 20 72 -29 21 5 75 57 -64 86 -86 -91
6 2 -112 -115 89 10 82 -27 69 -8 -60 66 118 97 56 106 54 96 -6 77 48 85 -4 -103 -58 -114 -22 60 -118 -45 34 -93 -31 -21 38 -99 32 -46 94 -34 -33 -92 -84 -16 -100 -48 -120 43 -50 -65 79 -40 -4 -80 -61 -93 10 77 82 -77 -91 64 91 74
26 23 -65 24 -18 -40 33 -32 -67 26 18 -101 81 -105 -8 108 -80 15 -41 -51 -36 -66 78 -59 70 36 -110 -96 86 95 -55 -91 -53 2 -107 40 80 -99 16 79 58 -112 -119 -66 101 29 51 -103 -49 -12 -12 -93 17 123 -104 -107 -18 60 42 81 20 -40 -126 23
-18 53 -120 -63 -18 42 14 -105 -123 -28 -25 120 -59 119 -100 -37 -7 37 -40 46 -40 38 71 116 107 94 16 106 97 106 -99 -3 13 82 25 -73 35 -122 127 1 55 -4 -74 -98 -91 -74 -126 -123 97 -66 -29 -21 -92 -77 10 -13 -24 -128 -68 113 12 67 -100 84
35 62 60 -32 22 75 -17 64 -107 119 -87 58 -126 77 52 60 109 2 73 -12 35 -101 70 89 37 6 -85 85 62 -10 -5 -121 -83 67 109 -7 -108 125 69 -6 46 41 -83 45 -81 -14 60 22 94 23 9 -28 114 33 -43 -88 91 -111 -61 -117 46 -15 103 -29
-126 13 9 37 -50 -18 -48 3 -61 47 -66 -49 47 37 -22 102 -25 45 102 -61 75 16 126 -26 -17 15 54 -101 102 103 63 3 -20 14 116 98 -89 -94 13 -40 20 93 34 27 40 18 86 105 125 56 -39 -36 -69 14 119 -86 -3 102 -70 86 80 67 -117 -54
-49 97 -61 -17 108 52 -54 80 -113 44 -93 -2 67 84 -72 -60 77 22 -66 -30 -127 56 -5 -125 39 -77 119 126 -73 -85 -74 60 -17 -126 -2 98 -41 -68 -106 -99 -19 41 -95 -35 0 115 -98 40 -72 40 -116 55 50 78 -121 62 -119 -73 119 -88 -36 79 121 -33
62 -114 79 -68 86 26 -105 26 -80 99 93 94 -28 23 -37 95 -120 -93 -99 16 -101 124 8 111 54 -14 28 30 119 -121 76 99 7 58 -38 -95 123 88 -104 -114 102 52 -67 -48 -64 78 -13 62 -64 -5 -128 104 -61 62 88 -27 -104 80 -96 109 -10 8 -69 -58
22 63 -120 -123 52 -75 -65 -119 -127 -21 112 86 -23 -61 -30 64 88 49 -95 -52 28 101 10 -26 -71 1 -106 105 -41 -32 -55 62 -121 -109 -68 105 72 50 113 -25 -7 43 -45 64 -100 -60 -105 22 23 68 -113 -64 -59 97 -52 85 81 63 9 -28 47 -113 -88 113
84 -85 124 -83 -89 28 -116 127 127 50 -3 15 71 -73 96 -14 -86 -2 -46 -67 12 23 0 33 48 -96 87 67 64 55 -2 -80 -68 43 -21 -78 -37 34 -98 17 -31 107 -110 37 -17 -106 73 -88 58 5 -91 75 82 -49 -103 -60 32 -42 5 107 121 -78 72 106
93 115 123 112 -114 99 28 -23 117 -19 0 -51 -27 -123 25 59 121 -78 92 25 36 -85 34 -37 91 -41 32 -62 -48 89 50 -72 -111 -114 98 -30 -106 -123 11 120 47 105 62 67 -55 -13 47 37 77 38 -119 -20 -72 61 23 65 -46 -38 -28 4 -90 -90 80 -43
13 -74 -60 70 -71 37 35 41 23 42 -2 118 95 74 76 -39 -20 17 -96 68 3 124 -119 -18 -64 -6 -13 119 -4 -101 -63 -80 85 -34 13 -10 44 -122 24 26 -49 18 -93 -110 -6 117 -53 -15 -48 6 -34 92 41 103 33 -32 17 43 119 42 125 85 84 124
-37 -60 88 68 85 39 -78 20 -80 -59 -53 106 82 85 80 -69 37 -41 -126 45 76 -128 41 10 124 -50 -55 -83 -4 93 -29 88 -108 33 14 97 -116 -13 107 89 125 58 55 96 -37 -110 -42 49 15 119 -46 72 -78 -33 -27 61 8 -101 57 -83 -111 -52 25 -54
65 42 -13 -97 -19 19 32 53 68 -126 -61 27 -49 -53 56 -46 41 -17 -47 28 75 -35 3 -10 65 -60 120 113 -32 9 95 -122 -117 43 -110 6 -32 37 117 23 -56 -106 36 -2 66 69 23 103 60 72 59 72 69 -112 74 -52 -65 -110 92 10 -99 119 -76 -69
127 50 117 30 -33 -99 18 75 46 113 91 8 -82 26 47 -55 -90 -108 28 -96 -95 -79 7 50 51 -12 -46 97 102 -76 -72 -2 -38 71 116 85 -45 43 -89 -100 67 -42 -116 96 98 106 -36 -53 38 67 62 105 58 -60 113 -76 36 85 36 -109 50 80 -115 97
117 -100 112 43 107 -99 -119 72 -51 63 73 -41 88 -25 16 14 -63 -118 55 117 -82 89 36 38 51 119 -110 -99 98 -83 -105 91 126 98 97 11 41 -35 55 -94 -11 121 -32 81 24 43 -30 125 15 113 68 -103 -126 87 44 -13 14 115 43 38 -106 -83 77 -104
-3 118 86 -62 125 -108 -88 39 27 52 117 22 57 -45 -11 -74 -83 -96 0 -40 -23 91 10 -76 31 -48 -88 -66 119 29 69 -5 100 19 -26 127 85 -34 -15 -68 120 69 -32 27 -7 -30 -128 58 -35 69 31 13 -42 -89 -6 47 -35 -20 -119 32 104 -6 -70 55
-73 -90 -122 57 95 -107 -5 -5 12 -84 -109 -59 -48 -52 -119 23 83 39 -21 -78 -92 114 -3 -18 -115 80 -69 -24 85 27 83 -97 43 41 16 9 105 -32 -5 -3 -61 -100 -119 43 16 -67 -53 68 -72 -125 28 104 5 62 22 54 -78 88 -25 -117 9 -36 -81 20
-66 -22 -51 118 -28 8 -59 -39 -79 18 -35 -100 -69 86 111 127 -66 49 1 3 -80 21 88 -31 6 -72 -32 -58 122 -122 -84 -93 84 -121 29 44 93 -51 -84 2 -35 -60 59 84 -82 92 54 -121 -35 -7 -63 81 120 -67 -98 44 -92 -105 86 5 -110 -111 -60 90
-112 -28 52 115 -75 127 -13 -125 21 67 32 -68 -90 17 72 65 -28 73 103 -107 -96 -118 110 -21 33 50 31 -92 -96 -40 36 -75 121 -38 -44 88 -115 -125 37 91 127 71 65 50 66 74 -102 92 118 30 20 114 84 70 -47 -82 121 -115 119 111 96 -20 12 -25
82 38 -51 -40 -24 51 92 -40 4 -26 -72 43 -125 -45 57 11 -28 59 38 -35 -1 -39 80 11 -30 -52 117 21 -38 -25 -84 90 51 33 -101 46 -89 36 75 -13 -35 27 -67 -78 -5 104 80 -16 -3 42 -40 19 -108 -29 -21 70 46 28 -125 -102 -99 116 84 42
67 -116 63 94 79 -80 13 75 -98 43 -21 2 -89 102 97 -64 -88 17 -47 -122 49 -51 -13 105 -65 101 -22 -65 -6 90 18 110 -74 82 -64 -31 87 109 14 -33 -36 76 -101 35 -122 27 64 -1 -54 0 45 -23 16 28 11 64 -1 88 -90 -94 74 -36 65 -60
-62 -82 -113 110 30 -10 -40 -127 -97 35 -18 103 77 -42 -45 61 -110 70 117 3 -38 -85 118 -4 50 51 -123 -23 -1 55 -101 2 -66 -56 -97 -52 81 50 68 -117 -81 -67 -4 87 115 17 -94 -66 -54 26 -74 92 48 57 -52 83 -97 47 106 8 -31 32 12 99
-16 101 41 -117 0 -104 -68 -91 57 49 -18 -49 77 -33 -99 112 1 -30 -34 -105 -22 31 67 25 102 100 -53 -14 82 -96 66 -117 -66 109 -75 77 118 96 113 -60 -118 55 -43 -98 73 -34 29 52 -114 -17 -7 53 -70 -4 -35 96 82 124 -110 72 -21 51 100 51
-85 8 110 96 -106 109 2 -75 55 -78 -123 -119 -71 -32 124 -24 91 2 20 74 -24 -126 30 -77 13 -1 -96 -122 -90 -11 102 24 94 -70 14 -4 99 -55 4 103 -95 70 -63 72 29 -86 -122 -29 3 -3 43 95 42 120 -33 51 82 120 -57 48 -51 124 -5 -67
-85 -17 -25 78 -48 -103 36 -70 99 60 -71 -61 -32 -127 102 -86 -59 86 -68 126 9 1 -94 77 -122 77 -1 -102 94 -88 -2 122 -98 55 88 87 113 -16 71 85 -109 -100 -107 107 -29 104 87 -91 80 -6 80 -111 32 -35 76 -58 1 -52 -84 -18 31 -84 -19 23
-87 -110 14 -78 -100 110 34 -40 -124 126 -99 -23 124 71 67 -5 -44 114 105 -115 -80 -113 24 37 -86 57 63 -121 -73 -38 6 30 73 63 47 -21 19 59 117 95 53 -10 -101 -102 -40 -18 -35 -34 -96 33 81 -33 -28 81 92 -51 -119 -81 -87 -16 88 127 124 -98
96 -58 120 -124 81 92 17 22 83 63 -38 -75 125 -47 -23 -25 -122 -65 -104 105 -109 -69 -85 92 80 2 -52 65 89 92 109 -31 -98 -10 21 -92 -43 -64 13 -99 -98 37 -125 23 -9 107 -5 -72 -109 -11 -21 117 58 1 90 56 7 -44 -94 -121 -99 38 -73 -90
109 101 -118 -103 -3 102 27 -48 -67 -4 6 55 -96 109 34 23 127 127 -23 16 -42 96 -114 -78 127 96 125 -33 -49 1 -100 1 101 34 -29 60 -10 81 11 13 -101 -23 84 -108 113 83 -32 -116 124 17 -36 -70 91 -32 -93 28 26 -1 17 -75 -34 -127 -22 95
-84 -1 89 -69 -90 110 -38 -127 31 102 -72 118 -36 -122 -45 -40 -119 -58 -94 -118 95 -10 124 95 109 -6 -46 -67 -118 -97 63 -67 39 -100 -36 12 -25 37 -72 74 -30 -38 80 56 76 -49 -116 74 21 18 16 -64 65 -79 -111 61 -116 -21 -115 95 28 -26 -128 113
16 -101 -47 68 122 4 18 -68 96 1 7 -8 -74 -91 -13 1 -57 9 41 -114 -122 -52 -28 24 36 102 21 -64 -83 -29 -51 -78 65 -93 -43 30 -87 1 88 -17 98 20 50 5 -6 -113 -88 28 -108 -88 -64 -32 -105 -38 -87 91 -60 41 -28 11 -86 -74 12 67
107 33 -18 4 -28 108 83 -94 -16 -86 -92 31 -12 -118 -85 19 -10 -92 75 -75 126 66 -46 124 -6 -35 -78 -83 -35 48 -44 -113 24 -14 50 33 -24 -15 79 -126 -119 -40 -26 57 -48 81 -93 4 -86 -40 38 70 33 -50 40 16 12 -66 -91 -94 22 -81 83 -101
-61 -63 57 -61 -22 -34 51 60 -38 125 -2 29 -67 -126 111 -95 125 4 49 122 -36 35 46 101 -41 -69 31 -102 111 -48 -20 -60 -39 117 -10 107 14 109 -40 -5 -43 118 -14 -15 94 84 -15 -43 -114 -65 -26 64 11 88 -92 -72 -100 -51 42 -37 125 -48 102 46
32 -9 -56 88 115 -79 55 36 -6 -114 74 25 30 -93 -37 -85 -85 13 104 -45 -19 105 -94 127 44 55 -67 -25 -87 6 -65 33 -22 -116 94 4 42 -32 82 33 27 61 113 -10 -98 28 95 60 -78 6 16 55 -46 -123 21 62 50 -3 94 -47 86 -57 120 60
-57 -49 84 -6 17 -88 62 80 -57 -69 63 87 -95 127 62 -16 82 94 48 -8 -74 -66 -117 60 118 115 -87 101 127 -47 79 47 -101 121 -42 -74 68 95 29 -44 -35 -13 28 -121 125 108 -46 -3 33 9 -33 -24 46 -50 -20 3 -74 122 -48 101 54 71 -123 2
75 -14 -92 -62 40 53 116 -28 87 90 26 38 -47 -52 -48 -49 -21 -90 122 -20 56 123 56 24 25 0 107 117 -58 103 -33 -52 113 120 60 -100 -107 -55 120 4 95 91 -9 42 9 -121 -93 -10 72 -55 25 -39 87 66 87 7 62 -112 79 -95 19 -22 -93 -39
-20 50 98 -121 0 45 -14 65 -76 13 73 -42 120 -84 95 -124 114 -58 -62 4 -34 9 94 -25 22 -122 -109 6 -56 97 62 35 -58 25 -91 -68 -106 92 95 6 73 116 -2 -125 78 23 98 60 24 37 -67 -18 39 34 -111 43 -60 -90 79 -60 -42 -30 -7 1
-84 73 87 17 -75 -63 62 -100 70 85 -40 99 121 -24 -105 89 -4 -56 -122 -97 102 -66 -88 -71 -81 -114 75 -109 -89 -67 91 28 -8 28 21 -87 -88 -81 41 3 -20 -98 17 49 -20 -97 126 91 -109 17 -124 27 83 99 37 -35 6 71 -49 85 -28 111 82 -13
61 27 -6 6 -27 8 -10 72 -42 -42 -4 113 -22 -19 -1 76 57 -8 -86 13 -98 75 121 36 -88 -73 -87 -22 122 -38 98 42 121 -108 -124 112 117 87 -106 79 -76 -24 -101 44 -8 91 73 -119 -7 -65 24 113 108 53 -77 12 39 125 84 109 -22 15 -78 53
22 95 -57 -29 63 107 -91 -32 123 101 112 105 -69 83 -74 -1 57 77 -21 24 57 126 -47 -70 96 76 74 125 66 -94 50 110 127 22 33 -44 -7 45 -30 -105 -123 86 -47 33 68 -127 -94 -81 -48 -93 60 -97 -73 -53 -88 47 124 125 42 -93 97 -38 12 15
120 3 -74 41 -56 35 77 -53 118 35 67 20 -46 -10 -11 55 60 -120 -77 73 116 -112 56 -55 -24 -85 -45 111 21 120 -59 -127 18 -21 42 19 88 16 18 -40 -4 53 108 -57 5 96 -14 -124 -106 -60 -96 91 25 95 -21 -22 81 -98 72 87 13 -25 55 90
77 68 -62 -87 19 95 -37 -48 125 -7 68 50 -39 -7 -73 -106 64 -73 119 122 -102 -60 -8 -24 -123 1 120 126 -72 64 112 11 -96 -81 10 -125 25 5 -50 48 -89 -59 -93 110 14 39 6 126 89 -73 -118 30 -117 65 -63 39 -115 121 -73 111 -96 51 4 62
86 66 -108 112 114 -47 -86 55 124 116 -106 -57 -2 112 -37 89 -57 -35 10 21 76 -52 -1 -121 51 66 -77 12 -80 28 93 -36 -100 -39 25 -21 78 13 -97 6 63 -61 -80 39 -62 57 93 -101 58 61 56 4 -48 73 -47 101 10 -51 -31 -3 93 -8 1 -27
4 11 -113 -9 32 -3 -113 -119 -50 -28 36 97 54 115 5 -41 -71 12 12 -96 8 53 -69 10 -118 1 -122 36 -50 -39 122 58 -81 55 -58 108 29 78 123 -13 -32 91 -9 -26 6 -75 41 -113 -48 -103 38 -84 75 -66 -94 -6 -92 -45 -94 61 -23 -34 118 8
70 -30 101 -1 57 3 -1 105 111 -59 -26 38 -100 -28 -125 -85 47 -27 -109 105 10 -7 -89 38 12 73 -100 122 -8 -126 29 -1 79 64 -1 33 -56 9 -39 -15 -109 -19 116 28 -56 -71 -26 44 2 -99 -34 97 -10 -46 -108 99 -18 110 17 -125 107 -72 -101 126
-5 -125 16 -53 34 -126 109 -43 -76 -106 -50 10 105 0 -17 1 73 83 -81 5 73 -104 126 -27 -28 56 -40 0 -113 15 -104 27 119 -18 -25 -76 52 83 -2 125 -48 104 -75 106 116 -6 48 -40 -124 -15 77 80 -28 121 -49 81 31 -123 -91 29 36 -22 36 42
-19 109 -121 120 71 42 -51 64 75 -14 65 36 113 -59 61 -90 -12 -107 54 40 2 -127 33 -116 -7 -51 -125 -46 -17 -16 61 33 -2 -2 -15 -35 13 -5 115 -82 -115 74 101 -108 -82 110 1 31 -41 -71 86 85 -9 -3 68 104 -27 96 -1 25 81 56 116 64
-42 -103 -76 73 -1 123 3 7 72 34 -107 -119 -111 -2 66 -18 -23 -94 47 -43 104 -44 -38 -56 0 -63 112 51 -89 -83 121 -56 -34 75 -114 -4 59 -58 -8 -58 -82 0 83 -116 27 37 -119 -71 22 6 -69 -37 12 -14 9 102 102 -13 97 -48 -104 3 -44 -34
13 -34 111 12 -9 -38 101 -95 -121 -58 -66 113 -80 -65 22 -104 108 -73 -84 97 -73 -76 36 -21 -46 -80 75 -102 76 87 -67 -122 56 101 31 -99 26 61 -39 102 54 94 -63 -107 115 49 79 124 -11 -18 45 -20 -43 -120 -75 -68 43 67 -82 114 62 73 49 23
10 46 -74 77 66 28 -119 -61 108 52 -41 -90 33 16 82 -22 -6 103 -93 -83 -117 8 97 29 -128 113 47 -55 -84 73 56 42 14 110 25 -123 -53 88 105 61 47 -96 9 34 4 25 71 -120 -23 77 -120 -126 -6 13 94 -28 -62 74 -96 45 107 75 114 18
11 -23 -7 -118 -38 -50 -79 -90 -30 109 64 92 75 23 -107 100 23 71 32 42 3 -89 -38 117 -86 1 21 -34 -128 67 -101 76 -78 -14 73 53 -120 53 -113 -74 81 -102 -19 119 -10 -34 -118 24 -104 -41 -19 -3 8 -55 127 -76 -128 -103 97 -26 -66 120 104 38
73 52 -111 -95 -122 78 9 127 94 -8 -7 82 -2 109 76 71 -118 127 -4 -86 85 77 -124 54 13 -9 -112 -113 107 -48 30 120 125 75 -78 109 109 -66 -53 109 1 113 64 -64 0 -9 108 76 51 -2 109 -122 38 40 81 69 22 -98 43 64 -55 19 -3 -87
25 79 77 33 21 -61 5 61 19 -103 -112 -19 -28 80 -88 -61 99 -116 -64 -126 -61 -68 -126 -99 51 -115 -101 -127 -118 -38 -82 -98 -13 -67 -6 28 101 61 24 115 51 91 -60 34 -83 127 -66 103 23 -36 42 -127 -43 50 15 -21 -103 93 44 -13 49 80 107 96
-86 -72 -29 112 51 89 -38 48 -66 74 77 80 67 104 -70 4 -68 19 -107 -48 37 -24 -60 82 -108 89 -119 -24 101 26 -53 106 -90 -103 -23 112 -99 -14 -1 -47 65 -36 -26 -85 -85 101 -121 83 -31 58 -18 -2 -18 45 -110 -35 -60 113 112 114 -28 70 -56 30
-32 -53 -25 -100 -67 -8 -92 -78 71 107 93 -116 92 -20 83 24 -117 6 -61 44 109 -78 123 47 -80 -57 -86 -106 -22 -126 -19 28 -117 23 41 -79 74 -26 62 -115 102 19 -5 4 -42 -110 65 -68 77 -78 41 117 -48 70 30 -92 -107 93 -70 -57 106 57 37 58
-86 -71 109 50 -7 -77 66 114 -71 -43 -115 -5 120 82 -14 -50 -110 -2 77 92 -74 102 34 -2 123 104 3 -26 -31 107 -101 -44 115 91 46 101 54 -62 -53 79 -111 -39 -74 84 -97 -123 -97 81 9 -88 -77 -96 -40 -68 100 51 -13 100 -46 73 127 -42 -95 35
106 -11 74 -90 28 101 -6 -124 -39 -124 -62 123 -97 -3 -62 31 112 46 42 67 -65 70 59 65 86 -6 -2 -55 71 -70 49 -31 -30 -99 107 -91 55 -104 -100 -118 -39 65 62 61 -10 -50 9 49 101 -1 19 86 -113 28 -107 116 -16 -80 92 -4 -15 19 108 -21
-63 92 -128 49 -25 114 66 13 125 37 -44 -54 -42 -80 -76 96 -128 1 18 104 -98 122 -33 61 69 66 85 109 -117 -67 -60 98 -75 -61 -70 -100 -57 38 54 -32 114 -28 75 30 -48 -116 -6 -98 117 110 40 42 91 -65 10 -19 -126 32 112 29 45 74 109 43
9 31 -122 56 36 -48 -29 29 -50 11 63 110 -51 -73 -68 67 23 -7 -70 -92 -79 93 -62 -83 47 -10 -67 24 69 109 38 -44 78 54 -72 114 -72 -20 6 -85 -46 83 81 -52 40 -76 85 15 -21 -1 -78 -107 60 84 -39 -4 -105 -97 11 14 79 74 35 72
-93 -90 -8 -39 -46 -104 -41 93 8 76 -109 99 -74 55 95 109 126 120 37 -78 -88 -95 -111 -88 -110 -116 -54 -120 108 72 116 40 108 5 -96 11 90 -59 113 -101 81 -61 95 -26 -19 100 -65 34 40 -41 107 -104 -40 -3 99 7 3 -104 115 -48 25 -31 27 114
21 -82 -90 -55 62 2 -64 22 52 107 -106 -79 121 -84 -29 -34 87 -12 -29 23 -111 40 -95 42 4 119 -117 13 -102 -16 113 121 -82 115 45 10 -71 40 92 98 -62 -33 -93 -98 2 114 11 -39 13 81 39 -127 78 51 -104 32 71 -56 -29 62 9 85 -112 -125
-27 -112 20 -94 -124 -87 112 7 126 124 -2 -109 74 -108 -91 -66 88 -115 -65 5 4 118 -91 17 -119 -71 -26 -72 108 62 9 71 43 54 93 32 -58 -102 64 -114 -6 -76 120 40 -29 57 -64 -94 41 104 95 -108 -116 121 71 37 12 107 -7 -42 0 -107 55 57
127 -79 -49 50 -62 120 6 56 103 -24 -6 53 -36 98 70 -33 2 -112 -75 -5 -20 96 118 -40 -47 12 -39 -40 63 -49 -1 36 -114 4 56 77 65 114 -104 2 -10 3 45 -42 62 12 113 -69 -112 -21 24 43 -92 -43 -19 -60 60 -24 118 0 18 -88 -57 -123
-107 -8 -93 -50 127 -83 103 10 13 106 5 -56 56 -117 -18 -125 -7 -92 7 108 42 61 27 14 -114 -46 -88 100 -100 94 -77 70 94 -119 121 71 60 -96 60 50 36 88 22 114 -70 88 -4 20 63 81 18 53 17 66 -58 2 -123 123 -29 -66 18 -65 88 -49
-114 80 -90 63 -11 3 95 8 95 -121 85 62 78 82 16 96 3 -48 60 92 56 103 -49 95 -88 -58 -97 -128 90 26 9 84 17 98 120 -99 -71 -125 -59 -11 -64 -66 -84 95 -5 -71 76 57 -52 109 -36 -17 96 45 -38 120 -94 -15 18 80 40 -114 57 -85
45 -51 16 -4 -102 -14 -49 -84 -48 -54 -103 71 31 -105 11 64 -69 26 -2 -46 13 120 73 -87 -93 104 -67 -76 112 -56 112 -9 -13 -6 60 59 19 106 32 -59 114 13 -53 -26 -2 50 10 101 -109 -102 -125 53 11 8 -55 55 -83 74 -24 74 -13 -51 38 -77
11 -1 -4 104 5 45 -103 -3 -113 -67 17 66 -8 85 83 -27 -108 66 -45 -30 -97 -91 -123 -45 113 -39 -39 57 -67 17 -110 50 -126 92 -67 71 67 -15 74 -127 89 19 5 74 -73 81 -104 15 -105 -94 -54 -8 88 -116 -73 -85 101 -122 28 40 -75 12 -70 -42
-112 63 -72 8 116 78 94 -34 -41 102 -67 -67 -24 -23 31 106 -34 61 -128 80 70 100 97 47 -78 64 97 79 -39 -52 32 77 51 -100 -44 -77 119 -115 17 106 -73 48 1 -10 112 -43 21 20 -59 72 88 110 85 -122 101 87 -75 -94 74 -82 -40 -93 87 -67
62 56 25 102 -14 -107 22 24 -62 -113 94 106 -32 -34 -15 -30 -39 -108 34 63 34 -20 49 88 -54 21 15 56 1 46 81 -64 -35 104 -47 91 -59 104 24 59 -120 62 -89 -60 -64 -21 -126 -118 39 -24 -23 -96 -56 44 63 -42 24 37 -29 53 11 97 -89 -127
-107 -114 -98 71 29 -18 -64 90 -33 -113 101 -15 -112 -9 94 -5 80 -86 13 -66 -14 -37 31 11 -22 -70 -36 -18 69 -19 -81 58 62 51 95 32 87 -91 -127 -55 -78 106 125 -101 -80 -65 5 -88 -32 -40 102 -39 48 -15 -102 121 -29 26 -23 -33 87 115 121 -17
-101 46 56 -3 -119 -46 -102 108 104 85 -105 97 -42 -58 -115 92 -2 -51 -12 -8 -33 -49 -114 -39 -127 58 50 -92 48 -65 107 25 60 65 127 97 -50 -127 46 -12 22 -94 74 -18 63 26 68 -118 -89 -110 -104 73 26 -29 -88 51 57 -98 127 -121 71 99 86 56
-61 124 70 -89 -91 -12 23 -70 -46 112 102 95 6 96 100 -80 -32 39 -50 110 -68 -38 19 -84 -105 -123 -20 -40 -112 -87 35 -106 -76 -11 77 104 77 82 45 -23 23 -99 -86 73 34 114 83 -32 113 16 -46 -28 -68 34 102 26 64 -23 25 37 45 -35 17 -48
127 -41 -64 6 67 89 20 7 -115 104 38 -126 90 -12 24 79 101 -128 26 -36 -100 73 -122 36 5 36 -70 -92 -55 -65 102 123 -82 27 52 -66 33 -1 -86 101 37 42 32 -55 34 70 -23 -108 89 11 -73 73 -110 103 33 91 -113 63 121 63 40 -104 92 -111
90 18 -23 65 65 -15 -16 -13 66 -120 -45 -18 -50 -59 -119 -12 -68 -92 70 124 -13 -115 -8 -107 -56 0 4 18 120 93 127 106 122 -9 101 -90 -55 88 64 -100 13 -113 25 -41 51 -39 47 -107 -71 28 -117 1 -89 4 -25 71 -40 31 -28 101 -49 24 19 -126
-78 55 70 8 -27 115 2 17 -93 -29 15 -14 -4 57 68 -20 -36 -110 -39 -23 91 98 12 4 -80 116 -82 -72 29 -30 -80 104 101 119 98 29 48 9 -80 -60 125 107 -85 -60 -116 52 -121 25 -26 2 -58 -78 -45 74 -79 -46 -15 -24 -66 -120 124 -44 52 -89
-22 -5 -83 90 41 -76 58 -49 -93 -110 11 123 99 41 -43 69 82 104 33 61 0 65 -36 -19 62 -12 -99 6 -103 46 44 53 62 -55 94 -93 1 25 -43 50 20 34 -87 -69 64 -59 -89 17 88 25 -30 -54 30 -21 105 -39 -86 32 121 0 -100 -3 50 63
-93 -90 51 83 -92 -119 68 11 108 113 125 -15 -26 125 -22 29 -19 28 -24 59 -54 37 85 58 52 111 95 -20 -122 -54 -107 95 34 15 52 -22 114 -2 -32 -25 97 87 -111 36 -102 -53 75 -102 -80 -66 -17 -91 -57 -40 72 -93 44 103 98 113 -91 -64 9 80
99 -49 37 -26 -31 -49 -121 -16 -92 -111 96 -118 -43 31 100 -10 23 -66 77 25 15 15 87 103 -120 41 -8 27 -111 -33 -112 -23 -50 30 75 7 -37 34 -120 -55 -19 -114 -36 17 -27 48 120 -17 5 113 -79 -28 -70 -50 35 -56 80 -119 114 23 8 -9 7 61
71 57 61 106 -17 75 -17 -52 -120 55 14 99 116 48 96 61 16 60 96 -106 31 38 109 -29 -34 122 122 86 55 36 47 28 -103 -14 -25 -99 73 35 -94 112 -63 6 25 -55 -102 117 119 -51 69 -61 -82 -35 33 -43 117 29 -55 120 -110 -17 17 -52 -104 108
-40 -38 82 84 -43 13 -105 -30 -8 -78 125 4 69 -3 84 -70 108 -117 123 102 113 -26 -12 119 13 112 60 -101 47 -126 -62 -116 94 -29 -101 -125 -10 101 -99 96 30 -36 106 114 -82 -99 -37 -45 84 -51 -68 122 -107 59 45 -44 105 38 -92 74 113 87 -1 -54
15 -68 81 -3 -37 56 -87 27 92 -14 77 110 -59 3 72 -115 121 66 -51 11 65 11 -80 -65 -127 -62 87 -76 -91 -57 -121 -70 48 37 8 -19 68 33 99 -18 66 -57 -51 -63 -51 32 1 -49 62 1 124 -93 -87 -36 58 -12 -104 109 24 -44 99 88 -88 -9
-48 -75 40 31 104 74 46 87 -106 -113 -117 -64 48 -20 51 94 76 -89 77 -66 -108 -78 -43 69 41 18 64 77 53 19 -111 104 -109 -7 -4 -61 -11 -68 34 119 94 105 -100 -99 -15 118 84 -18 -98 -103 12 70 -82 20 127 -97 -53 -82 -114 -3 -29 -68 74 -22
10 -57 -70 -74 -72 -116 -81 86 -38 -54 113 15 121 -117 -71 62 -107 17 109 79 -23 70 -110 99 -124 -17 -101 -2 50 90 -71 -115 -49 -64 -27 -2 -109 -85 1 102 106 89 107 2 -36 105 71 -40 -40 116 18 117 101 39 18 -34 -30 -86 40 101 -15 -87 77 -78
-85 -27 27 22 -82 87 83 103 -79 0 118 -97 -28 -53 -57 68 95 78 -94 62 -77 -73 91 61 85 48 87 -53 -51 -85 113 -43 81 46 -7 -99 -108 126 -81 29 15 14 -52 64 -3 81 -6 23 -96 44 67 10 -88 -100 8 -96 127 -44 -8 -8 103 -82 -81 47
70 -25 125 49 127 -95 16 99 -23 43 108 71 -41 20 -17 111 -126 -99 7 23 61 57 32 23 15 109 31 4 -91 -94 -65 37 -39 115 28 8 1 -36 99 -111 -68 20 73 63 -78 -53 111 24 16 5 -95 -67 -66 -99 -73 28 106 -70 -84 -23 -12 57 12 112
7 9 73 26 43 10 64 75 -3 114 9 -107 31 110 -69 -120 -46 84 66 -33 -103 -127 -6 12 -93 93 38 -8 -104 19 -66 -35 107 120 -75 -95 58 127 -49 -12 102 117 -34 100 120 -14 -9 70 -43 -7 76 94 15 -11 88 -43 119 82 -117 -34 50 -39 -111 100
-103 14 48 -115 22 -81 -6 64 -85 89 -40 125 -41 21 -6 -17 -32 -49 -71 8 118 9 114 -69 -70 -44 49 -5 -12 46 -59 -114 50 58 -86 -92 -22 -94 115 -9 104 -17 -88 -30 -27 49 126 -8 40 116 -52 -24 -37 -79 44 56 -61 112 9 126 -33 41 -62 60
99 -42 94 -7 124 -5 48 -79 74 60 -38 51 -108 31 64 -31 31 37 -93 -105 118 -21 -80 -126 20 75 33 -61 -101 -8 108 -77 -95 -62 78 74 -49 -65 12 16 116 -31 -12 35 4 19 -50 115 81 99 -60 33 -97 2 7 82 -17 126 127 0 -42 -48 -38 -42
4 -35 56 -68 45 -74 65 9 54 89 -51 85 9 72 118 103 26 -80 111 85 40 86 -54 -6 71 98 21 110 53 47 10 -74 -24 28 -126 -31 6 -88 -2 -47 107 99 -47 -18 -55 -48 94 -121 123 -29 94 -39 -13 113 -76 68 -80 46 74 -20 104 -29 73 19
27 96 -121 1 3 -69 -2 -94 88 114 -85 -61 88 -54 92 26 -108 -73 -86 14 53 99 -90 -107 108 -45 -123 -90 110 15 -15 82 15 -101 -34 -23 -82 -121 63 -53 87 15 -79 -89 -46 50 -57 40 106 -41 -16 82 -16 -55 -122 23 -15 19 -8 29 79 -33 -21 -36
0 -94 -25 -39 -48 109 49 50 23 20 -74 -17 -110 59 82 94 -94 85 33 -15 -48 -2 -26 -49 -120 83 83 -14 28 26 94 -34 -5 -83 66 95 35 63 -43 -66 -32 -24 -111 100 -21 88 28 89 -57 96 104 76 -35 126 -106 28 -11 126 55 -41 41 94 10 -17
97 -119 -11 106 -5 51 75 -92 50 47 77 17 -90 17 108 124 -115 65 85 -25 44 -8 -36 -55 99 -126 -52 10 90 -84 -112 -110 46 -83 -80 -98 -69 -122 -83 34 69 10 -34 -44 -10 98 -27 -96 50 -100 -65 -53 -69 -92 -98 -63 -100 -12 -75 84 -115 74 44 -32
-44 101 78 90 85 65 60 107 -37 47 -22 -47 -90 114 84 -50 91 100 108 45 31 -96 19 -63 43 -118 -97 -127 -90 -59 -48 -107 92 -74 29 68 -98 -43 -44 -122 102 -115 -21 -127 47 56 -72 -119 51 82 -59 -37 -127 -124 118 -33 -109 -51 0 -33 9 -16 -93 6
17 -118 -108 -104 -41 120 11 -86 -80 44 85 124 112 -2 -120 -58 -72 -48 -126 120 85 -74 -49 -74 -99 -29 -16 19 89 -15 -104 45 22 120 15 55 30 -43 110 93 114 -4 35 26 -104 55 -108 117 -105 43 -62 -126 -124 -51 36 27 -50 -124 -89 -120 120 127 120 107
87 52 78 -107 21 113 -5 -37 -44 55 55 -33 78 46 -62 100 56 58 23 -36 -119 71 -94 22 89 -40 111 -125 -58 -34 -34 -42 -78 78 62 -63 11 91 66 99 -31 -123 -40 127 26 -19 81 -96 -32 -63 -76 -82 54 -23 7 -113 -3 -123 -20 92 -12 -5 113 -39
-13 37 -84 -104 -41 -69 87 98 -113 -124 107 71 102 106 58 -118 -69 -21 -54 13 -78 87 127 63 -36 -19 15 90 -1 100 -65 -69 42 -101 42 -73 53 -19 -90 112 -16 -87 15 46 44 3 13 -29 -58 -113 114 95 -19 62 -65 29 34 -47 -73 38 -19 -92 99 -124
82 -23 36 7 -84 119 -18 -112 -51 42 88 63 -30 -26 100 -98 55 106 12 107 26 111 120 64 41 91 67 121 -96 -112 19 -70 17 -41 19 -6 24 -90 -13 -23 68 -109 -59 -13 -60 23 28 -90 -22 22 68 -7 26 42 17 20 65 -67 -60 31 56 -31 72 118
-47 -50 124 -64 11 96 1 59 27 11 50 -41 -29 121 -42 85 -109 23 -11 110 -26 -73 71 -1 76 127 -69 102 29 51 -40 -51 -35 52 -65 16 -51 -54 120 -23 -66 30 24 122 63 55 -73 28 -60 69 26 -105 -115 43 -105 -7 33 -56 -6 -68 -86 37 117 -38
92 -31 -70 69 -7 -99 25 33 75 65 93 58 11 125 -84 94 87 -59 -95 52 -61 -16 -43 32 27 1 -121 119 82 124 -64 -35 -119 104 -94 59 -36 -94 117 -66 -24 -56 -45 81 -68 -27 101 85 -21 75 10 103 -109 59 -76 124 -7 54 -40 -1 57 -13 4 20
-101 1 -86 6 -22 -108 -74 123 -31 -102 52 85 41 -39 -75 -90 -46 -52 -110 67 1 -92 110 1 -53 76 -3 32 7 112 -125 30 -108 20 -41 43 49 65 14 107 -16 -68 26 -116 -5 120 79 -38 -67 -24 -116 24 -125 -87 -100 -98 35 21 95 41 -53 5 -9 119
30 -18 -1 -13 31 42 -63 -105 -120 -77 -117 -80 93 103 -69 100 -38 -17 19 -107 -122 125 -4 14 17 -47 118 -24 -85 45 124 58 15 59 57 -57 33 -94 6 -7 -69 -85 14 10 -124 -33 -31 -32 84 -109 -96 -127 63 51 -44 28 75 -19 -107 -119 34 101 94 -109
9 -62 -109 27 73 13 85 -103 -42 1 -74 -92 102 -82 -55 -121 -34 75 127 -57 52 3 46 -69 -59 -91 -94 -15 -93 74 -101 -118 -40 -41 66 127 83 109 68 -84 -57 -111 83 27 -121 112 31 -4 80 19 -125 33 -75 -26 -46 -74 -98 -40 7 -71 94 52 125 94
-8 6 55 -48 87 20 -23 22 43 -60 50 69 -35 18 122 35 48 -117 46 33 -111 -7 -39 -99 -15 15 10 -106 14 -67 -26 -14 -109 5 16 -5 -48 -64 -116 -6 -106 117 126 -71 119 42 30 38 -53 2 -49 -64 -34 79 112 -8 89 98 58 -3 -127 -115 -75 -36
79 26 36 -86 120 91 -111 -12 98 15 -92 21 -26 56 -43 -126 -93 118 50 75 -104 -107 29 100 36 -105 76 50 83 -16 108 -110 49 -85 -68 68 -13 75 -99 -119 12 76 -71 48 -64 64 35 38 -61 100 16 62 2 82 13 -120 -4 92 -25 -98 91 81 53 -28
-2 -117 -57 67 -96 77 113 -81 -94 114 -52 68 88 -31 54 -127 -52 1 -32 78 -79 126 -26 -126 -126 20 -88 -92 56 80 52 -81 -51 -84 14 122 -50 23 -34 45 -60 -51 37 -12 7 -77 -42 122 37 47 -78 5 -118 -90 -113 71 -23 51 102 52 -13 60 121 -43
13 109 100 -58 -71 -113 -91 -124 -115 88 -42 -44 -67 21 19 -13 -84 -50 -24 7 70 24 -60 -87 80 70 -24 55 -3 14 -103 -28 -86 41 -6 66 -63 88 64 85 117 91 -12 -74 -2 -124 50 -59 -117 -37 81 -70 -103 44 -107 86 58 61 125 126 86 -58 -8 -114
-16 -16 -73 -22 -9 -121 -38 -4 26 -102 -80 -77 -90 -34 -36 -78 21 -96 -33 0 114 9 35 -58 -14 -54 116 64 -41 86 121 -34 68 1 119 -79 -88 -18 56 0 71 -91 101 -111 -116 -20 10 1 64 -128 -119 68 123 75 110 14 -59 105 -17 37 24 95 -123 27
92 25 85 -111 109 -21 99 56 48 62 -13 -7 44 123 -2 8 11 120 111 -18 -102 -71 -10 -77 -50 -1 -77 -113 69 77 -37 -96 -105 91 -98 111 -80 -37 -25 -89 -117 -111 -37 110 -89 102 -83 -57 -81 -16 -127 10 8 47 118 -89 86 -87 17 82 45 3 -102 37
-25 91 115 8 -107 -37 101 40 126 11 -42 91 11 16 -5 16 47 -7 27 44 74 55 88 12 42 -92 19 7 118 -122 102 -93 1 92 51 -11 -86 -90 127 92 -43 56 45 10 117 -48 71 -78 -91 -15 27 -5 -27 -28 102 22 -55 -6 -83 59 30 -98 54 84
40 -120 -115 115 14 4 -3 -62 -75 -35 121 -49 81 -39 -40 -59 -51 13 -74 50 -108 -39 71 91 -26 -37 33 64 66 -123 -44 -103 -48 -75 -105 3 -53 109 52 -109 -113 52 24 -34 -56 81 51 33 -25 76 -97 79 -124 -6 12 3 -117 47 -127 92 84 42 -32 -86
-21 36 -37 -91 28 -21 -126 124 -8 -4 34 62 -21 116 118 -19 -36 -95 39 21 -28 2 108 -11 16 -37 -92 87 69 64 60 95 119 91 27 -88 -60 4 101 108 42 -84 -35 -114 108 95 1 -39 -116 -68 19 -103 -7 90 -112 -106 12 37 25 -62 -98 -55 9 46
-33 36 -8 18 66 -64 -27 32 66 -45 111 -94 99 -31 -10 96 -6 126 -49 90 -63 -97 33 67 24 -42 -103 -101 -57 -107 46 9 47 -36 -68 43 58 -73 -55 64 -51 -23 105 5 85 4 103 -113 114 -127 -20 -31 73 -25 29 74 49 108 121 83 -80 -76 11 23
-73 -97 107 11 121 113 64 -59 -23 -52 13 83 57 -49 106 71 -120 50 -120 -64 63 67 98 -57 -16 28 -38 -98 104 0 57 -40 -120 -116 94 -1 -115 -39 -88 -51 -5 127 -104 -33 -54 -104 -74 -23 -70 -28 79 57 85 -81 -90 -2 25 -56 -16 -14 65 -59 102 -77
-72 -34 -54 125 91 0 -23 -14 -91 44 38 -103 57 41 -84 119 21 -125 92 106 -4 -54 52 -54 56 57 16 -124 -127 -83 -104 -114 -81 119 5 23 -110 -59 -34 -18 86 117 -38 4 -112 -123 -4 90 -105 66 -29 -35 -42 80 -101 -69 -59 -121 44 127 101 -52 108 -11
107 -77 -110 -21 7 113 -17 -73 126 102 26 -84 41 127 91 53 -118 98 61 -15 73 87 8 47 90 -61 -43 36 109 125 119 -108 -81 -47 43 41 81 -124 51 -40 12 -87 117 -112 112 98 90 -67 -50 112 73 -123 -24 -77 71 9 77 -83 -39 -41 -20 13 -64 30
-46 -59 80 -24 -56 91 87 -42 -5 9 116 -60 52 -20 -58 -41 35 108 87 -86 -119 -30 92 86 32 -127 -52 36 -15 31 -119 -22 122 -71 109 72 -2 -68 65 50 111 -128 36 -101 10 17 -82 101 -43 106 -85 117 115 -127 82 112 80 94 113 -101 -50 -26 -6 127
115 110 -42 63 123 92 35 79 41 5 -111 -46 -41 113 26 -107 -45 124 114 -1 117 34 51 -122 21 -17 4 -95 -110 98 -101 42 -117 13 -60 -117 -100 123 -10 12 1 -104 10 61 -23 26 2 -89 -99 65 -99 -103 99 -64 -36 94 -93 123 -18 -79 68 5 98 13
-95 -70 106 21 -59 -74 81 78 -65 27 -93 60 14 95 61 -114 19 -68 -57 66 113 14 95 -105 -9 -119 0 52 55 5 16 -52 80 49 -81 3 -105 21 19 -126 115 87 -55 -128 -20 47 -126 -106 95 -13 -60 126 3 46 31 52 -31 -32 12 -108 -44 -119 -125 -128
4 -109 56 124 -41 -50 -6 52 27 17 -22 54 -40 9 -37 -49 5 120 -103 119 -101 11 125 42 -108 -117 -42 -44 -1 -97 -33 72 24 -83 112 108 10 34 4 -111 -81 59 15 41 -16 -12 35 38 -9 -67 -28 -5 102 30 96 -103 108 -124 73 -125 -38 -79 81 -65
-49 -126 73 -23 -122 108 -118 -114 46 -126 -6 -68 29 121 123 -19 95 -120 -118 -53 -80 -4 53 -99 55 -43 109 60 90 -100 100 -88 -28 38 -126 -31 -99 116 54 -22 21 23 59 -32 41 -57 -34 -43 -43 119 -118 -95 -106 53 77 -107 6 63 10 -6 -99 20 -118 -128
-87 11 95 -39 -7 -94 38 52 -74 98 -68 52 108 -27 9 65 -3 -44 -78 46 -44 -105 -124 -96 95 24 117 2 57 11 76 -5 -2 2 -53 -79 25 15 124 67 61 -103 77 66 -80 53 90 -58 92 -36 11 -49 78 106 1 33 99 107 -19 45 -84 -95 -17 -90
-62 -59 12 -101 62 53 75 14 89 100 22 -124 108 -52 101 -58 -32 -94 -74 -84 110 -28 -70 -122 20 -73 -100 47 60 5 23 61 -119 -123 -4 48 -3 -17 -95 -57 126 -3 117 -85 95 76 50 -56 0 126 70 -96 56 111 110 -10 46 -83 83 -94 69 104 111 51
-74 103 66 65 1 8 -79 86 -61 39 -77 111 67 6 -23 -56 -42 -110 -62 50 -104 -22 66 -50 37 -119 -21 92 -107 67 -81 -67 23 108 34 0 97 -6 -55 -101 69 -59 50 -64 -4 6 70 -3 -24 35 32 6 -32 96 -106 55 -125 -80 -16 -94 -104 24 -100 44
-72 -63 83 11 1 59 15 -47 60 -24 -14 9 -67 -49 -38 42 -94 54 -50 28 116 20 -125 -23 -54 36 94 14 122 124 28 110 27 -1 -50 35 88 42 38 36 8 46 -42 -75 50 90 17 -63 45 27 36 -2 -3 119 -26 -112 -70 -97 102 -35 43 56 -101 101
94 -115 70 109 103 99 -109 71 11 113 26 80 101 75 -119 27 86 44 -76 0 -45 -91 -96 96 -83 -103 65 -24 -56 84 104 37 -81 123 -19 97 58 29 -54 -98 -104 -69 -115 79 -95 5 86 58 98 -41 -96 17 24 -63 -7 -91 -94 14 -126 85 -44 104 -113 34
74 62 -49 -87 104 -86 92 39 -113 49 -2 -52 -24 17 30 -57 80 -90 -92 -28 30 -70 30 118 -30 21 86 -46 -8 -22 53 22 34 -7 -48 -13 53 117 -124 -107 -44 -113 -16 -2 -120 -80 -23 58 41 -96 -22 -59 -61 -105 -114 69 -96 38 -81 -73 71 -15 -61 -115
-45 43 9 -120 107 31 -74 113 108 -98 16 78 22 84 19 -59 35 106 87 28 -85 -58 31 -5 5 100 -9 -118 51 117 21 -95 5 -128 -117 60 -110 -1 -16 -106 -68 77 125 61 -112 32 90 -35 -71 -45 -9 74 -104 40 50 16 -96 -18 -63 -122 87 79 -7 72
27 -89 93 -89 -62 -14 -99 64 -30 -14 60 -125 -31 45 -82 -103 100 -77 2 -69 32 124 -25 19 -94 -63 116 80 35 -27 -110 -115 15 -87 -122 -77 117 -116 -47 38 -73 110 90 -18 80 81 9 113 125 103 84 -27 -43 98 -12 -31 -42 -6 -121 85 108 30 79 -67
15 77 -89 33 43 71 51 -40 -70 46 115 50 -91 19 -13 73 -41 -96 -5 92 121 -97 -53 84 104 -6 5 33 4 112 -49 -111 -22 -33 101 -108 84 124 96 -30 -36 109 -4 4 -71 71 127 -92 -99 -37 -80 -40 -4 83 114 -71 -61 -39 -80 -114 36 -123 -17 14
50 -41 -91 -46 85 114 86 -37 -10 115 22 -20 17 62 -21 13 53 -96 31 -1 120 -112 16 -88 84 -23 54 103 110 85 -40 -121 -3 -67 -100 14 -123 7 82 49 60 -72 33 63 -76 120 -118 -48 39 -34 -77 -57 21 -6 -107 -18 20 -67 96 -78 -40 37 -87 31
-13 13 127 -44 -41 80 81 -124 -24 -39 -97 15 35 -54 82 124 -66 122 -80 -102 -37 111 -11 49 -116 9 51 -88 70 50 -121 -35 -85 9 -109 44 44 -45 18 -28 -10 123 -127 -80 120 -121 -103 -72 -62 -102 -64 -8 50 85 -94 65 118 100 96 -26 -33 -89 7 -5
113 17 -110 -66 -39 -41 116 -70 51 -101 71 22 -75 53 -87 -38 29 -106 -21 -73 74 -88 11 111 -124 79 -4 73 51 -96 -31 -12 91 -7 64 78 60 -116 -71 -85 -50 80 -46 16 -120 -65 -120 117 -7 -21 -14 94 80 102 12 9 -106 -1 -35 64 127 34 -65 -14
126 74 8 14 34 40 -91 -74 79 -113 -58 -100 -23 99 -106 -50 76 125 -35 105 -92 3 29 94 -86 6 -114 -71 59 -106 -62 -27 107 -97 45 4 -19 -94 -69 17 -8 42 126 94 68 -115 -15 -97 -18 -14 108 32 106 17 -27 -103 -34 126 85 -81 -4 -102 -43 -80
124 -30 54 -41 -37 43 109 41 -6 -69 -14 102 -102 -97 125 40 69 66 43 -62 -57 28 65 54 62 7 5 50 -78 97 121 18 -12 94 52 -16 -41 -12 12 -49 40 74 -42 3 67 51 112 -34 -32 8 88 98 -17 64 -125 48 6 -20 42 -94 -75 -61 85 -37
60 53 49 -32 -27 -72 -97 -78 125 3 18 124 49 -36 92 36 -40 -40 121 -61 2 124 117 -88 124 18 -86 89 15 -93 0 77 -34 -67 -24 71 75 16 13 -11 31 105 -109 107 23 82 -120 -29 -30 85 -115 -51 15 97 -126 103 -104 -60 -87 56 1 -7 -31 -84
-85 108 -87 -37 -97 61 -59 112 5 -67 119 73 67 -66 -120 -33 -20 8 107 104 -72 -113 -31 62 65 47 62 -26 -43 45 -125 -37 90 23 -117 -54 -85 -45 81 -8 42 -62 -8 -109 106 -107 -20 -115 -34 -52 -127 45 -122 -116 -37 -39 -118 109 85 -47 126 -8 112 -106
-18 80 -77 -84 -92 78 84 89 85 -36 -7 32 94 17 -107 -106 35 -128 -52 -35 -49 -18 -71 -104 -122 -37 81 94 -76 -73 60 25 2 54 39 -116 -99 -27 15 -42 25 76 114 111 -64 -16 92 14 -92 102 118 110 58 59 -63 -34 -90 -29 100 29 55 101 79 92
34 74 -57 103 83 67 -118 -124 -9 85 -125 9 -23 -10 -74 17 79 -86 -119 19 46 84 70 20 13 9 14 109 17 -66 41 -86 -64 36 49 -53 33 -2 -107 -90 -8 66 118 73 -15 -105 -82 -101 -42 107 14 -36 -7 -72 -126 -121 -5 81 -3 122 -33 73 -72 36
15 -61 -3 104 11 -40 126 -59 17 34 -30 98 116 64 21 114 -66 -43 51 -35 47 82 -23 108 -116 68 47 37 -29 65 -70 61 9 -95 47 12 -85 -2 -101 66 66 -57 87 -65 114 -10 59 -115 112 -14 88 95 104 -38 -102 -47 -5 60 39 -33 67 98 5 75
-28 -29 71 4 -49 -123 65 117 74 -22 53 -66 -61 -87 -103 -89 118 62 29 101 -38 -10 21 22 -46 -115 -99 90 -108 109 49 -32 -44 -127 65 31 -127 -69 57 -61 81 -14 73 13 40 -105 -22 109 -49 49 114 -29 121 19 -127 -40 53 97 -26 93 -97 62 -60 37
-124 97 21 -106 -50 -26 15 -105 -103 -47 -17 30 65 -120 2 -90 115 18 -19 -39 103 -124 104 42 -89 -34 -86 106 -91 -27 -72 -85 -2 -18 41 -4 52 -94 -90 -16 -109 23 -93 -80 112 -24 106 -79 114 -92 -110 -22 -10 -113 23 -41 72 -95 -75 -20 18 63 35 49
-35 -37 47 -71 -97 68 103 92 38 53 -20 14 125 98 20 -87 65 112 -43 -110 111 3 -72 -82 -59 75 -121 -92 13 -110 -3 118 -49 -90 -49 30 -36 -53 85 -26 -6 -10 50 16 89 17 -118 -93 -36 -24 -42 -39 127 69 -5 62 -49 -99 -108 -46 124 -59 17 -102
91 -5 -46 -64 74 -84 120 -122 -123 75 -61 -62 112 92 -22 26 61 68 -38 62 96 111 69 41 -6 66 85 -54 -117 17 31 -99 74 -119 -126 -85 127 -29 -7 -27 -114 -3 38 23 122 -11 37 123 121 43 -66 -76 90 -4 76 -75 -103 55 117 60 81 115 -29 95
105 -15 115 81 104 -124 -65 -53 55 31 87 48 -122 39 -7 -13 78 52 -66 34 81 92 -69 -102 121 66 23 77 -48 -40 18 53 -33 79 114 -52 -87 32 127 -65 -46 36 6 -41 -76 79 -9 -95 2 -115 -85 107 -19 90 41 -70 50 66 -117 -7 34 61 31 -68
61 96 -73 -57 -40 90 103 86 -42 100 -71 98 1 37 -1 44 17 -64 40 -76 53 -59 75 42 41 -52 -95 -84 24 -34 102 23 -75 99 -2 94 -43 77 -43 -48 -126 -104 56 -65 19 -109 23 43 -97 -88 10 -49 5 46 97 -14 -26 31 -33 22 47 0 98 16
80 -43 -65 105 86 -101 70 -41 76 -22 81 61 67 90 1 25 72 -123 -93 60 34 81 -47 -31 -34 24 -64 -92 10 -98 -106 -41 12 -45 96 -12 -79 -83 53 31 68 -58 -40 32 5 -56 -89 6 -91 85 85 -88 95 -53 -37 88 -63 124 26 -9 -119 -58 -43 -76
