-1 75 21 41 -32 106 100 -81 -102 -80 29 87 -17 0 115 77 56 97 -80 87 96 -30 -5 37 55 -122 -5 -122 81 -63 -52 -62 2 22 -102 -58 108 -18 -30 15 40 39 42 -52 35 19 19 -52 91 68 -7 0 -58 28 -115 -65 -5 71 81 75 -81 46 -104 111 -26 47 -10 41 45 -5 -9 117 61 -58 105 8 66 93 -60 -65 -44 -57 42 102 -5 109 -9 59 -56 -14 -24 -45 114 67 17 -90 -113 117 -104 -12 -11 124 -40 -90 -106 72 -91 13 79 -60 11 -113 82 98 24 -126 53 -118 -80 95 -120 -121 -102 85 126 82 -12 114 -48 -122 123 -45 -84 -87 -62 -45 -3 -73 122 101 107 7 7 -2 4 50 -95 -103 -53 0 3 -49 11 -25 -100 -92 -25 -24 -10 44 23 44 -95 26 -122 -70 47 65 47 -26 127 82 -36 67 116 31 -112 -107 -125 60 96 -69 3 -41 -22 -79 94 -95 68 -66 41 -27 26 5 97 99 -71 -52 9 35 56 -97 -126 59 -122 67 63 80 -100 15 42 51 61 -126 -40 -60 121 98 -58 -28 11 114 -124 23 55 66 117 -92 6 104 -44 102 -95 -9 -96 -1 -84 20 118 15 95 -71 1 77 54 -69 106 -21 17 111 -25 60 1 -16 67 47 -95 16 -119 126 -128 121 -128 106 67 21 -16 87 -79 -60 -72 21 -105 83 -48 16 -97 -60 -60 -125 105 105 42 -51 -32 3 -103 80 33 -118 91 -83 59 -20 56 84 104 109 -42 124 110 -120 -80 -4 -61 -104 -44 75 -121 112 127 -101 -126 -18 -65 -28 77 -13 -107 -33 -85 -84 -27 88 -21 71 -71 -110 -21 -16 -60 66 3 -73 41 -26 -42 -117 57 59 60 74 -16 48 -107 -52 84 97 -45 35 -104 103 -42 -121 57 -122 -30 38 20 -120 103 66 68 -121 64 -9 52 -72 -41 -67 69 -66 110 77 125 23 67 -15 45 110 11 98 -48 -122 -126 116 29 -110 12 20 40 111 -106 -85 14 -57 92 -126 -60 -66 -17 50 -94 25 -8 1 78 -64 28 -17 66 -73 -48 60 103 -29 112 42 -40 19 -103 44 10 43 12 55 43 123 -55 -80 -113 -115 71 -35 -77 -103 16 101 124 67 13 27 29 -23 127 5 -111 -24 -14 39 70 0 12 -118 -76 104 -30 -74 19 48 -108 -9 2 120 24 66 -118 26 -55 81 127 -84 11 11 101 79 5 2 73 -76 -123 -65 -16 102 -36 -45 -55 -69 -1 25 8 8 48 -58 -117 51 107 -46 101 -25 107 9 -62 82 -43 -101 102 -31 109 -122 -92 73
9 -121 -61 -20 48 -4 -17 -104 -101 77 -12 -34 48 53 6 -128 34 42 -1 -109 122 -70 -51 -45 75 -124 -57 -77 86 122 81 53 2 73 85 57 18 -22 -15 -54 -17 -89 17 -98 -21 -124 79 111 -72 121 21 80 115 80 67 23 -13 56 -83 71 -91 -28 -72 -39 17 -97 124 39 -108 59 -18 94 -24 94 3 59 97 -53 -59 103 -105 -21 -42 -40 124 13 8 -102 22 5 -18 118 9 -58 -17 -42 90 108 -99 -58 -80 -122 27 -2 12 -23 124 20 -120 -1 -72 -127 24 21 16 -107 -86 94 -15 88 -43 47 -24 5 -113 35 8 60 -50 56 39 -10 90 -123 51 -34 15 29 -28 29 -122 -106 91 54 -89 -24 -73 109 31 -128 -37 -114 7 81 -65 125 78 48 126 19 126 -49 2 -25 117 56 118 -96 -27 3 66 -14 0 78 74 -29 -64 -119 81 72 -101 80 63 43 -53 87 54 102 -106 52 71 100 -30 -1 62 -21 87 -108 -22 -47 71 98 -62 22 97 33 46 -95 11 58 -76 -70 -59 -60 -99 -52 11 85 -69 14 -55 -65 -22 -33 -34 -24 -74 106 99 5 -76 5 -103 -26 115 87 13 -36 62 45 -62 -23 -29 114 -71 -82 83 110 -53 57 -88 105 -42 127 -34 103 124 59 92 20 -29 102 23 -17 -57 21 -43 -114 9 85 56 68 69 -113 -2 26 -117 -104 -119 113 53 -62 41 -89 121 -11 -101 124 -43 66 65 52 -67 -117 15 -2 15 0 -33 -46 -29 -6 -120 45 -74 -80 -74 -19 33 -67 -17 -10 -104 -77 -92 117 59 58 120 51 104 113 -55 68 108 -48 -9 85 -64 -29 -46 -109 -101 -121 -93 97 -31 -94 59 -59 -13 71 100 38 125 124 -120 -36 -88 -57 -109 91 126 -25 -121 36 -127 -112 4 106 56 24 45 27 -15 112 -4 -10 -25 25 14 -92 -69 22 74 -98 98 -31 102 67 99 37 -78 -62 -18 99 92 19 -37 20 -37 30 36 -87 18 -115 47 -68 46 -60 -108 -9 -95 48 100 -25 -46 55 -61 -78 71 -123 -103 -24 24 9 86 -96 85 -66 43 -34 -8 -118 -39 27 -7 75 36 24 -16 -48 -81 -22 -52 -17 -52 -68 -110 107 -46 32 26 71 -27 40 101 -96 119 -76 11 -26 -90 -91 -34 98 10 -13 15 39 18 -28 118 18 93 30 -7 82 -23 30 -33 18 117 80 -93 24 -16 -52 -125 -96 -71 -52 -22 -36 -121 -33 -106 -2 104 -6 -21 14 63 -116 85 80 108 18 -67 47 16 46 -125 30 -59 80 75 51 3 72 114 -44
65 -35 114 -88 121 88 77 -35 -74 -99 12 121 -31 -62 -35 0 63 62 51 20 -18 -8 -102 11 104 -33 77 12 -103 10 -119 52 -113 28 71 -42 96 36 -49 -86 85 87 -46 48 0 -69 100 -60 -82 62 -114 -62 25 106 -18 -117 -15 -7 37 -120 -32 -59 -105 -121 51 2 105 -7 114 -25 -115 97 16 30 107 36 -50 -87 73 -96 93 -20 15 -125 21 106 87 69 103 96 -45 123 -62 -19 47 35 -107 43 109 49 -121 -70 78 120 -127 104 -109 -8 -45 -47 7 -12 -46 28 119 -10 -38 97 27 -99 22 -49 75 -118 17 19 -86 -101 -123 67 105 -50 -89 -75 73 -30 82 125 25 -103 98 64 -105 -22 2 -106 -67 56 101 -113 -12 -93 119 51 -34 -12 51 102 -124 53 -65 -112 33 -1 114 1 -56 -83 -37 110 -67 21 -59 113 112 85 81 108 119 -124 -86 119 0 10 -59 -8 -111 -73 27 47 52 42 -116 23 20 26 9 -20 112 -86 69 109 -16 21 -78 -39 101 122 -29 -13 -43 -101 -111 -24 3 -105 -63 97 -39 110 77 -37 -50 -57 -77 -79 8 -49 -79 73 -80 29 -93 100 88 -13 110 94 93 117 102 -94 12 5 -57 -52 62 0 101 -21 87 34 -104 93 -10 -75 -7 84 102 115 81 117 -56 -121 53 12 -75 60 65 -85 41 87 35 111 120 -38 -63 -96 -3 -61 -67 -3 34 -104 68 -41 45 -71 109 -118 87 2 72 -77 -104 -66 -122 -37 40 -53 -11 -80 -21 -103 46 87 116 -66 -93 87 -120 -9 2 24 -70 9 101 -55 104 104 91 7 -122 -1 73 28 -22 5 9 -41 -73 -35 -10 124 -81 -33 112 -114 -113 85 101 94 -36 27 86 26 62 -6 -35 -23 106 93 102 -110 6 100 44 5 -51 -26 32 -74 78 -124 55 -44 -121 -94 64 95 -76 -80 17 -74 126 -41 -92 -8 34 30 127 -116 -83 103 47 -82 36 4 51 10 1 -12 -119 -128 36 33 29 116 62 53 -114 -16 -15 50 108 117 -45 -28 -53 95 -107 1 -120 33 27 -32 -27 107 -2 112 -127 47 -88 5 -111 111 -39 93 -97 103 57 36 -22 -36 34 -17 -61 -14 -98 -51 52 -18 74 58 -107 -39 19 5 83 -94 93 81 20 56 -85 106 -45 -44 -18 22 24 -69 40 -123 -92 -111 -125 -7 111 -8 -49 11 30 -3 -106 -98 56 -80 -26 29 72 123 -75 -75 -88 99 -124 -85 125 -113 -9 42 113 99 99 26 37 -52 20 -65 21 -30 50 -83 -23 -30 -52 118 -23 33 -33 -19
-32 -11 36 -17 83 77 -67 -101 16 -46 -101 91 -98 -100 -89 71 -71 55 -57 127 81 67 50 9 -128 120 41 112 69 26 -77 57 -2 115 -28 -73 26 1 -113 70 85 47 82 115 -80 19 -16 32 63 85 91 -83 46 -108 6 85 -5 -48 76 -14 95 75 114 -7 -81 125 47 16 -66 -29 -79 112 58 53 12 -40 -128 -14 -33 -10 -41 2 -103 -90 -87 75 45 112 59 -92 23 4 -43 65 107 -115 107 112 17 30 -23 10 45 39 113 -71 -26 95 -6 -8 -85 -94 50 81 -1 32 62 48 -45 -54 0 -35 -30 -83 78 -97 -18 23 -71 90 20 -90 -102 114 -30 -9 -38 -59 50 38 86 -64 5 -113 89 17 104 -53 -80 64 -64 67 -58 38 -79 81 -90 -118 80 77 -119 3 -42 -107 -42 -41 -4 29 82 -102 -101 45 30 -41 91 26 92 85 117 -107 57 48 -104 100 -53 47 -50 90 -46 -34 77 59 100 -106 54 117 -77 86 -72 -26 31 87 -116 -105 58 121 100 -11 98 -56 -25 -86 59 33 19 -4 -42 -84 110 95 -58 66 104 -23 -80 87 62 84 -92 55 -74 58 34 -17 -44 -109 28 -81 -83 -32 -41 -41 9 -119 -2 68 -37 -21 83 -37 16 52 -35 38 -44 -75 121 -126 -6 94 -108 25 39 66 77 86 105 26 -73 22 -117 83 -125 -61 83 54 97 39 -61 104 -115 109 -95 70 4 -94 91 68 7 -127 -83 -56 92 66 -82 -26 3 -84 46 -60 -54 -74 42 38 62 121 22 -55 -44 -46 61 16 -90 -90 67 -116 80 77 -115 -76 105 -65 55 -69 50 -126 -50 87 80 124 106 -20 -121 113 -47 46 -81 -61 69 87 99 68 -9 88 -78 -98 10 -66 -109 -82 -5 -52 75 38 -63 118 97 -2 -18 11 -95 -82 50 115 66 -81 -9 -75 95 -5 -81 -4 -126 101 117 44 -3 108 7 -103 -59 -55 -109 -46 36 86 44 73 116 91 -86 94 28 19 73 -40 -107 -72 43 55 94 -106 32 -83 22 -83 -66 -118 -98 64 -10 -32 108 18 -44 -91 -35 -8 77 -11 107 -71 -119 97 121 123 91 -53 -28 123 84 4 38 -33 0 -121 113 102 -89 62 -94 -39 -73 18 -124 -24 -57 -32 18 42 29 59 25 -74 -55 -117 5 -9 109 59 -119 -122 38 38 127 124 -31 -85 -60 -94 52 42 -103 7 -127 -83 66 119 -87 -76 25 -59 -77 121 -112 -32 -33 22 27 24 59 49 45 -49 31 87 85 10 -117 -33 11 -8 -67 -7 -37 68 4 81 -41 -26 -10 101
-112 -30 84 -30 67 -1 39 56 64 39 -101 76 67 -43 -102 -111 -55 55 90 115 47 -37 -94 -27 107 -90 -24 -13 55 107 82 53 51 -19 82 56 -41 23 92 96 111 101 45 58 -119 77 -38 122 50 -64 -76 -97 -100 -114 -108 53 126 -59 65 -4 99 119 109 -51 8 111 29 -71 110 104 54 -12 51 -44 -128 -54 62 90 34 52 -1 91 111 0 109 1 -2 -13 -45 -99 22 98 102 -22 69 -59 -121 -3 13 -104 -78 -71 -45 -8 -37 -56 37 99 18 12 119 -7 -97 -84 -10 -52 -14 -117 -38 -50 101 97 83 -43 -19 79 77 -109 5 -86 6 -83 -112 114 -105 35 -125 103 -84 -52 -48 67 -31 -36 101 86 -126 -20 56 111 93 -70 -115 110 93 38 -64 -3 -92 -79 -3 -27 61 32 -60 117 -127 26 23 21 -29 -64 -116 4 78 -123 -124 65 52 89 -18 46 126 -67 -127 9 4 72 101 19 81 -21 83 125 105 -16 -19 -77 120 -102 124 114 101 -3 30 -112 -25 -112 -70 28 50 -48 61 117 -10 4 -4 -10 -57 -95 112 -24 45 -105 48 -13 122 17 -29 -38 24 -35 8 -96 56 -92 -48 115 -20 106 -86 -81 79 -104 121 87 21 -120 50 11 53 31 52 63 71 -84 6 -36 -16 -28 -21 -122 20 -46 -54 -73 -100 -37 88 -12 70 -112 -84 110 -49 -101 31 -26 -63 54 -5 -121 127 -12 -124 114 123 -62 -70 102 106 83 3 40 110 105 21 118 -100 -98 87 -83 -58 -119 75 -124 -93 -86 -108 6 78 -70 52 118 25 -43 79 -21 105 -44 -113 114 76 -56 25 -101 -82 -27 85 88 116 -112 -91 37 -76 43 77 -117 11 -59 -60 29 -90 -11 -101 46 -121 36 5 1 120 52 -34 -121 115 -87 113 93 -97 42 64 63 105 40 -32 112 83 -122 -25 -10 -42 97 -17 -120 58 55 78 -15 -121 26 55 -123 -66 71 29 -105 5 -96 62 -56 -52 17 107 -4 -49 16 -70 -117 127 -125 -85 -43 123 101 20 95 -79 99 96 -89 3 -78 74 -3 -92 111 6 123 107 -125 -114 89 -33 -118 -118 17 77 107 89 24 -59 -29 74 -84 2 87 -24 127 -22 -84 110 -83 112 -12 -80 84 -13 63 -98 -59 26 5 29 -93 -97 6 14 -9 -73 59 77 -11 -21 -10 -76 -115 -62 0 94 -42 -94 -93 -47 -27 -34 -125 38 124 -3 -36 83 124 14 72 -48 -16 -42 -117 -28 -102 96 0 70 109 -91 -120 -107 -78 16 -96 -128 93 90 68 -47 54 -70 -19 65 -56 8 71
-46 -18 61 71 41 -70 -65 88 -50 84 114 27 -117 33 11 0 20 49 89 -36 5 -124 -30 52 -6 -53 -87 36 -9 42 71 19 -21 98 14 56 -96 76 -73 12 15 31 -16 -55 -30 -66 -5 109 24 33 33 -51 122 -17 21 104 -106 -74 -119 -107 -106 -101 15 -65 -96 79 -59 -128 -104 -35 -78 10 -103 91 25 -20 88 -121 -115 21 -80 105 -3 -61 100 36 73 -110 -87 -33 -33 85 77 -110 55 112 -17 -21 79 122 49 80 27 -25 -72 13 -47 -1 -74 -76 83 13 -16 105 4 -5 5 23 116 5 -16 92 -81 96 -37 -21 121 -49 38 -64 17 113 -49 -87 81 -107 1 -17 39 10 -90 -3 -12 -67 -66 0 64 90 72 -86 36 -17 -46 35 -115 -10 -22 5 -44 40 -90 19 10 104 -17 111 -23 30 -35 99 124 67 -109 -65 116 121 -120 119 -53 30 -127 65 66 61 -29 3 58 77 50 80 68 37 -24 -57 12 -5 115 -37 -11 -119 35 115 46 -106 103 -29 -97 -76 56 -104 -17 17 100 27 -84 -22 -5 124 76 -125 -55 65 -120 -57 97 -116 -21 -40 25 23 82 15 -61 -101 60 120 67 84 -104 -70 1 -15 110 36 -41 -95 -23 -37 -1 -58 -6 123 -124 45 -58 -89 18 70 -126 127 -119 11 39 118 -63 101 -105 118 -121 41 108 -115 22 -60 106 -67 75 35 -121 54 -94 -31 -95 67 110 -71 35 12 109 -86 -93 -22 82 48 -79 -111 -26 -34 -44 74 -65 -55 -58 -6 73 74 23 86 107 -118 -64 78 -101 127 -69 -7 13 -7 95 -21 -10 106 -40 -52 -66 -79 87 35 -113 15 -48 -122 -70 55 125 101 1 -99 -82 77 -19 50 -20 -82 -35 23 -100 -96 97 102 26 -88 -85 47 -59 -102 98 97 86 -122 44 113 -93 67 79 -61 -120 51 103 -17 97 2 34 68 -50 108 22 94 -113 27 114 -18 0 5 10 -40 -109 107 113 -106 -115 127 -122 -60 -19 96 62 -4 74 -72 20 -115 13 -36 2 33 -37 82 -19 -6 120 102 20 9 -116 -90 69 103 106 -119 -123 15 79 -71 -37 -95 -55 4 -54 -69 -18 -20 -70 -126 -82 114 79 -32 -35 93 66 -96 -45 -104 74 -19 39 -89 -71 -56 108 -21 108 0 -93 63 -101 56 126 44 -13 -20 64 35 84 54 -118 1 -96 -72 115 0 30 -6 93 -123 98 107 -72 51 122 105 -54 -73 23 -8 -55 5 -75 -9 -44 -56 -44 -13 -45 -62 91 -30 -40 29 -11 70 8 -33 -8 -54 111 50 45 -3 45 21
82 43 -11 -18 -43 112 110 -18 22 -57 -109 43 -33 -116 125 70 -83 89 -16 0 -75 -47 -63 -21 -76 72 -88 62 12 -46 46 84 109 64 83 -78 81 -16 51 -44 -33 -21 -91 8 9 -73 -9 118 126 13 -69 -74 -120 12 119 -24 49 -83 -113 -65 -48 -115 13 10 65 36 -20 114 -42 -93 -72 -127 -97 -40 -17 60 -22 -108 -67 -126 60 -6 32 23 40 -64 2 -36 -77 -71 114 98 -41 -75 84 65 41 35 111 12 86 -105 85 71 16 -55 -80 122 -85 -100 107 10 47 -84 -100 34 -102 -9 102 0 102 24 107 110 -66 -122 -49 -75 35 -108 -111 -48 8 -69 -63 59 -23 77 56 -61 -4 -106 -88 124 105 -27 -6 116 -51 -17 -91 -99 -54 -49 55 -124 52 4 -95 -118 -88 75 -64 6 -12 -32 106 -90 83 -113 -127 -44 -70 -63 25 12 126 123 -101 -25 -43 -107 71 37 60 -9 45 -24 -15 32 -57 -104 -85 47 -36 120 36 -25 -40 96 -80 -31 -4 -57 -39 -2 104 78 -44 -72 18 21 -47 16 85 88 37 -71 -127 -35 4 24 -38 -112 114 64 119 75 -112 93 -52 -43 -120 -52 65 15 19 28 -114 -1 -86 -91 -14 -65 3 -114 84 -89 56 -50 30 -6 50 75 103 -41 -9 102 -7 28 13 -76 9 -41 -69 78 -53 102 -93 65 29 -54 -102 -79 -116 25 8 -7 52 -12 8 -125 88 91 1 64 -8 54 43 113 32 102 -74 120 41 99 15 -82 -78 112 25 -49 -51 96 119 68 30 75 40 24 92 -112 92 50 100 24 -59 -10 -10 -31 -32 92 -48 51 90 -64 70 -109 62 -48 -70 49 54 -11 -121 -65 -53 80 -114 98 113 -60 104 49 -61 -112 -7 74 -96 -61 -89 -124 -41 83 -44 61 24 -107 -13 -32 -45 -109 11 47 -26 -52 -124 -105 -2 34 -28 -59 -36 -55 -116 72 -100 44 -17 23 93 89 31 57 78 70 -3 -92 -120 60 -49 91 -52 46 -38 8 -4 -8 -36 15 44 -102 106 -127 52 97 49 -95 107 108 -3 -122 -114 -41 9 -82 -91 45 55 -100 -61 113 50 -95 -105 -77 86 -61 -126 -77 -76 115 -103 -94 95 -82 62 -1 82 -88 -2 -97 -103 -65 -39 39 -119 -103 97 -91 114 10 12 -52 105 -59 -35 -6 8 66 -47 73 -106 -42 -81 0 34 -65 -59 -89 113 26 -78 64 -69 -40 30 -41 -113 68 105 -53 -112 -126 39 -102 -88 71 -34 -78 -104 70 95 60 -68 -114 52 -77 -60 85 -50 -87 58 -8 -6 96 78 100 104 -39 -13 3
67 59 37 -69 -37 12 101 -90 -43 -73 105 55 36 63 -85 74 -117 -13 127 -40 -50 25 -31 -56 -68 66 -97 80 80 -124 107 111 -61 17 -117 76 -121 63 118 -41 47 83 -115 -36 109 10 87 102 -40 -69 52 -116 64 -9 -28 -17 51 -54 121 -36 -88 41 118 -26 -43 -67 -102 91 54 -13 109 -37 112 -105 -54 65 64 79 117 60 68 -23 -35 25 44 -54 83 -47 56 18 -106 6 -124 -68 59 19 54 -41 55 -103 34 40 3 76 36 107 106 112 80 -5 -36 22 -34 -30 103 118 62 -59 -111 -32 88 -26 -98 -4 -89 -24 20 -81 -8 -114 -116 -72 59 103 18 44 70 17 -34 29 51 -17 -57 36 104 54 122 -126 86 -21 -28 -65 -62 -56 101 -111 2 -94 -94 -66 -69 -21 80 34 59 75 -81 -56 101 -29 -96 103 -104 -70 -1 -75 84 34 -111 -97 -71 6 -91 -45 -46 -127 117 70 73 -112 -91 79 5 -6 60 107 3 100 -100 94 45 86 -94 57 -84 114 73 -77 43 -111 1 -94 -108 -111 68 -88 1 -111 92 26 114 -43 55 71 -74 123 -56 -106 46 72 -78 -100 100 57 87 -48 37 76 53 -29 -9 -108 98 55 -94 -22 5 -4 14 102 22 -64 102 -48 89 56 -63 6 -128 -90 -8 92 22 -107 95 -23 -124 -29 -69 -76 -95 77 21 43 40 123 -4 -80 87 -12 -80 20 -51 -76 18 -20 2 -110 -127 -40 -37 97 -50 8 -84 10 105 35 -62 -109 -68 -34 -49 20 -71 -73 -16 118 38 111 -50 -72 107 94 -42 -110 -42 -89 109 -17 -22 76 -32 -101 13 118 46 -79 -26 119 -54 113 31 -50 34 41 -108 17 -50 10 -81 -97 -32 -98 -83 -101 118 106 87 -28 100 -98 59 -76 -26 -109 -107 -127 -71 -27 117 113 -111 104 -108 108 110 -110 109 127 -20 -41 -81 17 35 -22 46 -106 112 12 -41 -38 -20 -121 36 89 -66 20 -24 14 57 60 -78 100 69 -53 91 121 -123 9 49 101 112 -70 6 -1 -33 -93 30 86 -41 -12 118 -2 -3 122 78 -116 78 -67 79 -4 -95 120 -111 -13 -15 -113 112 37 125 -73 -98 -1 -10 -78 72 113 -101 59 69 6 -1 106 -76 -127 96 -24 5 33 -80 91 -120 108 -15 3 25 -108 -14 -101 -86 5 1 102 54 -33 67 15 1 123 80 -12 67 -110 29 -88 77 44 9 95 -38 74 31 -67 -23 38 -10 -63 -81 48 37 -74 5 14 31 116 -21 -60 34 76 67 -33 -121 -103 43 -92 -15 83 -17 12 126 -39
-60 -17 -110 108 50 -34 81 -39 -82 50 9 -10 -58 53 58 -9 -36 81 44 -106 6 -110 74 -35 67 73 16 -24 90 -45 -47 -99 113 102 -119 -56 91 114 -96 -105 -37 39 44 104 -31 7 -108 97 -48 -5 -20 28 51 37 -127 98 49 -115 -39 -76 58 -25 87 -100 65 -38 9 -55 -77 29 37 -58 116 -80 87 -53 76 -61 41 120 -72 44 -87 -90 35 -97 -122 14 -72 -10 32 19 -35 -85 14 9 11 -62 104 -90 -71 -122 79 17 5 -76 -42 32 -91 -116 104 -78 -64 31 -20 -118 124 -33 -94 -112 -53 -27 90 64 26 -99 -124 -118 -62 -3 -51 -78 92 -13 -39 -71 33 -1 2 -78 -117 102 57 -22 30 42 51 84 -69 -66 -120 109 -27 118 -6 -60 103 -59 -123 39 -55 5 125 -4 -58 -74 -49 52 -48 -39 -110 91 -119 -98 -82 99 -71 -9 -75 90 82 19 -78 81 87 71 39 12 84 61 2 -21 3 54 11 60 51 -95 57 26 113 17 93 119 -112 114 -27 57 -60 -104 64 44 33 -21 -59 -3 -91 -65 -31 96 -8 98 91 78 97 -70 -6 -94 80 38 6 21 19 114 30 -12 -10 67 -29 112 82 77 -19 -10 68 124 65 72 -118 7 -7 34 -4 -38 -31 -92 -84 -5 21 108 -32 126 -22 -19 -72 -75 -75 126 -49 -84 73 -84 52 -72 -22 28 -74 26 -50 -77 -2 -41 -8 66 -44 -115 41 -11 -72 -9 -82 -128 -29 36 42 26 -6 -108 -101 84 117 -118 77 -96 -2 -94 -104 -104 -64 38 61 -28 7 -36 -76 -103 102 -95 -6 -96 0 49 -107 -121 -118 32 15 -49 110 65 74 50 3 127 38 19 -49 96 -101 0 82 111 -117 -108 22 44 56 116 -48 -53 7 -84 26 54 107 -92 95 70 -55 20 56 12 47 -44 124 -17 84 -111 -21 -98 121 24 -67 -86 100 11 63 57 68 -115 -105 -122 -115 18 -6 100 38 107 -66 21 19 -13 -13 -73 12 -95 -32 18 -21 30 -89 -81 -99 116 -14 -103 -12 35 37 27 -59 73 -83 40 -62 -70 -25 101 -62 -108 120 117 -127 26 9 72 55 -31 113 -128 -15 10 -47 -37 -30 -80 -6 90 -68 37 -108 70 -5 43 120 -124 -82 -4 -11 56 -117 56 108 -99 127 -116 -102 -27 39 -107 3 -120 17 -28 126 -56 34 21 122 -15 37 82 83 76 -106 -21 -72 -72 46 -61 -11 62 57 -118 -104 26 -68 52 110 46 123 33 94 -26 48 24 61 -62 41 119 -110 113 67 82 31 103 94 33 -121 0 68 39
-17 60 18 -73 -12 88 -93 -87 -48 -51 -11 109 92 -113 -127 -92 -99 97 78 45 24 -112 -115 -18 109 -86 41 -108 -64 -68 -42 -40 18 84 -45 49 -83 -96 -76 -119 -28 -16 13 82 -35 -41 -118 101 -89 -75 112 9 -15 90 98 -107 -56 -12 21 -1 -82 113 21 -8 -61 67 -81 -4 -19 -24 -124 -98 -101 116 -9 -44 118 40 46 -93 61 -107 30 122 -82 57 -93 -98 -31 -90 -49 70 17 -6 37 122 33 102 -41 84 114 58 -32 -27 -56 -1 -52 -82 -91 -20 50 71 50 117 -110 124 -70 13 124 -55 -103 -124 -76 36 73 -46 -105 -61 8 23 19 -5 46 -89 24 -27 79 -50 63 14 -45 29 -34 21 95 -116 86 16 88 26 98 47 -15 -111 100 -45 2 -19 85 100 91 -86 -67 -22 24 -27 -126 94 -3 16 91 118 -46 -113 -78 -61 41 -36 43 60 2 89 -125 52 -92 -78 -92 -65 104 -94 118 73 24 76 7 77 105 28 -122 -77 66 -119 -108 -83 62 -96 96 -30 -39 82 -72 -51 124 66 51 17 -76 64 53 47 73 122 82 -23 90 93 32 -10 50 -16 14 -13 105 65 -42 95 -62 -103 12 15 -120 35 -36 -110 120 15 -108 116 108 116 109 64 93 33 127 -7 -1 -86 -37 79 56 -105 62 40 -35 -37 -5 125 -113 98 118 -76 -10 112 -56 -119 -23 -17 -30 97 76 -94 47 45 -118 10 -71 44 52 -104 106 -25 -17 -106 60 18 -20 -87 65 -88 101 -125 62 -16 10 -106 15 -92 30 -60 -110 -91 -104 33 17 64 -99 -37 55 1 -77 62 -34 -53 -96 35 4 6 79 48 98 123 -87 87 -102 35 112 124 93 52 9 101 -16 96 119 92 55 4 63 91 94 -122 38 -101 93 -39 -118 -100 56 7 35 37 104 -44 32 124 -18 88 -122 -85 106 -43 10 -43 19 -105 -31 -103 109 113 -37 -47 71 12 -4 -11 55 -16 -50 16 105 97 -106 4 -8 -65 -13 98 9 -60 24 -40 -124 -11 -101 76 63 92 -27 34 -19 -65 -126 -105 -126 99 88 78 -65 87 55 -31 -5 93 -19 -91 29 84 90 -43 -97 111 -120 -86 -119 112 -107 -113 -47 -39 -84 -75 -69 112 85 -99 88 121 -90 -40 8 45 -11 -103 -4 5 -66 -80 -74 -122 -5 31 77 -106 1 -11 4 -47 127 -35 32 80 -119 21 33 94 -12 -18 76 123 -110 4 -29 64 62 -75 53 71 -93 -47 -116 24 -122 -102 44 125 11 -84 113 -83 76 27 -34 62 -125 64 -112 -8 24 113 18 70
-98 42 7 -38 -86 1 95 -44 -90 -56 -57 6 -103 27 -76 -124 22 29 33 -126 59 -114 -115 104 123 -19 -20 97 -30 100 -93 -50 -100 -7 -113 -37 -108 -126 36 28 -10 -43 21 -13 45 -100 29 36 -89 6 95 -85 -117 15 -21 -91 -1 103 -36 108 -14 44 -24 51 -118 38 77 89 -75 110 -21 35 17 10 19 -12 45 -39 -116 71 -62 -2 -104 -112 -19 -110 -56 53 -96 92 78 -60 80 -86 27 -81 -40 -116 112 -5 22 -119 18 -87 98 -73 -67 69 62 57 -107 107 -50 7 -48 -63 83 72 81 -57 -26 -98 -66 52 7 -113 36 44 23 39 110 58 37 9 -30 -11 -36 -36 105 67 -49 107 -42 51 32 22 -19 20 61 -43 119 19 -92 64 -12 119 20 -98 127 -102 23 -54 62 -123 100 9 107 104 105 -30 -21 -11 40 88 67 117 -52 10 39 70 60 -55 12 91 -70 -98 74 -102 -72 -8 91 -89 -56 46 -92 -84 -34 34 10 -85 -69 -94 -83 -20 -124 120 41 -6 96 85 119 48 103 -56 9 99 -34 -104 110 24 84 -73 -77 -14 -72 -82 -101 -75 -15 58 84 -113 27 -17 -65 -117 -117 87 -112 -118 40 -24 12 87 24 42 -43 -77 77 82 100 -112 89 23 -40 89 -43 -109 124 -83 16 13 8 -16 -35 56 -36 -53 41 -58 -23 55 90 11 -31 43 89 -114 108 46 -38 38 -10 -75 5 73 -67 -10 -64 -97 -98 -36 -7 109 -22 5 -45 -111 127 -87 16 126 116 -14 4 -78 13 67 -54 117 76 29 109 81 111 47 61 -60 5 81 -117 -66 -28 -21 87 -10 -33 -92 -94 -49 -71 -60 -83 -17 89 56 -4 -71 98 8 111 -119 0 -13 -33 -69 94 -76 -1 -20 66 124 -95 -108 -9 33 -74 54 -125 20 108 -123 -13 59 91 66 86 -114 -16 11 109 79 109 -61 -98 1 -35 -44 -74 63 39 33 63 -105 -66 29 -15 -64 6 122 25 25 -41 -13 54 -41 91 108 -106 86 29 -93 111 -19 111 -39 -52 67 -113 7 93 -7 104 -121 -104 -33 14 -88 -94 20 -96 -10 57 125 -104 103 -22 -22 -79 -67 86 34 -91 71 107 -74 111 -67 -63 -115 49 -81 -40 15 -21 85 -72 52 -91 96 65 -72 88 -90 51 -65 68 60 -44 125 -63 64 -77 91 -43 108 39 93 87 -76 112 58 49 22 80 76 64 -91 63 126 105 -126 81 127 -1 27 -47 -128 32 -49 -8 20 88 41 46 -109 19 -23 -61 125 -7 -88 -110 100 -41 5 65 4 -17 -85 28 -1
60 68 37 -121 -75 -53 115 -117 -108 -52 -59 -97 -119 -119 -115 -71 -54 -2 57 39 -31 -87 18 97 -43 -95 105 89 -76 -45 78 -21 116 3 -30 105 -74 92 -20 -71 -11 83 -73 -4 -59 104 -10 -109 -68 -34 -7 -17 73 -114 -49 42 17 93 -116 2 84 -102 4 -36 75 -27 -81 89 16 -70 1 62 24 -93 64 89 96 -6 17 -123 50 93 -72 -23 21 20 -20 82 -7 87 -26 58 -85 -38 61 120 -64 -18 -80 -58 -105 35 35 -101 41 107 -101 95 43 -18 105 93 -57 99 -124 44 112 96 2 8 12 -28 -27 20 60 -105 106 39 117 -21 74 84 -58 -75 18 -3 -91 125 116 -96 21 -59 -109 -95 18 -15 -3 -111 93 54 82 -122 19 48 83 -25 -78 -7 28 28 -99 -57 38 -50 63 0 66 -119 12 -126 103 88 58 32 -1 80 -17 -23 -54 -59 106 76 62 -36 -122 106 -98 -39 18 34 -77 9 29 110 17 5 92 8 88 -104 66 0 46 49 76 107 80 -73 120 14 -121 -126 44 24 -62 25 -84 -63 -111 -122 105 -72 77 109 122 58 106 104 -31 106 122 -67 16 77 43 -27 -111 -96 -37 54 -125 126 -66 -124 96 -110 89 -52 -53 -4 127 -81 -14 -68 -47 112 -8 108 112 -6 -84 41 -31 47 -128 -103 125 29 61 26 -27 -88 -56 -109 115 125 10 98 48 -17 -25 115 -33 102 114 -67 -25 61 -87 -49 12 34 33 -93 -82 -26 -40 -41 89 48 -68 -52 11 -13 28 116 101 35 6 -124 -32 -83 13 -23 56 109 -24 -124 75 -4 -33 15 57 -56 63 -100 -76 40 51 -82 76 45 17 10 76 33 37 85 107 -124 -18 107 82 -45 59 -92 102 -15 111 -64 40 -88 -112 26 -118 18 -118 -8 23 -62 -115 -12 -67 -121 -70 -51 45 -13 -111 101 35 -88 -11 -59 -60 31 11 -121 95 -14 87 -53 -78 -117 -97 126 -62 121 19 11 -86 -7 -110 81 80 28 -24 49 -97 97 -62 -45 -2 67 -91 78 91 15 -80 -102 -52 57 -43 90 -97 -78 20 46 -16 -14 -51 -46 71 47 -85 -42 -102 95 -44 91 32 -37 36 -67 113 -44 6 -101 32 108 96 -106 -112 19 -106 -40 47 16 84 -82 112 -24 -123 -118 78 98 115 34 -105 -6 -79 -94 -1 5 -121 84 -45 -42 97 71 76 40 -20 52 27 -18 -20 -128 -21 44 -103 -4 79 80 121 -81 -33 95 -11 -71 19 -42 109 56 2 122 86 -8 92 -79 43 -95 -118 121 8 -42 -121 -124 111 45 -98 -40
-115 54 -21 -83 53 21 51 -89 11 -7 36 19 121 -63 -118 11 -9 56 -77 56 93 27 -82 -35 -53 -77 -67 118 -74 -110 -125 -103 -40 -82 -110 61 106 -54 -64 -56 55 60 24 27 86 -126 -66 63 -18 -28 62 -105 103 1 30 93 107 18 -4 57 85 -80 32 81 39 -123 87 -23 118 75 16 86 -99 37 -42 -127 105 -16 -48 -26 120 -81 -95 -24 -7 25 87 31 -56 -23 48 31 -14 -61 59 -112 -68 -3 -117 109 20 78 -2 -48 -44 113 19 -26 62 -25 7 32 33 70 73 -96 86 34 106 -78 -117 -102 66 96 113 -96 -85 114 95 111 0 -51 116 -100 -84 68 -109 -16 101 -62 123 -100 -93 -70 0 -92 -119 -28 2 -105 -42 -77 -99 126 59 -127 100 -30 60 -73 -50 53 -19 -57 99 -122 -62 -10 36 -31 -27 -71 -1 -50 -117 17 -107 73 116 52 -103 -4 -31 -114 110 -122 103 -30 98 -27 -56 81 -21 105 -72 -64 -11 82 -49 98 98 66 -80 -113 28 95 -52 -80 8 -121 68 -126 112 86 -15 64 -51 -20 60 -126 -105 -110 -33 45 75 105 -30 56 -74 -18 -21 -19 -40 71 82 76 105 46 119 0 -82 -23 8 88 -93 6 -77 -116 27 84 116 17 84 -90 -29 74 -49 -56 -121 -96 13 -3 101 68 -80 -112 -46 -59 -53 103 -10 -23 74 108 2 -121 0 -101 61 50 21 -103 -118 87 -47 -65 94 -104 77 107 -110 -39 -11 94 -90 -70 108 -54 64 -26 122 -13 44 -10 62 -97 13 127 -122 27 0 -123 -112 56 92 69 75 -95 8 -41 -37 24 80 27 78 21 -7 3 38 -78 -6 18 -110 25 98 -18 96 -18 -83 50 51 -14 -83 117 122 95 -35 -24 -97 107 -44 21 -74 -108 120 78 -74 112 -43 -88 26 -117 99 105 86 32 -11 74 10 119 -66 42 -41 -90 1 92 -55 -116 75 103 86 3 18 -23 -43 -40 -58 -16 -60 -54 104 -53 -49 38 -26 2 -19 123 -21 61 74 18 -26 94 82 53 -30 39 106 59 -46 105 66 -30 111 -82 19 -85 70 -97 -53 -36 48 17 101 49 -89 12 29 104 -120 -17 110 10 -45 27 -24 -11 74 1 71 43 -72 55 3 53 -45 9 -91 -97 48 -86 -27 108 -77 -125 57 79 99 -43 127 -10 95 -69 -79 0 21 -101 -85 114 65 50 -76 47 -50 101 -115 -2 5 -102 -20 -76 6 -40 -123 -113 19 53 118 -45 -50 39 -5 -4 13 0 24 -87 26 67 -27 -128 -115 -87 -62 117 -113 -44 -8 -30 12 94
-69 -113 99 67 -52 -97 27 54 100 -14 104 -54 -59 102 11 -7 58 -77 -78 -4 12 76 -33 -74 46 -67 123 98 38 116 56 96 46 -40 -120 -11 -104 -96 -50 120 10 -17 -128 -121 -28 46 83 -102 48 58 -79 90 113 94 -128 -9 24 102 80 35 87 4 36 -118 14 -25 -6 14 -55 -122 26 36 31 -83 95 -76 92 -68 61 68 -33 107 18 -119 4 -112 40 -115 2 38 33 -70 42 -126 -72 116 -90 -2 -48 -51 -89 -39 -106 -46 -88 -31 27 63 -55 9 -64 112 -104 21 39 67 -91 124 -128 66 -127 -27 -126 71 12 -74 -118 61 82 81 -17 -111 10 -88 -86 -11 -67 95 -92 -116 -34 20 44 26 115 -12 -82 -108 -46 125 -95 -4 -97 90 -97 -27 -105 -52 -80 -75 -101 32 40 -108 103 28 5 125 -100 -96 34 -81 -118 73 -35 -123 58 4 -33 -27 -29 20 71 -97 -90 29 -26 44 -6 -121 117 33 -59 -98 -91 3 -39 -58 127 15 54 65 71 51 -7 66 -9 127 -51 32 -41 -94 98 -25 10 -50 -44 -66 -111 41 -21 86 -96 -112 -21 107 59 -125 -2 -95 89 35 114 -2 91 111 -35 91 -15 -15 112 -11 5 -40 -1 -40 50 100 94 88 8 -41 -120 -48 -21 63 -85 107 -124 -103 10 -54 -11 -67 63 -33 -1 47 -43 -55 77 -59 -7 4 100 -78 -87 121 -116 -2 67 -118 71 -22 41 -98 11 108 101 -45 -68 6 -54 113 42 -39 -29 54 10 -52 -128 86 -47 -106 72 38 -28 -88 94 98 112 16 -112 -80 -111 -89 -118 97 -114 22 29 19 -41 -86 39 -41 -104 58 -85 86 115 -115 55 22 85 79 96 106 -94 91 8 16 -114 -32 127 -106 99 71 126 -85 -14 -103 -19 105 0 52 62 39 17 -35 -81 127 5 -114 108 74 77 126 -48 -30 79 93 -30 -107 -83 -92 -58 -45 72 50 -87 36 -91 -3 15 -28 28 59 54 1 34 -87 -108 61 -35 -12 -70 -2 -107 114 -45 -124 -48 113 -25 62 -48 35 -47 71 -66 76 -64 84 29 -11 -88 -48 111 -18 -50 -14 112 24 -74 -47 -61 2 -58 -18 90 38 -113 -108 18 30 -122 -57 -103 -34 -97 -24 -86 113 -20 -45 -10 55 105 96 80 31 -37 -67 109 -77 13 -40 -102 29 86 -127 -50 114 -111 97 -43 71 -87 -31 18 48 5 74 -44 51 95 4 75 -74 107 -47 60 -34 -25 -59 -32 -82 -125 -12 -61 121 -2 -43 -90 -14 50 85 -40 67 43 -75 31 -93 0 117 111 -86 -22 102 124 -43
20 95 84 85 111 31 112 29 -34 118 -20 101 -32 -126 -58 59 -12 99 85 31 117 101 -18 -48 -42 85 30 -36 -79 -62 43 -17 -34 1 14 74 24 -54 -94 85 61 104 -27 -116 60 31 -53 -2 77 -124 2 -108 -85 19 -31 -123 58 58 124 90 -111 112 7 -41 97 59 -2 95 47 -78 2 -117 -13 -80 40 -84 113 43 83 -18 126 74 109 71 1 2 -116 57 98 -7 -56 -20 59 -43 35 -9 98 63 4 -78 78 -80 1 -68 32 -79 -12 22 -90 -64 -107 4 5 -75 61 75 -5 43 -34 105 24 21 -99 -18 119 125 -77 -50 101 15 -36 -82 -41 -5 50 110 -32 37 -67 -22 9 31 -126 -19 -125 -26 63 -16 85 -92 -103 -12 123 73 -11 -49 -53 126 101 -45 -25 -14 99 -80 37 -55 -73 -33 -29 -59 85 54 -38 -4 -75 -66 -55 -105 -15 -22 60 52 -20 18 61 4 -124 36 59 122 81 -102 70 -126 50 -76 33 40 84 47 84 -94 40 55 -91 -52 1 -65 -30 84 125 112 54 75 40 -99 104 28 -3 -111 -82 -20 -100 -34 71 99 -88 35 53 29 72 -111 121 -22 112 -55 27 68 42 -77 101 112 25 122 -23 105 19 -85 -55 -90 123 -50 -76 -93 119 46 -118 -125 -75 -83 3 -103 39 56 -83 107 126 -36 15 -47 -49 2 -38 -16 116 2 -93 56 96 -47 18 117 21 -105 31 110 93 34 39 78 8 101 30 103 98 -100 -93 64 2 -23 -19 -89 -85 -58 56 91 49 83 -110 61 115 79 83 -21 -63 -33 23 20 -85 81 82 -28 -74 41 86 3 29 122 89 -52 37 -45 -75 -49 -64 35 64 -106 2 11 4 9 74 118 98 -17 -9 -80 126 -62 63 112 81 89 73 35 102 73 67 -38 98 123 1 110 -103 -53 107 20 33 -46 121 -85 -73 -8 -104 107 120 33 62 -52 -102 124 17 -122 -90 87 82 -49 46 -115 85 -105 6 40 124 -32 13 -88 86 -123 -16 101 -57 28 -97 -91 -102 -121 73 -125 -121 18 51 -105 -105 70 34 -35 -116 -114 59 -125 -1 -7 -75 114 -128 12 -8 57 -46 -54 -85 86 5 11 21 10 -115 -25 126 102 -27 42 78 78 -107 32 -100 71 63 68 -15 110 47 2 -77 85 10 114 -41 43 -69 -18 -77 6 19 -122 112 -71 -107 116 -40 65 -4 115 -60 118 120 -82 -15 -108 110 -112 62 -52 -86 5 81 63 121 65 51 52 127 -8 102 102 8 94 52 -11 82 -58 77 126 -128 -24 -33 84 -60 -69
-33 -56 -25 112 92 43 -31 -89 -57 -123 -25 -30 78 -60 -35 -66 120 15 103 -103 46 67 -1 -10 86 -72 -110 -85 -45 -7 -117 -99 44 -127 22 107 -86 -95 105 43 -16 -27 -23 -113 -23 56 124 -96 -85 -67 109 -128 66 -77 61 -89 -102 -69 -69 -70 -34 -24 -119 28 -88 110 -7 31 81 -83 -20 -35 -19 9 39 -125 106 80 -3 -56 27 67 -67 -52 -50 -124 91 -112 120 4 30 124 20 40 62 82 -39 2 -96 -36 -60 89 48 -123 -108 26 48 10 119 -10 44 -107 26 123 -89 -103 -66 -17 -2 60 16 -87 87 -11 -91 14 33 117 69 74 -32 2 11 -67 -22 123 63 -41 -80 -90 -21 110 -50 -55 99 -51 61 -11 -97 -76 68 71 -111 104 -76 -15 97 -8 21 -104 -89 84 -22 69 -54 -57 79 17 15 -109 -4 101 51 97 33 95 -80 -23 101 108 -85 63 -96 12 -102 -121 20 -114 119 -93 49 24 -45 -121 -104 102 -36 109 -14 -116 39 39 -104 -77 -108 -77 -42 -63 92 94 -59 -81 -106 -69 44 -50 90 14 82 -16 80 103 11 107 53 -128 -51 -57 48 -103 25 34 -78 -94 10 -42 45 47 90 -3 -21 -11 -87 29 -41 -85 115 -18 127 35 -59 29 54 64 63 -52 -61 -122 15 -121 103 -28 -47 -124 -112 -20 92 -107 84 107 -76 -71 -30 9 -6 -115 60 84 45 -84 -33 70 -79 124 104 33 56 2 15 44 101 -100 -15 -98 -90 -127 124 -4 -1 66 -2 -115 118 -91 75 -75 -126 -97 96 -8 -47 -67 74 -43 89 -4 -31 -120 43 -10 113 -59 52 -53 101 77 47 -97 -71 -109 98 -4 -112 18 85 -94 106 52 14 -125 99 -106 -90 -17 9 81 125 -28 32 -92 71 -7 -84 100 -34 95 -29 -102 94 22 -37 -9 124 9 -94 -52 -37 -111 -45 -68 85 10 42 -89 29 63 0 -58 56 51 -69 74 -77 48 -115 -122 -66 -56 53 66 -123 -3 -40 30 -27 105 9 66 -115 -29 -91 58 23 -22 -16 -72 125 -55 -93 43 -59 22 -117 -111 80 120 41 27 8 34 -5 112 -124 121 96 115 69 -25 -26 81 -43 -47 -2 -112 17 114 -59 65 50 22 -79 -54 48 -79 28 -49 -48 -24 -75 -52 -66 -92 -5 62 9 -71 110 -108 2 10 -127 105 82 -96 41 -69 -51 -82 -128 16 -81 -111 -57 -51 -3 68 127 53 11 74 98 106 -128 91 45 14 -50 -72 -126 -11 28 124 -100 48 17 66 -3 12 115 1 74 113 56 -24 -68 -118 -4 106 74 -15 -36 -98
-115 105 -32 -29 -124 68 -8 29 108 -35 -85 79 57 -13 -109 35 -70 -116 97 29 92 -112 -83 15 -17 108 -114 -4 -43 -13 39 -37 -123 21 -128 38 -49 -19 46 107 17 -59 50 14 -70 -95 -31 121 7 122 -92 -115 -31 77 -39 17 94 106 66 24 -27 52 43 -125 109 -128 -67 -29 109 -29 -39 106 -88 -26 119 115 123 118 64 36 27 123 -104 -2 -66 -95 -38 -30 11 -123 -97 43 -83 -1 67 65 -34 -17 5 83 28 -72 25 -79 -81 -56 89 -46 122 20 -59 31 -74 8 -2 18 13 28 -45 79 -111 118 7 -45 -104 -10 86 83 67 -16 50 -11 22 118 -84 50 87 -8 8 16 10 -17 51 96 -82 -66 -48 -34 109 -47 23 90 -8 44 -40 -39 19 0 -43 -43 82 86 -38 76 -127 27 -112 -29 -20 -46 -99 -80 -68 99 110 81 -83 -93 -16 -67 104 -33 -97 -12 -41 126 20 -10 -62 39 -50 -14 119 9 68 -91 -91 -81 104 111 24 24 87 126 65 90 -32 -26 91 88 -63 -65 -75 -39 17 -40 20 -49 72 48 -123 24 -31 16 12 53 80 55 7 -111 -123 -112 92 28 122 -64 22 -74 -19 68 -61 11 49 -2 47 -30 87 -12 124 -109 24 8 34 69 52 -67 -60 122 23 -34 67 0 -19 118 64 59 -52 72 -80 -109 -78 -103 125 111 59 78 105 -115 50 11 1 120 109 72 27 -7 -116 14 -60 -4 118 -100 91 -96 -72 87 -84 -89 -77 108 87 103 -28 100 80 28 68 -40 -108 104 -117 96 54 -112 -34 -25 26 45 124 -30 -69 -84 -83 73 108 44 -16 -106 100 112 5 -119 -58 67 -83 -18 -26 16 124 120 -125 79 -104 -108 119 -98 -124 2 103 -116 -103 -21 -42 7 -52 71 123 -53 -85 25 64 -28 34 -124 117 -84 -4 -126 58 -77 52 0 -116 62 -83 -28 114 -26 -23 32 -4 -23 8 -89 -13 97 -126 -100 36 120 -115 -5 -113 -73 100 74 -99 -104 -49 -92 102 126 45 122 114 -5 8 38 -48 98 29 -122 89 26 16 5 38 -18 -85 -4 34 54 -58 -99 119 34 -16 111 -114 122 -49 7 4 -124 25 -66 82 21 85 -19 -18 19 39 -60 117 -47 113 65 68 -124 -15 28 -124 38 125 -67 47 113 121 66 -84 -35 -21 -70 -57 25 -60 -75 126 -72 -52 -51 -38 -95 103 125 -43 74 -124 -54 38 111 -82 -4 40 30 39 80 -20 45 -53 37 67 57 -1 -116 79 -28 -37 14 -94 -119 126 -17 -43 -114 -115 -41 76 77 55 -39
124 20 78 84 -116 -121 84 85 114 -32 -76 -14 31 -50 58 -78 115 -16 -81 -61 -44 103 -68 -119 -15 90 116 70 -122 -48 -104 -125 32 72 80 -80 21 -106 -45 -12 90 107 -7 -11 53 2 73 64 -69 113 120 64 60 -13 -110 123 81 94 65 -59 -117 -101 -48 57 -38 -110 127 -119 -24 -47 63 -91 -35 31 -92 -86 -10 1 25 -88 98 -16 34 -28 109 -37 52 79 109 -101 42 36 -41 48 -5 65 45 -62 57 -34 -121 104 44 59 -90 -63 -69 109 -80 -81 -122 -73 -28 -93 121 -32 25 40 -9 32 17 34 38 72 -62 54 101 -75 -89 71 -4 -13 114 -85 108 -89 23 -32 40 9 5 104 -126 -89 66 -126 -33 18 -43 -102 -122 52 -93 21 -2 -124 4 -89 54 -24 -19 102 -101 113 98 2 16 -117 116 102 -31 104 -116 31 113 -79 24 13 67 -73 -13 102 47 -83 -36 77 56 -114 -18 -107 -16 22 -114 -116 30 30 -95 3 -25 91 -92 59 59 -95 -68 -51 95 88 -62 124 -20 -81 -2 87 -68 16 86 -2 109 95 -3 44 -96 -30 108 -9 -51 77 112 -70 40 -3 39 18 55 -19 -57 -9 7 -81 -99 30 -29 20 17 49 55 -62 -127 121 -66 71 123 113 46 89 -1 -18 21 -85 89 109 107 -45 76 -54 -60 30 87 77 -56 -33 71 68 -90 -65 -60 -96 52 -102 -108 74 54 -11 -69 -60 88 109 17 -66 -111 -20 -27 -45 121 65 41 103 40 119 49 -86 -17 -118 -49 -33 46 -123 47 4 8 6 67 48 -31 -8 17 -125 -90 -57 51 127 -49 -82 -43 7 -118 -18 -16 -50 -106 97 -116 -97 -52 -60 9 -105 12 -33 -96 108 103 -97 -111 51 -111 124 44 -49 -34 44 56 43 85 -53 4 -51 88 -58 -18 111 70 -45 -108 79 -118 -87 105 -41 41 -31 49 -25 10 -55 20 12 17 65 -20 -61 -47 -101 -85 -118 -64 103 54 46 65 -109 -123 -122 73 39 -103 -45 -18 -81 74 83 76 -6 127 -45 97 24 -16 -7 104 70 76 -88 -22 -51 51 -11 21 17 97 39 -97 121 93 -10 40 -16 104 10 22 -91 2 -40 -23 -77 -5 -10 -85 50 -44 -42 -121 104 -107 85 -39 -67 -92 -42 -50 -25 -73 68 103 -40 -11 -80 -16 -15 94 34 109 -106 -14 69 89 -33 45 80 -43 -54 -94 9 15 57 108 -64 -13 -71 82 108 -63 -81 47 121 91 -14 96 47 -84 -68 -22 101 -101 -42 -36 -23 -42 108 102 -10 23 107 13 85 18 -109 -72 81 -124 -88
-117 121 91 -36 -98 -48 -39 63 85 29 -29 -23 -52 119 -86 79 -128 -85 84 -49 -116 -123 50 81 104 -32 23 -111 -6 43 -50 13 74 -107 7 45 -36 -7 -53 110 -84 12 31 -77 107 25 35 -78 105 50 114 1 -127 -117 114 37 -127 -87 -120 -116 -54 -123 104 -45 -26 -100 44 -122 60 37 -5 -70 -119 42 64 100 123 101 -109 64 -80 0 -48 42 10 47 -83 -115 -4 122 -112 7 -7 63 -49 -95 44 41 -38 107 -95 21 -25 85 57 14 6 4 29 74 98 62 45 -67 -31 -8 -100 118 92 -118 4 50 44 -31 110 -16 79 4 -119 36 69 53 74 -80 92 42 104 -112 107 77 28 -73 23 -65 14 -125 82 -3 -89 -122 24 -31 -98 -1 -12 123 -44 98 87 -33 92 -105 29 -16 22 82 -111 0 -60 126 -25 40 -125 -104 -21 -6 -127 114 -15 38 -45 -71 -61 41 -96 -50 12 40 75 -23 -29 44 85 -72 -90 85 -63 37 31 118 -122 -40 -116 -10 -37 -108 57 -127 -27 -101 87 71 113 22 65 8 -53 95 -80 62 50 -8 64 35 -30 -37 51 8 -37 122 -116 48 17 -56 -23 -43 19 -52 -20 30 -11 48 117 -38 -70 -119 3 -17 -7 -84 -63 112 -85 -64 21 -66 -76 36 63 -128 108 109 -82 -76 104 -26 41 -127 107 -15 -2 -113 0 14 -2 121 -6 94 -104 -107 111 121 -23 21 104 116 100 -8 -8 8 47 -87 -73 114 -109 20 16 -2 56 -19 -45 -26 107 110 8 -97 117 -7 -52 -5 -128 79 40 26 106 -69 -66 -123 -125 -9 -78 9 72 47 -58 106 -68 -1 78 -73 115 -60 86 -31 72 53 15 -81 -88 -39 104 27 70 -3 -110 -41 119 -66 101 -88 117 127 16 91 -8 -67 -97 -34 -33 69 80 -63 63 -16 -84 7 -16 -42 -88 -99 84 95 -86 62 9 107 42 87 54 33 -37 112 26 -98 72 37 34 31 43 52 2 6 -2 55 -84 -73 45 120 -3 56 -24 -115 -99 -66 -86 -105 -1 -58 59 6 27 -99 -114 -81 72 76 -14 1 -128 -3 -68 -40 -9 -47 97 11 -12 -122 -58 41 9 -97 -100 83 -22 42 -35 15 57 -67 -108 63 -22 21 -39 -41 11 86 80 -16 63 36 -50 -43 -101 -5 -66 -118 -12 -83 -96 -15 -77 -94 23 -4 -90 42 -39 -86 77 -113 -5 59 97 17 60 -61 16 104 -90 22 -5 21 62 -69 -107 68 104 -124 34 -12 -41 -123 -69 96 0 -119 64 -34 -126 -51 114 116 13 -80 40 53 21 53 10 -49
-74 -110 53 13 -55 23 87 -21 -97 66 94 -7 -106 -21 123 31 10 -75 79 49 43 -108 113 -80 -14 125 10 -64 -127 59 -44 -48 -120 -116 -93 5 -101 49 -29 34 74 72 35 65 76 0 8 -14 -54 60 93 -26 -83 -30 78 -106 54 96 -37 127 28 -4 54 -128 3 -99 32 98 8 -16 79 55 -67 -46 116 93 -78 92 -105 -12 -73 69 41 118 -113 35 55 -28 29 42 -3 -3 -15 -121 101 -37 56 62 127 -9 -51 112 76 98 -32 -53 -78 -108 -58 -53 31 89 32 -23 9 109 -122 -35 16 43 54 16 -28 64 92 -107 -125 71 40 44 62 -86 73 73 -124 100 -30 -7 42 -104 -47 -87 106 -89 -24 -53 -39 -107 111 103 55 114 -109 -56 -80 94 32 -88 18 14 -74 18 -100 -30 -108 84 40 124 6 57 -111 -83 -111 -33 -97 109 110 -90 81 -2 27 -96 -88 88 57 -113 69 -63 60 80 -10 -72 -56 -118 42 97 -78 -85 -68 28 -72 107 -112 51 103 -123 21 80 7 -116 -44 -115 -16 -41 -105 50 49 111 -123 113 60 54 -88 -20 -88 82 88 -74 70 6 101 62 -108 67 33 -128 -69 -105 -70 113 18 76 1 46 -1 -38 -31 123 45 -46 -89 -128 -111 14 -79 -98 -92 -70 97 -28 -71 -30 -118 72 -122 -98 15 -46 57 -117 64 105 -123 -74 74 30 18 -86 -8 14 91 34 -25 -128 -76 35 94 -99 69 -71 -65 51 -33 -56 -62 -88 -68 -71 -107 40 -70 98 86 -46 -105 16 37 -123 -76 -98 -36 -104 115 -38 -4 -70 67 106 -95 79 -2 -71 116 85 -92 122 -30 -70 0 -33 0 -7 -90 -76 -35 58 97 -33 -119 -62 52 -118 -42 97 -33 94 -34 -58 5 -27 -74 -15 45 0 -58 74 105 -15 -40 33 -35 -11 45 20 -67 -94 78 -83 -52 -81 -83 44 -87 45 -94 84 -92 -67 -71 111 -46 -20 0 26 -7 -86 6 -51 127 -62 -127 96 -26 -27 -120 -95 -2 -5 -106 -45 32 61 -112 31 96 -55 -122 -22 -8 -36 53 -54 -113 -97 2 -32 -5 27 81 -112 -32 78 117 111 119 -39 114 -55 -46 -101 -12 104 -39 31 -89 114 -34 95 -75 105 100 -113 -57 46 1 81 -28 33 13 -74 -58 -70 82 92 -119 -84 -52 56 69 104 89 68 -92 112 48 -100 48 -47 -61 -2 -112 -80 -33 16 -42 -25 -52 29 125 70 -112 122 26 23 74 -23 -60 73 -60 -125 89 65 6 -67 -56 59 82 88 103 42 47 55 35 -67 42 -74 68 123 8 -19 110 -92
74 64 97 -75 87 -111 -4 82 124 78 -19 126 126 -124 59 78 122 93 -3 -50 -26 20 68 124 14 108 62 40 24 -101 13 51 93 121 -87 0 41 -94 110 -85 -78 -126 -80 41 -100 -25 -2 -77 -115 121 -31 17 124 -116 30 93 119 -46 -10 121 -120 90 22 -62 -79 -86 126 9 93 126 9 -87 38 37 107 87 -23 -36 -25 98 54 30 94 -70 75 121 53 4 -40 -75 127 -122 27 -22 18 -126 121 28 -25 -68 30 44 103 113 63 106 53 43 -37 62 117 -31 121 -58 -10 -49 -59 -39 102 -26 -86 31 -122 -53 -52 87 49 -124 77 90 -89 64 -126 123 102 49 33 14 92 91 -53 -30 17 -94 -8 -18 86 -16 -22 114 -83 102 -47 -123 76 -26 103 8 118 114 11 80 -89 -11 -17 81 -65 14 61 45 -52 14 -9 -34 -98 -101 -124 105 -97 20 -8 -101 -10 -68 -101 -53 -15 -123 -44 -97 -118 55 -99 -23 124 -96 -75 -74 -99 -53 -120 24 103 -78 -8 63 -38 -115 -73 113 -9 -5 85 4 -45 93 -120 71 2 14 126 -118 111 76 -106 -96 0 -123 45 -44 -52 79 80 -21 -11 14 42 61 104 -86 -40 40 61 96 34 -82 30 -102 -24 -73 106 -8 -69 119 -78 -22 16 74 -76 87 81 -72 56 -17 2 -54 10 -85 17 -95 38 3 -44 -111 -67 88 -102 -104 61 -92 64 38 -108 35 73 -108 -103 -75 -9 -96 110 28 -27 -49 -39 -98 25 -56 55 91 -58 76 112 -76 124 69 -65 -71 116 -5 -84 -125 -61 86 -11 96 24 115 -20 -117 -6 113 -21 28 -28 -23 113 -110 125 -75 -15 -71 71 114 -51 -33 -11 -90 30 58 -88 -69 16 82 35 -96 40 -63 -112 94 75 71 59 -122 96 -57 -103 64 121 4 48 -77 -51 11 -62 35 -20 112 -87 -116 88 -49 53 -13 15 -20 22 74 70 -13 -50 116 -4 34 0 10 109 -50 -48 112 -123 -104 104 100 -64 -49 51 -89 -126 -41 -106 78 49 60 -54 -43 60 99 63 55 -98 -45 67 59 83 -3 -10 90 21 -114 86 120 88 96 60 -81 52 -85 74 -58 -24 115 -31 -31 -37 -5 81 111 43 17 104 -128 102 65 -87 45 124 70 -32 -124 62 -76 -54 -79 78 -28 -77 14 -100 29 -29 120 -48 -97 -13 -10 -79 74 105 84 -52 42 -34 -94 58 -126 64 -39 87 32 -52 7 21 12 78 11 2 82 9 76 60 -127 104 71 -50 11 -128 -64 100 -24 -86 44 -25 -36 -63 106 -118 100 -80 54 82 4
41 -77 -86 19 -28 -105 72 87 -11 91 -117 92 -127 0 -99 -59 85 16 -98 -54 -109 -115 4 -114 -67 -92 -11 -107 -31 -45 -103 45 50 -9 -98 66 -21 119 -28 -88 -7 88 -123 -68 105 49 -60 -97 13 86 100 -128 45 58 -127 110 -96 -24 -17 65 -42 105 88 84 -103 -95 -85 31 -5 62 80 -11 127 124 -3 98 15 -75 79 38 62 112 67 -37 118 123 123 -49 -79 -102 -113 -30 -118 104 -79 76 29 98 -123 6 117 90 25 -74 -70 -21 -69 -93 -34 123 -35 -38 -33 41 -40 34 2 15 32 -52 -46 27 54 -74 -95 -5 -89 64 -61 7 -60 45 33 110 54 56 -25 10 5 7 -116 -5 101 16 -49 117 -102 -124 -126 72 56 35 74 -82 56 -52 62 -7 -109 19 9 -1 84 -92 79 -100 -65 -81 51 -65 37 -122 -62 -119 39 -32 -24 80 -47 28 55 -98 5 -51 -23 46 14 20 66 -34 -113 35 -24 -12 -79 49 -49 -108 2 14 61 88 1 -59 -17 -15 67 62 40 26 1 -92 -5 -99 86 -98 -92 -55 30 24 -54 98 96 3 -11 -23 -100 -53 -7 119 -111 114 119 107 -55 27 30 24 -48 -24 -25 -13 -74 -107 79 -4 -78 -82 -10 -80 39 29 101 120 12 -74 -88 -28 94 -91 88 65 -30 -35 -122 127 110 8 -19 -98 49 -35 46 -51 115 -1 97 -120 -124 -127 -128 -39 60 -52 127 -40 46 -101 41 55 -64 -47 98 125 -105 -118 -109 -13 -73 80 122 -90 55 -113 -54 52 30 -112 -87 68 -95 62 -58 -36 -107 52 45 114 -73 55 -48 66 84 10 77 8 -120 -108 29 -114 -66 -45 3 -50 76 -30 51 97 -66 46 74 27 -7 -21 -99 -76 124 -50 -105 -102 -63 -58 96 -16 -85 -128 101 6 7 -43 -99 73 61 -11 98 6 -118 -47 27 -90 -105 -78 81 -98 37 116 -34 94 -102 44 -105 123 101 65 25 100 29 71 39 -117 -74 -9 -40 111 74 96 52 -41 -14 -89 43 86 -61 -51 77 -80 45 108 30 -10 -100 118 29 -94 -115 -12 35 67 88 5 117 127 -63 -28 -88 37 80 72 -91 125 33 -54 -100 -119 -6 101 46 -79 59 -19 90 0 -59 -107 -127 14 -55 75 -10 56 21 -35 122 -22 -58 28 121 45 37 -67 65 5 -25 84 115 -88 -25 -17 -109 76 -33 118 1 -97 52 -101 57 90 0 109 10 -62 101 24 5 -26 -118 -94 -128 -56 -73 -86 -63 51 90 -114 -45 114 19 3 32 70 -14 13 55 -53 -109 -55 78 -33 111 -24
106 -102 31 -117 4 55 -29 -36 -38 -63 -65 -121 108 83 55 -47 64 -82 -81 -91 -96 50 89 74 -79 44 -128 104 30 -87 -24 -111 -102 95 90 -29 -38 67 -48 -84 99 -32 -9 14 6 11 78 -15 66 -19 -102 48 122 -80 -82 26 112 -66 -83 2 -46 -34 113 23 69 72 97 49 86 -77 94 98 26 96 -111 3 -74 61 63 -35 44 -57 -95 -43 19 -83 -25 34 -19 -80 -54 -100 79 71 1 124 -77 76 67 -67 -70 -92 -20 -3 -71 3 -43 -43 9 94 101 -23 113 -57 39 114 -88 40 56 77 -42 -63 76 51 77 -88 57 0 49 17 -27 -77 -49 60 -59 67 -24 -24 -114 -61 -119 -98 106 13 -88 -90 9 86 81 -58 -97 -125 94 -126 -2 117 -113 -11 -32 -99 82 25 11 8 -16 -38 -118 59 81 52 35 -104 26 -85 2 -49 100 72 -107 79 95 121 47 -30 -48 28 -68 -5 73 -115 0 64 127 -88 -109 -51 -122 -104 -2 87 76 -92 -37 126 -110 117 -26 -50 -91 -110 67 -103 62 -35 36 -85 84 67 24 61 -91 32 100 -7 3 64 125 19 -126 0 -120 -33 -89 31 18 -89 29 112 -29 97 -80 81 -1 -78 -81 86 113 32 35 54 -73 -27 98 124 -121 -3 30 -98 -81 120 89 -91 87 30 -127 -67 8 93 -40 -50 -89 121 28 -80 21 34 73 -111 82 90 -15 41 108 -39 82 127 72 -84 50 87 -66 -109 -55 108 -59 105 -97 45 -95 89 -18 114 38 -119 95 55 47 3 -47 30 -125 71 89 0 93 83 72 -48 -16 -79 -29 36 89 -66 -9 75 -27 58 66 124 -52 -94 -9 117 -17 -127 17 -27 -118 99 -25 121 88 -60 -10 35 69 -14 79 44 94 -17 74 -41 80 82 -37 113 -78 -49 81 -30 50 -39 51 65 -98 -28 100 -56 57 87 17 -52 -112 117 -72 81 -125 -107 78 99 -98 -106 -49 -49 109 -109 -93 -7 90 119 -35 8 109 -33 55 101 60 -49 63 -50 -35 35 104 120 28 -47 -5 -65 119 -32 101 76 11 -98 -119 7 -128 43 24 78 33 35 -68 -7 72 80 71 -118 98 78 -42 116 71 -102 -57 98 -89 22 -23 -108 93 -9 17 45 19 -29 89 -56 -67 64 -47 88 92 101 90 106 -9 -123 63 -27 -79 -9 -62 105 -68 -55 94 104 -113 -35 72 30 98 -98 100 59 20 126 93 27 88 120 0 -29 67 78 -94 -52 34 -99 -56 36 30 -93 -53 43 32 90 -12 40 -34 -83 -34 8 19 -105 -5 93 79 62
15 24 -11 -88 51 91 -31 -16 87 -36 -1 37 -92 -26 -91 99 4 56 -40 120 -18 -41 58 -100 -103 -23 45 18 -76 -29 97 -99 -85 96 -36 -83 26 89 9 -21 98 38 -108 -81 6 -96 -71 44 102 -121 -98 -33 113 21 61 -27 105 -74 33 52 -8 37 0 116 52 69 -95 -87 56 57 -121 -76 52 84 -100 -98 81 -49 55 -46 -37 83 36 81 80 -80 -25 -58 -13 -34 36 21 110 -117 123 43 83 48 -34 -4 -117 -49 111 111 -116 -113 85 -54 -72 -110 -33 27 15 -10 -50 -89 114 -30 -96 -121 -3 -87 81 -18 -44 -61 -65 -39 57 32 -102 -120 -113 -43 82 -66 88 -121 -88 103 -102 -49 58 -23 73 -109 -86 -15 45 -84 30 -75 123 -102 112 94 111 10 -58 84 50 53 125 -14 31 -38 -79 -38 -55 6 103 114 -74 55 -7 32 4 20 -26 119 67 -25 -91 19 -46 -18 98 40 63 19 127 -45 97 51 -43 100 84 31 -33 122 -109 15 46 -100 -115 -9 -31 -73 -50 -80 19 119 -41 -40 -98 -94 -110 46 58 -8 -59 69 19 53 101 -8 -119 0 84 58 -38 -12 -98 -8 -89 47 124 -15 -17 -3 56 55 -11 21 -60 124 -121 77 110 73 -28 57 56 -69 81 -18 52 39 -87 -104 29 -48 95 34 -127 -98 36 32 -63 117 -76 104 -75 -23 101 -11 -114 23 51 -73 -69 -91 25 86 90 -82 42 -81 -125 -81 -78 -86 93 79 -70 106 -45 84 114 -98 126 -123 -45 -83 -93 1 80 111 91 18 -62 -15 113 35 14 108 95 69 -61 46 39 -9 46 36 96 -99 -75 -95 -123 -117 63 119 -23 -16 5 66 -101 -97 -8 -83 104 -24 -33 -125 -36 -2 -39 96 -89 86 -5 -14 -72 -25 -106 93 68 97 -59 -110 -109 82 -110 54 -91 -69 6 -92 -128 92 43 -77 -106 53 37 61 118 37 -113 30 -39 106 25 -91 60 108 51 2 -35 -120 -72 -25 -122 -27 -10 50 -117 -92 -102 46 -61 34 -86 -50 52 -47 -87 34 -7 -11 93 -51 66 -80 113 22 -63 70 93 32 119 -48 9 25 127 -103 82 38 -47 -76 -60 102 49 78 -99 2 50 -122 33 -60 33 95 -102 54 -99 -122 25 39 104 75 -74 92 -46 -55 -17 -105 103 -71 -96 -101 117 110 -29 -56 -114 121 122 20 18 90 69 -37 105 65 50 119 43 -98 -24 -22 127 78 38 4 -72 108 -106 -123 -14 37 121 91 -123 -112 -49 49 -91 -98 -112 111 -60 79 95 6 -48 38 14 123 -106 -112 -44 68
24 47 -41 45 33 122 -82 -69 -5 80 24 124 -45 -5 79 36 85 -40 78 78 -70 33 -53 -90 33 87 -117 -5 -45 74 56 79 -12 70 21 -41 -98 123 -56 25 -107 70 -30 5 -9 6 56 -44 -9 -5 -35 93 -107 68 -21 -94 -41 -78 24 -81 82 101 60 94 29 119 84 27 48 71 71 120 -33 45 32 -78 -39 40 116 108 85 -25 -28 99 -26 -17 15 69 -78 37 123 7 -25 -118 -74 40 102 -64 -120 92 -74 30 -40 -8 91 7 -66 -81 -106 -92 32 69 -88 -1 -14 113 42 -33 -77 -16 -112 11 -16 -5 -10 33 121 -44 30 -42 -4 2 -73 -2 29 26 100 39 74 -75 -39 95 -49 -66 54 91 -42 61 -12 -15 -123 -78 108 98 -108 96 103 94 -22 122 16 -118 46 -114 106 20 -36 -16 -25 116 -26 30 13 99 113 -109 -60 -8 -26 96 -54 44 30 8 -126 84 46 -49 -26 104 -72 -123 -123 -120 -67 10 94 46 15 119 54 2 -22 62 4 -126 93 -31 -30 46 76 14 -43 3 55 -103 -109 84 -64 68 65 35 -102 -17 38 65 88 -31 124 -41 -119 -49 117 27 -41 -2 54 34 7 80 -53 37 -15 98 -37 107 124 -122 57 6 -88 -74 -49 77 93 40 57 5 18 95 -112 -113 -41 -112 98 -59 -83 -4 76 66 -87 73 -1 -125 -113 -69 -48 107 -69 97 -76 3 2 124 -44 115 1 -70 40 -14 -96 29 -36 19 86 110 -91 -82 127 -14 70 -79 -73 60 -88 -83 -90 -72 -68 -41 43 64 99 -64 -91 -87 84 -60 56 94 2 -120 86 54 60 99 110 2 65 -95 -87 -32 72 42 119 126 -99 -98 -91 6 121 -37 36 93 89 -100 118 -64 -91 -75 52 78 -63 -42 -46 -125 59 -51 -108 -107 14 95 109 94 44 76 -43 85 8 25 -122 95 -121 112 -77 -17 -90 -108 85 88 3 5 -43 -77 -97 120 -127 15 48 -53 -126 -124 -95 26 -38 4 39 67 -128 -53 42 -41 -122 38 111 -11 33 55 -92 -41 -64 36 -44 19 -34 -21 25 111 108 90 -16 -100 48 114 -96 90 54 119 -30 -59 24 -81 95 85 116 111 82 -63 -124 87 76 72 23 98 -105 62 123 -127 97 119 -57 -106 121 4 -67 76 -53 29 114 117 30 -45 100 83 87 75 48 12 -71 -47 -56 -40 -15 29 11 76 62 6 -11 -24 -70 44 91 -46 32 -19 -6 63 40 -86 -97 -82 -12 -78 -34 61 31 25 2 73 -49 89 -45 10 -62 101 -83 105 -31 36 -50 40
-50 -72 -93 -28 -68 -76 -43 -20 -103 6 1 91 -24 97 -125 -109 -66 3 -18 -19 -54 25 117 119 24 -18 -2 69 17 -47 -25 60 -115 35 6 -104 81 125 4 -84 -69 90 50 83 -65 6 -61 64 113 -55 -106 74 -54 -125 24 79 -18 91 -65 4 116 96 -1 90 -43 110 -61 63 122 33 116 68 -30 -53 -73 109 73 -38 -84 57 -123 15 -67 90 59 68 -105 -122 106 -15 63 -70 114 -110 74 -72 -45 -126 -14 -83 -58 -8 104 119 63 52 47 -106 -66 -123 -80 -92 -79 -29 -39 119 64 -91 -25 37 -98 16 23 -39 4 90 -117 -78 46 -64 -73 -104 -36 107 34 -43 -127 16 -11 -119 49 79 -113 36 -109 99 -76 -30 67 -5 70 75 77 55 -119 44 51 62 -107 -76 66 17 -93 -37 49 -103 -49 -125 -122 99 108 94 -88 11 109 -55 -122 95 73 -37 -108 -127 -31 91 104 24 -127 86 -61 43 -66 -53 79 118 -93 43 47 14 123 50 42 -1 -46 11 79 -58 -21 -67 99 86 -18 94 -89 3 -62 -76 -12 4 93 105 13 -119 38 69 26 -46 -106 -67 65 53 42 104 -80 78 -58 -66 -23 -121 86 -8 -110 -83 123 87 -107 -50 -71 115 120 71 112 -100 -71 -120 13 -95 -26 84 -46 -70 11 108 125 51 -91 -37 -8 -81 -68 -78 92 -67 -110 -122 56 112 21 112 -128 5 39 98 30 -27 82 -105 105 -102 120 -34 70 9 -121 25 -58 -81 16 7 111 -28 99 86 23 -91 -95 91 75 63 47 100 63 -17 -69 116 -46 14 25 43 -34 -59 -16 19 -63 113 20 -75 -105 43 -63 68 70 -113 -8 -7 -54 -93 1 39 80 70 102 48 20 16 -10 103 -98 -95 33 -82 -16 104 -81 -30 32 -15 -43 -40 -108 127 -91 95 125 91 -119 47 -100 -2 -126 -9 115 -49 53 14 58 -97 56 93 -6 -108 7 66 -118 -119 66 103 -111 -49 65 -105 -115 -105 -71 54 -119 -7 -39 90 -24 -66 115 -120 -62 -107 -123 46 32 -83 -13 -61 20 35 19 -4 -19 -114 117 98 -52 42 -68 -99 3 -41 79 -125 45 -64 -57 -106 -104 5 -99 36 44 80 -48 -14 51 64 65 -64 52 124 20 -89 126 -111 47 85 70 5 29 2 30 69 103 -49 4 90 56 -82 -71 -118 -116 -105 -100 -74 115 -81 -89 121 -45 8 44 8 -94 -99 -103 -79 116 38 -5 -15 -48 -23 -125 -105 -85 42 11 31 69 42 80 -62 -87 48 -30 -124 -80 114 -96 19 -55 65 -94 54 65 -99 -18 114
-17 -124 -64 44 -121 17 69 -35 -113 -119 -50 35 18 -66 51 41 -27 19 -85 66 38 -49 8 -103 82 122 -58 81 110 -59 -8 -42 -123 -17 -11 -91 92 66 -127 -27 -72 -5 -80 -68 14 -66 17 90 120 -43 -49 36 121 -78 81 108 -62 70 83 -54 47 102 109 -60 -73 0 71 -85 -88 -67 -41 -1 81 -117 -102 28 -11 -67 29 21 75 91 -21 52 71 76 33 58 55 -104 107 -5 35 -123 -77 -96 71 -7 -40 -98 -27 35 -117 24 10 -76 -74 -98 -64 79 112 124 14 29 50 -31 36 31 -70 77 21 25 64 -115 29 56 93 74 -16 107 -91 -75 87 -126 -11 57 -71 72 4 51 -29 60 19 124 -118 73 17 -58 75 33 -5 -83 66 34 73 -55 90 8 -95 -102 65 29 53 89 -98 4 -106 -57 41 47 -126 -51 -80 -97 -47 72 105 59 -44 82 3 -118 -75 95 -69 26 -22 -122 -62 -58 -3 -101 33 110 18 -69 -63 -68 -45 55 -36 -77 25 -89 56 -128 -88 -22 30 22 96 69 71 108 -70 -4 -80 -14 -27 64 107 -127 82 -128 43 61 26 19 121 124 107 59 2 37 -11 -11 64 114 -101 117 42 -45 22 49 102 84 10 -111 -58 126 -17 -62 21 22 -123 -78 124 36 -124 119 32 37 81 37 11 27 32 108 102 -42 103 106 62 -21 -114 53 -1 -87 13 -120 29 125 80 -38 9 -3 -39 -50 -75 5 -21 -70 112 -4 -14 22 -91 -45 -28 31 -114 25 126 45 -68 23 -123 -86 -43 47 -38 19 96 -21 90 -55 -56 -40 94 84 -52 45 124 98 -56 8 -86 55 -86 -16 37 65 23 118 -11 5 -54 -31 -112 -3 -22 104 37 4 34 4 110 -25 66 66 -89 3 109 28 -122 -8 77 -86 -38 -120 127 52 68 64 -7 44 -57 14 -88 105 34 -57 -95 122 -118 -101 -81 -120 105 37 49 -64 28 70 -124 -82 126 93 -75 8 -72 -19 113 69 -88 35 42 -78 21 -127 124 -36 115 119 76 5 -54 119 49 36 56 30 -124 -31 -75 -12 121 -55 13 -99 44 -11 -91 -9 111 -29 125 110 -19 108 83 -80 66 76 -119 112 35 94 -53 123 82 -92 79 26 95 -88 90 63 -20 -119 -89 85 114 79 71 -110 86 -82 -80 -71 -117 106 44 -29 -81 -66 -9 -83 -65 -121 37 -33 -16 123 126 81 -40 -88 125 45 -57 106 117 41 106 -69 104 89 -11 -105 33 -96 -103 117 107 -50 -63 24 -30 43 21 117 -123 43 22 61 84 67 -87 -1 42 -14
-2 -67 -27 125 26 -11 -22 22 -52 -27 75 62 -48 -45 88 40 32 115 70 75 18 -37 -94 50 -95 -55 64 19 81 67 92 17 -84 -95 39 -29 -34 56 -103 -101 98 -83 17 -46 -123 49 30 21 -73 -48 127 18 -58 106 121 84 -127 25 -27 -37 5 -52 -106 15 -93 -33 -78 -87 -70 31 53 -16 11 109 3 -22 -83 122 43 -107 104 92 -119 28 -26 -48 76 23 -12 -124 -34 -1 92 -121 103 -78 -53 -60 69 -2 -118 -32 -71 -81 94 90 118 -12 77 -111 -61 -31 18 -17 -19 27 99 -92 -87 -122 -91 29 10 81 -91 105 118 -33 -13 19 -1 92 92 -42 77 112 57 93 36 18 108 -72 -119 -109 66 -11 -2 -93 -93 104 -79 -24 11 -69 69 -35 63 85 -54 124 -66 39 -107 95 15 56 89 -95 105 -120 -1 -90 -120 -3 64 21 -60 -4 48 91 122 -26 86 -50 -109 -94 82 2 89 -123 -109 -59 127 23 60 -107 31 91 22 -5 92 -96 33 -8 35 -101 -110 64 115 17 114 97 -45 -46 84 26 -28 -50 -32 -122 67 -97 24 -117 -68 -112 -27 14 -127 119 5 41 -99 15 -51 -117 -83 68 -49 -86 -31 -56 -110 -65 -30 64 -89 74 38 -80 -11 -40 -20 -76 -16 67 52 -50 34 123 109 48 59 104 -76 108 -29 38 -19 -108 42 -88 -110 -10 -55 -49 -112 -50 -102 -22 78 -50 14 48 96 -64 -32 0 70 -54 -5 62 -97 -123 -31 5 -53 -45 52 -110 -85 -35 -44 114 37 -120 109 47 74 44 46 120 54 -22 59 -110 79 72 120 50 73 90 -32 -15 67 1 95 -69 1 -100 -119 102 99 -118 59 121 -17 7 -72 125 90 -75 42 101 83 -54 78 126 22 79 -13 -65 52 19 -91 -39 -10 -33 -123 -61 36 52 -64 62 8 124 56 -47 -118 87 -83 -78 25 -34 -11 -74 -67 -45 -28 54 -46 118 89 5 4 -66 -114 -121 -78 4 0 56 -128 63 118 101 54 -78 119 78 -10 -87 106 127 -96 6 -111 -26 -16 -77 -17 -27 10 73 -15 -98 29 89 45 -128 -69 -128 -12 -39 113 -47 72 -54 59 -60 40 -123 40 -7 119 87 15 10 -26 78 -86 17 -66 32 80 23 91 80 -91 -87 -77 -83 4 -45 58 -68 89 38 -35 47 92 80 56 -10 120 -76 -112 -63 104 107 -26 62 86 -19 54 -111 68 -70 113 126 45 -110 -8 -20 59 -69 -104 74 43 121 -110 12 16 118 97 107 18 126 -82 -117 37 -20 -114 32 83 2 -51 45 107 -42 -83 -59
-116 -61 71 -128 61 43 85 -46 46 -57 -93 -25 -83 -25 -88 -35 51 -114 -11 -62 120 -106 58 -29 -22 -49 50 115 -39 -51 -89 -105 -21 13 106 -106 -89 -65 -62 -116 9 125 54 94 83 108 -60 94 60 -69 -3 -84 108 -128 105 122 112 11 -51 -82 11 -99 -15 -3 30 100 -103 91 -54 -32 -25 6 -14 43 -124 -97 21 46 8 105 -107 -69 48 -85 37 -109 103 -41 8 25 -21 -36 -106 83 -83 -6 42 -117 -93 10 25 -26 -83 -27 17 -50 119 126 101 -41 86 117 47 -115 121 -99 -96 93 123 68 -98 43 67 -68 -19 112 69 -2 107 -78 96 -81 93 8 106 -11 9 -82 -107 -46 -69 -75 -72 -81 28 -115 -2 35 -118 38 -61 101 88 59 -40 -92 -108 95 -59 87 -79 -69 -70 -92 -115 100 64 -73 -105 -125 -105 15 17 80 -62 -90 -58 116 26 -53 71 -60 -121 -13 -119 16 -98 89 65 -117 104 16 121 67 25 48 117 115 60 -33 27 -6 37 98 -87 -125 92 -115 13 11 -103 40 80 127 69 106 -54 73 -7 -62 -94 79 -69 45 -36 3 -85 -59 -83 38 78 -120 26 47 125 -89 -64 90 -128 32 94 -113 -23 76 59 67 -29 -123 -85 -98 -20 40 20 -61 63 -16 -123 -85 97 41 93 -128 25 113 92 115 -10 110 16 93 -126 -12 91 -59 -120 90 -37 -53 43 -34 -83 -126 -12 92 -115 25 56 -42 -18 -54 -55 -90 22 -81 59 -50 -22 1 -48 124 -103 22 -76 -93 -23 -91 15 75 -21 -54 -89 -54 117 -82 68 -106 118 -78 -120 39 40 -9 -128 -36 104 10 32 107 34 47 -105 -11 15 -13 73 -69 10 85 -62 118 24 -120 -120 -101 -122 -50 -3 106 -94 -111 35 -5 96 -56 20 -43 102 124 -92 67 -119 113 83 -122 78 74 -37 7 71 87 35 73 -21 8 -33 93 -50 30 -68 -105 -72 -12 37 61 -30 -18 13 -44 27 -117 -60 -88 -61 -80 48 -43 8 -93 -47 -10 115 83 -29 81 5 117 44 20 48 42 6 19 58 -94 -7 51 -21 -51 28 63 -87 1 90 -7 53 53 -32 -23 97 14 -12 -80 59 44 123 -124 -89 -89 37 -29 84 88 3 53 89 102 24 -30 -114 -67 63 114 -99 -7 -120 119 -110 35 -56 -34 -69 79 -10 24 -28 21 107 -14 32 -2 38 48 63 -118 -38 48 -98 35 -83 94 -54 -110 16 -22 101 -77 -117 -83 45 63 -78 -106 -126 49 84 85 113 105 93 -110 -95 52 -111 31 116 42 -102 28 -14 102 -14 -68
-64 25 -111 54 70 -107 55 52 -78 29 13 -68 110 -97 48 -27 23 81 -96 -102 3 -67 115 -55 -56 4 -66 77 -36 -99 111 -77 -118 91 95 16 23 -25 -31 -84 50 -70 -8 -18 39 -20 98 -95 -42 -111 -97 -92 -78 -127 96 95 28 53 23 83 125 56 102 8 106 -90 -70 -77 -81 39 -59 6 59 -104 -101 -80 70 34 -31 77 -101 -10 -40 -26 -88 84 -58 40 46 14 -42 5 80 -33 124 50 7 69 12 -80 59 31 -15 -17 70 64 -10 -27 -122 -12 108 85 -85 55 -30 -66 -51 66 84 103 -9 -101 -100 -76 29 -10 32 127 -14 -96 -17 99 -127 -5 2 41 -101 -58 -38 92 -79 96 -48 105 22 -87 40 -30 15 48 99 115 11 -108 59 70 18 32 108 79 -53 12 -36 126 -30 -20 -55 -83 109 82 -7 -27 -94 115 -95 12 119 -128 41 53 -16 102 91 -77 -8 58 -124 103 43 -79 62 -8 -116 56 -3 97 -78 -58 66 -30 -35 84 47 -76 40 -10 116 -75 2 -56 -64 127 -122 50 119 -111 -107 -12 57 -69 -97 1 35 50 -20 -41 37 7 -23 119 -49 8 29 -76 115 38 94 26 -101 -4 -121 -84 -10 -115 88 68 107 -58 -96 99 -115 -48 -122 -33 83 -75 99 6 -31 63 33 55 -106 -89 -55 104 29 -40 78 66 -76 24 -85 99 -57 -118 -116 117 -62 -77 47 111 -126 -73 -44 17 -20 -103 -62 10 -111 8 -95 -84 24 -37 -69 -122 46 -123 121 -86 -44 19 81 89 60 -6 122 29 -7 67 -108 113 87 12 96 -41 85 111 113 101 -41 -38 82 52 -36 36 -70 58 65 -108 11 -27 82 73 32 115 -121 -116 -95 60 -90 78 -1 -93 -95 -100 -77 -61 27 56 -50 -62 66 -121 -32 -110 25 73 -98 -37 -122 -68 -6 -127 -125 24 59 94 -111 54 42 -43 114 -43 -115 5 40 -10 1 -99 95 -25 -44 98 -31 26 126 46 -66 10 3 59 -72 106 43 -86 -107 -18 -125 36 -89 32 32 101 63 112 75 -2 -125 87 110 -26 -126 -17 88 -46 -98 -87 55 105 127 -125 16 -37 125 85 -7 1 109 38 -77 81 7 93 -18 -93 126 76 116 -6 -96 53 64 69 -68 99 124 -13 49 127 -83 -11 21 -105 95 -46 -29 -121 -39 95 31 39 -56 -65 -40 75 18 91 -78 -49 -56 -32 12 -88 -43 -110 -109 -90 28 -96 -1 23 -22 6 52 -25 124 -84 104 -104 125 -28 25 73 -27 -89 -105 -30 -111 81 14 -75 -110 -62 47 -11 104 94 -106 24
117 12 43 101 5 80 -41 97 91 94 -37 120 -93 -60 85 73 -23 103 12 126 -107 104 82 34 -49 -85 -81 -70 109 -10 -15 122 121 101 31 -45 123 69 -33 43 29 113 -126 27 -34 -20 -60 6 111 -42 -127 -30 -9 -50 71 -104 -4 82 122 -51 -78 -37 -60 -109 15 -14 -69 -62 124 56 -95 32 -128 -8 -20 -103 89 -12 -69 -38 -82 -120 -26 -31 -84 61 46 119 116 58 67 -128 -3 -70 -128 -93 -29 28 -28 -124 126 -3 -62 -54 125 24 30 16 2 -49 -115 75 34 -114 19 58 46 60 -65 -85 15 124 -94 -19 114 41 63 -102 -11 -83 -5 0 0 61 -2 -126 1 -12 126 -119 -120 -49 94 -112 59 -29 122 89 14 31 -42 70 25 -25 26 11 0 -71 -98 -23 127 121 6 -43 -70 -11 -57 50 17 -24 -40 1 -117 115 -41 -11 48 -115 -33 92 62 -54 54 -3 -24 -47 115 -41 -41 -104 97 126 32 97 53 93 16 93 97 -45 -57 -32 29 49 -116 66 -99 -95 -118 -2 41 120 41 75 53 -125 59 80 -19 67 -103 117 99 -42 -3 55 -1 103 -52 -112 34 106 -128 92 115 -15 97 -75 115 -58 -91 85 -13 6 -59 -125 62 -63 4 106 2 -125 -4 86 -65 -95 43 1 58 14 -56 53 -64 11 -56 -82 -90 21 79 14 -56 -80 -79 -107 -17 -72 111 -88 21 -68 -41 110 74 38 -20 -113 104 81 34 -36 -24 -70 -52 -56 67 -8 -45 -81 -99 -76 -115 -123 127 6 102 56 -98 107 -100 -97 88 41 -114 122 -94 -94 -112 64 34 94 15 7 42 86 -36 26 72 -122 85 -121 104 -55 37 -25 24 107 -104 103 89 -116 39 -79 -16 57 -55 -19 -64 -66 -72 -10 -79 -10 -63 26 -78 51 95 12 -114 -50 19 76 17 -83 -95 97 -20 -27 27 -109 -99 -119 -43 -109 -99 38 -73 20 6 -7 -82 -97 113 71 -108 41 39 125 -24 -77 -23 -52 77 104 84 -124 -112 25 -92 11 -48 95 -115 64 44 104 -69 -74 105 13 -48 38 -8 -123 54 -83 20 -68 -111 -106 -15 87 119 -51 -80 104 -88 -84 -28 80 -68 -8 55 105 -73 -78 -104 -40 -82 -51 115 108 8 43 -116 3 -117 -50 70 -111 -125 87 126 18 77 61 -126 -60 -109 -85 38 -95 -111 21 45 -99 43 -119 -3 -68 54 124 82 81 109 118 -60 18 48 59 6 -15 56 65 99 -26 92 -48 82 -86 -5 -2 24 119 91 35 -5 -2 -36 -93 -69 -112 16 107 42 87 2 -3 66 -58 -128 68
-90 7 82 -106 -30 -122 -6 -76 -35 -115 -78 24 22 1 16 -29 18 -71 -73 -16 95 72 -50 -112 87 -1 -124 -103 -68 -111 -124 -14 -94 -19 72 37 -27 -78 -123 -47 32 -17 -93 81 52 90 5 102 -100 47 -88 -28 -35 39 -48 -1 2 -94 -67 65 -122 127 -34 22 67 100 53 -66 -30 22 100 -29 6 -36 -40 1 -71 -91 -34 115 -117 -28 -8 -105 98 -112 -112 10 65 64 -99 84 -104 126 58 119 -78 -124 -74 75 96 40 -119 44 77 -110 120 -62 71 88 101 -110 -59 -101 -61 -48 -73 -70 -3 77 66 -91 123 43 -108 -65 61 125 -2 72 37 -66 0 40 -83 -17 41 112 -107 2 107 -32 -107 -56 -88 -54 113 -12 124 36 112 108 -58 -5 -45 102 74 108 116 -119 -2 -61 -57 -119 -24 -100 -44 -62 47 -57 85 -63 -97 -91 16 8 -38 110 95 84 -76 43 -3 -43 -124 -72 -121 101 -11 108 104 -101 3 104 -101 -93 26 -115 36 99 -116 84 3 110 100 -79 26 31 85 88 -56 70 30 27 -128 -56 55 -82 -103 28 -80 -51 53 -47 -121 37 92 83 -76 82 -7 -67 -51 -15 -15 96 -47 125 -11 70 -9 23 73 -108 -71 -43 -67 -72 -43 -64 10 53 53 -86 -8 -16 -71 -54 123 -60 -107 -67 -76 75 51 21 79 -116 83 34 48 -80 -27 -86 -99 111 -46 37 100 44 58 80 -89 84 -42 36 -19 -29 -13 100 121 -96 -126 50 16 57 -90 65 -31 -92 117 78 -6 -5 -118 -120 24 -75 112 -84 -27 -128 -46 -40 54 -31 -91 -4 70 61 116 29 -75 -81 -92 -56 62 105 46 -125 -75 -53 25 67 -77 -63 15 -3 -30 -102 -70 -118 -123 -110 -15 7 -101 52 -74 -127 121 -68 95 -65 -30 -108 -29 16 -29 -67 65 76 -79 -19 30 90 -99 -82 -16 -19 108 51 -121 -10 32 -35 120 72 32 24 102 -25 -75 29 -120 -10 -7 -66 -104 102 -70 69 -122 62 -86 -93 -52 16 33 107 28 -61 121 38 -76 -27 -42 37 -127 12 39 43 -122 -26 -2 -14 -94 -22 -112 46 53 -117 118 109 -22 121 -84 17 -81 15 -49 20 -3 122 -109 -52 26 -27 86 65 -73 110 -81 -71 -56 -103 -66 -98 -112 -94 -124 -65 88 -46 100 -113 -28 -25 -95 27 16 -74 -105 -41 -122 31 48 -111 -61 -37 24 -125 -8 11 22 -18 88 74 108 -32 28 -125 -111 45 -119 1 121 75 -91 -97 55 126 -33 -91 60 96 39 -53 83 -117 114 69 -58 -29 -15 -55 -42 9 -124 -56 26 -27
-88 7 -67 -124 -85 -6 -17 -117 -109 12 8 112 69 -4 -4 21 74 -33 -36 42 -33 49 63 97 64 44 117 85 -95 -113 -120 -85 81 70 -123 -97 55 48 118 -77 92 30 26 -85 -46 33 -30 -20 -88 122 45 -23 80 -15 126 -27 24 -49 -128 -39 -18 98 92 -82 -94 2 56 26 -118 85 -113 -47 -71 -125 59 -124 -88 -113 -61 -100 28 -24 -118 115 112 -61 -30 -99 -39 11 -41 72 69 -126 -89 -88 -116 -12 -63 17 -103 -67 -11 -47 45 -81 12 -52 -100 92 11 -16 11 -109 -16 -92 90 47 17 119 -108 56 66 56 -54 -62 19 60 -31 49 -84 115 49 -17 52 -24 -34 46 15 -27 24 124 -12 -121 -43 10 0 65 87 103 -76 70 34 -63 -95 8 63 -29 -6 80 -106 34 -77 -128 -60 109 -5 -62 -36 17 -36 19 -26 107 -93 -57 -117 -18 -109 75 80 -95 -40 -67 -35 -60 52 66 111 -33 -85 4 -68 -34 -25 36 -127 77 53 -61 -1 -77 -18 -94 -21 87 -41 -61 66 -110 -59 104 -69 -25 -42 -105 120 85 67 109 84 89 -39 46 30 -66 83 5 -116 -64 -63 -68 31 35 -21 -117 43 76 50 -26 106 90 -28 106 -119 -102 -38 87 -2 -17 -67 108 97 60 -71 5 -44 -99 -17 -90 0 61 50 102 58 -76 -33 -4 65 -108 -25 58 -64 -58 -95 38 -45 78 -92 51 121 65 85 -85 101 -34 25 64 22 77 92 70 -82 97 0 72 44 -95 -27 -85 -59 80 12 -61 15 -1 66 75 -98 90 71 127 -16 108 -64 4 -102 -66 27 -108 108 -59 -82 -91 -127 -65 -65 32 29 50 104 17 23 63 -57 -52 -71 -48 81 -125 -63 -41 45 36 38 -38 96 3 -108 -117 -125 55 47 -16 -31 -111 -71 -18 -44 -7 63 9 30 124 -127 -61 79 -87 95 -57 8 65 -45 75 -7 59 -62 81 80 -66 105 2 64 33 58 -16 -21 31 110 -87 36 -2 92 -123 -121 30 -56 98 -6 -39 83 -103 -115 107 124 -55 -61 -90 -76 -71 40 12 -9 -69 127 126 48 25 113 -69 -121 -72 -58 -27 80 57 96 115 30 -9 68 114 18 7 56 19 26 -110 35 -42 24 -8 -119 59 52 -121 -7 -22 99 114 11 60 94 -98 -86 78 -101 64 21 85 -69 -32 -40 54 -55 -55 -108 -76 -111 -125 37 -108 -117 -128 17 96 -124 -86 123 -86 -2 119 85 -114 88 48 117 -105 -13 -34 102 -128 -65 24 117 -9 -112 -9 -35 -72 97 -112 87 -64 94 25 -41 -82 118 -36 -77 3
-94 -52 22 -35 -77 58 -47 80 74 -12 33 20 107 24 -96 65 -3 2 -91 96 -105 94 98 -126 -50 -76 -39 40 88 49 -99 -28 109 7 50 51 94 -47 -71 32 -81 111 -47 -31 118 -40 -92 -116 80 10 103 -86 124 67 -50 -30 57 -29 4 -23 51 -5 85 -30 88 -7 125 -119 -81 20 60 -15 90 -45 -61 27 76 -33 104 -30 -80 -126 6 -103 -13 -75 -48 -101 122 -58 -82 -107 -98 -117 -62 -19 -111 -97 66 40 33 86 -39 -121 81 -37 -70 -76 -32 111 11 -25 66 -6 -128 105 8 71 88 -89 100 68 -128 -19 -78 -43 -113 -20 -77 -41 9 -61 -110 87 42 31 27 -28 -30 116 58 36 56 117 26 94 115 -21 56 123 -74 -62 71 -77 -78 -84 104 82 1 111 -122 -98 46 -27 115 -31 -77 -22 82 -41 -26 -28 -8 89 -33 32 -91 -112 78 -29 -98 93 -81 62 111 -24 -30 42 -9 -78 93 -28 -26 13 -84 19 90 -99 47 89 -118 -3 -101 62 -77 65 -78 63 52 60 65 37 -57 73 -37 -82 82 -43 -58 -55 31 103 -16 119 -46 -95 8 49 53 -105 -88 -100 106 84 40 -17 67 -13 -62 96 -35 -15 35 -50 -46 19 85 -75 4 -87 11 -38 24 44 113 120 60 87 44 -47 110 -114 105 102 -100 -87 -103 16 -73 98 65 -124 -83 -8 -3 114 -127 -38 -56 44 93 -41 41 64 -85 3 -119 79 66 -2 -50 -75 39 103 124 124 14 79 -96 27 31 25 -113 21 -103 -98 -110 -74 96 -80 69 27 -88 -19 -3 -102 40 37 51 -78 -81 -25 -86 43 -64 -104 -124 -45 -16 -42 91 -80 -128 -1 73 -75 9 -23 -105 56 114 -68 -34 72 85 74 55 -89 97 99 109 -121 89 -45 28 92 86 86 -124 125 -127 -42 28 -37 -111 49 104 26 117 86 22 -68 28 11 109 20 68 -63 21 -99 -42 51 2 -49 -11 -10 15 -29 -17 120 100 -106 87 -14 -10 66 -91 -33 -61 -44 -39 -110 51 -62 -84 -18 -62 -119 -86 60 -105 80 -125 93 59 48 -127 -21 -68 -93 -60 81 96 61 82 -45 -119 -61 59 -3 71 -33 95 -1 118 105 -91 -114 -51 -65 -68 122 -56 -91 112 22 2 1 125 75 -56 -2 -59 -85 -70 -33 -62 86 18 -80 -33 38 -120 120 92 102 2 42 28 121 14 -93 113 -26 15 -78 92 47 49 93 104 -52 -61 18 118 -37 60 -7 8 44 -93 -1 -107 20 -74 126 70 -65 1 83 117 50 71 -45 -118 -110 -92 82 -4 89 -3 -59
3 109 110 -101 -126 35 -9 -119 -35 -67 -58 -74 34 85 125 65 -23 -106 52 3 -61 -51 64 -62 80 -20 90 -21 88 19 84 48 74 -63 -106 -56 53 66 120 90 -83 -27 44 13 -34 -1 91 73 118 -63 -125 14 76 84 10 -85 35 4 20 110 3 102 -87 94 -43 24 -82 98 2 -6 28 74 0 110 25 -122 -109 91 -40 16 -23 -88 -20 39 35 43 63 -19 -119 81 15 50 17 73 45 -26 -39 -73 -65 16 92 -58 -119 -52 -50 -58 -36 25 -13 70 -9 -124 36 -68 -13 92 -78 -60 21 28 -60 97 124 -75 37 -19 5 47 18 6 65 -3 66 8 -52 9 -103 -49 -125 -1 61 115 45 -30 30 -79 -35 -35 -110 -101 34 -41 29 -121 48 -3 -78 40 -6 -77 -74 0 18 9 35 0 -109 -105 33 93 117 121 74 -62 76 107 -121 124 -19 101 -107 86 -98 -16 83 -43 113 -78 -96 -65 41 -105 -68 20 68 89 106 9 -36 -120 -48 8 65 34 -52 35 15 -73 -34 44 -69 -17 96 -123 12 104 88 19 -83 87 -85 -57 59 -123 -95 -36 117 -73 -113 -80 32 -99 105 70 32 10 -6 -120 -119 103 -33 -51 86 57 -117 -40 -4 -39 -67 -71 -61 -50 -49 -117 -47 -38 -41 -31 -86 57 -49 92 -43 50 -128 27 2 107 -102 47 120 52 111 61 -86 -121 -59 74 -12 112 55 -11 -51 59 -85 96 -60 42 57 88 -27 -67 -101 53 44 -31 33 40 -41 78 49 23 10 -32 -100 39 44 102 108 -87 73 89 76 24 34 -108 8 -95 36 -78 -125 84 -41 18 -44 50 -124 -85 -47 110 85 60 121 -113 54 -73 71 57 -57 -118 -57 110 -41 71 0 -13 53 85 19 -109 64 -44 -7 -89 -125 45 67 -12 17 -120 53 23 57 -46 -83 -78 99 -52 84 -61 6 117 126 57 -83 62 117 -82 -45 -52 -29 -6 7 -19 -27 -96 -15 54 -20 105 -64 35 -98 -64 -70 -53 -25 -92 114 -113 -47 -101 -77 111 113 101 -115 74 121 -120 -72 49 52 -91 9 89 5 -88 33 33 -3 44 -113 106 -85 -58 -46 121 -121 92 59 1 -34 -99 -30 -16 90 -89 -2 68 14 -67 -124 -45 61 70 12 -29 -74 -35 -54 -13 -127 -83 26 -6 107 -16 6 -86 -66 -49 -103 -103 65 -128 -79 -79 20 54 74 -43 17 -49 91 -16 107 -103 85 68 55 -18 21 4 -89 -2 18 90 -17 124 63 -8 -65 42 -127 90 2 -55 5 -37 110 -39 -4 104 -18 -122 26 102 81 39 126 22
51 27 -26 -48 -51 66 -105 -62 83 -16 98 -19 -101 -9 -102 -99 -107 -110 50 46 -84 -3 32 -102 -57 -85 -36 -81 60 105 52 92 102 9 13 84 -76 34 90 3 -54 34 -13 24 119 10 -39 73 -36 -20 114 31 26 -105 -93 -41 -56 -8 -78 106 107 -17 93 62 24 41 -76 94 -63 -104 -61 -103 -22 -27 4 21 82 -3 -16 57 -108 85 64 -79 8 56 0 -28 94 -97 124 80 -125 -78 -35 -127 50 108 71 117 -22 -29 69 -11 45 91 -94 -10 13 -8 112 -64 61 -111 -62 -54 -56 45 109 -87 -96 -86 -26 -34 -11 57 -48 -121 31 52 80 -96 60 -93 118 96 116 -86 -11 -82 59 -104 77 -63 81 -36 -91 -52 -96 107 40 -50 -49 36 29 -39 -128 -1 14 -125 -8 84 -38 22 104 7 -120 106 -16 -63 74 -63 -58 13 -86 99 -28 122 -37 65 -41 90 37 115 3 -112 -16 84 -63 -38 13 -46 6 -35 30 108 7 -90 -115 108 -20 105 -19 91 99 107 -83 105 -122 68 -55 69 -128 63 -111 -117 -33 91 -5 -14 63 -43 15 -68 115 -48 -112 82 59 -18 -1 -94 77 32 52 -108 -124 75 -69 89 -11 22 61 7 114 -85 42 -49 24 12 24 126 -35 1 104 -88 81 -107 -110 -97 21 66 -55 -23 2 29 -93 -73 -78 -49 -113 -98 -89 -65 37 38 -43 -35 27 -104 31 -90 -20 -31 -121 55 85 -79 71 60 -45 -55 112 72 -15 105 56 45 -107 12 -93 -21 82 -109 -7 -99 -103 -89 -101 -113 -85 -101 -61 -74 124 -19 -41 101 93 -7 -119 10 111 -59 34 39 -123 37 19 -95 -31 -87 4 11 123 99 104 -33 -124 58 -122 26 -51 -83 -72 -83 -98 -40 -113 33 122 115 -122 63 -128 -97 -101 126 -37 -92 16 119 -18 108 40 -29 -62 53 -23 -38 71 -40 75 9 -107 -66 17 -26 17 -93 37 39 16 74 -118 -125 32 79 112 -28 -111 -28 -61 -6 85 32 95 -122 86 -83 -126 -98 -3 -27 122 53 14 33 -48 77 34 -34 82 -70 31 25 -60 -58 -29 -16 83 -88 -65 -109 114 96 -36 -114 30 -50 83 61 59 -73 -5 -81 81 99 -102 -109 -118 65 -100 85 -33 23 106 41 91 44 -74 -63 66 39 -27 -83 -16 -90 99 -16 -34 -54 -73 8 25 -55 33 115 58 -106 0 -119 -71 46 40 70 98 126 -6 110 -76 -111 -119 -24 -106 -55 -25 -101 -123 58 -109 -126 -41 -23 -65 -74 61 10 -112 -93 -33 -36 -14 -123 -71 -78 -22 -4 86 42 -36 -48
-101 -96 59 -44 -3 -87 31 107 -108 2 -109 74 3 -42 -123 121 120 -101 -64 -5 100 114 45 -44 16 14 30 -14 -23 3 118 -109 42 -14 -68 115 -52 -87 -119 -82 -82 111 -91 -118 48 114 -29 -124 104 36 80 -90 97 0 -5 -99 41 -52 45 -17 -94 29 -125 94 -21 -89 -45 -62 27 65 -77 1 17 67 -34 96 94 103 -27 109 86 -124 -51 -46 31 73 -58 -62 64 11 21 102 -35 -62 -118 70 -58 -93 61 -14 -39 -80 -11 16 15 -75 6 14 -4 -94 120 -65 64 -110 -61 -19 -67 8 -73 55 31 0 52 8 74 23 -58 -58 52 124 -112 -35 15 113 120 -34 109 -8 65 13 -116 14 -21 -21 96 -96 12 19 53 -2 40 58 -76 46 -113 1 -95 24 123 -41 -74 121 99 65 41 47 1 97 9 109 -73 75 104 78 -107 99 -90 -82 -36 63 -108 -125 44 55 -6 -103 76 26 27 37 -95 91 28 -18 -94 91 39 95 -125 73 22 14 83 -69 -125 9 45 -1 51 97 -121 -128 48 97 74 107 72 -127 108 -27 -25 23 -41 -46 -53 -15 -65 85 76 9 -92 -72 -119 94 -22 78 19 125 -4 -94 -116 -31 22 26 -93 115 80 -119 -11 -56 33 -67 -70 52 -111 -52 -117 34 3 -84 34 -69 2 -110 -8 20 -45 45 -20 86 68 -119 -42 -96 -54 -32 33 36 13 91 15 48 8 -71 103 -84 46 83 -47 107 57 75 -14 1 116 -118 84 -19 93 -46 75 -91 -93 -33 10 36 16 119 119 8 31 -77 42 -121 63 22 -39 84 -100 -82 0 31 -13 -15 46 94 -21 71 118 123 -5 -104 -20 8 19 -51 -124 5 127 44 12 -62 68 -114 11 124 -102 90 95 -50 -26 -98 61 44 63 57 -61 66 -37 62 -117 118 122 37 125 -107 -14 32 -104 112 -80 115 -125 69 -76 -41 57 97 118 53 -125 -112 -125 -23 -112 -108 -111 114 47 -53 47 -52 69 77 -52 -42 -111 -77 -62 14 31 33 64 97 50 99 40 -109 0 -77 -107 30 51 -32 37 -21 -108 96 -99 -15 -92 -16 107 -26 -24 106 -53 72 -55 38 -5 90 -128 -1 -116 51 -22 -116 -78 -31 4 41 100 -23 84 -52 -64 98 17 -110 4 122 -42 57 93 118 102 110 21 -57 -102 44 -84 98 50 32 7 -104 28 -79 26 -124 69 -89 -113 -88 47 -102 2 53 -110 -26 -94 -67 7 -63 113 -106 -72 32 94 -42 -119 -20 -17 -33 -89 -6 -39 127 31 127 -5 74 -30 86 -21 38 69 116 90 50
-42 109 -112 23 -62 -111 -12 -42 -47 63 74 -108 87 -95 -47 125 98 89 -113 0 49 -40 -4 -111 -55 86 -47 -93 4 71 125 -44 -24 47 -80 -98 -42 68 -78 -87 57 -95 -29 93 -112 62 26 -68 -39 -18 -112 -63 18 83 -86 27 -58 -96 -115 -56 99 -78 87 -111 26 70 -86 64 104 106 55 118 64 -40 -12 -8 34 47 17 120 -62 -122 -128 34 -97 109 127 -21 120 66 62 78 -7 88 61 -20 -52 82 -62 86 -123 -9 35 103 -44 -22 -90 -119 -21 -122 34 -117 9 25 122 -22 111 -25 9 -44 -108 -110 29 -83 41 -107 126 -116 34 69 -31 -123 -118 -21 116 -78 -1 36 -5 75 -123 -29 56 23 -65 -49 -12 49 -126 -68 -78 77 -2 34 -21 -126 -88 -6 72 -50 -29 -20 39 -98 93 -49 -17 87 75 -19 127 71 34 -12 -15 101 108 -64 32 40 61 -50 -115 -21 -71 -21 102 -97 40 17 71 -83 56 58 -1 83 -57 -23 -69 4 -54 -107 108 74 -50 -112 -9 -72 -82 -81 81 -8 -21 34 33 -34 -88 -118 -105 -38 -95 -41 2 4 -31 80 126 -111 -58 101 -116 -10 -53 39 88 79 70 109 9 46 55 62 16 -40 18 -63 52 -47 64 9 71 104 -108 96 47 -21 106 -84 118 73 -73 22 126 -60 -86 79 -16 -128 126 -42 30 76 55 87 111 51 -21 2 91 -106 -102 -38 -53 85 8 14 -9 -106 14 -84 66 -112 -36 9 -56 36 -24 126 83 -127 111 51 -44 114 22 -68 -27 -106 -33 -31 114 -27 -64 -45 -69 52 -58 -48 83 124 101 -53 -108 -110 -52 -74 56 2 98 -14 -115 -114 -62 -35 -67 -73 70 -105 -47 112 116 109 -57 -36 -65 79 104 21 -114 86 127 64 18 42 -98 60 68 -48 54 23 -18 -124 -63 -121 89 81 -54 -115 -31 -89 12 -51 45 121 125 -46 -40 -15 -1 -110 67 -52 -38 14 113 43 89 119 116 -115 -3 -70 -16 116 -11 23 40 59 101 -45 -124 -110 -28 51 -83 -29 7 5 -12 -89 58 92 -8 -6 -77 -73 35 66 63 -85 10 29 9 -70 61 36 11 93 28 50 23 118 117 91 -46 28 -101 26 92 113 -11 -27 -39 -51 -1 -24 -10 40 -122 50 -58 124 29 91 29 110 117 92 -34 -93 -22 -24 76 80 -48 -30 -90 -29 86 125 -118 99 51 -84 88 23 92 -122 65 51 -106 62 -125 -44 30 -119 40 -35 121 122 2 96 100 -92 -120 -2 -58 94 51 14 -119 60 21 122 -59 70 106 61 9 -112 -66 31
-69 70 102 -61 -57 54 -75 -99 44 49 77 32 -108 117 4 -48 69 -46 -61 87 -116 125 105 48 -11 -16 -125 3 88 -85 58 88 23 -119 -61 122 -107 -52 104 57 77 -78 84 37 -49 -10 -59 85 -112 -82 -30 126 38 -38 -78 106 -76 51 57 114 38 42 58 -15 19 21 103 34 -90 -28 108 -38 55 63 1 88 101 -121 -90 0 29 110 46 115 -40 53 -18 -108 65 -38 -99 -67 34 44 49 -87 48 -41 85 -109 83 -76 -96 47 62 -3 20 65 -49 -101 -117 -55 -1 126 -2 20 37 22 118 -22 -19 -26 -121 95 -83 53 83 89 84 -11 121 -120 35 0 -38 -42 108 86 -98 -99 -15 13 74 -49 -98 101 -107 -87 23 69 98 -31 -104 81 -124 121 67 -111 -3 106 -13 -93 -52 113 125 -57 -43 -109 -40 -17 11 -57 60 84 -98 2 -36 -19 -12 -15 30 4 -15 -8 -50 103 -112 44 -22 112 -94 -34 -23 -90 62 -25 -8 -89 -10 -68 77 63 -18 -52 31 122 -35 -81 -118 119 -46 -73 41 -17 -107 114 16 72 -68 -73 -91 51 -31 90 118 -95 26 70 -113 102 -51 107 -81 125 9 86 -43 -107 -2 127 20 -36 76 30 110 81 79 -30 126 -70 10 -67 -75 -61 114 -121 -36 101 -104 109 120 -46 -23 42 101 18 -70 -38 -55 26 33 23 88 -99 71 68 69 -19 79 10 79 -114 77 30 113 -126 -60 -111 81 19 74 -66 51 23 101 53 79 -8 -11 -13 -66 100 22 95 -101 -124 89 -71 -98 48 18 99 -79 -102 -37 -41 -109 11 102 93 21 -84 -64 89 21 113 -68 89 114 39 -92 13 -108 -14 104 -66 42 66 28 86 -33 94 -11 -123 43 -36 -2 -26 53 -111 20 -9 97 0 -51 4 -117 69 -127 -41 -37 85 -125 -7 66 57 -117 -95 53 78 100 -77 81 23 48 5 106 -69 39 -36 62 57 17 -51 68 -89 12 74 107 78 113 89 -82 114 102 51 13 122 -73 96 100 -37 66 -9 11 38 105 -54 53 -22 -128 26 -113 33 15 -78 6 -23 34 -17 25 -106 -111 -93 -42 43 -46 -122 22 95 17 45 33 75 -44 -9 -49 11 -104 -86 84 -66 -123 109 32 -9 -16 85 114 -78 49 -124 53 17 101 10 -117 97 -78 50 28 -42 -77 -8 118 -16 -34 -102 11 58 60 -74 116 125 45 -36 -115 8 -52 -6 30 9 -59 -85 91 -53 -57 -50 6 34 84 -116 -39 -81 -113 106 36 -32 58 -22 35 -115 -57 5 -111 47 4 -81 11 -54 110 -62
95 -34 125 -75 10 -15 121 -105 2 -13 -37 54 -19 -37 -80 -86 -27 32 110 123 -125 -19 -72 74 -62 119 13 -26 -91 -1 -116 -5 90 122 54 -89 25 -50 -47 120 35 116 77 -89 90 -23 42 -49 48 120 -67 -126 -9 49 -89 2 -105 -99 -52 79 8 47 -88 -29 -65 17 125 -85 -65 19 105 125 123 -113 -79 74 -67 -17 118 32 54 6 72 10 -37 -105 -53 -90 -7 -11 -106 -22 71 -17 51 110 -38 -32 -111 -81 50 -103 26 41 -86 -74 -93 114 -14 42 -56 0 -125 26 70 -10 -74 90 -4 -79 76 56 20 -102 -33 -97 -88 105 7 118 0 -75 13 -24 -71 24 -73 97 33 -123 94 57 72 -61 80 -13 54 127 -111 21 -51 19 124 55 -122 7 -126 -43 -32 -77 -9 35 6 -78 -31 -120 27 77 -103 119 -56 -118 -91 -124 118 116 6 -76 78 19 -108 -44 39 45 90 93 -71 100 4 10 -116 115 48 24 -44 125 -106 15 26 -50 17 -17 98 126 -55 121 -28 28 17 -57 69 111 -53 -68 -128 -104 83 -67 -75 37 66 -106 -26 -87 -119 109 61 114 -99 10 29 91 8 -40 -93 37 60 27 40 123 98 -97 -26 9 -7 39 -124 59 -99 64 30 106 66 -36 -5 -40 70 127 101 -21 126 -51 -122 -48 -81 -66 -1 -6 108 -45 116 112 -109 105 -2 45 -54 112 -53 9 121 18 -46 -79 -88 -71 62 119 -32 29 38 -12 -117 84 127 125 64 -123 118 121 51 -24 -61 -47 39 47 32 -87 90 -79 -9 119 -103 39 -36 -98 81 124 -86 -50 -32 31 -19 -81 115 -101 86 -64 88 -4 -29 62 35 93 23 56 -121 -120 107 -41 -1 19 -59 -33 -85 126 51 -126 67 13 -17 25 -119 48 94 13 70 90 -63 -77 -88 55 118 -54 39 26 -111 112 19 -64 -70 -80 -9 -38 30 -73 5 14 114 -82 122 98 -82 -43 -18 105 3 18 13 -80 85 63 -111 97 7 -64 31 -110 8 -126 11 68 74 -31 87 -80 -86 -8 61 42 -46 -118 -100 -80 -84 -93 30 -56 8 -113 -86 -72 -81 -41 89 102 -78 24 93 -123 110 -21 -107 28 -45 -65 83 71 -15 125 -120 -28 -34 28 54 -113 -108 42 -51 -120 47 -98 -94 111 67 127 -85 -81 -4 114 73 81 46 94 -37 1 115 -82 -84 -98 53 119 125 18 -34 -96 -40 77 39 -29 61 -32 -63 -65 -35 -102 -28 90 -71 116 10 71 -110 56 59 -51 -85 -107 -19 -114 60 32 9 -2 97 92 75 117 -62 -123 -119 -109
89 -110 -122 -15 108 -86 36 96 -103 -21 46 -125 -52 64 -94 67 -57 60 87 37 123 105 51 -114 -128 -101 -43 -3 51 27 71 -104 -84 -38 -100 -39 76 -38 76 -24 -103 -14 -95 85 -64 86 72 114 -24 17 92 24 91 119 100 -121 -8 36 77 35 13 102 -128 -124 -44 80 -71 116 122 12 62 73 -19 -11 -9 -105 -85 -54 -25 -3 14 91 3 26 56 59 -56 -2 -90 55 127 -58 -121 34 -109 -116 97 -76 91 61 -81 17 -41 78 81 -1 -43 -39 0 120 -128 110 11 -60 -30 23 113 120 -57 -127 102 9 -91 125 29 91 -74 -20 5 -98 74 -26 51 39 -3 65 -58 -18 -93 35 32 115 7 77 42 2 -105 39 -29 108 -75 -73 49 62 -57 23 -43 -26 75 -6 -6 -86 -124 -106 80 16 -11 -29 10 -77 24 -34 -70 -89 36 23 60 65 -52 11 58 -25 -20 106 -41 92 68 112 78 57 -7 -5 54 66 -14 -82 82 -36 31 -50 -119 94 -59 -13 -40 64 12 115 89 39 55 -75 48 13 4 98 55 5 26 88 -27 50 15 115 -80 127 21 114 38 -40 56 36 9 -55 -77 2 -81 112 -60 -7 57 49 -34 110 70 54 -84 -67 -67 -111 15 -42 -8 111 -38 113 -27 -16 125 78 -39 -67 -13 -98 30 -30 -93 90 69 -109 37 -122 77 37 77 50 48 -14 38 -95 74 81 127 -118 125 99 2 -15 -1 6 120 95 56 -68 -109 -81 111 106 -39 18 -26 -23 31 -120 -70 95 -19 68 78 8 73 107 -66 106 -93 -100 51 117 -90 -32 118 -114 101 -112 44 73 96 -25 60 -53 -24 -106 -98 96 -25 51 110 -36 24 -43 22 113 -62 126 89 100 -92 -45 -87 -112 72 94 68 104 74 70 56 106 27 14 -114 -89 72 25 72 122 54 32 95 1 73 -117 -126 -66 55 60 6 -78 64 -35 -31 -124 125 116 -96 -107 114 -11 70 113 -65 -50 76 101 -22 -62 42 -37 -59 -79 -79 -113 8 -2 -21 -46 114 -3 -42 -105 96 96 -100 11 110 -24 -120 -94 22 -77 -81 67 -5 -12 -27 79 24 -45 -111 -75 -25 -75 -12 -34 -35 32 -46 112 -4 11 -120 -45 -28 112 -80 8 30 93 -64 50 -110 -60 -64 -100 -126 -106 -50 55 -78 -7 80 -119 0 -82 -103 -83 -92 0 105 32 -16 -47 89 -57 62 -70 117 -114 -46 -86 82 73 56 53 73 -30 -116 -114 84 29 10 -101 -39 -20 76 11 126 62 -125 -4 -127 -123 56 13 -61 95 -60 -23 107 106 28 63
-30 -9 -44 -11 -24 -90 -75 -31 17 -70 -107 -73 -64 73 103 -95 -84 0 -114 -46 66 -111 45 4 -76 -15 -57 92 -74 -88 83 -35 -119 -20 -81 49 125 -25 62 63 27 -51 30 103 -93 -114 110 37 68 76 -73 -55 74 45 -100 88 -68 -87 -43 102 104 126 -70 -128 10 -65 -38 -20 48 -29 88 104 -40 -41 35 -16 35 117 14 78 56 87 18 -1 -39 68 -1 47 117 -93 38 26 38 -18 18 62 -97 18 -100 -59 83 -80 -104 94 -45 25 -70 -79 -26 -27 -125 -42 6 118 26 -110 -61 96 18 -47 -1 110 94 59 -22 91 114 116 119 -43 12 39 45 123 50 111 4 117 104 88 -96 2 112 -128 -128 -117 -2 80 90 -115 39 119 22 9 104 -123 55 71 -14 18 -91 18 -62 -50 90 48 67 -83 -40 14 -109 81 -29 2 -108 12 9 -47 74 -60 -127 -33 4 -16 -4 94 -39 -59 -127 -87 -32 -73 -47 124 44 84 82 -25 -126 75 14 -101 35 4 -106 -55 53 31 -114 -18 90 -32 -54 46 -115 106 13 -78 61 117 -91 -3 35 -2 80 -17 3 -44 85 -90 41 -93 -78 -26 -64 -23 30 103 -61 92 124 3 -85 121 -106 101 -82 -5 19 -97 86 -127 -76 98 100 -43 -34 30 -6 22 42 -75 -29 76 -78 -114 45 85 -125 -13 99 -79 10 84 64 -123 -19 -127 121 -46 -65 -25 88 -120 -71 4 -123 -66 -12 -84 108 -39 67 19 100 54 16 -75 123 0 66 -85 35 -89 73 79 -25 -52 -21 1 -11 -42 75 -27 -113 -82 116 -23 -33 126 105 -110 -24 12 -94 118 100 100 -77 -73 60 52 -41 72 -28 -93 52 -25 -5 22 25 21 10 4 -97 -71 -20 -37 -97 30 99 -52 -7 122 -53 -112 109 65 33 127 -92 -29 44 -18 -110 -70 3 9 51 105 -11 14 1 72 71 42 -76 -90 53 13 -84 45 8 -4 120 92 -61 -70 67 43 54 25 -10 116 -34 37 48 65 1 -124 -36 -32 79 106 -42 59 -20 3 111 15 -78 24 -114 114 -71 112 10 -117 17 -114 -17 100 21 -66 106 -64 86 -30 27 54 -56 39 78 66 -67 -86 112 84 -59 119 -103 -113 108 0 -1 34 60 -70 109 -66 -7 -87 -94 -114 -121 26 -34 7 -79 17 23 -56 58 -46 120 -11 -9 -86 77 71 -126 74 -119 -85 20 79 -81 48 -123 -26 8 87 5 -29 2 113 -112 -7 -41 -46 75 51 -40 97 53 -79 -81 -62 -128 -79 25 -128 -91 -99 56 -42 -31 88 -79 52 116 -87
-122 118 23 -8 -4 -116 -110 -50 -25 -6 54 -113 33 -128 64 41 -84 -42 -96 104 73 -53 -80 -9 -110 -11 115 -51 -69 48 59 -11 -63 120 -29 -124 -124 -71 -79 46 -113 40 -81 107 -46 -124 23 79 96 60 -56 -7 96 -124 -20 -118 12 32 99 91 51 106 31 -122 -10 -5 -60 -30 -109 43 0 43 72 -40 93 -33 -109 -74 -41 -110 54 53 -32 50 -23 -118 -54 -89 34 -73 66 122 -40 116 -57 -120 -127 -52 -43 75 27 100 -103 -22 -66 -123 -109 -74 27 -122 -102 121 87 -9 -67 93 106 39 29 49 101 49 -81 82 26 -23 -114 -33 -8 -116 55 48 87 -24 80 -86 -86 118 -5 37 -103 -12 -92 -85 54 33 -117 55 -81 -31 -48 52 57 -67 -18 -127 52 48 9 50 40 72 -104 113 7 -18 -28 53 -98 -28 93 42 -54 17 -76 17 -52 77 -30 -119 60 -14 67 -45 -120 18 119 -73 -38 -5 67 0 -103 29 -28 116 6 67 51 -119 -61 -91 4 72 -29 35 124 -61 45 -89 -15 -14 -42 29 89 91 -107 -25 20 -12 -27 -77 125 60 -69 82 93 112 -126 -100 -11 39 105 22 54 -4 103 105 -82 -86 110 40 -14 108 90 63 21 -118 -77 125 -47 -53 15 110 99 -87 61 89 69 -47 121 90 -39 68 -80 -100 123 -117 45 72 -45 71 102 -13 6 -108 -77 -81 77 -118 -70 46 -12 -74 -119 -81 61 79 11 87 5 -93 108 -69 84 -99 -44 84 -51 33 52 106 40 71 -73 72 -28 84 -52 -19 -26 87 116 46 46 -70 -58 56 62 -94 -50 -71 91 -11 126 -61 47 -66 -98 60 -57 -104 99 20 0 5 -59 116 65 -28 16 -95 -48 33 -50 7 28 -3 5 64 20 -29 50 -59 89 -117 19 -101 20 -15 114 -34 99 1 -116 3 87 114 -47 -127 24 92 -49 45 8 -20 90 0 -99 92 10 -100 -125 -106 11 -93 44 -78 -93 117 27 -107 -5 76 -33 13 -18 11 107 -119 37 -78 -109 43 106 -64 36 94 -28 -90 53 -115 -42 61 25 78 19 48 -33 124 67 51 -30 -102 25 117 35 -100 -77 72 -116 -4 23 89 89 -91 -29 24 -79 34 66 58 -98 -111 -98 -31 44 58 67 -1 -118 106 -9 -38 93 -24 113 33 -122 -54 93 20 36 -116 -9 -1 48 -76 44 -17 72 -17 -13 2 -88 -116 17 -70 57 -20 -39 110 100 -63 -68 -111 -90 -31 92 32 -2 26 20 57 -15 127 -42 18 91 100 54 41 24 58 69 -95 -91 -3 -62 38 -31 -46
34 -110 125 -93 57 106 -11 -126 -92 -52 -3 -86 25 -21 -114 121 120 -66 115 -52 -70 -91 -52 33 20 103 122 114 85 37 -81 -82 -62 112 94 122 60 -32 60 28 1 -65 85 95 40 124 111 -71 79 96 -79 -61 -26 63 114 60 -106 -16 -108 14 -37 -19 73 -113 -87 118 25 24 -9 -108 57 48 119 1 107 -39 -5 -44 -71 -48 -2 -24 -59 -22 98 -61 97 124 -16 -85 -52 -52 -71 -74 -26 97 -124 -29 -127 74 -95 91 16 -8 15 -4 -116 111 72 108 -67 3 -120 -34 -79 64 -1 -95 1 -15 -49 -115 -38 -5 12 -94 116 -30 49 70 -32 78 116 74 41 1 5 -48 38 126 19 -31 -27 74 29 -69 113 10 92 -45 6 -13 -19 -125 -116 -105 -114 -64 -99 47 26 32 -33 -94 26 -75 101 -85 -126 -23 58 -16 0 -41 36 49 108 -75 124 65 -77 -67 -75 -89 47 -45 -7 114 -64 -68 -76 3 19 -24 -90 78 26 34 117 -62 120 -103 -104 55 107 -126 76 -79 -6 40 107 -58 17 -112 -69 -13 -90 30 -90 -1 89 110 -66 121 -103 -71 83 27 86 18 -110 -28 60 -12 -74 119 5 97 45 -2 64 -90 -9 -92 -69 78 -41 42 -10 -10 -119 18 -120 35 116 -93 -33 -53 59 125 -12 -24 -105 -12 44 100 -89 17 -49 74 65 16 42 -23 106 70 89 -76 84 28 108 99 -29 -103 -76 -102 55 1 -115 -43 24 38 -65 -92 -20 -65 -69 113 -66 103 127 -99 -79 -43 -8 29 75 -43 103 -76 -12 105 -92 116 -107 -9 68 12 -15 126 -109 -99 -72 -115 61 -75 16 -5 71 -18 -99 -79 30 -93 -48 2 -57 92 -61 -97 -67 -92 -10 -113 7 54 -11 119 -122 -122 -9 106 -107 46 81 -70 21 -87 -45 0 -114 -9 71 65 48 70 17 82 -67 -23 14 79 -45 65 -89 -44 39 -78 58 -30 77 39 13 -12 36 -47 122 -114 -37 -115 33 111 -48 24 34 125 -88 -66 92 -125 52 -60 -76 1 22 27 17 29 -81 -27 -109 63 -21 91 -97 86 -65 91 81 -60 80 47 20 38 43 4 105 15 116 11 -88 -43 4 -2 68 51 56 27 -78 -128 -13 45 2 -15 115 -124 -85 -24 -56 -85 -117 -5 -41 25 -21 -97 101 70 -125 -14 -75 -24 -71 9 23 -3 -65 -80 -63 -66 18 -14 79 77 -97 57 70 -117 -91 -40 -73 98 86 67 -53 25 -74 106 96 -3 -37 71 -35 -108 -68 -112 97 7 119 -37 -123 78 78 -88 -11 -87 31 92 27 20 -34 -62
-66 -14 -19 -13 -38 55 -28 58 -19 -73 18 39 43 -124 -96 125 99 -9 -89 -19 -71 37 33 -18 105 -105 -9 115 -54 -55 72 60 31 -38 -31 -127 83 -112 53 87 79 37 49 74 -29 -112 -72 -61 -63 45 51 62 37 -40 -50 14 -68 35 99 -52 5 9 121 -88 -14 -17 -5 85 -47 -21 -48 -29 11 -68 81 16 -24 -117 96 -14 16 64 127 118 -42 118 -1 -36 -79 5 122 -16 -36 -113 -49 -105 37 -68 95 -53 108 -31 -10 -39 4 57 -91 -62 -77 -16 59 -37 -62 -108 -52 -80 54 -90 -75 -16 -84 7 -122 82 -108 84 4 -35 95 -1 -95 -128 -78 -112 52 1 -78 -20 56 -59 29 -53 122 24 43 -89 -13 17 33 -114 44 -115 -96 102 89 -37 -33 -27 -20 -117 -55 117 8 121 -11 -57 -123 -37 2 -124 -57 -113 -17 -29 113 80 -84 -19 -59 -11 0 -111 -31 -59 -98 91 -126 37 52 92 -117 -100 -63 -122 -26 94 -119 111 -1 102 4 15 -115 90 88 -123 -98 -123 25 -87 -22 -78 46 110 17 -124 106 -36 61 9 30 108 46 -14 111 48 9 -63 106 -66 -43 87 34 -120 115 -102 30 90 53 89 -125 75 -62 -61 79 98 42 -81 102 -29 30 87 -106 27 -85 -117 -84 99 69 -84 91 -96 80 -22 6 104 -13 7 82 -112 24 -70 106 69 -112 -59 -52 -53 -14 92 61 -108 113 -51 -66 1 -31 98 -16 7 -93 40 -47 -28 -127 114 -97 23 -22 109 -4 -82 -37 57 -115 -7 -120 -35 34 -73 -16 -88 -22 -82 -80 -81 14 -117 103 44 66 81 -39 -7 -76 -81 -9 -98 -1 1 95 -9 105 -23 -41 64 -61 -68 -77 55 26 -125 111 -77 93 78 -16 -87 112 -45 40 114 -14 -51 -10 78 70 91 -82 -96 -127 -14 -94 87 -71 57 -119 10 114 -59 98 -87 68 -51 74 -97 79 -71 -101 -111 45 -7 55 -25 22 127 -2 31 5 -82 -27 -92 -128 82 49 -116 -122 -58 -94 12 -27 -8 69 -89 -16 -90 95 -67 58 -48 93 -114 -46 55 81 102 -50 76 -29 -30 -104 -88 -128 98 2 -2 -99 88 -42 -108 106 12 -68 -125 -64 121 40 120 102 -68 -118 -4 -104 97 -11 53 -31 126 95 -14 15 74 -8 -52 84 -67 118 -26 4 -16 99 59 115 63 -121 -30 -78 -21 -92 125 123 -88 -64 -14 -32 -80 3 -58 -16 -110 -91 -84 -26 -10 -108 -126 17 55 11 27 -109 -54 71 53 62 -115 118 -62 -34 115 106 -37 -18 123 -30 63 -13 -85 44 71 -72 56
-26 -40 -117 70 -74 -113 109 -98 -68 92 -15 19 116 -52 -122 -89 -39 81 -71 -1 -58 -81 -33 74 -117 -123 38 17 61 -18 29 -54 -77 -65 -88 83 -19 103 31 -70 126 64 56 -82 68 -45 -57 12 -89 -127 -107 44 113 -100 -90 115 30 84 13 -97 -105 44 55 106 91 94 46 -56 -55 -20 -27 -41 -6 -111 53 -101 -48 -69 108 -106 113 74 40 -24 -26 110 106 46 49 60 25 -21 -23 -31 102 -71 -40 80 -116 20 99 50 0 -126 50 -10 -30 -3 15 -93 -82 -34 -58 -55 96 -50 80 81 4 110 -100 28 -44 -41 -45 29 91 95 37 91 -120 47 -3 52 -2 -122 22 -99 -78 -76 38 -82 -22 50 64 87 56 -35 -104 -116 83 107 5 3 -38 -69 73 98 -12 -102 -67 -46 19 38 58 -14 -101 25 105 64 127 -76 24 -47 -125 29 -110 -119 -69 127 -128 -90 114 -83 46 77 125 -36 -125 3 -97 -126 -18 67 126 87 45 -103 72 9 -73 -4 -96 -4 -71 37 -18 -112 -84 -69 -27 -100 54 -15 11 -127 24 117 -69 75 -5 -42 32 -62 -89 75 -79 57 19 51 -48 121 -41 116 78 -123 93 10 117 -89 -93 -20 -25 -18 19 -89 5 12 7 97 -43 -20 -99 -6 86 3 65 87 13 -23 7 82 47 42 31 -35 52 36 118 -82 -110 -108 10 -105 89 -59 -71 -95 -113 -128 -116 75 60 122 -74 -128 -123 -53 61 4 -37 79 39 104 78 39 64 16 -37 115 -73 -77 -13 -31 22 -16 4 -41 -4 81 11 -54 -65 117 95 0 55 -71 32 104 107 79 72 50 -97 20 -77 101 -76 16 -22 -127 0 45 -41 77 63 95 -53 -36 -128 -11 104 -58 17 102 124 33 65 112 -7 17 13 52 121 64 95 65 -26 92 -26 -6 -57 -40 67 -44 21 -90 -34 -128 -21 106 30 -12 -79 -84 23 35 114 -123 -44 -33 -106 -113 97 14 104 -40 86 -45 94 14 -37 -116 122 -4 -124 -51 69 -81 110 -16 41 89 53 96 -115 -29 56 84 34 77 -107 -121 77 -86 37 38 -17 -26 -54 9 67 -45 80 -55 -55 69 77 -122 -67 16 -126 -14 81 -122 31 -122 -18 119 69 -67 -116 -67 37 27 74 -101 -100 83 -52 -34 -61 30 46 33 -77 69 104 78 -100 1 110 -39 -16 80 -67 81 5 -66 -96 116 79 127 -89 -106 -62 102 9 52 107 -113 -13 104 -12 31 107 -47 25 -73 -96 -93 111 117 -95 -35 -94 90 -102 -8 1 -67 -53 115 53 -113 -116 -50 -82 81 -15 -68
-115 35 -86 72 53 24 91 90 28 -58 -91 101 31 -78 94 -46 34 -70 36 40 -37 9 72 28 -74 124 -65 -80 15 -8 -84 -118 -78 90 116 5 46 90 81 41 16 14 90 127 13 -88 -53 -84 -89 48 23 127 127 -101 -123 -32 -27 59 -37 -24 -39 113 38 60 125 -5 -7 124 35 55 107 3 -84 -42 78 47 -43 21 -99 12 -83 91 -53 -27 -94 -64 -123 -119 -118 -19 10 118 108 88 -59 52 -55 -99 85 27 -32 102 34 -9 -46 -111 -33 111 72 26 -55 24 126 -86 -82 -54 85 -102 -81 -26 -96 109 -7 3 -30 34 -95 -66 91 -47 -110 125 38 -48 -85 -59 -59 33 -60 103 56 -21 -127 82 -105 16 -127 96 78 121 -79 52 121 -1 -105 -114 120 9 81 -12 73 -10 -57 -37 119 -49 -20 -14 -3 -20 -47 92 23 109 4 34 -113 22 63 -2 -114 100 -108 -6 38 -34 -73 -109 -103 -11 76 78 3 -13 18 -64 104 -100 -93 69 68 -34 -74 3 -68 93 40 -119 -17 -105 26 -41 -125 -106 -31 93 -59 78 13 -26 -49 42 2 -17 -62 90 -30 122 -48 -81 76 56 -19 -108 -86 -33 -9 53 48 -32 -9 55 55 -115 -41 -11 24 -36 -109 110 10 90 -71 -49 -94 80 -103 49 52 77 73 7 117 -56 -55 2 -36 -90 -21 -116 84 -15 118 98 116 0 127 96 29 81 30 -102 79 27 -114 65 -101 99 -76 -19 -28 -12 -63 -69 -79 -81 29 42 -23 -36 86 46 39 -28 -62 53 111 -35 33 24 17 -89 26 9 16 53 -109 4 -22 126 6 -29 14 -53 102 74 95 -55 -32 5 115 49 -92 76 54 127 11 -88 108 -125 -71 -115 24 85 -125 97 -71 -127 64 -31 -50 97 100 -66 45 119 -113 -107 91 126 -51 110 -88 -16 66 -22 37 44 -70 95 -25 -101 106 68 83 -17 62 -99 26 99 -94 -76 -89 -2 -38 28 1 -52 91 40 -116 11 67 102 -127 76 24 14 -69 63 31 94 107 14 91 -33 2 -26 -9 -114 87 72 100 126 -123 67 64 69 74 -9 64 -3 -21 109 114 -124 80 -108 -11 -121 53 24 76 54 108 84 87 127 -76 -31 -62 -60 60 106 32 -107 118 -4 75 93 -105 18 -117 123 118 -57 -124 -7 58 76 -10 -5 -30 -77 -5 15 123 25 73 112 -88 -58 9 34 78 25 -13 44 36 -100 44 115 108 -100 -50 75 121 97 33 -96 23 -23 -121 -58 97 73 117 38 83 -118 93 5 91 125 79 125 -78 -20 -56 -38 100 -63
112 16 4 -84 23 -91 19 110 -56 119 103 -106 101 -67 -21 23 100 48 70 -31 -2 -73 40 107 88 78 57 46 -7 92 87 -59 29 -71 35 32 2 107 -88 -42 32 -118 12 -127 2 -21 84 -30 -53 -75 -17 127 -126 -114 -123 -14 24 99 42 85 12 -118 43 -87 33 -118 37 26 72 99 110 -90 -125 3 -127 -13 -16 -66 -89 70 -65 -34 1 -87 -1 -115 42 15 -83 93 25 -51 86 124 -84 80 -75 3 111 120 101 -99 -70 -106 78 -115 -106 32 42 -108 108 -118 59 67 -95 -82 83 -83 -86 31 51 2 -109 47 38 -39 -108 -118 -43 -35 72 116 -13 99 19 -78 -105 108 -97 16 109 -61 84 34 103 21 -4 115 60 0 14 98 -81 -99 -7 9 -59 106 -95 50 -31 76 -32 79 6 -46 10 36 39 124 63 -82 29 48 60 96 -36 -121 -57 -15 39 -97 4 33 78 63 61 56 21 104 -123 73 -28 -39 -104 108 -38 -62 -100 85 -67 72 116 -126 -95 53 62 -35 91 5 -33 -21 -20 -126 -81 34 -72 -25 106 -22 66 -91 58 -22 -107 70 28 -88 108 -17 2 11 -34 9 64 -19 1 73 74 14 -79 43 104 -40 -88 -96 -50 -15 -66 45 -46 -33 -77 -30 1 61 90 124 -26 -116 -73 74 124 -5 -91 -54 62 71 47 -42 -1 11 -110 118 124 47 -67 -40 -64 15 -97 -30 88 90 -128 -112 -119 93 17 -109 -30 83 84 -110 31 -118 -74 -90 -33 25 -50 -87 5 -111 49 28 40 -63 112 -71 -104 -6 121 15 -116 -1 -33 -22 -6 19 3 -39 -29 -65 35 16 -11 -80 40 14 -16 -73 -62 44 98 -21 81 54 22 -112 -87 -43 70 -69 80 109 -15 95 74 -2 -29 -10 6 76 -71 -40 82 -41 113 -87 96 32 8 -39 -60 -33 83 -17 113 21 89 -39 -19 -4 -94 -98 1 3 40 -34 70 -104 -44 61 18 73 -74 88 -14 106 53 117 -14 -59 61 80 -25 -84 -35 -124 -125 124 -19 116 -108 -87 -6 -23 56 75 8 -16 37 -123 61 87 -110 -120 5 -100 -32 -103 6 27 -95 17 -23 56 122 -19 126 -100 -38 69 16 18 30 121 116 -60 26 -126 103 37 -58 -116 -80 -121 -63 112 12 -117 -98 19 -99 70 66 -71 49 -24 53 -87 65 99 -119 -23 -20 -126 57 88 5 -117 75 29 -34 34 1 -5 7 -53 62 16 90 -101 -39 -100 30 41 117 2 3 -83 -17 40 -61 -90 21 82 127 -67 -31 66 47 -2 -8 110 23 24 92 -121 -127 -81
18 123 -6 -31 -60 82 3 84 89 1 70 2 -24 108 8 -52 -68 -114 51 -47 80 -13 -39 -37 -2 18 -98 -53 -24 -16 -14 96 5 -7 -106 -3 -63 -38 47 34 79 -76 -124 -116 -36 60 -100 0 -43 -77 -107 -5 -116 1 -60 -99 -94 0 120 -115 -67 79 -106 16 -75 -45 120 36 31 85 -119 -45 25 -108 82 41 -21 -127 -64 44 103 -11 -17 -100 24 -78 -26 54 122 -69 -31 54 43 77 94 -81 8 76 -122 -94 66 102 10 63 -7 13 117 119 93 124 -1 -27 -99 -126 -86 -81 -105 -76 21 52 -41 -71 18 5 113 -25 -36 -53 76 7 8 -68 95 16 41 59 -111 55 99 17 124 -80 -94 13 -105 -60 -128 -84 -67 107 -77 72 63 -119 -61 15 -103 105 94 94 -119 -96 -102 27 64 -121 17 -76 -79 -22 -100 -113 73 125 13 17 113 -111 -85 -127 0 -65 5 22 -86 63 -40 22 -106 13 -13 61 -70 -115 -44 80 35 -95 64 -114 49 85 23 100 95 -24 6 -34 10 106 -123 -111 -11 -96 -81 77 -81 115 115 65 10 -43 90 60 -99 -72 84 -72 16 -98 48 5 10 -7 106 5 42 -122 39 49 -93 91 110 -83 36 -25 9 53 -1 95 22 -35 -19 -128 -73 22 14 -67 -21 -128 -57 100 111 38 -66 4 48 -62 -34 -51 -84 54 56 -93 70 -61 -74 -123 -69 5 -20 -122 21 35 -96 52 -31 30 46 -40 47 27 32 -51 120 -98 82 -98 44 120 122 78 -68 101 -45 -11 -48 77 -83 64 -6 -95 42 -18 94 -83 -108 -61 -126 59 70 -66 -111 95 41 107 54 -84 50 -86 -58 78 -14 -72 76 -82 20 83 -78 -5 42 96 -84 -47 17 126 -126 8 -47 -53 -67 -68 127 62 82 111 19 -118 -35 -117 83 115 7 56 -92 109 81 -70 71 -24 22 -4 58 61 72 -79 88 -5 41 99 -67 -30 58 -45 -103 59 44 -38 -3 5 -128 -25 10 108 44 87 62 -9 -79 1 67 -97 72 82 68 -77 -66 2 -123 -1 104 -91 -12 116 83 -120 -5 -63 -78 -53 102 -37 61 68 62 -35 27 115 -56 -4 -115 -120 -23 -127 68 -48 -97 13 70 28 110 86 117 -122 -17 -87 120 32 41 -96 65 -25 -66 82 113 62 121 -55 92 -47 91 -19 -127 43 25 8 -43 -40 89 -47 -49 120 42 63 59 -92 -1 -67 52 100 31 75 62 105 -101 -44 -114 119 -89 -50 127 58 -36 53 82 72 -99 -43 -56 29 71 58 122 121 -69 109 -49 -123 -128 -81 -55 120
-74 122 -86 104 -98 -118 73 3 -38 -106 79 113 -16 -4 16 -23 60 -77 47 -39 8 86 -60 -89 -50 -89 51 110 10 -3 63 36 -128 -72 47 111 1 101 89 97 -84 98 23 9 -7 124 112 -65 113 0 -2 109 69 -113 27 102 -10 90 -35 49 9 -91 77 14 -73 -93 34 115 -46 127 -127 50 -27 113 127 -109 -41 85 67 -30 90 113 64 94 -12 -70 118 -116 -54 -7 -24 -17 -95 21 70 106 51 -70 103 94 -51 39 -102 124 -11 -10 124 -62 74 -8 -56 88 -122 -98 -12 65 100 114 103 70 7 102 12 -16 -6 -74 44 -67 35 49 -39 66 59 17 52 77 -8 32 -8 82 52 -6 79 16 -7 -126 125 62 79 -74 67 -62 -121 93 63 113 8 -80 112 -61 0 101 39 92 -18 54 -99 -93 -89 -52 -7 -95 5 122 -114 -87 66 -34 -39 102 -125 102 12 -111 49 -98 -14 -113 -42 11 47 120 54 89 -104 -20 99 91 101 -68 42 -77 58 -30 67 122 -26 -40 27 68 -128 68 -61 -36 -88 -50 -92 -6 -59 96 -38 114 -72 -21 -65 49 -34 50 16 6 115 123 -80 -48 -74 87 126 106 -54 127 13 19 -94 67 -70 -50 -14 108 22 -62 -19 121 -42 54 19 30 -18 -123 -60 -104 -99 13 -95 44 85 -83 -12 95 108 -58 4 83 -39 -22 -71 58 -17 -112 47 -52 -101 110 -128 69 -46 55 -83 -20 80 -116 21 -109 79 125 1 81 16 62 -76 -115 107 22 -112 25 58 56 -112 -106 35 -121 68 -63 82 67 51 100 68 -10 -87 -9 -26 109 -61 108 -109 9 55 -58 33 95 -123 11 68 -115 -58 -48 67 -121 38 -85 -31 -63 66 -80 -98 -128 -121 -125 63 25 -47 92 -70 127 -26 -79 43 -51 -48 -57 5 -4 -93 -30 -27 -90 62 22 11 -29 -98 -118 4 95 28 40 -65 77 -107 -45 -97 -103 -37 83 -96 -64 14 108 37 -24 5 11 51 13 -31 -65 75 -33 -58 -74 -12 -86 -128 111 -2 89 -74 -76 -54 59 -76 19 125 -42 -100 91 97 -45 92 -101 37 61 107 12 -25 -123 -43 7 -106 82 86 -46 -56 -108 12 -91 106 64 125 38 -19 -64 -1 5 84 20 -114 -47 -126 -68 94 83 -42 26 -65 55 -70 94 -75 23 -14 -73 24 36 -61 23 40 -29 91 -116 -97 -9 59 -12 14 -51 5 118 -90 33 -13 117 -40 -28 100 123 52 7 -6 66 -74 -39 -88 -41 -92 113 -125 -59 60 -95 -58 24 -95 16 -76 -10 -121 -106 -59 -32 -81 -3
-79 8 40 -124 -83 -100 116 -113 -106 -44 12 98 27 -34 20 -50 -11 85 -77 -21 19 -12 55 -36 -21 82 5 -2 109 3 75 -63 -18 -76 100 21 4 -118 -23 31 -111 54 -73 30 4 64 71 -68 111 25 -25 -5 -44 -17 -7 -122 -21 -50 113 52 117 -91 -83 -39 -105 -13 82 127 -46 -15 18 48 -4 42 -126 -116 70 122 100 57 -122 78 -88 57 24 -35 104 -41 -9 46 78 -43 -69 24 114 79 -27 70 -108 -86 51 -109 106 -117 102 8 -27 -78 -50 22 42 88 105 1 -85 17 99 -4 61 70 31 84 -24 43 -77 40 -68 16 46 -63 -10 -32 -101 41 -75 56 -21 -25 60 -39 -45 28 47 -121 68 50 -59 27 -17 7 -83 -72 -50 34 70 116 -122 -36 124 -18 28 58 -33 87 -1 7 119 44 89 18 34 83 -17 94 -44 -115 -32 -109 4 -63 -63 79 20 -78 -23 90 -111 -79 121 117 -45 -93 113 -98 -97 -40 90 67 84 -29 -80 109 -119 22 93 11 125 71 -69 -44 -76 -89 109 -89 -10 -39 78 108 -100 -10 -95 -2 115 62 -77 38 0 -51 -58 -59 -41 19 119 33 -17 111 9 57 -33 -89 -115 105 -41 103 5 -68 -91 -15 39 -128 70 -45 -45 -106 64 -64 -44 65 -58 98 -92 89 -63 -21 6 23 -54 -43 99 53 27 57 -118 -48 9 81 -11 -102 106 10 59 46 119 -87 -119 -101 -68 -73 -24 -25 23 -80 87 -95 86 7 77 -121 -82 -50 35 -124 2 -113 -9 -128 66 65 71 12 65 -29 -32 -80 -39 -84 -42 -42 -41 -18 -61 36 51 -72 78 -12 -60 18 -79 -102 41 60 77 -30 -14 -115 -84 -4 -114 42 -102 -117 -81 14 -116 -6 -90 -55 -103 -123 18 -60 -102 -113 43 35 -36 -55 56 8 56 -76 -9 -36 -18 -106 -11 78 -114 111 -28 13 -50 120 86 -118 93 85 -30 -58 -120 89 116 -26 116 4 96 -112 35 56 -103 -3 -61 -54 -88 -17 -6 -49 -5 35 93 -93 -8 -90 -9 -14 68 91 -69 56 -71 -42 -24 -40 77 -102 -20 45 27 -3 -114 52 -27 12 -104 -84 67 -43 -64 -104 110 117 -101 114 38 23 -29 -104 4 76 -84 -3 -65 113 -22 -108 56 5 11 108 -5 60 22 -100 -13 -90 106 11 -83 63 -4 3 70 65 84 59 100 -81 85 20 -63 -39 -112 98 -57 21 72 34 -41 -89 14 39 16 98 -50 -19 -94 -69 76 -32 100 -40 -53 -118 92 -86 42 69 78 20 83 -3 -57 60 -40 -26 -54 -102 5 1 64 -116
70 -65 39 122 -24 50 -111 -20 108 -6 6 45 -96 119 -48 8 -78 -116 -89 118 19 -89 -76 -90 -2 5 91 58 -122 -93 124 -83 78 -89 -123 77 42 38 -113 117 -24 -42 51 36 98 38 -89 54 32 -98 85 54 -103 -13 -116 -22 102 -87 86 1 48 83 82 -35 -99 -54 116 27 86 -76 86 30 -33 -16 -14 37 64 31 -30 -124 1 -118 -101 0 44 87 -99 127 -106 -73 -31 -77 55 82 -124 -36 68 -86 -86 57 86 7 -121 102 -53 83 102 -27 51 -35 46 -124 -125 23 -55 88 -60 -69 84 122 42 121 8 -66 -43 93 -25 5 -83 -12 119 30 -103 -30 54 112 1 63 98 -75 61 88 65 -50 93 49 -116 -92 53 39 109 -37 73 96 -43 -34 -7 -69 102 -118 -63 68 -102 -76 -63 5 77 -10 17 95 -82 -44 -55 35 -73 -45 14 34 98 -31 -57 45 32 -22 -110 -29 97 -1 37 108 120 -9 58 -14 -101 59 -25 26 122 83 76 1 99 75 -103 106 -9 -113 -77 48 14 101 -74 -73 67 -15 17 -71 51 66 -22 67 78 35 -94 3 -42 -24 95 34 -75 119 -88 27 50 -29 61 46 92 -122 -62 44 -69 28 38 -12 -76 -40 88 7 -7 126 111 78 12 114 21 -43 18 -47 -85 50 -55 -110 -33 72 -118 81 26 75 105 -22 -15 -118 -95 104 87 -4 -4 -33 -39 -56 8 -48 -50 86 -127 115 93 -7 -48 78 -16 91 2 11 8 12 -25 41 -40 -65 -109 13 76 -56 86 -93 -80 -88 37 -42 62 -65 -86 -55 -1 -53 -18 65 -77 123 11 -126 1 -77 13 -4 77 -51 0 -31 79 -112 -65 -74 -6 -83 23 115 -17 78 112 82 -103 -119 -9 -63 16 -108 -123 85 48 -106 -90 127 -27 -49 123 -42 -111 103 47 -82 -9 28 88 -65 33 84 -71 127 80 75 -18 -50 -95 -97 -87 56 -25 -10 -68 -120 29 -74 60 68 -14 -44 -112 -118 6 108 119 -73 107 103 26 -85 36 -72 -127 -32 47 -114 -14 -53 26 61 -14 1 38 103 -93 -120 118 53 -92 2 -111 -5 26 43 38 65 -91 49 -53 -19 -12 82 -18 57 -75 -59 -66 118 -83 -13 114 -42 -113 -119 21 -122 -9 -33 -18 34 -118 87 45 67 -36 89 -86 72 -77 -61 -49 37 115 13 -82 -56 54 92 43 -96 69 -123 -123 96 -106 -16 99 19 -42 59 3 7 127 -15 -72 109 35 -15 -114 11 -84 117 59 -78 -88 -43 34 -7 -113 37 65 -82 123 101 56 127 34 96 -94 5 119 101
-81 -93 -33 98 70 93 -45 -114 -87 120 98 -69 -30 70 -16 -57 -90 61 -124 -2 -25 108 46 -94 -56 -71 18 71 19 64 -68 5 -20 -104 -22 -96 -101 29 93 85 -111 -16 72 -56 -128 86 -123 60 -4 55 93 105 45 -104 8 89 -88 -22 -83 -66 -34 43 13 -36 16 33 -9 -52 -27 -82 -55 -123 -32 38 -82 51 122 -71 -72 45 -77 -70 93 21 84 61 79 -87 -32 -83 -102 71 102 86 -36 49 31 66 21 -79 13 -90 69 34 -104 -8 -76 -103 28 110 43 -37 63 -30 98 89 65 -122 82 -108 14 -36 119 -35 119 108 -46 -98 121 83 -65 -69 -115 -23 125 -100 54 -94 -116 -107 83 -77 89 -84 -128 -67 -84 109 -76 8 -46 68 -32 61 -40 99 33 69 25 2 96 -52 25 67 -42 -12 -128 -104 50 -67 -79 -68 2 -13 38 121 -85 -98 -97 -14 -28 -67 3 125 -47 -64 -31 -81 105 73 48 1 -28 94 -79 -56 127 -60 -118 11 -3 -126 -89 -66 -73 51 -43 -8 -124 -104 -28 61 120 89 -55 101 -108 3 -126 87 110 43 84 -27 -82 81 -96 -13 18 -118 -39 -109 -80 11 -44 31 -3 120 -58 -59 -59 -66 -32 -30 107 52 42 -127 36 -24 -96 7 48 -112 -93 67 27 -74 35 119 -89 -97 -38 -48 -61 -42 27 92 37 1 -51 -124 114 46 -27 -122 -111 -74 -65 -7 -72 57 112 87 125 32 -95 -7 -105 -31 95 110 77 -55 -122 87 28 9 -118 15 45 -79 112 51 -14 111 87 -22 -4 0 45 -57 50 66 -31 63 67 -45 106 -111 116 93 61 -124 -97 -44 -96 -126 -99 -36 -80 41 -66 -79 80 47 27 -63 121 14 102 18 -54 91 -107 -124 126 28 119 58 14 55 -97 -89 2 -84 4 80 89 0 94 118 96 122 -1 118 -26 36 -30 8 42 46 77 -89 41 -59 -41 117 -36 -45 -61 -125 74 2 37 -25 -63 71 -25 -50 51 99 -56 55 125 -41 10 120 62 72 71 -88 115 50 -25 -21 -116 40 86 107 27 -78 -78 85 -73 88 101 14 -91 -5 48 -54 3 116 30 -79 4 -42 110 -62 -103 -57 28 32 -30 -9 -51 22 -62 23 -53 53 -46 36 93 60 83 58 61 78 76 3 15 -106 107 -12 -103 53 -67 43 98 33 37 -21 -88 81 10 77 -9 -23 32 71 114 -52 67 -82 -25 102 107 -25 -56 -87 59 123 -68 -17 108 -39 -80 -20 47 -56 -57 -106 -62 -73 -3 118 31 2 37 -32 50 -31 74 38 116 22 -101 -38 -81 -29
107 16 108 -4 -4 -8 -79 -93 -32 -80 82 -126 -8 -110 27 124 -24 0 5 84 -81 81 22 -117 102 -2 104 68 126 104 -18 -114 -105 -97 112 24 -56 -28 95 32 12 89 110 -61 49 -29 -112 40 14 -10 39 94 -118 34 102 80 -85 -35 13 -60 87 -106 -127 25 -69 -84 44 104 81 -102 -62 119 87 -45 -31 112 95 -102 -48 -26 -97 56 -121 106 90 90 65 60 113 -70 127 39 21 -35 5 40 -49 84 -19 -11 120 -83 0 -67 56 38 66 -37 30 -116 -43 -23 83 -16 -23 27 29 -73 -103 39 38 13 127 -31 4 -77 30 -44 -109 104 -98 -104 109 -64 -10 84 -82 -81 18 -57 -115 4 -40 123 -87 -28 52 62 86 28 -31 109 65 59 5 -44 54 -73 -69 -15 -80 -76 108 11 -3 81 -79 -108 9 55 21 -85 112 123 -72 -84 -28 -107 7 -35 11 44 81 8 4 -30 89 -8 -81 23 -84 1 4 123 -103 -29 -78 -32 67 -57 -5 -86 -49 -43 116 53 -119 -91 46 -112 -30 80 18 -79 83 -11 -19 -98 -28 -31 37 -49 -122 -6 -84 -49 48 -127 -37 45 97 66 91 111 -6 86 86 126 -120 106 11 -108 92 116 -26 -81 4 -76 -72 -61 33 -119 56 -93 95 -41 17 -59 96 -55 122 -113 30 115 123 61 83 -5 -43 78 -73 84 111 -58 -115 47 -97 73 -49 -27 -122 63 53 -96 -122 -2 76 127 -16 -32 -45 -39 67 4 -57 124 -70 123 64 -43 36 -97 93 79 -16 -36 -86 -75 53 102 103 81 -56 101 40 37 -60 65 -30 -37 9 0 96 55 17 -122 -66 67 -37 -34 81 -72 2 -27 -84 83 -108 -10 103 -17 -23 117 5 -106 -115 77 62 -54 -20 43 -20 75 -101 -98 -109 125 -29 36 35 74 -72 25 23 79 -55 -39 68 -34 109 107 25 58 -65 55 -91 45 107 -4 -75 -45 79 -98 123 -115 113 -80 87 20 -126 -40 38 19 -91 -117 -115 -37 53 -46 87 -52 -63 11 9 -87 -69 69 45 -57 9 -113 74 -77 43 115 -12 -100 69 -9 43 -24 9 -37 -78 101 20 22 -119 -85 -74 104 45 28 -126 -54 27 -115 26 -4 -66 -11 -75 -44 103 -87 23 -46 -32 106 45 -60 -1 35 -55 -114 17 104 -95 -117 109 102 -61 12 93 -42 2 -116 74 -125 19 55 -87 107 48 -63 54 -16 53 -93 30 -91 -73 110 18 -116 -99 55 79 -51 -120 36 6 51 -96 -2 -128 37 101 -83 -82 -17 81 -98 24 -116 -25 27 44 -48 79 -32 -96 -48
70 -103 -106 -80 105 -86 -66 -33 30 -46 -81 -50 21 -88 89 74 -10 -55 -89 -80 54 97 -76 23 84 28 99 -73 13 -43 -18 108 -65 44 -47 111 -52 46 -93 19 28 -69 74 -5 71 58 -36 -106 62 9 -68 -94 -60 -37 -12 -100 -57 104 16 -68 -60 -110 20 38 34 122 -28 -68 -96 -94 -11 -61 127 44 -47 4 -60 -99 -78 75 -60 105 -122 58 -94 -32 -32 -46 22 44 3 12 54 -43 -104 -59 -10 116 -2 73 -40 19 28 52 -22 106 -67 -6 69 26 -3 -19 -56 72 -78 76 -46 -101 78 7 -106 -39 116 89 -10 17 -121 61 56 87 -74 10 -25 111 -44 -86 103 79 -53 -83 73 -77 99 113 24 9 28 8 7 -72 -42 82 119 71 -96 16 -62 -37 -123 19 -44 110 -63 -22 -99 22 -84 -122 57 -90 -118 114 -6 -59 -89 63 -87 19 99 74 50 -108 39 -105 105 -33 -70 117 -102 -125 102 102 -15 17 40 -34 -34 34 103 -103 32 85 50 -97 19 66 5 60 -18 46 92 -38 -113 -123 56 -32 -21 -25 20 -35 124 59 54 -107 126 53 -90 -24 33 83 -18 -11 -56 45 88 -98 52 -116 22 -125 -51 7 -24 -98 -35 32 -122 110 21 77 69 -106 -67 104 -85 -74 -104 15 77 100 -108 -85 80 101 121 -93 97 -103 -128 -43 -29 71 -14 -105 70 -117 -23 -9 -69 109 -39 54 -15 82 65 74 -39 -86 -25 111 35 8 -33 47 20 45 -61 -116 48 1 71 112 76 54 105 18 -59 -96 93 -36 -41 21 101 -68 18 104 29 62 -13 -53 80 -73 -13 67 -103 -101 -63 -23 24 -53 56 56 120 -45 -127 -91 5 99 45 63 -4 -37 -33 86 -45 108 -33 50 -71 68 45 -97 -46 -80 -24 -125 -32 -57 15 16 70 -14 98 -1 94 63 46 105 30 123 -83 73 -53 118 126 106 92 -94 76 65 48 127 -26 104 75 -88 -83 80 -5 16 -55 69 -110 -68 81 -123 -11 -16 79 -101 127 -48 22 117 -120 -121 -49 -99 -58 -4 -101 -87 -46 -100 48 3 50 -43 -109 -70 -114 54 -43 -77 22 -63 72 17 -96 -104 -118 16 -46 -116 -121 53 -65 -109 -41 113 -93 -100 36 113 4 106 51 56 6 38 -84 -23 114 -14 -120 102 -95 -92 -2 118 -90 109 116 -97 -21 77 39 19 -122 -66 88 89 -90 121 -126 -86 -1 -89 -81 12 39 -59 -111 -52 30 88 -114 6 -61 -48 -49 -67 -79 22 -42 69 -34 -92 21 2 -48 69 22 -36 -2 19 -4 -81 -45 -49 104 58
-75 70 38 -123 105 113 -20 -119 77 74 -42 80 -31 -127 8 -122 41 -102 115 66 108 -21 102 38 -1 -2 18 13 -71 -66 -109 -22 -1 -25 -122 -35 -18 13 40 2 -6 -14 -87 116 -46 2 -66 95 6 8 -80 -49 62 10 121 -81 101 -101 -41 -85 -65 -76 -34 42 91 -87 6 -18 -28 -82 -25 86 -13 108 -114 -65 -50 99 -10 50 -62 -25 -120 0 -48 84 26 -14 -103 75 75 -113 107 92 2 -42 -105 -38 7 -12 108 -94 -102 -127 -33 -61 3 -63 61 -117 -79 -45 28 22 -70 -40 -54 -58 28 -36 -48 -40 -3 94 -83 -96 -70 46 75 -72 -49 -88 -118 -91 -118 41 88 -107 -16 -11 -107 27 -108 -92 -120 -25 -64 -22 -83 -116 -84 -9 71 72 -18 -43 41 -49 -82 88 -47 -92 19 118 24 -51 101 -112 -61 -32 -76 46 93 -88 67 82 -60 -52 110 60 -44 61 -84 -127 72 -72 -17 81 35 -118 -26 90 78 -94 71 -11 -56 -123 69 52 -64 124 -10 60 -101 -75 71 -71 -128 -77 62 126 18 51 -86 -109 -10 -123 -115 74 68 -120 35 -110 -22 29 57 -81 89 -80 -121 -43 20 -113 102 -85 -66 42 98 5 -95 35 56 23 99 -29 85 -82 -91 39 122 -25 -7 -101 -74 32 24 56 -29 24 -100 67 79 14 13 -64 -101 37 -62 100 108 33 116 -103 -66 -122 -89 123 56 -124 67 73 22 123 53 -59 75 119 -80 3 119 60 -59 -85 -12 -43 -36 -100 17 -106 91 -18 112 -103 20 -70 -58 79 -113 -78 28 13 -32 -82 -125 -65 -72 5 -47 46 -117 37 64 -115 -97 -1 -108 17 -113 5 -124 -30 9 68 -112 59 -41 -88 53 -115 -103 -24 -72 -53 -82 67 -105 67 23 -5 119 62 -10 -41 120 38 -61 119 62 -84 100 -11 -65 53 -98 91 35 100 43 24 88 11 61 -123 -27 46 -45 -102 -6 -22 -44 -2 -122 100 65 -100 74 107 106 -103 107 -107 -41 122 -1 121 53 -114 114 -120 10 89 92 87 20 46 36 -20 -62 31 83 18 -82 -74 -71 35 -104 71 98 2 -112 -111 115 98 -125 7 -40 119 -48 37 -65 35 -95 117 -75 -19 15 -108 77 -19 91 75 -52 73 -49 -10 -86 114 -96 81 -55 -12 -69 -1 89 -26 -77 83 66 124 -101 -11 60 -9 64 -3 -13 -6 17 29 90 -93 91 34 -1 -74 -80 104 95 -33 30 0 -46 70 99 87 -93 63 52 -126 86 -118 -15 -118 110 -44 -81 -83 111 -94 119 -88 63 104 -7 42 29 -89 16 125 -92 26
-85 -9 -113 104 -26 -86 -99 35 92 -46 78 17 -76 -28 -13 121 -94 2 -40 4 -102 119 -5 -100 93 -54 21 74 62 24 43 -96 46 75 -6 26 101 -49 -97 69 32 106 -52 30 -24 5 -44 -68 71 19 119 88 -121 68 108 -26 -8 26 -45 -114 109 -122 -67 104 55 -58 34 -12 108 76 -27 118 41 -36 82 97 71 -61 100 3 103 71 121 -70 -124 69 -56 -41 110 -8 88 16 107 48 -96 -16 73 126 120 99 100 -89 -117 57 124 21 99 126 127 44 10 -127 49 93 -2 24 -113 -58 -99 -124 120 53 -47 97 -66 -53 -17 -61 -2 -37 20 -19 116 -116 27 -13 -70 -48 -45 -3 58 54 29 -42 104 30 -94 -126 88 -83 -49 55 -34 22 -128 52 3 -9 58 -87 36 104 -82 -90 -44 103 49 -79 9 -125 -85 76 -47 101 -94 -99 36 75 -83 -103 -118 104 113 76 72 -75 -69 -79 76 -54 58 -68 95 61 -72 -22 112 47 -128 -122 21 67 15 -46 -113 47 -58 -118 57 45 -68 124 94 18 -94 53 107 -11 -52 126 -69 -110 81 -82 -106 -58 -63 -119 -79 -5 2 -85 -10 117 65 -44 -71 83 -99 -19 -17 66 -29 82 -56 -107 62 -15 -17 122 -29 67 -7 104 -90 4 115 90 60 -44 12 -8 -18 48 -102 -55 -114 -97 87 -122 -100 94 -109 42 110 34 90 109 66 -28 -99 41 -14 101 -115 0 -127 88 -113 122 -64 -6 -62 96 -9 3 -94 71 18 -86 -110 -88 94 67 15 -113 -55 0 -48 -56 -83 79 58 -31 36 106 127 -51 -20 -19 100 -14 -117 56 87 16 54 78 27 -92 103 95 -48 -3 -69 74 87 -115 -54 22 15 8 63 -22 -91 -103 7 -105 125 6 28 42 -51 -2 -63 -20 -8 69 16 -108 -69 -36 -82 55 -115 -114 -5 -11 2 -107 -109 -69 -57 53 91 -37 -124 8 100 34 54 90 123 59 27 -107 89 36 -121 -49 -17 -80 44 47 -26 -104 -91 1 -126 -122 105 125 -82 97 25 33 68 -128 -116 -11 11 -82 -90 -58 115 -81 -42 13 -26 -91 -52 -16 126 12 -51 37 33 -22 59 26 94 -80 -70 -48 115 -92 13 89 33 -128 80 38 35 119 68 -18 -36 -82 -102 -114 126 -68 93 -100 46 -28 35 105 -22 -80 37 -61 70 7 -24 102 -66 -123 37 -13 -94 -87 -74 85 -124 -98 8 101 0 8 62 114 16 -117 32 -41 -83 -93 -35 57 -98 41 60 70 -82 0 -42 9 -46 -108 -7 84 98 95 12 -54 -22 -77 -48 88 114 -58
-22 8 -35 -89 -113 60 85 42 52 -63 65 106 100 7 59 -81 -49 41 -34 -46 -93 59 -68 -75 -17 55 85 56 113 99 59 12 -114 5 111 -51 -55 -112 25 -28 -123 -94 126 89 48 94 -17 -30 31 111 -84 42 -22 -8 56 -21 42 89 35 -125 53 -38 -38 -22 125 110 -78 -101 -127 65 -67 102 -46 107 -77 112 -10 -19 -56 -123 -78 -36 -27 -41 67 93 39 23 -100 96 87 -34 -53 -43 -114 -89 64 16 -50 -53 -115 114 -118 93 -44 -61 -7 -45 81 14 -72 -54 88 -100 -43 54 43 72 -17 53 -49 -8 -120 -42 84 -112 -12 -115 -77 87 88 44 46 -70 11 -112 -128 34 109 103 41 114 -10 57 -82 -89 -121 46 65 119 36 -92 21 58 -13 -18 -74 -73 -84 60 114 110 2 -58 -67 83 -100 25 99 6 112 119 61 13 0 70 -21 -13 82 39 -26 121 -56 106 -32 10 43 -101 -89 21 -104 -1 -45 -110 97 58 80 -10 -20 -47 -76 -105 -31 -42 -108 -44 -8 -19 -87 -67 -91 23 -77 112 -99 57 -110 86 105 -2 22 -110 -56 -14 29 -46 -56 57 -120 -7 73 -25 103 -111 -55 49 113 -36 55 -16 114 -47 0 -109 -16 55 101 -64 -41 -44 91 72 -12 35 -92 -113 -114 -125 50 79 -31 -111 59 109 45 72 21 84 -64 -101 -38 -2 99 -15 10 -83 74 -9 47 26 126 37 -108 -67 101 127 27 -28 62 21 43 53 -32 69 -13 -83 37 64 -38 -128 39 24 -16 126 4 17 105 64 105 -93 -119 4 26 -21 -23 84 20 -111 63 77 48 63 41 -59 -44 -98 -111 73 -94 -86 -84 -83 73 -90 9 -115 -111 82 -52 120 -17 49 -109 -12 -86 -66 121 -61 40 -99 -18 79 -105 -14 41 -110 94 17 47 70 -42 -1 73 126 98 -89 -111 -44 -119 68 -114 87 122 -37 -99 -77 46 1 109 -94 20 -70 -63 2 -56 -54 25 -111 -119 103 14 48 3 -80 -116 -85 -12 -107 70 -119 104 76 39 10 11 -74 88 -53 100 126 78 -59 59 -104 -67 84 -115 -99 -8 -83 -15 -98 -96 105 -37 -105 25 -20 -32 118 89 -102 85 97 90 2 -75 84 112 -94 -38 31 -68 -103 -44 53 -73 124 -25 94 99 -121 46 -125 -61 -54 24 103 -118 6 80 -28 49 16 -13 -34 27 33 104 81 -112 -105 31 -110 -92 -69 -90 -97 42 113 74 17 74 -20 -127 24 40 66 -14 -97 38 -99 -106 60 -15 -105 61 127 125 7 -79 83 -83 -91 22 97 49 -103 110 22 -72 -68
36 -118 -23 108 99 93 127 46 70 47 82 53 32 -35 -69 -66 -125 15 -88 -12 -75 114 -107 -99 63 99 49 98 73 124 -29 -38 117 85 -114 23 -2 -61 120 27 -54 107 -101 127 14 -52 -86 -8 -20 58 -63 30 106 56 77 -119 -122 -20 116 31 79 70 -102 -73 105 54 -56 -118 108 54 103 103 -53 -76 93 103 102 -74 -70 60 -127 102 126 -95 -33 3 14 89 120 -34 3 -65 23 -72 -117 -87 6 -51 73 97 77 -2 12 -54 -32 13 -89 83 61 75 43 -86 -57 66 26 -16 -90 83 -52 42 -49 -104 86 80 43 -1 85 94 -35 84 127 -103 -84 -125 102 -96 -109 124 26 83 -1 93 51 32 -46 -65 -9 -111 107 120 -2 -13 96 -84 -116 68 17 16 123 -126 -9 -47 117 -74 17 123 87 -46 73 -40 38 -84 -84 114 -83 -41 9 -21 -25 -41 116 67 90 110 116 -12 -99 96 -38 -116 -57 49 -60 111 29 -128 -107 -47 -103 75 32 115 111 93 -47 -34 -102 -111 -117 55 -52 -44 96 -87 112 12 1 -36 -103 -48 10 -64 115 -126 52 -28 -52 -2 -110 -117 -51 31 57 6 53 93 -5 -88 54 -53 66 92 64 -86 71 72 -66 44 126 106 -10 -42 -27 -77 1 -77 65 127 63 -108 -98 -97 23 -100 -102 24 -19 -98 82 121 -96 -64 40 -24 -117 -31 70 0 -79 121 -9 67 -47 -30 -98 -109 -62 29 -37 112 3 111 -109 64 -84 -128 25 -4 88 104 -68 50 38 56 53 -29 -5 54 66 44 20 -37 -102 12 -24 1 66 -36 1 73 -93 -38 60 5 27 4 -41 61 99 -36 86 -18 49 21 70 70 0 -114 31 -93 -80 -33 77 117 72 65 52 8 -5 -35 106 -43 -2 -66 35 116 62 114 52 96 -3 45 107 -52 -3 -68 -127 89 41 42 -58 19 -63 -42 59 97 -59 63 -48 -120 56 -44 65 -10 127 -83 9 -86 -9 -68 32 37 21 124 -112 -28 -109 48 -116 124 118 87 -53 -23 83 -72 -45 -26 -106 -59 -90 -15 -18 104 58 -118 -12 22 -108 127 31 68 -38 69 84 44 126 -118 104 76 111 -118 42 42 40 84 107 6 116 0 -83 110 -28 -74 -57 -72 -78 100 0 91 -128 -99 94 -95 -20 -1 60 86 56 127 41 43 68 -21 -96 79 -93 60 70 46 -98 -128 115 -84 -125 -119 19 -47 -117 -81 -108 49 73 -75 49 86 40 29 110 76 114 -45 -8 -58 33 78 -10 8 31 69 -93 -35 -47 -60 -74 -88 -35 114 57 -91 4 83
102 -98 -79 -88 21 -59 -15 17 65 4 111 52 -11 30 -104 59 100 80 25 -116 -83 22 -93 25 -23 -113 57 -21 32 2 9 25 99 -69 67 -128 12 73 105 21 79 -68 60 5 -43 -112 -68 86 74 -79 -125 -104 66 26 -32 -29 41 -6 16 118 24 -69 -123 -46 -117 -25 41 54 91 11 -50 57 -119 -55 123 -44 -11 38 -97 4 -34 -10 102 34 35 91 79 84 118 -31 -40 -69 -54 -113 81 63 -86 -100 -14 89 85 -86 -115 -123 -69 19 60 -101 48 -36 92 -31 85 -110 -19 -109 71 -51 102 118 -7 41 44 -35 -91 55 -1 -101 -65 46 41 1 75 68 51 57 -54 -118 -62 74 -98 -29 96 32 60 119 -67 -118 -98 53 53 96 60 102 72 -26 -23 -45 53 105 30 -100 -48 -110 -13 -16 91 94 0 83 57 -45 -25 -37 -98 -34 123 -95 -54 -101 -73 116 -56 -10 -44 4 50 3 -26 -106 -79 -6 44 3 -75 81 -76 -30 52 1 89 45 -109 94 -62 -35 -54 -66 98 -17 52 71 -79 -70 -66 -111 111 -67 20 77 22 65 113 124 -68 119 58 -49 -35 88 66 -100 103 75 -54 -119 -2 119 -125 -46 3 55 0 -58 87 110 71 -122 39 92 -80 -4 -4 58 22 94 0 26 -9 -101 -103 26 34 -90 90 -12 -34 50 62 -46 61 120 113 2 -67 71 -63 44 90 -8 98 25 -77 115 -70 42 4 -18 14 66 113 2 65 -14 -5 34 18 -39 -119 105 126 -54 -121 75 -119 54 -7 116 -96 -56 -12 48 95 -115 114 71 -86 -98 -14 -126 -124 -102 14 87 -82 9 83 -69 34 25 7 4 -20 -61 6 -98 -82 -76 17 108 68 -114 13 51 109 30 114 -70 81 115 -17 -39 -35 -101 -3 -123 88 -46 -15 -39 -33 88 -7 84 109 20 126 97 76 -24 -58 -6 72 119 -13 -7 -75 12 3 0 -67 -74 -80 6 -50 -75 -52 41 -8 116 84 55 73 -109 -58 -128 -29 -63 118 91 -48 -101 -71 63 58 43 -99 -120 47 -115 -43 91 76 121 83 -63 -42 95 90 -11 -97 -74 16 -46 -121 52 -6 100 67 118 -111 -46 -44 57 50 -37 92 -52 -70 104 -109 -35 33 -83 -82 -8 105 73 102 -112 100 20 56 -37 68 -37 76 -122 2 104 8 2 -114 -28 -81 -33 -63 126 122 -101 3 -122 11 90 -23 -81 74 112 28 18 -119 -94 100 116 -46 27 -67 -5 24 -52 -84 126 -72 14 58 33 120 2 78 117 -74 63 11 7 80 -127 8 -44 -72 -110 88 -91
111 -89 95 92 -77 -89 30 10 -102 -53 -27 1 50 -95 -84 95 -33 124 -14 51 -115 -9 -23 -4 126 -56 28 -76 -4 85 -96 -100 54 -1 18 90 83 -91 87 53 83 -36 -60 6 4 19 -123 74 -51 -108 -114 -69 86 -97 77 -35 14 -41 -65 -112 -49 66 -84 73 103 -3 -7 -32 50 60 56 51 -35 2 46 -79 -77 48 -126 122 -43 -106 42 -77 101 93 -121 62 -58 -128 -103 77 63 -61 112 78 3 -62 -18 46 -102 -83 1 49 108 5 -20 122 -18 95 115 3 87 -33 126 -62 43 -128 -78 -30 1 40 -99 11 -5 60 19 -38 73 40 37 -73 67 33 -97 -64 -50 94 -67 -121 84 24 -58 -104 111 -69 33 47 74 -64 115 23 -46 -50 -28 -10 99 55 114 103 -40 -41 -5 -69 28 -16 -63 -99 86 31 13 54 -103 -104 -23 -126 27 65 83 -108 -122 -119 2 3 79 -6 46 123 22 91 126 121 98 51 100 -70 112 -30 76 -17 -121 -61 -127 -14 65 32 81 6 -12 -97 78 -30 84 9 -52 60 60 66 -1 -51 -121 -17 116 -97 -89 11 94 14 32 65 -126 107 126 -65 33 -120 -124 -18 -41 83 108 64 -46 -20 9 8 -10 -114 117 -88 -121 58 -127 -100 91 104 23 -117 -127 -51 -16 106 0 54 80 80 65 56 102 -33 -84 109 112 78 94 13 68 -108 -19 -69 -87 -5 -24 80 -49 -112 -48 -64 63 -16 50 -29 -65 6 58 124 -3 -121 -13 -36 30 -99 -1 -29 -44 6 -4 -104 -1 43 -99 124 88 52 111 126 -4 -44 -88 -13 40 -124 -14 24 45 -94 42 60 2 9 44 -30 -50 -93 49 18 105 -76 19 -51 -53 -22 -1 -19 112 42 -67 17 100 77 33 25 -105 -65 96 107 -26 -83 -36 57 54 17 -123 -75 102 45 37 -10 51 95 -54 -111 -28 -113 -2 -52 -2 26 125 37 119 102 -128 -109 26 -29 -27 -16 88 -45 -110 -110 -91 33 -67 65 63 -101 103 75 119 60 -52 69 -14 68 -36 71 -88 -102 -87 121 -43 -48 25 -21 125 127 -39 102 51 -119 -70 -83 97 89 -40 23 59 96 75 -49 -61 42 -84 -11 104 -68 -109 -10 -23 -15 -122 -56 -110 -10 -40 -58 45 -53 24 45 110 -18 -60 106 103 -74 85 50 97 -40 -6 52 97 43 115 103 -2 28 -11 58 86 -92 -17 -110 4 51 -52 -37 -103 -92 -3 -35 4 95 -68 2 -54 -112 40 79 -74 -103 -100 -54 -106 -77 -118 -91 -96 -3 42 -126 100 100 83 -121 -25 109 17 -40
-20 73 34 -93 -6 -112 -95 -27 98 47 -50 36 -49 82 -125 85 68 -42 -25 42 62 32 -20 -92 115 5 -121 117 -33 -47 -11 85 109 87 -1 117 -83 -87 57 -54 66 40 28 -54 63 -85 -10 45 123 -84 -23 -32 17 64 -64 74 38 -64 -96 -17 63 125 -96 -37 -53 97 -122 11 104 -94 109 95 30 42 -48 -24 -14 79 120 71 67 -113 -83 -51 -5 98 101 -50 54 93 -6 81 -126 -41 10 24 54 25 37 103 43 56 67 23 8 -114 2 -27 68 -56 11 6 -29 25 -59 112 -107 -11 0 -105 -28 -80 76 113 -116 -120 38 25 25 107 126 96 37 62 -111 -33 45 52 56 -101 20 82 24 41 -33 8 -4 123 86 -91 -77 -111 11 -106 -10 115 47 117 84 -76 32 17 38 58 65 54 22 36 45 46 70 6 -46 -73 84 -61 28 -62 42 15 125 98 -53 -27 -54 58 -85 -75 2 94 -1 125 -125 48 98 29 -50 87 56 82 -93 121 103 123 102 -9 81 -64 -76 -19 14 22 -29 55 -16 71 69 -62 73 -88 -4 -32 -1 66 91 116 -90 110 -85 115 67 46 -94 -17 62 -55 -51 -123 121 18 -52 28 -25 85 -118 -107 109 -40 41 -112 72 -58 -120 16 16 30 -109 76 -87 -88 -106 71 -117 -126 74 -76 98 -21 92 -86 25 54 94 -12 116 -90 -97 42 -19 118 -44 110 -27 76 -123 -128 53 63 32 50 27 126 106 16 -65 -36 85 81 -112 8 -43 -46 36 48 -19 -78 -10 -18 -40 23 -24 -14 -91 -118 -66 -59 77 75 22 101 -128 61 65 87 117 -22 113 19 -60 -57 117 -3 -100 17 74 67 -52 8 -67 -128 47 -5 -61 -27 -68 -117 18 -50 -91 -128 -105 -49 -81 72 125 -5 -46 -77 -9 81 -45 -18 80 0 62 57 60 -47 92 112 -118 43 -27 63 66 -46 100 38 86 55 115 -106 -21 -20 123 66 44 93 -115 -87 43 94 -57 6 -7 -1 5 69 -92 123 -49 78 78 25 1 48 -32 -116 14 -125 -116 26 24 -38 -6 -55 -112 -126 -115 -54 121 116 51 -105 -74 27 19 -76 -21 -9 122 -60 118 -99 76 10 -22 117 90 96 93 -25 -93 -26 -40 -11 -81 62 -19 -100 25 104 17 105 -102 -44 40 42 -80 -80 38 -13 127 102 79 49 -21 67 -104 -12 -88 -13 39 92 118 -70 -107 10 102 -16 -111 -125 -39 92 75 11 -85 62 45 -108 -70 11 83 -26 82 -12 30 90 -95 24 -29 -22 -71 -127 -94 -118 -16 71 97 -109 -26 -122
-94 -29 -86 -81 26 84 49 -53 -65 112 56 58 36 -46 -4 35 -57 67 -33 112 64 9 -86 -112 114 14 21 -20 54 5 -18 -38 -57 44 -21 37 90 13 26 74 -40 68 -94 59 51 127 21 95 -42 24 88 71 -17 81 -40 7 16 28 97 -83 -119 86 -101 9 88 -62 126 52 108 72 34 -31 17 -124 71 3 -34 80 40 -16 83 -8 -22 -29 124 -65 -50 -128 -47 8 -114 124 39 -90 -120 54 96 19 -43 -78 -65 -59 -79 -81 12 -79 75 -63 -121 -62 -23 120 63 113 16 87 -105 61 72 -112 33 80 72 -71 76 -96 51 -120 11 32 -68 74 -72 96 72 -108 -119 66 120 -93 -121 31 -9 21 -9 55 -48 -109 77 92 61 114 -58 25 23 18 -71 -20 121 -60 -43 -113 -109 48 2 96 78 104 53 -51 35 -22 102 49 -27 26 -100 -97 -55 -51 -12 12 114 124 -127 125 68 -33 35 73 -32 -109 -12 90 46 -31 -71 -5 -128 -83 -99 -116 -65 15 16 -52 -81 61 51 5 46 -24 29 15 -59 -38 -42 -32 -80 20 -94 -44 -23 -18 36 7 -86 -41 -11 79 -89 -49 126 105 -47 72 83 41 64 -113 -80 93 71 114 105 -25 61 -5 102 52 38 52 -63 -45 94 100 -113 6 -122 -94 -122 -81 -73 104 -66 -67 -84 117 -66 23 -97 -36 9 -86 51 -94 -14 -89 113 -63 25 20 57 -103 -36 112 -40 -123 119 94 9 -108 36 -68 -40 4 119 -95 -15 124 68 54 73 56 48 -105 -53 104 33 9 -50 -87 17 -24 76 3 56 37 -92 29 -61 -55 53 -22 63 85 117 -37 86 -65 -115 109 54 -74 106 35 -106 -116 -2 89 -105 90 71 -29 -73 -5 62 107 -57 -88 91 33 -19 -126 -78 -39 4 -40 -111 -6 44 -4 33 -52 -82 97 -85 31 -11 -106 -111 53 78 -118 71 -123 127 -19 -80 -72 124 102 -4 -77 -127 0 71 35 -128 -58 -101 2 -59 32 66 37 -118 -83 58 27 116 -109 90 126 119 -81 -117 -43 -26 7 115 -68 -59 17 -34 64 -126 24 -63 -16 -62 -56 -101 124 5 69 -105 -39 -86 -101 -83 12 108 2 -82 33 49 -88 98 37 13 -55 71 -13 -76 -80 -70 -71 -125 106 -101 57 0 106 -59 -92 81 5 -90 -16 101 -66 11 72 91 -86 90 -113 52 -2 37 60 120 -56 111 42 7 -45 42 -115 -97 -103 -11 89 -4 -53 70 -78 103 -115 124 60 -48 -103 54 -52 -87 30 82 47 -119 63 -7 -44 -99 56 -64 42 -121 -100 95 8
72 116 5 -47 -60 -120 63 -64 27 -46 60 60 56 18 -83 -66 -37 -74 -101 -28 -110 -89 66 8 -126 104 67 -82 -57 -46 -55 -25 60 92 -116 -15 -24 5 11 73 14 61 24 68 -37 -81 -78 -31 69 21 113 125 -98 21 44 -75 -33 71 42 64 4 84 -47 -82 126 -57 15 -127 -40 -91 -55 -5 -16 45 60 69 48 102 29 -106 -45 -128 -103 99 -8 -97 -7 -40 78 -93 -31 32 -122 76 -96 -15 94 67 -6 72 33 63 -8 -116 14 -75 91 85 24 -15 -125 75 111 -15 42 -106 -94 -102 103 -105 19 -49 78 97 -4 -25 19 28 54 -70 55 -85 107 -47 26 -8 -77 -52 -58 -21 94 -25 -63 -88 2 31 107 -7 21 9 -58 -112 -49 -89 -96 -55 -33 58 -53 109 7 123 19 81 125 103 90 -96 115 6 54 -117 39 49 -16 71 -105 -83 56 24 82 117 101 51 -42 -24 87 97 127 -40 1 -122 -17 72 -13 48 111 -123 -8 -74 -52 127 62 -101 23 7 78 -1 88 -63 111 -94 64 -34 -56 -45 84 -29 127 -8 59 86 68 -53 97 -19 18 4 100 -104 75 -81 8 9 11 14 -110 -28 93 72 40 65 -57 36 -8 -34 61 -69 -43 -6 82 -111 -62 -51 -113 -9 46 66 85 -25 -51 -40 -31 -128 81 90 119 110 -14 32 36 0 22 7 -122 -59 4 123 118 105 -122 -123 75 -91 21 -44 69 -110 114 -123 -30 -81 -4 -111 116 88 -66 106 113 75 -99 25 -18 -17 54 56 -9 -78 -10 24 -11 -94 -52 -95 1 -60 -121 -89 59 -102 -57 -40 22 -44 -112 1 -17 -85 41 84 90 -11 98 15 61 -115 9 -9 21 68 105 -82 91 -78 16 66 -83 9 91 105 -118 76 5 -82 -93 -46 61 59 -23 89 91 -116 -74 25 10 -91 -3 -102 -69 101 -30 -91 -3 93 30 -44 42 63 -60 -59 -43 77 -127 -37 -32 -52 84 -5 -31 45 -52 -82 127 -112 -79 73 124 -36 4 0 76 106 -12 -81 68 29 -114 -67 58 -119 -57 -11 61 77 -119 18 102 -92 -16 69 34 68 -111 0 -6 -28 -88 63 -22 19 41 -5 -100 -119 -128 -40 5 26 -66 97 109 -29 -74 47 -54 -15 -73 93 -2 -108 -50 -37 49 77 93 -55 -33 90 -38 -56 -74 40 75 -61 -105 -77 97 84 -101 -67 70 93 0 72 -25 86 -108 -81 -9 15 -1 99 103 59 31 -21 -115 100 -26 -90 42 -88 82 -114 -36 -14 66 85 -111 -77 120 69 -102 -113 -48 -88 -63 116 -46 28 43 -17
-78 99 -110 31 -64 -110 -22 -76 -73 -56 -95 84 50 -120 32 39 15 14 1 29 -37 107 42 -101 -33 52 -105 71 -3 55 36 60 -8 56 -19 -67 98 -39 -110 -98 59 47 -4 63 -63 -8 -58 127 -49 -82 75 -41 -122 -7 127 11 69 -37 38 -88 -116 -102 51 -33 41 -11 120 55 -107 -84 -116 6 100 119 -43 -108 90 88 13 14 -47 -11 65 -98 -72 -53 25 -90 15 2 31 -82 107 34 -93 -63 42 65 120 -55 86 50 -64 -91 -109 -5 99 -39 -38 -117 -13 86 -98 27 -112 99 -5 46 -118 120 -80 -127 -85 78 -115 10 -59 126 -97 96 83 113 -34 -99 -107 -17 11 -111 86 -127 35 -90 45 -23 -43 -127 20 66 83 59 -101 -106 -113 -24 -108 17 81 -117 26 113 31 125 -35 -41 53 -53 -39 -76 -3 -86 -10 -64 86 87 -42 51 111 121 -57 108 71 117 58 101 50 52 61 118 108 -39 93 -56 107 12 75 -34 83 15 -102 64 12 -119 -39 -55 -113 28 -51 106 108 77 3 0 118 -101 79 -65 3 -33 -100 -35 -18 -98 96 24 77 -127 73 -18 24 84 -13 65 -63 84 42 -73 -39 109 -98 27 96 -53 -65 -14 77 -92 82 48 62 -112 116 -87 -36 -51 41 -15 -36 -106 50 -33 116 105 -97 -37 -120 52 -95 -86 -54 95 -5 15 21 -81 -39 108 -78 76 111 -61 -32 1 -115 -43 -65 -65 102 23 -64 -63 59 36 8 -108 -80 40 94 85 -18 119 -72 85 -55 69 -114 23 80 -60 30 71 82 45 -72 -126 89 -102 46 92 48 -126 58 0 105 117 -54 95 92 4 -16 -113 -82 -5 61 68 -7 92 -46 -78 -30 -128 -69 10 76 -21 -64 5 63 52 17 -83 124 -68 86 71 -5 -82 61 -82 58 44 11 37 -14 -74 79 55 27 -115 -108 -125 -92 35 -112 19 83 -27 -25 -57 51 -79 -82 -71 -89 116 103 -113 116 -90 -10 78 124 76 94 85 22 15 -56 -12 -77 -3 -115 -122 -54 11 92 100 -57 118 -97 92 72 -21 26 -95 -16 -9 2 -11 -58 -62 -11 -49 -63 -103 20 9 -25 11 -29 -60 71 -62 76 28 -105 -67 89 -29 -56 48 -119 -12 75 -96 107 -44 109 79 58 -31 -98 44 -96 -3 13 54 93 80 -10 -95 83 -111 55 -8 -99 16 -30 57 22 88 -67 -17 -100 126 116 -29 -121 19 40 97 3 107 126 94 68 51 88 72 -87 -94 17 -65 -33 -49 88 18 96 14 -39 41 80 -12 60 43 -67 22 26 63 75 -38 105 -111
-86 -46 -64 72 62 26 68 -16 20 -107 -55 -18 -94 109 55 -19 34 50 -85 42 48 -54 42 -102 -128 -36 -118 37 124 111 -34 93 56 117 -81 -9 -27 -85 -103 77 81 65 84 96 73 97 60 48 54 90 99 -12 -2 108 -82 -83 -9 37 7 -69 -89 121 -54 -100 -44 105 -114 -7 -106 33 90 67 -120 33 119 63 40 -82 27 37 -73 108 114 13 -41 -21 16 94 -31 78 51 37 -38 -126 -80 80 101 -71 90 74 -79 -19 -97 31 25 37 90 -69 -115 122 10 -11 103 76 59 40 -59 -14 66 93 69 41 86 -48 -59 -111 94 5 -56 34 -13 -63 -5 101 -102 92 102 119 73 -67 -1 127 105 55 114 -101 29 8 -119 -16 81 -105 76 -127 -4 -107 99 -43 -43 93 6 61 -19 92 86 -91 11 100 121 -3 -66 121 126 -50 14 -89 -54 -38 116 -92 40 -87 58 104 -94 98 -109 -17 -42 -83 -62 -69 -92 14 -45 -127 -117 11 -3 3 38 -14 55 -74 -125 -63 10 44 -68 -116 13 -72 -8 -20 77 -108 89 76 -15 56 12 -100 -120 61 -13 9 31 -119 106 44 -51 5 25 96 -111 -101 97 111 44 3 119 66 101 -82 -57 28 -10 125 -61 -84 -5 -26 -28 -93 78 4 103 -73 -112 60 -24 -71 -115 116 -80 -122 97 109 -100 127 -89 20 69 -120 85 54 -66 -15 -41 -85 127 48 49 88 -68 25 -74 -91 44 126 83 -100 -99 -67 -27 -116 26 -87 41 -62 113 28 81 -47 -56 -124 -26 57 -63 -75 -124 -62 75 -65 -67 -57 31 25 52 -35 9 61 19 -75 -90 -7 44 -46 85 -28 116 -59 -126 -106 -81 -38 -11 -6 62 69 99 46 109 74 74 107 -25 22 -3 14 8 -85 -69 -124 47 59 42 -118 -81 -11 29 86 24 -28 -73 -97 119 -48 125 -127 -102 14 83 -93 82 86 47 -88 69 72 -6 58 -80 21 -87 100 -66 -75 -104 -29 -80 107 69 34 117 127 -87 25 78 58 105 55 -68 23 47 39 104 78 7 -117 15 -114 121 -32 14 -57 -28 39 55 19 52 87 -25 16 29 93 -93 121 18 -77 60 -102 127 -106 104 -10 81 4 65 -91 46 -39 87 -99 -16 -46 -5 -103 -42 51 19 89 -6 112 -100 45 -25 -84 109 -43 -118 91 -42 124 -88 -24 33 -27 107 -50 31 -67 -89 111 -51 -112 106 79 41 10 86 22 -42 -1 -8 65 94 85 4 106 -29 17 71 -72 105 -80 -8 -115 -115 34 -86 -70 -81 106 -73 -1 115 84 30 82 -95 -91
-90 -70 48 104 -36 -121 -34 -2 113 66 61 -113 -69 -65 -106 -55 118 -59 56 -92 7 -25 119 65 16 -71 -23 121 124 -19 51 23 110 38 70 -84 85 97 81 -19 22 90 127 -90 22 -64 -41 100 71 1 -118 120 -74 -109 77 99 116 -43 -34 -6 49 18 -81 -80 -105 -94 88 -78 -123 -114 -91 5 29 18 65 -13 -108 -23 99 43 -63 -36 50 -87 6 85 -16 110 97 -30 -58 -106 -73 -74 -19 20 48 -93 98 -57 21 -3 -29 84 123 0 -92 56 95 96 -77 -126 30 62 24 -23 -60 -70 126 -119 97 -62 -116 -23 67 30 54 -17 19 -27 -52 -95 -97 -85 33 76 -39 -65 24 -40 113 8 -115 -66 60 123 24 -41 109 -43 74 -39 -104 51 -85 -94 98 112 -69 115 87 59 34 -127 55 -47 -18 78 -12 92 30 -109 -113 -18 14 -3 -51 98 20 123 -30 39 85 -108 70 76 10 -121 14 35 95 -63 -111 29 103 -55 53 97 33 50 -53 -97 0 -77 -92 -69 32 58 60 -114 -41 56 -64 -23 44 -35 120 -57 -78 115 99 70 -87 39 -94 41 31 39 -73 -64 -38 -106 -47 79 24 108 -6 89 86 0 115 -94 126 -106 -1 104 -28 -108 124 80 12 -126 -125 -20 86 -19 -108 14 46 71 -61 -37 74 -21 1 63 5 122 3 106 17 -67 101 -85 -12 -15 -85 -71 77 33 107 -59 -86 110 -33 23 -69 25 -45 -95 -74 -6 21 111 -66 111 92 -106 34 -71 76 -127 -26 -48 69 -21 -110 42 -54 -47 -113 -115 99 60 116 -113 116 -54 -49 -97 -50 -87 -37 -32 100 1 5 -121 -81 -65 119 111 110 -81 14 108 21 56 -47 -30 -24 23 103 -95 -1 125 -7 113 87 -49 -78 -86 -63 110 -7 -53 114 -88 40 18 127 -122 -113 35 104 15 -5 40 37 19 -6 4 -8 69 -123 1 24 34 14 -6 26 -78 -101 -124 72 -14 82 -49 111 -7 -4 68 -5 28 -2 109 94 -95 23 81 109 110 -71 -77 -35 -122 -57 61 -11 -79 -63 -60 90 48 -89 -42 -96 -96 43 -64 -97 -45 -90 -79 48 -31 30 -1 89 101 -8 8 24 -101 -68 -73 -11 -124 100 -35 -25 -17 1 -61 -128 61 -24 16 90 44 -42 -3 91 120 -25 50 26 62 -48 -113 2 34 64 -57 124 31 -56 116 122 -118 30 103 -30 -119 -10 -99 5 76 58 11 -119 -19 -75 -45 3 -14 0 -19 96 -36 40 52 -30 -79 7 -81 80 14 -108 117 -122 -18 -60 111 -96 109 -26 126 117 3 127 -111
-84 -14 45 40 -48 -26 -56 -128 -26 110 -57 -117 -42 -1 118 -31 8 -76 26 -79 -64 4 38 -6 3 6 47 -53 -31 37 35 78 90 83 26 -122 -31 45 -87 -65 1 -46 71 -114 -46 -98 -75 40 -39 -49 49 110 63 15 46 -78 -52 45 -102 15 47 127 -71 -106 -14 107 37 114 13 118 116 10 -26 -41 -6 -30 121 108 -42 -91 -1 -112 -78 -12 -124 97 96 -88 44 33 -11 126 -112 98 61 15 123 14 -21 -18 119 15 -123 71 -106 -123 41 105 28 16 -10 -26 -70 -15 52 -113 -49 -116 45 115 8 80 79 75 114 115 42 101 21 -24 107 68 66 -53 -49 34 54 -112 -117 23 -48 102 125 -95 102 -10 -64 34 32 7 102 125 41 107 -79 -18 47 27 118 -92 -25 82 48 21 -32 76 -17 88 12 57 -9 93 -89 -26 36 -82 -117 5 39 -60 -10 76 -74 -69 -81 -128 -114 -119 50 -109 47 -50 -3 4 101 -69 -100 -9 -73 74 21 66 123 87 22 -29 -37 -59 -45 -12 85 108 0 -55 57 -97 -124 -76 74 -36 -35 64 32 -49 -13 -33 -107 25 111 112 26 -56 -103 113 -65 -2 34 -36 -15 30 63 81 84 -15 -127 123 -2 124 113 83 70 56 -94 -44 35 -26 -11 72 -118 103 112 -18 -125 23 -127 -81 101 74 81 52 -105 -21 34 108 -43 115 -75 29 26 -114 20 75 104 -60 -11 -62 -72 -75 1 -41 120 -21 -90 89 -28 67 112 -90 -26 46 51 95 115 -48 -24 70 -95 -43 -108 -69 2 -73 42 -76 71 -6 -121 -26 -106 -16 50 98 -126 -1 50 -14 -86 -23 92 106 -71 101 16 38 -99 -95 67 -71 -12 125 -102 -22 -93 -106 61 -15 -8 65 -62 -13 122 98 52 -25 47 -52 -79 -57 -75 121 87 -59 98 -52 94 98 96 -54 6 -59 -115 -19 -49 -14 71 -14 37 62 127 -127 26 99 107 27 -57 63 -47 -53 20 89 -73 51 6 44 88 -2 -98 80 18 -93 -59 99 -106 -87 71 51 99 23 22 -5 107 -123 -30 -87 -11 -45 -25 -37 1 49 122 -2 -89 -121 -11 -49 127 88 -41 33 -116 17 -1 103 74 -106 -44 115 -97 -17 12 -49 25 48 -16 -106 124 -85 -124 45 27 -96 18 -2 -55 66 32 54 84 -58 93 -11 34 -18 -78 58 106 -68 -124 -102 101 126 57 -98 -42 -66 -127 69 36 22 41 -22 9 -41 -35 121 61 -3 57 -35 112 85 -18 -124 15 -18 4 -61 87 46 46 19 80 -52 -44 -90 -67 68 9 -23 72 -58
13 83 91 46 -21 2 61 -104 69 -64 126 44 -116 -121 65 123 -4 54 96 -123 -7 -55 -5 124 7 110 -79 64 -24 59 -54 67 77 95 32 -34 -96 94 -110 101 12 -125 6 -125 -121 47 93 -120 21 -65 -83 52 -12 -127 -20 -58 -112 -52 1 -78 -69 52 40 111 93 13 76 -31 111 -98 24 70 -12 71 -77 58 100 116 79 53 109 -12 -127 -101 -120 -59 114 -106 76 -110 -51 -82 19 -26 -40 -4 54 -4 1 68 74 62 83 10 28 -46 -47 -41 -50 -59 72 -41 108 46 59 113 46 40 -45 -118 54 92 125 -128 -10 65 46 8 69 16 120 -61 10 82 53 52 -112 -88 29 23 102 -74 125 102 -106 50 15 87 -78 -71 -24 -78 62 121 83 -16 -114 90 -73 -13 -37 -103 -111 31 29 -42 84 -44 3 14 -44 36 28 -77 -68 -88 -35 18 -60 -27 -13 26 25 -106 -32 -99 70 -103 89 -111 -14 84 -10 13 -16 104 11 -21 14 124 -1 15 83 -65 4 -105 -95 11 -73 -119 -51 -51 69 109 -32 69 -20 18 91 -68 -106 -81 9 -126 55 6 101 -51 -22 92 -61 13 -126 74 -15 -54 127 97 -55 118 -103 113 43 10 -61 -8 37 -98 -92 -100 3 39 -16 32 69 39 -37 83 -90 -101 59 111 -4 -118 100 105 123 107 -36 -104 68 30 -125 -40 -14 57 -88 47 -11 68 -126 -1 -87 79 50 9 56 -19 125 -99 -118 -36 55 96 -62 -77 116 62 86 85 -104 -14 18 -74 -81 -18 -95 -51 -73 -1 -20 -78 11 -74 -2 -48 -62 -54 -111 -83 -84 78 56 104 -54 -91 -117 -39 52 57 99 32 80 39 -41 115 7 104 109 -89 -120 42 27 -61 -123 -77 126 -11 103 -93 -80 -97 100 -22 114 84 -96 -125 -85 9 -81 -8 -88 -108 -68 -41 -75 14 -119 103 -30 -13 83 122 65 -44 11 -43 64 -88 -41 -38 -66 118 -104 -8 -117 96 -73 37 -68 -33 9 -121 -40 -90 22 -66 -101 126 78 -53 -89 126 103 114 -110 32 -69 17 -29 -17 45 51 30 71 71 59 79 47 101 117 4 -92 -45 -80 -79 -110 24 -84 -42 104 -34 69 -71 -86 53 69 -94 -38 46 104 71 -26 121 -102 110 -6 -74 47 55 -31 87 97 21 -104 51 114 37 -123 92 27 -6 119 -122 24 -85 -127 -97 118 -99 -54 49 -75 -43 106 44 71 10 -109 56 72 32 -36 -95 47 45 -72 -87 -98 -94 -30 -44 -79 -78 -28 -106 28 66 -63 111 42 -36 106 33 -39 118 127 -28 11 62 -55
-77 57 70 -106 -36 -126 -23 -71 43 21 -52 -61 18 107 114 -85 123 -79 45 0 -123 1 11 111 8 38 104 73 -57 109 120 -42 -120 -120 -55 50 -58 -30 34 107 117 53 -34 -60 -124 82 25 29 -128 45 115 -98 49 103 -19 -2 -100 118 115 101 12 -74 71 83 -19 -17 49 -50 -80 41 71 -118 39 -15 64 -33 65 52 104 -45 106 -101 -61 113 124 -55 63 109 -84 -122 -32 46 -66 -46 29 -72 -25 -83 -4 37 43 -28 -74 28 31 5 -86 -116 -113 -121 38 -63 -90 -95 -28 127 112 -69 -46 -79 -14 -45 26 -12 105 -13 -115 104 21 -36 -65 -10 126 25 -74 11 -61 -81 60 103 -6 -97 100 -103 45 76 -41 -54 -88 -4 45 -82 114 7 52 -112 -113 -19 49 68 99 65 -23 -103 -120 -90 -36 -3 -99 -54 -110 80 -124 25 -20 74 -16 43 42 99 25 -96 -12 -60 70 36 46 90 -67 -39 103 -30 88 -49 -8 103 112 -42 -7 73 75 -29 -92 -47 44 86 117 92 -103 106 -120 102 3 115 106 -113 -39 125 54 7 -21 -27 65 -18 -67 81 -38 3 3 52 77 -18 7 -7 -78 -73 114 -20 126 -36 -16 61 -33 3 -101 -23 58 -66 69 -33 -80 14 101 -55 102 -71 -29 109 77 -33 -126 119 9 -9 61 25 16 -70 76 -110 -38 -97 -7 50 -123 -36 -30 -3 -102 -62 121 124 114 -114 -85 38 -12 -5 -85 100 -111 24 25 -104 51 -70 -114 -15 53 -84 -28 22 24 -85 -5 107 21 103 79 51 72 -33 25 -14 -123 -82 104 70 -66 57 -8 -80 -89 17 96 -62 42 -81 -58 -81 -112 81 -38 89 -80 -85 -63 112 105 -125 -35 110 126 4 42 -82 -30 -48 29 82 120 -116 -108 -110 84 -6 63 -53 31 114 -26 -110 69 26 49 109 -119 66 55 -23 -14 4 -89 -26 57 77 8 63 -124 -80 -64 -22 -126 -117 -47 60 36 -67 -57 -52 -50 38 0 -32 -27 -85 5 -38 64 37 69 -116 -34 78 11 -86 34 81 -105 -35 98 -4 106 -73 -104 122 -102 -85 -96 92 9 8 -125 104 -98 83 104 21 -1 40 41 116 -2 14 96 -5 68 -43 -11 -93 -107 -23 -99 -105 55 -79 -20 -77 -103 117 36 20 -62 -122 10 -96 -78 40 64 44 3 70 -62 124 -62 52 -90 103 34 -24 77 -90 -3 -102 -117 -119 -26 112 -20 -36 -81 105 120 66 -68 -89 126 24 51 -64 -108 -46 50 126 32 93 -94 120 99 -114 3 66 -66 91 105 -82 31 125 -48 -36 89 -110
-61 -11 98 -25 -77 -120 126 80 -11 -93 -114 40 62 -83 -34 -11 74 -13 97 120 -18 -24 93 125 -3 97 -1 -88 -39 -119 113 6 5 -85 -97 62 50 -107 47 100 -115 -22 58 66 -45 -48 -54 -92 -81 10 28 84 127 -10 117 108 113 66 -96 -124 -43 -63 61 -2 109 103 -28 -19 111 -26 -7 -89 -47 -53 101 -32 -27 112 93 12 -85 118 2 -17 44 -8 -66 86 113 -8 43 1 57 14 -73 -14 -112 88 -75 -30 -16 120 -79 44 -94 -70 52 -2 71 -98 38 -14 -128 36 68 7 51 -123 102 33 -11 104 -16 -78 82 52 -110 -61 34 117 113 -36 -47 122 102 39 -41 -82 -53 51 -78 -17 53 -57 75 -128 -32 94 -32 -80 127 -52 -24 21 37 117 -96 80 13 35 -119 -85 126 43 -65 -51 -42 -32 39 -73 61 -105 -57 19 -118 -106 -80 40 -57 -54 11 -60 45 118 120 -76 -86 -62 -118 -5 -27 21 -111 101 20 -1 -98 80 -4 -90 37 -52 42 -33 -114 17 -2 54 -76 28 -41 109 64 -49 0 42 61 -58 9 -25 102 12 24 -37 -18 54 -115 -5 -117 -11 -19 -52 -74 28 100 -92 102 81 114 -19 -95 53 -36 -5 42 -10 19 90 -49 -34 -82 50 96 124 39 19 14 -79 -43 44 -6 -128 60 -94 -86 52 -5 -42 -22 -95 6 -43 48 -124 63 -10 -109 -33 75 55 107 -58 123 -70 -12 -87 45 83 -6 70 10 -16 -51 -10 -20 92 -6 112 -70 -116 45 -22 -74 49 -24 -110 -104 -121 -86 120 -42 63 103 91 -96 -98 64 -109 -85 -110 -77 -128 45 -35 53 -67 55 -56 8 86 -52 53 58 96 -11 115 80 81 -110 22 3 68 101 -73 22 -60 125 -72 -92 14 1 97 -113 -86 87 -58 -89 72 -13 -97 -119 -76 81 94 -116 -69 35 -18 43 89 66 -14 21 65 -42 -13 72 -101 -68 -88 -127 102 -125 -54 -58 119 23 -48 78 -41 108 124 46 8 28 -22 -111 35 110 -115 107 109 49 -77 95 -101 -26 66 -7 22 35 50 93 78 -64 115 -19 -39 122 91 -102 50 -43 126 22 -77 -95 -90 -80 27 -107 -53 29 -113 -3 47 -87 -58 69 -20 -13 -110 68 86 58 -113 25 82 79 -116 -24 -18 13 40 126 52 41 11 104 94 -117 -59 -45 121 120 85 11 19 -92 9 70 50 35 57 -105 25 -8 -101 68 -6 37 -81 102 94 -91 51 49 123 101 14 -60 44 92 73 -108 -76 -95 -27 113 71 111 28 -51 98 -80 -70 104 -70 -102 62 68 36
78 0 10 84 -94 87 22 11 8 -94 80 -65 -50 94 -78 115 -50 74 126 -54 108 -11 68 87 70 -128 -41 93 56 76 12 18 -107 -101 -21 -80 70 -42 -46 -106 -3 -121 -2 83 -28 60 -123 67 -97 37 86 -13 107 -48 -80 30 -13 -67 -6 35 76 -127 57 124 60 9 -101 -10 101 54 -84 50 -97 -80 -66 -45 -13 -30 47 -27 84 7 120 5 -50 -80 122 -57 -95 16 9 91 107 76 -10 31 -55 48 -90 10 37 -94 -115 -85 125 10 94 -112 -22 57 108 13 15 124 2 -113 11 18 89 114 -67 62 -85 -102 42 -67 -64 53 -3 -28 -49 6 2 23 -92 9 114 -82 96 -27 -65 48 25 -76 35 21 -102 -118 14 -51 -110 30 29 55 -47 17 -31 77 -7 11 -84 7 2 17 -2 16 47 98 92 -116 -58 -97 -101 33 7 14 56 104 -123 114 -120 -4 34 -59 -4 -128 13 26 112 42 36 -109 -112 -74 121 -16 63 -71 71 -10 -127 106 11 70 -57 -58 -47 -35 -68 -35 -43 -65 60 -53 124 -118 122 83 -65 -100 -65 -44 -56 16 -17 -35 -77 107 68 -30 -127 81 24 99 56 107 -12 -99 102 -54 -15 -47 110 7 -118 -70 30 -21 66 21 40 -1 89 12 83 -97 63 -128 73 54 -68 -93 88 26 34 -57 23 60 5 1 -71 -32 105 104 -4 -23 -80 125 104 -50 -106 89 -24 -22 24 22 -46 87 2 -115 11 -9 67 -126 -70 54 -125 -67 127 121 11 35 96 -90 18 103 -108 76 -31 84 118 -32 -120 -106 50 45 10 36 52 -6 66 82 17 -93 -119 72 -74 -68 24 102 -51 -45 -121 -54 -45 -14 -106 126 19 -118 -9 13 -69 29 -86 116 59 -120 -47 24 54 109 62 -5 -126 25 36 30 -50 59 -62 125 -75 -122 54 -21 -81 -78 -78 -39 53 -77 95 -120 -15 -89 114 95 107 109 127 118 -108 -50 109 105 -41 36 52 -11 119 -104 -117 -121 -126 -64 59 -107 -28 106 71 -54 102 38 121 -96 -18 49 57 -58 67 90 -88 -72 -2 -56 102 65 1 38 -25 -16 -77 -28 -106 15 68 -71 -32 49 67 114 23 -16 -91 -22 110 81 22 -2 116 -57 17 49 -35 62 62 -14 5 -75 -105 98 -92 98 64 21 -107 95 -63 83 -85 -106 72 92 -30 -126 -112 -59 113 -128 15 -121 -75 118 55 -109 -66 -22 82 41 -55 2 -83 -92 17 -10 -81 64 86 -92 24 39 103 118 41 76 0 -115 -85 -32 115 0 -103 -50 58 -114 0 -95 -126 76 91 -25
-101 0 13 24 102 -90 -43 26 -126 -85 113 -94 -118 32 -29 69 6 -26 62 -103 6 -26 -24 3 -12 -69 13 90 -4 3 -109 -33 23 -21 -40 39 84 21 -81 16 81 -110 -2 69 -39 -39 -91 -18 86 -71 83 48 -67 5 -45 31 39 -12 44 93 90 106 -74 -9 -98 -14 -115 -49 -106 1 -44 22 121 -74 -99 -23 -125 110 -72 -70 108 88 -128 73 57 124 -119 53 126 -39 127 -81 -113 -60 -52 64 -41 42 94 20 44 -64 -67 -24 -25 -36 -29 -21 35 40 26 94 68 -101 -11 -60 -108 19 -42 109 -24 77 61 68 -39 -70 116 46 -56 40 110 28 -38 -37 -4 -19 60 111 -21 -97 -101 -95 60 -53 -79 19 18 100 -8 -112 -106 118 22 28 -29 67 -38 -95 -43 -18 -26 -60 -99 -96 36 83 -120 -46 -87 -34 101 -96 112 59 -35 -83 98 -12 -46 -30 9 20 121 -97 67 -18 -81 -24 -62 -87 120 -70 2 121 -51 -18 -45 -71 -59 29 -101 -66 -116 -80 80 -49 -19 5 52 26 53 26 82 -88 105 37 -8 66 88 30 -25 63 42 -18 9 -69 -89 9 -25 11 52 -100 37 72 3 37 113 -82 -84 -45 42 72 79 -116 5 48 -63 47 114 92 41 91 53 -28 1 58 -114 30 9 -33 -62 58 -107 70 -22 10 124 27 111 -93 -34 125 -105 -68 -62 -1 4 -96 91 -28 -29 -51 -124 8 18 -49 47 -55 112 60 -12 99 33 -52 -27 -76 55 -24 64 -46 -10 -26 -87 19 47 -95 49 14 35 26 -87 -94 65 -109 -53 -93 15 -113 17 58 32 -43 -89 8 -107 24 24 -96 26 -106 -30 -49 64 65 127 97 73 67 -2 104 -117 -57 -110 -51 64 -71 123 -124 -103 24 63 -14 11 -17 75 58 65 92 -19 -93 -43 -57 -34 62 -35 112 -108 -33 34 -108 29 -98 -69 122 102 -63 -31 63 -51 -103 104 118 41 92 32 5 86 105 98 -49 -127 -99 86 -56 -99 65 33 34 119 -70 -44 99 -110 -48 -50 -69 -92 -106 -114 5 25 -86 31 35 -62 37 -47 96 0 -51 -3 81 108 123 -108 127 67 90 -35 -35 33 -30 -50 1 -123 -59 35 -34 123 29 -17 32 36 -102 82 -7 64 -99 104 -128 75 -99 -121 96 13 7 -53 30 -22 106 66 -71 -87 -26 -128 50 6 52 75 50 117 -4 -103 -102 122 -58 -68 79 -13 40 -4 -84 -119 -127 -110 -92 -29 15 -120 24 70 63 78 45 56 89 -19 -30 84 -74 25 31 -98 3 -64 -2 -101 -116 39 92 120 122
19 53 -124 2 73 -64 24 -93 -23 -61 28 47 -92 -94 -114 -128 89 -51 -103 19 55 79 -38 104 -43 -41 45 -58 -95 -126 -123 84 114 -44 73 -22 69 110 -20 41 -20 -119 41 -21 104 106 -93 -32 39 46 -121 -52 -117 11 -13 9 6 -64 -9 -59 105 -75 -29 -90 98 82 61 78 -1 -20 58 -55 -94 110 -109 -128 -22 91 -115 22 83 36 -58 11 76 -54 41 66 -52 2 32 104 -5 -98 -56 0 -92 27 94 28 48 -87 112 53 -88 2 -78 -45 87 111 -46 -107 48 -50 -93 -79 104 123 -58 -120 -64 -82 121 49 -59 1 77 -87 -49 37 -60 11 -53 -2 -49 -6 33 -34 119 44 21 -115 -110 -101 -87 78 99 -104 97 -127 -24 113 41 -126 -123 98 -39 21 92 -44 56 -107 120 -98 -103 -68 -106 127 -107 125 -2 43 39 77 70 46 -27 12 -71 -20 -42 -108 -77 -80 -31 -96 81 108 -14 87 -71 -110 -35 10 26 -35 -36 -113 18 79 99 -72 -44 47 62 -29 -68 -34 86 110 126 -115 34 -95 55 -3 9 27 64 86 86 -124 90 -72 106 2 27 81 92 -59 -93 25 64 -36 -30 -87 -38 -3 38 -30 -94 28 -59 34 7 40 3 48 16 -67 -87 -92 108 -15 68 -13 -122 -23 12 -6 104 -88 -98 15 11 -56 -102 -127 19 9 -80 -70 14 -55 -70 -52 -47 -126 47 114 -113 60 -101 27 98 71 -100 -19 -124 -18 -122 80 35 -63 -18 4 87 100 -122 -120 92 -126 -60 -44 109 53 8 -42 -57 51 62 37 -85 -54 63 -116 36 19 24 117 -65 112 -84 -51 -109 101 -96 29 -46 -69 -64 -72 -23 37 65 32 8 91 26 113 -119 81 5 75 27 -127 123 -21 1 -78 50 -69 -19 38 -68 -83 6 108 64 -55 -85 73 -5 -75 -108 26 44 105 98 -102 -16 -126 -32 116 -15 43 -100 25 -27 74 3 34 21 -84 -120 37 89 68 26 17 -85 120 123 -66 -99 32 -67 51 122 65 47 45 -40 -115 -119 -46 53 -35 25 43 -59 -83 11 124 -67 -68 41 4 102 -125 23 84 112 115 49 90 28 -125 89 -108 -92 104 -118 -73 127 30 -104 19 14 -63 -67 -83 -80 -81 -28 -93 17 87 107 -9 63 -27 95 -69 -20 75 -114 52 127 -50 68 -25 -84 -30 -56 114 -10 -68 49 -122 -128 26 24 -94 -3 -53 -112 -39 -45 -71 -98 17 -108 85 75 37 124 71 -21 -108 14 -121 -45 -105 99 58 120 -31 -63 -73 57 58 -45 105 -62 -80 -65 -83 80 -111 -41 -126
-92 -125 11 -58 100 -78 -128 -80 -10 24 -115 -118 -112 73 20 -70 -18 60 -125 26 8 2 -124 7 -1 43 117 67 -60 -16 6 112 -73 -33 8 29 64 -77 75 -114 -97 -103 -75 -97 -2 51 27 -116 35 -6 43 -28 -44 -90 -50 123 -80 33 29 41 -27 71 -50 102 -53 -85 106 -74 78 -6 78 -80 108 -39 -32 34 77 -32 87 -99 91 -108 91 -16 -9 -49 -32 -3 76 -16 31 -88 71 126 15 -54 82 125 -46 71 126 39 -104 74 126 -66 -24 -35 -82 70 -43 -44 -106 70 -28 122 55 -124 90 125 -66 35 -115 112 123 -68 -92 103 102 -68 -36 -49 103 26 -105 -82 74 96 -8 -111 4 32 -106 -80 20 5 21 -43 -122 -49 58 -32 -43 15 -57 42 -102 -93 -17 77 90 20 -25 -54 -38 30 -88 -110 96 39 2 -68 1 28 -62 61 -88 105 -10 92 -34 -60 -11 -46 123 30 100 -20 -3 11 76 47 -112 -7 51 31 -91 -41 -46 125 89 41 57 -68 -28 -9 38 -24 -102 65 35 -2 -84 96 112 22 73 90 -112 119 -110 -32 73 -13 -72 64 8 -104 127 -97 82 56 19 -19 -1 71 43 31 108 -6 72 90 -34 61 96 30 71 91 56 40 -92 30 -50 -80 -18 -101 94 -80 52 -61 -18 48 48 70 43 -92 -101 -54 -39 -122 -79 108 -78 -73 -113 -107 68 0 41 -1 52 -69 29 123 -94 91 48 -25 -2 -115 83 53 -22 -76 3 78 -29 32 3 -56 -39 88 125 -18 9 90 55 -21 58 -22 -46 -2 -64 42 46 103 4 66 110 -42 -46 46 -107 57 49 72 126 87 -43 -55 -68 39 -43 -7 -21 50 -74 87 -16 -7 13 53 104 -70 -92 76 17 -10 86 -55 -39 5 113 80 6 -102 121 66 -51 39 -29 60 -45 0 25 -51 -60 67 -102 -71 -74 -50 -7 7 0 -40 34 -127 90 -20 111 64 -5 29 50 58 -99 114 92 -68 37 -62 -89 29 50 -104 100 -62 21 74 -29 -78 -3 -55 -86 -36 24 -127 19 -5 58 -65 14 63 78 15 45 68 42 112 -48 45 98 104 20 -98 -28 64 61 -104 -128 106 6 -5 -14 -47 -41 -34 -109 88 -82 100 -20 111 106 -41 44 124 -71 -107 83 -26 74 109 54 110 -87 107 -117 -37 -90 -69 -42 41 -44 81 114 -72 114 -4 -58 122 76 -53 -10 -61 19 -34 5 37 47 102 50 -60 122 -46 112 -117 -24 84 90 94 -58 -10 3 -7 -122 115 -101 -69 18 2 97 80 -121 -127 95 -40 106 92 -25 -36
-99 108 119 118 -10 -127 -65 -107 -22 -43 -53 117 -89 116 -93 45 83 -67 -108 -71 -116 58 -86 6 108 90 -8 -60 81 66 90 -50 48 52 40 99 -67 -26 8 -16 -21 26 27 80 -85 95 61 36 -25 62 53 -60 -91 -106 45 28 -89 105 121 -110 -82 55 -94 11 -118 67 -30 -77 94 110 -85 -60 -101 77 -59 -96 -47 26 -22 -123 77 95 101 12 112 88 87 -49 36 -83 50 2 -113 -28 45 -40 -49 101 90 104 -91 49 80 -114 5 30 -90 -82 112 -68 37 -9 -79 -76 101 42 38 118 31 79 -14 40 42 -82 116 43 -58 12 -116 79 -38 -45 17 101 9 36 -47 76 7 93 -98 -94 40 -94 -8 -119 -23 -47 -72 6 -40 -19 34 -43 -26 -64 24 80 -82 6 119 -25 -29 -59 -56 114 -63 75 -17 46 109 -44 -93 -21 -68 -118 -85 107 72 76 15 66 -2 -76 -99 0 59 -99 -20 -71 -24 -23 66 -42 -13 49 -70 -123 90 -54 83 -90 -90 105 -94 108 34 68 67 44 11 81 -108 -119 56 125 72 -26 46 -117 -48 -27 -86 -85 -65 -76 60 86 114 20 8 39 10 19 21 48 -122 49 -62 100 113 63 21 -95 95 77 60 58 -50 101 58 35 -23 -118 -111 83 119 -54 97 -29 -18 49 28 14 17 -112 5 90 65 9 20 47 -113 48 -43 42 14 -117 -13 79 30 -9 42 -118 62 -31 123 -81 -12 -7 -39 21 -68 -18 -22 -82 25 52 -96 -70 -42 -21 -83 110 -9 -119 127 12 108 92 45 29 107 63 -32 -43 -112 -75 -88 -43 89 45 -17 -17 -55 16 -84 124 78 117 -18 -24 88 -7 83 73 -128 123 49 101 -119 -101 126 54 97 -127 -47 48 -67 0 123 2 -55 -113 57 94 81 -21 87 19 55 -128 -15 -119 -65 40 -37 44 -86 -23 -102 67 -62 97 -106 -31 121 -122 -79 86 99 -78 77 -30 -83 -112 69 -85 113 -115 113 -18 -53 87 29 -27 -60 45 59 41 -52 28 -100 67 -115 122 41 40 53 56 118 13 -124 53 68 -19 87 -91 99 4 99 71 95 9 -32 1 53 -50 46 -88 -30 46 40 -81 -29 -104 89 58 22 -29 -119 89 107 108 -48 -15 118 -76 -26 -100 75 55 116 -92 90 -66 -36 -4 115 -37 59 7 86 29 55 -52 9 17 0 101 -34 -75 122 37 115 20 106 -79 113 12 75 1 118 -94 -110 -57 21 -3 37 115 -39 106 29 -61 -70 -71 87 127 84 33 54 -116 63 82 -24 -27 -88 -22 -78 -101 20 23
-72 106 56 46 -105 -31 -73 -98 61 -2 8 21 -104 101 -57 108 -50 70 81 97 -79 -61 66 -37 112 62 -122 -103 -128 32 115 -53 105 40 0 124 -121 -87 -107 -38 126 -53 21 -42 -61 86 -104 101 23 -57 8 -57 -57 -114 -102 71 -81 -6 -111 -74 -60 -69 -76 -121 -84 86 53 81 18 98 -81 -107 9 115 -104 -79 -51 -4 -6 101 -41 76 82 20 121 121 54 -50 -27 43 -27 -5 41 -63 -51 94 -34 -103 -98 -24 -115 109 54 -42 -120 -95 -13 -49 13 122 -22 -89 -49 -71 71 -53 -43 -62 40 34 105 36 -74 15 78 0 120 79 -62 87 -5 115 -50 43 -122 44 -88 31 -104 -2 12 -115 -48 123 22 -71 -76 -78 127 46 -35 -72 36 4 -118 -117 102 76 31 89 -77 -30 -85 46 89 64 -1 -114 84 43 -108 41 0 -52 -94 -89 36 73 -91 -95 -72 -4 36 119 3 -50 101 -110 -81 68 73 113 -126 -103 68 -71 33 -3 -81 100 95 -20 101 -100 -61 13 -1 92 28 -104 -123 -107 -81 101 -120 96 -78 108 61 -52 19 -37 37 -1 28 -4 100 -56 -128 109 -97 -5 69 65 19 16 -98 -110 39 126 -13 -9 -31 -3 1 -99 54 -5 56 86 -4 -111 77 59 15 10 80 12 124 -111 51 -72 3 -7 114 23 91 -66 114 20 36 36 112 51 126 -12 25 -19 48 78 -72 -26 101 11 89 -29 28 -99 -121 27 9 -82 62 15 -123 -128 29 84 -109 -38 87 4 -3 -69 105 -17 -80 46 99 -115 -28 106 -95 -80 -10 22 33 90 -82 -41 111 122 -126 34 -61 127 -68 85 31 1 -14 -68 -52 123 -1 90 -23 64 -33 -123 -113 68 -72 -32 62 -35 60 -33 117 -56 8 -109 98 8 96 78 62 97 -94 123 -85 27 94 -40 -60 -125 -72 -84 -73 -122 -76 -73 -10 -87 60 113 121 -10 -46 7 -72 6 -104 -63 -27 92 73 56 -66 125 -47 39 -62 -104 101 -31 -118 126 -16 61 -100 -120 -29 19 43 119 -45 6 -25 -86 -71 64 -114 -60 -79 66 -69 71 5 85 -27 -46 6 97 31 121 86 8 125 -101 110 -69 -14 38 -11 -25 -112 10 44 30 -40 88 65 -53 100 -62 115 91 -6 -43 -9 -13 -93 -110 -25 1 -25 -94 -66 71 -38 -72 53 72 -59 -5 121 4 -92 -126 -54 75 -8 -54 -26 -30 -76 -112 -59 -63 -50 -3 -65 111 -21 54 5 -61 -127 -112 -29 56 -126 -57 -58 -59 25 115 -120 40 109 120 8 -78 34 -127 -50 62 61 106 95 -32
114 52 -67 -33 -41 96 20 102 -111 94 -52 46 5 -77 60 -33 -99 -117 -92 -108 -10 -67 -57 -53 -64 -44 10 42 -49 64 -17 -8 -26 -77 102 27 4 -95 63 -23 112 102 39 -86 15 30 54 -1 -121 -114 114 96 -14 -9 30 100 -117 53 -5 -14 -90 107 -113 -45 -82 125 112 99 -15 33 37 38 -50 -20 0 59 -124 97 12 -78 6 -35 107 -60 77 -71 -49 83 -16 50 81 13 69 -118 -19 65 -70 13 61 -114 41 113 71 65 41 -122 120 -90 29 3 110 -8 74 -107 92 11 9 81 63 14 -122 54 -38 37 -24 3 3 56 -74 95 -83 4 -20 74 -125 8 -54 109 -28 19 -94 -121 -93 87 33 28 38 27 -109 -21 77 34 20 92 -83 52 126 95 113 126 -106 -101 -94 69 -23 -8 -48 -10 56 127 99 -50 -7 -71 44 76 -69 70 -40 112 33 -5 -17 -48 -80 95 -122 -80 87 -75 82 -92 -54 -127 103 95 111 82 43 -98 91 15 112 23 12 59 -122 -128 -74 -80 -76 -2 27 88 24 -71 53 122 -125 -95 -56 125 85 12 -4 -5 49 -81 -60 -3 -83 -12 65 23 16 -99 34 124 47 -55 55 -74 66 -56 -105 -5 -38 75 -31 21 36 48 110 7 19 120 -107 -52 0 91 102 70 95 -60 -78 89 97 -48 -110 112 -49 21 -36 57 39 72 -68 -114 -44 97 -111 -100 -103 60 -8 -124 3 4 -25 116 -84 108 84 -37 -12 -57 -119 0 125 -23 -37 27 -54 41 -123 70 -105 17 -93 21 33 81 31 -103 17 -20 74 10 -11 -26 -36 -32 67 -56 103 86 44 -33 92 -104 -104 -123 -68 107 -20 -51 -57 45 32 -90 53 71 -33 50 -110 -97 53 83 -123 24 -45 7 -59 -63 87 -48 -118 -75 65 88 -8 117 -49 48 74 -20 -110 -15 108 -117 69 -49 -108 -84 -63 -8 -50 -50 78 97 -52 5 4 86 -95 3 -59 -58 75 -49 -95 75 51 117 45 7 -35 43 -5 91 121 -63 -75 45 -16 -21 95 -86 -98 -75 81 1 -3 -106 -94 30 -15 -25 70 76 -74 -78 99 123 -48 121 -78 -113 -4 -63 -81 109 113 81 -38 115 -68 0 20 82 -34 -70 -116 -5 118 56 33 -96 -49 103 -15 47 38 -49 -42 -36 -16 -59 47 -54 127 -65 95 -36 97 -72 95 35 -57 -36 -54 -112 -49 38 -6 -67 -99 -88 -37 -57 31 -114 -115 -47 -12 73 -99 14 -30 64 25 14 69 72 -74 32 99 -95 -117 67 -58 59 55 -43 9 -111 -85 106 24 -24 117 -114
74 -108 32 -90 -93 43 49 8 58 -51 68 -97 121 -28 -79 -116 -81 -96 74 5 -32 46 71 2 -74 24 -58 16 -19 -81 109 -16 109 114 -81 59 44 62 -104 70 -68 -116 110 94 5 104 86 125 105 16 83 -17 61 -65 106 85 -71 59 109 -3 32 116 30 74 116 38 30 88 97 -22 10 61 -117 -23 50 -55 100 -128 -17 9 3 -118 -86 -121 -1 36 -114 34 -119 -86 -77 89 -103 -48 54 -90 -51 -52 22 122 49 -41 -35 96 -6 81 116 -103 101 74 -73 -85 23 115 91 -111 -110 -89 -93 74 13 2 -53 -63 -107 14 -90 -4 10 20 49 68 -40 -49 -106 83 -69 118 28 111 -106 -66 107 36 71 -36 -78 117 -15 -88 108 -26 15 -19 -37 -75 -95 51 66 -6 -76 106 -25 -121 36 -85 -44 -122 -104 69 82 -64 39 -33 82 -18 68 87 -101 87 80 39 18 -9 -94 105 -64 90 95 -43 122 34 79 74 -62 86 -79 47 -20 -61 12 -39 115 -28 -98 106 -37 45 -24 116 -60 44 -44 -69 -106 -73 95 -63 20 -100 118 60 0 -7 -68 44 -82 -88 96 86 17 45 58 0 -83 118 -15 32 -32 5 97 48 18 -57 -56 81 -62 -20 -62 0 -41 -34 109 122 32 69 -102 21 23 -74 -19 -94 -59 -88 80 103 -127 8 -117 -109 -77 -93 57 125 5 58 -71 36 10 -11 108 -66 -22 63 -48 -112 89 -76 -89 53 -117 -106 -128 112 73 67 30 -61 -6 69 11 96 -48 123 40 -25 -15 72 -54 -65 9 -113 90 64 -70 92 -86 88 -75 15 -38 -72 45 59 46 -65 110 93 -67 61 21 -120 32 29 -6 49 -7 84 -101 15 -97 71 85 65 82 -23 19 -19 71 104 14 -4 110 93 71 -41 -50 -127 85 -100 -2 -125 29 75 42 -5 44 32 -2 74 -64 86 47 65 85 98 15 107 -22 49 -113 16 94 -32 -114 -26 99 60 -95 -110 -55 -125 45 -32 -6 -3 19 -1 -43 50 -110 -79 -17 -38 22 -62 127 64 92 63 67 -90 -3 -50 27 -128 -30 116 92 -124 61 78 90 12 54 -113 22 18 -36 86 -96 98 -53 -68 -70 117 -98 -126 64 -44 -58 -66 -111 -114 70 -100 126 23 39 0 -114 63 77 -68 -107 -15 -24 78 118 -21 45 98 9 -41 -71 -61 -101 -87 89 -45 83 -122 -94 -27 15 45 40 -105 2 124 20 11 40 106 -84 41 -32 17 97 66 -14 -52 -32 -15 57 6 -12 39 -100 -39 -42 23 -118 -47 -17 24 -63 -126 -1 107 47 -77
86 8 -114 -98 -104 -54 11 124 -101 38 108 -35 -43 26 109 -46 70 -114 -117 -89 39 122 84 5 103 17 86 58 -15 -121 1 -126 94 66 -17 107 24 -10 119 24 -16 100 -55 -52 -36 -48 -5 -72 -52 21 58 119 93 -127 115 76 103 6 -65 -74 -111 93 -35 -110 103 110 -11 -38 34 121 68 109 -54 -104 63 0 76 107 98 -67 -107 -86 24 -72 -92 66 -19 -13 -115 -127 68 -38 60 0 -71 74 -65 116 76 -35 -55 -33 -74 38 -10 -54 -95 122 -49 -13 -18 119 -52 -40 69 -119 115 113 -14 68 48 99 15 -19 -52 93 -106 79 -12 83 92 -111 -49 -124 -121 -13 63 19 79 -86 -112 57 -55 -94 54 31 -116 -39 17 113 98 77 -13 105 -45 117 77 71 -77 -51 -23 -21 -19 67 102 -26 -97 111 -82 34 -95 -61 -34 115 33 45 -92 -121 -2 59 -110 -18 27 29 -92 -127 -111 51 -7 -5 90 -84 -43 -104 -39 37 -35 5 -94 -51 -80 -123 1 -69 -45 101 85 -4 46 5 40 -87 85 45 -110 -8 -79 40 -18 -99 -78 -73 -56 44 -36 -52 -111 -36 53 -10 -5 -58 70 16 -1 -19 127 71 -80 -1 35 1 85 -104 -18 46 64 -88 -71 -100 46 -28 8 -42 70 -126 -79 -67 91 71 -93 58 63 51 115 -18 -76 -113 90 -92 -120 107 50 4 -54 -83 127 -104 -60 121 44 -103 127 68 122 -66 -111 -111 -76 -19 17 119 -54 31 -83 66 -128 -104 -81 -118 -51 88 75 88 -98 36 -3 -42 93 -52 6 30 27 -7 31 -70 70 50 -69 16 6 10 -41 53 -2 -72 -18 37 -12 103 -37 91 -114 -33 -65 21 -19 -44 7 121 -10 -43 60 28 11 -58 72 -52 -42 64 -78 -115 -125 108 -15 25 85 66 87 99 -85 42 -95 -47 -52 72 -113 -40 118 -103 93 6 -11 66 -43 70 -97 38 1 0 -113 -25 -87 63 -106 94 63 -73 -89 -38 -75 -111 -59 92 120 71 -61 -118 29 -113 -15 117 -123 102 -115 125 65 44 98 98 -52 -127 -117 59 92 50 107 72 12 104 -82 14 68 -69 -7 95 -8 50 25 111 -9 -14 -22 -67 -41 -78 23 -64 -97 -122 18 -10 33 30 47 -31 -102 -101 110 119 -30 12 -103 -61 25 32 -114 -7 21 -107 63 15 116 34 -88 121 63 -127 -123 -3 -8 -101 -23 127 32 -9 95 88 -5 89 -44 -110 32 -81 112 15 34 -30 121 42 -38 -122 12 87 91 -127 -11 77 -30 -89 -27 -112 -103 -23 1 -50 -48 -16 17 -68 92 -90
-46 17 27 -116 -86 103 -15 28 15 -21 72 14 107 39 115 109 -34 -106 35 -16 3 14 65 -37 -85 -20 24 107 39 58 41 56 71 23 -61 -119 -121 62 84 44 3 -128 -15 30 -73 -1 2 -97 56 -119 2 104 -5 94 -38 58 115 124 -82 -119 -72 -121 92 -22 49 63 -28 -106 -109 -80 27 -101 -124 -92 88 -70 -22 -53 -108 124 118 21 18 73 -90 -73 96 4 22 -116 13 -55 -96 -95 119 81 -79 77 -124 48 -77 100 -51 -121 -26 98 40 -17 -115 -75 56 122 -74 9 -102 74 38 75 -20 104 -79 98 14 -65 54 122 -124 72 -120 -79 103 -1 97 6 -67 -66 37 96 -98 44 -60 103 -67 32 19 40 118 0 -126 42 -5 8 96 -41 -127 82 56 19 -58 -108 -4 90 43 126 -2 -119 -87 -19 -92 73 40 -68 36 -107 -6 -15 104 -8 12 36 12 104 66 -111 -119 -105 -108 48 4 75 5 -91 111 110 -77 89 -41 44 104 -57 58 -37 -108 -45 32 -26 44 -127 -18 -47 69 40 30 6 87 121 67 -67 15 57 -72 -3 -69 67 117 -1 55 53 -117 -64 -107 106 120 113 127 -36 88 109 4 37 37 -92 -58 126 -58 112 -117 -8 -74 -82 -86 -103 43 -86 -44 73 113 102 -8 101 98 -88 10 112 -115 -109 94 112 95 -87 83 -89 -64 85 83 110 74 -85 58 34 13 38 111 31 115 -69 -18 -104 -15 -91 110 -27 105 -106 -19 1 -43 -18 90 6 121 58 -52 -30 -36 87 -121 23 -9 44 112 -106 103 114 -21 12 14 -34 -49 -67 24 87 45 5 115 -26 102 109 100 98 -16 -84 103 -124 -5 0 114 116 -50 58 27 -2 19 -92 27 -1 -77 121 -57 77 14 98 -69 72 43 -84 -34 -50 -90 -125 -44 -101 -7 114 5 57 -121 86 7 107 33 13 47 -57 -9 -45 -45 -110 -91 16 -102 -92 -92 110 75 107 23 88 96 -43 -58 58 -20 -104 42 -5 82 -48 52 3 -121 76 -56 29 -116 -123 3 27 65 -88 81 -61 104 100 81 -33 21 60 60 77 91 -35 -118 35 74 -50 -118 -79 -82 77 67 2 26 -47 57 71 -50 36 -36 23 -128 57 94 45 -126 -39 80 -31 73 -3 74 107 -109 124 84 -9 26 53 110 126 127 -39 -43 -10 11 -10 62 38 13 -91 -97 -27 -120 -7 20 -43 -40 -108 109 -90 -59 78 127 126 54 -60 62 101 -21 11 -71 113 96 -127 -33 -91 1 -87 -48 87 -43 -121 71 24 -58 73 49 -68 -30 -67 123 -26
-31 -48 55 -20 76 -123 -112 -56 -80 -56 -75 -114 81 66 37 37 -27 -30 56 -95 -63 -60 39 6 -115 -18 39 73 -2 -117 34 108 25 40 34 34 72 124 67 -85 -12 -10 97 -109 -96 52 87 -64 -19 18 101 -114 89 42 106 -67 45 -25 -75 -107 39 -25 -43 106 97 -13 114 -33 -6 50 -112 -31 -128 62 -28 100 -45 -73 2 -95 122 -128 36 11 -98 93 3 -35 -14 -108 -7 -9 35 65 89 -117 64 -100 52 47 65 38 91 -56 38 -59 -43 -8 -114 33 -66 -110 -40 4 126 -60 46 122 13 -60 94 121 -87 -22 0 30 -28 100 -3 -102 13 32 -24 72 -2 67 42 30 -119 125 -84 -95 9 52 -115 72 43 47 106 62 23 34 -111 -62 70 64 -80 123 -41 -31 40 -2 97 -6 -85 -26 -115 -110 -1 -68 37 51 57 24 -51 18 -127 76 103 -85 58 -83 54 -15 43 -126 14 59 -102 111 48 28 63 95 -42 109 -79 9 75 7 31 70 48 -43 57 -50 13 28 -54 -100 -81 -123 -102 39 13 -58 -43 -43 74 79 43 -99 -57 -101 84 26 -92 74 -8 -49 -56 82 -84 108 71 -31 0 -125 -94 -41 -98 -61 38 -10 33 -119 -72 44 19 -119 122 32 114 -21 19 -22 -125 108 35 -64 -57 -73 38 16 -73 -7 77 116 75 -50 -46 -88 46 126 -51 -38 64 113 108 19 99 115 92 62 -128 -40 125 -121 -54 -112 124 -32 -10 -42 82 -63 -100 21 104 -20 67 87 -35 -24 -107 45 76 74 -105 54 32 -56 57 -25 46 -64 -110 -112 35 30 -115 -90 4 24 19 -20 -84 75 -115 107 0 52 -7 102 72 -31 -17 -55 69 -125 -39 30 37 -109 30 49 126 11 4 -84 30 -125 62 33 42 62 12 117 2 113 -104 111 -53 62 -74 -71 76 -115 -6 63 109 -127 -117 -81 54 -80 85 -63 -60 54 -116 34 -57 28 43 95 -121 -31 24 -125 -128 68 -109 86 31 -65 20 -91 -121 27 -51 -125 -127 17 -1 -18 -11 -119 -71 -41 10 92 -86 -94 -78 30 -114 78 -27 -65 -67 -58 -3 10 -54 -76 23 9 59 0 89 41 -51 17 96 72 110 99 -63 114 -46 54 82 -18 -14 11 -68 68 74 123 -101 115 -89 34 89 -58 79 32 -90 70 -92 3 -50 -127 -33 -119 24 42 -86 53 44 94 65 -95 91 72 15 -42 -52 -34 43 84 -30 -34 -12 -107 34 -46 -113 101 -76 -1 -63 14 -82 37 114 -37 -69 48 113 48 45 -35 102 -52 109 -61 -115 -96 121 -40
-108 -15 12 17 85 -119 68 -65 116 40 -58 126 -100 -36 -125 121 -58 -33 -14 -122 -8 6 -47 21 -37 89 -35 24 -82 12 -3 15 -70 10 -89 107 107 -83 124 -67 40 3 3 54 -61 59 -3 54 52 107 55 127 -1 4 56 -110 113 -42 -97 -32 19 117 22 111 -4 103 -88 43 -23 31 -82 -38 -21 4 -53 -77 -45 -84 -107 31 8 -2 62 -55 -43 4 111 90 -122 -70 -119 -51 66 90 -111 10 13 89 -91 -58 9 -93 -47 2 -38 87 -125 92 -66 46 43 93 -71 -76 -39 -25 -33 -76 -82 88 88 -11 -62 -88 119 -70 103 -30 -60 -104 -54 125 12 -77 -124 8 -94 -101 57 15 -39 87 36 -116 21 -54 30 11 -96 3 126 14 -85 47 7 -51 -26 47 13 -84 -108 92 -85 90 82 48 86 -122 -117 -24 63 -105 -121 32 89 -102 73 -122 75 -54 -110 95 -89 22 -97 -71 -125 -127 -78 6 88 10 109 108 10 64 -18 51 80 57 1 84 47 -122 -53 47 39 62 20 11 90 97 108 73 50 -97 -4 -86 56 -95 -6 -86 5 114 29 48 -45 45 -61 4 -17 -2 98 100 -25 -8 105 -41 101 -8 105 -110 105 49 35 106 -35 2 -64 -125 122 54 -114 -12 -79 -106 -100 119 62 -77 34 -53 75 -11 21 8 -32 -30 -115 -97 -71 23 -76 -68 -58 73 -24 -88 -9 -73 -32 -63 119 -77 -110 35 16 40 113 -128 45 32 -25 -51 3 31 82 -97 83 -42 116 5 27 118 -45 18 30 -42 -75 -47 -25 -117 -86 115 23 -45 -75 72 77 -127 94 -7 -23 -128 -39 -16 84 -21 84 -90 -91 56 82 99 -78 -4 34 -124 -55 105 71 70 -90 -80 72 78 51 -126 -55 -124 -48 -125 -40 -12 -18 127 -98 68 -20 -61 110 123 -80 -45 73 36 -54 -128 -32 28 -32 -79 -96 9 120 -49 -72 -39 -71 69 47 31 -7 8 69 104 -15 77 -105 -36 108 -72 -80 26 -105 110 -2 124 -37 13 100 -15 28 -75 62 34 63 114 103 116 20 -68 80 -74 -51 83 -116 84 -121 -53 83 -69 -11 -26 13 95 -45 103 41 90 81 -45 -114 -78 -8 100 59 90 -37 -5 -62 -2 68 -18 127 117 -37 44 56 -16 47 12 -122 -72 -112 -52 123 17 -83 -2 84 8 58 70 -112 60 10 -108 -32 10 8 -125 93 79 -123 79 -54 -8 34 -77 -104 20 45 15 -8 -118 53 -74 -44 -89 -18 -73 -18 114 -95 -94 46 -64 -91 -83 -18 -70 -11 -23 117 28 -96 -45 -52 11 10 102
-96 -58 -93 -27 -47 -95 23 -56 -32 -123 93 12 114 -123 11 -45 -57 -1 41 -104 -104 72 -79 -33 -8 -124 -30 79 -124 -40 -105 107 87 98 -93 -65 52 -21 17 -21 96 -16 35 108 -93 -21 -127 -31 -103 -59 67 71 97 -73 77 -107 -94 0 40 -19 80 79 -72 -29 -112 91 33 -42 78 -128 28 40 -6 -108 -89 -71 -23 38 108 127 -3 -109 125 43 76 29 3 -93 -101 68 -73 39 -15 94 -102 -64 -20 102 -65 126 84 55 -25 44 12 116 -90 10 12 -88 -46 103 57 -52 -121 -31 124 49 -43 -105 86 9 57 9 -127 112 104 112 -127 90 89 -56 -69 123 64 102 -82 -83 29 69 -79 -37 -105 -38 -101 -66 127 65 106 17 96 0 99 -21 100 -118 125 69 0 53 23 -44 39 38 -68 44 11 93 -8 35 -36 -56 -113 15 114 -80 81 39 116 -66 -128 66 -71 -58 92 66 -94 -25 99 -13 -26 -122 117 -106 -6 -126 102 65 -67 -125 -40 49 52 25 -114 -12 -102 -94 -74 86 33 69 -49 -3 -114 88 13 -69 25 125 105 -53 -72 110 -68 -116 105 61 -25 99 86 18 53 26 44 114 6 67 -105 105 -86 -44 -54 20 -32 -102 -91 -120 34 -60 12 88 -119 125 19 126 122 91 70 -51 -47 -34 77 -105 -42 -92 74 -103 -29 -41 46 96 91 121 84 -73 -38 -25 87 -29 -38 -5 -11 -99 -36 124 -101 120 -11 -104 84 -54 -106 65 -90 -66 53 -21 -2 -35 66 53 -99 -94 -16 -43 16 68 45 -79 82 114 120 96 31 -93 -29 -8 115 -4 -15 -97 39 -89 75 0 6 75 116 -84 -33 18 -19 -28 -5 41 -30 -37 111 -10 -60 10 127 70 -75 50 10 116 -112 -114 -113 54 99 -20 -42 110 73 -85 38 10 -123 11 -20 -63 -80 35 81 72 84 -55 -34 -29 -44 -25 98 89 70 -52 -53 -7 -1 33 95 120 54 50 -81 62 10 10 -33 -65 92 45 28 51 -33 17 -85 -34 -75 115 -73 -48 34 -43 53 77 67 34 -10 29 -4 84 80 -82 112 124 -75 67 58 -91 -62 -116 12 -119 -3 -68 -35 105 21 -69 -81 107 71 70 125 105 36 -35 122 124 70 -11 -24 -55 -96 -69 -95 120 -28 -44 14 37 -90 -68 29 126 -90 -114 -63 80 -15 71 77 38 -80 -120 78 53 13 102 -62 -110 -82 95 -16 43 -92 -113 125 50 16 28 89 -115 19 86 71 72 28 -1 -83 11 -122 88 120 56 -101 115 31 -98 36 -69 -38 74 -60 -67 -78 -63 105 127
103 -120 -125 19 -18 -48 2 -20 -39 -42 -70 9 121 44 5 -77 104 -76 -109 1 -35 -50 -24 -55 -125 -43 23 127 -119 -49 57 68 -123 -64 -70 28 -83 -122 87 -52 -49 -112 -96 70 -93 -93 57 -35 -81 -111 -4 -41 54 -21 -15 -122 -23 32 86 101 114 123 -63 47 23 78 -9 43 -99 -6 -78 -20 75 47 38 -2 92 22 103 46 -69 27 -117 -36 103 -115 51 -86 15 97 45 -9 -8 64 -87 30 -9 -105 85 32 15 113 42 4 -65 123 -45 22 -116 -118 5 -5 48 44 124 53 -21 77 -31 112 -48 47 -25 20 80 -22 73 -92 -14 -15 15 119 -20 2 44 -2 -31 87 -128 -121 75 95 46 -15 97 68 86 91 103 87 4 -17 57 -56 120 48 -55 125 38 110 -81 53 -128 63 56 -52 -51 -100 -8 -108 53 98 -119 -108 22 -29 -61 -23 33 82 113 -88 -123 101 73 105 -1 111 84 -61 111 74 -82 -125 -98 -1 88 113 21 -106 67 -60 -83 -83 38 17 -33 7 38 74 -14 -71 -84 60 34 43 122 123 -104 92 -64 -115 -112 74 -84 -79 70 -53 -27 -88 84 120 -118 -128 -47 120 -106 -75 -4 -122 72 46 50 -64 115 43 26 -119 51 125 119 10 62 116 90 31 -40 36 20 61 7 -108 -16 -47 123 94 -14 -97 -52 3 42 126 47 -51 8 -32 111 -100 -36 107 -75 39 -14 28 5 -101 -36 -3 -117 46 54 -72 117 -50 47 -67 -17 21 30 -91 62 20 5 77 43 5 -57 1 -111 3 51 13 -113 5 -121 -54 -95 -29 -68 -67 -102 -9 -115 17 72 83 45 57 103 -44 112 -70 -113 -97 50 70 -101 -102 12 42 95 -45 111 -128 108 41 -101 -80 -10 -83 -82 -62 -99 -92 18 69 112 95 28 4 -101 -71 119 -61 -112 -34 24 57 -69 25 24 96 -21 -72 -72 50 50 126 59 56 48 -60 -94 75 110 -109 36 10 -114 45 -12 109 16 92 -62 3 -26 94 -51 -118 104 56 34 -89 37 -66 -25 -21 108 -26 -31 -76 102 -1 -50 70 -22 62 116 -119 38 -44 -3 126 -126 -69 -12 -94 -63 -39 -90 63 -33 -45 -122 102 -5 124 -13 33 -105 -88 26 -19 -1 -74 25 -77 118 126 72 -47 62 -117 -108 -46 42 -19 -35 -1 -100 -11 -7 39 -15 62 86 110 12 26 64 74 -122 56 51 -67 71 -31 85 -25 -30 11 -10 -36 -110 86 -101 90 -69 -126 -31 -110 123 -24 127 90 -85 -68 78 11 -56 71 95 124 27 80 112 -15 -83 104 50 69
-25 -123 67 -50 26 85 47 -104 107 -99 106 -110 -64 -105 -89 62 124 -113 41 51 -118 87 11 17 -55 6 -95 112 -37 -76 78 45 -34 14 -11 -89 32 122 -121 12 -34 -73 -1 -5 12 70 12 -99 -80 68 115 82 -21 -80 114 113 79 -82 41 -40 88 -112 99 45 12 -109 -66 56 11 -53 -59 -105 118 -42 -16 -14 -57 -128 58 -99 79 70 79 -73 51 42 113 2 114 -94 -81 91 78 -52 52 -17 -110 -88 -22 105 45 -91 -98 18 -71 49 -70 -119 99 84 85 63 79 31 -24 85 -115 -115 125 34 17 28 -95 -98 -88 -95 -117 63 -73 -61 -32 -115 -59 49 -53 -15 116 33 23 -105 -14 10 -5 122 97 42 -70 19 -83 51 -77 -1 -88 -14 109 -24 116 -45 -72 -37 -84 -83 17 91 8 -80 95 -63 -72 -31 -63 92 41 -127 -111 -37 -113 89 -39 25 -107 -4 -51 -98 -121 2 -70 -40 -43 -128 -54 -43 -89 93 -121 -115 66 1 -122 -33 43 10 -103 -18 103 -69 77 -71 86 -18 64 27 -127 23 -42 93 23 98 64 21 -83 39 64 78 -9 125 44 55 35 20 -67 12 -22 81 24 46 -1 -45 2 -27 17 53 89 -9 18 -64 -128 -35 -23 -27 17 -48 -11 57 -47 81 -36 111 119 100 122 15 -106 -75 90 -17 9 58 -68 -65 -37 -91 -19 20 100 -122 -119 -128 24 127 100 -40 90 89 -21 -117 -7 -85 108 -114 63 -64 -57 -89 88 79 119 -67 28 -1 -5 93 -27 -36 98 -122 99 -45 -65 96 27 -62 -57 -41 60 85 85 -83 39 12 73 -50 18 -26 99 -15 -23 -62 54 111 63 117 -89 -61 102 -116 -10 4 64 -108 -14 -99 -53 71 -82 33 -89 -36 3 -87 120 23 65 118 -81 105 -102 87 -45 -85 -3 96 106 116 50 108 -125 -102 -78 -111 -2 -31 54 -50 73 -100 -15 -96 83 -85 33 34 -113 88 -64 -23 97 27 -127 -86 23 88 -105 -82 74 2 -9 -102 96 102 -125 97 27 78 77 100 16 -44 -116 -9 -99 80 -92 76 -64 48 103 -38 -27 122 -128 -70 -25 90 3 16 112 81 -54 -1 -128 105 87 -94 73 -75 57 -29 106 -53 -115 -51 -64 -114 -69 -125 -90 124 -44 65 -84 -6 -77 -72 121 -112 11 -101 -46 -24 109 43 42 -95 68 95 28 82 -78 61 -69 -92 -112 -66 -59 -91 41 122 12 34 66 -96 91 8 -39 104 86 -70 16 -97 92 -110 -104 46 -23 -57 53 39 -41 -96 96 19 103 25 34 19 -20 20 114 91 -100 108
-101 -83 52 23 -103 66 70 -86 -107 98 -47 19 5 3 96 22 -64 -111 93 81 51 71 45 -88 79 -98 7 -2 17 -35 35 75 78 -19 -3 28 -113 -101 98 -65 77 49 -112 -99 -56 89 96 3 -19 97 32 87 -60 -108 25 76 -50 -85 -57 54 46 -80 -14 -7 30 -70 -68 119 99 9 -26 -29 -52 90 -55 59 19 -24 -2 -98 -32 -126 78 14 69 48 -5 -108 -18 63 74 -91 89 -5 102 -94 -111 41 -41 -54 -88 -120 127 75 -106 -127 89 -12 -69 -14 56 0 -3 74 -35 19 38 -22 64 22 -75 -31 -33 -60 44 -36 -42 101 104 98 52 78 114 -78 -50 1 116 -12 111 -34 -90 -51 10 -42 39 -121 20 -93 -18 19 62 43 -17 -69 126 46 1 -77 -115 -91 -91 58 -43 -98 -44 -60 67 -97 1 65 -4 -123 6 7 116 53 14 -86 109 -67 6 -7 115 127 75 -103 -72 -8 -121 17 -41 -75 -120 89 119 -9 21 33 125 24 -85 -82 -74 -79 96 -73 103 -33 -67 -35 -110 -97 -57 -83 114 -95 57 -66 -89 -35 -22 -119 60 -95 81 20 -25 45 102 -65 33 107 103 100 -110 22 -75 -21 79 114 54 23 -57 29 -101 -73 18 49 -100 34 53 -17 -86 71 -78 -54 -38 -39 -78 -40 -31 -5 -45 -79 -41 -128 -106 -57 -57 71 -97 -86 -88 3 -113 -95 78 54 121 32 126 58 -105 -102 -86 -13 49 -19 -35 -25 -69 47 -24 -59 65 -71 118 -114 -40 9 -13 -27 -32 0 49 78 -109 61 85 -63 15 -90 -32 93 45 -86 -5 93 64 39 -19 108 116 -113 42 36 59 -91 99 -4 -17 -98 92 -82 1 -29 -94 94 -115 -28 104 -72 -33 -94 67 125 47 -34 74 69 -2 31 5 102 -21 69 116 54 -19 30 -17 -38 -51 -100 -126 -75 -14 -49 89 103 38 88 -124 -43 32 -102 -40 -1 23 -35 -105 41 99 48 -75 32 -95 -128 -44 -101 44 105 84 102 94 37 -76 1 63 -24 125 -30 -3 108 59 127 -43 -74 65 -6 -119 -90 -59 -16 43 -78 -109 -58 -99 -83 26 -78 -35 -112 118 -69 -128 -13 1 -101 -106 -100 -80 12 52 25 49 32 -6 -24 -63 -68 -32 -21 21 -67 110 114 23 -89 87 -37 -23 46 126 62 9 40 31 -35 52 -82 -38 -53 100 125 32 55 29 -1 -4 -93 -46 -127 -76 115 -64 -126 -12 -113 42 -49 2 -1 11 67 110 58 109 -67 16 82 -116 69 9 -34 -12 -95 -33 -33 112 -44 7 -78 -87 80 -41 117 -125 33 -58 56
7 104 -56 103 -23 -36 -128 -37 -28 44 8 -126 13 10 -118 -106 -3 68 60 7 104 -68 28 34 58 -46 -104 -71 18 113 121 -89 -12 87 -44 -56 -106 109 8 -110 63 -71 31 -12 -73 32 -95 58 -40 105 -18 65 116 108 -76 36 18 -98 -123 -62 -87 -81 62 -82 -1 121 8 -56 113 -101 -92 110 -25 61 -37 96 114 -79 71 77 -47 -9 -23 62 -45 -50 -74 119 15 67 -69 59 -128 -120 14 -62 47 75 28 14 32 95 54 33 37 -42 71 65 -47 66 38 -18 55 -102 -33 -124 -116 -59 -54 12 -107 -91 2 78 -73 -61 -37 127 -119 -44 -42 33 -127 -34 -15 -115 56 -34 -60 -36 91 80 58 77 -107 -82 46 -17 81 -6 107 56 14 2 89 -13 -76 -89 118 -71 96 -18 4 60 -36 114 -77 41 91 81 96 114 4 90 123 106 120 94 62 -85 0 125 -89 -5 3 -76 -15 -15 44 101 9 18 -93 -96 10 -32 -3 119 -126 50 -53 124 10 -14 -25 33 29 -31 46 -6 77 69 -14 -63 -21 88 119 123 -100 53 35 -37 -73 30 2 -20 -31 57 -41 111 69 111 17 120 76 -79 114 39 39 -39 124 -91 68 -70 92 -79 78 68 -7 -50 -101 -122 103 -52 -14 -53 10 -51 -63 105 7 58 -72 109 -125 -17 -33 -9 123 -10 67 28 44 72 -6 -45 70 -89 -33 23 -75 -27 99 -6 -117 -59 21 21 -70 125 75 -125 -30 57 3 64 -104 -80 -16 -51 -87 -122 75 57 -53 -28 -71 15 -84 -127 -117 -82 47 -113 -77 -10 -53 -2 114 0 -5 103 83 45 -108 121 23 22 60 6 -4 119 107 30 -3 -29 -21 -36 -15 -103 -13 -45 -108 -69 -50 33 -73 5 -128 104 15 -1 100 -88 62 -102 65 -16 -35 39 28 -80 -36 2 122 62 11 65 108 82 127 45 59 -116 65 -26 -72 26 -80 8 76 -120 -85 -75 34 40 -13 9 86 -118 -91 -72 126 59 -86 31 -88 -71 -90 -104 42 99 93 64 75 -108 -25 -75 97 -44 -117 -29 51 50 -101 103 -13 -116 103 -78 -56 59 42 99 96 122 87 75 -76 60 -79 -128 37 3 119 63 -24 102 62 -41 -67 0 83 64 -114 -97 46 77 -49 -55 90 -42 -67 -91 113 93 33 -1 30 48 -49 -95 -117 -102 31 66 2 8 -80 -19 -57 73 -56 -71 90 53 65 -58 82 76 -1 61 115 84 -117 -66 -1 -100 114 -32 88 73 -90 119 98 -12 113 -41 -97 -2 -71 32 -84 80 -81 -54 -95 -23 -101 59 83 124
-65 60 97 112 -75 -22 88 -13 -68 54 -5 -6 -32 104 -26 -126 54 -74 -73 -67 -123 47 11 -8 -107 -2 70 -73 15 -45 103 112 22 9 -101 55 -118 -14 97 -62 48 21 -71 88 3 47 45 0 17 -49 -126 -16 72 -84 58 66 120 -127 -31 84 94 83 55 -6 -9 -30 119 -13 127 -40 -26 -1 2 85 -6 -59 -27 18 42 8 -73 71 -18 18 19 116 -41 39 69 -103 -52 -6 123 24 45 103 35 -126 -93 2 9 122 -100 -24 110 -106 74 -118 127 -64 8 -114 -62 59 93 2 -52 36 80 63 43 -69 -124 -26 79 -91 -51 44 22 -18 61 105 12 105 -102 81 99 8 17 65 -21 122 80 87 37 62 -20 -68 65 34 -95 -99 126 29 22 -75 -56 112 13 71 -105 -46 5 108 -18 22 49 -80 -50 18 101 -22 95 34 -59 70 -5 -46 70 107 -44 -53 -47 84 42 79 -48 -47 117 32 -4 7 -88 25 -53 -2 -119 -66 -106 113 -50 -11 23 -12 -62 93 -4 10 -19 -97 -115 -98 3 75 78 -51 87 -119 -71 -96 65 22 49 88 103 -70 47 59 -84 38 49 62 -51 -60 77 123 -34 -89 -112 -112 -12 17 17 56 14 120 -81 -41 72 122 -58 -93 -94 -72 0 -97 -56 -11 -111 -17 27 -50 -58 31 -64 29 -5 -112 -120 -37 -99 90 61 52 72 -100 10 63 -70 54 43 116 -22 64 -78 37 -120 116 -119 -13 14 -8 -120 60 -62 -71 14 123 -75 -125 -122 82 40 -122 -91 -68 -16 36 -12 91 83 116 -61 60 -64 89 -30 92 -35 -54 36 -44 10 27 -92 -26 -128 66 32 -74 48 -24 -9 -11 -128 126 117 59 -116 115 63 118 127 -57 43 -55 86 53 -50 -3 18 -9 38 82 2 -77 -78 -41 39 -48 126 24 -34 126 78 112 -58 -52 118 26 -105 -74 -25 -124 12 90 -117 1 1 96 55 -9 70 21 13 -104 -122 108 104 -97 96 -113 40 16 121 78 -22 117 27 82 -95 -42 -75 75 104 111 94 -99 -88 39 -102 97 81 6 -45 -83 5 -95 -33 -50 -90 -99 116 -17 22 42 -95 97 -14 -66 112 77 -10 -91 -127 -96 51 62 121 58 -50 -21 72 -57 0 11 -12 -96 -87 -47 12 -54 -75 -126 -126 15 16 93 -81 -47 -100 44 -16 9 8 54 -102 -29 108 -14 53 -71 39 124 92 -4 -30 -69 4 43 90 -56 -16 -90 -40 -128 83 94 -56 -53 -40 -108 -57 -64 40 -12 -75 -54 70 119 29 95 -14 127 -18 69 -27 -63 -40 4 30 111
-47 -43 -123 104 74 -126 -122 93 102 72 84 126 -25 95 -53 -105 0 106 1 -122 49 100 -121 23 23 -37 21 -23 91 -16 -84 81 89 -118 41 -78 106 61 -40 83 -92 55 17 -16 110 -65 69 -45 -17 -76 127 76 -29 113 41 -119 95 110 -8 86 19 60 -81 72 -71 73 -45 -1 -12 50 117 21 64 104 35 38 -73 -14 67 21 60 -80 -74 -36 1 -97 53 -73 70 -122 -122 110 -30 95 -47 84 119 -118 46 -54 -61 -110 -3 117 -105 -38 18 -47 74 14 -18 -59 -64 -30 -23 -9 124 15 100 24 114 103 -42 -95 -58 29 102 -9 123 21 -5 52 -120 -110 -35 -54 -18 -16 -15 62 -109 -60 -65 18 35 -48 -30 -2 4 -27 44 -78 117 105 -25 -108 125 -80 99 108 -110 76 99 -93 -81 36 -58 59 -24 29 36 -86 -121 -120 -67 62 77 -117 -11 -120 -15 -14 91 -76 14 87 -73 26 -3 -14 78 55 112 -42 -69 101 -48 89 14 -25 126 127 -125 -78 -2 11 -8 -38 -63 -40 75 -120 94 69 63 -3 122 27 33 118 -56 70 -36 -60 76 35 88 33 -101 58 -60 43 96 32 -86 -75 -99 46 32 -123 114 -6 -18 69 74 126 89 0 -62 112 92 -1 -102 59 -73 -120 -13 71 -1 -95 98 115 -100 -126 106 -62 24 -64 74 27 -94 -72 -27 127 50 5 -54 -116 18 39 -88 30 -91 -104 -104 -38 39 -94 64 6 -47 86 10 -6 93 8 80 1 -51 -54 -8 -36 -5 82 -1 62 63 2 -81 -8 90 66 125 -26 -23 14 -119 56 -1 78 -34 -126 -7 -2 31 127 -74 -62 -50 -11 -124 -24 -47 55 112 -31 106 -115 -33 89 66 -6 -22 84 -19 55 -60 124 10 -20 -109 63 100 -8 -9 87 1 -53 68 37 -84 -49 108 -59 -4 104 -108 -38 28 -106 106 81 -48 55 9 -127 80 -81 102 -44 -70 -100 98 83 126 63 102 40 118 95 44 10 -72 -73 124 -112 -90 74 -82 109 94 63 -96 16 74 -81 3 70 -117 -114 71 -64 -26 -110 44 34 48 111 -36 -58 115 106 -66 41 -66 59 123 -58 4 -96 -103 -30 30 -40 -62 127 -15 -51 23 -32 -50 -119 -1 110 -8 -13 55 -7 114 -61 -8 28 -14 -3 -73 103 52 56 -95 -20 -12 -64 -10 59 112 -59 34 -83 117 14 118 110 39 -18 -20 -60 -105 -110 -98 -33 122 -20 20 -12 11 97 -3 99 31 9 -49 115 -38 6 85 120 118 -122 -49 19 108 -66 -97 67 3 -10 20 31 -83 110 93 52
46 35 -108 -83 -66 -70 -43 -28 -118 110 -105 -48 -23 -69 -69 -75 98 -119 82 77 3 10 19 73 -57 -93 11 -44 89 -56 28 41 84 31 15 -95 98 -96 -82 -112 -55 73 91 -48 -102 -22 66 68 -14 88 72 101 -72 71 78 -15 9 41 106 -15 41 -102 -45 -92 -15 73 -118 -64 -45 3 -122 -83 122 95 0 -46 95 99 26 105 -89 -45 -107 -63 125 125 11 -113 -77 21 -1 50 -17 51 -61 42 -2 -24 -64 -90 37 12 -120 117 -117 43 -109 67 88 -87 68 -52 26 -106 55 -78 127 127 44 61 -118 -89 -33 -52 105 64 -127 24 -33 -39 -60 14 30 -73 -86 75 89 56 78 -12 39 -128 -16 38 89 -99 66 -27 34 -3 110 -99 120 88 -6 3 51 -46 17 -42 34 -24 38 -4 53 -82 77 -15 -122 71 -125 43 -83 37 -38 -114 110 37 103 -126 -84 49 3 -16 36 47 119 60 -24 -71 115 92 80 56 -112 -122 34 11 -122 -28 -33 -69 89 37 -72 76 -40 -122 114 -96 94 -51 124 -26 82 -60 -42 -39 -39 -74 -89 75 116 13 -116 -44 -18 78 14 -114 2 -87 83 26 -97 -2 -108 -41 93 32 117 -6 -71 91 -107 -26 120 33 -107 -36 -16 -101 -89 83 110 -21 57 -50 -119 30 50 -84 95 -75 16 33 85 119 -72 -123 -66 41 32 -54 -45 -36 -56 -114 39 4 -72 -60 83 -121 -122 -52 115 -48 -57 10 7 48 43 24 105 39 -12 122 28 -20 -89 -28 -32 119 -41 -62 25 -86 57 -69 -24 -88 67 -103 -116 -78 -16 67 4 -33 -123 41 102 -17 38 67 26 -128 116 -63 23 -51 94 -84 51 -39 -107 -66 -111 -19 -15 17 58 -93 -22 0 22 56 122 62 -89 -54 85 60 -47 -93 84 124 -17 20 -71 -69 -42 33 76 -53 20 22 77 61 8 98 -28 -54 -121 -17 97 -12 -59 -86 -125 62 93 111 1 -97 -35 66 24 -20 126 5 104 -72 -112 -113 107 51 92 57 -15 31 -76 -38 -91 -19 3 -114 47 -63 19 112 -109 78 -57 109 -123 -110 23 -13 -105 51 103 126 90 44 108 -118 59 -9 63 -122 87 -97 -1 125 6 55 -14 104 -24 -27 58 88 -86 -69 101 -23 53 -16 16 -39 36 10 -75 89 -67 -104 80 -47 -39 69 -54 -88 124 -53 87 82 -92 -78 32 -59 115 22 13 -38 -69 43 6 106 84 69 -7 -48 -44 -85 -49 35 97 -52 16 -87 43 -43 -105 -41 35 -112 -5 -76 -74 44 -53 110 -27 -80 -99 -34 -5 -26 -124 -90
1 24 -121 -128 -87 -49 -112 73 -76 58 55 -90 -60 6 -120 -36 -22 20 -124 -100 78 43 -62 89 -81 -91 -29 -21 -122 -8 117 19 -85 -109 -58 -48 123 -2 37 -121 -113 46 -112 40 -9 -33 111 -23 -46 -63 52 -59 82 -3 13 -5 28 105 119 95 122 -117 78 -90 -108 -53 -64 93 -15 99 -123 -1 87 -56 -14 -80 -114 -7 15 126 23 -70 55 20 -124 104 21 110 57 80 31 -53 51 102 -80 89 79 -42 -122 20 -121 -49 65 124 3 63 -76 10 79 15 -128 -54 25 123 -88 9 -90 -28 -128 -65 -45 110 15 -13 -103 -95 -24 94 -96 -1 79 23 -41 10 110 -115 21 62 -17 -76 11 -88 -95 19 49 -102 -105 108 -111 89 29 -46 32 -128 109 -42 -116 -26 16 57 -55 -23 -86 50 46 97 -96 68 7 -15 -52 110 -90 105 -28 -105 -127 -14 -120 92 122 98 -19 -59 -23 -36 -108 53 -50 35 -13 114 -41 89 -40 67 -20 100 93 -56 -1 -24 -50 8 67 44 -19 -118 -61 77 94 52 -41 -56 -40 56 -87 -44 27 21 -63 110 8 -103 59 -77 -31 21 -96 -102 -86 -23 37 76 -87 81 116 58 -29 -68 -123 -57 42 -128 25 -95 89 -121 95 -96 89 -128 -109 -24 -68 -49 81 -2 76 -12 -51 48 49 -88 -68 43 -35 -100 -31 101 97 -88 -98 71 -57 -89 40 -83 -127 99 -66 126 -20 -79 -5 -79 96 -40 -81 17 26 86 -113 67 40 63 -123 -62 71 -75 4 106 105 -1 113 -6 93 -35 -55 -118 -76 -128 60 -17 20 64 -95 -88 -46 -17 43 106 87 35 -76 58 49 3 104 19 -11 26 -2 9 -11 -61 32 100 110 22 -43 92 64 55 -109 -105 -37 19 125 -2 43 109 -42 3 127 -63 102 55 84 -99 59 -118 7 -10 -50 2 -63 -46 -5 -6 -126 37 32 75 108 55 -58 -93 -100 -62 -96 -41 102 -25 101 108 -12 -94 -96 -85 -36 12 -70 -118 -126 -98 -12 123 -88 19 11 -84 -71 -87 107 -15 24 60 77 -24 23 -55 27 -64 120 -74 -8 59 -15 69 99 -5 -73 -122 -83 -109 -82 -79 -9 59 -50 50 -50 -25 6 -40 -78 105 -93 42 119 -86 121 61 -115 -105 75 101 -31 52 -24 -45 83 22 -126 -12 -64 -20 9 -89 19 -100 -63 47 -32 -41 107 -83 -9 121 51 95 -4 -90 65 74 -37 -39 95 -18 55 63 42 -30 79 106 5 -13 50 -105 -73 -77 5 -52 -7 -42 57 23 -35 -90 63 -88 42 -65 21 25 -26 4 -38 60 -27 -120
23 -87 67 42 -52 86 -103 115 -121 -109 -44 -66 -50 -119 77 -51 52 95 -12 74 -102 -84 53 -40 -6 14 -120 106 -118 -47 -14 -86 39 -111 127 -45 96 -32 -89 104 -85 120 126 -15 78 11 109 57 -99 46 -1 -126 -33 57 123 39 125 -93 105 -45 69 -52 -10 -118 76 -78 7 121 -105 -24 91 -123 15 -42 3 77 125 85 91 -37 -35 -11 41 48 -40 41 -69 -54 -17 -53 87 -120 -2 83 57 -43 -125 -116 60 93 -120 -69 -29 -37 31 111 54 -69 -36 -85 18 -87 -41 -59 -70 -23 -49 58 20 -37 -25 14 34 -59 -104 -1 -87 110 43 39 20 -115 -71 18 114 95 -73 113 -32 -53 -30 83 87 -73 29 30 -51 -29 126 -59 -27 49 67 -117 -96 -111 84 126 -94 -112 -87 -99 -25 122 116 60 42 -43 76 22 -74 -110 -51 -64 -127 -14 -37 -76 87 73 -17 -69 106 -27 -75 -80 79 -51 32 99 44 -35 -14 -71 -116 -20 -109 38 -101 20 -43 -126 99 45 -72 46 -87 -119 104 -113 -108 -15 10 -56 32 22 -1 47 -12 115 115 9 -55 123 124 -79 100 100 -57 -14 -89 94 8 -61 54 105 58 -56 -32 -111 -39 62 11 -101 56 87 -69 -123 -39 -54 -51 -46 73 -97 -111 17 -70 -102 -35 -90 110 -16 -111 82 82 -48 -69 -84 125 -110 21 -13 91 -40 121 -88 -96 -2 82 21 -116 -84 -60 102 66 11 73 19 -79 -115 75 -83 -50 -31 -47 -22 81 12 -109 36 -48 -56 -104 -121 49 -97 -89 105 56 88 -47 95 32 111 124 -94 -124 36 26 -79 -69 -41 4 -121 62 -110 -70 102 96 76 28 -27 -120 103 44 -46 35 -67 93 -79 25 69 35 104 72 26 -100 43 -69 108 -89 -34 -1 -71 107 -14 100 14 -26 -127 52 -74 109 95 -59 -127 -35 -101 -108 85 20 -80 -64 35 -90 72 -29 2 -31 -94 -3 46 17 7 72 64 111 -64 60 9 -126 -46 117 9 99 112 -32 35 82 -115 102 -27 5 119 -55 -80 -34 17 -47 4 -59 27 -49 61 81 -3 -92 -67 79 32 121 37 14 -51 -40 15 -88 -75 -69 88 -75 -45 113 -24 -105 -74 -116 75 67 114 -40 112 46 19 10 -42 26 56 -46 -102 -96 -115 -24 27 2 -21 33 110 -88 -86 -119 6 -107 -25 21 -123 -2 38 5 -119 -74 -40 112 -22 7 44 -50 63 72 -68 -35 -67 34 -35 -85 -59 117 6 8 65 98 -3 -123 -74 -65 91 -11 70 -86 -125 -87 -9 56 -108 11 -35 -113 6 -31 -44 -126 80
-81 113 -96 -20 36 80 -95 -78 -24 27 93 -119 75 -20 5 -125 -101 59 -124 -26 101 -54 -55 84 -13 47 -60 -60 27 52 37 73 66 23 -109 -108 -104 -32 30 39 -128 -17 -127 44 -9 53 -112 -83 127 -96 55 -64 -31 -110 -63 -2 -80 106 81 103 -71 65 -13 125 15 107 58 -3 115 44 -61 -124 -75 -116 -113 61 28 123 50 39 -56 11 -79 -99 39 -4 0 86 53 -35 -30 -57 70 82 -43 -21 77 -30 -3 51 -79 29 122 -101 30 -111 -3 62 -93 -101 -33 15 -84 3 -105 -82 89 -80 -41 125 101 -94 -9 -62 -72 -125 -8 70 -46 47 -86 -57 -107 -32 -1 -59 -29 -122 -86 -61 39 -53 54 66 71 -4 -46 91 -50 75 -51 -6 3 59 14 127 0 62 95 17 39 23 98 -67 102 17 57 -35 57 99 12 -111 27 -50 58 -70 -6 -12 37 -53 -77 -54 -75 49 -123 -98 41 1 -48 -5 121 -86 100 6 -52 -19 64 26 -89 124 50 56 93 -10 -104 -106 -66 114 -5 -105 21 30 -45 -4 -68 -23 71 -46 113 70 -122 -103 36 -76 -44 59 -29 6 -89 -107 -78 101 36 -72 -2 -87 -81 103 85 37 10 45 125 29 -51 -62 47 -80 -64 53 -16 -88 89 13 -103 -44 59 82 18 117 3 -120 -73 -63 27 54 78 17 94 -105 11 -75 97 -63 -51 -128 -111 -86 1 52 80 -101 35 -47 -1 19 -36 70 -73 -25 -36 -43 116 -66 -108 97 -61 -3 -5 77 85 -3 -59 -47 -26 5 117 -7 91 -78 38 57 -68 99 -16 -42 -110 71 85 90 -38 110 -72 -35 -26 116 99 -120 73 116 108 27 24 33 15 58 -103 -97 80 94 -93 45 109 -127 52 104 -81 -72 5 -110 -73 -15 -71 77 114 -70 102 -94 -110 126 -54 5 -85 62 -9 -78 18 -17 -55 -28 74 -55 -14 118 -29 29 86 -94 82 -81 24 -3 -7 78 -77 108 -97 -19 25 -47 -92 -59 -61 99 -108 28 -37 -104 -87 20 16 40 9 -62 84 12 97 -10 -1 108 -93 -29 85 58 125 -13 101 100 -120 -47 10 82 52 -117 63 -81 -121 57 -55 -104 -114 55 0 -42 54 -44 44 110 -45 41 73 46 119 29 41 114 15 42 -18 -39 7 94 -52 115 -16 -79 97 9 -58 90 3 67 20 -49 50 -58 123 -98 77 -109 93 119 43 82 -25 -23 43 -43 -63 -115 1 -42 -74 21 -7 53 67 27 5 -91 30 -100 122 -14 -32 94 -86 34 85 110 87 -127 -127 -33 56 -6 98 124 -52 8 -76 92
-38 -11 29 -92 -64 -92 -79 74 55 105 -54 -76 -15 121 65 84 -47 103 106 -67 11 -33 -77 -83 -50 -84 -64 106 -97 111 -15 57 -122 75 61 -85 80 -40 57 -53 40 89 77 56 -17 124 -23 -16 -12 -40 72 -11 -57 -40 2 26 -48 118 57 16 -14 78 68 -41 -15 4 78 -40 -73 60 53 6 -101 -21 -8 -21 -5 -115 84 -32 -62 76 -88 -38 -61 26 118 80 54 57 -33 -21 10 -73 -121 -97 48 97 -103 73 -106 64 14 -64 -6 33 -51 -41 -15 -82 81 -67 -103 -25 -14 125 -48 -93 -100 -20 109 37 47 -14 -60 -43 -97 -36 -45 46 -88 -36 -36 21 -124 -31 -28 37 100 -115 -16 -34 50 -65 48 -48 -67 -96 -116 -55 44 -5 -123 -10 83 -50 -105 125 83 -2 112 -54 -35 -115 -81 -84 99 -80 95 122 -117 -17 98 39 -117 -92 -109 54 -72 -90 23 54 104 36 -70 72 54 -121 -46 2 -97 -41 -14 -33 50 68 8 53 18 60 2 -107 18 -77 16 -91 -18 58 95 39 -74 73 -34 6 117 44 66 22 -13 21 100 -58 0 87 26 -37 -58 -3 -6 -96 42 26 -11 8 -43 -35 25 -108 -50 102 -17 -119 -114 -67 -15 45 17 -30 126 -33 109 51 62 -72 -51 53 74 90 -5 72 -107 107 -35 122 94 -24 64 50 116 71 106 86 54 -123 -117 112 -1 -46 65 -119 78 -78 74 29 34 -76 30 88 -30 -113 85 -13 -18 -125 -25 56 41 -75 102 44 93 82 -41 -52 -86 -114 -5 126 32 -62 67 -93 118 88 39 19 -15 -111 74 -85 -35 43 -28 -94 -7 65 87 24 39 82 -28 -105 27 103 -30 56 -50 -7 -12 81 8 -79 -49 106 -115 -71 -64 -115 39 106 -80 -99 -73 53 -117 9 29 -120 115 63 -88 90 84 -58 29 118 -1 -124 -60 -64 -124 6 -67 -72 41 -30 27 75 89 48 -113 5 93 -67 -65 42 -58 -86 -22 15 6 118 63 -54 124 91 98 0 13 91 -107 49 -56 112 127 98 -77 -20 -48 -113 -72 43 112 6 100 41 37 -28 30 -92 -83 83 -109 -111 -2 51 17 14 112 -3 94 -54 4 53 2 11 108 20 -33 -49 -27 -104 112 -66 -113 9 -10 -95 89 78 95 -58 -85 4 -128 -31 12 82 49 -3 39 -60 95 30 67 -35 -78 82 29 41 123 -100 52 -23 51 -104 -11 -69 0 -49 -47 0 36 7 -40 -83 95 -30 97 77 101 51 -100 43 -28 26 3 82 106 -100 24 118 -18 34 48 -3 -104 84 -12 -19 -85 -26
-84 60 -10 -58 -46 -5 70 -116 -81 76 46 16 -19 43 -56 -107 -3 -53 23 -101 16 72 126 -73 80 -81 -1 113 -33 -92 87 -100 -119 96 64 79 14 38 127 -56 78 -88 -110 123 124 -101 -113 -112 -38 119 125 104 -9 26 -54 6 -47 -70 72 -100 -31 -80 60 -7 51 109 57 -121 -15 -2 -59 43 110 -40 -112 16 -20 -104 7 -16 -76 -57 32 14 -96 118 65 104 46 78 104 122 63 -80 -13 108 -109 47 -78 -124 34 -22 -10 53 -42 -121 13 -32 6 93 -69 -36 54 92 117 -49 -44 -59 -105 98 -32 76 -95 -51 117 2 -127 86 -85 62 -101 66 93 9 27 -24 -13 96 17 92 -72 -124 -107 79 -67 10 -3 -31 42 84 81 67 -26 -22 -30 -8 -7 -44 52 -96 82 -119 20 -85 11 23 4 -110 24 68 -26 -126 14 -118 48 19 55 -23 -117 -66 -31 47 -18 -77 47 28 68 75 -53 29 -76 117 -36 -2 -1 30 2 16 -68 89 -124 -123 121 46 29 -53 -117 -24 93 111 5 -6 116 -29 67 110 -93 1 122 -103 113 -44 -115 -46 -107 -104 90 113 70 74 104 53 -116 9 50 104 -36 7 -33 17 40 81 54 29 -59 27 -54 77 13 -13 -112 55 114 -35 14 5 83 -39 83 -37 91 -48 -50 34 -73 45 -68 -48 17 106 -48 77 -96 49 23 75 -76 123 -112 22 -111 -27 -118 126 43 -43 -118 82 47 -30 21 2 -56 -36 57 -10 30 6 -47 27 121 -3 -10 -95 82 52 -44 103 -32 97 -48 -88 20 -46 36 37 -23 -34 4 29 -66 -124 -23 -24 -16 -126 -84 -81 -10 59 -111 111 -120 80 92 58 35 -122 121 -29 -75 -67 -46 -43 67 116 65 -110 -14 -17 47 -110 -59 113 99 69 10 -75 -5 97 31 99 -47 49 40 -103 49 38 -88 -90 -48 -61 27 54 -16 -124 42 95 -92 42 -95 -57 21 -96 -83 127 -97 84 -18 -35 -63 -107 49 -105 15 -37 -115 68 110 12 -21 15 -52 -55 -27 48 0 -11 18 -64 -48 120 -73 -122 -66 -30 67 122 81 35 74 15 62 44 19 -47 -35 117 115 80 -39 -48 96 53 -60 78 96 -2 -33 18 97 -45 126 -78 -29 1 91 -117 38 121 49 -2 87 -83 -114 65 -55 -22 25 114 96 -67 -106 -73 -20 -122 10 56 76 -48 -71 46 115 9 -75 -32 -117 -54 -108 59 126 -29 -66 -68 -85 82 -77 74 8 34 -113 2 -72 104 -90 51 42 -115 35 -74 -85 -38 22 -104 -20 -29 -81 -43 -1 -63 76 16
-47 95 45 84 16 97 17 -2 43 15 65 -62 1 0 49 79 -54 -79 -105 109 -103 76 -15 -26 -63 -41 43 29 -31 -36 -32 1 97 -63 -31 9 25 34 10 90 -110 -74 55 83 120 -71 -109 50 -115 -45 113 -91 -104 27 -11 -8 -98 17 48 113 60 -107 -61 -32 -71 -52 -89 -105 -91 -24 -21 89 -23 -19 69 -109 67 -86 69 -82 35 85 57 82 -128 -69 -33 8 64 43 77 77 2 -22 -68 69 -119 104 -2 9 -55 51 -55 -31 -26 -52 -109 -127 -23 70 28 94 90 -27 116 109 -1 -121 -15 79 0 -76 -74 -69 92 -24 124 -120 -92 -107 -80 -98 80 -113 -29 113 22 -100 -101 42 5 -10 9 86 -23 -93 20 -21 35 -12 -95 -48 71 -11 1 59 74 67 71 -28 103 -111 -112 113 -125 25 13 -78 -24 125 35 38 -10 -126 -90 44 15 -51 -17 64 -111 -100 -14 -82 71 -100 -88 56 -112 -50 40 73 -66 -7 109 53 97 -116 -70 -35 -96 -83 -76 80 36 92 50 -81 -113 -101 -39 -112 95 -30 -34 -88 81 -44 -126 19 -1 30 -57 114 -48 -17 -83 75 -83 -11 -76 99 -118 -61 3 72 113 -117 -109 107 -86 91 -113 -101 -31 -80 49 23 -41 38 96 13 -120 30 -17 98 -107 12 -21 -22 -20 50 -95 31 -67 26 69 112 33 -91 88 -93 -5 -84 90 -79 100 111 -104 -19 -31 -18 -101 63 -83 48 2 119 -33 -15 -5 -123 -31 -11 -9 59 105 13 126 -71 -65 110 110 -97 9 -15 93 71 -66 0 77 101 -59 -92 4 89 11 102 71 79 -113 -8 -28 -116 38 59 -21 13 118 -5 109 -44 -3 124 123 36 26 -76 -63 -45 -124 -35 90 -90 47 -68 76 63 31 74 -17 -30 6 50 -62 -82 68 100 13 -51 63 -42 -96 -92 95 -83 -80 -69 28 3 -114 -113 15 -55 -1 113 -119 -101 43 -115 -95 -50 -67 -7 -116 41 79 -59 -56 123 50 -46 -113 -78 26 54 -7 -47 -7 39 -9 -6 -13 70 120 -107 61 -14 -25 -121 80 -15 -119 105 118 4 118 -50 109 -19 51 42 126 -63 -31 63 78 2 -126 -80 -10 38 85 -128 89 110 111 -114 -36 67 40 -13 -76 21 -67 -71 80 32 -80 72 -111 -92 53 96 111 21 123 -17 66 -125 100 -43 114 -121 -5 -72 -34 107 -54 -32 123 -103 107 44 -30 53 -62 -28 108 -25 -17 -84 102 98 120 -69 22 6 71 29 -113 -21 -88 52 -123 -114 31 40 24 -91 -17 -4 -101 6 -120 -22 125 -109 -12 59 121 87
-39 75 18 39 49 93 -43 -11 -96 43 -108 63 73 -100 -30 -117 -80 -80 125 85 -39 -107 -37 -64 4 -35 -120 -90 83 97 9 -73 35 -112 12 -33 14 -76 35 100 65 -101 -26 37 -20 -58 -85 -127 -76 58 -56 81 15 -117 35 105 30 103 -74 -16 -96 113 -29 -106 12 118 106 111 -77 10 -122 -6 21 49 -81 125 -44 -53 69 -38 15 30 104 -101 106 75 -88 -67 125 22 -77 103 68 26 -54 65 -70 33 50 82 76 -100 -75 -106 70 -50 71 91 -61 -85 103 55 101 41 -112 108 -50 -12 -59 114 64 -4 -36 44 77 78 86 39 -21 -49 33 -13 6 -116 58 -97 85 -121 78 -57 -16 58 -126 -17 -123 37 50 -54 -68 84 55 127 46 114 3 50 -20 -34 107 65 -36 89 -92 48 -27 32 -90 -89 58 -39 -74 -124 47 -128 32 50 -59 -85 -55 -34 -87 -99 -47 -41 -118 59 24 98 22 -35 -82 91 -20 -18 -32 -73 -79 -15 -68 -66 51 116 46 -10 -67 23 119 -44 -123 -67 81 119 115 66 106 -30 119 22 -88 41 -123 -86 67 -66 -1 -22 73 105 116 -10 10 -87 -77 121 -24 -115 -109 67 -46 40 60 124 90 11 108 41 -114 -34 85 -23 37 -106 28 31 -54 48 -70 16 45 -99 -123 38 -126 -114 6 0 70 -101 -46 97 -77 -19 20 -87 -85 30 -101 75 13 105 30 27 -32 -51 127 20 -59 0 44 -63 74 -83 52 61 75 -14 69 -43 -66 -103 36 -55 -90 3 78 39 53 -15 -35 5 -121 94 23 -21 116 126 -37 84 98 -62 -86 -60 102 79 29 -97 35 -78 20 -23 -81 33 103 -114 -88 -62 -49 61 28 -44 -52 -41 -104 94 -122 -63 -70 66 2 -22 -68 -9 24 45 -68 5 98 -16 -24 -58 -91 -7 -111 -34 -106 46 84 -81 -48 113 -22 83 -36 -19 122 -111 66 -109 31 -47 108 -106 -51 7 75 -65 -87 84 15 30 11 -115 -71 -30 -34 -13 -128 -38 4 35 48 -85 -10 19 125 59 51 83 65 -112 -26 -127 -118 79 -103 -49 61 102 -50 -54 -76 100 33 -94 -111 88 56 57 -88 67 -111 -36 -56 82 63 -70 -38 63 -84 -102 2 76 -36 35 -8 1 -116 -113 41 102 -25 13 10 0 -2 9 -68 78 -108 99 1 -36 -42 117 -39 54 -108 -34 94 104 -106 -56 7 -70 100 72 -113 -57 -28 -92 120 86 -91 15 -16 2 -8 99 -84 84 103 -124 -29 92 -113 65 64 -120 115 -20 -74 -47 -3 66 -20 -112 -115 -46 39 39 -50 63
92 122 3 31 -13 32 46 1 -89 95 -84 -87 97 -21 -76 -113 -128 -110 117 103 -95 -89 -79 -54 -80 -12 107 66 -123 -22 -77 -61 -125 48 -103 53 -10 -109 -81 -40 39 -59 104 120 12 121 -69 -106 24 31 -124 36 -19 -76 -98 4 43 -60 -87 -82 -46 -93 -64 20 69 9 120 -61 65 83 75 -43 -16 -48 -124 -101 101 6 -3 -75 111 18 109 103 -51 -12 -94 -19 31 -6 -60 -90 -27 -64 38 73 124 47 -2 -60 125 -120 97 -110 -30 -40 -23 17 -120 -120 -77 -124 39 -59 54 100 68 93 114 -33 21 -75 -16 -40 -59 -12 -39 -123 -79 -77 85 99 23 123 -2 11 -25 120 5 -81 -71 114 -128 76 -83 22 91 75 -42 44 -109 -13 125 4 -17 -73 88 -39 -68 -41 -73 -25 -96 -50 113 -47 87 50 90 -79 113 -117 -95 112 -60 25 -86 -27 -67 -70 -20 111 -40 -99 -81 -12 -25 66 -128 -52 89 -72 3 12 -96 -2 -19 -101 -116 -109 72 5 104 -101 -38 -74 0 36 24 -35 84 -64 -9 122 -126 -13 -81 82 -36 -43 112 69 -22 78 8 -98 -61 90 -44 -113 -94 45 92 -70 110 -64 -15 -126 84 112 121 115 11 -55 52 -81 114 -113 100 71 -7 -58 -12 -112 17 -70 98 -80 116 -82 65 -5 -43 -74 57 -126 -25 5 67 -128 103 -75 -49 45 38 -112 -110 -63 17 84 -109 120 -100 -31 -111 110 -33 123 -53 -42 -35 2 4 124 -111 40 33 104 -36 -20 -113 54 -39 67 -78 81 -24 30 -116 43 22 -105 75 37 91 57 36 58 -36 -50 -112 -126 76 93 73 -4 -10 94 -124 127 -109 86 -74 -103 -9 32 -68 1 70 36 108 68 29 114 14 124 32 -3 -57 -18 111 -115 -51 -44 -41 83 -14 15 70 4 11 -22 96 -128 -11 -2 -57 -126 4 -124 56 118 -17 -105 30 121 -56 36 61 0 115 -118 -52 18 85 -92 125 69 -53 -68 33 -93 -58 34 -12 -95 70 -123 35 -24 -106 -64 -61 -104 -65 91 -84 20 -117 -42 -8 36 -60 126 15 9 -66 -78 -12 31 8 -115 -38 125 -63 80 -48 -119 121 -56 -10 9 91 -20 116 -33 -64 18 -88 121 61 121 -65 -82 108 3 99 70 -123 9 -127 -112 49 36 -68 -7 79 49 -112 0 -67 -33 56 91 -108 25 116 -119 -1 -57 -109 -91 -121 97 -98 -115 88 80 -106 90 47 -74 17 53 -3 -10 27 24 -110 -113 -98 -48 70 -3 -104 -30 -22 -48 -88 34 -62 107 -59 -6 127 -11 -33 48 -124 58 16 -15
-26 23 101 95 -109 41 99 29 -86 -54 -37 -30 -105 75 100 67 76 -11 76 65 -91 125 103 57 44 -25 54 -37 -28 50 -116 1 -92 4 56 7 -23 71 -87 88 22 -90 -128 117 -99 -52 -104 -127 17 20 -104 -51 -8 114 -99 119 81 -51 14 -19 -95 67 89 87 76 -86 65 -107 68 13 -76 -114 36 -62 -79 -36 -78 63 -76 -42 -107 120 92 -125 -82 -14 92 62 92 90 9 -126 -66 -53 16 -65 -88 10 100 26 -2 9 43 -106 83 -115 10 -14 -43 58 124 -16 -26 -10 -127 -29 112 110 -51 1 -109 94 -47 -8 88 -13 93 93 123 -53 -25 108 116 107 -100 126 110 60 -108 -35 -108 44 -115 -24 -31 -96 61 -49 -63 -33 67 -104 125 81 -58 -70 49 104 4 -72 88 -105 32 51 -88 31 -113 -35 116 -14 18 -76 -122 56 -77 -100 -117 86 31 -110 102 62 -128 87 64 -114 -14 -16 -77 -82 61 32 67 18 -41 73 57 52 127 9 -93 -24 -33 -75 -28 -92 76 -71 73 -118 -54 96 -79 -105 52 -104 125 40 119 108 -95 -66 86 16 -58 119 57 -121 90 49 -12 87 64 -61 108 -8 -58 -53 58 -74 64 40 40 3 -73 -16 -119 61 -56 -111 67 90 75 -121 69 -55 117 -124 -57 89 -75 43 19 36 -78 77 -57 -97 -62 -14 -51 -7 96 52 6 47 -21 50 -1 -87 54 48 76 42 104 -88 -119 5 51 112 110 -2 39 -39 20 -7 -22 81 101 108 -68 -125 49 93 -120 37 31 -80 -85 -5 -12 106 86 -12 127 104 -28 38 109 -12 89 -108 -72 110 3 115 -90 101 -43 -122 95 42 -116 -33 -128 72 26 10 -61 19 -23 107 106 -78 44 -98 21 -14 93 42 44 -33 -111 33 122 -95 28 41 -92 40 123 40 -103 -62 27 49 -103 106 5 4 90 35 -98 65 35 43 -110 25 88 -113 74 -111 -87 31 -106 81 35 31 -101 -1 118 75 -113 -63 -89 -98 -128 24 -51 -112 12 -59 86 -30 106 44 87 -77 -29 -128 94 67 104 -94 -53 87 68 -85 -99 -127 -123 -105 -60 -101 -38 -81 125 -29 -104 -124 46 42 65 -35 11 -91 -82 102 -45 -96 -27 102 -18 91 77 -31 28 -83 -20 60 10 84 -115 53 -102 25 -24 72 96 -98 -16 -61 10 -43 97 -28 -127 -25 37 -55 -120 -118 -102 -108 -111 -112 57 106 -113 -108 120 -63 -91 -20 67 -124 38 -4 -22 -3 -49 13 -36 -85 -91 65 74 -70 30 -28 27 11 48 55 -62 126 -126 21 -13 -19 -106 41
-100 -75 78 14 -54 -36 -97 16 -61 50 81 116 -29 -81 -51 -104 42 -118 -75 -73 -23 33 -124 68 47 5 54 72 -72 35 -81 60 -113 -105 -66 26 -6 10 -1 6 -108 -126 -113 3 122 -20 24 -120 -32 -20 98 87 -119 -34 -5 -81 42 46 -50 49 12 -79 110 14 -47 74 -57 72 88 -22 119 -51 74 -66 116 3 82 12 -41 17 28 126 -111 -93 -75 -57 -91 -22 -24 -47 120 1 -29 -47 -118 88 109 -40 -63 66 44 -31 -28 36 85 -48 -43 2 82 -31 -56 84 -98 44 92 49 34 -82 -64 119 84 33 79 126 25 22 27 -28 -54 -87 -27 105 -67 124 -45 74 51 -51 43 45 -21 -123 -58 4 58 96 66 -58 -67 -29 109 23 -106 8 26 -10 22 -3 69 110 118 -88 93 -10 34 122 -5 -120 107 -64 73 113 121 11 -64 -6 -24 -61 66 -5 84 -83 -1 21 -68 53 38 -76 -60 49 -80 -127 24 -9 84 -43 62 104 106 -118 57 123 97 106 -124 -110 27 18 -113 40 -72 -51 -17 0 30 33 75 94 -15 32 79 124 -27 -69 -92 -112 -123 -5 -43 -82 52 -76 -78 62 -13 113 77 56 -12 -49 -34 41 86 -11 75 -51 81 40 64 59 95 7 110 -93 1 -45 -99 -98 72 104 -19 -30 78 -93 69 43 92 -114 39 -46 22 64 -71 -76 74 50 103 28 26 -21 -79 96 8 -89 74 29 76 -70 59 112 47 13 -81 -113 84 61 -79 -18 -55 -102 109 59 -10 45 95 -117 3 -77 32 31 -11 71 -92 87 -37 13 -77 -33 -99 -23 -106 51 66 -125 91 -10 118 -18 -59 69 80 -43 -117 7 126 101 -93 97 -116 -91 117 94 91 9 -22 -123 -60 -52 43 78 77 -96 -68 -82 46 -56 -58 112 -45 -107 127 -31 86 58 -58 -83 96 89 -82 23 -113 -11 -39 -35 30 -77 -113 35 -59 -86 126 -36 124 -42 -97 -11 77 -42 107 -49 -17 -95 94 -50 89 68 115 -20 -22 -128 -102 93 44 -116 56 19 126 78 108 123 32 115 126 62 53 -67 -120 -48 -69 8 71 75 11 121 89 -59 43 -95 -87 33 27 -89 -56 57 -42 91 -102 -57 29 -50 120 -98 -54 67 -114 36 -5 96 10 -21 97 -93 87 63 -19 -48 -71 7 42 52 110 14 -34 -105 117 -117 -50 -28 -40 -71 34 -128 68 -90 11 82 -93 -26 -77 -24 122 -54 22 -12 -67 90 97 100 -65 -95 72 -99 35 44 -107 111 52 4 105 122 -87 -65 -62 -126 -56 -57 8 55 18 40 124 -30
-85 28 92 -6 49 62 106 40 35 -90 120 -12 36 124 -125 -40 -33 23 -89 -117 9 77 -4 82 -49 -98 77 -107 126 -104 56 74 65 70 63 -84 -62 49 -79 10 45 -94 -12 -10 -98 -34 -100 67 -37 14 85 -61 117 46 -94 84 48 90 -32 62 36 -120 -52 -76 -1 -91 87 -104 -56 -119 -102 -62 112 -4 55 -40 -58 103 86 -49 -39 73 106 100 -65 54 47 112 -15 -116 104 31 -14 106 -9 -124 -30 -18 -62 -123 -76 -44 -74 -80 107 -122 -65 -24 10 -118 5 -124 -93 37 -49 79 42 17 -43 -24 73 55 2 7 -31 110 -112 -55 81 -37 -51 -23 119 127 -63 1 101 -65 41 -98 -107 72 -32 -61 -93 -125 24 16 -50 -68 30 -63 -64 86 -21 -110 -23 -123 65 45 117 -105 19 114 -33 95 77 82 -22 114 -17 119 108 -70 -16 75 70 -109 84 -22 -10 59 -95 62 24 -7 -40 82 95 28 13 -94 -90 87 -121 -69 -33 113 -27 -24 -72 -118 24 48 -73 4 -70 58 44 109 -32 -124 -84 -30 -63 27 49 45 0 55 -68 -35 7 74 -65 -103 25 -48 -86 -122 63 16 52 5 50 -23 -33 -99 -57 79 -102 48 73 1 79 3 -122 -124 -99 -53 101 1 21 29 -46 103 63 38 -50 -92 -35 48 -9 -69 -82 113 96 10 8 -67 -24 118 -91 42 76 -87 -71 69 -104 -79 -53 -119 -14 91 118 -113 12 113 47 39 -110 -24 -122 -25 46 -62 38 -110 18 -99 -2 87 -74 -64 65 8 -39 -13 -75 41 89 8 88 -49 -42 99 12 35 -113 -65 17 127 -51 89 -112 93 22 -85 25 -100 -69 33 -108 104 -85 53 89 -43 41 86 -16 44 92 77 59 -48 104 69 -73 104 9 2 28 -100 113 73 11 -100 10 22 18 -27 3 101 61 -67 0 64 -17 -72 -109 68 -14 40 -84 -33 -103 -48 -31 21 -27 -106 -48 18 -103 -22 -70 -76 74 -80 9 84 94 98 103 -78 -69 59 -83 -51 32 122 -32 -106 -12 52 19 125 18 18 38 109 -38 49 -111 -108 81 -6 -70 -15 62 121 -34 48 2 -11 42 -45 -100 -61 -125 27 -22 115 -99 -79 117 0 -124 -98 4 101 26 -111 30 78 71 -2 -16 -93 -7 -26 65 -4 -51 -47 -65 -75 54 82 -53 56 -123 42 12 72 29 -109 127 -101 9 -99 -20 -83 -68 72 -116 -34 117 0 -76 -15 44 52 100 -8 14 39 -5 116 -70 72 53 102 -91 91 -64 -102 -11 -26 -128 -127 123 -74 -105 -108 -96 -121 114 -117 69 3
60 126 33 -128 -39 -1 -14 90 -71 108 -107 -24 -4 122 -71 -16 24 -109 -72 101 62 -127 53 5 -56 -21 96 87 71 -96 25 -79 20 70 75 -33 -41 -124 -75 -55 -122 58 -60 -85 -72 52 -50 19 121 -94 126 -103 71 -8 49 87 95 90 -82 -23 53 -52 -37 59 55 -98 65 105 38 71 -83 49 -71 97 6 -69 -115 113 -17 -50 -21 -105 -47 88 -44 -5 -44 -15 -40 -113 93 -105 90 -102 -81 47 57 15 -55 -55 -58 -77 -56 86 74 5 -25 44 81 105 -8 58 -94 96 1 75 59 43 41 113 0 31 39 -38 -81 93 -23 -99 33 -87 35 121 96 -98 -6 -43 -27 48 -25 59 -93 71 40 68 -109 -96 69 -118 -13 -101 -1 -13 94 54 40 -64 -98 -113 -59 -89 40 -72 -59 116 -73 71 40 44 -1 -42 -82 -46 -120 -116 -90 -4 70 -99 -111 -4 4 87 -48 -44 83 104 -81 -114 119 31 -91 96 39 -123 -66 88 45 101 76 62 89 -128 -109 -99 -6 124 -50 59 -96 -97 59 1 79 -33 19 -31 -113 -34 -39 83 -118 12 -10 5 -17 -90 117 31 121 -128 -57 -97 -41 119 -15 -119 -83 -42 72 -48 11 -98 -125 -102 -100 45 73 -124 -118 4 117 -39 114 -70 -13 99 -121 76 119 104 -31 -125 47 68 16 38 122 -73 13 86 122 1 90 -56 86 -118 -25 -9 71 -120 -61 -104 -58 -23 116 106 5 -107 45 -25 -115 -23 -49 -108 -101 -108 -32 90 -68 -33 14 42 71 -101 109 -54 9 127 42 28 -31 -16 -54 -20 -99 -43 96 -96 -6 -124 118 -65 27 33 -28 -101 -111 75 -33 -71 -107 98 21 -68 28 29 -59 32 32 -105 -66 55 25 -85 -65 50 -120 -34 48 -5 109 59 -46 54 -128 104 -23 32 124 56 -82 68 -73 67 83 -88 117 7 39 67 120 -10 41 4 24 41 5 -48 -8 17 59 -45 126 30 67 57 44 4 -44 50 -71 96 -72 16 -10 -35 -17 56 -28 -64 19 -84 -101 99 36 122 -16 108 -7 -107 -125 -80 -120 -95 108 -128 -8 20 -110 45 64 44 54 84 85 124 -120 48 -123 -4 -65 116 24 6 107 78 84 -80 77 123 27 -117 -13 34 -33 -118 64 31 113 86 47 -45 -73 -85 102 -112 -25 41 -41 12 89 -115 -114 66 121 -70 69 -90 7 13 -31 22 33 73 -66 -37 -105 108 -85 89 114 -11 -16 -88 119 -5 93 -117 -114 117 22 127 -46 19 121 -107 81 -22 7 -65 -119 -83 -108 -39 105 96 -102 88 -128 2 79 44
-84 -20 62 -21 -6 94 118 120 -121 -65 75 83 -34 58 -102 -108 -4 -31 -53 6 44 43 -127 -33 117 72 82 -46 7 27 22 -128 -11 -54 65 -36 65 -124 -110 53 27 -82 69 12 -10 89 -57 -11 -21 -45 8 76 4 -20 56 -34 56 -127 92 -104 -16 42 -44 45 16 -81 64 -45 -106 38 64 86 39 13 72 70 -117 -60 -111 6 126 118 58 -66 -52 -90 -97 -95 -61 62 -21 72 37 -89 73 10 -103 -83 50 -80 -17 -114 -109 -37 65 -90 111 120 21 -85 -67 104 90 113 4 111 -104 86 -104 -111 -76 50 114 4 -32 -39 -32 109 -24 119 -94 -81 46 -32 65 -4 -91 54 -32 89 -12 71 88 63 55 -121 34 -103 -123 -37 20 26 -128 12 119 127 -23 70 56 5 57 -127 -115 -48 -1 -13 -99 -126 -74 3 -46 -91 -107 -14 -48 -37 -18 -122 -100 -21 -95 -92 -79 -94 1 112 55 106 109 -66 -115 93 10 15 -120 -39 5 -97 -69 105 -59 68 65 127 -82 43 14 -85 19 -38 15 59 17 2 127 -32 -96 120 -92 76 80 24 -77 -67 75 100 49 63 64 -67 -40 -26 42 0 -53 -26 -119 -64 72 98 -6 35 35 -19 -30 -35 77 -85 -116 77 124 -98 -79 123 58 39 -53 92 8 -26 3 -13 -124 54 112 -87 55 105 -17 -64 -51 -15 -54 68 -10 64 30 -59 29 -42 81 -65 -72 123 -66 -2 76 -51 60 -11 -49 119 98 -47 84 -127 -27 43 25 -87 20 57 -35 43 127 -120 -18 -1 -12 -2 -31 -16 63 -66 48 103 -30 15 55 -28 113 57 19 119 16 -40 68 2 57 -82 -61 -30 37 94 14 96 -6 18 63 33 91 -60 -83 -106 -112 -96 -115 46 -37 -90 25 40 54 -115 -3 70 -37 -123 9 83 15 89 8 -50 -23 55 0 -112 79 -11 -24 71 -38 101 -30 -36 62 -2 121 114 0 56 -115 29 -105 118 -74 -86 65 -15 123 -84 -126 -72 47 -68 74 -127 -2 -45 60 98 106 50 7 5 15 125 25 -93 61 -21 -45 -78 -45 103 77 50 85 107 -100 -27 11 108 -128 -16 92 71 -92 -97 99 105 45 -121 123 -47 -43 -32 -99 -87 50 -102 2 -39 -96 -79 -123 -116 2 47 -114 -40 -33 44 127 -88 -37 -74 47 104 16 47 -65 69 -15 -80 -125 71 27 50 35 81 -98 -41 103 -28 -127 -68 -90 27 35 123 115 20 -16 -54 117 -8 -62 -90 76 -53 -29 -68 83 83 -107 44 12 -38 112 -115 68 55 65 72 102 75 -100 75 16 -54
-18 -44 -124 -15 2 -66 -90 -52 -38 17 50 -47 -54 -122 91 51 -111 -42 60 -71 65 -77 70 -68 37 -63 108 81 18 -114 -32 21 71 -59 108 -58 51 8 92 92 113 18 45 -24 49 -43 1 88 121 34 36 97 49 -19 -84 98 -57 35 -24 -18 26 -48 55 -42 50 79 -83 -33 12 78 57 -61 98 30 76 101 -9 22 -58 45 4 -69 -114 64 4 123 35 106 -28 -69 79 18 47 -22 -88 -37 115 31 -30 60 39 120 111 41 -10 26 -62 -70 116 89 -97 125 35 -14 125 -35 -3 110 -59 -39 -46 -25 -114 -95 -15 57 27 -42 -89 -126 67 -43 -43 -43 -7 -52 -18 -27 72 18 -41 -63 127 -97 81 72 -46 36 73 12 -94 15 90 -103 -65 98 -105 -49 -68 -94 51 110 -69 109 102 -34 37 -73 107 3 -6 54 117 -116 -52 -2 -3 36 117 106 49 61 63 23 -76 62 -96 -31 57 -90 -74 29 -17 -41 52 -41 51 -36 -29 32 120 98 -72 -35 98 -8 50 25 -125 -10 -8 -19 81 -33 -12 104 -36 -94 -113 89 -79 17 114 104 109 82 -10 95 -44 -80 -19 4 99 -23 -106 50 110 18 20 -128 106 -113 38 -21 102 -50 -40 -22 92 -51 9 115 -65 -36 -36 97 -87 40 14 70 17 29 -69 75 15 61 21 64 -120 -68 106 44 75 110 -32 -39 35 67 -78 21 57 86 -70 87 -74 122 80 -97 -107 -95 41 122 -19 122 40 -43 -55 -1 116 -115 95 108 -7 4 1 -96 74 -110 55 62 91 -123 -92 95 31 17 -28 -83 77 -128 22 36 -124 -125 -88 -67 89 -63 -73 0 -15 108 17 82 -63 73 -30 -29 -63 -107 -67 -43 116 36 -100 -119 -6 -39 71 55 -65 -59 -22 111 -89 119 -1 -39 -29 -94 74 38 -34 9 -11 -60 -113 -109 17 46 59 127 11 -107 99 -42 1 -64 -26 61 60 73 -52 11 100 127 -109 -11 -4 -112 -61 -51 -66 -71 22 6 -44 -116 81 -49 -86 47 15 78 -62 106 -102 99 -87 11 -68 -59 100 -30 -88 26 -52 63 37 -5 121 -10 95 22 48 -114 25 -106 -81 -50 -42 -50 -39 -67 -30 31 -31 125 38 -39 68 -11 -104 -34 -93 87 -58 -37 -78 -104 75 16 -103 19 -51 -35 69 -85 -98 -87 -97 -1 51 116 96 -21 49 -24 -49 -76 107 14 -108 -119 -78 40 -79 50 -15 -14 -113 120 -91 -127 59 52 57 -118 -12 -89 -3 76 40 7 41 121 6 92 -96 -6 74 -50 -115 -24 -93 88 -88 -26 -124 -121 -30 -40
49 83 10 21 -102 -124 127 102 66 12 -62 -20 126 62 88 -32 -31 43 7 6 -27 92 89 107 -91 86 -74 -37 -77 -23 -128 -96 58 -73 68 -98 66 121 35 26 36 -96 28 28 -73 69 117 99 116 108 26 -90 -15 -99 -4 -123 -117 104 -49 -21 -117 42 -124 66 -80 -112 64 125 -32 -7 -43 2 -15 -68 -26 115 -76 123 123 -73 -77 78 -38 -78 -76 49 -77 18 53 -20 64 -40 34 125 -107 69 -119 8 76 -39 115 -79 66 103 -76 102 -66 -46 60 -59 -89 124 -22 -115 42 -101 -73 4 46 62 3 17 108 36 94 25 31 -41 -14 -29 82 -69 114 56 127 55 6 -78 125 -50 58 -127 -13 -13 -124 -86 -92 70 -39 -59 -28 93 44 -109 55 -34 -75 39 112 -74 91 67 62 24 108 -15 -113 -58 5 -107 91 100 31 71 119 -14 -69 80 54 -18 101 19 -42 61 74 -115 28 -86 67 -78 17 -50 22 -50 47 -30 127 90 -22 90 93 -59 90 60 -55 -43 119 74 100 -27 119 -28 91 98 120 52 59 110 -107 84 93 63 16 -85 107 -67 -105 -23 25 -76 -83 -101 -87 -75 -105 10 9 -49 -27 76 -75 1 -38 99 17 0 -6 27 -9 93 82 -72 47 111 -74 119 -58 54 31 -63 -116 127 96 44 -14 40 -54 -73 10 103 102 96 -104 -93 -74 -39 -11 -115 122 -7 -33 29 -53 -7 -23 77 -113 60 -4 -74 -2 120 105 43 14 8 -95 92 -73 -17 63 7 -50 -73 32 14 73 -124 94 103 125 -50 -29 114 66 81 71 31 -69 -103 64 -78 -102 26 -79 126 55 -47 65 14 -21 84 -27 1 32 124 9 44 -126 12 44 114 9 -125 113 77 87 -90 -26 126 -41 1 -48 45 14 115 -45 23 95 -118 -30 90 -15 25 19 -7 -63 -15 -88 -87 -23 -58 -32 9 82 125 69 17 51 98 -64 96 -52 116 -77 72 62 20 -4 57 3 -123 -75 86 -83 -85 -16 106 127 -66 109 3 -74 100 84 -110 40 68 51 8 -124 -10 -110 -104 59 -33 40 7 -112 111 24 -6 -37 -108 -25 81 -70 113 29 -99 95 76 79 0 -76 126 -60 60 -36 84 89 -50 29 117 16 56 78 11 116 22 -83 -85 127 44 -57 -38 -67 104 -57 -73 102 35 -118 72 100 -101 -89 -20 22 -81 -20 103 116 42 -124 -127 96 -66 63 -75 -33 4 -41 -3 21 107 -119 81 -127 -92 93 -13 -85 75 -118 -102 -40 103 22 115 -124 43 71 17 76 -30 -93 17 74 -19 101 -46
-116 -106 110 -4 -43 95 5 3 -13 -87 -57 31 55 -19 -114 89 -58 -5 108 -95 48 115 -121 65 23 86 -72 -123 -73 73 -37 87 -89 -13 107 62 49 10 -124 -62 35 -116 71 -70 -109 -23 -77 -82 73 -116 18 -126 -48 -125 29 -16 96 -113 17 -40 106 3 30 42 106 119 -70 -39 4 33 19 -80 -103 -47 -7 -96 -101 39 -14 23 83 -70 -2 -56 -98 -27 111 -96 -120 25 39 10 -27 104 28 20 -80 31 64 -122 -69 21 -113 -32 30 78 64 -30 -100 -17 31 113 -121 3 -84 -35 59 -11 -25 113 16 72 22 43 66 17 -64 48 73 -25 -84 -116 54 45 -68 15 -102 87 -19 24 71 -110 -85 -58 98 -103 32 51 9 -34 69 -85 -34 -69 -112 102 -33 10 -101 -60 -21 52 -73 114 -112 43 -67 -105 19 -58 -86 -61 57 -27 -103 -7 70 -26 -15 35 6 28 -88 -51 118 55 -73 -48 4 64 37 12 -38 60 -10 -71 -29 -72 -119 57 29 75 108 67 12 -105 127 -99 -37 94 26 2 -81 -28 -9 -101 103 32 60 -59 38 45 -65 -112 -119 -13 118 104 74 2 4 -128 -24 98 -124 111 43 36 -22 -100 -87 -19 87 -55 -40 -32 21 -23 20 -23 23 103 85 -96 9 35 -78 -60 60 -13 -29 -126 -41 -53 124 46 113 9 -33 22 -112 94 112 -90 -102 -92 -78 37 51 55 22 79 15 78 -59 -123 -46 11 -109 -112 -40 -19 94 99 -14 123 -25 -58 110 31 29 121 22 126 -81 1 60 -82 -10 -3 11 81 40 48 -125 -15 -99 -127 -5 70 103 -22 -10 -52 -99 -52 28 101 -30 -76 113 57 87 63 -34 109 -117 -76 82 18 27 -125 -91 -67 33 120 -87 111 113 -19 18 74 115 109 115 -86 67 64 -84 100 -111 -37 17 25 -1 4 97 115 -8 -87 -82 -107 -35 -105 -104 61 55 57 73 -83 33 7 72 84 -86 86 -105 -27 -62 -46 27 -88 35 86 -23 -67 -11 -17 -40 -54 39 -102 20 -79 -17 -8 -64 53 -62 32 -112 -63 1 17 57 25 -122 23 -25 84 -96 118 -119 26 -57 10 20 -95 49 -91 -48 116 -70 -57 44 71 90 -71 -119 -125 -44 99 -6 -95 84 -111 -35 -5 32 -80 -7 -75 -113 73 48 -89 66 78 -62 -9 97 -119 71 31 11 40 77 -13 -24 124 -13 -63 -42 12 86 77 14 58 0 -62 5 -124 67 -3 42 -64 -8 126 -100 78 -91 41 -53 5 73 47 -106 -106 -107 120 121 29 76 103 9 -84 -58 -53 -11 -56 -12 92
-73 -79 43 -109 76 -19 96 61 -99 -65 -112 1 -43 -116 -28 -107 -14 -114 120 6 -81 -43 -70 50 56 107 -114 -17 105 -41 -48 -120 -89 -30 -53 68 6 23 69 -71 117 70 -33 116 111 -97 -24 -37 50 -89 28 -124 29 -90 -114 -42 -90 110 98 77 -61 -53 74 63 -82 108 84 95 30 -77 -100 -106 -18 -15 -71 -30 70 -90 -52 -127 80 29 -106 -32 114 -12 -103 121 -127 -21 -32 -14 -33 44 -69 54 102 -107 124 108 -35 -125 66 61 -23 18 -29 48 54 92 -115 -70 31 -122 -123 114 -62 -11 59 109 -105 -73 62 -103 59 -123 89 -47 47 -56 -48 91 -43 81 39 110 -34 85 -128 30 70 -71 -63 -110 -84 42 47 -89 -37 105 52 -94 31 52 -11 66 -120 43 -125 36 -128 37 -23 -85 -23 -31 42 -110 83 -90 -86 -109 -74 -3 61 -93 -125 83 -67 80 -18 20 103 64 -109 33 125 -102 53 -105 125 0 -75 107 42 52 -65 86 -115 117 -61 110 -30 104 -23 1 16 -128 54 37 -51 -70 14 -13 -69 112 -40 -36 14 44 -7 115 78 4 20 125 -80 -49 36 -114 -105 17 -112 -58 -45 127 -25 114 -78 -80 84 64 49 -100 14 -111 -14 32 -66 -77 95 15 -115 94 -2 -88 18 -120 -119 31 -50 -128 -52 -74 50 -110 -101 -122 -70 -41 -118 -112 -78 -11 126 -102 -128 -30 51 -127 -104 -61 57 127 -101 -20 99 32 -20 -123 -2 126 61 57 26 -29 19 -123 104 64 114 -79 103 -21 9 -1 101 -42 -73 42 -72 -107 -119 -128 -37 -85 93 83 -102 125 83 80 62 46 32 -116 60 -41 -56 64 -89 -113 -40 93 -81 94 -78 51 66 77 -59 -37 84 -44 68 -99 13 -65 111 -31 21 27 -27 -102 121 108 56 96 2 -92 1 -68 -7 -65 122 10 -66 -119 79 31 17 38 -4 124 -4 66 -15 73 95 63 69 126 -42 -112 -81 -48 31 98 -111 -41 -97 -105 -57 -95 -85 17 110 -10 67 92 4 -23 -21 87 -106 108 -94 101 86 -98 74 50 114 93 63 10 63 -69 81 -42 65 -40 -73 -58 93 -73 14 -63 17 -8 67 36 -114 -3 -81 -25 -17 118 65 -72 -68 16 -36 33 -123 61 4 5 80 -75 102 -122 -75 102 -125 49 -4 -53 -30 54 72 -90 -94 27 31 109 -119 -101 -68 -41 -97 15 62 97 -53 71 -67 -38 88 -94 27 97 67 15 104 -119 -95 -10 34 -58 -70 71 91 110 -42 -48 -16 -21 89 -94 -56 -119 22 108 -110 -34 20 -67 -17 29 9 78
-31 -77 124 93 -30 57 125 -123 54 71 3 115 -100 103 -86 116 -44 16 88 7 -91 117 103 33 72 -100 -109 116 -127 -38 -86 124 42 120 127 -97 -13 -67 89 -108 -10 21 9 -98 11 -46 -2 -36 29 -126 36 17 -124 -40 -13 -122 -120 -120 -19 27 -93 -19 -5 -70 27 17 -63 -15 112 44 -48 35 -66 123 -8 127 -70 4 21 -10 77 -24 -28 99 -51 24 -100 27 82 -25 52 -15 -73 -96 112 57 -78 -113 -70 26 -50 -9 88 51 4 -72 -63 -49 -94 -41 14 -59 -45 111 -121 -120 -53 62 -9 -123 -6 -22 -67 114 -119 -121 -10 -94 73 -46 -94 -44 54 -35 100 -17 61 86 -9 -71 -49 30 -65 74 5 55 -49 99 -118 -87 -120 114 -29 72 -90 -105 57 18 43 9 13 126 -8 -11 57 2 96 -26 127 16 -117 -70 103 108 -104 55 -27 -111 35 -66 124 -94 -43 -37 74 -55 51 -120 65 -21 -106 -74 -116 4 -33 40 -38 -79 -112 -101 -110 47 -84 -96 115 -101 -86 32 118 75 -22 43 -57 39 20 -35 76 -105 43 9 -3 33 10 -106 -75 39 -30 -120 71 -17 -39 110 -77 92 20 -45 -26 60 21 -49 24 102 -94 -80 -85 -79 -103 -124 -96 38 80 -61 -113 35 83 19 119 12 -56 75 -122 48 -94 49 -82 -127 77 109 3 8 -123 -106 -93 25 -90 -48 -81 28 -107 36 57 60 52 5 79 -112 -52 107 -118 -110 10 -63 -51 -42 66 91 -4 74 -50 -19 54 82 -55 -12 -119 -43 65 -20 -49 -109 23 34 24 33 -115 -59 -82 -78 2 22 7 -16 -65 0 -108 -71 16 43 104 -79 -89 -31 114 120 57 71 -107 -124 -80 -8 -81 -101 -95 -18 -34 114 86 -95 -93 -94 65 119 20 113 -10 -39 -50 -4 2 87 -78 46 -104 -66 85 40 83 36 34 -122 -20 -124 -18 -116 23 -102 100 51 -32 -50 2 30 16 -21 71 -5 -121 31 -10 65 -39 62 -60 98 38 109 52 -94 54 -43 -126 58 106 -94 -127 -63 -112 22 109 -122 63 -40 -73 17 -10 -123 -67 -12 -83 93 -72 -53 -108 40 30 -6 -114 89 -31 -22 119 121 72 -73 49 53 -28 127 -82 -8 97 -96 -38 46 33 94 50 -80 124 120 -32 99 27 125 27 -76 57 -38 120 54 124 97 -86 -78 50 -7 97 -43 61 -8 48 -45 116 26 23 55 -48 -59 -59 121 28 126 -60 -108 57 9 -38 -12 81 -115 -31 -117 -96 -69 108 84 80 -107 -44 -125 -49 27 -70 -81 -17 13 -124 -94 -52 9 105 -69
65 -27 27 102 121 111 -45 94 87 -69 88 -61 -72 85 78 104 70 -123 -21 -27 -8 99 60 40 81 114 26 90 75 -71 -10 20 -49 32 28 103 -61 -3 -4 -77 83 -30 38 -32 40 -99 -58 97 -73 -2 21 104 61 -45 -12 -18 -51 71 -91 47 -93 -54 40 108 82 -67 83 -83 21 15 70 -34 -46 -40 26 0 76 -63 -88 -71 -42 30 -88 -93 -59 -64 45 109 -64 -97 85 -33 51 3 -13 -27 14 124 6 -14 105 -34 -65 10 -92 91 -37 98 3 -31 -43 18 67 16 62 122 -115 43 103 74 -14 49 49 -37 10 -82 -42 -14 -104 28 -79 23 120 -15 -106 -113 79 88 23 59 70 14 39 10 15 0 -107 43 -61 -23 -99 -47 -116 -118 59 5 121 14 -8 -88 86 -8 35 1 -104 -50 -30 -31 -96 19 -9 -114 74 -96 -23 113 62 -80 -15 -58 65 -118 28 -68 23 39 93 29 -97 -124 53 97 49 51 99 -104 -11 -25 -7 89 96 -95 108 20 79 -97 -47 -118 -79 4 -86 -105 -42 -128 57 -60 123 16 -21 -46 -126 -59 102 120 53 -92 117 65 46 -109 25 49 0 -127 74 -9 110 103 16 -110 93 70 31 47 103 -54 -11 106 -51 92 27 86 -35 -125 -90 66 106 104 -4 -123 -113 49 66 125 -12 56 30 -28 74 -116 87 -1 25 103 -56 44 -53 105 -64 60 -80 -121 92 30 -11 -26 6 3 -128 122 -93 109 85 -36 -84 -107 27 -55 105 -101 54 107 64 6 15 90 29 35 1 18 24 16 -31 -43 48 -26 82 -70 11 -65 -38 -78 80 -42 -41 106 -59 45 127 75 -122 76 -68 25 -98 -48 59 -75 78 -16 44 -121 76 61 45 30 -105 -101 -39 17 48 85 125 96 -36 90 121 23 -8 20 21 -81 96 -67 -87 -25 -40 -72 37 106 59 -47 -42 -94 -123 -71 -15 64 36 71 -46 108 -16 24 105 -89 119 -120 -3 104 92 30 -14 -99 88 -51 98 48 -22 -102 -120 -68 31 -44 -2 18 86 98 -47 -90 -121 82 115 97 1 -124 70 -10 56 39 -109 26 -82 -77 91 -110 -14 -65 9 -126 -114 44 69 -65 105 66 -18 78 -9 76 -22 116 55 116 105 2 91 -106 38 37 -3 22 -125 -102 83 39 -100 30 -66 -83 -83 62 -81 80 -40 112 93 106 -100 95 -23 -112 116 108 -58 81 -41 -1 -56 -12 -6 -107 40 -102 27 58 42 17 120 -47 84 -35 26 -97 -22 85 111 52 111 113 8 35 77 114 -37 -88 -101 -14 -28 -119 90 107
75 -109 -38 120 -21 105 65 37 -113 121 26 -69 -97 -71 51 -12 92 -105 43 -85 -57 -77 25 -58 89 -6 -40 105 -42 46 -102 -10 -79 0 4 -106 55 1 -72 73 -48 -57 -121 31 3 41 -58 -96 -119 -102 112 83 -38 41 -8 -117 -82 -62 83 -56 -91 17 -92 13 60 23 24 21 41 3 17 104 -92 89 -110 77 -22 -60 96 100 -119 -78 -13 61 1 -63 81 70 -75 -114 1 -20 41 -120 1 -40 -91 18 115 50 51 -64 100 10 85 78 2 47 -108 91 26 5 105 -18 -59 102 107 -91 -32 21 119 -75 -41 34 -87 46 123 -11 85 112 4 95 -94 76 -115 122 75 -64 -108 119 71 34 54 -43 76 58 2 -109 -128 30 -6 -48 85 70 -9 49 -30 110 41 -7 -104 -14 75 43 -1 81 56 -22 12 46 -107 -71 17 77 124 -19 -123 -118 20 -102 7 -70 -54 110 -94 115 11 -104 78 59 34 88 82 -9 -42 -28 58 -106 12 123 -40 -82 -30 120 -66 23 -21 91 -95 75 -78 2 -18 9 74 -32 42 -76 -64 -15 -96 37 29 -15 -6 -107 53 11 52 91 77 43 60 92 65 18 85 20 113 -46 -103 2 -54 -76 4 100 26 -40 4 -80 -53 -27 -92 -47 116 -48 -51 -11 97 -62 45 1 75 -94 99 -22 -109 -116 -115 77 -94 -70 8 73 119 57 8 43 100 55 9 -110 127 66 -36 -57 -27 -32 57 -55 42 67 21 -83 -22 16 -121 47 -84 -22 -5 86 -67 -56 -45 -16 73 -58 54 39 67 -121 -9 126 99 49 48 -109 -94 51 -69 114 -66 104 55 -62 126 -29 -81 26 -5 76 80 -124 81 -105 90 -8 60 68 75 -11 -112 -39 10 100 -45 125 -30 -115 117 -50 26 60 51 -22 97 -68 -3 -59 90 -19 -34 109 -109 63 -61 -12 -35 -89 -117 -127 93 77 -86 63 65 -9 -66 -70 35 7 -29 -80 -118 -117 38 56 -106 107 -52 13 55 -98 67 -51 -119 -30 -62 -1 81 -31 114 27 28 -18 -40 -66 -110 4 -81 -102 -18 15 -20 79 83 21 41 100 -80 17 -96 -52 14 28 -4 108 -95 -62 -113 107 -15 45 2 -122 39 120 -123 -125 -65 45 93 -34 116 86 -74 28 -96 90 -108 114 28 125 -106 -50 33 78 -7 -16 50 -17 9 89 32 112 -88 -76 79 36 -35 -34 103 -4 -102 64 59 17 -80 -109 74 -70 6 10 94 -35 114 59 -58 94 29 51 2 -28 -34 -72 73 11 -61 79 -51 -112 -123 -59 44 10 -36 -6 -38 35 -23 -89
-68 -52 -128 -126 -53 91 -51 59 107 -13 -21 -34 10 44 101 -107 41 65 124 -92 63 51 -128 -95 38 124 52 -99 28 -49 84 -2 -91 24 19 -88 51 63 -23 -58 72 -71 38 6 27 -39 -84 122 76 59 69 -11 -34 -29 -117 -41 57 -10 -119 -73 49 -40 22 -1 72 -4 -106 -54 18 -93 -74 -32 40 85 72 -89 97 85 -28 66 45 -2 1 109 17 -124 5 1 -47 -27 63 23 10 82 -41 -98 -68 -21 -100 94 62 30 -15 124 -49 -117 57 -57 37 -96 -81 75 75 64 36 -79 -108 47 -12 -96 99 108 -125 -58 -120 63 -118 20 -28 85 -112 -113 -104 26 80 54 -125 -34 77 109 113 -44 -47 32 115 63 -98 -30 -65 71 2 -52 9 60 -64 97 -14 52 -51 52 100 -118 100 27 120 111 -34 68 93 -110 -74 94 120 14 -21 -44 -5 -72 67 48 -64 7 60 -97 95 102 65 97 -41 17 109 -118 5 105 110 20 -121 103 57 109 64 -112 -92 -101 -65 17 126 -65 69 -116 84 -100 27 19 -27 -81 -18 35 -34 -42 103 14 35 -61 -89 -27 -56 -103 84 -109 -40 60 9 8 -103 -122 -56 -86 -2 61 -19 -43 -76 -25 104 0 88 61 103 -38 -127 68 114 108 -9 56 -87 106 110 -113 -61 -65 -38 30 -31 98 -13 -56 -55 -56 26 13 17 82 -111 -106 57 -24 115 -61 15 27 -10 -116 22 60 89 -21 -117 -42 114 -13 -14 38 -78 -15 27 -3 19 -57 -54 -126 -56 -28 44 5 -92 102 40 37 54 98 118 39 3 -41 -9 86 94 -61 -95 12 38 17 -59 16 52 46 31 1 76 8 -12 -120 -10 76 -66 -16 115 -98 -83 58 -21 51 114 15 62 -72 28 -31 25 -4 -95 41 55 114 7 -81 21 115 -103 14 125 75 -106 -9 -100 -101 49 -5 -57 -28 64 82 25 -86 14 -111 53 -53 -127 72 -10 16 -27 -61 11 123 84 -109 88 51 100 40 -66 -41 15 -2 26 0 -52 -81 -5 -23 -100 104 -62 67 86 -50 26 115 110 92 6 -92 -24 63 75 -100 -84 13 -91 -123 -45 -73 7 8 100 11 17 64 -70 -14 -69 112 -43 -97 -124 9 41 -105 123 49 -99 -69 5 53 63 37 10 -112 -75 -35 23 -106 -28 49 -123 -5 -98 126 66 11 62 71 63 -36 116 -108 -86 -61 -105 65 85 112 98 73 45 38 -31 -10 59 -78 -16 50 -53 125 -10 9 -13 -107 -56 47 7 25 12 92 100 -24 -2 57 -64 -49 53 58 -104 89 -117 -95 119 -36
-75 -111 60 71 112 38 84 73 107 -123 0 -39 -128 -28 27 46 91 10 -44 5 86 125 100 -43 -11 -85 111 -118 24 -48 -61 -6 58 -124 59 73 95 -43 -105 -36 13 -110 109 -83 0 37 127 120 -128 -64 -73 -82 -60 -35 118 30 -77 69 65 -6 -1 42 -68 -90 10 -73 -12 84 -44 -57 50 86 49 -56 -101 -50 116 18 37 92 -90 88 -113 18 -55 -82 49 98 104 28 47 -15 -59 64 -35 88 34 -26 53 -30 -89 45 27 107 -68 -61 55 -45 39 -35 -66 16 48 -49 32 -30 122 -120 12 99 84 -82 -92 103 54 -32 97 -32 98 -42 -18 31 -19 -123 2 23 119 98 13 10 -108 -113 -25 103 -76 -10 119 76 -70 -53 80 -58 -52 -119 92 25 -22 -41 -5 -8 43 -101 -9 29 -13 69 -104 27 110 -8 -107 94 -31 51 100 51 72 122 -55 47 85 -11 -25 103 59 15 -89 86 -14 29 84 -27 87 -45 11 16 23 -91 109 -4 123 79 -56 -10 26 127 43 -95 -58 -27 -3 -122 110 -87 -41 64 50 -68 -62 -75 -93 48 30 67 -69 -33 -85 113 -79 100 48 54 -117 77 107 -101 113 14 -26 -52 -80 25 56 -30 86 124 -39 -17 78 -115 -51 -4 27 -43 -91 110 -69 -68 -87 -88 30 16 -88 -89 83 65 -96 -79 -43 45 28 -106 -74 -122 -109 41 87 97 -56 66 -35 80 121 84 -118 -27 -59 -32 -69 -28 24 42 -26 21 -1 34 35 -97 57 -43 67 117 29 101 -83 90 82 -57 -37 30 94 -65 27 32 -77 110 -6 25 -91 -78 -64 -100 -69 -68 -72 83 -97 -80 12 -76 -44 77 -20 72 -13 47 -110 -33 -103 64 123 -56 -82 77 91 -50 -48 -99 4 -12 -118 -102 -66 -69 -115 -24 -69 -84 67 -26 23 104 -113 -24 -39 -31 -95 61 -9 89 -125 12 -55 108 -34 -9 7 -100 100 -57 -8 92 63 1 18 112 -121 79 -12 -67 97 90 37 -32 114 120 -9 78 -117 63 101 -19 -26 -88 -11 -35 -17 -47 112 113 -26 -91 -59 24 75 -100 85 31 -62 -105 93 74 -25 96 0 -44 49 -4 62 -69 14 -45 -125 83 -124 86 -100 77 85 -23 -92 17 77 109 -69 104 0 -118 -40 -41 -74 19 65 -13 79 -90 -117 -60 -88 72 35 -82 66 30 -65 7 -107 -19 61 107 -59 96 -60 -69 50 -126 70 112 60 47 89 -79 4 59 -76 -100 -104 50 -31 44 -63 -113 40 113 36 58 -5 11 34 3 -112 -117 119 -27 -70 -85 -113 37 81 -102 -60 -71
-62 42 82 59 5 93 28 -48 43 76 3 -84 -89 0 57 -93 -92 90 113 82 -109 108 125 77 74 50 -34 -120 -87 29 -61 69 6 64 -15 -37 86 -63 17 126 40 -123 26 -56 87 114 -103 -68 0 73 36 -111 -26 121 -48 111 49 -23 14 -2 25 30 96 105 94 101 -77 35 23 27 107 -110 -76 58 -33 76 62 -70 64 -74 19 -67 -10 -82 54 -114 112 -29 78 -17 0 107 4 41 -78 -96 -9 17 -75 -91 -2 126 111 101 55 127 1 -82 -123 17 100 53 48 -74 -73 95 -42 74 -45 -2 -85 -98 -36 96 -27 -22 97 -13 -47 -99 -25 -44 -117 3 110 84 61 -4 -19 -89 -107 -104 99 -58 105 18 -105 108 -17 -7 20 35 -97 46 -4 -90 -128 41 -52 48 -13 25 6 91 2 -73 -98 31 42 -127 48 -70 70 87 120 28 54 115 105 -110 -40 -26 40 22 99 -102 69 66 -118 -51 92 -38 -54 -103 27 -66 -41 48 -116 40 -57 -60 71 -30 -80 30 -106 103 -1 -25 -38 -55 106 119 -123 -21 95 2 85 4 -113 103 41 63 37 19 -64 32 -11 87 -29 25 -85 -101 -39 -78 -32 -120 -108 -105 -16 96 42 7 38 93 105 124 -65 90 -89 76 52 94 -19 37 -7 -16 -81 122 -14 124 84 124 -111 -60 -17 -27 -5 -37 73 -33 57 -104 110 -34 -101 7 9 13 2 -118 -82 -47 0 112 70 87 -14 90 -72 118 -55 34 48 18 -16 52 97 75 -85 -70 33 61 123 -48 105 -74 109 69 2 -35 -36 30 -124 32 -74 110 -27 23 -28 -95 84 73 121 121 -11 52 -62 -96 -64 -102 -96 18 33 -65 -114 -69 63 -47 55 51 -20 102 35 -59 -39 -73 -50 -39 -126 -77 84 49 120 -13 41 -12 -40 127 60 -57 -92 -68 -99 -56 -6 119 -98 -15 -95 17 -67 -23 -31 -114 91 -61 40 38 96 7 -77 39 -104 -5 16 -31 107 -107 -77 125 91 -48 -77 111 -97 -77 -118 38 56 109 95 8 19 -111 23 43 83 -19 33 16 98 -24 126 -105 34 -72 93 -113 52 -49 -35 -2 -5 -100 -51 -65 126 52 -27 47 59 85 -83 8 -10 -65 15 73 116 -50 116 66 -60 7 93 126 -128 35 109 107 53 -76 70 111 102 -110 39 105 84 -98 -59 93 81 114 119 126 -34 89 126 84 40 -2 -56 88 77 -49 119 68 -102 15 107 -28 123 -103 17 -41 37 -84 -29 9 40 -21 -78 72 36 68 87 121 -122 103 39 -120 -76 76 94 89 29 -50 10 41
-30 -114 115 88 101 68 100 114 14 121 -15 119 17 37 119 -77 117 -46 -6 -6 -124 77 -128 -116 -124 -4 109 -17 -16 127 -45 18 -60 0 54 -94 -103 81 91 -99 -95 -88 -19 -73 -68 73 -124 68 -25 -46 13 51 -52 -71 75 16 73 10 14 -4 -7 -98 114 -107 123 -109 58 -61 33 -109 -27 -29 -41 102 -110 66 -76 57 -31 -25 -63 50 15 -108 -112 4 73 85 -79 -34 -116 -98 62 20 100 -57 79 -95 68 -42 -59 46 120 13 112 -1 -116 14 -3 88 -18 -108 71 -81 102 -101 111 -20 64 -18 84 -8 0 106 70 11 -51 108 15 -70 -69 81 110 -112 114 114 8 110 49 -94 97 33 107 -116 91 51 -84 -25 45 63 108 -10 -102 -83 -70 88 21 11 -123 102 56 89 22 -9 7 58 -90 -84 18 -61 36 73 -119 -54 -51 -21 123 124 -121 104 16 14 105 -71 -1 102 56 120 54 122 100 80 78 56 -39 120 91 104 84 -20 58 13 -33 -29 -110 -31 29 -61 -78 -94 -127 -125 -101 125 -25 -120 -19 -56 -99 -50 96 -38 45 -106 -40 -19 -48 90 8 50 98 124 90 8 89 103 61 43 -22 -60 -102 84 117 77 -2 93 34 112 -82 79 -110 -66 121 -113 92 -34 -16 -42 64 -76 -11 -91 79 -88 59 -98 24 109 -10 126 66 -29 -53 66 -86 39 -102 -41 -16 68 -71 -90 -100 65 111 27 -97 37 -91 -45 -6 -103 -79 6 -41 -95 -56 -122 -127 95 -5 100 117 -80 47 -113 -96 88 103 6 68 -15 40 -82 26 48 -38 -14 8 9 -49 124 102 27 -76 -25 97 85 -123 41 -12 -3 -12 -44 85 -48 -107 0 92 -97 109 -51 106 43 -54 -38 -24 49 -77 82 -89 -100 122 -85 -92 -50 -51 111 -42 11 57 120 -121 -42 -43 -37 40 31 80 -81 56 -70 -43 122 -86 123 91 -33 8 11 -128 -9 26 -14 98 86 -31 -68 -66 87 -122 -68 60 1 49 -83 -92 -111 -40 111 -46 -7 -21 -82 75 72 -42 -35 84 -19 -52 -31 94 61 74 7 -60 -105 -59 -81 44 46 76 5 -76 -78 -56 -12 78 7 55 76 40 111 -4 29 -66 39 71 37 105 65 -6 -79 38 -38 -51 10 -111 -122 33 31 5 0 89 -1 -101 30 -10 43 45 -117 -87 -37 73 0 83 -112 105 65 -74 49 -19 64 52 -62 125 -1 -53 99 102 -22 -34 -78 -123 114 -62 -45 120 -28 32 -2 -82 13 67 -23 111 104 37 119 -60 62 -122 -113 38 -3 -66 -77 86 -27 -63 23
81 -81 -12 -72 -98 38 -9 32 -90 29 -90 15 74 3 -118 -47 -89 -122 112 125 12 -127 45 -107 124 91 -8 -67 -96 115 73 53 -87 82 32 105 84 84 -90 78 -25 -3 57 76 46 -23 -101 117 80 18 -87 -56 76 66 12 -36 118 106 -100 -60 61 -28 77 -13 -127 25 98 -69 100 63 -64 -114 -116 64 -68 14 -125 -50 57 40 10 -105 47 -63 68 4 56 -30 20 62 116 -50 76 21 -104 62 -77 104 -86 -103 109 -86 120 -66 -122 80 -83 10 -50 -91 -79 -30 -127 -49 126 56 -90 -4 106 95 86 110 -100 98 38 105 73 -39 -83 24 -64 -72 -69 -87 102 -119 -128 -116 -84 46 108 26 -28 108 -42 77 101 112 -17 59 92 -123 40 76 -116 119 -98 47 -102 -52 108 -38 -74 31 64 57 67 95 55 121 -120 41 -74 -118 52 62 -123 -90 92 -41 -63 -49 -88 36 55 108 -46 -99 -15 -20 119 -13 19 -84 33 46 -109 -76 -78 -21 69 -80 -70 -32 65 -55 8 -20 -125 5 -57 116 -15 -117 16 3 -95 85 2 -59 -19 76 100 -27 -69 -45 26 57 -128 81 101 45 85 100 86 -45 70 -112 -64 1 -17 -111 11 48 82 58 -9 2 -106 -63 31 -15 47 -98 54 126 115 -51 -26 -123 -86 2 8 16 43 -20 102 121 -100 -61 92 -99 77 -20 99 -52 103 -121 -13 -120 -57 -107 -92 72 -94 -85 -11 99 -41 -83 -54 -46 103 103 34 98 23 -20 -106 100 -90 63 -42 -105 73 12 -92 119 -86 -72 1 -9 7 22 56 -95 -66 -86 -53 57 -82 92 8 -27 73 -62 31 64 -18 -38 -120 -68 -25 35 -94 -45 -15 -104 -72 -121 6 101 76 50 -58 -48 -62 -5 -105 0 32 -62 -26 13 -64 10 85 24 101 -83 -3 -97 -42 125 -68 63 -89 -17 61 83 91 -38 -16 -61 102 10 -44 -17 -70 -34 -26 82 -99 -37 -91 -91 -115 12 62 -103 117 -56 -30 76 -12 -32 -4 73 18 -29 -27 79 -44 -60 87 -72 92 -9 52 113 -21 123 20 24 -111 -74 -46 -66 83 14 4 -21 -42 99 -35 -24 -58 86 88 -122 122 127 -93 -11 69 -40 64 -72 112 -87 91 25 36 -106 -35 70 -16 -122 105 82 -107 -81 -96 127 -108 -61 -119 92 26 -19 21 37 -39 -33 -61 6 89 -24 -28 31 -5 49 24 -67 59 111 -81 78 78 114 -111 24 24 -47 -127 105 116 59 84 -27 98 -72 45 52 106 -16 98 103 -111 10 111 26 -127 1 -106 13 -13 -97 47 -87 122 -119
-62 -66 -5 34 -120 74 33 -35 -22 -26 -82 -2 69 -48 -18 -99 16 42 109 -77 -81 -23 122 -107 96 -43 99 21 -97 17 26 -111 -79 -91 -45 38 -32 -124 68 89 4 -34 -111 -30 -97 16 -91 -47 48 80 -74 -32 87 -3 -11 116 17 32 -88 105 113 -93 -95 -7 58 77 77 121 21 -96 -10 -30 -8 -117 -34 -91 -124 -54 42 59 125 70 -1 40 23 -25 -96 -124 123 -19 -99 -90 -8 -56 89 90 93 -19 110 90 -4 8 -80 -94 17 45 124 25 -127 49 92 -75 -83 27 52 -6 7 6 96 -29 -109 -34 82 58 73 -93 2 68 -39 37 4 22 -125 69 -70 102 124 82 95 -36 73 73 2 41 102 52 -69 108 -10 -3 33 68 -115 -103 -62 -119 -52 -30 -79 17 38 31 -34 -87 -116 -5 -111 -114 80 -84 23 -83 -17 -57 32 -104 -120 75 -126 9 120 23 -55 -120 -74 -94 5 68 1 -58 -89 -90 87 97 -6 54 86 -56 -88 47 -3 94 -56 34 -125 -78 -99 31 -2 -120 33 2 -111 -60 -93 -2 34 11 125 67 95 -110 -36 -100 70 23 -96 -56 48 49 10 113 119 14 -9 -125 -69 -120 42 40 -66 49 70 -67 -102 108 94 20 -86 -85 68 -85 3 66 90 26 26 17 89 -14 34 -55 -75 -53 -119 73 -93 71 25 56 108 81 -65 46 39 -26 25 61 58 82 101 55 42 17 -10 -110 63 -118 -64 -7 -44 77 24 29 70 72 62 30 -97 -123 -54 80 54 39 1 -68 103 76 103 -10 18 -125 -98 109 54 74 -25 100 54 14 -49 -61 43 -112 -111 24 -80 80 9 61 69 83 52 93 41 45 112 92 120 29 56 -26 -89 82 14 80 -126 -76 -96 -42 124 11 38 -69 -52 -48 -36 116 -55 -28 -47 -70 93 -90 -115 0 -2 40 -10 -121 -21 108 -39 -120 1 -95 42 19 88 28 -21 81 -65 -11 -33 55 -57 -127 -54 91 69 -90 -30 32 124 50 31 -111 -10 83 76 63 -57 -16 -17 -50 -16 -7 59 -83 -76 68 -128 98 -93 122 -10 -14 121 -91 -49 115 23 3 79 99 -67 -56 -86 33 37 -116 53 -102 105 -43 100 11 -26 -97 -56 50 26 -119 -120 21 -58 46 84 121 -75 -91 34 -76 -10 107 -112 -86 33 39 3 -96 109 -121 -3 -18 -97 124 20 82 -123 53 -124 -101 84 8 11 38 -81 -7 65 -109 53 -118 -51 -30 79 -78 78 -58 -70 107 -46 44 11 -9 127 36 61 32 -30 -45 59 77 79 53 23 114 37 -2 -73 73
-125 93 -101 -107 -39 27 5 53 -68 64 99 109 -99 56 75 -109 45 -106 -10 -14 -63 25 10 104 82 -41 -125 48 8 22 16 90 -114 99 -127 94 -105 70 -74 -80 117 -101 17 -100 47 126 -62 32 105 -71 -94 0 64 -18 9 -118 -11 -1 114 -124 -54 95 108 -110 -3 -126 108 98 25 -52 98 71 -85 32 57 93 47 -92 -126 -88 -83 21 86 110 -126 -94 -80 -113 -2 -26 71 126 -112 12 38 -34 100 -108 -15 -119 98 -74 29 55 20 -37 -106 118 -116 53 22 41 -40 -86 -13 0 -105 95 37 -24 124 47 -94 38 100 1 -128 81 103 -75 -95 8 -10 -114 13 49 98 -23 125 -83 118 -90 -74 32 76 -26 -121 66 -22 77 -122 74 -99 12 -57 -77 3 35 49 52 2 90 -18 -93 39 -39 36 -17 37 33 -99 29 119 2 28 -36 -81 91 62 87 93 98 83 -102 -34 -50 -111 36 88 -17 -76 -42 91 -81 -80 96 88 -42 -79 81 -121 100 -119 44 -47 123 -36 -12 -86 -41 79 -83 -49 113 -82 23 -52 47 117 -51 -41 2 -128 -92 42 48 43 22 -117 61 96 -22 57 -5 75 -86 -20 -95 60 -30 -66 -80 -121 -128 57 -62 -117 -122 43 -35 -9 -85 -122 21 123 46 -72 78 -49 -54 24 -119 -118 -33 -85 -20 -40 -35 61 46 -16 -46 62 90 -26 -15 65 -43 -55 -89 -33 126 -52 -15 76 87 -117 39 39 -105 -120 -100 2 31 -41 95 -23 83 99 83 77 110 13 28 27 61 -60 10 -36 -104 -46 10 -98 -1 79 -118 -126 -16 95 24 -79 -46 -113 116 10 -66 9 -89 -36 88 98 106 78 87 -100 10 -47 -61 -70 13 126 -118 -79 119 52 115 50 -110 -77 12 29 -115 75 -128 -11 -85 37 93 1 -95 -88 89 -51 94 -101 -27 -11 59 98 112 6 18 -46 48 -73 32 -105 -40 -25 95 -95 1 -62 40 45 -78 2 -9 -72 -99 106 22 -89 111 127 32 -94 68 -70 101 31 66 21 0 -13 27 -14 121 43 75 51 86 -50 -10 55 20 71 -39 -65 -116 46 14 57 -85 -96 82 -69 127 42 127 -128 -83 92 -79 -121 -77 -127 11 18 16 2 41 7 -76 -115 86 -96 -78 83 94 125 -30 -127 15 125 112 94 -70 -38 -103 5 -71 -46 82 -113 -65 -99 61 19 3 -92 59 66 22 -118 95 -74 98 -72 -28 116 33 -69 -48 115 -106 92 107 85 100 58 99 0 -18 -78 86 -123 36 -12 71 110 -16 -62 126 -42 49 -27 -55 38 -65 76 -19
78 62 73 114 -85 -67 35 -81 106 101 103 -122 80 -64 52 120 -99 -113 42 -61 16 18 -10 54 -99 77 26 57 -25 -67 -91 17 -123 -128 31 -111 8 -83 65 -7 -9 -24 -104 -24 -116 -20 -37 -34 -20 35 66 -117 63 6 -44 20 58 38 112 35 18 55 -61 108 66 -121 99 -120 -106 104 -38 118 7 -62 -19 47 34 -33 -56 -4 -127 -11 106 69 -108 -42 50 -16 -70 -23 -11 -100 -82 32 45 95 -89 112 -22 -10 43 78 12 93 -124 -47 -121 39 18 -74 56 34 61 89 -114 -35 -92 26 13 -26 -24 51 113 -91 54 -19 116 -51 -5 85 50 40 95 82 47 -63 -10 -78 -92 3 53 -72 23 42 50 85 -95 4 -9 105 83 13 57 -115 -7 -78 22 -68 -119 47 91 -84 -65 -19 -28 80 30 77 91 100 -38 -36 43 -113 -63 10 -75 121 62 -111 -98 -83 -9 -127 111 -102 63 -58 -107 32 -76 125 34 49 16 48 -52 -8 -127 69 -114 103 -54 81 121 -1 -96 29 119 25 20 97 -97 -11 -112 -61 103 15 81 -55 -115 43 -64 92 -126 63 -25 -68 60 107 52 -111 15 1 -45 30 95 -44 -72 -33 -39 -127 20 -22 101 -100 -119 28 99 7 -111 -92 3 -7 101 -5 126 37 -20 -118 93 78 102 36 15 107 44 83 57 19 96 49 20 -78 -114 66 -123 84 16 -107 -32 102 122 -75 125 -53 13 101 41 108 21 -19 -38 18 42 -43 -118 85 97 45 -105 -47 74 43 0 85 -21 7 124 119 -66 -47 25 -11 116 33 -45 -8 88 -72 -19 -74 -69 19 93 54 -64 82 40 -48 -112 12 -43 30 122 68 62 91 -106 -98 77 72 118 -26 -18 111 -47 51 8 -88 83 -68 75 14 61 -30 -89 -82 116 4 122 125 23 -11 5 -48 -104 63 -54 -124 -106 48 -74 36 -117 116 -91 -92 1 64 -90 114 76 -33 -114 -104 -16 -105 -41 -52 -127 68 -70 7 44 -127 -21 118 122 60 -126 -61 -56 124 77 79 19 90 18 99 -9 22 75 27 -86 104 -127 126 76 -67 -103 46 112 16 46 26 73 86 -26 37 -122 116 -70 -27 -93 92 -37 56 97 59 1 67 -48 -16 46 -64 -94 37 67 -14 107 -22 -74 -74 -80 27 -107 -31 64 67 109 -86 -25 29 104 107 -31 4 -103 -115 104 -22 -65 37 -111 -33 -91 72 -113 66 26 91 -100 -88 -74 16 30 77 123 -9 -110 -66 -42 62 8 -8 19 59 -54 -102 -19 -74 121 -108 88 74 125 121 119 108 0 90
-65 10 -105 -7 106 86 -39 -101 47 97 -90 -64 79 -69 126 83 39 97 -100 67 92 92 118 -57 10 27 123 -16 99 4 -113 -98 -96 -121 -66 22 -96 -29 28 110 54 -5 -22 61 -72 -84 -128 111 22 -112 102 -112 -86 -107 -91 46 97 10 66 19 -104 58 -19 -14 -64 126 -39 -68 -83 118 -111 -104 66 43 -102 103 66 -47 -39 -105 -62 -9 90 -55 -60 -7 -119 -46 26 97 43 29 -125 80 -114 -86 101 -49 -36 104 -101 74 23 112 31 6 98 -75 57 6 55 42 107 80 63 -56 50 84 -24 115 -95 -114 -92 -79 19 -54 -117 -14 22 -115 -98 66 106 -84 -75 -100 -113 -120 -69 57 115 -64 -81 -97 24 -34 124 47 117 83 -59 95 14 25 -79 -28 -122 -102 114 -82 28 3 114 6 -72 -120 84 -27 44 89 -85 37 -50 86 51 -65 32 69 -74 52 -120 67 -7 7 15 81 123 124 22 -12 -62 -34 84 -16 9 -13 70 -72 -101 -69 -127 61 112 76 81 68 -49 16 6 107 71 -111 -85 43 -28 120 -46 70 104 -41 -43 64 -115 -127 44 113 -119 96 63 -125 -45 13 -41 -63 -68 -38 -69 125 -50 -24 112 -117 52 -113 37 119 63 -98 15 43 -18 -118 106 -120 -114 -2 -93 71 70 -107 83 19 1 -66 113 -94 -25 -80 -69 72 -79 80 -92 9 70 -64 101 -116 37 27 -118 70 66 60 95 -73 1 103 74 -51 8 -50 -51 106 -83 -32 -118 93 89 -6 -99 -110 -17 84 -69 -19 22 -63 -84 -76 60 0 33 -68 78 -47 36 -51 78 88 34 68 66 -53 -18 94 14 -39 67 6 99 -51 1 57 -116 42 57 74 53 -25 26 -28 -83 9 -67 38 61 -66 82 -94 -3 -3 107 -120 -95 -50 48 126 95 -74 -83 106 -128 109 -32 70 64 -120 44 -104 -119 47 69 -114 75 90 -13 120 95 68 21 -90 -79 23 -115 102 -30 -94 27 -42 81 -6 -104 -22 49 -105 -68 9 48 -65 46 -67 -58 -113 34 -58 -19 33 11 -96 -29 123 -64 7 72 -102 -36 119 -62 4 -76 114 -61 -1 7 -97 7 110 -116 -19 -39 -9 -9 -74 17 117 99 -84 -39 61 9 -54 -45 -13 93 -64 -42 65 68 85 52 108 -40 82 -20 102 -80 -76 78 22 33 -38 -104 38 -108 8 -91 58 79 -40 -54 9 95 91 -119 -17 -45 94 9 14 -7 127 98 101 92 30 -92 94 -34 51 -65 -96 -72 71 -10 -100 127 -105 100 -3 49 -36 43 59 103 -28 119 116 -98 12 -100 113
78 -118 -54 -59 -90 -56 95 -107 -6 68 43 74 -11 -86 62 40 -128 1 71 44 117 -77 -52 109 -89 3 46 -102 -116 77 6 -74 83 -23 25 -45 70 -102 26 59 -77 -11 112 -122 -59 68 112 -104 -92 -119 -52 38 114 104 -108 123 62 56 -79 11 -63 -56 55 -43 57 18 -124 -41 -29 -123 -26 -62 -23 109 4 -56 76 -103 -115 -9 72 123 -55 -112 45 -63 89 93 30 -105 -56 32 -109 49 -52 -38 -73 -39 126 109 99 68 21 -63 -70 116 -15 9 116 5 45 -53 -75 62 -57 -98 -18 89 -109 -113 -65 12 25 -31 13 -4 -17 86 77 -20 -72 11 -100 119 -46 -68 126 -5 48 -48 -89 65 -110 -62 -108 6 124 -16 59 57 127 -86 -46 -96 101 23 -73 121 -94 122 49 -107 -61 -76 105 112 108 68 125 -61 51 -87 -36 -78 92 -75 126 -127 31 29 -37 120 -1 -44 20 49 -77 -60 46 -62 99 42 -67 -51 -68 97 -37 28 -78 -74 93 84 -109 21 11 43 -106 62 -100 -25 -20 17 44 51 80 114 102 95 -123 -104 -108 -121 -112 -72 61 -120 108 -119 -95 -99 80 -51 -22 -63 61 -27 -72 -49 -62 -23 60 -13 -126 62 72 21 -32 -12 67 -37 112 117 18 -51 93 -67 -70 -102 -128 50 -48 -87 114 -51 74 54 -44 65 6 -112 -97 39 -128 -62 26 122 -18 -21 57 -97 29 19 67 -89 76 -101 101 -79 98 -122 -69 55 31 -60 -5 120 9 7 49 -87 11 -117 59 -59 90 -50 66 -98 75 25 -123 88 23 -19 89 58 -75 78 87 98 82 46 -95 -52 110 4 -10 -35 54 -4 -1 -125 -39 -86 91 15 -122 91 106 -77 -25 46 52 86 -96 43 10 -56 43 -105 -26 48 -128 103 -46 84 36 39 -105 -82 89 -31 54 87 -95 18 -9 -7 -102 74 -125 -90 127 -55 -69 -128 55 125 53 43 -25 82 55 -108 -112 57 -82 52 -62 19 -12 102 -118 -9 4 -43 12 -88 -51 11 46 3 -17 -78 -99 70 -97 20 -80 -52 90 64 -108 45 72 -78 9 -98 -120 84 -10 80 113 -79 -71 -76 -76 -105 8 -21 123 65 -58 -1 96 13 73 92 -1 112 -91 114 -65 91 68 34 -80 -32 -85 -14 59 0 -111 -60 -23 39 -65 78 1 9 -101 70 16 106 36 74 -54 -22 45 66 10 -14 18 61 -90 27 53 -57 0 -94 86 -48 13 -68 -44 78 113 -33 92 15 -63 -99 87 51 46 -38 -108 25 -80 -127 124 47 104 -14 38 -53 -19 15 -15 110 46 61
-111 90 70 119 -7 -116 -40 80 -128 -91 -101 -68 95 5 89 108 81 -2 15 76 86 82 112 73 73 -102 30 87 48 4 92 45 -72 10 6 -99 104 104 -74 116 120 -126 -90 1 -121 29 -69 -109 -104 20 -126 -27 -74 -14 58 25 -65 -76 95 -50 30 -22 -69 91 -26 -93 82 2 65 -86 -46 127 -122 83 -32 94 93 -7 -19 -110 7 -49 102 -92 8 -80 -88 74 51 113 64 -80 76 101 44 -82 -10 -43 118 96 36 6 105 -115 14 -79 -86 35 98 -126 -74 71 -68 -91 125 -123 115 99 -29 -49 40 -70 24 50 28 55 120 8 3 -28 77 -42 -101 123 73 76 -3 -8 3 53 92 79 50 77 82 -81 -39 -53 -77 119 -66 76 -53 16 -76 81 5 -109 46 -45 121 67 -27 -112 68 36 -82 96 44 -17 -14 106 -64 125 116 -83 -46 -45 -21 11 55 -40 0 63 -68 -20 -98 -66 -86 -101 -29 115 11 -41 87 69 -35 98 57 17 -101 -113 86 90 -27 -7 -39 -21 -123 -10 7 29 -71 67 1 84 -31 19 -49 117 -128 -114 65 -112 102 -10 -73 120 7 30 -34 66 48 31 67 1 22 -38 54 14 43 -89 103 -76 -108 42 25 -111 -24 126 -111 -103 -11 34 -4 19 74 -24 43 34 -67 53 99 -83 -24 15 -60 -100 61 33 9 102 47 -29 -92 -120 91 -127 -82 -47 -67 -66 -115 -111 44 -107 16 5 2 83 50 -79 15 122 122 -103 18 69 -123 121 10 66 -57 -49 62 -13 -38 -82 53 -76 -73 124 84 -50 15 40 -47 -33 121 -66 -55 -24 93 106 56 57 -13 -38 121 116 -39 -1 -90 42 32 -3 -55 -23 89 60 -81 -38 41 -105 91 -99 107 -56 35 -119 55 65 -1 123 97 82 -114 98 -51 -114 22 -126 1 3 25 -114 -48 127 -103 96 -66 86 -20 100 53 91 36 127 95 65 -29 49 -90 32 120 -86 16 115 83 83 72 84 49 42 -125 126 -30 -101 122 -112 120 42 -24 -9 43 -15 33 86 -57 -66 115 5 93 63 36 -24 76 102 122 113 -67 -64 -48 61 -99 89 91 60 96 18 -79 51 -89 -2 60 15 -63 -29 -2 31 49 -120 14 56 35 118 -33 -68 -85 -80 -30 72 0 117 -13 93 -1 -90 -84 -13 -87 -128 16 34 -95 -39 -56 78 49 -50 56 78 95 -88 -77 -85 -39 -30 21 29 -116 -72 33 40 68 -20 84 97 83 -68 2 61 23 -38 31 19 49 -12 -81 -34 -115 -70 -12 22 70 -102 65 -38 71 -36 -32 74
-44 -52 23 -7 -45 -80 -11 -19 -94 126 92 36 -16 87 42 -57 22 95 55 43 -4 -5 -114 -103 63 -123 33 114 28 77 82 -89 -84 71 120 23 115 81 -29 77 88 -106 40 73 -70 -97 -16 109 -71 2 54 -39 107 25 73 -11 47 67 -2 97 108 6 119 -35 32 -121 13 11 123 66 -23 88 121 -23 74 64 -72 103 21 -68 127 7 -28 -18 -54 64 -96 84 -126 -92 -112 45 68 41 -98 -128 87 83 -76 47 127 82 -13 114 119 -105 45 -26 71 -114 59 -76 -11 -118 -128 -105 -83 -37 -102 -116 30 105 -86 27 38 -17 63 51 33 -51 89 126 46 76 -20 -9 104 36 11 -67 14 84 -32 4 -42 -78 -14 -81 -80 -30 -125 36 70 83 52 105 -67 36 -91 -73 11 -49 45 64 23 36 -92 -91 19 -30 -100 2 6 -27 99 -18 -54 -16 -11 -83 -91 81 96 82 -5 110 122 -47 -76 -73 73 -16 127 -12 6 109 61 -46 118 43 98 -6 46 87 68 127 -8 -102 108 -6 33 44 -124 -38 -65 -100 5 -41 91 -121 -99 7 28 64 -34 -88 -99 -25 43 -90 1 -31 -99 -64 59 -13 13 10 86 -96 41 73 -70 92 25 8 95 -69 -39 -59 -12 81 -58 66 -43 -37 126 103 -106 62 117 -24 67 -33 70 -17 -26 73 59 69 -56 -123 -117 120 17 -32 59 -70 16 18 89 -36 -29 105 20 -34 -108 -79 -57 -113 -118 11 37 56 55 17 60 -62 -62 -38 30 -86 -20 63 96 83 113 25 27 32 29 18 -105 91 -84 -65 -16 49 -112 -116 -17 -95 -24 -54 87 66 54 -16 22 113 -45 12 114 -122 -69 85 -121 -14 6 -56 63 109 88 4 -9 86 44 23 41 78 -52 85 117 32 -118 36 58 -35 -48 22 -120 85 126 -31 -108 -14 -114 -87 88 -52 -79 -72 68 -10 75 -67 -43 -118 65 -95 96 80 6 68 31 124 15 -68 -106 50 80 -38 123 -35 118 25 -23 125 -1 65 -38 115 101 8 -19 67 -85 -20 80 -122 -116 -66 -60 -67 -89 71 87 26 -103 -76 -22 -22 -100 -14 68 124 -15 119 -69 20 123 -26 127 20 -63 -32 20 -21 -95 104 -124 105 -13 43 39 -79 -11 -79 23 97 -59 -121 -12 -61 -6 -46 39 -98 -60 -73 -101 -50 99 -108 -14 -37 115 28 -60 117 8 -6 58 -28 52 -72 6 -85 113 63 -117 -109 -92 -35 55 -95 120 36 -110 83 43 -36 76 56 9 -44 73 102 72 84 -6 -9 -41 -52 75 83 14 -24 -117 -21 106 12
105 -1 -46 31 22 70 -128 -68 102 -54 -28 26 52 -124 59 -124 20 -8 -97 41 -48 -68 52 -105 -124 -19 -62 -92 74 97 124 60 -19 53 -13 91 -43 -76 22 73 -83 -99 -82 64 127 -25 3 106 -58 -86 -106 -39 51 121 83 -2 -55 -82 -40 -58 -111 9 -114 -98 -62 -25 -6 -88 -5 34 -12 9 -78 -19 42 37 -10 44 10 55 -71 86 -78 -88 64 -105 -8 27 -105 113 -113 86 -122 -15 -23 3 -51 112 76 -104 -101 -48 -86 64 39 -4 -82 101 -50 27 -57 69 -83 32 96 53 39 -68 1 -117 25 -83 -21 114 71 32 8 111 -94 108 -41 -33 82 89 27 92 75 18 71 126 -43 -105 54 -36 -8 -38 -20 9 72 -65 93 -87 -111 -120 -4 -38 50 3 -57 90 -14 46 -74 -74 -103 -121 -9 76 102 -4 -91 -103 -2 115 35 66 4 124 -76 8 -95 44 -7 6 -127 -113 -70 83 124 -98 -87 84 -116 -99 23 65 -3 -104 78 -31 37 -117 -61 47 18 96 -109 57 24 -17 20 -77 -74 111 119 41 72 -27 35 -123 39 -86 6 -91 6 -81 102 -66 68 40 -101 -111 -21 29 -96 -93 84 -31 78 -11 54 -52 -77 41 -106 99 -48 -93 95 -30 3 -77 19 -26 58 -72 -119 -27 -114 76 -34 -52 41 -33 -47 64 2 -90 -46 -122 -41 117 80 72 71 -94 -117 85 93 -106 -79 -106 -71 24 12 -76 -34 82 -86 86 71 58 -90 -89 -40 37 11 -113 60 -114 16 -91 21 58 -81 32 -33 -68 115 102 13 79 48 91 -52 -43 76 -112 -115 -56 -80 41 -23 -98 125 -68 115 121 15 -21 100 -14 -62 -112 28 -4 66 -117 -120 -62 107 59 -61 -76 -6 -3 -45 21 -117 41 -49 54 -117 -72 -66 35 63 91 -1 20 62 -36 -42 97 105 -14 -84 47 52 43 65 -3 93 117 93 -124 -74 62 -109 98 -127 -47 -1 -48 115 -81 33 -100 -78 -112 54 105 -50 87 61 -91 27 -33 22 67 -73 -27 -13 116 -44 28 94 81 104 -10 -35 -103 -107 -114 -106 -66 48 20 33 -99 -45 12 68 -105 -112 118 87 -32 12 -10 -25 68 -4 -107 18 123 -59 -80 -36 56 -22 -84 -35 -127 5 -110 -47 38 -4 -73 34 81 24 115 20 -127 -27 93 -86 73 83 -109 66 -10 83 -115 119 25 -51 -100 -85 44 11 -65 24 -70 46 -22 -88 -31 -4 88 40 -99 24 96 -117 124 75 -57 4 81 45 10 44 -85 31 -43 69 -53 -14 1 -70 -107 123 -46 91 -71 84 2 44 2
89 -2 40 -29 40 60 69 -80 44 -94 -56 -120 79 -69 29 -58 -39 -106 35 19 -86 -115 6 -50 15 -100 -97 -94 -127 -62 -106 -74 64 -16 67 -124 -119 -28 119 76 43 -50 -7 -20 47 -108 69 -83 121 118 -90 87 23 22 64 -104 -107 41 10 -84 -55 -33 -28 -9 26 -113 101 28 49 -5 -52 65 -111 34 -92 -52 69 -116 -102 -101 4 -1 60 -95 28 6 21 87 -13 -118 108 112 -45 -62 -99 103 -88 -5 17 -107 -117 -37 -80 9 -96 -104 -48 85 77 -22 3 -20 -45 -128 99 -113 48 102 -70 -106 49 -128 -3 108 60 -70 -98 -75 -8 -61 21 68 41 18 73 41 3 71 93 -61 99 -117 4 -50 -119 126 94 50 13 19 -123 -124 -74 -51 32 41 19 -96 -60 66 52 -112 97 85 7 -10 -86 57 -18 109 19 -74 65 -27 127 -30 -17 45 55 68 31 -65 53 11 -34 4 10 46 -69 88 -53 -116 -19 -83 -84 94 11 1 -1 -26 -80 -93 -95 127 -125 -2 67 82 -125 113 -109 35 -43 3 16 69 -71 -76 -119 20 -75 34 1 51 -98 -96 -28 -1 42 32 -116 -9 46 -103 -18 108 107 57 59 -51 70 -86 -82 -26 102 -51 75 -17 -45 -111 -61 58 109 2 53 30 -45 -102 115 90 84 -39 -37 97 13 -79 106 -20 122 -121 -128 63 -114 22 -27 -46 -100 36 -77 -122 53 -40 -58 125 -89 -92 39 -93 4 104 -18 -22 -41 86 43 -99 72 62 119 22 46 50 -120 108 -60 73 -43 67 -89 -89 61 -56 -92 -109 16 -41 24 -117 -77 125 39 86 75 53 -34 -80 -49 82 32 -64 28 7 113 -78 -34 4 -110 60 89 -62 109 -115 34 -64 -78 70 4 35 90 78 47 -30 110 -22 -72 -31 77 -16 38 60 -12 73 29 -62 58 43 93 -123 117 -22 -113 -98 -12 73 -42 95 12 -98 35 69 84 83 14 -80 15 -33 107 -54 50 71 -6 9 -79 -10 -112 -109 114 -52 85 3 123 -114 -5 -15 16 -116 70 -70 7 -105 75 64 60 -70 122 -60 -22 41 -3 -124 99 -48 124 -92 32 -107 -48 66 -94 -3 26 -53 -48 -127 -76 -85 111 -62 45 24 69 110 -33 -30 69 102 -116 -56 -57 75 -38 -53 -105 -54 -63 82 -94 -76 -43 -49 52 -55 -125 -39 27 -75 70 -30 -79 -42 40 87 -62 2 3 -24 -106 -108 74 34 66 -15 -47 25 -91 -1 -14 -12 -12 69 23 45 -126 93 -88 -102 -74 121 39 93 -42 -119 -97 55 44 -61 -34 80 -98 -61 -123 -112
-25 -121 -123 15 -101 -78 108 -60 120 92 22 -67 9 93 -109 86 73 -13 105 -36 12 -78 36 -109 6 0 -99 2 -87 -74 49 -36 -29 -71 84 69 -14 -119 51 -82 123 -88 98 48 -77 77 77 -100 10 -108 -38 -88 75 -39 -53 78 -46 -78 98 -102 -86 65 54 -11 88 108 65 -117 26 -46 93 -59 -44 16 23 -19 97 -82 -58 -106 -59 -47 53 122 20 101 -38 120 125 -61 -19 70 -86 -73 95 -82 -93 -94 100 110 -9 96 -21 -19 64 -38 105 83 -6 80 -28 83 50 0 109 -79 29 46 72 -62 37 -75 57 122 94 -83 -125 -38 -43 28 -54 62 -92 37 -108 -49 -85 -97 86 117 -80 89 -69 106 -13 44 -27 56 106 -60 65 124 62 -59 -95 13 -124 25 -58 17 17 32 -49 -4 -107 69 -67 -57 72 -36 121 -2 -125 -64 93 55 36 63 -20 39 105 -75 65 -124 -85 -100 70 124 47 -56 92 -39 -9 16 125 -15 -74 -8 32 17 36 76 5 44 -12 4 -47 -62 73 -27 -110 -80 -89 50 79 -49 126 112 122 -1 79 106 117 -98 -34 -22 29 -32 11 -45 -55 -105 -92 -69 -70 -96 102 -125 -104 -7 -112 -71 -42 -76 34 -13 105 6 -38 -67 58 122 -39 -68 47 92 -47 52 30 46 17 82 0 -81 98 -102 31 115 84 58 -46 94 21 -62 -106 48 58 40 118 46 -108 116 34 -88 76 17 -86 20 -108 -110 -34 5 92 -99 -43 -59 -113 -96 76 -108 93 67 95 125 113 91 21 88 -11 -5 -81 114 -82 52 121 3 7 121 -91 -109 7 -40 57 107 78 57 24 -62 -80 51 17 -79 91 -83 45 107 -38 102 83 22 -58 85 -36 -6 -73 -53 -35 21 -60 -100 121 -119 -119 -10 36 69 107 -6 -41 78 37 21 -59 -69 35 85 -26 95 88 15 47 -13 17 -94 -26 -91 -25 92 -72 -15 74 -12 77 95 -8 -14 -27 59 -41 42 93 65 -39 -94 94 13 -97 95 -71 19 123 9 85 -73 -58 -59 14 -66 -105 -24 43 -65 58 -27 -106 79 84 -70 28 -119 -86 122 10 10 -83 -69 -121 -71 95 -91 -39 -28 -48 -34 -94 33 75 -116 -60 39 117 55 45 -59 -10 17 -23 -88 55 -4 3 11 -46 -128 105 -88 42 -18 -39 96 -78 6 -25 -11 -118 -29 -51 27 53 35 -78 -82 -97 91 74 -17 -108 90 93 -109 -27 -40 121 91 -21 50 49 -104 -120 48 68 65 -33 89 -61 -106 54 84 -60 -50 15 96 -55 120 78 -36 93 79 -32 -8 -38 -36
-104 -110 -46 85 -127 -2 -42 -26 19 2 -36 -120 96 57 -27 -6 26 -48 111 -11 4 -31 -51 56 62 56 -47 67 -89 6 -118 25 33 37 34 -53 12 -41 -81 104 45 -53 23 86 -18 9 78 124 99 118 74 -21 34 -61 57 117 -78 26 19 78 -26 25 -103 -15 -47 -19 21 -128 -75 95 86 19 88 -30 75 -99 12 -74 -52 101 -13 14 -14 -30 110 123 54 104 39 -86 -76 -5 57 69 -94 -78 -118 -120 116 13 102 33 -122 -109 112 -127 -6 3 -22 75 -98 -26 107 -112 -51 -11 -102 46 36 -30 123 -7 -86 117 10 56 -40 61 105 -102 -17 -123 75 105 80 50 -126 -60 -4 101 -8 -127 -28 64 100 -24 93 70 -115 -69 111 -118 10 -49 -25 -128 31 -60 76 108 -51 -4 -78 65 -42 72 -84 -4 -73 -87 -20 22 -89 44 -79 -37 -56 -97 -127 -111 -88 116 -82 -111 -112 17 -17 115 123 -102 120 36 44 -95 83 -9 -60 41 -1 48 -53 48 -92 115 19 9 5 108 -70 13 -128 98 -124 114 -59 81 -13 -24 107 67 -47 -87 -96 -67 108 -47 -37 125 59 -103 79 -58 32 96 -50 -32 -45 54 -25 -46 -126 -112 -1 -52 49 -62 56 30 125 -121 0 -78 36 102 108 -73 -63 -106 23 31 -64 10 48 -6 57 43 53 103 -55 74 66 -44 -58 -48 -85 5 127 -128 52 36 -88 -12 -15 17 22 -119 -69 88 -91 2 -34 100 42 36 62 6 -13 -109 90 30 -111 -126 -105 48 -12 18 45 7 26 -125 110 -2 95 -65 -82 124 43 7 87 -28 -22 -3 -52 117 102 -3 -16 26 28 35 -75 68 124 38 -62 -95 -86 -55 -48 -70 -125 -119 43 -110 90 -36 12 3 -47 47 -62 102 120 16 114 75 25 -31 -38 -92 93 -6 90 -47 24 75 86 42 10 -39 -58 51 25 53 -24 3 -56 -111 -95 -95 -49 13 59 3 15 -121 -11 -127 14 -19 -57 97 -75 -64 -9 86 83 -120 126 -28 103 -38 -108 -11 108 93 -23 107 90 -68 -49 -49 87 -82 70 -23 -56 -63 21 109 -94 97 -34 -22 -38 -88 62 -47 -30 -8 -6 116 -64 97 -51 -19 62 -70 103 25 82 52 -47 -72 -41 65 113 -115 -79 6 65 -98 -56 -22 -50 118 -5 -19 -109 68 16 40 42 -107 -70 -51 7 117 -60 -86 127 -60 -113 -118 100 -42 -38 46 -29 77 98 -76 91 60 111 51 78 -38 38 70 48 40 1 65 122 -17 -95 55 59 100 50 36 118 70 -36 -54 91 3 108 115 116 -118
105 57 48 100 -60 111 68 114 -9 7 -2 26 65 -63 -105 90 -15 114 -77 -10 22 90 -51 29 -25 -99 -54 -46 -70 115 -17 -83 115 -10 -7 8 -67 66 -76 -62 20 118 53 119 -82 118 63 36 -2 126 -104 114 -64 103 77 -115 44 81 -92 -66 -54 37 -79 -117 19 82 -127 35 6 -77 45 -10 124 -113 31 92 -97 28 -125 78 -103 -60 112 -2 29 23 -68 -1 -77 -97 38 -87 -118 -113 37 -65 -91 -16 96 -113 -15 -81 -38 40 -93 -41 -38 25 -42 -60 42 72 78 -1 -88 -118 -99 -71 -91 -73 112 127 9 90 -13 103 114 -77 78 66 -120 -22 30 -60 -44 54 -17 101 0 -91 46 -44 113 74 102 -127 -70 101 -37 -30 -96 -70 -86 -17 -102 -101 123 79 17 47 75 -112 -33 55 64 -40 -20 -35 -92 103 82 125 -21 -126 -42 106 -1 -25 -20 -40 -16 18 -46 -61 -17 88 -62 -84 -52 79 -99 76 -126 -16 116 -109 -91 -13 117 42 71 56 30 57 -63 3 -88 -124 9 -106 60 36 117 -25 39 118 52 61 11 53 72 0 46 -66 -47 88 125 -109 49 66 -77 -100 97 -60 -79 75 10 103 72 -33 96 -38 -20 -26 61 -83 91 -24 28 -83 -84 70 124 26 -102 5 22 -46 98 -100 108 17 123 -25 85 11 -29 80 87 -6 -89 74 -76 114 104 37 -62 -16 -89 44 -11 47 9 -45 -51 70 -112 -47 16 -50 8 -94 16 22 113 11 -96 -94 100 72 -21 117 -96 -64 -76 66 40 -57 60 -92 -85 49 -33 13 86 57 -86 87 121 -68 -68 115 -7 98 16 -32 112 -71 1 -110 -29 -5 -100 -69 68 47 68 -50 75 116 14 106 -24 56 98 -49 -19 -75 -108 66 -117 -89 17 5 -60 14 -35 86 91 -33 99 117 -83 -27 12 -44 -92 -79 -59 76 43 23 -83 -81 31 -128 4 32 -72 -82 -11 42 36 -92 -28 -46 113 25 -107 37 41 -73 60 61 -107 12 -37 52 -126 48 -22 3 73 88 45 90 -12 92 8 116 51 0 -127 95 -127 -43 116 46 -90 80 36 102 27 -43 17 -77 -106 54 48 -11 -10 -43 118 44 -44 -22 124 97 117 50 123 54 -87 -65 95 -118 79 -99 40 13 -118 11 -61 -84 105 31 104 -36 41 25 -101 -69 122 -47 11 -76 -111 -121 -113 -124 -29 16 -26 94 66 26 -103 80 37 -97 -36 -36 -30 -90 102 25 121 76 -52 113 -78 -82 64 85 123 108 -68 59 -87 28 -110 -71 2 95 -1 -26 -48 -47 -20 73 99 -53
49 63 118 57 -67 14 29 0 -100 116 111 4 54 -113 -55 -68 14 37 -107 59 53 35 -46 -127 92 110 -98 -4 67 13 -15 -101 105 82 -32 21 -24 0 -94 -2 88 72 -123 79 90 0 111 48 44 31 -96 100 -23 -91 -113 89 -108 126 13 116 43 15 -102 19 -105 -82 -81 8 63 -111 -123 34 122 42 -61 72 -96 -9 -108 -95 -45 52 105 95 -121 67 -38 -4 -73 75 -41 -61 -118 -113 -72 -8 -9 83 19 104 -33 29 -105 55 -107 -115 125 -45 -65 -23 89 -73 -127 -18 104 72 92 34 -71 55 42 -57 20 72 -121 18 73 -124 94 -61 57 -55 -31 75 -94 -82 44 67 -48 -47 19 109 -50 46 121 -61 -61 -63 -128 -40 -65 -112 71 32 73 -29 -98 38 88 40 -65 -83 -1 93 11 -73 -14 -14 77 -111 -23 -32 -119 71 105 -37 72 10 -115 88 28 111 -86 -92 101 -15 -90 -84 -15 26 -11 110 -22 82 -66 -64 -60 -65 -29 -59 117 123 41 86 -109 -45 17 74 55 -48 14 -76 96 57 71 -75 -116 -75 -23 0 -9 71 -92 -19 59 -49 30 -120 109 21 113 55 84 -78 23 116 9 -75 -89 43 -114 -49 68 19 121 -40 29 63 -107 68 66 -127 27 -59 108 -70 -107 120 -73 107 118 26 -43 9 -88 107 -74 -21 -11 -16 40 117 -110 29 -23 -15 -88 -61 86 43 -66 -16 -65 -99 -33 125 -64 -80 -51 76 -36 -67 61 38 -84 45 57 15 -94 86 85 74 113 -27 -97 -101 58 38 24 57 -101 74 -28 41 12 -57 -99 26 107 27 -42 -119 -112 12 -46 -125 -73 33 -30 98 -19 93 73 109 45 -98 9 -81 -122 -124 59 -81 50 124 -69 -41 -59 85 -42 87 -50 -50 20 -69 -107 -32 3 -62 -55 93 79 -30 -126 38 -73 -30 60 41 86 66 75 110 -67 -81 37 7 25 71 -127 90 105 78 -98 59 12 -58 -99 51 14 -43 -45 43 -33 -70 73 -62 -19 -24 73 81 -39 78 72 -112 -11 -66 18 -43 -49 -67 77 17 62 -42 35 -102 117 -108 -86 -120 114 9 41 64 85 -10 -48 43 99 -121 77 57 87 58 52 -37 -112 -74 -59 -105 19 -80 83 -94 -93 80 122 -30 47 123 23 78 126 -103 -30 83 91 104 95 41 121 -71 -123 66 104 -91 -46 -111 109 -1 -75 88 -68 61 -2 -5 -73 -109 61 -95 114 115 6 -100 18 29 -115 63 -119 26 68 -89 122 89 82 123 -84 26 57 2 37 67 59 -45 104 -105 -39 83 -50 -90 -90 108
3 -93 82 -32 -5 80 112 68 85 25 7 90 -8 22 38 -5 48 -60 22 68 33 47 13 -14 -97 -117 -99 -121 -5 62 -35 86 92 -110 -35 -9 126 -47 -8 -75 52 -86 -29 88 44 -38 -104 54 -88 73 121 -75 -7 62 -21 -58 -57 -79 -82 56 9 -53 12 6 -81 -29 71 70 105 6 -120 -27 -81 47 -106 22 -97 126 -35 16 119 27 -23 19 85 -37 54 -102 53 4 123 56 123 54 120 66 65 80 -11 -90 -54 89 49 124 110 -29 -101 -81 -121 -15 -98 -44 68 70 -22 61 87 39 -32 -14 -25 17 24 -15 -82 -122 -88 -113 -21 22 18 -15 22 26 38 -86 -73 -19 110 -27 -62 65 -13 103 19 111 114 100 -13 -107 0 -86 59 61 119 38 24 12 12 -121 -70 35 37 49 80 -120 114 -12 51 22 115 55 60 28 65 25 -124 26 -81 -26 -35 112 -124 -123 -29 -93 34 -123 99 66 56 -18 -60 -121 -18 -88 -48 122 -23 66 119 -90 -24 -113 102 67 32 51 96 -61 16 -2 -123 115 -9 32 -125 35 -63 63 -1 -117 -30 -93 -65 123 85 -54 -94 -49 -19 108 127 -109 -14 120 -128 -15 94 -93 106 -126 6 -90 76 -58 -83 -38 39 -38 17 -91 -113 3 8 -66 -40 29 -35 -97 -34 21 -115 43 16 24 55 41 34 -119 23 -90 108 48 68 -50 -50 108 -54 -26 31 -16 -103 -9 53 -64 8 -94 -54 -114 29 34 125 -101 -29 123 -68 -121 -34 3 -61 -95 -40 -2 115 47 3 0 -70 -33 73 -12 105 -59 -40 -40 60 110 81 15 49 100 -11 23 -51 -112 -30 -11 -7 -53 -101 125 -47 -104 42 117 -87 3 -108 38 -29 26 -81 -45 -126 -5 73 83 127 7 -90 88 114 -86 105 -47 127 -7 -53 61 51 -114 100 -96 64 112 33 -32 51 15 -33 94 77 -93 -84 104 23 107 -71 29 -9 -96 -79 20 82 25 -63 106 31 -30 -1 118 90 12 36 -37 -72 -4 -104 48 76 111 79 70 -41 124 -8 -36 76 -77 -12 58 -117 -13 -77 6 64 -7 98 -36 -118 98 -20 -87 -127 103 -61 -50 57 80 36 61 -8 87 27 13 114 34 -11 7 76 -32 103 -105 34 15 99 -50 -65 83 32 -123 120 -95 -76 -69 -81 -80 -88 -26 -72 84 10 90 48 -80 39 1 83 2 114 44 88 54 -90 49 -58 108 105 49 -116 109 -95 115 -46 -23 -115 -96 -77 18 -61 -115 83 -24 -28 126 77 -46 -93 50 -22 -110 -84 72 -44 23 107 10 -14 11 2 -117
110 -79 37 60 0 -7 4 -34 -90 6 108 54 -80 -116 -23 -30 -3 37 7 -107 -70 91 -101 34 -78 77 -44 90 -51 -107 57 -23 83 -65 -60 28 34 -78 -3 6 -128 -97 122 78 -40 -70 86 -111 -112 -104 94 97 -121 -51 -6 116 7 -48 -24 -108 91 53 -70 73 79 -104 -26 10 83 126 35 99 19 -98 100 29 103 90 -49 -60 55 73 124 94 -98 -79 62 95 -101 59 -63 24 52 10 -48 -110 -30 39 7 -6 -18 92 61 18 49 -3 67 -34 -113 -101 -51 25 61 67 -90 88 44 23 -40 58 -5 74 101 32 -115 -52 -41 111 107 51 -35 -40 -22 74 15 65 7 -62 -25 112 114 -59 -59 -58 -56 -29 26 -18 104 42 -102 34 108 -48 -50 -34 127 -97 -93 108 -47 -88 26 60 24 -71 -12 89 99 106 -120 -99 -76 -84 -17 -69 -50 -30 101 126 108 33 -9 -11 -110 -1 -10 44 -77 44 -14 -113 52 -73 21 61 86 119 3 -68 -88 -114 -82 -102 106 36 -58 -75 108 114 -26 34 9 -55 -30 -89 -121 -54 -76 -107 -57 -6 53 -5 -102 55 4 -100 59 -45 -96 32 95 -54 14 96 126 49 -2 -13 78 32 -24 101 -2 60 59 91 104 52 103 -92 103 -11 -49 -38 -42 12 -38 -68 -23 125 11 74 91 -25 -59 -28 84 -89 -101 -71 53 83 31 61 10 94 -59 126 -95 -122 -120 -102 16 -119 8 -63 -45 -23 74 -2 -12 112 125 -49 11 -63 47 102 -80 10 102 -47 -60 25 -114 56 -98 -32 98 99 -125 2 7 -122 98 42 117 -49 47 100 99 30 6 -106 18 -24 -23 88 -96 -121 98 -48 -80 -93 -78 -8 -114 51 127 73 50 -105 47 96 -20 45 17 -107 -26 -104 -22 23 28 -97 -81 -88 -123 -7 24 -60 -63 124 6 29 0 86 127 -46 42 -59 42 -22 -16 -64 60 23 68 -97 -75 -84 -23 73 7 -107 110 -100 -70 42 -14 -126 -92 -8 54 -99 101 63 110 63 30 48 -93 43 51 26 100 75 120 123 -70 29 -74 54 24 -126 103 -92 -64 -37 -17 -91 66 -121 88 50 83 57 99 -51 19 39 41 -85 87 20 123 -74 31 59 -14 7 -19 -13 -71 12 -44 -20 18 -70 99 -99 -39 88 -82 113 32 83 -92 -29 -48 69 116 -108 101 7 95 35 108 -111 -37 -57 58 118 -116 72 -47 -5 -53 85 11 4 29 -10 -95 -20 95 -67 -74 -6 122 18 115 115 11 30 -87 4 -68 118 38 94 95 -7 108 58 89 12 -23 89 117 9
-103 -58 -104 85 -1 -9 102 85 -82 -29 -17 -24 6 -110 18 126 -11 88 -12 -15 -58 -28 21 12 -39 22 78 -88 -60 -84 -64 65 -102 -3 85 66 88 6 -93 -80 24 -86 -77 -123 78 -7 -16 -82 70 47 29 -121 119 45 -95 -60 118 -50 -25 28 -82 21 -17 -59 -85 -15 90 106 81 -90 -38 124 -20 -39 0 -8 99 -122 1 -103 14 2 120 58 -13 -121 1 21 34 -8 115 110 82 -107 -75 83 69 96 -88 -109 28 -87 61 -14 10 -18 69 80 77 -128 69 95 -18 -91 -116 62 -75 -16 32 -55 83 89 -12 32 47 -88 -27 84 48 -2 64 75 19 -4 63 100 103 104 118 -16 32 -62 -110 -63 29 113 -50 89 -85 -126 -57 83 -128 49 -34 -40 90 33 40 -38 43 35 -26 -83 127 15 -79 66 100 -66 21 -38 33 64 64 -111 -77 -116 -48 21 123 73 101 -25 -128 -70 17 -34 -26 -15 75 56 -30 -90 58 -1 -101 123 119 118 -45 -75 -35 -32 -36 106 -120 9 -117 -31 -32 -35 113 27 -97 69 -7 82 100 -68 25 -92 83 -107 -15 16 106 -69 60 103 -32 -31 -97 -73 9 119 -46 -72 75 -119 -33 0 -71 108 125 72 -26 -67 11 101 42 23 -61 36 117 -60 -105 37 -96 -4 -68 -110 -116 -98 -107 47 -12 -42 115 80 -39 72 -95 -43 -33 -1 116 110 16 -5 -22 -58 -39 28 117 -46 -110 -115 4 110 19 79 53 -17 -26 0 -111 94 -8 103 -40 -37 53 -116 -58 -93 103 68 -95 126 -119 123 117 100 -112 98 -125 -4 71 36 103 110 89 83 44 -44 -90 50 48 -41 55 32 -123 27 19 -107 -88 -89 -106 -119 89 -8 -41 41 71 98 41 45 10 17 18 -1 -58 -92 -17 -121 105 -2 -128 11 -93 -68 5 -16 -84 -63 -80 -114 -89 10 121 -6 -29 125 96 105 7 15 28 22 104 17 -49 71 88 0 77 31 -93 3 -89 -6 -27 90 122 -74 -10 -76 47 -73 22 14 13 -39 -27 27 -63 -16 -64 -59 -34 -64 34 -28 45 -56 30 99 20 -124 -21 55 49 -97 77 48 -115 114 79 97 33 -78 -117 -106 -23 96 -91 -51 109 6 4 -14 -49 8 90 23 60 7 -50 -59 120 109 102 -18 127 -86 101 92 -70 -65 -86 -2 -97 126 54 117 81 -111 -98 -103 126 -79 77 -55 73 4 73 101 -22 -79 100 -43 17 58 114 -60 -91 0 36 117 60 101 61 39 1 -84 88 37 0 -73 4 51 -100 -11 -124 122 112 -128 44 53 -15 81
-2 91 118 94 -93 -100 31 -26 19 57 7 8 -90 39 102 -103 29 61 -31 -43 -14 -75 -102 -120 68 121 -96 20 100 94 84 91 -93 4 -89 42 -93 -74 -91 110 -113 -20 -118 -47 74 -103 81 -96 10 1 80 -90 21 69 -8 -18 -91 94 -80 39 64 46 -40 87 124 33 -75 -111 52 -72 6 -6 -42 -21 -28 -111 66 54 -53 93 -94 121 57 -34 -80 36 -96 5 61 -14 -59 -117 54 74 34 40 112 -128 26 45 -119 -71 -99 -74 -71 92 -36 32 -11 112 18 -62 -84 101 85 94 -90 56 69 -73 120 19 103 89 -2 -111 29 -100 73 -36 81 119 -68 -36 82 78 64 -29 96 96 30 -82 94 -106 52 -40 104 -64 -41 -125 -102 71 32 -5 -79 49 6 112 6 -19 109 -84 85 112 103 -113 35 90 -99 120 23 -109 -15 -83 -62 122 59 -3 -79 -49 -41 -8 65 122 23 -117 18 -68 31 51 -61 -39 -27 123 -5 109 -109 -83 85 110 -26 -108 56 -125 124 103 117 -95 117 50 -52 -19 -82 54 67 123 37 25 -123 -88 -63 49 -110 14 -100 25 31 126 -80 72 64 68 -7 93 37 72 82 117 -112 99 64 -95 64 71 -4 -65 -22 70 -40 -12 73 -22 -68 22 -55 -39 27 -14 -104 32 116 106 67 -109 47 -65 18 -70 -28 -117 29 51 -11 41 89 -99 83 -21 95 38 -123 -16 -15 -101 72 101 60 111 -66 -107 4 -36 35 -42 -39 -14 4 -77 124 65 -80 86 -8 81 -120 19 83 -32 110 -62 -70 10 -12 -57 -113 -16 -124 -78 -25 -125 -113 -120 37 -12 102 -100 -86 72 -7 -14 -13 68 -76 42 87 -51 16 91 -116 127 69 16 -115 -2 62 84 34 -46 -14 -8 -8 -85 -122 -46 18 -72 -19 35 51 44 -48 -114 -104 50 -49 113 -60 -110 58 -85 125 57 108 -13 27 34 -60 -43 59 -122 120 107 -107 -60 103 59 -96 32 78 98 22 65 -71 -65 -67 100 5 -126 -81 -60 28 -25 15 -112 -71 -43 13 -125 -77 -108 -76 -62 -34 23 78 -84 -26 66 67 -89 -123 -93 124 80 -1 -37 86 -85 70 -48 -89 -87 -114 -113 4 -75 -81 -84 -121 121 -114 107 85 57 -50 -93 -48 27 -41 -87 88 114 109 -78 97 1 -74 77 -51 53 -45 -2 -67 -73 79 115 -118 -25 -37 -78 -128 39 11 76 -75 73 -42 70 -29 -25 123 122 3 -110 -17 -112 55 11 80 99 114 -2 -104 116 -70 -15 -36 77 -29 20 -79 -19 -12 96 -121 -26 -21 67 -52 -2 15 -112
65 -95 110 69 44 -16 -59 -24 56 119 -21 68 -108 -30 53 -36 -40 58 97 110 -74 -91 53 -62 -42 35 93 -94 108 61 27 12 -57 37 -90 33 -89 -60 -5 13 -31 72 -41 92 108 11 16 -69 80 -35 108 45 -24 -120 -33 86 -102 122 22 -36 -84 -77 -39 54 -4 126 100 -124 55 -22 67 95 -107 30 118 11 -37 -41 -67 -18 63 88 112 -21 101 -94 101 -63 64 26 27 -71 103 -80 -84 -102 -60 -5 115 -69 -121 27 -21 -110 -55 23 77 77 -91 -85 9 -25 114 113 88 16 -35 -13 -80 -126 18 -1 44 81 16 -30 -67 0 -57 -22 -97 -39 30 87 -124 -72 -2 127 -88 71 36 84 76 95 55 91 77 -110 -57 31 -106 50 115 -67 -46 94 -17 100 115 69 5 -9 66 -89 68 80 -2 -52 23 30 58 -102 108 119 57 101 49 36 -5 53 -26 -60 -6 -13 -10 -81 -41 -23 37 117 91 61 -68 -96 -111 -82 -101 35 -53 22 -39 10 79 26 -98 -110 39 -1 -18 -116 -77 1 16 -120 47 -47 106 -68 3 -27 118 110 71 127 -119 -15 -52 -52 56 50 -1 43 43 -41 -27 -49 50 21 50 11 108 89 87 27 -14 4 121 -90 -72 37 -123 -93 83 33 98 59 32 -79 42 87 74 46 -14 14 32 4 81 -113 -19 10 88 112 -111 -68 54 -22 57 101 -110 -20 27 43 85 26 33 2 -40 9 -94 -99 -6 98 30 60 -70 115 53 76 9 -29 -78 105 -120 -23 -26 52 114 39 33 51 -35 -107 -44 -11 -117 39 51 -86 78 -61 108 -62 -91 -125 42 108 -103 70 -18 108 9 -59 -125 -78 47 87 109 91 -93 55 -5 5 87 51 -14 125 -74 -114 -5 17 -89 -111 -103 34 102 41 -23 -25 -52 -106 -56 -28 -76 -28 47 67 -73 5 91 84 -7 116 -44 7 77 -107 56 38 -48 39 -92 120 15 -24 -39 93 -40 -36 -2 33 40 -5 116 -36 63 57 44 36 -20 100 -36 -120 16 27 -45 -49 14 23 16 -69 -62 58 45 24 -68 -12 -99 -110 77 -81 88 43 12 -27 -24 -60 -88 49 -66 109 -31 91 45 -108 -46 117 -123 -93 -69 47 37 -46 23 52 69 17 -19 -19 115 32 91 109 -83 126 -81 0 42 57 -81 61 69 -38 72 126 -102 38 52 -87 -26 -123 86 -15 48 4 111 35 -110 3 -69 125 -67 46 -84 -95 117 -66 117 55 -12 120 -84 -44 42 106 57 107 -1 -30 -32 64 17 -51 53 32 -25 60 -40 20 -33 6 86 11
46 -9 15 85 14 -98 -66 49 93 -74 -94 59 -110 24 87 -21 24 -49 -22 -126 -28 -20 42 97 14 -76 -54 -51 -1 114 -95 97 18 -107 -32 98 28 -102 -19 -111 -9 -121 0 -40 105 78 -70 12 -57 65 -53 -125 -79 -125 -63 -91 -113 -37 97 -117 96 21 57 -57 18 -18 -30 53 -53 -38 -77 60 -28 -74 1 -58 64 -80 -61 69 123 5 67 54 -31 105 78 -25 -36 13 -7 23 -51 93 50 -58 16 33 23 74 -102 90 -17 115 -32 -67 -126 -86 -77 -72 85 -26 -36 -77 22 113 111 -110 -109 -52 -117 24 38 44 113 -37 -117 -88 -116 81 100 -72 -1 9 3 65 56 -24 106 -60 -28 36 75 122 -107 95 -94 75 -11 93 12 -14 -16 -64 45 -27 55 18 33 -34 -46 35 -47 -76 115 99 66 113 44 84 28 -81 11 105 -83 -111 -79 -87 -68 -27 56 127 46 126 0 -57 -34 127 98 30 17 -86 48 -75 -46 68 74 -92 2 49 73 64 40 33 -59 118 -62 110 52 -30 -109 -99 17 40 -78 -39 38 85 32 90 19 79 19 -30 -40 -90 -4 58 -105 -118 -99 98 59 -25 -26 -30 100 94 9 -113 96 -51 -51 -39 -100 -37 -31 -65 85 -127 -87 113 -112 27 95 -5 64 -45 53 -1 112 -26 125 -37 -84 49 -25 112 -62 -84 105 19 9 -84 124 -25 73 -9 -90 117 22 -33 -31 -7 -105 110 4 13 -117 -24 -61 26 58 -12 42 -3 12 -69 65 -13 -108 16 124 94 56 72 -82 -119 111 38 -106 59 34 -25 -7 91 -14 -14 91 -19 23 1 89 -26 62 -87 -88 -55 0 59 -18 75 -91 35 21 118 42 7 -55 73 110 -45 27 -110 -5 100 102 -60 -38 69 -58 74 -30 76 119 63 -34 -124 -32 3 85 -43 -64 21 -20 -21 -81 17 -79 12 -13 -99 -10 -119 18 75 104 85 -86 57 58 62 -112 -91 -102 56 -3 -104 -8 71 -38 -119 -127 55 56 67 20 -31 -15 104 117 48 -75 55 -35 -70 -90 69 -54 -118 48 -93 -110 -78 -104 -9 -70 -25 123 -76 94 -122 17 -96 -119 -1 -115 63 -7 -10 35 69 -118 78 -45 -73 9 64 -116 110 73 10 94 64 64 -88 59 75 -101 111 -90 -56 93 12 -76 98 96 -54 -51 90 -121 -33 79 -58 -28 -59 -27 -87 13 65 109 64 -111 -89 -42 13 14 19 68 77 120 -105 -12 -63 119 -6 -14 121 97 -125 61 18 -42 43 53 25 -47 109 -119 -36 24 71 16 124 -15 -16 26 -115 -118 122 22 110
-4 -36 57 71 -105 -68 -73 -114 -44 61 83 78 -36 -119 -39 47 41 121 66 -97 93 59 -6 -54 1 -50 -29 39 -123 -105 127 35 -65 104 -88 63 -105 -89 -81 -79 -116 99 -31 -28 -11 -46 58 -38 -2 5 31 61 -116 -53 -113 -93 90 43 -9 106 1 61 53 37 25 -36 -83 111 82 -94 -13 -123 108 51 -9 -73 88 -63 -74 -119 112 39 -19 -4 108 90 -85 40 83 -44 -77 48 66 103 47 -118 2 -9 18 -99 120 -14 -8 97 -76 -28 -118 66 -98 115 26 110 54 127 -103 -51 -125 56 -90 -27 33 -9 113 97 67 -8 -119 -5 -117 12 18 -54 79 -70 65 36 11 7 -28 35 -123 7 70 -49 -3 -1 -89 13 -18 -44 -50 47 49 -31 -69 -10 -124 50 24 81 -120 7 -93 2 55 83 -27 -95 127 36 28 101 18 -17 60 -6 -76 -73 119 6 -2 108 124 -28 -128 -118 -62 25 -102 -123 25 74 -72 37 38 95 77 -1 -65 24 -36 -40 -19 -46 -53 117 -8 121 -38 65 82 -123 38 13 56 92 -100 -84 12 -61 -26 0 -123 -90 -44 97 27 51 -76 -125 35 86 100 -62 22 87 3 -74 -13 -126 -32 -64 -51 92 -125 39 9 -99 13 -33 -116 -73 116 24 -18 -46 102 -64 72 1 -23 -117 -25 -108 37 84 93 103 -108 28 -126 -82 36 59 -62 118 -127 94 110 -23 37 -17 -58 31 6 -27 92 61 -111 58 114 -29 -86 18 42 -20 -29 -16 12 84 63 127 -119 -122 68 74 69 -70 -89 -97 24 -94 -119 56 42 -68 -65 -72 -28 -53 -19 27 -76 -21 19 11 -86 -98 5 107 0 1 30 11 -92 -65 -95 -61 92 -127 94 -7 117 17 -32 -75 25 -48 -23 78 -64 4 55 -91 -127 -96 -68 -20 -80 120 12 -116 -50 -128 52 28 60 -62 -99 108 123 61 55 -24 -92 -118 -72 63 -63 101 47 -49 56 38 122 111 94 77 -119 7 -68 -94 57 -47 126 -75 3 84 -48 -101 97 88 66 -115 -41 -88 -22 40 96 18 -14 -100 -63 14 8 60 40 104 -35 8 11 39 -4 106 11 3 76 -33 60 -56 -126 65 60 39 -123 -38 -9 -15 -87 -68 -100 54 81 -36 55 -104 96 105 -99 87 18 -106 -21 16 -105 -74 -59 -23 45 40 -84 119 106 -78 35 -28 -100 -90 115 -82 -106 -71 -39 97 -6 76 -120 -34 8 98 -49 -19 110 27 -101 0 126 -64 2 -1 -40 77 99 111 -110 69 -4 58 14 -84 124 -80 -2 -28 -105 11 108 76 110 -30 -125 -82
-43 -82 -48 27 14 118 -17 -95 -30 30 -112 91 -73 -23 -100 -42 -39 61 -2 -60 -26 -44 66 -82 -15 62 -111 -57 3 -25 41 -33 69 -11 5 26 -8 -89 24 102 89 -31 -47 -8 66 76 -6 -58 -92 -88 99 51 -75 10 -83 -60 -126 5 19 43 82 115 -108 32 -17 -72 70 -47 32 -73 90 111 -23 14 -119 -112 42 102 89 46 31 5 14 -96 -128 -20 -71 84 -109 112 -56 91 13 -49 -76 102 -109 -95 -126 3 -123 -111 -42 -48 -109 6 15 120 -108 -40 68 109 -42 -128 -1 75 42 -11 46 44 51 -117 123 -60 59 100 -94 101 -118 38 5 36 -43 -111 35 8 33 -20 66 -33 -112 87 -65 74 -113 51 109 127 75 7 119 -117 43 56 14 20 16 108 -16 -14 65 127 -109 44 51 114 -99 79 63 -112 36 -82 85 -106 83 98 -84 77 -117 -8 125 -74 43 -99 60 -110 -10 -115 -118 63 74 -29 -60 92 45 38 78 -33 15 -32 114 14 109 20 -7 123 47 -126 61 -90 -19 66 -99 -85 -36 120 14 106 58 -79 -80 -84 117 108 87 -104 55 46 45 92 -54 -114 69 -127 -49 -31 69 -38 -24 31 10 111 -15 -50 -118 -59 -110 121 -123 92 -15 -122 95 59 61 -67 41 -106 -125 39 -43 -91 -74 84 -40 -11 -102 -123 -11 26 17 43 81 11 120 -38 -38 -37 -110 -111 58 -17 -24 -42 82 -63 41 -66 112 -119 0 14 -102 97 98 -127 57 -44 -110 -70 -7 -41 102 -104 101 -85 109 25 109 109 -95 -77 23 -56 126 -28 -70 -123 53 19 -68 -38 104 105 81 -57 61 -68 -41 -46 -110 43 40 -37 11 21 -79 -85 60 8 112 19 94 83 8 -66 -33 88 93 17 9 -48 66 57 76 84 78 -43 99 27 94 -97 -118 105 87 -28 118 -1 -95 -124 124 -47 94 84 50 -66 -66 -128 -18 -81 -25 55 -49 37 -28 105 -101 107 -109 47 119 -99 85 -30 24 -40 7 -93 -84 53 84 -54 -94 22 6 106 -55 -74 92 -46 71 -1 9 -91 -118 -39 61 -70 -87 95 -2 92 103 -31 28 -102 26 -75 -115 33 -68 2 -114 -67 7 27 -25 42 -128 78 88 65 20 -9 -44 -25 98 86 41 -108 -68 56 7 73 -11 -107 21 -61 64 -55 -20 -107 73 -56 -13 -60 -120 102 98 14 44 -115 -63 1 47 -14 -112 -11 85 -24 -66 91 49 -80 -56 104 -72 -115 -107 -20 -1 62 62 -22 -29 -44 -109 -89 -24 -46 68 -91 -126 -59 -56 -66 -75 27 -6 -112 -20 -108
96 -52 -54 62 84 -63 -69 -70 109 -17 0 104 -29 3 -9 95 109 -52 -2 -16 -103 126 55 -92 -38 -101 -76 34 115 -38 -113 -103 -127 72 123 -57 -112 6 -100 92 -77 25 104 -43 -93 -23 -78 108 3 69 -43 -90 100 127 109 -47 -51 69 -23 54 73 -60 -39 -105 -57 127 -3 60 105 87 7 111 -87 6 19 19 24 -86 -14 -41 20 -42 -76 68 91 -86 -8 -120 -83 34 57 31 -107 -89 -83 -110 35 61 87 101 31 -64 -114 -14 -45 10 87 -30 -60 70 -117 21 49 -83 -33 -86 2 -19 -16 -71 70 117 -67 -83 -92 92 -71 -79 65 94 107 -126 -69 88 -107 -67 -49 -76 -120 -50 59 -69 -116 67 113 -72 107 25 -92 9 -113 -39 -25 9 72 -46 68 -106 -90 -18 127 -94 -46 -112 -121 -93 77 -28 11 -87 -14 29 13 0 68 -124 55 83 22 -82 -9 -107 99 92 90 -79 60 -103 117 61 100 64 125 -61 101 58 49 -64 -39 -23 55 -128 25 -78 16 -43 -104 18 -56 121 62 108 69 -95 93 -88 57 73 95 6 86 -41 -81 -71 -49 -59 117 -35 -45 -27 115 84 -29 34 36 -52 124 -7 -78 -35 -14 -57 126 14 44 49 113 -19 -108 77 -3 104 28 -24 -77 -97 33 -67 31 -25 -104 34 -45 -39 -127 -40 41 -20 -20 -60 63 -23 -9 -88 -5 -106 122 40 114 50 -36 -74 -41 45 65 20 -66 -120 -97 8 94 -13 56 9 -8 -89 -105 -30 86 -60 97 -64 -17 -97 -7 -26 109 15 26 103 -111 -101 30 -67 -115 -87 -65 -38 -103 60 16 88 90 -41 -81 33 72 -99 -92 60 104 -123 113 78 12 -83 -71 -125 -73 -119 -34 -120 -13 -50 107 16 -61 11 -45 -58 36 47 -107 75 33 8 -58 -9 -26 -40 126 91 11 49 -116 67 -75 -72 109 120 28 43 58 -29 95 -75 0 12 -96 9 62 -58 100 93 -57 -88 30 41 29 -13 90 42 97 6 56 -49 -14 73 -26 1 -106 -44 27 -108 81 121 -127 -73 15 4 113 -53 -16 -117 90 9 105 -65 -21 -71 -58 -25 -86 -104 73 81 -80 67 -77 -15 -60 84 54 -115 98 -92 51 -125 -25 105 -27 0 100 45 -6 -38 90 70 -40 80 20 57 -33 88 -58 20 -38 71 -105 122 97 -64 -122 2 -36 -55 117 59 123 2 41 98 69 68 -42 -1 -120 120 -43 29 26 50 -118 -124 34 -19 -21 68 72 88 -17 -58 112 15 -99 -25 78 -112 -4 -84 43 -81 -61 -13 -64 19 -59 30 77 -29 116 17
-60 -76 26 23 54 98 -119 -88 78 -121 -89 -57 -53 4 -75 115 117 49 -80 33 107 -77 8 101 91 -28 32 -33 -127 -68 23 92 -55 72 25 -114 -112 60 -115 54 -32 -50 30 -83 72 -53 -13 -29 51 76 58 98 106 92 10 111 122 -70 -46 -34 -31 -37 23 -122 -102 98 27 118 63 -105 42 76 -74 -97 30 -102 50 -92 86 -127 -63 -29 70 115 16 -116 -85 79 -94 -123 -95 -89 6 -68 92 -108 -82 13 52 124 -94 -100 20 125 -57 -83 29 56 93 -7 -120 -91 -4 60 -128 -56 69 122 39 8 -64 35 -28 101 65 76 20 -12 -68 27 59 -1 80 -100 -125 66 93 -126 25 -125 5 124 125 -43 74 -88 103 89 89 -124 35 76 -15 112 -97 103 -26 64 103 22 -60 80 81 -15 -105 118 32 47 -127 -14 -32 124 91 -81 14 75 -41 -70 -42 78 -69 -126 -35 -25 -10 101 -76 50 21 100 30 97 103 -116 100 31 48 95 -32 121 -99 57 110 -20 -41 -124 -68 -23 -77 -103 85 -54 6 48 -87 -61 4 -101 -49 -9 -40 67 -58 35 91 -59 -49 -89 -19 -128 -15 -118 7 -127 -77 108 -92 -32 59 98 -85 -100 -17 -94 74 -15 89 86 -11 -114 10 -28 -110 96 -63 30 109 98 -1 46 2 -41 85 -84 124 -67 78 30 -97 69 -27 123 49 -83 63 83 120 -88 106 -66 -128 -3 -31 15 33 -108 26 59 -41 101 80 -13 27 -115 -44 32 -74 -70 8 -89 -53 -90 -117 93 123 46 -48 -42 -119 -110 13 -26 -87 27 -25 110 19 46 78 -12 21 -54 25 -19 -17 125 -27 -47 -70 -5 125 2 67 65 -60 -117 49 -76 -54 122 36 -84 -6 -117 -36 -25 102 106 82 123 -92 -126 33 -80 92 5 -126 -36 49 115 84 -32 -96 -66 31 -105 116 4 72 -117 -52 60 106 19 85 83 -35 -60 50 -45 -32 -34 126 -90 50 -18 -103 27 -15 56 -90 -51 104 -32 76 55 -42 114 -1 104 -74 119 -114 -21 72 93 -12 0 67 -37 19 87 -73 -109 -12 -65 14 -45 -97 -38 -23 112 -64 -115 42 -37 -89 -15 -88 48 -44 23 -123 50 -61 -99 -127 23 90 -23 115 54 76 -128 -24 -97 93 107 -125 22 -82 5 91 -94 -108 10 16 -45 -108 98 30 65 30 12 -128 -94 111 -41 -47 34 54 -3 -72 -100 66 2 -35 8 -59 -113 37 54 64 4 -12 -6 -78 -110 -123 68 -16 101 82 3 86 -59 -89 99 -99 70 47 79 -18 86 36 -56 64 -105 9 -118 69 -116
39 -21 4 -23 9 -89 100 -93 11 -67 25 94 76 97 -96 69 94 29 94 -67 -17 -47 -43 40 24 -34 -44 -48 -57 57 43 79 112 50 52 -105 74 55 -45 -10 -43 -112 87 56 115 -106 41 85 15 20 -6 25 -50 -74 -83 -67 -65 86 -95 -22 -74 -21 -82 -61 -17 111 -88 69 -73 -68 -78 44 65 -43 46 -117 10 121 86 -54 29 76 -79 -86 -94 52 53 -27 -55 -6 109 16 106 85 96 65 -55 -62 120 45 -26 -71 -92 112 111 -25 21 -39 121 26 107 51 110 -123 -107 76 123 6 -52 -109 80 65 75 -47 115 127 -117 -78 -7 -27 -6 -106 124 124 -67 74 -34 -123 5 -75 -38 18 84 -83 112 -112 0 32 14 20 57 -29 -102 98 -114 -51 56 126 -128 -21 -110 -9 -104 21 92 -97 -6 -68 -3 -82 88 -70 -44 -92 -120 49 26 51 77 91 -77 6 -77 118 106 -91 -13 -52 -56 1 67 -110 26 -92 100 -56 118 125 -104 87 -104 39 -8 -3 -78 -105 -60 -62 -91 -29 -24 -85 -12 -83 59 -127 20 -1 27 7 86 -95 19 45 12 52 110 -111 33 -121 -114 90 -115 83 -105 -2 119 -59 81 117 34 39 65 -77 109 -114 40 -101 89 43 -87 21 123 -29 -28 13 69 74 56 121 -12 -75 -10 -96 -100 9 13 -33 39 -19 119 -24 30 -19 -128 107 -123 -89 -20 41 -3 39 -67 68 -41 83 -46 10 -16 36 36 -17 44 20 14 -88 -9 -81 115 111 113 7 33 117 -20 -60 -5 -52 -59 72 28 80 -38 -45 -55 103 43 -118 -43 79 -48 -42 114 62 -98 65 -99 -63 -36 -63 -116 -15 68 82 -81 10 100 -8 61 -26 114 46 -14 43 -119 -126 58 41 -41 -98 59 -117 9 29 -9 33 78 -113 -29 -96 -91 21 -41 -105 -119 120 -127 4 59 46 123 6 63 -115 -42 -8 13 13 -66 48 94 39 -81 33 -36 68 -77 -113 43 127 109 -21 28 20 -18 116 15 -17 112 -19 -78 -42 -57 66 -36 82 107 43 97 106 -72 -107 -37 -111 101 -10 39 79 -108 -109 -9 -123 -38 -33 82 -40 57 -28 -37 102 -98 -27 -117 72 58 -49 -38 121 6 -118 46 64 -18 121 -127 46 92 -102 60 -105 40 -111 -64 29 114 22 -44 4 -43 -128 -21 -64 -89 -34 -56 -5 73 54 -24 73 33 -63 -50 -56 -123 3 21 -111 -122 98 -69 -48 102 -128 -16 28 -97 -122 -55 108 104 -12 63 43 48 10 90 -10 117 42 99 -106 -42 -122 36 17 108 82 116 108 -14 45
-65 -122 6 42 -48 -53 23 -59 93 -51 20 -34 41 -31 7 104 -13 115 25 91 -111 -96 -2 -119 68 123 -83 62 39 -75 -45 1 -71 -43 85 122 118 -41 123 -56 -28 105 108 -27 -55 34 -41 -94 -111 -124 -98 -96 -7 -126 -21 117 105 26 31 81 -94 1 -110 3 61 118 29 87 54 93 -59 4 -108 81 72 48 -98 112 73 -10 -62 -92 113 -52 13 -46 -35 -87 50 -79 -115 -42 -6 1 91 76 -2 -128 90 19 84 100 44 90 13 -104 -39 -69 -51 65 -25 115 38 -14 -5 64 -10 103 -75 78 -124 -77 29 -100 -89 97 -66 54 -14 -34 106 43 111 2 -100 -50 48 110 -110 -24 -9 -15 -104 16 18 -107 62 -97 -106 68 64 -50 -83 -116 -119 12 -78 46 -80 -70 49 -6 98 -61 99 100 71 -32 -50 -62 -96 -45 -32 10 99 -79 49 -57 100 91 -59 37 45 10 -103 41 -14 117 -38 14 5 127 90 57 34 68 28 52 -127 101 26 25 123 21 -16 41 -60 20 -116 -28 -56 99 -103 -16 38 -70 80 98 14 -38 -68 82 90 9 90 102 -113 99 78 -30 -73 -9 -11 85 -68 72 -19 126 22 -20 45 -61 -119 56 -2 -35 25 8 98 -124 2 44 40 -22 -15 42 22 -15 106 86 40 0 -64 112 68 -98 -108 68 -13 124 -18 -123 9 98 -14 -7 -76 -29 10 13 100 84 114 56 -8 -110 108 9 57 113 -24 93 -81 -83 37 -10 89 103 48 7 61 10 55 -75 -13 -69 11 -71 66 -84 -117 -18 33 3 -113 1 53 -92 119 -83 114 -21 74 -62 -121 63 101 -95 -39 24 11 103 -12 106 113 -59 39 -113 -113 -119 -104 94 77 47 -79 2 -3 65 -24 -96 -111 -95 67 -4 115 -10 -1 -43 -4 127 -97 99 -127 -30 -61 -6 3 -102 93 50 -126 -26 -92 -89 87 63 -86 0 -90 -118 -124 -114 -87 -33 -39 -124 108 -33 109 3 -23 107 -93 -54 9 101 -119 -28 -106 -102 0 -58 -58 -87 81 -47 -82 96 42 27 -51 79 -115 68 106 85 117 -94 105 91 -102 48 26 -79 57 95 108 -32 105 101 -127 -4 -83 -53 -124 103 101 39 -23 38 -25 -13 -1 -92 95 -126 74 -120 -122 -122 65 18 31 -4 -109 95 36 -47 79 -116 -74 49 40 -92 12 -61 -70 42 -27 -116 -9 -17 126 -19 -33 -21 -47 -73 87 -53 -64 -13 60 -2 124 -66 -72 125 -31 -92 -84 -10 -70 104 38 -55 42 -53 -54 -47 120 -25 63 -81 50 67 67 97 44 -31 -3 -44
-69 127 80 96 86 93 -57 120 -46 -85 25 -63 96 103 -66 -91 -76 31 126 -53 -7 69 -20 -1 -111 93 69 82 -105 -37 59 -12 -61 125 -38 -101 38 -120 -42 -78 -98 113 73 -109 65 -1 35 89 84 75 124 -77 85 -64 62 -4 -81 27 -96 5 48 -41 79 80 71 44 124 -39 27 -27 78 -118 -7 -106 2 -18 -44 122 79 -50 -26 -75 -109 -79 1 -54 -26 43 -29 99 -48 4 -68 9 -60 -72 37 -46 71 35 89 30 -48 -20 -121 -52 -67 -125 -17 70 -29 -107 49 -61 -77 -30 -46 60 108 25 118 -25 -49 -82 -32 100 54 48 -92 11 124 -67 -115 -2 85 -5 -120 113 -37 -16 -33 65 33 -12 26 -102 -9 1 87 82 88 -44 -79 -10 -87 -108 90 101 -55 17 -90 -101 79 -84 27 82 85 19 -96 107 51 -46 -110 -105 31 63 -48 123 -123 6 -84 87 70 94 -117 38 3 -73 46 68 -51 102 -59 99 105 60 -42 11 -8 87 -109 29 69 80 4 -120 -58 -40 113 -98 -30 -9 -126 -50 24 -112 -12 -105 15 -81 68 40 -60 -6 -51 84 -99 36 45 48 62 42 -22 -53 -110 1 -53 -4 -84 -66 63 -49 40 -105 -99 -37 -31 -67 -116 70 -88 126 25 22 -91 -36 8 75 -45 -9 40 2 27 -37 121 -108 -47 120 -95 12 -36 104 7 -113 -86 54 57 122 108 -17 -86 32 45 -27 59 22 -3 -47 -71 -60 114 -91 -94 -128 65 28 -118 53 -2 83 -32 -101 -68 -48 109 0 105 114 11 36 100 -36 103 82 -118 -70 -37 -84 -84 -74 67 84 -65 3 5 -22 -29 -122 -125 14 -44 10 17 -125 -42 88 -111 -57 -69 -12 -32 -39 40 -128 -26 85 116 -25 13 72 61 113 -21 62 -122 100 48 -114 -27 -21 -52 -100 -8 -97 109 -88 127 0 87 11 -116 101 119 -19 82 -17 64 -10 -6 30 79 6 -5 24 -97 107 -25 46 42 42 -56 -59 66 98 -88 -19 -41 36 82 106 103 109 96 44 93 74 5 -81 22 19 68 70 -6 46 -78 -61 85 -69 -110 -83 -61 -102 67 102 117 -34 8 -28 -87 -124 -37 48 -2 6 -110 -28 -35 121 -8 -100 2 -69 -52 23 111 10 74 -124 -51 -115 118 -55 -115 121 46 92 -92 59 -15 -1 -113 -104 -70 -69 -72 -101 74 -79 -84 -3 112 -26 114 82 94 112 25 -111 -20 111 -48 94 22 -102 53 49 -34 -42 -84 126 83 44 -101 -40 61 7 -72 -98 -41 -119 -22 54 60 -123 6 66 28 32 4 58 43 -42
-22 -34 -114 59 54 111 -114 -46 -94 -18 33 -96 -73 40 -16 0 -17 37 -95 123 -91 -87 -111 -47 -54 -5 31 80 100 -68 -3 116 71 -62 -20 107 19 -119 115 -117 123 -1 125 108 -79 71 -92 -46 -40 -75 -48 48 49 66 62 70 -91 -27 126 -75 113 8 67 -5 -65 104 -28 -63 101 -86 -85 73 -83 118 -76 2 2 1 65 34 47 1 -45 -86 123 -113 19 26 -33 -7 -83 -103 -118 -118 -12 45 95 82 8 64 15 -98 77 -35 -20 -43 -76 51 33 105 -30 -77 82 115 79 63 3 32 -5 73 -75 -86 14 -8 127 94 -125 29 -105 119 -57 -115 -71 -6 -78 -19 -41 2 -13 64 -92 -114 -2 -4 35 -32 -19 87 24 -53 -29 -64 -108 13 49 -52 20 14 91 77 -10 -21 -84 -55 71 -99 96 -18 -73 76 87 70 -48 16 -95 116 -51 107 37 -124 -86 -34 -76 6 44 -48 -47 113 43 -8 -106 -32 6 78 -93 114 -31 -19 87 -80 -25 -63 -51 23 118 126 -51 -31 -12 -95 55 -100 -120 -63 -73 66 105 7 93 -126 -77 -97 101 124 35 14 -75 69 74 -64 -98 80 46 99 49 -65 27 -80 30 -111 -113 56 -19 122 31 32 -83 -118 55 87 91 -7 -87 -1 72 -45 -113 67 -3 126 -110 -24 85 -9 -38 91 33 -122 -55 -68 121 -86 50 -32 -14 69 16 -26 25 -106 -37 8 -99 -105 63 111 -77 -38 85 -85 45 67 53 -36 -128 39 0 -28 -30 1 125 -8 66 -3 -124 -84 44 -120 -103 38 -36 63 -89 96 114 36 -106 100 17 81 -56 32 88 39 92 -126 40 -33 37 -55 59 -47 16 71 -7 2 76 45 94 59 25 -120 23 -128 123 60 84 -127 -107 -109 119 34 -40 -11 -79 47 -100 20 -115 -97 116 96 -113 -35 102 115 -124 8 121 -15 -8 -18 57 -51 121 -61 33 41 -9 -74 34 42 -61 -11 -32 81 13 -7 -73 29 102 -52 91 120 21 10 40 -110 119 83 70 -4 112 29 19 2 -4 -71 -61 35 46 103 -45 -63 96 65 -106 77 -50 -10 -122 6 -45 -4 -6 117 -19 114 -25 81 60 -11 -29 30 33 -13 18 -12 43 -38 -69 81 -47 97 -6 98 91 57 94 -98 81 123 101 4 -104 -124 -79 11 -99 -125 27 -23 27 70 -77 11 1 -13 -54 38 47 -32 -92 -86 -90 -102 -40 -105 -29 -117 -74 -47 -90 14 -95 113 46 19 22 -49 -33 23 46 -40 -89 1 -86 103 74 -87 62 125 -110 89 24 97 24 43 51 -44 15 -46
104 -78 -23 -64 -87 -21 -48 -4 86 40 -10 -55 18 67 -9 -52 -113 36 -77 -29 94 27 79 -125 -14 39 -65 -122 99 -33 71 19 -98 -49 -114 -92 -73 -104 100 114 70 -23 27 -61 -44 -29 -25 94 -79 102 59 76 114 -9 -20 -34 -5 83 61 31 83 62 -41 111 54 -67 48 64 5 -115 -13 -16 -7 -75 -56 66 16 91 -43 -80 4 112 -64 -106 90 25 45 38 -17 86 -106 125 -99 -101 -25 -2 95 -90 16 -21 52 101 -106 108 -73 121 80 -89 -93 -34 80 40 -78 -11 68 -115 3 -78 75 -12 62 82 -103 2 72 107 56 14 30 -47 32 -111 2 15 78 104 92 -35 73 -119 -121 -33 -44 7 50 -35 49 124 -115 19 -70 117 -110 -46 21 26 -24 113 124 61 -127 108 74 -6 -42 -13 87 -42 121 -24 63 -87 -101 -80 -31 -107 -5 73 40 -117 72 -66 -74 -49 -33 41 45 74 20 11 -112 91 -74 106 56 31 -109 92 -104 51 -65 77 -34 -8 62 -96 76 64 110 86 85 43 65 109 106 -109 -104 75 116 -13 15 -53 2 22 -66 86 -46 -7 -52 95 83 95 -93 42 -21 16 -55 18 67 -46 -93 82 -56 118 111 -17 -45 -73 -99 80 52 -112 19 100 -40 -81 -120 -35 -15 -11 6 64 -116 101 66 88 -92 60 15 -89 84 -78 -115 125 49 76 95 29 -64 -11 93 72 25 -7 118 -109 -61 76 -119 -84 -35 24 15 69 -21 -110 62 -81 114 40 30 -104 -109 52 119 115 17 35 -24 50 -25 110 113 18 46 30 -19 -32 106 69 -60 79 -106 53 19 12 -52 -15 -46 -102 77 82 -65 -4 75 14 -45 20 -2 106 30 -98 -28 112 124 -46 -76 80 -110 48 -31 -28 -69 113 33 54 -37 9 -15 51 50 -32 122 28 -94 -20 -13 -44 97 -1 85 -68 113 25 5 100 45 -84 13 -100 -105 -116 -122 -93 -59 81 38 13 34 -13 9 57 103 -28 94 -53 113 81 -48 15 121 -128 -108 -67 51 69 -39 51 -81 -60 8 -57 113 124 -83 -88 119 78 -68 111 -28 65 -56 27 67 -47 -32 79 -94 -79 69 -106 -78 -45 50 99 2 29 -104 -34 -10 31 -112 121 -100 121 -103 99 -69 -123 -44 62 91 25 -102 -109 -5 58 -69 -67 -34 -14 -33 0 -29 -94 -64 -50 -14 -124 -80 80 53 123 -17 -6 -107 79 -18 119 -12 22 18 -82 54 -6 24 -9 24 52 -49 -114 108 -9 55 -16 -58 -22 -20 -90 54 93 88 -56 25 -12 -43 32 -41 11 -86 -38
29 -94 24 55 -79 -32 -70 100 -37 64 7 74 -32 -72 -77 -80 -113 127 -18 -74 44 -99 32 -82 -66 70 -3 45 104 -87 2 102 -34 112 77 77 -54 -109 -86 -42 53 40 85 -32 -22 63 -83 42 23 -94 -19 -29 -7 76 113 -59 46 52 -16 57 120 -90 69 115 62 7 5 -59 -107 3 18 -57 5 114 -77 21 16 27 -31 74 99 73 -32 21 61 -108 23 -14 -65 -23 126 42 100 -54 117 -5 -70 -92 26 23 -81 121 38 73 102 35 -104 67 -73 -61 28 -52 -111 -103 -42 37 31 -116 -116 -23 38 109 8 -98 -88 40 -55 -70 120 -31 42 -127 123 32 -26 125 -100 78 76 15 20 -37 106 -63 -52 -23 119 38 28 64 -77 105 -55 20 -84 105 68 -122 99 -64 20 69 32 -92 41 31 -33 -35 -49 -19 -62 61 113 -112 -116 -104 71 -19 -80 82 106 -34 -85 -52 -94 24 9 -11 108 -121 -55 75 87 120 93 6 -8 56 -7 -91 -22 52 115 121 -106 -60 73 3 -21 -90 26 28 -34 -29 -12 51 49 74 60 -90 -100 51 -44 -127 -111 60 118 44 68 86 60 -121 39 -116 -125 29 32 -19 -125 105 -24 105 109 -41 -118 87 125 -110 106 -98 -39 -103 -29 -42 55 -83 48 -11 -33 -31 5 54 73 -3 32 40 101 39 -7 -33 36 -102 -84 -15 67 -67 -94 -56 47 -36 70 -53 -8 -66 -95 -25 -52 1 62 33 -26 -5 -65 -75 -30 105 35 -87 -16 -5 64 83 -4 70 88 19 76 66 -71 -73 78 -124 -51 35 -37 -113 44 -8 56 117 67 48 -19 52 123 38 -70 106 53 -58 55 -29 -86 -51 101 -85 -111 -34 -74 90 9 17 -105 54 97 -33 -41 -87 127 76 27 62 22 -11 25 7 -30 -92 -61 28 -116 -117 78 -61 -38 -75 -81 -93 -127 106 4 9 76 32 -117 -85 -38 59 119 -31 123 118 74 101 122 14 82 -107 -105 -125 98 -125 7 -76 59 115 -3 -24 -29 52 -92 -107 53 -127 87 -42 83 3 -119 91 -60 92 48 -24 -8 120 -1 -69 38 22 54 32 47 33 -59 76 47 18 -128 -66 20 -37 -16 95 -19 -100 -36 -115 -104 43 -87 -103 -63 -8 12 96 97 45 4 56 -122 9 -49 -69 -60 17 45 -49 -38 -42 104 123 -44 19 -88 -24 -108 99 -3 56 116 103 -72 -117 -96 51 -94 109 -66 -99 97 -10 65 96 64 -51 -42 -15 -13 -58 54 126 -64 -21 -81 -60 -44 62 1 61 -71 -104 72 27 -8 -91 -94 0 -107 101 -117 39
60 -34 -59 80 -10 -42 123 -8 105 -117 -15 56 -38 -46 120 -7 -98 72 -121 -115 110 -6 51 -52 -66 -14 -10 107 -37 -52 14 114 7 69 -81 -21 -123 100 -36 -120 85 -86 -126 -34 -18 -95 -78 -60 12 -7 34 -104 -36 56 -33 -43 -4 -72 -127 67 -59 -93 -109 -61 94 -110 83 -72 -65 -59 -68 85 27 41 -51 53 -35 104 58 -58 -70 -15 -116 123 -93 47 -43 -125 -125 -110 26 -4 -99 -10 121 116 -37 -67 60 -54 18 -67 49 -96 95 -83 27 46 61 -55 -70 80 -20 -117 -85 121 -19 45 115 28 8 125 -126 -113 -72 -101 66 -4 -60 77 -92 28 -70 48 84 8 81 31 -48 21 47 -61 60 57 87 70 61 39 68 66 124 10 -38 30 115 5 -39 13 94 23 -33 -54 -3 22 -108 82 79 27 88 86 88 104 -17 -74 110 -4 -51 -37 93 -9 113 24 112 20 85 1 108 111 119 24 -79 -21 -105 32 39 -70 -103 109 124 -98 -46 32 -98 -25 -21 29 -31 98 8 100 -26 73 -3 90 -36 22 -63 38 -59 81 -76 -13 -50 -30 -82 37 -20 56 -120 -100 -42 33 49 93 28 46 67 63 75 26 53 -33 -82 -18 69 -23 -9 79 -37 30 -47 -80 17 63 77 127 23 -94 -59 48 99 -126 20 93 -40 -37 32 23 -41 32 39 76 109 83 -76 88 88 19 -60 -116 36 -123 -88 -33 113 -11 63 99 79 -108 -115 -54 -85 -107 39 47 108 -87 7 44 29 -123 -18 -102 -1 -70 7 -13 116 103 122 -76 -112 51 -27 -5 52 51 63 5 16 -27 -47 82 -113 -86 39 66 -46 62 -106 116 0 81 14 -76 -45 120 -87 -63 14 -18 -23 4 71 -118 124 39 9 -88 21 17 -109 73 100 57 -85 33 -89 -81 -125 -2 -19 -14 22 112 -42 3 56 71 0 91 -120 67 -82 -25 24 95 31 -89 80 36 -6 -119 18 -47 -31 99 -83 -94 -69 117 -58 -54 -108 -1 -8 80 -43 11 58 115 106 -4 13 -16 -57 -60 113 20 -30 -28 56 -63 24 -72 -21 -62 -85 -88 -107 17 -30 -71 -25 -13 9 -90 28 2 25 -32 119 -37 -28 14 43 -72 8 -4 66 90 120 34 -98 -118 -108 -88 87 -28 54 -85 -116 50 18 66 87 -14 -68 54 -63 -84 24 -118 118 44 -2 28 -36 -2 14 -89 -128 78 43 61 64 67 125 124 17 -14 -117 24 -28 89 -18 41 40 65 -37 -122 36 -61 96 31 -82 59 -96 -104 -40 -17 -70 -117 28 73 -100 -120 -94 46 -66 59
97 -49 -71 125 -49 48 108 105 -27 -84 -90 109 64 -126 -15 68 25 56 91 12 72 -112 -5 -17 -25 -5 -95 71 -18 29 -97 -62 -101 63 92 -36 21 107 124 -124 -109 90 80 -52 13 -21 -31 14 -93 4 -36 -101 -73 66 46 10 -18 122 121 30 -123 31 101 26 44 -41 -1 97 1 3 -109 -37 12 54 -67 76 -102 59 81 32 -121 57 25 -51 123 91 10 85 14 -1 -40 -121 89 3 -42 -7 45 -116 121 69 -45 4 -62 91 5 79 112 117 -24 -118 -61 -111 54 95 -105 71 60 -82 -128 -37 -92 -88 -2 -86 -56 -18 36 110 -40 90 76 -9 -94 56 -121 18 115 -114 -73 -52 39 98 97 -127 30 48 -4 -110 25 31 -76 -56 -92 -20 -110 -93 -49 -77 -106 -77 -122 -66 87 83 -82 78 111 106 117 -24 66 -26 -52 15 100 111 29 -111 -53 44 8 66 126 38 -24 -6 35 31 119 -87 71 -23 78 -82 -74 70 -60 83 97 112 125 -94 -12 -10 -19 -14 -21 -12 -35 -63 -5 79 45 -99 -102 114 -73 59 8 -29 67 -85 32 56 -95 -122 16 105 -38 8 -28 44 -56 72 104 34 -6 52 77 102 43 124 30 -67 68 -98 -47 -10 45 40 -64 32 3 -72 74 104 40 117 -79 -122 -9 50 -6 76 -14 -57 44 5 81 45 -48 -52 26 47 62 98 60 113 87 -12 -2 69 77 -17 -122 -108 67 15 75 -108 126 109 -42 -73 -82 -96 -71 -69 57 84 106 -70 -81 18 -34 -76 4 -19 -68 77 -50 -103 122 -89 31 -11 -119 -79 73 12 19 -8 127 33 -21 -41 -111 12 -71 -2 116 12 -114 -9 11 -50 47 -22 -28 0 -85 -104 79 -128 -122 -107 118 103 -5 -118 14 103 116 20 17 -15 52 -97 -96 -52 78 17 -69 80 28 111 97 -92 -77 75 54 -69 86 116 -18 17 -16 -33 70 118 122 -95 120 -69 -47 -28 -48 -52 106 91 103 -90 109 56 -10 88 -58 48 55 27 -86 117 124 -59 37 -43 73 -67 103 -46 -70 62 -61 120 125 52 -91 -3 67 5 79 -20 -29 -4 -73 53 52 -85 -123 -116 -92 -64 37 38 87 6 0 37 34 84 -26 57 -16 70 -8 70 53 50 37 -11 7 52 -102 -15 69 -26 -5 80 125 100 -35 49 -109 -40 -74 72 -60 49 8 -61 -80 -2 -105 26 -51 62 104 -7 -124 -7 55 74 -110 -2 4 -74 115 33 -3 -38 37 103 -57 103 -70 21 -12 84 -83 -68 -74 -75 -63 -28 -46 51 -13 113 95 -11 -59 -123
9 -52 -105 -27 -20 -92 88 -46 29 12 -76 61 -5 -108 15 77 -13 -93 -46 -28 47 116 15 76 -24 11 36 35 -21 -97 119 74 120 8 92 -56 -84 -111 50 14 -66 -74 76 40 -38 -102 -67 -69 -128 120 19 -122 57 61 49 34 73 16 2 122 -15 -4 -120 -51 -40 34 -108 11 -79 118 -78 -124 108 89 -125 85 -33 107 -60 50 -56 -111 -110 -127 -71 -119 -67 44 4 48 60 72 -46 1 22 -61 -117 -38 24 28 -80 -98 -105 -125 111 -58 -124 17 9 71 -63 -25 -79 113 -62 -45 77 -25 -49 66 -66 120 117 -68 -5 -94 -28 114 -26 -18 -35 122 34 -79 68 -22 48 -25 110 95 23 -127 29 -49 -73 -43 24 73 -58 14 8 60 -82 -52 126 77 87 -115 -15 -42 122 45 28 86 -46 32 -105 24 -88 -111 117 21 -39 44 -118 -57 10 3 52 -114 -1 -68 108 60 70 4 -35 -81 -79 16 57 -21 15 -93 -78 117 -14 -103 25 -52 -28 -58 -59 -43 -103 -27 -95 104 12 101 -34 70 40 36 -3 -113 105 8 57 -42 121 -95 102 25 -4 -52 -94 -18 64 73 -57 -19 -6 56 -28 -25 112 56 96 -90 -31 -15 116 121 -113 99 -78 -50 89 79 -52 110 45 -80 -99 19 -56 5 121 121 -114 -21 113 -88 -4 3 -22 40 -67 -36 -93 27 105 -45 -114 73 -12 -125 96 -13 71 -105 -90 110 38 -76 -72 92 29 64 109 110 54 52 73 -74 23 -106 56 108 -5 -31 69 -94 -11 10 -12 -79 67 67 51 -87 -128 -112 80 116 88 113 -106 3 90 -85 19 -29 -34 -86 17 -76 -113 -105 -81 56 33 32 16 -97 4 -33 90 -17 83 -117 -37 49 9 -16 -18 64 -55 -101 -27 126 -30 -113 54 43 16 -108 87 118 122 16 -8 76 -111 -72 68 96 59 -68 -111 -4 -60 -37 -83 89 9 -45 81 -47 21 121 -9 -9 1 -64 124 23 -94 122 -99 -65 60 -32 -69 -113 -56 68 106 122 -52 102 50 18 -20 -94 -91 9 110 -13 17 -22 -59 -73 -56 124 -32 97 113 -41 -57 48 -107 -37 27 -65 -13 -115 41 90 22 113 -8 94 -17 -12 -114 74 66 126 -37 -116 0 -44 107 -90 -42 -110 47 -56 80 -114 110 97 -3 46 70 -60 -28 -2 -14 -76 -7 13 -115 92 67 -91 -108 -39 32 -17 -90 90 -79 122 101 45 92 -128 -59 0 -35 -128 26 10 61 96 -6 -109 54 -102 -22 96 -118 85 14 -93 -65 48 -117 -41 41 68 73 76 45 28 -56 56 57 41
-50 3 -16 -36 44 85 -117 66 -124 -128 25 99 -123 78 -6 23 123 41 -49 -49 -88 68 -12 -120 -112 84 20 -5 -123 54 -40 22 102 -33 -13 115 62 114 123 -124 -38 -39 -73 6 3 40 -9 -73 -61 -9 78 67 30 -41 68 37 120 15 82 -117 -112 -24 84 -96 -107 -20 -41 -9 88 100 31 43 -1 34 117 -20 17 14 -30 -78 45 -79 -122 112 124 -73 33 117 -50 44 123 -73 -20 -110 -54 -112 82 -76 48 -95 68 55 -90 58 -3 -51 -44 23 -58 -77 38 -77 -2 101 -10 119 9 67 -55 59 76 -52 24 -81 41 77 -108 -78 104 120 -39 -37 99 64 -18 -2 100 -38 -54 -41 11 56 117 48 -10 36 -103 -7 -59 70 -41 8 114 -98 -122 89 -72 -75 -93 -109 -73 -17 -113 -124 -68 70 -127 16 109 71 80 100 113 -81 -81 50 -60 -115 37 24 111 -14 67 -25 -27 0 34 -70 108 -61 3 -98 -73 -35 -93 95 -116 14 -63 -44 -96 -87 83 -31 -46 61 -112 5 -78 -31 122 -123 12 -125 -72 -70 -89 109 42 35 8 58 -17 27 59 -96 95 102 -103 113 -33 -63 -80 -51 -100 -46 -117 92 -23 118 -51 60 -69 -49 -55 23 -49 73 -36 -43 -122 -49 90 33 -38 -98 59 115 -73 76 -52 -104 -93 32 29 -42 -44 7 111 -107 -77 -63 -34 18 107 120 -104 -115 33 74 -94 12 -7 1 24 99 -100 126 -76 -114 -27 24 122 72 -115 -103 81 -79 -121 43 87 76 -22 -47 -13 -78 -31 -34 -1 45 27 -29 43 -80 54 -10 58 61 37 -53 -110 -98 7 18 29 -124 84 -26 -30 -60 -67 -83 123 -48 122 87 -30 18 65 113 20 -76 -17 116 42 79 -94 -81 113 -71 -126 -100 -23 -100 66 101 17 46 21 -73 103 -114 -113 61 10 -3 48 -108 -126 98 -119 98 -92 104 63 15 16 83 33 -97 116 -115 -58 -74 16 -91 -103 -102 59 -128 68 107 -103 99 71 -94 -77 -32 56 24 35 126 26 -66 113 5 14 15 97 38 -55 -52 -72 -103 -23 -91 -8 -86 14 -64 17 -24 15 76 101 106 107 68 10 108 12 -81 127 -122 -103 31 5 -64 62 -110 125 -82 46 74 -127 -128 26 -21 -51 -43 -22 -25 84 -28 -46 34 -68 99 108 126 -22 -83 82 -102 124 123 52 -50 -69 -81 -123 88 -36 -121 78 28 -7 4 125 95 -92 9 -85 -9 74 -50 -23 -72 26 20 25 -120 -18 -76 -15 24 31 -10 87 -108 -55 29 -36 -8 -31 49 -89 -55 17 -105 -109 93
-50 -66 21 -16 -87 -28 50 -81 70 90 107 42 15 -124 -75 -113 -85 26 39 -83 -48 -128 -58 -36 38 123 -36 81 42 -127 -94 -112 32 -114 -102 13 -7 -28 127 88 107 -102 77 93 -93 93 -54 -87 45 -41 -53 60 -9 -126 3 14 -12 93 21 60 -26 78 6 125 -60 23 122 -30 111 -59 102 107 -118 53 22 104 22 -5 61 -120 58 78 -107 11 10 -127 41 -65 -110 12 50 -119 -24 -103 65 -102 53 -95 -128 -112 -51 -15 45 46 63 13 6 -88 57 46 111 -21 -28 11 7 -66 -81 -98 -102 30 74 99 -72 -102 -106 -17 -45 -55 -117 66 -77 -29 94 -92 43 -61 84 85 25 -11 -69 -94 -110 74 -49 16 -100 -101 -12 -58 76 -14 -64 21 39 -97 -115 68 -51 49 123 32 -18 64 6 -89 48 -67 -77 122 113 91 -8 -59 -65 28 114 -37 -29 -73 117 13 59 -9 62 23 68 1 123 -5 -104 -45 85 -81 55 -3 93 -124 75 57 14 -26 71 -35 -96 -108 -26 116 113 21 -73 107 45 -111 -9 -42 43 10 -93 61 -23 103 63 99 69 105 119 -49 42 23 20 42 86 114 25 -23 98 -63 120 73 -1 -74 23 112 -50 118 -105 3 -32 -62 53 -52 49 59 -85 -109 -44 89 -31 -108 -18 -30 -63 72 1 -9 91 15 62 -39 -103 -119 -55 -42 -95 -123 -116 76 -27 -1 89 -69 111 -7 -99 75 70 37 37 -64 -125 14 9 108 -7 -47 73 24 21 -94 62 81 79 -101 106 112 73 -123 -120 81 96 101 115 -54 63 -101 22 15 5 37 -88 16 17 -62 52 65 102 64 -18 95 -57 32 2 126 57 86 -84 -119 4 -2 112 42 -113 71 -93 15 19 92 -91 16 37 7 -105 33 -128 127 61 77 28 -111 -1 -26 21 99 -21 -5 -116 -123 -115 32 -84 -18 42 4 -60 104 22 -75 -122 112 78 95 -36 48 115 -126 97 127 -43 -24 -97 25 117 -86 118 58 63 -72 -70 -52 -71 59 100 -11 9 77 1 115 98 100 -96 116 -67 -48 87 57 122 -13 -42 35 -62 99 -121 40 -74 85 -24 -24 -127 37 -90 -125 43 8 -44 -106 -63 43 -29 -123 -80 12 -120 37 114 -39 82 64 87 -48 -104 56 9 -91 104 -10 10 -61 -68 2 98 47 41 41 -2 -68 57 7 -33 -65 57 64 90 110 11 -6 -43 -40 -101 38 99 -111 -33 11 116 -107 -70 23 -123 108 -73 61 20 -6 -95 30 71 118 42 16 75 -32 -116 5 -19 94 34 35 -128 2 -114 18
115 0 123 71 97 -5 -37 -88 -73 36 -68 101 12 3 72 -78 -77 -74 -24 24 65 10 -43 6 -21 80 34 70 -43 -117 13 37 67 63 126 62 -109 20 13 -48 -107 -98 71 -125 65 26 -57 73 -114 58 54 9 78 96 -4 -92 -125 122 -87 73 -24 -69 -74 31 -47 -68 3 62 24 104 -1 88 -69 -13 15 118 -50 -115 -51 20 -118 -87 -65 78 -81 24 -57 -43 -122 7 68 -7 65 83 -105 80 -67 -57 -26 -38 81 -58 -123 11 59 51 117 -128 -39 73 -67 9 -28 37 -14 -12 -25 -17 20 -8 30 -20 81 22 -82 105 -4 52 54 6 -127 63 102 -112 102 -97 -76 25 -48 -106 -60 -15 -5 77 -17 127 -76 32 77 90 28 -12 59 84 16 -38 -116 -87 -107 -116 -86 -76 -28 78 -70 8 17 -42 -101 -123 -122 1 120 15 93 23 103 -75 113 -79 110 -67 -111 -69 -49 56 36 21 -47 -20 18 43 -72 119 -113 -7 117 -27 -64 71 14 -66 123 -66 0 -120 -43 89 17 123 110 -76 44 22 -98 75 -46 37 82 45 60 -39 63 -54 -37 74 33 28 -30 111 -26 -128 111 60 85 104 22 1 33 -101 64 122 115 107 -102 -88 88 -43 -25 -111 -61 45 80 87 56 -45 -54 -83 -64 -68 -59 101 73 101 -94 71 -110 -115 -40 61 -111 86 92 37 -21 36 118 -33 73 -18 -106 -27 11 5 51 83 49 -64 43 -71 -72 -22 -77 -124 -64 -102 33 20 -18 82 100 79 -106 -5 -85 -45 64 -50 63 -95 48 -14 -74 19 -31 73 -90 18 124 92 73 13 -126 69 -111 -56 108 -58 -70 28 -79 -8 4 -25 -63 -86 -60 7 -42 14 -109 -92 5 43 -25 -106 110 2 -57 119 -58 18 -63 74 67 -14 119 -68 99 113 1 94 -73 -44 -82 -25 -107 -37 -46 -70 49 -63 109 11 56 -74 75 -78 29 127 -25 -113 -121 5 43 -16 -87 -29 52 -64 -107 100 -55 -76 2 -98 95 125 68 -70 20 -11 67 125 -97 -31 67 33 76 102 -23 -118 116 -24 -86 54 -102 56 28 -25 26 122 -115 -65 -66 40 112 49 1 -7 120 33 127 -127 -101 26 -119 66 -40 89 -55 -121 100 83 -82 -36 9 58 97 -123 92 -58 -35 -114 -107 -104 -79 7 -44 38 -4 49 -47 -36 -41 124 -97 96 4 6 83 -76 -99 -9 72 -20 58 34 -49 -92 125 5 94 -56 -90 78 -20 -98 2 -46 11 -128 97 -66 114 67 -38 -20 -64 -53 -85 -17 78 36 -73 -44 -113 27 -85 -12 -52 -94
-113 -108 -31 -72 -95 -85 121 94 31 -56 -57 -113 -48 -15 -54 103 81 -103 -83 67 -95 -97 75 78 58 103 63 -89 57 4 -109 50 40 88 27 124 -63 -19 85 98 3 89 86 -108 34 113 45 54 29 -68 112 7 -69 -35 64 63 -4 -54 -45 72 124 -20 -39 -103 65 -71 32 -37 -39 -34 -127 -107 45 11 88 -71 -22 -6 -45 5 75 -122 -13 80 -8 40 46 80 101 80 -36 -26 -118 49 107 32 27 91 85 16 -39 120 -110 -113 -118 16 -51 -95 -80 51 -40 -100 53 -38 5 67 32 -6 -45 -95 -28 -126 10 -23 -90 85 -39 -53 98 40 73 103 -10 -21 -97 -31 -15 -106 75 100 125 -50 9 22 121 3 -41 63 -128 -34 110 -31 -65 117 88 -82 -100 -54 21 -101 87 34 -118 -31 -32 108 -124 120 -103 -13 74 -126 16 61 126 82 47 -115 59 -33 -42 -77 -4 53 -124 -86 -51 124 -116 113 33 101 84 -65 21 9 25 -49 -63 27 46 -9 -33 73 66 -114 -4 -96 -62 40 -32 10 -37 106 119 110 -82 -86 -63 -47 31 -122 -53 46 -91 14 -25 -71 -51 -14 -7 65 -47 84 -72 25 39 -27 -123 89 -120 115 -107 -1 -73 -39 -43 -119 4 119 -105 -67 45 -8 -57 4 36 26 38 -72 -92 -93 -66 -74 34 4 -112 -92 48 89 -71 -16 -124 119 121 -114 85 -77 54 -69 -4 20 7 -93 -84 122 122 -44 29 -40 -25 61 26 -4 -103 54 125 -27 116 -105 5 30 -88 87 39 88 18 -111 -101 65 -64 70 -26 42 -86 -45 77 -15 -82 116 84 -57 45 104 -109 -58 -6 -111 117 111 -63 -86 -87 78 -117 100 -86 -105 -76 -65 99 -5 24 -17 -15 67 -104 107 -72 16 -103 -41 40 23 55 31 -128 -85 123 119 -24 118 -97 48 36 -66 -87 85 -39 97 5 -87 -67 -51 31 2 64 11 -91 38 45 50 -35 -21 -70 68 97 51 -106 59 -113 -78 -59 5 -87 86 12 95 -40 105 59 54 -84 89 122 38 118 -8 3 56 111 30 -11 121 -61 64 34 117 13 -28 9 88 -9 124 -51 -103 -80 -10 13 -88 11 52 -122 -99 -53 -92 103 123 26 -111 -39 -60 -106 60 102 -26 -62 -119 -96 -73 -84 117 -93 -67 -53 -5 12 102 43 -91 81 91 63 -59 -109 -22 10 126 -49 -119 81 88 94 86 -114 91 118 98 -72 -30 -47 119 -54 -82 -83 22 56 -115 35 16 -51 -85 -115 -56 121 49 -89 117 6 45 115 80 -73 20 -75 111 42 -49 118 -11 -68 -14
17 -71 56 -41 106 -86 -50 -53 -31 -34 51 -96 120 62 -95 -111 -50 23 43 22 -1 -111 -4 -91 3 -78 114 39 -13 37 126 5 84 68 -52 -99 -57 -14 24 -99 15 -29 108 -56 104 12 28 27 109 21 -50 5 -27 -70 50 9 0 -14 -19 29 26 8 97 113 -26 29 -81 33 121 8 64 -23 -54 0 101 -108 -76 -128 46 -48 24 -119 -111 -125 98 81 36 -30 -44 -4 80 76 -35 44 19 -33 -109 -69 -128 -67 -20 72 87 -25 13 -2 19 -48 -87 26 4 11 -19 91 -101 -61 3 17 28 -69 76 42 -14 7 -35 -92 13 13 35 21 92 50 -70 -119 -97 -92 -62 -108 -105 -110 10 12 113 71 110 115 91 -35 31 96 42 57 -18 91 -46 -16 -93 -14 -84 -26 -64 -83 -14 -101 114 -23 45 -23 119 71 6 29 -125 112 -6 -87 78 -98 107 89 18 107 -98 -66 26 22 127 49 73 59 -15 67 54 53 -121 17 25 -109 102 86 95 32 -58 -85 34 111 -30 -122 -86 -50 2 -35 102 -14 40 -24 55 -116 -101 -10 78 -111 106 -54 -95 -41 -73 49 -69 68 12 -113 64 60 6 73 111 -32 15 40 -23 -23 80 67 74 -100 94 113 111 -1 -8 58 49 -81 -85 -39 116 65 -96 111 -94 -43 -16 -75 118 -2 27 -56 -122 -60 -63 -29 -118 -95 31 -28 24 -24 93 -37 2 71 80 -56 -79 -90 94 89 -39 -36 52 -36 -65 -13 55 20 114 35 -17 -102 -48 -32 65 23 75 98 95 100 90 -4 -8 86 -87 -112 -29 98 -45 -67 41 3 -48 98 100 88 92 8 -40 50 101 -46 5 91 46 -74 -21 84 101 -51 -52 -95 30 25 51 83 102 78 -58 -5 -64 -75 108 88 85 108 -37 -62 -57 109 2 -107 88 64 -55 -18 33 64 1 9 -8 42 -1 -25 124 -27 76 -11 85 57 39 -53 10 31 0 68 0 -76 -84 -112 -122 -107 -126 77 14 -62 127 -109 71 112 48 121 -73 90 113 17 59 -51 36 42 -68 40 -114 -112 -72 -102 46 10 -24 -125 106 -65 6 -41 115 -30 85 4 -106 33 117 93 85 -57 -116 8 0 -43 85 -7 -68 14 -4 57 -34 -88 -68 72 -114 -33 75 83 -104 113 113 -69 -9 -85 -99 -71 69 85 -56 126 -111 2 -57 -10 -38 116 -128 -75 -24 -38 -51 82 -112 -56 76 -116 -70 61 98 -89 75 -80 -105 -23 62 -9 -54 -105 -9 13 -111 -104 26 36 99 83 125 -8 -13 73 32 33 -40 -125 -30 82 58 8 -12 -8
123 -116 -12 -64 35 27 -71 24 -67 -98 114 42 70 -108 115 -70 -64 -96 -4 19 -53 60 72 -93 -65 -118 34 40 85 114 -72 107 28 33 -37 68 31 -6 53 100 -101 12 -72 96 -82 -12 38 108 -13 80 28 33 29 -45 29 -79 -43 -108 -3 -27 -21 92 -90 10 126 46 43 124 19 -44 102 -52 17 124 62 -31 -88 -101 126 81 -123 -98 54 127 -15 -19 -110 31 34 -99 120 -104 74 -81 -50 97 92 -23 -74 -21 21 -114 51 -122 -75 23 -124 20 36 48 70 -77 46 -43 -114 -6 -23 -6 54 -115 -89 23 88 3 -120 90 100 -53 -40 28 112 -87 36 33 -110 -53 -110 -103 27 76 -63 -32 -57 -95 -2 -11 -98 -30 -96 -100 -126 70 90 89 -9 70 38 -65 25 -44 87 78 72 92 -53 42 82 39 127 17 -7 22 42 -84 -67 -23 68 -81 22 -118 -88 62 -128 8 118 109 8 19 -53 -101 21 -44 24 119 11 -59 -109 -123 94 -55 61 28 76 -98 58 -45 122 15 36 50 -8 -58 64 20 23 43 -103 123 110 117 -18 64 -109 99 47 -97 114 -29 84 77 26 -69 123 -98 118 127 -98 -115 -90 -62 -122 28 24 -100 -33 124 109 -68 53 50 -75 38 17 81 16 22 -9 71 65 30 -66 -24 2 20 33 85 39 -81 14 -31 101 -27 -3 -36 -34 50 -49 11 -2 -25 -47 -51 97 46 -30 40 -15 -4 93 -69 90 80 3 -77 52 -44 -51 58 93 78 99 106 -107 102 11 -6 9 -104 82 57 -95 -74 -3 -39 -22 -17 54 56 63 45 -66 92 56 58 -31 4 -91 -27 3 -82 59 66 -103 107 -1 -48 -111 113 -41 101 73 102 73 -57 74 117 -66 43 -127 -95 -104 110 88 73 63 -35 32 33 -102 7 -48 -44 6 -113 120 90 86 -65 45 15 -35 123 -121 1 -14 -64 59 84 18 -60 -26 60 32 -29 125 126 59 92 74 -55 -53 -67 22 36 -106 -25 57 -16 -100 109 -7 -98 -91 45 32 40 8 55 -17 -24 -128 20 -118 -105 79 87 64 -95 -99 -69 29 94 40 65 -80 60 92 23 15 47 57 -49 -45 -95 62 112 -106 -63 24 36 49 1 70 43 -98 -47 55 29 9 116 126 -23 -116 -110 -119 -122 17 -4 -26 98 39 -51 -8 -95 12 -40 63 80 -85 85 17 73 -55 -82 -120 58 59 118 106 16 59 3 -12 -49 -77 39 -106 -64 86 87 41 22 112 90 -12 -60 -34 -18 -98 96 78 127 -25 -84 -119 109 -78 78 33 43 -51 -42
-10 -90 94 44 -110 -111 -5 -51 32 69 -85 -17 25 24 -30 121 -19 99 -69 -88 -49 127 -114 -53 83 79 -6 -11 35 63 28 -59 71 -15 7 -84 48 -101 21 -28 -62 -4 52 114 50 -118 -46 -119 -45 88 -108 -41 123 44 9 57 121 105 115 -68 21 -61 -58 44 57 23 83 58 92 39 -119 -1 115 -106 108 -17 -92 -45 102 11 -97 8 -25 -77 -63 68 -64 -8 -19 -55 106 44 -32 -51 -18 27 -1 -100 -44 100 -123 112 69 26 24 -101 -66 27 -51 -116 103 -39 10 104 67 30 42 106 -26 21 74 124 -5 -9 -99 -29 113 62 -31 31 98 -112 -31 26 66 -117 -118 -84 110 105 -27 -46 110 10 59 -55 -28 -94 -91 -5 -72 -12 -17 -111 -64 -59 22 -61 47 112 72 -106 122 75 82 -58 55 87 28 -88 31 30 -52 -26 -69 -60 59 44 24 -96 25 96 107 -32 54 62 79 1 -6 12 -21 13 33 79 -57 -64 43 1 -2 -71 -62 113 -100 115 29 119 -74 -9 -18 92 -24 62 17 -3 17 11 125 -45 96 54 -45 74 12 27 68 -4 119 -56 12 -11 -58 71 22 68 79 94 -17 -80 34 79 89 125 84 25 -109 76 67 -92 91 -110 68 76 90 -102 39 -65 -61 31 -125 90 107 30 98 -10 43 -4 66 -37 -89 29 121 -6 -98 -58 -52 41 40 -92 90 -3 -79 -17 79 -77 13 -11 -3 -100 -22 47 -7 -76 42 116 7 53 -111 -15 -84 -110 -122 -30 -6 -111 28 -57 -12 -39 -82 -118 -125 58 -15 76 -58 -99 -5 -59 -75 -113 37 58 114 11 88 -15 74 -17 -106 -102 80 -3 74 68 87 -96 -111 39 43 27 34 45 -110 -111 -47 -110 -46 -84 42 -52 -85 48 -17 -18 13 121 117 32 114 104 119 32 39 30 109 -40 60 6 -72 23 -18 -107 67 -117 -83 -36 -84 -51 -83 87 57 -91 -101 74 -5 69 -69 -83 -124 96 -12 73 -28 51 -114 -28 6 78 127 104 -13 32 79 125 -32 -43 -104 84 -30 30 -32 80 31 -32 9 29 -82 71 -43 -5 53 -86 92 -83 99 86 -99 -126 47 -7 -118 -42 -19 -25 -65 54 46 -32 -69 -42 44 90 -99 -71 84 62 44 61 -118 -99 94 29 16 -11 -35 73 52 69 49 -60 121 62 -33 -36 -23 -70 -22 118 -123 -67 24 -9 102 63 52 90 121 -33 123 -35 90 81 -11 55 -67 7 -108 -65 10 12 -58 16 -73 35 0 -81 106 -80 75 -2 -38 120 8 -7 -32 120 -17 -75 79 121 -17 124
56 23 -6 20 28 -57 -33 -127 -122 -54 -50 82 -128 -61 51 108 -100 37 126 7 -27 60 49 -61 28 63 -61 39 33 27 -67 5 -17 114 -29 76 -18 74 101 53 88 -42 -78 14 10 33 -83 -109 -123 -3 76 109 -40 59 -104 -66 29 6 -76 -31 5 -90 105 -28 127 -110 58 -105 -110 44 -31 -55 12 -90 -49 77 -103 -50 70 4 72 85 -127 -34 94 24 19 -73 91 -62 52 34 67 55 43 -39 -66 -63 20 43 -13 -122 -83 92 98 -47 109 -75 108 -15 52 22 80 122 -19 -30 90 3 -114 1 124 -69 22 -12 -29 94 -8 -75 -114 42 100 24 -90 -52 -79 -65 39 -61 -47 18 96 -16 -9 111 -49 106 51 -103 -98 -69 125 -44 -40 50 -96 -36 -106 120 79 -55 -67 30 113 64 120 47 106 37 -56 53 8 53 73 -50 23 24 -123 11 123 75 -58 45 -20 64 22 -4 5 -52 -13 117 -64 101 -69 -92 66 -123 20 63 -42 -11 -8 67 -72 28 -114 -54 -1 111 -54 51 -93 55 -9 82 19 45 -75 -118 10 106 -107 -11 14 118 81 97 -90 88 22 -119 -44 -24 119 -89 29 -90 65 -124 62 119 120 -59 115 95 16 -8 -53 -40 -96 4 -36 74 6 -95 62 -1 -112 -111 7 97 -3 -27 -120 -60 -99 123 -121 -29 -47 87 63 -71 94 127 -59 -32 -120 41 7 27 49 -46 76 95 -39 -70 -92 37 -116 59 -119 11 90 -92 -5 22 -108 125 75 -74 95 -17 9 -97 19 98 99 -93 51 -36 73 23 -86 32 109 122 110 -18 50 8 58 -32 23 114 -40 -102 11 58 -9 105 103 -20 -88 92 -71 78 91 56 112 102 -103 83 -6 -121 -109 -65 48 -23 8 84 -102 -118 -69 -34 94 84 106 -123 -83 -87 9 -108 37 -38 -1 -3 27 -73 2 10 -42 107 -81 -43 6 14 -41 45 -48 72 58 97 -16 86 -125 -41 121 -73 109 -122 8 -89 107 88 28 99 -112 44 16 -91 -44 46 64 86 -19 -31 -8 100 -40 -32 114 38 46 92 -117 -24 -92 -2 94 21 75 45 16 44 -53 37 -32 112 117 -93 -91 -27 -74 -112 113 -102 -34 -126 114 113 108 -46 -19 -71 -6 6 -8 -98 113 -96 78 -112 -39 -121 -12 24 78 53 22 112 67 15 -6 54 -115 -89 47 107 27 98 -25 103 40 -54 63 118 4 2 34 -63 53 10 -107 100 86 -55 -28 -118 -32 6 -116 -105 -31 117 85 -31 54 43 73 -29 59 -34 79 99 -23 -24 -50 -88 -124 77 -33 -2
58 95 -68 -111 -52 -76 76 64 -103 -28 54 103 -52 -112 4 -125 46 22 27 56 -89 -116 127 97 15 93 127 -98 124 3 86 -74 -5 120 60 68 -10 18 90 -57 28 -37 87 22 1 -69 -62 -65 -18 28 -100 31 -102 -126 -80 -80 107 -128 45 48 -83 -1 88 42 -23 -63 116 -108 -46 -116 -100 126 -111 38 15 64 -95 87 9 116 -75 -104 -55 -11 -19 -34 123 96 29 60 54 98 -97 -39 99 21 -3 -25 18 107 70 127 57 6 -86 -114 56 121 81 -111 -58 -38 -64 84 71 32 -10 33 -93 119 125 -90 -75 5 96 122 5 104 46 -72 116 61 8 -26 -106 -93 -104 93 84 91 68 -5 -24 113 -123 -94 97 -73 117 -81 -94 86 -120 21 117 39 -5 -68 -5 84 -58 23 50 -22 -35 118 -14 119 -102 116 -35 70 39 -17 111 55 -40 -93 8 30 -88 -112 92 10 59 71 117 9 19 -103 123 61 98 -126 22 -69 12 -90 -22 56 -87 -117 106 16 -32 -83 60 99 109 54 -18 -33 43 19 121 31 20 19 16 91 45 126 63 -21 -13 -61 68 -21 51 31 -4 63 -54 -42 18 -41 21 -26 -8 90 117 113 96 20 -106 51 33 -116 37 -15 9 78 108 -46 120 105 -7 94 -72 -32 -42 -103 122 -52 103 79 -38 6 -62 -7 24 88 109 -55 -53 -75 78 -93 -82 -68 92 -128 21 101 46 92 -104 116 -25 -103 -106 -106 -31 50 37 7 22 66 57 40 -77 74 24 -119 -86 -14 -108 -94 56 96 -121 123 28 -99 -110 -103 87 66 28 122 -97 -6 -90 50 47 117 -67 54 -79 112 31 -20 -28 -43 -97 -21 -109 -41 -122 45 -2 95 -34 36 -73 18 -82 124 -105 -13 53 65 -106 32 -14 -5 -59 -69 42 30 -44 -109 114 120 24 116 67 -60 124 -85 -33 8 -12 51 8 1 -117 124 -1 -46 111 -58 37 -99 -126 123 -22 47 -114 89 95 107 58 61 -79 96 89 -16 4 15 73 -109 116 -76 127 45 -49 64 -99 120 99 19 -86 -45 117 80 -8 -28 -121 -15 -29 -2 70 100 35 8 41 -59 49 33 -48 -86 -5 58 48 78 -17 43 23 95 126 -101 -88 -104 -89 34 -85 -104 88 57 5 27 39 114 -73 -34 -16 -66 52 85 -104 -15 26 48 63 -65 45 -106 58 -81 -102 -50 -77 -49 29 54 15 3 -71 70 -111 83 -116 -106 79 9 74 -91 45 -63 104 112 14 -76 48 -40 -37 -40 2 -17 -63 -6 114 9 -118 105 -117 93 126 69 -1 34
-69 -59 -15 -89 21 -55 -47 117 -94 20 52 -7 37 27 71 -47 -115 -40 -62 27 28 3 111 -53 126 103 12 -50 48 66 -120 96 42 -33 86 -104 106 -43 49 -88 81 112 118 -99 86 -4 105 -117 -43 88 -87 -29 -60 105 -56 95 -16 -31 -16 -22 7 125 127 -6 87 -77 -37 32 15 47 -57 -87 -29 113 -83 6 79 96 103 113 -115 -112 115 58 -62 -4 -33 81 -9 -126 1 -94 -126 -52 69 127 64 93 18 41 -78 8 51 -127 105 -62 101 4 -2 98 -85 85 -62 -39 -1 86 -109 74 -33 12 -91 28 92 -36 -87 39 -72 38 -25 2 100 -106 -1 -33 -123 -28 -30 -78 15 -46 45 8 -40 77 28 97 -92 -11 20 -42 -41 127 9 17 119 -27 -32 17 -108 -93 100 37 -80 56 -17 -56 72 -47 -89 -37 -113 -24 -80 -71 -104 -68 106 -111 -75 50 124 -11 103 35 -82 -72 -25 116 -117 62 115 109 36 -3 -50 -118 -21 114 -12 -31 -81 15 41 -89 118 81 -70 -97 -92 77 48 30 -116 116 -75 66 83 -109 21 13 30 -21 35 -39 -35 -90 -77 122 -77 124 115 11 107 -42 123 77 -55 -41 45 -78 61 79 -121 -86 118 21 -30 -80 31 -73 0 115 94 58 87 -74 127 -24 -35 -84 -87 -120 -117 -11 -57 -45 47 114 -43 118 32 101 59 -122 43 -50 -88 -81 66 -103 -18 5 -5 -44 64 3 72 -66 31 117 61 104 8 45 -24 55 -30 35 101 -55 38 83 -40 -18 -121 -17 -118 -41 90 -111 -93 -95 116 22 -114 105 5 -123 75 78 14 118 -88 -81 65 70 -61 -61 -43 -28 88 -28 19 59 -71 -64 -1 -19 119 -37 -16 -14 96 96 124 119 -3 55 104 -118 74 40 -15 -27 -74 11 -31 81 -57 -125 117 67 38 93 93 -94 -20 -61 58 -113 -80 -4 6 -51 42 -76 25 90 -64 -112 21 78 64 -99 -19 -16 122 110 -45 -69 -95 44 91 -82 16 111 -66 84 55 -118 106 51 -125 124 -1 -56 60 -128 60 -128 -51 3 2 -87 -100 -4 59 -62 122 103 22 -7 -56 -40 -9 118 -71 28 -82 -83 -52 -115 69 -103 59 -1 54 111 7 5 88 33 53 7 17 -19 -28 92 -99 -22 115 78 83 53 51 -52 -18 -53 58 101 102 73 -31 108 -24 -102 -79 -80 -87 -126 39 61 -77 111 -91 -12 -116 36 -105 -25 -67 -79 -2 -40 86 5 -106 -54 -23 34 -46 -45 73 107 47 49 -90 -32 37 -103 49 66 20 116 101 -103 41 38 23 93 -48 80
99 51 87 -44 -107 -78 -3 -23 -6 -122 -104 -5 -30 -74 20 118 114 -124 -68 51 4 124 -40 -56 -127 51 -106 -58 62 -71 -109 86 111 25 15 116 126 8 0 59 5 -59 15 -89 -128 16 92 -75 14 77 -30 -41 -35 27 127 -105 115 37 120 64 -89 -81 -20 62 -107 -29 -122 27 -26 -103 115 68 -85 60 -45 23 -76 -42 34 -110 -36 -30 -68 39 -30 -92 119 -93 45 14 22 127 103 -1 22 -127 42 -106 93 -43 -16 80 -43 64 -127 -35 90 -124 89 -24 19 -62 36 -60 91 72 -20 -95 122 -7 -68 87 57 -70 -33 -59 80 -27 -56 -39 -110 -12 17 5 2 -30 0 -97 -68 86 -20 -46 31 -41 -100 39 112 -42 -12 90 -44 -3 85 -27 -1 -28 58 -50 -122 103 -31 1 -1 -45 76 2 99 84 -107 -36 19 -22 22 -37 73 91 3 -2 -120 44 18 -41 84 -50 52 -85 44 111 -114 -103 -47 -15 -74 41 -98 6 103 -1 -29 12 92 -112 -50 -94 -29 -28 -62 12 -4 -124 -21 -96 -109 -42 -92 -99 1 33 -23 68 -17 -64 -35 -55 -48 -11 -99 -124 127 -110 86 -80 98 -123 7 21 -11 -12 -59 -16 -49 -45 64 18 78 13 17 72 63 -37 8 64 30 -115 -78 108 -55 97 45 68 50 -57 83 79 75 -30 27 19 -126 40 -8 -31 -101 17 -91 34 42 -61 -37 -15 126 67 -124 -40 -57 3 75 -113 121 43 96 -94 31 -2 -9 84 -122 -124 -19 -29 1 -55 -108 -106 -36 -125 57 60 77 -24 -70 76 -101 -87 7 -58 -75 29 83 -34 119 -64 114 109 -52 -120 -105 61 -49 -127 93 -118 28 117 25 35 -71 36 -46 1 110 -37 -91 -47 -42 -44 -119 2 -31 57 79 -124 -67 -43 94 -92 -123 -121 72 113 -123 24 17 -61 -17 88 80 -6 108 -118 -99 -120 -26 57 -70 -1 16 -91 120 79 46 37 110 55 -45 -55 -123 58 -42 110 -126 -90 50 -67 28 89 11 89 -11 -38 -76 125 109 -53 -73 -112 48 -69 81 23 49 1 -28 -7 -35 56 -45 7 -100 92 82 -82 87 -75 77 -31 79 -52 -113 45 -54 59 -69 -19 -1 -18 75 -127 -50 -22 10 104 6 97 64 42 -120 -31 105 95 -94 46 21 97 120 -122 25 -117 -14 -94 50 67 68 -11 90 -28 106 -57 -27 36 -24 101 -13 -100 34 -77 39 59 -117 29 82 30 -73 21 -76 73 69 -81 -30 80 126 -120 29 73 -128 -35 -45 0 76 -126 -74 88 -7 -128 14 117 -42 -63 72 -70 32 6
15 29 -46 112 -104 -6 -63 -103 102 -21 23 -21 -12 -27 60 110 -23 -31 92 -72 -51 19 -121 -58 57 80 41 -128 100 58 98 52 89 45 -48 -56 75 87 -97 73 63 35 -64 -88 -52 115 43 40 -15 41 78 -29 93 99 -28 -6 -66 119 -8 125 -105 31 -78 123 -31 -53 123 -86 8 -11 84 77 98 98 -71 58 -33 -126 -113 54 89 -55 96 -35 -22 80 -5 -110 100 107 -30 55 -117 -32 68 72 -81 -93 73 83 81 109 -90 27 -97 15 -63 -121 85 -30 23 22 -47 110 -53 -117 -90 100 -104 -45 -97 20 23 40 20 -118 43 -70 -105 -106 -67 -53 5 99 -21 3 103 -34 -62 -114 -20 -125 47 21 124 -18 -68 -102 -80 108 -98 -19 72 49 -100 30 -102 -48 22 48 27 -50 -85 -17 -126 35 -109 80 72 27 119 -83 77 106 109 38 34 71 4 42 82 -23 87 103 52 109 36 94 -57 -24 -16 -93 122 -108 -21 89 -90 -76 -3 3 -81 28 126 23 -59 -46 -31 -25 58 58 68 -6 79 -63 -9 -11 -94 -106 -74 49 -69 122 79 4 -126 17 -69 71 53 -97 123 -65 88 35 59 -117 -126 -82 -112 -27 32 43 -79 -62 -127 108 -128 -92 -88 106 111 14 58 61 86 126 -105 75 8 -14 -98 -19 -31 9 1 -45 69 -121 -108 43 66 -22 -70 -60 42 55 56 108 -114 -38 111 33 -128 -77 -122 -52 -127 15 115 44 -5 72 96 48 76 -65 -102 -29 82 -127 -29 103 -62 -10 101 -121 100 -70 -35 -106 -10 -3 -91 -81 25 -89 -21 37 110 105 -12 -10 121 64 -35 10 -78 115 -58 -74 -15 42 -35 21 125 -90 125 -83 73 16 -90 6 -79 19 107 57 -109 -127 -26 -40 86 2 -19 -47 -108 21 8 85 94 36 -124 2 -106 -44 72 33 -96 -128 -104 122 61 -52 64 -92 -40 -99 83 85 -69 116 -36 -116 -63 45 41 48 -104 90 -90 50 127 75 -75 84 63 -12 34 -107 8 19 -80 1 -64 -91 -95 54 107 112 67 35 -124 -128 77 -75 15 89 -18 54 100 45 -77 -114 61 -114 65 -5 -9 2 63 101 35 125 -62 38 -76 112 116 -93 67 -61 -25 -23 -114 98 18 7 -65 82 -119 -32 -14 78 -116 92 29 -5 -120 61 -20 -23 60 -43 -7 12 -57 21 21 -25 22 -46 24 81 -82 -29 49 -15 63 -21 81 102 -82 -90 -19 109 88 107 -56 -101 41 99 35 -66 -38 -18 113 -32 -43 126 99 -88 -94 24 79 108 -111 120 -54 13 -115 -119 48 8
122 90 77 44 116 85 64 24 14 37 -102 -70 88 48 -76 -117 88 -8 -67 -54 -79 16 105 5 -46 21 -104 98 35 73 13 -78 94 -122 19 63 -83 59 123 86 -17 -66 24 -95 -89 -108 121 -95 30 -12 101 63 -104 -23 -75 39 86 -75 -26 -33 -106 28 8 -79 -86 0 56 31 92 108 58 36 64 46 -92 69 120 -83 25 126 -120 -100 126 33 -65 14 -77 119 115 -88 11 -51 112 33 102 -88 27 101 -19 -3 -98 28 -118 -70 -107 9 -97 12 -105 44 -2 74 -78 -83 55 -6 104 120 121 -23 45 4 124 117 84 -67 37 56 37 17 60 121 50 50 98 -116 -20 -14 0 -49 23 93 0 73 99 31 55 34 -117 -42 -9 16 -83 -125 -60 98 82 1 49 71 19 -116 46 -113 53 -105 97 57 22 -35 75 34 -56 -61 -21 79 124 -105 -57 109 57 82 67 -52 -89 -94 107 -50 83 113 -36 -33 -89 -114 113 119 51 94 -25 27 23 -33 -52 -110 32 -32 65 -80 114 18 -115 2 -3 2 84 -79 8 98 34 98 -81 -81 -116 -19 42 115 -16 -116 -6 -31 84 -19 67 -91 49 -119 -111 -38 -71 -27 -42 115 -112 -39 79 -74 117 48 1 85 9 -3 74 82 13 122 39 32 71 -30 -19 55 60 17 43 -45 36 -28 7 -12 113 73 34 -54 -116 123 1 -107 40 92 66 -77 52 66 -82 -71 76 -123 -55 -109 41 -20 64 9 -99 122 64 -94 10 57 25 -88 -1 100 -47 -128 -45 -82 53 -81 37 -27 -19 78 75 -34 -31 67 -38 108 119 76 48 -118 100 13 -120 64 -126 78 85 -61 34 92 47 -100 -7 -49 100 63 -21 -71 98 -4 -45 -55 -14 35 51 -63 26 59 16 33 48 -41 86 84 -62 93 -79 -64 -40 -40 96 -21 -69 93 -120 -31 81 13 -126 10 -96 47 3 65 -118 -117 62 58 31 35 26 -36 8 121 92 53 91 106 56 -112 -85 101 -32 -69 58 98 -120 19 -49 55 -30 0 -37 -8 20 4 -61 117 4 126 12 -72 78 -20 18 79 -128 -3 -114 -49 -4 30 109 -104 -102 90 -55 -73 -6 85 67 -121 36 123 -78 -76 -35 -85 118 -61 -103 103 48 30 -57 59 77 -44 -23 -49 71 -64 -38 -68 -48 47 -77 -56 -20 -16 2 74 -52 -46 29 -76 -11 -23 75 75 -79 -10 -47 28 -99 65 -84 -36 -113 89 -102 99 0 -23 -56 -11 -86 63 9 -60 -50 -89 -89 48 111 123 98 -8 -42 32 119 -74 69 -94 0 -70 26 -10
-18 -36 -31 57 -34 -94 65 78 105 30 112 -112 49 -36 -43 111 117 95 -70 113 -54 -47 13 -128 -4 -7 -62 114 -117 -20 -80 22 55 -33 100 75 -88 111 80 -41 32 53 54 -96 43 14 -74 111 -44 -57 12 -109 -113 -9 100 69 -19 111 -66 124 75 -54 32 56 64 112 30 118 -126 -96 -103 -102 -46 -2 -83 -4 36 114 -55 47 -14 71 15 115 28 99 62 126 78 -8 -31 102 -89 84 115 62 -73 -44 -119 49 -40 107 -94 -123 6 46 17 1 79 101 64 40 29 -44 17 -29 69 -66 -5 4 124 64 110 117 86 8 -44 20 110 -62 82 127 -3 -12 -25 -88 -3 60 66 -23 126 62 -113 -119 -44 -53 98 80 44 -68 -120 -90 21 40 -115 85 -102 -31 60 55 -29 56 -7 103 19 -1 -87 89 -59 95 -41 67 -109 -2 54 119 -25 62 61 -36 -93 -36 -71 -88 -124 31 69 115 -86 106 -51 65 57 -5 -47 -3 -103 9 -8 38 81 -106 16 -91 -100 87 51 1 -26 -30 28 -13 124 72 26 -27 120 86 -36 -61 18 8 15 92 -100 112 17 -97 -67 -47 -52 -62 -80 16 -71 -15 117 6 -83 -42 56 3 -91 20 -113 67 -101 -69 107 67 -31 -48 99 80 -48 -71 -94 -60 -9 -60 117 105 70 -123 31 -107 42 -100 -57 28 39 25 -49 95 -86 94 -115 58 -54 -112 -17 105 -93 17 72 22 53 -63 2 107 5 -22 -23 100 51 64 43 81 -50 -81 55 -99 -7 122 102 -120 -61 49 -95 50 25 -115 -32 -85 41 -82 116 -47 44 41 -2 -61 118 79 34 -31 -15 2 89 -118 45 12 -100 85 37 41 -73 10 -59 124 49 -44 10 4 -93 44 65 -113 -82 89 -72 120 -118 23 -1 121 -48 -76 23 -90 -37 27 -111 -59 52 -123 -62 -102 -45 112 49 115 101 66 -6 -57 -70 -72 -65 -25 -5 -28 97 -8 -103 126 -42 9 -94 -41 -49 105 75 -5 57 116 -60 98 -37 54 55 -42 102 17 -47 -35 13 14 67 -91 -112 -97 125 -45 -45 11 -34 -97 38 46 -68 -21 -52 24 31 41 -32 20 88 -122 109 -4 77 -71 -33 -83 -48 -96 109 -105 38 -52 27 -67 -85 -116 111 66 -50 -51 99 -34 76 -104 39 -102 -71 -111 74 -65 -2 -87 -65 -111 -115 -30 14 69 -88 -104 -2 -102 -86 -75 -30 -74 -62 100 -43 74 -82 77 77 80 -50 71 120 -3 -125 -71 -123 -61 -110 -62 -82 -117 14 -95 67 -39 118 20 40 -116 -15 -77 -122 52 -10 -69 72 16
54 43 -109 86 10 58 -120 -126 81 125 121 106 -48 126 -128 -74 -65 -87 100 103 -47 120 88 -42 -40 29 -102 6 55 95 63 78 -104 -117 -77 61 -40 -107 -65 109 -102 -59 -96 93 33 -2 -114 -33 67 -122 49 -64 106 -34 -21 116 104 -42 114 -122 21 -117 50 23 -33 -98 63 -31 69 55 111 -101 58 76 34 119 117 -117 97 -111 105 46 9 11 -39 106 -57 -32 56 10 -39 119 -125 -27 -4 17 96 32 25 -28 -29 -24 -50 3 -9 -13 8 -73 -63 -82 -34 -50 -66 -82 -92 -4 -41 8 76 -90 -120 -8 -60 -3 51 -79 -89 88 -71 1 -121 -45 111 3 53 -56 26 59 127 -3 17 -74 63 43 59 -17 66 -19 0 -109 9 18 42 -103 44 -91 -93 -44 31 -103 -33 109 55 48 21 -35 52 -65 54 78 74 85 3 -7 -32 -99 13 -118 -52 -81 -66 38 8 95 87 -99 35 121 33 43 -70 -43 -68 -50 -107 95 -118 58 -121 -89 33 -127 -118 -127 81 92 49 -113 -6 112 107 -108 52 47 -36 -67 -97 4 69 -27 -45 4 -59 108 85 -9 -27 -112 19 -13 -61 98 7 -100 -46 0 -19 89 70 101 26 -73 -45 -106 -74 -106 -13 -69 -79 -93 -27 25 -104 -78 109 -102 8 47 51 110 -16 59 -28 -98 106 -9 59 114 -10 110 97 -18 121 -74 64 24 -3 -93 52 -99 87 -10 76 -27 9 -38 -36 -87 -127 6 -73 -103 -56 67 -126 103 -42 27 -105 105 38 -106 -83 -84 42 -39 121 50 81 -30 101 18 -51 -83 -122 -17 117 10 -50 -11 -21 -97 52 3 -9 -61 -87 -25 -55 7 121 58 -35 71 47 117 27 -44 125 126 12 62 36 -105 92 -10 32 41 -59 -101 -117 -33 -12 -117 55 -84 -4 52 53 4 95 -127 -98 -118 -114 53 -102 -2 -27 36 -21 118 82 -123 -122 -50 126 124 -16 -74 97 -26 77 -74 53 -99 64 -76 61 -3 -39 -111 50 105 -35 0 -113 74 84 86 -58 -17 -14 -119 105 -48 11 90 -72 -5 -120 -16 -104 -44 55 -57 -73 24 -121 -40 -50 -57 -33 112 -37 100 118 50 -49 45 -127 34 -81 12 94 -31 50 114 -71 36 -14 73 40 109 36 61 74 -42 -13 32 23 66 17 -67 22 -50 -125 8 -9 -127 -11 41 22 -28 63 14 -12 -61 43 38 -125 50 -110 -33 -52 -120 -38 -11 10 98 117 29 -113 -36 46 102 6 37 -35 65 39 -32 -25 36 -117 -43 -55 -70 -54 -81 100 -85 69 -105 100 121 16 -105 -115 78 -49 -88
118 55 -40 -127 38 79 89 -25 -74 77 -86 88 -42 -36 -8 117 110 -113 65 -64 -89 -61 21 -100 -82 -82 -7 45 76 65 -92 59 98 -123 38 -84 -36 84 -111 -82 20 -74 -114 4 76 -83 60 37 84 88 112 -41 -73 53 81 123 -58 -41 -74 74 14 -116 66 -97 57 77 75 46 -94 64 82 43 -20 49 -71 50 23 -9 33 17 33 -60 100 -35 47 -109 -76 55 -34 68 126 -109 -33 18 115 -127 38 -24 -112 -113 40 -80 -28 57 87 54 11 114 96 -15 94 52 -61 -102 44 42 22 -85 -128 73 24 -89 -105 45 4 87 92 -3 44 78 53 -55 -104 -40 23 -57 -77 -74 39 -78 -127 -63 -114 55 -60 -11 -65 104 29 36 -34 -91 16 -71 51 -36 -54 -5 82 -33 124 53 127 109 95 -100 89 97 36 -79 107 83 -69 -65 -47 -50 85 82 -33 16 -42 -39 91 12 64 127 -102 12 -105 105 -49 119 87 -11 59 17 97 100 -11 45 102 19 12 -30 74 103 47 79 -42 -12 -89 33 47 -117 -69 -33 54 38 -99 117 -35 103 96 -52 57 -40 72 -127 122 -101 -36 105 90 -44 -14 69 47 -71 -101 42 -33 -8 38 -21 29 -13 -128 -114 -35 -100 -71 1 36 -46 125 112 -90 -21 -75 70 89 -36 -14 -28 -107 -117 -93 35 32 106 39 -25 49 54 -126 -101 -14 109 29 -103 -118 107 -4 97 -51 90 54 -109 -52 89 -78 -90 100 -33 -34 -125 -20 37 101 29 10 -87 -64 -104 -59 76 21 -42 93 108 48 44 39 126 -57 -66 41 53 -42 -33 -40 -61 63 -84 -14 -54 22 18 10 73 90 -4 -50 -70 -23 -86 52 7 118 112 -28 -23 57 15 -95 7 10 63 102 70 -46 -32 120 33 45 -37 -20 70 -7 -32 104 102 58 -7 9 -105 62 -68 43 58 -70 24 107 95 -81 0 53 127 -51 -61 -31 -40 -90 -74 -100 -71 -46 -98 -33 -56 -118 -102 -128 -114 44 31 116 56 -71 -38 -108 -23 46 91 24 92 -46 84 -25 27 -20 -50 122 -64 -103 -124 73 -86 -37 3 -110 114 -127 -58 -87 73 -104 -89 -54 54 -121 -91 -52 -62 110 71 6 12 35 79 -65 57 -31 124 -101 21 -104 16 -58 -102 8 -51 88 -65 -55 93 55 -33 -1 -45 -125 78 -114 82 -81 -22 97 -102 -92 92 -57 -102 64 -72 33 109 15 29 85 -66 53 -54 76 -40 71 41 112 34 -36 74 92 -80 4 -63 100 94 64 16 -14 96 -104 39 -36 16 71 -81 -60 -1 20 -30 118 78
89 -6 -123 108 -114 57 -24 -16 100 -55 23 -111 -82 4 -15 34 -106 -121 -117 25 49 83 117 -124 -24 72 111 -104 -42 23 49 50 -106 -6 6 14 -34 -13 42 -15 -15 28 30 74 -22 -103 -92 27 69 -2 -103 72 -5 24 3 -24 -102 -27 64 102 98 -73 90 10 103 61 64 30 -78 58 -120 -99 -127 -104 -41 117 28 33 104 -122 25 -48 69 -2 41 -114 106 -57 92 97 76 30 122 -54 -75 -126 98 -100 22 111 94 -6 -110 -102 -24 27 -95 -111 -52 -18 -5 -69 -103 -58 65 -45 60 88 -108 -14 50 33 -45 40 -126 -59 -40 15 -24 69 1 -114 -119 -54 -73 80 75 26 -70 86 -128 -26 -128 22 -69 -117 -48 -58 -79 38 62 -31 14 30 -107 -124 -111 -76 124 -17 -62 108 27 57 -114 106 92 121 -62 104 -44 34 47 49 2 -72 71 126 -128 90 31 73 121 -100 89 -26 82 -27 -101 -103 -106 89 -58 90 -23 111 -77 15 -80 -93 -57 -20 -111 -98 53 -3 31 -23 -117 88 82 29 -78 -89 -8 87 -28 2 -66 55 -123 -108 -39 -15 73 111 75 -62 -82 76 -118 -93 113 90 -2 64 66 102 -117 -79 -103 -57 122 -73 2 41 70 7 -25 -16 -15 -13 -87 -24 -87 -16 65 72 62 23 99 -34 -128 -3 -13 54 24 -112 10 -109 -101 -91 96 -11 60 -25 -54 1 69 -26 -71 46 27 34 -101 -21 -42 -114 67 94 -54 76 84 -63 -69 60 -59 63 -52 -10 100 -103 -110 -47 -120 -21 31 -63 -103 118 91 84 117 90 72 -52 85 -128 -76 -24 63 -110 -29 -52 116 111 -83 -89 -5 0 108 -71 79 12 -26 88 -89 -108 78 96 80 79 13 1 -71 121 -38 108 -116 -34 -83 -71 27 -59 97 74 37 35 34 -72 62 -92 -103 -11 90 -124 53 -106 -15 20 46 18 18 -54 38 83 93 -41 -90 -27 -87 -73 -65 -19 61 35 126 1 -23 69 16 -122 88 -61 89 -78 68 95 119 -123 -21 -33 -16 -57 89 -77 0 -105 -63 14 27 59 94 -5 -123 -41 50 70 18 59 -30 -91 -31 -121 -25 41 -89 -121 -72 40 -112 -25 123 -128 -93 -74 -70 26 -103 -123 -101 -71 -3 11 -108 45 -27 -86 -91 96 38 -12 61 -33 -91 -88 50 -92 1 -67 76 -90 -24 -1 65 48 -118 120 -33 -104 73 41 -73 -106 54 72 87 87 10 55 -78 89 13 47 72 -36 -46 -66 -94 -36 -78 -72 -38 -74 32 18 8 -27 3 -105 -118 49 78 -111 -122 30 -59 -91 32 -127 85 -110
-61 71 -79 10 69 -41 -111 122 113 -69 -102 -73 -70 -69 -74 -99 36 -90 19 -11 41 78 68 -74 34 -97 98 -51 89 127 117 -3 117 -102 -67 -3 93 124 -11 -36 33 -56 116 -93 108 -16 6 -75 -68 80 -82 0 79 -61 -40 33 -55 -92 43 -120 108 -32 39 95 -85 -62 31 -88 -57 -16 -29 78 32 32 -34 96 -26 33 -30 27 115 -102 42 19 16 -20 97 102 -36 73 -21 -88 36 2 -27 -124 -45 62 38 31 115 59 85 -55 -34 70 125 -80 97 74 -54 -81 -79 35 21 -4 -59 -120 -47 -50 -66 89 -18 -28 -69 -6 -103 -78 98 12 -5 -13 57 32 35 -65 -82 69 -3 -39 -36 -109 -59 -96 -56 116 18 -55 -3 124 32 -100 5 -38 -59 -14 -87 -62 104 -34 -63 14 -32 109 50 -89 64 125 -10 44 89 -93 -91 64 -98 -41 -43 112 -28 124 -41 86 -105 29 70 69 126 84 -11 -34 -31 95 -46 44 -103 -123 -4 119 47 70 81 59 -68 74 7 -58 -5 -2 85 -121 -41 -31 15 -3 -66 -125 -113 -49 23 -65 -98 69 -22 100 1 -102 -11 115 75 50 -19 1 -65 -125 -76 -37 25 75 20 -58 76 75 11 -109 66 86 12 105 80 91 -34 46 -15 -67 -66 -92 -63 -50 48 -96 -74 -36 12 113 -24 -45 57 -14 -109 103 -73 51 -36 108 -89 106 -5 18 -122 -96 -61 29 -54 -26 52 4 -42 74 77 -26 22 62 113 -126 20 -77 101 10 1 -38 -36 39 35 -84 -75 79 112 -115 -1 -97 -13 69 77 108 118 -64 1 0 -48 -28 -70 85 61 -107 -47 -71 -22 -40 110 -58 -56 -113 -5 -21 102 74 23 -121 -64 121 -27 -62 -95 -19 -26 8 -60 49 105 98 90 52 96 -70 -82 12 2 -88 33 -32 -117 58 -47 90 2 37 -38 107 109 -92 -70 4 -110 104 -118 -75 105 -89 75 -117 -27 -126 -95 -101 8 -109 47 -60 -98 65 -96 -92 -99 -53 -47 -29 -84 123 40 -22 65 -5 36 -128 66 -76 -12 -105 47 -73 -87 -21 98 -32 72 -109 109 116 115 111 -32 52 99 -114 121 -120 -93 85 28 79 -5 -10 71 -74 112 -86 80 122 -97 36 76 -33 121 119 4 -29 69 -24 44 -26 102 20 111 -11 85 -109 89 48 -95 -55 -116 50 111 -115 87 118 -110 3 90 -67 123 -104 -44 -120 -44 -81 45 74 -96 59 75 -37 37 112 100 15 74 -97 -17 -31 -45 37 -101 -61 11 116 -84 -11 -104 59 -5 101 0 -75 103 -22 37 -52 -119 -25 -107 -6
-2 -48 -87 -19 -3 1 22 49 114 81 58 29 100 -99 -92 37 18 85 -92 52 20 59 -58 -127 -121 -60 37 89 38 115 -66 -50 -128 48 43 80 -11 -78 44 11 14 -114 -88 23 20 -11 26 73 1 -99 -8 48 -21 -102 -37 -34 -55 -65 -113 -96 -106 -17 -68 95 -31 120 -98 -86 35 -109 -71 -1 -105 79 15 -90 -38 -117 -7 -91 -51 41 -117 -101 -83 69 -45 48 42 -87 -54 -6 -1 90 -7 -84 -117 104 -31 -108 -126 -28 35 91 -62 -54 -60 26 117 44 -120 -52 -93 -63 -14 33 39 -71 -95 -16 -11 -101 -1 -112 -106 -76 108 -5 -43 -120 -92 -126 -113 96 108 53 -65 -81 -83 62 62 -109 74 66 -76 -40 -61 96 -1 -14 101 -86 53 -104 -123 72 41 -51 97 13 86 -29 87 -126 -113 -6 -73 94 127 65 -90 58 29 -118 96 -82 -92 76 95 100 100 88 79 96 -39 -94 -72 -59 -81 34 12 17 -88 -35 -43 56 28 -29 69 -100 -59 79 37 -94 -57 -31 121 -98 -36 -70 29 26 86 60 -118 71 -97 -68 30 -83 -92 -22 102 70 104 -3 -17 26 83 85 71 -57 -128 -28 -22 121 82 -97 36 -4 -7 59 -75 -79 -119 -11 -15 84 -88 -18 -94 85 -79 -122 -94 -38 4 -99 -42 -95 93 64 -71 103 109 97 87 79 76 27 27 -30 -97 -11 51 -126 -117 98 -128 -61 -32 -68 64 61 -24 -85 123 125 76 86 -39 -83 -88 -121 -105 -50 34 61 24 48 -93 96 1 -80 22 23 -101 71 94 10 -5 47 -4 -68 87 -89 -116 123 80 100 -108 81 37 -97 -64 -49 -57 -54 46 123 101 -70 1 -36 -82 91 -2 -106 92 -43 21 -78 104 -102 -107 -17 30 -88 108 -101 -119 -117 56 -108 -98 49 -79 -41 118 -15 1 -31 -83 81 -117 -38 104 -101 59 -52 46 -105 -59 -3 82 -89 -55 -119 -46 -18 -30 -4 91 -1 -92 -59 -7 57 85 -118 -36 -79 -87 27 95 -41 51 -94 122 -121 -8 -119 -78 -25 124 93 -35 94 37 -50 -33 -126 5 -4 105 25 -125 104 104 -34 26 -113 -28 51 113 -7 -82 119 -8 -42 -63 -118 -72 70 116 -28 -100 10 5 -85 -65 -36 55 58 -92 34 -108 35 -43 70 96 38 -122 -3 -57 -85 45 -69 92 -80 -128 21 -53 5 30 -93 36 67 104 8 51 -71 -62 -111 -120 99 43 83 6 -107 -35 122 105 63 -13 -23 -4 36 -88 -88 86 123 27 -81 16 110 -95 -85 -74 -31 -107 -5 75 85 -63 2 1 -91 28 -45 -22 -75
-81 -125 75 64 -19 100 89 -6 65 -104 127 -56 -113 14 56 -49 66 20 95 -53 -41 -10 86 -16 33 22 40 -44 -11 8 71 -81 121 -99 -126 -64 123 -69 69 -26 -106 -61 16 31 -1 10 -89 -99 -59 -32 -26 -3 81 -16 -8 16 -35 119 -98 -95 72 -117 -66 -98 49 119 122 -50 -115 9 -90 21 -16 30 -25 -54 -121 -61 52 -55 63 73 76 -72 -70 -34 68 -87 -83 23 -81 -126 -111 -94 72 17 11 4 -65 -53 -48 31 -7 1 80 -27 125 45 125 -126 124 -40 -111 27 -20 106 107 -101 -121 -110 -82 -8 42 120 -124 14 125 37 -89 -111 26 -45 0 -4 -108 30 -83 30 -82 -97 -98 9 96 14 88 -53 0 -51 78 -75 -33 105 -60 -76 -91 5 111 91 70 -24 -17 -109 -39 -53 70 112 -12 -110 2 -114 -89 -2 -83 97 15 17 4 -93 -74 -74 -85 -101 -88 -92 -28 31 3 -114 46 -80 -63 24 123 44 123 14 114 -111 -36 -103 67 -11 -88 -118 -117 -80 60 -68 92 -32 47 -39 -105 123 -124 89 63 -115 -111 67 53 -83 -40 88 -61 -61 -20 101 117 -31 -119 -13 -18 -80 55 34 -116 36 71 -12 -116 -50 -12 127 -12 -50 21 77 -7 -70 34 -18 -37 -27 111 94 -55 25 -94 -49 -109 82 52 47 30 13 -22 -106 -19 -19 -118 70 19 -33 -98 69 -65 -4 -25 68 109 -17 87 -8 96 -30 15 72 -45 -47 -37 -91 -87 -100 4 -106 31 -62 111 -23 -112 -8 -36 -42 -116 -105 -46 -46 -40 11 -92 -8 -18 -28 13 44 -43 -89 -88 -99 75 73 -45 -30 -102 112 55 52 8 -76 47 11 -85 -50 -23 89 -15 -10 23 115 -58 -7 122 48 -69 -91 96 61 2 -63 9 31 45 -127 118 -71 38 71 31 80 81 -66 -83 -87 -88 97 -62 -69 -41 123 64 124 -15 -60 -29 43 52 61 -119 93 100 116 -13 113 -73 119 94 74 -47 -93 127 -33 46 -6 -90 126 43 54 61 -34 -20 -23 -92 -105 -10 -47 80 65 88 74 -60 -106 -35 -30 -93 109 -44 115 -48 -110 -7 1 -2 -40 25 58 9 80 -59 -2 100 -56 -65 -22 77 98 -106 -46 -15 113 -90 -11 55 -119 21 66 23 41 -100 16 -39 62 35 27 86 54 -73 104 -68 22 -14 56 124 -20 10 112 19 92 -89 25 63 63 -55 70 3 75 45 97 70 79 35 -37 118 -125 110 31 -114 -29 -118 109 126 -121 -102 64 -69 -120 25 117 -48 -29 -73 22 76 117 -48 101 67 68 -41 81 98 40
-39 -126 114 91 121 -125 33 36 -53 64 87 -90 -5 -19 -84 79 32 37 127 71 40 114 -108 -104 81 16 32 26 75 -39 40 -120 -67 -88 -111 -41 58 107 67 -86 -67 74 -99 118 -44 26 54 48 73 48 -109 -18 34 49 -64 37 -125 44 -90 -12 -53 -121 -81 69 -21 59 127 45 -42 10 22 -7 -22 52 -124 -18 -48 -86 99 -78 -64 51 -28 8 31 -12 -19 -116 -96 87 19 -80 115 68 43 -27 66 33 88 46 -108 117 81 -42 -47 90 -21 38 68 -55 83 69 -57 -108 -50 -110 92 -115 -55 -34 -62 28 -88 -87 45 -110 -85 -128 16 -46 99 -52 -22 -123 105 34 125 65 -53 -9 -85 127 -114 -80 11 42 39 117 -33 -35 86 65 -120 -116 -33 -82 -63 40 -86 -39 -95 -55 109 -77 -128 -81 -4 -79 84 -114 -74 62 -5 10 53 41 35 -43 -8 55 99 33 -33 -65 -57 23 124 12 -39 118 92 20 91 -47 -69 -33 23 -87 119 -55 -58 -16 -17 84 -40 -13 82 -74 -113 110 77 -66 49 -121 -32 59 55 113 110 98 -62 -64 -88 -72 66 13 1 29 -105 -98 68 121 55 -97 50 -48 122 66 104 -50 79 116 -32 115 -102 89 42 8 37 30 -57 -51 6 -31 23 86 -4 125 118 49 42 8 34 -115 121 30 42 118 52 101 15 111 -64 57 -119 -52 78 32 -108 -43 -77 -34 40 17 126 -70 -5 -58 5 -70 -96 -53 101 -18 104 -77 35 -85 123 98 96 37 20 29 -86 -22 -107 21 -44 -68 18 8 -26 36 89 0 -88 35 65 25 -111 62 -53 -59 -72 120 1 -26 125 26 -77 -15 1 -76 115 -37 -126 -73 -117 24 -4 -122 22 59 -115 12 -27 -110 -92 35 -31 -60 -48 0 -31 45 6 17 12 -15 100 87 -79 -36 -107 35 26 -102 -56 122 98 89 123 98 -55 65 -60 92 -61 33 -51 87 -72 -14 -20 -65 -86 -61 53 123 -14 80 46 111 -104 -30 28 -127 -44 68 -10 89 65 -99 -111 -110 37 -18 -14 0 -9 43 -80 40 -103 50 -60 -109 -76 -38 109 -47 -100 26 -6 103 33 49 -74 -43 -113 -128 18 -16 -37 80 -58 100 95 -61 30 -82 62 116 -124 15 46 79 -13 -100 -68 73 70 -7 -4 -65 81 -113 92 23 -43 87 104 123 21 100 33 15 -28 7 101 -104 -1 54 125 106 76 -95 34 52 31 16 -124 -126 -102 39 42 -15 -68 101 -57 16 38 122 117 16 -64 -23 68 14 -61 -42 -58 88 54 -39 53 20 59 2 89 126
62 49 -33 78 56 102 45 54 -50 105 12 124 -122 -35 93 115 37 -88 -59 -44 -40 18 -107 28 1 70 84 -115 66 -116 36 -111 73 -68 74 -7 107 36 39 -31 -79 -47 27 44 85 -4 -98 31 14 -26 76 33 -58 0 -95 124 -82 -121 -62 33 -2 61 111 -55 -74 -72 -115 -28 49 -73 12 -108 14 122 79 -31 27 -23 91 53 -5 77 92 -21 -45 -70 83 -46 -4 -123 65 90 103 95 -29 27 -15 7 102 0 -58 -5 33 51 16 -99 108 -90 -62 -115 22 -83 26 93 -53 -114 87 -87 -16 25 52 -31 -105 100 -102 4 -39 108 14 -67 1 -122 105 -125 -29 -54 29 -76 70 86 -11 -124 120 -76 21 29 32 -30 99 -79 8 -85 48 1 64 -32 -105 44 56 -119 -19 -116 -4 109 64 -56 -69 -15 -59 31 66 -99 3 114 -112 31 -83 29 -9 -90 -86 6 0 -116 -37 123 69 99 93 -64 -75 125 8 -6 -62 40 8 52 -14 89 101 8 -108 -56 121 51 -52 44 -64 -87 -20 16 91 -23 108 15 43 61 -60 76 -80 29 120 -107 62 -61 -117 -112 88 30 37 27 29 70 59 69 -82 -16 -85 -14 -32 113 -31 25 -97 116 -66 -84 67 -91 26 73 3 -33 -57 55 -75 -62 -120 -124 77 105 99 25 102 12 48 -45 52 120 5 -113 -11 -101 -68 -41 -22 -81 43 63 55 85 -13 118 51 -111 -122 26 13 -119 -57 -11 -35 -119 -11 -36 -64 -120 35 -99 115 62 -126 48 47 -88 31 -57 120 -53 123 -104 116 -101 102 -110 72 26 -28 -43 0 -11 -77 -18 62 76 74 63 90 -89 66 -10 -20 10 46 83 -74 -32 34 -107 60 -19 -114 -113 28 125 -100 84 9 -16 63 -114 -47 -119 -111 -105 -39 24 71 -94 116 77 -91 26 44 89 59 -10 28 75 -25 127 83 55 -76 -64 14 -57 70 78 -56 -42 27 43 -112 118 -24 79 59 31 -68 16 -32 -111 -34 49 36 -102 33 -95 18 127 -36 -6 48 -78 -48 20 104 36 -10 118 7 69 -121 47 89 -20 26 -47 56 56 127 43 7 -126 36 -127 109 77 23 72 -26 -22 -111 2 2 -62 -75 -29 -54 -72 -57 -116 -12 -79 -81 -16 -34 -100 112 67 59 -23 -56 -98 -62 -110 92 85 -3 74 -47 11 -67 41 -20 19 103 47 102 -65 -119 102 -118 52 72 72 27 -122 103 70 70 73 -84 5 -105 106 33 -89 100 6 -88 77 -48 -116 -99 65 -48 -95 30 -9 124 63 2 -73 88 -65 75 -19 -13 -59
43 72 49 -112 -33 -9 -121 -82 65 -110 26 -43 9 46 -5 -61 -59 90 -72 57 122 -116 -119 55 40 127 -107 76 -110 -3 38 39 58 -57 101 88 122 -107 98 19 13 27 -43 85 115 -116 -51 -28 75 -15 -36 -72 69 100 88 56 58 59 -33 55 -55 -99 -101 -19 17 90 -76 76 44 54 -120 -76 8 -89 -123 91 -78 78 -100 29 106 69 -79 -90 9 -54 119 -113 -43 6 -116 -36 -54 70 72 -35 -3 -23 72 11 -51 0 64 -115 86 -113 -26 -79 68 37 -98 -16 -50 -121 -97 100 103 -103 52 115 64 10 -59 -97 72 -44 124 -118 95 66 81 -101 -4 38 -10 -25 -67 -60 2 3 8 -54 116 13 53 46 100 40 -77 -56 -8 -57 -113 -72 108 -58 2 49 111 -84 -49 127 -119 4 17 125 1 -43 -126 -99 75 87 24 94 127 90 121 -89 -21 24 75 45 -10 117 -65 87 17 -67 -119 -93 -105 -107 14 -119 -10 -72 23 13 -114 -99 45 -76 -24 100 -126 -7 14 125 39 57 -71 78 -70 -29 -45 -98 -23 -52 60 -1 1 -46 -70 67 6 -59 105 -19 69 -102 125 50 124 106 -34 -41 -80 16 80 101 88 12 -92 -78 122 -65 -10 -27 52 49 58 -118 -80 -30 18 112 -92 -76 -1 89 52 60 -51 -91 -34 91 90 -33 -100 22 56 25 -90 89 -54 -33 -81 55 13 123 -5 -81 -88 67 102 65 69 58 16 101 55 -102 -22 101 45 -34 -79 57 -10 -54 66 -34 34 -97 81 -25 91 -100 119 121 -102 -60 -8 -88 -92 70 -34 -100 80 115 22 -62 17 -114 55 -120 -28 100 -111 86 77 -56 69 102 31 -30 -3 -106 87 -72 -17 109 -102 10 -8 44 -11 -128 -64 -52 -20 -56 50 118 67 -69 3 -46 -41 11 -97 15 118 -82 102 19 -19 86 -19 48 -95 107 -100 91 24 -34 -98 -28 -34 11 -103 85 -24 -27 38 -112 86 70 99 -88 -88 32 19 -75 -77 18 -82 98 -116 -81 -98 106 -112 -126 50 -89 -49 -50 -61 127 -119 112 28 -50 -26 -35 -58 28 -85 -2 -105 52 -17 -87 -109 -114 63 -70 -114 96 -28 115 -57 97 -111 -86 -13 46 20 77 -63 -58 72 75 -83 -55 -89 9 43 -57 48 -105 -123 11 -112 -97 -60 -39 40 31 47 -114 14 69 41 -52 87 21 -96 14 55 -58 -15 -75 -2 -98 -70 -61 -114 -9 -15 -28 -29 59 -40 -126 -17 94 99 -53 -18 -70 50 -76 93 28 -123 -18 41 104 73 70 89 -31 -24 44 106 -118 -87 -68 69 -38
-16 89 -99 -44 73 92 59 103 -104 64 51 -23 44 99 -100 58 58 11 -51 -6 94 86 -125 -1 -100 36 -75 -39 69 -120 121 119 59 -52 -95 -75 1 -99 -6 -36 93 -23 69 -21 76 58 -62 65 63 -26 94 -91 19 29 126 -29 113 -101 -93 -1 -119 -128 99 4 113 -32 124 107 81 -4 -89 -69 -14 -83 37 -102 112 -19 -34 -125 -36 -15 -116 93 23 103 -79 -19 -55 102 36 -69 -108 -62 49 -42 -93 25 83 -26 -85 16 -113 35 65 -19 69 56 -18 52 -103 -40 -126 9 -32 -121 30 16 -28 86 -35 -75 31 -27 109 -122 41 89 69 -8 -33 102 -11 37 -47 -8 -128 97 55 51 26 70 -78 7 -14 -46 -6 -10 72 -20 109 -49 61 -1 -50 109 62 101 3 52 -104 91 -10 -37 31 -58 -40 -1 57 -52 110 47 -49 -105 -99 58 98 -97 22 0 -118 13 74 126 109 87 -77 -12 54 -61 -121 17 27 -83 -29 29 81 -76 37 -124 123 -84 -82 -22 -21 -70 28 97 -114 19 -117 107 -96 -22 50 98 -35 58 -47 20 115 -45 -22 7 -107 -21 -24 90 -2 96 53 42 113 73 64 75 -30 101 76 46 -43 56 83 -55 -45 -85 15 -18 -24 -42 -98 -99 57 87 111 -123 70 -120 -41 6 79 27 -85 17 -123 34 34 -32 124 -67 91 43 2 -27 91 20 -35 48 -76 79 65 15 107 -111 94 73 -87 47 74 121 114 78 9 -27 -45 -112 -103 126 46 29 23 -72 45 -90 -47 -41 26 -50 -6 -2 -71 -16 60 24 126 -6 108 -5 -63 63 62 -85 -110 9 23 -70 -5 -61 110 75 -111 28 9 -44 -81 -77 -32 32 -31 127 -14 -128 -125 48 -110 105 -127 -84 102 -82 83 -72 22 -40 95 102 71 -24 -13 31 123 45 -73 -11 76 -11 -64 101 -9 108 124 -6 -62 -12 2 -42 25 -44 -120 -53 14 -67 7 -74 99 6 21 -99 17 62 -55 -30 71 -13 71 51 83 -88 110 -36 23 49 -106 -102 -2 -89 -25 -18 116 122 108 -68 62 -50 -91 63 -80 30 -70 -104 37 71 100 81 -34 56 59 121 54 79 -23 124 73 -33 50 -103 7 -107 -14 90 -103 -87 -60 35 115 -77 20 -47 15 -6 74 -21 31 69 17 -120 39 -57 68 -86 120 25 -68 -67 45 -14 60 68 -13 -5 -105 -122 53 -122 104 -123 -74 93 -5 46 -34 -10 109 12 -110 -117 -123 60 -93 -62 -47 -29 65 -63 0 50 6 96 -58 -59 -126 -82 -59 47 -35 118 19 53 -54 108 -40 -124
-15 95 22 -39 -42 99 -95 -126 14 -96 0 99 -21 68 4 -107 -29 39 26 24 -88 -84 -49 -35 86 -62 -66 -114 122 -127 92 -35 37 -33 -81 -5 -41 -81 -118 6 -58 113 -76 32 -113 20 60 -121 -15 -39 83 120 124 104 54 -31 55 104 102 115 -38 -10 88 13 -20 91 37 4 10 -77 -122 107 -127 79 25 0 -92 -63 7 105 -86 -104 -29 1 2 -77 -12 82 65 92 48 -65 -96 66 -85 -15 -107 -48 -59 75 -19 -121 34 -124 -45 117 98 100 -79 70 60 58 -43 -51 -85 -54 -103 34 102 -91 40 87 57 23 -34 106 -9 109 63 -15 -78 5 84 72 -9 -20 -125 -32 97 -13 -89 -35 -2 42 20 -72 126 81 58 117 110 12 -38 60 -116 57 2 64 -115 2 -106 -48 66 54 -75 -25 9 -24 -29 84 4 102 47 -58 118 -118 20 127 -63 -45 -72 12 -78 101 -73 -82 66 -45 89 124 -10 8 102 -123 -62 -72 95 -43 38 -81 37 -117 109 100 -80 -2 42 -49 101 107 44 -80 27 8 15 -100 -119 -115 100 -16 -80 -50 -115 114 10 -21 124 -96 74 -3 -1 -93 -103 31 -125 66 -88 116 -78 -30 -41 74 -20 113 14 -107 -55 -18 -9 -87 11 -97 29 -109 76 -104 123 -72 -29 -92 -2 -64 -56 101 61 96 -37 104 -83 -38 -10 -82 -28 71 106 75 -14 114 116 13 104 -35 106 -19 -99 -106 -101 74 -77 -60 47 -117 20 109 -97 22 12 24 82 3 -31 -44 36 93 18 108 11 -83 76 11 -84 126 21 97 0 84 -85 -116 -4 69 122 -119 127 -17 64 -113 55 127 -117 -120 122 -33 55 -55 -18 123 101 -56 98 98 49 -89 -79 -115 -87 106 49 4 -23 117 -28 21 107 0 -66 -57 -65 -4 -113 63 114 -8 59 127 16 -123 109 107 -98 -95 102 54 93 103 -84 -13 17 106 -84 13 -114 -97 -15 85 -99 29 56 -25 -82 47 -1 -88 -123 -92 98 39 58 26 -114 41 -101 71 69 73 85 27 -63 -3 -50 119 -12 -15 88 -61 119 -92 55 121 56 32 -39 -99 -126 -57 115 13 24 -108 76 114 82 -26 81 71 -62 -24 -91 32 -95 96 102 -110 85 91 -6 111 -49 -38 104 -52 -88 -36 56 -109 61 -45 -98 40 111 -122 108 111 -28 -45 -23 -128 -110 -14 -77 69 -40 -122 -21 37 10 94 118 91 74 -64 13 -113 59 2 -110 -62 82 -101 123 85 -84 73 40 66 -6 -60 -92 86 -91 50 -13 82 72 105 -89 85 3 -117 -68 97 17 116
70 107 21 24 -43 -106 -106 -51 -91 122 -84 122 104 83 69 -78 87 -75 32 32 122 -22 -92 -96 -99 -75 -111 4 -4 -105 23 -115 26 104 -34 -19 52 -120 -23 42 -15 64 -116 64 -14 -128 0 -86 126 -62 -103 -123 -78 -96 -33 96 -58 -107 -103 6 54 36 -52 -77 84 -42 19 89 -52 30 111 -99 -44 -9 32 79 -22 -85 -35 -24 106 -100 -69 -96 -25 87 84 -50 22 7 -24 -96 -25 6 31 -19 -95 -98 -58 68 63 -80 115 -74 100 -121 -117 -117 11 85 -64 -94 -51 47 -87 -79 -49 53 96 101 100 -75 31 50 -3 93 -102 58 29 -105 -17 -120 -104 -18 -81 -66 -15 48 119 -40 -26 30 56 29 58 85 -51 -17 75 -54 86 -114 -12 -127 -92 -23 -31 -103 -106 13 -22 38 7 -13 -19 -104 -39 -2 123 -95 -32 58 -97 -122 -8 -1 99 84 101 113 122 78 43 123 -11 93 -33 -5 55 109 21 -116 21 -61 53 -72 -82 6 -30 116 109 105 -15 -50 -27 -13 121 115 -60 -94 8 -120 106 -52 120 -19 -87 80 51 -18 108 21 34 -109 -99 43 -71 6 -67 -41 119 -83 18 32 72 -94 -14 -91 -47 -39 -124 124 -112 -77 -5 -70 -18 -92 -4 97 102 -77 -123 -28 97 -47 -30 -78 99 2 -71 61 63 -37 -111 36 -77 -53 -27 -84 94 -2 -1 48 97 39 83 -114 93 -12 -111 -56 87 -69 41 82 49 -68 -45 3 94 13 113 -40 1 39 -21 -65 38 -75 -89 8 -96 -106 -111 22 10 24 -1 -108 -26 -71 48 55 -97 -8 -120 72 -117 59 -121 118 112 -64 -111 -110 58 -8 -101 -41 97 -31 -120 123 -103 -50 106 -48 30 -127 117 126 -76 13 62 -80 -3 -55 -19 97 -125 26 53 -80 119 101 4 57 126 102 73 -111 -97 -70 -3 -94 97 94 26 -82 43 -32 -49 -19 -38 -57 -19 -43 87 -117 -52 -5 -103 31 -27 -106 -122 -56 36 56 124 2 51 88 -20 -91 20 -87 98 -14 48 -9 -108 -60 -77 -70 3 79 -68 29 59 102 111 81 38 100 -61 0 3 -56 70 15 96 5 10 -93 -31 -10 51 -122 4 103 -122 -58 -11 -18 24 -24 80 96 -117 -50 -6 -50 -49 -36 -74 73 123 95 -68 -45 -106 -62 -42 -118 -124 7 12 110 -98 -25 97 62 32 -93 -48 60 -42 63 40 -32 82 108 -108 -19 -54 55 80 -30 63 34 -58 -36 15 -101 -87 63 110 29 -120 -66 -54 -98 -100 -58 34 12 17 42 -23 -69 -20 62 -94 -40 -60 123 -38 77 -120 -101
96 102 17 -1 34 -59 5 -116 -46 -1 -17 -103 -112 -49 80 -113 73 84 -119 105 5 -57 32 -52 50 -100 41 -49 2 60 123 0 55 78 -119 14 -46 -5 -13 -42 -11 127 -82 -110 -76 66 -66 9 67 -21 4 -48 58 63 -63 78 90 55 -71 -65 -117 47 -107 86 99 123 112 -44 51 98 -89 45 43 -114 41 -124 -116 11 -27 113 25 59 -83 29 -101 -106 -120 -50 67 -16 122 45 -63 -76 -85 32 16 95 -90 -6 23 -76 -29 125 86 -84 -72 -77 87 -108 -104 99 -40 40 -75 82 26 53 51 66 -35 -54 -107 -45 71 -59 110 -66 71 -5 -87 -11 -56 -5 108 77 -46 9 -15 80 -61 95 102 55 44 89 -73 -34 53 -16 94 107 79 -51 8 10 -54 53 124 64 43 -73 -13 -7 62 82 -114 90 -23 -76 9 95 15 -26 13 -64 -110 -96 -113 74 -95 -22 11 -77 33 45 -123 -38 -118 -100 -10 -111 78 24 60 -75 2 -81 -5 50 -93 71 -75 36 58 79 87 -88 -26 -65 72 104 4 117 -72 14 126 -51 -99 -26 94 76 -25 26 -53 -104 98 110 58 45 0 -41 37 55 -128 -64 -11 -91 72 -128 -41 79 108 50 -75 -5 -22 124 -38 -97 28 -13 -26 10 -84 -116 -10 -76 -51 58 -1 -11 -3 -107 -19 100 -38 101 72 -39 -9 -39 119 -55 26 -56 -94 26 -61 90 42 -28 -20 68 -83 102 27 46 -53 26 -70 27 -91 49 -26 -70 -108 -90 47 121 -30 105 112 72 -82 -34 40 74 -11 31 71 79 61 48 -121 96 22 112 10 -61 65 -81 -65 -98 101 -5 -95 94 -56 46 120 -69 19 79 54 -96 5 -111 -88 32 126 112 2 -58 -96 1 -106 25 -43 -93 -110 42 -75 -58 83 105 -24 46 79 -23 -99 118 74 1 23 114 106 -59 59 -113 -12 -41 -48 80 -24 111 127 37 58 54 -53 119 100 77 52 -40 -127 90 28 104 6 -83 66 -10 84 -105 11 124 119 58 25 -112 27 54 4 115 -78 -46 -4 -90 -72 -35 103 -125 108 -49 -20 77 72 36 104 72 -73 80 -101 101 28 -46 -103 -53 -67 88 -72 57 35 -48 116 106 -3 31 119 0 -91 7 21 -127 -74 46 57 -79 121 -29 -64 25 79 36 -51 -122 127 111 -76 -100 -95 92 20 -20 122 109 10 18 26 -99 -70 16 -34 96 -7 -36 33 -99 -20 14 -88 -88 118 -93 -67 -73 -128 -110 125 5 63 -19 78 -127 -83 -86 72 -21 -70 -38 -37 6 88 -74 -103 -14 28 -37 126 100
-101 -22 88 95 -52 -93 -12 93 76 -74 114 -123 -39 -49 77 -72 126 110 60 -40 49 -53 -85 102 -98 126 87 22 118 46 82 -35 -14 -10 -79 25 -44 118 -40 -59 -38 -6 40 -56 54 -124 12 -126 -20 68 57 91 16 -114 -31 -39 -127 15 10 39 27 -122 -12 28 -36 -113 -18 -32 -67 110 -101 -87 -22 -9 -8 70 -36 -10 0 19 -120 -1 11 -70 -22 50 -122 -20 121 13 -92 -90 -128 76 49 -122 -48 -11 116 -60 -26 35 -124 -55 47 41 -31 72 31 36 12 72 37 -8 -105 -15 -32 15 -89 -63 116 -52 -46 -80 -92 91 74 -19 -96 21 49 -114 -110 -4 126 -84 -6 -56 98 -127 55 -96 117 111 3 51 93 -107 18 27 4 -123 107 -102 -116 23 -10 -69 121 -116 -25 -65 -57 -126 108 -7 53 34 71 7 -107 83 -58 121 115 -7 -116 -111 103 29 7 -65 -61 125 -31 34 15 78 -11 -77 -39 -32 -98 -90 -31 81 2 -100 -58 -15 18 5 98 103 10 -77 71 106 -46 -69 -99 -118 3 115 -116 123 -76 20 55 88 96 -104 6 103 32 127 -127 -97 -77 32 -17 95 65 -124 -14 -53 103 -49 -24 -19 -56 116 1 66 46 78 70 -9 -128 36 -80 -18 -38 52 -45 -20 -15 -54 -67 92 87 -34 -84 65 120 -40 54 7 13 93 75 -62 -4 57 9 -6 28 124 88 51 -96 3 -101 -26 -5 20 32 -93 38 -111 97 25 -42 32 -84 100 111 34 -93 38 30 75 125 42 -75 -43 -103 -26 -94 -79 -85 -62 39 2 115 33 122 80 107 77 90 -15 61 -42 55 3 121 34 -111 121 110 -75 -71 112 -1 123 -27 -17 75 -88 21 -30 -13 -115 -8 91 103 -76 25 -56 34 -96 121 106 -38 -106 100 -123 17 43 -115 63 -126 -20 -22 -19 41 31 103 -47 -38 -42 96 -57 42 -123 -123 80 -19 65 -10 45 -118 57 -106 -94 15 105 33 -81 27 84 45 96 -41 -28 -111 -57 -78 110 97 -86 -11 -118 56 98 104 -92 57 -53 5 49 -101 -65 15 37 111 117 -17 33 -42 56 112 3 -94 -54 -74 48 59 -66 -5 -68 125 30 -72 62 28 -8 45 10 -110 14 87 -45 -48 52 85 -32 -50 -38 115 -100 38 -29 -97 52 -6 -31 47 -14 118 -51 -18 -88 -13 -43 -93 81 100 33 -1 100 -14 -11 53 -115 55 -2 -4 37 126 16 0 88 83 -12 11 36 81 -59 10 66 11 27 -113 55 100 -120 -35 114 -55 47 103 -21 -39 -92 -69 -65 -36 67 62 -30
19 80 40 91 -6 -24 114 28 -75 -124 -3 14 -104 15 22 96 114 -29 17 96 -38 -68 16 -117 -78 74 56 99 -108 47 -84 14 75 52 -127 -46 -41 4 54 -81 -82 25 109 34 -71 30 121 -104 101 -48 -78 -8 -77 13 -121 -107 -37 -25 103 113 76 -111 -94 -57 -44 -43 120 48 -63 -30 -84 -2 111 -29 -126 -83 4 -103 4 43 72 -23 48 -48 -60 29 57 -30 49 -78 -26 94 -33 49 -113 0 -62 -63 -5 24 117 -86 90 6 85 -88 25 38 75 113 74 64 -16 -10 -86 -90 9 -128 56 51 -81 3 -67 54 -117 -49 -56 -119 67 77 -9 107 -100 -121 61 79 86 -26 74 94 -69 46 80 -32 -114 -47 1 -90 19 83 -22 31 57 47 -64 -44 -77 -97 -2 -118 -97 -24 -48 -52 11 -101 17 11 -121 -109 84 72 67 -73 90 -119 -93 -14 -118 -74 -26 125 33 52 32 -126 -46 114 -112 118 124 -119 -74 -55 88 32 15 -111 -111 119 63 -117 31 32 -106 -59 62 101 -32 63 -122 110 87 -75 -27 -34 95 -21 0 -8 -87 -124 28 -34 -123 -29 -58 37 -42 83 -36 -96 98 124 -79 125 -69 -23 -47 -52 54 -60 -93 -90 -55 -93 17 103 84 104 106 20 51 20 -114 37 107 68 7 -34 32 -91 -35 -5 -100 -85 56 -30 -68 -108 -98 18 76 -127 -128 -120 -17 57 72 -89 -34 55 112 53 -102 41 67 17 21 -36 19 36 127 75 -15 -15 -122 -122 -21 46 -41 -59 85 -20 -113 -44 124 -96 108 87 79 -116 43 15 -49 -51 -115 -83 -98 -61 -42 71 -68 16 -68 -87 51 70 -37 -64 -51 -13 126 16 99 93 16 -91 -41 -91 19 -27 10 77 32 81 35 57 15 -78 -110 -122 -78 -103 -11 -115 -34 6 -116 3 -60 5 6 -99 31 -82 43 69 33 118 77 120 42 111 -3 -55 -18 -19 88 74 -62 29 -98 -63 -81 -9 120 -48 121 80 -44 -35 -66 126 56 103 -75 0 36 -32 110 8 94 -31 -5 119 -83 -95 -32 42 25 -88 -92 121 -41 -64 99 -47 -79 31 -84 8 50 104 72 -80 68 -31 -128 -40 80 76 -26 105 55 -101 -124 -90 21 -87 17 -105 120 -78 -114 80 -21 -48 -8 17 44 -33 3 -30 -14 -89 -13 52 95 121 -82 -69 -73 12 -120 26 27 -100 -80 -81 -49 38 36 -21 -25 14 11 16 44 -60 52 -51 -19 -127 -34 -81 -109 -91 -91 24 51 -51 99 2 55 -81 -73 -21 101 -6 18 36 36 0 -27 -95 -40 65 -103 38 20 -76
11 -31 -93 0 -52 -96 74 26 87 115 15 -13 71 61 124 -79 -47 -92 -79 101 -30 122 -19 18 52 -42 -87 -110 78 -117 -51 -107 51 -38 -3 24 -24 -22 59 41 36 26 41 -25 -46 -12 -62 103 28 42 -18 69 16 -77 9 -113 -88 -89 99 -16 97 14 -43 99 108 -82 -42 127 120 55 -119 57 -69 19 -17 25 -11 -57 57 19 -1 123 -83 -81 115 74 -108 73 -26 -86 -89 -107 25 72 85 -32 -45 95 29 -44 -32 106 120 -95 92 -13 41 57 79 -43 -128 -92 63 11 -24 34 114 102 111 11 59 126 99 12 -120 124 76 -79 36 37 54 126 70 85 47 33 -98 92 -68 -47 107 4 -81 -66 46 86 -74 113 24 48 33 110 102 1 28 20 1 -65 24 31 7 -84 59 69 120 -114 51 -56 105 14 -34 33 -69 -75 -88 23 -13 88 -16 -108 -9 -44 -116 -90 78 105 2 125 -63 -88 87 -35 11 118 12 -117 -59 -12 -37 -18 107 -34 -115 -55 -30 7 -121 73 47 76 1 37 10 -88 -39 -52 -93 53 -120 24 -40 52 115 26 -108 -27 78 29 61 74 16 65 -31 90 -111 87 76 -121 57 -60 -14 -42 86 -88 -121 48 -103 11 -62 41 -20 -87 -37 -26 -76 -92 -105 -8 102 43 92 54 22 105 -113 63 57 49 -22 -66 -101 -86 88 -117 -84 -7 -5 -96 -52 105 -78 -52 54 111 -69 25 118 56 36 7 -19 -94 87 41 -27 -17 71 19 70 -10 96 123 56 39 52 -4 -46 28 14 -35 84 24 20 46 56 -116 -109 -56 -121 11 18 -111 -86 -84 -20 -17 19 -99 -109 -103 -94 2 -72 -43 74 87 76 -113 101 4 -101 -117 -66 -27 33 -100 -125 11 87 -70 -64 68 93 -21 -58 -17 34 -40 -26 68 45 -22 -37 113 -86 -116 -117 -120 32 43 -70 -89 18 -94 -57 83 -116 -38 73 71 16 117 -118 41 31 -125 -78 42 41 -29 116 6 -53 110 -35 -91 99 120 -104 -109 -12 -56 -63 -26 -49 -42 21 106 99 -118 64 -40 -91 -115 -107 -28 -47 93 -124 -120 -71 17 -20 -88 51 14 -64 114 -100 124 61 -124 70 61 17 -113 1 62 -71 -35 -120 74 0 35 12 80 47 89 67 107 72 87 -81 -30 34 119 1 113 11 -28 -65 -108 -108 83 -21 -114 105 40 -96 30 110 81 82 114 -74 104 127 -15 90 -116 -101 -76 46 -83 115 -90 -76 94 -50 -16 -56 18 111 100 -39 35 90 39 94 84 -48 6 -87 43 125 -22 48 63 92 70 -69 -128
-6 -39 112 -72 -46 -16 -104 86 15 -35 -54 126 -123 -74 9 18 -50 -90 -59 16 118 -48 43 -127 -74 -66 -36 2 85 -21 16 -26 24 -120 -42 64 -127 119 9 -8 11 7 34 59 -99 -8 66 36 -40 -52 -37 75 86 53 9 -17 45 -5 -44 -121 118 -109 -9 102 7 -51 -111 -65 91 100 -15 -112 -68 -28 -39 15 83 27 86 124 -89 115 1 -65 12 -79 -72 45 -2 51 -11 -51 110 58 -98 122 -97 -74 -85 -17 -111 91 -107 -99 -111 -65 -13 12 39 -89 -118 -120 -109 80 77 36 -42 -24 27 -90 -28 -62 96 12 106 -104 3 9 -13 -65 127 120 53 -52 120 62 16 71 -89 124 36 -99 -102 69 -90 113 -89 -14 42 4 99 22 60 40 110 112 -21 88 -125 79 4 -12 -115 1 -87 21 -15 113 95 69 73 -47 23 -101 10 -49 -20 48 -58 69 32 55 -40 -118 -62 106 39 20 -45 86 43 -60 65 12 85 -111 -40 62 120 26 -41 -88 -5 100 -127 73 38 -90 106 -96 -42 100 -6 35 37 -106 -116 -128 55 1 51 -85 -26 31 80 35 -6 64 92 -5 70 105 -47 100 73 75 -15 -51 -21 -75 84 73 -66 10 24 75 108 -17 95 -99 -20 76 108 -93 -47 36 -54 65 112 5 -89 -28 49 96 76 -31 18 -45 -83 1 89 -94 -111 -27 -35 123 91 42 -117 50 48 -91 21 -114 37 -58 -51 -110 45 -13 -101 52 34 77 69 -27 -16 -68 -128 -67 -112 88 -109 -72 -27 -3 123 4 -102 -24 11 23 -84 -53 122 -128 -48 -122 -66 -105 -6 -21 -94 -93 -111 81 -122 -90 17 39 105 91 -49 -33 -72 0 -21 -12 124 69 72 28 122 -82 123 36 -104 -82 -8 -11 86 -125 -45 99 -110 113 33 84 18 -13 49 -16 -26 60 -79 -1 71 115 89 65 -34 114 -7 -25 -9 123 -44 54 -121 -31 33 30 45 71 -8 104 61 -7 9 80 108 -128 -108 83 90 23 -66 34 -34 29 101 -102 -27 29 -112 91 -86 105 112 118 73 61 97 9 -39 2 72 -73 -79 -77 82 114 25 -11 -108 51 -111 -115 -72 -116 59 104 -101 -14 -64 32 -12 -36 -33 -93 9 -112 16 87 89 58 96 70 -94 25 87 15 17 -105 124 -20 91 -43 102 95 -75 70 -59 -115 123 30 -116 94 17 96 -30 -58 -82 68 118 78 11 -123 103 106 86 -53 -66 10 -28 -29 -48 15 -69 -38 -74 -103 121 26 -96 -81 -110 -81 62 -7 84 47 11 113 44 11 97 88 -31 -38 -97 -8
39 -51 60 47 -80 -112 61 19 -5 -110 17 -36 84 -80 -25 -45 64 -83 24 -4 44 -19 -7 48 -84 -31 -16 60 74 70 -118 29 24 -117 22 -93 -104 -118 -108 42 80 76 -10 -67 77 119 -55 -92 41 -58 7 114 -10 -3 104 31 73 -127 -117 -26 -74 126 16 46 -29 85 15 101 97 83 -12 103 -11 52 -37 -44 -103 -1 43 5 -128 12 69 -89 91 -103 108 -102 -83 -60 67 -57 -44 104 49 -2 123 76 73 -40 -100 -90 -21 -25 -57 -55 -101 102 -106 -75 64 -87 4 -91 12 -32 4 -65 14 -70 -59 42 1 -106 108 71 37 -83 -69 116 11 2 76 33 110 -65 -45 -87 -100 100 -4 32 -102 -86 -48 112 74 105 -18 77 35 -13 70 -9 -83 -82 -69 71 73 72 -23 10 79 26 -117 40 60 70 88 -91 16 8 39 119 5 -113 10 69 8 -64 113 52 -42 42 -7 -67 117 -14 -90 19 77 106 -73 -70 1 -123 -128 -37 19 -75 -15 -112 13 -62 -56 -119 -123 -50 67 -66 26 76 106 -45 -109 54 55 85 122 -69 50 -84 83 115 126 54 46 -64 124 51 -47 -39 -73 76 121 45 9 98 -114 -108 -67 112 33 -128 -38 49 -86 24 109 94 82 90 45 -63 -16 124 -84 -28 27 43 -46 -100 -127 -28 -124 -60 93 16 71 122 -92 -117 -82 19 -99 108 -7 -44 39 -28 -1 60 -18 77 115 86 -40 93 79 -20 -58 76 19 53 84 -50 -127 -12 123 18 -50 78 108 47 34 115 30 -99 -91 67 -110 -17 -14 10 61 6 97 -46 118 103 -52 -105 101 -67 58 18 15 -25 109 -119 -50 6 124 125 -68 15 37 -80 57 60 -51 114 28 -124 9 110 116 87 40 122 -42 -114 -114 -36 -85 -99 121 -41 -9 -122 114 -49 16 -73 -85 -32 102 72 -47 87 -13 -69 -116 0 -93 -116 -5 25 -25 99 41 -102 -101 -103 -4 79 -32 -121 119 61 77 -84 -105 -77 -121 66 -107 67 63 87 105 -115 -25 107 -106 17 -125 -14 -45 -78 97 96 115 68 103 38 107 -97 39 4 89 -62 29 -103 9 61 46 -109 25 -64 91 -71 -78 -51 -123 10 -53 101 57 48 -89 -32 -7 -16 122 44 64 -60 101 32 -38 110 -111 -41 -98 78 -118 -115 87 114 17 36 27 -99 -113 -42 37 82 5 -2 -30 67 -87 -110 -35 -42 -87 -16 -109 -80 -67 -29 -51 44 118 29 30 -57 -77 104 -4 88 -32 -89 26 -123 -61 31 -2 74 -45 -6 33 117 5 -127 -66 -38 72 -17 84 -40
105 61 -44 -90 108 -45 78 27 42 2 -16 -11 40 74 -100 101 -82 99 90 -62 3 -104 -94 98 29 -61 -85 0 13 66 21 127 94 -50 -111 -52 98 -66 47 55 -113 -58 8 16 103 -79 84 117 101 -105 12 76 89 -11 107 29 8 -90 94 -120 -32 -99 40 -61 6 123 123 38 97 -43 71 -17 -128 8 65 -5 116 -104 93 -51 122 -18 -68 100 -63 117 109 98 -66 -46 79 -118 -88 124 107 -92 117 23 -80 -106 -47 40 117 -15 84 103 98 -33 -19 -73 -93 -20 9 -62 -81 -117 -102 -6 -5 102 41 -12 -18 74 32 -107 -43 59 -56 14 -120 124 -79 101 15 89 -52 90 -28 -112 122 45 3 -127 79 71 -90 -64 -54 -37 100 -113 49 -77 -128 67 -121 115 54 60 -116 86 53 -80 -80 67 -78 56 -10 127 -34 -59 92 -2 120 30 -25 105 116 124 94 -49 -79 64 88 -22 -39 -59 -63 -96 -120 -82 -73 -111 -19 -48 -9 108 -21 -69 24 104 -8 -36 79 -38 -71 -78 -112 -124 64 116 95 -111 -92 106 -97 -33 -127 77 66 101 45 44 1 -116 -89 -62 9 60 97 -95 -125 -116 55 38 76 -87 -50 -41 102 123 1 -42 -112 52 60 -80 73 11 93 25 126 75 -95 46 52 6 15 83 -49 -117 71 -100 -64 -5 -66 -51 85 -125 44 22 47 -8 -35 -34 73 -20 70 -95 95 1 33 72 74 109 62 94 80 100 97 -75 30 -45 73 -69 91 25 -67 30 99 119 -127 -89 -100 -53 3 -12 -12 -32 0 -125 -34 65 -44 95 -39 -73 -46 -110 -72 -29 -1 65 -74 -46 120 -73 108 16 -18 11 -126 53 -88 80 14 -13 -34 97 -114 -124 -119 54 9 -74 -53 55 40 17 115 -101 83 66 -37 35 -102 -44 107 -117 74 -11 18 9 -32 -57 53 -29 65 -8 4 -20 -46 33 -78 -29 48 41 -18 25 74 -103 -30 -119 110 46 -39 -64 56 5 -119 93 76 -28 -63 8 -60 -103 111 -56 -76 -80 -68 38 33 18 -76 -32 -36 37 -28 -125 -107 -26 -104 29 48 59 108 1 -124 99 -109 -114 94 -34 26 -73 94 75 -84 105 90 -40 -123 49 -59 -95 -68 -109 -39 -110 -6 36 -57 -102 75 -21 53 90 64 79 17 -108 -82 -125 76 37 -121 60 -120 65 -81 -95 -56 -49 -42 114 61 -32 -100 10 49 79 -33 -70 11 6 -73 20 26 -80 -34 91 34 20 48 6 22 -2 107 63 63 3 103 92 8 -33 21 106 -19 -33 -84 19 -107 15 -65 18 85 41 81 -15
-65 -93 100 10 -107 22 122 -125 1 48 76 38 -87 -89 80 -72 -22 -45 48 99 58 -50 82 -26 44 -84 -87 -45 124 -88 -121 -78 97 63 -109 33 -28 -11 122 -18 -65 20 -89 15 -74 -106 65 -49 18 -126 -56 70 -125 51 -100 40 -96 -32 20 -4 46 118 -100 -94 57 121 -127 -78 -15 125 -96 -105 5 -105 97 -128 -35 72 -125 -55 -106 18 -37 83 60 45 -95 -61 -89 -17 -11 -29 -124 -22 -82 -25 45 52 38 -72 93 12 42 32 -109 -40 -118 -58 -96 -62 111 -104 -126 -19 -36 54 111 112 -104 -115 -25 -26 -36 97 74 4 -123 -38 125 -93 -124 17 -118 45 -104 49 -31 65 79 -59 -39 -23 95 56 8 -3 -18 -93 -66 -91 53 44 30 24 65 -107 17 -85 61 25 -49 -71 71 76 88 49 -76 0 3 -101 102 -1 -61 75 -56 -87 100 -120 -99 123 -46 125 114 62 120 -61 -47 103 -67 61 6 94 105 -7 -62 -81 -4 64 57 89 86 -93 -93 43 71 115 88 -118 5 37 56 40 29 45 -18 -116 -22 24 77 -64 -81 17 36 -55 -61 -103 56 -92 -103 25 18 -123 7 -77 -8 119 111 14 32 56 -101 103 27 -90 -9 66 -7 50 -47 127 60 60 -16 45 -8 -93 -111 -88 -18 61 120 65 -59 -64 -81 -34 -115 -85 50 -98 -112 28 11 -26 119 75 37 72 124 43 95 108 -87 30 -39 -30 105 98 26 18 122 62 119 126 80 30 51 -123 47 -23 93 -126 -73 -85 76 20 52 -92 20 -17 25 -57 114 113 -49 -95 -101 6 -83 -58 -25 63 -91 46 101 50 17 33 104 80 46 63 -111 116 31 25 -119 125 84 -86 50 47 -91 88 -103 -99 -56 -40 -32 15 -83 17 -50 31 -45 -50 -48 35 -126 -70 41 120 -95 121 8 23 -78 -105 125 -29 -48 67 -94 53 -51 96 68 -108 -53 15 -10 126 56 -44 -52 -25 -80 30 -96 -94 -83 -117 -41 32 109 -64 -116 124 -24 10 32 7 -86 -95 23 -87 100 82 0 7 -102 -100 6 -56 -19 112 -2 65 -62 68 -103 60 16 -9 -105 110 -3 96 11 -59 -39 94 48 -50 99 123 -65 121 38 -13 -116 27 -76 -48 -38 -115 10 71 -104 40 127 62 119 46 -15 -66 -36 -39 107 -18 28 -68 36 -110 -14 78 -53 -74 -63 22 92 -69 68 -101 -51 56 15 18 -102 83 -44 -106 72 122 -97 -26 103 -72 -52 61 -66 51 -64 -46 -88 84 116 -107 52 112 -127 64 4 123 -51 100 -114 -107 -68 -30 24 -18
-75 4 -68 -35 -113 -27 -86 -81 -118 68 -112 82 39 -55 0 56 35 -52 -33 7 -13 26 3 -6 14 -58 -89 102 -120 103 -46 123 -117 92 20 67 22 -3 -107 23 120 55 47 -84 11 0 80 20 21 77 27 -122 94 79 -6 118 -22 -52 -50 -122 123 -56 -42 84 -39 -40 -105 -67 -72 -83 -9 -101 24 -58 75 49 122 116 40 -53 -67 -68 78 11 -11 45 -122 -15 -91 -105 20 82 -108 118 -80 84 6 -64 -83 76 -116 31 -23 80 -112 -15 34 27 -56 -26 -95 100 83 68 83 -100 77 126 65 -41 6 65 -101 -74 -124 8 -61 25 -38 86 -70 68 26 -24 -38 -53 115 -103 -12 2 8 83 113 -31 -114 -82 -112 20 97 12 5 53 1 51 70 -22 -112 44 66 76 25 34 -122 -100 18 108 9 -10 -99 -5 44 98 -65 20 56 1 65 46 103 46 -76 -105 122 -30 -99 5 -99 70 125 -59 47 -32 -13 -30 69 -63 -89 -117 117 79 24 127 124 -11 117 89 19 -19 17 -4 82 -12 -16 -28 66 -73 56 121 -15 -51 67 -102 28 112 59 30 75 105 -100 -87 -120 83 -21 111 -82 -95 -99 -54 -85 -47 -125 -47 -15 -70 60 105 6 -36 14 119 -86 78 35 63 -35 108 13 -125 -17 -20 -6 -93 9 62 79 7 38 61 -36 -110 126 7 42 -17 -76 72 -91 -19 -31 -42 24 -50 32 -87 86 -120 -42 -82 -58 90 5 -95 82 -8 16 -110 -7 108 -16 -9 -30 26 -83 94 -53 39 -44 99 -60 -117 -88 34 27 -74 -29 -102 55 -84 11 7 -59 -25 1 1 4 -67 -55 89 -46 -111 -72 106 41 -41 118 118 -74 -96 -69 -106 -104 42 42 -111 50 118 17 -19 -101 -119 92 78 -121 37 97 70 86 -82 -128 119 121 -38 125 66 100 87 36 43 -104 -41 2 -52 -105 44 -60 -52 28 108 -37 118 65 -5 -25 -18 -122 -67 -62 98 -44 88 60 -95 -22 -64 86 -44 85 -70 -128 37 -39 -86 18 103 -75 23 -111 49 26 19 -18 -60 -17 62 120 119 76 -63 -23 76 -14 -69 -93 -16 75 62 -17 23 52 -125 100 -64 97 -105 -83 -71 -85 4 121 19 -116 125 122 -28 109 -16 55 110 -10 92 63 27 56 -23 -11 -63 110 -76 92 -90 -36 -97 -9 -14 117 -82 28 -81 12 -20 119 57 -89 -32 -27 69 -82 -19 -50 78 59 111 -107 -26 59 -78 15 -13 -10 54 -97 -128 112 -34 108 -94 -59 27 117 -74 -94 85 -77 88 -97 -109 76 46 119 -40 -81 -19
117 115 17 -72 -54 -35 -90 -75 111 93 124 -65 25 107 -24 -5 43 -18 38 -73 -55 -76 117 -68 7 -70 -57 51 -70 -66 -79 76 -25 56 13 -32 72 22 -4 102 -121 -1 -86 27 94 53 -79 114 88 84 -104 127 -96 89 -10 -78 -115 -85 118 -60 -5 120 11 -90 -71 20 42 14 -51 116 -97 8 -82 -107 124 41 122 -40 70 -21 -35 13 -80 -76 -55 -92 -42 -97 -54 -76 -76 82 -114 9 -27 -63 -62 -79 -18 -81 104 77 27 -104 84 52 -103 106 36 -66 46 30 -101 27 66 -125 -120 -112 53 -98 43 -115 33 18 -8 18 111 -64 41 76 -88 74 34 -105 -66 21 85 101 59 -58 -125 -32 -13 -59 74 77 76 -102 -33 107 -67 103 -19 43 9 -85 76 43 40 -103 94 25 -80 -62 -67 -111 57 -106 46 -127 44 -26 127 -65 80 51 91 63 -2 0 -103 -126 -16 -87 77 26 15 64 47 53 13 -47 96 91 83 81 -62 -58 87 9 -98 16 29 -43 97 56 92 -66 -128 -103 -116 -84 -62 -45 -33 -15 -10 72 70 123 84 -97 20 -126 114 -76 105 -29 82 86 120 5 9 -124 4 117 122 -98 116 94 27 74 80 -63 -91 -112 -1 55 8 -85 -27 79 -94 95 -119 -109 2 70 -54 94 121 126 -82 -32 117 27 126 -102 91 -73 -10 -111 76 -115 -56 -80 96 -99 -107 33 93 119 -124 -68 23 106 92 -86 -88 -62 38 78 121 -22 -120 -22 93 26 -33 84 -34 -17 124 54 29 -46 29 44 95 19 -73 123 -104 29 67 19 -34 -89 12 76 -12 -48 -86 90 -42 22 -81 -55 -75 -34 -14 -61 -25 50 -75 -14 -82 25 -126 43 47 77 110 110 116 10 -121 -33 -39 -107 -57 55 -43 108 -44 92 62 26 33 127 -120 -68 5 6 33 99 -60 99 91 -116 36 -120 102 -5 -113 -76 105 66 40 29 -123 8 -96 0 -89 -55 121 38 -23 15 53 -82 -119 108 -62 106 -93 60 39 87 13 -3 95 58 74 -42 -17 97 7 -5 -6 -104 -115 107 29 -9 94 31 34 -39 43 -52 -112 -96 -62 58 5 -99 -19 77 92 38 68 -47 -111 104 -60 47 -62 -97 -36 50 -69 -31 -45 -95 -26 14 -107 75 107 -105 -119 24 -86 -29 -33 17 -84 28 -36 89 11 51 124 119 40 -56 46 92 -36 -18 16 126 -60 -117 25 -48 -32 96 18 -89 -83 -101 -3 27 -70 -7 -108 -102 -64 17 88 -109 -100 -6 -121 10 -59 -53 -74 89 -69 68 -98 115 90 99 99 -24 -69 47
-57 59 53 48 69 -24 89 63 -52 -92 84 -85 70 49 -87 125 42 -82 53 25 63 -29 -108 -23 93 97 -70 -14 -78 115 35 40 98 -71 -112 -101 -6 -85 -91 108 -22 -52 -71 85 99 -26 -42 77 49 26 81 60 -65 -23 -4 82 7 15 -21 3 -5 -94 29 -101 -128 80 121 116 49 86 17 5 -27 57 113 26 -56 -85 4 107 115 56 -91 -111 89 124 -73 12 -18 -14 77 104 125 -79 90 40 -1 46 -13 18 -119 90 -55 21 103 -89 -30 -114 -20 -75 81 -64 47 47 -69 -17 -109 -8 -87 43 18 -19 7 68 -42 26 49 100 116 80 -91 -125 97 75 -107 -57 38 -13 2 52 11 37 41 99 123 -54 -120 -81 103 61 -63 -11 -116 -126 32 -41 66 62 91 -77 -82 104 -116 -90 -127 -2 -11 117 -59 -53 -76 -19 118 -25 -33 45 88 114 -126 91 100 112 -77 -107 86 -102 120 64 -56 79 -42 -128 43 -102 66 -95 -15 48 22 -82 75 46 -97 101 67 -24 -97 115 -19 1 -112 -21 98 -74 -32 12 -73 86 -56 102 83 -15 -84 96 121 -71 -4 -122 16 -75 91 -113 -98 35 50 -25 -13 -84 75 6 108 99 53 -110 94 125 121 49 -63 -113 55 28 -37 -28 -85 33 -116 44 116 15 31 44 -100 86 102 72 -70 -117 -20 -10 57 110 -10 -10 118 115 107 46 -102 -56 51 -76 -50 -120 25 -2 16 31 -118 -32 18 4 19 -104 -76 27 -11 79 -69 37 -1 110 -52 -25 51 -73 4 -113 -79 -82 114 -76 -85 54 -72 -9 -2 -91 62 -66 50 -20 0 73 93 -95 -89 -86 -32 72 22 85 -13 -115 -56 18 -49 -14 -31 78 -116 64 124 -106 118 54 -64 -108 53 29 -77 -76 125 126 -94 120 42 -74 49 -99 -122 -12 93 -61 21 -74 -69 -59 -125 126 -29 79 30 -97 25 72 -43 -127 -81 48 -70 22 -97 53 96 -26 32 43 12 -86 78 101 125 126 -58 92 78 -23 -49 -122 9 97 28 -83 -20 -68 99 -23 -102 107 84 -1 -86 100 47 47 105 -57 -35 63 -116 -115 117 -33 87 -63 45 -2 -69 -128 5 31 -62 -16 -49 84 105 28 -43 48 -13 65 -60 97 103 31 -26 -2 -33 119 -85 35 39 -98 5 -91 39 127 10 -116 -122 -2 -7 -81 -43 -110 84 -22 82 109 85 -102 -86 49 -102 -45 65 -57 119 -91 106 -33 16 -100 73 111 -82 -22 -45 97 -89 57 -102 2 127 71 -104 36 46 -86 35 -5 3 -32 -48 56 -61 103 103 15 23 -22
121 101 -128 -29 22 65 97 110 41 22 58 -8 61 -35 -59 -39 127 -128 111 -59 -46 105 -85 34 77 68 -10 -113 28 -41 -16 -32 16 -24 -66 -63 110 -108 -8 77 48 -1 -48 101 -98 -73 -108 -110 -97 -63 115 44 -61 55 108 111 -54 47 -9 -78 -65 109 -120 -64 13 108 -8 -20 -4 -38 -51 -99 -19 96 -56 36 -98 -106 -82 -106 -25 69 69 31 -36 52 -125 -128 -6 -31 63 40 67 -8 -95 36 -13 -51 78 14 1 -108 -35 60 4 6 50 10 -122 51 94 69 -114 49 -124 125 -57 83 27 118 13 33 95 -43 -27 -3 -74 90 56 80 114 -2 5 -78 83 27 -106 -122 -117 22 -3 -94 72 122 -5 119 28 23 106 82 77 125 -25 72 -83 95 86 -50 93 114 -56 89 8 -121 20 -72 -88 -93 -82 59 -54 48 -10 21 -90 -22 -98 59 53 -96 -41 44 110 53 118 -34 -72 15 -41 -125 -56 -106 -103 -28 10 58 29 -56 123 -50 118 -109 66 15 -67 114 -40 91 117 78 41 -18 44 -88 27 -82 -116 -53 -50 -35 -102 -112 -26 125 98 108 55 104 -41 16 -49 -40 -110 29 61 -17 12 -55 -62 -120 25 -106 90 42 -76 77 101 -112 -66 34 -64 104 -90 -116 -75 23 -111 -9 -36 84 -92 -29 39 -73 -124 -15 -68 -60 -7 95 -47 -58 18 61 51 2 10 -126 -112 87 58 91 -87 72 73 -16 -102 38 -123 79 43 48 7 115 -22 12 -96 26 90 7 -57 -123 36 -5 -86 -10 76 -7 -128 -68 -76 107 -71 -73 -111 -116 108 82 -88 9 69 49 83 33 81 -24 -113 89 123 1 70 -44 0 118 -124 80 75 -87 -97 43 -70 32 -127 115 106 -124 -56 -50 116 76 -25 -86 22 48 -75 31 31 30 10 50 36 86 -53 -72 42 93 73 -36 74 27 43 2 108 54 -49 67 -125 -102 -59 -7 89 87 -104 83 -95 -31 -29 39 36 -95 -113 -6 -106 93 21 79 -111 108 -74 -62 -53 -33 -127 45 126 -30 -50 104 -121 -10 58 21 11 92 42 -28 -73 81 -22 127 46 70 -78 -74 80 -99 -119 -96 -26 -6 -94 -125 -63 15 71 106 67 0 -60 84 -67 -118 72 -15 -78 18 -104 23 52 71 57 -91 -104 -59 6 17 56 74 107 -61 -127 108 37 76 112 -59 121 27 -93 -71 34 116 57 -33 104 -44 -2 53 -28 123 23 -109 93 -43 1 93 -27 -100 81 93 122 41 24 -83 5 -30 -8 31 31 29 -100 66 73 36 -45 -54 -108 -39 -15 69 -20 -100
68 117 -110 -125 12 -100 -42 121 113 -106 -42 -61 122 -16 -58 106 75 -106 60 4 -116 96 20 -77 -115 -17 91 44 13 78 35 -89 -81 -33 111 -11 20 -52 72 -56 107 118 21 73 85 -70 -4 60 32 -95 98 -38 48 -109 -45 37 -62 -67 117 -9 118 90 -14 -53 99 85 112 -74 -89 77 11 -92 -105 -95 -77 -95 -86 46 -5 -46 -88 -25 110 47 -101 -63 -74 72 37 63 -6 -25 -30 62 -20 -123 -48 24 -123 96 -50 41 -42 30 -57 22 -36 -34 37 29 56 -29 -115 124 7 58 46 -11 -35 -122 42 -83 40 -104 -88 -44 35 -50 -72 -91 5 -124 -96 -81 -112 -71 123 -82 56 -121 77 -41 38 -32 -87 115 -11 -93 87 97 -74 61 109 -114 -98 15 -63 -115 -112 -16 -27 54 95 -91 0 68 -112 -108 113 -3 -127 91 -104 -32 45 -89 -124 -32 49 126 -66 84 22 -27 -88 56 28 39 -128 96 -88 79 113 74 51 -14 -122 37 97 105 -55 -47 -48 -17 106 -78 90 -84 53 -122 -51 -4 109 -14 -46 44 -15 19 -16 -64 119 -52 47 88 76 84 -111 -10 97 -83 42 -9 -16 -68 -45 111 9 -100 -80 -127 -48 -59 85 -35 20 49 -58 92 -24 -74 -102 105 71 119 122 -94 -118 78 -116 93 63 64 75 41 11 -103 -1 121 -117 -124 1 -81 -118 106 117 -121 94 98 116 109 97 -78 28 -102 95 -66 -102 -55 67 127 121 -17 42 22 -43 83 39 -119 -97 -57 -115 -124 85 121 79 100 6 -13 85 107 -1 7 108 -76 29 105 -20 117 6 85 -125 -89 -91 117 63 77 -107 72 -110 92 8 5 91 -13 -61 -33 101 -36 26 -33 74 -75 48 30 -55 39 115 -80 108 123 -61 -35 -76 -122 13 -60 -42 -22 11 -2 -71 -84 -116 80 45 -48 -13 -59 113 -32 120 19 41 45 -122 77 -95 55 -101 64 68 123 42 94 -105 -111 7 -109 -1 73 44 -44 4 82 53 119 106 78 -86 -1 30 -1 28 95 -23 -32 -5 -8 59 11 -27 109 35 -29 53 -89 41 23 -11 -102 -24 -61 46 -105 74 82 -46 64 -86 -101 -45 29 -10 51 2 -78 84 -114 110 -61 47 82 -64 -2 88 -113 -55 -115 101 -46 88 -64 -26 -21 -92 -46 -97 30 -125 -32 88 60 -107 114 -63 -32 -128 -112 78 108 -33 -60 35 21 10 -122 -30 7 114 -34 -70 -80 52 99 -30 -55 5 -78 14 9 24 80 83 101 -96 35 81 -105 -41 -119 61 79 61 125 -61 -62 -114 -94 -95 123 -36 63
2 -58 9 -128 100 -24 44 18 -6 43 -52 41 -47 -1 -82 45 35 93 -99 117 -76 -73 -20 9 -91 71 97 -128 66 91 -117 -71 -17 -102 30 -2 -31 114 70 123 -127 84 -110 -96 -21 -42 28 -86 43 9 106 -106 -99 -25 100 -123 -6 -15 101 97 -60 99 -85 -101 108 -99 -45 85 25 -56 -115 66 -13 -90 -81 -106 -19 8 -125 2 36 -84 -92 76 27 75 56 -4 -48 -48 120 -26 -11 34 100 58 27 -126 71 -96 78 31 21 -56 84 -35 -26 -73 89 -89 57 14 86 12 -86 -114 37 87 -109 -22 111 54 -69 63 -101 99 3 83 113 23 21 -29 -80 124 -36 9 112 -98 17 -46 -21 100 -111 50 -90 -63 122 -53 44 -69 -89 75 40 86 -107 -44 -22 -121 -62 -101 -31 -101 103 -42 67 106 -85 34 49 62 15 -26 -12 26 34 73 -74 -4 -113 -76 37 -17 -117 5 -30 -90 -88 -59 -80 103 -128 -8 16 112 -38 94 -10 -66 -47 -28 -112 -92 -114 -66 -56 -68 -12 -89 -57 -102 -7 102 -113 79 115 -67 32 -122 120 53 -38 126 -15 -2 -47 94 -125 -73 3 37 92 18 -36 108 -38 7 -29 97 -72 -5 22 -76 30 -110 23 -87 64 70 127 -58 -20 120 109 -28 18 -42 -28 47 -22 74 -49 109 -112 -4 41 -98 119 -110 -79 -96 25 -1 115 -44 -11 -107 -111 -118 -96 -121 -70 -57 122 -30 29 -95 -13 56 -53 -72 50 111 -50 -47 114 44 61 -117 -13 59 -109 -103 65 -69 -15 -121 -4 -64 117 127 -18 -77 105 -28 68 78 123 39 -119 95 65 -67 -7 -5 13 -62 88 15 -104 -32 -93 96 124 -69 8 64 -51 80 16 -81 -105 -126 -92 19 -51 26 -5 -31 21 -127 40 -62 30 11 -7 63 57 96 -107 -71 22 26 23 -38 102 -31 100 -76 -70 63 56 85 124 -82 68 105 -112 -77 72 -28 -35 -13 -117 -76 62 89 -112 77 84 7 0 94 107 94 -55 45 -71 -109 -51 61 -116 -68 87 114 83 -117 94 15 -122 -115 115 50 48 -16 124 -26 -46 -39 36 122 5 -33 -31 58 -63 -7 14 -119 -49 64 27 90 62 -83 89 35 20 2 -104 91 60 55 -73 -114 -6 -94 6 -72 45 20 33 -82 61 -37 75 98 -46 48 -18 -22 69 -68 47 20 -75 -13 -59 -40 97 -125 39 11 115 93 69 -28 28 87 76 53 117 49 -117 -70 -65 46 -110 86 30 42 -23 -89 -121 -117 -122 -56 -38 -28 -87 14 55 -115 114 -27 -2 27 106 -67 20 106 54 -62
89 53 -51 -56 -87 29 -43 28 59 -46 24 -26 67 5 7 -10 -102 14 14 30 -93 -21 25 -82 -123 117 -38 -44 -35 61 56 118 -27 -128 23 -111 -115 -68 -124 41 43 -50 77 -46 -10 -113 87 77 10 109 11 60 -7 -117 -23 80 -126 -81 87 -90 85 72 -14 41 -62 35 -28 104 57 -45 83 96 103 -80 25 -9 -33 -108 -112 51 111 -61 77 -18 -57 -81 19 -58 -70 106 73 -77 112 -23 98 -66 74 -53 -63 -109 41 -2 105 58 -80 -51 18 -70 114 -47 -75 -51 3 -13 -45 -57 -90 99 -76 30 61 69 -27 -47 29 -80 -22 125 -40 -76 -127 80 -69 21 -2 90 50 -45 108 30 27 -13 0 72 48 -30 -74 103 1 -65 70 18 112 -20 124 106 24 75 20 -69 -55 -94 96 -35 -43 -101 4 -99 4 -101 22 -4 -110 -115 -50 19 110 -62 -65 -81 -55 105 -46 -100 -102 -25 14 -106 122 -65 44 46 -35 0 67 -15 87 37 103 36 108 -29 122 -38 -112 -56 -24 63 36 -96 -102 -65 100 -51 107 59 -86 -4 -4 35 -12 39 91 -23 -56 -14 13 61 -79 -23 84 -65 11 -69 5 111 44 -56 -97 32 86 -34 14 105 -96 5 -110 -66 -75 -78 -122 -72 -80 -82 18 -9 18 78 100 56 111 -107 -46 66 -76 -122 -119 80 -57 -1 126 -111 -97 91 33 -111 68 -75 -38 -38 -40 32 -3 40 -28 -120 -111 1 4 122 19 -16 103 -111 -23 32 8 119 46 -91 108 -6 25 -7 -78 100 77 -125 71 59 12 -43 126 65 17 116 76 -43 -123 -16 -84 -11 -2 82 -87 -70 51 -1 -97 60 -13 -72 -18 -75 78 68 -119 98 53 -67 -107 85 64 12 -32 12 55 -94 -30 -3 -83 6 73 109 -58 -87 35 93 13 106 96 121 67 88 17 30 -55 -62 85 38 -38 82 50 126 -50 63 -85 -90 -16 75 -54 -95 18 127 89 4 120 -64 93 117 74 3 -116 -21 -18 -16 -92 -113 30 -11 -45 4 -66 61 11 95 -98 -46 37 126 -75 -68 76 -24 52 102 38 -12 30 108 -40 -63 -91 35 -54 -11 -52 -41 -13 3 -75 18 -63 33 -34 -28 -23 82 -59 -68 86 -52 56 -92 49 -89 -99 -103 81 -10 122 25 7 89 105 -89 -24 42 93 97 -40 16 67 83 80 101 68 -126 117 59 -25 4 -4 40 -98 -67 -32 33 -125 -4 -87 -58 22 -38 24 41 20 89 -128 6 -9 -84 -112 56 -103 -18 -16 113 -96 14 -121 58 114 12 19 11 -97 -118 29 72 -56 -39
63 43 -3 57 -77 118 106 41 77 61 21 -118 -47 -110 -118 66 32 -80 -1 23 76 48 -91 -62 113 -76 20 57 100 -99 -35 8 -23 -98 -35 5 -97 20 16 108 26 13 71 124 -32 121 5 22 -29 15 -61 46 112 -74 92 -54 -65 -80 66 -110 84 75 67 -9 89 86 22 -24 16 -9 41 -12 106 -109 -127 2 -92 124 34 -6 -88 -26 67 104 77 119 118 6 84 112 18 47 -10 -76 -45 -2 90 -87 -11 96 100 -96 5 76 -94 -101 -97 -46 30 106 108 -55 -60 0 -89 -7 38 14 -45 115 -71 -32 -46 115 -91 87 -126 2 -29 -35 -5 0 122 -93 -112 42 -115 53 127 -105 -70 -11 32 -60 52 -103 -57 -65 -82 -105 1 -111 -107 95 -74 17 90 -15 -90 -17 -61 62 -19 -75 37 -57 -84 45 -51 25 93 16 55 -121 -66 81 30 -106 -5 64 21 10 -6 -91 13 16 -20 29 -78 87 58 119 107 -57 79 -57 -77 88 -15 1 87 -8 -126 -27 3 98 -118 -32 37 -97 105 8 8 32 -94 -20 -105 -88 -29 114 -21 -8 49 94 -32 -113 100 -100 70 -121 22 -81 -43 -34 67 64 74 37 -90 -70 -107 -85 -37 -20 -79 121 -115 -46 -64 71 22 -100 -72 24 108 -40 -97 -108 37 1 -124 87 36 97 103 -77 126 -124 89 -39 77 76 52 -72 -56 59 19 -38 -125 74 -82 -98 -97 -45 83 -121 64 72 113 78 33 -52 -43 45 -113 -105 -44 -12 77 86 83 100 -66 71 -39 84 -65 116 -44 117 61 -39 8 -51 53 -111 12 -77 -51 77 -111 99 31 108 4 -87 20 0 -117 -107 99 -65 -84 -31 -1 23 -1 124 37 53 127 56 -111 12 87 -50 45 52 126 107 -40 -87 117 110 -27 46 -40 -67 -40 34 -55 90 -16 -68 99 -26 -88 8 -6 -56 -15 105 59 39 -86 -47 -59 42 -39 -74 -6 117 36 -71 20 -53 -37 -100 69 -73 -61 -115 -98 -12 15 50 118 -34 78 -40 16 -15 91 52 -73 3 -31 -108 55 -71 -117 67 101 -106 -1 -73 5 75 38 82 108 31 40 102 98 -18 36 34 11 82 2 28 59 -127 23 74 -53 88 63 -9 -8 -73 12 -115 -18 -60 -101 59 -43 -36 118 82 49 92 51 -121 109 -82 37 -36 -2 110 119 99 44 -106 -95 -95 -53 -44 93 36 54 -83 62 43 -79 63 19 110 -36 -78 -40 87 -102 113 -46 -88 -27 -101 19 -5 49 29 58 -48 15 27 48 120 -10 73 -21 90 -98 85 65 54 107 51 55 12
-72 -55 -53 -92 90 109 -12 -30 -19 27 119 40 -98 -79 62 -73 -127 -68 -76 61 13 51 -17 48 38 -44 -83 -113 -15 53 15 -62 -84 6 -85 -28 12 -84 -48 -62 103 87 -80 85 121 58 2 86 -53 -26 -124 -40 52 -48 -80 -124 -8 -5 -74 44 94 -4 -20 93 -90 89 -52 22 0 14 48 -32 -85 18 79 -7 -46 -49 -3 -63 -43 -24 69 3 80 5 22 -13 56 43 51 107 -122 49 40 -81 54 -112 55 15 -79 -60 -124 26 103 109 32 -50 -69 83 -116 124 60 96 -115 -103 -48 -6 -54 76 -36 5 -27 -95 -7 -51 -103 -74 63 82 115 -65 85 -125 -125 9 -112 -34 55 -12 -30 -36 7 12 -106 118 -29 9 49 -79 -33 61 101 -49 71 -60 -37 -117 61 -68 -27 -22 -67 -128 36 -76 21 108 -71 -52 -92 51 -101 112 -73 36 -4 61 -72 -93 -66 -47 76 -43 -113 9 43 -58 -71 83 -76 -10 21 71 52 -66 -87 -24 78 -88 97 1 -62 108 37 86 -17 -10 -72 51 37 33 -128 6 -101 65 -93 0 -59 -70 31 13 -85 108 -63 60 46 79 -77 -121 37 -87 -10 -30 8 111 -53 93 32 24 69 -60 -111 70 49 -86 99 93 116 -104 -87 -35 78 43 -56 17 12 119 -26 -123 9 -101 127 88 -94 -83 77 -8 -58 -19 36 51 -35 56 45 -42 5 38 36 22 -63 -43 43 -100 -87 19 -25 -26 62 -40 115 21 -11 43 -98 116 98 37 63 93 65 -113 66 44 46 0 -17 -46 -81 110 -71 52 -54 127 -24 76 -49 -87 -9 -74 -30 109 42 110 -20 -92 -104 112 -106 9 115 -14 40 -78 47 -77 -104 29 -78 103 -76 -100 59 -127 -88 -93 125 62 -34 -56 -113 85 93 -69 103 119 11 -109 19 77 4 117 -11 46 2 -70 -71 -95 28 69 -40 4 45 73 -17 115 -35 38 -49 -13 84 31 -27 -122 89 74 69 37 -82 43 32 -33 -54 81 86 112 -121 -92 124 -126 50 -120 17 93 -101 -59 -17 -82 116 -74 -55 -104 110 67 31 -91 105 113 -94 59 -17 108 -90 -39 126 -73 -24 51 -36 -16 -25 76 -77 67 -100 -76 74 85 -8 -126 12 -43 -14 86 -57 51 -43 59 17 -38 69 -32 -117 -63 6 -87 -10 -4 -96 -57 -14 -38 -27 -4 -23 98 -32 -14 -101 -124 47 85 -71 61 -33 -10 -85 99 -40 -1 103 76 -43 113 108 -125 114 22 -27 -88 -19 -59 -80 118 81 82 -23 0 -89 -84 -71 88 124 18 -34 -65 38 65 60 37 -40 40
105 -44 -110 6 64 -32 19 32 7 9 78 -126 -13 -101 -64 -36 102 -31 -44 -103 -20 -65 11 -26 -88 -62 124 43 -91 79 -46 52 31 -120 61 93 -124 34 -55 -27 -89 96 -124 -25 34 3 87 5 -34 46 103 48 -85 68 76 105 -126 5 -126 -32 -75 77 52 -32 124 -63 -104 -72 84 10 -97 -93 15 39 65 -6 63 57 5 68 -49 -31 -39 -119 -16 -76 57 98 126 -24 -122 -92 -31 21 116 -113 75 75 -125 -120 -120 -70 -110 57 -127 57 35 106 -124 -14 -97 -106 -8 -119 -35 37 84 110 -74 7 121 61 105 112 -11 -105 -34 -11 -59 -96 125 44 -12 -79 70 -125 116 -13 -9 104 17 32 -128 -29 -58 -104 122 49 79 -98 -55 -24 71 44 42 70 -115 -81 42 116 41 85 -5 9 -65 -85 110 59 21 102 -127 82 -11 46 10 8 -41 68 -33 45 -64 -121 109 -103 -89 58 0 -123 -27 119 59 51 18 -89 99 -96 50 7 21 92 -32 -71 -126 -1 -117 -43 -121 82 -82 72 -79 69 -4 -4 -53 -13 83 -35 64 -96 -120 -19 -67 -18 45 -83 32 88 -99 -23 -114 79 35 -109 67 -74 11 -94 -15 -78 50 84 -108 -56 127 119 37 -74 26 -76 116 -50 -27 115 -21 -40 -117 82 -32 -33 119 2 -103 -98 -1 -127 -101 -112 113 92 -32 -120 26 105 -77 -126 -97 33 -125 -109 -24 91 48 89 41 64 5 -16 -16 33 -46 50 -102 87 -114 3 123 23 -65 -91 -127 3 -19 -79 -38 126 -9 10 -88 110 -65 -113 -100 -92 -76 48 18 -40 124 -96 41 9 -7 52 72 -79 98 55 6 -104 -3 -72 10 115 36 97 68 95 -13 -17 -82 -117 -102 21 63 -101 105 32 -55 123 77 86 -54 89 -105 -109 45 -106 2 -95 -12 -77 75 44 42 -16 -70 65 -66 5 89 57 102 -95 -100 -115 -128 10 45 -28 8 53 37 33 27 -116 -24 126 -14 -103 -96 -34 -2 -125 -34 -86 78 -55 -63 72 -32 -83 16 121 22 120 13 -45 51 16 -44 101 -7 61 120 -21 98 14 56 -87 61 -114 75 -49 41 113 -118 -5 -35 -66 94 -17 61 -125 45 -62 -51 -41 -24 124 -50 -26 -95 -121 -73 107 -27 -126 86 57 56 7 116 126 -43 -33 8 122 -83 -84 -87 -74 28 -52 40 23 -25 3 -117 114 -127 -32 100 0 -82 19 33 -124 126 -47 -24 -44 -126 -50 99 -9 112 86 42 1 -78 -10 -122 -55 97 -80 20 -90 74 -121 55 -57 -46 -23 65 -29 -38 42 27 -81 71 91
-105 79 9 -57 58 -60 121 -123 112 -82 22 -92 36 -102 125 55 16 105 93 -107 -123 25 9 -92 24 -116 -48 -52 -63 58 -77 -34 11 -26 -6 -79 62 -62 -90 25 102 -102 54 98 -103 -78 31 114 -106 -37 -120 56 -48 -65 4 30 -95 23 -29 -125 77 -4 5 86 -33 70 -87 -51 -124 -26 124 -74 -26 103 124 37 -53 -84 -11 -100 -86 69 -92 -27 51 44 121 111 -103 -89 -26 -49 -50 -86 11 59 -51 107 -93 82 -116 -115 26 -67 113 -22 -43 125 25 -15 -67 -19 16 58 115 -60 -99 8 -17 -103 61 5 -24 -118 -73 84 17 115 -119 103 -19 94 -71 -37 -76 54 75 13 99 -90 33 -90 125 80 68 0 72 51 -83 -63 -64 51 55 -28 -68 -125 116 32 94 65 116 36 -102 7 -69 49 21 -22 31 58 -19 111 -31 -59 17 -15 55 -43 -24 123 88 9 -104 -123 106 24 -88 49 54 67 74 76 78 105 -17 86 -113 40 -24 -40 53 62 79 44 -93 92 -66 -60 -13 -32 -76 -127 -80 62 -70 101 14 -8 93 -34 -110 -17 90 10 -35 28 -124 -8 -24 -80 -100 74 40 115 -19 85 -38 -125 -31 105 -113 32 125 81 -28 -23 -65 5 66 -103 55 -79 74 -20 -77 22 14 90 -75 -96 -127 90 63 -33 -64 -67 28 -17 -89 69 61 11 -44 -26 30 -84 75 69 -63 53 -105 106 125 61 -87 -37 -49 -33 -86 -63 22 110 -31 -94 121 49 95 -28 -79 42 -59 66 109 -59 -19 14 -76 68 88 69 116 61 -2 -44 -88 70 -49 -118 -107 23 12 -40 53 -23 -76 35 -60 26 -62 -107 -35 24 -111 -39 109 -53 34 77 -3 31 71 -5 -124 -71 -61 -88 -105 67 -14 -67 109 -66 127 -96 -107 -124 63 42 51 3 18 9 -86 70 -90 13 -8 -47 43 41 -16 26 -20 16 5 95 -83 76 -61 89 -6 -64 69 50 1 -66 109 -44 -1 -35 105 68 -73 -77 1 -36 -16 -71 122 -61 -105 -84 9 8 44 57 -87 118 68 -107 -105 -104 -86 96 53 -22 -127 50 10 80 59 26 11 -29 -128 2 38 28 106 13 40 30 30 -69 -47 60 81 116 -119 -18 72 -69 92 -62 -73 -35 -38 10 66 -28 -95 37 26 32 92 28 28 3 55 55 62 -33 -94 79 107 -29 -41 -91 -128 -91 -16 -109 -33 103 -90 83 70 -57 -6 -86 116 -76 -66 -115 57 -101 -106 -31 -17 -77 26 -23 -88 -27 113 101 -47 -35 107 87 74 65 -48 -51 15 90 -69 -102 -10 -78 -10 -9
80 -5 41 120 -65 -100 104 -104 -6 -76 2 1 69 96 -53 86 -29 -84 -1 -20 -49 -110 79 44 107 -33 16 21 -29 36 37 121 -39 -20 96 -83 -22 50 9 69 -54 72 68 62 -11 -102 -11 47 2 -41 -46 14 30 45 -55 98 -79 -107 123 -103 -20 -79 -103 39 -13 92 92 55 -94 64 104 112 -104 -68 -82 103 106 -121 -65 74 -35 -19 69 -15 103 -118 124 -56 -118 111 5 -57 -94 -18 -22 23 8 -2 -117 -20 -86 -18 -47 -91 55 -102 -114 49 80 -124 3 -60 32 122 -81 82 64 -30 42 -106 64 1 71 95 -94 28 100 -47 27 -26 -32 22 -69 -89 65 -111 -32 -28 18 -111 -33 -43 -51 -67 -102 106 -10 -23 -24 16 -114 125 86 -108 -119 -98 -86 37 -43 -80 121 -35 72 107 -128 62 54 -123 -15 126 -85 -106 -103 -85 70 -78 28 84 -107 123 -43 37 119 94 59 95 68 -57 18 -84 71 -24 24 -66 16 -45 -59 -102 -103 -15 27 -8 -78 62 109 70 124 85 59 -121 -76 20 125 -97 -124 85 -1 119 -26 99 -90 -107 -103 -76 -111 -7 9 121 -64 -7 -1 7 -8 79 57 -110 -60 -123 -86 93 104 -111 56 26 124 24 -30 116 1 -52 -35 -109 -102 127 91 -32 -19 17 14 84 -72 90 57 -13 5 -81 -93 -20 -2 118 89 39 46 -1 42 4 8 -12 -34 51 -37 -53 -63 -110 -29 43 -100 -124 -57 3 -31 -62 -19 -50 -126 -6 65 -78 127 -13 -20 -10 -113 112 94 -7 -66 -76 47 -64 -106 71 -20 -126 -69 69 -126 -88 55 -8 125 66 39 46 111 -58 67 -68 70 19 52 68 -36 -52 -101 -79 70 -36 57 73 9 -57 100 28 20 44 -19 -118 84 -89 -95 70 -83 59 45 -108 -92 15 31 113 53 -81 -24 -29 126 -101 -99 94 110 19 -114 -112 28 -65 14 110 76 -104 117 -12 74 -51 32 50 41 80 122 -54 -50 97 -14 13 56 57 -91 -33 112 -12 -110 -2 -27 -86 -51 -8 -89 -43 71 -61 -34 65 -106 -124 77 49 102 91 108 96 109 105 104 -15 73 97 81 35 126 33 -14 -66 127 -111 -86 20 -50 40 45 -128 0 93 -1 -126 -128 -72 -56 38 -15 -46 60 123 -61 9 51 114 -10 110 -72 -41 49 93 -25 -86 86 -26 85 -102 75 38 -108 -121 -105 30 -55 -80 -89 -13 -21 38 56 -111 -101 118 54 -39 30 45 107 -80 -45 -100 -91 65 -15 -127 19 69 -103 47 32 7 -56 21 8 -74 -20 -27 -121 87 -49 117 99 -123
-46 -108 -125 -92 -83 74 25 62 -11 -76 -98 22 -43 95 25 127 38 -56 86 122 67 -93 48 73 108 45 -105 53 -96 28 -67 106 -68 -96 -98 58 -15 27 -60 16 89 114 26 -32 -106 104 117 61 -22 -116 78 -103 60 118 2 -86 96 56 -2 70 58 -16 -48 -62 -18 93 8 2 112 80 -72 -65 -107 46 71 67 -71 -108 -28 -3 -121 44 58 105 -116 14 -2 -127 122 47 122 122 -125 13 12 29 -72 -123 43 -36 -68 -64 -108 94 -70 -81 -12 119 125 -88 98 -60 122 51 -10 -114 82 -39 85 -21 -5 -43 -19 -127 -37 -24 -16 70 -5 97 2 58 -50 -92 34 39 1 73 -98 120 53 123 -28 -51 8 81 -76 -13 -47 -56 -43 49 96 30 -121 113 -107 88 121 -127 63 -46 -115 -42 -55 43 -103 48 -21 64 108 -3 40 67 126 -99 36 96 111 110 -9 81 6 -128 10 -101 -61 -105 -68 -19 -70 92 -95 -47 63 -40 0 56 -90 -84 -59 -74 -109 -76 25 -20 91 -7 -122 -17 -48 101 47 47 55 -93 -83 -111 -20 -98 70 -90 98 -72 -17 15 -64 56 101 18 0 -113 -44 122 -79 40 -95 -63 -30 31 -12 115 -36 -28 -20 -75 30 -30 107 24 -44 -60 -68 10 7 84 24 52 -19 56 -2 90 105 -20 -47 -21 -84 -98 63 44 -68 -124 -95 -34 -116 86 42 77 40 76 121 35 -97 0 53 23 30 0 -117 -124 -85 -20 33 51 108 113 -9 50 -35 14 40 5 -6 -102 -2 78 -39 -108 -95 -46 31 -77 74 -99 74 -43 -77 37 112 69 -26 85 -16 -51 38 -104 25 -75 31 80 -126 -10 -42 84 33 10 122 16 -107 68 -73 -64 -27 -11 6 -12 91 41 59 110 15 121 45 118 -58 -118 -68 -35 -32 -87 -51 41 -56 58 103 22 -118 -69 30 109 -127 -95 -36 6 -37 -118 -25 84 80 125 -128 -74 89 -62 27 -11 108 71 122 2 -58 -30 13 77 41 -11 -125 5 12 -93 -53 122 83 -105 109 99 -2 8 -39 69 -10 -91 64 -57 41 88 -112 61 51 -23 12 -51 -120 -99 -101 -57 -93 55 70 80 -112 23 92 -49 -60 7 -24 -44 92 22 33 -89 56 99 13 -52 -66 -102 110 -5 -100 64 -113 -18 111 -115 -89 61 116 30 -95 -106 126 -73 28 -10 8 -18 11 60 -96 -103 124 -28 70 57 -61 -34 -101 91 87 113 -69 20 79 -83 37 -31 -92 79 50 -107 -51 -28 -78 -107 -75 -6 -105 122 92 4 -50 -77 -100 100 -81 38 -74 17 -35 35
-127 93 -128 -85 74 13 -69 -85 96 87 119 -64 -115 78 -34 -15 56 100 -38 108 22 -7 55 3 124 65 50 -64 -1 10 52 -15 -120 -51 -37 22 42 -60 -18 114 -100 -94 59 -15 92 -62 66 -110 87 -3 115 -8 47 -18 119 3 -91 5 4 -30 -126 118 -111 118 -117 76 -96 11 40 16 80 -128 55 67 85 67 -7 74 -52 65 -50 119 56 -116 14 50 57 -58 -87 18 79 -92 -45 54 -69 112 67 93 37 -6 52 20 16 -41 40 -31 -117 -92 85 43 -6 122 -94 50 117 -94 9 113 -97 -26 126 -74 -9 -18 81 -24 23 103 97 -101 56 -63 -55 67 109 32 -38 -76 46 79 116 -91 35 82 85 69 19 -116 -64 120 -115 -106 83 -104 -68 -99 -72 122 -35 -58 -105 -48 -27 -19 -25 -39 -78 -110 -73 -61 49 -110 -86 -49 -123 96 -116 50 63 -17 -115 104 -80 -76 35 41 124 65 -5 -81 56 -19 -93 106 -9 39 104 24 -105 -5 -35 -124 126 -6 59 25 122 -95 60 59 22 -10 -36 -48 92 -126 -97 106 -47 -7 6 -70 13 -77 60 -26 73 -13 15 57 -126 31 85 -82 -108 -105 2 -51 -4 63 -1 -60 -89 44 -25 103 95 -90 80 -78 34 49 55 -123 122 -110 -33 51 -7 83 -23 112 123 -58 89 -71 -90 -80 -6 -32 -125 -83 41 -56 94 -109 -95 -15 41 118 18 102 -72 43 118 -81 98 -107 -79 90 -37 99 -68 -88 54 -16 71 -9 -95 -39 80 -121 29 -19 -39 -73 26 -37 -78 -89 56 7 62 46 -113 19 14 109 -95 -44 82 68 -33 110 -8 -89 -11 32 76 73 -73 -62 23 -83 71 6 121 71 54 -5 -49 -86 -7 -66 52 -86 51 106 65 25 105 -36 10 101 -110 21 52 -119 86 107 104 113 92 122 47 -68 110 -28 98 22 36 2 20 16 -28 99 54 48 -41 -6 -52 37 112 125 19 95 -50 3 5 -87 125 -110 71 114 -33 -52 -18 86 39 112 -108 108 -126 -11 -38 76 118 -63 115 49 45 14 80 -68 20 126 -69 112 -80 -32 -64 105 2 -122 27 -64 16 14 94 -43 -70 -55 18 -22 7 -107 -50 113 -108 -21 98 -51 -27 -11 116 -106 -112 -127 -29 93 -92 48 78 23 -50 -68 -22 72 -4 16 63 -120 81 57 -76 -111 45 -5 49 117 -125 -89 76 75 -63 -47 76 -35 -40 -58 -63 -94 -5 15 -51 -12 94 126 89 -33 120 -107 -72 -108 80 -16 -100 -116 32 -18 -105 95 -123 -38 77 -18 28 119 -38 33 77 -93
-68 85 118 -29 -124 73 -50 -16 -90 92 16 6 -51 14 -76 7 39 66 18 -88 55 112 50 8 -66 40 -104 16 -17 -57 -13 -111 48 -98 83 23 -9 34 98 -41 -48 -57 38 53 -118 126 109 12 50 113 -7 98 -112 -10 -87 77 3 -98 -31 -41 -52 121 99 -90 79 58 115 -92 -123 65 -124 -91 115 -86 -77 -13 43 60 48 -36 -109 35 -116 -122 -6 -1 63 122 60 -80 -88 36 94 13 -2 -76 33 6 -13 -37 -87 -96 -2 0 -48 -114 -43 14 114 47 62 -62 -77 -12 -47 -83 -115 -60 -95 -17 84 1 -35 -110 -10 47 -72 -28 93 58 113 58 -124 -27 73 -43 60 -72 105 90 -9 -53 118 -25 89 126 -2 38 -12 80 116 -5 -93 -114 8 12 18 -100 71 -34 -42 -122 -2 -2 21 -80 -70 33 -76 20 -9 123 3 -15 -4 -24 8 104 -46 -88 127 12 -45 -98 12 -37 77 -120 17 25 49 -106 -116 1 86 -11 -111 -16 -94 103 70 -66 102 -115 19 54 -56 -2 -71 -109 -106 124 -61 -13 -55 -78 41 -95 4 -114 97 -44 -3 -25 -116 -25 34 -85 -73 41 -7 -85 -62 35 -47 -17 -4 47 -110 -34 48 -34 -48 73 60 59 38 126 -69 41 -86 18 -128 -41 -74 89 -68 112 -89 48 122 11 -58 -62 -84 -124 126 126 23 -6 -127 -123 105 89 41 -20 -66 108 72 109 -128 -7 -29 -117 94 -12 14 12 -55 -50 -43 26 -72 124 34 -109 -7 -58 -34 60 -101 -18 -30 -128 74 -10 -118 64 -36 2 -55 35 -87 122 29 37 45 61 -87 35 -88 -125 89 39 1 49 -95 62 -86 -65 125 36 -55 -99 -114 43 -66 80 -68 66 -51 32 15 -68 -13 -122 -40 52 -77 1 102 0 -103 -57 -13 98 16 -42 -45 -47 46 -105 -56 122 -101 0 -62 -67 -47 20 4 -12 -92 34 13 -84 -26 98 54 114 4 -51 23 -120 76 -87 56 37 63 34 -63 3 104 -49 115 -76 72 -22 -111 -120 10 67 32 36 -93 -114 120 -88 -10 -99 -51 97 69 -114 62 104 1 1 -44 -69 -89 43 23 24 -80 82 98 -34 49 -25 -113 80 5 38 -22 62 -66 25 66 -46 40 54 -101 50 126 -36 81 -90 -117 -31 79 -25 44 -7 0 117 1 71 -83 -64 -62 -39 -93 121 -89 -36 -33 30 -67 -81 37 49 29 70 78 -119 -89 -112 -52 -36 -56 17 -102 62 28 -62 -11 -97 102 106 -119 -127 -6 40 -66 72 3 -66 -54 16 -13 -22 -39 119 -61 116 18 109 127 72 -127 -54
5 37 -32 41 -87 -71 85 -46 -95 -40 -16 -29 -56 -25 8 -56 65 -22 -24 15 -62 65 -50 -103 -83 -111 -120 -77 -125 81 -2 23 51 102 -31 87 81 -116 38 106 -27 51 -4 -31 -26 122 -118 65 89 36 55 -85 75 -120 -50 -25 117 -103 -122 73 -99 3 88 88 -37 -40 -25 82 14 89 49 -64 106 4 -19 -68 -22 3 -24 -7 17 53 -127 -119 119 -48 109 88 105 -49 -22 -112 -43 44 28 -55 103 91 -36 46 29 -8 -38 -86 75 -1 -48 109 92 127 9 61 56 -52 -119 33 76 20 -127 3 119 -35 107 40 -48 57 -6 -66 5 -18 -116 -31 -7 -101 70 -1 -21 1 61 -27 27 114 54 -52 -59 -104 -114 -89 16 -19 120 -59 -74 18 71 100 -23 -73 -53 -14 -123 56 50 14 26 119 -29 -80 42 59 104 -35 36 -28 23 56 -125 -68 61 -49 26 -16 62 -48 -112 -40 19 88 30 -14 -111 -84 -13 -73 126 83 22 -95 37 79 105 -69 69 31 113 -128 -38 98 -45 -66 39 116 -87 -11 -41 -57 81 24 20 -121 -17 96 -62 123 14 -69 -51 -61 -27 121 -90 69 2 -12 83 -126 107 -18 44 124 40 -3 -82 50 24 31 3 49 -42 -23 89 -47 31 -61 52 60 -88 102 26 114 107 121 2 14 73 -119 87 -52 65 39 -74 91 2 94 -78 70 -63 -94 90 70 117 83 52 99 126 103 -4 -126 -87 100 9 65 -83 75 -97 -128 -56 -8 123 -78 -61 101 31 121 -99 57 125 40 44 -34 -51 -87 101 124 8 33 -118 37 -99 8 69 13 101 -127 9 60 30 90 -40 100 -88 37 -8 2 -89 104 -71 28 -82 119 84 -9 87 -98 -123 37 -124 -49 45 125 -19 -31 104 25 124 7 -62 -52 -85 20 64 -66 -41 -52 -119 -118 -36 24 -83 -39 -97 103 14 -86 82 -110 -95 -1 -61 -113 -43 -48 -38 11 -80 34 -79 -23 62 16 -95 -30 46 -16 70 77 -102 -11 13 -123 -18 7 -77 89 -92 -119 -2 -62 -53 -19 21 20 127 97 6 -27 98 -80 -116 6 -26 -50 102 126 87 -117 -50 67 89 -11 -87 6 -13 110 -81 -30 -112 -52 -21 17 67 75 13 105 65 46 31 1 -109 -38 123 -96 51 -24 80 72 36 -36 40 62 -62 12 59 68 -66 -51 -122 0 -12 -28 75 5 66 -98 -122 103 49 -47 50 -112 -116 95 -2 -85 -76 61 45 -3 -79 50 62 -109 96 105 -88 65 82 -111 -111 122 15 -32 112 -2 42 82 -5 62 37 -31 -78 93
121 -117 -51 -128 24 5 -34 117 -100 93 -18 2 -58 21 -10 -49 -31 78 28 99 -16 -35 -105 -90 76 77 86 82 87 83 34 -66 -104 82 32 -71 104 -83 93 12 -12 -76 -118 -20 31 -101 -83 58 21 -96 27 13 -15 74 -113 -32 -43 24 91 -55 58 61 60 -99 62 89 99 -26 -92 33 53 62 21 -71 -93 74 -122 -86 -125 25 110 -16 -100 -41 48 16 -93 -60 -118 123 -94 122 68 11 97 -103 -23 90 -14 -87 72 -121 -87 -11 67 75 59 -39 118 -18 40 -99 -120 91 43 -11 117 100 52 99 53 1 -68 -27 -91 -14 -89 -70 -39 -49 88 102 -95 70 53 36 3 30 -120 74 8 9 61 124 -1 83 62 45 119 12 -119 51 16 77 -47 98 80 -75 -107 -59 -82 98 73 44 -62 48 -70 20 -33 14 -128 -35 32 -45 -53 -15 60 116 68 40 11 32 77 26 -45 111 26 0 -81 101 -30 -70 -99 -113 121 -96 88 20 7 -109 -68 123 64 17 67 -70 56 45 -81 -106 -84 -12 -33 -128 66 125 22 60 -35 31 116 -7 16 -31 -122 -9 70 -108 -30 109 -16 44 -99 -75 -2 104 -11 -114 -10 -7 56 94 -41 -76 89 112 120 -94 -122 115 25 92 -22 60 -127 122 40 -88 -83 109 -99 62 -89 -86 66 -51 -57 33 -107 47 108 106 17 -65 -58 -79 -38 -66 121 -22 95 79 15 12 19 115 44 -79 -43 -2 61 25 -28 4 90 45 71 -119 117 123 -7 -102 17 -68 11 -52 34 -71 108 22 81 -57 107 -91 -76 -72 77 61 76 -90 -97 -31 -23 -88 90 -58 5 126 -57 -35 -71 69 21 -91 53 -89 17 106 22 102 29 121 7 -9 -128 100 17 -5 -108 22 47 -28 110 -60 -77 70 -42 110 94 -54 117 -99 -114 -66 -114 54 57 37 -9 30 -21 30 -65 116 69 62 96 -115 70 10 -111 111 -126 20 -18 42 47 -30 9 -15 -34 -39 -112 114 20 121 -31 40 -37 3 118 -16 69 68 -81 -95 -46 13 -85 88 119 -38 -59 -118 52 124 -112 -38 104 -87 -31 66 109 -66 -125 -49 -110 -19 36 -86 -25 -42 90 -78 -70 75 104 -126 11 115 86 -122 90 -47 18 10 -47 10 34 48 -90 -13 -66 -91 -92 -127 0 -112 86 116 115 -123 -13 91 -115 17 -109 -40 105 -81 39 38 -104 -71 27 -123 72 -1 103 64 -54 -127 112 70 -52 27 -121 -40 -98 120 54 111 99 26 -78 82 92 95 52 75 121 54 -61 -3 -26 82 -34 -60 -99 -35 -28 -102
-126 -119 -60 -4 120 -17 -77 -22 7 -104 89 17 82 101 27 95 106 33 78 -4 -55 27 -14 17 57 104 15 71 -40 -96 127 -99 -121 -70 113 -20 -31 70 -83 97 110 -95 91 16 49 -109 73 -20 -70 90 -78 -20 44 -97 -36 -61 5 24 4 -75 -73 124 -41 -97 -29 30 -38 59 -23 37 38 -55 -60 -12 -50 -6 16 -106 127 -116 -52 -110 -8 116 -13 -43 30 -6 106 124 37 5 -45 101 25 -59 -44 -115 103 -57 -120 -48 70 -75 -84 -50 100 -87 -79 -7 -51 -66 49 -95 113 -42 95 -80 52 116 21 49 -67 104 45 1 84 -81 28 9 -35 62 3 -109 -123 26 -4 96 82 -83 -30 7 73 -114 71 94 89 -38 -71 30 -126 -108 -86 111 22 98 -112 -36 82 44 -102 26 25 -100 82 115 54 107 52 -126 -105 84 -39 -67 119 125 83 61 -50 107 39 34 -80 84 127 100 -43 -106 22 -92 -82 71 -76 20 7 -107 83 32 87 -58 122 -1 -60 112 -90 -99 8 -27 -96 42 15 -48 46 -108 88 10 -112 -60 -76 96 -75 -49 107 -72 13 32 -98 -5 -43 115 15 -41 49 96 94 90 -50 -41 121 -75 -12 -22 -27 -21 66 40 83 -5 1 13 51 -111 110 25 -116 -82 115 -119 -41 -12 67 -32 -84 -40 23 -61 96 5 -13 100 49 26 -76 66 -44 92 -84 -34 -20 58 -11 25 97 116 92 -78 84 122 -40 48 88 -51 94 123 9 -109 -101 53 30 -3 -22 44 122 -16 88 85 10 90 72 -77 -7 -30 99 7 84 34 -47 82 115 72 119 -43 -85 68 -82 -127 88 -56 94 -83 16 87 -128 -47 43 83 106 19 104 25 122 -90 -37 -123 109 -49 114 18 118 -3 -25 49 -120 11 -98 -87 31 45 -102 -54 32 -122 -74 -64 52 37 68 1 -53 122 -17 14 27 -29 -117 -40 43 -21 11 126 -110 63 -37 -12 123 -1 68 -111 -112 -30 -71 56 30 -95 -70 -43 73 -53 -68 -18 122 -76 -123 19 -97 -49 -115 101 116 -88 -90 17 -107 -45 -81 11 -90 37 -92 15 112 73 120 38 14 97 12 16 -33 60 -26 -108 -89 -108 -106 -76 21 -46 45 -116 72 99 119 -70 34 -75 -119 -26 84 -111 126 39 116 -33 -54 -51 59 -95 -15 -123 -68 5 15 -116 74 -99 96 -47 -87 80 49 26 -101 80 -20 36 -47 -114 -14 89 55 -69 -86 106 -108 -90 67 62 -116 29 -104 3 -119 127 20 -104 -11 -14 42 58 22 56 -114 100 -100 -41 108 118 15 64 -20 -48
-68 36 -56 10 -84 73 -29 -61 -114 -67 15 -70 14 -44 -42 79 47 59 23 -63 -76 -72 -122 -124 -28 67 -99 78 105 79 47 125 -88 -89 10 -101 50 90 -62 22 79 -4 121 -5 -81 -111 -11 61 -70 58 35 -22 -51 -71 -42 15 -52 56 100 122 -61 2 63 -78 -111 126 119 125 36 -79 12 -80 -18 -45 -56 69 28 -16 120 -81 -36 -82 -27 -100 72 73 44 -89 74 -80 90 -114 76 29 -124 -40 49 -113 -57 -29 1 -43 -108 7 -89 -109 -16 -61 14 -1 86 86 -30 112 55 50 75 16 93 66 -112 1 99 -34 32 -38 -44 -91 -112 -11 60 -125 -34 -116 4 -60 63 37 35 -50 86 75 -15 -121 39 84 84 6 57 72 -80 57 55 -63 -68 28 -42 -1 -43 -113 45 109 11 -89 58 -60 -56 -13 -28 -54 28 121 -99 39 2 74 90 -74 86 -112 -73 -10 44 -81 -95 -75 101 -13 -87 127 -79 111 -46 -116 -89 84 88 93 19 -34 98 -38 -90 -67 -92 23 114 82 -60 19 14 51 -99 -45 -45 -76 -62 -116 -33 -28 60 -2 112 106 102 -62 49 -43 -57 7 -35 42 -13 65 32 89 -26 -103 59 40 83 102 -13 -3 44 -82 -127 -96 26 -52 125 47 -122 -47 11 33 -82 34 -14 16 -25 24 31 -57 4 -21 -33 117 -33 -53 -46 103 -69 50 -128 61 53 -110 -44 -82 123 55 76 -120 -18 -13 -46 -16 123 69 80 73 35 -100 -33 48 74 73 -17 72 98 65 -77 30 -92 -15 92 -48 63 -79 -48 -73 -19 -22 23 -37 -36 70 54 -21 16 -36 100 -126 52 -90 11 -40 -93 -69 70 -8 86 -69 -18 104 -120 -114 -31 -100 -126 99 2 23 35 19 72 -115 -78 -10 126 8 63 123 -35 -64 -81 25 -23 -28 -77 -128 82 53 -125 -11 -31 61 36 -19 25 -26 -113 -35 -107 -93 7 63 117 -21 -65 -34 7 33 -54 29 1 -80 -81 -47 -66 8 -92 -13 11 -62 -20 87 19 66 -82 -108 -94 91 41 -117 -22 91 14 -75 -11 68 -13 -24 103 114 -53 124 -28 45 -84 -81 115 45 30 -114 74 89 -58 52 -112 5 -56 103 23 -95 94 -50 30 -34 -80 -67 -33 35 9 92 -45 109 -39 9 -71 -104 112 -55 -102 -37 74 -2 -7 60 -6 0 -107 -104 -62 -21 -4 91 24 -108 24 103 -27 -94 -6 106 -73 -108 -92 123 82 0 -24 80 123 -74 -10 106 -116 36 109 8 16 -111 -26 42 -60 19 10 -15 104 12 105 -70 69 122 -64 80 86 126 -27 -125
-42 99 27 -45 -63 110 -79 121 -41 -27 21 102 85 1 -101 9 -87 7 19 -35 -20 3 -66 -117 22 33 15 -41 -6 -78 -37 -65 -111 -77 60 -24 -34 -94 -92 19 -113 -8 -17 -80 -27 88 -45 -110 -106 82 69 45 53 -84 116 69 -33 -16 -24 -7 -50 -21 42 97 115 -69 118 37 -88 -74 -110 64 30 52 127 111 -26 45 -40 -19 -119 -80 -108 89 64 -23 100 19 14 -126 127 -90 93 20 116 29 -24 -94 -86 -127 111 66 -80 -81 -47 59 -32 -78 76 76 -23 -95 19 106 -29 87 94 -55 -105 120 -63 -113 90 -41 11 -24 -112 39 38 29 57 -118 39 -30 -66 -102 106 74 -4 79 -4 126 26 69 -79 15 92 -13 14 -85 -105 -27 -67 43 -34 -57 40 61 76 -86 62 -117 -84 46 -116 -48 126 -55 -28 -126 69 126 -24 79 94 -103 45 49 64 -37 -37 -71 112 97 -37 101 -121 18 103 28 4 -91 108 95 61 47 32 29 100 122 56 83 66 -91 -78 -100 69 -39 -100 -42 1 -73 -29 91 78 84 98 86 113 -11 85 20 -17 -59 -77 -111 12 105 -27 120 -125 62 -73 39 98 81 87 102 27 -6 -44 -84 -114 121 66 -83 65 103 32 -83 -4 -43 -23 -99 -81 53 -89 24 -89 89 126 -102 85 -40 82 112 -106 12 -95 -101 79 51 105 -29 54 6 78 112 98 -65 -120 -19 102 73 -24 24 -117 -27 -78 -90 -83 -122 -92 30 -59 75 -97 -83 -91 -112 -73 112 -4 60 37 -86 13 54 -57 -55 108 -39 52 -105 57 36 -22 93 -36 -127 -72 -88 -64 107 -14 105 -9 101 -66 -96 -109 -16 82 117 57 80 102 56 108 78 -66 0 78 67 10 117 8 85 -18 -107 52 -30 -3 -110 -55 52 -14 -72 103 126 11 36 -77 -57 50 100 50 -89 -11 -74 -127 -52 -45 66 0 -2 115 102 12 91 68 84 -28 103 -18 105 126 63 -33 -88 125 70 -38 32 -96 47 -128 63 37 105 16 85 67 -79 -50 -11 -16 -28 -33 115 -34 75 -41 126 -68 -13 -10 76 107 -82 120 41 -12 -101 47 -112 -103 127 40 48 -118 -6 125 43 -34 -24 -21 -37 21 -5 -67 -91 -94 31 -73 24 125 57 -61 15 -18 -75 16 94 51 57 12 113 -11 -28 -24 -37 -89 -109 110 90 49 -67 -1 -24 8 83 33 79 -93 83 91 -61 117 93 117 -52 -107 18 32 -19 -101 -27 58 118 -115 46 2 2 31 -36 24 8 7 -120 74 34 80 -92 30 -26 124 71 -115 58 -126 26
-83 117 -41 -94 -88 3 84 114 -24 -97 -39 114 -125 -98 88 84 57 16 95 -52 96 -113 82 69 -98 -91 48 101 -107 53 44 -125 -5 -104 -18 -96 -97 -59 50 -95 48 12 74 97 -106 56 -127 79 -125 -112 90 117 -20 -53 97 107 -62 65 -41 64 72 116 2 21 -44 -99 104 106 -32 18 31 -42 121 -34 -46 37 52 96 -25 -71 -53 -95 45 86 84 -21 91 -28 -107 -22 25 -56 69 114 -69 -44 -74 8 61 48 47 97 57 -21 -32 -48 117 23 54 -33 -30 26 42 122 -53 -85 -43 19 -38 -8 74 105 -105 45 -124 -127 6 -26 -69 -10 -31 31 37 -26 20 9 107 -80 -82 70 -5 -36 -96 115 15 -8 17 59 -80 -58 19 30 -67 -9 113 54 -46 -126 87 92 -108 -14 -79 -83 -67 127 -8 -50 114 109 -3 -106 65 -30 -7 -80 -89 -67 48 96 32 12 5 90 109 -100 -71 -3 11 -1 -114 -95 -8 -102 79 -88 126 86 41 80 -10 -70 118 58 -117 103 -74 23 -9 -121 -28 101 -15 -57 -85 -91 -52 -50 -76 11 -91 -51 39 -18 82 -16 69 12 -44 9 -114 70 91 9 113 22 -24 76 -10 64 -127 12 -122 -36 41 -26 87 22 -12 116 -22 -10 105 -75 -15 10 2 90 31 125 -116 -3 8 -67 -51 21 -31 117 -90 98 -17 -55 -24 -15 22 -116 9 77 70 13 106 37 69 -11 -63 6 19 -109 -21 23 27 -95 -97 -47 -109 28 93 -90 61 111 56 -115 -11 94 -85 8 34 46 -115 43 24 20 107 82 -5 -97 34 52 56 55 -25 17 88 -11 -76 79 100 20 83 -111 46 2 6 98 95 -8 -64 71 -51 36 24 -80 -17 -77 -73 -114 111 113 -96 1 79 97 80 33 -77 44 72 -112 20 2 95 85 -121 23 30 87 -33 68 -17 65 -69 -77 38 98 32 82 -96 -76 102 -127 -69 -81 3 124 -51 -68 -109 -7 -96 -99 -34 6 -29 124 -4 -28 1 81 -119 112 -28 0 9 50 37 -88 76 83 4 -73 -65 -24 -96 63 -54 -46 9 4 31 -57 69 -21 -5 -117 97 117 -64 -12 -111 -90 -85 109 -123 43 -47 -83 8 -128 93 -98 -108 -95 -85 -29 53 -37 74 57 9 17 -33 93 -95 -51 -12 -61 -80 66 -24 19 17 -117 78 -100 -28 100 -2 2 -43 76 -77 -115 72 -21 101 74 123 115 -49 -97 -14 123 94 16 -90 -89 -97 -127 5 89 -121 -61 89 66 9 -9 51 -109 -80 34 47 78 127 -35 60 -35 116 -86 38 -43 -96 57
109 48 -40 -71 -21 77 46 105 9 -95 -25 -115 15 0 -118 -38 62 -127 117 -14 -107 57 -119 94 87 -12 -88 126 -60 -30 3 113 67 115 -33 46 45 -5 46 -57 38 -79 25 -5 90 35 -91 60 -33 4 -107 25 122 -52 17 40 -2 119 -45 36 14 -76 41 21 -88 -41 -107 -76 8 -62 -34 48 -18 5 -122 52 112 14 -55 -78 64 -105 -109 19 25 125 -50 27 105 -25 21 48 -18 -2 -78 74 -119 107 -66 55 -94 -80 28 120 110 -20 -18 31 -31 87 9 124 -125 26 101 -122 -28 83 -3 -117 89 -34 110 -17 -6 -78 -71 23 70 -116 105 -112 -90 -119 73 -18 -84 -46 72 -65 -12 -120 98 -111 -17 -10 -69 114 -120 106 -39 -28 -7 61 -125 -124 -63 -108 63 -44 86 -44 59 125 -99 -108 -121 44 55 -8 84 -7 -39 67 115 124 -128 -42 -53 120 29 70 -2 -54 -119 7 14 -125 -40 10 13 44 29 -128 93 -70 1 -56 -68 35 82 -60 -12 -67 1 -63 -109 113 -55 59 107 30 -87 104 126 65 -44 -123 -16 -74 124 0 19 83 -76 -3 -121 115 -117 42 85 -115 97 -100 44 -66 -1 99 -98 104 -64 35 51 -56 70 127 19 -55 59 14 -114 77 -78 127 6 62 -35 33 84 20 -25 -118 -80 12 -124 10 62 80 -1 -95 -119 85 -102 21 42 57 -2 108 93 -47 44 -78 -89 -98 -96 35 31 24 -85 17 30 -28 -102 127 9 50 -14 -7 -57 54 -5 108 -127 -113 -108 -54 23 -70 97 -109 105 -57 -16 -117 78 56 -62 -19 -90 38 -65 76 103 70 90 8 -14 -84 72 95 56 19 -70 88 17 62 -25 59 -96 -70 -103 72 -53 95 -5 -126 83 94 -44 -111 35 -26 -14 -126 76 57 -50 -2 22 45 -79 28 -1 107 -105 -51 -33 -65 -57 -29 96 102 61 -118 -117 -71 -77 -54 -91 22 -123 -22 82 127 -112 90 -71 84 59 64 -127 -26 108 -43 -22 38 -88 26 6 -73 31 26 25 96 -82 75 52 86 87 -108 104 -10 73 -56 91 -120 84 3 -75 -61 4 27 -23 51 56 -98 75 -83 -62 -100 67 -64 -47 63 93 -30 -27 107 97 -90 -63 -51 46 73 2 51 -8 39 -75 -60 115 -15 21 -105 -117 109 -50 97 19 27 -82 -62 -50 -101 -32 6 27 -40 101 116 -57 -91 -68 -87 -22 24 76 -49 -128 -78 23 45 60 -17 8 -18 51 -106 42 120 51 113 8 -2 26 113 -58 62 6 -122 49 121 44 -21 121 -27 87 -109 -43 -51 5 73
15 -88 -112 -83 -78 84 -78 80 41 -6 115 -20 -126 89 -102 -127 118 -44 -41 -69 94 -68 119 88 76 104 -31 67 46 114 86 -100 46 -40 91 -34 -59 -92 -120 -126 -38 53 66 -124 -22 50 1 30 -88 107 9 49 17 -109 -13 34 -73 -2 -121 -32 -96 31 -66 6 -115 19 115 125 -20 15 19 -74 74 87 -63 -11 -10 111 15 -108 127 -9 -3 13 75 61 -57 40 -71 -33 -91 67 6 -103 10 -43 117 -66 -49 -40 27 -124 -69 43 36 9 71 -60 -28 -41 -38 -95 11 -124 -111 8 72 121 -41 74 -13 21 -115 -119 105 -95 -57 -22 126 -38 104 -44 58 -74 -42 52 99 114 -96 -127 -106 -47 -96 -119 119 -12 1 -95 -122 -6 2 -80 85 -95 79 89 -107 -46 3 -40 -43 -119 124 33 -75 67 86 76 70 -115 94 -107 65 100 -80 -121 50 95 113 -44 -65 -27 52 -97 60 -41 109 -75 125 16 5 66 98 91 4 51 75 -61 -1 63 -6 105 -18 -24 11 5 0 65 118 -126 5 62 101 118 -78 35 114 -36 101 -125 -36 -20 -8 -10 24 -22 -123 -55 -76 -96 -107 40 -18 -107 -24 77 70 -24 -97 90 -107 -48 2 -47 13 -32 -2 13 -59 74 68 -107 13 71 -75 -90 5 -51 100 75 -60 85 -72 38 62 116 -97 -108 -127 88 70 -12 -127 124 104 -106 116 88 46 -94 -103 -73 -77 -82 -69 50 -21 -107 104 -91 45 64 17 -9 87 110 19 39 -78 -7 -99 51 -61 91 17 70 60 -97 -62 -28 78 45 -16 28 -101 125 70 23 -73 99 37 -109 -80 -77 -122 -49 35 69 105 112 0 -117 -88 -2 -4 75 -113 -17 7 53 -119 -34 127 -115 33 -59 -95 -111 -53 105 -36 22 -42 79 63 13 -113 58 73 1 104 67 31 -35 16 126 119 50 94 -18 28 53 17 -105 -97 3 -50 -55 -42 76 -51 -62 66 34 -68 -70 7 41 14 91 51 -62 -99 97 -75 -94 -105 84 63 -56 109 -40 109 -40 -118 -7 -53 -76 89 -17 112 50 54 -10 7 -64 40 -5 52 -65 55 30 60 35 88 49 15 -54 87 99 117 -49 -41 18 27 -54 -63 -35 -72 -45 -22 87 102 86 -26 -57 -20 -43 -43 -3 111 11 -26 78 76 89 -1 78 90 -66 -9 81 64 -21 -4 -58 -59 -90 7 2 32 54 -40 127 -16 46 -37 102 47 58 -48 -103 -89 76 9 -110 -25 31 -50 -98 -103 -26 49 88 59 -12 122 -112 4 -83 19 -107 112 41 29 90 43 -36 31 -45 -36 -45
-119 78 57 -17 -41 102 60 -117 -10 20 97 122 27 84 33 61 -83 -55 43 -41 74 -10 109 -89 93 -116 20 22 53 86 -15 -50 57 92 27 1 -48 -98 85 -58 -63 19 -95 123 -30 -94 -122 -90 59 -69 30 -105 28 -35 30 -44 -80 0 9 -27 15 -59 28 85 31 -116 -109 22 86 -97 -73 -118 -57 -63 98 121 -92 -10 -39 -58 98 -68 33 65 68 116 30 -110 -114 -71 117 2 110 -107 71 -19 20 -57 65 69 26 56 75 4 -33 -91 -85 24 65 -113 -48 62 -120 102 -7 124 -73 39 126 -65 36 -104 -76 103 108 91 53 -15 -4 42 100 70 -25 -59 65 -21 92 58 -40 -93 -5 4 38 103 -33 55 -93 67 -95 64 -127 47 40 9 -61 -39 -41 -41 -71 -71 -120 107 35 101 -88 -87 37 -90 -14 7 -78 6 -56 -68 -93 -6 63 115 -92 -33 -89 17 -111 -120 -25 -124 -94 68 8 -16 -100 -118 -102 81 126 -29 1 33 -106 -107 110 -7 28 116 -117 -7 -50 89 -19 47 100 94 5 122 -74 -7 -2 -42 53 -9 6 -20 15 -10 -105 118 3 -55 88 91 -105 123 -46 -64 73 -118 124 111 115 43 -26 -66 -58 16 19 -43 -85 -95 75 1 19 -100 -48 4 -112 -83 -24 64 118 84 -114 69 8 38 -21 -115 -42 -64 108 64 -74 -113 -62 61 -83 -72 47 -126 -105 -110 106 24 -10 -72 -53 -73 -40 -42 58 12 -19 -35 117 -14 35 -127 90 61 30 -68 -65 89 20 35 -41 -53 -93 37 69 -20 -127 8 -102 -122 -14 120 103 -20 -87 -99 -30 -12 -37 -3 40 41 118 94 105 10 -44 98 28 -92 -19 43 -16 49 -116 44 -14 71 99 77 -34 107 -17 -122 -32 56 65 127 127 125 13 -28 14 85 -5 -115 91 -115 101 -92 70 -6 -28 -24 -88 61 47 -44 88 63 38 49 -127 -67 -1 -63 90 50 -85 -122 -34 44 81 29 78 62 60 115 127 53 -13 -13 -12 -83 11 -114 -97 -73 -57 -3 -10 118 -124 120 -82 73 -67 82 116 -88 14 45 -87 38 -126 30 105 -111 -17 72 50 32 -26 8 -119 -76 89 93 122 -123 -123 7 -24 -33 -101 -3 125 -32 -70 98 11 -51 -49 61 -125 -33 35 -109 15 -65 -96 35 -22 75 -121 47 79 -29 98 -75 -40 -74 -31 101 11 68 77 109 -108 59 116 -40 -46 101 119 63 72 3 -127 93 27 122 14 -119 -121 54 91 32 14 74 25 -38 85 -49 -28 86 -30 -52 12 -126 35 41 45 -103 77 76 61 90
-54 1 -99 -92 25 114 -19 88 73 36 -119 70 127 122 -39 -90 -50 4 -117 -16 -106 114 14 -108 -68 123 -50 -71 -27 -121 78 -124 99 115 -39 -79 121 -108 88 -102 -17 -126 123 104 60 117 -93 -121 25 -46 -3 -84 -83 66 127 -38 -17 -16 71 51 -14 58 88 67 126 -25 110 23 75 99 -5 -80 19 13 -18 99 -17 -114 39 85 54 7 -46 -10 -105 -20 60 95 -93 0 86 -22 -67 -112 -90 44 -24 -113 7 -83 24 -99 13 20 -96 -99 3 -10 -97 -89 -41 1 58 23 73 -36 -76 -11 -5 -43 -3 -43 -37 -40 51 125 0 49 -76 -88 62 -90 -51 120 -12 -66 119 71 47 -10 19 68 41 14 -104 29 -46 -91 38 -110 88 -7 -64 81 31 118 -2 -24 -51 6 -43 -38 -88 85 104 -121 62 39 -1 -57 -54 -11 -39 -120 33 20 22 78 -122 -48 91 107 -114 -101 -40 -69 -120 127 -47 86 19 42 4 86 -83 78 -23 -13 -50 109 -54 -94 -123 79 -20 113 107 -92 -113 -111 -34 45 -54 -3 -51 103 -40 70 -79 80 -33 -78 -19 93 -6 16 -9 -36 -99 50 -15 -54 -81 -128 -116 10 102 69 -45 113 -5 46 -110 123 96 25 -102 -90 -1 -68 -73 -6 -56 105 40 7 -77 5 45 21 53 -3 127 -3 33 102 95 92 99 -33 -85 91 -76 -79 26 1 -49 -2 -76 65 94 -34 11 16 12 42 -27 -60 6 74 -61 61 83 -33 83 -42 35 -74 92 103 69 -10 -85 1 94 -48 21 -97 -70 14 -78 51 -128 73 37 112 -56 -8 86 39 -28 -121 32 50 85 20 5 -81 60 -37 16 -113 21 20 7 120 124 -76 9 -24 95 1 -2 -125 39 109 7 -89 -72 -70 -7 -90 -41 114 -76 96 40 63 23 100 -40 9 -74 -17 8 -88 -89 52 -27 -114 -107 24 -6 -48 32 -58 47 -22 -94 -40 83 -114 61 -28 32 -124 -65 39 54 64 33 11 35 -23 95 -84 89 -98 65 -69 -120 28 81 47 -44 100 34 -52 102 -110 -98 118 40 36 92 -80 -83 19 -28 -79 -24 54 -45 68 -7 64 116 83 -78 -20 85 28 49 -69 -27 57 18 1 -110 39 -66 -123 -109 -66 -127 -10 100 -121 61 126 69 -80 -104 86 -106 -34 -112 -11 -73 -19 -85 56 -31 63 -71 62 127 110 -44 -37 -49 -28 -82 -55 -47 48 -64 -94 79 -5 -10 85 123 -29 -46 -67 7 91 -11 -56 97 2 -16 -49 -39 110 18 -94 47 -7 -40 73 1 125 63 89 80 -74 94 -16 -61 -10
-30 40 55 -85 -94 58 -126 -22 -98 -39 -100 -48 52 -83 -8 47 82 34 74 118 53 -62 -41 120 -111 -109 -125 64 34 -9 24 48 106 127 52 -99 -90 101 36 20 -84 12 -13 -66 95 116 7 -87 -75 -89 42 -54 -123 59 29 9 -20 22 -4 -94 124 8 109 -99 -86 95 -32 6 123 82 29 35 -5 124 94 39 -2 108 20 -66 6 1 -115 32 119 -18 76 113 -48 7 114 -122 35 57 93 -82 89 78 91 116 125 -62 -12 103 -68 114 126 123 82 -28 90 -109 28 -104 43 92 -37 85 65 -14 67 5 27 86 80 69 117 -103 80 56 -91 44 120 -64 -95 61 108 108 -113 -93 73 67 121 -52 44 123 -95 75 -93 29 97 27 23 5 -49 50 -76 -95 -54 88 89 -99 -56 -90 -57 69 102 24 34 17 -91 -35 0 -12 28 -85 33 63 -45 -120 28 65 97 -55 -95 -46 -27 -119 -11 49 62 -64 80 -48 -68 -31 -110 52 -70 52 -89 -120 -68 123 -6 -83 55 -72 84 -17 -73 -110 25 13 27 66 -19 27 -34 35 -60 -114 -22 109 -88 -43 14 13 79 -66 -109 -60 -79 -4 89 -12 15 20 -98 38 69 123 2 48 115 6 -109 5 -43 45 52 -114 60 17 -91 -78 -111 47 -67 85 22 42 66 -94 14 73 -68 -13 90 81 62 -30 -34 -21 97 -108 -96 -67 -38 -90 88 127 -4 113 75 -36 -36 -40 -103 -104 -22 47 -120 -9 111 44 -88 -126 54 31 90 -22 36 98 1 -61 -9 -68 -57 66 9 57 124 77 -12 -42 109 -81 -123 -110 -113 -92 -31 -61 35 -112 -110 -3 -86 20 -1 -63 68 28 51 -27 -64 32 90 -101 99 8 81 30 -79 -108 7 68 -96 17 66 -4 80 43 106 35 119 -4 -8 117 62 72 -81 115 78 -128 64 -19 38 21 58 -101 -50 -36 -96 -22 58 4 -62 -113 -9 -64 105 34 -76 99 -16 -16 5 6 -95 -33 6 83 -46 -17 -109 87 -70 -13 18 -91 21 40 47 49 38 -97 -34 -55 -16 58 -33 -83 -61 -62 77 81 -123 -26 64 -10 65 -31 90 113 -46 -73 60 -88 55 75 76 92 -55 17 4 27 -89 124 -10 38 82 -59 -68 -123 -4 45 -76 -80 -116 -95 -117 -88 84 99 -92 65 56 -3 119 114 -45 10 -69 0 -59 -80 -114 33 4 112 -78 36 118 4 -82 68 -120 113 -122 -120 -101 94 53 -87 42 57 80 85 -92 -95 55 -35 -23 -99 -29 -35 -6 59 -90 -112 105 98 -115 -92 66 -69 70 -27 126 -25
-3 -8 -116 17 38 39 40 117 -72 -76 94 -55 47 81 -122 80 -47 112 11 -69 39 36 0 -51 26 -87 -107 47 0 16 -101 41 7 -7 -118 80 -19 -104 -98 -12 115 -115 -109 -31 15 120 -118 -107 -59 -107 -92 2 44 -43 -67 -100 -114 110 -104 63 36 -28 98 40 41 21 39 -26 -118 -80 113 46 -80 -121 34 25 16 -49 2 45 -75 72 6 -97 86 -73 -126 -14 -105 -128 -33 56 112 81 104 -26 -123 69 42 -119 73 127 -90 46 -2 -21 112 -124 -125 -74 2 10 71 38 -72 72 -17 52 72 -128 88 -37 127 0 -7 93 -118 -22 -41 -77 114 3 7 73 -6 96 -75 -76 -83 30 15 -57 -52 34 -35 -54 -85 -36 -79 116 4 -24 127 17 -41 -78 63 15 -50 24 -82 -59 -62 -5 92 93 -10 29 -24 83 -80 -71 18 120 -22 -43 -16 14 -101 33 44 -70 61 -40 -111 127 111 -11 3 -19 -13 104 47 -76 -64 37 78 8 40 11 41 90 47 2 -83 -115 -78 65 -42 85 -104 79 -64 64 -117 74 -86 -37 -54 -42 -86 110 95 126 59 -116 88 68 -87 86 -59 65 -26 -32 -108 -115 -53 101 -121 -61 37 -43 92 66 -38 60 -93 -2 -14 -116 -26 44 -112 -64 48 -16 -42 -70 50 11 63 70 41 113 -80 -123 51 -3 100 -24 -119 61 -84 -105 90 -105 -101 -29 106 -32 -99 31 103 36 83 117 -11 -43 32 17 76 9 85 81 60 59 -22 -98 99 64 -11 29 20 -61 48 -35 102 -22 9 40 -125 75 -111 58 -97 -30 -95 79 -91 -59 -61 -2 57 87 -57 9 122 -38 -123 -23 48 -128 69 -78 -26 -95 12 -121 66 -128 -40 88 -16 5 -9 38 -115 25 126 82 -57 -116 61 112 -10 -7 47 -37 23 66 113 -101 -117 127 -103 -91 59 118 26 -33 27 -64 102 -20 -17 -103 83 109 114 -80 74 89 -60 34 -86 57 -122 -83 -106 10 40 -36 -59 -73 117 119 75 -44 93 120 83 83 33 33 -41 -56 35 -40 -88 -106 107 121 29 -93 -117 113 24 120 12 47 27 -34 -42 -89 104 -29 40 36 28 54 -93 -86 -53 -110 -104 61 -63 -97 -118 54 84 118 -7 -61 94 7 -81 -119 71 -99 5 28 48 -6 -97 -122 43 125 15 43 64 -43 -8 -50 126 34 -2 109 -29 27 121 21 44 -51 -99 46 -110 -98 60 103 -118 120 41 -117 -73 -81 -107 26 99 -100 29 -46 -78 -13 -48 68 57 2 -79 70 1 76 103 109 68 60 -19 77 42 78 -93 24
94 60 62 58 3 94 56 -32 13 9 92 123 -40 -126 -7 -59 -57 102 96 -44 -41 -124 6 33 -117 -79 63 -92 34 -87 105 -25 25 83 101 119 -108 54 -69 -11 44 25 114 120 64 -117 -4 -128 116 125 -94 104 -65 79 -119 -77 -6 99 -59 57 11 62 13 -101 -6 16 -51 -74 76 -48 74 45 -37 -117 -52 -66 -17 -69 -15 -54 -82 8 -13 5 113 41 75 30 -56 113 -20 97 52 -52 33 27 -1 45 48 -41 -15 -93 38 42 -67 13 -55 111 -17 17 103 38 24 11 -87 -56 -35 -76 51 88 -3 -119 23 -65 -119 63 -76 -49 8 65 -119 -45 11 -53 -46 85 -59 31 -41 -6 -38 11 47 -4 13 -95 -71 8 -34 -114 -50 63 6 -60 48 122 -32 50 80 -53 120 -74 43 -67 -119 60 15 38 82 -87 19 -34 -113 49 -35 -105 105 126 27 81 -100 127 82 -10 115 47 -9 91 21 11 25 -44 127 -89 87 60 36 22 -103 -120 23 -61 -49 47 95 91 -83 -1 -9 39 53 -103 -128 -7 92 -51 68 -24 92 117 -82 12 -78 -111 -47 -51 -89 63 127 -80 -40 97 7 101 -14 -32 27 -36 -52 100 -73 -121 98 115 22 -116 122 76 121 122 -92 -44 84 -119 99 -2 24 -25 -109 27 57 -68 -35 22 -85 74 -23 111 76 118 -39 123 -42 -5 108 -61 -108 -107 40 127 -33 -75 5 71 40 -16 61 39 120 -117 48 115 89 -41 -73 -104 62 33 -106 -8 97 122 -38 -32 -30 106 93 47 117 108 -32 -116 16 -36 -41 -85 -119 -122 61 46 -96 -3 -118 16 114 28 21 -126 65 62 7 125 106 -112 93 -4 0 -22 10 -12 74 46 118 120 -123 -20 -74 83 56 78 -31 15 -65 65 44 -10 -127 -111 -59 66 -22 -13 -6 100 79 -6 -100 -1 -12 -61 8 36 96 -64 -83 -79 -97 107 -97 -19 -67 42 12 31 67 -32 -89 -26 110 25 -52 26 -3 -30 -16 96 64 7 126 9 9 -105 -55 -68 33 -108 -13 47 -45 15 124 -62 25 72 48 49 -67 -112 20 65 -19 -108 99 66 60 -85 52 119 87 80 110 114 37 -14 17 27 -17 -2 -112 97 33 59 -39 21 -33 -110 27 -33 99 74 88 -13 -114 -41 115 -38 19 -83 -126 -56 5 9 83 17 26 111 73 110 -66 52 56 53 -105 -32 -3 -75 70 100 115 -43 -114 -7 -33 -26 -17 -50 6 -13 -12 -81 -11 106 51 -127 -89 -23 -62 -119 -25 -97 4 12 -90 37 105 -20 -110 -118 70 86 114 104
-113 -38 -65 44 -91 -25 -93 -14 16 -97 -83 -37 -81 79 22 -110 27 -83 -20 8 -71 -109 -121 -114 -28 -102 -3 -91 -93 -26 86 2 117 13 -84 68 -62 84 49 -58 68 126 -74 -34 16 -109 -35 38 37 56 30 91 81 -26 77 -69 -95 -111 -83 99 -83 53 -44 -56 36 -101 100 89 -12 31 -37 119 -71 44 78 53 79 -51 79 -127 -89 37 -32 -50 -71 -2 -48 -11 -115 -45 -126 82 -24 -68 -74 39 127 -113 56 -45 -66 14 -106 37 -46 11 51 22 -55 82 -9 26 -67 113 3 68 122 -5 48 -75 -96 65 -123 85 61 92 -10 23 -65 -68 -127 -42 120 -100 -70 102 11 42 103 96 82 74 79 34 5 -94 -110 -112 2 -67 -69 -15 -20 -22 -121 30 -128 45 -42 -15 -7 92 -112 15 79 -2 28 91 108 106 19 -42 -49 -81 -12 109 -78 -2 14 -101 33 109 10 62 -77 -40 -9 -52 -47 -7 106 -100 -19 -86 126 64 -55 -92 32 -107 34 -75 17 14 -35 -22 107 79 -100 -34 -69 16 38 81 -97 40 -33 23 68 -25 -66 105 79 86 95 94 39 19 -30 71 -11 -13 82 -54 -94 -10 54 126 -77 -65 85 58 -32 -1 123 -107 3 -47 6 -117 -25 -14 79 -40 -25 92 -82 26 -111 31 -82 27 121 -35 -96 -121 -88 -75 -98 -5 82 65 -94 88 -101 -88 -73 -37 -87 59 -37 -5 0 -70 87 95 63 -41 62 -76 -51 26 -72 -100 80 -64 75 -38 -110 125 47 -55 15 50 38 -23 41 40 86 48 -87 -123 22 -19 -41 117 68 121 85 51 78 -109 -43 11 33 -22 104 50 81 -32 125 97 -40 -117 92 -102 96 77 45 -48 -110 -43 -70 103 -80 108 70 98 38 -106 44 -57 68 -116 95 86 -116 16 -74 1 13 -70 84 21 44 -96 126 95 -111 -121 31 98 -97 16 12 108 120 -39 115 -83 42 24 49 124 96 114 -116 -92 -94 73 116 106 77 -45 -60 68 -109 -80 -74 107 109 112 87 92 -113 9 -46 -62 -62 46 -66 -11 -60 75 -15 -2 117 -68 11 -126 -89 -75 18 -18 81 -28 110 -90 0 -113 122 -89 -121 -114 -43 -117 -31 -20 28 14 4 -42 -41 107 -93 62 -87 -122 -42 -75 -11 -38 -84 107 -36 124 -20 30 110 -63 8 46 -24 -7 71 43 68 47 53 -5 -35 27 49 -39 94 -99 113 89 -42 29 59 1 53 97 105 38 55 -57 -30 -54 114 29 -3 67 -99 -106 78 -7 -80 -53 97 125 86 -81 -105 -25 88 -51 -33 -66 74 12
114 48 -57 20 -109 82 -31 -24 54 -67 99 -9 -67 38 59 17 -100 -46 5 -47 -108 47 -36 16 12 21 -102 -13 -47 61 70 79 -75 18 45 -54 13 -18 -90 -37 109 38 54 72 88 29 -9 108 -6 53 -86 -36 -97 68 118 -87 -41 89 -85 125 126 81 -41 2 83 -69 17 30 -12 46 -51 51 -37 27 -59 -102 -66 3 87 107 -113 -120 14 -103 6 25 -102 44 -71 -111 -117 115 -101 4 93 88 95 8 -96 -117 30 46 118 -110 -113 96 34 3 118 -111 -74 -104 -128 46 -85 83 105 -70 27 -14 65 -87 89 56 -83 -118 -51 -43 -113 89 -57 -27 -35 40 -47 -34 12 -33 -59 -66 34 88 33 -105 102 65 50 88 107 124 -103 85 21 -69 78 0 -41 -75 -119 39 -61 38 -98 57 -124 -11 -40 5 57 126 93 47 62 -46 0 124 -85 -56 -56 13 50 54 15 -107 28 -40 -107 78 115 -65 123 94 -70 -114 46 4 127 -43 -36 -43 -73 -37 -74 -106 -117 -41 26 -93 23 -99 -79 54 80 28 59 -65 -84 -65 -2 -104 -125 -93 105 34 -15 -67 38 -115 26 -95 80 98 52 40 -35 -53 -64 77 -20 92 40 -74 94 66 58 -97 -2 34 120 -43 47 -101 -108 11 -91 -72 -98 62 103 -57 124 -110 72 14 17 -97 57 -28 50 45 75 -106 62 -93 -37 -80 -65 -15 -125 -53 78 -29 40 97 -17 -82 39 48 122 87 -100 29 110 94 91 32 85 -72 57 116 -31 101 126 56 63 54 -34 10 30 10 100 -100 -75 -32 69 120 65 -75 -55 19 34 3 61 87 -16 82 -73 -92 94 74 69 65 -60 24 0 24 -28 18 73 -17 14 -79 10 -51 33 19 -4 -114 -18 53 56 -32 100 41 -2 109 -91 -70 109 -124 61 83 -68 -16 28 31 121 97 -37 60 87 -91 -70 -49 -93 -9 6 -11 -57 -49 -86 -110 55 -102 43 -70 -30 109 -36 -88 46 -30 87 -49 -32 -122 -19 -6 -91 111 -19 -29 -69 -24 66 47 14 118 -119 118 54 113 56 117 -106 -90 73 57 18 -33 -100 56 31 -90 -96 21 95 -64 74 55 19 23 0 30 -92 -38 37 -51 1 116 -81 116 -69 -65 62 -49 63 -53 20 15 124 -15 -127 -127 -4 115 -45 -30 60 107 -108 90 98 19 44 89 104 -12 83 83 58 83 -39 -89 -24 41 79 -107 -120 -15 24 -124 -35 71 -73 103 41 -92 -102 88 20 -37 -50 -39 -121 -88 -34 36 -32 103 -85 -96 61 88 -87 90 -126 104 -76 53 -105 -24
63 -117 -37 -30 93 116 105 -59 -100 89 117 -51 -72 11 17 -54 -73 -6 18 43 -79 -30 -124 126 113 25 -84 -8 24 92 -13 -127 -65 5 -57 -79 -12 -91 -8 -71 12 59 12 107 4 118 -105 -47 -117 83 -113 79 -78 -53 -125 23 15 68 -127 30 64 -77 69 70 115 -12 -77 41 -52 -122 65 -86 12 -110 -72 60 96 -96 63 40 100 114 -22 -73 32 -78 62 -105 -127 36 1 -14 35 104 39 14 -28 111 -64 80 93 -30 -25 -121 55 8 -112 -96 54 -77 -125 -111 32 -71 -99 -27 -96 -49 42 23 107 -116 125 -61 22 57 33 -35 -13 -67 -88 39 -55 -81 -105 17 -103 39 74 39 -112 -23 -63 -51 -60 -83 -54 1 -117 82 -32 -95 91 127 29 -64 -46 -69 -89 65 116 20 -82 -114 -82 -100 80 44 110 103 6 102 101 -24 111 -25 -77 95 42 108 88 -44 78 24 36 -77 -88 -117 -79 -68 -12 11 -125 23 121 -52 68 10 36 -87 86 16 104 -71 47 -2 -103 -48 15 60 -33 107 -127 44 108 -61 -38 -72 17 100 37 47 38 41 -9 94 16 -65 18 22 -84 96 -80 34 100 60 16 -126 5 0 19 -95 -94 -41 17 -7 18 -68 -41 -42 115 -58 96 93 -61 -20 98 79 -77 -112 86 42 -13 83 118 57 21 99 -6 -82 78 34 -85 -22 1 60 125 18 -124 -53 -48 -95 -87 47 91 -102 47 -33 63 -112 -89 35 -35 -33 -113 -120 123 5 -70 119 -113 -30 82 81 17 13 49 0 -16 74 -89 -4 61 -45 119 -34 -89 9 -44 -75 127 48 -89 -104 -85 101 76 -60 83 29 -68 -33 -21 78 -8 -71 101 79 -61 98 -56 54 -23 108 -59 15 -68 87 51 -47 13 115 42 -2 -69 84 -81 -126 -107 90 -29 -27 95 -10 -85 7 125 -40 -19 49 -61 -11 -2 60 79 -2 60 25 127 34 78 -108 -31 -95 48 -86 110 -67 -124 -31 85 69 73 54 77 -95 66 -109 -20 124 109 -116 80 -73 50 -36 24 18 31 -98 114 104 -105 -96 85 110 25 -12 89 -99 -125 63 -55 29 -90 125 -107 -23 88 -41 -21 -37 26 17 -48 32 -49 -11 -117 -63 -116 21 -112 -35 -126 -69 -105 -91 -116 67 99 -38 92 -95 28 -16 -23 8 -44 -51 -32 -19 -56 -29 103 39 -61 -46 6 -109 1 -67 14 35 -23 66 86 -72 47 -12 64 103 -58 -43 -32 114 -13 -61 -105 6 -106 -35 -2 -116 49 81 -88 -56 93 66 -23 -26 -48 -80 -30 71 62 -47 127 38 57 -10
74 40 -23 102 122 -38 30 -94 122 -16 -123 -53 107 16 -27 -69 105 -39 -55 47 -18 -107 -88 109 121 63 -9 -56 -8 -77 -109 -120 -3 40 24 121 -21 -67 -12 127 19 -34 -98 15 -81 -7 55 107 -31 -115 -5 3 46 -42 -8 31 -57 125 101 -116 88 85 108 69 125 1 90 101 44 -63 -128 7 -29 29 -68 -10 0 57 111 54 27 54 -38 5 15 71 14 -18 -100 -12 -76 70 85 -76 -38 30 83 69 39 -111 63 118 48 -48 -19 -12 -67 123 -71 66 -82 -81 -119 -59 94 15 -17 -109 95 127 -82 -5 -102 -11 46 19 32 -125 74 -33 26 66 -9 104 -25 -9 19 -19 -100 51 -88 51 -71 127 -38 -86 19 52 105 25 46 33 -127 65 18 -119 64 -19 84 87 -8 -106 -19 -93 91 -17 -103 110 16 49 49 9 -29 -43 43 -12 -92 -3 66 38 -54 2 -60 47 121 -56 30 41 -83 -43 -99 88 -126 -42 47 -111 -122 -30 -53 22 27 -76 -55 -31 23 57 -1 101 -45 -94 1 72 -30 34 61 4 -78 -105 12 -35 45 88 -33 -98 -128 -31 61 48 -35 -59 -24 45 -120 55 34 -94 63 -10 34 -42 122 90 -88 15 -32 46 -52 -64 56 76 -10 36 -68 -35 9 -87 -63 -61 62 104 -35 115 85 39 93 71 -19 -67 90 -24 -86 -99 70 -81 19 30 40 -18 23 105 85 -91 19 -60 -72 63 -121 -123 54 36 4 -75 68 -106 -45 -16 103 31 46 -117 -45 -23 108 -67 3 -32 -87 50 116 95 -85 4 -52 0 9 -76 -70 68 -103 -67 -89 124 6 -11 -10 125 -125 50 -26 -83 -90 36 3 -102 -128 -66 77 38 -104 -61 -22 37 70 71 117 124 -6 99 72 -53 -73 -110 -42 62 50 30 -25 35 -18 -15 19 27 -94 -91 -84 -102 124 68 -128 76 124 -97 32 74 44 52 -29 33 40 98 53 30 -34 9 77 -91 26 -109 62 81 92 -31 35 -103 -96 -4 118 72 -22 -61 -25 -90 112 101 24 -79 -79 39 -60 -65 -109 95 -55 -118 125 31 -116 -74 -87 -60 -52 37 -128 106 111 47 -12 -31 -81 105 14 61 -67 81 -35 -34 -99 -43 -88 -75 106 33 57 93 28 -98 72 -78 -24 -109 66 80 23 -123 49 96 -47 -107 -65 124 -20 -21 -3 18 -16 112 31 120 14 -115 78 105 46 -64 -2 35 -106 -102 121 86 7 -50 98 51 36 -38 23 95 61 107 -43 68 -27 30 -68 88 81 -91 -101 -15 105 -119 -115 -60 -28 123 110 83 -27 23 58 -124
94 -46 0 -8 -127 66 51 39 -122 -106 -45 52 -23 66 34 65 46 -99 -58 33 44 29 -10 105 -65 19 -110 -71 55 16 -6 -21 91 -29 70 57 -44 14 -57 -22 90 48 -57 -43 -118 -33 -25 47 118 -105 35 83 23 -114 -61 -122 -16 -114 39 -2 -14 -69 -114 -105 11 -65 6 26 -13 -30 -97 111 11 119 12 -69 123 70 -10 29 -10 -20 -51 117 -14 89 17 -60 -92 124 65 -97 -33 -98 103 74 72 -15 -113 -95 64 -20 -54 91 -100 66 126 -46 117 -89 -46 -28 -68 62 26 28 -78 -24 -30 -71 80 -40 -48 87 -104 75 101 36 50 -85 111 -74 65 -85 8 -84 -112 38 105 -19 -94 -107 5 -18 109 100 44 -9 29 68 -20 56 -85 24 -122 17 76 100 -14 88 -109 120 91 -126 -4 -51 80 -5 36 -104 -119 -101 117 -114 61 8 -23 10 -54 -119 -2 -81 80 -74 84 -95 -65 -42 -76 -123 24 -68 31 44 -92 -10 27 53 9 -120 26 -12 -13 -38 17 -76 -118 54 108 107 -107 -107 100 85 40 -13 -13 9 27 -25 84 -8 42 27 -90 -89 -59 94 -128 3 99 -43 -84 104 -2 33 -51 5 101 -127 -80 -88 -95 39 -25 -69 -13 94 13 -63 -51 -46 99 -7 119 -26 115 67 72 88 85 -53 -68 114 58 19 15 -65 -34 -105 109 85 -33 107 40 -10 70 83 65 -54 -84 98 70 -51 -10 15 -75 66 -124 -54 76 37 -20 -30 85 55 33 -89 -15 104 113 -35 -78 48 -128 64 54 79 27 -16 -69 20 18 28 -107 26 90 42 67 -15 -42 -9 88 -72 -10 -53 82 -120 -117 34 -30 13 -86 -125 -81 94 56 12 114 19 -41 -109 -25 -59 86 9 -116 103 -56 29 -120 4 60 -121 -66 -117 124 73 -99 -27 -37 -66 -59 -54 117 -25 64 37 -11 47 -75 56 5 -35 40 64 20 -53 -73 -7 19 41 -78 -48 -15 -38 85 5 26 -45 -124 111 70 45 -48 -41 103 -79 71 -34 -110 -103 -33 -4 -75 92 -99 0 -111 85 89 -66 -41 95 -103 -13 97 46 11 -108 98 -88 6 42 54 -45 -124 106 -96 67 -71 16 24 -114 0 38 60 89 88 107 8 -45 113 -6 46 106 65 112 -128 -72 -119 35 -92 21 -95 67 70 -122 46 32 -105 -30 -67 0 91 -2 24 55 76 80 -64 -103 -111 -120 -98 22 90 -52 -102 -47 -20 -17 115 -104 126 -112 -8 -35 126 3 82 34 -120 87 -56 97 -8 69 7 -66 13 46 -123 -79 3 20 -55 -94 29 -67 -82 16
125 -112 -125 42 -42 -87 -110 -9 -49 -6 56 -52 -124 69 -110 -33 -2 -85 -112 -125 65 -8 -124 -43 -46 30 82 -113 -43 68 36 -77 77 38 -58 -47 96 -2 -125 127 102 -20 -125 -83 93 -24 -115 7 103 -114 -67 57 122 51 9 95 27 120 -107 -112 97 113 80 124 -44 -68 -41 81 -86 -110 -108 68 -58 -20 5 -92 -43 79 32 -41 48 -19 -101 -76 109 -101 16 -7 17 88 1 9 42 38 -103 9 43 22 -81 -49 -101 -104 86 77 64 74 -44 85 74 93 84 62 86 -38 -91 -112 126 69 -32 -64 -68 91 -118 78 15 -19 24 -120 6 -37 -40 -13 -3 -107 -46 80 100 -89 -6 -103 71 -122 -11 -3 61 -42 83 97 -93 3 -96 41 21 5 -119 -16 33 -65 -16 -19 36 80 34 -45 -85 73 -32 -50 -66 -42 -125 -33 16 -107 34 31 92 -7 -88 -89 67 -126 125 0 -59 81 -44 -86 -116 102 110 87 -96 98 65 126 -24 -28 73 -114 -110 35 -38 -94 -120 -110 -75 -28 -124 -46 49 86 -80 -112 95 -69 -128 21 -126 81 -2 93 58 106 77 -46 -44 80 44 -36 -20 4 43 -47 -94 20 36 -48 53 90 86 32 15 -108 -101 39 -116 -127 -123 -39 51 -30 -90 -36 -76 -44 122 -95 114 15 -80 46 102 -81 70 -92 -58 8 114 28 -113 -34 -10 -11 -72 -32 -57 -38 73 -70 73 40 12 -18 -12 -120 115 113 -46 103 -61 -118 88 100 -105 -29 100 77 48 88 91 -26 -30 -83 118 86 90 -36 30 70 -106 84 38 -90 -13 -107 5 -12 42 -79 85 -78 -104 85 31 87 92 -114 -49 58 40 -122 -6 -36 -101 10 85 -57 1 -49 97 44 -52 -116 123 25 15 -58 -89 -8 -65 8 -128 -51 120 -107 45 -63 -68 81 56 -53 -83 -73 -59 44 -5 8 -98 34 -27 -26 -5 68 -48 50 -15 103 -60 -25 -95 34 18 -40 -5 -123 -99 110 -40 3 -122 65 2 -41 65 10 -126 110 -55 -88 -64 -127 -125 91 75 -18 -33 -34 97 94 103 40 -47 34 102 -110 -124 -35 -34 -3 107 52 113 41 98 -114 99 59 -99 109 -15 101 -32 41 -9 -2 -75 70 28 -74 124 4 -116 -53 52 -50 -91 -73 56 33 -73 -68 -21 -86 -10 -102 2 90 -83 -52 66 -34 -78 96 90 -92 -99 10 -36 -100 -38 -35 -89 33 0 -25 125 47 52 -120 42 30 111 -93 106 25 81 77 71 57 -63 -23 18 -77 60 -92 98 124 -46 55 -16 -7 -79 -46 -115 -49 0 88 -92 -91 -24 80
68 104 116 58 -39 -16 63 106 -93 -17 -7 -55 -40 -44 95 102 -47 -74 48 -33 -30 -74 -51 20 -47 -14 39 3 -77 18 119 58 -22 -26 38 -12 89 118 39 106 -86 114 -128 -27 -96 47 -36 122 -69 -15 -8 -94 39 127 -62 -56 -93 3 25 -127 -28 -94 -26 -34 13 -29 -98 29 -25 -18 -60 -112 79 -119 -120 54 9 18 -21 97 -29 25 37 123 -74 126 83 56 -64 2 107 56 122 31 118 -97 -94 53 -48 54 81 -103 23 -87 43 -56 78 18 125 -12 -11 -93 -99 -86 126 6 97 66 -78 55 111 -88 -24 112 87 -23 34 94 -90 116 -84 -73 119 88 -17 96 -7 -68 38 -74 94 102 -121 -92 -16 -64 88 -93 -46 62 68 -55 125 32 -122 -78 -70 118 96 87 -78 70 71 -10 8 -92 -74 -98 125 -92 -80 -41 -96 88 91 74 63 97 -18 -57 -47 82 17 56 23 82 -12 -52 22 -39 113 103 -58 114 -21 -104 6 54 -33 82 -38 -31 -15 -67 -4 112 79 -30 118 -102 -115 31 55 101 -78 -41 15 79 -112 32 67 81 -18 -8 121 69 78 107 -29 -94 -74 105 91 32 19 -38 124 -53 -56 -30 -10 32 -101 48 -127 -4 33 -4 -53 107 -48 107 -23 -123 -36 20 27 -126 -28 -31 -34 69 67 -120 -108 -66 34 -3 102 -128 -61 -6 17 93 -77 -23 8 -48 59 62 -13 87 -108 74 -64 21 32 -85 124 88 81 56 -91 22 -71 -58 -103 -103 -80 120 -110 59 88 -114 -106 -49 -79 -16 -43 68 -11 -61 38 -34 121 -77 -46 -18 59 -39 55 -83 -26 -59 61 -127 44 -107 -61 30 116 -41 41 47 -113 -96 -12 96 83 -35 113 86 13 -120 -59 -43 80 -107 -127 15 -87 58 28 -67 -34 -87 -46 28 -52 -111 91 64 75 42 53 34 -45 -106 -101 -105 -106 78 46 10 -12 76 -114 -32 77 -52 14 122 -46 -71 -27 92 73 -40 -59 -63 -3 -48 -24 -51 127 27 75 -55 111 78 21 -39 -54 79 -21 -50 -31 88 64 -106 -80 -123 -121 -64 -75 111 -124 94 114 95 5 -67 -12 -28 -11 59 -6 105 -10 2 121 2 44 23 -53 -61 -16 -64 -77 24 -118 58 -114 -79 36 -107 -70 -17 -122 119 -80 7 62 -49 -68 32 40 44 93 97 -91 -75 -28 -11 -118 114 120 -97 37 41 55 -37 78 85 -11 -103 -117 -76 45 78 -100 -92 -15 120 -61 70 -34 106 102 3 64 40 5 83 119 83 -73 -79 65 99 -90 -70 -82 -64 -38 -107 -9 18 89 55 -47 -25
22 41 -6 -52 -85 -106 8 -80 -59 79 -122 -19 72 7 100 -26 -95 12 -90 -80 64 -86 35 52 30 -78 -47 17 -101 7 -122 -88 32 -49 124 95 -113 79 102 21 110 -34 34 -72 -125 -78 -34 98 99 -122 -103 103 -99 -23 85 -72 -63 -71 113 40 -56 -39 50 30 -37 80 31 33 66 -4 57 25 -33 46 3 109 -100 42 -59 76 52 -82 -63 -53 90 -44 -71 33 13 -33 -87 -57 -102 -40 52 76 8 -103 -27 16 -100 -43 -35 -74 -20 -2 -67 63 126 17 46 17 -8 -125 33 -26 -121 77 -49 13 17 105 37 42 -14 -67 -77 46 23 53 24 18 52 41 -68 -7 -128 -27 0 -32 72 67 -124 98 84 -38 -55 0 37 -67 0 -117 -77 -54 -92 -85 -29 -104 -59 -106 45 121 -125 -70 -9 -105 -76 57 12 19 -49 56 -68 -85 -28 -24 39 -72 -79 -68 -11 -97 -118 111 -84 -106 99 -104 -18 35 8 -65 25 -53 -120 -74 106 122 -77 118 -100 36 -64 114 -108 -111 -99 -59 81 57 21 -96 -126 -80 124 -23 -84 0 -12 9 -38 -107 44 33 12 -72 -15 87 57 72 -75 -41 -89 48 -40 -33 72 -81 9 -116 -10 42 124 -50 -84 97 -65 -125 -15 0 -108 6 121 -57 112 -60 24 114 15 -5 115 35 48 126 29 43 84 -7 -56 -98 -4 29 -30 88 -25 71 -114 25 100 93 64 -3 30 29 -66 38 124 84 -53 76 125 57 -42 -60 65 -9 21 -100 -48 -83 61 95 -79 31 -61 110 -8 -55 6 66 -53 34 71 -51 110 17 -40 -42 -127 -22 15 98 -95 70 79 -6 -50 -72 -9 30 -101 119 -41 -117 -110 72 79 9 90 -43 -22 31 -51 73 90 -22 -38 102 -45 -108 116 86 -38 -53 76 31 -26 -55 4 88 -113 -81 114 -48 -49 -29 6 -100 14 14 -97 86 -62 45 83 96 -17 101 110 58 26 -1 104 120 105 71 -112 -125 95 89 43 112 -57 -30 66 61 127 38 -23 -117 -91 7 100 7 59 29 -77 11 114 -58 -91 -93 -21 -52 -31 40 31 79 -55 15 27 -7 59 56 -61 81 13 112 -38 -81 11 -89 106 -51 3 64 -113 -76 -101 -94 -95 95 98 -57 -95 -110 69 -117 50 25 53 40 -14 22 55 106 87 -64 93 116 7 -126 -111 62 119 -8 -99 -1 -71 100 107 75 126 -120 36 -73 86 -58 69 83 -95 68 -110 -60 -63 32 -89 -51 85 46 -126 116 -27 -57 35 -1 -106 -12 123 -96 -60 -44 -26 93 -41 42 49 -35 -115 76 5 23
-109 115 112 -46 3 94 47 -66 -15 -1 35 10 -49 -25 -88 27 -69 -98 102 -84 55 100 119 -58 6 -53 -110 -59 -51 -39 6 -42 21 115 -117 112 -27 -7 -28 0 8 -39 35 106 -81 -86 -126 -22 -64 -89 65 63 91 117 82 57 -45 73 -117 31 8 86 106 -29 -14 83 -47 21 123 -18 49 -106 -13 -107 -124 91 -33 63 -29 35 -82 -108 -80 -84 -55 86 -49 -91 45 -86 103 -42 -107 -58 -23 92 86 11 -101 -124 113 -73 66 -68 78 123 18 24 85 62 13 -54 103 -68 -4 31 77 44 -87 20 -124 121 -88 -76 85 -90 2 22 -52 -102 108 -68 -35 117 114 112 57 62 -96 -13 -111 -117 79 -48 51 35 -81 11 6 86 -116 88 -115 -95 20 -33 -18 -16 -112 4 63 -128 49 43 24 57 1 88 -45 6 -62 -3 126 -128 -2 -108 -80 96 -40 -49 84 105 -18 111 -23 -120 116 -15 -1 62 -75 -95 -79 42 87 73 8 -39 -14 87 -80 1 76 86 124 13 -19 108 -81 112 57 49 -47 48 -58 -37 94 -38 -78 14 115 -49 -38 32 -93 67 50 99 -74 -24 -89 -33 75 34 71 -66 -7 123 -111 123 -85 -71 76 -20 -86 -104 -115 -77 -54 -75 28 119 62 -17 76 -33 101 -96 -31 -81 -111 -64 -65 36 14 -124 81 -39 115 -69 93 -116 -45 -53 104 15 22 24 101 -14 -33 40 -37 -10 59 57 -4 -73 -21 -3 19 14 37 59 53 -40 -38 -49 -93 32 -32 105 -51 -16 56 22 -69 71 -55 93 91 -41 82 76 5 -22 111 -34 82 -15 -59 21 -3 -81 49 111 -31 -77 122 -4 90 -47 119 -44 75 57 18 30 -53 126 20 58 -43 59 93 99 81 -41 28 -5 -60 96 -124 21 93 -39 32 -27 100 119 -88 114 28 -18 -99 123 113 19 -73 -11 -88 111 107 78 -66 82 -56 73 41 -52 -93 -32 -92 92 -75 21 118 -87 -53 -103 25 -101 -81 -86 -111 -13 126 69 -120 -58 12 123 43 21 -78 -122 -40 -11 -52 -25 -121 -30 -76 -54 127 87 6 65 -20 73 -103 35 -125 57 -86 -51 -33 68 -56 20 -102 67 -108 -47 57 34 -33 -108 90 -12 59 -128 42 -72 88 51 31 -41 111 31 107 -7 119 51 -21 83 -74 68 57 -93 -72 -63 107 -28 -127 43 124 -58 17 -90 16 18 -115 0 -93 126 -96 -66 41 77 -78 -30 9 54 -33 43 -77 -71 91 81 26 98 41 75 49 -47 -33 -85 -38 5 17 -28 -15 -98 1 -69 -61 44 93 74 20 127
-48 -64 114 123 65 -82 15 36 18 117 -3 56 -112 85 -69 35 -90 -20 96 105 6 -112 -99 -63 71 -16 -37 99 55 47 -110 74 17 -68 -121 108 15 -110 42 89 -57 31 91 -33 -121 -4 113 -110 -12 -98 8 89 -23 -98 -88 88 -97 105 -101 -92 80 20 -20 105 2 -41 -77 11 -38 -85 70 -45 -88 39 11 53 40 -107 -35 -115 -112 -50 -27 118 -90 116 47 -74 -94 -110 122 -15 -36 100 125 -123 65 9 110 31 84 -48 27 -101 -5 -72 -2 72 -105 94 -30 -120 -118 -22 -72 -114 -117 65 33 2 108 22 -17 6 103 -115 59 -42 18 63 96 81 -57 83 -3 -98 -38 -33 -73 86 -95 -22 -106 -120 62 124 -18 -51 -116 44 -98 -34 -104 -69 3 -112 -75 45 -43 -119 16 -23 -22 105 -104 57 19 -42 -29 -2 -125 109 -109 -123 30 97 -93 41 -126 -59 -42 -113 124 42 75 126 -88 120 -115 -85 111 120 11 34 -119 -111 -51 95 82 89 -26 -51 10 116 -64 3 -70 25 -46 -118 -89 90 -62 55 -119 -62 -37 -84 -64 89 105 20 124 -30 -30 -104 -32 -77 -30 50 -67 -11 -18 -96 86 33 75 32 89 10 82 71 56 23 -70 83 66 38 71 -60 31 -95 50 121 -118 -65 13 -103 -108 2 -9 3 101 -38 72 52 112 33 105 20 18 125 27 -4 -37 -128 -69 22 60 123 -89 93 -107 33 63 -35 -101 1 -47 -74 -18 -1 25 44 73 13 77 -51 51 -41 108 114 80 24 -95 -126 -42 10 -49 121 20 -57 60 -42 44 42 -126 115 52 72 -66 -106 107 -95 57 -60 35 -99 -40 -2 -33 -121 -122 -35 50 -42 9 80 -118 -65 -103 22 -97 -22 -119 -104 -38 2 30 46 -64 57 111 78 -126 -77 -83 -36 126 -50 -58 -105 -125 71 93 -24 28 22 -104 37 40 -58 56 31 88 9 -41 0 15 40 86 14 31 -22 71 5 -104 33 -62 -20 19 26 19 -15 -70 -121 126 -23 -76 -11 121 104 32 123 16 -33 75 -34 40 29 -30 123 -83 -109 -14 -56 -18 119 13 8 45 -42 -122 -35 55 78 31 55 5 -2 86 98 121 -53 -95 -106 -65 85 -45 -122 -45 -27 54 -47 -21 -2 -103 46 -111 100 30 41 6 15 23 -49 -82 54 -96 -10 21 88 -12 32 -118 -76 73 -96 2 37 43 -57 69 34 -1 62 -32 80 -19 60 -128 -120 37 36 83 104 -27 -26 121 108 64 -19 46 15 -115 -113 68 57 -34 -113 -31 -36 -86 53 79 -66 115 -15 -52 124 11 -74
-38 -46 -68 -82 91 -60 -89 -65 48 -31 -98 -20 -57 -81 44 29 83 13 -49 44 -85 -26 49 61 -30 -107 -89 90 94 -23 55 81 -106 -76 17 55 23 -103 118 78 -16 -120 -116 15 84 82 5 36 -9 -96 34 -123 -104 126 82 86 4 -52 80 64 106 -70 -28 -29 -47 64 24 -72 61 61 89 57 -36 -93 48 -67 -103 -14 54 -104 -17 -28 -4 -2 46 114 -17 107 39 -91 79 67 -60 -125 -52 32 88 -66 75 -74 -96 -4 -82 -90 65 48 120 94 -50 -89 66 -23 -107 -12 -54 94 27 -112 -61 -67 -112 115 -89 62 -42 33 -126 -56 38 109 -96 -91 -80 -16 53 78 -1 106 -84 102 -64 5 -12 -83 100 -113 91 76 31 -85 -1 -38 46 -54 12 -13 -18 25 81 -55 85 -14 -14 59 22 -52 97 -32 -87 -11 96 -15 -85 -34 -121 -6 17 56 -127 -20 -16 109 -115 -68 120 113 26 69 -35 88 83 68 114 41 -65 72 -9 -113 17 47 -109 123 120 83 -1 78 -111 41 -33 43 92 -104 -121 13 -108 -12 1 -73 -120 8 32 -96 -12 13 15 18 -104 120 -113 110 -64 114 71 25 123 102 59 -105 39 -85 80 -85 77 -15 -125 20 9 -46 -2 69 -65 103 4 98 -110 13 50 -9 -29 -85 40 -54 -82 65 3 -15 95 80 -75 60 74 -114 -57 -125 107 -12 117 82 -18 71 25 63 -73 16 72 14 -47 89 -56 -85 -113 -109 7 4 -120 -43 0 -1 -88 -103 73 -117 -9 59 -42 53 101 -81 72 13 53 -36 -21 9 79 83 122 39 -15 -47 -127 -23 -31 -49 -110 43 2 -54 70 -14 3 12 94 28 14 123 42 23 65 120 -17 -43 13 -86 58 123 -83 -97 -72 -42 -112 113 6 -70 112 -72 117 107 95 77 -117 -78 29 -52 -51 -71 66 37 68 -65 15 -22 113 -27 60 58 93 39 85 75 115 -114 -119 18 75 29 84 78 116 -78 74 94 73 16 4 42 30 -115 -51 123 37 97 111 6 -47 -13 -124 -70 -49 -27 -113 73 58 49 -124 120 -27 126 2 64 123 -81 56 -47 14 -92 -20 126 -39 -27 95 30 23 41 -111 121 -36 79 73 -84 -93 105 107 48 48 65 121 6 11 -41 -111 -28 -128 -114 123 -93 75 92 -60 110 -57 117 115 5 1 79 67 -5 -81 -15 -122 73 27 54 115 -66 -2 21 -118 -108 -110 -61 123 -18 -99 -29 -106 33 50 83 -97 13 -51 57 -112 -72 -42 1 98 -42 39 21 -119 -76 33 91 56 -33 -107 -102 118 -55
68 -127 68 -32 57 -80 126 -82 -83 -74 59 -101 40 -6 -53 -121 110 105 -86 54 -38 87 -42 -52 -71 53 -28 67 107 62 -80 -7 -128 72 53 90 121 -60 -118 62 -48 121 -79 -18 -28 26 92 29 -29 95 80 30 -118 36 -104 -116 111 -123 -85 110 -110 31 44 126 104 93 -77 45 4 -38 86 10 41 67 3 -45 72 58 -61 -96 21 -122 -36 28 -92 65 -42 4 6 -46 -111 17 -47 -63 -54 -56 -102 -6 120 102 17 -79 16 -1 -76 -74 75 -84 -52 -109 7 -11 -92 4 53 33 87 10 63 72 83 50 67 83 -7 35 123 -98 25 -103 -123 -93 30 28 97 69 -103 -109 48 1 -81 68 29 -84 81 82 90 -46 -49 81 116 113 78 -108 85 -12 68 -79 -42 20 -32 -74 -89 52 -64 119 49 -17 -114 2 -72 -18 72 79 -43 -113 -33 -79 32 -42 -57 -7 -66 84 -103 -40 -78 39 120 28 86 -126 -87 45 106 -70 -70 -87 -109 -80 -42 -28 -65 -57 -69 107 -19 21 38 -36 38 82 -117 86 -104 38 90 -43 63 52 49 115 35 101 -59 47 -38 119 -61 109 -55 23 38 102 -115 65 -107 16 41 84 54 -104 -51 -93 -48 -124 42 68 50 -54 -83 -51 -114 -69 -2 60 69 -104 -22 -99 -51 -84 -47 95 -56 -120 27 35 6 -106 -1 -8 56 122 112 -41 -75 80 -75 32 79 -41 121 75 -110 -108 -22 122 109 73 -30 -77 -29 -13 -49 5 97 -67 61 44 -19 85 -108 98 59 32 -71 58 -46 8 26 -83 46 -2 -30 -13 18 115 30 -22 56 -26 -67 49 -104 75 -24 -74 102 57 43 9 -67 -79 -57 -119 -32 50 -122 -10 -79 -38 113 68 -99 75 48 -99 -111 -69 -62 -85 63 84 -7 113 10 -64 -95 -97 7 24 52 -25 -52 7 -95 -32 -24 72 -87 8 -93 -71 80 -49 -76 5 -2 -123 118 -15 -49 -78 -48 -5 -13 -94 -79 95 -7 118 -22 54 120 1 92 -19 -4 59 76 -32 17 26 100 -20 -26 -19 -85 48 -37 -76 117 -7 60 17 33 -55 -45 -34 -23 -8 -3 49 -41 104 -118 115 -43 106 -94 85 -113 -75 77 -77 -18 -53 -19 32 -9 43 -78 31 -36 -3 -121 56 42 -58 -124 61 49 -123 78 -63 76 -6 -110 -66 -123 -94 -95 -126 -48 93 -104 95 111 -94 0 -42 102 8 -33 14 53 -37 -42 44 17 -65 -8 -13 91 117 84 61 95 49 3 18 -83 -8 22 59 96 -114 -81 124 114 -75 7 -28 10 49 57 -46 67 -18 -67 82
-71 -8 -103 -76 -115 -106 103 -22 35 -109 46 14 -29 47 -6 99 44 -110 50 -6 31 -108 106 -91 5 -26 -68 -94 -54 -38 -128 66 106 94 48 72 18 17 -73 82 -9 -116 -14 -65 -7 126 -59 -28 86 102 10 -107 -23 -126 -96 -83 37 -119 -6 -128 39 39 92 -41 34 -5 125 -104 -46 -112 -39 15 -104 88 56 -65 -101 -56 -114 -37 118 22 -4 -40 -99 94 6 -93 -14 -12 -100 50 10 113 29 -101 -91 61 -72 -51 -5 -108 -74 -94 -14 -47 -124 -85 -27 -3 124 -68 44 -63 -28 -44 -121 79 -59 27 -1 111 -76 7 -22 -109 -106 101 -7 108 36 66 103 -39 -53 98 41 89 -92 61 10 44 109 -51 -51 92 121 71 -70 -119 -18 -24 -121 -23 123 9 -67 94 -42 29 -123 -123 27 -83 10 -104 -93 -63 121 100 -95 -63 63 -8 115 36 -14 74 58 -28 79 -113 -50 -15 -72 -45 -34 80 -37 104 115 -49 -60 15 40 52 -77 30 -81 -99 0 -40 -74 26 81 52 -20 107 -100 -35 60 -101 44 -95 108 -121 -109 -58 -107 70 26 0 27 -63 27 125 -108 24 -42 -117 -101 43 108 26 -125 -7 39 50 -19 38 -9 -112 123 -46 -39 -104 -5 -80 97 -29 -3 48 -32 98 20 96 -95 108 114 96 51 -2 -19 55 3 -63 -13 58 -78 75 59 -5 22 -111 74 117 -59 -22 74 -118 62 46 -26 96 125 46 -42 62 37 18 -48 47 -123 -21 -89 -7 -122 -22 10 -122 16 -117 22 -98 -17 -87 -46 79 51 63 112 10 33 29 -87 -30 84 -31 -2 -38 -23 -32 55 94 -80 125 96 -22 -24 -59 -108 96 -40 -13 91 8 126 -77 -22 106 -67 22 -92 115 26 -64 -124 53 -103 35 -10 116 1 53 -68 -25 107 -36 -63 12 -4 79 -59 -4 -87 34 25 85 23 -19 27 79 73 -55 -110 62 40 -73 -62 -110 106 -32 14 -48 121 52 -96 111 -33 -26 28 -64 -85 73 -74 -47 72 31 104 -11 -5 -28 39 34 -89 -106 49 -33 32 -86 32 -54 11 69 -112 -14 102 -95 87 -22 -16 43 -72 63 102 -64 73 -30 57 -25 44 -59 93 35 99 -93 -115 40 -58 2 -126 67 45 -42 118 -62 -113 -21 22 -51 -50 20 -89 -68 -62 -75 -79 -114 20 -9 122 36 -89 61 -82 -37 -56 36 52 -97 -20 22 93 93 127 -26 41 66 -44 85 -6 -111 127 -6 74 99 -36 -17 43 -41 -61 -106 3 -63 -72 3 85 14 -81 -14 -83 -46 -91 3 -22 63 71 17 -72 24 -126 -67
115 -85 84 -128 -117 -80 54 25 -32 -25 76 116 20 104 24 68 41 5 45 2 92 11 81 95 28 -58 -68 -43 -41 -71 -43 -30 -54 58 50 -115 -10 -97 -80 86 19 57 -44 -81 -33 42 -63 -72 51 74 -117 105 101 56 -109 8 -60 45 4 -90 -116 -27 -22 48 35 -117 -120 36 -24 -108 -108 10 -96 -95 -46 -3 34 49 -13 91 35 126 104 -59 -83 107 -67 -47 71 -56 115 -20 115 63 72 68 45 -46 84 -38 -102 -64 70 -30 8 101 101 25 57 81 101 -60 31 -9 20 15 -50 -57 -38 113 -85 -53 -12 -107 94 -103 115 -39 15 73 7 33 -59 -107 86 67 8 -38 24 -2 -124 -37 -28 99 -110 -51 -80 -12 -106 108 38 32 51 -9 112 -92 -87 59 55 -18 -1 28 46 -92 73 -54 -119 40 56 -13 -69 23 126 -33 -127 -123 -102 79 -65 71 105 35 -93 66 -93 -15 122 -3 93 -69 -20 -41 88 7 14 -55 57 45 28 25 -102 -48 20 85 115 86 29 -79 -44 96 -38 19 -34 -70 -7 36 16 62 -28 -10 66 -28 -74 -22 117 -21 86 32 -123 59 109 75 -10 -67 59 -46 82 112 61 61 98 96 110 121 -94 -26 90 10 44 -68 11 21 29 -23 -1 93 -1 87 125 98 46 48 85 -31 -13 -71 24 -90 -67 127 111 95 -42 -66 63 127 -63 99 -11 -116 -40 82 27 -67 -23 40 -111 -113 -57 29 -115 -116 104 67 12 69 79 -83 -49 -109 -51 19 5 -92 107 -46 -86 -86 52 60 -108 -80 54 50 119 -49 103 -34 -125 -97 113 43 -103 -110 36 109 -108 34 -67 -64 -45 -82 10 53 35 88 16 -9 115 -114 -13 -11 -91 25 70 87 -29 23 121 98 7 97 -57 46 -82 -49 -78 -116 -9 -49 125 56 23 -101 24 -79 -91 123 -126 -103 120 -48 24 -126 59 27 54 62 -55 -46 14 55 -73 -18 -79 -101 -108 -105 20 77 -12 -66 -121 22 26 49 -109 -98 47 -105 -71 -100 19 0 66 -53 -86 38 3 -46 51 -46 8 -44 -38 15 -84 108 -70 -120 -18 -75 -93 -103 -31 -116 -93 5 94 -111 17 42 19 57 -109 92 -102 127 -100 -47 -61 73 -70 -86 73 -47 -27 -65 54 -81 -127 -78 -115 -9 -81 32 37 44 18 127 77 -8 -44 -5 -68 -88 50 -16 -126 88 -75 73 51 26 -115 61 -99 125 101 -65 123 -98 47 -9 -45 -82 50 -102 86 103 26 79 91 -69 -102 -35 44 58 -115 121 -121 103 -67 -116 -100 5 29 -44 -79 -87 79 108
-27 -8 -118 -113 26 -4 -82 -98 -70 122 -21 -4 110 119 27 58 -80 -4 17 47 77 -112 44 -64 -117 -94 69 -5 68 -43 1 93 5 33 19 70 113 20 -77 48 -103 102 36 -13 61 25 72 27 -114 99 109 8 86 -57 67 -6 -39 -12 4 98 92 28 43 -29 116 24 70 -94 -51 102 117 59 -95 -105 -102 46 -15 49 -116 -79 43 -75 65 9 16 53 2 122 42 41 109 4 8 90 105 20 -112 -33 125 -35 32 -10 -102 -52 83 35 -99 92 83 -20 39 -119 -110 -36 -56 -54 -83 2 -23 -20 -15 -1 -32 99 -81 -71 25 -104 -32 28 -62 116 37 -67 -46 32 -47 -59 -24 92 11 -108 80 109 33 63 -79 100 101 126 -121 -58 -100 114 30 -90 -38 -49 124 -32 -1 102 -10 70 -115 -3 69 22 83 -122 -29 19 2 66 61 -118 40 118 -67 -28 -118 -61 -32 50 -109 121 94 124 -17 28 -124 -83 96 111 44 2 116 24 -78 125 -127 68 -124 84 25 -25 -59 3 58 -110 19 96 7 100 38 -24 16 116 -70 57 -126 51 64 -61 -27 46 38 -2 80 -118 89 83 -122 102 -54 -8 53 80 -89 -76 -105 80 -107 -3 58 -118 46 -97 75 -33 111 119 90 114 56 -58 -112 72 -63 -12 18 -70 -26 13 -50 91 -102 111 -110 -17 -95 90 84 -104 -111 -77 -104 37 -83 -121 -20 8 -39 -66 26 -50 49 -37 30 49 -126 -127 11 57 -57 -92 -100 92 -64 89 -64 106 86 -67 -110 -70 -58 -94 -83 -82 100 -22 85 -68 124 -9 -3 81 73 -23 120 -10 85 -90 -11 -42 -57 -30 -60 -79 -75 127 62 66 21 124 4 95 -66 -95 -84 -11 31 119 -87 -77 104 69 99 -1 -93 -82 -10 3 52 67 54 -24 37 30 -88 -68 -65 15 97 -80 0 65 -19 -99 -28 104 97 -102 -102 29 -111 -16 92 -126 50 -120 -34 -126 32 -45 -38 119 116 -79 3 51 111 111 -12 -44 -87 -67 5 -34 52 -22 -98 84 -87 -86 -27 99 126 30 -125 -76 57 37 50 -117 -69 -120 -99 124 72 -63 -9 101 -43 118 66 -51 73 -128 -45 89 62 114 -77 117 89 -77 63 2 102 119 -27 -54 74 70 -110 1 15 88 -74 115 79 -69 108 -108 104 68 54 126 56 71 -115 104 -63 63 85 -107 -100 127 37 57 -39 -108 4 -32 -108 8 35 16 12 11 81 -40 -93 -65 -2 105 6 -73 85 -61 -125 -27 -6 -52 -10 96 107 -4 94 -61 -69 118 27 -30 -91 70 -104 112 -95 54
-36 100 117 69 -48 -93 -117 -64 -103 -6 -115 66 14 -46 -107 -93 -119 -4 -34 -103 -31 -49 -31 108 79 62 -98 23 56 -5 -47 54 61 -1 -55 57 -36 -37 -13 -27 45 -41 72 -125 120 -86 -102 52 -94 49 -105 64 -3 -65 -22 14 -50 9 69 -96 108 96 -43 -61 -42 94 -37 -84 96 -58 -64 -22 -127 -128 118 16 -76 102 -2 -4 -39 90 -120 1 36 -101 -102 58 -4 -119 -108 76 -16 97 93 -98 75 -7 36 29 67 115 -65 -35 110 -4 28 -12 110 6 121 46 -110 -86 -108 -105 38 114 115 -32 62 -84 -75 -68 -96 89 -7 -128 -74 -15 -106 -112 -35 -116 -29 61 79 38 73 67 57 87 53 -22 27 15 49 45 119 -124 -55 -31 52 3 -4 -70 2 29 121 -20 19 -83 91 -79 -84 -67 22 -31 99 37 88 25 98 5 12 -124 55 -82 -84 89 81 -37 -97 -95 21 37 119 -38 -107 -73 -15 25 -84 -127 34 90 31 -106 58 111 73 48 -36 -42 32 -87 67 53 126 45 94 -116 -13 75 -48 112 -27 -116 -58 -95 48 -117 55 50 8 33 127 -3 -9 -29 5 80 -60 -101 108 107 -1 -91 89 123 49 -28 40 122 -30 -106 -17 79 49 -31 30 -39 19 90 -116 -109 -58 -58 -6 73 57 7 -17 -124 84 -19 34 117 85 -40 -95 -49 -72 85 -11 61 -86 57 -18 -111 15 102 -106 50 8 -30 92 1 9 -29 -41 -117 -82 6 70 -111 -96 -12 -109 -38 45 -1 72 44 -20 -15 -95 -48 52 -25 -110 -6 -97 47 83 89 -77 117 93 -63 -99 12 112 53 39 -103 89 44 86 58 -105 -27 -63 88 6 -64 -99 -74 -92 -76 13 48 -66 28 30 -75 -29 78 -126 9 124 36 12 102 108 -50 89 -128 -29 -28 44 58 -68 10 -63 -40 -33 91 97 96 -127 -44 -49 5 -41 -71 116 82 -84 123 -80 120 104 -49 2 1 3 80 73 119 -49 55 55 58 -111 126 -128 83 -106 4 108 107 65 -17 0 -115 -96 72 1 21 -18 40 -55 -106 115 -27 -128 40 6 -53 100 -84 -71 89 10 112 1 -31 50 -56 104 85 -127 69 -125 -115 -57 112 95 73 3 -20 -49 117 -36 -98 81 -16 -92 -92 22 92 75 -117 20 -41 26 111 32 -87 -41 4 -31 59 116 76 2 -37 -2 4 4 -37 18 59 -8 39 -110 -100 -53 9 -91 26 18 -70 3 -22 -112 -97 22 -113 -38 -39 88 60 -10 -82 -123 115 119 58 -90 -18 101 91 60 -4 -110 -43 86 83 -18 -71
-39 94 -50 54 -46 -7 47 -96 81 -56 50 -8 47 38 93 -33 -38 109 -52 -100 -99 -99 26 -57 10 110 112 -44 -12 -123 14 -51 -51 88 62 87 117 13 -49 61 -45 -52 -9 -11 14 -5 121 127 -37 -119 41 7 65 103 -61 -31 38 57 60 -12 64 109 -91 76 -128 -2 116 -29 -125 18 46 -99 118 -29 -126 28 108 -119 -28 91 125 83 58 -22 -73 18 -107 65 -86 -32 -41 64 83 -110 -88 59 -53 -24 -44 -53 57 -89 92 0 12 -67 4 89 -103 69 -98 -95 86 104 42 63 88 -50 -26 -90 -66 -101 10 -54 126 102 -13 -64 124 117 3 -104 -69 -42 63 -75 127 -90 52 -111 80 63 -9 -55 -25 5 115 118 -123 20 -71 102 -98 50 -50 10 -80 97 -55 102 -57 86 97 22 10 -116 -44 115 -115 65 14 -58 106 -73 -8 -53 80 111 0 64 -5 -29 -51 104 -17 57 51 -9 -119 114 117 -44 51 92 -35 -42 106 -53 -91 85 -69 79 -97 -19 -115 7 40 92 -120 15 127 -111 -39 -49 -114 -66 71 -10 -13 -31 -93 55 -12 -44 41 -3 -10 23 -28 24 92 49 54 64 -114 -106 -90 -110 47 -103 -88 -17 21 65 33 65 4 107 32 -28 51 -93 65 -126 -78 -63 68 -121 -105 95 88 -78 111 47 75 22 -48 43 27 -45 -3 97 80 -4 -26 0 18 26 -39 -47 7 -84 -120 -93 123 116 -103 -57 126 120 103 77 -11 -104 24 7 -102 -80 85 -1 -39 52 115 34 -8 64 88 106 -5 -116 86 -8 116 12 -35 -121 -67 -83 49 -12 99 -74 -88 -82 61 -91 0 -22 46 107 79 -126 124 41 13 -126 30 50 34 -108 63 -122 -37 28 -81 58 31 37 -94 64 100 -3 -124 -25 -101 -123 105 112 31 108 -15 -51 -9 -45 90 -75 -103 -9 92 -66 -73 -11 -123 -125 20 5 -106 59 -26 -26 14 18 103 -72 -90 63 -106 -90 -114 -44 11 -89 -113 102 64 69 27 62 35 35 -33 13 -40 -54 -27 38 86 -92 -84 70 73 -52 -124 -9 -46 2 -111 1 -41 -120 24 -43 42 63 -114 26 -18 13 -37 -124 98 -41 15 -46 -88 47 -62 -26 -24 89 -7 -91 -121 -42 62 -96 9 -32 -49 94 -26 18 -95 -72 -41 56 -43 48 -48 -32 27 -33 125 56 -116 -60 -13 92 54 6 -103 2 74 12 67 102 50 -128 -92 58 96 -48 -79 -94 83 74 -109 72 -64 -102 76 37 96 -31 -126 -56 -37 -58 -37 35 -16 72 88 92 -117 -8 120 -27 102 -77 -45 13
-27 -78 84 96 -97 -3 11 -17 -94 38 -84 -61 115 -115 -47 57 -126 -80 -60 -39 -25 124 -99 -119 -92 -92 -76 10 51 87 -84 -122 16 96 -4 -96 31 -117 82 -5 57 98 -61 -124 -127 -31 62 11 -49 92 -28 25 89 82 57 8 34 -17 118 41 -56 -8 -110 -77 -88 -124 86 -122 -36 -85 127 25 -6 97 77 -75 -2 -92 -94 120 -64 -36 88 125 -33 47 -88 -22 72 40 85 55 18 -9 -91 32 101 90 -27 73 110 124 116 27 -106 97 38 96 -117 42 -101 72 19 -108 46 55 -53 -114 20 16 -6 53 -119 -125 95 22 -52 -20 23 78 120 -120 -27 -67 94 -126 -93 -71 96 -15 -20 -47 -60 -91 124 -25 -83 111 113 9 -65 76 112 -62 112 -42 -113 -49 -36 3 65 43 -90 7 19 40 32 101 -46 101 4 -92 40 81 -30 22 118 30 120 -48 -122 -31 -21 72 35 -48 -117 37 -115 105 59 -87 90 30 -108 -60 -92 -127 55 -42 91 41 36 16 -111 -124 105 -68 82 -83 8 62 -51 20 19 -52 48 1 -65 44 123 46 -84 -47 81 5 26 -6 32 124 83 49 -116 122 4 101 -92 -2 90 -7 0 -36 -72 76 34 39 103 83 -14 127 80 -39 109 70 -12 -93 -115 104 77 -41 -79 -58 -37 -55 -103 -48 60 6 -26 7 75 72 -70 55 91 122 -62 -4 -106 -88 32 68 19 -98 -102 -110 -87 22 -79 54 12 31 -102 -80 -35 -65 -77 -38 54 49 -33 102 76 23 -109 -100 -113 77 7 -62 -94 26 -114 35 -74 4 85 -16 38 -2 -71 11 42 42 -74 -61 29 -52 -69 -106 103 -92 -33 -107 -4 -77 -126 50 29 -120 3 -37 -95 72 -40 35 -71 115 79 19 -87 -79 94 -95 49 126 -95 96 60 126 -41 -67 18 34 -41 -52 112 -46 -44 14 -81 -107 11 -33 -20 -92 81 -26 77 108 -56 108 125 -11 -77 -71 53 47 58 69 -105 -76 110 99 -24 -3 -108 -78 -38 -56 12 -86 -19 99 112 -14 -10 -30 -102 82 -52 -31 49 73 -68 37 103 -36 127 -127 19 6 67 121 15 78 103 -60 72 -121 57 -98 10 -29 80 79 -38 83 90 64 52 -18 -57 59 -2 -3 22 102 -77 86 -60 62 -42 -109 72 10 -53 -91 -124 39 12 83 -74 85 124 37 47 -45 -31 -107 10 -62 113 -34 -107 -1 46 31 9 25 83 115 -70 -64 95 -62 122 -36 35 -104 97 80 2 -37 63 66 -80 -23 -126 -114 18 102 -49 -26 -41 -6 12 -13 -46 31 110 122
63 -81 -49 60 -127 38 -33 -21 127 21 81 -16 20 85 18 75 -43 75 -114 45 23 -89 -6 93 -45 -7 -127 17 56 73 93 24 92 -63 -1 -82 64 -46 -98 -23 40 -16 -4 -95 -30 -23 -86 -119 54 -40 119 -87 -67 -113 59 -75 -33 -33 -68 -73 103 94 45 20 16 11 -115 67 3 -47 18 76 84 61 -84 120 106 28 86 -33 61 -118 -48 84 94 2 92 -73 44 59 -99 60 124 -4 -3 -70 -22 28 -70 29 -128 44 86 -127 -122 -61 70 -73 56 8 113 -23 38 31 112 -49 53 -10 76 -117 77 -127 -45 29 110 -9 -2 -42 6 -116 34 121 -52 90 4 98 127 17 15 -10 39 -41 -37 -40 28 -110 -32 62 -37 44 48 -58 -111 97 31 94 -58 61 53 94 -29 -118 -45 -12 -112 28 -87 -105 -80 -98 124 108 91 -15 -87 94 -40 -25 52 -98 -93 124 37 -67 25 -42 -81 -84 116 96 -104 -78 -55 57 14 89 127 -56 106 96 -28 -82 34 -102 -41 -94 -104 126 112 -39 -77 54 20 33 -66 87 92 81 -7 66 103 -72 -86 -96 -40 -81 12 59 7 -18 94 -4 61 -72 111 73 -52 13 -120 -43 -108 61 37 -37 79 67 -28 -112 39 -48 110 58 -70 -30 62 73 -79 10 120 122 20 123 -115 90 71 3 -94 21 -90 -49 -4 -19 -20 3 -26 -79 -27 -19 -71 57 -103 -15 -25 67 -13 59 -85 -45 -96 72 30 127 74 -36 3 118 -117 -42 19 -83 -127 117 46 -106 -15 118 -19 -106 -25 14 -63 74 18 14 9 57 -43 70 60 23 -62 -43 14 96 115 -27 -54 -104 3 105 -45 126 -117 -122 111 -2 65 62 55 104 -30 -38 101 -63 -101 -122 -77 -93 46 73 -93 -125 -39 -112 -35 -92 -120 62 -94 45 59 -28 -91 -115 125 5 -110 -34 36 78 -125 -78 -4 9 16 85 56 82 23 125 -38 -72 -25 110 26 -111 -25 75 -38 45 37 -57 -22 124 -40 -60 -127 58 -78 -99 -1 29 -89 -52 -10 -25 66 55 4 7 4 32 59 -93 1 9 40 -6 27 -11 -25 -26 18 -51 50 -93 -97 36 66 -21 -65 45 -87 113 80 -115 104 -33 -82 -108 112 121 -53 -56 -106 -87 27 -54 -86 -29 -70 -61 -71 11 -111 -109 122 28 -120 38 -3 -111 57 26 -87 -110 -49 -10 62 -103 -116 -83 -100 75 43 -8 -111 -90 37 65 -41 -91 -27 8 -27 -68 -106 8 -79 87 46 44 99 -84 18 96 96 -89 83 -36 114 -49 -93 91 -65 -96 -41 -90 -80 17 61 67
-124 49 107 -85 -62 84 -86 60 -8 67 -16 -66 68 37 58 37 -111 -86 29 -107 27 -98 20 19 -77 78 21 118 78 112 -124 -9 -102 -18 97 7 57 -61 -25 -83 -111 92 79 -107 -92 13 -47 90 -59 -33 -66 -60 82 113 109 120 16 -43 122 -58 111 29 88 -118 70 -124 -8 120 0 77 111 -78 -13 82 -117 -73 31 -31 -28 -44 57 55 -6 -52 -45 125 -16 108 -50 6 -64 -45 -25 -59 18 90 3 -124 -48 -34 117 42 -1 -116 -3 19 -120 11 104 -66 118 0 -53 109 -20 13 -74 3 60 -102 96 -17 -109 27 12 24 -78 103 -69 66 -9 -81 52 2 42 -100 45 6 -98 68 -73 -19 -120 114 -91 -18 29 -74 -116 32 -42 20 120 12 -109 90 26 -105 88 -22 -6 -8 -33 23 -111 -36 31 35 -23 -76 -101 42 -103 -29 35 -79 34 -18 17 38 26 -43 -83 3 -107 43 15 40 -17 -108 -23 -22 119 -81 -124 -60 -126 -59 -6 -22 99 83 -102 -99 -108 12 -80 16 85 -89 17 -64 -106 -60 43 60 -68 67 48 31 91 55 83 -51 -9 -43 97 38 115 66 -110 55 89 -103 109 -37 85 66 -90 -91 -87 -6 114 106 113 -7 91 -125 116 58 -31 -65 122 86 -106 64 -71 40 -43 124 126 62 -128 86 19 -75 -123 -109 -91 2 -33 -48 45 -32 -93 -50 83 -114 78 -8 -99 -70 34 121 -114 39 -60 -82 19 73 72 -45 43 -114 -67 31 -114 94 8 126 -110 120 3 20 79 -113 72 -50 119 4 82 55 113 122 -127 -34 -122 116 -80 -127 79 91 -56 96 -14 109 -119 25 104 -125 -58 -13 15 -46 -115 113 -98 14 -67 81 -47 38 -13 126 -65 96 2 96 61 13 80 -87 -22 37 -117 59 31 78 97 37 72 -46 -26 103 115 56 -100 106 113 -103 -123 -76 -78 -96 -20 -107 49 71 -125 -96 124 103 62 5 50 -52 57 -71 -58 -31 -44 114 -88 14 125 11 -2 -122 7 28 78 4 2 -93 -119 -106 125 112 115 -20 -74 -121 12 -53 31 -39 -120 -48 72 -11 22 -64 -17 -115 -126 -27 49 -70 119 75 97 78 -54 -65 85 74 -42 87 -52 -41 27 -4 -30 47 35 -89 15 -50 -124 -74 113 46 -64 -30 112 -56 -99 -37 119 -32 -84 41 124 74 -15 98 4 99 -36 107 63 107 -109 30 120 90 -63 -42 -93 -32 -105 -78 115 -68 100 -105 -66 107 10 -122 78 -52 2 81 -114 -6 14 105 102 -72 -55 -116 120 117 -57 -31 -6 -55 -68 14 44 -62
-58 -106 -11 -56 45 48 -89 117 -112 6 41 97 70 -93 1 91 -102 -58 113 -67 78 -85 80 -33 84 -58 62 21 111 -12 123 7 97 -31 86 -35 107 11 18 -118 79 -18 68 -99 2 63 100 -63 2 113 -79 96 110 24 103 -125 -65 -7 -81 104 -116 -36 89 73 -53 20 -51 -109 -113 -16 33 -124 29 74 -82 -87 -117 11 -91 -112 35 57 -15 -128 -29 98 -68 -80 -23 -92 1 4 57 -101 119 -125 23 60 -68 100 -62 -58 -66 75 -21 -65 -19 -45 21 -110 73 -45 -5 -74 -117 117 -59 59 -106 -33 -73 86 69 -124 82 -72 -39 -12 -107 -79 -20 -128 -8 111 -89 -108 102 -82 107 -26 11 -19 10 -45 -23 -99 -106 -32 95 -73 12 -36 43 77 -66 124 -8 27 5 122 88 -47 -52 -11 -12 -76 71 -64 47 -56 98 42 -109 -95 -4 111 110 -13 23 -122 103 -77 79 77 -71 -72 -56 -86 58 121 -115 -2 -100 26 61 86 -4 -53 -126 61 -72 -101 -7 76 -29 -93 -4 -52 -27 -116 64 105 -67 -24 -7 -111 -77 27 98 53 79 115 -43 84 -19 121 29 -41 -42 83 5 31 110 -53 122 -12 -76 -27 -114 60 -103 -77 54 32 -85 -38 -18 -68 1 30 -61 -73 113 -53 -5 53 -67 21 41 -103 -126 -68 26 18 -34 -69 102 -80 121 36 -70 -93 47 -28 -23 87 -97 83 125 -110 -45 -55 42 1 96 -86 23 -92 -126 -22 123 11 -18 -46 63 -92 34 31 -42 64 7 88 91 -5 -79 -50 92 51 -96 -104 -79 -98 -22 -53 50 -48 7 34 46 20 -59 -19 -70 112 31 9 37 54 46 -85 28 120 -12 100 -25 86 109 23 -128 -117 19 126 -40 -27 120 -115 58 -76 -40 93 -28 -39 10 -67 7 -91 55 -112 -46 -10 -121 -20 -26 -76 27 34 -32 42 -72 18 -69 96 -86 -3 -120 101 86 67 25 -127 -70 -102 105 -57 -19 -92 -24 -51 -116 -11 28 -77 108 6 97 111 -77 67 -29 -9 -109 -29 105 52 46 49 -95 108 89 45 -92 54 -120 -82 34 -124 56 -127 -9 23 120 -6 -38 -91 -27 85 60 70 123 -20 35 114 123 -44 -29 -89 -124 15 33 -124 42 -54 -122 39 16 -66 69 -30 -76 -43 100 -14 90 -64 52 -91 -5 16 -106 -8 102 -72 -102 -63 54 -34 -41 65 76 73 5 -48 54 -93 8 -108 45 81 -87 -17 18 3 61 106 77 22 -43 58 -126 114 0 -50 -59 -16 -62 -45 -26 -14 117 -66 55 23 -83 -45 122 -1 35 -36 -48 70 -106 -13
-100 96 -42 65 -38 49 -97 -128 102 -59 71 108 20 123 -29 -93 -82 106 -61 -66 -119 15 -75 -60 101 97 54 81 -57 -67 66 77 -105 95 -38 -72 16 -97 -5 93 2 -45 -44 -79 -76 71 79 -120 -3 2 -44 91 -26 41 -99 47 40 16 15 70 3 9 -25 93 91 119 24 83 -91 -125 115 5 -128 112 -5 -32 73 9 -78 42 116 65 118 -60 -6 -125 22 2 127 -90 86 -23 -114 -109 -117 -18 87 125 56 -39 -12 77 118 -41 34 -26 23 -38 109 -26 -4 120 6 112 127 -13 -84 -99 -71 10 115 -107 -42 -116 75 -96 92 -56 71 -98 77 -66 -70 15 -93 77 110 -60 119 -125 -81 -7 118 12 -41 47 107 80 23 -105 -38 -60 -70 -80 -73 14 89 -88 -78 68 55 23 -82 80 -82 95 -88 -33 3 -18 2 69 -94 27 -13 60 63 -8 70 -114 -7 -57 59 -97 -10 108 -49 114 -87 -31 -12 88 -61 87 21 -31 -29 -100 55 -5 105 12 -99 -14 115 102 -128 106 -119 104 117 -86 68 84 -43 -40 -97 -7 50 -95 -47 -36 -37 -71 18 -111 -36 48 15 51 -104 -91 108 46 -40 43 81 -111 -91 114 -127 38 9 68 80 -65 -64 81 -9 -107 14 127 -28 29 -21 3 -44 92 94 54 37 88 15 -72 -127 25 -110 -98 49 63 111 -72 -4 -53 80 -38 110 118 -81 42 3 -68 -82 16 -22 24 -44 -54 -17 -30 -25 -119 83 -8 -53 -116 86 113 -93 -90 -78 -13 21 51 55 -122 80 127 0 125 -49 27 53 25 106 88 -74 5 27 6 4 42 -90 59 -112 -46 117 23 -105 -12 81 -10 -108 126 104 102 98 -72 41 -38 -68 -91 -37 -126 96 38 121 -21 46 -115 97 65 -85 108 -26 100 78 15 -34 94 93 -48 1 -59 -47 72 -84 -23 15 -113 4 3 13 -79 -94 -64 77 61 -4 -85 -111 38 64 36 95 -112 -127 80 76 36 114 22 -37 -106 75 127 -43 67 119 75 45 -76 97 20 16 2 -83 119 -91 -32 -99 -51 -56 69 43 -91 4 84 67 -83 -30 -33 39 48 96 -54 16 -99 61 -117 50 -110 95 -24 -128 0 -15 40 -122 56 0 -47 89 -93 66 117 -97 -96 -15 -50 -125 -26 -17 98 60 -35 104 -42 7 -21 42 97 72 64 -125 75 81 -48 75 -70 45 86 72 -109 82 -25 -85 -33 108 -99 -92 39 -128 84 -125 -21 -81 -9 -58 122 0 121 87 81 103 88 97 58 -80 116 112 -18 59 -33 29 66 50 31 -117 -95 65 62
4 -116 47 -61 -8 -44 4 42 -111 31 5 67 -63 -27 90 -107 -37 85 -5 44 86 32 16 10 -89 -27 67 -114 98 70 -6 -98 101 -114 -61 127 105 -80 -120 -110 122 16 -100 8 122 47 20 -55 -78 3 -128 -36 -41 -112 -100 46 109 101 -84 -43 -107 87 -46 -69 -126 -40 106 -43 59 89 107 -84 45 -81 123 -61 88 -1 -22 -98 99 77 -98 -98 10 -9 -125 -101 31 -71 -101 87 22 -123 -93 -16 -92 33 94 -98 -99 -13 4 -128 71 107 -61 36 71 76 90 59 -44 93 26 -42 -24 116 120 58 -93 85 127 75 123 -91 -111 -104 53 -71 68 59 94 16 91 -14 43 -11 101 39 121 -24 -100 49 25 31 -6 44 -78 104 40 23 -21 -83 49 85 -3 87 -11 8 -60 97 -35 13 35 -93 44 -96 81 1 6 -28 -82 53 -52 -20 -85 -37 31 -75 -4 101 37 34 127 -24 28 50 -85 93 -46 -53 -94 126 37 65 -110 123 100 76 -39 -123 -10 51 -73 -3 -9 48 -12 -87 39 59 -121 -25 89 10 -14 -107 -113 -53 74 99 14 -85 -101 27 66 -9 82 88 -19 -104 41 -75 -124 -42 -71 104 -103 4 88 -32 -117 -44 -80 -24 -64 -128 -58 71 4 -56 -103 -46 -14 41 44 -123 100 109 99 -77 -99 69 -125 46 -93 36 20 5 -109 39 -89 -121 -122 77 59 -34 -127 -48 -21 85 -122 -69 -36 31 -67 38 -36 58 -74 -37 85 -54 5 -125 -13 33 36 62 87 90 67 -58 112 61 92 -104 -68 -86 -120 5 127 -123 55 83 -126 -53 119 -109 12 41 -54 -84 -25 39 -28 97 -92 -122 64 -69 -115 -114 -62 -69 -84 -64 28 117 66 -95 -47 -44 -125 84 5 -16 -100 -41 17 112 125 -27 68 -38 38 -29 59 122 89 -85 29 -104 -21 -12 30 -85 -48 92 46 96 14 67 -125 34 -99 23 43 24 -64 -103 102 -105 -62 -50 -99 41 83 68 94 25 -36 44 -46 -52 0 -21 -47 -95 71 35 -116 -15 -47 -115 31 71 -126 73 -67 66 100 -44 123 -40 86 -114 24 -42 14 -42 -94 -111 -70 -53 67 -21 67 65 26 20 0 -10 -2 1 79 13 -107 -71 72 37 -44 85 23 -117 12 38 -116 21 37 -10 124 120 -86 87 120 116 46 -10 -124 43 -104 -60 -17 23 75 -38 -110 18 -106 111 93 107 -62 -14 74 17 97 94 109 73 33 -128 32 67 112 -17 -7 -19 -11 -51 91 -114 -50 -4 -13 103 45 -55 -111 108 -116 -58 -69 30 -91 80 -95 59 41 -16
-62 -83 -87 -47 -112 68 78 66 103 56 -15 -64 -19 -44 126 109 -93 7 -73 91 -119 113 30 31 41 108 -125 76 45 -68 -105 -41 -93 23 -49 -82 70 -31 -5 34 54 -14 41 76 65 57 -64 114 -11 45 24 -38 -12 -61 -60 -40 -17 65 -66 -59 41 -59 -104 47 118 -97 -101 -67 -87 -98 -59 -14 18 -72 -37 103 -51 -18 -62 100 61 70 -60 120 91 62 -80 -40 -73 96 101 5 -7 63 28 39 -106 -6 105 -67 -88 126 7 107 104 49 -118 114 -71 108 -99 70 -5 -5 45 -39 109 57 4 -128 48 84 -94 73 -106 -9 -68 81 116 -56 -79 -73 57 -12 -20 118 -21 -125 63 9 64 -122 -14 -87 -83 2 -127 18 -109 83 102 -71 -75 -62 -105 -14 -122 11 108 -55 110 -2 15 -97 47 34 -32 -60 -59 -109 -78 -5 -63 67 113 8 81 42 84 -85 -1 71 -4 -10 -31 80 37 -127 -120 18 -80 33 16 97 50 -47 55 -56 -14 -46 108 46 60 -91 45 4 97 -47 70 -120 -109 120 -46 -96 -45 -87 -114 4 -106 120 102 125 -45 -124 -8 -22 -124 90 -55 -55 58 -25 -89 -18 71 54 -127 -37 124 -43 -86 47 -100 106 -56 40 -63 93 -94 -103 12 106 -50 109 27 -60 111 -10 -66 93 49 -14 -60 -60 -11 46 88 -27 -92 56 -81 -121 67 -19 -45 -126 121 17 44 46 -89 -71 5 35 -74 -27 39 55 97 71 -81 -45 -74 -112 -8 -106 -29 -9 -7 -91 -71 -95 38 -57 -48 51 -25 -93 -123 -73 -84 -36 -25 -75 -104 113 -27 -51 59 -92 -112 -49 70 -2 13 -101 105 -57 -104 -98 -14 117 68 -94 -53 109 17 3 23 -111 -110 -33 -51 -112 -88 20 -111 10 12 -84 -104 -98 91 -17 64 60 -24 5 -52 -49 -60 90 85 1 -119 121 5 -44 -8 -119 120 90 16 71 49 7 -84 -109 54 84 -39 127 -82 125 95 -86 104 -74 51 -18 33 42 -41 77 -45 15 -15 -120 -117 -7 -57 92 -46 -76 93 10 -124 -37 40 -17 -38 -86 61 82 13 -120 -70 63 -91 1 -91 85 -15 -80 117 -109 -16 -10 101 -89 32 -79 62 -118 72 -59 -126 102 1 75 50 -67 -27 -60 -69 49 -120 94 -115 -123 -23 -42 61 -91 -38 -119 92 125 97 92 100 70 30 -124 74 73 -69 50 91 -117 16 76 -54 7 -57 26 -19 -88 -34 121 18 -92 -31 -54 61 68 -95 -124 96 -121 110 84 110 -38 101 117 -92 -58 107 -93 -86 12 39 127 -92 -47 126 25 76 -86 -34 33
-74 123 30 120 91 -17 110 121 72 -28 121 47 59 101 124 -48 115 31 -40 -99 123 -8 46 100 -10 -109 -32 -13 -49 91 111 70 -2 118 -110 -117 74 26 -46 124 65 73 -17 54 -124 -36 72 6 37 38 67 -104 -59 0 -51 30 -18 -15 -85 64 127 -117 -48 33 -12 -73 74 -78 -7 -47 -50 40 105 -27 88 -32 12 121 127 -88 17 76 88 -29 103 37 -37 123 -70 -12 -31 -55 -47 -29 -121 85 -66 52 -28 -120 -108 -15 -86 48 9 26 84 -88 62 29 33 93 90 -8 106 107 -111 -34 -57 62 98 -84 -38 52 66 -83 44 19 104 30 -88 -89 12 65 60 101 36 9 22 -95 83 11 -22 123 -40 83 13 105 96 30 123 108 8 -21 -68 -67 78 126 -62 -120 -13 -24 115 -86 -28 -28 12 36 -72 32 95 -82 24 -113 -49 -42 -69 102 -101 -18 79 124 -23 -32 42 -128 -35 -76 33 110 17 -29 -77 44 -102 95 84 -56 -113 -96 -82 69 -81 109 -81 97 -96 -113 -45 43 61 -76 -100 8 74 -80 107 -127 8 47 -123 29 35 62 -96 -112 -33 46 -5 -38 124 36 -47 -78 -100 98 99 -5 120 -121 29 92 50 4 37 -8 -18 20 55 -73 76 -33 12 -127 -116 -68 -3 25 5 -25 64 -78 51 -80 -66 -42 -128 -97 -29 62 -2 125 49 -42 -89 -114 -16 -65 -38 -93 81 17 125 -94 14 94 -104 -76 -12 58 117 -110 54 107 52 48 -127 -25 26 16 -7 35 -59 123 -101 34 114 41 17 120 -51 94 -46 -109 -54 90 99 -96 59 58 -125 41 31 -36 -50 -52 93 21 35 -43 -40 98 -76 -69 -98 108 -85 -5 -69 0 112 127 -113 -94 -105 -83 20 58 78 -36 -2 66 -42 40 -20 58 74 86 -124 -121 77 82 -97 51 -121 -112 -10 -31 107 40 89 59 -89 -21 13 -69 14 116 54 14 44 34 -62 94 75 -125 -11 -111 -74 -99 96 83 51 36 -98 -20 -6 9 -20 23 10 70 -76 84 55 -47 10 66 -16 62 121 104 -21 -74 112 44 71 79 -12 30 -94 38 -69 63 -38 73 -28 -79 -125 102 28 2 -10 53 111 -125 44 37 13 -53 113 -125 15 123 35 -109 118 -8 -46 25 -76 -79 22 -13 58 -113 51 63 108 127 -36 -111 -58 4 47 -9 -98 -87 -24 -54 -31 -28 -24 30 -59 91 125 -38 44 -123 -87 -103 51 -19 -23 -23 -22 -98 -102 89 -3 29 -38 23 -78 -122 -108 -50 60 88 15 66 -25 -34 105 17 108 -88 -10 69 -14 127
-49 -30 -103 -26 40 -99 -113 66 -17 101 127 67 54 11 -5 72 -53 -38 122 -110 -99 -21 86 -37 -48 -76 -64 57 108 20 -4 83 -52 -21 -118 26 -108 -6 66 -90 49 -64 -122 70 22 -113 125 -87 -72 86 -128 88 127 -87 77 -119 -29 79 -71 31 -123 -39 126 121 11 61 84 107 -109 18 79 13 -94 3 -34 -90 -18 -95 -85 112 -60 18 -13 107 -84 19 -96 -18 -1 86 -40 -20 118 50 102 -61 104 113 127 -125 -38 -88 -12 69 -84 15 51 -72 119 69 -31 -7 -55 35 -97 -3 28 -66 41 -6 80 -10 -72 120 -22 -13 16 124 -52 -89 24 42 -106 -86 40 5 -124 -58 112 52 -76 14 52 -97 111 -125 100 23 -123 -97 -100 -53 63 -23 56 22 53 46 40 5 14 26 -65 -32 -119 91 63 33 85 -128 -40 87 68 -69 -52 -73 5 -81 -53 -100 81 9 -116 51 -21 -41 55 -43 112 -126 118 64 -27 -120 97 -30 40 -121 -128 66 -105 16 -24 -47 8 4 33 62 -39 96 26 91 -79 -109 112 -101 -99 -60 -112 -68 -73 100 -113 33 101 55 -72 121 120 109 -84 -33 71 -49 30 13 -37 -104 -80 -99 113 63 101 35 125 2 -66 76 90 -81 79 -21 1 -69 -25 -94 -70 -27 26 -109 -66 -22 -121 -108 118 102 -6 21 -104 22 96 37 -89 88 37 -87 -113 65 112 -64 36 -18 98 92 30 -4 -116 87 -24 101 73 -49 -112 -93 105 -117 27 -1 -82 4 61 118 122 -90 -81 94 -92 -62 13 -37 103 5 48 68 94 67 73 117 -3 30 32 -98 -126 100 -89 53 90 -70 65 -40 66 -48 30 -84 -124 -90 60 -16 -110 -50 -43 37 59 55 108 -1 -53 -110 -109 -98 -36 -77 66 -80 -69 -52 -30 97 -87 97 -114 77 -21 -2 110 86 -90 13 -107 -2 117 -52 54 17 125 7 -17 33 67 -60 -67 37 91 94 59 -127 85 -21 85 48 96 65 68 -99 6 -117 56 8 -102 9 -101 111 -26 93 -89 56 -109 88 -13 125 34 -55 50 -128 48 50 -104 -51 -61 -90 -78 81 -119 -119 39 -33 -72 42 32 98 -61 38 62 18 60 -124 -71 -90 -24 110 71 -93 119 40 -30 -12 -5 -16 118 97 -71 -18 1 -103 124 -62 118 73 86 -122 4 92 127 114 -35 -75 -109 36 106 5 60 -105 -99 26 109 60 -72 26 -25 49 46 -11 42 100 105 -108 -77 -103 -54 -4 89 53 -90 -50 -10 50 -30 -31 -26 39 87 -18 23 60 -36 40 27 8 -32 -62 -48 -32
52 123 3 59 -128 -53 -2 80 -102 -90 -63 42 120 6 118 -72 -27 -96 -28 -100 1 -15 78 63 24 109 -18 -102 -115 -90 -11 -58 16 -11 109 116 68 12 -123 -54 -35 -89 -112 83 61 52 -83 22 -57 122 -2 -128 -119 -34 -45 -38 68 62 80 25 19 34 107 -106 -15 104 -79 111 -30 95 58 95 44 63 30 61 13 -93 -22 -53 32 -7 79 -86 -34 -63 -48 -12 -102 35 56 35 -48 -78 118 86 117 -54 -26 -73 -92 0 16 -108 -78 -97 108 5 -97 0 -125 2 3 -72 95 -4 80 120 93 53 105 90 -7 -21 8 -103 -24 95 -58 107 -52 -56 -62 29 -93 79 -104 96 43 69 -20 -68 -47 24 -72 -65 71 98 -52 -103 -16 -123 35 -3 -103 -18 89 11 53 -15 25 -75 2 39 8 -74 -128 123 -22 126 45 -31 -34 122 110 18 42 -2 -11 -41 48 32 -10 -20 111 -54 -62 43 69 -58 123 123 -40 18 73 85 49 98 -118 -23 44 34 97 19 -86 113 -114 2 71 -64 68 -94 19 -12 11 -106 -46 -116 -24 80 -29 69 99 -6 14 19 -111 -14 -43 30 -44 -6 11 -100 -53 4 32 -43 31 -53 110 -104 120 38 -123 82 61 0 -106 -18 95 -30 53 -35 52 -41 -73 11 9 32 66 124 105 120 53 24 8 -117 49 -112 -104 106 89 -116 -106 37 47 104 -11 -23 48 -69 93 -53 -15 54 -120 62 -12 84 69 20 55 -121 -59 108 -48 80 3 30 84 -106 99 68 17 15 101 -2 107 -86 -118 117 85 -75 -34 114 -23 73 68 113 -122 55 -59 -74 101 -38 -101 -35 49 -53 19 82 93 -121 23 18 21 10 43 63 32 -15 19 10 45 125 114 -24 45 55 -121 9 108 42 71 36 -121 -16 -93 -111 -73 -70 81 86 -73 -34 -6 -7 -75 -111 -104 -28 -116 99 28 29 -28 10 -66 -103 42 48 16 15 -67 74 116 -126 80 -47 -115 64 -122 18 -3 -99 -30 89 0 -125 114 -49 44 -64 122 -48 -128 -44 124 -123 83 -83 -30 -121 62 -60 50 14 94 40 48 -125 -58 -55 33 86 13 -110 -121 -124 -123 74 111 98 -122 -117 114 -115 16 -96 35 56 84 -22 -49 -123 -31 71 45 86 56 33 0 -77 -43 -38 -23 1 22 61 -8 -113 15 57 -66 -109 45 -107 20 46 -74 -2 -21 -52 24 99 -77 -97 -17 -72 21 60 -70 -41 48 -108 83 -80 110 105 94 29 -92 -15 91 48 7 -81 69 26 101 36 -56 -30 54 -120 -42 -17 100 -96 -92 84
-47 49 -28 107 63 -21 3 -101 76 8 107 -80 59 -18 -9 89 -119 -87 75 -34 82 107 -2 39 98 119 115 -15 37 -26 118 42 24 125 -99 -37 -10 100 -56 -33 19 -85 38 58 80 -1 -106 -3 15 80 -23 -78 91 -90 -103 107 -93 71 70 -25 58 48 -63 61 42 -31 -78 93 -11 -109 -119 127 -24 -118 -127 -65 78 -45 -105 3 15 -35 88 -6 113 -18 87 8 -3 -60 -121 -74 79 -38 -88 -85 -97 13 23 17 -26 -116 46 101 71 -126 86 -2 -110 10 -86 89 96 -91 55 -44 44 110 38 64 76 48 114 96 80 104 -118 -9 16 49 -118 59 86 59 -85 93 13 60 -27 24 76 -15 -88 -40 -111 -70 -19 33 121 27 48 15 -1 121 16 -85 -56 -42 -38 -69 17 -67 127 3 -78 -26 -1 123 4 50 88 -9 -20 -83 -72 23 -125 94 52 -116 -25 71 71 -115 -101 57 -73 -127 -2 -56 -1 60 108 -24 -105 0 -27 -106 98 -58 95 48 -58 67 -3 -57 -78 -117 -124 113 -88 108 53 109 93 103 -117 16 29 -84 14 72 -100 112 -107 -125 -31 99 5 60 -79 102 3 -48 37 -18 -12 125 -109 120 46 56 -97 -90 90 -93 -1 98 58 -52 123 -58 -115 87 95 -72 -52 87 -128 -115 -114 5 114 -72 18 79 83 -21 82 -117 -7 -124 -104 4 85 -6 68 -46 15 73 28 64 19 -27 -45 -101 121 77 -74 -92 -81 43 90 -99 -69 111 60 108 -36 -29 85 -126 13 -34 79 30 65 27 97 -18 8 83 -54 -76 53 16 57 -14 115 98 78 -50 84 -63 -54 -47 106 -62 -84 -66 98 46 44 -78 15 86 55 -121 1 18 -118 107 -18 -111 101 39 77 -31 -7 -109 -35 -106 111 34 -91 -65 -92 -124 -124 -74 -42 8 55 -17 62 78 -111 -19 -108 -97 19 104 -103 44 110 -3 -121 111 -24 -64 18 33 4 43 43 -83 105 16 72 -72 30 -74 -35 -6 53 118 97 66 52 57 -11 -107 82 12 -27 95 85 37 -37 47 77 -109 110 -90 81 25 83 35 82 115 126 123 3 63 -126 -49 97 -125 -125 -59 -121 79 14 -25 -33 -96 -122 81 -77 47 32 23 -60 97 53 124 54 -80 61 -40 90 40 -69 114 79 47 -65 -116 113 -63 -43 58 78 77 98 70 82 -27 50 -114 54 2 -1 -16 -56 14 99 -10 119 49 -66 -61 -126 25 42 73 -51 85 113 -80 -58 119 -67 42 104 -33 114 -45 -121 -93 -85 -49 -101 118 -78 33 8 -11 -24 -8 61 -113
-78 -47 73 -58 -3 -42 2 2 -94 -123 -99 110 90 49 126 74 7 120 -41 114 -30 11 79 -88 110 33 -50 98 64 44 77 28 -125 -103 41 26 -50 -85 -22 -70 -112 -11 39 7 66 44 -50 30 -71 -74 -56 88 -22 115 44 68 15 -56 109 -84 63 18 -21 74 16 103 -122 -5 9 -24 -43 34 2 109 118 -98 102 61 -14 48 105 -119 -85 100 -61 -105 37 105 -49 106 -17 -15 12 -94 65 -122 -97 39 -26 -16 22 -7 83 -11 -40 -117 -4 -104 1 -128 -114 96 -32 -24 -56 -90 64 -31 -68 -2 -59 121 50 111 97 50 47 28 83 101 -4 -34 57 -39 -104 85 -118 -41 80 22 -43 21 55 -52 31 72 51 3 23 -91 51 60 -55 71 38 -53 42 68 65 -90 111 -77 -46 -122 -94 -5 29 -36 -29 102 -1 75 -125 22 -125 -102 54 56 -82 -56 74 3 -28 -17 94 -4 36 105 100 -106 87 -49 120 69 -29 86 60 12 -75 -76 -16 -68 5 -49 78 -107 -55 9 -33 55 97 -98 4 5 -93 -124 -105 -105 -7 -43 -5 -124 53 14 55 63 -95 -15 116 -92 -92 -101 75 63 -67 -32 -79 -45 -33 58 96 -7 -59 -77 -23 115 28 -50 58 -72 -111 -30 77 -104 -66 -29 44 -37 45 -20 30 19 19 19 -88 63 102 -40 58 86 69 -68 -72 63 112 -116 81 21 -10 125 -73 105 117 71 -52 75 -60 -116 74 76 16 14 76 -74 -22 17 21 53 -39 -91 87 58 31 70 -48 -103 -4 -74 -81 -39 -34 -37 105 63 57 34 96 16 -2 -61 -23 62 80 -68 -113 -23 27 -15 -3 101 -37 -84 0 37 69 -67 84 11 56 -27 -114 -56 25 -102 59 78 103 -95 -42 74 47 125 -52 -94 -50 -87 23 11 80 0 -83 -73 54 45 -113 -77 76 -121 42 14 -93 127 72 2 39 69 51 38 58 -24 101 -109 13 67 -91 -117 -55 -98 -30 -21 50 69 90 72 -97 72 66 53 22 -23 52 -5 -112 -105 79 60 -41 -39 8 119 -31 33 -8 -122 55 106 121 -76 58 73 -106 -24 -90 -38 60 3 -16 -42 -117 80 4 -23 -64 92 -73 27 -121 -119 32 -100 119 61 47 77 77 -36 -112 -99 -10 62 -39 45 29 -87 -41 65 -56 55 -21 110 24 59 -106 -12 -106 -14 -84 94 11 9 -28 -126 -66 115 35 -76 -112 113 2 45 -30 111 -110 21 76 125 65 12 48 -95 0 -54 98 42 85 114 -116 -108 47 -123 -2 14 -106 6 -116 21 -40 -11 37 71 54 -19
-125 42 -88 75 -102 88 -107 2 93 -118 -13 20 117 -57 -98 118 20 20 123 2 119 -88 -128 -10 -76 120 -78 -11 113 71 -27 110 120 -111 89 117 95 -70 -50 -8 -29 7 15 102 -52 98 54 41 -86 -32 -14 -43 3 -14 91 107 50 -68 50 9 13 31 112 110 111 -113 86 -95 -121 109 20 -108 69 -87 -39 38 -34 113 6 -44 -115 97 -55 -80 24 69 -72 -36 -116 42 -52 -39 113 -122 -29 -66 -12 108 85 -66 -94 -74 85 8 -4 113 10 -122 -95 -36 74 -25 36 -22 105 -12 59 -100 13 -125 20 45 -60 80 110 -68 83 30 -43 39 -75 -106 -89 90 94 -103 23 55 -76 105 -53 2 -15 40 1 16 50 -106 45 15 -70 16 -57 -81 -73 39 33 -51 45 35 5 89 90 41 -20 -36 120 21 -94 -104 -7 15 -114 101 103 -116 55 84 41 -11 -53 -59 -120 104 54 127 45 -59 -95 10 86 27 8 -82 99 -87 8 116 55 97 95 -28 -19 2 30 117 -14 47 71 -15 31 78 -57 -49 -83 -125 -93 -96 -40 30 46 94 -61 -122 -59 80 -93 -40 63 84 -6 42 49 75 85 -58 57 -72 83 -84 66 -6 -89 103 -54 -92 -27 121 -104 -54 -42 -72 -80 -32 99 -19 22 -125 16 47 -97 73 -82 -42 -92 51 12 -46 -60 -117 -16 91 105 -14 40 49 79 112 35 -84 68 -6 -34 118 75 -126 -95 -20 -57 124 29 88 -106 -109 -5 -88 95 -44 64 34 49 33 35 104 -99 1 -103 112 69 5 125 6 73 18 34 -59 -59 90 120 43 0 -1 35 -26 4 -118 -59 28 37 -69 -45 -47 117 94 -110 26 -61 97 -118 95 -87 77 -45 -84 62 26 62 76 98 43 -90 42 -10 125 -126 -91 -120 -107 -72 -55 -42 10 112 -113 -77 -25 122 94 89 -46 32 54 84 53 96 52 48 -21 -51 -110 -128 -81 72 -3 67 116 -67 28 38 -77 33 95 29 57 -5 66 33 76 -87 -38 83 -58 106 103 108 96 -91 72 -49 -76 -91 43 -8 -115 82 -14 102 -73 -101 116 3 -82 -44 115 -85 84 -96 -97 -3 -112 -39 -60 83 60 -34 125 105 89 -90 53 -102 -82 124 84 121 -92 6 90 -63 -127 -42 -15 57 72 -119 -76 63 51 -4 127 127 104 46 -73 -114 -62 -5 110 64 -121 57 -66 45 -72 -36 113 -6 -52 -40 -16 120 -93 18 -30 90 -17 28 -89 27 -46 56 123 -4 83 63 41 -59 -98 -62 -83 14 92 79 126 -89 -73 57 11 50 82 -95 22
103 -86 17 -56 -5 25 100 19 41 24 -54 -11 -61 -31 100 -113 112 91 -90 -91 -44 -65 -62 -30 -8 -92 -99 89 -72 122 51 -24 5 -65 -109 74 51 -100 41 28 -36 26 -125 -59 -45 103 -61 -59 -67 -117 -91 29 76 85 -8 -125 -42 115 76 112 -84 64 -121 105 79 -115 -117 115 95 -100 -14 64 -92 -128 97 105 -40 58 101 -124 26 -105 -13 -118 -31 -63 73 116 10 -8 -10 41 126 46 126 20 -125 46 49 -63 -7 -16 91 93 -48 -61 -112 -28 -18 -119 -32 27 11 19 53 58 -120 -39 -124 -37 -41 93 0 -96 123 86 -39 89 -33 38 -96 1 98 -121 79 74 65 93 -103 31 127 41 48 -47 -99 53 -36 70 -99 116 6 62 -43 -100 117 -124 79 2 64 67 -82 -82 104 -110 -77 35 -119 -62 58 115 -41 -49 15 124 -117 -60 -102 99 -84 -99 -15 -109 -22 69 79 55 49 28 27 -105 112 -53 -108 112 -31 78 62 -116 -32 -30 -18 -127 -124 -22 6 -59 65 -80 -106 50 10 91 78 28 56 -50 -27 -109 16 -84 -1 51 107 -67 71 -6 38 -21 -101 53 -56 89 -20 -95 -98 5 106 54 92 -11 -97 46 -116 -68 1 -116 29 -82 101 -54 -103 -83 43 -12 -74 -61 -76 113 -29 97 30 -12 -67 -21 85 39 -5 30 -7 -33 73 -101 100 26 82 -92 -1 -14 -102 -75 59 19 -45 -128 -8 -109 83 31 19 89 62 -26 89 79 59 -80 81 104 -86 -5 82 -41 57 -10 -117 22 27 115 53 108 -97 84 -54 -72 -14 -8 5 -81 -126 8 20 -56 55 -48 -101 43 -73 6 -126 -74 117 118 88 124 43 -62 102 125 103 107 28 -123 9 17 2 -40 40 83 83 -74 -66 73 -115 13 -23 71 74 80 -39 -119 35 -76 -58 -82 25 21 66 19 -61 110 111 -69 -11 -23 -12 74 49 -119 35 103 101 -121 -116 -102 75 -11 -23 -42 2 15 -11 110 -11 44 17 -93 -9 55 -45 74 -100 -70 28 80 -68 -127 26 64 -87 -81 -86 109 41 -92 29 27 48 112 29 -78 -94 43 111 36 79 -16 64 -16 18 70 -100 -34 -54 -57 58 120 -123 -98 85 -67 26 118 -70 89 -53 -79 -79 -77 36 -114 95 41 -50 50 77 -71 -30 63 123 -99 36 120 -52 -32 102 1 116 106 -77 -108 -6 -70 44 -67 101 -62 38 107 81 33 -44 40 -90 40 -16 116 -77 -30 61 -44 -9 20 -66 -74 19 94 -123 -96 -57 -101 85 119 -66 -72 15 -53 -107 22 36 73 110 -110
62 -105 12 -89 -67 29 87 -68 -84 19 24 37 15 -18 13 91 -106 91 83 -100 123 -72 14 28 -14 59 77 83 45 31 26 11 46 -79 -22 22 109 43 110 -74 121 -86 29 54 -58 122 65 -2 74 15 -8 120 -72 -19 127 44 -48 23 -52 31 34 81 101 -45 11 62 -93 -112 -13 -25 -106 112 -101 -11 11 61 -73 112 -104 25 -73 -52 25 77 98 29 -115 -97 -10 -79 -72 -33 -3 42 87 -92 18 -57 -22 -19 43 118 35 47 -62 -28 85 -29 -98 -77 -106 -61 24 79 -35 64 20 -108 -113 78 -76 -100 28 88 41 -111 57 76 39 125 0 -124 74 82 92 75 78 38 -55 -49 -107 125 -78 126 37 -116 -31 45 51 -41 -27 -2 -22 16 49 -97 -23 120 55 92 11 -86 9 -50 -115 -87 7 111 42 -57 93 12 70 2 -74 -39 -70 -30 -124 -106 74 -119 79 -28 -107 -3 13 15 -34 -7 -46 -49 -106 -106 44 -53 110 16 104 -69 126 -18 -103 -16 -40 113 92 34 -81 -117 54 33 45 -99 -101 -22 -89 21 -119 36 -75 2 -113 -98 84 -30 -100 -20 -2 32 -73 -21 -54 -38 -92 126 42 -8 40 10 -53 -79 -77 8 -128 36 25 -27 -115 10 83 29 -16 99 49 87 -18 -89 52 -51 32 32 28 105 9 -52 38 41 108 -57 -124 -3 106 0 -9 -34 56 -126 -88 -52 36 -32 116 -47 -111 75 74 71 -107 -20 59 -97 -7 102 8 53 1 36 -15 -63 -24 9 -75 6 -61 -123 -38 -37 5 36 -77 59 46 -73 122 15 -59 58 4 4 49 -81 30 45 124 -31 122 121 -16 65 118 -30 -34 -44 22 119 -13 111 -49 2 -30 -90 -14 -14 86 18 -125 97 -57 45 -66 62 21 -2 104 21 -22 -27 25 109 6 -86 -10 -8 -118 -51 -76 18 -128 -75 -110 -52 14 -5 93 -113 36 -69 -78 126 -53 -46 -93 -6 -82 -109 12 71 -40 58 107 118 -52 13 19 -23 56 17 -39 -11 56 -14 82 -20 112 94 40 -31 67 113 -89 -98 -89 17 -5 -72 58 97 -106 74 52 76 79 78 77 100 94 83 29 -81 20 78 -4 -104 -111 -90 -89 102 89 107 121 -41 -105 -112 -81 -68 -27 -92 81 -66 -33 68 -113 -63 -120 -6 -42 -27 -69 -47 -13 -46 -103 -79 12 -122 -125 13 -113 -126 93 -56 10 -79 -65 112 -39 92 10 -35 113 -102 100 73 102 -114 107 108 115 -110 99 -107 3 -118 56 39 -124 7 46 -102 -123 -80 10 1 -100 108 27 109 115 86 -124 -5
54 126 -83 105 -21 -113 -15 86 53 -124 88 47 68 -44 31 -39 4 2 -110 -55 -4 -92 -119 -11 -107 124 -86 22 -30 66 -116 82 -95 -126 -20 108 52 -118 110 -126 67 96 -45 -118 79 119 111 76 -26 8 67 113 -93 39 86 53 -110 23 0 28 -30 118 -12 105 -103 -6 -49 -50 7 -51 113 -122 -20 38 105 3 -104 15 -118 37 -62 -16 33 -123 -50 -26 61 58 -95 -115 -19 33 100 4 -126 -36 -97 -61 -124 -58 -49 38 -74 -126 -128 -100 -68 121 23 -117 -78 38 103 24 -62 -39 29 25 -32 45 65 126 53 25 66 123 49 -24 12 -22 -92 83 120 -25 52 -78 81 -127 83 -70 -45 -79 -17 25 68 78 94 74 11 -34 -126 -103 5 47 88 -58 -9 23 -77 -95 -34 72 -128 -126 -50 95 -111 -120 -59 88 29 -29 -12 -31 89 113 -84 18 -30 53 18 -50 72 -65 -62 85 -29 -5 -127 38 -56 4 63 0 -17 -1 -15 93 -117 102 97 -117 67 -60 -91 78 -10 67 -26 115 104 -110 -33 120 19 -67 -121 44 -26 44 95 2 -94 -45 113 29 -90 -70 -103 -107 45 -35 -93 -16 -64 72 42 -93 -75 -5 -98 65 -127 17 -61 123 20 -23 -4 -16 72 118 -90 -126 -16 14 -39 12 -12 -26 -95 2 -114 110 37 29 18 -73 -113 94 48 59 -26 127 -98 -50 26 -79 69 42 111 93 114 38 -127 37 126 -28 109 8 -32 15 -71 -35 44 127 -62 -103 45 80 35 -27 106 -59 2 -11 -13 -104 94 75 96 58 13 107 -75 30 -49 -107 -12 -75 59 66 31 124 -118 11 68 -24 -45 24 3 -60 37 126 -12 64 100 77 119 85 -43 -91 40 31 17 82 -61 23 -68 86 48 66 -92 -93 78 -30 118 89 -6 -76 52 105 2 -11 28 80 112 -27 60 101 122 68 74 107 107 -90 86 64 -89 32 85 74 -72 -125 -36 26 109 -99 -16 -5 87 34 -34 78 -59 -74 -47 14 67 16 -32 89 72 95 -100 -109 74 75 42 -48 27 -36 28 -91 115 -86 4 -93 24 72 21 108 -54 -47 30 88 -58 4 89 -39 48 21 75 63 44 -74 69 -62 42 100 -61 -17 -82 43 -122 54 -45 -37 126 15 97 70 73 110 103 66 33 99 -88 61 75 110 -118 -98 25 43 71 121 -82 -37 -19 20 43 42 -26 88 36 -28 -79 107 62 -89 45 3 -109 -27 -69 -105 -62 68 89 -11 125 -38 -30 80 85 -110 88 30 -34 3 20 40 -122 72 -117 -102 50 -68 -78 108
45 -16 -73 -76 45 51 16 -87 3 -16 -3 40 91 87 9 51 96 10 105 57 61 -31 -105 0 -17 -39 -65 110 82 111 7 58 3 -78 39 -96 71 -91 92 -93 -57 -49 72 -106 104 75 85 95 120 -37 73 -113 109 88 -20 -56 16 -117 24 -75 114 -56 -71 3 112 -83 -50 -81 28 95 -24 92 -82 64 -21 11 21 -112 44 -19 -49 -35 83 -106 -56 1 93 -122 -22 -10 -98 115 77 58 -9 32 -34 45 -60 -86 -109 -30 -42 -52 119 -16 -120 69 -47 -5 -57 124 6 97 29 116 27 15 -70 103 56 -60 11 30 120 54 -73 -111 89 24 35 26 103 -123 -22 -65 41 -55 -47 34 -23 -2 106 -40 -72 102 2 -5 -113 -30 -9 -4 -33 101 -3 119 -27 -50 3 -93 2 29 53 -117 -81 22 -108 -87 0 104 -37 -122 -126 114 102 -114 -121 -20 30 -49 70 -62 -8 44 65 77 16 75 -110 119 38 -15 106 117 -121 -121 -96 107 109 108 24 -41 -29 -116 -109 55 74 -127 2 17 82 -25 26 80 126 40 0 -39 118 -36 -25 106 100 -37 27 -23 -4 -64 91 -112 4 38 -40 21 -122 -67 -1 64 17 -38 17 -127 -7 -43 48 66 50 -44 -39 -17 -111 38 -2 28 -1 -5 -21 45 127 -70 0 -126 1 -80 97 40 -118 -15 58 -115 124 -40 124 -90 48 14 -109 8 -125 84 -73 -11 -119 -60 -53 100 -75 7 -71 -28 69 102 90 42 -87 45 -101 -13 -123 -67 -9 -78 -33 -74 -61 -19 -78 -43 -7 -74 60 47 -112 -17 39 28 -124 4 -113 -87 61 -88 2 63 63 70 -107 -75 32 -127 76 45 -20 -35 -106 -85 81 -64 0 14 50 100 -107 30 13 111 25 26 -70 56 11 32 29 -60 -42 103 -101 44 -7 17 -121 21 0 115 -27 -8 -45 -101 64 -10 -3 -33 56 39 -48 76 -62 127 -108 77 -108 -21 -78 -42 -54 17 -67 75 47 -86 33 31 -106 20 -79 12 -103 95 -95 11 53 -58 8 -122 103 -74 72 -109 92 -86 -35 -49 -48 89 124 -124 -94 42 50 -48 -125 -7 77 111 82 -90 4 -29 96 -103 -44 0 82 82 -75 -106 43 114 56 98 86 79 32 15 24 50 44 118 59 43 -86 -72 88 122 -121 -103 -80 -111 -6 -20 27 27 3 36 83 76 -103 83 -55 116 66 111 -39 92 -128 87 -64 -128 5 -63 -12 18 3 -82 82 -59 -99 -87 78 -66 5 48 56 -51 51 64 -83 113 -88 -85 42 -85 -43 -41 -113 -4 -117 -55 -80 80 -64 -6
-36 -4 -32 112 -102 36 -15 -28 50 -28 20 -52 13 -2 -121 61 -125 85 17 11 -9 108 59 58 -98 94 -122 10 103 83 -90 21 -70 -73 9 14 115 -11 8 -9 23 1 -37 85 -82 3 -59 73 -93 -77 -66 -118 -70 -128 35 -8 36 55 -128 54 -21 16 -1 84 -128 72 2 -20 -54 124 -40 69 35 -115 95 -115 53 -120 61 -29 -16 123 -15 -120 -18 -61 92 -90 -105 -38 -63 -70 19 107 68 45 -94 88 10 11 -104 -14 41 -97 7 30 22 104 19 -57 40 69 29 43 -61 117 5 -49 61 57 10 119 -3 64 118 -97 -71 8 -25 -9 102 -106 41 -72 104 -65 57 -69 -102 95 42 -31 -101 15 43 -9 -75 92 -14 -85 72 87 22 84 -95 -21 36 -98 -27 -20 -61 -76 -13 -91 84 11 -53 1 -104 -110 54 28 -102 14 -20 -51 70 -83 -125 12 68 -5 -97 92 -13 -21 43 -33 -102 8 95 -73 77 102 -95 -50 -111 -74 30 -116 31 -6 -39 -81 -6 -51 -17 47 -67 16 -62 -22 15 -41 90 87 35 -121 -31 95 -82 84 19 44 115 89 -57 1 6 38 111 -83 60 -55 56 93 4 97 4 -116 73 110 73 30 86 -27 -112 -15 69 -44 -119 -32 26 -101 -47 24 59 97 -74 89 100 -67 95 -76 42 -26 96 -113 -106 -5 37 41 -13 97 -1 111 -58 -93 79 53 68 -25 74 120 77 10 -79 -62 -99 -22 -77 -50 1 80 59 93 70 37 -10 -107 -52 -79 -47 45 -116 -47 67 -56 31 -41 -102 -24 -127 -69 -69 -40 90 -74 -57 -41 90 13 79 -13 10 -13 -113 -72 11 93 81 120 -41 -44 93 35 -28 -3 64 111 -102 -22 76 -54 71 27 48 -50 117 -111 70 -50 -1 78 22 -55 -66 -4 67 39 24 -128 -106 66 -67 -62 -28 23 17 -61 -123 77 49 83 36 5 49 46 67 43 27 114 -71 -27 -26 -105 56 122 -126 -105 -92 56 -101 -3 116 31 -9 -48 -10 -6 27 -50 123 60 -105 -42 60 -111 28 -26 15 89 87 -47 54 69 -51 -35 40 58 113 -114 -23 24 31 57 36 23 -36 37 -109 98 26 96 101 -30 103 99 -26 51 -47 107 -23 121 40 -120 124 -90 -109 -122 88 13 -16 41 -5 74 -124 84 -73 -105 9 6 -87 37 126 -33 -30 111 -68 -14 76 90 69 -4 -119 95 64 -122 106 69 -29 94 -8 -80 122 26 -2 61 -15 -75 65 -74 37 86 -6 -88 -89 -117 127 -127 -100 -62 14 -78 96 18 -68 91 -85 91 -85 50
-84 -106 72 -11 110 -90 -35 49 25 75 3 60 53 -55 -60 -9 -19 103 -73 -64 -93 -109 115 60 -92 -12 -63 -42 -8 25 -19 -71 -23 -118 -52 -113 -21 -87 97 -1 -56 0 104 -3 -94 70 -26 23 69 -83 81 2 -46 -70 -119 98 44 31 44 38 -90 -121 -98 -27 -78 -87 39 83 14 105 53 -39 -86 85 -108 36 -106 80 8 -27 11 -10 103 10 41 41 -64 114 73 -42 -14 -93 -28 93 -93 33 98 -80 122 -86 50 -36 -48 93 -114 -37 -34 -37 103 -117 127 27 -104 93 73 10 -71 -73 80 -114 -92 -56 11 17 -44 126 63 82 32 50 82 -73 -34 109 13 86 33 -85 -91 96 -123 53 -73 -107 93 81 -65 -34 20 -55 -121 64 88 -39 -24 -106 -25 93 -87 59 74 41 -19 122 43 -55 30 -12 -6 71 -106 111 -68 -64 37 52 113 -79 -113 70 -44 16 -81 -79 62 -43 60 89 85 97 60 50 -104 99 -109 115 15 -82 -119 97 92 -87 -41 -15 18 38 -21 95 -56 -114 122 126 60 -51 -18 -128 -49 -77 -74 118 52 -73 -51 112 118 -26 13 -126 90 -52 4 -72 18 -16 98 60 -54 -30 -2 10 -82 -32 13 -1 -85 49 -50 80 -30 101 14 -73 87 123 126 99 -32 -108 76 -9 -34 69 -87 52 -77 71 85 -110 -104 78 125 27 24 58 20 -51 -88 0 11 54 -10 48 6 78 -79 26 67 77 -98 95 -115 -70 72 59 -7 65 114 -119 81 -38 65 -79 56 -77 -62 25 -39 -24 -6 -54 -82 81 4 71 -30 -30 -101 92 -4 16 41 -8 89 -21 37 -5 38 -22 57 92 77 21 -43 -107 43 -105 89 -57 47 -124 -92 -74 -119 -77 -105 -86 99 46 -5 58 32 -18 30 -1 62 -52 123 100 45 84 51 125 -8 63 22 -115 -39 126 73 -104 92 95 14 6 96 -20 126 17 17 -80 -22 -23 5 79 -37 39 -15 54 -36 46 -105 31 97 32 7 96 -122 -92 23 20 -115 -109 -84 35 90 -117 -26 -94 -109 94 -58 -75 -12 31 58 -110 41 89 65 40 -88 -100 -46 98 -15 -32 -104 98 107 80 -85 52 90 -14 127 -32 -30 50 -13 -113 64 87 120 63 31 -109 70 -123 103 -62 101 74 21 -3 -64 -98 24 -4 -96 17 112 76 114 24 -107 -97 -64 31 24 33 73 -76 -3 117 106 -114 113 -41 -90 -14 -57 -91 -21 29 47 -76 -74 38 120 -49 62 98 97 -125 118 42 -70 -115 -106 74 29 75 52 27 -28 -92 113 -52 64 -54 123 -112
53 -67 -8 56 -98 -21 12 21 25 -123 -102 -21 54 23 -86 80 114 -81 -123 124 -104 73 83 122 -88 49 1 40 26 115 100 39 -3 -56 126 22 98 -65 27 85 19 50 -66 101 -59 -121 -58 -21 99 -55 -123 58 57 -104 -3 -50 90 5 113 -106 -79 -92 -60 -102 119 -27 -7 -5 20 -92 -81 -117 76 4 -66 -30 35 -13 70 -101 34 -41 -76 24 50 -107 33 -103 63 -98 -84 92 85 11 -108 124 -71 -76 59 -73 81 -121 80 -1 -94 36 -25 102 -69 -19 -57 -93 -1 -65 -19 3 112 94 -99 -53 -25 -54 119 127 -88 92 -9 45 84 -124 48 -63 -9 76 50 -19 125 -18 7 -115 -8 112 94 -107 89 -118 43 110 60 16 56 -55 120 14 69 -92 -34 87 -58 -111 24 15 -36 83 39 82 -97 104 -57 64 74 -7 -111 6 81 58 -119 6 -97 35 22 -75 -30 -31 4 67 -71 -1 -34 -66 94 103 32 76 65 -43 55 -84 70 -23 118 -66 74 -100 8 1 -23 -91 -104 61 -15 -8 -91 -89 61 -47 117 -71 28 -120 -20 -1 104 118 -24 127 -4 77 -98 -106 117 7 -83 -110 -46 26 -58 94 119 96 -30 -46 32 -99 -29 -32 16 51 -80 -82 32 11 99 -107 -75 -66 -54 -54 -80 38 -30 -74 23 -89 -108 98 -29 73 -26 -91 61 -57 -78 -22 125 -12 29 115 124 16 65 -108 20 76 -87 -67 -42 61 49 11 43 -112 90 -18 -88 80 57 -46 -124 103 79 -22 9 87 12 47 66 93 86 14 37 37 19 -69 16 -72 -57 52 0 -124 1 -22 0 75 12 110 71 -19 -104 91 95 74 3 31 -128 81 9 66 23 -17 -124 -26 -62 -56 -24 -44 -46 -56 25 -125 111 124 25 -91 63 0 -87 -97 -46 43 -103 66 80 -68 -120 56 54 -62 -89 -12 -121 119 -113 59 89 -20 72 124 101 30 -24 -16 -83 73 -94 48 -22 -22 127 121 -74 -36 -54 38 -98 22 5 -91 -28 114 -86 -67 86 22 89 -88 69 79 -59 -11 110 -113 39 -64 73 114 12 97 -96 116 -55 124 100 -69 82 -59 -36 56 54 -16 -91 -119 41 23 -91 -92 121 -45 -74 -58 -50 -89 -71 43 -26 -69 125 118 84 -44 107 113 116 82 41 -20 21 64 -68 94 -48 61 42 126 41 48 -71 18 -116 -103 27 -29 -75 83 13 9 31 -69 -109 -112 -35 -124 -115 -52 -78 -13 -106 64 -56 19 -114 59 -34 -106 -108 -10 83 -71 -128 -14 4 104 -28 47 45 70 64 -33 27 84 -24 -117
120 78 36 -56 62 67 -27 82 54 -114 -35 -23 -80 -31 20 -4 -11 35 30 -122 -12 -49 -72 -90 -86 22 -42 -33 62 -112 115 -71 26 14 -42 -65 -57 -24 79 5 -20 -49 -117 70 88 -86 -55 70 -102 62 27 -40 8 20 -59 42 36 -90 -24 72 96 -4 -128 30 -23 13 102 112 7 -7 -124 -50 92 73 9 74 -57 -10 -84 33 -4 64 66 -35 46 2 39 -30 100 -113 62 88 -19 9 -53 -17 -119 7 90 81 48 -126 30 -111 -57 -103 -15 88 107 -126 -111 -9 -99 6 105 109 -76 99 -90 67 23 64 101 -114 -37 -10 -3 -54 101 -26 -123 -79 109 83 -100 -32 10 -81 -111 -46 55 53 87 119 -29 72 -5 -127 123 68 -84 84 -15 30 -35 -116 -16 113 125 108 24 -125 -47 -128 80 -123 24 -28 -124 125 63 -38 -41 -15 -105 -32 -82 121 -21 -37 89 -37 44 -105 115 -10 20 -22 86 -5 92 -10 75 -61 1 -51 41 66 -106 67 -96 -25 -40 -76 60 -45 -19 42 57 114 67 34 -50 -97 31 -22 67 -82 -1 86 -121 58 42 125 -94 77 -85 75 -41 79 45 -3 -79 110 -107 -46 85 -52 -81 -112 -70 29 58 3 -16 -121 -73 -81 33 123 -29 -19 122 125 -125 119 90 -66 -66 0 -110 -94 82 -28 125 -4 -54 -5 -92 0 -96 -9 -121 -94 58 0 28 -107 105 101 120 102 12 53 -98 30 66 22 -59 89 1 103 68 -110 -29 -101 22 -73 66 97 95 104 56 91 -9 88 88 95 0 -31 -75 6 81 -67 -121 31 -99 28 40 40 -96 -119 2 40 -29 42 -118 119 -102 3 114 -42 -36 89 18 -91 -100 0 47 -75 -12 -87 52 75 -28 -116 -73 70 -34 64 -122 114 12 -51 -57 -127 -51 -59 -108 82 -7 98 19 84 -71 16 26 17 -91 -33 -77 7 35 -3 -121 24 40 107 36 -122 -117 61 -27 94 -115 93 -126 -49 -117 -42 2 82 -125 77 -35 88 -115 -71 119 46 -125 1 56 -106 107 -103 109 98 -58 -46 -10 92 64 -99 48 -34 -86 114 -98 -58 70 110 -58 -121 -119 107 110 -56 -91 114 -14 72 -124 -103 8 30 -29 12 49 73 110 22 58 -102 -10 64 69 -21 -13 5 24 114 -95 -116 -111 -102 -101 92 -45 127 -105 24 -52 -23 24 48 -10 79 -112 -47 -105 -94 94 -117 -23 15 23 -121 -93 -112 -14 70 -45 56 14 28 71 124 93 93 75 113 51 99 -106 126 42 -79 -3 -21 -64 27 -103 -116 49 103 -111 26 -61 -85 -85 -99
-19 33 -17 85 -54 94 -100 -103 52 122 -78 -46 -9 -46 18 58 -34 -50 -7 39 -12 -24 84 29 13 40 -62 -38 -118 101 -2 89 35 69 -17 -44 111 -126 -78 69 -68 93 -93 22 4 22 -89 47 -42 80 105 53 -86 65 71 123 -83 -97 -27 -39 -58 -62 78 -85 -46 97 36 101 94 109 119 4 3 86 98 -2 36 85 94 98 -36 71 -81 -43 14 -115 -84 -50 54 24 -24 -88 95 2 -12 9 16 -88 -40 26 -1 -50 -13 111 41 -5 118 -55 -41 61 47 98 -68 -127 65 79 -16 96 16 27 16 -8 8 14 37 27 41 -102 85 -64 -20 -40 16 35 -36 47 -105 68 105 -43 -94 -20 -45 -58 -93 -121 32 -30 -82 -56 63 -19 26 -42 -126 114 6 -121 122 110 -6 106 -18 80 0 119 -8 -14 -106 -14 -34 -25 95 -117 83 -13 98 78 3 125 43 18 -5 83 -40 -116 -49 117 92 -40 49 -109 24 21 -103 -16 23 27 -84 -59 114 65 18 -58 43 75 -50 56 19 -87 116 68 -29 35 54 -37 62 -22 44 -40 -5 -1 79 63 -123 106 -26 -34 121 -116 -70 95 -106 115 12 86 -24 -59 -40 -4 -5 -87 88 109 51 13 -16 -94 -123 114 120 116 -44 73 -61 1 -62 -20 -90 -22 47 52 43 -4 52 24 116 95 -33 -54 107 -4 79 -22 33 -93 6 114 -77 29 -39 -9 95 61 16 -4 -83 52 -124 70 -127 -48 120 35 -58 18 -126 -111 26 85 75 -79 46 72 121 -66 -10 108 -72 -119 -124 126 115 75 -105 -60 6 -108 -54 12 27 44 58 -38 -4 100 -26 33 -60 66 37 121 79 85 -54 5 -111 -23 42 -7 -27 -123 -47 126 68 -125 47 120 6 -58 101 -21 -97 20 73 -54 -71 87 62 -17 -72 -124 123 85 -79 94 -102 36 -28 93 -101 107 -62 122 -51 37 -80 86 127 -35 107 -1 6 -124 -119 -38 5 -85 -72 -45 102 -121 111 60 -123 64 61 84 22 -1 -64 -30 -81 104 -9 53 -59 85 101 36 -31 -117 -1 34 79 -67 36 83 80 35 2 -30 38 -6 84 39 -124 -31 70 55 24 93 28 -106 101 -70 -76 -97 -106 -8 83 40 -43 -119 12 16 92 92 53 4 -93 -42 23 7 -100 -53 -21 44 -17 33 -72 -52 -23 77 -72 -121 60 24 -110 -36 -119 -36 -110 -60 109 -79 123 -85 15 43 118 31 -78 73 -3 -14 -68 28 -91 1 109 -50 -125 -26 94 -67 -4 32 51 -15 17 -85 38 66 57 -108 110 56 53 -121 72 -78
30 46 -114 53 72 60 122 -11 -114 -80 36 7 78 102 -4 121 -46 -65 -81 -24 111 -93 -70 13 35 11 71 -62 76 -84 -128 -99 -118 78 -110 -20 117 5 -67 -59 -15 -43 -99 -20 -5 40 15 -52 25 -84 -84 73 120 9 43 34 23 113 92 12 -25 10 -121 91 -35 -57 -102 -78 -122 102 -81 14 -13 -120 82 -116 92 -51 -73 -17 -54 -104 -18 55 -68 -62 88 52 -52 -103 109 -25 87 39 102 123 -89 -77 -32 -124 -82 -43 -61 -13 6 -40 -37 109 80 -89 -61 -88 127 12 10 -127 -93 74 53 -14 -57 -12 57 123 2 -92 -99 -99 -8 9 39 74 -23 96 -110 -49 -40 -64 79 46 -108 -70 3 24 -56 23 -76 93 -127 19 93 -111 -27 33 13 -75 -81 -49 79 87 -114 -38 58 88 -115 -81 -126 30 19 -65 -116 -35 -90 13 85 -5 103 19 -53 -112 -107 -10 100 -78 -10 1 17 106 42 120 126 13 5 17 -56 26 109 32 80 24 -22 2 13 -84 -40 -19 24 -70 123 116 -113 -9 -101 99 116 -89 33 -53 -59 60 113 78 0 -77 -106 120 -50 -21 77 -116 -18 111 62 31 49 13 55 87 -106 17 36 13 44 -123 -101 -43 -121 -127 -5 11 11 24 -96 15 -20 -82 -81 118 -33 -24 5 -128 59 40 107 119 -2 65 -31 -52 -112 -110 -125 25 83 -33 -72 -100 116 -106 75 -122 112 100 -109 -80 53 91 -70 22 125 25 67 -13 45 -46 -90 -53 -69 76 102 124 -70 29 -67 31 -12 -118 -67 -73 6 70 -30 -108 78 -117 35 -39 -2 -118 65 -3 -16 26 104 -30 -86 45 -2 119 -127 127 -18 -62 -47 -40 76 -8 55 67 13 94 56 -10 -37 20 78 -76 -116 32 109 -86 40 24 -20 14 -16 -69 -57 -68 8 87 -2 85 -70 35 -75 127 12 125 -31 -35 -57 17 -46 88 -59 -74 -113 -64 -57 -52 95 9 -21 39 121 49 -117 -104 77 -85 94 24 123 52 -84 45 32 -74 -2 -125 31 13 91 -98 -52 -99 -61 72 -108 -76 -67 -2 92 -51 42 126 58 58 63 -34 -19 -52 11 -61 43 -24 -51 -39 -16 -124 13 36 13 11 -4 -11 24 -59 30 127 -126 -111 -92 94 -83 19 -122 -80 -10 59 -128 -83 92 77 -113 -106 38 115 -19 32 -87 125 -46 -20 -45 89 -44 69 -116 94 -103 -84 61 -124 -5 -98 41 55 19 105 -18 84 75 21 -98 38 -107 43 28 99 -30 -60 -69 -89 42 -96 -89 94 -73 -124 -82 56 -113 34 -30 127 52 57 -57 9
-92 13 35 101 81 -88 -37 -69 6 7 35 -106 -101 -102 -60 -117 14 -87 -42 -104 -20 -94 36 19 -105 22 -85 -19 -28 26 33 -66 21 -25 -18 83 49 24 63 18 57 -105 -3 13 78 -60 -11 -96 -126 90 98 -105 -78 -62 -91 -38 7 98 -45 6 103 -89 -47 -4 23 -93 -4 40 -48 6 -98 122 119 47 -80 66 108 -45 -96 48 -117 72 -122 98 -12 -30 -76 55 -8 -65 28 37 -64 -91 66 90 101 119 -80 21 30 -118 -64 -59 108 103 -99 6 107 -18 38 -9 -68 -110 -52 99 -11 36 -42 -111 91 12 -101 -3 -117 -47 -30 -14 -14 43 -43 -30 -65 20 -127 77 -12 -32 65 -127 43 -31 -12 99 19 -29 0 93 -69 -124 -125 -19 74 105 31 -6 -81 120 23 100 -52 89 -54 -51 -38 7 79 -102 -99 85 35 103 64 58 107 38 41 -121 -124 106 -1 -58 -76 -66 27 -17 30 -30 -3 -13 -49 -78 -111 81 44 47 63 43 -88 -54 59 49 -44 47 66 101 44 -77 16 -1 48 -83 -67 -2 -113 59 -3 -77 -113 -123 -122 76 -68 -42 -57 -121 -29 -120 81 -74 -30 93 85 80 54 -102 121 -53 -101 -92 -22 -3 -82 72 -49 -103 7 -10 -100 35 -126 -60 97 -127 -80 70 -93 -33 4 21 105 77 -123 115 -101 126 15 83 -117 -60 13 -5 -26 60 32 -123 -127 -116 41 -50 30 -14 88 -66 92 27 57 47 -107 62 -117 108 71 -79 41 -29 -126 -103 126 13 -2 -79 33 -77 -10 31 -88 7 -13 -92 -94 -87 -110 10 95 71 -89 68 -90 104 112 77 101 -38 61 -31 58 -71 -58 -28 -14 64 122 -56 -14 -12 42 114 -64 -67 -75 -57 58 112 46 -27 70 62 24 -16 27 65 16 -107 11 -116 61 118 124 91 -125 32 -119 -28 -50 1 114 105 -64 -100 -116 103 -42 -82 17 1 64 37 83 -77 80 19 121 -40 -110 -101 42 -15 120 -86 -39 48 24 113 -86 -127 -109 39 -97 84 79 92 55 -121 14 -60 6 65 -123 44 113 35 -71 -125 -34 -85 -28 -126 67 31 -104 75 -26 115 -112 105 -12 79 -11 -61 47 8 -59 5 40 -1 120 33 41 57 102 -3 36 -39 92 -102 24 -94 -30 -53 120 -108 -112 -62 6 -28 96 14 68 9 -103 -100 114 60 -6 50 -101 -125 82 -38 -121 -71 55 -20 43 82 38 -95 -85 -108 -112 -124 -56 102 80 -50 62 -69 94 107 112 -118 -113 63 -48 124 70 -101 5 -91 -81 -20 113 43 -111 57 -105 82 61 -36 -102 -83
-77 -75 -116 -51 101 32 36 67 -45 -124 -22 -34 108 31 42 21 -3 67 -20 -26 -66 -111 -61 40 35 29 58 8 45 -56 -13 -80 -5 -30 -3 -94 -114 -7 -75 -119 63 126 -9 -114 -43 57 -38 -36 113 52 67 82 18 30 12 19 -15 -88 124 -113 56 -113 -104 -42 125 -82 -102 -103 49 32 -113 70 -118 -108 37 -78 -36 61 -39 119 -22 73 29 -122 -12 -74 46 33 -86 30 -21 -55 -84 -120 -2 -93 -49 112 63 -35 102 -8 91 -7 -81 114 -74 -104 24 -41 79 30 -37 -111 -65 -86 -77 59 -117 39 68 -102 -98 -62 -69 -32 99 -16 23 44 -30 -11 -13 -102 39 -37 -26 -68 -18 48 -87 10 -111 -1 -53 -101 -107 83 46 82 -42 25 10 -79 66 29 31 -107 -80 -21 19 -91 -16 22 -43 -87 -30 91 -78 -81 -57 -96 59 -15 23 -19 -27 -67 -25 1 59 -74 119 53 -27 18 22 -54 -108 59 76 22 22 -36 -15 98 -98 37 -78 -51 -96 -82 69 -61 30 -109 80 -124 37 -52 103 -91 18 60 79 -55 36 53 -21 -14 8 -90 54 69 114 -102 89 58 52 66 -117 -38 122 -9 79 -106 -4 123 -52 45 97 33 -24 36 -34 -58 -42 43 62 123 -56 53 81 33 -74 47 -23 102 8 9 19 123 -117 52 -96 -40 17 32 37 -97 -60 101 -62 -72 19 -20 27 15 90 60 31 -90 6 70 49 109 7 90 -89 -72 -44 4 -95 102 31 119 -106 -45 105 123 -23 -40 -24 4 -57 57 49 -125 45 41 113 117 55 30 -65 32 115 -44 -33 48 -80 106 -23 -116 -65 26 -77 -57 107 -44 61 -71 -43 -56 -30 3 33 16 -115 44 -12 -108 -77 67 -122 -7 -68 -43 -52 -35 50 -6 55 -17 -120 -123 0 -53 -43 30 31 -127 -4 -10 36 15 -53 96 -99 34 112 -93 91 58 -99 96 -52 53 40 -116 -53 -43 91 -104 33 26 -96 -46 38 23 59 -120 -77 107 -4 9 110 30 55 86 81 -121 -34 56 42 30 5 78 119 -114 -49 -98 -114 -86 6 49 79 83 90 -12 88 -128 -30 -46 -24 117 -85 56 103 31 117 -69 -48 113 94 48 99 88 -37 -2 -3 -51 -9 38 88 54 -77 92 -46 18 91 92 -125 -120 -41 -47 -4 -108 -70 57 71 97 4 -109 118 -41 -34 83 -122 -8 -78 112 -92 3 39 -116 -100 -38 -43 -34 22 78 1 -30 14 -49 -48 -102 -11 -1 93 61 -66 -44 -6 126 13 65 38 1 -28 -69 39 53 -42 -18 75 24 89 -41 -52 44
24 28 28 -25 48 -108 106 -87 110 62 107 -22 34 106 -110 61 -59 -70 94 73 -104 52 23 104 -125 -83 66 -106 -52 71 108 74 19 100 -65 -57 26 100 -87 -79 43 -44 105 100 -106 -102 -4 2 123 -115 59 11 -106 -40 36 -25 19 123 -65 114 -72 70 -23 82 18 79 -105 92 55 86 37 -53 41 74 36 -38 56 2 10 43 -100 79 -21 122 -108 -26 32 19 114 -37 10 -89 105 9 50 -78 66 -128 -2 93 111 -70 -53 -48 -54 8 -29 107 -74 83 71 -117 120 83 -94 -54 33 -99 -31 -74 110 -69 -10 9 98 -84 99 -83 66 114 -21 -4 -101 30 -93 -23 13 -51 -28 -85 -128 -123 -85 -43 -126 13 26 97 -63 60 -62 -95 9 -4 -24 54 92 -53 27 124 -114 118 126 -125 123 66 120 69 13 9 34 -57 -101 0 -100 85 56 -103 -58 -49 15 109 -44 -11 63 28 5 -105 73 5 -8 -33 -16 -125 -104 -57 98 74 -73 -48 -96 80 -66 -34 -87 7 69 -56 82 -24 52 25 -95 106 21 70 14 -79 -8 76 125 106 70 -102 60 -47 63 -87 112 19 -61 34 114 -89 43 19 -104 -13 40 76 87 -56 -36 31 -21 -33 -91 -93 -24 21 83 37 29 -91 75 81 54 7 72 102 67 24 15 -30 -95 101 10 -49 35 -59 -95 28 -13 109 -123 -84 95 119 52 -18 64 -80 -74 9 14 -33 -38 7 -111 -115 -24 -122 -13 -108 85 53 106 -24 -75 -110 32 -27 -82 -63 92 84 3 -27 101 93 -28 45 -7 37 79 -15 72 116 -55 -102 58 119 -14 106 36 114 -23 -84 67 108 50 -42 -121 -46 -83 40 14 -34 -85 38 23 52 27 -55 -27 -18 11 -94 95 109 93 -73 -98 -118 -29 7 14 -53 -111 -16 126 32 117 -88 43 -68 73 70 49 -105 -12 -60 -20 47 -119 -119 -74 -120 -14 35 -126 -81 124 8 56 91 -69 25 -33 -118 64 -4 -46 97 7 -32 -38 60 119 -67 -35 39 120 57 -57 33 -33 -101 -94 -128 -128 -5 0 11 -6 -72 -121 98 -112 75 -72 71 72 19 126 23 75 -91 38 -68 8 -116 40 7 127 95 73 104 -71 108 -124 28 40 121 -96 -76 -16 104 -9 18 96 -59 -102 38 -66 -76 -77 -79 98 -47 87 122 32 15 124 -28 8 -71 -68 -122 118 -116 106 -81 -39 -62 -46 95 -111 40 5 -50 55 -76 -29 12 -19 20 32 -100 -14 25 21 110 -119 44 0 126 112 49 68 115 -27 65 110 72 119 31 46 11 -7 111
106 -126 26 21 69 120 -39 -114 -43 96 -74 8 35 -76 -45 33 115 126 -70 47 -104 -83 14 81 91 58 -56 -9 -106 37 -117 102 -31 -45 -4 -96 -42 -52 69 -92 43 10 -35 119 87 -103 28 -54 -94 -110 -5 -67 77 89 32 51 106 -69 -86 117 -75 116 116 32 11 8 -114 -115 -20 -49 -73 80 -18 111 -114 -78 -52 31 -26 120 51 -67 28 28 77 -88 36 20 -54 54 -23 33 119 -69 12 -10 4 5 -87 -14 62 75 -18 104 -47 -114 86 -38 -106 4 2 -63 66 -21 72 92 87 -82 -88 -98 2 113 -112 -14 -111 113 19 105 53 -74 6 56 -112 -105 46 -89 95 88 52 -82 -96 -47 -74 -48 104 -9 -107 112 107 9 -71 47 -88 -19 -12 68 -71 64 91 -68 34 13 -13 -71 122 60 -124 17 -32 -46 63 -124 -59 80 -80 -18 -45 21 96 -47 -23 -68 -87 -87 88 121 -102 -87 -85 95 -51 -3 -109 55 -52 76 -81 34 -109 -33 -10 -76 -81 -48 -32 -57 -93 -49 -72 -11 100 -120 49 -31 102 -17 -97 -12 -126 82 118 -40 -112 -71 119 -83 -5 -103 -69 -22 2 36 -86 48 15 103 99 -89 121 69 125 -73 98 57 32 40 -16 -9 28 44 110 112 93 -110 -115 -98 -70 105 7 -87 -77 52 -96 79 -105 -99 -12 -107 18 -42 35 -123 42 105 -20 -10 120 -26 -10 2 -6 -94 -93 23 -45 -46 99 118 -92 8 42 -94 -60 -11 -70 -81 79 23 -99 -125 -112 -96 10 -41 -67 -87 21 70 -39 -45 49 -19 -18 -100 -96 12 46 -108 47 -49 -65 33 116 -90 -32 3 -86 -22 -69 94 -29 -118 102 91 -95 -115 5 109 -41 -54 26 80 3 87 123 117 35 -109 88 62 22 66 -16 -52 60 28 45 107 -21 125 -102 -110 78 114 -25 -111 14 126 -42 -56 -6 56 14 118 101 80 84 4 -45 121 117 111 -92 88 117 -46 70 -71 79 -50 23 70 -76 57 31 -121 47 115 -45 83 -82 -121 34 54 8 13 126 117 -72 114 -107 57 29 -124 -47 112 -119 -3 -99 101 56 97 88 -109 70 -103 -113 -40 37 -49 94 82 -9 65 106 60 -72 90 -63 25 48 118 -69 -6 -47 64 96 -83 -72 116 61 111 -29 -54 -106 -120 42 65 -92 -127 75 -55 103 36 -22 -84 47 88 -85 -103 -119 32 -23 54 75 71 -91 89 98 -115 -80 122 -6 -47 108 72 86 -113 -83 72 -7 -49 94 75 -52 -62 37 -106 119 -115 96 -72 48 81 -51 -55 66 -73 84 71 52 -31
-80 -46 83 -15 109 -54 54 78 40 91 68 14 -42 -64 -41 -51 121 93 2 -109 1 -23 68 46 83 70 -90 -28 74 -30 -94 -22 117 86 47 -113 72 -30 86 -9 -20 70 -107 116 96 -35 109 114 -28 39 24 79 -20 120 -31 -77 -70 -126 117 28 31 84 -28 75 -9 14 -57 66 34 -110 124 71 123 60 -26 -92 -66 97 118 112 -77 -100 -101 -81 -126 -11 -89 54 62 72 15 -128 -102 -98 28 29 102 36 11 -28 -14 61 -12 -103 -24 102 29 -78 112 117 -100 63 -117 70 113 47 64 -104 64 -104 -51 38 67 -108 91 102 -56 76 -30 104 15 50 -95 23 44 -1 -102 -79 121 17 84 51 81 64 71 -17 19 72 17 -47 40 -23 -2 94 -120 -108 31 76 -62 -33 -93 -11 -44 -20 -77 -9 113 73 -124 11 -50 80 -70 -95 120 85 -112 -53 -8 53 67 -2 35 -21 -76 33 -28 57 -86 -87 50 -81 -33 14 -5 -123 95 74 3 57 -116 -31 -29 -7 -47 48 -64 -22 26 84 -45 1 -54 -77 -122 16 -115 -23 120 -57 -71 -52 -58 53 63 -64 -78 -110 65 -19 -118 -119 110 99 -115 -40 47 71 56 -5 108 12 -97 -64 62 -16 -114 89 11 1 -86 -73 -3 121 -2 5 22 -95 73 -9 12 31 87 -45 16 26 -113 96 55 53 -22 77 36 -118 -1 -97 5 -104 113 16 -98 64 -63 -51 81 -85 21 -72 -97 105 -84 -55 -110 94 60 -85 27 38 -49 109 97 -101 -69 -105 -73 93 66 126 51 -83 -9 62 73 112 66 80 118 30 -47 123 -81 -32 -114 -44 -128 124 23 -79 34 -42 -100 -63 -85 -10 -87 -5 -28 104 -1 39 -128 -126 22 -116 122 102 34 24 -93 -127 -46 -108 91 -64 19 19 -44 80 -74 -92 -31 -10 -56 -10 -69 36 -12 9 -40 -90 79 80 57 59 115 74 -28 1 1 105 20 84 65 -14 110 25 -75 48 123 -125 46 37 97 -88 -69 -97 68 40 -55 4 58 -94 -108 -121 -123 120 -45 17 11 46 106 -53 -75 28 -46 -92 -71 9 -104 -29 85 -67 126 75 -40 53 -119 -34 -121 -9 43 106 -38 71 -55 -125 -85 -101 75 -81 -37 -40 80 14 84 -79 3 80 -118 120 63 -4 -105 122 104 119 65 113 -88 -106 84 48 60 -10 -38 99 -67 -59 -79 -38 12 125 50 50 45 -34 27 56 -56 -101 89 -112 49 8 -51 -69 16 -17 -58 -34 -78 75 49 -88 -23 6 -97 -51 -69 -95 39 -45 -14 -68 -100 -88 53 65 48 -106 -117 -28
-49 20 -14 72 83 -13 -97 -29 -65 -34 -48 62 47 113 85 -95 -86 -119 -17 -116 1 -25 111 22 73 72 -57 9 -98 -90 66 26 -14 88 -75 -1 -100 66 31 109 -91 31 -33 -105 56 -17 51 -3 -3 120 30 -18 -72 117 -121 -121 -58 -71 -79 59 90 -48 127 -93 89 29 86 8 -63 32 -31 -90 -21 17 -39 127 -64 69 -96 -18 60 -57 121 -84 -101 -35 121 74 15 -74 -64 -55 -68 78 90 -62 -123 -26 23 42 -91 -13 -118 52 35 -91 4 -90 -103 84 23 120 34 89 -39 40 79 46 -117 98 -53 85 66 -101 16 104 -28 46 103 -8 -118 -87 -57 63 -109 82 -87 111 122 -67 113 -34 -36 -60 61 53 41 27 6 116 -9 -62 86 98 97 -94 85 -82 25 119 54 114 -42 67 19 -80 67 33 -114 -43 122 -24 38 -89 -115 -66 107 70 -8 -10 -113 25 -107 -10 75 48 62 74 24 43 52 65 7 25 -68 -5 92 76 108 -49 -66 -75 23 -110 104 -63 124 31 -12 -53 -36 62 67 -108 48 -75 91 108 -39 -32 85 -115 -46 12 99 -53 123 -62 14 106 31 -82 -29 48 -125 -13 38 -35 85 -14 -119 12 -70 -57 -23 33 18 30 2 26 -125 -27 -95 -117 93 -14 28 108 -111 68 -61 108 118 -16 43 108 108 15 54 -39 -67 -93 -66 -116 -25 30 79 -114 -26 118 47 -35 -111 -6 -26 41 -109 11 34 -122 -36 -80 112 40 -59 45 50 -7 -14 -22 52 -37 -104 -88 95 -56 -60 -118 -106 -2 -85 7 -44 -27 -98 -20 54 -8 -126 24 -12 1 118 96 72 -90 64 2 -64 -13 56 -105 86 -9 19 -40 20 115 19 111 74 64 27 53 -106 -63 -10 -18 -117 -25 -120 -62 11 81 28 -102 57 94 101 107 65 -3 91 -27 64 -59 79 76 -116 -53 67 7 24 -24 36 -18 -71 -90 9 24 -15 26 -78 92 87 21 -89 105 95 57 -82 -43 121 79 -91 75 63 -22 -88 109 -90 26 1 3 -70 8 18 19 80 44 28 -126 -17 -61 -13 99 100 49 -31 93 -99 -34 -72 -45 -128 41 -101 21 42 -67 -118 -95 15 78 -46 113 -45 109 -104 65 60 -90 103 120 75 -35 17 36 9 4 -62 0 74 -68 81 -19 -20 -81 23 -25 32 -69 -76 42 32 48 -105 21 119 -85 49 -15 43 -75 38 105 -60 -100 115 -111 -70 -35 -26 35 65 -60 52 61 109 -83 -117 91 -46 34 -40 -106 80 38 71 -24 6 76 95 60 11 12 15 40 -22 45 -36 19
-74 3 -58 52 1 -26 -124 6 73 -106 12 -15 72 39 -121 -72 -49 109 72 -73 44 -36 39 102 37 -74 16 -8 114 -11 25 31 64 -19 -2 70 -23 -91 -64 -45 -63 0 -106 85 48 -120 -92 -8 5 77 28 -109 119 88 -68 1 2 -102 63 10 94 51 43 -25 -40 25 -66 -69 -74 36 -52 -50 109 75 -102 49 40 15 -88 37 -60 51 -96 -123 43 -24 20 78 63 -38 12 -3 63 65 -34 -8 43 -83 -63 45 53 -61 67 -32 61 17 17 47 97 100 52 16 0 -50 2 -114 -44 -108 -25 -18 85 -22 -116 -70 -96 -106 44 34 -62 42 -22 -1 -59 65 21 72 69 -41 64 24 105 -62 -19 -24 116 53 77 68 -93 119 -90 31 76 -64 20 -127 81 111 38 26 17 -82 -7 21 79 20 49 -83 127 -84 60 -9 103 26 46 -101 22 -66 99 -16 -64 28 -122 -65 44 -125 45 -23 -104 -21 -112 -14 124 126 56 100 -71 -125 7 64 104 -84 -109 61 -55 74 91 26 127 -112 14 54 118 -30 -21 -64 -45 -103 -48 32 52 41 26 84 104 -100 -113 -17 29 -89 -23 65 113 -123 -66 -110 126 114 83 93 -84 -54 -37 31 80 -122 -91 81 -22 -72 126 -32 53 -105 53 -122 35 28 -2 -48 -3 126 -56 -34 51 -66 64 97 65 -62 17 -123 -58 -84 -14 57 1 96 90 -59 101 54 -50 -114 -23 124 -102 92 71 28 75 52 -26 -51 -32 -115 122 -11 -86 -37 -6 -97 94 22 81 -20 -74 -59 -39 -109 7 -123 -64 97 91 57 112 29 62 119 69 51 37 49 89 -128 -43 -120 33 12 -77 119 -17 -42 44 -36 -59 -62 77 -11 -6 86 1 -66 -66 93 -109 -53 -118 87 111 -117 103 126 121 27 123 -100 -112 -101 -62 -118 -79 -108 -11 14 -88 -20 117 9 58 -114 -67 65 -102 54 -102 121 31 -101 -20 -67 -125 -115 -4 45 -17 -116 -70 -36 96 47 -104 33 22 -105 -104 29 30 121 -64 -62 13 -107 -35 82 98 47 -28 -108 44 -23 -66 -66 -35 41 49 -6 -80 28 60 60 124 57 98 -61 38 106 43 90 83 64 118 -73 97 -80 -100 -94 -93 31 -33 -17 -2 7 96 42 -72 -67 118 79 64 -9 124 -2 -15 -104 -86 38 38 126 -93 22 65 -2 -27 69 84 -27 -26 77 -65 33 -99 116 60 88 64 -34 -46 -90 117 -84 -60 -29 78 -60 -75 -110 -101 -107 -17 -80 7 -45 -42 -51 -30 -52 -82 -95 90 126 8 -30 58 -55 -120 -66 113 102 -75 -126
-83 -66 126 98 71 16 9 77 55 60 56 -62 58 -95 -43 -11 73 87 86 -37 -62 -84 -77 18 63 -5 -77 42 -11 52 -62 -85 -36 96 8 -7 -28 111 71 34 -82 -72 -102 -96 112 90 -60 92 -60 -125 -41 93 17 107 -121 -75 -99 -46 -109 -28 -28 -54 56 -64 -29 66 74 31 29 52 -81 29 -55 26 36 -5 83 98 -29 16 -13 -11 -111 4 39 -17 86 -125 93 105 -76 -101 39 -124 -119 -18 -58 -120 -78 106 104 -22 25 -55 -48 -37 4 -72 -123 91 3 9 -100 99 -21 -85 123 -8 39 87 -20 18 -42 100 -111 -81 64 109 -19 -65 18 11 -19 104 -98 -104 61 -5 122 2 -73 87 -20 -110 -125 -61 -20 107 -30 67 -94 54 -118 -8 13 13 62 44 12 44 104 -93 56 -27 -97 -122 82 90 -49 -66 113 -114 8 24 -19 52 19 -114 -127 -50 -47 63 -92 -34 75 47 69 -81 61 33 -89 71 117 -73 120 -37 125 -9 49 40 -51 93 -92 -66 110 -10 -91 29 111 -57 -84 -80 9 -86 -25 25 -63 -86 -45 -33 -87 -112 6 116 68 -104 -13 119 -83 -72 125 -104 -65 112 15 126 26 93 117 45 38 20 -68 -119 111 -75 -100 113 22 9 38 81 97 -11 -57 9 -62 6 -42 16 -31 -69 -56 90 10 -2 -23 -8 -32 -96 -125 -27 -79 25 105 23 -8 -83 17 -55 -40 -27 93 61 -50 -103 -11 -87 -62 -40 -121 -34 122 121 -110 50 -49 -85 -114 -45 37 33 -75 -106 8 -43 57 -82 28 -91 31 34 -101 102 46 -101 9 -92 115 40 -83 -53 -76 108 79 -95 -6 124 -61 105 70 -84 16 -26 -90 -84 -83 63 -4 -73 -58 27 88 -67 -11 -15 19 -69 -34 83 37 16 -99 -50 45 31 -60 -15 127 43 -114 100 -20 29 127 98 2 75 -91 -24 -25 91 -112 -36 127 16 -69 -66 -12 -73 66 102 14 43 -76 -115 21 47 58 68 33 -55 16 -114 -107 54 41 -86 70 39 -122 27 -110 -113 11 118 -49 -19 46 28 85 30 13 63 127 -89 -66 50 -117 31 0 -42 4 111 104 23 118 78 -63 3 -10 -110 38 -46 -39 82 -78 -57 -127 -51 115 -84 -32 -124 -66 106 46 -124 21 -52 64 85 -79 -113 69 48 -53 -69 59 8 13 -114 -54 103 127 120 63 121 -98 124 -86 19 87 75 92 91 109 2 77 77 -32 5 -40 34 -99 99 55 -82 36 -14 -103 51 -17 69 -107 24 -60 -103 28 -83 -9 42 32 21 77 64 -43 -56 -98 -16 73 37
-25 -87 -19 119 89 117 -56 80 93 -51 20 72 66 -85 35 -66 -25 -32 -125 -115 49 -53 -3 23 126 -86 -71 -41 78 23 -80 98 27 -72 35 65 111 -31 -64 -10 -42 -107 -4 -91 -4 43 -116 -93 -92 -104 -64 92 97 24 -26 -122 -76 15 112 123 41 -18 -14 103 84 -51 -61 -8 -65 8 -40 -72 -99 124 -3 -113 -109 -32 -52 95 -4 69 -75 29 18 61 22 92 85 98 -34 44 -66 82 -128 -6 4 81 -123 66 -108 125 -67 113 77 -124 103 -94 68 -98 -38 -124 -106 -51 65 88 -101 -19 -100 33 -80 78 -118 66 -22 37 93 109 40 45 -126 -74 -15 69 33 -9 -123 122 -78 -92 122 -98 -104 -39 -31 81 13 -25 12 124 -116 -62 -89 -105 -69 -104 90 80 107 96 108 -58 55 -57 86 -9 -110 -16 -34 87 -76 109 49 -89 -55 -75 -127 -103 7 1 -77 -114 127 74 84 -92 79 18 -11 -34 119 20 29 8 83 -21 34 -52 -40 -56 -18 -93 -5 126 -1 33 103 8 -75 -79 -91 37 124 43 -36 89 22 119 99 93 -14 -16 -106 -96 -23 -73 95 96 -21 0 -121 110 -100 -97 -2 21 -13 -81 -44 124 117 -14 50 30 -48 -107 8 99 -33 -115 -20 95 -116 -84 -127 97 1 81 62 -12 27 -29 -112 66 59 -24 119 -96 54 41 -53 -24 77 -32 8 -37 -104 51 107 56 -118 38 91 29 101 64 31 14 113 88 -128 123 -128 124 -116 49 -128 86 96 -17 94 -7 -110 -116 -105 78 52 81 84 12 72 -87 118 -24 4 71 -21 -116 1 70 -59 13 -36 4 -113 -109 109 -65 -30 -58 7 -90 -120 89 -88 90 -125 92 -113 65 -22 -102 105 22 34 86 108 -120 18 88 1 -101 -77 28 23 68 -31 -51 23 -39 80 57 51 -53 -127 -25 115 -35 81 86 119 97 -71 57 -33 -35 94 56 29 -114 49 -106 -37 -106 77 58 52 -113 -72 77 -33 127 -14 110 85 105 125 -76 -88 -100 73 -96 57 4 20 35 49 73 -88 -36 -117 8 -29 -57 -124 48 -77 -97 71 97 -43 -80 104 7 15 -4 122 34 15 51 79 -45 2 117 6 55 34 -69 -77 -8 -16 -49 30 73 91 20 -19 -25 16 93 -55 76 -115 -7 -94 112 -124 -55 69 33 101 -59 7 -20 73 -92 -80 -118 -68 -27 -20 56 122 67 -51 111 68 87 -43 -60 -80 -70 125 77 11 -42 85 -55 28 -50 44 48 19 -37 6 -6 107 -47 -78 -41 -37 0 82 3 58 -113 125 6 -23 2 -112 -75
-49 -109 0 46 71 20 118 30 79 -114 -32 24 123 44 -35 -124 52 57 2 -88 -2 60 98 1 -97 63 114 -102 -2 -87 -81 -2 117 28 -21 14 85 103 -101 -22 -112 123 -64 72 -114 15 122 -115 103 54 -12 -37 37 50 51 -103 -1 76 -21 -103 92 5 -121 29 66 -124 76 -110 40 61 -97 -43 -62 -1 -67 38 74 91 102 -89 72 -69 82 -94 34 -107 -22 64 -51 -54 104 -6 -48 23 -106 -75 24 60 29 67 -88 92 19 78 -2 74 -7 19 -68 -29 -122 1 64 -50 32 42 -17 5 -83 10 -122 114 -42 -9 54 11 88 77 113 23 116 42 -42 71 -121 -71 21 58 -116 -28 113 74 -15 40 11 -55 -45 -16 -45 96 -88 31 115 -91 -11 -113 91 118 -76 -53 5 84 -122 -46 -122 109 99 -113 56 14 120 29 3 -3 -26 -30 40 12 112 -85 -55 -59 24 41 -66 89 -25 54 -73 -29 107 8 23 -58 -92 -118 48 -110 -38 86 -88 -24 83 53 -8 20 65 50 5 72 -108 47 -10 -28 60 -117 -82 60 -102 -38 62 -8 -23 20 -20 -25 -82 0 113 -104 -2 -73 124 7 -124 -65 57 39 120 -76 43 68 -47 -90 92 15 -126 50 -58 18 -81 111 -49 124 -35 -64 -115 -121 -80 126 27 -108 -78 -124 102 127 31 28 50 -111 -119 -7 -110 96 82 -67 26 -116 19 -28 -104 -85 -55 -46 -66 44 -15 55 122 116 14 -98 122 110 -91 24 -41 34 -78 8 -36 88 72 58 -55 55 -125 87 -54 101 64 -119 -48 123 28 -98 95 107 108 -19 56 -22 37 -2 -42 -116 100 32 52 -35 -37 -98 -98 34 23 52 -65 -90 -55 -60 12 -91 109 123 36 76 -110 -84 82 -70 52 23 99 -113 125 63 30 -24 -3 -63 -59 -77 41 97 93 86 54 127 -120 103 -127 -55 -31 72 37 84 -68 -128 53 -10 -64 -120 -122 -96 -50 101 86 -112 18 120 -59 -46 -49 17 -4 -41 -108 -75 -75 40 31 69 56 46 77 -5 -32 19 110 -47 51 2 -119 -86 99 -61 80 2 76 -76 -128 17 73 -102 -119 57 77 -38 -44 -48 -119 46 -4 -53 122 36 98 -60 119 -20 65 -119 -42 -66 -39 -102 29 102 6 94 -123 19 -11 -121 77 -19 -86 21 -7 95 -1 -23 108 37 80 32 39 -122 124 -108 -72 -76 -92 120 -10 -128 -85 45 64 -42 -116 87 -29 47 127 65 -77 22 -107 -65 -119 -34 -66 -12 -116 -91 -70 37 -89 -26 100 -5 -71 106 114 -86 -116 47 -16 20 -90 -107
64 -85 110 72 -67 4 -21 -12 -64 -61 28 -57 46 94 126 -24 82 3 115 89 -101 -88 72 -14 86 72 121 -53 105 -34 -19 -45 8 29 -39 35 -74 53 -55 -47 44 -43 17 -37 12 8 -127 101 46 14 -13 12 11 81 -63 -78 -103 18 126 -121 -26 37 12 88 -71 20 111 40 109 -6 35 -16 85 104 9 33 121 101 20 20 -90 -3 -99 -35 12 -128 46 -36 13 108 -21 4 48 114 47 23 81 27 -105 12 63 -116 -126 124 115 44 10 -29 26 -66 13 -58 -80 53 -58 -63 -49 -73 80 57 -47 -63 79 99 -52 125 13 19 114 -2 -46 56 67 -92 -49 -60 91 22 1 -108 123 -124 44 -52 -108 -33 -30 105 -123 43 -113 74 71 11 62 -77 -65 -72 23 -65 -68 7 4 -109 56 -52 108 -40 106 106 -51 64 88 -39 127 35 29 86 -55 -52 -44 -115 94 -75 -84 -76 -120 -106 60 99 127 25 92 6 0 -109 -127 -13 123 -27 62 -111 83 -3 -43 -81 111 -76 31 -52 -12 -122 -113 50 -83 -74 93 -19 -32 8 86 -39 27 -15 99 114 -39 -20 -101 -56 -80 -40 -56 36 -3 -35 87 -78 -8 104 -88 -75 -128 93 -56 -127 18 35 107 106 -109 -105 11 -67 -116 -126 -96 -111 -18 48 61 -28 -99 25 -51 -75 -104 -34 -117 -125 -30 38 -100 78 -49 -32 -27 101 107 -103 4 28 107 -32 -19 7 -90 -47 42 -124 13 27 -8 -41 19 39 13 -105 13 40 18 68 -105 64 -3 -124 -43 -106 84 -94 13 111 -48 26 -58 -7 -57 -34 -121 15 -31 103 -94 -97 -71 -11 32 53 -20 2 -50 26 -10 96 62 102 -117 -31 -3 48 -35 8 -86 122 100 -4 -124 -68 108 23 -21 103 93 -12 63 -53 -116 45 4 -80 112 -9 -76 125 40 19 4 79 -25 -15 48 -80 101 -115 -39 16 111 -74 78 14 -90 78 12 -72 -76 -66 83 -43 124 15 105 -89 -71 117 -25 15 127 -18 67 73 108 -70 -6 0 -14 -68 111 -55 -40 -60 -101 6 -34 -51 111 79 -12 127 -53 -90 75 27 111 122 -41 -61 58 -78 127 17 -39 35 -104 48 -57 81 -35 -53 -10 47 -112 28 -124 4 -91 86 -58 18 -75 -81 42 86 -97 -79 32 54 96 25 85 -24 -83 -81 94 -82 -28 -28 65 13 -120 -38 108 -113 22 -52 -26 -9 84 -113 33 20 5 -20 79 72 1 22 14 -33 -1 117 82 10 -88 -68 96 -16 23 63 1 -109 38 38 -26 122 62 -16 118 -61 -105 108 -27 -47
-62 104 -126 -118 -19 -15 -88 6 -34 61 -97 124 -81 -14 -17 51 101 74 90 42 -57 -33 -75 98 -128 115 -51 2 66 3 -45 -65 -56 -44 36 11 -19 28 38 -40 -76 -66 67 -63 2 -19 14 -79 104 -59 60 15 -61 -56 -17 -41 102 -104 58 -47 -52 -94 -25 59 -14 45 -56 -78 -111 13 53 51 -116 14 0 -80 61 -14 87 43 -98 44 23 -75 100 38 -2 84 52 -109 60 -4 17 108 -67 -63 82 116 -80 -47 7 99 -114 -52 -43 -10 -60 90 50 -28 -127 -83 -92 99 -41 125 56 -30 112 -48 30 119 -4 -106 62 -109 -87 71 -67 -60 -121 -34 -91 -121 -113 -10 -50 -52 74 24 127 -46 59 -98 90 -86 -92 -86 67 -29 -104 72 -1 -86 -12 -61 -126 -67 -26 99 -80 -22 -123 -2 121 -105 50 119 47 2 62 -53 -97 72 -53 15 -28 -89 33 34 10 36 116 -72 -124 -62 125 -67 -121 -8 -94 -107 97 -32 87 119 -50 -113 -73 -66 10 -119 -111 96 -54 -103 -80 66 -2 24 -98 -116 -95 100 -36 -91 3 125 123 -120 -32 56 -121 -43 -36 22 32 -43 -104 84 -77 -52 22 59 107 -122 24 11 -44 -127 -37 81 -30 78 69 -117 58 49 24 125 -3 -41 35 96 -111 -74 -107 68 -29 5 98 -21 75 126 -43 -43 -90 59 -69 24 66 -37 29 -128 70 17 120 42 68 73 -87 38 -48 73 16 88 3 67 -65 -22 42 10 -35 -28 -109 -2 -83 -58 23 12 50 91 11 75 -62 30 -118 32 -77 10 67 -12 -95 104 -54 -13 -35 116 -4 68 -76 -99 45 -96 -125 27 -80 106 115 72 -128 101 -92 47 -106 -82 68 -53 -19 45 -2 94 -103 67 -128 26 -102 -95 117 -3 -46 111 -43 -36 25 -37 -49 -66 -36 -21 20 -80 -26 46 -33 101 44 32 -101 -66 109 30 120 -93 -71 -125 -48 -95 -22 -66 61 -6 -38 37 -41 100 -31 -49 -26 -11 -9 -65 90 -91 110 39 -1 95 -10 -79 26 92 24 8 -63 -82 42 -82 72 -64 -116 1 -36 -22 -106 -90 -15 -32 29 43 -86 -123 76 107 -18 -89 93 4 -128 -120 121 14 -50 106 18 -23 66 -17 -124 64 3 121 -105 9 -98 123 -52 21 -60 -98 64 105 -14 43 109 -4 -75 48 16 -96 -66 90 81 30 -79 -44 96 64 -91 -100 -40 124 51 -39 -32 -80 -89 -42 -126 -84 -122 -124 -13 71 98 -105 93 -97 -76 -74 -121 -60 -97 103 -78 -64 79 -40 18 -18 -108 39 43 -6 61 5 105 -41 100 23 -38 -3
-13 107 -17 -7 -48 10 -49 -123 -1 9 -20 -67 -16 16 -54 -5 -39 -114 69 2 -99 -47 27 -82 55 -30 -114 92 -39 -15 14 12 -100 88 21 -111 -123 69 -9 66 55 -37 -36 -84 107 -54 79 124 85 -5 -126 7 81 111 85 -33 37 -118 75 -55 94 -41 37 -91 -1 -98 98 -48 97 -69 46 18 25 -38 -58 -84 -69 -41 -10 15 -37 22 121 -10 -106 93 15 -116 56 -72 -2 -85 107 80 108 99 -113 -50 -102 55 85 90 101 -39 71 -5 113 125 -21 68 -81 -27 -82 86 -118 -102 -60 104 91 114 -104 89 90 22 113 -58 25 113 65 118 35 -7 70 23 110 73 58 14 -36 69 -83 62 118 67 -21 60 65 115 -125 -62 -29 81 62 59 -13 -52 100 40 -100 20 -78 -59 121 -68 94 -9 54 -123 22 116 14 -46 -33 -59 88 102 56 6 9 -67 -83 32 -65 -7 17 -72 108 26 80 -72 -26 38 73 -78 -24 59 29 -97 127 66 -21 -15 34 98 55 6 22 -48 -5 -69 12 95 68 -89 30 41 -13 64 -55 56 109 115 -8 -43 104 -3 -103 48 -76 0 -73 124 63 -116 -125 77 124 -65 -79 68 -62 -116 94 -3 45 91 21 -99 -62 -49 -62 55 -51 -126 -34 -94 -76 -84 41 -125 -111 -124 15 -75 116 46 102 -116 114 107 41 -73 77 -35 43 27 21 -54 -18 -42 -87 -6 -47 -47 -84 -120 11 26 -99 96 -22 -48 77 30 30 -69 -128 -25 48 -54 -3 42 117 66 74 23 90 -14 -108 -56 42 -45 -79 103 63 -11 -123 -60 -3 -120 -107 74 80 62 50 66 -92 28 89 88 23 -113 112 116 -47 84 -48 -115 24 -117 -42 -77 102 34 -11 -93 54 -99 -6 97 122 24 112 74 -127 47 -48 -71 119 -106 -117 54 -67 82 -51 -32 68 42 12 41 -120 -32 15 18 1 43 9 84 94 33 -3 -32 72 85 -29 -54 -83 -59 -101 62 25 44 -19 82 59 56 96 -3 -69 9 -5 -36 40 -100 14 65 45 -69 -106 -83 111 17 -73 -123 58 -29 -116 120 -94 79 -34 64 98 -115 -119 20 -39 41 -117 23 -40 -89 -63 -85 -75 -108 -10 -120 40 32 -44 -106 7 -124 -18 -88 123 -31 45 62 70 -52 -62 -127 83 42 15 -63 -51 -117 -76 -41 -9 121 107 -54 12 -42 119 122 64 22 41 -116 -119 50 -68 -124 -60 75 -20 -126 8 112 -98 -29 -87 37 -59 90 60 34 69 23 -29 79 78 77 -112 4 -128 82 -124 -29 -75 -33 -21 -126 -105 95 -55 -106
-123 76 30 -9 -64 55 -3 -61 45 -111 -56 71 91 -39 -82 48 -41 108 -39 0 57 81 83 127 34 -97 -105 115 -30 112 76 -113 -67 -1 43 12 120 -116 44 -39 106 16 -7 87 -24 121 25 -41 -126 24 -93 90 103 82 55 -44 122 -68 -126 -88 -37 -118 -124 20 -80 88 -15 -109 -97 -21 -75 -12 -10 -81 19 -70 -128 -17 107 -68 -117 -70 68 -22 -114 96 -84 112 -84 79 -120 14 -83 -97 55 110 73 -115 -97 3 26 -128 97 -72 119 -114 -53 -38 -34 108 -20 40 115 -68 -60 114 -10 -73 47 -74 102 -4 -96 68 37 -61 88 -28 -36 83 40 65 -3 13 2 40 -111 101 -116 -69 48 -110 94 -95 119 -55 -33 -10 109 -27 -70 -5 -45 9 81 57 125 112 30 120 19 -96 -124 17 -15 -50 77 -62 97 38 30 -61 -51 -74 35 -73 -2 -23 118 -119 42 95 111 -9 -10 82 -29 65 -28 63 -44 68 -25 6 -104 -5 -66 -77 -34 -59 -123 -23 93 -76 84 33 33 18 -61 -107 28 -117 20 -59 -14 -93 -91 -48 -40 33 116 -66 87 -85 -95 75 -60 95 -71 51 -125 101 58 87 90 -57 -82 -74 49 97 -27 44 12 77 -54 -13 -22 -44 -66 -37 -4 -68 -7 89 -13 -8 -41 121 110 126 -55 98 7 122 -7 92 -48 -73 -12 -79 -5 -68 48 30 10 -54 61 37 -126 100 -40 -101 -111 -10 -94 74 -119 -22 113 -69 66 -77 46 -116 -117 40 -121 28 95 71 35 72 4 -97 91 -26 30 69 -40 -40 -4 100 56 8 -51 -36 119 -24 55 -126 113 -79 18 -10 68 115 7 73 33 48 6 -44 -20 33 28 17 -94 -80 -19 72 -57 102 -41 -11 -41 27 70 -8 -60 124 -103 -51 -30 -36 -93 -36 92 -113 -58 92 37 90 72 -96 55 -113 75 109 -17 -75 -55 -77 -93 -94 56 -123 126 85 31 21 28 -29 97 -43 2 -99 1 106 72 -44 -60 -93 -50 -105 115 -54 103 -9 50 -102 -120 18 -110 -34 -20 -58 92 -32 108 -6 -23 -42 3 72 43 -99 96 46 -117 67 -126 -2 -16 -67 86 50 -103 -16 9 0 -6 1 92 80 -9 96 1 -118 -19 95 -75 47 -26 111 118 -25 38 -7 -67 -113 -125 50 40 8 -123 -16 48 19 -73 -52 -30 -89 19 -49 -115 -118 37 -96 90 124 -119 -73 -106 -96 5 -12 106 -46 2 63 -114 -26 -93 -92 56 50 -127 -108 -18 -47 -93 125 -74 -24 -33 81 16 27 -72 -33 68 -106 -90 35 -92 -84 85 -9 2 -119 -59 -7
-83 111 -8 -67 93 -74 97 -77 -109 -45 -35 -109 111 -47 89 -124 -36 24 127 -110 -70 71 4 80 108 -90 72 -93 -22 107 -81 37 60 96 127 -7 101 -52 70 113 98 -24 73 42 96 50 -64 12 10 86 -5 -66 -123 -82 119 -71 -72 -36 -109 38 126 17 29 76 -24 13 57 68 -114 -96 92 6 79 124 45 -83 -59 17 -65 10 -94 -97 -80 66 113 22 -34 91 -29 27 27 23 -105 -21 44 24 -40 -91 5 9 121 20 -89 21 -100 -2 52 -48 69 -103 118 -71 47 11 -1 -69 -8 -89 12 111 6 44 -28 -59 -23 -26 123 69 66 -12 79 63 102 27 107 44 4 63 121 -114 -97 28 78 49 67 23 31 -64 6 -67 45 -107 -111 63 -122 -114 -8 70 92 39 3 -118 -21 28 -74 -104 -99 47 40 116 -79 124 -114 -43 118 -121 94 74 -74 74 -35 -98 -118 -122 -82 48 -111 -48 13 -22 64 83 -127 90 -106 26 -109 -65 -82 -43 -55 -36 -2 49 -89 3 69 51 -50 -11 87 105 -121 20 64 97 78 126 32 -103 3 74 72 -103 -42 115 -1 -32 -7 112 33 108 -39 -71 33 46 -105 -80 30 89 -33 63 6 71 68 -62 -80 -113 -18 -95 12 45 11 19 45 69 -84 78 -124 122 -41 26 -29 -126 -110 -38 -86 94 81 17 -17 66 -22 120 -31 -88 5 -54 -104 -20 -88 19 113 -9 -9 47 -81 -115 -38 72 -36 -65 100 70 42 57 83 111 -101 -93 -93 69 104 -32 -35 -13 69 12 -67 -6 104 68 -20 61 110 80 -44 -30 -4 49 44 -97 -44 -13 -2 74 -18 -64 81 -35 79 -124 -68 -81 -114 -43 -95 121 -87 -7 -11 93 22 2 -22 -84 97 -15 -37 3 -118 31 -75 5 -48 -38 -42 37 -127 -15 -28 -67 15 -112 28 22 52 90 -69 -29 -70 58 -7 119 -79 65 0 -125 116 -12 -52 37 102 -4 54 -93 61 -83 97 6 -119 43 -68 83 116 124 21 48 26 7 57 117 -20 -120 8 -120 33 61 -69 80 98 106 -112 109 126 82 18 90 42 -127 -66 -34 69 80 -83 -28 -75 -28 25 68 9 -65 -34 20 76 5 121 61 -15 82 20 116 71 -127 -113 96 -87 -16 -115 115 86 78 -63 39 93 114 -44 23 91 20 105 100 -102 108 -118 -87 107 34 17 77 81 105 -114 107 36 -98 13 72 40 -95 -4 34 -22 39 99 -91 -86 -54 25 69 45 42 -32 37 -28 57 -74 73 108 124 21 -87 69 7 110 82 66 -67 113 71 67 -72
102 -56 -123 -45 -89 -81 -39 -125 55 -26 64 103 -114 83 -27 71 16 -18 116 38 33 36 101 7 -31 111 -94 78 32 0 97 107 90 -45 -113 -39 59 17 -84 -123 -90 115 -18 -22 -102 -64 -61 -67 127 -47 -85 1 -122 50 -70 -7 -9 -98 102 117 -33 -120 105 46 65 -61 -17 -84 -123 37 120 -24 -125 71 95 16 -105 0 67 2 -52 -3 -75 -56 3 95 -36 -78 -109 60 91 77 -103 115 25 38 -6 -106 -79 -62 -52 19 -96 -30 41 -88 48 -55 63 -11 -71 -50 92 -58 -45 -68 126 17 88 -114 85 78 -127 42 123 77 -7 49 -4 36 -25 -5 73 107 0 6 37 -13 97 -75 67 -16 122 13 -83 -12 109 -111 -33 29 124 80 7 -5 -64 -111 -20 77 68 -20 -96 18 -86 62 -38 -21 -35 115 56 120 -59 5 79 0 11 -101 88 30 66 88 -113 5 -112 -36 -52 -97 -100 94 103 -115 -64 -116 7 41 -66 -101 86 89 78 107 49 -101 -95 4 21 89 70 -35 -109 -63 63 -33 43 -75 -38 46 -82 117 65 96 -45 -27 -85 -52 -108 19 -1 -71 -98 -40 106 -3 10 -8 62 17 67 22 -78 17 64 84 -33 -3 7 -43 26 47 45 -3 13 4 -57 -114 -123 36 16 -74 -7 -85 108 6 61 -19 -45 119 71 67 88 -90 37 -21 37 -42 -95 28 -68 -55 -94 49 100 32 87 17 -110 -112 9 -81 30 18 -121 73 76 -26 -12 -14 40 41 -17 77 -48 67 3 -71 39 -110 -41 63 -107 88 -53 -117 -91 -12 14 -65 -80 16 -5 93 -8 57 116 109 71 57 37 56 -76 -86 10 46 -49 47 24 -118 -90 -115 -52 27 121 -104 -80 -114 -109 -18 105 5 -66 10 -91 8 -70 -59 -72 26 34 21 91 92 -109 58 36 -68 65 9 97 -95 -45 52 -12 59 -52 -94 3 -119 81 -89 -60 -91 80 -37 -115 122 -40 34 19 79 112 36 125 82 -121 118 41 -105 -124 -95 42 127 -36 -16 -109 15 -3 -36 -127 -107 56 11 -116 -96 99 91 107 -26 95 -39 -106 -48 76 118 -100 -3 125 -88 -127 56 12 120 75 -77 25 61 -84 33 -103 -63 2 56 -39 -69 13 -64 66 69 63 90 -74 -125 -106 -32 8 105 -38 -62 91 78 120 -100 28 94 81 -64 104 66 87 80 107 126 91 -108 -31 -7 -27 -35 -10 -97 -40 60 89 11 20 52 3 -5 -126 -52 68 -46 87 76 -118 49 127 25 82 -93 -126 -81 -44 18 -3 60 26 -14 -93 13 106 -90 29 6
-71 -120 43 -92 -104 -111 -19 93 -64 -110 -88 120 72 -92 -121 -4 86 -31 -95 36 -47 -126 17 -26 108 21 -73 -30 4 106 98 -108 -55 45 81 -70 12 -123 5 118 -99 -127 48 -6 -66 -35 27 13 -85 -40 -46 -108 38 10 102 125 8 28 109 -55 31 -89 -33 -118 -75 -11 80 -19 -83 68 93 -119 -9 -102 35 45 114 101 -25 29 -48 -61 3 -63 80 -52 84 1 -39 -108 -2 -101 81 -52 18 -128 6 73 25 -29 115 -69 41 -116 11 0 -56 -109 -35 -104 76 2 25 -4 -51 -81 104 -58 -63 -29 113 -79 76 111 -64 48 65 -41 -52 29 -75 -115 -65 -10 42 118 105 84 -18 103 90 1 -6 -25 1 120 23 -57 120 123 74 -78 33 45 -25 -46 3 38 -48 69 -33 61 -42 102 -85 -43 61 33 5 -27 69 0 -36 -56 -47 7 -57 -62 69 -118 110 84 73 28 -59 -5 10 91 -69 -37 120 63 -116 66 65 -92 74 97 -1 -102 102 53 96 39 37 -104 -113 -89 38 15 -46 -42 110 -52 -44 105 99 -101 30 47 -7 105 43 -1 -65 -51 57 -11 37 -80 58 125 18 -42 30 -93 112 -67 93 -28 -125 -52 26 3 115 -62 8 51 65 -36 105 23 127 1 2 79 112 -20 -98 -48 33 -69 45 8 88 -24 77 -14 -22 -68 88 -73 70 -124 -121 -39 -26 12 -28 97 18 1 -110 84 -40 41 -20 48 101 -33 -86 -85 73 -21 -9 55 65 -69 -113 -58 -125 -73 -15 2 -42 13 111 112 53 -61 -9 66 -122 98 -97 93 3 -118 55 43 -77 -71 -67 -1 36 46 -117 70 32 -7 -106 -68 -89 -57 -19 26 115 -34 46 -7 -8 -80 -28 11 -69 -127 87 -105 -72 115 -90 73 26 -58 119 -84 11 39 109 -70 38 79 -59 -15 -113 22 120 44 88 15 41 -98 123 95 104 -94 24 78 93 76 57 -119 -60 -50 29 19 -61 116 -35 92 127 95 116 -120 -127 -88 122 -77 -31 -105 -6 95 92 -53 -123 -127 22 -65 -47 -82 -4 55 54 53 116 85 65 -15 46 89 66 55 49 87 -123 15 40 90 33 -97 113 39 115 68 12 -99 -116 -100 71 96 -17 52 -36 -117 63 48 63 127 -82 109 -125 120 -8 20 -93 -121 -77 92 127 -112 -26 73 -52 42 -77 18 -84 -79 103 26 -82 1 -37 -113 -3 40 -19 -51 -111 -47 88 -106 14 -24 -128 74 90 88 54 -67 -88 -42 -35 -70 45 38 -1 -52 87 31 -68 93 -19 -115 -4 -33 -89 -95 -114 38 104 -101
-103 91 42 -90 82 74 66 -59 36 -62 26 -70 40 -55 -102 -111 -10 -72 89 -126 81 121 -125 -23 125 -9 30 -83 -7 80 -63 -60 61 -30 82 -54 -64 74 56 126 8 45 118 127 81 -110 -49 -15 -21 -86 86 -39 -13 -5 92 -11 -53 0 42 -32 -101 47 -51 -58 64 -22 -124 14 32 -68 35 84 40 51 -127 2 -126 42 92 77 0 23 -10 -5 70 42 102 -15 73 74 -78 -37 -26 121 -85 -26 -47 -119 109 -2 32 47 -22 -77 -7 29 108 -54 -94 126 -50 -12 -2 -85 -19 -25 42 85 33 -12 5 78 -53 -99 -126 -10 -125 90 -125 -58 -88 -103 -123 7 83 126 46 83 113 -5 104 75 -25 -66 -117 -33 -51 117 26 -72 -103 -86 -10 -45 92 57 -89 119 -41 -44 35 74 77 -49 32 29 -102 -13 -3 48 84 -81 -67 120 -107 -30 125 -58 -61 -115 72 4 45 67 45 2 67 8 74 -36 22 58 78 -118 -27 125 -38 -110 -3 111 117 -17 116 114 -108 -128 6 64 123 -31 -112 88 98 55 -123 -69 -114 52 50 69 76 47 15 116 41 -128 -16 -83 -82 38 98 48 85 -33 -82 44 -123 -8 81 90 29 124 62 58 -61 72 89 38 -85 -103 14 -85 -40 -24 126 -62 62 64 -93 126 -126 -4 40 -92 -41 -109 -60 -33 -110 5 78 -47 -97 -91 -39 113 18 -30 22 -80 1 35 -75 68 104 11 101 -49 0 81 -95 -122 9 117 79 15 -51 -46 -100 35 61 -107 118 59 125 -57 -25 -59 -46 34 76 112 34 78 105 -117 99 -47 -102 2 26 -108 42 22 -117 7 -24 90 -114 -118 64 70 11 95 -99 56 -61 -23 86 111 108 96 -98 107 38 -51 -110 -119 -38 90 119 -106 65 85 -80 32 -106 -50 35 70 -63 -57 -27 -19 37 71 109 66 51 40 -24 -43 -95 77 127 -125 -103 -81 -20 -6 16 -19 -97 -16 80 2 -26 -58 0 -125 116 -16 -45 -18 -113 -118 -82 31 28 -62 -23 7 -105 127 -22 7 53 72 3 -99 89 69 86 -84 75 46 -8 -89 -7 -106 32 -40 56 -128 104 -126 103 -104 -71 -6 61 -87 61 -30 15 100 -6 -90 34 95 15 75 39 -123 -72 -5 -71 -53 -54 -17 -127 126 66 110 102 -78 122 -6 32 -127 -18 -100 102 -125 62 -121 91 102 112 30 -126 -94 31 82 -21 82 116 -21 14 -128 22 110 33 -98 -114 84 -105 30 -87 -102 -45 -101 22 33 18 -94 -20 -90 46 69 -117 -99 -65 89 48 19 18 -110 -39 64 -63 44
91 -114 -14 118 -115 -86 -110 38 -109 -14 -13 1 -89 -45 125 -69 -81 54 -77 38 -45 -104 -8 -56 86 -44 6 -87 101 -6 22 -48 45 118 -29 -41 25 -49 -120 55 24 -38 90 36 116 16 58 95 75 34 51 101 -17 -6 -83 27 83 64 98 109 62 -73 -122 -110 78 -6 14 42 124 -7 56 12 -27 -89 83 107 52 -24 60 17 97 -87 14 -48 -128 -112 -4 15 -47 -68 -122 -32 -86 115 -116 21 21 -107 67 -1 -68 16 71 120 -55 -76 -32 100 -124 18 127 50 -47 62 120 -26 17 49 -21 -78 -54 -23 -124 36 72 -77 103 95 127 -30 72 -8 124 52 35 -83 87 43 -83 82 -29 54 -41 -41 -20 -64 53 -105 8 59 -38 -89 35 41 9 -116 -65 89 -36 62 32 -65 41 -116 -115 -50 -35 -68 76 57 77 43 117 52 108 -98 88 -67 -29 -10 -85 87 -29 -21 -17 23 15 -24 -107 108 -20 -113 -119 98 -86 -105 -113 53 -31 2 29 120 -18 70 -6 -72 -15 55 -73 -97 -127 110 -43 -13 2 53 -107 6 -123 123 55 -92 -94 -7 -51 63 -14 47 -46 -65 4 -64 -43 66 57 -110 46 -128 -102 -15 -49 84 115 101 85 -101 35 -21 33 20 127 88 118 -44 32 -34 64 127 25 69 -9 -92 -118 -39 -57 -14 -86 68 119 -18 127 -111 76 -51 -106 1 -68 -5 -11 106 -115 50 -118 26 95 -30 90 -125 -82 -124 111 -18 104 -126 59 70 5 -109 -34 11 -15 -94 124 109 -115 -19 -116 102 -87 -46 34 26 -33 -81 -99 115 115 -69 -78 41 -43 -71 7 -93 -68 90 -6 83 -78 -122 87 -105 110 75 -118 76 105 92 -55 -93 -109 -3 82 -107 -28 -7 -91 -70 -29 -66 29 -75 -45 -19 -51 -119 -106 100 -58 38 -114 -94 108 -88 -31 28 -23 -114 -65 -18 55 6 115 6 -10 51 -24 -59 124 -26 82 -68 -60 108 -91 15 -108 56 -113 80 -93 59 13 51 102 -89 -11 95 -13 -125 49 88 36 -11 -23 -87 80 -56 68 127 -74 -68 -37 -120 49 17 111 -22 64 -97 96 -31 -70 -75 50 77 4 70 117 -30 -67 -116 -126 -12 6 21 3 -55 14 -111 83 -29 -47 -40 -21 -52 -127 75 -117 -13 91 -108 126 -32 53 -55 -112 97 -59 72 -77 -119 90 -55 125 -11 48 20 -11 68 53 22 110 -101 96 -87 -54 -120 -60 6 -6 -21 111 35 86 -52 18 0 80 62 -96 -42 14 -17 61 -71 21 88 88 117 -89 114 53 45 5 -90 -3 -50 -13 95 -24 -119
5 -10 115 28 -11 -61 49 109 -79 19 -85 -71 -26 111 18 24 26 -36 -98 50 69 -90 -106 97 28 17 -85 -50 -17 -31 -92 18 -124 34 94 -108 36 94 -5 101 4 -122 -107 -58 -23 58 124 36 10 3 -107 -104 -118 -43 8 -89 71 -74 -78 44 -40 -35 75 -100 -1 -110 -52 -33 -24 67 26 -56 78 -66 14 -107 -104 119 -105 -11 58 -80 -90 118 1 -37 -45 -20 46 -103 -99 -56 1 -126 91 -121 -68 57 -82 59 -16 -23 98 65 75 -53 -43 86 -9 11 -81 67 -76 -44 -18 126 73 95 76 -10 -65 -99 -73 -25 -56 108 -95 57 -100 40 -60 -105 76 -57 81 -50 -85 108 -7 22 16 -78 48 -123 114 -113 -60 -100 119 12 7 -13 -29 -13 -39 -107 -29 -72 120 28 47 -34 87 104 -91 -15 -112 22 108 42 43 117 -41 71 -73 114 13 92 14 3 -2 54 47 -44 108 -95 90 -10 -6 31 -117 -12 -56 81 92 -111 113 -71 -106 121 75 57 47 -37 58 -30 -85 114 -43 -101 -65 17 -40 -93 39 -3 116 -57 15 82 31 -87 108 -79 -124 121 -48 97 -55 -109 97 -105 21 57 -99 98 -90 74 -96 107 -115 -94 55 77 -103 109 41 -96 8 -109 -6 -57 51 -108 -108 -113 -66 -93 -55 -31 81 76 -123 126 72 -11 -36 82 -40 -77 -68 10 -65 -74 39 16 -30 5 34 -35 -94 -39 -83 -76 30 29 -38 62 110 10 81 -100 76 -32 -16 113 100 13 -80 50 -21 109 -37 -66 -11 -70 -55 -46 122 -21 -97 23 -48 -53 -99 76 79 81 4 -27 38 89 57 52 108 39 86 95 52 92 -41 77 23 -21 30 90 7 -56 56 108 118 -53 115 -7 -56 101 -100 -104 24 -118 -68 107 -9 14 -83 61 -35 -58 -44 84 17 -15 -71 -111 95 -8 82 -114 -80 77 -79 54 7 62 -23 29 -39 -81 -4 113 36 -68 -88 25 10 -124 -12 53 -59 -10 106 -103 -32 -127 -87 50 124 -63 -75 -6 50 113 -13 45 6 -17 99 -73 24 27 -91 104 -55 113 62 67 -82 -77 119 60 107 0 84 51 64 -28 -116 -83 -69 61 -126 17 -93 118 98 123 124 79 -85 -55 6 45 -26 -98 90 118 -24 -8 125 105 -24 51 9 -53 120 -51 104 91 97 -59 58 16 63 52 -86 77 77 -122 54 5 115 -119 -39 28 -40 69 116 34 49 77 -50 -14 88 22 79 -65 93 -34 72 -52 -91 -19 -128 81 -50 -39 4 -20 -102 -72 80 100 -101 55 -93 -121 -36 -113 28 44 -15 -99
83 67 -82 88 29 -115 -18 -34 -111 -53 -12 -63 -7 8 124 34 124 -35 -27 13 -105 -107 -45 -116 126 -59 86 -115 73 -97 61 16 -17 -88 34 -33 -108 16 -101 -107 41 -23 62 -86 126 4 40 15 -56 22 51 2 79 -21 38 110 104 -44 0 65 23 86 66 -7 -97 100 44 51 45 120 -126 -86 -39 -72 -23 -113 -84 -86 -113 -117 -30 122 -35 113 25 -88 9 116 -95 107 79 2 14 -26 6 105 117 125 -114 -32 -56 -12 -95 97 22 -100 -81 57 76 -30 52 -7 63 75 -69 -16 7 2 -12 -89 -86 -74 101 -105 -61 10 -97 21 18 92 -106 105 -81 -93 -23 80 -33 125 26 -104 90 -90 -93 17 5 -78 124 37 58 -68 -86 -109 -28 65 66 70 44 -47 -39 -78 -65 44 34 -93 -3 -26 106 11 -103 -74 70 79 52 -56 113 122 116 80 -51 19 8 34 23 58 -57 -18 123 -53 -76 -53 -97 115 -76 91 83 63 -25 -69 -92 3 73 8 50 -52 -15 62 36 37 114 -61 -93 -42 27 -123 24 127 87 -127 54 -28 8 49 32 -41 -7 64 126 -2 93 60 64 38 -56 108 113 -28 108 34 44 111 -47 74 -10 -30 -125 -45 -19 -78 28 -42 62 -89 -64 -60 49 -101 55 -21 -41 -97 -44 -67 -72 80 -91 -55 -111 -96 -57 -128 7 85 44 -88 -12 114 -41 -111 102 76 -2 -13 28 86 -2 -111 -105 -24 71 -87 80 88 117 31 5 14 122 15 -70 56 78 93 112 47 74 -50 -45 -28 76 56 49 -34 -111 -11 64 126 87 -39 106 -92 -18 32 114 72 -54 14 -47 55 -35 123 105 36 -18 0 79 -104 -86 -73 -128 -28 -40 -60 -98 -113 -92 99 -32 -70 -79 -107 31 84 -23 23 -40 40 76 127 -97 56 42 -29 -22 83 -50 -82 93 -70 80 80 74 82 52 118 -78 -112 -68 18 114 109 -73 -51 40 -101 -40 24 -95 94 60 -121 -41 23 -83 7 85 0 -60 -15 88 -16 -12 50 77 73 42 19 -121 66 -48 32 -102 -2 -47 28 -11 36 -110 35 58 -105 116 121 -82 25 113 3 59 117 -57 -110 -121 87 -30 -96 124 -52 67 -13 -27 110 -98 69 40 -27 -2 -107 -47 87 68 -94 -86 -19 69 24 -27 -85 -89 -11 16 82 43 110 -28 114 58 -9 10 85 -45 -98 -108 6 73 -5 -30 19 17 -105 46 -20 -31 -16 87 -106 110 -77 59 0 -21 -52 80 -122 117 49 -5 -3 93 87 96 21 22 -9 -49 -50 -36 122 -53 -10 31 -46 -13 100
87 75 79 -35 55 -98 -38 -1 19 -12 27 42 114 -39 75 -51 62 92 125 3 -126 81 -113 112 101 43 -72 61 92 81 9 -88 14 112 109 81 89 -64 72 73 -105 41 100 -9 14 -69 65 80 -123 -89 114 -108 -55 13 4 -108 -87 13 93 -33 71 101 33 -115 -114 -63 -61 1 74 -42 -112 -11 -22 -28 6 -96 7 -86 -103 8 6 116 -67 5 25 37 -87 115 -47 7 125 -118 4 -48 59 91 62 -86 -55 107 53 111 -39 -77 -93 -117 -16 -70 -39 86 -14 66 20 52 14 -95 -97 -117 34 54 36 0 -103 -128 121 101 -49 74 -34 -33 73 105 -19 -54 10 -83 -87 22 3 47 -19 7 -100 -91 -39 -5 -77 75 -73 -39 113 95 -40 -87 68 28 -52 -42 -52 12 40 71 -34 72 -32 -51 -88 -44 68 -93 -66 56 -127 39 -62 -63 53 -106 43 -40 -103 -19 -128 -5 106 109 -15 -7 -114 50 -6 -47 -68 126 -39 12 -118 106 -115 31 -80 8 5 -66 -95 -116 -21 -74 98 121 76 -72 -88 -12 -49 46 -60 89 -28 118 -39 -73 36 -77 31 17 63 90 -87 -92 -99 -47 20 -72 3 -103 -29 -49 -30 101 -83 -66 81 -22 40 -73 -85 -3 -65 -100 8 -12 -105 95 98 126 -67 41 99 32 -120 -95 104 39 -26 -26 -14 -100 -62 -52 41 -44 30 125 -116 52 -55 -86 -55 89 -12 89 -62 41 -122 -11 -56 -72 -88 -81 -4 61 -67 -70 26 -102 33 111 -111 124 -71 -82 69 -74 11 56 -104 -34 -122 124 47 -58 61 -68 -6 87 -84 5 14 -102 -116 -24 -74 122 -116 -32 72 108 95 81 -76 90 49 73 104 -58 -18 114 -110 25 -125 -92 -68 59 80 -80 9 60 -42 -127 -125 -69 84 -10 100 107 84 29 82 87 -94 -22 108 -125 -65 -50 82 54 25 2 -70 11 -76 44 21 103 46 97 -63 77 -121 -14 -102 -102 38 54 -128 2 -88 -81 122 118 -114 67 112 -47 70 96 125 -18 -89 -7 58 -28 84 -24 -14 1 -42 -24 40 -9 33 111 84 88 20 55 90 -88 -99 12 -107 -29 88 85 -124 19 68 -60 73 98 63 -80 5 -4 -75 -109 21 97 5 -80 107 -36 17 66 81 -128 -114 13 -119 -55 64 -18 124 -126 48 97 5 103 -87 83 50 59 108 14 -99 -79 93 42 120 63 -98 37 -40 86 -114 66 85 -72 58 -33 -54 78 -105 57 -48 79 -13 -83 41 -128 22 15 108 -20 80 -11 114 -3 64 29 75 2 77 -35 13 124 43 -28 69 -62
-81 99 57 45 -15 -3 109 -5 -5 -104 36 -62 -85 -29 127 -36 124 -68 44 91 31 26 -19 -106 61 114 -25 70 92 -77 -72 -43 81 13 47 -56 -98 -105 80 -109 -65 5 20 -123 25 74 113 -17 -79 27 -66 -81 110 19 17 11 98 -95 -97 72 49 39 120 -45 0 -125 21 -125 -65 66 27 114 64 -15 -49 100 -74 -50 -98 113 0 117 16 -68 -117 110 -45 -20 -110 113 28 -99 5 11 -12 87 13 -23 99 25 -36 -111 108 48 86 -112 -75 -117 66 33 -43 -13 -42 45 -96 115 -91 15 -33 41 -115 97 60 31 -19 91 -5 110 79 18 1 11 -12 -123 11 -85 123 85 -92 25 95 -49 -126 120 -49 -28 -123 -25 10 107 44 103 -39 -115 -26 -53 67 46 88 -110 -20 63 31 10 -107 -79 -75 127 19 89 -101 67 75 -50 45 -52 -116 -90 42 -92 -94 61 -53 -122 -91 -46 98 -64 -84 -119 -42 -56 34 35 -4 -95 19 113 31 116 13 -28 100 -113 63 52 55 -16 -118 -17 -67 -76 -80 17 -90 10 5 111 -85 -116 50 23 -31 -57 -32 60 16 0 -112 -40 95 14 119 -126 -76 117 -3 67 -27 -115 56 33 -118 -5 -44 -98 40 -74 27 58 -38 100 -122 -46 -11 73 -11 -22 78 -11 -1 -70 -97 -84 94 -17 -13 17 -41 -103 100 88 22 -34 51 -82 106 -97 -33 -40 96 -119 21 113 -73 -57 -17 39 -47 56 107 102 -96 55 102 120 97 -4 -41 82 14 64 -5 -10 10 108 -28 13 -51 108 120 73 13 -106 83 115 77 -40 -89 122 9 2 88 -40 -85 -31 65 78 110 -47 21 -72 -72 -55 81 51 93 -63 -41 35 11 67 -42 -69 -66 53 -33 -71 120 -125 -10 -2 -36 -55 -87 1 90 31 -85 -8 -117 -121 109 -15 124 40 97 95 15 76 66 12 114 -3 -91 8 38 -87 -50 -15 44 -1 102 100 -64 43 101 99 -73 105 47 -44 64 -68 -84 -57 53 95 -62 -13 60 -26 25 115 61 15 98 65 112 -7 -74 -94 35 -121 -54 28 67 40 -49 -125 -5 21 -34 -128 -76 -120 36 59 -122 105 48 42 -2 -32 57 56 -57 94 -40 -116 -111 21 75 66 3 53 -38 72 84 -75 94 -116 68 -13 81 -115 102 -122 120 18 -35 -49 -47 -15 -36 -62 32 -100 52 94 2 -15 104 96 56 111 49 -115 126 -108 -82 71 72 -121 -122 85 109 90 -69 44 37 -116 -124 -36 -104 14 -89 65 -116 117 47 20 92 113 -88 -59 76 41 -53 -22 75 -29
123 -102 50 71 -61 -44 101 49 86 52 55 68 -72 -57 74 30 -36 123 60 24 17 -29 -35 -11 64 -4 -56 67 59 40 -121 5 59 -37 70 -26 76 120 75 -44 -128 35 -112 70 106 16 -83 -14 -89 -26 -86 -127 107 -110 21 -18 29 -69 -13 -95 -27 76 117 24 -107 26 98 -85 -76 -100 83 66 118 -94 65 69 -58 115 -33 82 113 15 3 51 -70 -120 78 89 -111 -71 82 -57 -63 109 -33 11 18 -121 115 -55 117 -10 111 -90 -14 -50 -117 41 111 122 -87 97 -104 6 34 -34 -77 -51 -77 -24 106 -4 12 -110 75 15 -8 -57 -62 -37 -56 -57 21 16 14 26 28 -117 93 -76 30 -97 6 -7 -42 -122 74 118 -7 72 0 -76 -95 -27 -6 -52 113 24 14 -27 45 -72 56 92 53 16 -61 32 29 -122 -104 69 120 -32 125 88 110 -23 112 105 -92 -12 79 97 53 115 111 53 48 -24 92 -116 -67 70 -56 -99 -90 87 -69 -85 -79 -16 1 107 -39 -58 27 -22 -121 14 -92 -66 47 -96 2 70 -21 -52 71 40 -53 17 23 -75 126 -59 -121 -27 30 -99 -109 64 -44 107 -87 -56 102 -15 -47 -20 -89 -3 77 -73 -19 115 -112 -95 -10 3 63 50 -16 16 111 -30 34 93 44 -15 -76 123 -54 -86 -52 25 80 126 8 122 -37 -88 101 -20 114 -50 59 79 -7 119 -74 4 -119 -68 -13 -44 115 48 101 36 69 59 68 -19 7 -48 -8 112 36 -96 -123 -46 -106 46 94 81 -54 17 -119 -116 -82 -61 -85 -51 108 20 -20 13 66 111 -93 -99 10 -42 44 -58 -124 122 -126 121 -79 -7 63 81 89 -15 -41 -41 72 -67 -48 23 97 -11 -25 37 -18 -12 82 -38 67 27 -110 -124 80 -67 -5 63 -43 -41 126 -28 102 94 -10 70 121 -104 16 29 28 111 -103 101 116 -71 -117 -66 69 -82 -91 -14 38 48 45 118 -28 87 -30 11 -45 127 2 15 88 -90 -35 18 -55 116 4 -116 -2 -64 70 -53 -64 73 30 80 -88 -58 -35 61 15 20 -38 44 -24 -29 54 57 122 33 34 -73 -71 -44 -26 122 -100 -49 -15 -88 -48 -20 18 -81 -87 -121 -26 14 126 49 -84 -21 63 102 -121 -64 35 97 -67 105 -38 43 -4 125 -110 43 24 54 49 -9 -23 -117 -71 9 -121 -72 104 83 32 -52 75 91 88 86 -124 -39 89 -87 48 -26 -92 6 -57 95 53 -72 -97 78 -72 -99 74 61 -18 57 -19 -110 -96 -77 -120 -67 47 57 106 -115 -67 -117 -20 -90
-114 -114 34 84 -18 30 -56 82 52 0 0 -20 -54 21 98 -34 1 -24 119 8 -83 121 -92 117 -65 -20 117 7 -3 47 34 -14 -77 86 -92 -69 63 -73 38 126 -82 31 43 37 16 53 -101 39 9 45 -87 -91 -22 120 63 77 -79 -118 15 -83 7 72 -30 -79 -87 36 -13 -75 8 -114 107 90 -10 -105 16 -106 4 75 -65 -119 85 60 12 -9 32 68 121 116 -115 43 9 82 108 22 38 115 -115 -125 106 -25 -42 -114 51 -109 -86 110 -6 -115 96 87 53 122 -117 -33 -76 -80 86 -48 120 -118 -24 -108 69 93 76 18 99 112 -122 -98 92 82 19 87 -29 66 25 -70 102 84 -119 -49 37 -63 125 42 105 45 86 -50 -80 -110 -44 -122 -2 47 -60 -68 43 24 2 110 -106 -67 -76 -85 36 -69 54 84 9 -105 -118 -46 -86 37 -32 52 56 7 24 -46 -51 -97 83 113 -4 16 125 -27 -33 -5 54 -19 28 27 -44 -101 65 -74 -42 108 -112 -49 57 114 -112 0 -113 -87 67 26 -111 55 -28 7 12 103 64 12 -127 46 55 -2 1 -82 73 -5 -13 -99 -37 3 -76 -70 47 44 102 22 82 5 -48 -70 115 -2 85 33 94 118 -7 -41 102 11 -101 -46 87 -3 18 -85 -40 6 -28 2 9 -57 16 75 -40 -119 -18 17 -110 110 -94 -18 -116 118 -16 -50 110 -116 -103 39 120 61 -27 80 108 42 0 108 30 -113 86 -78 -123 49 8 60 -60 -10 13 50 -95 -127 37 16 -75 -33 9 119 0 -28 119 17 55 28 -109 -119 25 -111 109 116 -11 40 -96 -66 -103 -3 -66 5 4 1 39 53 46 9 99 62 47 -95 38 101 -114 36 92 63 15 -32 2 -7 -47 29 58 30 -110 -18 -91 -120 117 -35 -59 -114 -52 -75 -10 109 89 -70 17 90 30 92 -67 23 19 -52 38 -54 65 2 -29 -92 -11 17 44 -107 -49 -86 -89 32 69 -101 -116 -12 -108 -70 26 109 125 -12 -80 -106 -64 72 -75 -115 -65 112 114 -50 10 -69 -122 108 -24 -8 122 -92 -42 63 -105 -23 -108 44 -84 54 -19 -122 -63 -127 103 5 -13 8 -73 -112 125 -19 68 -118 -91 -109 66 -35 -82 73 -56 95 -65 -6 -112 21 123 -41 50 53 -37 -62 -26 -111 125 -76 -72 114 -47 -54 -17 54 -80 -89 54 -64 -74 103 -110 -122 -63 -30 13 -27 1 -75 -114 -50 3 76 25 80 -82 126 16 0 -109 -23 29 76 116 -60 79 101 -100 55 -96 22 -54 -86 -88 50 62 -63 -79 -40
96 -80 -49 12 119 86 -24 3 -18 -97 -20 51 -65 4 25 -40 -15 109 -85 97 -5 -111 34 -10 1 3 16 -14 26 -98 -120 -119 -94 -11 41 -124 5 98 -91 24 -96 -78 -13 -10 17 53 121 -102 -14 69 -67 -5 -38 71 120 99 89 32 44 -99 40 -26 20 64 84 -8 73 -47 17 -100 -68 -63 -5 -112 -50 121 1 -77 50 12 22 -84 -108 -78 -87 -112 -22 29 58 103 -105 108 -13 29 -2 53 -108 -97 101 53 94 37 -110 -25 -92 -72 -63 53 76 -52 -103 95 66 88 -18 35 -58 91 -34 -23 -86 -81 103 115 16 31 -91 -23 26 63 -101 -112 3 3 -29 -84 67 -62 -80 47 28 -80 109 -112 -81 -91 53 115 -111 -118 -40 48 -110 77 28 -38 -41 -36 -128 -33 57 -48 -65 27 111 116 -96 -99 -5 89 -109 -75 61 -127 -33 122 86 29 -51 40 119 115 54 8 -64 -88 -43 -13 -40 62 105 96 -42 -40 -114 5 -36 -117 26 -105 -120 -94 -83 15 -4 24 20 -87 31 23 76 -5 -57 101 9 107 25 6 53 -59 -84 5 29 7 123 107 43 -32 84 16 121 -4 79 92 -126 -123 -70 113 -69 -85 120 -16 18 -127 -112 -44 63 -85 6 26 -93 -12 60 82 79 -10 100 92 -119 63 30 127 -2 -14 51 11 -12 -28 -65 74 -10 -86 -33 -102 -78 126 -95 43 -101 -81 -84 -95 124 -14 -84 64 54 -64 -100 -20 -50 -82 -70 127 -71 -76 4 -93 13 -98 113 90 -64 45 -117 115 72 53 -90 -7 72 107 87 48 75 -112 -67 -119 -98 -82 18 76 38 78 103 100 11 -70 61 -86 74 28 92 -58 -110 80 79 -126 -49 62 100 8 -128 -119 92 15 12 92 88 83 -87 -95 -29 -63 -91 113 96 -104 -18 -32 34 -54 -47 34 -109 112 -79 -104 -27 92 71 36 -33 -116 9 83 -79 65 126 11 69 -6 20 -58 17 -4 -85 21 9 81 21 -34 -111 -119 16 44 -35 113 -20 73 29 57 61 -54 56 -2 -111 -62 -51 91 44 58 -59 -7 -76 -46 18 112 -80 105 95 102 83 46 87 -111 -106 -36 -25 -39 51 38 -69 -91 3 -102 -79 -14 32 -58 -27 47 0 -56 -30 -43 109 29 -30 17 -126 -128 -9 -60 -34 31 27 -101 -127 97 37 -34 79 -38 67 -128 79 -97 37 -37 -52 -117 -22 -70 -54 -94 -99 95 -12 51 -42 13 -65 -108 49 -21 -125 -128 -86 -104 -89 96 -68 15 -22 -97 -46 -89 96 -117 -104 28 2 32 -14 54 105 -9 -45 123 -11 76
66 82 28 84 50 89 120 83 -40 -98 23 -106 111 119 37 -15 -46 -116 85 -126 -26 109 -55 -35 22 -80 -95 -4 73 -15 43 -28 6 -90 77 -103 -8 -40 -95 -104 74 -61 -126 115 -35 -55 101 123 -63 -9 116 83 17 40 -120 116 114 32 73 -26 98 32 -57 -105 -76 -25 32 -55 -73 84 77 -54 94 48 110 -77 -48 -8 -10 -94 76 -90 -127 110 11 -102 -89 51 -9 80 80 23 3 111 -116 -50 3 27 -73 13 -42 -18 120 -17 45 -104 -113 -91 -57 19 -46 -68 -77 -93 84 -126 -2 50 -127 100 23 20 12 -115 11 28 -87 43 118 -57 -4 -43 73 -31 -13 66 -12 -10 29 -6 90 -119 -92 106 -80 101 44 -120 -25 91 -104 74 121 -87 51 54 -100 43 3 52 -103 108 22 71 -10 -15 -36 14 -62 126 45 -1 13 -35 79 108 64 70 -5 32 -33 -111 -79 -79 35 -19 121 86 98 5 43 1 115 -92 125 107 -14 -76 7 53 -16 75 -115 -82 5 22 107 89 -38 97 54 25 -6 -28 79 22 110 66 -108 -26 6 -40 -24 -83 -9 -69 24 -54 103 95 -29 -108 53 -89 110 -100 0 -73 48 -84 -95 -46 88 35 -42 -15 37 38 32 -48 -85 -17 -4 36 -2 58 -7 46 55 -111 92 41 -54 -99 -28 26 42 -45 50 -38 -72 52 -78 -126 47 -58 38 17 46 -83 119 -11 -4 56 -72 82 110 -31 5 -126 8 89 -113 -89 71 76 -98 119 -24 47 -25 -117 77 -3 -16 28 -127 55 80 -90 120 4 7 -105 -47 -74 -14 -122 -49 -48 -96 -110 -86 -68 -86 -11 -86 -3 -34 59 121 -93 -106 103 35 42 106 -14 45 -73 -26 16 -29 11 -48 -22 70 127 -76 119 86 -108 -45 -45 -69 -50 59 25 63 103 -82 -92 -91 1 51 -90 58 5 -14 3 -2 -99 24 -112 8 -49 -61 34 -36 50 33 -101 90 70 46 32 -70 43 5 39 27 -21 11 -62 -25 -48 -126 -122 -92 -88 87 -6 55 -69 -76 83 -90 -120 73 -104 -119 112 -102 -8 -70 74 116 26 82 -90 -57 112 -36 3 16 -54 69 -30 97 -58 -78 -47 7 60 81 -75 103 -55 66 13 91 84 17 108 60 -114 48 -123 -107 67 95 28 -118 -16 61 -64 -108 50 28 -60 -3 -117 -25 -2 11 5 82 -55 -113 -110 -33 -91 123 -88 -91 19 70 -4 79 46 61 -100 105 -75 -120 90 -62 28 83 63 10 -42 -39 3 3 -71 59 -96 94 77 117 -127 110 23 -39 -84 -67 28 -31 69 -120 -121
-65 -66 -62 60 -62 -111 92 116 123 -100 37 -91 -8 89 -92 -95 -66 -1 108 -82 72 -18 -118 126 -55 14 -91 -22 -2 31 -50 -49 25 30 -112 41 -40 86 120 26 -127 -78 14 61 -67 -30 114 -76 98 99 -69 90 -103 -41 -40 -87 59 51 64 51 -12 -87 31 -54 104 98 55 19 51 27 8 -1 56 -109 17 -31 100 -19 90 -41 44 -70 -70 -58 -10 90 -24 -76 89 -85 -117 -126 -54 2 69 19 -12 50 -4 -84 24 21 71 95 56 96 -84 -112 -76 11 -118 -116 -7 -33 88 49 -100 60 97 -29 86 74 -10 -128 -99 -103 -78 -16 50 93 -57 -44 -114 -43 84 -31 -41 -85 91 4 4 35 87 -60 23 -52 -116 111 -12 -28 -29 -109 57 -18 -13 24 -53 93 -66 95 67 68 32 115 -40 119 -88 123 22 -98 -115 33 2 -83 -109 83 -93 -122 -94 -83 127 -21 98 -47 69 -48 96 1 -20 -125 92 -116 25 75 118 40 -9 -10 12 -33 -96 -54 -69 -37 -7 -48 -11 17 -37 -60 27 -63 57 -19 100 -82 79 106 55 -77 120 69 31 -76 -22 -66 -103 58 -24 94 -75 -90 67 -48 -22 98 -46 51 -108 102 4 -50 -39 15 126 14 74 -9 40 -74 68 -89 94 55 -4 -113 56 78 109 -26 67 70 77 15 86 34 88 111 27 -75 -47 -66 -53 56 -56 52 -106 -2 87 -1 120 78 118 62 -3 34 125 6 -30 -29 33 -90 -111 -73 31 44 -62 -11 -55 -44 -21 -56 -83 27 -86 -58 -29 113 45 -123 -28 -110 -40 -77 -55 -10 104 124 -47 -30 60 -8 -44 -81 -108 66 73 62 58 35 -46 -106 27 -98 25 -121 5 76 89 -25 -115 29 41 63 29 33 -90 -120 -95 -97 -69 116 18 108 76 -103 -23 127 68 -71 82 15 100 106 -5 14 -46 63 69 23 -73 -85 90 -92 105 -114 12 107 119 97 92 -43 -64 -119 -64 -46 120 -66 55 43 -54 2 -94 127 -125 36 -52 -33 112 -41 -79 3 -49 -38 -127 -114 -36 -28 -91 -34 35 -63 -37 -113 10 112 -78 -108 -102 106 104 59 -70 83 96 21 36 -52 -40 85 -53 -30 26 -29 94 -11 -12 109 61 60 -35 -34 -86 104 87 35 2 -74 -112 113 112 -106 29 99 -125 -96 -53 -121 -76 -42 80 -32 72 -120 20 -3 54 94 33 98 44 90 1 -94 -104 49 -113 90 75 -123 50 12 -36 -125 -22 116 -29 -97 -33 -44 -24 112 -73 -27 -8 64 -63 -38 104 -97 0 -12 -13 -127 -114 90 -34 -110 -13 -15 -30 75
-11 92 -115 66 51 79 -104 122 22 -35 -49 34 115 -94 -80 -10 -33 -68 -59 -5 12 -22 -57 -10 126 103 106 -100 64 37 -7 1 5 -8 43 -35 -29 -24 73 -39 -124 115 -76 87 -127 -86 -73 -103 60 -34 1 -19 -55 -107 121 -14 -52 112 -87 90 -14 -13 25 -28 -32 -34 -11 -123 -19 -68 103 -103 108 104 46 56 -7 3 82 -116 -53 74 64 38 116 96 34 93 119 -80 111 -107 61 -99 -66 20 -87 105 46 39 99 59 -37 35 -103 -5 1 97 57 92 117 -106 44 -96 -114 -54 -42 -66 -74 -9 33 -98 -58 113 47 40 -42 19 -23 -107 53 114 69 64 -56 -89 52 -111 -81 31 -49 81 -92 102 110 -120 -40 127 31 105 -50 -98 -13 14 75 4 30 -80 122 119 5 -72 120 127 -17 66 18 -54 11 67 17 87 -57 61 100 -50 42 71 -33 -62 -52 36 46 -82 -78 -72 -103 12 -42 96 -81 76 86 103 64 17 -41 -89 -35 -85 73 117 72 104 7 -31 19 35 59 89 63 -49 105 -46 88 12 -37 -70 -78 59 -121 21 43 -44 58 86 -69 120 124 -23 -115 -108 40 -28 69 -47 40 117 88 4 -27 62 43 -86 75 0 53 111 -35 -69 -23 66 -103 36 -92 -45 -103 -95 -10 27 -95 97 120 16 104 117 -18 -80 -51 -62 -103 -86 -54 -107 36 -106 -61 104 -25 97 -72 61 -21 126 97 74 108 30 -121 115 -4 44 -118 -112 -32 -85 54 60 -17 -99 62 32 -33 -13 29 -35 -56 33 102 -55 -62 17 -58 -78 34 -38 93 -26 -17 124 -99 94 83 -82 -73 -66 79 49 -74 -121 -6 112 -79 -81 65 55 30 106 -101 -94 -108 125 -51 10 34 -26 124 23 69 -80 67 112 -81 124 -35 -121 -128 101 79 46 86 124 -31 -84 -28 -53 -20 -51 -124 22 51 -29 -20 55 -23 -96 -81 -89 -99 14 26 78 -120 113 68 88 -45 58 4 -92 104 -126 62 -9 19 98 21 -63 108 -56 -17 48 -47 -123 78 14 -40 44 -78 26 92 97 -9 109 114 -55 100 25 5 -92 43 98 20 -18 10 104 73 15 21 -123 -23 -79 -61 38 -60 66 -102 -59 68 -52 -99 40 124 -58 54 81 105 28 -103 -74 33 74 -106 -95 -119 -110 -94 20 -41 67 125 -81 26 -127 7 113 -21 123 8 -88 42 126 -12 81 28 50 36 67 -99 -101 -47 -116 116 86 55 -24 -105 -74 -9 101 40 -72 69 -3 -98 10 121 -88 118 -124 2 -61 106 -33 83 -19 -103 -54 -38 -28 61 -46
94 97 -4 69 -81 44 -32 -75 -20 37 127 -67 -5 68 -122 -62 -89 106 -71 -55 -6 117 10 27 82 -115 117 -48 -82 -54 70 11 -30 -8 59 95 0 -65 62 -65 -103 15 115 81 114 -72 19 -128 -86 52 24 64 -68 -7 39 42 44 -48 -82 83 -111 80 15 62 38 -115 -4 65 -110 -2 53 -92 97 80 -10 29 9 36 -62 92 -44 9 -2 -25 17 7 -44 30 81 -104 113 47 -116 -127 -100 94 60 115 65 121 127 -17 58 34 94 106 -1 30 17 38 -75 117 -9 110 74 -77 -79 -57 4 -15 -94 -24 -17 -76 49 -116 69 6 -90 20 -31 18 50 113 -24 0 47 116 -107 -1 -50 -24 -68 -122 44 -102 -32 -27 -23 56 1 79 -15 70 -30 25 77 -101 96 109 101 -63 81 -116 -101 -43 21 44 -9 -68 -62 -48 74 -53 101 120 94 64 115 34 54 97 8 64 51 17 -4 -20 89 -104 15 57 -11 8 79 98 31 -73 6 15 -51 -58 -50 -44 -102 49 19 -40 -34 -78 -97 -87 -119 -24 64 89 110 52 -55 74 2 33 26 -82 -65 -23 -118 -93 -107 -13 12 106 -22 23 119 -27 -117 0 0 105 -26 10 5 -80 -43 59 97 82 -125 -99 -104 98 39 -22 -119 -126 116 27 -32 -7 123 19 -88 115 16 33 84 -72 35 25 104 -40 44 34 89 -85 121 119 95 -95 -100 -18 12 -45 -44 -43 84 -121 64 3 1 -75 125 56 87 0 101 -14 29 -11 -24 113 78 -36 -43 -124 -62 -38 -42 -118 17 29 -21 -87 -56 -27 -58 -118 -30 -20 -14 81 -12 -68 -75 -70 -100 47 -119 -120 -28 13 105 -90 40 -103 -54 -17 -88 35 126 45 12 -65 31 -25 -87 46 80 -68 -96 -44 115 10 -120 -21 113 58 -34 64 70 103 -46 -60 -83 66 -95 -58 -34 77 -67 -96 5 16 25 113 72 -9 -56 59 0 19 12 -109 38 -45 -123 -8 14 -8 -5 62 -5 71 73 83 113 80 0 -1 73 -59 59 -7 -91 0 41 -16 -90 23 -102 -118 31 42 63 102 -39 9 -121 -62 51 102 -19 -79 -33 -90 103 -31 -38 115 29 -51 93 14 87 116 -7 -73 44 11 -122 -12 67 63 -127 71 -82 76 -56 -10 -31 2 99 86 111 -122 -69 64 -16 88 -110 117 -117 116 -93 -26 -14 -71 -50 -102 83 -78 -44 102 16 -52 121 117 17 11 102 21 112 33 80 -122 22 -23 29 64 -120 -126 -4 -97 -13 -122 -13 -50 65 120 -57 -114 71 109 105 21 -83 -54 6 20 96 -1
110 -60 121 10 -66 -49 89 -41 -29 -10 91 -81 -33 13 39 15 -111 98 63 6 54 24 13 127 7 -116 4 -90 53 -73 86 93 50 -50 109 36 -48 99 24 -112 -113 -34 -103 102 86 6 90 -25 120 48 -119 40 -7 69 16 -9 3 -4 52 -77 -81 46 -81 -5 121 111 120 121 -100 24 -103 115 96 7 -68 -93 -110 -28 -33 -20 126 7 15 58 45 116 -128 9 -91 77 10 67 55 -92 50 -19 -128 74 119 -50 -101 -78 0 18 46 109 -22 -118 78 -27 52 -109 -16 -51 -120 125 -18 -83 51 34 92 -38 82 75 61 106 -90 -108 -58 40 81 -82 92 101 122 -126 110 -63 -123 -35 -81 121 74 42 -57 -102 8 -53 7 -121 -20 -99 -99 -24 -98 -101 5 -64 -20 -101 35 93 12 -46 -70 73 42 -52 -102 -70 85 95 -33 59 -69 63 -71 -127 -42 -70 -8 107 51 -90 2 -113 -114 93 -87 57 -61 67 -122 52 45 -102 86 -106 -119 -111 -90 -43 103 -23 -14 31 -13 -114 71 -54 -120 -114 59 12 -46 103 -111 -5 -120 -128 37 -55 -41 44 98 57 104 19 90 -85 -117 -47 -60 -64 8 79 -115 -15 -60 18 48 68 -122 111 52 -66 114 10 29 79 110 16 -79 79 24 42 -118 -100 -119 -111 -29 29 63 -78 93 -31 60 -90 -100 60 87 10 -74 109 -127 -10 -3 99 52 -96 -49 -45 10 -11 -70 -83 99 17 27 76 -122 84 -34 121 -121 103 -8 -102 -4 9 6 -107 50 -97 -18 -27 -27 -15 -30 -50 121 -75 -75 -111 61 -78 -20 40 14 32 -117 -71 57 119 73 17 -116 -126 76 56 50 -90 -99 63 -106 -85 55 123 -126 -108 -24 -74 -71 31 -35 -18 112 126 -72 -93 -102 40 -28 -1 -115 -124 121 -47 18 -42 -30 -116 7 -122 64 -53 -116 123 -28 103 99 8 119 20 61 98 125 114 96 -26 -125 29 -62 -50 -56 35 -34 1 -62 -93 -53 -40 -56 -122 10 7 27 33 29 114 -41 69 -96 -128 84 -38 -75 -73 -74 -38 41 -88 -77 112 -95 -121 -113 87 -20 64 88 28 -81 -40 -116 2 -25 88 -50 -123 -112 100 -53 49 -51 102 9 -124 82 -54 -27 103 -49 113 115 101 87 102 -107 53 91 93 -32 -20 99 69 57 44 -6 78 -73 -87 124 101 -61 102 77 87 -45 -12 -97 111 20 -11 -66 -36 59 -35 -5 4 46 -20 65 100 -70 116 117 73 -59 -21 -84 -59 90 59 -11 -52 100 22 2 -67 -23 -30 97 106 65 83 -37 -127 2 49 -20 87
-115 -58 -90 -99 21 -70 -108 -30 24 1 122 -54 -73 -101 -78 -89 -21 22 -8 12 40 99 -61 -16 -43 -20 45 -127 31 -37 -22 97 41 -64 66 17 34 -106 39 -128 16 82 -29 2 38 -27 -97 55 -66 56 -89 -110 -33 96 -27 39 87 -110 87 109 -121 73 -38 78 -93 -6 -37 -44 -75 110 40 -38 -13 -94 -6 48 108 -9 -112 -68 97 90 72 73 55 -82 121 -76 -34 -107 -126 -11 -100 34 -121 -43 -4 36 -127 64 55 99 76 39 46 -65 79 -46 -25 -66 -83 -78 -65 4 32 -24 -109 -29 -118 48 -21 -3 -21 113 -126 -15 -109 3 115 8 -42 -82 -40 52 -81 -72 90 -36 -12 63 -10 -68 78 -57 -59 125 28 31 -13 -28 76 33 98 -108 -59 76 -52 81 -94 54 -64 -28 43 57 42 123 -119 29 9 40 114 -126 -47 -127 -75 -78 64 -64 30 73 -83 -58 -96 -10 -75 38 -111 46 45 120 -106 74 -94 -100 -44 120 84 39 -52 -2 12 92 104 123 122 -31 20 59 87 -123 -12 -61 -15 -16 -10 67 121 -8 -95 61 26 -113 93 52 1 44 19 -30 -70 56 -82 -122 -87 -94 48 67 -113 -71 -124 -19 -101 87 102 86 -15 85 12 -53 124 -22 -68 0 -2 -49 -86 -108 13 99 69 42 -128 123 -88 92 -75 106 -82 23 78 16 -94 -30 -13 -54 -34 -18 -86 -55 95 -126 7 -49 -26 -105 115 -53 -42 8 -23 15 10 47 -47 -73 -27 124 125 29 54 121 13 -26 -80 31 -64 66 64 36 -90 -128 12 31 -128 103 64 81 -18 -125 95 36 17 -36 -87 17 93 -31 -73 99 105 -21 46 105 127 12 -47 -102 -72 -53 95 -39 -102 9 47 42 -75 97 64 95 -12 73 -95 54 -63 -45 17 31 40 -11 -45 -106 53 37 13 83 -104 -98 65 123 116 108 -29 106 37 -93 75 45 -106 -46 108 6 -115 -50 -62 -114 45 91 -73 77 85 -121 -23 -67 92 -12 84 -96 -34 93 101 -12 -57 86 14 -36 -101 60 35 97 -90 118 33 114 56 126 50 26 -71 -31 91 -30 -128 -109 25 56 120 -38 16 -68 21 -14 87 -6 -88 -13 -99 80 -115 23 35 -73 43 21 12 -44 87 -60 -61 -26 5 76 -52 22 31 93 55 -107 -61 14 71 -107 -41 -15 125 53 18 -110 113 99 -95 -92 -26 123 -13 88 -90 -5 -94 50 49 -24 -57 42 -95 -81 9 2 57 67 53 77 15 -21 28 -123 101 -55 2 117 111 92 53 71 -118 27 79 -124 -39 65 -30 -67 47 27
-126 41 14 21 123 79 103 -127 86 -38 -83 0 67 49 28 69 -113 -98 -71 -71 -87 76 127 -28 -98 100 46 -48 15 -121 -126 30 -62 60 -92 36 62 -1 123 12 -61 45 27 110 37 106 24 11 -78 52 -127 67 -63 76 39 92 -96 25 -19 95 -7 -14 -49 63 -62 17 55 -55 20 92 -72 23 -116 20 -51 100 -87 -16 95 -96 33 102 87 54 17 73 -30 118 120 -34 11 114 -14 102 -42 6 115 41 70 53 -72 -17 -11 52 115 52 93 -55 112 -87 -45 -57 113 100 -53 102 -38 126 30 104 -1 11 84 75 -15 48 -42 -84 -104 32 -125 39 -89 -3 10 78 16 18 -126 -95 122 56 75 -88 -88 63 39 -111 -74 110 36 -125 59 45 80 93 115 61 -62 -30 42 108 48 -85 -95 32 -35 -6 -105 -111 -60 37 -4 92 -17 80 85 -92 -5 -127 -65 -20 -111 127 -70 -44 14 25 33 7 99 126 55 -116 52 96 -70 51 120 -8 46 66 18 -56 -26 -81 -105 -120 -73 -2 65 11 -79 -40 -64 -99 67 34 -22 38 -10 64 -23 85 65 32 114 -53 -6 -46 -69 52 5 123 -11 -110 90 -10 126 -78 -12 11 -116 88 112 23 30 3 -38 8 -22 89 -15 26 95 23 -41 92 62 -71 78 42 34 -26 90 -104 -22 45 -62 109 126 29 -22 63 -72 94 -69 111 -121 -49 89 -34 108 -13 103 -117 20 -21 -27 -62 -3 26 57 -21 69 27 72 -32 102 40 -7 -24 -65 -123 -72 29 -18 61 111 21 -31 -21 -33 -17 118 -98 -3 -32 -111 -27 4 -37 111 123 14 82 -52 -85 -10 48 114 47 14 -76 -77 56 -26 63 86 50 -94 -11 -44 -121 2 -32 35 -26 -123 124 -128 58 42 111 -19 106 26 -114 -113 2 -60 75 -45 -26 -56 -42 -54 -36 87 -2 14 -60 -68 9 19 9 4 40 101 113 -112 74 -5 78 95 -93 -70 90 -103 -25 -22 -25 -44 -96 122 -49 -50 -94 7 60 -91 -2 7 -122 19 -127 20 -48 -64 -60 27 57 79 98 -50 -26 126 97 46 62 70 -106 -37 40 -116 -52 16 -118 64 -42 95 5 -25 91 104 -128 -6 98 112 73 -34 82 53 -125 17 59 51 126 14 29 3 -126 43 -49 79 -84 -85 -36 -97 -57 -41 -63 39 -48 101 32 -24 9 -47 82 26 -13 27 111 49 58 102 -125 -65 -1 -71 -106 123 -65 -105 -7 -24 54 -66 -38 112 -50 57 43 115 -124 105 116 113 122 106 -51 72 33 -100 34 -103 5 61 98 39 113
-116 9 25 -37 -9 -109 27 13 -118 -36 -78 17 54 -48 115 -79 112 75 -74 107 107 95 -121 125 21 -126 -86 -26 25 -66 37 21 40 75 -92 35 121 -8 10 -113 -8 -71 -83 -64 106 -125 45 -116 -48 34 86 78 95 63 -52 121 -93 -32 -25 -16 18 125 -36 43 21 107 -79 -96 5 86 16 -105 109 81 3 -14 -47 -63 51 -61 97 -108 -105 109 -80 -100 -121 -77 44 -77 -3 -42 -95 -63 -116 104 60 -28 -25 87 -49 -68 -32 -11 98 99 -67 47 -35 122 59 -85 -38 -20 -62 -102 -67 60 35 117 -16 -75 40 34 10 -89 80 47 8 4 98 101 101 -12 -103 46 47 64 27 90 -99 110 -48 -49 78 -87 -122 -59 -65 -71 -81 -107 87 -95 -22 -18 -87 -8 -12 60 -2 103 -26 -59 12 62 99 -18 -101 -86 5 103 -128 125 99 50 95 -100 -7 22 -48 -122 -23 -27 36 79 81 28 -91 -85 -38 104 -53 48 -10 39 107 -77 34 -85 54 -45 29 -99 -73 32 94 -4 126 104 -59 -15 112 80 13 63 97 -17 -108 47 103 -64 -95 27 -6 -39 -44 -97 -41 -10 36 64 -108 40 97 -85 -8 116 107 -8 32 99 113 93 -112 71 82 -10 -90 -40 -49 -80 4 115 106 119 -50 118 -1 -52 105 -55 -9 60 62 72 33 8 -45 109 41 117 70 40 -25 -12 -122 118 127 -66 76 6 47 -94 51 97 93 -82 -71 -86 -9 8 -15 6 -39 35 -15 -95 30 -100 -16 -57 12 -64 -60 -4 -85 97 -27 -89 17 -100 -125 -83 -64 -115 112 117 78 44 50 -33 -6 -65 112 -68 71 -122 53 42 112 -25 -119 32 62 53 119 -58 -1 -19 61 -55 -104 -13 -15 15 121 -76 -46 -19 38 116 73 -96 9 -103 40 -92 26 -64 -104 -100 -88 -98 71 -47 4 -125 47 84 -97 -77 -25 108 -107 63 -41 -6 110 -128 48 -120 33 15 75 60 121 107 -83 -50 -117 -128 66 -62 -8 -19 -95 -45 -26 -18 117 78 34 90 -121 -46 76 -64 -95 20 -100 125 42 -110 6 28 -31 -110 -70 89 -28 -94 119 -41 -34 -35 127 -95 87 1 -11 10 82 116 89 5 -21 -8 44 -58 -93 -47 24 48 -19 -36 68 87 94 54 49 26 -50 53 87 -96 14 -78 -105 16 83 -98 -49 -113 -6 101 -89 72 11 52 -73 -9 15 112 -45 -76 -47 125 -125 13 116 -19 -33 -113 -87 92 46 90 1 -17 51 -95 14 -31 -86 85 16 -101 44 33 115 -125 12 -120 -63 123 99 -24 -118 -5 -68 70
-117 44 -60 -9 47 -31 82 -73 -102 98 -94 69 86 -56 -45 -51 -41 17 -39 -106 -124 -74 -23 91 79 -119 105 90 32 85 -117 0 -7 -90 11 34 74 -52 124 -4 -36 58 78 -107 -103 -3 35 37 43 -94 -66 20 99 -127 -82 25 40 -36 -45 -94 -56 -35 63 -33 122 -125 58 20 -25 -81 46 -16 24 7 -73 15 10 44 -20 118 -94 -115 82 -76 92 -114 -58 105 -2 70 111 -79 -86 118 101 39 -2 83 71 -26 -19 98 117 35 77 -54 26 -81 13 -19 -110 -85 -33 121 -68 26 93 -81 -99 -3 53 -100 26 67 -12 -125 -35 109 -89 -64 -108 120 73 -54 -3 -57 105 110 -115 -105 -118 117 104 86 -25 19 -119 -64 65 -20 -88 74 70 33 -117 -49 -37 45 -125 112 -5 -83 71 27 88 54 -2 69 67 52 49 -101 -66 123 -34 5 5 5 55 92 -101 -12 123 -80 88 -38 103 23 107 -27 -66 -14 17 9 -51 95 112 -33 42 -46 -41 54 -108 122 -93 67 66 -94 47 80 116 92 2 -68 72 -93 31 33 -40 -104 -123 -69 4 96 100 45 66 -64 123 -35 -87 -52 79 15 -64 102 30 30 -45 31 -4 59 116 -88 25 50 102 -6 119 -86 104 -98 2 41 19 31 23 53 20 44 87 5 54 60 -35 127 26 97 59 101 40 -26 -9 -39 8 14 85 16 49 70 92 81 -77 50 114 36 -121 -53 -115 118 -23 8 -124 -61 108 -99 -103 -52 14 41 -2 33 67 -44 100 -112 -69 -26 63 -80 -107 6 112 -18 -90 11 -65 -81 -120 9 11 -75 -112 100 -120 118 23 -70 -40 61 11 -77 58 10 -34 72 70 101 40 7 -74 2 55 -28 23 48 91 -30 -3 17 -120 -54 -60 -47 -60 -67 122 -34 -10 -22 -38 120 68 -99 -43 -99 81 -56 81 79 109 96 100 35 89 -17 95 -112 66 -18 -49 -101 109 100 -110 86 -13 15 -38 -35 12 -110 -110 107 -96 -114 80 -45 -128 124 97 -6 -112 -102 85 -4 2 -75 -30 91 126 -128 -49 61 31 -78 -116 -43 79 85 47 115 -122 1 109 -73 76 -99 64 127 -13 100 -12 -74 -37 -35 -29 -86 -121 -98 -19 59 115 99 35 74 77 58 -88 92 9 16 -66 59 71 73 -36 1 50 -112 92 41 91 36 72 78 -77 -80 4 62 -11 88 -43 -4 91 49 45 -66 -40 125 -9 -31 -106 127 -10 -73 -120 -76 86 -40 -117 -107 99 61 -22 -107 -103 -17 -43 27 -70 99 -4 -119 -65 -17 126 114 -102 89 63 48
-9 66 14 28 -55 3 127 94 13 52 -96 -87 -9 -15 -62 -68 51 -51 47 126 45 117 -47 58 40 -34 48 61 118 -50 69 -7 51 53 -10 -78 -79 -93 30 -55 -68 59 31 104 92 85 25 26 -100 91 98 -59 30 -97 -99 28 -105 -58 41 102 -128 -25 121 -12 93 58 108 8 -121 -122 69 26 127 -103 -113 108 -51 -86 -121 -91 -5 45 -38 -52 82 59 5 -26 0 55 110 17 -111 10 58 -98 -18 3 33 -124 5 25 -74 107 -114 127 -55 64 -123 6 120 -90 15 -17 -101 -126 -34 36 -17 43 20 -87 -46 -20 -16 78 73 -82 27 -79 29 -79 -119 68 -106 101 121 -18 -13 -63 104 -21 98 -90 -97 -76 89 -30 -18 -55 -109 6 76 8 40 69 49 -39 -56 -49 -65 -112 79 67 -18 -2 66 -44 97 110 -69 33 75 93 67 7 41 110 27 58 97 -10 127 111 -10 115 -107 53 109 -60 -41 98 -59 -74 30 -76 24 4 81 87 -14 103 31 118 -94 -50 107 -17 119 59 105 -127 -24 125 -85 -112 -55 -53 75 38 -46 -89 72 -88 50 30 87 38 20 -77 -117 71 -65 -79 -62 -81 99 49 108 11 123 115 -36 48 33 65 -114 56 -2 51 -106 -113 -98 15 -5 76 -96 -94 -101 -39 -60 -113 -17 -56 118 73 -5 10 114 30 19 68 -42 66 65 55 13 -51 26 -72 28 -52 -50 19 -12 91 80 -15 58 -109 -11 -64 48 -78 -76 -127 -39 -122 -91 40 -69 -89 -93 83 90 -15 -20 -96 6 20 48 -55 65 44 76 -24 9 117 82 -74 -30 105 113 87 -40 78 -82 -85 -127 13 68 16 -98 117 37 -60 -9 35 -17 42 -125 31 11 -120 -35 92 4 -48 -82 0 -71 100 37 40 -58 -102 -93 -8 -58 4 28 114 -34 -18 8 -42 63 45 0 92 90 112 -41 -112 -87 -4 -67 89 -8 -51 -109 5 124 -64 20 74 50 0 72 10 -82 87 -43 54 21 77 86 91 20 -2 -90 80 1 -86 80 -65 -12 -51 -78 -20 106 121 19 -88 72 15 -50 106 -41 67 -119 -7 -27 -127 -70 124 51 -94 -89 14 -83 84 -47 117 -12 19 101 70 99 -107 -52 -114 -31 -85 -70 4 91 -58 54 108 22 -92 96 59 31 83 115 -1 124 67 29 -47 87 -120 -5 109 -88 64 10 -35 -27 -59 43 -6 -91 60 78 9 -121 -85 -111 50 -2 10 44 -79 59 -92 -1 4 27 -50 -78 109 -4 119 85 -107 -51 35 -45 48 113 -7 89 116 -1 -121 59 67 -116 72
82 -50 46 125 -23 3 102 37 -98 -98 -17 -126 -92 -18 -35 -23 70 63 35 47 23 94 62 -22 -6 -31 45 90 -80 -94 95 -14 7 -21 110 -115 26 -95 80 121 -64 -58 99 68 116 85 -110 103 -53 12 -28 77 -53 -5 -1 -8 58 103 44 -119 92 -89 103 61 -96 -67 109 75 110 -101 51 -43 96 -104 -106 93 -94 -87 0 106 46 46 45 -18 56 -14 -4 91 26 38 -65 -67 118 -73 -128 91 2 -28 -60 -80 81 -66 -21 -81 23 -5 -119 42 57 9 -85 -73 -61 44 81 51 91 -2 31 -52 -85 -92 28 -127 87 30 -68 105 -43 50 122 6 44 -107 89 -3 15 122 29 -95 -51 28 -122 46 3 89 -114 -51 72 110 -87 -122 -16 -112 -45 -79 -86 -128 74 -23 -81 -18 39 -87 -93 100 113 -53 -73 99 -83 41 -106 52 63 111 52 81 90 -60 -85 100 23 84 49 -105 -101 12 -28 -53 124 12 -35 96 -85 -89 -28 19 -78 -2 -89 120 -100 -111 91 59 -114 -1 -82 101 113 24 -66 -117 -16 3 127 -126 -21 -32 -35 41 -18 -25 29 -20 99 9 -69 -126 -43 -20 -39 -127 -126 -62 -29 13 -45 50 21 109 48 26 19 -46 27 -123 -122 18 25 -56 -119 -112 -76 -54 41 -123 125 75 83 73 111 -95 -36 -84 -26 34 -37 -106 116 -83 -21 -14 33 -74 23 75 100 -95 37 -97 -16 44 38 -75 84 56 8 64 -81 23 125 -71 88 87 -78 -86 58 -67 -63 93 33 15 117 93 36 43 -96 98 17 -68 81 108 -48 3 13 32 -47 -4 -6 72 -76 -78 -49 11 -22 103 47 -57 27 -6 -69 -122 14 -50 -72 84 98 85 -55 71 26 46 7 13 42 -111 30 64 -88 -13 71 -59 -31 -82 75 -43 -53 -36 22 102 -15 90 -10 -73 72 -42 -99 111 90 -91 124 -28 36 -46 107 -8 77 -9 -12 -68 -74 -2 -47 31 91 -27 -60 -49 -124 59 98 61 -23 -3 -112 -32 110 124 71 -119 -70 -120 89 -101 -5 48 49 27 64 94 -126 53 96 39 69 123 64 -65 96 -99 -87 35 -79 92 30 -66 -77 45 55 43 -20 -94 49 -72 -28 -99 -43 -89 119 87 -21 -72 -32 -69 -96 -114 -30 -125 7 -82 24 -29 -40 102 -74 -120 -13 79 62 -48 -53 46 -89 -21 5 29 -97 100 100 111 126 -56 88 -12 55 23 -9 47 93 -61 70 -104 -35 -84 -74 -109 -28 14 -24 -89 45 127 55 69 -17 -68 -47 62 -92 7 -103 -110 91 -42 -82 -58 101 -111 114 -5
-57 33 -20 -83 90 16 104 4 -21 61 -123 75 92 92 63 -74 -26 14 88 74 122 -57 -54 118 -82 95 -17 -115 -58 123 -77 -84 59 -120 78 -104 39 81 -58 24 -42 -4 127 -9 -44 51 -100 126 -73 90 30 -87 -103 -78 -17 126 28 1 -32 -110 102 -33 -121 20 -41 -55 -128 103 127 89 -59 88 -126 -31 -38 97 4 -50 -45 35 18 -34 -3 -95 66 -48 -30 -13 -38 -43 71 -110 52 -63 62 95 42 -78 5 3 -115 -22 -125 98 118 62 74 79 -94 20 -36 -1 126 -59 109 2 -3 8 -120 -101 37 -117 68 -25 116 -7 90 -36 -118 74 -83 -94 -68 -36 82 -91 23 -15 46 -109 13 -11 12 -90 73 47 -15 78 15 31 117 -90 -108 -69 -120 58 97 27 -41 -116 -91 51 94 -72 -46 105 65 -42 -18 -59 -119 98 -91 100 -72 36 -45 69 35 -103 53 72 44 119 20 -56 -51 76 -76 -34 -41 68 -106 89 -8 -57 70 92 75 50 44 -70 -90 126 102 -96 118 49 -46 -107 -24 103 -58 -97 -11 -26 -87 74 -91 -116 -12 -34 79 -37 -36 -33 51 104 41 -48 -80 -105 10 89 8 109 -113 -95 62 15 29 108 -45 34 102 -20 42 -3 42 80 -89 -99 0 126 -108 112 97 -41 27 79 -15 70 69 -67 61 -124 -38 -66 63 34 16 -82 -54 -68 -8 -40 58 -23 -37 24 -64 116 -14 109 61 7 43 -122 16 -117 30 -105 1 32 -28 47 -86 24 44 2 90 -22 7 -85 -12 2 85 26 20 81 22 -90 -82 59 -115 -103 -7 56 -110 67 127 -83 -59 32 -41 -36 3 44 -49 23 -56 -62 26 -121 108 46 12 -15 34 -3 46 94 10 76 -40 -112 15 94 58 30 78 -5 -75 109 63 -18 34 -47 -49 -68 -49 -104 3 115 75 87 58 119 67 46 10 -105 -10 -124 55 3 100 -21 -98 -117 -9 -110 17 83 -19 -71 -77 117 58 -103 -33 -17 80 122 53 61 60 33 -107 -20 -92 -77 -118 29 -93 58 -35 -82 -112 -66 -81 -23 -38 -118 -127 78 -107 -68 30 82 33 100 -128 75 42 29 -109 -106 60 58 -3 53 -59 66 96 -49 110 -109 -117 -26 110 -30 -14 -121 123 -65 86 124 -23 24 52 104 9 -115 -17 -81 -34 122 -86 -13 12 30 38 127 63 -19 120 -16 41 30 -37 95 74 116 -27 -125 -86 -26 -75 1 -76 118 -70 2 101 13 116 111 -107 45 39 -109 -75 -91 65 60 123 60 3 104 -61 117 77 -66 22 -22 -87 -93 108 -99 -14 -121
72 124 -53 60 123 -69 29 -85 -94 -107 69 106 -39 88 -24 -33 104 51 77 -33 14 -55 126 -10 68 9 62 49 34 -68 24 14 93 -64 -9 31 109 -20 -105 34 -10 67 59 78 -87 -38 -93 -62 -74 -26 9 -22 97 -44 83 104 89 -31 -50 67 -9 2 -22 -120 19 65 -75 35 30 8 83 19 70 -88 55 -67 47 -5 -115 -60 -61 114 121 -52 98 34 -122 108 -114 102 87 24 8 19 -73 -8 17 4 -94 -12 18 122 -122 -70 75 -128 51 -31 -92 -33 113 -101 -10 -103 -98 0 -71 -77 -92 97 64 14 100 35 -51 -53 -60 -72 82 10 53 -58 31 -107 -106 -124 101 -126 -77 -125 -124 36 -3 -73 -83 -57 20 -53 -100 97 96 -86 -93 -128 95 33 7 113 95 -78 37 -16 30 -127 -74 12 116 -85 -55 -58 -76 -128 -112 41 -107 -53 46 -69 -112 102 94 45 71 20 4 57 1 64 74 57 -46 -77 -110 5 45 -16 59 -19 56 79 71 -76 -44 -14 59 -115 -73 -124 116 -115 112 56 1 114 -5 99 51 97 115 105 -63 -44 59 84 -105 -112 -126 -79 -120 -30 104 -41 90 53 78 55 -23 -57 -23 -67 -99 40 -50 -29 -50 71 -20 -2 -94 80 109 -72 -36 22 17 -46 89 21 -95 -4 -81 117 -125 89 -85 51 -110 45 -126 -21 -16 -69 -19 26 -116 85 -116 -128 -28 -87 44 -27 -37 50 -95 -80 -37 29 -60 -122 21 48 95 5 63 36 -117 124 -7 100 -74 -60 8 -56 110 -72 0 -71 -125 -51 -95 -101 40 67 27 -121 -104 -46 11 34 -116 -42 -73 -77 -35 72 40 28 116 -79 89 -123 -18 -52 85 -124 -98 -82 36 34 -107 102 -20 25 -54 9 125 -34 -34 55 -31 -112 -30 -26 -28 95 70 -63 -13 -87 -2 67 -35 86 112 106 118 -118 123 -51 43 65 -46 -92 -45 127 67 -101 8 109 40 -105 34 -76 70 -93 26 -53 53 -79 114 18 5 46 41 40 -52 -95 124 78 -19 -27 -66 86 -42 -72 86 45 54 -80 -76 74 22 127 67 -59 -86 37 -26 99 -81 -74 -116 101 -4 -114 -31 64 -18 -118 -117 67 127 -93 76 77 41 39 -80 -73 26 -74 -61 52 -44 -51 -4 16 103 -79 59 -7 4 110 65 77 -57 8 46 95 13 116 -59 -20 -13 -7 8 50 37 35 50 71 6 28 66 -103 -80 -111 14 32 -18 -25 -42 -87 -107 -102 43 -91 48 61 -108 78 -33 4 -84 -88 -29 -11 -103 -85 52 -66 -39 59 -90 121 -95 94 -115 -106 -52 -12
83 -10 114 -84 63 100 -83 39 20 -88 68 12 62 15 -36 -8 -68 -87 -8 -126 98 -99 72 28 -3 -83 -6 99 -85 -5 39 -97 20 -25 63 -108 -102 115 -25 95 -68 13 39 -120 91 -100 -19 -75 -37 -10 107 7 63 19 42 -51 -71 -18 37 83 99 78 64 -79 -65 35 -41 97 127 114 -11 16 72 63 -31 77 -18 14 39 4 -71 103 63 59 72 -39 -51 25 72 -18 90 -99 29 4 112 49 36 -58 -52 -92 112 -104 70 -59 -78 94 75 40 -88 -115 41 -25 92 124 50 -42 -96 5 -110 -70 16 44 -46 41 -13 -37 68 57 -102 59 -124 117 26 20 119 108 116 -93 98 12 -10 -40 -19 -91 124 -128 47 25 115 -58 50 -98 43 -20 -67 21 50 -58 -84 64 68 -65 -96 -115 -73 -26 124 119 -13 -4 -15 -57 79 21 -8 65 -76 -69 6 -80 -5 46 -66 -110 80 127 59 8 106 16 15 -104 -79 -75 -127 -34 105 -94 69 -11 106 79 113 41 114 -19 123 106 -23 -88 -43 -15 46 -43 -28 -126 -74 -125 -101 -19 89 -41 -77 101 -83 66 -10 -61 64 29 74 -79 108 -110 14 31 -56 89 90 107 -91 30 61 48 87 100 78 59 69 11 43 -88 -78 98 -48 102 8 -119 63 103 39 -118 -77 72 -93 118 -19 6 -119 -96 -1 -114 53 23 -47 42 -76 -44 90 -117 -45 39 10 -13 21 -26 -1 -4 62 -111 125 37 83 -74 24 -56 -44 108 93 98 116 -108 7 -36 49 -76 -35 -29 -89 99 -98 -78 50 109 -3 21 81 53 4 -17 98 9 -97 56 57 -58 -125 -10 -70 87 -40 66 86 2 -124 -57 -77 -35 -7 0 -101 -24 -96 -21 -99 -104 -81 94 6 85 64 55 -108 37 95 -31 -115 65 -42 -111 3 26 -18 -5 53 -7 113 -66 -39 -70 -95 -72 68 14 -108 16 106 63 62 95 -69 71 125 -21 -114 -76 104 -19 72 71 118 -61 73 -26 3 -10 -51 -88 -19 107 5 122 73 109 72 -6 19 86 -32 20 -116 -86 -89 117 74 -20 -3 -18 -32 58 -32 -109 104 126 74 93 -60 6 3 115 113 -69 4 66 89 -6 121 18 9 -23 -37 70 7 -32 55 -113 12 54 84 26 -5 -49 -18 37 -94 -100 72 34 -33 -60 -37 29 20 49 58 -95 -14 -93 -72 -8 31 -34 -78 57 -128 74 4 60 97 60 -22 51 -114 -42 98 124 74 -4 64 -84 -50 -118 -100 -97 -9 -108 -120 90 -8 102 80 50 -116 -99 48 53 110 118 -84 22 10 -46
62 -37 13 -39 -120 -123 -80 96 111 -122 69 60 125 -3 -121 56 -52 -25 68 -4 16 -43 -85 -14 -121 29 86 82 -123 -86 68 -87 36 32 -124 107 112 -13 -116 113 62 100 -92 -80 46 -7 71 -90 -92 43 28 -53 -23 -31 -117 29 59 18 83 -36 -3 109 104 28 114 -29 -18 -13 -16 -22 -84 -49 121 -97 -72 -103 -106 30 -74 -71 -7 37 -17 -19 22 64 122 83 106 -71 6 -83 -30 38 -7 -116 -60 -118 -41 -40 -120 -71 72 -69 25 84 -41 44 29 -125 40 55 56 96 34 -45 -13 24 22 -89 -74 -116 65 29 -128 -18 -38 89 75 -49 -24 -89 43 -122 60 76 -18 40 -123 99 -24 37 104 120 -127 34 80 93 -111 48 -119 -118 -10 107 14 -115 62 -3 94 41 109 45 -73 21 -120 103 -123 -97 -40 16 -10 -4 -4 92 -10 -117 -27 79 -101 38 -76 59 103 -104 -83 102 53 19 -49 115 -118 -67 -94 48 -37 5 -28 -99 123 -49 117 -12 -104 -124 110 105 68 -79 -105 110 -120 122 79 10 21 -7 -46 22 82 -100 -57 64 79 14 104 71 -59 96 54 48 -121 56 -11 77 -25 98 -30 122 121 66 -99 101 -11 -22 60 -6 -66 -100 43 -29 -86 107 40 84 117 18 47 16 42 91 44 -105 95 24 75 -67 -102 -26 -80 -93 -65 -94 -24 -33 57 43 93 -40 41 46 -12 -8 -2 113 40 -13 -25 95 -65 -74 66 101 124 96 -85 97 -27 116 -92 -30 -10 69 39 11 23 9 18 116 -87 77 -49 3 -104 29 -12 -77 -79 -97 -50 51 114 -6 -116 10 -7 -72 97 -109 -41 -30 28 -50 86 -99 -121 12 -97 -104 100 120 20 -79 -117 120 -2 77 33 -124 107 -119 39 33 -98 120 -40 -55 -83 99 27 -110 -16 -14 -82 42 119 -58 1 92 -19 63 -24 -88 118 56 -95 -84 3 61 -121 123 -74 48 -77 42 -110 4 -59 -51 3 -58 0 -34 65 -85 -27 -15 -123 -80 111 -93 63 -95 98 -82 -83 57 48 112 -119 68 -46 -82 56 -122 8 -38 95 -94 29 -93 37 97 -114 -78 16 66 -20 -51 -19 -103 60 71 -102 -22 69 -26 -35 -26 -88 -7 -87 85 -31 61 4 2 -49 126 -90 -19 -17 -125 86 -65 -74 -32 96 56 -108 -31 123 -7 -20 125 125 3 -122 -99 -24 -22 -93 -51 -56 86 94 23 15 -85 72 -63 -50 4 -23 -120 59 57 -102 -23 -123 102 -95 -82 96 -13 -84 -41 -20 -6 -104 65 -65 -51 122 108 -25 124 -106 -98 -94 98 2 -62
27 -49 57 118 122 -114 -77 37 -88 -83 21 -56 124 60 126 -48 77 -18 92 82 78 -22 -3 -29 -19 -36 -41 25 67 -35 -40 76 -127 25 -128 2 -93 -81 -39 -63 -81 10 -18 -37 -25 -15 88 125 -83 -1 -56 -37 48 -108 41 95 -78 -86 21 -97 101 -127 -35 -110 -94 -107 -62 -39 -114 102 88 58 -53 67 46 -75 -18 48 -78 57 -79 -38 113 -41 -80 -82 -22 -68 30 23 -40 48 -104 -61 -83 -62 -99 106 -75 42 7 65 -1 -32 -12 10 -123 -32 -11 20 -20 95 98 -54 -38 40 27 44 35 56 108 78 -40 -127 82 75 68 113 51 -128 -46 94 80 19 96 -72 96 39 -23 67 -78 93 -109 -67 -16 -128 32 122 101 -100 -100 46 -64 -66 -102 56 -41 -13 83 -45 -128 53 4 -17 36 -127 62 -7 37 -58 -55 -26 -120 81 -28 -54 -67 11 -118 -124 9 82 12 54 5 -81 -29 -9 93 -119 -32 -125 -77 -44 41 -3 -74 -36 -24 -120 -121 39 -127 -126 69 52 23 -57 -74 -76 17 -49 71 -40 44 -53 -31 60 -18 83 101 85 8 106 -59 -83 -128 23 -46 93 -36 103 109 -78 -11 -94 101 119 60 93 -27 11 -35 3 -67 118 12 -48 -118 82 103 -127 86 37 51 -69 -50 -107 -94 -96 -76 -77 115 54 83 -76 -104 -14 -35 83 97 -88 72 94 12 110 31 -117 -115 -77 127 -87 -81 93 -51 -18 89 -49 33 68 110 123 45 98 -60 66 -73 69 74 83 124 75 -103 69 48 0 19 -93 79 47 -30 33 122 7 13 -33 -5 55 29 -106 113 42 -29 -85 -95 -74 62 -92 -98 -128 6 57 -103 -124 -116 -95 109 96 -37 -58 -125 -113 -10 96 -117 82 75 -88 -70 -94 92 105 -110 -20 68 1 -58 110 78 -105 -124 -58 92 -45 125 52 -104 -21 98 -61 40 46 10 -2 -90 32 78 -125 -118 -32 -79 120 -39 5 -115 -15 -112 56 66 -103 22 -2 -42 -30 11 -94 14 98 -123 -125 -96 -109 43 127 -110 42 -88 88 127 -100 68 -33 52 122 53 -71 -81 107 -71 9 101 115 -59 123 -5 38 -20 -30 -79 79 106 -71 -14 44 17 -25 90 100 -43 -45 -102 -96 1 20 -109 -109 -110 95 117 81 -90 -118 102 -26 6 -97 -39 -39 -2 102 -44 -20 5 41 -122 89 110 -116 -69 4 -58 114 86 -33 67 105 -25 45 73 17 103 -12 120 -54 90 31 7 59 -94 3 31 -8 15 29 -63 -58 37 -6 115 67 89 66 87 -53 -32 -83 82 -118 59 -43 -127 86
-7 58 93 -93 -71 127 -44 122 -83 -11 -57 56 -71 9 -18 4 124 -78 97 -42 38 93 66 -38 -45 33 -63 -127 -126 126 126 60 -20 39 -11 98 106 -70 -92 120 105 -76 -43 11 -52 114 -120 91 67 38 -104 0 105 96 -36 -38 87 -110 -56 -29 -19 -101 -12 -124 110 83 -85 -126 125 -119 12 39 54 -24 -89 2 -8 -40 89 69 -8 19 31 62 108 -20 -12 124 -128 117 106 -24 122 22 82 -8 -35 78 63 -53 -87 -70 -44 -109 2 7 -69 89 -13 68 45 41 15 -84 -60 85 -43 -92 -31 50 85 -38 86 -65 7 32 44 -80 6 40 -69 63 -17 -24 4 25 -63 53 -2 96 -107 122 -119 -122 -83 24 29 -2 3 3 -18 16 -108 -44 -126 71 1 -65 111 -117 -96 1 -92 107 89 121 117 48 94 -56 -75 74 39 -75 112 -80 35 65 -109 83 54 103 87 127 67 4 -101 10 61 70 96 -34 -88 -40 114 -19 -87 -14 47 75 -93 -112 83 14 84 -45 24 32 21 105 67 77 -66 -61 -93 45 4 48 56 82 -35 87 113 73 126 -3 127 116 -3 -56 -77 -37 21 21 -118 -23 40 -11 98 11 -97 -125 72 46 81 -106 45 111 -19 -51 17 -37 117 -38 94 -74 17 117 -111 -105 59 25 118 46 -49 -124 -98 -119 119 -8 99 30 30 41 54 -76 67 -34 -83 -33 94 103 -118 -48 -105 -105 6 -109 6 -21 1 27 6 -40 75 -7 98 106 -123 82 -6 -36 -16 68 43 -9 -26 -45 -67 91 -16 -110 107 -52 -12 -54 43 -6 -75 59 124 -101 -36 27 -50 -14 92 -50 59 126 -13 74 -3 32 99 -126 13 -122 26 90 28 -125 3 -99 -126 -17 34 75 -83 29 -39 83 57 -48 -30 108 -48 -6 -128 70 -98 -3 -80 63 -9 23 74 -102 89 -50 117 43 -66 -100 126 -68 -74 46 -128 36 26 65 -1 -124 83 80 114 -45 2 -76 36 -10 -95 -22 5 -105 104 62 109 22 46 -94 27 70 15 -94 -68 -23 -25 -46 34 43 -42 12 92 -28 -8 115 41 26 47 -73 -44 -101 114 -24 -80 63 89 -78 94 -30 36 35 -52 38 -56 -75 -3 -34 36 -27 -79 -82 126 -41 -55 63 13 -57 15 -91 45 -40 -35 -35 104 -76 117 -127 -114 56 -14 36 -95 31 4 56 -68 119 114 -78 -35 76 -10 104 -26 90 -83 100 36 9 -34 101 -77 -108 39 -123 96 -117 29 98 -115 56 -2 -60 79 -111 -104 44 103 32 43 27 -122 -124 63 80 32 4 53 60
101 -8 106 69 -88 73 -12 -59 22 -75 -55 -57 -102 120 -21 -51 98 104 -62 -64 65 -66 120 -54 -21 83 -92 60 47 12 -70 -53 -14 -122 15 -96 -101 42 65 -104 -37 83 -90 15 61 115 -74 -68 76 80 -77 -51 -53 -52 5 -100 -20 -127 118 -104 -117 -112 102 -115 -31 -42 -56 -94 -47 -22 26 88 -48 -10 -30 -30 51 17 -18 -7 3 47 -8 124 -69 12 -65 -34 126 -27 -77 -59 -30 -116 -79 37 39 -116 -81 -60 64 -56 -120 -73 100 81 12 -71 -106 124 -40 116 23 82 -66 -62 -39 118 78 22 79 -99 6 -20 28 -15 -44 79 -113 81 -103 -115 -45 2 -91 74 -13 0 8 -31 -62 -35 -69 -13 110 -43 59 52 79 -90 -4 -87 -42 -79 50 96 109 76 -104 77 7 -111 86 -55 104 43 2 -81 -3 116 -53 -117 -10 -79 48 84 -36 -85 -91 30 -28 -28 -49 -20 -84 -23 -60 61 117 -128 -11 -79 -17 -116 -31 18 -115 22 62 65 -49 -12 -82 29 120 30 -8 32 19 23 -127 -46 -8 -67 -98 -7 -35 9 54 -13 -60 109 -68 15 111 -87 45 -96 42 102 102 7 89 -121 64 28 104 69 65 72 3 -77 1 81 113 77 96 -27 67 5 -50 -52 -105 -62 -106 -60 -12 105 -124 -117 -8 -33 84 -69 51 -112 -118 -15 -40 -40 -9 35 45 -75 33 -33 98 121 18 -88 92 -45 2 73 -6 -29 14 -65 78 -2 -11 -71 -35 74 69 -57 -118 -4 -56 -6 -25 118 58 -62 106 -126 52 -72 109 58 17 25 4 8 64 54 115 69 89 -98 95 66 -13 26 -17 89 -36 65 24 -110 7 -65 -50 64 104 -33 87 -14 -7 -36 103 22 -60 -37 -12 -74 54 77 60 35 22 19 53 41 -76 101 -99 124 101 97 16 119 -42 -15 91 92 -75 13 20 117 -111 -58 40 -79 -54 120 66 74 45 16 -6 -109 23 94 26 81 106 -66 -66 15 1 -58 -115 -43 -94 26 23 -126 -100 -93 -19 63 -86 -65 118 -107 118 11 33 -120 34 35 88 87 -35 5 89 -125 -21 -27 -97 54 62 -53 107 36 -11 97 -10 -10 122 91 -112 -20 -7 64 39 -90 45 96 -49 -49 95 127 62 -76 115 -118 66 81 25 22 56 -13 -106 98 16 -48 67 111 -6 31 14 109 -66 -39 -25 -58 -105 -14 -49 91 80 111 -72 -107 42 -111 -100 -100 -84 -11 -85 123 81 78 -111 -98 -81 -31 25 -101 -73 85 -39 -94 -92 -83 95 55 29 1 -24 116 -96 -27 -48 -26 127 -41 41 62
104 55 -10 -46 82 35 33 -32 11 71 45 35 119 69 -14 126 113 -96 -108 43 0 -113 -26 108 41 -53 58 2 13 6 -77 -41 4 -59 -37 -83 31 15 -115 9 97 123 -17 29 -76 -47 13 69 4 104 -99 90 62 -69 64 -98 35 24 97 116 -15 -40 76 -100 83 -56 44 10 118 7 66 -99 -56 71 -82 -127 -111 9 81 117 58 125 -108 4 26 44 125 -55 120 55 81 -3 41 -45 -58 58 -89 106 90 -105 36 99 103 -69 -21 120 97 -51 -73 -52 -20 -108 -15 -97 -116 -111 117 -17 111 -64 -89 55 -74 127 30 -94 -121 -16 -79 -100 -83 -97 -79 10 71 107 -90 78 65 -36 100 17 77 100 73 49 -125 -87 18 -121 -97 110 104 -21 -89 -73 -126 61 -34 72 102 -17 -40 -35 60 43 -105 6 94 -98 -14 -19 -31 -119 -22 -53 64 11 44 -102 -115 104 -102 67 80 -125 10 -41 38 6 77 65 -86 -24 58 109 88 -81 -44 59 -15 -5 74 -91 24 100 62 87 36 -12 102 52 -86 -9 -91 104 49 -61 69 115 0 -2 117 -55 16 96 107 -58 73 94 -91 -120 103 41 -116 -72 47 68 14 126 52 105 112 89 105 88 -60 106 75 76 -49 -75 -68 101 25 39 108 -41 124 103 92 -78 67 -70 -43 -3 12 99 5 -92 -79 11 111 107 -69 -33 -123 -122 10 -16 -51 -68 12 -114 69 115 93 69 37 -28 -43 -16 38 30 -54 39 3 -23 -8 113 85 92 -102 -55 -11 115 -33 -64 78 98 113 98 -128 -103 59 113 -126 -33 -31 12 -108 127 28 -29 80 -74 58 -92 -120 -98 118 -12 -11 57 22 -115 -3 -74 94 72 -61 9 -80 -83 73 -30 92 123 -7 57 54 -73 12 -11 -113 0 -11 -12 102 -78 -67 27 54 -45 -53 63 115 -3 56 -74 115 -127 62 -39 -18 -38 86 81 -92 -85 -89 53 -46 -91 -92 56 18 54 -96 113 94 86 105 59 -69 63 4 -4 47 -34 44 96 95 7 101 -24 15 -117 103 -19 -58 -9 93 -89 -77 45 -77 -117 -53 110 72 -81 64 25 -106 22 -59 49 -81 45 73 79 -24 -121 56 71 -15 -106 36 1 -87 -106 -47 66 -76 43 125 -52 27 -50 19 50 116 -113 14 -39 -69 -120 -47 -58 112 92 -94 -100 64 -71 -86 9 21 71 -94 -27 6 52 -5 -37 98 80 120 61 54 53 -98 81 -25 -45 2 -108 -85 116 56 6 -65 100 14 16 118 50 1 -86 -28 117 -52 26 33 39 76 -48 10 94 -30 118
-94 63 -118 54 5 113 118 26 -34 93 -84 -120 62 -10 -121 -3 -92 -41 28 30 18 -7 -28 29 -92 126 107 104 75 -111 126 35 32 33 120 96 51 42 102 -120 -36 38 58 -18 56 -41 92 -11 -69 -124 -5 13 73 -5 75 -114 121 126 31 38 22 56 -13 20 23 -96 -26 4 91 60 -18 83 46 19 35 -41 42 -97 26 -28 -36 43 61 48 111 53 82 -31 45 -103 69 -5 109 -123 30 18 -113 100 -111 63 -83 92 122 -116 12 118 127 123 -10 55 103 83 18 19 81 -110 27 100 -119 19 -41 -105 109 -39 88 110 -69 62 -81 17 -29 46 64 66 70 102 70 -114 -67 -14 53 -55 -34 80 70 -103 41 -124 -50 -46 -40 -63 123 55 79 -66 84 -34 119 -117 13 109 -121 124 122 101 -116 -83 -12 94 4 27 -107 74 -73 69 1 89 13 -93 -78 1 -59 126 -49 -23 -39 110 111 100 -90 -54 61 -36 116 -109 -36 24 16 7 52 -6 24 -66 127 75 -26 -75 66 79 73 -75 97 -72 -17 -35 3 122 -19 6 -39 -85 46 63 20 -31 1 -126 25 -103 74 -62 -123 -80 -9 94 -95 -32 -38 88 -37 -31 111 -48 51 70 -16 107 -20 -22 114 19 -53 90 -27 43 -76 119 -47 -116 70 -50 -56 39 -81 -26 -112 16 -39 37 97 126 -52 67 109 -73 118 122 -14 -106 111 -47 47 -115 -115 -127 -9 -2 46 -118 -105 -100 65 72 -17 -102 39 5 -58 -18 -112 22 30 -18 58 72 56 -2 -5 9 -122 -92 -3 33 -43 -89 108 -91 -28 16 38 -69 -103 -34 -2 -6 -47 -94 -101 -114 92 78 83 -37 106 56 78 18 -62 -93 -68 -59 3 91 123 14 -90 -93 -97 41 -70 -44 70 -126 -116 19 -31 -112 13 104 -98 119 127 39 26 16 -79 -113 -108 20 -37 -48 -67 -116 109 -30 6 -127 117 115 -37 -107 61 -90 -38 82 -118 51 -113 81 -9 -46 -116 117 -114 106 -1 122 -2 -90 -124 -56 -25 93 -25 -25 106 -17 -20 80 -102 -42 17 7 -37 -55 48 51 -90 -113 -104 20 51 -64 119 106 23 23 -8 -82 -47 -15 80 55 81 -59 94 -8 -58 -100 -97 -25 -119 16 -30 -59 -35 21 71 110 101 -54 -107 10 73 -22 -87 113 -16 -102 -24 50 -25 -3 86 -99 39 49 85 117 96 -114 -22 88 45 -109 -104 -74 -100 43 97 66 -14 117 84 64 14 18 -25 -96 -5 93 -41 -88 -106 -19 -33 -64 14 -65 90 -18 -77 -124 3 36 81 66 115 -118 -85 114
118 92 22 -101 -122 51 65 2 19 -89 -96 61 91 110 59 97 -91 -44 -98 68 -10 -116 113 -120 -91 -31 113 -17 40 80 96 123 -65 12 -72 8 -49 127 61 -24 -60 17 47 20 -99 104 34 -82 -116 -36 -64 -13 14 -85 -68 -7 -11 105 78 -25 -4 37 82 -122 24 43 117 96 114 90 43 18 -74 -67 -19 39 -65 125 70 34 74 43 91 -76 19 62 -14 -79 50 94 -85 26 -117 -56 43 -93 65 -118 -99 -9 -93 95 93 35 127 -7 -112 -89 42 59 -38 38 -19 -36 -29 73 24 69 -87 -14 -58 20 -36 -74 126 78 99 121 -98 -10 28 -13 -35 -51 -52 -32 -59 36 124 69 -117 -120 6 -37 -109 -52 -127 -57 90 -122 53 82 -14 -89 78 -77 43 68 65 -34 32 -77 34 57 -56 -44 -73 75 61 -46 -23 -38 -16 -95 -120 34 108 -114 94 50 -35 -79 -67 104 123 51 -14 116 -48 72 -106 118 73 46 31 14 -106 114 76 64 107 80 73 58 -8 34 -46 -115 100 115 83 122 -97 -15 -17 -49 83 6 -31 -98 -31 105 -38 48 -24 89 78 8 -101 24 -85 -102 -3 50 90 -114 117 47 102 10 -74 35 42 -8 -99 -26 -82 48 -6 -118 51 -93 59 111 -48 -14 34 10 125 -111 45 61 -58 102 122 75 122 -59 -110 -126 54 -113 -100 -79 33 -107 -100 -86 41 -120 -39 18 10 116 33 -114 -50 -45 -71 -91 114 -92 15 -106 66 -111 109 -88 33 -22 19 -45 -107 65 -64 -53 48 19 -44 94 -117 -69 100 -57 8 -38 86 124 -95 53 -56 2 0 12 -22 -76 13 10 -112 -34 -4 78 -116 -121 100 -9 75 87 -36 -82 38 106 32 -29 0 56 51 -37 -27 -36 22 -30 40 110 17 53 -37 120 115 58 -46 92 57 11 57 -26 -116 8 -126 -120 44 -5 -119 101 -16 -1 -3 -21 119 55 96 110 -15 -110 -25 -20 103 90 -115 25 -37 -63 22 -125 55 33 -119 -113 91 59 100 -90 -11 95 42 -16 67 -61 35 -54 13 -55 -84 -109 109 -128 -56 78 -27 -116 -63 99 16 57 -12 48 -19 -11 56 -77 -54 -25 11 -35 34 -36 82 44 -50 -70 -31 -59 -35 4 -16 80 -29 -33 -71 39 -15 -92 87 -40 -53 79 42 105 -26 -38 -117 26 94 -128 70 108 72 -50 -12 31 30 36 2 -14 40 -50 -45 28 15 -83 76 53 66 -1 -126 -48 -96 -21 -85 8 -71 -8 27 -124 124 -22 122 -84 103 -106 -27 86 -127 25 -94 -125 -29 -119 -43 108 20 -113
-18 -42 -18 30 -2 -29 -118 72 104 -104 0 -27 8 -125 -49 28 82 -82 60 85 94 54 -65 -91 89 38 112 44 -104 8 -30 -110 51 26 36 71 28 -71 -99 18 -6 29 -22 -58 80 -73 123 2 -14 81 -106 2 9 29 29 -118 22 6 122 -126 -49 -30 -103 47 68 91 125 -56 -126 26 35 -85 -74 43 71 -26 11 -20 -54 -7 -119 -35 70 -128 1 86 -14 -27 103 117 -84 29 -39 -88 -125 59 -13 -85 111 -56 95 70 -111 -3 -43 77 -113 90 56 88 111 -4 -124 -11 10 -11 69 79 110 -54 61 -39 -89 -5 57 89 71 50 -23 -124 78 89 -77 98 -126 -1 39 69 126 -89 -49 -105 -57 109 -65 45 -30 60 113 83 53 105 87 -114 75 56 -10 -94 1 -79 -14 -7 -95 -24 41 -36 -26 114 -103 29 43 -120 -51 68 63 -114 47 42 -14 -30 86 -48 11 -12 -1 33 33 -70 -65 119 14 2 83 79 -51 15 101 28 -89 46 35 -72 105 75 89 61 -72 -59 -42 -33 117 -55 72 -11 28 37 -91 -25 40 -116 111 -56 41 38 76 45 121 -41 4 120 -51 -42 -31 22 -104 -93 -126 107 -54 -94 -53 26 -67 -24 -107 -53 58 -94 -67 -100 -24 -58 104 -64 -45 -77 84 -116 30 -121 -1 -118 30 -119 -68 -100 -115 -114 -77 -49 98 71 125 106 13 64 99 106 -50 35 107 81 95 59 -26 17 -39 98 -94 -75 -119 71 -23 37 -10 27 39 -83 41 -14 93 -75 25 -122 -89 106 -63 21 127 41 -103 -53 64 87 -80 15 -98 -32 -110 -126 -47 109 -61 -53 -34 -4 -91 -122 -82 -30 -38 56 -96 28 28 122 -86 121 -86 23 34 26 -41 78 -25 -24 -117 28 -108 126 80 13 -86 107 43 -98 -94 -73 -25 -104 -67 107 127 -5 -25 -123 -101 -36 -36 -117 -123 -13 111 94 -91 87 112 -54 69 -99 46 62 73 74 -62 75 11 -113 -40 4 4 -89 -1 -65 -113 13 9 -124 -38 -106 107 72 -116 -78 45 4 -88 40 -102 -27 46 102 -59 -31 95 -4 -11 69 -57 86 116 19 -11 -96 21 41 64 -1 65 116 73 91 -93 -96 -17 -85 -8 -58 -1 -70 65 -46 117 -110 91 116 -109 92 -49 0 -34 40 88 91 24 -71 -18 19 -4 -95 11 102 71 41 26 91 86 108 -9 108 4 -125 -2 47 -36 95 -54 1 118 -30 95 -17 59 -86 -95 78 46 -87 88 44 -87 22 -23 -18 60 45 -57 18 -6 -118 40 43 -29 -68 117 -37 -116 43 81 -84 114 92
-45 12 -118 -88 -59 -112 122 -33 63 27 104 90 -126 102 42 -52 -83 -82 -89 -105 112 -52 -56 -94 68 30 4 54 49 112 10 -56 63 74 -58 25 -60 -110 112 -55 108 16 17 30 -56 90 -95 30 13 63 -13 -7 -12 -86 93 -41 -103 -11 -32 -67 -73 115 -40 -4 -56 -111 -40 66 -112 -12 -32 21 42 -101 84 -29 76 -44 0 125 114 75 -77 105 -4 -23 -6 45 -108 -102 119 -36 51 30 24 -83 -14 -17 63 -51 66 108 62 -32 -62 82 -21 -4 43 28 -33 126 84 -106 42 1 67 93 -116 -57 -100 -92 99 -24 -110 -44 -91 26 72 -103 -123 -96 -118 72 96 -71 31 -44 11 -66 -32 123 103 34 64 -44 19 -18 79 66 60 -117 -124 -96 -20 54 77 45 7 -16 54 -94 91 -67 -61 105 -7 -96 91 -17 -26 24 89 -31 74 -21 7 122 -71 17 33 119 100 -93 48 91 -82 -42 -99 19 26 -26 -70 125 -68 29 -112 -52 109 -87 -34 -104 -39 -37 -36 -98 -123 -89 -110 84 -5 75 40 70 90 -73 -55 5 39 -119 95 -22 127 101 51 -126 -13 120 -97 57 9 -31 124 92 112 -48 -94 -76 3 83 -67 -88 -96 52 -64 -104 80 -118 -69 21 4 120 -121 34 105 71 8 -82 27 32 52 61 -9 -14 -74 40 114 12 105 32 84 -46 -86 17 69 -15 25 116 -99 -25 70 -123 -69 118 -50 -124 89 -108 85 -102 -53 -51 -91 -112 -60 -85 -124 -68 27 0 -98 83 -11 -92 64 10 10 110 -12 -36 18 25 -37 36 30 -17 -104 -18 2 -78 -31 -18 -89 -36 -80 -117 102 46 -32 -106 -91 -20 -80 -52 -62 -116 60 -95 -79 61 -16 -127 -67 46 25 -35 -51 93 -101 126 -119 105 -62 -37 -115 -76 -52 127 110 126 -115 -12 88 112 -103 121 66 21 77 -59 84 -43 116 -91 114 -54 -114 -126 6 -69 -79 -112 -127 121 -17 58 -16 -24 -75 -24 3 -44 34 52 -58 -31 1 77 -84 -43 60 -17 86 -2 11 -3 -48 103 39 119 -29 -72 57 -114 120 -24 113 7 102 98 -67 -27 36 -61 -13 -67 -5 -92 -50 31 96 93 -12 -87 8 22 -87 127 94 -126 102 74 57 -50 99 57 -43 123 -120 41 -32 52 38 19 114 -75 114 108 -89 89 38 -58 67 -28 -26 8 -91 114 -44 37 94 -48 -41 110 12 -52 56 -77 -121 74 -116 108 -64 -69 88 -68 29 121 70 79 77 61 84 -86 99 51 78 -63 -37 -113 4 49 85 24 -125 38 -94 51 115 -1 -73 56
-92 -35 23 32 93 -48 -34 58 83 27 39 -72 -22 -23 55 28 -97 -93 118 -108 -71 92 112 55 106 80 69 -58 65 -85 59 9 -18 29 -62 -30 -93 53 119 93 59 2 -58 -105 -61 -1 51 -24 -24 30 5 83 67 -32 -17 84 82 -12 95 -34 -75 84 -62 123 2 67 65 89 127 -123 -10 -10 -75 -79 -121 93 -5 122 -101 -100 -57 -50 -96 12 -43 49 21 -66 -38 -19 -2 75 65 22 -86 -120 91 34 96 -115 -112 58 -83 -54 32 8 -98 -119 28 45 -118 -119 0 64 79 -34 8 -90 29 -25 39 -46 -88 -1 -20 -52 15 97 38 95 103 -122 -90 -100 78 73 115 -25 115 -86 0 -70 -60 92 27 -111 15 -90 60 107 -2 33 -96 -106 57 103 -60 26 -19 -57 42 86 64 -20 -51 50 34 109 72 -2 -105 68 23 22 -19 24 112 -52 20 -113 11 -15 -124 89 98 -58 -109 -58 127 -58 104 -63 -108 77 -73 61 31 -80 31 -57 -119 -40 67 -74 -66 14 86 -20 -92 19 117 -100 -39 -113 9 74 104 84 28 -72 -27 -64 -95 -125 -85 102 -118 -17 111 91 117 -2 49 44 31 -112 -37 124 84 15 1 82 17 52 -35 -24 -80 53 59 -7 -127 -27 74 11 109 -1 -66 21 87 -114 -115 126 -21 4 -19 -1 24 13 11 -52 -50 62 71 -14 44 -98 44 -111 -98 109 -16 -76 -61 -105 -51 51 97 -101 92 57 27 37 120 65 106 -126 -111 25 -25 -56 -82 -50 0 -112 -63 -30 -120 -20 -53 -8 -121 -33 11 119 67 117 125 -118 60 -69 13 -126 66 -128 25 -51 -24 120 89 -80 88 118 -84 -29 -121 122 -64 -112 10 -62 -12 -122 -88 -71 47 15 -33 -2 -19 -37 68 82 -23 -94 36 54 73 33 -107 -91 82 118 -102 -68 53 -127 -8 42 -49 3 28 -5 -46 -44 -10 -15 114 -60 -24 -106 -28 25 -13 65 -8 38 38 35 -18 95 54 -120 -38 6 -8 -57 -83 -7 -70 78 120 83 6 114 102 -12 25 -2 5 55 49 65 -37 114 40 107 -103 53 100 -58 -85 42 -69 -53 -88 -73 26 102 -62 70 99 -80 -38 113 51 -19 108 -73 -7 4 83 -2 -26 -116 118 35 -115 116 -119 -90 -9 -66 28 -124 -124 -78 -41 25 21 -41 -88 -56 -115 100 -5 -19 -114 -11 117 -103 -114 5 -83 -59 50 -3 -48 76 7 -2 2 -53 -57 -94 -96 -61 -80 118 -87 84 -108 95 29 -119 126 -8 -89 106 91 3 97 57 -31 59 31 112 -101 82 -33 -17 59 58
-107 112 -115 90 -14 -60 -85 39 -42 7 -2 49 105 97 116 107 -58 43 -67 106 -10 -12 77 -27 -25 -14 -42 -114 100 -11 -103 0 99 85 -109 54 -118 52 -96 -68 82 -17 90 -38 -37 -71 35 38 -56 38 -41 117 -19 21 3 64 66 -69 114 -101 -29 -111 58 -33 0 -49 -21 79 -4 44 7 66 116 72 -76 -17 127 94 -8 41 -92 99 27 -31 -16 -128 110 87 -29 -88 49 55 -116 66 56 0 72 -7 122 6 -26 97 -84 -103 4 42 -109 34 -114 -123 -38 100 -44 27 98 -120 28 -41 -52 62 -91 -6 57 66 -55 46 80 -98 8 100 67 75 20 17 69 -96 12 -24 88 -42 103 57 93 77 -67 -117 84 -84 -22 -75 -31 -78 -66 33 7 120 109 -18 47 -95 -123 48 90 -8 -1 98 -7 -41 -52 -92 74 91 117 28 54 125 102 25 125 -49 -115 46 2 45 -121 57 -95 126 107 -108 55 -4 -87 108 4 118 -50 -41 96 -97 124 110 81 117 34 18 0 -4 42 -18 -21 23 -5 30 59 116 127 41 -18 100 -94 -15 12 103 -94 94 51 -124 -16 17 -30 121 87 -9 -38 72 27 -101 -113 76 114 51 -76 -14 -6 -77 -124 -52 99 32 105 -108 -86 -22 -48 48 -54 -14 -52 -64 72 102 76 -91 77 -23 -89 67 51 25 -104 81 -72 12 119 105 -9 20 -20 127 43 94 80 -73 -93 -69 -46 115 125 -63 72 25 81 100 101 -53 117 69 -92 53 -31 83 -100 116 -26 74 -60 -49 28 51 -32 -7 -102 105 116 7 -36 -108 -121 45 65 33 -91 45 60 -87 106 -66 -103 122 -40 -98 -9 -126 10 19 -40 -92 108 113 15 93 -35 -1 -58 -98 -124 24 97 -103 -128 90 -96 50 -60 101 122 112 -30 -16 -47 -18 14 -69 117 -30 94 36 124 -18 6 108 -18 74 17 -110 121 -94 -108 -88 -12 -58 -12 45 28 -8 49 -8 6 127 -114 125 84 -12 -74 69 -71 -55 56 127 41 34 41 -21 -89 11 -83 -64 -54 -61 74 98 117 -55 22 111 126 -2 4 -120 -33 -58 103 72 1 84 -43 -101 12 54 -26 -127 51 100 41 -52 -112 -61 -108 -89 17 -28 -35 67 -93 41 -54 62 110 -100 -91 -50 -19 18 -41 -68 90 -106 35 -69 63 107 -21 -43 -110 -93 -38 4 -17 64 86 -117 119 116 -47 -107 13 -128 34 16 119 1 -107 -94 -53 78 12 -20 20 -93 43 94 102 24 -5 57 29 -114 -83 -85 2 120 -54 117 -6 26 126 17 127 29 14 -70
-37 -21 75 -65 50 60 -24 12 18 -46 -9 -55 -44 -7 47 6 -44 -38 -46 73 -57 -126 116 -126 -39 -102 -35 82 69 -56 38 42 -8 32 -17 68 -94 -4 30 42 36 56 -42 19 -26 3 -48 -67 68 117 85 62 123 8 11 6 31 108 -36 -61 -110 53 14 68 -66 112 -45 -23 24 95 -90 -29 -105 89 83 1 31 -114 8 -36 -22 1 57 121 -19 -13 3 -64 -26 113 102 -65 -79 -94 30 -44 -55 -9 121 54 -118 112 -97 109 -96 30 9 116 -72 -41 87 -59 63 121 -4 -52 68 26 10 -73 -2 -39 22 50 -105 -100 113 6 96 55 16 -25 1 0 -86 87 -48 -23 3 -65 -31 0 37 -3 115 -11 -18 45 73 92 4 -111 -120 104 102 -85 -6 88 1 94 88 0 71 0 57 18 33 61 48 -103 -88 -51 8 101 -35 -3 -5 121 1 -30 72 -12 67 -117 -88 8 15 100 103 -27 -36 29 33 -116 46 -124 -115 -7 41 35 94 -64 -124 52 103 109 -125 -37 106 74 73 -119 -93 -19 -9 -10 -100 -37 -64 -83 113 48 24 51 -55 -57 -100 -58 125 -22 26 95 -39 123 76 -106 -17 71 -85 98 -35 76 31 116 116 107 26 22 -58 66 -4 108 116 66 -108 44 -120 100 87 -15 -72 -85 -106 -68 43 -74 8 -80 112 89 -37 -6 -70 106 -78 -29 -72 66 41 123 104 -37 98 40 -105 -122 -125 -49 93 -56 117 29 52 -42 -118 40 -97 124 -37 -15 39 -106 58 -64 114 -101 -19 47 55 108 3 -83 23 1 -7 -29 27 122 73 111 -103 -69 38 -1 -60 -98 -43 45 -128 25 -95 -52 35 85 90 82 -22 105 56 68 -27 54 87 -67 44 67 -76 6 118 -113 -8 -62 72 -127 -60 1 115 12 97 28 -104 -83 -1 -25 -23 34 121 -30 -22 -31 17 100 -5 25 -36 77 73 -33 -54 45 -53 68 103 97 -47 -39 8 17 46 -8 -121 69 3 -73 -1 -34 -84 -115 -54 -118 -42 32 -3 108 29 -47 -83 3 29 1 -12 124 -89 -81 23 33 118 107 60 121 93 -82 122 -81 -26 -75 8 -47 -97 14 63 86 -69 -103 104 78 45 -66 -85 -35 62 44 69 -64 -42 -99 58 83 121 5 80 -32 70 122 69 87 -119 81 8 -121 -90 -128 -13 -88 -6 23 87 38 -107 -67 38 -7 -122 16 -111 -26 -37 19 -56 -40 -101 69 30 65 -47 31 -111 17 -25 -37 -62 66 -9 35 51 -29 -117 49 116 21 35 69 76 121 109 -95 16 125 112 96 23 37
-20 -58 -123 12 85 39 59 22 65 113 -105 -83 127 -117 -86 -112 52 42 -99 -111 -89 13 19 -112 -22 38 -92 -74 2 -77 109 12 -46 105 122 -35 -126 75 -23 9 -107 12 13 85 -69 -19 26 55 -33 -56 -45 -97 74 -31 73 77 67 -57 100 75 36 74 10 57 73 33 53 43 5 -50 7 -128 79 24 125 -89 -120 54 -83 -79 -85 5 -79 -83 24 21 101 99 55 108 113 -37 68 12 47 -10 124 -51 59 -68 -89 -6 25 -27 53 -11 -8 93 -49 -35 -118 -23 -43 124 126 86 69 -123 119 -107 -44 59 -53 -34 -89 19 -123 -90 101 -50 18 119 1 104 -108 -11 23 -47 49 -75 -32 36 -105 -17 107 0 -70 104 -96 -92 114 -12 -35 109 99 -101 -109 -5 -119 51 125 -53 85 -92 91 52 87 -70 -103 -36 38 -76 -126 103 -2 111 -104 -109 33 20 -83 -19 -116 21 -110 114 -99 113 3 50 -57 116 114 27 -24 -27 -103 124 -11 107 78 -111 97 -65 77 29 93 -60 -6 -74 -99 64 3 53 -13 -43 -106 92 34 -49 16 -107 80 -23 -48 -104 -119 118 118 61 93 49 18 1 44 47 120 120 -60 101 46 -39 -114 -110 -17 -54 -114 10 123 21 -116 -6 11 -8 26 114 -63 111 78 -28 -20 -107 102 92 87 111 -23 64 -127 15 54 54 -33 78 -37 35 37 -90 77 -113 14 -91 -22 -115 -11 117 118 115 -84 104 127 -25 -117 -49 83 79 25 -46 22 33 1 39 -101 -19 47 -10 -52 53 55 117 -92 -34 31 -22 109 48 75 -35 -15 -75 -127 -65 44 52 44 -53 -93 -75 -38 52 125 -110 39 11 -35 -121 90 -108 -31 103 -31 -53 -111 -102 -107 -23 44 70 -93 61 37 -106 -97 55 104 36 51 80 0 -95 53 112 59 7 10 -45 113 81 -52 -43 111 -6 -92 -67 27 -37 87 64 9 -4 88 6 -18 -128 52 -52 -126 -50 66 94 -1 30 8 -68 22 9 -94 -121 34 -58 39 -10 16 31 62 26 41 51 -98 13 79 -80 -37 37 27 0 -25 101 40 -113 29 106 73 -62 -49 31 55 -106 37 -80 63 5 41 13 -85 30 57 -19 -14 -72 80 -60 -83 -32 -53 -66 1 -108 -15 -121 -68 13 50 71 110 -60 36 125 -111 -105 3 -114 18 83 84 72 -106 24 -67 21 -36 -5 76 54 82 -61 111 60 -19 46 122 9 14 93 3 -53 -1 1 48 119 75 -41 -71 123 0 112 114 49 -106 118 -92 -50 19 26 25 122 -47 3 -53 28 5 82
79 -120 12 78 3 94 -9 -120 -44 65 51 -24 -15 -107 -121 -4 -24 -51 -43 -11 10 82 -37 -107 100 92 -58 -21 0 -14 113 -9 73 49 -91 20 -91 -4 80 -52 79 24 54 76 -65 61 96 63 96 27 5 -7 74 -122 -37 -90 78 122 121 55 90 17 86 -54 -28 -112 -66 32 54 -48 101 -116 -9 -7 -14 -110 -57 5 6 -128 5 -25 -106 -100 45 -59 123 50 -46 91 -66 1 100 -49 48 9 39 38 114 -93 -23 121 -126 -41 -74 -102 82 -54 121 -13 114 39 91 25 16 -111 71 -85 53 -105 1 -122 -84 34 86 -27 -90 -80 59 52 -23 -68 125 -21 -30 -58 -73 61 35 30 116 -79 -82 14 -78 21 -103 -49 9 105 -99 -49 -12 -54 6 -102 95 -122 77 0 74 -59 101 126 -18 95 -108 29 -32 53 -71 12 -98 12 111 -65 18 -86 -64 24 97 -73 -12 113 56 34 -65 9 5 42 68 -110 76 -15 101 119 50 -62 -47 -77 -23 100 -5 -124 43 29 79 68 55 -95 -55 79 103 110 -25 -74 -48 86 52 44 -85 -84 -21 -7 120 49 22 106 6 45 98 9 43 -44 -45 53 -18 115 -41 33 -12 -70 122 27 38 -110 -23 17 -111 -89 88 107 78 -69 75 108 -63 87 -2 -53 -88 -56 -59 -26 117 -36 88 20 -72 -46 -71 -23 10 -50 -68 126 122 -60 -90 115 98 -102 -104 80 82 -16 -97 -56 -25 46 -1 12 -116 82 36 -100 1 -62 94 102 67 -38 26 65 83 -42 126 76 -82 121 102 89 -49 71 33 64 -61 -36 115 -27 -85 -45 -97 21 23 44 -3 1 -24 23 19 -69 122 124 -23 110 -4 61 95 88 -19 -89 -72 -104 77 -11 116 -56 -116 -53 -89 -95 -44 126 109 56 73 -85 -62 -110 -106 -34 26 -110 -55 85 104 -50 69 -69 8 -114 -115 -38 -74 9 -55 -116 70 -25 40 -69 -38 78 88 -19 -49 74 -56 -23 -10 -18 -127 107 88 -111 -28 -125 46 -41 117 -46 -90 -47 23 -35 -117 6 36 22 -62 -94 -105 -8 107 72 -104 110 108 -50 -32 -80 -77 -45 22 -13 -115 108 67 -70 73 20 -33 1 -44 115 -8 23 106 -37 60 88 -62 -115 -23 -84 -128 46 -60 -124 -128 -100 -69 -96 99 65 -38 58 1 -52 14 -71 -32 80 -66 99 -75 85 -32 -41 -39 123 13 -69 -120 -112 -51 101 55 45 26 -5 -82 -91 -42 -76 -84 -89 110 -115 -10 -48 -28 -92 -6 -25 -9 -23 123 -117 65 124 -111 -29 -13 44 -69 61 -47 61 -49 119
-52 85 -72 -19 -85 4 -116 -63 -107 86 42 -67 -61 106 34 41 -127 3 -89 -1 28 -77 14 -124 -81 -78 -77 -53 -97 -49 6 -107 -26 66 -24 86 126 -21 126 65 4 109 63 76 18 -68 3 71 -30 16 -20 100 95 -30 73 -6 -35 -98 -44 39 -39 -2 -93 72 8 29 36 -69 -34 102 27 18 -91 -50 -25 116 -83 -27 -84 55 113 -43 114 38 114 -101 -100 -101 -32 -14 74 0 100 69 -16 -15 84 63 15 -30 -43 55 -19 -12 -31 120 -107 -72 -100 122 57 80 123 -119 50 -18 -51 -128 12 -39 -81 59 108 -57 28 74 -72 -120 -74 107 -35 60 82 110 41 16 -109 -108 13 -112 -13 -12 -35 77 -36 117 22 20 26 121 16 -67 122 71 -87 -94 109 -72 -35 58 36 -13 -83 -66 -112 -19 38 47 -59 32 21 -101 -55 39 124 31 -64 -36 -75 85 -47 -39 -3 -110 17 -121 25 9 65 -6 44 -31 -105 0 -37 3 77 11 -128 -85 -49 -112 74 76 -87 93 15 -40 126 108 26 112 -73 62 -22 65 -95 51 102 -81 -83 -18 -70 52 1 -2 -62 89 -95 -123 19 -25 -19 115 -30 -9 -90 15 48 72 113 91 123 -59 92 -25 -38 42 -20 18 60 -30 60 -30 -53 -7 76 123 -89 96 83 116 76 47 -46 -10 50 -41 -93 51 25 -22 -94 -29 -99 92 86 74 74 70 -61 -42 -113 12 69 85 94 -52 114 -66 -76 -22 -47 86 -112 106 55 -126 100 -122 -97 36 19 -87 56 98 90 38 -19 29 -4 -119 -101 25 -96 -117 -47 -43 -100 117 -5 -16 -115 -101 24 -12 123 -112 120 58 -14 55 22 2 -61 62 -38 94 -111 0 85 -73 -80 25 15 9 124 -69 63 -124 101 55 -70 63 -45 -126 80 108 -4 74 92 -118 -92 -103 -56 41 -90 -75 79 -101 -72 -70 26 -87 -4 0 -12 -55 94 33 113 -116 58 58 8 56 115 91 -5 64 -7 -82 -89 -112 119 -58 103 82 59 -89 -84 84 -99 114 88 36 93 18 68 -95 21 -79 9 -87 -120 65 -118 82 -4 124 21 -42 15 -13 17 22 -61 -53 -41 -106 77 -110 77 66 51 -65 116 -35 -99 -53 -13 125 83 -78 -3 -46 82 75 -113 2 58 -78 102 -25 4 4 -96 4 -42 -87 -68 -42 -40 30 53 -107 -66 -27 -44 -43 -109 -18 -118 5 12 -102 27 -54 86 57 -18 53 114 123 -49 -118 -50 53 -122 127 -53 13 -6 -71 -1 -122 -14 -39 3 -16 -80 -93 -96 98 -14 15 57 -95 14 122 47 -86
118 69 -26 125 118 69 -73 -36 -50 -59 7 -120 7 -11 -20 91 -14 31 -45 99 -21 102 -71 -46 -27 1 -12 69 -97 98 -33 -17 -5 -3 19 -6 -104 84 -79 -20 89 29 17 -79 -93 102 122 46 106 78 -97 56 -125 -68 -26 -108 6 -128 75 79 61 81 -117 -70 122 -7 55 -87 -27 -4 -88 24 -65 -56 110 78 105 -74 -104 -49 -3 -41 -97 37 7 -17 -47 80 -109 59 -93 -83 -49 -15 3 -122 -103 -29 -74 -111 -24 -50 -18 80 -122 -98 101 106 38 27 -114 -102 49 -44 -105 -36 99 66 43 48 18 -92 75 -43 -80 -115 -64 60 30 -62 90 -119 98 14 -84 -117 48 87 -105 -52 -64 23 24 -17 -72 -94 64 -80 -111 -80 -97 23 8 10 -75 88 91 117 -66 -102 -111 -108 63 -73 108 -17 110 -122 55 65 -24 -122 -23 113 117 -8 -58 -29 -28 53 116 76 -88 -33 -56 -75 97 1 -58 11 -43 -106 38 21 -20 104 -8 -73 121 -117 -97 -1 63 7 -20 114 -6 -26 -16 -62 64 16 -5 -13 -37 -80 76 -68 -56 -101 -124 102 86 48 -40 -29 -92 -17 -99 1 -111 66 97 -26 -14 43 51 -123 25 -60 -105 -30 -69 -20 -13 -109 64 -46 -67 -120 -63 -128 108 -74 99 -37 -94 -93 -8 -121 26 -89 86 122 -81 97 19 90 -54 -72 19 51 126 -110 -43 -88 -74 25 29 -100 -97 73 -103 -127 -98 73 -106 122 110 31 127 105 -40 -128 -35 41 32 36 97 -124 30 -7 -126 -114 -59 99 -45 -24 46 114 113 -95 18 -96 70 110 -16 -55 8 -46 -118 -107 -1 122 118 79 -63 -16 -105 26 -10 122 8 27 -60 -75 -26 -117 39 -17 -105 -12 -125 -101 53 -115 -37 92 95 91 27 26 -60 94 89 84 35 79 -93 -73 85 -101 -26 -92 43 -91 3 40 85 120 60 -48 30 64 109 -65 -76 99 -21 22 -18 -37 83 58 29 1 98 4 -89 23 93 -94 4 14 54 -35 4 9 112 113 79 -18 26 -119 -23 93 101 -112 -85 -85 120 -122 108 66 -59 -95 80 -114 -113 -50 45 41 24 -52 -7 57 -46 -125 -80 13 122 15 -101 8 -79 48 107 121 -84 71 -109 112 -72 82 -53 47 -16 94 46 87 109 94 49 -4 87 -28 -27 -28 18 -37 91 24 32 -117 -52 -64 -44 15 116 -128 -108 -45 110 121 -24 -41 -55 81 4 39 57 -83 22 103 70 22 101 -120 -29 124 -96 20 88 17 10 -92 91 -112 34 108 84 -90 112 32 -11 -8 44 -86 -34 47 75 -13
72 81 -113 -41 61 -103 75 -22 -19 111 -116 -8 35 65 -94 -73 118 -96 -30 -13 15 -106 102 15 -4 24 -62 41 -23 50 27 101 -53 -113 -95 -45 -87 49 116 41 114 80 -57 -73 60 -3 -81 -83 119 19 71 49 103 107 -117 -103 -74 67 -80 -36 102 -65 42 40 -36 62 41 63 -115 8 -60 8 39 20 -101 36 35 -27 126 -61 -18 76 7 -44 36 -111 -57 -15 89 1 -32 118 -46 64 87 117 79 -76 1 39 66 19 -40 73 -125 -62 -85 -79 47 71 -35 -98 -32 106 103 61 90 32 -56 4 -43 -29 -93 72 64 -6 -4 8 -55 58 -52 76 -39 -45 -30 -101 65 122 -80 84 25 47 51 -67 4 125 -7 115 81 -11 -92 127 118 -93 44 -84 100 86 -124 -125 8 -78 117 64 -106 -75 -98 2 14 66 -112 93 -67 105 -44 4 -68 -90 104 -100 -91 85 -60 70 -96 -77 -108 -58 -74 -37 -97 50 -53 32 94 65 63 100 125 12 -92 86 119 33 37 73 -57 93 46 -52 -53 0 18 -86 -72 87 71 56 -124 -104 -110 -11 53 104 -35 -45 -113 120 -101 -57 18 22 -65 71 49 79 65 -69 90 -3 -105 -21 81 -104 -122 -70 -21 89 75 -31 75 13 -19 -64 -71 -62 -98 63 96 -82 -95 48 -27 -101 83 125 -121 13 42 -116 -33 -2 41 26 4 -78 97 3 -52 115 -105 76 -45 120 -56 -118 73 83 13 -43 -101 -81 -67 -32 27 -66 37 20 -110 -99 -58 -20 -5 -126 51 101 -81 85 30 94 17 51 124 63 94 -48 -82 89 -66 -117 80 -37 78 24 -60 -72 -119 -118 -41 18 -103 -12 85 69 85 -73 47 90 -79 -116 -37 6 2 52 -113 -108 -9 20 -17 90 -109 -12 -17 -91 96 -74 43 -105 -82 94 -50 -55 -33 51 -13 126 91 -53 58 42 -38 -78 -38 -73 -35 -79 36 -87 122 41 43 94 21 1 -108 -54 41 40 -81 -97 40 -15 -83 50 -57 -76 -114 -44 -128 -74 91 63 5 13 63 26 121 -12 -84 -112 53 -79 -13 27 84 -2 82 -84 35 72 18 113 -122 -56 16 22 81 22 64 -99 -13 -94 -19 -25 -10 -118 -37 26 -100 28 37 123 -104 87 22 24 -41 78 -35 46 97 -8 18 -115 -84 -63 -12 -7 -85 -59 -78 -25 57 -111 -117 -47 -31 -92 105 -51 -66 -34 5 -119 -128 120 -34 57 93 -117 4 -86 -4 -74 44 76 87 -73 -47 30 59 -116 50 -50 15 32 -88 17 -12 -96 61 -1 -85 -51 -114 -17 -101 0 82 -122 12 56
117 95 84 -119 39 -20 95 -18 -33 101 25 -35 -123 -118 -119 4 44 116 -112 -123 -121 -127 116 50 -52 -83 -123 91 -36 4 -109 20 -54 -12 6 76 74 -45 19 59 -125 -128 39 36 79 13 -43 -57 126 -43 -20 79 85 -28 39 98 -66 77 -85 -67 87 55 -103 115 33 -12 -76 -82 -80 60 -123 12 -115 -33 -93 54 -32 38 64 -71 -38 34 83 -56 -127 -116 15 48 32 -4 6 -15 92 58 -121 86 28 -5 35 86 -47 41 -27 -81 106 68 68 -6 121 -66 88 -46 6 -85 48 118 -41 7 -27 -100 107 -58 0 86 79 58 41 -43 -104 0 23 112 50 -56 -21 87 -98 84 -119 -60 64 -110 82 91 111 -27 -22 -16 -88 114 -128 11 -82 -76 -101 49 39 117 -119 63 87 -111 80 43 -91 -71 -70 -36 -126 58 -14 -23 -36 -115 120 47 -62 -98 37 -72 -43 84 -97 -14 92 -60 32 -57 55 -50 -65 106 12 -48 76 -73 -31 -1 -8 -121 12 -88 -110 -35 7 -19 47 56 45 -83 108 91 34 -6 4 22 -79 -88 119 -34 -106 120 -83 -31 -24 31 55 111 -88 -124 5 76 -44 115 42 -120 -111 102 -67 -32 71 -16 -32 17 103 -126 -110 -126 66 67 -60 114 -80 -109 92 -108 112 22 44 -26 57 -22 72 -83 -47 1 65 114 13 -54 37 -52 -93 -23 -26 -115 -124 57 -119 95 -78 4 -99 107 -88 -1 68 106 114 -11 -110 -61 47 67 111 83 -76 -128 -27 3 100 32 -117 -112 -32 -36 -3 101 91 76 100 52 0 113 -53 87 -2 62 -92 87 13 2 -19 6 -44 45 -44 121 76 114 -36 -97 -73 41 -15 30 -93 -125 -32 1 -98 78 50 43 -3 72 94 56 99 122 22 -122 26 -23 -95 66 126 61 124 -109 -56 -30 33 -108 -78 1 17 -70 109 -70 66 -122 123 -58 107 -32 -34 -22 -30 54 -35 -32 61 -1 -70 -23 -78 -21 122 122 88 -77 7 95 66 -23 79 45 60 17 -78 12 -76 -24 -54 -90 127 -34 -33 -8 -107 -44 -46 -101 -22 91 114 56 -81 1 -29 -119 -88 -93 62 37 69 93 5 -110 -126 -79 -109 -54 -102 -58 -27 -120 74 -124 -68 111 67 17 36 -68 -110 -79 -127 117 -126 -40 -60 -39 98 -3 -102 91 117 28 -47 116 24 -117 26 117 121 108 -38 85 89 56 -75 4 45 -41 -65 100 105 -77 -82 -3 64 -48 84 22 29 -13 94 39 -74 96 -12 110 80 -100 -118 57 90 -124 -116 -45 17 -104 15 4 1 -44 -46 -56 -12 22
-53 -25 26 -87 -122 -97 12 -113 -14 -81 -48 -110 -19 45 -18 -37 68 -93 85 -6 54 113 -23 27 -72 -42 -52 -78 120 -2 64 -58 -108 86 9 31 127 92 60 47 83 54 12 16 -124 -72 61 51 -38 45 20 -48 -124 113 67 -40 104 -63 -123 97 67 24 19 -38 14 12 -65 109 -120 -59 -52 62 127 64 21 -52 -87 -101 -126 121 57 -62 10 -112 -100 32 -60 75 2 9 -128 -78 122 82 -51 58 21 101 -4 104 -69 50 94 33 -110 5 21 -107 93 -51 -5 116 62 -127 39 -108 -70 -123 121 118 36 121 110 -86 -100 -79 -75 -76 -62 117 -83 74 -69 -110 67 19 -121 125 107 97 95 105 127 -87 91 -68 -44 119 -60 103 -85 110 -59 -54 91 25 -100 13 89 -73 39 27 6 -25 46 65 19 -97 -12 -31 91 106 125 -19 -60 52 -43 -120 -86 -116 99 -104 47 -102 -18 33 100 -27 107 118 124 -90 -73 99 30 -95 -1 105 -114 -36 81 112 -91 -71 71 92 -34 78 50 127 117 113 64 -40 -91 23 -101 -52 56 5 92 -86 69 64 -127 -103 51 66 4 97 -16 76 70 87 -65 -47 120 -54 -35 57 55 -41 50 -43 3 82 64 14 26 125 -81 -65 84 -7 -6 26 115 -118 37 -113 -63 -18 38 100 104 101 100 -93 -111 -58 -86 -6 9 0 -119 -63 14 -113 66 -69 124 77 27 123 53 -104 34 -95 74 -80 -8 78 -50 102 -9 31 32 -45 -21 80 126 -71 -66 94 96 -64 -115 61 -4 46 42 61 -10 -121 44 -73 57 -53 -31 -7 115 35 55 103 -118 62 65 31 -123 -40 -44 -82 74 -122 106 -31 -57 112 -99 92 111 24 -34 42 -11 -7 114 -115 -112 13 -44 115 73 -89 45 -94 -24 -24 97 45 -30 94 -106 -122 -45 28 -49 -31 28 -107 118 -120 -24 -125 -37 -49 76 122 110 -113 -77 20 64 38 -99 79 -123 26 -29 110 52 -45 122 -50 -107 62 -82 2 21 -121 26 91 108 93 -46 35 -98 -1 -49 -8 43 -15 -23 -55 -63 42 -5 93 16 -29 54 -66 21 20 -82 24 -46 -18 -91 57 126 81 43 -25 86 103 51 10 14 -3 -7 85 28 40 -88 -89 16 72 79 126 0 35 -99 -70 94 -10 86 109 56 110 -104 -81 -117 51 46 42 -29 115 109 70 77 96 1 23 -21 -53 106 -52 -17 -99 -123 63 45 10 115 122 80 -76 -37 94 -65 54 -55 67 -93 10 -51 27 61 2 -22 6 -35 -7 51 120 116 73 117 76 -90 49
-73 -64 20 26 -93 69 -105 123 12 115 -29 -120 -102 -97 -4 65 115 -105 51 -14 114 -109 -75 -11 -39 115 26 -112 -126 91 -84 82 71 45 28 79 24 -16 -20 -24 98 98 52 123 -128 126 -52 -21 111 -23 49 104 124 82 63 80 95 95 82 71 70 40 64 46 -50 58 28 -65 127 59 37 84 -21 109 121 -107 -118 10 71 -96 -55 109 5 17 -93 -94 -15 -112 53 -68 123 -118 78 -38 -87 51 -80 -103 70 -54 -46 55 -99 -110 -125 -6 0 -36 -77 -76 116 32 -23 79 92 -46 -70 110 -107 -58 -38 22 126 -77 -1 63 114 67 -84 -106 -121 37 71 13 69 -69 -114 110 41 22 71 -97 -98 -73 85 107 7 29 16 25 -107 -28 -117 -83 -116 84 -106 60 112 36 70 19 34 -5 43 8 68 14 -31 21 81 59 -64 -85 3 -108 33 84 -107 38 -56 63 -61 -111 15 44 -3 115 -77 -20 80 108 -28 87 -31 -64 -92 2 17 111 -111 103 -7 5 -103 -124 -99 -6 126 -26 117 -95 -67 106 51 -68 -17 -108 11 21 -107 63 52 -18 -77 73 68 84 5 -35 -46 100 -3 64 -85 97 51 22 13 -44 -14 108 101 69 -83 -15 21 115 -38 18 93 -17 -45 -55 66 86 -15 -25 57 -98 93 25 73 13 86 4 55 22 -99 -17 87 -73 -54 -13 -6 -91 -123 43 -101 2 -12 92 2 2 101 -112 -43 -38 74 -39 124 -16 30 -96 -21 55 7 34 6 87 123 -121 81 109 26 116 37 -22 -28 95 -72 67 -53 77 -58 100 -67 65 -110 1 50 37 -123 -7 -104 -10 106 121 -80 1 66 118 100 64 107 28 12 -31 -122 -10 -83 19 31 -111 -27 92 -8 -65 71 89 69 79 125 -47 103 -70 68 121 -89 -7 -73 92 -126 54 -90 -56 85 -42 8 18 117 6 83 84 67 88 -63 -73 -50 -11 -77 -24 121 -108 66 16 24 -58 -30 88 -115 36 21 -80 -103 56 71 -1 -86 -27 -18 -53 -75 2 -86 -126 84 -6 122 37 52 118 48 -27 114 -48 -42 59 -69 -60 -28 65 -17 -50 -65 -65 15 -115 21 -74 49 25 -104 102 -53 23 -33 47 -67 114 -52 -34 -84 112 43 107 -127 20 7 52 61 51 95 26 -24 -112 107 -42 113 26 75 -85 109 -55 -64 102 109 -122 50 -91 -120 -42 106 -83 11 -69 -83 22 111 -69 -3 87 -35 49 60 -44 -101 47 -44 -85 -97 16 -8 84 65 19 7 -89 -31 -16 3 -119 46 126 31 -26 -120 37 -32 2 119 78
-70 109 -101 -68 -2 -78 47 79 -102 80 -107 40 -125 -46 -4 -111 -11 44 -43 -118 63 6 -98 -34 37 -15 15 -100 -27 92 37 8 -20 -15 -120 -20 -39 28 -80 -127 68 99 103 -102 -65 -115 5 88 87 -65 29 -82 7 -20 -95 64 -36 22 75 -47 -114 -116 125 87 70 -16 36 -107 90 -56 59 72 -62 -112 -78 22 119 -119 10 -116 0 -17 109 122 86 -44 106 -32 -106 6 82 -53 77 2 -55 -73 -72 76 -4 -72 -9 37 -78 -28 -67 71 -61 -52 -115 -106 87 -9 -88 -113 -113 -6 -98 -88 124 -6 -98 85 45 16 67 4 110 24 28 -14 110 44 -53 -68 124 23 102 -101 -38 -60 74 -39 109 78 101 11 63 -84 55 -79 -71 -122 27 -30 104 -59 -105 -106 86 -12 -107 -60 88 -97 -49 -68 68 58 2 -115 -118 -85 94 -83 28 112 56 -24 -42 110 -20 126 -6 -128 113 -81 48 -100 -23 3 109 88 -98 -60 -17 -86 119 -20 104 -11 60 90 -50 110 22 95 -98 21 -38 -22 39 -14 -5 -11 109 90 114 90 61 49 -11 122 -87 -127 65 -41 -80 68 -103 -124 -20 86 -75 -99 -119 7 -104 52 83 -80 54 -9 -87 -56 14 -97 92 -85 38 47 -69 105 36 29 -120 126 13 5 121 52 -64 55 -124 -39 -106 -63 -27 21 27 -61 43 -120 -10 -31 -71 20 -11 -111 42 -68 59 9 -126 -27 -105 76 -88 22 2 111 -34 -94 57 -74 97 -128 53 53 -45 -108 47 97 -108 79 53 -108 21 -35 125 115 -110 -59 -109 -80 -93 89 -23 53 23 8 92 25 98 -108 3 126 -110 -4 4 81 50 -25 -61 -47 -105 16 35 -106 -65 -6 54 -84 -112 -30 70 -37 6 -112 -41 118 -63 36 -57 -106 34 -56 89 44 -37 86 -5 95 -119 -7 -24 114 47 55 -43 -127 -20 -33 -38 -106 -98 -33 36 -112 -99 -79 11 -15 14 119 108 58 -89 1 95 -41 -109 -38 78 21 -88 -97 41 -19 42 -87 29 -21 123 61 42 63 43 -94 29 -55 61 -40 -69 120 30 -12 -49 -88 -117 44 -22 64 -105 -31 -127 44 -52 -42 31 -16 45 -90 4 -68 -75 73 112 -125 81 -116 93 -83 1 -57 101 116 40 -48 99 87 -116 -105 36 -19 -55 69 123 -110 -52 90 -77 -49 70 -30 -51 -84 123 -100 -50 96 -63 44 29 57 89 -39 -39 106 -60 -122 19 14 106 116 69 36 23 38 -110 91 -58 -117 -105 86 -93 -24 80 -46 105 -8 -69 -91 -53 -110 -116 -105 11 -56 -119 -99 -57 102
-63 71 -89 102 2 58 91 -35 22 -114 -83 -6 22 65 -2 39 -52 62 66 91 65 -78 -58 1 35 -28 -1 -84 -53 46 -95 -1 42 50 11 16 36 -100 -4 -30 -127 3 117 60 55 14 -77 18 100 -52 65 29 -106 46 -107 104 -98 115 -88 84 42 27 -77 -88 -34 -10 15 68 69 -128 -64 -38 106 -110 17 -105 52 -54 67 -59 -35 33 45 72 71 115 24 -117 43 -104 21 -111 -117 -88 -3 -125 16 -81 -65 4 26 -30 -32 -50 -42 -102 -36 -56 -57 -46 113 63 65 -63 38 80 -14 -117 33 25 49 -104 74 -70 -39 20 42 3 -7 -47 65 -20 -68 3 67 -61 -9 27 -117 33 79 -28 118 54 105 -87 -2 -108 83 -103 60 -47 -86 -33 -91 24 109 82 11 -9 91 93 -120 25 81 -91 45 44 -51 -13 74 -44 31 -80 -124 102 -97 85 -6 -34 57 -8 111 56 -62 63 124 -97 122 -5 -65 31 -30 -44 -98 72 110 126 108 -30 82 106 -52 -91 30 -13 -26 82 33 35 53 29 103 61 -84 -105 29 -7 97 45 77 73 -102 -77 -62 -102 -10 -2 -27 -48 50 92 -61 -109 -14 72 114 -19 20 15 57 -94 43 -115 15 69 -60 53 -32 94 63 59 -127 -82 -49 -25 -59 -103 -78 -49 70 -36 -92 62 110 34 127 -77 126 -32 -47 -31 107 -6 -115 -103 110 -128 -19 -57 -5 10 72 -79 -58 43 -73 -85 63 -12 -103 -13 -76 52 -106 66 9 -69 52 -66 -27 80 -59 -20 -30 82 92 92 77 119 8 -5 12 -25 102 33 119 68 103 23 42 105 10 34 86 -59 92 -78 -51 72 108 -24 -59 -56 -99 -36 -123 -91 -21 32 7 98 54 80 -109 114 78 -26 -101 -117 -72 -70 -30 79 -48 -82 -110 1 -3 -57 103 -64 43 -34 10 63 -93 -68 -5 46 74 39 29 95 49 -18 -25 -62 -114 -11 -118 112 -69 99 -10 -53 98 27 -105 -84 -96 -51 -115 -74 65 11 121 -121 -105 -109 48 22 123 60 87 -35 -53 -90 -8 84 12 -16 21 99 -20 115 127 50 80 -74 -89 -127 -61 104 -112 49 74 124 -79 -102 76 1 92 -56 26 -98 -33 121 48 -100 -28 110 110 -61 84 -83 -53 39 67 -67 -53 -115 -96 19 -59 -83 -120 -96 7 125 121 38 12 66 -9 114 -88 -5 -21 89 -25 -47 32 43 -46 -73 38 46 -123 70 -38 38 -86 -26 -119 -21 109 -50 27 103 97 1 -101 -127 -19 20 -72 -48 -20 4 111 81 118 72 110 -126 -50 -29 72 62 8 80
-126 -24 48 -101 -56 -113 34 -71 -66 -56 -104 23 6 69 66 -90 101 -28 109 93 -86 -109 107 72 43 -45 -90 101 87 -36 -10 106 -40 107 -75 -51 51 0 -44 57 -97 -11 0 -85 -27 88 40 95 -58 -58 124 -125 33 16 86 -114 -97 -110 -47 -72 -16 -90 -61 47 37 84 70 -31 118 53 64 -107 -80 -122 -64 7 81 44 67 95 -105 16 65 17 -111 -54 -5 -5 -82 -87 -108 -32 -76 -74 3 97 -104 -33 78 -8 50 -9 16 -48 24 33 28 83 22 -90 33 84 68 -60 97 -56 17 -33 114 -36 -48 74 -75 -48 -14 65 49 106 96 95 71 99 -102 -41 115 75 34 -2 58 12 -28 -98 71 92 -41 -1 77 -7 3 -60 -118 -55 44 -46 28 -121 -28 24 19 -23 60 -91 59 39 72 -9 25 -44 -63 104 -11 -55 -74 31 79 82 -97 81 -27 111 -78 -70 103 -98 -102 -103 -60 77 12 -111 6 -80 -111 70 109 -103 -32 -8 -30 -124 -41 54 -95 50 97 -85 17 10 32 -26 -87 87 44 -111 -52 -27 -3 75 43 36 15 -101 -16 19 -91 97 -105 41 -60 112 37 1 -76 68 -90 8 -119 25 -75 -18 -121 34 39 78 -16 36 96 30 -18 -94 98 -116 -19 -42 28 -83 116 61 -44 16 79 -126 -15 65 18 -96 -120 1 -54 3 8 -40 1 100 37 -19 -67 -67 -57 17 -89 -103 91 30 9 16 111 -23 -3 59 -39 28 80 -115 -89 -55 41 -44 -9 70 -57 -126 98 -109 -51 31 -112 3 127 44 32 -88 -112 -125 -116 -36 -33 79 -121 -1 -46 -41 106 2 -7 -57 88 -100 -10 -5 94 -125 -33 56 -99 34 -20 -94 -65 -49 -6 117 103 87 41 -120 65 69 117 8 -102 -58 107 79 -33 57 77 29 -59 65 31 -32 -60 120 81 82 -72 -8 123 -48 -51 26 126 -88 -47 -78 -49 109 0 60 116 92 51 65 -15 -21 0 92 93 -45 -116 59 117 33 -32 -26 -57 81 -11 107 -63 63 -26 71 -38 101 120 54 0 57 -125 -121 57 -89 -45 118 28 -14 -110 22 73 -106 96 -76 -117 -121 76 87 -73 -26 -12 -20 -35 99 121 -1 -88 -58 -45 -23 -23 -68 -78 -96 -104 47 -94 -120 103 89 -121 114 67 121 -32 -49 68 -92 13 109 -41 21 106 -58 49 -105 11 110 71 -69 56 44 76 35 74 17 88 -34 111 90 30 109 -60 -31 -42 -67 107 -48 115 -25 -76 104 -119 -56 37 64 85 69 0 -45 62 81 -48 -117 -79 74 21 0 106 -120 86 -100
-49 26 -7 8 62 -78 61 33 36 22 -65 49 90 51 -93 -63 61 106 -11 91 77 -31 107 103 16 -116 -44 -24 45 8 30 93 113 48 7 -34 44 -6 92 -104 -30 70 -9 24 -74 -100 101 -110 -15 62 -61 30 -116 123 43 -94 3 -75 -54 72 77 -49 98 70 126 77 45 -24 -54 11 12 32 -71 -114 -96 98 105 -29 -78 -111 -61 -11 124 7 13 24 97 21 0 77 -58 -69 111 64 -51 -62 48 63 -93 -34 110 -26 -47 72 -41 1 13 16 2 -127 23 48 -78 -59 -106 -17 53 89 29 -125 -114 -29 -31 -81 -47 -85 81 -53 31 -81 -9 29 -60 32 -28 64 -109 -53 -74 18 -86 52 104 115 56 -16 -98 -71 -91 6 64 -107 64 -34 49 92 9 58 19 127 74 -5 -46 58 -31 77 61 31 54 68 -89 -18 -67 28 29 -118 -102 -48 31 84 28 20 38 40 99 127 -112 -82 42 -114 105 -26 -29 -29 108 5 98 42 -121 40 83 -102 85 21 1 111 -80 -65 -38 120 123 -55 19 -106 -91 -86 95 49 -94 29 2 -63 72 -119 -52 -40 -2 -28 -93 -57 6 24 -16 -85 -10 71 -77 -67 -106 87 34 76 -54 -112 66 123 -51 -21 -96 86 83 118 124 -72 52 69 66 -76 -56 95 104 -69 -123 69 118 53 -107 52 -66 -86 58 -10 39 57 92 66 -6 127 33 -22 -53 35 53 104 -110 -126 -3 -66 86 -111 -65 115 -90 71 71 106 -22 22 -29 116 7 9 108 -79 -100 85 -86 127 2 43 -109 44 10 44 -103 40 73 37 -49 59 -97 120 15 31 57 22 -38 -121 -115 -5 108 -60 83 -30 -74 -124 -113 -65 30 127 -71 69 51 0 33 53 -102 -106 -119 -124 -66 -50 12 -34 0 83 -93 -48 81 -32 -75 26 -25 -73 105 60 -103 82 -7 67 -12 100 -16 -74 -62 110 -99 49 125 -79 114 97 60 28 1 23 -13 119 41 -48 -5 -56 51 112 14 38 -7 120 26 101 -119 25 35 -32 -80 120 94 -73 57 17 -21 -13 -127 -15 -78 -124 -123 7 59 -91 -19 93 -117 -107 2 -30 68 6 -6 -71 -126 37 70 -15 -89 120 -121 -90 -94 39 75 -116 11 98 3 -91 -27 -1 59 -121 -106 -53 -121 -111 69 -31 112 92 -69 122 31 84 -9 -119 -101 109 -59 118 -68 96 46 -95 103 -14 110 31 -49 68 -12 60 -82 -47 -59 62 -103 -95 103 73 -88 -17 -43 -10 125 -88 57 -94 63 61 37 122 36 74 28 -80 -58 -116 -126 -60 -106 54 86 -55
-44 -127 -128 92 -119 -6 -117 -14 -125 -9 23 126 15 111 74 -26 -27 -68 71 105 -90 -54 59 127 13 -29 -35 -54 -79 -67 -37 -70 -55 -113 -93 -66 -73 84 -84 111 -82 69 -47 -35 -11 84 88 -70 111 91 -86 -2 69 46 -89 45 123 64 -78 38 28 38 -126 78 -97 -38 122 -62 122 -33 90 -35 98 -98 -89 92 -54 79 -115 -51 19 26 -10 -110 71 9 94 -37 122 -114 -103 -89 121 110 -79 -125 127 16 -89 43 -66 66 90 98 -1 32 -43 67 -29 56 -82 -80 -61 56 23 -3 -71 10 -24 -90 -96 -71 78 48 -116 91 72 -38 62 -99 -71 -94 32 -33 -95 15 -29 4 -45 26 96 -40 -26 57 -96 80 -6 87 -9 70 -95 43 66 -97 40 -6 -21 33 -114 -16 -52 -82 43 7 23 80 70 -116 -69 -123 -125 8 87 -85 116 54 18 -118 -8 -103 9 106 27 36 23 8 -97 -46 111 -59 43 -87 -54 54 1 -109 7 -105 -92 50 42 -36 22 96 17 -50 -86 37 86 -6 -83 -34 -66 127 99 -81 68 -93 43 102 -1 -43 79 78 -49 101 -2 -86 42 -95 -70 -80 -24 70 99 46 -59 1 -37 -13 -126 -5 -113 -3 -93 -100 93 -52 25 -11 103 -77 92 -91 -66 -30 -30 -76 123 125 -27 -5 -51 -40 89 -86 44 57 -10 -54 -2 21 119 104 -38 -10 81 104 14 54 -63 23 -126 -97 -33 -56 -102 -60 -119 86 -63 -23 87 52 -18 89 -3 -5 -94 33 84 -110 -90 69 -1 34 -2 -38 -58 72 34 -100 93 -23 -84 32 -47 55 -109 112 52 -84 13 122 -61 117 127 24 105 -93 -108 -98 -29 74 -99 -37 96 40 -61 -44 121 -77 81 5 -67 66 -38 -42 -3 92 -104 -24 -28 30 82 21 22 11 -115 76 -82 56 57 -14 43 117 70 96 -24 72 -100 -85 -50 -109 -22 107 -78 11 30 -92 -119 -100 -61 48 -17 39 98 39 -14 100 -96 -71 -118 101 62 48 -113 86 55 12 -125 -52 94 13 -46 -3 -73 88 22 69 -1 -60 -50 -73 51 61 9 -33 119 -108 91 -79 -1 -43 -59 -75 -25 -71 95 -119 85 95 -119 -43 15 -15 4 -59 106 79 -119 56 14 -84 34 102 118 -57 -94 -15 26 83 -21 36 -81 64 70 -93 -35 47 73 -68 -73 68 122 43 -127 107 57 -126 -46 14 35 -109 32 58 -9 20 -63 -10 117 -34 -34 109 85 -74 -116 114 40 25 91 -43 44 -47 62 -66 -86 115 -18 -18 97 -126 4 107 -16 22 -72 -62 -11 -42 -26 -124
-104 -80 78 -20 -70 -124 29 17 -60 -71 -88 -63 93 -101 -108 -5 33 105 18 -42 -54 -62 53 42 -6 -15 12 -63 -81 33 46 22 -90 -90 2 -124 -11 4 -5 13 104 -109 55 12 26 -61 -103 -119 92 -83 78 -25 -128 -55 0 5 -9 82 74 -73 -14 -40 -5 32 -123 -43 36 -65 -11 100 -55 23 -51 -12 105 -86 -37 -5 107 71 45 112 21 84 -74 -123 126 -98 -52 -59 -31 96 -67 -21 -91 -54 115 59 111 56 -72 126 96 82 14 -66 -114 63 -19 -63 12 -127 81 83 -17 -73 -92 -104 121 -98 -65 115 -119 -90 -110 12 -46 -10 79 67 -105 8 -82 -91 57 -91 77 -28 0 65 32 -1 84 -35 69 -60 125 -95 -103 41 113 -43 -100 116 -17 -92 65 -52 -29 -69 75 -16 27 30 -19 0 77 -60 -37 -97 -54 89 -107 122 83 81 120 31 91 -39 11 24 18 22 -5 111 32 -113 125 -99 -89 114 22 72 -88 -67 -110 69 99 -88 109 86 -29 6 -18 41 -119 -11 -40 -99 -26 -99 -107 -63 107 -71 -102 42 10 -67 49 -54 40 98 107 102 -44 -21 118 79 -98 104 35 117 110 82 -40 -53 -1 126 -73 66 52 63 -77 -128 -24 123 -112 -113 77 56 16 -16 88 47 19 -73 24 102 57 -83 10 -97 -23 -9 88 72 58 -85 11 74 93 127 -74 66 121 51 83 98 99 80 -119 51 -104 42 -81 -54 -46 -60 81 -46 -125 -128 -17 18 -31 58 79 -116 -13 56 10 -21 76 -37 -55 -76 -127 13 94 -63 -26 122 48 -99 1 -45 -40 -94 56 -73 -42 22 25 -114 3 -95 36 9 -42 87 -96 -17 17 92 0 34 113 -121 25 24 -86 61 90 78 -61 89 -116 -44 17 89 93 -53 83 121 72 48 -33 -41 -35 -65 -9 -124 -9 -39 106 97 40 90 -116 79 -62 23 16 80 -64 -23 -88 -87 -122 113 -4 -52 -87 100 50 40 49 -89 -119 96 16 13 -46 -70 -45 70 -74 26 -83 58 33 -87 36 26 -58 -51 -126 -46 -53 -120 -80 37 -95 18 117 77 92 54 -44 -5 23 58 112 -73 45 54 117 90 -52 -29 22 -32 104 93 5 17 117 78 56 8 -8 112 -49 -84 -91 -68 -44 24 122 -82 26 -113 27 -111 122 118 65 99 -127 36 11 -95 62 -55 -8 -15 43 -17 -24 73 19 87 -6 81 48 -3 -100 57 -47 121 79 45 -92 120 1 54 -75 -75 101 94 37 65 -95 -113 24 38 78 -2 -116 -83 23 -22 55 10 -95 -1 90 52 -77 6
-104 65 -98 64 30 61 4 101 -121 -100 -88 -68 16 -94 -7 -15 75 -41 -124 122 -63 -77 92 -117 94 -116 47 65 -1 26 49 -41 -125 -42 -47 16 3 -52 -49 48 51 -76 121 -126 -46 112 42 15 -109 -14 -85 -54 -14 43 -85 -120 -106 17 2 15 119 99 -80 122 61 93 71 -96 93 126 -69 -119 -117 29 34 51 -16 13 -22 108 65 24 83 79 97 -89 16 -55 -3 -95 -84 -97 -72 -121 -23 -39 -69 -43 -123 -70 16 -116 95 -45 -10 -74 82 60 -97 -97 25 24 -55 -9 -114 107 -45 -33 -52 -45 3 -13 -94 30 -5 -109 -48 81 -29 -31 -81 36 50 13 -108 36 -70 -117 112 91 -82 100 54 -71 114 -109 -117 62 47 41 -15 110 101 97 78 104 -32 -106 103 74 -20 -81 -14 0 70 79 86 -89 98 6 -93 85 22 87 99 60 94 -73 -65 59 63 -97 74 -68 7 -121 37 100 45 105 48 -105 72 32 -99 -122 -117 -65 -47 84 -24 -89 46 -1 36 -2 55 48 -88 -98 119 97 61 -33 -1 45 -98 -12 -24 86 87 63 -20 31 15 -62 -9 16 59 -59 -16 -128 -8 -106 -53 -91 -82 -123 126 64 -10 112 1 50 80 -75 106 119 -128 71 118 115 108 48 -106 127 -53 102 -38 27 85 -47 33 79 89 71 -13 -117 112 -105 -114 23 94 -96 50 -39 30 17 -90 29 127 -47 13 39 -108 -126 40 81 -47 -123 -92 102 -39 3 -117 82 -110 89 3 78 112 -126 122 101 30 79 6 31 28 26 90 -119 31 -98 1 99 -59 -56 -73 -26 -66 -90 3 74 -40 81 57 -105 55 -81 -118 -78 100 106 -72 5 -7 0 -69 60 -101 -85 99 40 -79 83 125 93 -61 -114 105 -111 -118 39 84 23 115 62 89 -104 11 91 1 -14 -127 -2 20 106 19 -81 30 -29 -79 -120 -118 45 100 -18 -51 105 -3 54 36 -109 -62 41 -12 -127 -67 81 48 116 20 21 30 85 -19 -96 -30 52 -14 102 -11 -63 94 102 78 63 -27 30 -44 23 -74 -121 -114 106 -49 -28 -63 78 -30 -2 93 -25 83 64 9 -49 99 -28 4 -69 113 26 -104 -120 -107 2 -90 -71 -33 50 -120 67 -38 74 104 -98 55 -57 -112 19 -68 20 -13 -40 -15 77 49 -68 -46 -25 -56 76 -15 -40 -127 116 -62 -14 49 -13 125 -60 31 41 -34 52 103 -91 -80 119 114 45 42 111 35 -20 105 0 -92 37 51 111 -29 -46 97 95 -82 -90 -12 -110 113 -46 91 -123 -62 57 -88 44 -60 -128
-29 -22 -69 -88 -6 -84 25 -18 -93 65 -64 -42 -96 23 86 79 69 91 -32 64 36 -48 -59 12 100 88 122 -86 113 -24 4 125 14 113 -64 -24 -71 102 -38 -115 69 5 55 21 -83 71 -119 3 -69 96 -7 113 -17 32 -124 -5 -59 -75 -44 36 117 -81 59 55 -77 69 -44 -109 -17 82 53 -79 86 -109 26 -95 -29 45 -30 -74 -106 -44 29 27 -112 107 -42 8 64 59 -11 -4 17 92 -54 75 -95 -59 -28 83 60 -81 -59 67 -65 30 28 39 91 -81 0 -20 -28 -9 116 -16 45 -94 -91 106 -84 -88 -85 -68 45 48 7 119 73 78 67 44 46 75 77 14 -14 94 109 71 14 -105 80 -8 -8 -99 -45 -45 -12 -18 -11 10 -28 57 -74 -61 -112 -97 -57 94 29 85 118 -19 114 -89 46 70 124 -123 0 67 34 -15 67 40 24 40 20 -28 53 109 -120 -78 122 113 -52 28 -71 55 -62 52 114 80 -121 91 24 -73 -26 73 -107 -86 41 35 56 -78 104 -16 29 -117 76 33 -22 -64 -53 -75 -124 101 -67 -108 -78 49 30 -64 18 -109 -52 -4 -55 75 99 40 74 -25 -43 -82 78 -70 -126 110 -102 -51 75 87 -21 -109 35 -40 -44 45 77 3 -77 -11 86 118 36 8 83 89 -30 -53 -23 -5 108 120 -21 -9 101 -102 -110 21 -123 -48 -68 101 46 79 -56 30 -124 59 72 23 -101 -1 54 -21 10 22 76 116 -119 -92 97 -17 117 -69 -92 117 -64 126 8 -48 -56 4 -103 -73 -117 -48 -40 -102 39 -10 -23 106 92 -120 43 -74 -85 27 -68 -5 64 72 -89 -80 35 41 -1 90 67 73 100 45 -16 -74 -87 -43 -40 64 97 -10 -114 -6 -40 -84 -102 58 -94 -33 63 108 -24 29 -62 -68 91 67 110 -95 111 -83 37 85 108 9 -128 -71 -31 17 -52 -11 5 50 -16 -60 88 -51 0 -30 -83 -46 118 53 -67 -27 75 -120 -37 -78 -124 -25 122 114 -49 -71 30 127 70 13 -69 -25 -91 23 -63 46 -66 80 -50 -58 -33 -13 -32 86 -109 -69 117 -47 105 103 18 -85 110 114 -60 -27 71 -9 -121 80 -43 30 118 -106 -121 96 2 56 40 -79 36 34 22 -6 -98 -109 -36 -81 -23 -52 3 112 113 -50 80 66 -37 -51 87 36 53 48 127 -48 78 127 89 36 -125 -122 -64 -88 92 -89 -84 -112 68 71 7 38 42 79 10 27 124 -25 -19 63 -111 52 17 -107 -71 78 -88 70 -43 -37 -112 -92 -105 99 113 80 -84 97 26 -12 97 42
-111 -55 -55 88 -4 37 41 -34 -101 -42 60 111 -84 -84 5 60 -70 -2 5 -85 58 93 70 -123 -109 -107 -128 59 -95 -10 -86 -66 -55 106 -6 -104 -26 15 -6 71 -102 126 -32 107 -127 -49 57 93 37 24 -50 94 -90 33 43 69 -18 45 -67 59 -96 -103 -52 -69 -63 70 69 112 121 65 89 56 -91 42 -48 16 -102 40 110 109 -13 29 -46 95 -47 98 -117 -11 -43 -55 104 -28 -100 -43 -66 -54 97 104 34 79 -69 102 -99 104 100 104 92 89 94 119 -21 60 120 -19 -57 106 115 -24 -6 33 24 -88 -120 69 -16 -64 79 -80 36 123 -1 -98 104 -118 9 -64 74 -14 122 -112 -98 58 -77 39 -72 82 24 109 -128 71 -19 -11 -37 -37 68 108 48 -124 -34 52 -81 33 -60 51 4 -56 49 49 75 16 -67 75 36 60 53 113 122 61 51 46 -16 -23 85 59 -107 68 -102 -71 -7 27 30 85 -93 -102 -74 28 -26 -26 -2 71 92 34 -36 95 29 -30 35 -114 -118 63 -35 106 85 28 -33 -56 46 -37 77 -86 -122 -118 50 -77 -27 25 -47 -49 -16 -50 29 -64 87 22 -47 -14 -67 -20 -88 -123 0 -45 8 -101 86 -53 -104 -48 -11 -49 -97 36 52 -94 -116 72 41 3 29 87 -109 -58 6 35 -64 -90 -128 122 35 39 -67 96 -53 -41 -78 122 29 68 112 -88 -114 -65 62 -97 -99 -13 -119 1 -92 -36 -66 20 -22 -13 28 50 -85 -104 -65 -113 -118 -45 -9 41 47 39 -29 85 1 95 -30 -18 -91 -9 98 -112 -70 -31 -32 -104 71 18 65 -8 89 68 83 -85 0 31 53 45 -92 -39 21 -90 -37 46 8 110 -54 -42 -83 -75 -72 -1 -77 23 -115 28 116 -10 19 -61 -102 -120 46 101 -32 108 102 -19 -49 16 -95 126 -27 -29 109 36 -102 -70 32 80 -30 -74 7 79 58 123 31 -73 -61 -36 120 43 50 125 -89 32 -105 35 -93 50 62 81 73 46 51 -90 35 -124 34 34 4 86 -43 106 -9 -34 16 -37 -120 -95 84 -30 10 107 -64 -68 14 -73 108 -127 -36 -58 -121 -56 65 99 96 113 36 124 -47 -44 98 -78 102 -82 74 -105 -10 23 -77 -68 96 98 -59 13 57 3 -24 41 61 -115 4 -21 88 -90 -121 97 4 108 -92 -4 -63 -114 -90 72 56 121 116 111 -125 -27 -72 -81 -107 79 -34 8 99 127 -121 -38 27 18 94 24 36 83 30 66 110 -119 -14 68 -98 56 41 127 -2 12 -48 87 -108 49 70 -55 -120 -14
-98 21 113 -120 119 -36 107 26 -93 -9 -68 108 -44 -9 -20 -63 54 18 -15 -34 -107 -16 73 -37 34 13 24 -67 -83 -21 14 -59 -111 68 -19 -38 -47 51 103 -109 19 69 -76 -79 114 -95 50 25 -62 -104 -31 53 -115 11 85 -6 -35 -116 -59 -113 -64 -58 12 -28 -105 62 24 -105 -7 8 94 34 -81 81 -29 -37 74 25 66 111 120 55 76 65 -74 49 -36 -91 -111 -10 -7 40 51 13 74 83 114 -13 112 -123 66 -54 49 103 103 -40 122 -83 68 -12 -88 49 -84 112 -76 99 109 35 100 -113 -72 33 -12 0 7 13 -120 106 76 -96 -43 117 -70 -32 -67 27 40 62 -86 -84 18 69 -5 -8 -55 -19 -104 5 -55 80 113 8 -67 74 60 9 19 -28 114 80 -49 -21 47 -30 -98 113 -109 57 -92 50 45 -31 42 29 -91 -112 -89 -58 -92 -60 -97 -94 -36 34 83 20 41 39 54 17 73 -122 -78 99 46 122 -25 75 73 106 70 -75 -2 84 16 -22 74 -73 21 42 -4 -5 -69 -49 10 -4 25 -96 -30 59 13 -58 122 -49 -8 -18 -48 55 4 126 53 -126 117 -62 41 103 -12 42 -61 11 107 103 4 -68 -13 -127 -105 46 123 104 33 -29 100 15 29 63 -124 92 54 -6 -1 -98 2 -120 48 -79 36 -115 10 123 -63 -106 116 115 -117 -40 33 -61 5 -70 0 -48 -89 112 -83 102 90 125 17 81 109 -126 78 28 24 -99 19 -97 39 -22 -97 -37 57 59 -104 -107 -92 -86 -113 -82 -64 9 53 -92 88 108 -95 52 109 34 97 90 123 125 -39 -71 -20 -119 -52 94 -88 -105 -116 23 -37 33 -68 61 62 -12 -113 -3 90 -62 -3 30 -28 5 52 -49 -47 35 29 -65 -84 -46 60 -9 -76 -1 23 -108 -95 34 47 77 22 71 104 100 112 61 46 -52 -88 -78 -12 -28 35 118 -86 11 -46 -54 -29 -75 -71 108 70 85 102 -2 111 7 -92 123 101 64 91 -73 39 111 -113 -8 57 -58 21 -40 -41 -42 31 -62 65 60 9 -10 -28 -88 83 -29 89 34 110 -97 -51 84 -70 -91 86 15 87 5 -5 97 -58 -46 93 -67 85 -10 -123 2 106 104 38 -48 23 -17 -23 -105 64 -6 -66 65 47 -19 -28 -34 55 86 79 109 -84 75 56 88 -88 78 -47 -128 106 120 -128 -59 -117 26 55 -62 -90 74 -44 -119 -83 -67 -122 56 13 10 27 -94 68 -3 6 105 61 46 127 15 -6 -99 -98 -5 67 -54 -47 -36 25 -111 115 95 21 27
-126 -112 47 30 29 -106 70 -70 -62 -24 126 -14 118 -83 87 64 -13 99 -2 69 -49 -125 46 10 -113 -102 -90 101 -54 -107 125 91 123 82 -102 110 3 100 98 50 -70 -76 -45 23 -114 127 -79 -67 39 107 70 -19 -66 -52 -22 -15 -44 65 -53 -113 98 72 19 61 34 2 32 -25 46 109 -71 86 85 73 26 71 -112 59 -119 114 -7 -122 -127 23 -122 92 -52 -38 113 -56 122 48 124 -36 -68 103 106 121 -56 -97 47 112 56 5 31 103 66 112 -76 -55 44 -44 61 18 -22 -29 -14 -118 -48 -62 105 83 57 -48 -84 27 57 94 62 48 -57 -128 -76 -80 65 53 104 -111 32 -28 124 -45 89 -16 42 -4 92 37 78 70 -117 107 65 125 -23 -85 22 122 -124 -55 8 49 -64 16 12 -100 -80 -41 127 84 105 -116 -39 -4 4 -48 108 -44 9 -43 -5 -46 -18 97 40 33 84 17 -45 -92 -65 58 -32 -46 8 115 -65 42 35 -80 12 -120 -63 94 -112 -73 1 76 34 37 -99 -18 53 64 -12 25 -1 -92 -2 102 86 80 0 113 101 -65 48 -21 -4 -42 52 63 87 -46 -15 -63 111 126 126 102 97 93 -11 40 -43 87 -83 -98 -33 -79 58 62 100 -83 -14 64 -34 121 -79 -19 -99 -124 34 -2 -100 -79 52 17 114 -34 67 84 -59 87 84 127 -66 -33 29 -105 61 43 103 86 -110 -111 -28 -115 -29 87 114 -93 12 74 -64 -69 -87 9 109 -106 -49 -35 -81 -74 76 -12 -116 73 -7 -4 -23 -72 9 -110 21 -100 -122 -105 -112 -101 -7 24 -24 -13 11 126 -99 113 108 41 -20 96 -54 74 -35 46 103 -100 64 -15 59 103 -66 48 46 -105 -9 -101 60 -114 18 113 -45 -87 -8 0 -17 41 18 -123 -42 -83 63 56 4 -15 83 40 46 -108 -90 -27 -114 -80 12 29 -61 116 54 -6 -36 94 105 -43 69 27 92 80 -25 -45 85 -23 8 -46 -26 74 -4 127 113 -58 -124 -77 41 17 33 -43 -29 -41 -100 -61 13 5 44 65 -28 -74 107 -114 60 10 -94 -43 -70 -14 -46 48 86 114 -85 102 -126 64 -19 -44 97 -33 -55 -72 117 104 99 -37 -65 80 -56 95 -28 -118 -110 5 79 23 114 -58 -39 -100 -2 5 126 -84 19 86 -113 44 99 -44 105 -31 -106 -48 -15 -36 -51 118 -107 3 58 31 -36 -99 84 8 5 115 -65 -92 36 61 -67 98 -96 124 -102 -3 -12 45 -81 36 -108 124 -61 66 15 118 -17 -24 75 -68 37 36 48 -96
-83 127 53 18 -128 -62 93 -108 113 57 117 -35 -90 -89 36 120 113 -57 110 -14 73 5 -20 -33 -55 49 65 104 -17 82 -38 12 21 87 67 -22 106 65 -103 -13 35 -14 -19 73 -39 -39 -6 -82 20 47 39 -99 -101 36 -69 54 -62 -2 -111 114 20 15 116 110 -124 36 82 116 45 -40 115 -27 90 45 -33 -100 107 115 69 69 -29 -113 -112 10 -48 57 -1 -52 -78 3 21 114 -32 -80 -33 13 29 115 94 103 37 58 92 -108 -27 -113 93 -109 116 -51 96 -23 112 1 -104 67 -8 -84 8 46 41 -128 93 -44 -61 -79 70 114 105 127 74 70 -80 7 45 -45 -8 14 -75 111 69 -27 -9 62 74 -97 5 -88 24 36 95 -54 96 -18 51 -29 9 85 -107 30 12 -113 90 -93 -15 -12 38 60 -90 -122 -81 16 -92 -56 -103 -74 118 -1 127 40 -84 -1 -80 -71 125 -62 -88 -128 -9 -89 -105 47 2 -70 74 109 -119 -49 -41 113 123 93 88 -76 -113 -61 31 111 71 60 105 46 23 -63 -40 -32 124 12 127 -80 -124 84 45 35 -72 -64 -70 26 11 27 -115 117 97 107 -124 -105 58 -15 112 -56 -103 -80 13 90 -14 -66 -115 52 84 -38 -126 56 -64 -83 0 -16 79 -52 68 18 127 -31 -81 -72 59 23 -116 8 77 -28 -38 75 -62 -109 11 101 -36 -114 -6 -79 24 110 -114 -122 2 -17 48 67 4 6 16 -56 38 117 69 -89 48 79 -25 -49 -82 10 -124 -83 40 -128 -11 -18 -25 78 51 28 -97 -71 -52 56 106 111 7 84 -86 -111 71 20 -75 -65 -37 -18 27 -9 -91 85 -23 -64 -108 64 25 -110 -111 -11 39 -43 -128 -98 -45 7 37 -27 -93 35 -53 -116 126 52 14 -16 -79 -119 -63 89 95 -53 118 -82 100 30 20 18 102 -71 -47 -39 -30 -87 -107 -7 86 -115 -41 -48 -61 -128 105 -54 -1 29 -11 94 2 104 -18 -52 -3 -28 -25 -58 -107 82 -69 -100 55 121 -51 -32 49 37 -111 -42 -28 -88 -96 -46 -94 2 93 73 12 -74 114 -111 -27 -84 43 -126 99 105 7 -108 44 -14 5 -121 103 -24 21 40 -110 36 -52 59 -21 41 -78 61 124 -70 126 -18 76 45 -61 -16 -34 9 -85 76 10 66 -101 111 116 -91 53 -64 20 26 78 -31 -42 -69 -89 108 -8 25 -109 -9 -7 19 100 67 -21 -56 -105 -7 3 -47 -34 3 -81 -4 80 123 -7 113 -54 -8 -89 -88 91 46 101 -85 -70 -12 -72 -127 -4 -26 -98 -109 117 53
109 98 -68 -69 91 -94 -50 -32 -118 -39 126 -57 3 -76 -72 -11 -24 19 -55 -36 -124 -125 124 112 67 -7 -7 123 -9 127 24 -80 -32 119 102 62 75 125 37 -81 99 -49 -66 39 111 -65 -63 -14 -37 8 -113 92 -86 18 -82 -17 -6 -7 127 -119 -107 -25 -111 9 7 -103 -101 -55 -106 22 104 -123 -14 32 -70 64 126 -110 103 -14 126 -121 25 -128 0 42 20 -70 -28 33 -126 -101 84 18 -108 -121 99 6 116 -107 39 89 -121 47 -9 -114 -112 24 -102 36 8 -29 83 -39 -98 -125 -19 53 -57 -89 96 23 -81 -22 -62 -24 63 -71 64 33 95 -122 -120 -52 -29 83 104 91 108 -66 -42 -119 -31 -66 122 115 119 -104 89 10 45 -126 -81 -48 -115 85 -100 -27 6 -110 23 83 102 58 -42 -14 63 -105 78 76 -41 64 9 63 122 -127 -46 77 -66 125 97 2 -60 44 74 -17 -120 24 116 98 84 -122 -49 24 -47 -8 42 -17 -3 94 95 101 -38 55 -63 -27 -47 46 -5 -19 96 -47 102 -92 50 -43 -28 30 -120 -118 110 89 -1 -50 -9 45 31 84 79 2 -24 -23 70 24 -53 118 65 -59 81 -27 52 -50 85 -1 116 4 -32 -20 21 34 -30 -91 12 4 -10 -27 19 -66 -103 -89 -98 124 -82 13 -63 -53 -26 -23 -36 -110 -102 -25 -69 -74 109 -71 -89 -17 32 31 -26 61 -4 35 98 55 72 25 -87 25 25 53 29 58 119 67 -54 21 -37 26 59 81 94 -126 31 -40 -50 -44 -19 102 8 -17 -90 -82 -25 -27 16 69 -5 79 -3 -72 55 113 30 -13 -52 -42 95 -5 -67 -120 20 45 -6 110 -39 -17 -116 127 24 -20 66 27 -42 69 37 82 61 -94 -20 -23 52 -124 79 10 -75 -19 -19 99 -122 18 -76 -114 97 -52 -74 -64 -81 20 -28 -84 25 40 -44 104 -55 33 86 -22 5 37 4 -49 -10 -59 33 58 91 4 -36 79 -122 87 26 73 15 -109 -61 61 -72 48 78 83 -78 -43 -115 92 108 -109 13 -22 -113 76 -50 90 98 -58 -8 5 -126 -80 -7 -24 -91 67 59 -119 5 53 -127 -115 87 80 45 -30 31 0 57 14 -48 97 -51 -31 5 -35 -109 -81 57 -17 -36 -114 22 41 -106 -39 48 88 -96 -32 -88 -117 -109 -81 117 -28 -74 -106 -107 48 -60 100 -64 -61 82 -69 10 -23 -122 97 54 -16 124 120 -8 -111 43 -47 -48 -99 52 -76 32 12 -40 -7 126 -106 -66 -105 106 6 0 -25 -59 -19 20 -42 -92 20 96 -11
-78 117 -114 -14 -26 -59 -47 -97 120 99 18 -57 -82 -101 -103 119 -32 -91 -69 -66 -37 -11 -121 6 84 37 -105 -116 125 -54 5 114 60 -68 97 -23 -101 29 -93 -120 80 72 -48 6 48 30 51 -115 -83 101 -47 122 -70 -60 -49 74 -3 94 100 -15 52 3 -25 71 -51 -16 -31 -86 61 21 74 -89 10 -92 48 37 61 23 55 48 109 70 111 62 123 41 -6 -101 -60 -9 71 -14 -92 2 122 -82 85 -118 -108 67 -39 -78 -70 -86 62 25 107 -107 98 59 53 -92 105 74 -104 -104 -53 6 97 -39 47 -111 -94 -82 72 9 -37 114 -52 -81 16 61 -61 -73 -118 -75 58 35 44 65 -95 -100 -41 -94 -84 -14 100 -31 -107 43 -36 105 -101 -10 8 -19 -106 -3 -105 108 125 -93 -83 -110 106 126 40 17 -35 73 -63 92 -85 -56 -49 52 23 -70 22 61 21 -89 -63 72 98 55 100 -98 117 -34 90 98 21 123 40 48 -63 -84 64 -7 90 99 -103 117 91 70 -4 -102 116 -111 28 -1 19 -122 8 -39 124 -93 75 -69 107 -67 14 0 22 -125 77 90 -103 -94 -80 34 10 -63 -59 -77 -68 -49 113 76 -116 -124 66 -4 4 111 82 -48 -28 -58 118 120 -42 49 -109 1 -19 -78 -76 103 41 -53 -36 73 2 -30 -108 -21 -80 -73 81 -92 -86 103 103 121 22 116 -123 26 -126 93 -109 83 -86 -80 106 112 -72 -4 -55 -68 -61 49 105 63 13 60 75 -92 -91 37 -19 46 -75 -8 100 103 -43 -75 -20 -54 124 73 -47 37 -17 62 -117 110 18 -26 -70 -128 -81 52 121 30 -106 123 -119 34 94 -112 125 -22 -88 -81 89 110 19 -110 103 8 86 102 -65 -5 6 111 -64 75 -49 -31 78 -70 86 42 -82 2 86 -1 79 -78 36 -80 -57 47 96 -75 -101 5 -105 -20 117 -12 -36 126 -44 -40 15 -62 -24 -82 -71 24 -116 -63 127 -54 -21 75 2 71 -127 72 101 -96 -76 -76 30 22 108 -95 2 71 26 6 -73 18 -48 -115 -53 97 -44 -39 2 34 -29 -89 94 -44 -71 25 63 -64 109 -74 127 106 -65 82 60 -91 13 61 -57 69 86 -5 18 -33 -86 -42 -75 -75 111 -43 -76 -75 116 10 -20 -128 -88 4 117 -29 16 55 95 43 64 108 108 -38 75 39 -112 -24 -13 -50 -22 13 118 -82 126 -111 48 -3 -91 60 31 -95 -28 7 72 -18 1 101 108 -68 -97 -28 -12 -107 7 -68 -5 -13 7 -47 -56 -1 -84 -98 -60 75 -116 -97 103 84
13 -97 -92 -59 19 -125 1 21 -115 25 49 110 -76 7 -6 -126 6 123 74 -5 82 -82 45 -27 -8 112 -36 -7 -115 77 105 -47 -24 96 -90 123 -96 124 67 -127 -91 -99 -62 77 -62 -41 -79 -17 -127 -72 -117 48 -88 56 -69 123 -48 -87 -78 52 -50 -42 60 -121 26 -101 -37 -112 49 11 126 -123 5 -9 -117 80 51 -97 -57 -74 -37 -53 -95 22 -100 19 -112 -29 -91 -15 -14 50 -80 31 54 90 -118 92 13 31 102 -18 120 -42 -117 105 70 75 -114 -56 -38 50 26 -70 -13 69 -83 23 -54 72 -38 -9 -83 37 111 61 91 -46 -75 22 119 97 -118 -49 -106 -68 8 -4 -58 25 -60 98 -58 -35 114 -41 17 14 -103 17 -121 99 -109 26 -69 91 -88 -44 -100 84 52 90 -33 35 -7 78 101 31 -16 -92 -36 19 -33 17 33 -65 -38 112 103 -74 13 32 96 8 57 -100 12 -99 42 46 89 -112 -55 -55 90 -60 -102 -29 -55 3 99 -40 2 74 26 11 116 43 -99 -23 95 -46 89 -51 4 11 -99 -109 -88 24 -27 -113 -98 41 21 113 63 -78 -38 37 57 -89 -123 72 69 -106 -26 -68 76 69 73 87 39 -86 121 36 -121 78 65 8 -82 33 -37 74 -81 -64 -104 -67 88 44 -103 -96 -114 -86 -48 -125 90 -83 -36 -6 -47 -86 1 14 -54 -89 72 94 -64 -16 -27 -87 47 -39 -23 112 -25 -88 97 -54 101 35 89 42 82 87 25 88 73 -11 -95 -121 34 40 76 105 63 126 -2 90 -108 -61 80 26 -1 -86 -33 53 55 123 99 83 110 -110 32 116 -125 -70 -38 -8 104 2 -114 -64 -41 -95 -51 107 -50 -118 122 -109 17 -101 71 64 102 -18 110 98 81 68 -35 76 -42 5 56 32 116 80 50 -111 -26 -88 47 -96 -19 -84 77 71 29 31 -20 -27 -100 -19 -67 -105 -6 -90 -4 87 99 49 -105 -111 -4 69 -81 -53 -93 107 -20 28 -92 -67 80 -73 117 -38 76 -122 114 -78 69 78 74 -103 96 -97 -36 -100 108 -114 -65 -25 110 75 47 -89 -113 -34 -18 -117 -7 -55 -83 16 116 -47 -42 -7 122 -43 108 114 91 85 -58 10 17 -85 55 -39 40 -31 -59 108 -28 120 -20 -6 -95 -36 -111 -2 -46 -3 -88 -39 -68 -79 86 4 -84 -126 52 11 47 -38 -112 -122 99 -29 -107 -105 4 -53 52 -71 -52 69 -36 83 54 4 -84 -5 30 4 -3 -61 -91 84 87 90 22 -75 18 -84 3 -81 -22 39 -114 -72 -84 -59 -80 114 -55 27
-27 -67 91 27 -71 -8 38 -8 -111 -9 32 41 -1 113 29 -83 -7 106 -43 55 -29 -123 47 76 71 57 -113 99 -89 -111 -11 -14 -41 120 -93 -37 113 0 109 79 -99 -3 -73 -23 -50 -8 -98 78 52 -112 -128 -119 117 44 -61 21 55 100 48 -45 71 -19 -21 -81 50 -59 122 120 -87 -91 -54 -54 -6 -8 25 -80 45 -98 -95 -100 27 104 94 -47 -44 82 87 -43 -50 -128 5 124 29 37 -59 -124 62 103 -87 -38 -10 39 123 -105 -30 -50 8 78 -28 -48 -37 -72 60 25 -16 32 115 38 -128 25 76 72 -65 24 54 13 -33 -89 -38 52 113 -59 -34 -35 -125 -30 71 59 -74 69 71 -55 30 -110 -38 98 -72 88 23 84 -35 27 -83 89 42 96 11 -16 2 -25 117 112 -91 -65 -68 -83 -122 4 30 -23 -102 -57 107 -51 -50 -51 29 -120 21 85 113 34 42 125 -58 -15 112 -51 2 -104 72 -41 64 54 -67 -44 94 74 55 -124 -23 -84 107 -25 46 -4 -53 122 119 97 9 92 73 121 124 -127 34 127 123 11 71 -124 -59 -76 -1 -106 -67 95 55 26 -58 110 -61 -102 -60 110 -107 -116 50 28 64 24 -100 78 -111 70 -28 -123 113 -32 -114 -9 -99 -13 -13 0 -23 12 -120 -102 52 21 111 -101 39 110 -37 -10 109 97 6 -103 46 6 84 -25 -108 -12 -73 103 37 24 -83 108 34 -72 -7 49 -12 -116 -28 45 75 -48 -88 -108 68 95 13 -97 47 30 8 99 -30 24 -93 -106 99 -90 87 -107 53 87 117 64 -112 22 -84 -102 -47 40 34 48 70 127 -114 -17 -53 -49 34 -125 -76 68 -8 65 62 -13 15 -121 70 -18 -2 49 127 45 105 -17 27 115 11 15 88 77 84 4 -125 51 73 -57 -74 -54 81 -127 16 103 -84 -81 51 99 100 -96 35 67 11 41 -16 113 -112 122 104 56 113 -121 -97 -24 -125 98 -33 36 72 5 -45 29 12 68 6 120 -23 81 -9 75 -47 -78 -18 -9 -48 -84 -48 -128 -10 122 -72 -85 31 110 40 -123 -13 -37 -93 94 -116 -9 -93 -54 125 -59 97 -99 -26 -101 104 79 63 -92 34 -62 41 9 -18 103 78 91 33 -56 -121 83 -64 -33 51 -65 64 -22 -49 1 65 43 -123 -26 15 55 70 34 -108 84 -66 56 -73 -24 -93 -85 -39 114 -36 64 124 -80 16 36 -21 -84 -17 99 -71 38 64 107 -36 -23 -88 60 -15 49 88 -66 -58 -48 70 120 37 56 21 67 7 -23 -14 -24 -109 85 -106 -52
43 -21 99 -112 93 -107 -49 -100 17 78 -74 24 27 -115 -79 12 -55 67 89 28 107 -43 11 -43 -116 63 -53 121 -2 124 -94 69 22 -109 72 -116 -96 -91 78 38 -127 102 -5 -34 -53 -91 -35 -17 -15 111 82 -51 -21 95 4 54 -17 32 98 -80 46 93 -59 -109 105 74 -17 -103 -33 -124 40 59 -105 124 -25 83 53 -96 -21 -117 -6 41 -111 -102 -117 93 26 27 100 117 107 -57 56 40 8 -68 8 43 -82 -69 88 -36 105 6 -50 -108 -83 -11 40 72 16 111 33 39 -8 55 34 -112 24 81 106 62 112 40 53 -28 31 99 -110 101 -3 -76 32 -77 36 -54 91 109 -96 -21 16 68 -103 -116 -88 -18 30 -95 -127 -117 13 -48 83 -49 -92 114 73 123 -17 72 70 -20 -46 43 -119 -126 52 -76 70 18 63 -14 -62 -36 -128 -79 41 -29 -9 51 -41 115 -57 -8 105 40 -82 -61 -105 110 43 -114 -128 -54 -102 50 66 62 15 86 66 -86 -106 30 -69 92 23 -70 34 -22 63 -115 -111 54 -73 -57 -58 -14 -97 74 -58 -52 31 120 -5 -21 107 -29 -35 -50 -45 115 80 -96 68 -49 -32 57 56 82 65 -25 103 9 86 92 121 -57 117 -96 79 -22 -25 16 39 -71 67 24 111 -29 -99 124 7 -69 61 -84 -81 70 -99 -85 -54 -81 15 -36 -51 125 -94 94 106 -95 -46 44 -69 -35 -30 13 99 125 7 98 14 -22 68 -12 58 -97 15 99 20 36 102 108 90 -50 86 14 -66 70 73 112 30 91 14 -57 96 78 -6 108 82 -60 -72 105 21 55 96 23 63 -8 -11 -51 101 -37 63 98 122 61 -13 -14 -94 -16 -17 48 -34 91 -107 -118 -105 -80 79 46 -61 -73 36 -48 96 -24 4 -32 -106 25 38 -72 105 46 -10 -126 -101 -70 -21 110 -37 -54 -17 109 27 -11 43 -107 -75 -44 34 -60 17 -18 79 -112 -74 -14 70 113 -106 126 119 44 -13 -104 123 40 39 -14 85 27 -20 8 120 -124 0 72 47 113 -128 -80 120 -36 -119 78 -2 112 -29 -66 -77 126 -35 55 -116 72 104 -21 25 66 90 11 -53 -128 -37 -108 -66 -93 120 -61 86 98 105 41 -114 112 39 5 -9 -25 40 112 -119 -113 96 -70 67 117 93 -10 -103 -40 7 3 -75 92 121 -84 98 -52 84 22 60 -66 61 -115 48 -48 -76 64 -102 2 39 101 -51 -32 59 -33 -26 -100 32 25 -124 19 1 115 -94 42 -115 36 -105 81 -45 -27 4 -113 47 63 -27 -44 126 -123
-43 55 -84 85 52 5 -35 102 -94 -120 -17 -24 -49 -63 1 119 -44 96 -98 -28 71 -81 118 -54 13 100 76 70 -107 124 -34 111 -54 94 -126 -33 14 -16 82 -68 30 -26 -22 86 -62 -103 98 123 28 51 82 20 6 -8 11 -77 -71 -22 -125 -71 -102 -59 -21 11 -68 0 -48 1 -67 78 67 -102 13 -117 -88 -71 108 -92 -99 -111 99 58 46 103 -12 -67 6 109 -18 -105 -41 72 -17 -40 124 91 91 52 123 -71 76 -72 -67 16 -53 75 14 -33 9 105 122 116 37 -58 95 -7 30 32 -84 68 6 -104 -5 49 -106 60 29 -75 -104 58 104 110 -25 36 84 -31 -95 97 -41 61 102 -40 -44 48 -9 1 -2 90 -39 51 78 92 -32 46 79 19 -109 -116 94 43 33 -98 92 60 110 47 6 -118 -81 -53 -47 -7 -112 50 116 -20 94 95 19 63 -124 23 29 28 -25 -2 -58 14 -106 51 6 -73 -14 -17 -68 121 -101 -42 79 13 -9 -119 4 -8 30 33 114 111 -122 63 -46 -110 69 -109 32 -73 -51 19 -75 -62 -98 -28 -14 51 45 -79 21 63 74 -108 39 53 86 122 -104 -88 -94 103 -4 -40 -18 -58 -5 84 76 112 56 -2 9 17 -73 -126 -30 52 117 71 -115 -30 -116 -78 -112 -63 24 -65 110 -55 2 68 22 -100 -103 -52 -97 -13 49 -104 36 123 -98 -35 -21 115 29 -14 23 -83 109 -5 67 -114 -76 82 70 64 -3 60 -34 85 -37 94 -91 -42 33 -98 29 -22 19 8 20 84 -101 110 -7 61 -83 -39 18 -101 0 -69 -56 90 54 -13 77 39 104 -39 -87 62 79 100 1 -77 58 96 -68 -116 -90 87 20 -40 -48 -47 -3 105 105 -41 -36 -11 -98 74 110 -29 11 122 -78 69 108 33 120 -23 48 14 -8 106 48 -101 20 -24 54 76 100 77 102 2 -51 119 15 -88 47 -14 -94 -91 -101 114 57 -28 -20 -121 -109 115 38 29 -7 41 -68 47 -123 104 21 4 -72 93 -92 -116 -91 85 17 65 -126 -77 -125 114 -64 -81 89 86 59 90 84 80 -53 49 43 100 112 -75 116 47 38 -102 80 -53 99 -121 -1 94 -49 -118 127 -100 -104 105 -58 -110 -99 -18 28 85 125 34 63 -11 124 -81 118 -109 -68 63 75 -82 -25 13 92 -67 -9 -115 107 36 76 12 -58 52 92 -64 -99 125 -95 -44 95 -110 -5 64 -24 38 -59 40 3 11 -128 32 -123 22 30 74 32 -98 -37 14 -7 -63 -88 -124 12 -91 104 59 -67 -49 103 23
20 -49 54 -118 92 82 -5 -81 -97 53 -91 -120 84 98 -46 -96 -91 93 104 -101 -65 -28 72 99 39 -65 -115 -80 -11 2 91 -91 -74 125 125 83 76 -103 -45 96 -71 46 5 -92 15 -107 121 -32 16 51 -120 125 -99 -100 -57 90 -74 -17 45 -99 51 -88 -2 21 92 108 76 106 36 -25 -15 -56 9 -103 -63 -108 -7 13 83 -12 108 -54 45 27 12 92 35 92 104 -66 100 -42 59 -64 110 -117 21 111 35 60 -37 13 113 -118 -51 -62 -3 -53 26 96 -17 104 -71 88 -69 96 40 -45 -88 -17 41 -24 112 123 -41 -31 -120 -9 -94 -19 -29 16 53 -6 -104 -52 94 107 -85 -19 42 -36 -125 42 123 -25 71 30 -82 -110 -67 -31 42 70 -12 64 24 -49 53 -101 14 100 -19 58 121 31 -49 -112 -15 25 6 -99 120 -57 90 55 23 -36 -76 29 -71 112 -73 -72 -66 3 -111 35 66 35 109 -16 -112 60 -10 100 -67 21 107 11 109 62 -101 -81 -14 98 104 90 13 -3 1 96 -43 -54 73 116 64 -84 73 -19 -83 -79 97 -106 -91 -50 107 -90 -78 106 90 -25 -5 -104 51 -70 -4 -24 1 27 105 -96 -79 -26 -62 -119 -81 53 127 119 -79 -118 -16 48 -49 49 0 56 83 78 -116 64 84 -1 -109 -4 -87 8 -115 -34 78 -78 118 -80 62 -28 63 96 -52 -52 46 95 84 4 79 -121 80 26 -124 -12 58 114 79 22 -52 -3 119 12 107 126 -18 70 -107 -30 -114 76 -42 115 116 -97 118 -124 -20 114 28 -102 57 29 100 -75 44 -125 62 73 -57 17 -25 -65 82 49 -35 96 -4 97 67 -73 107 -105 -56 -27 26 126 -123 79 -18 -128 23 33 66 -126 -52 50 -102 90 -15 -6 120 -8 -74 68 -64 120 -1 -100 2 119 10 -26 56 -83 -49 -105 -117 116 47 -73 23 127 -47 9 -35 101 -65 2 -122 90 14 -37 -40 109 -4 122 -127 10 72 -94 84 -73 -86 26 47 -125 47 77 120 -4 -70 -7 -37 -46 83 -30 -15 10 116 -105 32 81 -103 42 35 104 104 -117 -99 76 -112 -15 76 -65 -71 -26 44 -99 39 93 -28 57 -74 -118 -29 104 92 84 64 -23 35 113 -36 78 -47 0 -120 31 -46 5 -80 -45 115 12 -73 33 114 58 116 35 109 22 -62 104 84 110 52 90 -121 115 110 -40 -70 -76 96 107 -121 -27 -59 -18 14 -112 -92 -57 -64 -114 -39 -40 71 -96 -108 -77 -23 -61 -59 -55 -10 -17 -61 -84 -69 57 72 -96 -85 112
-101 -86 72 78 -113 -50 91 -32 -89 -99 -103 84 50 18 6 126 -80 53 -83 -82 -7 -25 -43 -68 -106 41 -97 -25 11 37 122 75 122 -109 11 54 35 123 52 -44 65 46 -43 -80 -86 63 -71 -87 -106 6 37 24 113 95 76 90 38 -61 112 -97 116 3 75 -39 -87 65 -114 8 33 59 -32 -119 97 -44 55 -45 -59 101 121 -13 -70 -44 -24 -53 -14 34 114 93 -20 -125 -27 29 2 120 -32 60 -50 10 71 -34 -75 96 85 -64 85 -95 47 -126 31 -37 -42 79 -88 -44 95 72 119 -53 -14 101 72 -49 -122 4 18 73 110 -123 110 -122 -64 -50 2 99 -72 -75 15 -12 63 -112 -28 -34 -61 84 109 -114 -65 -108 -35 -30 12 -59 -117 80 92 -56 4 -5 98 -114 -27 105 -121 34 -126 -88 -106 -4 -113 -77 7 70 107 -89 -75 -107 -81 67 -89 14 -76 -87 -78 45 45 -109 -76 -94 -36 -2 -16 -32 -64 103 -102 45 -101 68 38 -9 -20 -105 72 -16 -39 57 124 31 -42 -95 16 57 71 -42 -84 122 -12 -115 44 38 -57 -56 -39 76 -99 7 -85 104 -8 -76 -47 124 45 -35 58 21 60 -8 55 -121 85 -83 -115 26 -105 53 -27 -47 -35 -127 -11 -22 -14 76 75 -63 62 -33 120 54 -17 -118 -43 45 54 39 -29 -126 -93 -5 18 -78 38 -81 70 32 54 -21 -18 -13 46 123 -126 -76 126 54 80 -102 118 -114 -122 124 -50 17 -124 92 126 23 -104 -116 123 -15 -42 107 -111 -5 19 62 -83 -3 6 35 38 31 104 -59 61 -109 38 35 91 111 105 -62 12 91 91 76 -110 114 23 -42 -20 118 -34 114 -46 -14 95 90 -61 -64 65 54 -55 -61 1 -67 -123 119 11 -91 112 -63 -91 70 -22 6 54 -101 102 -56 -67 111 4 -124 68 39 -43 -123 -5 -21 -46 -63 -118 8 -102 -77 90 -67 -15 -87 -3 96 -36 -34 36 98 -36 60 -81 73 -81 -75 -61 84 32 43 -108 -22 60 24 101 97 36 1 58 -57 -91 95 -21 -101 68 -16 -39 -13 81 64 107 -110 101 75 -56 85 -68 108 9 -54 -22 42 -90 59 29 25 -20 36 83 22 -43 106 -10 0 116 -72 116 100 101 -64 -51 -88 -24 -105 20 55 -102 55 3 103 -42 -120 -73 74 -81 72 -15 -36 -103 121 -127 -49 109 91 90 1 28 -77 2 -75 0 -65 93 13 54 120 45 91 -52 105 38 28 65 27 97 46 -67 105 -22 -91 98 -88 -72 -103 99 24 103 104 21 43 -42 76 -47 53
32 -93 22 -55 119 -113 1 14 -5 -123 88 47 73 -108 30 -78 -19 55 -51 67 64 109 22 -35 -34 -121 -48 94 -122 -2 -82 -97 -45 37 0 -61 9 -113 -85 58 -93 124 -114 -20 27 86 -116 26 120 126 -67 -17 18 22 -101 -57 -86 -114 -98 49 74 -81 -40 -98 19 -45 -40 -31 70 57 41 -61 -64 121 110 -120 108 -66 -49 -101 59 52 -51 -74 81 -124 101 19 -16 36 94 -41 5 -15 90 -12 -97 -89 -59 124 -24 13 112 85 104 -5 19 44 -105 -107 115 58 83 83 -58 85 -19 45 76 -2 -15 -93 -28 -74 107 109 -41 -16 126 -20 27 -102 47 80 127 110 58 -32 -47 -110 6 95 64 -59 29 77 -115 -28 28 -87 -99 65 -70 46 -51 -100 -90 -61 110 95 -39 -59 -36 110 -43 36 10 92 -67 -11 -73 75 59 -37 -25 74 27 32 -61 40 109 121 5 49 95 -2 -54 -62 -33 62 80 58 -127 86 -105 -81 -111 -73 116 -42 -36 93 98 -80 -4 120 -26 32 -42 41 -86 116 -110 -25 119 39 7 30 14 22 23 69 95 63 -90 44 -104 -76 -100 4 -126 41 14 76 14 72 -83 1 10 -64 -30 15 5 23 -3 40 103 -110 -8 65 115 -95 -10 -115 7 -83 -75 -34 -40 100 109 -119 28 66 83 -45 -45 86 -73 -68 45 35 -79 -117 -15 100 -45 25 95 21 -19 -81 2 -20 7 -99 -41 -29 127 83 -102 -32 19 96 -76 123 -1 27 33 -101 75 11 49 -27 31 92 99 63 126 -40 29 -13 -61 42 -92 -25 -1 -89 1 21 -52 106 39 -43 -122 -9 -61 -106 69 -47 -108 63 -76 -54 87 120 -124 -23 127 86 -35 -84 -107 -85 -57 39 39 -126 -77 32 -83 -50 100 24 9 -54 7 -54 -23 127 61 77 23 -36 -116 -119 21 119 -63 28 46 -24 -117 79 -74 119 105 101 2 124 28 -26 -88 -26 -18 -87 -105 10 -108 -79 -26 83 92 -110 30 -56 -6 84 75 20 32 29 3 -25 -107 92 -85 72 -43 88 109 -103 125 80 124 87 17 -127 50 47 -11 3 11 -47 -14 2 -127 56 -102 -102 115 -124 60 -79 -82 -26 31 3 37 -36 -24 113 -79 -107 -16 -71 -9 -5 69 94 -99 116 -83 -60 8 35 -124 -17 -128 -124 99 32 -56 -24 57 53 -15 84 -92 34 -67 64 114 17 109 -113 76 119 -121 -96 104 -46 -92 -67 -118 -69 -89 46 -73 96 -63 -3 11 89 98 -115 -61 7 90 41 32 11 -44 87 -126 -113 -85 126 4 -27 99 -104
-71 116 42 -35 62 -84 -74 -79 -125 18 6 -79 -21 -16 -127 72 31 94 -26 -90 -8 15 -97 -104 -94 -4 -128 4 42 97 33 84 26 -62 -74 -124 112 58 113 -24 -128 103 56 -83 -18 21 -55 0 -34 -81 55 -16 -99 -57 40 30 -90 -125 72 -52 87 -86 -9 7 89 -44 -41 6 109 19 -36 -42 89 -89 -71 61 35 -121 51 -5 91 -6 75 68 58 -3 12 -57 126 -109 -45 -84 88 63 71 57 -99 32 25 39 -58 73 -91 78 -15 57 54 -21 -128 -96 1 122 -42 -86 48 41 -77 -40 55 -74 -102 -102 36 -61 11 -23 -93 115 -115 -63 -96 72 -65 -58 54 -41 76 -106 -74 80 112 -101 89 81 36 -73 30 -110 103 3 14 79 78 -27 66 116 -88 -128 47 -96 -128 119 6 127 -11 113 -2 89 119 36 40 -21 -99 85 78 42 114 -96 98 115 -70 84 127 27 -127 -41 -10 -19 -18 -93 -98 -22 102 -121 -75 42 104 74 3 -67 -102 -20 -40 -13 -88 62 71 106 0 64 40 -123 -42 -67 -46 -118 -86 -55 -18 -4 24 -77 60 -3 -12 -82 -5 -124 112 -64 -52 -32 -84 -17 60 -84 34 76 10 -84 -40 37 -122 74 49 -120 106 44 -118 -58 63 -116 10 -66 117 -74 112 16 68 -29 92 23 -23 -54 45 -41 -1 73 20 64 0 -12 -82 78 -82 21 12 56 -115 -85 53 67 49 6 80 -32 -34 -14 110 16 -74 -119 -63 86 -9 -22 100 -109 1 -85 56 -52 21 -106 -110 126 -2 51 -21 67 -7 -96 25 -93 -45 14 -91 -68 -48 -89 50 38 67 99 -9 124 26 -56 -126 102 -72 -110 18 35 -46 -47 -71 -110 -78 84 -112 99 61 -62 -116 -9 2 -79 -16 -75 -41 -101 24 61 -64 -57 -21 -23 -26 -107 48 57 -63 -82 -57 -69 37 79 100 75 -72 5 77 -119 -104 67 11 109 10 -125 21 65 -121 -27 -11 -56 -23 106 -104 111 52 70 47 -83 32 24 -16 74 -45 109 110 -76 102 101 -124 -67 118 38 -40 9 -114 14 65 73 -66 -42 -98 -14 -52 66 63 -47 -38 48 104 -62 23 -27 -43 36 81 -42 -30 -68 -119 -58 -30 -120 -13 13 85 101 11 53 -92 -102 -77 6 38 -25 16 112 70 5 -47 83 118 22 122 92 -87 -109 27 84 26 18 54 -109 -56 103 -30 -86 -100 28 73 9 35 -104 -92 -64 54 70 -35 1 -123 80 -110 43 92 123 19 -91 -36 -112 99 92 -4 -36 -52 -66 65 27 -59 -112 -33 -121 124 -19 -40 33 -21 -94
60 -55 -120 -10 -49 115 69 -98 41 -26 -34 81 124 -8 119 39 122 -21 11 81 85 67 85 -48 11 66 60 -98 25 -67 -55 126 37 -64 -95 -88 8 -68 50 18 8 89 -19 -61 -117 98 94 35 -52 -23 -70 -125 -50 -79 -15 22 69 22 55 -1 -10 50 64 6 29 100 98 -75 74 -90 -88 21 -113 -76 81 -61 -37 -89 31 -70 98 26 -28 -75 -10 118 -14 29 85 16 67 -22 47 -82 20 -56 10 116 -101 -57 102 86 -32 -107 -126 111 -70 -3 31 23 125 52 -67 28 19 16 111 -25 65 -89 -66 42 85 88 32 34 -42 80 -104 -93 110 -23 -112 -93 34 82 113 84 -63 57 103 -8 110 101 17 -61 -108 -59 116 21 39 127 119 32 -60 58 81 -97 82 70 111 -83 -63 -12 -43 8 42 -12 29 84 -48 -6 -110 35 -117 92 -112 -75 -109 117 -66 68 64 16 -67 89 28 -108 92 -51 47 -41 -31 -62 -40 91 -105 118 -3 -113 -90 -1 -57 -113 3 -17 -67 -48 -57 -96 -58 -32 -32 88 -103 15 68 69 42 -73 23 -59 67 -79 96 -67 -4 43 38 1 -74 -13 -58 -76 95 15 107 -70 -46 74 64 127 22 40 72 -16 -29 89 -15 82 37 121 -56 -81 -27 115 99 82 12 95 71 -27 -21 121 -38 30 19 -4 -55 39 -82 -42 -88 13 2 32 -81 3 -32 94 -111 57 43 63 38 40 67 -70 97 -16 105 -14 -60 -123 117 -54 -111 -122 3 125 -54 100 17 -36 -105 -80 -60 42 11 49 -2 -1 -57 3 18 60 -39 -84 79 -103 10 -109 -99 52 -64 -91 109 85 7 -27 100 -37 84 -124 -79 57 -56 -68 16 49 -31 49 121 -2 -125 -103 -79 48 90 22 14 -126 97 -106 84 69 29 -74 118 -68 -12 -98 -101 -105 4 45 124 -60 83 67 6 -104 20 123 -85 -2 -94 -98 96 116 -125 -69 11 114 99 106 -80 -118 56 42 -64 86 -28 22 -123 -20 18 -91 -3 -7 45 -44 -25 -9 111 -123 -21 36 47 -62 -15 -115 -7 79 17 -55 54 63 66 7 34 105 103 10 -37 93 -70 61 53 -25 108 16 -2 68 50 86 -36 -75 -116 -110 -53 -113 -71 25 46 -96 -30 -113 -38 59 56 56 39 -47 -53 116 2 51 82 -25 -62 15 -101 64 -95 -16 -3 94 -74 15 -83 -10 122 77 125 109 12 -47 -96 -119 8 -120 76 1 -95 -10 5 -102 -115 86 105 -47 6 67 -57 -96 8 -18 -102 79 -86 -3 113 92 122 86 -34 -17 -105 -100 43 -75
91 15 -93 63 -78 116 75 -108 75 -101 86 6 13 3 -102 117 114 80 -32 -66 -44 -80 -17 75 -79 7 -16 100 -94 48 -19 -115 126 118 -41 43 -118 -30 -39 90 89 -27 -88 -28 -32 47 -106 -114 -112 -71 -126 -18 -105 69 -117 73 114 22 -54 117 -33 -44 -124 -82 -111 -92 -108 -31 16 -33 45 -89 -122 -36 -6 23 -60 -17 -112 18 -113 -121 112 -125 30 -10 0 104 43 30 47 9 -115 89 57 -64 -78 88 -111 67 -112 44 54 109 -62 -53 45 2 2 -95 -97 111 -78 47 74 74 44 116 -57 -97 95 -51 107 80 84 111 2 -113 58 38 -1 60 99 -114 67 -10 -74 56 -105 117 12 17 -67 99 -24 2 -30 91 99 76 21 -54 75 -32 34 -2 -94 -50 13 -92 118 29 -91 -3 -24 -9 86 -93 29 18 -74 -8 25 -5 -128 -54 -37 -90 125 -108 3 119 75 123 39 15 -78 -55 -4 37 89 48 -103 -94 9 40 -98 -108 45 60 40 -11 -127 -20 12 48 55 -66 90 61 85 95 -22 38 108 28 -18 26 16 85 -118 6 -83 -32 -36 -125 -124 -87 1 -2 77 72 -1 18 -44 -60 54 -118 -87 -96 72 26 -127 -81 15 -39 -39 -109 42 -94 84 -18 -98 103 -104 45 -95 -110 38 -94 -29 53 120 -99 -113 -90 117 -59 35 24 29 107 90 -9 -117 -39 -14 -114 -14 25 -30 57 4 -113 -12 -92 -26 45 16 34 64 -109 -10 29 -7 -47 -94 -26 -96 22 -106 81 -58 -66 26 84 76 -99 -127 30 -118 32 -39 95 2 -35 45 -59 6 -29 19 33 92 101 -24 89 -66 -73 73 -121 66 -95 49 -55 85 36 123 -23 81 62 -86 127 -123 34 -31 54 113 46 -7 34 22 119 -71 -69 7 109 -106 82 90 -6 -1 -117 79 -2 -68 -75 12 -41 -21 -123 -20 75 64 94 -58 60 70 -93 52 -126 12 79 58 11 -76 27 -24 44 -28 20 89 16 107 -96 9 79 -20 52 50 32 -126 -36 97 14 -31 -83 -16 -7 -64 -79 -2 -84 -120 47 -41 57 -44 127 38 -39 71 56 -90 -48 -13 -13 -24 47 -9 -77 22 55 -67 -65 22 -40 -65 7 -18 -116 -74 112 -20 5 -34 -86 105 -49 51 117 -90 68 15 -2 34 -14 -64 25 -29 117 -63 4 66 -6 40 45 118 1 53 102 -123 -9 42 -120 35 38 93 -118 -23 35 89 118 -59 -43 -36 -91 -116 22 -106 9 -45 106 98 54 87 -63 -109 53 13 -33 5 -40 120 117 -82 -108 -49 92 123 -17 4 -83
3 1 86 74 123 -109 -52 112 -32 45 -113 -89 118 102 75 50 109 -126 103 -70 37 109 94 65 79 -123 -128 44 126 123 -122 -43 99 16 124 -49 107 -13 -93 125 35 3 -8 13 -51 -85 -2 44 56 -125 -65 -108 43 81 94 -78 29 4 -39 37 5 126 -36 -59 19 114 -77 -29 -44 -82 12 49 50 -85 110 -19 0 -7 80 78 123 92 -24 53 -95 -14 -71 -2 89 121 115 -18 41 5 73 110 29 27 -116 -36 -122 -104 43 120 55 122 103 -46 -3 -74 39 -96 -48 106 24 100 -51 111 50 -53 -122 89 -40 -66 -2 75 62 66 -27 102 47 55 -96 82 -122 40 78 112 -88 12 99 -47 -127 -34 13 -13 -79 26 55 102 -62 -36 104 106 -45 81 91 -40 29 -94 -100 121 -124 59 55 80 -46 127 66 62 19 41 113 -40 4 30 94 -60 29 -58 91 -74 120 121 113 74 74 -68 83 36 51 -105 81 65 -105 -25 -3 -32 -127 -101 5 20 111 -24 87 33 -8 -71 -92 -49 76 -93 -44 117 -42 31 62 72 -13 53 -123 -28 117 -5 11 -30 -18 -99 -69 -18 -10 115 -76 -65 -89 64 -63 24 -39 -30 101 -68 70 26 9 -45 45 -110 45 77 -8 -59 79 31 75 -117 63 -23 -51 16 127 -72 -27 -92 -32 53 -50 68 -112 -108 110 -82 84 91 -17 -64 -45 -113 -51 -82 -123 81 17 45 -117 -8 27 -84 98 106 16 -50 124 66 27 -98 -103 -83 -58 -9 -58 92 -85 105 70 -127 12 -109 -66 61 40 32 52 -115 56 -37 72 -38 107 98 1 -85 51 -105 12 -113 -36 72 -8 -49 75 21 -84 -19 -58 -111 52 113 23 -93 -73 58 -28 -97 -41 -4 -23 -76 66 -102 -76 82 -33 -28 -99 20 -17 -63 -81 78 76 -72 68 114 -117 -96 113 95 -22 -62 -63 -69 -124 29 -117 -93 -19 -22 -93 102 125 41 -87 -122 -45 4 86 13 -8 -13 -12 -36 108 122 -93 72 7 -92 106 -16 48 -92 -51 105 52 -23 -24 -115 52 50 -16 20 115 -30 73 -113 -15 -127 -65 94 107 127 -113 69 27 106 10 -80 -117 53 124 39 82 -73 -120 -81 107 71 85 112 11 -89 -9 65 -84 -82 75 -42 120 118 55 23 27 105 -56 -58 -125 35 -85 104 -79 -116 -24 60 114 -113 -31 -91 -22 -81 3 57 48 -7 73 -103 82 64 -28 13 100 -81 89 110 48 125 -44 -48 59 -28 87 -88 68 68 107 0 73 121 4 84 -93 -115 38 -48 2 102 -41 75 52 -1 -7 -71
89 40 -35 7 33 80 -5 -19 126 114 102 -32 -82 51 -84 33 -31 12 37 -112 29 105 -106 53 60 42 -21 -95 109 -88 32 70 -56 92 -98 48 -4 -23 68 74 -119 -44 -64 120 96 -30 -91 126 -96 -34 -119 -127 25 122 -96 23 15 38 -55 -53 17 68 -90 37 -82 121 10 -107 -64 -128 100 40 18 53 112 -2 -75 -52 81 19 34 -123 -97 17 38 -54 94 62 -3 -39 -82 41 -13 0 -62 66 -58 -32 103 14 -41 22 -56 106 75 8 -49 16 -49 6 113 108 -120 -53 91 103 21 86 39 -67 97 0 85 -73 -50 -126 26 97 -20 -25 25 104 -42 -116 0 -103 -127 60 -65 -8 56 -100 -55 75 15 13 -50 -21 30 -48 41 34 25 54 121 -2 -82 104 0 69 88 -74 34 5 -82 -84 -97 -53 41 77 69 17 21 33 108 35 -1 105 -4 51 86 36 -77 -2 -10 -6 98 -119 28 -88 3 -22 17 108 64 -93 21 75 -82 66 -32 -105 25 -49 -15 75 92 38 -18 -63 -64 -38 -89 -73 39 36 40 -34 -39 -114 48 20 26 -28 93 105 6 -52 -69 -50 101 -61 40 -53 -74 25 -20 115 116 94 -67 -113 -55 -121 81 -99 -69 -21 -13 -18 36 22 -8 -110 -26 -62 59 65 79 -114 93 82 -2 -126 -83 -124 83 107 -121 -26 111 29 3 -97 -16 -69 2 -22 115 -94 8 77 94 -16 85 15 66 -67 1 -32 117 99 -31 84 43 -53 -41 -13 74 -114 39 104 -59 -27 13 109 104 -1 70 -75 57 88 -47 -5 10 -118 -89 124 -119 -5 -49 78 118 -41 9 -11 -108 108 -99 105 12 -40 -71 94 -1 -64 116 -48 -107 48 -63 -101 -19 -58 120 71 -54 17 -36 82 -92 67 -128 10 15 18 -79 23 20 -86 -66 -54 -31 9 -71 75 -103 -112 74 -5 92 33 -117 -31 124 8 -58 58 117 -94 -43 -15 24 -4 9 43 21 95 -90 -115 -17 76 -93 25 56 124 94 56 -123 83 50 110 -111 -51 -94 -120 -40 -103 77 -47 87 83 -73 -18 -128 121 -66 -26 114 70 -100 -63 73 84 -74 -58 31 35 32 21 -96 21 22 65 14 -20 -124 124 22 111 32 84 -99 -79 -52 63 123 16 56 13 -118 100 24 15 83 6 -24 -123 33 103 121 -16 -24 9 -39 -125 -108 117 -37 39 -28 102 -12 -77 -24 -72 -37 -123 41 -101 97 7 40 -106 36 66 -83 75 -20 101 -49 -96 -75 -90 123 0 -102 -52 122 -96 -126 -86 81 0 -88 -53 45 -50 -86 119 -8 80
115 24 -34 -43 82 23 -32 -82 86 55 -113 120 46 95 -41 35 -120 -96 100 -51 48 67 -106 -11 8 -82 -8 -64 62 -51 -75 7 34 -93 82 16 18 53 117 15 -77 63 -46 -36 21 -16 -51 8 100 112 -119 -92 -66 15 4 35 -112 6 -28 -22 107 111 -58 5 72 -115 -75 34 112 30 -29 -33 -63 -82 -37 -21 0 60 100 -48 51 127 -36 59 -22 84 68 -45 -97 -61 -44 -39 -92 -88 -112 -95 53 24 -6 88 -107 -108 39 45 48 -63 -124 44 127 -55 45 102 35 78 -79 68 -110 -8 -45 34 88 -95 -79 -70 89 -83 22 -14 -67 2 16 115 0 115 -93 -42 114 116 -13 79 -59 -92 86 60 -54 -114 107 92 -102 -124 -54 -94 -39 -78 93 22 -56 -94 -86 81 94 -102 13 -77 41 68 -96 52 34 56 -70 -36 89 52 118 -98 42 -60 46 -61 -35 -66 78 -42 -69 78 -7 -75 -40 20 -75 -108 -31 14 62 -65 -60 72 15 32 -74 -15 52 17 1 84 -76 -26 89 13 86 113 -72 38 95 -41 23 -53 126 -103 -128 9 80 81 -74 -45 28 -72 111 -82 -6 -40 26 -67 -102 -123 -106 -7 -110 101 42 -93 1 -122 -41 -96 49 -78 33 32 -112 8 66 -42 -99 -69 106 -76 26 -56 30 -68 35 52 -81 -115 -121 78 -62 3 -123 120 -123 3 -3 -54 85 -22 56 75 -117 -117 -97 -55 113 -119 -14 24 -30 31 32 -87 -48 42 -75 -110 127 86 -22 -70 93 -119 55 -114 -14 86 117 -107 -14 39 -66 -80 35 -4 41 38 23 82 14 107 -37 23 -47 -111 -52 121 117 27 59 -118 -64 -124 -59 -63 48 -37 -61 104 -108 -84 -2 -40 -20 -22 86 0 61 76 97 -15 -125 114 -41 -87 -73 15 63 127 -6 111 -14 -35 101 120 47 63 83 -127 127 44 68 72 -100 -46 -58 80 79 44 -98 -52 69 -73 102 65 100 -119 84 -104 -68 -57 -57 83 61 -37 -117 -36 120 -62 -95 -102 124 -116 22 -107 -103 67 -77 -98 49 39 39 19 82 107 -67 -101 35 -125 -104 81 123 -20 -81 -104 -33 -104 118 88 -92 -62 93 29 -114 -102 -87 85 -66 114 -96 -95 87 -105 -109 -46 -102 54 116 -80 68 -45 48 -1 32 117 45 117 82 -29 117 81 33 -35 108 51 107 22 -71 -92 -57 -52 7 123 -89 -124 107 98 0 -15 10 -19 -93 108 63 -93 -52 -8 72 -119 -65 -122 -95 -49 112 89 83 53 -65 -77 3 124 -93 -40 110 125 -39 12 67 126 21 -52 -23 49
-91 59 104 30 -52 -13 -89 60 -45 -28 17 21 -119 91 19 2 -15 -125 -46 50 -68 -30 -18 91 46 -100 -91 121 2 42 6 124 121 -3 -48 -95 -8 -125 -6 -10 -22 -118 122 6 77 -126 -123 -38 -16 -72 -7 -112 51 -31 29 -67 -37 -77 -7 109 12 -6 127 -15 99 -106 -92 -55 -21 100 -76 112 31 -59 -14 114 48 7 4 63 -103 120 79 -36 1 -96 -33 -62 -113 6 52 -75 -122 39 108 -65 21 56 35 104 -7 98 102 -32 43 77 -78 32 -104 -4 -98 -68 22 -114 5 47 -102 -16 -110 115 -34 -111 -86 21 86 8 -43 -92 -59 81 -85 -69 19 -80 -36 -107 126 -111 113 95 -44 64 8 -50 -42 -42 31 79 -2 59 -26 31 9 -101 -51 40 -17 88 -39 -97 -86 74 -75 57 73 111 77 -112 30 -40 -6 20 -128 17 -12 67 13 -82 22 81 -126 -55 113 -58 -1 -9 -66 101 107 112 51 -12 -121 52 -83 -60 62 50 -22 107 58 -37 17 45 48 -111 -96 -51 99 124 69 -75 78 -8 85 109 -62 70 -110 -97 -19 -8 46 -41 -28 29 26 94 79 61 -70 -88 49 -104 59 60 122 46 -47 0 68 84 124 -31 115 100 96 127 -61 22 86 -15 19 41 42 -23 50 102 118 24 -14 -36 -126 50 38 -23 -70 -49 -75 48 75 79 67 -86 9 59 54 -104 -81 34 45 86 -97 40 -123 -15 -51 -110 12 -65 -34 44 -20 -75 -18 126 21 69 -73 57 34 -68 -28 72 -114 -118 5 84 -46 -95 -48 70 36 -82 -69 52 123 -26 45 40 27 -50 -41 25 -59 -3 -70 0 36 -86 96 -65 -2 82 126 119 0 -36 -2 116 -109 -1 -7 33 80 -89 7 40 -2 67 -76 61 -70 -27 106 -76 123 10 -11 2 -91 -91 106 104 -12 -65 125 -15 118 -64 -28 84 -84 51 92 -34 64 -101 71 -59 38 -107 94 -124 -82 -60 -48 -5 -18 23 19 -83 -113 -92 80 124 -123 92 -126 -67 -100 -103 53 112 47 53 3 -96 36 -123 -80 -29 -88 9 36 -1 62 93 -50 103 20 -118 112 -26 117 32 -10 -125 13 28 27 -60 79 64 -52 -12 119 -96 -43 -115 83 -46 -25 64 -84 -119 42 -93 -68 56 -5 -5 -100 -48 -112 22 -45 -26 2 48 6 -2 110 -26 -110 -121 125 -62 -69 54 30 -45 -74 1 -35 33 14 33 114 3 -17 -115 118 -128 94 68 5 34 91 -70 84 13 -68 -4 -3 -43 110 -70 116 -72 -34 48 -27 30 84 16 -100 -115 -23 -59 35 1
-10 38 10 -66 1 87 -40 120 7 33 25 -7 18 -117 -89 89 113 23 -124 -18 -97 -1 32 102 -109 -14 -1 -28 -13 -72 -3 94 61 65 48 27 93 104 36 62 -101 18 -125 -127 27 -90 33 -112 121 -62 -62 -42 67 12 -123 -101 59 -39 -86 -66 53 -41 -91 -84 -44 12 -36 -72 -85 -112 25 -10 12 95 24 73 -47 89 -17 114 -76 40 48 53 67 84 98 -94 57 -1 115 -118 88 28 -70 120 51 24 -99 -2 -67 41 45 -116 30 -23 104 -26 -110 -110 -63 -109 59 85 -16 -31 38 -109 -106 86 12 -63 -119 84 -30 -11 -101 -34 43 61 32 34 24 -121 -1 -106 -45 -74 -24 -108 79 -64 -31 43 103 -6 112 17 87 105 -126 54 64 56 8 -65 119 113 -24 12 -45 42 -126 41 -14 2 7 -124 -23 -114 -14 -65 -119 -77 -43 5 -40 27 95 -93 -75 70 -122 -99 -77 55 27 68 -118 -44 7 57 126 30 -33 61 -75 -77 -35 73 -32 -72 30 -42 -123 17 49 -45 58 -127 -14 -106 -45 97 56 -61 -7 -56 -48 -93 -43 81 36 -67 31 26 -34 78 -33 -99 36 -115 -6 -113 102 87 -113 82 106 6 -100 68 -28 64 -109 52 59 -57 -45 124 64 -42 -40 21 71 -23 -50 -43 5 85 -40 -43 -88 21 11 52 -42 -46 87 -61 -111 117 109 -60 -22 -128 93 -50 -42 33 -71 26 115 99 123 91 124 -13 23 -125 22 -9 -94 -113 -17 -50 -76 61 105 82 73 9 85 -19 -15 90 94 96 -88 66 69 -80 -121 120 120 60 39 -110 109 61 -66 44 78 102 -3 -117 -23 -110 70 -4 -32 75 -49 105 -58 -74 59 35 35 89 42 86 -12 79 42 -104 -40 107 32 -40 18 45 59 -5 62 -34 -42 60 -36 -87 -39 -112 120 -47 103 -4 21 18 105 95 -29 11 -79 -118 48 24 -4 -78 116 -69 60 16 -13 115 48 53 -47 -41 -38 19 2 -24 105 -121 -76 -89 18 -126 -85 24 29 -7 46 67 -36 -106 -25 -80 -126 6 90 -21 -121 -30 27 56 -116 82 36 -88 56 89 107 55 60 -32 -86 119 -35 -29 49 -32 36 51 -78 121 -117 -53 -16 91 -11 -110 77 55 77 -93 9 -98 -30 99 -10 35 -3 -30 109 85 116 68 87 -37 -9 -86 -17 107 21 -21 71 44 46 -117 -82 99 -35 2 42 -20 17 -2 -48 108 67 118 116 -92 -44 76 -26 33 36 -122 -111 -24 33 60 29 -85 24 -118 -44 65 -33 -22 -24 36 -127 -108 77 67 82 86 -19 115
86 -3 -10 119 39 97 -30 20 -57 87 29 119 -117 114 -43 99 -2 13 -43 -67 97 2 -121 -85 -38 124 -12 42 -97 -61 -51 118 48 11 -103 13 -70 -30 -27 -127 -14 98 -7 114 6 -94 -39 75 -32 87 -104 -10 97 106 -43 -124 96 -28 66 -61 120 27 -116 -37 -95 -29 -91 26 -72 63 -92 -8 -5 -65 88 34 -79 -74 12 37 83 87 67 -27 54 -99 7 100 84 -93 -24 -10 -89 47 124 -11 54 -55 -81 102 127 15 63 -80 -12 34 -121 28 42 40 -69 -68 -2 115 29 -83 -108 26 40 120 97 -1 57 122 65 -1 90 -96 13 25 -85 -84 59 -126 105 85 31 -5 -113 88 -89 44 -46 49 12 6 -99 67 -10 -9 -113 75 -93 -99 22 43 75 -108 -58 50 65 -7 -33 -47 75 42 -104 -26 56 -121 -15 38 0 79 70 -120 -13 -12 -128 127 16 -127 72 -120 -50 -88 93 -84 76 -85 -123 81 -21 -15 123 -64 5 -83 -127 -116 -91 -94 -48 -3 120 -67 -72 -31 -3 97 -111 -100 -24 -99 -109 57 -56 -50 91 -104 -97 2 -110 -86 -101 35 -64 101 22 101 -75 126 97 -3 65 -120 114 79 -100 -127 -11 -54 -28 -62 -116 82 -37 26 50 -73 -115 -43 -9 84 -16 -20 25 -16 -35 -118 40 -121 -121 -2 -126 -59 65 104 67 -5 90 93 76 92 -15 125 107 16 -120 53 47 48 3 -51 -82 -38 -80 -71 -36 71 65 -17 -45 -38 -45 -12 -111 80 66 30 28 -89 116 66 -31 -6 -120 -39 -127 -112 -37 -124 -37 -37 28 -96 113 30 -111 -14 76 107 59 58 91 95 -51 116 -87 -91 -74 -86 63 50 53 90 -74 -82 78 85 -80 9 -103 31 -51 -41 121 62 -39 -58 -90 -7 126 38 -81 -77 -10 -86 -85 7 -91 74 -73 3 30 -115 -109 112 -59 -52 79 72 109 -27 -51 -81 101 -10 -83 -119 -70 -75 39 -82 -52 121 -13 -20 -98 41 60 126 -101 -48 107 16 -93 1 -114 119 63 -114 -121 85 -78 -115 -11 -28 91 -54 73 20 11 37 12 12 68 -94 51 72 42 18 -38 -21 73 -128 -34 5 69 48 -46 115 -124 61 37 65 26 -6 -1 41 41 -64 -55 -21 19 58 -43 114 87 -92 86 61 23 127 -57 34 -55 -116 -94 -43 -48 116 41 114 108 57 -2 83 77 13 78 -46 13 84 122 -23 -53 50 -96 -128 62 102 0 68 -103 54 -38 46 -12 -54 36 92 -103 -58 46 98 -52 91 101 117 -90 16 -121 -43 24 50 -110 -91 35 -71 37 -88
35 78 3 100 29 52 -41 14 -34 -54 -23 1 97 -123 -105 -73 -39 21 109 114 -93 41 124 -101 -111 66 -121 -22 -14 44 -107 -108 104 68 63 -36 -67 103 107 0 9 -70 -26 -30 14 49 32 -24 -8 -5 127 -117 95 71 -71 -90 -13 84 -52 37 14 95 -15 -4 16 94 -124 36 -93 -24 -27 -91 -47 30 -71 -49 101 113 4 65 -63 84 81 -20 17 113 -40 -69 -1 -69 124 -27 -126 116 124 16 -120 -8 -45 -106 89 83 98 78 -38 -36 -24 40 95 71 113 -110 -13 20 -79 121 -73 54 89 11 41 -50 61 49 14 -103 -120 -73 98 -90 79 -82 -41 -52 39 109 33 50 -95 31 36 -55 -13 32 -13 114 -75 100 -128 -118 -68 -70 38 85 -20 115 63 -119 -114 77 88 16 8 23 77 4 -5 -10 -86 17 -70 -104 95 -16 -16 -72 -70 -77 -60 -117 84 55 121 19 -88 -50 80 65 -86 -82 76 79 -21 65 83 -40 -10 -20 -24 -95 13 90 108 88 42 -42 -120 99 68 7 -17 -47 -87 5 -62 -85 36 51 -96 -82 -6 -43 26 -87 -103 -89 -56 92 25 13 81 22 62 -102 -6 -68 113 117 62 87 -83 -83 43 -84 -27 -25 72 62 29 73 0 -92 47 -61 73 106 -62 -14 66 -23 63 3 -51 88 76 110 -111 -64 -73 -80 94 -23 -73 10 47 40 109 -126 -78 -80 -56 30 121 3 10 2 -14 101 -121 88 -89 105 5 -4 10 -51 51 61 45 -71 -114 5 -113 -77 36 77 -41 -7 -23 15 1 -106 78 -92 12 -114 -122 30 120 44 -41 -39 -41 91 -118 24 -37 -69 45 62 40 -2 -53 -35 -82 -106 -34 1 11 -76 90 -71 -80 80 25 40 74 102 96 65 -79 25 56 -68 80 113 36 -115 -70 97 87 32 46 -16 71 96 20 117 102 102 -77 41 -81 -41 -83 -69 -21 124 98 -23 108 -62 -46 -84 64 -72 -106 8 105 -11 -65 -93 114 -72 3 64 -19 114 54 -66 5 50 -128 -6 -126 -116 -26 -102 -41 -11 -47 99 101 -122 -18 103 -16 59 -53 -85 15 96 78 -35 -84 -52 -91 -92 51 91 -60 -21 69 7 95 41 -93 114 -90 19 -118 -114 32 49 1 -87 33 47 -118 52 -4 32 88 65 67 -104 -112 4 23 96 -24 26 -7 50 -39 -27 -50 -30 81 59 117 -103 42 -42 -104 123 113 -13 103 43 19 -80 5 33 2 -37 -20 49 19 75 -105 -79 29 -59 -84 35 -21 -50 -112 21 18 -33 27 107 85 -57 54 -104 -19 45 71 -94
-58 21 91 91 -104 -99 30 80 -18 -43 -32 -52 -78 -34 2 -120 -99 68 75 78 114 -80 -7 47 -55 -57 14 28 50 -7 100 -71 106 84 -52 -115 -100 -49 -128 -76 13 -36 53 6 37 70 27 -49 -112 106 -104 83 -113 30 87 -57 6 102 105 94 1 -98 40 -47 15 -118 101 96 -94 75 99 121 -94 -29 11 66 -54 -123 -64 -84 82 3 88 -72 44 43 121 116 7 -100 -11 3 79 47 81 114 11 94 -112 -27 -47 73 -24 -14 127 97 -108 55 49 49 9 -97 -128 -51 -14 -97 -13 -53 -85 56 -108 124 -32 -91 28 104 -83 36 60 -62 0 -60 -73 82 -48 -22 24 70 44 -83 38 91 -40 -107 -78 92 34 77 18 -6 67 96 -27 11 -94 -88 116 14 33 80 0 -29 -44 126 71 125 -120 80 -65 102 -40 118 14 -18 -51 -81 58 71 62 -114 49 -85 123 -4 105 79 85 -26 -3 -84 -114 -7 -125 101 -25 89 -128 -127 -74 -2 -52 75 46 -27 71 35 -79 -26 94 58 124 -50 92 -31 51 116 -33 44 -83 98 40 49 -31 -46 47 -54 -103 87 -17 35 2 33 47 -76 83 -1 -105 97 -11 4 -115 -72 -99 -98 93 -35 -104 41 -9 -6 -33 -107 66 86 -102 94 7 105 127 -73 8 -29 -88 25 81 8 -27 80 100 -125 -33 -77 -105 67 110 97 42 -78 124 93 98 12 -33 -78 2 43 23 -59 -46 103 -45 -71 -95 -108 61 88 -88 -116 -23 -48 13 117 53 -120 -93 120 32 -48 54 124 -52 -71 79 67 2 -43 -93 100 15 79 69 -17 66 125 -19 -6 114 -33 -87 72 122 -63 -102 36 73 -105 -42 17 -58 -10 -33 -28 -120 29 -40 122 33 -61 78 50 -35 -113 -92 -57 -122 115 0 37 65 68 125 -61 -89 9 27 99 97 -64 -34 98 -24 -90 -69 118 -30 -21 -122 83 81 -127 1 96 50 -22 35 23 30 64 -94 106 -60 -123 -57 -21 -71 -113 122 -16 33 110 117 91 70 24 100 73 -15 -67 -38 -94 -55 67 80 124 15 -34 -77 27 -119 -119 -37 94 -93 89 -121 -90 -25 -22 59 -60 -51 -110 89 -62 -79 -48 113 100 -43 2 -69 70 -65 25 -41 27 -36 74 16 -67 -88 16 -5 -80 8 -45 53 -122 82 115 -4 58 7 33 -106 -108 122 -87 80 94 -82 2 3 122 70 40 111 -17 56 76 -126 4 -123 -49 127 -31 101 21 6 102 -61 -1 31 34 37 67 105 -39 105 -78 31 -52 41 103 -113 -95 100 96 -7 -107 -71 12
102 -79 14 77 59 -49 56 77 -24 -12 47 -74 63 63 95 -33 -80 -35 10 117 -34 47 -22 -93 40 52 -2 52 126 49 76 41 42 107 -47 67 -32 -82 -111 6 44 -11 -75 41 24 -89 46 115 22 56 124 87 -120 33 -36 -114 -125 42 17 -103 2 -53 -66 -82 -56 41 -67 -7 113 -91 -25 -112 117 27 -33 86 39 106 86 48 57 -54 101 71 107 91 17 -48 45 68 -95 -24 -58 -54 -119 -118 8 54 37 111 36 -70 48 16 121 114 121 -126 126 -42 46 110 -105 -6 57 -19 37 111 85 -117 97 -63 -84 97 -96 -71 103 -82 -16 107 -61 55 50 -25 25 -101 28 -127 32 109 -14 -19 -115 15 -77 27 -127 38 32 12 110 -39 -36 71 117 84 0 31 88 6 -77 -86 35 22 -63 -3 24 -126 93 -95 -111 69 60 -85 7 -15 53 9 54 -29 62 -19 83 46 -39 -84 63 -40 -49 -102 -46 3 106 31 -58 36 -116 127 106 -21 -11 4 38 -42 -23 -21 24 -23 75 65 -43 -83 -66 -36 -71 -16 36 -107 83 81 -111 -68 -62 -98 67 -101 -127 89 94 -95 11 -71 -26 -13 -108 53 29 -48 96 31 -2 84 -106 -12 105 -50 -45 -69 -25 87 -76 -65 -35 70 -62 90 -111 16 -45 73 84 29 -50 -119 -107 -40 -30 33 -64 -110 40 96 22 -81 57 12 121 -61 -82 101 -94 -8 -26 25 27 16 -14 54 -67 71 -63 -65 104 16 92 127 -102 65 6 -98 4 -16 -96 27 38 109 -53 -76 98 -121 84 -40 -52 -91 114 36 -35 -75 -83 -41 -12 105 -57 -80 119 -86 -120 121 86 26 -39 72 36 -103 16 69 104 31 126 83 -38 60 10 115 4 -1 -46 -77 102 6 -38 3 -103 -9 -105 -80 116 -99 121 21 -123 118 -19 -4 -104 -62 -34 -69 -42 -73 125 -111 -35 38 -19 117 -41 -72 -96 -103 -73 -55 118 58 50 -79 24 -47 -62 -7 -80 95 -76 93 92 -25 93 70 116 47 -39 -107 -38 -104 121 13 89 123 120 30 110 -122 -64 36 -48 72 97 35 76 -125 33 -31 -119 39 -79 -84 -87 -86 119 13 66 43 105 -5 20 -72 -37 54 11 14 -64 40 15 -78 -62 -122 -75 -118 85 -17 -68 -12 120 11 -64 -56 -109 4 -58 115 -32 -85 -7 -100 37 -54 95 57 3 112 102 125 -83 79 120 97 -67 -5 124 26 38 117 97 90 -27 36 -42 -115 -101 112 66 -79 -75 58 -11 112 -73 -125 -43 80 -90 -25 77 -7 109 59 123 14 59 -42 49 35
13 72 -3 33 54 67 88 115 62 7 -121 -72 18 59 91 -19 55 88 64 -7 2 57 -89 125 103 60 42 -109 -1 -18 77 64 2 -45 -43 14 -115 4 31 90 97 0 38 9 29 -107 -42 -99 -98 70 -19 -83 -45 -72 114 -41 -45 50 -11 -43 -44 -121 121 -62 91 105 -107 1 -70 -50 -8 45 -72 37 -1 24 -120 71 -42 -68 -120 -78 3 -22 41 -46 65 -50 -2 41 -128 83 99 -45 15 -30 -6 -81 54 -88 33 -24 0 19 -12 -32 69 -61 3 7 -31 7 -47 -21 37 -101 21 101 -121 -103 -52 91 7 -72 -22 -72 74 123 101 -117 -21 34 -17 42 -48 -22 103 -2 -70 -27 46 -79 25 -62 30 32 -20 -92 49 -47 100 104 -44 -69 -117 38 -36 -37 12 58 29 -67 -29 52 55 15 12 -80 -92 113 91 -36 -44 -25 3 -90 -110 -12 -29 70 18 -65 -65 30 21 20 59 -37 -103 24 -115 126 127 -99 34 -12 -119 72 -47 -49 -96 -121 -128 57 117 -72 -86 126 6 -94 -6 46 105 -105 88 -27 1 41 5 -109 61 -114 -62 -12 105 -109 122 107 83 -118 -99 -12 -95 -67 52 58 84 112 -8 102 -126 -93 91 -22 -82 40 95 -55 -124 -120 91 -4 -57 95 23 -114 -71 -30 49 103 57 121 68 47 11 -21 -12 25 -106 8 -120 -77 20 66 72 -97 -30 -53 -32 -88 -54 -1 123 24 93 -8 54 -68 -85 102 80 -93 -2 99 44 -80 -38 35 38 94 -85 27 122 -104 2 -98 -114 123 -100 -48 0 28 -97 90 -84 16 -43 119 -71 50 11 69 54 -118 -62 -15 62 -23 1 -113 -48 35 73 2 44 -126 -119 -95 82 115 -39 -52 52 79 84 -86 72 86 3 -104 0 61 -122 -104 113 46 58 37 52 -70 -44 49 -126 -60 -12 -89 -120 120 115 74 73 17 -56 61 -88 -12 -39 84 102 -62 45 -123 -87 109 38 86 59 -63 93 -115 125 41 93 -121 -80 24 84 -55 103 103 -112 -57 -92 -87 37 -81 -22 -79 87 -8 19 47 97 -49 69 122 107 -95 97 37 -42 85 24 53 79 89 56 -21 -38 -120 -5 7 61 45 -10 71 -109 121 -101 -68 -35 -73 -32 65 -49 -40 -102 121 -114 -9 -43 -70 -84 -26 63 -57 -116 27 66 124 20 57 -59 -70 118 105 -127 -11 -90 84 -58 -106 102 10 72 68 -56 68 106 116 -124 -96 101 124 114 -86 -40 32 -21 -38 120 73 -41 38 75 -123 112 50 -46 52 -72 127 28 -4 38 -32 44 -78 41 74 -21 105
102 -6 -14 111 -64 28 75 12 2 -34 -51 -12 69 -58 -74 -44 11 -45 -53 -122 60 40 28 87 77 -128 45 49 101 103 10 44 48 103 76 60 -111 27 109 97 -72 -109 16 5 -29 5 -77 15 -48 -26 -38 60 15 42 -60 63 66 -1 -94 -78 -63 -8 64 112 -62 -30 -12 42 83 -65 -78 127 50 104 -62 -34 -2 49 -17 82 65 -116 -92 -55 -115 67 52 10 52 -19 -82 34 -21 27 -56 90 77 52 0 -84 -7 108 119 -43 1 -47 -102 119 98 -117 84 -110 -53 84 39 110 18 113 10 76 -79 121 91 117 111 -121 3 -50 103 17 -97 124 -23 70 -49 -60 23 -116 -94 90 -31 -59 -124 117 -64 92 41 -8 49 -111 -78 96 -105 36 -38 52 -77 -58 99 -68 126 106 -102 86 100 77 -121 12 45 -19 -116 -121 90 -116 62 37 -29 118 90 76 75 118 -12 -77 -57 83 -95 -91 -99 -127 49 -69 -125 -43 126 24 -58 14 -4 -47 -57 -42 -42 111 -126 -95 59 30 10 -109 -67 -68 90 44 -23 -72 -106 10 116 -86 -54 -15 -128 -67 -2 -92 -128 6 57 125 21 93 91 114 112 -3 9 111 -66 90 -125 -39 63 -24 -123 25 -103 4 94 -60 102 19 -92 -89 -64 -24 -89 -29 104 -33 -31 -109 -109 94 -87 -57 45 -51 -95 -83 93 -95 -128 125 21 -91 3 20 -30 113 -92 63 16 -47 44 24 -120 26 114 -91 -77 75 99 103 67 58 -78 -60 30 12 -10 -7 12 42 104 -126 -87 -116 -45 59 90 -102 80 -53 113 -107 96 -93 10 31 -84 -68 -7 -45 -108 10 -103 124 42 125 -45 78 31 -48 -86 51 -97 48 -30 -81 -57 49 117 50 -31 -87 124 -25 -57 -90 19 39 105 6 31 50 -115 71 45 -110 -113 -14 114 24 -14 -82 -22 -23 -108 35 -2 81 95 -120 -8 -91 112 -54 -58 107 64 47 22 60 106 -40 -43 38 -54 59 64 17 8 -58 107 -75 66 72 -128 104 -117 -110 78 122 -115 102 -30 69 57 -63 -115 108 -37 1 3 64 37 28 -4 -68 67 -92 34 -30 124 -51 65 25 109 1 -61 -82 41 -58 72 -23 45 19 55 -113 38 -79 -43 93 40 3 80 13 1 48 101 -34 37 37 39 -73 89 117 16 -27 -123 28 49 50 -72 -21 110 115 53 -116 -53 -110 -114 -70 29 86 26 7 -12 -15 -31 -82 -80 63 13 -110 -92 -123 29 110 -120 -39 -96 -12 -95 -48 -89 85 104 102 -122 -48 -19 44 -35 2 93 98 73 37 -30 100
-114 -127 -103 40 28 -91 54 114 114 -85 63 3 36 -122 34 62 120 7 -16 -12 -92 34 -62 25 -36 83 -16 -67 122 -55 62 6 -33 89 77 -12 10 -60 83 -13 60 10 1 -67 -66 -96 -37 -104 42 -2 91 63 -18 -55 117 46 72 -70 83 -75 -78 -125 -13 -113 100 -98 34 92 36 -59 -5 60 -54 23 10 -18 -24 123 -54 50 -118 -23 6 70 -50 89 47 -123 -59 -32 110 110 -97 -45 -91 -94 55 -120 8 105 107 55 121 -122 100 -39 -77 91 55 -93 -115 79 -128 -10 -50 108 15 81 -91 -92 73 -118 42 81 -70 -124 19 -83 15 96 -98 7 -7 -121 27 87 -96 60 85 4 -125 64 120 92 -68 -73 -17 2 -2 124 -80 -35 48 95 5 -104 39 -54 64 -38 -99 -61 -43 113 52 -74 64 -92 38 -43 96 17 -78 77 -122 27 70 -65 -4 78 112 43 53 -48 -55 18 42 -58 112 48 22 -30 99 -6 51 -120 15 -19 23 73 -16 71 3 -46 -87 39 -87 -35 -116 -40 -108 117 -5 -5 40 32 -125 -112 -104 -120 -77 -113 -54 42 47 -5 61 98 -49 125 -32 121 -7 -83 28 -95 8 75 0 22 -23 60 49 -91 -120 126 60 68 -91 -3 -45 -66 -77 68 -69 13 -45 -18 114 -52 17 -118 -38 22 -51 -29 113 24 10 77 50 29 30 -60 -61 106 65 6 -32 52 72 111 -111 -39 60 5 -79 -115 124 -81 -65 111 89 19 -2 65 59 -122 -88 92 99 89 99 96 -124 73 -78 113 12 70 -127 124 -3 37 64 78 111 30 70 96 105 -103 24 -59 -56 8 -14 -16 -43 75 -22 116 -95 108 -21 -47 -107 65 64 -100 -49 2 -24 -30 -104 -20 -117 43 60 -45 -127 117 -113 -63 -93 106 -59 32 -88 -98 -124 42 83 -53 -87 124 -116 35 60 -104 -21 86 101 60 -68 -46 -8 67 -85 18 -27 13 52 60 -52 2 -81 -77 42 -50 38 -115 25 20 82 127 -121 -115 112 51 -117 2 113 4 -123 -45 12 92 -55 -67 -82 -68 96 43 -87 47 4 44 62 -116 109 -114 -102 94 -23 -39 122 80 -10 -49 -67 -117 -88 -7 24 -26 -30 111 -8 50 32 -76 -64 -24 -12 76 -7 125 -92 -50 -63 81 119 -77 -36 -35 90 -84 -66 101 95 110 -39 -21 -50 79 -110 -92 -126 -50 40 52 -112 40 -116 -87 -36 87 -70 60 -91 47 14 -29 -16 109 -7 20 39 53 31 31 94 -74 -121 -35 45 106 25 15 18 -123 39 87 -44 -77 52 -122 -25 -126 -103 -70
37 65 52 112 -98 -13 100 -41 -48 -13 -92 56 111 91 117 76 -46 29 -91 55 -57 -10 -21 11 -8 51 54 43 -32 57 -40 -99 21 -16 -60 -55 -98 125 -99 -117 -96 126 -11 -119 -26 102 -29 28 -4 89 99 -48 104 85 109 -124 83 -8 31 121 38 -120 109 -37 -104 -127 49 119 73 -80 -78 49 119 -16 -41 -55 -76 83 84 -17 16 99 -108 12 26 7 -23 -110 4 16 -41 98 71 -56 -97 -76 126 -79 -1 114 73 -96 29 64 -124 26 119 104 27 123 -4 78 42 41 19 -41 68 65 101 28 -28 -79 -60 -116 -71 5 -105 -99 -65 115 -6 -92 -115 -30 82 -54 -112 4 100 38 60 112 -48 -41 14 1 77 14 -50 -77 -90 64 5 -126 36 -74 -25 87 32 64 -87 96 63 125 17 -75 24 47 52 53 -90 116 60 67 26 -17 113 -120 33 -107 32 56 -110 -9 -128 -69 59 71 -49 71 -11 127 25 -2 -8 -126 0 84 47 -62 71 -51 -119 -8 42 68 -25 51 119 3 97 -122 62 -72 59 123 121 48 87 -72 98 21 -64 -114 107 -86 102 -2 77 -1 40 -12 -95 8 16 71 85 -118 83 -91 69 7 -16 114 47 106 62 10 15 -51 -59 65 120 71 71 -26 38 15 -72 -54 5 -2 -88 15 -105 116 -70 24 -15 121 43 83 -80 108 -36 2 82 14 104 -93 -18 49 23 -20 -123 114 -40 84 -110 -127 86 -62 -26 -57 -64 7 -119 122 12 23 -33 28 56 17 -19 -66 28 -31 -95 -41 -109 57 94 66 -23 9 44 72 24 -22 60 -64 79 -99 -112 -83 2 32 25 26 105 23 -41 0 122 115 -54 -19 90 -97 -44 94 87 72 79 -31 37 -18 -60 -47 -7 125 -37 -44 -116 -51 -95 12 33 47 -89 57 60 1 20 81 -125 -21 -74 -26 -16 0 -104 88 -73 -95 -82 85 -61 75 43 30 93 60 8 38 86 -87 -27 55 107 -91 59 87 -127 78 93 -35 74 -109 103 -30 113 -25 97 -38 14 115 102 37 -106 -72 28 -45 22 57 -6 -123 101 114 -15 88 -73 98 -121 -67 37 103 -55 79 -87 126 -29 -43 100 10 -111 123 -111 -61 33 -33 -39 -104 102 -39 77 -5 -48 47 18 22 -32 -27 -13 -13 60 -5 66 46 9 -41 -37 19 -79 -37 0 -100 -65 -121 -81 -3 -85 64 -95 41 11 -109 -76 -30 -42 75 98 18 -29 60 -71 43 48 23 38 -39 18 121 8 66 -85 -128 -93 -47 119 32 79 -61 35 -86 -81 -5 10 -90 -32 -1
-1 19 72 54 -115 67 108 -22 43 93 -60 -34 -90 33 -53 -7 115 -66 -104 -2 -17 67 -50 -81 -52 -17 -58 28 45 -44 -61 -88 48 8 9 -86 -78 87 -102 -10 48 38 -116 -11 -117 -97 25 -31 20 49 -60 -29 -14 -111 61 84 83 14 -41 27 108 67 52 97 -55 -123 108 -24 50 17 53 52 104 79 -2 42 -11 102 -28 -39 60 30 22 58 -54 -10 61 50 -16 -58 114 -96 116 1 -59 67 34 55 127 106 -113 -47 92 111 -107 -14 68 -64 -43 41 -23 -25 -105 -67 -75 66 -43 111 58 -98 -12 -93 -80 -33 23 76 -49 102 16 95 -11 14 -116 -37 118 -41 -49 -13 -27 93 69 98 80 -1 86 82 -100 101 -100 94 63 125 81 -56 50 -90 50 88 75 46 -104 86 -25 -107 28 37 -37 44 -57 -88 -73 -22 -38 33 -105 77 -74 48 -59 25 26 -94 82 -118 -99 106 28 78 -9 -67 88 -106 21 34 -103 11 -91 49 -7 -120 86 2 65 -68 -14 -3 -95 124 27 24 -69 -75 69 13 124 29 16 -8 -85 -107 80 -10 -37 97 -100 16 106 33 89 -80 -8 110 -81 63 -33 -28 64 -65 -38 22 -44 110 -39 -2 16 5 85 -87 -125 -1 -24 30 -74 4 -112 -24 -15 1 125 -94 -126 -32 108 93 -54 -107 44 -19 -99 -102 56 119 57 109 -69 112 -20 -42 -123 -123 19 33 69 -71 -52 -70 -51 -97 -12 9 -88 -115 -99 7 67 125 -14 -73 9 -77 66 20 -126 6 11 -92 51 100 -108 59 105 -43 36 126 18 108 29 -24 -93 -92 27 82 -59 -80 126 67 15 -20 -32 -94 -66 86 -61 -16 -122 -48 -97 -98 94 -110 -124 -49 -78 -76 71 49 -42 -77 42 83 -46 -6 27 31 71 -76 13 -72 -33 -55 -24 -87 -98 125 -93 92 119 -9 55 -73 95 74 98 -42 -82 48 -128 -54 45 -73 -55 -36 -126 -14 56 -83 -74 98 -115 -112 -121 124 35 112 26 109 84 -125 -6 92 22 4 -76 93 -40 -76 -67 -76 -106 -110 -1 4 76 43 -100 22 48 12 6 59 61 7 -8 42 -125 -45 -5 73 40 -44 -115 115 114 -85 51 50 -93 95 -20 -53 -99 81 -50 -46 66 45 40 -34 -71 121 22 -11 45 -73 -1 126 31 -17 -39 38 63 60 72 72 -65 -83 -28 123 91 -78 105 -27 -106 9 102 -45 109 113 75 72 28 -1 -56 35 -40 116 61 -74 -13 -110 -33 120 105 27 -78 -46 -105 -71 112 17 -65 -114 122 -93 -89 -7 13 109 26 -44 25 -92
50 7 -32 125 -30 45 55 22 101 93 -105 2 -52 -60 -108 96 104 109 -66 -56 95 -33 72 -103 41 -82 29 -73 -101 58 -9 -15 -54 -95 41 32 -85 99 -71 1 -59 -75 -30 121 55 -56 27 104 -101 80 86 21 -89 -15 -17 94 87 -23 -45 40 77 36 -5 -105 -123 19 -112 -39 114 -37 -111 -6 97 -21 -6 113 46 -31 -81 123 -57 15 35 122 25 47 -30 107 -43 102 -110 115 -124 -118 -36 -36 92 -105 -81 70 -104 98 41 -113 -23 54 73 -67 -123 -63 -37 45 -120 -41 67 16 -24 -16 -85 115 45 80 -83 -68 -95 48 40 -15 -112 70 7 -82 4 -91 69 -96 98 84 46 -31 0 93 61 -39 57 58 -29 -111 -26 -42 -44 -82 -127 44 -127 -84 -110 13 -73 15 -54 -35 119 -76 -69 127 44 5 114 97 111 -44 -25 -27 -70 -23 108 95 -89 -59 3 -106 -122 -103 115 42 -29 -63 33 -75 -53 49 -73 115 73 -35 124 -118 -13 24 -19 30 7 -9 99 -7 57 -80 -52 64 83 31 39 69 51 -7 44 59 45 108 15 -31 14 24 11 117 53 -13 -27 -122 -3 22 109 -76 -73 -122 -79 -76 -38 19 15 -60 -95 0 126 -96 -31 18 30 -78 -97 34 27 98 56 115 -48 -62 50 16 -11 81 -110 -31 108 80 108 -75 -58 89 -111 24 123 -91 67 43 123 103 -58 77 66 -50 20 119 50 60 92 -26 -98 59 30 -41 79 93 72 98 91 123 41 18 55 -22 -44 -24 -100 -127 118 40 -67 -87 38 -11 -70 111 -101 47 119 -119 90 -22 -45 -28 11 -41 23 -22 -97 -98 40 -5 119 -82 127 -116 -8 125 -97 -116 48 -41 114 -76 -102 -123 -109 -10 -42 38 71 78 84 -97 18 -126 -34 69 113 -101 15 121 53 126 -72 -80 -17 -98 20 0 -42 50 -35 59 17 63 7 86 53 -54 102 38 97 -40 71 54 56 -77 -83 103 92 -38 -6 121 -66 13 25 -69 21 -109 -76 26 -90 -55 -71 64 93 -121 -97 -105 83 -82 -42 -53 66 -68 -24 79 118 -18 7 -19 -14 26 -106 6 11 46 67 63 -88 21 -126 -115 53 40 -100 75 90 34 45 -81 -24 67 121 -82 49 -60 97 -57 82 -12 -69 102 125 -66 119 125 126 -51 35 68 -117 50 -72 -24 32 -40 -75 18 66 39 -67 -92 92 -109 96 19 48 -94 -123 -43 -29 3 5 -95 11 -15 66 107 -65 114 17 12 -27 110 -53 117 72 -72 -101 -37 82 47 -47 13 72 116 -76 65 39 107 -23 77
104 55 13 -21 63 3 -6 -40 -72 -1 119 -124 123 50 83 -82 -20 -120 -23 83 24 42 -39 -107 -94 52 12 -116 -106 -41 -6 -38 35 48 -119 -23 -111 -125 -32 -111 -7 102 -37 -102 25 -126 -70 -14 -61 -59 36 -67 -13 66 29 -58 113 -112 121 -59 -63 -127 -12 -46 74 43 48 -128 -31 9 -75 93 -43 86 103 42 -72 66 90 55 -28 61 -33 -75 64 -52 111 -76 6 -42 112 81 24 127 121 -69 81 32 15 5 -45 47 -13 46 108 -53 8 101 -34 7 -97 25 -107 -115 -96 99 -33 -49 94 -52 71 26 37 -16 -2 -79 -24 46 73 -52 -39 -125 -7 -25 -5 7 52 126 -43 -103 -85 61 28 -4 -112 44 70 71 -13 -98 -76 90 -65 96 -90 -113 12 13 -12 -3 -72 89 12 -125 34 98 -113 14 -60 -73 -41 -94 -57 51 7 -26 -78 119 60 -49 -52 56 -113 124 -126 -57 33 -3 -111 -82 -25 -13 76 -19 -34 -36 116 -43 4 87 -96 -42 -16 13 -57 -46 75 -128 -101 -89 81 11 118 81 94 8 -66 -96 83 47 79 104 -30 -37 -35 -78 -43 127 122 48 108 38 102 -10 -85 89 -83 60 -37 54 118 -34 16 -32 49 -112 108 -13 -108 22 -103 -62 110 57 47 -73 -61 -79 -47 -56 101 127 7 31 108 -37 -78 -23 -44 66 -42 109 112 -35 68 -108 76 -75 -84 -25 93 47 -82 -51 -32 1 36 -101 91 100 -123 75 46 64 -57 -41 24 126 -95 -105 13 -20 -65 -21 -3 -39 -20 -17 -122 38 99 103 110 -16 -51 109 127 -76 106 -86 -36 60 69 28 90 126 87 0 -31 29 21 -12 -16 -16 98 -108 -105 -32 -83 16 67 -99 36 -102 41 -95 25 119 1 -57 52 100 -46 -84 80 120 -56 13 8 -112 32 126 72 50 -108 11 127 123 65 87 66 79 -18 46 32 19 15 -111 -127 39 34 -114 99 109 -60 -76 106 32 -45 32 -3 -108 -7 -23 -42 110 3 -98 10 -7 22 -8 33 -3 72 -40 -80 -74 7 -78 -26 114 78 104 53 45 -35 -79 -9 -52 -120 123 30 -27 108 -53 89 -2 102 11 61 120 -99 -128 -30 119 -93 13 107 -101 -87 121 -60 -88 -82 66 35 -103 -81 124 13 82 13 -85 -81 91 69 -83 -38 80 111 -77 -55 7 119 120 124 -111 65 104 -107 -53 89 3 117 112 47 -45 -85 110 -30 -109 120 -101 78 -77 -37 -51 39 -90 108 63 -89 109 -36 55 -26 89 12 11 100 125 -13 -107 92 60 -104 -73 125 -23 -37 45
45 -87 -85 54 102 18 94 -32 107 86 -27 -67 27 -91 -47 30 57 93 126 -108 79 75 60 -41 86 72 125 53 -126 25 -109 -78 -61 -90 75 78 -127 -39 -11 16 111 -2 -95 -70 83 78 16 16 -84 21 69 -26 -68 -107 -128 -46 -76 71 96 106 -109 -82 -13 81 -25 -57 2 87 -70 -95 126 -86 -65 49 -111 -1 -104 3 -8 120 34 54 -122 -71 25 -98 70 83 -103 -95 32 39 113 65 88 3 -85 121 -46 -58 82 -11 43 127 -34 -94 91 104 95 -48 75 -1 -7 -21 -104 79 -110 66 31 -98 -30 -12 58 24 -39 -93 21 79 58 -42 63 -22 -18 42 90 89 54 7 82 -54 -115 106 -96 -5 -33 -119 -78 -25 80 110 -28 118 -71 38 -109 22 -16 13 103 -10 52 28 24 -124 -21 103 -93 107 -70 -20 -105 -26 -95 57 45 -125 47 -52 -46 -89 -56 -112 -103 -47 -26 -29 61 16 -83 -13 69 105 -117 -52 -42 29 85 65 -107 -119 -9 -92 -107 -50 105 -36 10 38 122 -44 35 82 -64 -19 -77 -118 85 -89 -59 -80 -26 92 -52 61 -16 41 -92 -30 -38 -52 -20 -63 41 -115 68 89 -97 -80 93 79 -99 47 62 113 -56 -103 121 0 96 11 -98 -36 -72 -5 87 81 -75 -40 107 -39 123 -8 -95 45 -124 61 21 -123 -115 47 -54 26 -110 105 -80 -53 -27 -60 -35 -25 39 -23 1 -88 38 -39 -110 -14 -112 -109 1 59 -85 83 75 52 -102 -25 2 -48 89 -116 102 115 66 45 -99 109 90 54 -36 -112 -89 -9 -86 44 -62 97 -118 -44 -72 -101 -112 -66 80 -113 12 -28 53 31 -62 117 -109 -113 36 -120 -51 97 -88 -74 101 114 74 -74 -31 -4 86 -77 13 -1 38 97 -76 -92 -123 -36 65 -35 97 -12 126 -8 3 53 -54 -47 24 -119 -69 -127 103 58 67 75 72 -41 -11 45 76 46 -69 -49 -59 98 20 80 109 70 -125 126 13 46 -77 -73 -72 -65 -62 4 116 87 1 -111 36 127 -116 63 -82 74 46 39 114 -69 90 83 -34 -26 -82 18 25 -30 -118 -2 76 -104 16 -97 41 -89 26 36 -117 -81 -116 -97 -14 -58 63 -31 62 -68 -11 -73 -103 77 -74 -23 42 -63 34 -49 -72 108 124 13 3 64 -117 -71 121 -124 62 61 21 -42 10 75 -25 103 -81 34 14 117 22 104 -12 104 -20 118 80 -27 -106 49 -7 66 -58 -45 83 62 59 71 1 -54 -91 97 -37 -116 98 -63 63 55 118 41 -51 10 -95 -123 -50 15 -24 65 -75 25
-31 -37 64 79 39 -30 -30 53 73 78 -3 42 81 10 -114 34 -24 71 -49 122 -74 35 -53 -62 -50 -125 -37 -102 106 -121 -1 -45 -112 -72 21 41 110 -112 52 -85 36 0 115 -64 84 26 74 53 -30 35 38 8 39 70 58 -128 105 122 -5 111 43 -95 -97 -13 -38 -46 -3 98 -42 127 87 -74 73 74 -50 -122 -91 31 99 122 -45 -63 -103 -122 -52 -70 29 -114 -83 -123 90 -71 -7 -44 -98 -21 -97 -69 79 -115 117 -22 3 -46 86 66 -116 -45 127 -1 -27 68 92 -46 -27 0 -91 77 1 72 -70 67 -93 124 41 -121 97 -99 70 60 125 86 83 85 -127 105 -111 53 -22 -107 65 67 -4 -102 19 100 -2 -31 77 -114 -84 -113 -56 115 -95 -4 91 -18 -80 -112 124 3 23 38 -97 62 67 -34 121 47 -37 77 -67 -25 -95 -24 -15 83 -97 -45 63 1 95 -3 -36 82 25 91 -15 -28 97 -14 -97 12 -84 7 54 -18 30 -1 42 -11 51 25 -89 53 46 -93 6 -88 -81 19 66 1 -85 -96 -37 -58 18 -22 25 118 -109 -70 92 -44 -40 106 -107 -71 0 60 -32 64 -120 -87 -3 -45 -27 -106 -112 -3 -106 116 -4 81 30 -106 -83 78 -105 14 46 -82 -59 9 115 20 -59 78 -77 123 11 -16 -105 -56 125 -112 -98 54 25 -8 27 -57 -16 114 -62 65 6 67 9 -101 81 97 94 -123 -12 88 -107 92 -122 -126 6 66 116 -88 10 19 -32 4 -33 109 -121 -66 5 -115 31 -99 -75 -106 6 -93 -30 12 68 -3 97 -122 31 -95 15 28 -103 113 108 27 76 -110 75 -84 23 97 -84 -67 16 104 107 60 31 -128 24 78 -4 -97 33 81 -111 -75 -56 -75 45 -85 -35 32 104 -34 20 86 -99 85 37 100 104 5 -119 67 -8 -82 -53 118 -88 29 49 19 2 -124 61 -26 13 71 28 -42 101 -47 -118 -38 28 86 -62 1 -56 44 124 -88 9 61 -40 13 -86 21 -111 27 -126 74 -41 -88 11 25 5 -101 76 -12 -120 124 -1 -24 -31 -69 -30 68 122 27 -56 82 120 1 -67 22 -32 127 21 105 -87 -120 -89 -53 95 75 55 -75 -100 -84 94 -71 23 122 -31 108 57 45 64 -14 27 31 32 106 -67 -50 31 -119 -115 85 -70 111 86 36 -81 -33 97 62 15 -31 84 13 -32 -127 72 13 90 -120 -85 -14 51 121 95 127 -43 -77 -87 24 74 72 39 -109 54 29 -104 -115 26 24 -29 -33 90 53 -69 6 -18 96 48 -90 -28 -88
-61 -30 113 4 80 1 -56 -26 68 107 -102 5 115 21 44 -53 56 81 -99 121 -108 37 122 36 -78 -97 -69 63 48 39 56 56 7 62 57 34 81 -105 -44 120 -122 -112 -49 -88 -31 36 12 -76 -79 85 37 31 -116 -47 -43 50 -102 -40 119 -5 -33 93 -12 -12 104 -60 -10 62 -106 42 -22 20 98 -68 22 105 -46 -98 -22 -128 47 19 -32 73 -118 113 95 59 -67 37 16 15 123 13 -99 -43 116 92 -65 -33 -61 -69 32 121 -85 118 -82 68 -128 62 -63 74 -118 -73 55 -104 48 -16 116 -31 57 -38 -85 -114 -49 -74 -4 -101 84 -55 -12 0 -104 52 42 10 -24 -23 -73 89 26 45 -50 -88 58 -24 23 48 -5 -75 99 -113 79 -85 -108 -124 109 19 -23 -117 -9 3 50 -125 100 14 23 38 119 64 15 55 39 -53 69 -110 -17 50 14 -95 73 -40 26 -41 47 12 -75 17 -97 89 33 110 -47 -119 -117 65 -12 82 -46 -56 -54 -29 -85 -26 -10 -127 -114 -22 9 34 39 -3 -7 4 10 -48 -60 -103 53 118 -38 111 -128 -102 -69 -128 13 -65 34 46 -22 -123 -109 -62 -88 -20 -88 -6 -120 -16 -110 127 25 -90 99 -127 50 -66 -5 -6 -72 50 -56 -85 111 76 -91 -38 24 32 -71 -10 -79 -125 -59 -99 -128 11 -104 42 -62 69 -126 13 -127 84 28 -112 12 -86 76 45 -118 71 24 -113 -59 -85 91 -25 80 -98 15 -107 70 24 -49 37 47 20 -12 -75 127 52 -63 104 90 78 -123 -66 -47 52 43 -31 -87 74 5 18 -96 -40 -39 54 -111 -104 46 -128 101 45 -117 43 56 -110 82 -123 -62 14 96 -62 -106 -10 3 -49 8 123 18 44 106 -73 31 115 43 -35 -38 22 -128 -52 -12 -49 -53 33 115 116 105 -41 21 -123 120 -127 -62 -78 -107 110 43 38 83 62 -110 85 -11 -46 20 -40 -77 -9 -83 67 -80 -117 -68 -104 30 80 -2 -13 32 -4 92 58 -63 15 -36 -115 50 111 110 -98 -18 -104 -18 -34 -123 -127 16 -102 -4 -51 34 -97 -100 115 119 -57 54 109 42 33 72 25 -86 107 60 -104 -34 -16 73 85 -27 -46 -17 101 -87 101 87 18 -39 -60 124 -103 -66 -60 119 103 -114 89 -66 -14 30 46 38 50 -33 -113 94 -23 -90 -59 79 -120 -40 -87 88 12 -38 -86 58 -62 -23 -32 41 11 46 114 -86 -125 -54 -51 87 99 64 -61 -30 -85 -53 -127 -58 24 96 55 23 23 -107 29 -4 -43 -35 -84 -24 72 -69 87 109 -108
-18 -64 87 65 -66 -18 -27 103 -75 -125 21 -86 56 -36 -88 71 69 16 22 -8 90 72 103 -96 27 49 44 81 107 -53 90 88 127 55 78 -61 -83 119 -44 -7 -68 -92 117 42 77 3 -5 45 90 122 127 -104 38 -26 73 86 -43 -127 -114 94 -15 -120 92 104 95 24 -39 -3 61 1 116 77 66 126 -67 -110 -5 83 -76 -61 92 26 109 -33 79 95 30 -5 -128 -20 71 -18 -68 -4 7 -110 -97 32 -115 57 -6 -127 104 -110 -61 100 -38 118 -98 116 42 -85 103 93 108 -15 85 2 46 -74 -87 99 81 -87 -74 5 -49 27 -6 -76 19 -83 107 -87 17 -19 7 -39 56 -31 -86 -25 -30 -58 38 70 7 70 22 -71 -116 -25 44 119 44 -50 -33 2 -114 53 -67 85 -17 9 -11 -1 43 81 66 -122 82 89 24 74 -124 37 94 -59 38 13 -83 -28 -51 61 58 -66 85 112 63 -60 84 -22 -103 -19 101 41 22 -106 -47 119 -70 45 -5 -126 8 -4 -52 94 117 -105 82 -106 82 -94 -15 -115 106 -47 -72 19 106 31 113 -58 88 -60 -51 -19 -101 -74 -16 37 65 -89 -19 -115 111 26 -61 -27 -79 -71 87 -54 -68 74 38 -38 -64 0 -17 -83 -99 48 102 69 117 -104 -23 40 -119 -128 -11 -92 36 88 57 22 77 112 30 42 103 -67 116 12 -51 -64 47 -121 -3 57 111 -51 119 -11 -19 -112 -67 -15 -33 -75 39 -4 -9 -106 -114 110 -79 124 81 88 -128 52 84 -120 -69 -61 -116 70 -94 44 75 -73 63 119 2 -13 -2 73 105 36 65 -46 -40 103 118 116 115 -72 -91 107 92 -92 4 110 58 -24 -115 31 -126 -76 -52 -104 5 32 -121 37 -56 99 30 40 15 103 121 -109 -65 -16 110 91 -30 -46 -36 -99 26 31 -85 42 -7 -24 -120 -62 -3 -118 27 -18 12 -89 -88 30 95 31 73 -10 -120 92 -112 99 -117 -126 -82 -58 -70 -113 -34 43 124 -9 -116 -54 -64 16 19 75 -96 108 -81 99 -34 -105 -89 107 -89 -38 -84 -101 12 38 -43 123 -63 121 84 6 -38 -21 -107 91 97 -30 -3 -75 -10 -7 -14 -40 -40 27 96 122 -44 15 110 99 -51 -6 34 127 88 -19 -119 -44 -47 19 76 29 40 77 93 -79 65 33 0 -121 123 -116 -48 -3 -108 -75 99 -121 -112 -8 -116 25 61 -121 -80 -99 -44 -75 -29 -61 -71 -17 117 47 -95 -24 -114 48 77 89 -17 52 62 -62 34 62 118 27 -79 8 36 36 63 127 -119 -110 106 42
-26 -124 -121 -4 -88 -28 -22 -5 117 -109 66 -109 -122 -38 8 14 12 48 -78 74 125 112 -39 43 -33 112 -58 100 86 -35 9 89 46 53 36 106 52 -34 -65 -20 34 83 33 -93 44 -47 -45 27 -5 34 11 17 -94 -49 -65 13 -88 110 42 52 121 82 -117 -96 -45 122 87 105 -110 -56 -67 -43 -73 -87 22 7 54 -9 87 -98 -24 -111 109 25 12 51 -28 -20 67 -97 20 -116 101 -40 31 -6 70 -111 -11 104 -108 93 28 68 28 -19 -102 -70 7 55 -74 -80 -111 -25 -97 -74 -93 35 36 -76 0 -58 108 73 -36 -127 -56 -6 -99 -48 -110 69 81 28 73 -104 -92 -65 -65 -10 71 101 15 -72 4 -30 -23 -14 26 -128 95 14 18 -20 5 118 15 -107 -119 90 -25 -14 -2 -24 -22 88 21 49 85 98 5 -23 63 96 -17 -69 -24 -10 -48 29 -127 -48 43 -95 -58 -49 29 38 -60 16 -27 18 -92 -76 8 -26 90 -25 61 81 84 47 -5 -126 -48 56 84 94 98 -63 -59 -30 -99 109 -3 99 -101 -16 31 -47 -25 -106 -116 -28 7 -23 -111 78 -86 45 -15 89 59 -66 35 20 -127 -100 -104 40 -1 124 109 50 93 38 -65 100 20 85 0 -32 17 58 -124 127 111 105 24 54 -104 84 -38 -89 -24 36 -123 102 -45 -95 18 -2 56 15 -70 -24 -35 74 -123 72 -68 -31 124 83 -23 -64 -25 81 66 109 -10 2 -109 75 102 -97 47 -47 -17 87 -114 -60 -116 30 29 -54 63 -3 118 79 -73 30 -6 -8 86 90 74 104 -126 -9 29 -45 98 114 68 45 20 123 102 -103 36 -82 95 49 25 90 51 5 36 16 106 -38 99 -62 -52 17 7 42 79 83 39 -63 -57 65 -5 -108 9 16 -112 73 18 91 -38 -74 -68 -35 58 47 27 87 54 -122 -78 30 -81 58 57 109 -54 -33 49 -2 -118 107 -21 -88 122 17 -61 31 25 36 -9 127 -120 57 -21 -26 35 -107 -95 -54 -77 -55 45 -109 64 -66 -40 109 -108 -29 -60 -25 22 -17 -104 21 119 -33 -123 -60 61 -120 -12 45 -97 112 94 13 -83 78 -39 104 -17 -21 87 68 68 -15 -35 -10 -3 -30 -11 -71 46 -40 -16 115 -128 49 -19 3 -47 33 -65 -16 -105 -94 87 30 16 -62 40 100 -7 112 5 69 31 -34 111 52 10 -121 84 -85 -64 34 39 -95 105 -32 -7 -83 104 -74 36 0 71 -61 -26 55 97 -9 81 -79 67 -7 -73 -22 0 -56 -7 -48 119 -89 -87 113 -103 94
64 56 55 36 63 -19 -23 -40 -111 64 -16 73 33 53 -34 25 48 -5 -39 32 -32 -49 -5 -26 67 116 -3 -15 -80 -72 -11 0 -58 49 30 76 -22 1 22 -79 95 88 -12 31 -77 -72 68 -119 39 59 15 -113 117 -36 -98 88 -87 109 122 20 -88 43 -33 -2 -119 34 -89 75 14 121 49 -75 -71 23 -79 -57 -39 13 104 -122 113 -97 -98 41 41 -20 -61 -59 -42 17 -73 -11 71 2 -67 82 76 69 20 101 110 -110 100 70 63 -98 4 -60 -80 -11 95 75 81 77 -48 29 13 -20 107 7 -91 72 74 109 -38 58 -37 -66 41 -89 -79 110 16 20 99 -31 40 -52 36 57 -36 112 -51 -56 11 -14 -55 -16 -125 53 -4 -93 120 -71 -124 -114 21 82 -107 100 68 106 93 12 -89 47 -127 47 -108 115 110 -76 -47 -116 -7 -109 49 -65 -115 -57 21 45 9 104 51 45 5 -78 -22 -107 -16 -45 95 53 63 98 -89 -25 -9 -106 -5 -8 27 109 18 56 82 -39 120 27 -62 56 -28 77 18 -115 55 19 21 17 16 50 -116 119 97 -21 98 -18 116 31 44 -85 -22 -17 25 -50 -52 50 44 71 -64 -89 -124 52 93 94 98 4 35 -57 34 114 -45 -128 -26 -109 -45 36 17 -86 118 -58 -85 -49 -64 -86 -51 99 -92 112 -121 71 -81 101 13 -56 -87 -44 115 -86 -109 47 12 92 110 -21 -46 28 -12 34 -63 120 -88 -100 22 83 -77 127 27 -90 -22 -8 -46 -38 -109 -128 4 19 -6 102 -115 0 119 24 13 8 99 53 50 83 -63 26 -16 46 43 126 -8 40 103 126 70 107 -19 103 42 -128 -80 92 -73 -103 -103 97 27 -75 55 -104 48 44 83 -17 90 116 51 115 21 -72 100 124 -51 -45 -128 -100 -46 113 -43 -6 49 -40 -27 95 72 -84 72 93 109 -56 126 67 61 93 -9 83 108 100 17 88 -84 72 -114 80 -108 10 35 -116 97 73 61 44 103 -66 -32 50 -61 88 94 -54 51 -28 -89 -32 66 -39 8 99 19 87 13 -61 -66 -69 20 113 -78 83 -99 11 -8 85 -11 4 -65 111 10 31 11 14 0 2 -1 -5 -3 -70 -24 102 86 -21 -57 81 27 39 14 -28 -45 42 -42 -41 -104 -8 -52 -8 -49 -86 -48 -29 35 -85 -24 42 -54 9 -68 -41 -4 5 125 93 5 -21 60 -66 111 -37 1 -116 118 -81 19 -53 32 -48 90 65 78 76 6 -48 -116 99 -71 -24 -5 -71 -36 25 27 -115 19 83 -99 -98 61 107
-17 66 96 -18 -93 -46 84 -23 -100 -53 10 3 78 -86 -53 -83 49 -69 -122 -88 71 -28 123 122 -116 -96 -31 3 21 -88 -74 95 5 91 -126 -23 -7 -115 73 -45 -112 65 91 -124 -89 -20 64 -34 121 -44 50 4 2 -29 -30 -49 -39 -26 -113 -10 108 57 91 107 40 89 12 -56 -100 116 -121 -61 72 -48 122 79 -52 -43 -88 -69 7 39 116 -124 27 51 -50 29 -105 23 66 -40 -122 101 105 -6 -60 -70 4 -109 27 70 -101 -72 14 -114 99 75 115 -83 69 36 -88 -86 52 95 66 -37 -54 125 87 117 -111 -32 -56 -72 19 3 30 -53 7 -50 31 57 -123 -121 86 -39 7 -10 52 -50 55 64 -95 38 95 -109 101 -37 -26 9 27 101 -119 37 112 114 -59 -100 -125 1 102 6 65 -3 -11 -92 65 28 -19 31 -82 60 -85 36 -81 -10 -65 -47 96 -83 11 -49 -82 -52 86 49 -44 -107 53 -35 32 -100 -15 103 -120 0 -5 -10 114 -125 -112 48 -8 2 -125 113 -3 11 -109 -126 -72 123 67 64 42 64 -115 -108 112 80 24 30 -35 10 49 5 33 -13 -114 -127 81 81 113 -50 64 41 -1 21 -48 1 -83 103 51 64 96 -72 67 84 -54 76 -7 -125 98 -4 23 31 98 20 -94 90 -93 54 7 14 31 -49 -23 -42 49 -35 -26 41 -122 33 72 -34 43 -119 -61 -47 106 23 -28 4 -65 -58 22 63 -101 24 -99 -11 93 45 113 -61 -67 -84 82 8 63 112 56 89 -11 -125 -110 42 123 -91 48 -51 -114 123 -118 -124 126 60 -4 -24 -49 116 5 -30 -77 84 -29 82 64 51 -109 -110 91 11 106 -112 -83 8 -31 -124 -124 -98 85 -68 -65 126 -64 -86 36 22 -44 70 118 -71 -103 120 35 63 37 0 -119 -123 -16 -51 -54 122 -82 -23 63 -71 -59 18 59 -52 -39 -76 -15 -1 -125 73 61 -113 70 10 71 -38 -89 -65 45 127 -36 -71 3 73 -117 126 -24 -89 106 -111 68 98 -36 85 14 -2 -75 -4 -82 17 112 55 -52 126 28 -85 40 -115 -93 50 96 101 -96 -116 111 111 54 23 -32 -102 67 -120 -124 -123 -89 9 50 -117 -123 -32 -5 -38 40 -123 26 -118 108 -78 38 107 16 124 -119 64 102 -76 114 96 115 54 -106 -44 -4 -89 51 -65 22 -97 92 -90 -97 119 62 -89 89 1 79 -124 -50 13 -100 -3 -44 85 -17 27 -41 111 116 -42 -116 74 35 8 50 62 -81 -18 48 5 -32 -114 -72 19 -18 50 18 -74 -6 -67
66 62 126 94 42 -104 65 -102 -81 -28 -8 90 61 98 -21 60 -94 116 -122 38 -80 3 -112 -67 108 42 -106 -106 -43 102 -33 -126 120 1 22 40 -99 121 -39 -70 110 97 73 -120 105 89 111 -3 -27 -115 93 -49 90 70 -118 -51 -117 38 -54 99 -25 -36 41 -39 -13 -106 112 45 -14 -44 34 -22 110 -125 91 89 -120 -90 45 33 73 66 13 89 123 60 91 -42 -119 -109 -108 91 71 8 -36 41 -106 -42 -113 8 90 81 20 -118 62 35 -63 -102 35 87 -124 -21 81 26 -82 -6 56 96 49 22 -83 127 120 -107 -109 109 115 30 121 2 79 82 -119 -81 -113 -50 -118 114 -121 -61 97 -63 21 -70 -50 27 89 -111 -128 -51 -46 16 -23 7 -44 49 108 -117 -38 -9 43 35 23 -16 107 70 123 -55 -82 -87 -126 -56 -17 -96 90 -87 -105 -107 -30 104 -63 -120 19 -90 -14 0 -24 -53 50 2 120 -123 18 100 21 -96 111 126 101 84 30 -14 49 32 40 125 -89 85 -119 83 80 -67 -124 14 85 37 98 -71 -57 -4 -63 -67 118 78 -85 46 39 -14 -10 -18 2 -27 -6 -47 -71 106 -9 -63 34 -78 -42 -40 100 -101 76 8 56 28 -71 95 6 -88 -103 36 27 14 -34 -29 70 20 102 -95 6 53 -9 -85 -95 35 34 -52 -88 -12 66 12 -35 111 -113 -47 -37 -73 -10 -42 92 -60 -8 -111 -56 88 91 83 -78 -49 -19 120 69 16 -12 26 -108 48 121 -66 9 67 63 -18 118 -86 -118 100 17 113 79 -32 60 -71 120 -56 27 -127 27 102 47 12 38 27 121 91 54 -104 -105 68 -4 -13 -77 -42 55 109 -71 -86 -126 -97 26 -41 -3 110 -93 7 101 79 66 49 -93 -23 6 -21 -114 -119 103 42 -100 99 -61 127 -124 47 -13 -12 121 -106 72 -120 -120 -103 -78 -3 -42 86 -39 -120 -98 -48 -67 -54 -55 -74 120 -5 -114 -15 77 22 106 -93 40 83 -45 -48 28 12 68 -6 94 102 92 -10 -33 72 -91 -105 105 55 15 -88 -33 81 17 104 38 -14 35 -127 -21 -53 -11 90 -73 -70 -119 -104 55 -36 -4 -1 -1 -19 85 23 -67 47 -87 -117 -59 28 -109 -100 77 -100 25 65 25 -17 -97 23 -70 -79 18 12 97 -78 35 22 -112 -29 -55 92 -122 6 33 122 -125 -70 -38 -128 97 29 35 -123 -30 -128 69 -118 -63 -72 -63 51 -69 -13 112 93 -47 -76 53 -61 59 41 -41 -119 116 -107 57 29 -58 5 -91 78 123 -107 110 10 -113 -38
110 17 -115 57 -93 -27 -107 91 -122 88 -122 -114 9 -32 -48 11 88 -105 -19 15 -84 18 -74 99 -42 -96 31 113 -7 -90 -113 -4 57 -51 46 42 38 30 -62 7 -78 -85 113 -49 36 -97 12 84 77 -114 -31 105 -39 -65 99 -74 27 -35 70 62 -84 -65 100 -60 -27 -25 -59 19 19 57 116 -105 119 -36 -90 -53 -25 14 -103 -15 -93 70 38 11 56 -19 -48 -117 -22 -85 119 50 -70 65 107 125 25 -101 71 -123 -7 -113 41 124 26 -61 118 -18 -9 -117 34 -40 -39 112 70 -36 52 49 -89 55 -22 36 -5 41 -102 -125 -71 91 -86 -94 -46 -15 56 49 64 63 -69 58 59 -55 -102 76 -103 -78 4 -29 29 91 72 -54 94 -83 66 28 51 -59 -54 -27 -80 63 0 22 -38 -10 126 48 -123 -77 90 65 -119 114 97 -40 -95 116 72 1 114 87 86 83 7 57 27 -38 -109 1 -80 -46 -97 76 115 -35 19 -28 -31 -4 73 -63 114 106 6 29 76 -87 -61 113 -106 -100 5 120 -21 87 -94 48 80 96 73 92 37 -39 42 -87 -104 -78 -17 -3 -12 -16 15 -89 110 72 120 2 -94 -4 -36 -26 18 115 120 -93 -123 103 100 -80 105 18 -56 -110 -11 111 -75 -90 -125 -14 57 44 75 47 -88 27 -67 37 99 87 60 89 -26 -119 -67 79 -25 57 88 1 80 -50 -45 60 99 86 122 39 85 -56 -41 -122 -114 -74 -114 -34 51 -62 -21 -50 -42 14 -16 -94 -106 -6 -99 66 -114 -62 -57 -38 -41 32 -76 -97 126 -9 61 80 19 -39 -104 44 2 -79 -108 -91 -108 -95 54 -88 -94 1 49 -127 96 22 -96 82 -65 -59 -99 -82 -93 -102 -104 -18 9 -81 -117 -119 23 -62 -3 -32 16 91 35 -52 -120 44 -14 48 -76 -23 -31 31 106 34 -88 -26 9 -22 -126 23 -85 109 28 106 5 -48 40 105 28 35 110 -44 31 -63 -69 -101 125 127 -113 -75 32 52 98 -20 -30 -118 121 -80 -69 -56 99 31 19 -92 27 -99 -87 -37 90 14 -61 47 102 104 -72 -15 64 -9 91 94 40 33 -122 -109 0 -12 79 67 119 39 121 31 -32 113 12 -24 -60 108 -87 -109 -3 -79 -43 -114 -50 44 -41 32 8 38 103 -79 -94 4 -58 -41 -8 -121 -9 14 53 -101 117 102 28 -124 -66 -20 -39 12 69 70 -28 -92 -68 4 -57 10 63 59 -71 -123 -50 57 -79 47 74 -30 -127 54 -48 -107 18 92 36 36 -100 -78 127 82 -26 87 101 -45 47 -54 23 59
31 6 50 -81 76 40 -27 102 -86 121 122 -90 -57 9 -37 1 108 79 -91 -34 -64 3 32 -91 42 109 68 19 -74 49 -62 -34 32 86 -66 -16 -74 -45 12 20 -55 -65 -26 80 46 -53 65 112 59 -104 99 29 -108 -3 106 -7 -101 12 21 93 -108 86 119 -58 -121 15 -27 55 -116 -93 9 113 -119 -112 -25 90 84 40 75 27 89 65 -105 104 127 -77 50 -48 13 77 25 86 72 89 -19 13 -109 -103 59 -101 -68 -111 -4 -12 11 18 -37 62 32 -80 -109 18 -101 -128 0 55 -21 -10 95 -90 72 -87 52 10 74 -108 -81 5 -11 -49 81 -119 69 -46 63 -70 101 -64 -16 -64 -34 92 61 -42 57 -99 83 85 -106 -46 -111 110 -85 54 -105 -69 -111 42 -77 74 -43 -91 -65 -64 50 -42 118 -69 -63 -108 -86 -22 90 -113 28 31 -69 -65 72 -40 117 122 -80 -43 54 -33 -48 111 12 -26 -88 2 -88 -124 -93 68 77 75 55 -125 -13 71 -42 116 106 12 -76 25 112 -120 77 76 -44 21 -93 48 103 59 -70 4 -6 9 -64 -95 -48 -79 1 -77 -11 89 -33 20 74 50 -118 -84 -40 12 127 -101 -41 78 -64 -15 -75 -104 83 -28 61 -78 64 108 -78 105 -105 -34 -4 -124 -102 44 -124 -9 57 110 -128 23 86 -96 109 -86 -128 28 81 -76 -127 77 37 -54 35 116 -30 -2 6 60 -80 32 71 16 -32 -31 -31 -52 112 67 -100 -1 33 -12 -45 -17 43 43 -123 123 62 12 3 92 -36 -124 109 -122 58 110 -121 11 83 -11 -122 -12 -40 -83 78 56 115 47 1 33 5 -118 31 -88 -9 34 43 -13 115 50 93 -10 53 35 -38 -117 89 -41 -97 -20 7 51 -90 22 -120 -64 -3 3 82 -71 61 -71 -89 56 -1 66 48 105 -74 123 -61 18 -117 122 106 -24 -17 -87 -86 64 -44 117 -102 -35 53 115 -62 -52 -27 52 -55 121 -54 62 -76 119 82 84 -13 -126 -81 107 62 -112 -17 98 74 -94 -34 -11 94 44 -103 123 -57 23 49 56 37 -70 12 26 55 56 6 -77 -117 44 19 -62 14 34 60 95 -46 -32 -25 28 52 21 67 66 66 -54 -28 -31 40 54 107 5 -69 -45 33 -87 -126 -114 77 -123 81 -93 105 40 106 -124 -27 -15 -61 -98 -36 126 -60 -99 22 91 -74 47 6 -38 -50 -128 -14 117 35 -2 -107 -122 51 30 -111 -71 -2 -83 47 -43 22 -58 6 -42 127 -103 33 118 -19 -76 93 87 103 -59 26 29 11 106 -51 68
71 1 -32 -17 100 -21 53 -47 -121 59 100 60 -100 94 -92 -127 -43 51 -105 -118 -89 110 107 111 39 -80 -44 -77 95 -73 -110 76 -96 -98 -61 94 -31 -123 96 36 101 0 -32 3 117 104 -91 -105 -40 -53 82 125 60 66 -102 48 -47 114 -60 -7 -36 -62 1 63 -107 -126 95 -36 -54 -61 -51 123 32 -100 -58 -111 -30 120 -28 76 123 119 17 95 127 117 32 -26 -37 123 -9 -72 -75 57 58 92 -128 88 -15 -100 61 -29 -77 -89 87 31 29 -81 -95 -32 116 82 -107 81 -64 65 16 113 -94 14 121 81 12 -113 -19 -79 55 17 -6 -118 -5 33 -99 107 -94 10 -41 -12 114 123 84 -77 102 43 -26 91 -98 -7 -55 -47 30 12 25 -122 -74 21 109 116 127 -34 97 89 -40 -11 -102 80 -46 -90 67 -9 65 -64 -67 -55 -110 46 18 -67 -112 -96 -90 117 126 106 -83 -113 108 87 -81 -80 -58 -124 -104 49 -33 66 115 -104 -66 -91 58 -57 124 78 -71 99 119 -99 125 37 36 -119 94 -106 53 8 120 97 14 -66 106 93 55 -117 124 82 66 103 21 -102 -85 -63 -91 -107 -111 77 -57 10 -104 59 62 -75 105 55 -109 -41 30 -102 -83 -96 22 100 14 -60 23 4 -17 -124 -69 27 -48 89 121 54 120 81 58 -60 88 115 80 0 15 -84 -61 38 112 71 11 -4 19 -37 -80 -99 -72 -85 99 123 66 -85 17 -100 -122 -95 14 -18 41 86 -125 79 13 125 -60 -73 5 -46 7 -68 -97 -109 94 -111 -115 -34 66 44 -92 -55 54 16 122 11 -117 118 -73 -106 110 21 83 -57 -1 -56 118 48 58 117 -48 -55 -56 -120 -14 106 58 40 -128 90 -11 -89 103 15 -2 -75 -89 117 50 -111 61 51 26 14 -59 -79 91 51 -104 33 115 -93 40 -126 -12 42 114 71 6 -10 68 39 19 34 65 -102 79 -108 11 -89 72 -65 -62 45 123 59 -81 -38 -47 -94 -126 96 -25 -117 6 -79 35 -23 -63 66 -92 48 -36 -17 109 2 -108 -82 84 -60 -50 -12 60 -65 -66 110 7 90 19 -112 54 -56 56 64 -81 89 -40 -78 86 2 42 90 117 67 -49 55 -29 44 25 -78 13 -28 -122 -87 127 47 -38 8 -85 -115 3 72 102 -31 -118 -10 46 -69 6 -73 -21 -53 -15 -121 47 -34 -78 101 16 81 36 -40 -53 102 60 -78 -94 31 -72 8 -44 -46 15 126 -78 -44 6 42 12 -4 0 48 33 -41 -39 74 74 77 16 -59 -57 44 -14 52 -65 -16
-85 46 -128 -43 24 -123 53 -85 -39 -60 109 113 11 -60 -69 117 -34 86 120 -110 17 94 -124 20 -51 30 -86 96 -32 -35 26 100 11 55 -110 90 91 -64 26 45 -42 -128 26 -48 -100 24 -97 108 63 59 -125 -86 -10 -127 40 -60 73 -79 -111 90 -15 -66 113 -49 -90 63 -116 41 38 111 -43 51 -73 23 48 24 -21 -11 -96 53 -8 44 -95 -62 6 -107 74 -19 -15 -123 17 -24 34 -38 -42 -64 32 -74 -20 124 -10 110 -52 81 8 74 70 -17 118 82 -110 -78 -17 109 -21 -25 -11 -111 14 40 90 -13 -58 -30 -20 -101 89 -35 22 -36 -20 -3 124 -118 -122 4 73 -68 117 126 -77 24 -38 20 -108 90 -70 80 -97 79 53 -103 -102 8 28 11 111 39 -78 -126 -98 37 32 95 -73 20 104 96 64 99 126 -116 4 10 45 48 -32 -11 43 -43 7 -81 73 72 12 -70 59 87 -42 94 -2 66 -2 124 -40 -43 -73 81 69 -100 -12 3 -77 84 51 -47 -93 126 105 -87 -124 69 -26 -127 80 -66 90 -44 87 -12 -103 -10 -56 26 78 125 57 -33 101 80 15 -28 15 -125 -41 14 103 84 -37 -96 94 -125 -107 43 -51 117 -105 101 -79 -113 13 22 64 -38 -21 50 87 116 -74 123 -111 -21 84 -56 123 39 46 59 -127 106 -74 126 -4 80 -71 103 51 75 -124 -94 -52 21 -105 -109 -94 107 -108 -115 -72 34 -75 -15 56 -45 -51 -97 -104 19 -112 90 -116 107 -69 30 122 90 123 125 35 -77 73 45 -16 33 12 24 -86 -46 -101 -42 86 -116 35 91 -44 62 -44 -8 8 -66 17 -81 110 -55 -95 -101 -61 97 11 44 -96 33 -119 70 -86 -21 -13 102 32 -30 -32 -48 -64 37 121 -20 117 -18 -16 -85 21 9 0 92 38 -117 27 -128 -48 -64 -102 52 -61 -47 -110 95 -69 -22 100 -60 112 18 -31 -25 -42 94 -123 -43 109 -12 117 -28 71 19 14 55 -71 -15 -67 67 -37 -124 -55 -97 -77 -99 116 -29 -101 69 -34 70 59 33 96 109 -57 120 32 -26 -53 -92 25 17 104 22 34 -69 -67 -66 -15 5 58 -25 40 96 -47 -118 -110 -33 -25 79 -108 33 112 -94 -36 2 90 55 -127 -78 -117 2 70 -114 -32 29 91 -76 -15 -20 -99 35 -64 -17 11 -105 119 -85 4 37 -44 43 5 -125 14 -104 -114 -81 -105 35 -21 45 25 118 -77 -92 73 -86 57 1 -104 -101 -128 52 -37 70 108 -98 83 -29 -66 43 23 64 18 43 44 37 -37 -19
-116 -3 110 -76 51 35 121 78 110 -22 75 122 -124 58 -106 -4 37 124 65 105 3 4 107 -46 -95 76 81 -15 -50 77 90 -113 -46 -43 111 24 59 -114 -29 -8 -87 60 -87 -54 -44 -58 -69 29 28 -75 -19 -10 -9 -89 87 -101 20 83 30 -4 18 50 -63 -88 34 -127 41 -59 -2 -7 43 -104 89 26 -75 69 94 -52 -36 16 112 -80 -34 53 -112 77 24 61 71 -99 87 8 7 88 26 -59 -83 44 11 -83 -94 -106 1 85 -82 7 -121 -57 58 -74 -111 -113 -118 -12 -92 82 -128 17 -59 34 -90 73 -95 118 -53 110 31 -90 83 102 -128 61 55 -88 -106 40 110 85 6 -24 -42 -11 52 -25 -25 63 75 115 45 30 -6 29 38 -90 -50 -103 -70 91 61 110 -25 -44 -124 58 72 -42 -10 1 -7 49 48 -35 122 106 -51 103 68 -79 9 -81 75 11 -45 66 85 -89 -93 -28 75 -98 -85 -50 -20 -53 4 -28 -123 12 73 21 -18 60 -97 39 116 95 -52 -21 24 98 -40 52 -62 26 -22 43 -52 26 10 84 -115 -114 -70 94 30 41 95 -14 -38 -8 50 56 -84 -125 7 44 105 -45 50 87 -79 -81 123 10 -106 -120 -108 120 -45 -25 64 -44 -64 -117 104 56 37 76 -15 77 -128 84 -96 -97 116 88 86 -45 -121 -59 42 76 90 -107 -38 0 85 -32 -6 76 -106 19 108 -46 94 -65 -15 38 -97 -86 -88 116 55 -120 -64 90 -121 -12 -122 -30 -114 -113 -61 -57 -33 -25 -98 -113 -75 -127 -17 80 30 -17 68 -52 -41 47 32 -12 -82 81 63 84 20 55 -29 -114 -44 -34 15 -118 -59 -67 -33 -34 53 7 -75 -13 -56 -114 47 -104 -12 -128 -53 -92 17 -51 99 -40 -11 39 35 42 121 -117 43 -80 -93 86 -87 -114 23 -38 -123 36 116 9 -17 -32 116 57 -128 -113 85 54 -12 55 -54 109 61 -110 -23 119 71 -7 4 -10 89 -64 9 -120 -83 27 -80 58 -73 26 10 -51 23 -54 46 68 -86 -73 -117 -72 -116 71 82 -30 49 -92 85 -125 -98 -76 92 -110 -77 118 -23 -67 -68 87 95 2 -36 -89 -55 -74 55 5 54 21 -5 -114 -60 90 66 -83 55 -117 -112 104 44 -61 -89 73 3 -5 53 -102 94 88 -124 -126 7 24 -108 -38 -83 62 91 73 -100 -36 99 67 -103 108 -123 98 -21 -5 -119 62 3 -81 -114 67 -21 22 79 -23 91 -96 35 -22 -1 -31 -69 -34 -85 90 -14 -24 -82 -46 117 -14 108 15 -26 -117 -124 -49 -95 -71
-53 126 -30 -95 -10 60 -84 121 53 32 64 7 -80 -83 83 -11 -27 -100 16 -52 -87 -29 -77 41 57 40 -26 2 20 127 -128 -75 -49 -13 66 56 -7 -16 -57 1 -128 34 -51 9 -82 30 62 74 120 17 66 65 -35 -27 -21 -25 30 -83 57 -81 120 -39 13 -88 97 -104 0 -15 -67 112 35 76 -68 -98 54 102 -97 35 -81 24 -67 55 30 -47 58 8 75 -19 -111 18 22 -99 31 -118 62 11 54 93 120 -86 30 -16 114 -124 34 -13 102 -81 120 -52 13 59 0 -17 114 -118 52 80 53 -11 -120 -32 60 -64 -17 68 104 43 -110 45 2 31 -47 -21 104 -121 -116 -37 -117 103 72 89 -127 99 39 60 79 -8 22 -71 86 72 -38 -80 -21 -38 72 -110 -20 94 80 93 26 -71 -55 -35 73 -86 73 -29 -44 41 89 102 106 36 -126 35 98 28 124 85 -35 71 52 40 113 2 -122 69 -116 -98 -116 44 76 -46 2 -97 -24 -31 -34 -87 -19 59 108 63 51 63 -24 80 108 -13 28 -64 -38 -89 86 -118 79 34 60 57 -73 -115 98 -89 -89 27 -125 0 96 -31 101 92 -43 119 -16 63 -75 -23 -17 28 31 52 -90 71 49 87 7 37 57 -39 52 70 -66 -97 85 41 2 54 -46 -88 -1 -89 42 -57 -13 124 94 -85 -88 -97 -27 78 42 -27 125 119 117 4 -93 61 45 98 114 -102 108 103 -32 -61 9 126 -3 -58 122 -115 -45 108 65 65 -69 88 -33 -53 -62 70 86 84 -30 117 -24 34 92 -126 -119 119 77 -86 -43 121 115 69 -49 -25 91 -83 0 6 -116 77 67 107 60 116 107 37 41 24 75 78 -55 64 110 -48 -127 113 91 85 102 -5 -31 -126 -63 -64 -110 -99 22 -104 -85 -118 -24 7 -103 92 -20 -122 24 21 -108 74 62 -80 50 110 -86 14 115 0 -24 -29 -39 -38 55 -75 -108 97 -12 -77 64 -91 -60 -123 -58 -121 66 -45 77 -71 121 120 122 37 -10 -96 52 64 -54 122 72 -50 89 109 -7 -88 47 -84 -40 56 78 57 39 61 -124 -67 1 -118 91 -12 78 21 -5 109 -10 -111 -115 -52 -22 113 32 -23 58 -29 -107 -2 -118 59 -104 14 -42 -72 2 -36 -9 -3 -82 120 -68 -35 -50 102 -52 -78 117 -55 82 -14 60 86 -40 -63 -79 45 1 68 -8 86 -61 -106 46 98 127 -59 -2 -37 30 -6 -17 -126 -96 -118 62 -73 5 -66 85 -18 102 119 -65 -50 -50 13 50 98 -36 -58 -17 26 -54 -72 65 -110
88 69 -13 -78 120 53 17 55 -85 69 43 41 -56 -38 81 -111 16 -122 -23 33 -29 111 -43 115 103 42 -58 102 -11 -40 21 124 73 80 11 67 79 -31 77 -11 -47 -7 64 -37 47 -50 59 -50 82 84 -119 106 -36 -119 80 123 -74 15 -121 -94 -65 -60 -11 127 -101 -61 19 -86 -64 70 -96 41 89 80 119 43 -83 91 111 -85 117 40 120 96 -76 80 34 -3 126 64 99 -42 119 35 -24 49 36 -27 51 -94 46 34 -15 -54 7 -38 97 -127 -43 102 62 -9 -99 -123 -45 -62 -113 -90 67 79 92 88 -25 63 -41 -100 -103 82 90 108 -96 52 10 92 46 -35 -128 -15 -51 57 23 -68 82 89 31 114 -74 19 25 5 -37 99 39 -120 -124 92 6 -85 -127 -54 20 -73 -39 17 87 -32 -42 -86 -12 118 95 -65 61 -38 -128 19 61 -38 118 61 -101 90 13 21 86 126 78 27 119 25 99 -32 -57 -74 3 116 -42 -79 -11 55 3 -31 36 42 -18 -5 -48 88 -108 101 9 14 10 -18 127 27 88 -73 92 -25 -14 32 34 -122 85 70 -35 -113 -19 13 76 63 80 50 100 -72 70 -1 87 -33 -117 81 -77 -100 117 -12 -53 87 52 -9 117 -11 -24 -79 100 -39 -81 127 -80 71 -4 87 8 -45 116 2 -81 -47 122 14 66 95 -127 -18 19 17 -18 12 -37 19 -53 59 -84 -125 112 11 94 -118 75 -16 40 38 83 -27 93 -103 -94 -106 32 -84 106 -46 -85 64 -44 28 32 18 -39 -85 -2 -9 -51 108 -59 -89 -90 115 41 -17 111 43 54 -96 12 -51 0 17 -34 -47 -106 26 -54 -54 57 11 -38 -73 -20 -79 106 89 127 111 116 84 91 10 101 -102 -16 -52 18 116 112 103 10 23 -101 117 51 -91 -47 15 -31 -5 102 41 52 61 -77 20 100 54 -54 -34 13 -91 -51 -47 21 72 -127 -121 -15 60 105 16 -39 26 -109 28 -61 127 78 61 -43 31 -29 124 37 -121 119 -126 93 -79 84 -96 -18 -29 63 -63 -123 -54 75 47 101 -73 -90 -120 69 46 -101 19 -29 41 113 -14 -91 103 -52 67 33 -4 26 113 -7 108 122 67 119 28 14 11 69 -14 -56 -29 -65 -98 -65 -55 15 85 37 59 -33 16 47 -109 28 32 -128 64 40 96 103 -98 104 74 -86 75 38 -116 -100 13 79 62 -65 -103 44 57 29 -49 -109 -14 -83 6 23 -7 -96 -91 -65 -66 -31 -91 59 -73 49 92 -125 -52 45 -9 -61 108 105 -128 63 -50 -36 5
-51 -26 113 -73 -52 -23 72 -10 0 -89 16 -82 -61 -107 62 76 -76 53 -53 118 -58 100 104 -80 40 111 57 -66 70 5 102 82 -58 82 35 48 8 57 -124 7 80 97 0 91 31 -18 -122 117 -92 83 115 24 101 69 104 -39 71 -89 -26 -124 -68 117 102 -31 -96 -21 -80 -6 -124 -24 7 74 17 67 111 -116 67 59 -73 -89 22 95 -99 -2 -3 66 62 -94 -48 -120 -60 50 10 12 50 -87 17 -51 4 60 118 118 108 10 -71 -118 -5 -26 22 -31 -53 -104 18 16 -57 14 3 -126 -3 -27 35 60 3 -98 42 40 60 -41 13 103 91 -70 61 53 44 -65 -42 15 62 -45 -92 83 -40 21 -1 -54 64 -39 -109 29 23 16 -70 90 -58 117 -13 9 91 -16 115 -4 -120 40 96 -22 -54 5 -103 -118 -83 -58 120 23 92 91 24 -83 -19 31 108 96 83 -116 100 51 -113 68 16 -122 115 2 -72 -50 107 98 81 -102 -46 -81 -24 -112 18 24 49 -114 31 -65 83 -127 86 -24 20 23 16 -21 -23 91 -37 -62 -13 -39 -7 -81 105 1 56 43 -18 69 80 122 120 -87 49 -22 -82 84 -32 120 -103 36 53 -49 111 -62 5 -84 -95 24 -78 -1 -32 -16 23 39 -15 16 -16 15 118 -98 51 34 66 -50 -80 -122 -103 -46 -35 -51 16 112 55 -33 3 -114 25 70 -14 38 -5 -113 12 15 106 95 -15 92 6 -122 -75 -76 90 -102 -53 39 26 -82 17 51 28 -51 -60 -23 -49 -115 -12 123 80 -122 84 -120 101 86 52 102 -110 -58 105 45 -15 74 -61 -34 -59 -75 124 17 -36 109 24 109 -110 15 6 43 -30 -88 -11 116 21 43 32 57 -57 -41 -52 -27 -99 -48 -116 -70 -108 -21 -60 25 -56 -102 117 94 -46 118 -27 -41 95 67 -58 114 48 119 -80 -110 15 99 -78 22 -104 39 -100 -75 -20 75 79 -20 114 -4 4 37 28 114 -87 -43 34 -110 -91 67 -7 65 53 -103 69 -1 -17 -22 -9 50 -10 -81 96 88 -4 110 110 34 -120 -64 19 -21 39 -58 92 -28 -103 48 46 -61 38 -71 -109 -45 -76 70 -125 83 38 -13 127 77 85 107 -111 114 112 -54 -53 11 110 -46 118 -110 -31 5 97 67 104 -15 -14 -63 89 103 101 13 96 -30 37 -110 50 61 51 -33 -46 31 -57 -22 40 75 105 -60 -123 -29 -59 -102 81 86 73 0 -117 36 -85 -9 61 -22 -37 105 -36 -74 60 -120 -92 125 110 119 -34 20 -11 59 -103 -30 -49 13
108 45 30 45 -97 -117 99 119 -83 -80 -78 112 6 93 122 77 29 -100 -89 -125 -122 -85 89 85 68 5 -13 56 46 90 74 22 53 -108 25 103 69 37 -40 -37 -60 12 49 31 -44 -113 28 30 -91 -5 -78 96 66 47 19 24 -77 -59 107 -48 57 -4 3 57 -78 -63 -17 -110 41 36 46 -87 36 -71 105 -47 10 26 123 -109 98 -54 -33 -107 120 -122 -37 116 -96 51 58 48 124 86 5 65 100 -99 -17 -52 -66 104 -70 117 -65 22 -84 25 -61 110 75 -22 22 46 -48 90 51 -26 -52 -10 -127 105 108 22 -25 -73 -56 -60 44 -48 -126 -2 90 -27 96 42 80 103 83 -46 -11 7 86 -128 -84 39 34 -100 -117 -43 9 -40 72 -12 -69 115 -113 -69 102 -101 91 78 -21 10 27 66 93 111 -112 0 -99 -122 -18 -116 -32 24 -112 -104 -119 -19 -65 55 -24 5 -61 0 -53 -113 -12 1 38 -35 -101 79 77 -85 -110 -90 -58 -76 -71 -30 -33 -29 -108 -37 -123 119 9 23 -114 -8 -30 -124 17 -120 -84 115 39 58 -125 -76 4 18 24 -9 -57 -71 -57 5 119 -65 -67 -112 -12 -23 107 121 45 24 -97 74 -6 0 118 33 -117 -14 63 35 -116 73 -59 -34 81 -29 -11 -119 47 37 34 -24 -66 61 -109 -123 106 -74 -23 -113 -58 77 -28 -114 34 -69 33 -20 -43 -36 -87 -32 19 49 59 -112 -44 34 -89 -55 -114 40 -56 -6 -78 35 80 87 101 -88 -36 38 13 125 38 15 -51 110 60 27 17 74 120 -56 -3 38 33 101 -92 -111 20 123 -14 -67 -109 52 -93 -10 120 35 -122 -81 77 -20 17 122 0 81 31 -29 68 15 48 -82 -64 117 19 23 -69 -39 -71 -49 57 -83 15 8 93 -122 -87 33 -59 -35 59 -15 111 114 82 34 -122 107 123 -127 -66 87 51 89 126 60 2 45 13 40 79 -84 9 -27 81 3 36 45 -96 63 -117 -51 68 91 -116 122 -112 100 102 8 94 -103 -92 -74 87 -11 -108 -101 46 -32 -20 120 100 44 -19 55 -105 92 -3 -119 -114 73 42 95 -93 107 -54 -111 13 47 76 78 -7 91 98 -50 48 -84 55 -74 -32 47 102 -116 -9 -11 27 40 39 86 49 -9 -113 111 -47 85 -3 -123 -56 104 -44 84 54 -98 126 -62 -102 101 -30 48 -125 57 -110 118 89 31 112 104 69 90 6 21 70 95 99 -121 -69 -45 18 48 5 -110 99 40 -81 13 -8 -114 119 35 57 86 -73 67 1 70 -42 -29 -74 61
-26 -113 68 50 55 -25 85 2 -72 80 -45 -111 14 -87 115 -114 -92 -62 -43 -123 20 -102 113 6 -113 113 -1 -30 -32 38 66 55 -92 -83 72 -46 -24 -39 -75 82 45 126 -73 -101 35 -19 -80 13 -60 -98 -10 -46 -128 -111 -55 -115 77 115 109 -128 -107 29 112 -19 69 -3 -108 -119 51 112 125 113 -30 110 -123 -22 -112 32 57 -77 19 -66 2 -122 20 18 115 -23 25 11 -20 15 50 -105 102 115 67 101 -59 71 -27 113 -31 102 -90 -3 -42 -101 107 -70 96 -128 -71 -4 31 -62 64 105 -108 -17 -25 -90 20 -109 94 100 -107 -76 22 -110 112 64 -51 65 -93 85 85 47 42 116 -93 -124 54 -88 -24 -92 78 -75 -33 -62 -68 -95 92 25 51 -6 -89 65 -54 55 -76 58 36 -115 -37 97 -95 -69 14 90 127 27 29 -81 94 62 88 36 -81 93 -18 -108 -49 -12 -89 -125 109 101 0 -122 36 -42 -33 -55 -25 98 -65 83 67 -65 28 7 -38 29 -19 -110 -103 70 94 107 126 3 19 27 -33 -86 46 -123 -102 -29 -58 17 -98 1 116 -104 66 -97 93 -3 -48 -68 25 -42 98 42 -74 59 -60 108 -124 -53 49 124 71 -57 -87 14 70 -89 112 115 41 90 70 -34 -96 77 30 26 -120 16 21 -88 101 -2 -10 -67 106 -114 -78 51 -11 -32 63 -34 41 4 48 -112 -6 -34 113 -103 -38 74 -30 -43 35 3 -28 99 111 -60 86 -70 -30 -65 -92 36 111 -74 -27 -53 -35 -113 49 42 -42 25 -6 98 -55 126 91 -25 -86 -76 121 19 -13 96 -91 -123 100 29 100 -75 -35 3 22 98 46 40 10 121 -31 -112 96 -124 -46 12 -84 -11 -41 48 88 -49 32 117 38 75 47 -91 12 94 90 -122 25 -123 -85 5 28 -37 -75 20 60 98 -123 78 57 62 -34 94 -115 125 28 122 62 -121 68 -8 -43 54 27 -24 -117 95 -29 3 -32 -9 -27 -51 -24 31 121 42 87 38 -110 99 73 -94 -32 -96 -64 7 38 -62 -32 -6 -57 35 -93 115 -117 -76 -73 50 7 11 84 -120 12 2 -19 -20 115 -61 -62 -85 -4 0 -80 -80 83 -58 65 68 -5 -84 25 49 -20 -76 31 96 -115 12 -75 69 -114 122 78 -60 90 -1 -101 -4 -34 -52 120 126 88 -76 -77 -66 -11 12 -30 40 103 94 55 9 -8 -14 -30 52 -39 -120 5 65 -110 -124 113 29 -11 80 7 6 42 -96 -119 41 84 125 9 -89 -13 -46 110 -121 -6 -5 -25 26 -53 37 70 -104
-99 -19 125 -56 -28 67 -58 19 8 -57 -114 58 15 -89 118 127 58 -128 -17 -81 120 -92 96 106 -45 67 101 68 -23 -54 8 -124 75 -69 49 70 19 1 103 50 -80 -115 8 92 90 123 93 -125 -81 -34 -27 -84 -97 101 -60 -47 -92 23 103 83 93 -23 -17 81 -103 14 8 -1 -40 25 -19 -39 -90 85 -113 34 54 81 -84 9 -88 -75 101 -56 -49 54 101 -28 -72 -52 -121 -120 -44 45 86 79 -27 20 -119 44 101 -62 -17 -114 -81 -59 -38 -94 63 23 41 -70 -115 84 -42 15 83 6 -110 -106 38 108 -68 -1 113 -38 56 -84 42 25 -76 -108 -118 17 -67 40 48 -83 93 73 -38 -41 98 112 86 3 75 14 52 -24 -49 91 104 38 80 59 -72 39 -106 -105 -28 -54 80 -2 -18 -25 6 64 93 114 2 105 119 1 119 -2 102 42 -15 9 116 14 -24 58 -34 -54 67 22 78 -116 -121 -91 101 -79 -14 87 42 -52 -120 31 -1 59 14 -8 16 21 7 -94 -125 90 103 55 -111 -89 103 44 115 -65 34 8 102 -18 24 57 -23 75 -20 -109 -44 83 -49 124 -117 124 -41 101 -21 126 111 -109 99 64 -89 -10 -42 56 31 82 85 -61 38 -59 -64 24 88 104 -12 99 41 22 76 -22 -128 -30 -121 -53 89 104 -84 -41 124 96 24 11 123 -68 6 -44 115 -58 -103 57 -93 -1 79 -99 59 65 15 -40 3 -88 -63 -123 -47 17 84 16 50 -119 -122 -96 -67 24 106 -91 53 18 98 19 80 -74 60 122 -75 50 124 33 -29 -18 117 -14 -106 119 116 108 -70 60 -63 -72 38 84 85 97 73 -119 -108 37 62 2 85 -9 59 -118 -109 -40 -128 94 -66 -45 -65 68 42 -126 -62 -111 -106 -70 -63 -20 -17 16 -95 94 -66 -41 82 118 114 -108 54 117 126 -21 -46 16 -39 -68 -8 -55 -26 44 -17 22 32 -47 35 34 -49 -22 113 -96 -38 -60 80 118 104 -44 10 73 -82 83 60 -15 -46 -20 -103 -118 -34 78 -105 -102 -104 46 -124 -88 -50 58 77 49 -22 -68 -117 25 12 124 80 -120 78 -112 -123 -92 -33 -108 18 -40 103 29 -79 -95 84 -87 -19 -8 93 -9 27 -1 6 22 -79 98 -103 -108 -95 -90 70 64 5 -27 76 75 6 11 -39 -19 110 68 -116 118 124 -120 94 -104 42 -63 90 -7 -64 84 102 -74 -64 79 -25 -104 105 109 104 -127 -128 -61 -41 0 -121 -128 -38 114 25 42 81 -97 120 31 -41 -62 4 -113 -55 78 16 68
37 52 39 2 -32 54 120 -72 -7 -11 95 76 17 102 32 70 -10 -80 -85 -53 10 80 16 -37 81 -19 84 -10 -87 88 80 -19 -85 59 -13 78 -43 -59 93 125 -34 115 -106 -77 89 90 21 -28 27 69 -120 -17 102 90 -119 7 94 -74 0 113 -3 79 84 18 -34 -43 -4 -116 -65 34 -86 -128 23 -15 -51 -57 122 -30 100 6 -55 -10 -10 47 75 23 -42 57 97 -102 -120 49 -57 -30 -64 40 55 -24 -51 125 -122 35 86 -123 86 101 -32 50 2 98 81 -106 1 84 44 62 -18 -97 -125 -33 -87 13 -26 -74 -107 -23 -19 84 97 105 59 104 -88 108 26 -15 -38 20 99 -127 -100 47 -99 -22 -100 -113 -100 -73 35 88 52 1 46 -23 -75 72 -105 83 111 5 97 -87 93 -116 -49 39 -2 90 -70 35 94 -15 -100 -38 -73 -29 21 -33 -79 -50 62 -25 17 -14 126 -37 38 -111 -74 -120 -5 -91 53 28 -66 -12 -101 42 75 53 6 -103 90 53 -107 46 36 -28 56 -64 42 90 76 12 61 -71 62 -107 87 123 -106 74 -81 -66 39 -69 -5 108 -10 27 29 -97 -14 -79 -127 -77 1 -68 -23 -93 24 72 87 -86 108 -109 -89 43 36 -68 52 -110 98 19 -33 44 -27 -125 -60 65 -77 2 92 -64 122 82 -53 -37 97 95 -13 8 101 45 17 -79 -96 124 -114 -25 79 -93 -86 55 117 89 96 -85 -115 75 81 72 17 7 60 122 32 -18 121 -100 -59 -123 83 -93 -105 88 -84 69 -112 -6 94 -106 -79 117 9 41 -84 -35 -127 -100 -20 49 -119 -118 8 -46 -72 -92 -110 78 -36 12 28 -99 -39 -24 88 104 15 110 -26 84 -32 -38 -86 -86 -86 -55 -57 -33 -102 -5 -55 -81 -91 -52 75 59 -92 -103 -90 -23 100 27 15 109 95 -42 29 -125 -84 -28 -82 56 61 79 -80 -112 -7 32 101 -111 -59 -25 -76 7 2 67 117 12 -77 21 119 4 30 89 68 115 36 55 -52 -23 73 -80 24 -11 23 94 107 -101 96 -112 96 59 -92 -97 79 47 -84 84 23 -36 -60 120 -113 -91 0 71 107 -41 -46 -106 5 -67 -21 110 -98 -12 0 -32 117 -95 -44 -6 66 71 -36 75 121 114 -45 -103 87 90 105 -47 114 -18 125 -93 65 47 4 73 104 57 9 78 5 9 45 -81 -84 -84 121 -34 78 -65 -34 -12 -34 59 1 -103 107 94 118 -8 -9 -62 -28 -120 -91 117 72 21 84 0 -38 -53 66 123 -111 -28 58 -55 -8 4 -14 -73 -23 -9
-124 94 17 110 -84 119 47 -98 -127 99 0 9 104 -90 -59 71 59 -28 -105 13 -59 15 48 -97 110 -21 17 -93 110 -33 -44 -60 27 -78 74 -120 -47 -101 -125 -67 -122 23 36 30 115 71 100 -26 78 -62 -71 71 -83 35 -98 30 38 67 -54 20 -14 -85 -15 -27 -84 39 -123 41 43 32 -18 -48 54 -112 63 -60 74 -52 48 -53 101 -36 30 78 -75 -31 -36 11 -31 -97 24 109 106 9 -3 125 -112 -68 -96 -16 -120 126 65 80 -13 -101 -51 11 -13 -118 -18 116 44 -42 -91 80 -68 116 97 -118 -15 -99 42 30 14 -85 36 -76 100 99 -106 56 122 -35 106 72 16 -126 -47 -123 37 53 70 -109 -104 -60 24 -70 -17 -60 -35 32 -9 -84 93 -16 23 56 76 118 65 115 35 46 12 24 -77 22 96 -4 -26 -102 97 -39 -18 -78 -82 110 -8 9 62 112 -25 -5 61 -113 121 23 -99 -29 -88 50 -40 29 -126 -63 -99 -115 -22 14 -20 71 0 -26 8 -82 -112 79 56 -71 -84 96 -111 31 100 113 -93 90 98 -125 -66 72 -24 -77 -79 74 40 89 75 -66 23 -76 119 -75 41 73 -114 -30 -60 -125 -27 -3 -37 -87 83 106 -101 54 -78 52 44 59 -94 105 68 126 -95 -73 91 89 -94 52 -66 -101 -46 -46 -2 -122 44 -113 -1 -127 106 -84 18 -9 -26 -53 96 -57 68 41 52 38 -94 59 -116 37 -63 91 5 -8 -123 62 -7 44 -53 -108 26 20 -19 106 6 119 -47 -85 59 -103 81 -14 37 -83 68 17 -36 -78 65 66 -9 -128 35 -37 103 -50 77 -48 -110 42 44 123 42 -111 -118 88 32 -107 -27 -28 -93 30 -75 -81 120 113 109 -98 84 7 -17 5 111 -57 81 46 85 62 28 -43 27 71 -36 10 107 75 123 -38 45 38 -35 -98 -95 -32 -1 110 13 69 90 -126 113 -29 41 54 -96 54 82 -74 -75 95 119 -123 -35 28 33 -105 -121 -12 109 22 120 -92 -3 -53 -109 43 -40 -98 -115 -113 88 17 36 -45 -19 17 -64 -44 -36 71 -23 -55 -47 -35 3 113 81 104 49 -68 -63 -106 34 -118 -125 113 114 4 14 62 83 -111 37 49 -26 108 -7 -74 43 -34 -50 118 -91 32 -76 68 -62 -2 -33 114 -98 -93 -127 107 -87 -5 71 -87 55 47 82 -50 76 52 65 9 -6 23 -101 -65 -109 75 23 55 97 51 -9 1 -75 -99 24 93 -124 -89 -106 -32 -8 -87 -50 -111 -58 -81 97 68 -87 -96 -29 12 -84 -106 2 4 3 -73
-21 -8 -63 -77 76 124 65 -102 123 -121 -121 59 106 -52 90 -6 80 15 4 30 -114 -91 -87 95 -83 -75 100 -14 115 -90 -92 106 -17 22 -104 -118 -54 -105 -80 95 -44 -96 93 -89 101 -112 21 97 -114 -34 90 71 -10 -16 9 108 -25 56 98 73 91 7 -78 -85 55 64 -34 101 30 -128 74 14 -7 -120 -42 -86 -20 66 38 22 -126 -20 122 -34 31 -21 -47 -48 -99 -82 -119 127 6 84 86 110 -39 30 -92 21 -61 -112 61 63 -89 -30 -123 -110 -78 38 -66 118 -18 27 -17 -20 127 -43 39 -110 -72 127 -115 2 67 72 28 103 83 21 -112 -83 102 83 -101 107 -69 -126 -51 72 -107 -13 5 -115 64 119 -9 66 -52 -69 85 -6 70 69 -127 -46 -70 -127 -93 65 -74 44 40 -45 11 -81 -56 -126 -87 44 92 57 -13 72 -87 72 68 -54 -91 108 105 -56 -66 48 -64 76 -128 115 72 104 -59 16 61 -35 2 67 11 -6 58 -112 -109 64 -98 105 -88 -63 116 97 -42 -91 124 39 -94 111 66 53 123 -41 -86 112 9 81 -52 -87 -114 29 24 66 -77 -23 -89 -99 -47 -43 -125 -112 -96 10 -81 93 70 9 84 -27 -60 80 41 -14 34 -121 18 100 -16 54 122 -44 54 98 -61 -54 -6 97 35 106 -16 75 -56 -77 72 -70 -26 83 -86 81 109 -49 62 -64 117 -97 -66 53 -34 62 25 83 10 75 -26 15 27 67 62 22 -67 110 37 98 -6 45 87 -119 -20 9 -45 76 12 -127 -125 -106 -8 87 -15 34 -123 125 44 -70 74 -54 -11 -116 18 -84 -109 -128 99 56 -95 -57 -62 13 103 14 -112 92 105 86 -99 -70 -32 42 -111 -109 12 -113 56 -59 -112 120 83 86 -100 24 -78 26 -95 9 16 -108 94 -59 64 -84 -49 86 -74 -63 27 74 1 80 -55 -88 36 -91 -11 -115 -68 -75 63 -3 -67 108 98 -95 111 34 -10 18 113 -117 -18 127 -49 -94 -102 -56 6 -86 -29 -54 -18 93 123 15 92 -85 -88 -110 122 58 -61 -121 58 -88 10 -119 70 -47 72 70 -30 28 -80 -95 12 71 -54 -38 -30 62 -120 -9 -43 79 40 126 -116 25 -55 -53 -57 -25 26 19 -67 117 52 -111 56 -17 25 126 -103 -46 -111 33 37 -28 96 -24 -116 -73 -34 87 71 71 96 80 14 53 -25 -105 -62 -78 19 -11 -52 111 -66 119 -18 -25 74 -5 -36 -89 104 48 -54 -68 -32 8 61 43 -78 25 105 -17 105 25 46 -64 -102 30 88 -91 9 61 -123 -90
90 -118 -76 123 -39 -8 -1 -84 -30 82 -54 -65 -10 82 -73 122 -49 52 1 -53 -121 81 69 -116 79 -79 -29 -86 34 13 -72 82 -125 126 75 -82 -67 -94 98 113 -128 108 -67 -99 -41 -76 13 17 72 -14 -94 32 -70 3 120 -110 -82 123 122 100 -66 -12 -30 59 -120 2 -62 126 -47 11 105 -124 -87 72 105 -56 -107 -83 15 87 65 -91 -99 -36 58 114 -101 -52 56 -94 -82 -49 110 73 -31 -63 -29 -118 75 87 -44 -103 118 -43 95 -62 25 -58 28 97 38 0 4 -105 121 -75 -90 -128 111 -5 -116 -98 -45 -81 118 69 83 -81 21 -2 -85 -57 16 -98 90 -97 -8 -47 -43 -52 6 -1 -49 20 -84 29 -38 -80 -78 119 -7 -43 -17 21 125 -30 49 20 -71 -82 -28 -115 -50 28 59 -62 63 41 8 -59 -39 -15 -93 1 -57 -114 62 25 -7 18 -114 18 -34 -33 100 4 58 18 -33 -73 -86 -28 -83 -31 56 78 -101 -82 -1 3 -69 34 -87 -108 -9 39 104 -19 123 13 -92 68 -14 -15 97 -104 -50 -13 13 94 -2 -5 -112 -106 -63 -73 7 -15 114 -93 21 -94 67 57 86 -23 59 -70 119 -97 -78 -65 38 -25 44 -104 54 41 75 -49 -85 -31 8 15 52 106 69 -21 -23 -125 94 29 94 -34 -76 108 57 -90 -49 -78 122 -70 -111 62 -17 40 44 102 103 1 104 -118 -60 -49 38 -100 1 3 -65 -107 71 44 94 14 103 75 -55 101 46 -52 -93 122 120 -74 -16 -60 -74 59 100 127 -60 112 9 115 -116 -69 -107 0 -100 127 26 12 46 53 42 62 84 -103 -127 -114 -68 23 -96 27 -1 28 46 -84 73 -101 -46 -109 105 21 -123 -15 -33 -82 32 123 65 -90 -41 60 -118 82 -56 -8 55 90 -5 -120 -26 -74 13 -93 114 -43 41 76 27 87 -78 64 2 49 83 66 -120 -107 -31 101 -50 46 -12 114 38 5 -20 9 68 68 -29 24 -58 57 -58 10 79 -94 109 61 120 -37 111 84 69 96 57 -114 -57 -123 -50 -58 47 80 11 -119 -37 -42 -107 -1 4 52 -5 -46 121 -44 -89 74 91 -46 54 -18 116 36 76 -40 -107 39 79 -66 -30 -93 -48 -105 -41 -37 26 77 -73 33 -123 40 99 26 -15 59 -11 -57 -9 -20 -85 -122 -123 4 66 -10 126 -57 -67 -123 -101 -101 112 -98 -71 38 -20 22 -54 124 -104 -24 -13 27 -44 124 68 -39 -20 38 -123 -45 -128 108 37 -83 -29 -41 52 -126 1 -4 -89 -2 -122 -64 73 -120 -112 -16
-11 122 103 -95 48 52 79 119 -93 -126 112 7 -63 -66 54 -75 97 22 -44 -106 -88 -116 -3 -88 -42 -115 11 90 -38 -21 66 30 15 -27 -22 -113 56 -93 -84 -73 -79 117 -8 101 93 100 -35 -114 58 -92 -123 -66 95 -27 119 89 120 -17 53 -113 -119 -100 -123 -38 -21 61 -49 119 -102 -13 94 -13 19 -99 114 -117 51 107 76 -42 -23 47 -72 83 75 -84 -107 -92 45 -47 100 -86 -96 57 -16 35 -3 -57 -46 57 102 -109 -5 37 62 79 -48 -40 -81 51 89 -44 -26 -58 -34 87 -119 73 -20 103 -75 54 100 119 40 39 62 -62 -91 17 78 58 -35 109 85 39 -6 -112 32 -65 -60 82 32 83 104 -77 -10 -113 62 68 49 -95 -43 24 -39 -33 -70 90 4 -59 24 -121 29 15 117 -75 79 -60 -12 -95 -81 -127 -15 -51 -100 53 14 -1 66 34 42 -14 -53 -112 42 -115 -40 42 -60 121 28 -101 -115 -60 104 114 66 -34 -28 87 53 -72 -8 81 21 124 -14 40 -28 -127 92 1 7 111 -29 -1 -65 87 106 -70 100 -27 -6 18 -98 -96 -37 37 32 -13 52 19 70 -33 40 -96 106 31 -32 -48 -3 119 -9 56 -95 127 63 57 -15 -85 -5 -80 -106 -27 -46 -96 -115 -101 -110 75 -49 -101 -102 -12 -34 -110 -58 -47 -21 57 -125 -85 47 86 -101 86 -112 126 -22 -105 66 111 103 -10 -21 98 9 -45 -117 58 98 77 -70 16 -46 48 61 51 60 -3 86 16 -50 112 10 -107 85 39 -18 -122 -1 -21 121 0 9 -19 -120 6 9 120 76 -4 -49 -65 -58 93 61 78 -52 -123 94 -11 -8 89 -71 102 54 109 -76 -68 -73 -98 -55 -82 17 -112 -28 -116 63 71 -62 73 -46 51 -105 -101 37 -92 106 -107 -117 41 -58 42 -38 120 -118 54 79 78 -5 -120 -75 58 -57 35 -34 8 -101 66 45 111 -88 127 -51 77 -98 -48 60 9 36 -36 125 -24 89 77 -98 -104 -60 83 98 -96 -28 -63 -28 -49 -107 -67 -93 9 -92 -93 -62 -55 -48 -52 112 33 -86 -53 -22 116 4 11 62 124 33 112 36 16 -45 13 39 23 -105 -42 79 -113 77 71 23 -2 -114 -66 11 -19 -92 57 -124 -69 -126 -69 -48 106 -68 -28 -9 -19 -108 0 -109 -38 -80 0 -67 -48 13 -122 116 -2 -12 76 87 -19 -4 -51 5 55 124 123 126 -101 -93 -36 43 111 62 32 -102 -66 94 -79 -10 -80 108 -15 15 103 -41 12 -97 78 -46 -109 -87 100 -26 1 77 -28 44 -100
84 -126 91 -123 6 -32 125 -110 122 -126 -94 -72 -118 -13 -23 -59 7 58 -14 25 26 -31 -119 -124 -105 -106 40 -46 -85 32 -125 24 -78 -55 7 43 42 21 6 96 96 -30 -96 -9 90 -98 109 116 -2 6 58 86 29 83 -92 85 -29 13 68 3 -4 -89 22 93 62 84 -56 92 32 -33 -96 94 -24 -124 48 113 98 -127 -44 115 16 65 -123 106 -120 -121 19 44 75 22 77 -9 -103 -109 -81 -125 47 -102 -85 26 -36 -94 -71 -57 89 -45 -96 14 -37 -110 -10 104 47 -67 -37 -58 -59 -56 47 17 57 47 -54 -79 94 75 -61 -45 61 63 -13 115 -24 -62 -111 118 -41 48 54 -118 27 47 122 -10 -15 81 -50 -33 -23 117 -110 -126 9 -74 -125 7 46 117 -13 98 -29 6 70 -96 3 96 -53 -96 -111 -79 -27 97 -116 94 23 -86 97 11 -38 -110 -28 -113 123 93 -37 66 29 -23 -21 43 61 -85 -57 119 -50 20 -100 -75 6 50 -128 48 65 61 69 45 -29 -25 -66 -53 22 -15 -27 -101 86 -115 51 69 10 73 45 113 99 -108 2 94 64 -92 -35 37 -71 85 12 -82 -66 -94 -3 -82 79 14 -46 -100 -50 28 124 65 41 -85 16 -77 97 114 15 -57 -105 -128 -54 76 111 5 36 -100 3 82 11 67 -46 18 109 96 -124 95 8 44 -122 -35 -77 -32 98 -80 -21 35 35 -119 46 -59 107 15 -103 -63 -118 47 87 -19 -122 -40 94 -82 -57 -107 65 -48 -90 120 -50 60 87 -59 41 -13 112 28 -7 -4 -111 -61 -111 -105 -101 -70 45 -99 31 28 -79 61 29 94 39 28 122 -5 114 -119 -91 9 105 61 88 102 -24 -76 64 -6 -99 91 -7 114 -56 -47 -60 115 -111 40 44 -64 -9 60 63 56 -1 -62 -74 -25 -41 110 0 -112 -100 44 -77 -28 -65 -125 -105 34 -104 117 -4 117 51 73 -42 87 47 -24 45 -34 -108 -31 24 17 111 -85 87 -42 -114 127 -125 67 100 -58 -26 -123 -111 -87 -118 111 7 -119 105 -71 -78 -126 -119 53 -43 -8 -17 125 -30 -25 -98 -42 -15 -101 -84 -100 40 29 11 -126 29 -124 43 67 -25 14 101 -60 -91 97 116 18 -10 49 42 35 -117 -104 100 31 28 111 -58 -31 32 58 -36 -100 31 22 7 7 -43 -100 91 72 -125 86 55 20 126 68 -68 115 99 29 13 -99 -106 58 5 45 -10 45 -125 64 -17 35 -89 111 -60 84 -8 56 39 -30 -79 19 -88 -94 92 13 -90 68 31 55 94 -106 -126 -70
25 -23 -2 27 -99 -42 -60 3 -27 -36 -48 -85 -82 93 -122 -37 71 60 33 -8 -43 77 81 104 -68 57 -62 100 32 99 -108 -9 -91 75 117 -16 -49 61 -7 -21 39 91 -6 -91 -29 60 113 -82 104 73 81 -41 -105 10 24 -104 -29 -87 91 125 3 -74 -72 -40 119 110 -36 92 2 26 -101 38 -96 94 -73 105 -104 92 -25 101 -53 114 100 7 -11 -106 -86 83 -72 124 2 -59 -31 -26 55 46 -96 87 -119 100 -96 -81 -41 104 -42 74 31 -47 76 102 -73 -36 -111 -108 -82 113 62 -33 108 18 61 20 -3 -105 -65 -86 81 -3 63 -69 -93 -23 101 78 98 18 46 -83 -88 -73 -78 -114 -59 -52 -48 -81 116 -30 -50 -127 -58 101 -50 -30 -71 94 23 -106 120 -36 -105 -39 -15 32 -75 9 -4 13 -72 -119 16 16 91 -85 20 73 -87 22 30 49 -126 -10 72 36 88 43 84 -111 -1 -126 80 -93 -40 56 -80 76 1 -9 46 3 -78 60 44 -8 -84 23 67 58 -108 -38 -97 110 102 -34 -9 124 105 10 72 -122 108 93 -122 -60 106 -52 78 104 -4 -83 38 -115 55 -97 14 -58 85 -109 10 -76 -114 -2 -33 120 51 -91 40 33 64 92 -127 -111 -84 109 -46 18 -104 104 96 47 -127 -47 23 -40 -64 -9 23 94 89 -61 -34 -57 29 88 56 120 -22 -47 82 86 112 -122 65 -59 72 21 -126 -66 -55 77 78 -105 26 13 -28 -108 -85 125 -104 103 -24 -28 -86 62 77 -28 17 -84 38 78 81 109 -4 -14 61 47 31 -78 -116 -5 -69 73 -15 -55 -59 -81 -94 -79 65 -125 -80 -27 12 7 -6 95 -112 -106 -45 33 -43 50 39 -17 -128 -65 10 32 107 -122 -18 79 118 124 -98 2 48 74 87 82 -53 -117 -55 -120 33 -3 22 -61 15 -100 -68 -113 -82 -9 111 62 -2 44 93 44 -86 41 107 71 110 -32 -14 -69 83 102 -124 45 -107 -4 5 -59 25 46 -29 -70 47 -42 112 -67 -20 38 -50 -91 -36 31 35 -78 -39 11 -25 99 -124 -57 -53 -64 -87 113 -11 25 55 98 -70 -24 120 51 -118 -51 42 126 82 -61 55 -55 115 -8 -59 -32 76 113 -36 -79 -50 -111 41 101 -53 81 -126 59 -46 -65 41 103 -88 -102 -85 101 104 -1 94 96 -103 24 22 50 49 62 2 101 -37 -68 -106 44 -94 26 85 87 -128 43 113 -55 -54 21 60 -16 108 4 53 90 -117 -127 -101 -96 -67 -39 35 96 -75 114 70 15 -77 79 11 -88 -90 -17
39 100 74 127 -60 126 -27 22 -29 4 98 -64 70 22 102 -29 -31 84 -122 15 0 54 35 85 51 -64 1 103 -115 -4 -21 49 52 77 -94 104 9 -79 -18 -122 -74 -57 -81 -3 85 -121 71 80 -121 114 -104 -65 -30 -93 -34 12 -46 -108 -38 -37 49 -72 5 -86 32 81 -51 -92 -41 -35 -111 12 -105 -51 -87 120 48 -42 91 -77 96 -74 -48 -67 -95 -35 126 87 -115 -6 100 84 67 -106 47 -88 60 -53 -110 67 65 111 -62 95 -70 104 20 93 90 -67 -47 48 52 106 -120 -117 -54 -24 100 -44 -38 -28 118 84 -71 18 -11 96 82 108 -125 69 -122 125 -23 91 23 -72 83 112 12 -53 84 -56 102 -45 105 9 -42 108 -81 -34 -108 -93 104 71 112 51 -41 -127 1 114 61 -26 61 82 88 68 6 30 -118 57 -55 95 -21 -51 115 -7 -82 1 32 22 -126 -55 21 -67 53 99 23 -25 24 63 -2 -31 -127 114 -78 47 -40 -12 -78 120 66 59 50 -114 -30 75 45 90 -92 26 -32 92 66 -97 -5 107 -60 125 -96 23 76 -81 -101 -22 -81 -105 -24 45 86 -72 -15 -67 96 -20 101 114 10 -23 -108 45 -65 -121 -78 -12 1 -23 36 -14 125 -80 86 65 78 -68 112 -96 74 23 -122 47 -85 -69 -17 -116 103 43 -100 12 36 72 -75 -6 -32 -1 91 -16 -64 122 -93 -13 -15 2 -43 94 108 -92 106 -84 -94 -95 72 55 -73 -65 -17 93 23 66 60 -91 76 -28 -116 -29 26 -32 55 -13 -80 -51 -70 96 84 -92 58 -68 -115 -120 -24 106 -5 43 -124 67 -128 -116 -65 36 44 -110 49 7 -56 -127 24 22 -91 -15 -23 -24 -114 113 60 92 49 80 -120 -39 62 90 -109 -106 17 93 -114 53 2 -101 -94 48 93 -13 -96 -127 54 2 102 -49 74 -1 109 -86 103 80 74 89 68 -38 125 33 52 75 59 57 55 62 59 12 25 120 -6 -79 55 36 -55 -100 69 123 103 -41 -91 -22 89 40 -60 40 -49 -128 80 -62 86 67 54 100 -101 -19 10 -117 60 -89 -19 -54 -34 67 102 -38 -59 63 -50 -42 -94 122 62 -61 88 -90 -103 37 38 13 28 99 75 -113 -53 70 -101 38 -124 49 49 -5 -106 125 95 29 -95 -49 35 47 59 113 116 -26 -18 -84 122 -50 89 -22 125 -51 -2 -117 -9 84 48 94 -47 -23 -91 -47 -27 -30 119 13 -5 -50 -27 -53 -65 59 -75 -115 -42 -126 124 -97 26 -36 -89 39 -36 81 26 101 109 -56 -29 -82
40 68 -89 -28 -94 -106 -108 57 44 -82 -59 -126 114 29 98 -128 73 26 121 -101 48 -115 -8 -23 -102 -42 -24 -30 -63 -10 5 -57 70 -97 37 84 38 56 82 -103 1 123 104 47 65 73 103 -35 71 121 35 12 19 56 91 60 -35 -8 -67 -81 111 83 50 5 107 109 127 -66 67 -78 88 110 -45 -17 -58 26 66 -64 -116 53 20 95 -125 91 20 -84 -22 82 109 -34 21 14 106 -25 11 -82 -92 61 109 40 62 -4 80 -117 -80 49 5 49 65 116 62 49 24 -68 93 -128 -105 55 34 -13 -62 90 -108 17 -1 92 23 -82 -118 60 -113 119 118 85 40 2 36 -119 38 26 7 -13 26 104 119 79 56 -97 14 57 3 -106 -44 -7 48 -87 -91 37 -25 0 15 86 71 -101 65 104 59 20 -66 -79 -74 -77 119 -106 67 112 57 46 -41 30 -91 80 109 -109 80 35 32 -94 77 -120 59 -34 47 79 -8 5 46 -63 37 -62 -53 -117 -21 41 67 13 -15 117 -5 -50 41 54 115 -6 -73 -52 -39 -66 -49 -28 24 30 106 82 50 34 -11 0 48 34 -56 14 25 85 65 1 -23 117 -14 24 54 84 21 -124 -106 -120 -117 -18 -10 -78 5 -40 28 11 50 22 40 -120 -62 -18 -86 8 75 123 48 -84 3 63 33 -128 -58 0 -120 -72 -76 25 -110 0 -7 60 57 -20 -74 -68 -1 -120 87 68 -109 115 -122 -69 -96 16 31 -66 72 96 88 74 62 2 76 -12 -65 -91 16 -12 23 -75 115 7 51 77 12 70 13 122 -15 42 62 -84 -73 -19 -32 59 115 -74 -35 -93 -5 120 -16 100 105 19 -6 -52 -113 59 26 -59 43 -97 -79 114 -59 -125 -11 10 102 32 0 -4 -25 94 106 85 -82 -36 -72 -62 -116 -24 -23 6 -30 -124 103 0 50 -113 -49 -25 46 106 -19 61 97 104 10 10 110 -123 16 104 54 124 -29 28 -122 -31 112 -22 124 88 108 76 106 -73 -37 -124 -89 -54 88 -51 -126 19 -51 -5 -61 -18 81 -109 -88 32 44 -49 -66 -68 100 -15 52 -125 4 -33 6 71 -54 1 100 -66 -88 70 -110 -68 93 -28 -23 -65 115 75 -112 -111 27 31 -64 111 16 46 -66 8 -89 -89 47 71 -47 19 1 -71 25 120 -22 2 59 -34 69 -34 123 -29 -72 -118 127 -123 45 66 -20 -18 100 3 123 -54 16 40 17 -86 27 117 39 82 87 -78 21 -72 -88 -12 121 -55 -24 27 -90 15 107 -93 -114 32 -51 -46 18 93 81 -3
-114 -91 116 92 -65 -94 -93 27 -102 -123 -49 -53 50 -74 29 -38 -38 81 -76 -58 -27 27 47 -92 107 -101 43 19 124 31 -114 112 11 42 -37 122 -24 76 -102 -86 -62 110 69 -19 56 -71 -91 -103 7 48 27 37 -13 -83 42 95 -57 120 80 38 -15 -32 -41 56 100 13 -72 -105 -21 -59 -77 -87 -84 -52 43 -127 -105 46 -106 30 -5 -6 38 -9 -49 -111 -66 109 -97 -64 124 117 -2 112 29 123 61 -103 -97 -69 100 16 -40 -94 -104 -76 -66 25 -78 3 -91 42 25 -26 -120 -75 9 -32 -84 -123 -63 -57 123 25 9 -80 112 -42 -24 -75 -71 -71 11 -40 119 110 93 -36 22 81 -31 -75 -89 44 -120 63 127 51 58 -69 -27 -63 -26 -10 -97 14 21 -29 113 -69 -50 -93 -63 75 -10 -86 56 -50 -100 -20 -116 -7 35 69 108 -90 113 -63 127 48 -117 -67 120 -101 -83 -101 54 -119 -30 75 -15 -104 32 -115 -98 37 0 -99 -2 67 37 -30 -101 -116 -112 -71 52 -36 -28 -38 -91 18 -8 -7 75 -102 -125 0 121 -70 -56 76 30 107 -126 10 38 -79 117 -60 -55 -41 -91 21 -3 -63 -93 52 6 127 118 -127 115 -15 110 -86 -74 -10 -59 -75 -53 41 -85 74 111 -111 -71 -66 -75 -54 -40 -49 108 54 -22 -82 -29 -43 -46 20 39 -90 36 51 46 -15 49 9 -51 -49 -69 41 -1 -19 -75 -9 -67 31 -112 -126 0 106 126 103 104 -86 -124 -60 87 -5 81 -32 65 84 17 13 -1 86 107 125 76 -116 122 -52 -22 1 4 -101 -97 -48 -27 -35 -111 -1 9 -117 93 4 84 99 -100 -19 72 -17 10 73 -7 -43 -116 -99 -33 30 21 64 -114 -68 33 -47 -34 -99 -35 -16 -48 58 -32 27 -86 68 -52 -14 -61 69 61 77 -99 -45 63 47 -45 -69 38 91 4 -99 -117 15 27 -13 11 15 -83 -8 -42 0 64 -108 44 114 72 54 27 12 -7 122 -23 48 -41 -1 -93 46 -125 63 74 -43 12 121 108 116 118 -81 33 46 34 90 55 94 87 82 92 -52 5 44 46 -24 -14 58 50 36 -96 109 -124 -26 24 109 30 -111 -23 -79 -102 101 52 -15 46 -82 -126 108 -5 83 -12 45 -30 87 28 15 74 13 20 81 -37 48 -76 -10 91 71 35 82 -71 -5 -84 87 -68 54 104 38 37 -9 -55 -77 -117 -39 81 48 -29 -72 -86 -64 -67 -35 -69 -80 -16 -89 58 -120 15 -25 2 -78 -68 67 123 -82 119 41 14 -24 -16 104 37 -100 23 -44
-105 -41 1 -124 -13 -43 -99 29 -6 22 78 -19 31 12 -36 97 -2 -50 -124 -36 111 23 121 -33 7 -24 -62 8 29 -85 41 55 3 1 100 -75 44 89 -18 -52 92 -90 61 122 50 115 40 -85 -16 -48 116 32 115 -126 79 -80 2 60 84 32 -16 -68 -29 8 -23 42 -105 121 76 105 40 80 -112 101 108 -17 -19 18 3 92 -15 68 -36 -66 -26 -93 10 -20 -50 -81 57 18 -111 70 27 -6 20 70 -107 43 87 13 -16 38 39 -33 -27 -121 -116 116 -13 121 38 -22 52 -84 -103 39 108 -39 39 110 -74 73 90 6 -96 -73 44 58 -71 29 -103 -60 -18 -6 96 82 79 -67 68 -26 -15 -108 -11 -16 -69 -46 56 -9 38 89 -44 -115 21 12 -108 -30 -35 52 15 -62 112 37 41 97 -125 -2 -10 6 -70 15 57 -107 -127 59 -82 -66 -62 -39 -87 6 -55 -24 36 18 5 74 27 78 -122 -48 105 -72 14 -113 -44 -125 -29 118 -1 122 68 -71 78 -64 -23 -70 4 70 -72 -12 -32 66 107 88 42 20 24 -110 50 16 96 -41 68 28 125 -105 -59 -104 96 27 61 110 42 86 51 100 48 50 4 65 117 -49 -84 -81 48 113 36 37 -19 -51 -7 80 120 -71 74 87 51 -90 -104 6 109 -101 -80 -5 -11 -75 -67 76 -70 27 54 48 -54 91 79 -60 -65 -19 -37 117 126 -17 -36 -128 -73 -73 91 -38 81 22 17 -51 -125 43 101 35 -93 -12 -39 117 -18 37 -104 -1 57 -121 -61 -32 113 -95 72 96 -74 -31 -83 98 48 0 42 5 49 94 107 24 -73 -119 -95 84 -109 -47 121 -41 124 -58 101 112 61 68 30 -126 48 18 -115 -109 15 -65 -12 70 15 -35 27 -87 31 56 31 -39 -70 63 -47 43 103 -62 -77 53 -76 34 77 69 98 -1 -59 122 -102 100 41 15 -109 0 76 90 2 -90 -76 1 -103 112 -119 54 -28 88 85 13 -91 -85 31 -54 44 57 28 51 -118 36 -102 -23 3 -99 -3 86 29 -119 14 0 -55 69 -89 -86 54 101 35 36 -35 35 -42 89 -110 -3 -117 102 -65 62 -5 118 88 -83 -91 77 -69 -102 -113 18 -128 80 -110 -76 124 -24 40 -79 65 79 -57 58 33 -92 87 58 -110 -88 61 62 93 58 -31 -49 122 100 97 62 -80 -110 86 -38 -77 -127 -50 91 -1 -66 -74 -51 122 -68 -106 64 121 -109 99 33 -27 5 -36 42 61 40 -102 4 93 25 -127 -107 -65 51 -64 13 73 -56 39 -78 18 124
-54 46 -36 108 -74 -93 -82 -79 -49 -13 -98 43 -77 -126 -3 -128 -10 -113 49 81 87 115 -1 41 -39 -31 95 114 48 -48 -91 -98 -19 -15 -126 -53 38 53 7 35 54 82 -84 121 -69 -61 -68 126 -91 -8 35 -100 -89 -8 -123 -43 114 64 -124 -49 -18 74 65 11 60 -31 -93 -29 -52 20 44 31 -103 -118 116 -37 41 -67 -14 -65 -104 -102 -103 -84 -30 63 71 -26 -121 -49 -51 72 113 -76 -81 -65 -82 -38 -5 -90 76 -106 119 -123 -41 62 48 -43 -8 11 -125 -87 -33 65 -76 -101 -16 53 -110 -93 -120 72 -4 105 -66 25 -108 43 5 10 -41 -15 -124 2 -101 -55 118 79 109 -51 55 -9 109 15 -36 53 68 -96 85 -77 63 -80 -124 95 51 -17 64 92 -93 90 83 -123 -80 96 -4 -56 27 109 -106 13 19 -5 84 8 40 -127 62 81 82 -7 88 -67 -48 -109 88 97 69 123 -40 33 -33 17 -112 86 -95 -39 -42 -98 -92 84 0 -89 -68 -9 15 -119 -111 -66 111 -66 -24 115 -108 12 70 42 -125 -27 -68 60 -69 97 -79 99 -24 119 -65 18 -34 -63 -15 -61 -36 -106 -44 -113 75 123 -127 24 113 78 121 117 -3 67 -125 -26 26 -100 -123 45 -15 -37 120 -104 -61 -7 -97 0 -38 118 -52 -11 -7 -124 -101 127 -87 0 10 -122 34 83 -87 -68 -104 -41 57 -101 -51 43 25 77 -46 -94 54 76 109 -53 -84 -64 113 8 -6 79 -62 121 -122 98 116 -93 102 -92 95 -71 -38 61 115 30 67 -33 88 89 -41 -96 60 -93 -114 -31 78 -58 -93 88 -50 122 -10 -77 -85 -60 -47 -113 -88 19 -80 -51 -128 6 26 -126 72 124 -21 95 47 86 9 -93 -11 52 126 -89 -35 -37 40 69 105 -61 -90 -42 52 110 -102 13 54 -9 -81 -103 -102 123 61 -64 67 35 1 108 82 122 -109 -26 -49 -77 66 -119 39 24 -104 -125 -110 -16 110 -109 32 4 -59 -4 -60 81 38 -22 60 7 -108 38 44 -78 107 8 80 -43 -44 33 -117 47 -45 -32 -11 -42 -18 -53 52 -75 -20 112 -41 82 22 109 -50 12 89 -120 7 98 93 -68 -126 68 96 -14 -30 -116 -67 -68 59 57 30 94 92 78 -71 -9 47 59 59 -117 15 -72 116 93 -102 -104 45 -63 96 14 -30 -49 34 29 -2 62 70 -57 65 86 97 -21 -5 -67 -28 24 116 -38 -121 15 46 29 -20 -1 -60 -8 34 95 -24 -112 -84 43 -74 -21 -113 -114 -124 41 -57 52 30 -51 70 -67 58 14
6 -29 -45 -80 -79 10 91 -101 -59 56 -100 -73 -124 -58 31 79 76 58 -59 -124 49 -109 102 44 89 -42 125 71 81 9 -128 35 0 108 -28 119 -50 89 0 46 17 25 -79 -28 -23 -1 108 122 -1 107 0 115 -87 -19 77 -119 8 -98 119 104 106 1 -125 -13 -89 37 -118 123 -97 19 -17 124 120 6 -87 119 -71 -76 -22 -49 58 123 -94 88 56 -42 -8 -67 45 -8 -54 66 -109 -30 76 93 14 -106 -14 85 -112 89 71 16 107 -27 81 51 65 -26 111 33 29 -18 -18 -32 90 -41 104 43 -69 22 58 69 103 32 -10 -42 -48 -15 30 44 37 93 -26 90 -4 98 -51 69 -8 46 -26 -55 -92 93 -36 -24 -50 109 -20 70 75 81 36 78 -98 37 47 35 -103 -91 49 -68 31 66 -15 63 -119 -28 99 -71 15 26 -55 15 -49 -76 -11 57 43 -28 1 -48 86 111 -104 67 73 8 -97 -112 101 15 94 -43 -87 64 -33 -3 46 -110 -108 -2 1 -4 66 65 43 -50 101 67 -18 -103 65 43 -56 -85 -5 -51 63 116 84 28 -106 -13 -65 112 -122 -113 -106 78 -98 -40 -93 5 -2 76 116 8 72 9 -81 63 37 -40 -119 -114 120 -95 -30 22 33 120 8 80 86 59 -26 -10 -71 -83 108 -56 35 -124 -112 41 -8 87 112 -84 86 118 -50 -31 -91 51 -22 -99 104 -105 13 -82 56 -48 -26 -80 -25 -62 -118 84 73 121 69 43 104 -40 46 105 -49 -18 101 -46 105 -114 -45 9 -100 42 34 -119 -63 55 95 92 57 10 102 23 -53 -41 44 -112 112 109 -126 -38 93 -110 127 79 -33 -21 62 -106 33 124 79 -62 -59 72 -35 -50 -17 19 114 -51 -1 -20 -87 -114 92 75 27 98 -125 -26 65 -75 -73 36 -47 87 101 34 -77 -4 -31 -34 -7 42 -127 -21 60 -118 65 32 -71 -59 88 112 30 101 -24 98 -107 -55 43 -90 11 -54 -113 -37 36 21 -125 -43 126 -49 72 -86 25 127 -80 -96 63 -72 13 -64 71 -40 10 -16 -46 3 -105 71 -63 31 -27 -21 18 9 83 55 -49 32 76 -127 65 79 105 -39 -8 126 -26 107 -125 -11 -116 95 72 -42 -40 -91 -30 80 -123 -12 -84 56 -73 -63 -19 117 -99 31 81 97 62 -12 64 82 -14 -123 51 65 51 45 67 114 -6 -114 24 104 61 -93 -116 16 -115 106 107 46 -120 126 -105 -107 -69 -113 -35 40 104 -82 126 -75 -4 97 -111 86 81 -95 -43 98 87 -124 116 4 96 -29 100 -45
-62 -34 -34 42 114 -40 11 5 -64 127 70 -112 61 20 -5 -122 83 126 -63 -104 -67 78 88 -79 -62 97 33 107 -40 -10 51 -98 59 -31 18 68 -15 -46 105 92 27 -104 83 -33 107 -39 85 81 17 111 -56 -5 101 -81 -93 47 -27 62 -15 36 69 -9 80 -36 -8 -87 -81 -69 22 91 29 -29 -102 -76 -24 -92 117 14 27 47 -20 -46 33 -88 38 120 -85 -58 -116 -60 87 47 -74 90 -105 7 -69 95 -71 79 51 -51 93 -113 -121 -35 81 -105 97 -54 73 -113 88 56 17 -12 -112 27 126 110 18 72 -111 -28 125 113 -27 94 -75 124 -111 112 14 124 105 99 95 111 38 39 23 -75 0 -56 127 25 -96 -55 37 47 -90 75 -53 -101 49 41 -32 -52 33 59 94 109 -3 7 -10 24 -54 -64 -106 -29 -100 -96 -22 -112 17 -99 -80 108 39 -73 23 -100 -105 113 52 86 -99 -34 -51 67 67 -48 26 96 65 -64 -24 66 -54 2 88 -70 -128 -115 -126 -56 -60 21 104 50 -121 -46 59 0 -61 -29 126 -119 -23 -33 -36 -34 8 4 53 89 -72 -8 -23 -79 -5 21 55 -23 -109 53 -45 -103 -56 -83 -57 -54 117 -72 -121 -36 6 -24 -126 55 -58 85 -74 -27 -88 108 -1 -63 -27 88 -26 -59 31 108 -29 7 22 -43 27 -25 51 50 36 0 75 -119 122 -42 17 27 72 -22 93 -109 110 47 -35 43 -7 86 35 56 -54 -84 67 26 -93 -85 102 -34 -61 31 -14 -86 54 73 74 82 93 81 47 -126 87 34 64 20 -70 -8 -10 -71 -64 117 55 47 -43 114 89 -61 -22 -54 123 113 -55 -81 -14 -7 -28 -119 -80 -28 35 38 118 -87 -92 -87 -69 -30 109 108 -49 -117 11 -8 89 53 -65 105 -68 47 107 1 8 -31 104 -103 -98 1 -48 65 123 -64 -105 90 -47 75 89 37 -48 64 -16 -27 -118 15 84 -22 27 -57 -45 9 -96 -88 9 -24 64 -2 88 109 42 -41 73 19 -24 42 62 -116 -55 126 3 -28 -12 -117 78 -71 56 36 64 -30 14 -45 23 -27 -30 65 -122 -116 -27 127 116 -103 3 -47 -127 -53 73 -106 88 59 57 -31 -74 36 6 57 -41 83 -121 -116 53 -58 41 -126 -18 -36 67 -104 68 92 -60 74 -92 110 116 -69 49 42 -13 108 60 63 102 121 -17 89 -27 67 -67 -82 -108 -84 -127 -58 112 6 46 -35 88 -32 66 107 -75 -44 70 -109 107 -8 -24 77 -67 -7 -56 95 -60 -53 -81 55 107 -56 104 -121 -98 -114
57 25 -52 -107 57 -37 -76 124 89 12 57 54 -91 22 101 -104 -49 49 -69 92 7 3 -56 -62 -97 -119 -33 -113 37 0 -124 -48 108 121 -22 -92 101 13 45 -57 -51 15 45 -19 65 16 122 -30 123 -45 95 75 84 61 79 28 1 117 50 102 78 -101 61 103 13 -16 -89 -47 -128 -1 -33 117 -110 75 82 -60 -31 -16 59 90 89 -17 125 93 18 -21 88 -17 -8 81 -107 -88 -68 60 75 -115 -37 -87 -67 -125 -61 -18 -37 117 64 85 61 -55 87 -40 -79 62 60 55 -22 72 63 93 79 -116 67 -81 32 9 -99 -67 80 -115 52 115 -41 -66 77 -26 116 -13 41 33 -23 51 -33 -72 -120 -52 87 79 43 18 73 -41 -102 91 35 -5 -72 -90 -15 42 -71 -40 -59 -53 6 -51 -41 -31 -109 -78 -11 -2 101 -99 -28 -30 -50 110 -92 36 22 -36 -26 80 46 -68 -2 91 -13 89 -23 -39 -24 -20 -10 -28 -53 98 -96 -42 67 42 27 77 -107 -116 36 -66 113 -84 103 32 71 35 -128 -67 100 62 114 -75 99 -32 126 103 86 -16 77 -115 -47 -63 -5 36 -34 47 83 -22 -74 88 -20 -16 50 95 -122 59 -95 -108 13 89 -115 17 -17 -49 72 -10 122 -36 106 97 -94 6 -10 115 56 -24 -88 68 125 -90 -60 12 5 74 87 -4 -36 25 33 -99 -116 14 51 114 -108 -3 64 -126 6 -41 -24 -127 64 62 -100 26 -37 -48 44 -104 119 -66 -98 -59 104 -40 34 117 -83 -117 119 9 -99 -35 88 -107 65 -69 -21 103 -45 -109 52 57 120 -115 23 103 -110 -61 -23 45 59 -51 30 -88 -66 -54 -103 79 -61 97 -124 -32 -41 -96 64 116 15 92 -125 93 7 -42 -122 79 63 91 -24 -30 66 -3 -34 -128 79 -16 0 37 -113 58 97 60 81 77 -21 -49 -63 98 107 -33 -29 89 105 -62 -78 -38 94 91 -36 -22 -69 36 99 12 26 -64 113 -77 87 -89 2 -76 6 -55 -117 -17 -71 -49 89 6 100 -124 -83 -125 -117 47 17 23 -63 8 26 -16 -80 -46 5 -77 -63 -90 -16 3 -33 14 -120 -79 109 -63 40 -14 -125 -74 59 90 108 71 8 -79 57 -126 57 98 -116 -43 -10 69 -45 57 57 43 50 -92 -121 51 124 -108 77 48 -93 -30 6 -57 110 21 -28 117 32 -125 -5 -3 -79 88 116 -68 -115 113 -108 -3 -95 -123 58 -17 -36 17 61 -90 29 -113 -65 13 -70 104 31 79 34 -2 -122 44 84 105 -62 -71 -121 -39 84 15 -64 47
92 -106 28 -48 -127 65 -128 3 -35 122 -107 -30 108 -37 5 -98 -100 3 58 -73 108 86 -8 104 -1 68 45 16 -67 87 83 -50 -127 -124 19 77 -52 -50 -102 41 30 67 -108 110 53 9 -115 -127 94 -39 -87 -124 -66 0 -89 61 89 99 121 23 -96 110 45 54 106 89 111 58 -85 -92 -16 31 -26 -84 -26 -117 123 18 -14 -49 121 106 -33 79 -54 0 127 -12 -85 112 -53 99 65 36 75 6 41 -72 -122 -89 -119 -6 -1 -65 55 58 101 2 66 -29 33 -53 120 38 68 45 -113 103 52 -4 80 91 -39 115 -88 62 107 13 -1 104 -61 77 21 41 17 1 12 58 -22 29 1 95 34 -79 -78 -28 -123 30 58 100 79 -50 33 25 106 92 -71 -88 6 71 62 102 -118 102 93 -120 -47 20 -107 36 -126 -113 48 25 -43 73 -3 -25 79 -73 -29 -95 -28 -104 30 95 13 36 88 -99 -59 -31 -35 78 -119 -15 58 -50 39 -11 59 -18 -37 -127 32 54 -122 -119 -61 -73 61 -14 63 -42 -53 -48 -7 2 -83 109 47 -120 78 -74 -60 -41 -97 -52 99 68 -64 -48 71 34 -80 8 76 125 -8 -90 40 112 -91 15 109 11 106 -34 123 -110 13 100 -71 40 85 -31 -106 -56 -75 -9 102 -75 -125 73 63 -96 44 102 19 33 100 77 93 56 -7 60 -27 92 47 -97 -82 -109 40 -93 88 -115 -16 -93 71 -121 -61 -69 37 44 -6 -38 18 -93 6 56 -53 -34 -79 -122 37 -7 -67 -108 -109 -96 112 -17 54 -104 6 84 -60 -58 -6 -65 72 113 104 24 -108 -53 22 32 123 93 -79 1 -16 -4 -63 52 -63 79 -121 -111 109 -30 -5 -127 -110 5 50 15 4 104 40 31 -95 -123 -52 -101 19 -67 24 39 -55 -126 11 52 -7 -100 44 -107 -47 -6 104 -67 -40 67 17 -80 -86 82 93 -85 74 -126 -13 -114 -123 -121 -64 -7 22 64 25 24 76 -77 -50 59 47 90 62 96 96 52 111 83 -25 34 -105 5 -72 -35 -102 62 -127 -84 -40 -14 -104 -111 -126 -17 -78 -108 32 -58 -68 57 103 28 -43 7 101 22 125 -91 38 -121 -78 47 -72 -19 -33 -122 88 88 -17 -126 19 -46 -41 -18 -80 -77 12 -33 -3 -1 111 -80 57 61 29 -30 -59 -113 109 -86 111 78 -119 125 -73 101 60 67 -103 71 121 2 94 -67 -6 -6 -76 15 -59 -16 -48 -115 -67 -44 -53 -9 -18 125 96 -73 -25 52 79 -9 121 -34 88 -62 -117 -12 -2 81 12 -37 -116 -39
-71 62 61 -55 -16 28 103 53 -22 75 8 85 -126 88 -35 -79 29 -38 -51 -62 -43 -108 -103 -87 -33 29 57 95 -93 -66 56 -120 75 -109 32 103 -93 -81 11 72 -91 -93 125 41 -107 78 -123 81 -90 -99 40 48 98 73 -20 -43 -79 -35 -105 66 26 -80 8 -126 125 35 92 -122 122 -68 -30 111 86 103 56 -27 -103 6 79 -104 -18 -125 108 -50 -50 -94 23 126 47 61 -86 -23 -104 -9 34 -64 -111 -69 0 -87 -125 -100 79 -81 -56 -57 67 -52 -58 -2 104 40 24 -46 32 49 110 24 102 18 -62 80 42 94 -49 98 91 126 -85 -57 65 -14 86 91 29 110 -83 76 13 -55 -7 114 114 127 -77 93 -79 49 -30 -101 -21 -78 -114 -41 -37 -37 28 102 85 2 64 63 30 30 13 88 -74 46 6 32 -35 -51 -113 61 115 7 -123 112 85 97 59 -46 -20 1 71 66 -81 -121 115 55 -37 115 62 28 1 -114 -99 -110 -58 -10 -68 -107 -42 -62 -23 110 46 -2 13 -81 -61 113 33 7 -77 -85 -50 19 70 85 -48 -48 59 -101 8 101 -46 -72 78 38 12 6 -56 -106 -40 102 119 40 -121 -19 -90 110 120 126 -2 79 54 88 110 -76 67 -5 -80 117 -43 36 -12 -49 -122 51 19 -127 -104 50 11 -70 90 122 112 -105 121 105 -34 -16 57 -34 119 96 -71 -15 -79 -34 -39 -117 96 -48 110 -104 -62 -33 -127 99 -83 -98 -115 -82 -41 -128 74 124 -94 -56 -95 32 117 -21 61 115 24 -1 6 -61 -26 -36 -57 -4 -100 47 -10 -19 45 -57 85 -7 -35 -104 -1 -125 -111 9 -18 68 -81 68 87 1 39 -95 -46 28 -55 69 111 -29 -72 -77 93 -45 -116 -112 -21 -19 94 68 -45 -76 -92 -84 -8 -116 -29 -10 -13 95 5 -98 114 -36 -21 32 -19 70 51 -28 80 -9 19 -43 -96 70 3 3 75 -80 -90 3 -126 9 5 -5 119 60 14 20 12 -106 17 48 -121 -22 26 -39 68 -102 7 111 -117 -69 -106 43 89 -96 -11 -14 -102 103 87 -100 -13 -50 -86 22 115 -51 69 -19 -35 -112 95 81 -50 -42 98 -117 32 -75 -40 3 -22 12 27 88 -2 -16 123 32 91 51 56 -43 -58 -46 100 117 61 -19 -95 20 93 47 16 28 -64 -47 108 -111 40 115 -89 30 68 16 -46 92 -22 -34 -55 76 -101 94 62 -3 -82 32 -93 -118 54 25 123 20 -31 107 -70 -83 -115 87 41 -9 12 23 -52 17 -76 103 -53 114 -44 -40 1 -14 -110 -53
53 -61 -52 118 12 71 -128 67 93 122 -73 -13 -101 56 89 -38 124 73 -23 16 43 -31 119 -118 -95 105 -126 87 33 28 -68 -90 94 -12 52 -55 84 -13 -71 -46 -34 54 -71 78 -42 52 106 86 25 73 70 107 -79 -85 -28 47 -49 -89 96 -89 -35 60 110 93 49 -90 25 64 -67 56 -67 22 -61 83 19 60 -4 96 -98 71 100 96 -85 115 -75 -121 31 -18 117 19 -80 52 -97 -29 -61 84 118 44 -31 -99 103 -80 67 -67 -128 -98 14 -74 101 115 79 19 -64 -23 125 71 -49 -60 -49 17 -100 63 -39 -49 -33 46 -40 122 119 41 -121 92 -125 15 -48 -68 -13 92 11 -7 -68 -60 -43 -81 -123 73 -19 34 70 90 -86 -9 73 -100 46 54 29 7 114 109 107 111 51 33 101 57 -128 -24 31 -50 -101 79 -104 -46 67 22 119 70 -69 -26 -63 -2 -62 -75 39 2 89 55 44 -41 73 -65 -13 54 -65 -89 3 61 77 110 -51 67 89 -36 17 -60 38 -86 -31 -23 -76 -102 -48 -78 37 53 -101 -64 -35 33 72 -94 53 -84 -42 -47 -115 76 -87 106 -101 -63 46 110 105 93 65 -36 -26 64 -66 48 -30 102 43 -114 26 46 -112 18 -42 125 -114 -76 106 -102 -38 -75 101 113 82 97 91 120 77 69 -80 -103 6 -127 -86 -109 2 -57 100 -70 55 -11 60 -61 -113 -1 -24 -79 -82 25 -20 -19 -87 101 83 22 -31 28 -93 -120 38 10 33 47 87 118 31 118 -88 -85 -127 70 -72 99 52 58 16 -55 23 -96 14 55 -76 -77 -101 -67 12 1 30 -68 66 -49 123 85 66 -73 51 122 -60 62 127 8 -30 39 124 23 -70 74 -104 -5 60 -124 -12 -111 87 -9 4 2 -50 52 17 7 116 -114 -60 48 10 -7 99 -95 -30 -103 -100 31 -115 -47 -38 -13 -91 -104 -19 53 -88 -107 -119 -24 -98 115 69 56 -123 -106 -82 110 -11 -2 -3 101 71 45 93 20 -120 102 -71 109 108 18 -127 41 57 6 -96 86 1 -127 -96 54 0 86 35 -29 60 -62 -15 91 11 2 -123 -17 16 -112 -116 67 -61 116 -42 113 76 102 80 -30 -97 -107 -51 85 -73 119 120 -25 -15 -125 100 15 23 -11 -38 68 -88 -75 -55 -39 47 -11 71 82 65 34 22 48 -4 32 -51 -118 -73 -6 119 -86 -109 69 13 -80 9 21 20 -54 18 -19 17 28 119 76 40 -62 -19 -69 11 30 112 100 3 89 102 61 -6 -84 -105 27 19 -106 -109 -124 53 -3 19 -9
-49 113 9 -33 -37 62 -90 -10 67 -27 -88 -24 -65 60 -82 116 16 24 -10 125 37 -31 4 36 62 32 73 -76 -103 -23 109 -67 45 -68 -66 -13 33 -10 40 -6 -95 62 -116 -63 -55 -60 76 -53 0 -12 -81 -119 47 -12 -99 71 12 -13 32 1 -84 45 -48 20 -34 -93 -29 76 -36 -14 23 24 105 75 99 123 -127 75 -9 99 30 -46 -8 37 -113 -28 -35 -119 116 10 -108 -92 -24 51 117 -31 71 105 -86 111 -128 33 -125 -21 60 95 -35 118 -62 67 -58 -105 93 -42 -74 -116 39 40 -95 -37 17 -3 120 -122 3 92 49 120 -84 -113 96 -53 82 60 88 -51 1 72 111 127 -108 -93 76 5 -113 116 65 123 31 -95 26 1 117 95 -58 98 10 75 39 71 32 65 -83 -106 -50 -109 -86 96 -127 88 58 76 73 -69 -52 -29 39 -82 -57 -63 84 40 51 -65 119 -92 -11 -9 -75 46 -4 -103 -82 44 -78 -53 -76 -55 123 59 114 -110 -88 -111 -10 6 -24 -128 -84 -73 68 8 -96 57 -101 34 -20 103 -2 97 17 -13 -66 60 60 -20 -113 -4 125 -61 123 -109 37 -39 47 -35 -43 -26 -29 -76 -33 -16 -29 -114 111 -97 -32 111 123 55 30 75 -49 -127 127 80 9 126 73 13 4 -100 12 -105 -12 39 121 -73 -40 -121 -124 67 18 122 15 45 47 -10 -45 -111 -87 -19 114 -95 -56 41 -15 10 -89 13 60 82 8 24 -66 58 -103 -6 -104 64 -53 -115 109 -122 -20 52 -49 -2 16 0 -93 -19 73 -119 -46 20 -123 6 -112 -128 29 -23 -19 -128 121 -55 -30 -80 57 -104 112 -27 20 12 45 -30 -97 -36 -124 -24 -54 -9 -23 58 -72 78 7 -48 50 -46 -87 -70 -35 25 123 110 -34 78 4 28 58 119 -1 -3 -13 -21 -92 44 32 -68 -50 -36 -59 14 -43 -3 98 -114 -96 22 61 115 -44 -35 -58 -51 86 -126 30 79 -92 26 73 -3 -61 -36 -86 -93 78 105 -9 -65 4 35 -75 -74 120 -128 103 -70 104 38 28 13 -113 -61 103 -37 25 38 -88 24 -86 29 -60 -24 20 117 99 -96 -46 59 69 -65 -20 83 121 118 44 -87 44 113 -112 97 110 -121 -94 86 103 -90 -52 36 -28 2 -95 -54 29 -100 -95 32 -57 97 -27 56 -84 10 14 49 71 58 -1 58 86 3 -50 121 81 -14 -28 56 -90 18 -47 -119 78 -43 -51 75 126 -128 105 -81 110 -69 -89 21 103 38 91 -104 28 44 1 46 102 -30 88 108 2 -41 -11 97
-61 30 -64 36 -38 -77 -41 -126 53 2 0 59 -123 -97 54 121 -90 -11 -109 -116 -124 82 -69 -78 74 81 -98 17 93 114 114 -123 -71 2 -78 -26 -128 37 20 122 -76 81 22 -89 55 65 -23 -49 47 -80 111 112 -1 -93 -83 119 38 26 7 -48 46 -15 64 -19 4 -64 -65 86 34 -107 -63 -19 -12 102 -91 73 54 -40 61 -88 -96 126 -127 -67 -65 -97 95 20 103 54 -89 114 -97 5 -1 116 -103 19 124 108 45 44 -95 58 35 37 -67 -64 -47 61 119 -80 -110 -101 -32 54 101 -123 -48 6 102 -11 -30 -112 75 -42 44 -41 -83 25 15 -29 -20 78 43 -88 -56 -32 -45 -46 127 92 -77 114 -19 121 -5 73 -26 110 -121 14 -105 77 119 -60 125 59 -98 15 -115 99 -73 42 -80 106 -83 -12 90 79 -87 85 10 40 -19 55 2 59 -23 -11 -82 -6 37 -85 98 -19 -55 34 -73 -27 -55 118 -117 29 82 13 -109 35 91 80 -95 83 -79 41 -123 -18 51 -41 73 57 34 62 61 -98 118 23 -78 77 23 -89 -116 -107 -52 49 10 -78 112 62 -41 27 48 5 85 -82 -53 -26 24 91 -27 39 18 74 -52 -13 17 -28 6 -115 17 76 -124 -93 84 -97 36 46 106 -108 41 -95 42 92 -67 60 -23 19 -6 -103 -62 -85 -38 -121 113 -74 43 -25 114 -8 3 7 37 -37 -83 -76 -52 82 -27 -60 25 -79 -19 -95 -115 -58 53 69 -101 102 40 -20 88 6 -73 -121 -98 -40 -41 -2 58 51 115 -1 65 -79 -65 103 23 106 -112 -70 -77 -116 -25 -49 -107 -97 67 82 -47 38 78 48 -55 -120 -42 -113 -99 -29 -47 51 70 41 81 -75 -67 -36 -2 -120 -66 -36 -126 47 83 121 -50 -33 -11 -36 -44 56 105 103 -91 -69 78 52 -50 78 -45 54 -83 -44 56 -72 13 -18 33 -47 60 -128 4 106 -64 -30 -29 68 -104 -13 89 -90 94 -30 -32 -18 73 -58 -22 3 -99 -65 66 52 -62 70 5 -102 43 -63 -59 23 -78 -17 123 79 -111 -86 -40 -11 -72 -5 24 -121 58 -21 52 -82 -47 52 46 69 -84 125 -32 -34 85 -12 -84 105 -121 -8 -50 67 -41 -76 -1 -83 93 2 -112 -38 118 -66 121 73 -16 -77 -97 -57 -91 -6 -120 1 49 20 -98 34 -121 -101 124 37 50 76 54 -79 111 -55 91 -105 86 0 -14 -57 26 -4 34 78 72 86 80 50 114 -20 33 41 -101 110 -64 -27 -79 61 79 46 118 -90 -2 -97 51 -41 123 -52 18 -42
70 120 -91 -82 28 -82 79 -118 11 -83 111 13 76 119 118 -54 118 54 -34 127 58 75 -53 -37 122 70 118 -23 65 -44 82 -13 -62 -4 42 90 0 -74 -46 -16 -62 -114 -30 -22 119 -101 30 -87 34 26 22 101 115 47 92 61 94 67 -15 111 57 120 -41 100 -44 22 85 -112 -120 -74 90 108 -116 -24 114 12 58 126 -101 -51 0 -23 115 126 -32 -115 36 4 -5 -45 -71 69 59 0 73 109 -114 -61 97 115 -4 -128 113 -75 108 57 -15 15 -4 92 -22 -69 -76 -98 43 -74 102 50 89 17 16 -42 2 -20 -9 -126 62 1 89 -122 -112 125 55 28 85 96 60 25 76 46 31 95 89 -103 25 57 109 86 64 -66 122 104 18 112 -27 -124 71 -76 27 -124 13 4 -60 -35 -99 -17 39 -67 109 26 111 -54 106 43 12 -39 17 -79 98 54 24 124 98 63 -62 -110 49 -53 -11 -93 -104 -119 15 1 94 70 13 -19 -8 25 -85 -119 27 58 -106 113 111 28 -66 -95 2 127 123 54 -115 24 -79 56 94 98 -6 12 120 -101 -72 -93 -97 -48 -89 -85 -45 10 -58 45 -26 -110 31 -95 23 114 124 -70 18 66 107 -76 121 69 39 -13 -27 69 4 -54 -111 -94 84 38 86 2 94 -69 50 -8 3 69 -60 71 118 92 -4 -5 -53 -124 -23 -33 88 -87 -26 -8 -127 74 31 -123 127 57 -30 116 -107 74 63 80 -21 57 100 65 29 -89 -14 -18 67 -15 44 17 104 30 88 -128 -112 -51 101 -21 -38 13 69 -121 96 -58 -127 106 100 60 -14 -16 -81 -15 53 115 123 -99 93 22 1 -2 48 -32 -77 -33 75 63 57 -128 -105 74 -118 42 -5 124 -68 -59 -7 -107 -17 44 55 -63 102 38 5 -73 82 -74 -96 -27 5 123 -107 -65 -54 74 -109 -112 60 88 43 -15 -37 91 -45 -1 14 -39 -87 93 26 74 -56 98 28 -63 -80 -81 55 -29 122 36 81 -84 -48 -83 35 23 -114 126 117 4 -35 98 -77 22 70 -43 37 -27 31 87 20 -22 15 -47 -62 19 88 8 124 -81 -41 40 -30 84 58 -76 -53 64 106 -54 -30 -108 -33 -22 -96 -74 -50 -118 -33 106 -127 109 -16 -123 25 26 -126 -44 -26 -83 -93 -76 71 -35 2 -87 -76 -115 -9 28 -3 60 -3 -26 123 34 -5 -59 89 -103 92 -29 -49 125 101 -67 58 -120 73 -111 1 -102 51 7 -128 13 35 -54 -18 -15 70 113 22 103 7 -74 -66 -2 5 36 -117 18 -45 -87 45 -51
-79 8 2 -119 -112 49 -125 123 -110 56 -109 59 -71 -50 40 -115 -115 -1 -119 20 -81 114 -117 -17 27 -64 -40 -86 61 -74 0 101 -12 123 -27 0 11 109 59 60 -77 41 48 97 -14 113 -64 -69 -63 -30 43 -58 23 29 -55 18 -42 -46 91 58 61 -79 -104 82 30 90 19 -1 12 81 122 79 33 -36 -19 -2 97 -56 -99 -42 28 -94 -86 111 -18 -87 65 66 26 -118 111 -34 -109 30 -100 -31 -10 0 91 -38 117 92 62 -60 60 -17 -3 -6 19 96 -35 -123 53 -121 48 11 10 92 -96 115 -107 -70 37 -106 112 74 80 39 12 -50 89 105 -87 -83 -15 118 124 -30 47 127 52 -82 -99 -33 95 116 21 -125 -29 26 73 34 51 -99 -86 -21 73 53 17 -32 69 97 -65 84 127 54 27 -43 -57 -65 103 -5 -97 48 -104 49 -37 -36 6 -109 -111 35 -13 15 39 -17 -24 55 122 91 -6 17 74 77 71 -88 -37 -34 122 33 8 41 53 20 -71 -81 123 -27 99 -3 -103 91 79 45 -46 103 -106 46 40 119 57 -123 -43 92 16 49 -92 32 -77 -31 -20 -114 -83 92 -94 -44 4 -90 46 109 -41 116 88 -100 115 -78 -117 -1 -91 30 -101 -69 95 -61 -47 30 -53 -116 86 -127 48 -76 39 -12 -91 -73 82 -75 105 -10 31 -77 -44 -66 95 44 -94 -121 -2 125 -107 117 -82 -49 16 49 95 37 108 93 78 50 87 -112 65 58 62 113 84 30 -91 106 -94 92 33 -87 -92 -46 -80 28 70 -7 91 -51 -39 -8 -5 -76 103 113 65 94 27 -7 -66 97 -20 -14 98 -1 87 55 -9 12 -118 29 -29 119 109 -28 -112 -60 86 -25 -61 -127 21 23 -71 -36 -11 7 -53 9 70 34 -2 8 -14 75 103 38 -11 68 52 -89 -109 -67 53 75 116 -91 -108 -124 -59 39 90 -89 -59 43 -46 -3 -121 -27 -48 57 -90 5 117 43 -122 40 -49 -51 -48 -32 13 -123 75 67 121 9 -34 104 17 -31 110 119 -18 37 25 -126 -58 -46 -87 25 -105 21 -53 -70 -90 86 14 73 26 85 -56 18 86 48 -39 -44 36 37 -92 26 115 21 -15 88 -114 29 -2 -119 -52 -65 50 -62 -37 84 -107 38 -85 -108 109 89 -81 123 12 126 -60 -104 91 -1 67 -124 -46 22 123 -86 -13 -15 -92 -25 11 -53 -11 37 -67 8 26 87 114 87 37 92 10 -63 -71 -66 69 120 111 -122 -93 37 -31 99 -81 -88 -55 127 -63 -59 -99 55 87 -123 -6 -101 -24 -102
111 26 111 34 3 43 78 -102 -45 -46 -105 -57 8 -85 -88 127 6 15 109 -21 104 -97 -105 68 -13 97 8 -61 94 86 25 45 -106 8 -54 105 -107 45 -45 -106 -50 -101 -49 -65 66 -117 -95 16 58 42 46 66 21 -53 16 -124 56 -28 -44 65 44 31 34 -56 24 91 -119 59 56 -22 19 108 -69 -107 -103 81 36 -35 7 -68 47 -4 -53 94 -29 12 -13 51 82 -9 56 -81 42 88 82 -53 -118 45 46 44 124 -96 79 2 57 -28 -100 -69 0 114 13 -118 -109 -71 96 -63 52 82 -44 16 126 -84 72 -35 -81 -70 -3 15 104 56 74 -15 -72 -35 -19 -13 -81 -40 -52 -28 31 -51 -20 100 -56 -72 59 -66 -105 -10 -33 -77 -78 21 109 46 51 -37 17 -73 -126 106 -66 91 -90 -23 107 69 -108 5 73 -43 -7 -59 -93 37 79 68 71 46 -79 83 -124 -8 37 107 -52 -117 -2 -103 43 -71 -10 6 -99 -29 46 -19 48 -87 41 -46 27 -94 -89 16 -100 99 1 -127 -35 -63 -86 4 -61 -60 -34 79 -78 115 -86 55 68 66 -18 -40 66 66 84 93 75 84 70 31 -13 -22 -111 -97 23 8 -1 -88 67 38 -31 13 -67 10 -21 -53 72 -53 -34 -56 -9 -74 58 113 103 62 125 33 43 38 80 -96 -60 91 -88 27 113 80 -116 -2 93 62 -18 -2 -111 -42 -3 92 -99 81 42 101 59 37 97 -55 86 -27 73 124 32 -66 82 -105 -12 123 122 81 126 3 116 -4 44 73 -59 120 -60 -87 7 24 -3 81 22 -85 -89 24 -31 31 -78 -45 -55 -96 73 -32 95 39 -102 -80 61 67 31 58 34 51 119 -66 24 -26 75 127 62 91 16 67 94 -74 -71 42 32 25 60 81 43 -51 122 -22 10 -97 20 74 -15 -5 -85 95 -66 10 -95 106 -105 4 -74 64 -73 -27 16 96 64 7 -82 48 -45 -54 -25 -3 -110 49 11 2 -73 -61 -111 71 -5 48 -41 -109 -35 -15 94 34 4 -117 54 0 -24 68 126 91 21 -4 46 -88 127 18 -127 -118 61 -92 -96 61 88 113 56 98 -75 53 77 37 55 -31 5 21 13 -123 33 -118 65 -58 68 -20 -54 35 -17 31 -56 5 42 -86 -3 32 27 36 106 -111 -44 -84 -84 40 103 -86 119 100 -32 71 13 88 1 40 8 11 -14 -114 -88 5 -34 -11 31 7 106 -10 62 97 -101 70 -26 1 91 -117 2 102 -38 7 79 4 -61 -128 -114 74 -50 100 111 -14 -108 116 0 57 -121 -16
-44 -19 121 26 -7 -108 -47 -91 -8 13 41 -95 106 9 100 27 126 -67 46 16 -56 -118 -86 -89 92 74 94 63 -26 53 -106 24 -124 -22 -55 47 -25 98 -70 -73 104 31 2 -28 -19 -90 79 124 125 126 -119 -115 10 -84 -47 41 64 102 -99 57 109 73 0 -94 77 -119 -11 -85 70 89 -47 82 96 9 -49 26 105 -114 116 -35 -4 -72 -74 -96 -44 -38 47 -111 101 -67 120 -20 -119 -30 8 -85 -94 38 -23 -102 -109 78 -117 58 -116 -66 -104 39 96 65 114 51 38 41 -87 102 -36 -84 -14 107 84 69 69 -30 109 -86 -112 124 51 124 127 -77 45 29 20 -116 -52 56 9 -21 115 -90 -47 60 50 11 73 13 37 25 25 -39 58 -89 75 52 67 -46 -56 -87 -15 85 32 32 -85 -6 -32 85 14 6 -5 -31 79 73 -29 -110 119 -74 122 111 22 0 126 -90 30 -37 -40 63 76 -106 -47 57 -56 -4 43 -31 3 -48 73 119 52 -42 84 122 -11 63 -96 61 -1 -14 -12 8 102 -38 26 17 -126 50 85 -92 -70 73 57 20 113 123 -123 -39 -48 -74 -116 53 -99 -9 -106 75 105 20 -128 -88 -22 36 -59 112 -31 49 -90 -109 94 1 96 -58 37 -56 47 97 109 14 -67 81 -59 45 -29 -76 86 -125 29 55 -48 19 -10 -46 -65 -84 50 -52 23 -10 -44 113 -100 -46 104 106 21 119 -30 95 -92 -121 72 -115 84 91 -14 -125 -116 82 -55 -90 -101 -44 6 15 -46 50 86 -14 -16 -103 -107 61 76 -51 -67 -31 47 -10 -32 3 79 -124 -2 -87 72 121 66 -11 -26 88 85 -9 25 -79 1 7 -95 123 -31 -51 -51 10 114 83 118 -117 119 -93 -65 103 82 -110 -48 46 -117 6 68 -94 4 54 60 -18 -104 27 77 86 109 -80 -29 -86 61 -97 -126 10 -89 -86 116 25 82 19 -30 99 66 -13 -105 28 -47 78 114 119 85 -66 127 -28 -2 31 -38 -69 49 90 73 -36 75 -42 -38 25 46 -109 -27 102 70 43 82 48 -46 -101 -107 23 76 -95 90 52 -36 64 -31 -23 -50 42 -31 81 -93 3 -25 52 46 97 -49 -116 -90 24 -89 35 -118 97 119 -6 48 70 93 6 62 16 28 -94 82 12 36 -90 -100 29 83 -78 114 1 -17 57 -13 95 56 -39 127 -94 92 62 -126 -82 53 83 0 -56 -5 -66 -114 18 56 -27 99 96 -43 -73 66 17 57 -84 -128 1 -64 -62 -24 -17 -70 -112 78 109 -50 -14 125 -46 -25 -52 4 66
41 119 -1 -60 -32 -79 -42 74 99 118 -35 -34 -76 -31 -66 -87 122 64 -48 78 57 91 -86 -117 -4 -79 99 112 -10 124 7 -74 31 8 15 -41 55 57 104 100 -26 76 -105 107 -24 9 101 -83 1 115 -122 45 61 -105 -97 -16 -96 85 -19 -104 126 -99 90 -78 40 32 35 41 121 -90 -28 -121 122 125 -108 -30 104 -17 -35 24 -53 14 5 -31 21 -124 -75 -4 100 44 -9 86 -114 36 34 82 90 67 113 108 3 101 50 69 36 -27 83 -50 58 -88 -4 -38 91 6 69 26 122 -18 -52 -85 93 -126 -116 117 43 5 27 -5 124 -8 -30 -111 -111 -125 105 -114 43 -118 -111 -45 58 68 0 -85 -89 -68 -54 6 -76 -17 -43 45 -57 -69 23 -77 -23 -20 114 -49 31 -127 11 -16 52 115 115 104 -89 -120 127 -74 92 -43 14 38 -71 61 -58 -11 -45 98 20 121 53 -94 63 123 -42 -65 99 -40 9 14 -56 25 67 -11 69 -40 -105 74 16 -88 -21 -100 92 -65 -11 86 4 -123 -107 52 44 -121 61 -37 125 -114 42 5 -111 6 14 -23 -90 -77 -71 122 -35 -54 -116 71 106 -99 38 -29 76 113 -94 8 -1 47 47 -69 -59 121 -126 -119 74 84 -85 -81 -78 33 85 -9 77 -39 -57 -5 22 72 -77 87 49 43 -20 50 -73 121 77 -107 30 -30 -77 -53 21 65 -29 -16 31 -20 71 -60 -125 71 31 -118 37 -15 -12 15 1 95 113 74 -97 41 -99 125 10 126 83 126 66 -32 17 78 9 -77 -63 -43 61 -34 -59 -119 94 100 -72 126 -105 34 -109 -93 26 -47 -72 95 -42 -89 48 114 28 19 -107 -81 -56 25 69 124 107 -23 -27 81 4 -56 -26 53 -94 40 -96 91 -107 23 -33 17 50 127 -49 -113 85 -49 -12 -78 107 47 46 103 -28 -81 92 91 -86 39 51 74 -53 23 84 -94 103 -40 -10 -35 105 113 -53 -35 26 8 -22 -16 -82 -58 68 95 -19 -23 -61 16 -42 127 36 49 83 -112 56 19 -42 -5 127 -6 103 72 -20 -110 -63 17 -56 15 -53 -74 89 28 -91 -16 69 32 12 86 9 -53 84 53 -99 122 -121 61 66 -64 55 104 122 -49 -122 57 -35 28 34 18 -83 11 52 -17 -92 -18 -47 -127 -124 47 -113 -48 -36 -90 83 81 77 41 -41 29 -22 73 -77 112 -10 17 -21 37 47 -92 -91 124 38 -10 -51 58 75 -3 -128 -73 -47 17 -127 -11 19 69 77 11 85 -122 15 -30 -57 18 4 -50 103 32 12 75
-10 -40 9 -82 -83 -64 -51 -2 80 36 -87 3 -122 72 35 -26 -59 -10 -126 -99 69 25 123 36 -17 44 -26 -52 127 -73 115 25 98 -111 -94 -43 -31 -3 55 120 82 -43 18 -72 77 -82 -21 43 98 113 -10 118 -102 44 -95 107 -3 -101 -18 -107 109 -57 -120 -22 16 -32 20 -97 35 91 -35 -16 91 10 89 -98 119 -90 -40 -6 46 -2 -98 -79 -87 106 12 -45 -64 -10 84 -11 22 -44 -69 -99 -20 -38 11 -59 1 96 -26 -92 -54 -62 72 -83 123 45 -84 125 -95 58 107 -18 -62 -79 61 -125 73 42 -94 86 83 -43 18 123 -43 81 -81 -113 -96 -2 73 102 -15 41 -117 -72 117 75 -114 104 37 -94 57 -126 -84 95 -57 123 88 81 -8 -45 -58 -19 -17 -100 -102 -1 -86 -68 -79 -58 -13 66 -42 73 -79 -85 -122 104 10 -128 -114 66 101 -7 11 105 44 -88 -90 67 22 44 -16 103 69 -47 -77 -47 34 -98 -69 -68 84 45 77 81 83 24 -35 87 -75 73 -47 91 -87 -101 70 126 127 -47 -103 -69 118 -48 97 126 -58 -18 -63 -29 81 -76 -50 -53 82 54 -65 -15 67 -10 -43 41 2 -88 73 7 39 -81 -82 29 86 -84 -26 124 -110 112 57 -111 70 31 -69 -5 -76 -19 46 19 -75 41 -10 12 -15 -17 -126 -74 13 13 -15 55 84 124 86 -45 -121 -71 -18 -50 102 24 0 -92 33 -114 -118 40 -77 -98 -90 44 -124 94 113 -123 -39 -2 125 -98 84 -113 -23 120 109 -40 -77 -63 23 -34 -78 -102 3 -28 33 -106 -113 57 97 42 -40 -77 127 73 -63 19 -45 -117 34 -107 105 118 -73 10 -18 117 -16 92 59 7 -71 -108 29 -17 54 -68 73 72 64 -109 -84 104 41 -36 63 -5 -103 -73 -127 54 50 39 109 39 -49 64 65 -28 98 -14 -27 -82 -121 -79 -94 94 92 70 9 35 -1 96 64 0 120 123 -19 -1 -23 -63 26 60 38 25 116 -42 -119 -106 33 -8 85 106 59 92 65 45 -59 83 122 -79 -73 54 -95 -70 -77 -22 -49 -92 -99 -65 -7 30 30 9 28 -88 -3 34 77 -46 67 114 83 -100 104 -13 -28 -56 -103 46 -9 -115 95 -120 -86 18 54 110 -118 26 86 108 -128 102 1 90 55 124 51 26 63 -123 24 7 -126 71 -101 46 15 -33 -85 23 31 46 102 -8 106 46 -20 37 32 -105 106 51 -77 101 -3 82 -125 89 123 61 -106 -4 -110 22 5 -51 -51 88 -91 -65 38 28 69 38 90 59 -55 -43
-31 21 122 -81 -56 -13 19 -46 118 55 -50 -63 -71 -95 -26 -87 13 -105 -10 13 -94 41 102 -105 28 -99 -108 -9 103 -32 95 -20 -112 77 118 -34 -37 -68 -66 -123 58 -23 -104 53 67 -78 -11 113 -92 -71 -62 50 -73 -86 -103 -24 102 63 46 42 -83 106 63 -24 47 -89 -57 -49 -110 -115 -100 126 51 -14 -43 35 46 82 109 -79 -35 -56 -80 -57 122 76 25 -87 64 -25 22 -53 -119 -65 -99 -46 -32 2 11 -110 -44 -34 -49 107 96 111 -112 -109 63 79 -50 -53 23 -21 82 42 88 53 60 -2 -124 36 70 116 -125 89 61 -65 10 -116 -2 -10 9 121 125 107 -47 -59 -40 -18 19 124 -120 74 -42 -82 -81 -14 1 80 24 -128 -38 -59 -45 -47 39 1 -89 -28 108 16 -104 -58 2 17 126 -83 93 93 116 -61 -81 -116 -36 110 30 -96 -75 -107 -124 93 -59 -42 18 8 -64 -23 51 -3 118 -23 -70 122 1 18 103 40 91 -44 -98 -95 26 72 -26 -63 -29 53 -102 -122 -110 -18 -39 -112 9 -39 81 -59 109 -115 -56 126 93 -15 -33 84 -113 -77 49 -108 -81 31 -8 -6 -13 -120 -27 30 118 55 -25 97 67 72 -56 17 -59 75 43 123 -15 -103 -52 73 -79 -89 101 80 -46 109 -70 101 121 -86 -6 56 87 -103 36 -50 -112 34 -62 -20 39 -99 94 18 -77 94 -93 -29 99 -89 -96 92 -78 -96 17 68 55 37 88 -28 104 10 -83 84 -109 -4 23 -52 4 124 19 5 42 17 115 -88 -24 -2 -75 -123 70 -63 -26 -27 4 -109 -115 -105 -57 8 85 4 -60 -73 10 94 75 -71 -28 63 122 -13 100 125 108 -35 -63 110 14 122 -43 -28 -98 47 -84 23 59 60 108 21 2 -108 -82 98 -41 -109 -78 -42 -92 101 105 -88 61 43 -50 -63 -94 55 -40 -38 -1 -56 109 -63 68 -102 -36 -42 125 86 -68 -59 -114 -79 3 47 -31 -38 -119 7 124 -9 -9 -112 25 -126 26 111 76 -12 23 108 49 55 -51 -83 78 5 63 82 -45 75 22 -126 101 25 -124 86 -60 -127 -115 103 91 125 0 -77 -121 126 60 70 -50 -54 35 65 -36 83 -42 112 109 66 -83 118 -95 62 -11 -59 -122 -64 -52 46 -91 109 105 -97 -128 -7 -94 123 25 -117 -124 28 -114 11 -111 -5 -81 54 -39 88 -58 -103 -123 42 126 96 112 -62 -52 118 70 93 -30 -73 -58 83 96 52 25 -114 -89 -64 90 71 10 54 13 111 116 5 71 -90 81 18 102 107 85 -39
52 -11 -48 -48 -98 -27 27 49 -59 96 -120 59 -126 -24 -110 -111 92 -85 -42 -1 64 106 1 124 117 105 -73 -61 91 14 -56 16 -11 -115 95 -126 -3 -71 -88 56 -97 -116 93 1 108 -81 -16 -3 110 -108 -102 121 -59 68 6 -17 103 11 86 120 -101 7 99 -118 -53 101 12 -121 100 -36 -95 -57 -111 -83 105 67 19 26 -42 111 92 -114 -28 68 -92 -88 0 -18 67 -1 57 -77 57 50 -88 29 -53 34 107 48 120 -89 -76 -108 -104 -113 89 88 -122 -88 -4 127 -50 -53 11 -2 -35 9 -102 -126 106 15 -53 20 90 -43 -53 -65 33 -16 18 19 73 101 7 -31 -15 17 -125 -78 46 71 22 48 72 1 -70 -37 -24 -128 -54 77 80 114 -98 80 -26 102 -77 -22 78 69 -117 10 75 -34 -125 103 13 -127 113 -79 95 122 73 19 69 -106 -39 32 -5 67 105 -46 -66 93 -45 7 54 -70 -87 -71 -115 49 40 88 23 -95 -71 10 41 67 101 -116 31 -24 18 -99 -94 -74 85 63 71 55 62 118 20 95 39 -42 -71 29 -105 117 102 -89 -104 26 56 99 -117 41 110 50 -91 -61 -23 -25 -127 32 100 89 79 85 -118 36 98 0 18 45 48 -118 -27 -22 23 0 66 25 122 -123 104 -124 88 72 -81 58 -1 8 36 55 -4 -69 -78 127 61 -61 -15 -116 108 -20 -28 102 -5 -96 -24 -68 34 -73 -92 19 40 -34 -47 44 27 -84 -63 -2 120 63 69 -38 98 90 99 74 -92 -59 15 21 19 -10 45 -11 20 42 71 -101 29 81 112 21 87 45 12 -39 -65 106 -39 -99 121 49 101 107 99 -39 -120 73 -126 -105 -8 -62 -63 -87 1 -1 3 -5 93 -36 95 6 42 41 -110 30 -73 10 108 -102 -120 90 -6 -115 -85 -38 1 28 102 -128 63 -17 -123 72 -123 -112 27 -56 53 -29 14 93 -80 122 37 96 71 37 57 -40 -46 83 118 93 -50 62 74 87 -43 -86 70 62 0 -106 60 -12 -86 -93 -77 50 -9 86 67 -20 -39 -20 -26 85 81 -47 -103 87 48 -68 21 -49 -87 -73 6 -120 95 49 5 -82 -117 72 84 119 -105 -97 25 -64 71 115 64 -91 -35 -50 72 67 63 4 70 -83 -124 -106 -81 34 -128 -4 47 -71 94 -49 -80 -82 49 -8 -59 117 -116 54 73 32 79 70 124 -96 -32 -98 101 -118 29 107 115 -16 53 -16 -29 3 48 -74 89 -18 -93 95 115 20 74 87 108 -119 7 -93 80 65 -104 -22 -107 60 -65 -97
24 110 -2 54 -123 119 14 91 25 83 90 63 66 92 -46 -39 -33 61 127 113 -45 15 33 -21 -26 -3 8 -17 32 -97 80 -44 23 68 -87 61 -6 9 78 -102 81 67 68 88 -22 -64 103 57 67 9 -19 9 31 -45 46 44 91 -55 84 74 -116 -17 -26 38 -104 108 -128 57 -78 12 102 29 40 61 -2 113 114 -60 44 -85 -24 -85 -27 -77 -44 -40 5 33 46 -28 -126 108 72 -11 75 43 34 65 -69 36 -75 17 47 -52 67 71 -117 -14 -60 -47 0 -76 -65 -66 47 64 9 -126 -4 51 88 122 -55 91 -35 -27 12 -125 -91 -58 98 -111 -31 91 -119 36 -83 -60 -32 -10 108 102 -97 -22 -99 -45 -104 44 7 -20 -46 69 -44 62 51 -34 -81 68 108 -30 -7 -86 -122 -110 108 49 96 -102 -64 104 -51 18 -43 119 13 36 -113 66 -23 95 -63 108 -93 110 72 -91 76 -57 -55 -105 93 29 26 116 8 37 10 32 64 -15 -11 45 -120 -87 -31 -10 -63 94 45 59 66 11 79 -79 -80 -36 -9 -115 -56 30 69 119 -100 -119 -10 -2 117 91 -74 -30 -108 -73 -68 -89 31 66 -69 -88 80 -15 -4 101 126 124 44 75 9 82 -72 56 -116 -79 -58 77 -15 -18 116 -68 -33 -77 56 120 29 -83 -70 -75 87 60 83 -120 -82 -10 -89 22 -99 -25 86 17 -6 -107 -56 3 34 -80 63 110 -103 -69 2 -69 76 125 88 45 -89 -49 -20 -106 27 -73 18 73 -65 -108 39 31 29 -29 79 30 53 72 100 -58 -66 -27 71 -70 -21 -97 -89 -4 47 23 41 -11 13 -27 -105 -65 -63 -6 -101 -73 11 23 -3 -107 88 99 126 104 39 94 51 -29 86 -113 -92 -49 66 35 123 -48 -41 124 43 -86 119 113 -96 103 108 70 95 50 46 -41 88 -57 -107 -61 -21 -52 96 90 17 -28 46 -120 40 -59 -121 114 12 -127 -96 121 54 67 79 -33 43 -31 -33 36 78 69 -48 11 -111 41 71 118 92 74 -96 -98 36 75 103 -127 100 -109 113 -128 40 61 -36 92 120 79 114 -118 -44 77 74 -102 -106 -91 104 -86 64 63 -81 -34 -79 76 -37 -97 16 -87 110 73 -27 63 82 -102 96 -27 -116 67 84 -1 0 -93 -122 97 21 54 1 85 -76 -59 -114 -90 -88 26 -15 91 -51 62 59 -31 -49 2 -62 101 92 56 51 40 112 112 -8 45 -59 49 -19 -15 126 -92 16 68 -86 -101 6 -8 74 -24 -121 -89 -44 -68 -104 76 93 -97 -95 -6 69 56
-43 121 -3 53 -62 -31 18 -113 -36 88 44 -89 -106 40 -109 -58 59 65 95 69 37 120 115 -19 19 64 124 101 -55 -54 123 -104 28 10 -33 19 119 13 -104 4 -9 -109 126 -112 118 18 -100 -37 85 69 116 -6 -68 -53 23 -38 -2 55 -59 -76 37 6 -78 -65 -44 82 -96 -41 -44 -15 0 -14 -73 3 96 -110 -29 36 60 -88 -17 30 123 37 127 5 -18 75 -1 126 51 -92 83 -45 -83 -127 29 24 -31 28 -21 -51 -53 -19 -15 -52 43 -71 50 -10 -28 -41 -111 -76 113 -127 43 100 -47 -4 -46 63 -123 -90 23 -56 29 -100 20 69 122 7 -54 29 102 54 93 10 58 119 -17 -115 -48 39 -6 -38 -102 -97 46 41 -32 125 -79 -79 120 37 17 -108 -94 3 -117 10 -53 110 28 -105 -77 15 123 -65 46 -66 -83 -97 77 -69 -90 -15 -112 66 32 94 24 38 90 7 -97 -40 -44 82 -22 -97 -112 -4 -51 36 58 107 15 -15 117 11 66 -122 66 -74 55 -8 99 -33 -116 -47 -77 -54 -31 43 -42 126 74 53 -82 30 89 -65 83 -107 -36 10 48 -85 13 103 -104 -124 17 104 -69 12 -104 -60 -21 105 -69 -69 72 54 103 -83 -53 112 123 -114 61 46 121 33 -76 31 98 -89 -97 30 -125 -60 -57 74 -49 117 49 79 11 -41 74 76 79 -28 36 -38 105 -110 111 17 -21 21 92 -24 109 -93 -64 16 68 -72 -90 -91 60 -68 -71 115 -26 121 36 26 75 45 76 12 114 -41 -27 48 6 -26 -15 -57 123 20 -6 -40 -74 -53 -80 -64 -20 64 -29 112 116 44 89 -5 -113 23 -52 43 -91 37 103 28 77 98 75 95 83 68 -95 -62 55 28 -125 -80 -106 10 42 35 119 36 101 -36 7 -41 -117 -33 11 29 24 -53 105 104 -4 -99 -118 45 79 80 -114 -57 92 109 -87 18 51 21 -120 54 -25 -82 103 94 -98 79 -53 -6 -69 -30 -68 -111 99 -58 -16 106 112 -34 -31 -37 33 -112 -11 -101 98 -75 12 105 48 -86 122 40 -2 122 6 67 84 -85 -113 81 -104 -99 18 -113 45 -90 -43 -42 -120 -67 58 122 -107 -124 -8 -100 -20 -39 69 58 126 -46 121 49 89 70 -115 -3 -110 -42 126 -31 76 69 -73 83 21 -4 -10 120 -29 -66 -112 -44 53 -1 -98 -96 -43 -9 40 8 69 11 -32 7 -55 -1 -33 -16 11 99 14 46 -21 -98 -127 106 -104 -30 -95 -68 -7 56 64 -21 -124 -20 91 21 42 -44 -90 19 -4 105 -115 2
58 96 56 35 5 -116 -75 60 31 78 -6 -28 -51 -105 20 15 -43 78 -66 -127 -107 117 -95 81 19 -55 -15 -35 51 73 -49 -41 -99 15 -30 26 36 80 120 9 46 -64 -124 -42 8 -33 -114 -72 -10 -12 121 70 -66 98 111 -21 0 -62 105 32 55 -74 -43 -84 -36 -123 10 93 111 -30 -98 -92 29 -42 -76 40 47 41 -11 -3 78 -61 108 -92 37 123 79 -4 101 122 57 4 -15 103 -119 120 -25 123 1 1 -126 -37 61 -90 114 111 -16 29 -36 -35 124 -7 104 112 47 -22 31 -89 75 43 -95 -59 40 -91 30 68 -28 -31 -72 29 -31 -14 -120 82 101 -2 121 95 -123 -128 61 77 -110 -121 -79 60 -33 16 -11 64 99 -124 23 -124 64 -15 -127 -38 88 80 25 98 -111 -111 -69 82 -31 36 49 -83 -107 110 45 -36 113 98 12 50 34 -2 -82 -48 25 22 5 -96 127 -96 127 -70 -7 120 95 118 -111 98 30 114 107 -65 -89 -44 14 124 -29 25 -54 -63 -86 -82 106 118 40 52 57 -35 -103 -1 -54 63 22 62 -68 34 91 32 -48 121 -36 -99 -77 -93 15 -122 -59 -61 73 5 23 92 -29 81 -88 123 -40 -83 69 -56 -122 125 -50 83 109 -99 -121 7 83 72 -58 94 111 26 116 27 25 -107 -88 -93 -113 85 -64 118 -76 -70 -117 -118 -75 -24 12 -123 -70 -10 -50 -30 -52 -95 122 -44 -21 -46 7 -69 -5 -50 -84 -24 50 -95 76 -124 43 18 87 -102 10 70 -75 113 -35 31 -80 69 -108 101 80 81 -58 101 -125 112 48 4 -1 -71 117 112 100 -106 -44 78 -99 -69 50 -66 -38 -123 -69 -103 -13 -6 -116 98 -59 70 -120 95 -15 86 -31 -41 -94 63 41 104 -122 -37 46 55 94 -41 -66 -85 -34 41 87 70 81 -1 47 109 -35 -84 64 97 -10 55 108 -35 -102 16 21 64 -58 41 127 28 57 -61 -86 92 -74 8 -11 83 -125 25 -87 57 24 -9 38 37 74 35 9 -53 38 62 -97 17 76 75 -99 41 83 117 -12 11 -125 -30 120 -37 19 77 -126 -36 -75 -94 14 83 -7 -69 125 -26 112 -59 68 119 56 73 -23 3 86 81 -121 -37 -69 -13 125 -52 40 -73 -110 10 -42 67 -98 -18 125 -128 -58 6 7 -63 -65 -76 100 -80 -113 24 -71 -37 9 26 99 -82 -66 39 97 69 -20 -75 -45 108 79 -28 -74 49 -120 -66 -48 57 -66 -74 -17 24 87 14 121 52 -118 -107 -70 43 -109 8 41 -85 44 49 -61 20
-56 -116 -26 77 -18 -42 16 -27 -29 84 -16 -52 -2 46 -11 -11 -114 -30 51 30 8 -121 -88 92 61 93 -103 8 -12 -105 -43 -19 125 -79 81 -37 35 70 -25 27 118 78 125 111 99 78 -113 -98 123 17 41 107 110 93 15 110 48 109 28 -40 91 -81 -98 -81 -26 -126 -61 -91 -44 -126 90 105 121 119 55 49 -74 -123 71 -39 -35 -64 2 -66 62 -92 -35 59 44 29 110 89 54 -15 -65 -117 -74 112 -5 52 49 -51 4 -35 41 -72 52 29 -36 -27 -34 17 -85 2 -2 -39 64 -104 41 -18 119 -6 74 -48 31 34 -64 -91 67 65 30 31 -11 -92 35 102 -52 -82 -48 -94 -117 73 -60 -41 -25 49 66 77 -69 34 51 94 71 -41 -43 -13 105 50 -33 -77 29 59 -22 52 101 -50 -121 44 -9 127 48 -101 -126 -119 -111 66 -118 31 -126 -1 -98 -93 -70 -82 118 -19 50 74 -26 43 73 -9 10 22 -105 124 8 5 -5 -95 14 29 7 -55 52 -40 -47 116 119 -119 99 53 -23 115 -22 112 -11 -19 -34 43 -12 -96 34 -115 81 -120 62 45 -70 116 -109 17 116 -97 -79 5 -84 109 -121 -42 72 -101 30 -42 -40 13 -55 -74 -13 -106 25 -52 -10 -22 -15 108 -30 40 -117 66 120 102 -103 80 125 96 -13 44 23 -62 -101 24 112 10 122 3 -56 24 -10 -10 36 -122 118 -60 33 -70 52 -68 127 -24 -57 -106 -49 -122 105 -40 -115 15 -89 29 -29 -55 -120 -6 -17 42 -9 -27 19 97 25 58 88 -8 79 16 42 -43 -77 73 83 -35 92 -78 106 -86 106 73 -20 -16 -44 118 -36 -124 -18 -48 -48 -67 67 -111 12 106 85 52 -55 17 72 68 70 68 62 47 -16 -11 -56 -22 115 -125 0 77 -59 -90 102 69 19 63 -127 47 121 59 -23 -118 60 -96 -12 -71 26 90 7 14 55 -82 33 -120 14 30 78 -86 94 52 96 7 98 -92 -9 -74 33 46 -112 100 28 -29 3 -119 -86 -82 -27 -49 -97 -22 -91 41 74 76 -51 56 -41 115 -64 69 1 81 -121 -8 22 13 -9 123 112 59 9 -22 17 -114 23 93 -98 89 -6 -78 94 86 26 -55 67 83 88 80 -2 -28 -98 -74 43 -126 108 41 -83 -3 -63 103 74 -52 -82 -1 -45 -116 35 25 -10 72 -34 54 -31 39 27 -9 -15 106 -16 -80 -121 75 -48 -5 -114 -37 -45 60 78 -54 -55 -111 -75 -118 -39 8 -58 -128 -96 43 11 55 -104 -59 2 68 97 95 -125 -50 -76 -70
20 -19 118 -49 -11 41 -40 -69 38 -10 104 -34 -127 -92 111 103 -81 -42 -127 21 59 80 113 37 -40 -42 -82 -90 -27 56 -117 37 -87 42 19 -54 32 67 -16 6 -88 -113 27 -39 -2 38 -30 64 -58 7 13 -11 68 114 24 13 66 -96 37 60 76 6 103 0 89 117 32 -82 81 36 37 87 81 4 5 65 -71 42 -99 124 26 110 -60 -53 35 -84 -105 30 -89 -36 -6 -64 -58 -53 -92 58 -120 -96 -69 -34 -52 20 -71 114 116 -2 45 60 -31 -32 -46 -23 11 40 -13 -46 -93 117 -25 18 44 -42 -25 -75 38 -103 -91 98 81 59 87 -36 9 -109 -4 -27 -127 111 8 -80 68 -86 54 -33 -128 -23 8 -43 -123 -69 71 66 73 125 10 -66 -13 -101 -102 3 -113 -128 -120 39 77 -71 -18 -60 -91 -31 1 33 -55 107 57 -67 93 75 -81 -9 -115 -42 37 -24 -17 71 4 114 -120 -107 43 -106 -43 65 -113 -8 2 113 -69 47 -68 88 113 60 -96 33 9 3 -22 61 35 -87 -35 12 -102 19 -34 -96 69 99 -93 14 75 -39 1 31 -20 40 48 116 -110 -78 -67 -87 42 89 62 -114 122 -10 -115 -101 -13 -107 -4 -47 -67 85 6 -98 122 119 45 -106 -27 8 -15 -78 108 25 12 121 70 70 -77 114 -87 0 43 56 3 26 61 49 -111 17 -4 -46 -87 70 90 117 -77 -7 54 11 53 27 -54 81 -83 -83 83 -40 -70 92 -57 -105 76 -59 -36 -59 96 40 12 55 -123 -104 73 93 12 42 -124 -6 54 92 113 -109 -69 -127 -43 7 -12 17 17 -88 100 -43 -71 -31 -72 1 -117 113 76 103 85 -59 92 9 106 -22 51 79 74 -118 -26 1 -4 14 124 -76 21 -36 -88 44 -5 -67 -41 43 -20 92 115 29 88 -121 -6 103 -31 116 75 68 32 88 13 -15 -55 110 -99 51 101 -116 -21 110 69 108 26 -34 -114 -95 -24 -124 18 6 34 -76 117 76 33 59 -25 -43 -88 47 91 78 48 110 0 -39 -73 122 13 -79 -122 -110 -58 56 43 15 -128 75 109 106 47 38 -72 112 76 19 64 68 -45 -107 67 76 12 -69 -22 8 29 -37 -8 118 -88 -29 -59 -87 -83 48 -93 42 17 79 4 -102 98 -112 20 89 72 112 14 84 -128 76 52 17 42 92 102 -120 -38 -39 54 -19 -49 125 -32 -23 -110 -61 -7 51 -71 -66 1 -93 -73 81 -112 -43 -15 -102 10 -42 -88 -77 -51 52 -78 77 -100 -96 -94 -51 -28 -127 -61 -101 -106 2
24 -37 67 -92 -66 33 -86 -23 60 -120 -31 99 37 -59 30 65 121 -70 -40 101 -23 -36 70 -1 -15 -15 28 13 125 -124 -109 -104 76 -98 -11 37 85 114 23 125 -128 115 -55 -65 -113 122 -107 101 102 78 82 -38 16 12 -49 -19 -84 -28 -5 -1 62 94 12 103 -45 -43 -125 -55 -63 38 32 15 -100 13 44 -34 20 -13 -50 -45 122 104 -25 101 65 100 114 106 92 56 41 -118 56 23 6 15 84 31 -19 -68 -119 -10 81 98 -108 81 57 -125 -56 -128 -35 -44 36 -12 -31 -100 117 60 115 -99 15 15 24 70 -73 30 -11 48 -28 -37 87 19 81 88 -33 -90 -100 -29 -21 -22 -41 19 90 40 -6 25 -72 54 35 105 -47 79 -32 -56 -27 1 -117 -11 33 -125 109 4 100 -92 -1 -9 -58 -123 -37 44 63 25 -17 -56 -7 68 -114 63 -59 82 3 124 -34 -114 -84 -102 121 -22 -31 -20 -86 -2 82 -68 -43 -31 -73 -3 -83 20 20 -105 -127 -52 102 -84 -18 -53 -64 -18 8 -46 101 91 -13 -79 -117 -61 -109 -91 -16 85 20 89 -88 -18 35 56 -38 -43 -20 -119 -7 -57 -102 -32 92 -92 24 -126 -99 -9 -79 98 107 75 -34 33 84 37 -58 -47 -58 90 -41 2 88 -84 52 -57 62 -65 -66 26 15 22 -2 117 32 59 -121 31 82 8 -105 81 -75 120 50 -102 99 120 -118 -22 -22 -98 83 61 68 105 -4 39 -1 -3 22 92 110 -36 -81 125 -83 -115 63 -11 -64 69 -109 -69 -91 68 119 116 114 67 -28 122 40 124 51 14 -62 7 -36 76 58 -17 -26 69 -108 78 -11 62 97 61 -99 88 -55 28 -118 -96 -80 -96 -67 19 -8 -6 125 -59 67 2 -81 91 95 125 -123 123 127 52 96 42 -106 -42 19 73 108 73 -27 16 72 37 -100 118 -117 126 -116 -107 34 34 120 -73 -53 -27 64 95 -6 -100 99 42 80 -90 -77 -70 -15 -77 50 -84 8 -105 -112 -77 40 -73 74 -114 3 91 -36 -90 -89 31 32 5 -2 -76 125 58 19 -58 -42 32 18 104 62 -111 -10 -45 -67 -77 79 -99 -41 63 70 123 -94 64 124 -96 -52 -128 79 -18 75 -62 9 -119 93 93 -5 65 109 -121 120 73 -102 -27 7 -69 32 -58 -114 -121 43 -48 -112 -85 -119 -88 -7 -1 106 -4 12 -37 -90 -66 -46 -104 -102 44 -28 -52 -109 54 1 -59 -92 -123 8 -69 55 17 79 -89 26 77 -20 -56 37 -118 -40 -24 -93 121 -17 -39 -90 31 77 -65 59 91
-55 47 -21 74 -117 97 82 25 -82 -80 15 -72 76 -14 116 17 50 -104 -122 -25 -37 20 26 82 73 115 -15 77 -17 -84 -69 116 6 -88 8 86 -87 -56 -109 36 -125 -12 12 -34 -18 -23 -31 56 25 -64 -1 123 -85 59 119 32 -32 -123 19 123 -76 -52 -22 51 -2 73 -2 8 27 80 -40 2 11 -30 -85 -23 -38 -49 11 -16 -46 -27 -85 20 -51 -54 -111 -107 22 -50 2 -105 -124 -117 121 -53 45 110 -47 8 7 -21 -40 116 -14 25 13 75 -35 -83 124 -95 89 -10 47 8 44 87 -1 35 -100 88 -124 -99 -74 17 7 -55 2 32 126 4 71 33 92 115 -122 78 -38 -45 -119 -26 -4 6 -21 -25 -21 31 -112 -121 77 97 -1 22 -25 65 117 -113 -71 -2 32 69 -11 -43 79 -38 124 114 -30 -104 70 -44 -28 -1 48 62 58 60 28 120 111 100 -35 95 110 -18 33 13 71 0 -80 104 119 -85 -104 90 120 46 119 -27 79 64 -41 -44 -22 55 7 80 90 75 36 -41 -24 72 60 -58 -128 -127 -25 -38 -92 11 11 85 2 -44 -18 -98 -112 -18 122 11 106 46 -20 75 61 90 -95 -8 7 16 -34 -68 100 -111 -54 -65 67 -79 84 -62 98 27 109 -122 58 -66 111 -17 -56 -74 113 -93 38 65 -107 -35 122 -9 65 74 101 -97 42 88 91 104 122 40 -89 43 63 -97 -126 56 2 7 -117 1 32 -45 12 -8 97 -85 -33 114 113 -44 -21 12 119 113 0 114 -78 -44 71 77 108 -52 72 59 -125 -40 -17 -81 121 -46 -47 -111 45 83 -107 -31 -98 -110 87 0 20 98 -119 94 23 48 64 92 108 116 50 -74 45 2 23 -113 -82 -92 -80 49 -60 -33 52 19 6 -60 -52 82 15 75 -122 -65 17 39 -108 -114 51 -89 -127 -48 94 121 -102 -81 0 42 -39 -79 50 -45 -15 -4 90 100 74 19 81 -93 64 31 57 112 126 -15 71 -75 -63 14 -37 38 4 8 69 122 19 -23 -4 47 8 88 89 -52 42 -5 45 -21 127 3 -18 100 74 -124 77 -15 -34 99 -30 -56 92 -113 1 -50 14 77 -87 60 19 -26 -89 28 9 48 -67 41 102 21 -52 -63 46 44 103 38 95 -83 -5 57 87 -10 107 -116 98 80 96 -81 98 51 107 -32 93 -7 48 -103 -3 -93 40 -11 -74 -103 -61 -77 123 126 66 13 81 41 -102 -111 120 20 -69 25 -111 27 72 -21 -15 -69 14 -48 113 120 -116 -12 90 -99 31 -81 48 47 4 -120
-7 15 2 14 -109 -38 -15 114 -20 -24 -80 9 -115 71 -117 51 -100 30 -18 -115 -50 14 -114 100 -46 -37 106 -4 -109 -69 -40 -110 -82 -87 -107 12 -109 -108 90 53 48 -103 -55 20 -45 -66 -72 27 8 -22 101 -117 -36 -39 61 -45 -84 -63 26 -20 -116 -44 -126 110 38 110 -119 55 53 90 -58 -112 -13 44 -13 -13 3 -52 -103 -42 55 100 -86 62 19 17 -86 -80 -77 -72 39 119 -15 -44 -55 -118 -40 -122 -79 -98 -61 10 -127 122 -103 41 -43 -99 63 127 126 112 -86 103 89 -127 -97 58 -89 55 79 88 20 89 74 -100 23 22 15 -112 -10 102 -45 -119 -67 23 -36 20 -73 76 -40 106 73 -112 87 -119 51 123 88 -15 -76 71 -85 89 -60 -127 -44 78 78 -33 36 6 34 31 92 13 -5 -101 -61 39 -102 9 -127 122 126 67 -115 27 126 -54 127 66 -65 -87 87 96 -71 -89 -12 -70 1 -100 44 -122 120 -117 -22 99 -126 91 -30 121 -19 57 -94 115 -100 116 16 82 19 27 -73 66 -66 75 -15 -110 -23 -82 38 83 -3 38 -17 71 -103 52 -16 53 21 18 22 -34 -4 -40 67 -37 -101 87 92 -60 85 -86 32 3 109 -35 36 9 90 87 19 -78 -104 13 66 -1 111 -109 100 45 90 -34 1 -72 37 65 21 -47 -71 19 75 111 27 113 64 -73 97 118 4 121 122 -8 -10 56 42 -126 -118 67 85 -109 14 8 3 3 -96 62 94 -20 -114 -98 107 111 110 -49 -98 -10 -111 123 -122 -62 19 98 116 -22 -51 116 85 85 -112 83 34 -55 86 -57 -28 122 10 58 -68 108 -37 -38 -87 -25 70 -71 -44 51 83 -42 2 -125 45 -124 127 -74 -32 -39 -50 -69 -128 -59 -109 -117 -46 -3 -101 -99 35 85 94 77 -50 11 -108 90 -22 7 -15 61 -22 27 119 -99 -10 43 -45 -126 86 -127 -125 -69 -115 124 27 -61 99 90 14 -69 14 98 123 -104 77 -39 -95 -103 96 -91 -52 -8 -110 93 11 107 -115 7 75 77 50 -57 -78 24 -34 122 -11 -72 114 18 -43 -127 100 -58 -97 41 -24 -64 82 28 -97 115 31 -126 48 89 -20 45 81 -114 80 47 98 79 -67 -37 73 -72 -25 -13 7 41 54 1 78 -5 121 107 -27 -56 123 22 80 -102 68 -127 -42 -21 -27 24 95 74 -59 79 -117 -18 113 -127 24 -104 -59 50 17 84 -94 91 73 19 121 -63 92 -1 -74 -101 -70 74 66 -91 88 -63 29 -33 57 28 -1 -18 -50 18 -100 -34
86 -27 118 -120 -30 110 -66 59 116 10 116 -35 -75 62 -20 -19 -9 -10 71 -118 94 71 111 106 111 108 -43 26 9 0 7 65 18 -5 115 91 95 -89 -1 -36 50 -10 13 57 57 -125 -75 -7 124 -67 -66 -15 11 95 17 36 -26 -8 -16 -62 -6 116 -109 127 99 -68 -95 -10 94 95 -28 24 -67 -86 114 -117 76 102 -2 67 -83 109 -47 -70 14 -20 39 22 -86 -118 -76 88 -34 17 116 -35 33 -115 17 18 3 83 105 30 -74 107 -72 107 -93 -50 -8 89 104 -47 -93 83 -121 71 109 44 -26 -115 -18 -90 -86 -13 54 -7 44 -87 -7 -104 -28 -37 121 108 16 32 26 -125 9 -65 -45 -73 118 -22 121 -83 82 -114 41 36 -40 -2 98 -64 94 44 45 -7 -49 127 -31 -102 -32 52 -30 -128 -83 -51 26 110 17 88 -99 -115 79 6 10 -111 118 -33 71 -15 -101 111 56 56 29 55 41 -35 -18 54 -5 -57 89 46 -26 -46 -106 42 101 16 8 -86 16 -13 66 53 14 -68 -98 -86 -45 11 -107 70 -74 12 58 5 50 -40 78 -36 46 1 -107 105 -67 -125 -15 -68 -96 -19 1 -64 64 -10 -52 112 -42 -69 -41 14 94 -70 -52 83 109 -56 -56 118 -67 -104 -98 -10 2 -73 2 -104 -75 -54 -83 -1 27 103 126 113 29 106 11 -4 67 -115 3 28 101 -39 41 3 -67 -46 -5 -117 -24 47 118 -54 106 -70 -41 16 -97 -42 98 116 -93 -28 -94 52 -83 4 -100 -88 79 60 -123 -49 -73 109 116 18 -37 121 -124 70 -92 99 -47 -104 74 118 -81 -104 51 83 -91 -44 -68 104 -51 -78 -73 -47 29 -97 -99 123 50 -69 108 -10 114 55 -69 -74 -29 -47 -21 -121 -64 -88 71 -18 76 -65 -76 25 111 -105 44 98 40 -77 90 -20 -83 -94 -17 -15 -122 -28 -125 -123 127 65 -124 -68 -127 -81 1 34 -43 -93 42 5 4 124 47 37 106 -49 2 87 123 -38 -17 -63 63 -31 -87 -31 -114 76 -90 -120 -124 -100 58 116 -14 -94 -27 3 -34 100 -123 -64 96 -26 52 44 46 124 119 -30 5 8 55 38 107 -71 22 -83 -127 65 118 -114 68 -101 47 -71 -31 114 0 -98 7 26 -9 -66 -88 55 105 -89 53 -50 -64 83 11 120 88 99 -71 -51 -110 59 -97 63 -82 -56 29 -106 65 7 62 -17 -54 125 34 -8 19 126 -38 127 -117 -64 83 73 79 -26 -1 46 -63 65 -10 114 -33 17 67 -61 92 82 69 -116 124 -3 -112 114 7 122
-7 -62 -70 -12 101 20 -44 75 1 -127 -81 105 -128 -114 -9 -14 -75 48 125 -111 55 87 -89 64 -77 9 -96 -111 -4 -37 22 -10 24 90 -79 -22 -26 70 64 30 35 98 -59 -125 116 -17 87 99 -11 124 -74 -7 53 23 97 -94 3 -105 101 -83 -108 61 29 -15 -82 -98 -114 9 97 -56 63 -80 101 -24 -30 -75 -108 -94 122 40 -110 18 31 86 -19 96 28 -126 -51 -119 -109 -76 -11 0 -94 44 -111 37 121 75 -9 -93 81 37 60 -44 66 -114 2 -16 -127 24 -47 32 117 32 -72 -2 -77 -34 101 27 87 50 -50 -9 -25 -60 -45 60 70 109 -24 80 -66 -97 76 94 87 28 8 -21 -113 103 108 105 93 -84 -22 122 73 -66 14 105 27 20 -23 89 50 -74 -36 110 76 -52 46 -91 92 6 45 3 -25 117 117 51 -18 115 12 31 117 -20 -91 119 -90 -3 -100 -116 -72 86 -76 -61 -6 -124 -73 -104 122 -76 -17 -84 118 111 91 -1 -75 -63 76 -110 -97 -46 -107 29 -74 -51 -17 -10 116 -26 -9 43 42 -103 32 -78 -50 99 -27 48 -52 105 -117 20 -49 33 -9 121 74 45 99 -82 68 82 86 -2 87 96 -96 -56 9 77 -31 -99 -82 -104 92 46 -49 -2 -43 81 2 -68 -76 120 -86 -23 62 2 1 -77 -4 -86 -18 58 -65 108 59 25 -124 0 -86 -11 -56 -57 -91 48 101 -58 49 -56 59 108 39 69 -115 111 40 -14 27 -35 26 -122 102 110 78 -51 21 18 -46 -3 74 -35 7 -4 69 -20 28 126 22 -128 -30 -124 39 -21 -7 -84 92 94 44 -7 23 36 19 22 42 113 101 13 -107 34 -68 -13 117 49 76 -68 61 -103 -112 -103 117 -81 -80 -121 35 -36 -119 40 -84 119 74 -15 -113 72 104 -12 -114 -117 44 89 120 110 -52 88 -16 -38 -96 -120 -26 -101 50 126 109 116 -18 -62 10 -69 52 15 89 39 62 25 -64 -106 -67 -32 78 -2 61 122 2 1 111 -3 -78 -38 89 33 29 -34 -78 81 -10 -104 -77 34 106 -108 77 19 -111 -38 -32 41 113 85 51 37 21 111 39 -87 28 60 -62 -114 -49 -40 -47 11 3 -20 -43 -63 12 47 -61 107 -38 73 -36 16 -6 119 -34 40 66 -64 -94 -60 -82 -94 64 -126 -120 33 -28 -105 99 17 -116 22 -14 -28 -10 -10 -107 93 15 -2 -88 37 -57 -92 -73 50 -11 100 -78 121 -30 -43 -14 -85 41 -9 3 122 -57 -61 37 -59 89 22 49 -30 117 -124 -86 18 4 103
-32 -124 52 -58 -81 25 -76 -105 47 62 22 66 24 67 41 -126 -103 39 54 84 -98 -98 127 127 29 -29 75 21 12 -117 92 -46 101 41 7 114 67 -97 -82 105 -22 -110 81 41 54 -63 -6 -66 -99 -14 -24 -58 -2 27 -14 113 8 30 -14 9 87 -20 92 -18 54 126 -3 -4 33 69 -53 39 54 -86 112 1 -16 51 87 -69 106 92 34 -22 -54 125 -121 52 -80 -36 60 58 -21 -25 -87 -40 -94 56 8 115 19 -47 36 83 114 -26 76 -11 -11 109 -10 -72 123 -73 -36 -42 -39 75 59 -83 64 40 -118 -43 -27 11 -84 -19 28 -117 -37 -82 -116 58 20 47 -55 -18 101 29 -48 -89 93 -64 -81 -50 -50 -14 29 -120 24 26 -113 122 -44 -123 3 73 -24 -101 2 -8 68 -40 -95 -43 107 -39 -106 -25 71 -4 -86 63 -102 107 60 -81 -46 -76 -111 112 -66 -27 47 -22 -48 97 105 99 100 66 -44 -60 25 123 -83 39 -103 1 -1 -26 -35 112 9 103 2 -60 102 -124 -126 -8 -78 59 100 -27 8 -43 24 70 107 -77 73 89 -121 -103 -79 -5 108 -120 -43 1 -50 31 -113 84 -38 -126 76 117 -62 -59 122 -7 -34 -98 -38 82 125 -33 94 88 116 1 104 -117 16 -24 8 -92 -87 117 -70 -82 -57 -88 -65 7 32 -99 18 121 -34 113 -73 59 106 55 -32 -50 25 -109 54 -13 -87 -90 -20 -82 -106 -72 -14 76 98 -91 48 -43 -20 -98 -48 5 -44 -22 95 41 64 101 56 -72 91 -83 124 24 29 -18 -62 32 -97 31 65 -4 -93 110 -46 -23 60 -14 90 -73 86 77 44 16 -25 11 -17 120 78 61 -30 65 52 -72 -126 73 122 -52 41 -16 -103 57 -87 -75 -6 61 -33 96 -85 -122 101 61 -122 -71 21 -94 -108 -27 57 24 -37 89 -97 -117 -97 126 -76 45 -6 -12 -12 -52 119 -113 -45 14 98 -64 9 118 111 -72 -119 102 -2 49 -44 -48 71 108 58 92 57 -33 -32 -28 42 97 111 -101 57 34 -56 -98 66 -35 62 106 -76 -41 114 49 -39 41 -4 -14 -98 -128 -85 48 107 0 -5 18 -54 -18 33 -74 -63 -27 -9 -6 39 99 -65 -70 80 108 -13 75 -56 57 18 1 90 -97 110 44 -28 -71 -30 114 84 92 -117 -62 -97 119 -109 -9 115 -117 -105 35 48 -70 -81 -62 116 -2 21 -12 41 108 -15 38 90 41 -80 -111 -45 97 76 121 -60 39 -68 65 -45 4 123 -102 64 -62 17 87 -11 105 17 76 69 90 78 -128
-125 70 -77 -93 65 -21 -125 -59 15 57 -19 41 -84 -52 -19 -108 -128 -13 15 -25 -54 50 -19 -100 -113 78 87 -110 -80 118 41 124 58 107 25 18 62 77 -117 -110 125 33 120 7 15 -53 67 5 -101 126 -79 -99 103 36 -79 -13 35 95 -118 38 -81 -126 -38 106 23 -108 45 97 103 11 -96 34 -115 -79 -45 40 -9 -46 3 109 78 -115 106 81 72 -93 -60 -102 -7 -27 98 -97 -29 -106 16 57 -54 -19 115 -118 -19 112 -99 89 -95 105 -54 -26 -80 -94 35 16 -83 -85 22 36 -26 -116 -25 61 -100 58 111 -121 28 117 14 -127 24 40 14 97 -1 87 -62 35 -90 61 -87 98 64 85 53 -9 -108 -101 61 29 -97 108 57 47 99 98 -40 -9 -69 -48 -117 -127 -128 23 127 5 -36 62 70 110 -104 -87 -114 -15 -122 70 -72 -67 -69 -81 -12 63 74 -50 23 -77 30 -10 -25 25 -39 126 1 7 -111 33 17 39 24 -116 45 -75 -42 73 10 -49 124 59 -106 -51 -119 -41 22 -6 11 -77 -18 69 83 -47 -32 26 -122 -12 22 89 127 68 -67 112 -43 87 -71 38 -11 -39 114 7 -70 124 61 -79 -38 13 -55 98 115 78 -106 -15 -79 -6 -51 26 75 -47 42 -3 -78 -12 15 -63 66 -117 72 -1 82 -57 -105 -62 30 110 -15 -22 -4 -55 -45 14 106 86 65 12 -106 -15 -32 -77 -19 -79 13 -50 -51 14 105 -1 12 25 -27 28 -86 -34 -14 -84 -101 -2 119 116 -94 37 101 -106 -62 -124 -31 87 102 101 42 -59 -84 -57 41 -122 -115 -63 33 -86 102 -56 -91 -98 -25 61 -101 -46 83 -116 90 20 113 -9 114 -40 36 117 -83 39 57 88 115 -34 76 -125 -28 56 -32 114 -106 9 25 -46 2 -69 -37 -124 -18 -55 -30 11 21 -96 22 96 -59 29 46 109 96 19 -126 57 -115 -4 -100 40 -27 114 56 12 66 3 77 17 -20 -70 -74 -61 2 49 9 10 59 24 -25 -106 82 -87 64 34 -29 38 -43 -2 -88 -60 -27 -121 -125 -61 62 -90 4 3 24 -102 103 -89 8 -71 -56 -19 72 -38 27 22 -52 69 1 101 23 -37 -63 -104 49 -5 -112 104 -32 -115 31 -88 -66 119 13 -122 64 4 -42 107 65 -82 -30 5 35 103 -112 73 97 80 -75 25 59 76 -55 -71 -20 85 -84 -3 -27 -68 114 -42 -90 108 89 -31 -110 60 -63 87 -31 114 8 17 -112 -99 120 -48 121 69 21 85 80 1 -39 114 -73 109 18 107 -121 126 61 73
-63 -92 -26 -45 93 -35 100 64 91 -36 10 -77 40 21 -21 84 -119 94 33 -28 -80 122 75 -73 81 -80 108 59 -108 -11 27 24 -80 -56 25 -20 12 -46 24 -65 -6 87 118 100 73 33 -106 25 -64 79 34 79 10 -42 -2 -54 54 46 -112 -108 41 -78 -45 104 51 14 -100 76 48 86 -106 -62 -22 -14 -101 19 20 7 -117 -35 -82 -78 123 45 -1 -113 67 -38 58 120 -10 17 48 -109 -68 20 28 -90 111 -22 -34 123 81 0 0 -108 93 -75 95 27 -120 -23 -27 -63 -53 36 -92 80 -108 -85 -62 89 77 26 123 37 -39 -22 -48 -74 110 91 45 -107 10 69 58 50 98 -73 12 -60 38 -7 -118 -113 -44 118 -56 -5 -18 -125 -10 -128 -18 -99 -25 55 -5 25 108 -128 41 102 70 85 60 -119 89 69 43 -92 -63 -36 -50 -76 54 -68 -78 102 122 -110 92 -77 -89 -103 82 -54 53 -73 -115 24 73 7 11 35 83 78 62 100 17 -67 56 -65 4 -11 -45 36 97 -96 -15 93 2 68 115 -100 126 -38 -24 124 -5 -3 82 -52 -123 -103 3 -75 48 -89 -98 98 51 56 -65 88 108 -13 -76 44 122 -87 -65 -80 80 -18 -46 -106 126 -54 -14 -120 44 118 -81 -123 44 -6 -76 -96 -64 -127 -13 8 -7 -87 -121 -54 28 42 75 -37 -99 -47 -102 -41 58 -117 40 94 44 -107 17 45 -47 55 -125 -67 -4 -100 36 -51 -121 111 -57 3 79 -100 -16 65 10 89 -102 85 11 -15 -23 126 77 76 -71 -6 3 -60 48 13 -35 113 -97 -67 -120 77 -33 33 -112 -65 124 115 -80 31 77 -46 -71 18 53 93 9 81 22 -120 -66 43 -25 65 122 124 -1 115 -15 69 67 83 -70 -98 40 -49 -25 89 -49 88 7 -126 -74 -114 118 -43 -39 -25 -35 -1 14 -65 5 -68 99 -121 -53 -85 -7 -64 114 25 -79 78 94 -20 -27 63 91 -36 52 101 27 67 41 35 115 -35 -127 -60 49 85 -94 -83 5 103 77 -123 -48 -25 -50 -59 114 15 -77 -35 55 -44 39 17 51 -86 -9 79 86 -40 -95 73 -103 -78 38 -77 0 79 -94 108 26 -110 47 71 73 114 -4 31 -119 -22 -87 -34 112 101 -89 89 80 120 8 -88 -94 126 -73 1 -104 8 4 46 91 -111 -119 -44 -4 1 -107 32 -57 0 56 -115 -86 -84 -43 78 -49 -54 -46 -20 74 50 122 -127 108 47 -96 -96 -75 96 -50 64 68 123 83 1 -10 93 112 -56 106 -89 -122 -121 -87 -112 -50 115
-18 29 -11 -59 12 -16 -13 -83 -80 -115 -77 122 108 -91 49 -32 -53 -104 -26 -12 -48 10 105 -50 86 71 -22 45 -43 37 -4 -58 34 -58 -106 -122 -53 58 65 11 -81 -90 75 -128 52 66 -20 100 -12 -108 16 -118 7 31 -17 -34 13 2 119 88 -84 -113 89 79 -76 -51 -77 -88 -108 -84 -32 -116 47 22 52 -119 -17 -84 -73 -67 94 -81 90 21 -66 -95 -15 62 -120 109 -122 77 85 -38 -68 19 1 -121 37 -3 85 -66 -109 12 84 75 -92 0 51 61 -66 37 -113 -45 -77 -82 -94 122 69 124 58 123 -36 -83 102 81 35 16 91 76 97 2 39 -56 -8 127 -5 13 -67 -39 -46 99 15 -7 70 -17 -103 -118 103 -21 -11 34 114 -96 -43 -18 97 -62 47 -54 26 -95 -63 111 109 -91 -35 -62 -11 -50 -119 38 -80 -3 41 56 -37 54 111 22 12 12 113 110 2 -90 102 -1 -122 68 -97 81 -76 17 -53 -38 59 -124 -78 23 84 69 40 -1 -92 -63 52 39 86 126 121 -7 112 12 123 116 -27 96 -75 -100 -51 -86 -75 23 85 -48 22 41 56 -108 89 103 -112 -112 -60 -127 -63 -98 -55 78 -123 17 -6 93 -106 67 -38 106 0 -29 -94 59 122 120 93 -74 -41 -47 -23 48 -75 -72 -90 -22 55 122 23 119 91 -34 -117 7 34 -10 4 41 50 57 -12 29 -34 17 53 39 107 -18 -119 -21 30 -116 -62 51 79 -126 118 10 48 -96 -123 95 -49 -73 -47 -2 101 102 33 63 -6 7 -84 71 -5 78 -31 52 14 97 -81 70 96 80 84 -23 -101 -21 58 -105 -93 100 -36 66 33 17 -128 -33 -79 103 -27 -91 94 82 4 9 32 98 78 12 -128 -104 -83 126 63 31 116 56 -76 -126 6 -45 103 -115 32 -4 -99 56 104 55 -69 10 91 99 -124 31 -121 23 96 -56 45 -112 -11 -116 62 48 -35 65 108 18 -11 86 -102 -103 -56 94 18 74 78 -29 -56 -42 78 -85 -22 13 55 -39 79 -51 44 103 -7 18 -3 -84 -76 -62 -105 -73 -58 -115 93 -70 -72 3 -70 -119 -100 45 93 -16 55 -117 -87 -88 -77 -35 12 126 42 49 -70 -61 68 52 80 120 25 -91 -92 50 -42 -1 126 4 -102 -66 -127 -37 -64 -56 47 -82 57 -45 46 89 -28 56 119 98 85 -95 -50 -60 89 -97 70 104 118 -61 -85 -85 9 78 -72 82 -109 -29 -70 15 99 122 -105 42 -49 -121 -116 107 127 -89 90 25 -71 5 27 -17 35 83 -62 46 -89 55
-113 -52 77 -4 -55 -21 -12 77 -104 -67 119 -11 77 66 -26 113 16 -84 90 81 -105 -109 -55 -117 124 -17 -122 -114 86 -125 -14 -24 17 -46 -109 -38 -68 92 -24 -64 -95 7 114 0 -83 -95 86 16 -123 58 -111 -43 16 60 -49 -11 -81 118 106 97 13 -49 -47 -122 27 -16 6 -59 -108 78 3 36 -19 -48 11 -11 126 49 14 115 -23 -89 45 26 91 107 -48 121 43 8 85 111 94 119 -109 -65 -83 45 -46 -124 112 -68 -128 71 56 46 30 17 -66 -11 -35 -33 -24 -120 124 14 100 60 -46 -35 108 55 -98 -10 -42 -84 -81 -100 46 -109 -43 10 14 107 -116 -116 36 12 -82 -81 -120 96 -97 -41 -111 94 69 -44 109 9 80 97 -101 106 92 -37 89 3 -16 68 33 -30 75 -79 -62 16 75 119 7 19 -7 31 -89 -40 82 112 29 12 -20 -81 28 0 -123 21 69 -71 97 -73 -48 76 -122 -69 -24 -4 -78 -102 15 -18 119 -65 101 -26 -126 117 -114 -104 -107 -44 103 -89 17 -8 -12 25 -83 77 110 -64 25 124 -112 -30 -33 -78 29 -107 -126 -27 -75 -63 -4 44 0 70 -117 -50 -1 14 -23 24 -66 13 -4 65 -115 123 -117 59 0 80 -1 -62 99 -67 -13 91 -62 61 20 -95 56 85 -15 -98 4 -104 27 -41 117 -36 -112 -124 -3 -70 -83 63 64 -103 18 -20 -66 12 -1 -111 116 -102 -104 124 -37 -36 47 -17 28 -97 -85 14 82 -115 -45 44 122 15 -125 -94 -41 46 5 -108 -36 -41 72 -51 101 54 54 -70 25 107 -67 -66 -107 123 51 -46 -114 -67 -111 96 -45 85 103 -22 -94 -100 109 39 62 28 0 -89 68 -57 120 -118 -110 76 -78 -116 -102 -63 -108 -19 -29 -127 -17 62 -124 76 -82 -40 100 102 70 7 -24 85 31 -1 58 61 -61 -61 82 72 -114 60 125 -33 -60 -30 91 -38 88 110 26 -46 -67 48 6 61 -21 26 -65 74 38 22 15 -47 66 -122 101 33 94 83 123 13 -39 -116 -44 -72 58 47 40 -25 120 -83 121 100 23 104 32 -107 48 -2 -113 -108 -114 35 -60 -81 15 -95 127 50 -112 11 32 -80 9 2 101 114 35 112 113 114 37 83 104 -38 -30 30 125 -21 53 53 49 115 -22 -98 -100 109 -71 -79 -86 -119 85 -54 -52 -42 -102 85 -28 -72 14 77 -49 -46 89 -65 5 126 -42 -45 -53 -57 -84 -18 -49 -3 23 -126 83 87 16 51 -41 -53 -6 111 -94 -85 71 82 93 40 63 72 -100 83 -49 -127
43 -17 -82 -37 -92 44 -79 96 -21 59 63 -65 -19 61 -107 -111 108 -126 -45 22 22 39 -93 -44 -70 -119 -16 -114 -72 -115 -117 -101 73 44 32 56 35 46 -44 106 -94 -13 -65 122 -64 86 1 -123 -41 0 103 36 92 5 72 -74 -114 71 16 -45 88 -88 -107 -84 70 56 63 35 -57 -121 125 124 -112 -46 107 -70 14 -29 -4 32 -99 88 109 57 -69 68 64 27 20 -78 68 104 64 126 61 125 110 76 110 50 59 -122 -18 -80 -77 -34 -39 75 -105 -128 -62 31 -33 70 -107 -68 64 22 -123 -30 -101 -96 -123 -90 -18 -110 41 52 -92 -16 127 -114 112 -32 46 -51 -59 51 103 93 60 62 65 21 85 54 -112 -23 -12 -79 -57 94 95 -14 117 -99 -96 58 -60 -6 96 -27 70 72 56 -10 -24 43 -46 114 -13 -48 -89 105 32 -121 66 60 35 -41 38 50 116 -60 -53 -77 17 124 -74 -27 -62 31 -64 91 -26 -70 84 -26 -40 -100 -32 -124 -70 -119 19 -90 14 80 -5 -112 59 -13 -35 33 4 63 -29 12 98 -54 -59 3 54 25 39 68 55 115 -58 -101 122 -102 122 -69 -98 38 121 -56 116 -92 54 1 50 40 3 9 55 64 23 -106 16 24 34 -100 -11 73 -58 104 99 67 -17 -87 96 -90 -87 -99 -19 -56 -90 127 -85 57 -94 36 50 127 -90 -73 75 -52 -111 58 -7 -45 49 -126 108 -39 40 105 -95 9 44 25 122 -74 -110 21 -14 -31 21 63 -101 70 -78 84 23 -32 52 -125 16 103 -82 -90 -116 -21 -96 -71 -53 86 -41 63 -20 -12 103 21 -50 -88 -6 -9 60 1 -10 74 67 121 29 51 -78 74 117 29 107 34 -90 -77 2 -82 35 92 56 -103 24 1 5 103 -37 104 -82 -90 -15 98 -29 -123 -15 -109 105 106 113 -59 -117 87 -97 49 -57 -25 9 76 -79 60 79 64 28 -33 125 111 -28 -97 74 44 -100 -74 -122 -124 11 14 11 -109 -18 124 -104 -94 -31 -96 88 59 -38 108 51 -18 -28 53 -71 -17 -70 -26 -73 -117 -51 51 63 123 68 -28 16 75 -88 -36 -40 -58 -101 -80 16 -63 -40 24 -75 -5 -7 -71 29 -54 7 87 123 99 -10 43 -128 39 16 -15 -22 -53 0 47 123 0 -55 -65 35 70 -91 -96 95 -56 11 101 -29 108 -11 -119 107 -17 -77 -31 37 83 -83 -35 99 97 -28 14 -75 -73 -125 119 -110 -68 21 -16 -66 127 74 104 -125 -1 -89 -20 -20 35 123 123 -88 -105 -28 -23 -25 -26 -56 -86
-112 -117 25 74 -54 47 -21 72 -32 20 68 8 75 50 -50 -104 87 -18 101 -34 -12 -92 97 -13 -14 18 -109 109 -65 -71 -109 -97 56 -6 18 100 4 -118 64 -13 50 47 -74 -50 93 -95 -43 -13 29 -96 8 -102 65 -108 -42 40 -20 126 98 -27 -63 -80 -108 78 1 -120 47 109 -35 27 30 -6 -98 -79 -106 2 -111 -33 -128 78 -94 -53 -65 82 84 -78 -2 -11 -21 35 116 -54 89 -51 127 -127 24 -109 27 123 -103 -22 -106 -101 102 -18 21 -102 -92 -85 48 -121 44 106 109 -122 75 68 -16 57 117 50 13 -34 91 40 39 -99 10 -127 48 53 -120 74 -21 -43 -30 -127 94 38 0 -85 -89 -22 2 73 -7 -100 -76 -112 -4 -55 -83 96 110 -4 116 101 -57 -84 31 53 101 -84 -122 94 -113 60 125 107 -119 -30 12 101 -28 -19 104 67 -71 19 47 -32 -90 -105 62 -99 -65 -109 -32 4 -123 36 -70 -68 59 -11 79 4 44 41 127 8 -61 -115 -65 -128 -100 40 -64 6 21 44 -95 -47 -108 -44 52 22 -112 32 -62 -4 -104 -77 -67 50 57 -14 39 -75 -109 -127 -67 65 -79 16 -94 -112 30 -104 16 71 -54 -78 7 -128 60 44 -19 -53 120 -65 -116 -11 -112 -2 6 95 -105 101 21 -19 -101 -92 127 -53 20 -127 -92 -118 -55 -87 11 -112 60 -40 31 54 114 96 -52 -111 -33 -44 88 -80 -103 32 36 72 -44 123 8 -76 13 -93 -41 6 125 -72 117 -78 59 35 120 44 -106 111 -22 -64 6 -92 -108 -42 -26 53 -48 -56 13 -75 -91 -2 58 -3 91 78 -30 -56 -83 91 98 -13 63 25 103 22 13 -50 -15 36 -74 -94 92 66 -30 113 78 14 -82 -110 -10 60 -95 106 -115 7 -89 -119 -105 53 -51 81 -102 106 66 -76 -46 -70 -77 -124 23 5 1 50 -106 -66 -43 -49 -51 13 24 -2 99 96 -85 -13 -81 -123 -94 55 43 32 117 -29 39 -111 74 104 28 -124 4 21 -43 22 -31 5 -58 29 64 -84 10 122 80 24 -99 126 -79 41 -44 -32 -30 88 -122 69 2 121 2 -58 23 32 -45 47 18 -94 13 74 -120 -100 107 122 -112 98 80 112 -57 42 56 -6 14 -40 -97 -102 -77 65 -127 -115 -119 53 23 20 -63 -24 124 49 -17 117 -12 -33 95 106 -21 -49 -63 -25 69 -46 26 -86 -118 20 -84 24 -114 -33 46 -97 124 -37 84 -123 -100 114 -90 109 -56 -89 -80 45 43 118 -17 50 38 -84 13 -14 -127 -59 67 -30 78 65
28 -68 -41 62 -70 80 -46 -58 50 106 76 88 -75 66 -46 114 -57 -16 -48 37 -1 -124 -108 46 107 17 26 -50 40 -120 -35 -106 -97 -21 -12 -90 -63 121 -19 3 -30 -95 10 90 -120 57 24 -42 86 -5 87 -124 30 98 -106 -107 10 98 -77 63 -36 50 13 -42 5 -107 -46 11 27 25 23 -54 69 -67 49 56 14 -63 92 -102 113 82 90 8 49 121 45 -44 81 49 77 -95 -112 34 -97 -65 82 -115 -52 43 -16 -39 85 -126 64 -54 -31 2 -48 -106 -19 -128 -93 57 -1 -65 -125 -111 -85 84 80 -105 10 106 31 72 -65 -48 94 -57 34 108 -52 -52 -38 -47 -19 10 127 -75 -60 40 119 -60 101 -126 -2 13 37 -47 -2 21 -27 -74 85 -52 -15 47 -75 38 -65 -93 106 -63 98 109 102 69 -54 7 -95 74 -105 -127 109 38 -68 -12 -44 42 -76 90 -9 112 62 98 92 -83 20 -63 73 -108 52 18 -105 5 91 -47 85 -4 -55 71 8 -104 80 -56 -9 -103 84 -76 -40 26 101 -58 -21 30 -9 -119 -67 7 -101 -70 13 -104 36 76 -107 -97 67 125 -128 89 67 50 -36 84 86 -96 -105 13 -70 -86 -117 -60 64 78 40 127 -58 -25 84 -61 -118 -63 96 14 64 -105 -125 114 114 -7 86 111 -43 -82 94 36 7 79 53 -46 92 21 -47 -1 0 102 -2 -87 -18 85 -51 -113 93 -47 -26 50 -119 -27 -37 -16 26 -37 -40 -74 -102 123 -15 -22 -22 -28 23 -37 127 -106 -28 65 23 -85 114 25 23 44 11 -76 88 -110 107 -8 -32 -70 71 11 -96 118 120 74 116 -120 93 -107 -65 37 91 -62 -24 -79 37 -125 70 -111 -115 36 -67 -89 104 -85 124 74 -67 -37 73 -117 -110 -115 -86 -29 -6 70 113 87 31 -88 110 -23 32 58 47 -58 -92 117 -82 -31 -116 -45 28 -121 -40 95 11 38 9 -18 127 102 79 71 -34 -40 -69 -12 34 93 -119 -53 -45 -78 -105 -114 4 -61 -14 64 -48 -98 -109 -66 98 80 73 55 -42 61 -91 -18 107 -32 49 90 22 34 -32 87 -38 75 7 100 -81 -56 -77 30 -34 -4 -69 29 -97 16 65 -1 4 -61 -83 47 -90 -118 66 -78 -83 103 36 93 -90 60 91 72 -107 2 57 -125 49 -75 37 126 42 -123 23 111 -92 -76 -39 108 -74 18 -19 -8 26 -40 110 -6 -23 126 -76 38 -16 -89 -29 111 -112 -75 118 -12 -6 -66 -119 56 33 78 57 18 -79 -52 -104 70 127 -102 103 38 -31 6 -95 117
124 -66 -65 -94 69 -73 78 -42 123 -68 4 112 70 -39 -35 -126 127 4 -120 -47 -41 84 -4 81 63 -75 -47 8 -36 -105 61 -64 35 -122 14 30 8 87 77 104 -37 -96 -80 -100 58 -16 -122 35 34 -24 -109 7 -104 3 -82 17 -95 -56 124 2 -102 53 -86 78 -81 -46 52 7 -6 -33 0 -113 16 79 -55 -88 -118 -79 -16 114 71 -36 -48 -24 -78 -70 41 -95 123 60 90 74 -68 79 -105 -22 -46 -116 83 -96 72 124 97 104 -104 -107 98 87 -110 -79 -40 -33 -58 -75 -5 -89 5 97 -107 -33 -91 60 -121 111 16 -65 43 -122 10 87 5 43 23 -49 91 119 -86 108 51 57 -38 99 99 107 69 -26 -82 -18 82 -102 11 52 -90 64 25 61 28 44 35 54 -102 -37 -75 -11 73 -56 -120 -36 14 40 9 10 4 -24 45 -30 122 -54 -31 -120 45 -48 -92 125 -47 -40 -101 40 111 118 127 -49 93 -14 -42 122 -77 38 -55 -6 27 22 -62 -105 109 102 -5 38 -35 118 -41 -70 62 41 108 51 102 29 -88 -60 -102 22 -69 -125 18 -89 -116 -62 -11 -121 -90 -72 76 32 74 63 -65 -82 1 -36 61 -9 -123 -113 -104 67 122 -15 67 -84 85 56 100 28 -81 -79 59 -4 -24 12 -10 -21 76 121 -49 -13 55 99 94 79 -20 -50 -84 -125 -121 -22 -84 32 78 -99 61 81 -37 118 92 88 -100 78 73 97 -68 45 101 -43 -39 -88 -64 71 4 81 -69 -32 38 -60 -42 31 79 5 103 -76 82 76 -28 32 -118 -71 40 26 -36 6 72 54 -99 70 35 -99 -125 -126 106 -85 -19 107 -86 26 84 125 -8 6 -119 50 -52 86 91 -57 -102 -71 -82 13 -81 -9 28 -119 116 20 -104 12 88 -21 -74 74 -83 -58 -10 11 -70 80 34 -68 68 57 -9 -66 -51 -3 75 27 85 72 5 -34 -57 -37 -65 -19 45 102 85 -9 -55 99 -114 -81 -117 68 95 61 -8 -98 -113 58 120 88 -23 -83 15 28 -82 80 -81 -84 -101 69 -75 78 112 55 52 -98 127 -104 47 -63 -79 -124 -74 110 -123 -64 52 95 35 -116 47 1 -114 116 -46 20 -106 68 -121 13 -4 -67 4 -119 -117 90 96 105 37 76 -89 -121 -28 51 -68 63 82 -32 86 -29 12 16 -25 -119 3 -70 -96 -119 123 113 64 -23 71 100 -98 -32 -28 -51 -42 77 0 5 122 -60 -128 21 -69 38 6 -38 10 -121 -121 106 104 112 30 -115 -55 -57 93 -20 -78 -60 -39 54 -105 76 21 -59
-46 53 10 -35 47 -46 -27 119 120 58 -28 26 -1 56 10 -31 13 -98 -71 0 -58 -90 -70 99 116 -128 -45 119 -27 115 49 112 14 48 -24 -18 8 -80 106 -107 -40 -20 -94 92 32 61 -113 -105 -11 82 94 -88 -9 -125 8 -78 -42 110 4 124 -7 -100 64 24 -35 98 48 42 -41 23 24 -107 1 -59 64 56 13 -85 -117 97 5 90 98 1 51 31 -118 -78 31 -43 69 19 -68 -67 -96 48 54 85 73 -48 41 -23 -76 24 -93 51 -18 -58 -17 3 -22 -89 82 5 118 -46 26 -86 -103 -109 -47 -23 -125 -42 9 123 40 -99 -120 -110 -30 -36 -68 -127 31 94 70 114 -13 -88 -14 32 95 -93 -13 48 117 51 32 70 114 -33 -89 75 100 -72 36 -4 -21 42 -22 -63 -16 75 85 29 -27 91 -111 -64 93 86 -60 -31 -60 111 -51 -76 -21 3 67 -81 61 118 33 -76 -24 111 100 -12 41 14 -14 -62 -3 -70 -74 -14 35 -61 96 -15 95 -1 -116 58 69 46 87 -12 -102 13 16 -114 103 2 42 33 44 32 123 -85 57 -38 55 -7 78 -37 -89 -71 15 -2 -63 -72 96 47 57 37 68 -30 23 -52 -66 50 12 -117 -36 105 -90 90 -63 9 -35 -91 -37 77 -35 -22 -41 -25 17 116 45 -88 -46 -125 15 -93 -78 116 -65 60 33 16 -106 -114 -29 -111 -56 92 11 66 6 -3 -3 -72 -67 105 -125 43 95 122 127 26 -55 1 24 10 18 -74 118 -45 118 95 64 -74 77 124 4 57 16 26 -24 124 78 61 36 56 -110 15 40 -96 -32 -78 43 16 41 -59 -65 -60 -63 -24 -102 -119 21 38 63 44 -94 116 -61 28 -52 24 -4 -64 -83 87 -5 -55 -100 65 116 -66 78 98 -23 -11 -45 68 54 9 -98 46 -16 60 47 -113 21 73 -123 100 5 -49 -11 93 -119 9 57 91 42 39 84 -28 -58 87 -120 -90 117 44 11 35 -32 -13 46 -43 -111 68 41 78 -77 122 77 69 122 117 -80 -93 77 -13 24 -12 118 -83 95 -121 -95 24 -105 -50 -11 -16 -61 91 -73 -53 -53 123 -21 68 -80 -48 89 -84 57 -83 -122 53 46 -128 -50 79 23 -89 -112 127 29 -78 53 -125 4 30 5 127 -71 110 -1 105 -30 -81 20 -46 -30 -100 47 -89 -85 74 90 -117 -54 97 -102 124 -70 41 35 -15 -114 -37 -117 97 85 -107 65 -40 -123 112 -55 115 -8 44 62 38 -110 -24 -52 -16 47 -83 118 45 -101 90 -115 10 50 -74 -122 -7 41 -57
-94 115 89 -69 -28 -108 38 95 56 -17 3 -30 -122 21 76 39 -119 -116 92 111 50 46 36 -120 -22 -28 9 -107 77 -111 -70 82 -1 89 16 -25 25 90 -104 -8 74 11 115 -93 45 1 13 -73 -3 -9 88 -84 80 -78 -5 82 86 126 -111 43 44 -36 20 22 -81 94 -121 29 -103 28 13 -65 11 36 -106 -53 -82 30 72 -43 119 -103 30 -80 -111 -33 -12 113 -43 84 9 -127 96 43 -85 -3 -47 83 -98 -15 34 -98 36 111 -56 -122 64 118 16 -101 76 -54 1 -31 -23 0 67 -106 -21 52 84 -31 -20 -90 55 -45 86 76 58 70 98 -81 -85 -50 -125 42 -12 77 -75 -3 -110 -7 21 -5 -78 115 85 58 15 -55 -40 52 -98 -21 -26 53 58 26 -83 -128 66 115 -74 91 18 -63 -61 -8 -71 70 5 104 -86 -18 -16 106 -6 -30 9 -31 -78 28 -105 -3 74 66 98 -2 107 104 91 29 63 -62 -95 28 -24 -39 -106 -124 58 15 -25 -44 -14 -50 -57 120 -1 -121 -81 92 -77 -30 -44 32 58 81 83 -45 19 -32 -2 24 89 97 -88 -58 29 -72 119 -31 -4 -112 -8 -79 30 -7 -22 54 -128 -125 -72 -95 -39 -60 44 12 0 -3 93 -72 27 1 -31 74 90 -124 -1 82 -59 1 -60 55 -113 -38 108 -23 5 -114 -75 34 -37 -22 83 -112 80 51 46 120 101 -12 -104 -98 -66 24 103 -76 86 31 -1 79 120 -75 75 18 66 -110 -4 -108 33 100 2 90 -49 -49 60 -79 21 96 -85 -34 39 63 -91 -113 18 -18 -15 -1 -119 102 -3 -111 -84 -71 75 0 101 -113 118 -104 -47 -63 -38 6 -19 -107 -61 -24 -59 -97 49 108 -1 -43 -95 50 -50 11 39 127 -77 -72 68 -45 -16 49 -42 -11 -99 64 -41 66 -126 39 75 110 28 -125 -106 -97 -68 61 -19 -16 33 -20 -1 -26 69 65 -2 -4 127 38 48 109 44 -103 -12 76 1 94 88 64 44 -66 24 -121 34 -54 93 -27 -59 -96 -13 -78 6 -80 -34 -101 -88 -108 -45 117 -23 17 -122 108 -38 109 0 30 -12 -66 39 -87 -102 70 -55 42 126 50 -122 -34 -113 103 -83 70 -111 13 -119 7 -73 -118 -26 40 -50 95 -63 -31 31 -28 -12 -116 -107 -37 -53 -83 72 -77 -56 -84 -107 55 119 -10 -70 -62 -19 24 66 48 82 -126 87 75 95 -32 62 64 17 57 85 -94 41 52 126 -7 -4 -68 114 -36 0 -68 52 -102 -49 -126 96 -22 10 98 68 -113 -45 -31 104 37 -114 -72
-124 24 52 -110 -123 66 55 100 -19 50 -73 -118 -28 -60 -91 9 80 -79 -79 85 -110 -118 -35 -125 70 -32 32 21 100 -92 61 72 43 35 -120 -96 -61 -1 62 67 125 39 -56 13 -45 -48 -98 122 -68 126 -56 42 125 28 54 101 11 -18 21 124 8 84 -74 -49 73 43 47 -79 -49 -12 -45 -91 126 -45 102 -95 3 28 -85 112 4 8 79 97 -91 85 70 -9 -39 14 118 -38 -12 10 4 -96 -114 21 122 -99 121 -21 -48 30 1 112 64 -90 44 -104 -40 69 -25 -97 -98 -53 -20 -21 81 88 26 -5 -106 -60 -69 -16 34 16 55 -74 4 55 111 30 -16 -43 122 97 26 -91 63 37 30 -41 -39 -25 -20 -39 -35 27 -39 -58 126 38 82 -70 66 38 -41 -16 111 -41 -69 41 -34 -127 -68 105 3 44 101 14 89 67 -24 -79 -103 -50 64 -119 36 -44 -76 61 -113 58 55 109 112 78 109 -105 -70 92 112 5 -28 91 85 -37 -31 47 49 9 -58 -6 -34 -112 -12 70 -62 -102 -86 112 72 -94 -105 -25 48 -13 120 -86 -80 -87 80 -126 12 -83 -44 -92 100 86 -112 -69 -98 122 103 82 71 -52 113 0 -64 0 -70 -40 -79 -38 38 -116 40 -101 68 -102 -65 -15 104 -48 -52 126 -56 -84 -90 45 84 -86 -22 45 -1 -98 37 46 54 -117 -110 -52 -37 86 -35 -31 -53 -24 12 76 -13 85 -7 40 -52 -22 112 -51 -48 67 -61 126 -102 9 10 121 -19 -106 -28 -85 -22 -92 -69 -127 -11 80 75 -86 108 4 -42 22 36 -43 1 -3 99 121 29 84 33 -73 17 43 15 -47 -57 -123 -118 -45 73 -66 -39 -9 50 75 64 107 71 -78 -45 -67 -123 -88 -34 -73 -71 -21 -68 -106 -23 -2 125 -64 -116 109 64 73 -56 20 57 14 -65 -56 102 -48 107 -114 -80 -103 -28 87 18 -95 117 79 -112 -54 -95 -98 6 -19 -42 91 -51 27 65 66 -24 8 125 51 10 97 -28 -31 110 68 -57 5 92 -27 -79 -79 59 29 41 53 -99 7 -63 13 -33 -121 -79 -51 94 12 -8 55 -37 97 -46 121 -124 -71 94 -115 73 108 -83 103 95 31 -92 60 -118 -127 98 118 127 120 -15 -83 26 -100 -70 -88 -86 79 53 32 -1 3 114 40 48 94 114 -43 -1 -48 -80 4 -55 69 -57 -111 17 117 -41 93 24 -85 54 86 -44 -5 72 34 3 -63 27 -72 -7 -84 -125 -2 10 -96 -34 -98 -74 -77 -79 15 -48 35 5 -76 -63 -43 92 -98 -123 78 15 14
15 81 119 82 -88 -101 87 -116 104 -2 40 13 -79 38 117 -108 6 -118 -61 -3 -80 -65 -38 120 84 -110 -114 77 -115 125 -95 -113 0 6 70 64 -105 -7 101 44 53 77 -111 17 70 -8 -81 -9 -96 44 -53 -36 -5 94 -45 63 107 117 -85 14 -66 30 -112 -11 -99 65 -96 33 125 -90 -66 31 106 115 114 -57 -41 125 -122 113 -53 -122 93 -79 63 -5 -25 49 -33 -85 115 0 114 97 127 127 79 -119 -35 -69 69 44 30 93 115 -123 56 -53 10 22 -117 64 75 46 -77 85 -50 -40 28 -103 126 -28 -17 -124 -60 -63 -113 4 43 108 62 -28 -124 -128 45 55 39 -87 91 -76 -98 -76 -118 -98 -79 -73 -2 114 65 -13 -83 27 -56 -28 38 -37 105 21 88 -3 109 -61 -121 68 -51 94 14 -29 118 33 76 117 -98 -95 -43 124 -94 93 116 35 8 -123 -74 -37 65 -33 -110 -56 -75 -97 -48 24 12 105 74 -60 -52 45 46 30 49 -7 -98 91 49 -3 -60 101 11 70 41 -39 78 2 -105 95 109 65 19 -29 -109 -1 87 117 -105 2 -31 13 -67 101 65 -57 65 23 54 74 114 111 3 118 32 -17 19 31 -42 64 -80 64 10 35 119 -58 7 42 -14 57 -80 121 47 -94 -104 -99 99 93 -48 -25 -127 -86 -65 112 -78 101 -100 -59 -8 64 -97 -27 -64 -108 -71 -68 -54 67 -28 -28 16 -48 -52 96 5 75 70 15 117 47 74 29 50 0 -17 71 -65 111 -58 36 41 113 -33 -7 -111 -128 102 -123 105 65 18 73 13 105 105 93 10 -60 -54 70 4 -89 22 97 33 25 47 -15 -91 16 -41 48 94 4 30 116 -85 77 79 32 43 85 -40 -119 40 106 106 -55 -13 20 -21 -71 25 86 -120 -106 43 -32 -92 -63 14 -42 -17 101 97 -99 77 -2 -19 126 49 9 -85 48 -127 71 -101 58 -63 47 105 -35 -33 -17 50 91 76 -101 58 -98 -99 0 -34 -33 74 98 -64 -6 -69 -26 115 98 94 -105 -73 -98 -75 91 -85 59 -115 -98 21 -49 -90 -71 109 116 121 -27 -39 -102 -4 98 27 57 -100 100 72 -123 -63 2 -34 -85 126 96 -42 52 91 -22 -47 -44 -82 -42 -24 -36 2 40 -71 -84 112 -74 43 -48 86 -60 -62 -14 108 -62 -82 58 -102 -107 18 28 -117 10 46 92 -45 112 -124 -127 -45 -99 21 23 -13 -28 35 51 -106 -64 -106 -85 80 114 124 -48 -28 -14 -101 -84 -39 -9 42 -51 -89 -105 63 40 -18 89 -28 31
-99 7 -26 -70 -22 74 8 -32 37 6 -11 72 91 85 -118 57 -51 -37 -79 15 -66 48 9 -80 93 -105 -35 107 29 -115 117 56 14 -56 -29 112 -118 9 103 -101 64 86 65 79 2 -84 -27 120 -58 99 35 -64 -64 20 -9 -19 61 -39 89 126 -87 -58 50 -97 -59 116 76 83 -47 35 -41 -67 -101 127 -8 7 -61 -96 -120 43 98 86 48 3 65 -84 -41 66 -55 -71 121 33 21 -116 99 -115 38 -64 -22 59 114 -75 5 -16 -71 53 -79 -101 -101 41 -95 87 72 58 58 -127 -106 -47 -20 -123 108 -72 23 39 -5 80 90 -96 121 -122 126 -47 42 -35 -3 -80 38 53 -44 17 92 -48 -32 -102 95 -13 -124 -78 -69 65 54 52 112 53 69 47 -36 91 100 -18 4 -43 -70 99 118 -20 -51 123 -65 -1 21 -64 -94 110 -54 -82 -103 70 -13 83 51 -125 -42 116 45 116 10 -34 78 105 3 14 -47 -29 66 -1 14 -122 82 72 96 101 119 -84 -126 -20 23 63 -7 78 96 -123 -41 117 -72 58 64 111 -61 -11 93 0 -71 98 -37 -47 -39 54 -127 84 -91 31 -26 86 97 -93 -18 65 28 -69 36 22 -38 -3 27 81 -3 100 22 0 64 -5 -46 -75 -51 71 -69 -79 81 -103 -125 -128 -86 -93 -97 -74 -47 -100 -71 11 46 50 -85 -50 89 18 -123 -118 14 -55 48 30 58 113 -105 22 25 -56 89 112 22 117 105 -108 80 -122 -16 65 7 -122 4 -24 -56 92 -111 77 10 -7 -50 -15 113 27 -7 72 32 -118 -21 116 7 -53 63 61 1 34 -88 126 106 115 -78 36 -81 4 -78 -114 -37 -67 121 40 -10 -18 82 -104 -31 68 -127 -117 35 90 36 123 -96 -63 56 88 30 75 -77 57 -73 -65 -83 49 -45 100 30 -84 40 -11 -19 -27 92 87 50 44 44 45 6 99 -68 -42 -62 -53 -4 90 -71 -5 -38 9 -58 -50 -16 -113 49 102 -74 106 69 63 77 32 -78 10 84 -75 -84 -34 -92 77 83 82 37 -55 64 -8 62 28 -30 73 -50 -54 -86 86 -113 105 -78 31 54 118 -40 60 -128 100 -72 35 33 -55 -39 124 -80 51 38 65 52 18 41 121 87 117 103 11 -19 -42 36 -109 83 21 19 -16 2 -9 -58 -18 -110 -30 32 -54 17 101 76 63 -95 58 37 -79 -73 -50 -73 -69 71 -107 78 -118 27 -106 95 -17 72 90 -55 -46 121 -37 81 -11 -78 -56 113 0 38 88 99 -39 -128 37 126 -34 -116 -36 -67 73 -46 -5
-53 119 -90 13 64 -11 -100 -17 -32 -90 106 -42 -126 110 -107 71 -80 -120 83 15 71 80 28 -85 -88 40 79 -60 95 50 -75 106 -95 -66 -10 -48 -55 -13 101 -77 -14 -83 -125 58 5 -110 -86 -107 103 -77 -85 5 104 29 -123 -82 -3 -73 -71 3 -25 -90 -1 -105 -34 48 23 80 -9 -113 -102 108 92 -38 -47 -95 -82 -94 118 34 -102 -82 87 -12 -78 -46 -100 -103 -92 -38 74 91 12 91 0 -33 -19 -41 4 8 -39 16 -94 103 -18 -55 -120 -72 15 -74 18 -23 82 116 7 -38 -93 46 50 -84 99 -88 -47 -116 -28 -115 -75 -123 -121 -87 87 8 122 43 -58 -85 -116 49 115 -25 -69 4 -9 65 3 -44 -66 112 89 10 -85 120 79 -57 -45 -4 115 -60 118 86 -50 -78 70 -67 88 -100 -32 3 -24 30 -63 9 25 35 7 72 -12 47 71 -68 65 -106 19 -108 83 -103 100 -70 70 -104 114 -14 71 27 110 87 126 118 26 -17 29 -97 -11 15 84 121 97 -24 61 59 -11 -99 67 16 -42 32 -82 -88 51 -5 9 25 32 17 24 -86 109 80 -49 1 -105 39 -92 93 -28 -28 47 124 52 -93 117 55 82 59 -43 -82 -128 -2 121 67 -45 -91 -116 -34 -52 39 -26 -73 -30 79 63 -76 -126 36 -42 111 -98 -29 -62 3 14 -15 56 113 -66 22 -38 91 118 49 -13 3 67 -1 -122 -65 105 4 109 97 10 -77 49 99 -37 89 118 -108 -78 -58 -90 28 62 -3 -71 -95 -77 -122 -36 121 -22 41 54 104 -39 17 -116 55 -5 -113 -9 126 -88 -128 74 -70 10 108 39 -119 -53 13 -77 -62 -26 -17 125 105 -120 -37 22 -27 -8 106 6 -63 99 92 -47 -29 -106 -34 8 5 -85 77 41 -12 -35 90 31 87 86 -21 19 -25 31 -69 68 124 -93 32 -111 -101 38 -21 -42 -19 88 -56 -78 92 13 -128 -73 51 -82 -24 -67 1 100 -71 -111 -37 -21 -79 -39 -9 63 57 -87 84 -117 36 16 -118 56 69 -48 -86 48 -55 -7 -7 45 106 -8 55 -117 -89 -95 87 -71 41 -13 -67 61 110 -48 -6 37 -74 -48 -69 -51 -83 -26 -97 33 -119 4 -110 65 -13 -30 -52 90 -58 77 -97 -8 -11 106 -82 111 58 -62 -93 -15 -36 -17 -90 66 -111 64 -58 50 1 54 -31 113 -41 110 66 -116 57 -81 -120 -110 -116 114 -16 -105 -93 21 126 46 23 112 107 36 56 88 70 31 41 -110 -28 -42 58 56 94 51 -81 65 -107 61 -105 -118 64 -20 44
112 47 108 35 -64 7 -100 -70 -126 62 -28 -6 69 -23 -128 -5 -112 12 11 17 16 64 -124 87 -27 -51 91 -36 -112 -103 36 48 92 -111 -114 -83 -110 35 127 -65 118 39 -32 60 -57 -52 -72 98 38 21 102 -83 82 24 -37 50 82 56 34 -119 2 -38 119 -60 96 -13 -67 -103 66 125 46 31 121 -40 -15 38 96 121 -22 -30 50 -9 -29 -52 -47 121 -3 85 104 -36 -4 81 -62 -88 100 7 39 -114 -126 79 15 21 90 92 106 -7 13 77 -24 78 99 4 -80 8 -92 8 -65 -96 111 -15 -108 -38 -79 -26 -42 -25 117 -73 27 -95 65 -26 -73 91 63 70 -107 -71 -59 28 17 41 55 75 -105 -97 9 -120 -15 82 44 83 -26 33 113 -100 105 10 -26 -50 -20 -57 -91 102 3 91 11 15 81 72 25 -106 25 -16 -28 106 -126 -122 -58 -124 -22 -41 52 -45 -116 111 93 -69 -2 -101 95 -59 -54 -110 -2 -78 94 -31 101 77 23 -24 92 -60 -4 29 90 -105 -47 59 0 5 2 84 123 -12 -119 98 112 31 54 -70 -18 100 67 -66 107 -55 35 -121 66 66 -76 67 91 -35 -2 -118 -8 2 -3 -113 94 -54 -106 -120 104 -66 67 5 -100 48 -107 -9 49 -67 -99 -26 73 -7 -123 77 100 36 -9 -88 -36 116 47 101 50 9 12 75 -34 114 -37 -14 16 -56 -15 33 -46 125 121 13 123 -122 64 -8 108 -20 -123 8 -54 102 -31 -98 51 -126 -92 -13 -17 56 -56 -98 -53 -77 -118 115 -118 53 48 22 64 42 -8 47 15 -22 -20 -54 -61 81 127 85 -14 -124 52 -43 -55 62 -82 75 -52 -124 -25 -31 -19 53 -67 82 97 127 -119 2 8 -44 -69 -73 -50 44 120 51 106 126 96 12 121 -32 -102 1 -27 48 -11 79 -5 48 -86 -84 33 6 86 29 -31 -128 -75 85 -64 -15 107 12 108 -31 -104 7 -67 -52 -25 -86 -93 -126 121 13 -2 -125 -47 105 76 -32 50 112 118 56 61 30 78 -71 24 -42 39 -36 -14 -12 31 99 48 7 -44 -77 -19 -71 48 113 -95 121 -57 44 18 -29 27 -14 -24 -43 75 75 -108 5 95 -85 76 -89 110 -93 0 49 84 -24 11 -71 123 -62 -28 -8 68 46 30 92 23 -32 42 64 30 -126 46 35 73 35 -31 -98 -1 79 37 -65 107 -62 -9 -46 -54 -91 -88 -9 -126 42 63 82 72 29 -25 68 58 86 25 -10 -29 -123 -53 9 9 73 -114 77 95 10 -59 51 65 22 63 -10 67 -58
114 -100 -20 117 24 -103 -71 31 -121 -120 40 74 -1 22 103 -58 -51 -31 116 -13 -98 85 42 -40 -2 27 -9 121 -52 19 64 99 -97 127 -124 -30 -10 -11 -78 -56 -60 -91 -91 -74 -51 -29 108 -110 45 36 16 -26 -119 29 42 85 43 45 -14 123 17 -58 99 54 13 -63 -58 80 49 -89 6 -128 -116 -13 13 -65 19 98 102 97 2 2 15 -102 -63 -74 -88 -35 110 77 -96 7 115 123 -74 -5 60 -55 118 120 -73 25 -117 18 106 -55 26 23 51 -31 -95 -73 15 15 79 100 -19 13 -49 -55 85 -77 -6 -51 120 -38 -113 107 74 12 -17 45 31 41 5 -56 -47 4 -101 -109 -9 -55 3 -106 87 -110 107 -85 -62 -71 90 52 11 -38 87 -104 -50 -21 -18 81 70 82 101 50 -52 107 98 -76 -36 -98 -7 121 -12 -24 -31 -77 -2 84 -11 121 13 -117 -128 45 118 49 -128 115 -102 55 97 -55 59 28 -34 62 23 -44 6 -21 41 56 36 -81 -65 102 11 -114 6 117 116 -125 -24 85 77 -96 71 32 -111 0 -76 -38 13 56 45 -25 -104 124 -81 2 105 -31 111 23 55 95 42 -58 59 12 -107 -5 78 72 5 -14 52 -6 -24 -101 -45 14 100 23 -89 30 35 -15 117 -11 -105 100 29 -74 -29 -97 -82 -59 -28 -19 90 -96 27 108 -76 51 -94 95 -72 -53 -82 -44 -106 113 125 8 -82 -73 -21 36 26 -60 -55 -9 -46 -127 -127 54 -41 -55 32 46 75 17 92 -30 113 -43 -82 -69 29 -68 41 7 93 -33 96 15 95 71 -118 13 28 93 52 89 -13 -122 104 56 117 30 122 97 -92 -7 -77 25 64 -95 -64 -99 71 83 -38 -50 -67 15 -9 37 -64 -29 55 -66 -75 -127 29 -49 71 -20 -89 -114 39 -115 -68 -51 -84 87 -84 -53 85 76 13 -23 70 78 49 -3 -104 -101 -53 17 13 -39 90 77 -42 49 79 -43 -87 -72 126 115 -22 3 115 -27 89 -94 85 21 48 2 11 -57 120 71 -21 65 112 -118 -89 -24 -1 -53 -102 27 -91 92 -112 -89 30 -72 10 35 -98 -7 -45 92 27 103 44 107 47 -1 -69 36 4 56 -55 -28 109 41 107 39 67 21 24 -32 46 99 8 56 -7 -24 56 -87 6 -31 -122 127 -85 -114 -90 111 36 -120 7 -36 -92 33 13 50 79 51 102 91 24 14 1 24 -80 -67 -93 124 -122 -100 6 -59 -60 -110 -113 57 16 37 -88 -31 121 110 -71 -34 -79 47 77 70 111 -25 14 54 50 30
-75 72 2 15 -126 85 -58 81 -100 -54 -26 -20 62 -101 102 -119 43 92 -53 49 40 109 -14 2 -1 5 -26 -76 38 17 77 19 -63 125 53 30 18 -40 50 98 -70 -7 -82 86 80 -93 -64 32 -84 124 66 52 72 -23 14 -72 64 9 113 53 -88 -111 -3 48 -30 -78 -79 -82 -23 -72 71 -65 -127 -103 84 64 -89 29 10 67 -104 -97 38 -98 -118 -4 -3 27 46 12 15 -56 -50 -85 -16 83 -88 70 -30 -106 54 105 -61 -73 -33 45 -40 -105 -4 -1 75 -94 46 6 54 -68 67 -122 -73 -24 -12 -84 60 -124 15 -22 78 30 58 36 -112 82 -48 -20 111 -122 -115 13 35 -113 22 -103 -83 -13 -77 -19 -108 -125 69 34 -126 114 -52 -67 36 -38 -70 15 -24 -119 -31 111 40 -69 -83 -36 -12 53 -100 54 118 -60 -34 90 -104 -85 -83 9 -4 124 111 -102 -105 -24 72 -42 9 89 60 -89 -127 -62 43 -77 -66 31 51 56 118 32 61 -69 105 -47 17 -5 2 -2 120 -1 -107 7 -79 -86 -63 -15 -85 41 87 -56 107 36 5 -23 -35 -122 -102 -75 14 -15 -88 33 -30 77 -24 103 -84 -69 -40 -58 -46 -28 53 -69 8 26 49 -27 9 112 114 112 93 -54 -8 -101 -34 -99 -124 64 -106 -73 -23 -44 26 25 -121 117 -73 45 109 18 96 -23 48 -27 29 6 -40 -31 57 10 -88 -56 98 77 49 95 12 4 25 89 44 -64 92 -97 -79 17 125 -128 -34 -62 -44 -41 -63 -67 -65 -68 126 13 23 45 -4 19 75 55 -2 100 -44 -35 106 111 -80 -27 -58 102 41 -78 40 -42 -97 -55 57 -48 45 32 70 -23 -55 -96 -52 -72 94 84 -21 66 -40 6 -59 92 7 116 63 11 -128 -26 -17 -38 -9 -78 48 39 82 86 24 101 -87 84 -10 -111 35 15 -106 -58 80 -100 115 -73 -8 -128 73 47 -81 85 -11 78 18 105 0 64 13 -63 -105 -95 -81 -43 -39 -8 -64 -34 6 36 24 -114 29 -14 -80 101 -110 41 -77 26 11 93 57 13 65 3 -106 -111 59 15 40 -45 30 65 -125 -57 -91 109 44 -32 56 -120 -3 113 -85 45 78 75 56 -2 5 54 100 95 -36 -85 -79 -118 109 112 -119 -82 -6 -90 70 82 -74 9 60 -71 -13 54 -106 -32 -59 -119 52 -52 110 45 48 -70 -83 116 104 -26 62 -103 96 35 -32 101 -17 115 -88 -69 11 39 29 65 103 81 -49 116 16 5 111 48 38 -128 126 9 -86 -63 10 8 -54 -79 15 110
118 -23 -19 -103 -13 -55 102 -33 -97 -56 -59 33 -24 -61 -117 63 78 67 -20 -40 83 9 50 80 -124 -55 -24 -57 -15 60 -83 98 57 -107 -68 85 61 112 -75 -120 -48 -66 80 -114 -26 32 77 17 33 83 68 96 4 -46 41 -35 -117 22 73 -9 -45 10 51 -57 117 -26 -52 13 -97 71 -104 29 109 27 92 14 11 114 -34 91 -108 -92 -15 67 -113 -112 -84 64 -72 34 -67 70 -28 100 67 -46 74 82 1 -73 83 -75 124 113 -58 115 81 53 -109 -50 51 121 -115 56 15 31 58 -64 34 107 64 -17 95 88 -14 -90 74 -103 45 -118 -111 -70 53 15 -55 5 -105 -32 -57 -41 17 -79 -109 1 113 82 95 111 77 83 72 -127 -37 -70 48 21 58 89 -16 -94 -45 53 8 -43 -123 -127 37 -93 63 -25 46 31 -84 28 -103 29 31 -34 -95 -76 34 -103 -36 -93 -1 127 -95 116 -79 -33 -30 19 -40 50 112 118 -107 -62 68 48 -115 53 -107 36 105 26 126 34 106 -8 61 -75 99 -116 -86 123 108 -59 -128 -14 34 -123 87 -76 127 67 97 -3 9 -75 -49 -124 -37 -61 127 25 -91 31 45 -67 -4 105 16 28 -87 -94 72 -5 66 90 -55 0 -41 110 -13 -39 116 112 -99 32 -121 79 -33 38 -123 112 -32 -98 -4 -60 61 74 -85 114 33 -55 34 23 54 -81 2 117 81 -74 107 -118 50 52 -2 -95 82 42 -103 -115 -24 113 -43 -119 38 20 -40 -97 116 118 30 89 84 73 -39 -109 111 -102 44 78 115 38 -116 68 -70 -108 -83 -8 71 51 18 -76 38 55 15 59 42 -96 107 -103 123 -83 76 96 -79 -93 35 -112 -80 -49 -84 -90 39 2 -116 81 -30 -13 13 -85 -107 -45 -70 -74 65 96 127 15 71 -89 10 11 -105 -101 69 -1 28 -68 -20 43 -46 -87 -25 -115 -39 64 -71 106 -80 0 -93 -38 -6 47 119 -20 77 69 86 -6 -68 -52 58 18 -90 -2 -31 0 -9 -69 -92 27 2 62 63 -17 -60 -127 -10 38 -25 -8 -65 71 -47 -117 65 -30 110 -121 55 5 -56 20 72 49 115 18 -73 -32 45 -55 73 -98 106 -124 88 103 -10 9 -60 -52 118 -27 99 -4 74 87 54 22 -62 -50 -24 9 -124 110 -104 -59 18 -39 30 12 -45 -88 121 -111 66 106 -59 38 114 53 12 -15 77 -74 59 65 91 -66 24 55 29 75 -123 90 14 76 -31 -88 72 89 110 2 20 -5 5 -39 -97 4 -23 -81 117 93 -79 -16 16 19
115 -101 13 -112 -93 100 87 -78 56 60 19 -43 81 65 -114 59 37 86 -12 -82 108 -30 33 40 111 76 87 33 -97 58 -3 117 -68 -69 91 12 95 84 80 51 -91 40 -6 -115 -20 3 -125 -59 -85 -32 108 77 -125 -60 -33 101 38 76 81 -78 -63 4 86 20 97 24 90 -102 -88 -83 -56 105 -109 8 -59 -96 77 -10 -44 -126 68 -9 -42 -108 -54 -85 -109 7 -87 -62 49 17 76 99 103 120 57 123 68 31 86 70 73 -23 -122 111 -84 -124 -79 -106 -85 68 18 48 -71 69 114 42 95 68 -100 24 82 70 66 -39 -72 1 82 -76 -17 -3 109 126 -67 67 -81 60 -122 46 -94 -121 -66 -115 -41 43 -28 -81 -104 122 -22 -1 103 -58 96 90 0 118 15 91 74 -119 -52 7 70 -115 -2 65 22 105 -126 -101 -71 119 -47 -30 -33 -22 46 -29 53 -115 -100 68 -69 76 26 110 5 41 79 36 -67 126 88 -29 -6 111 -121 -114 4 -54 -110 51 -96 -128 -109 98 116 76 21 -76 111 76 1 -106 19 -96 -106 -91 111 -29 37 -128 -71 -105 4 -100 120 -37 14 22 -5 -97 -121 -35 -98 77 -95 18 -70 -20 35 16 65 -21 -4 3 34 16 -73 -122 63 62 95 -61 -58 67 -53 -91 -69 -40 -72 -10 -105 91 95 -10 -93 80 -80 -84 18 53 -54 68 -121 -117 94 44 -121 -10 84 90 -5 2 29 78 114 94 -90 -82 6 87 -125 100 -1 -42 69 -45 118 49 64 -5 98 104 -62 -116 -128 -123 50 36 74 61 95 21 20 73 -18 -73 -120 -115 -17 -102 -79 -58 53 71 -74 34 -34 -99 -47 -26 69 -53 118 -109 -50 -56 -6 80 -15 -42 100 61 -92 -91 -14 -84 31 -86 78 -26 -26 25 -39 79 -38 70 -121 -79 -85 -127 76 68 98 80 54 -121 89 110 90 60 -32 79 97 -77 -34 71 -94 -33 -92 106 65 -95 -104 -53 122 9 -68 -48 -19 -25 39 -49 61 49 -39 -107 -95 58 75 -105 28 -113 -43 60 26 109 48 -64 -30 119 -15 50 45 97 22 -110 65 -108 -91 35 80 -87 -85 -31 98 -112 73 1 -127 2 -90 36 15 108 48 72 4 66 15 37 -33 25 -11 -108 -57 45 89 -93 -30 -64 46 -53 -116 44 -80 -35 -73 -96 -107 70 -59 -52 -126 -76 -17 -97 93 87 99 62 23 16 114 39 -7 44 6 -97 -63 50 -128 21 18 -97 -4 -102 -114 -40 -11 112 75 -122 19 60 -17 90 79 -96 119 -95 39 -105 56 -60 78 58 34 29
47 -62 -86 -95 -118 -39 49 41 -65 26 126 -63 -81 35 55 63 56 89 107 -40 -118 94 96 59 25 50 -72 97 62 -89 -126 -7 -40 64 103 64 -95 36 15 125 -32 -23 -121 104 109 -13 77 -26 -65 41 48 -52 19 10 104 -92 -78 39 -88 7 105 -82 -70 -112 119 -108 20 -92 -15 -76 -64 -93 -89 -86 -99 -88 -24 -24 86 -61 -11 -56 -116 10 -68 -57 -13 44 -45 6 111 56 50 -118 -57 10 -77 42 83 -2 39 81 -14 23 72 -68 -69 94 -78 104 -17 -123 -112 83 -9 -27 125 88 -8 -12 -33 -53 85 61 -103 117 102 -107 32 -46 100 -65 -35 -19 119 -56 -73 12 73 126 -75 -113 -124 -70 -59 -5 -101 -126 117 102 15 31 -10 -47 126 -8 34 113 -101 59 -64 8 11 55 -7 -112 31 8 -109 -119 18 85 -21 -115 106 127 -29 85 47 122 44 109 -93 52 79 -113 -108 -115 23 119 127 -93 -108 24 54 19 53 29 -33 3 3 121 29 39 3 -111 67 13 111 -72 -2 84 14 31 -36 -66 -12 125 69 48 50 -25 -42 6 -44 -1 121 98 -116 117 37 -46 -58 -23 50 40 -89 44 41 107 27 89 -21 114 -86 -31 -11 -76 25 62 40 15 100 -58 97 60 -49 -23 102 118 -89 -101 -115 84 71 10 -15 112 93 117 43 42 51 100 -105 -125 -102 -127 -42 -116 60 46 66 4 88 -54 122 37 9 -9 -80 -11 -48 58 108 -6 109 56 97 -88 -47 -70 -85 76 26 -118 -49 123 -78 41 66 -81 -96 95 25 -105 73 -56 -3 78 -16 72 -53 -85 3 -92 91 16 99 -9 -91 -89 21 17 -14 109 -53 87 2 -8 28 -1 32 60 47 28 70 -73 -39 9 -57 -97 -45 -73 117 54 -60 -21 32 -50 -113 -103 -52 29 -81 86 -91 12 -10 47 -53 122 -92 -101 40 87 -18 19 -114 -95 44 -70 66 -113 48 -33 62 2 10 92 -31 -40 83 39 -64 -58 -17 -115 -106 -8 97 -19 48 -88 14 98 14 83 -111 60 -96 52 -11 60 17 103 -26 24 90 -108 -109 -119 60 10 -57 126 -76 88 -29 3 19 -51 99 74 -51 -47 -73 -118 -46 56 -15 -125 14 35 -33 87 -67 11 28 4 -75 40 -29 -108 0 -113 -59 -33 -37 53 -17 -1 11 -72 -17 16 -74 16 -90 61 -38 -28 -124 19 83 70 -128 107 -61 14 -80 -29 -115 127 23 -128 127 -84 46 101 36 120 -11 68 67 -68 100 62 -23 20 115 74 93 84 106 -39 97 -101 -85 -81 -27 -40
-14 43 -60 117 11 -115 -127 -126 78 -54 -57 49 73 121 -75 35 85 -18 38 80 127 -37 54 -13 -109 -85 13 98 4 122 -12 -51 57 62 92 9 -64 36 -118 -50 -66 50 51 -64 -32 -9 30 -109 -16 -28 -84 -81 -82 -97 68 44 0 -121 111 85 86 -124 -126 75 -103 -32 -82 25 -33 -105 62 122 104 -8 112 15 -49 58 -125 8 41 100 -33 68 104 -9 16 12 115 24 -79 52 82 -74 69 112 87 33 -21 -116 18 103 -4 114 123 38 52 -109 75 -45 44 41 -79 93 8 -26 -92 125 -105 77 103 -17 37 23 69 109 -62 101 88 124 -42 69 -75 -56 99 -74 -104 -126 125 109 -98 -107 43 -80 -12 9 84 115 102 -28 45 62 -101 -50 82 -90 82 -84 -17 -100 116 73 -36 -82 70 18 -74 -71 -123 88 46 -108 -21 4 5 102 -117 79 -8 34 -113 9 -23 -19 -96 -118 27 23 68 -63 -73 41 -117 85 39 -88 8 51 -87 -9 -4 -98 -45 -71 76 68 -105 -68 -87 11 -38 96 124 -106 43 12 119 112 -61 -10 -40 -124 -74 -9 88 -9 -72 -31 35 21 -49 73 57 -42 -30 80 -112 83 2 -19 -44 98 100 8 121 10 -5 31 -40 -71 80 -65 -40 -22 -12 -3 -36 -63 -68 -51 -98 -49 -110 67 -120 -15 -19 -107 -8 -106 -38 119 106 -126 11 102 -71 -65 100 -24 -93 94 -105 -127 21 -53 -71 -122 112 97 -85 -24 118 -19 -15 -18 -3 54 -95 17 -68 69 62 -123 -43 56 100 78 -44 66 -81 -73 34 18 -66 6 -94 36 20 -2 47 -6 23 30 -117 -56 126 -7 -101 81 -38 -125 110 -55 -118 37 -33 91 43 40 16 -102 111 106 53 61 -19 -126 125 115 -50 109 98 -98 23 -101 -109 39 62 112 -123 -117 -113 -68 -39 5 -54 -14 74 115 4 101 -22 113 39 103 -10 -116 -97 108 -4 -32 -104 123 -11 94 47 46 -68 -56 -54 113 -19 52 52 46 92 117 127 -93 91 82 -114 64 14 -96 -24 -97 59 43 21 95 35 -8 30 54 32 -32 28 48 -55 -125 101 87 -52 -23 113 -25 -77 52 62 46 88 74 -44 -22 -52 48 17 106 35 -1 103 103 101 -11 -53 78 87 72 120 -66 -10 -122 -12 23 104 15 -98 -21 20 -14 59 62 -97 -55 106 -40 77 -90 124 14 2 -73 101 -75 -71 -11 -126 -43 86 56 -116 101 87 -120 70 86 -42 -47 -16 21 110 -12 90 -20 -104 -121 14 -125 80 26 -42 14 76 55 -61 60 124 4 30 -8
-100 95 -20 79 -20 -111 48 -120 94 125 49 91 -65 -58 -57 127 103 77 -16 71 30 78 -70 43 -113 -89 33 -103 38 123 -80 0 -82 42 26 -46 -13 124 88 91 94 -79 79 29 117 94 90 -38 122 -84 -53 -109 -40 -11 -15 98 7 -104 111 -98 105 76 -49 7 -63 -74 30 -94 46 59 -35 111 60 -114 31 -52 -99 27 79 33 94 119 55 -125 -119 94 116 27 -47 -123 20 6 70 101 -69 82 -40 -107 76 -103 26 -108 2 49 8 -25 52 -16 93 23 80 -31 30 75 -27 -44 -33 -123 7 -73 -89 49 78 -13 95 -124 34 -95 -14 8 3 29 96 47 -86 -60 86 -61 -28 43 -14 77 -3 -18 -111 63 -30 7 88 78 -119 -86 -78 -116 126 116 -45 120 -3 52 -128 16 -109 40 118 96 -95 10 -111 -75 83 -109 85 13 -11 80 -31 93 35 -48 101 105 -71 -34 -72 -27 -83 -67 65 -3 110 -17 107 45 104 -110 -72 -70 97 10 -55 26 -14 -62 5 1 114 43 -18 93 115 -123 -90 89 -73 -116 -19 -24 -93 -65 69 64 -9 -74 5 -9 26 -78 51 91 16 60 -3 65 -93 -70 9 14 22 116 122 -116 59 19 -60 -58 58 -82 89 118 3 -79 -89 59 -35 -40 17 -92 62 69 -65 32 56 28 110 33 -116 -16 89 -13 -35 48 -43 -75 -21 29 2 -72 65 -11 114 123 12 22 40 40 -92 43 10 -48 -12 -118 127 -67 -118 80 -119 40 -23 -124 -34 15 -28 -32 -95 14 117 5 -14 -77 124 2 -70 -12 -121 -126 -9 123 -116 -71 -118 -28 -101 62 -52 81 83 13 -49 126 -98 -106 121 5 93 -69 -33 90 116 -117 -85 109 -42 99 -12 121 -104 -68 127 -87 65 -112 -88 -21 13 -70 108 -23 -37 -46 113 53 -106 -104 -99 31 46 109 -47 39 30 -76 -73 36 70 -11 -77 -119 55 -18 91 -15 -89 42 -14 -29 -68 -98 95 -75 38 -26 -84 -12 46 -3 45 -107 125 -68 -89 1 -66 80 42 43 -61 40 102 -18 68 -127 -44 -22 19 -19 40 36 -4 62 49 85 31 24 -30 8 48 100 30 -48 -76 42 58 -69 -1 112 12 -115 36 70 -17 -67 -68 13 58 98 87 54 -4 35 -57 -76 110 -30 15 116 -55 -116 -37 84 -125 120 27 116 -70 116 65 -122 -89 24 -52 64 -56 98 -94 92 75 -104 -109 57 27 63 -94 27 93 0 0 -79 45 -71 12 50 -57 5 126 49 109 119 40 18 28 105 42 104 -28 -9 7 -14 -61 75 93 101
94 -85 117 -74 92 -63 93 -116 47 21 55 82 -86 -128 -37 80 34 20 88 79 105 30 -45 -90 -122 80 75 107 11 15 -26 -23 3 -43 1 -26 16 16 -77 89 38 10 94 79 -115 127 -7 -7 4 10 -75 41 -111 92 91 72 -9 110 72 113 33 -70 125 35 27 116 -69 -36 45 -10 -8 65 6 -43 -10 19 18 -71 2 -90 15 10 -98 -47 108 95 -33 -19 99 76 71 99 -104 -13 23 28 -88 23 -28 29 15 91 32 -50 -52 -64 -31 88 126 2 125 100 -24 -13 -82 -65 59 76 108 -57 -22 -44 -30 54 122 -5 70 -18 -3 95 -65 63 -8 -53 106 -7 26 -67 -47 -97 48 -11 -113 -6 124 95 -108 -60 -102 -26 -105 -17 33 -93 87 -13 38 -25 114 112 -93 22 37 -126 -107 39 -118 102 -54 -40 5 -68 8 -54 45 49 75 -98 -122 18 -41 93 55 7 35 41 -13 -69 105 100 -84 -71 -55 52 99 31 -97 47 -6 -38 8 55 17 80 39 -99 -53 117 85 -109 -97 53 -55 97 14 100 33 30 104 -18 91 -122 -110 49 68 125 -111 -114 -32 0 -11 78 1 -62 -123 -18 -82 103 64 114 -37 -59 119 -23 13 -20 75 -4 70 -59 48 -70 112 -110 45 -121 58 -32 -53 10 -26 -67 -41 -62 86 -65 -47 -92 121 -73 -33 -66 6 -44 -57 -120 -67 -114 60 69 -96 -101 -42 81 -117 -82 -21 81 1 -58 -53 106 -21 55 -126 66 -93 -86 85 74 -121 75 -26 -21 98 40 116 47 125 -82 118 80 46 74 -101 -42 -64 31 44 -40 54 82 -77 26 -111 95 48 -95 54 -31 -31 -67 64 -74 -122 -50 27 49 -2 -86 121 19 -47 72 41 -69 -15 107 12 -64 27 -23 21 70 -80 64 69 125 -79 77 93 -36 49 112 -7 82 -25 -36 71 -123 -37 -45 -25 -49 34 46 28 96 104 69 21 -123 33 86 -34 -26 87 -67 125 -14 -70 -113 94 -14 -110 95 70 -120 -20 26 -79 35 36 26 126 -80 -37 -76 67 -117 -49 -19 -72 38 80 65 -106 -8 114 42 -27 -37 -124 -65 -123 -108 -11 112 -24 86 -19 4 104 -75 4 18 -44 -107 -79 -55 52 77 16 94 67 -36 -122 -83 119 119 -36 49 -5 74 -102 11 -18 60 -108 98 -63 -109 108 122 -74 111 -34 80 31 57 -36 108 -70 -101 -95 -42 87 7 78 65 -100 39 -103 52 47 -66 80 -112 -89 18 -97 68 -78 108 11 45 -3 -53 72 -100 50 59 84 -47 9 100 -21 -52 -106 13 -122 34
68 121 66 -27 -106 95 -118 -77 -86 -116 3 -106 -86 -112 82 -71 97 30 103 51 -1 -80 29 43 -115 -7 -65 -93 89 -102 57 69 100 -30 86 -113 -110 71 126 38 73 -98 75 -32 -61 15 -14 30 -63 41 -45 39 -5 49 114 -60 -13 116 43 20 -116 -45 -61 47 -65 -68 -77 -30 -76 -20 58 116 -13 -106 -114 -86 113 29 -56 57 49 -68 -21 78 -18 107 -109 21 4 116 18 118 41 -67 -103 -30 -88 92 61 107 -92 67 -9 -86 81 65 -106 74 -19 -116 -111 -127 -114 -85 -110 39 38 58 86 -67 -75 67 22 -116 -10 104 -87 98 71 -78 109 -22 85 -60 -110 119 -17 17 117 121 98 33 -103 -62 108 126 5 112 -28 -27 106 85 -19 -48 -60 17 34 -90 14 103 -28 -107 40 -92 87 107 -18 108 121 -16 78 105 -90 -17 -97 -85 -128 27 -102 52 -41 8 0 -68 -9 72 16 102 14 -92 119 75 -25 32 -23 42 -116 -59 92 86 -128 -66 117 -115 -24 71 23 102 75 74 124 57 53 33 -33 31 -40 -20 -51 1 3 -93 -78 -120 57 39 -22 52 -36 -128 114 -38 -58 -48 30 -5 -70 51 -80 81 28 90 -76 103 -106 -54 -42 -25 26 -1 106 -51 -78 -27 28 124 43 -33 1 116 -47 28 -93 64 -120 -50 97 91 125 121 71 -57 6 24 101 126 -128 -82 -16 -57 -38 30 -50 -15 9 111 107 -55 -128 101 80 -45 64 -83 78 35 -126 53 2 1 -76 105 -41 -93 -8 99 119 -46 -115 -88 -111 -111 -98 -10 72 82 -3 83 -110 -114 0 80 -65 -97 -97 -31 50 -121 -84 36 34 -46 -95 114 -37 40 2 -36 -24 -95 56 -72 -36 38 20 90 102 -84 9 -14 -14 -60 6 96 -43 -114 -111 89 15 41 -72 -5 -88 6 66 -58 23 68 -14 68 -34 -25 -114 -21 95 -31 -20 12 93 -46 -112 3 56 37 102 -7 -58 -24 -54 -125 109 111 99 -63 -18 -114 30 -76 109 61 -60 125 -3 -60 33 -48 75 -61 -119 58 67 38 119 76 126 -28 73 20 -57 -65 -96 10 -97 -67 36 91 -3 21 -43 -104 -8 -53 -54 15 4 -23 -70 -21 -106 -30 80 51 123 3 -119 -50 -21 2 54 61 -65 117 53 -100 -25 81 63 -87 -13 78 41 66 0 118 1 106 -16 -54 -33 -16 66 23 -86 109 -102 -7 57 59 96 77 -85 -92 1 -35 32 -103 44 77 77 107 118 107 122 -28 104 71 87 69 36 43 82 -101 -105 -3 42 -116 35 -3 35 113 42 29
-40 119 -90 -80 44 50 -9 112 16 -115 -73 -82 -14 74 -15 -22 -106 26 39 11 114 -55 8 68 123 38 66 67 -94 -53 -113 -61 47 -1 47 15 53 -25 -115 -69 24 -46 78 97 -62 33 6 -14 125 1 27 119 15 -12 18 16 -58 -122 74 96 44 -66 -72 120 85 -2 126 32 -111 -51 -9 -13 -38 -67 -116 -34 125 74 -9 91 -124 65 51 31 23 -112 -34 94 -125 -80 61 -11 105 -53 -95 -82 -15 19 -88 116 -100 -98 92 -75 107 -27 53 60 -52 1 8 -104 62 92 19 44 -109 64 0 124 15 -23 119 7 -99 -17 -23 -65 38 -31 9 -28 29 -9 84 -38 38 -106 -118 86 47 117 -106 124 4 -9 -76 28 27 62 -96 -26 -121 -31 30 -67 112 66 -83 7 -49 -122 -19 -2 -123 54 88 114 8 -94 -83 24 44 -113 -117 -90 29 -23 -17 -93 -111 -53 -57 -101 26 -1 -4 68 -14 -35 -118 -8 50 -37 91 95 91 81 124 -50 80 -76 9 -34 -119 20 38 99 93 21 -118 -72 111 -64 -93 90 71 -51 -101 15 -27 -25 -74 110 106 -65 -37 -26 77 -33 69 -5 35 -127 -31 -114 -126 36 69 -114 40 126 21 104 90 -35 16 41 57 81 -124 -128 -120 85 -107 -12 118 110 -40 8 -11 22 78 85 -112 118 102 95 63 -77 103 -33 -123 -99 -37 -77 -19 78 85 83 -13 102 8 -98 50 59 -56 -14 3 -43 38 112 78 21 -48 -69 -12 -99 -36 -51 93 115 -105 -99 -41 -51 -47 25 -106 -41 115 79 -75 37 -92 114 -92 -9 98 -91 -104 -124 73 -9 -94 -125 62 28 -35 70 46 -35 -41 111 -124 94 36 -121 45 -51 4 -49 23 122 -128 -2 -69 -27 33 -21 111 -47 -116 -68 9 -10 34 110 -58 -72 106 -58 -84 -115 27 64 -30 25 77 -83 88 -68 9 -103 -27 102 -20 106 111 36 -16 63 42 127 8 18 -121 -44 55 119 -109 -101 -17 118 -30 1 -78 64 12 -6 -4 95 -109 76 73 121 20 103 -107 -81 -93 112 -73 -31 -90 6 90 -93 -72 6 39 40 58 1 10 118 86 -113 -27 123 -25 -53 68 44 2 -77 -49 120 -65 -125 23 17 45 26 61 -2 97 -40 115 88 -38 15 -120 85 58 26 -98 107 -61 -76 -108 -97 -1 -60 -13 56 -14 88 50 -32 67 -42 109 45 -31 84 126 84 -34 -93 -95 33 124 34 123 32 121 -71 92 49 68 26 29 120 55 -90 48 24 87 30 -73 17 99 15 23 64 -75 25 100 100 75 100
95 109 -46 73 -87 -102 -70 38 -33 -33 17 -88 76 19 44 34 -4 -20 -53 114 9 75 -94 83 70 41 -128 -12 68 -16 -122 -56 119 -13 -22 -47 109 -3 91 -75 -11 -8 5 -50 19 42 -19 -116 1 -92 -50 -13 -94 54 -83 -32 -58 75 -29 -108 8 -40 85 -36 -105 24 78 -124 -57 12 -115 -18 -10 -121 -124 112 -1 -42 -77 26 65 -37 -122 122 -62 -51 -20 125 -93 60 -5 -79 -91 11 -60 20 -114 -93 -99 114 -107 54 119 101 108 -70 -112 90 -84 82 -70 -123 -92 45 16 -116 102 94 74 -114 64 -59 -64 8 -34 101 -27 78 90 38 67 102 30 63 98 81 -26 -9 87 -111 9 -3 104 84 -110 47 13 22 -73 104 -35 63 -111 -92 -46 -88 92 78 -115 100 -29 -65 77 -26 101 -91 -120 23 34 122 12 58 -42 -104 -54 -5 91 -122 76 24 8 14 -68 95 118 -4 -21 -78 91 24 59 82 -100 -99 24 59 -94 -65 56 83 -70 -96 -41 46 125 -121 21 14 7 18 -111 7 -61 61 107 72 70 -19 116 106 -116 -75 -117 52 36 81 102 62 -5 48 -85 108 2 -5 -82 -88 41 -8 -13 97 64 -40 -3 64 -52 37 95 -33 64 -53 -57 26 105 64 -8 -119 -124 -82 -11 -16 -64 -110 -69 72 50 -22 33 -116 -58 1 55 16 -117 -72 65 102 -79 77 -77 28 119 37 -102 116 -79 76 -84 -26 -38 58 114 -83 -110 123 -125 -95 -81 80 -49 125 -127 -34 -91 -63 -16 -102 -31 -110 -101 -89 -74 -69 76 7 59 -85 -91 -82 30 -72 100 -47 -81 -74 -55 -53 109 -50 -74 -127 13 -30 23 117 95 -85 -73 16 8 8 -73 -68 -92 107 47 63 1 68 52 -9 -94 60 -12 -77 17 46 94 -61 -95 48 71 -78 -106 110 -126 104 -60 -94 24 12 110 106 -77 123 -61 2 -73 5 -69 -13 119 -67 25 34 73 -111 84 -49 -40 -94 -80 7 -56 118 58 107 -106 -18 -44 -75 -40 89 -105 122 -90 -23 98 -2 -109 116 81 -45 -106 103 -100 -15 -79 23 -42 -13 87 88 29 79 -27 -54 42 -107 -105 -115 -24 106 -1 107 -59 -19 31 -113 32 76 28 -8 -43 -41 -63 -31 69 -71 -67 -54 36 61 90 119 105 -28 -103 -42 20 -37 107 1 111 29 -23 40 42 16 -125 -46 -14 -89 -71 -16 112 -93 101 -120 -79 77 87 78 -8 -108 123 123 121 112 29 117 -72 58 27 106 -103 2 78 51 -63 23 103 21 -112 -91 -7 -58 -32 124 4 -28 98 27
57 -84 -42 42 -28 -122 -11 27 -107 -84 -43 -46 103 -73 26 -89 -98 117 28 -71 -13 50 26 -117 -19 -18 -109 50 0 65 -44 96 -75 -41 -86 73 95 28 -101 125 -67 104 -41 112 42 -85 -99 -128 98 -55 -45 71 113 -40 104 15 -28 96 -81 64 24 -118 -57 -112 33 -9 -43 87 -96 -91 -110 78 21 97 -92 -41 -34 -18 111 110 25 -44 127 -16 33 -87 82 -45 -94 29 -68 -1 -124 -70 110 -101 -80 49 -32 -88 40 -91 59 81 -41 14 95 110 79 -127 11 91 -35 95 -67 -3 6 -49 125 -23 61 93 -127 76 1 60 78 79 -87 -72 124 112 87 -45 -1 -99 -13 -59 7 -101 30 -26 123 -103 -73 3 -94 0 -17 98 32 73 29 12 108 -124 -15 -32 -92 -42 41 34 -83 -83 76 -39 74 -13 -107 -89 87 112 73 29 -23 3 -113 -89 35 10 -91 -111 118 102 55 125 -83 98 44 104 -44 87 71 99 88 16 -46 24 -67 6 18 -87 54 -9 -91 -9 25 19 72 100 80 -52 34 91 -30 0 -68 118 62 -91 -82 44 60 -55 56 -86 111 42 23 22 -47 -23 -23 -126 -84 -70 75 -7 35 -101 -16 43 97 92 -41 51 61 11 94 -123 -112 16 -91 -84 -3 93 -99 77 116 -1 112 98 74 -101 -49 92 44 -122 -93 -44 -55 60 -26 106 -70 -59 116 -87 -126 67 -4 -11 -35 75 -28 17 -14 49 -106 8 -95 99 -120 96 -98 -99 -78 39 -22 -125 87 24 15 60 53 75 76 -61 42 -10 77 -90 -121 -54 102 4 -112 71 -69 18 -84 42 20 93 -85 -107 -43 0 -7 94 -39 66 -108 111 75 39 -72 -128 -120 -8 -113 122 -121 111 34 -69 -115 31 79 67 -1 43 -65 31 107 113 70 64 -85 17 -107 -3 110 10 57 -95 -26 14 113 -111 97 -18 12 -51 -97 -27 -39 13 -117 -109 113 -128 75 26 -83 12 41 101 92 -67 101 105 93 120 118 -53 -112 -95 -68 -107 51 -35 -19 26 86 -58 -51 -78 -128 80 -104 -25 -79 -15 56 -27 72 101 -127 -82 65 57 35 64 -98 105 -30 -31 124 -4 -91 114 -54 -41 74 -122 -95 66 -20 -91 -86 33 56 -13 -109 -86 -88 57 -78 -73 121 -3 122 -125 109 -72 101 123 59 61 -12 -35 23 102 -92 -103 -48 -37 -117 -62 -11 -68 46 94 77 47 64 -43 -112 2 -105 102 -26 55 -110 43 106 29 32 -99 -6 62 109 38 106 -77 56 -112 -20 -97 -8 -20 63 44 45 -86 -105 100 97 -83 -97 -22
112 50 96 63 -21 -118 50 -58 64 -36 -35 35 1 -12 -119 90 29 -29 97 -103 93 81 35 -107 -92 -38 23 -52 61 89 -24 -95 51 78 -28 -67 -53 73 -73 77 -29 -45 81 -117 -116 -9 -37 -34 43 56 -23 95 94 -67 -27 55 98 55 20 77 95 -19 -79 108 121 -57 -101 -56 114 -46 41 116 114 117 -97 121 -51 121 -117 5 -74 -46 52 -109 49 -84 79 -18 44 96 -82 80 26 30 -110 -58 36 -81 -12 -69 28 71 -49 96 -124 101 34 -119 -14 -75 -63 31 -31 17 -65 18 46 98 -111 -109 -106 15 9 -107 -36 -4 -40 97 -93 35 -104 -11 91 -22 -120 107 -49 -30 66 57 3 62 7 25 -120 47 9 -26 81 -16 -72 -8 -5 79 59 -26 7 -13 118 5 67 72 72 53 -54 -60 -127 -107 3 -54 66 -53 52 -84 -78 81 16 24 -67 -18 67 68 -120 -21 -42 -46 120 62 0 -32 33 107 -108 -37 43 -77 125 -87 -118 -77 -15 -49 -82 31 121 36 112 -81 21 -85 -117 -124 34 -58 89 41 58 -33 -39 125 59 45 57 8 70 39 -48 -83 98 26 77 -27 -42 15 14 127 -118 -116 -96 -58 -59 73 -122 81 -2 57 -95 51 -111 -19 -17 65 57 -16 -36 50 25 33 -16 91 -89 -3 -123 77 -125 63 -114 83 -106 -84 -28 50 -120 -106 -77 -41 -99 34 24 91 -7 97 91 116 60 123 101 -42 29 -70 76 -51 83 -95 47 -128 -50 -3 -119 88 -53 57 63 82 -60 9 -128 -3 24 70 -84 -28 73 -1 -70 60 104 -88 124 -117 -96 -8 -68 80 115 -57 -100 86 -2 24 -45 88 -33 -90 52 94 -8 50 62 -71 -75 -108 -53 -94 -88 -123 118 54 10 101 35 44 76 -115 103 -1 108 33 108 63 -73 18 55 60 -125 97 112 26 -126 46 78 88 37 -117 -95 112 -117 -107 44 112 91 74 -97 -6 -57 -3 -66 -37 20 86 -85 107 25 -90 40 109 35 58 111 99 41 88 94 23 -106 -89 -7 60 -23 73 3 3 -34 -97 107 -39 95 61 13 -94 -112 -90 -25 -72 95 41 90 7 59 26 -64 -31 41 14 126 52 48 47 -67 67 88 74 2 113 -63 50 -87 73 -51 12 -30 18 76 -125 -24 -7 116 -39 61 36 49 -106 20 -90 33 44 -106 -109 -59 73 63 -67 103 -60 80 -86 -125 -123 -8 -86 55 72 -106 80 67 -38 -88 121 48 -83 -3 46 -117 -14 -17 60 116 91 -59 106 -75 -60 92 -118 105 -9 16 16 -16 56 2 119
85 32 39 -88 37 48 -84 -69 -68 104 74 100 -100 -2 41 95 77 -11 -119 43 -8 -35 -82 -121 -10 34 86 -71 -106 12 40 -116 -105 98 58 -10 2 83 47 -58 -124 -43 -89 33 65 89 -45 75 -68 14 -21 117 49 -98 83 -112 126 -120 -37 -90 5 61 -6 115 -80 -122 -121 53 127 -118 101 126 -8 11 63 -1 -61 -7 108 10 93 -50 103 48 118 28 -43 42 55 60 -121 -68 94 126 -101 -95 20 62 -82 74 10 -82 -98 16 109 66 -85 -76 96 -75 -9 -90 -85 33 86 -92 106 -24 19 65 1 -97 65 -49 -41 -63 86 -27 17 51 -103 -48 33 6 101 33 -104 -77 2 -89 45 36 -91 -34 116 117 -75 -68 32 -41 -66 -126 79 -103 -107 47 -90 -123 -45 -100 -52 -25 116 126 1 -86 111 -32 80 52 91 -72 -117 112 80 -19 92 118 -19 112 107 -66 103 -70 58 15 -96 -22 76 -94 1 40 -58 91 -35 -71 -29 110 -35 -120 -25 63 -54 -87 -53 26 118 -79 -68 17 -34 105 6 0 39 -15 57 -50 -8 106 93 -47 -48 -1 127 -90 -101 91 90 -70 -113 -64 9 -46 -83 -35 -80 27 25 -42 32 95 -127 26 111 123 116 95 8 26 37 101 91 60 35 -93 81 81 37 0 60 30 63 32 -66 -32 78 17 25 87 87 -74 109 -55 72 98 112 -24 -117 -97 70 88 74 106 87 4 55 50 -37 30 -68 -94 123 -80 -125 -118 -22 108 116 94 46 47 -32 -115 45 -51 1 -62 86 38 56 -40 14 25 31 38 -75 22 -63 -8 -16 23 122 20 -105 95 -70 22 35 -34 -84 100 -44 -53 -10 118 92 61 26 3 48 50 -99 -105 -112 14 -124 17 65 -8 4 73 -92 17 -17 -4 -46 -22 -127 60 63 -54 -90 -61 -107 -97 60 63 61 -86 -19 84 37 -78 -22 -88 -106 -23 -118 -87 -27 -106 2 -112 -44 -108 -94 35 -81 115 -70 -61 120 60 -71 92 -123 50 -70 51 99 -37 63 -114 -65 9 -74 -94 24 127 -6 59 41 -114 87 74 62 -35 -6 -53 54 27 56 -94 -70 10 -3 -104 -13 -83 109 -104 27 63 95 -48 -19 16 34 71 125 -63 -1 27 70 -62 97 32 117 -19 -70 29 87 -125 127 -91 -21 121 116 55 -29 -33 -106 -16 5 -48 75 55 -66 -123 -108 89 -73 -42 26 -20 -66 32 49 53 79 -7 -103 61 -5 1 -115 -117 99 75 80 -101 24 99 10 61 -39 24 -24 82 124 18 97 -120 -103 7 92 53 -57 -52 -107 -90
-113 -43 117 40 124 -53 66 125 40 -12 -52 111 13 -3 -103 -82 -70 125 -115 117 106 46 -28 98 -98 24 115 -29 -16 23 -89 53 57 -18 -127 -98 -21 -81 -75 -82 18 78 -42 -62 2 -99 -123 48 -13 76 -42 -28 13 119 -24 81 -12 123 -47 -32 -2 -59 18 36 122 80 77 21 -75 -106 -124 -90 -6 -57 -79 -4 -83 107 119 100 -58 60 41 101 -6 -40 -109 -10 -89 -41 -122 18 -124 16 40 -79 122 88 74 40 -119 -18 5 -87 -54 -69 92 -98 8 83 72 -12 -45 -28 101 -85 -89 5 -6 -20 81 -103 -43 73 10 -97 44 62 -126 -61 86 -51 -55 -34 -61 -24 92 121 36 119 -74 -70 104 -82 16 -22 -55 -107 -34 113 122 112 112 -85 -28 -124 -112 -87 102 -128 79 30 -9 -118 -78 2 20 2 -78 -15 102 -48 82 -60 76 16 -28 62 -4 -66 -58 24 -2 -27 -50 106 48 20 125 3 49 25 -74 64 2 -37 122 116 127 21 -21 -128 48 -89 41 83 51 -54 72 48 -29 19 -125 99 -38 16 -22 87 -62 29 -27 41 -43 -114 99 91 -65 -72 52 -102 110 82 23 115 48 68 6 52 -52 21 -27 3 -10 4 -57 116 -94 15 -61 48 43 2 95 -102 5 -37 31 13 31 55 64 65 -111 -74 46 116 -60 31 74 81 24 44 54 38 2 -42 -3 -81 83 -111 -28 -23 -89 6 28 41 3 -46 61 84 -22 69 -125 60 -105 -127 -92 -82 86 79 -20 48 -51 40 -6 -123 8 35 22 -107 98 -119 126 85 48 63 23 -9 -94 -108 29 -71 -4 77 -107 -104 -61 -64 -13 99 20 -79 70 105 -36 53 -24 -25 -76 -103 -51 10 35 -31 31 -29 96 -112 113 107 45 -100 123 -70 72 -3 39 16 116 101 100 -40 83 5 127 73 -76 28 105 106 24 20 -114 91 12 -112 -42 8 -28 41 -42 -62 -22 120 20 -104 60 19 124 -77 41 -15 -85 14 -50 31 65 59 -102 96 -22 -24 -25 -42 95 31 -64 -119 0 -60 0 -108 -48 -5 76 -75 -93 -115 96 -91 -79 -112 -122 -28 -2 84 -101 62 -13 41 8 -123 113 88 13 -104 -118 101 -117 -10 -8 97 43 84 -38 -13 85 -59 59 -26 -32 -5 41 -42 91 119 -40 49 -52 103 -64 123 -43 10 97 -35 46 74 -93 113 95 -128 87 42 37 0 -93 35 -12 113 -6 -79 -103 -19 -103 -54 -124 -99 93 14 -38 36 2 -96 -47 -15 -117 -63 66 -62 33 96 53 -10 -82 7 -25 -15 -63 105 -119 118
39 20 -82 -33 -8 -61 -12 44 -11 -117 47 -46 -31 -112 -1 8 11 -10 32 -34 -13 -46 -127 84 -123 92 -92 104 121 119 100 37 102 -12 -57 23 -5 104 -85 110 89 95 124 14 -106 -93 109 1 -125 -46 -52 -105 -81 99 -66 -63 -72 7 78 -80 -118 123 -86 -127 -16 93 83 -128 -36 59 -63 -96 38 -70 -61 -94 -55 66 -41 91 118 -26 -69 -72 22 56 23 -32 122 -98 101 -2 -38 52 103 -50 21 68 56 101 10 -70 -106 70 89 74 36 -115 69 63 17 -6 -94 120 -57 94 74 -3 -37 13 -68 9 -96 -18 -87 -56 93 5 -127 -45 83 -29 23 -88 -8 -38 46 70 72 -72 40 -87 85 41 13 32 95 -74 3 -55 -114 65 -90 3 -67 9 29 10 64 -36 47 8 2 -97 -110 -32 73 -88 -90 -36 15 -89 120 104 -13 -113 -97 -88 -101 -12 -32 -121 -79 -73 97 -78 109 32 -105 109 -26 -45 102 -106 -120 -2 85 -66 106 31 78 -5 105 -21 70 -12 76 22 44 -94 -6 -33 60 -32 48 -110 -40 -55 104 -93 -103 -71 -19 -116 -37 -92 19 -38 -123 64 14 78 -71 4 116 -34 -26 -96 54 45 92 -9 20 127 111 102 -6 -91 49 4 42 -70 58 -70 107 -10 -117 -35 96 6 -119 124 80 35 -116 -111 -49 65 -111 12 -65 -101 -107 84 107 39 -16 -100 -95 -117 13 108 -109 -7 -46 -52 -99 41 -116 40 -122 25 -64 80 -5 32 -31 123 15 -95 -41 -89 -81 -112 96 62 -10 68 74 -119 -107 5 -109 96 76 84 -35 124 -79 -23 88 5 -125 -66 27 68 -90 -1 66 -50 56 -95 8 8 -54 -103 80 -57 -98 -13 -125 20 -67 -62 -9 44 123 -106 -126 -10 85 -121 -64 32 -48 94 -2 -31 9 -5 74 99 -5 -128 30 20 29 64 -34 11 -2 63 -35 103 43 -79 9 73 -102 121 -109 27 42 56 63 83 -43 69 45 77 69 -68 55 29 96 41 17 -62 -109 -121 -14 43 40 112 -122 72 -48 -69 79 -31 -104 38 -69 127 -64 -118 66 122 -71 -43 91 97 -35 -73 82 53 -94 -75 -126 -50 -80 36 -36 74 -10 -59 67 81 -78 -60 -39 46 13 21 -114 -125 42 51 33 109 -106 53 -26 83 29 22 -25 124 -31 -39 -93 54 -22 -91 -96 35 61 -98 116 69 118 99 -29 75 -85 66 -108 -1 -18 -101 90 40 -120 75 -90 -33 -62 -113 31 79 -16 13 68 -77 40 111 -68 125 29 86 74 -12 -99 -93 -51 -52 49 8 117 104 -101 90
13 -46 -119 30 -120 -113 -8 86 84 -67 -56 -51 125 16 -45 -124 97 110 59 -82 -56 -30 2 -41 -75 99 -116 23 -91 124 65 127 -87 120 -30 92 70 -21 8 103 -116 -3 -110 71 -22 -45 -126 51 -48 3 92 37 29 -108 -54 -99 99 86 100 126 70 120 -92 -76 -45 -119 -12 23 116 26 -103 -110 -43 91 82 -102 102 -10 -78 -122 -83 27 -30 64 -70 37 -115 101 2 -9 -116 81 -97 53 -88 112 18 48 -66 -66 -36 57 -16 -74 -81 -3 73 41 109 -8 -12 108 44 -109 18 -43 -44 114 -1 71 35 23 68 16 117 -24 -14 102 78 -30 98 44 -4 -27 -58 108 85 -71 20 4 120 84 90 -22 -66 63 -39 29 103 117 69 -35 11 -100 60 -45 61 -68 -114 -108 -83 116 65 67 112 -125 -82 -114 32 -126 50 55 -101 -32 -36 16 -3 56 -117 -51 -10 -22 17 -94 122 88 71 -80 14 -46 97 -51 -42 -45 -11 -55 105 17 54 -38 28 -49 114 -72 103 8 -56 14 10 -49 51 81 -69 -100 -63 -70 -24 115 -10 46 -104 -44 -64 18 18 82 -78 21 -63 55 -9 -53 85 -9 -123 119 -29 -64 -50 74 111 -61 -27 -23 -19 7 49 74 11 63 -83 36 -70 -110 -48 -95 -61 -93 -97 14 -23 30 -7 -1 -20 -20 12 -52 -83 44 19 72 -53 -31 -83 -54 39 23 -29 39 89 -103 120 -49 -91 -80 -4 -74 79 -110 73 -118 87 -37 61 95 -94 65 31 64 -5 -31 -30 -62 -65 87 49 -43 89 -74 7 121 82 -124 -78 -114 62 -83 124 -42 12 28 -93 -82 77 -53 -45 119 68 82 -18 -30 39 106 21 -108 120 -33 121 -8 -16 35 -32 -20 108 -42 65 35 38 -51 8 95 -34 -54 36 31 -41 -12 15 67 -52 -47 118 118 -84 89 116 -53 105 118 -86 -77 -121 -46 94 -45 58 21 -110 96 52 48 4 12 103 -47 -103 -30 80 -51 50 84 -101 115 -54 -65 -114 124 110 116 -40 58 -112 -38 2 -53 -43 -96 0 12 -50 -25 -32 29 -59 -98 127 17 20 -117 90 27 -83 77 -123 -125 111 -8 -83 101 -105 27 55 27 -27 -37 18 -38 -51 -52 111 -18 92 -63 50 107 -49 6 -118 -70 101 18 -3 -36 -100 -104 69 61 -17 -121 -120 121 34 108 -78 72 -99 88 78 -18 -15 68 27 -62 -32 -9 -42 92 -124 -62 125 -90 -113 70 30 46 5 81 -46 -22 -39 -51 4 29 69 -111 65 -30 -12 -30 40 -31 -39 -64 58 8 -59 4 87 41 -27 20
-122 -63 -126 81 -8 51 -26 -97 -4 -66 26 40 -7 60 -85 -125 97 -76 3 112 14 7 -5 81 88 -99 15 43 -61 -4 -86 94 -125 111 62 -92 122 -88 12 -66 48 77 100 83 76 -117 23 -45 63 -93 -9 -15 -42 7 -119 15 86 -98 49 -69 62 -42 -44 98 85 51 30 -51 -26 -92 -74 74 26 78 -72 -115 23 -27 -104 91 44 -63 -122 99 120 73 -36 92 -93 23 69 65 26 115 84 -99 22 52 119 -112 55 -84 -95 32 63 -55 -84 -34 57 -22 -48 -103 117 -19 -52 -122 23 121 101 -71 -7 11 -8 -80 25 63 97 41 84 82 23 52 37 50 -113 -92 -120 -107 -85 -115 -83 33 75 -12 -11 -11 -67 -4 100 70 -127 -23 -102 0 -10 -45 34 97 93 -11 6 -16 88 -10 -12 -63 86 52 26 39 71 -44 -29 67 57 -92 -92 87 13 3 -64 -128 93 59 70 61 -66 32 31 -85 -67 74 -114 67 98 -59 -46 -75 -125 91 82 -93 -125 -94 69 75 78 -33 104 90 -8 82 11 -116 88 -44 102 -54 71 -22 51 -105 113 -66 -47 -45 1 -60 -122 -106 -9 -16 3 90 -83 112 -103 12 75 123 24 -75 -3 82 86 -15 -36 -116 -29 26 84 29 -55 8 -51 68 71 -43 84 -60 -30 14 -10 40 -75 -75 77 95 -57 63 -113 4 -42 50 -14 -78 -65 -13 98 25 -114 -27 -57 97 -35 -73 -121 27 4 -87 118 21 -79 -73 -57 -65 14 -115 -95 2 -79 -33 43 51 56 11 120 -57 16 -29 4 -62 32 -12 67 -21 34 -96 -49 108 -20 -54 26 93 105 55 -74 90 -121 -62 42 -71 30 -128 -20 20 -80 -71 -103 57 87 64 -23 -107 -114 -55 39 109 -10 -123 -102 118 101 -107 42 121 120 -104 34 -88 124 76 -67 -8 123 61 -34 56 -115 15 100 64 58 -101 -96 -42 58 -36 -38 -92 -33 68 -8 110 -21 -64 122 -1 27 -36 -78 99 -30 75 81 -92 14 -124 69 64 118 79 -95 126 78 -54 -107 78 -78 31 -122 122 40 121 114 -66 -40 124 -13 -24 -29 -45 76 102 -95 -43 6 102 -68 -126 104 -107 124 45 -84 -86 -21 97 119 -37 25 41 25 -79 -30 -27 87 100 82 -10 3 -128 107 -31 29 -69 -108 -19 -98 7 -18 90 -128 -44 -91 -119 63 25 11 56 -55 -125 1 -99 94 -78 106 80 29 2 -20 -108 -24 -98 -72 122 -95 -32 -92 65 -86 -35 50 -11 -77 -5 -78 83 -123 -123 100 34 90 -124 3 100 115 -119 -22 82 1 12
14 12 15 108 -82 -111 -40 -84 -123 50 -108 -95 85 -78 14 -15 65 38 -50 85 55 28 -86 19 -46 -89 30 -96 97 59 -70 -38 105 69 45 102 87 23 58 -48 -40 6 82 -66 1 14 94 -27 82 -114 88 3 -67 53 70 50 -2 -65 -89 -51 -56 -71 9 72 109 28 -20 99 -61 88 -29 116 -70 19 -7 86 99 -32 28 -36 1 106 -57 79 15 -51 -108 10 92 -102 88 -96 -113 89 -44 31 -35 33 63 113 12 -1 -24 113 -24 -128 -120 75 -47 4 -105 -84 -41 66 -73 11 -128 20 51 -62 -34 -106 -124 19 99 -106 0 30 -99 -28 46 102 -11 100 -109 -78 97 -93 7 22 0 44 -56 110 73 -116 -84 -83 49 -71 -11 -65 94 33 76 49 103 81 40 93 76 125 45 -35 -73 -41 105 -63 -48 -86 -109 -112 -90 -25 83 -51 -90 -82 -86 -61 57 65 21 56 8 119 -90 54 43 -8 -103 68 -93 101 82 29 -25 18 101 127 87 12 -12 26 19 106 -101 -84 97 -116 105 54 -102 -28 -114 38 124 -99 -106 -114 -3 87 23 21 90 27 83 -93 -71 90 56 17 -30 -52 -49 -51 44 -104 41 -6 -19 88 79 -30 86 -53 -15 84 -21 -109 -128 104 -115 -31 -1 -26 48 30 -50 49 -46 7 114 -32 47 -22 -77 1 120 56 -69 40 -89 -23 -27 74 31 1 92 -32 -23 94 60 103 99 -72 6 -80 113 92 0 -98 -29 -84 -56 -117 127 53 -11 30 69 60 95 -80 82 -69 63 -2 -12 -81 110 16 -101 -67 58 43 88 -98 -7 -93 -89 -80 106 -51 62 125 83 25 -113 30 89 86 79 -112 -91 61 -83 11 34 -74 -38 -96 -63 -63 97 48 -91 93 91 95 34 89 -79 -17 40 -114 -69 -16 30 -120 -83 28 88 -88 69 26 86 60 77 -60 -69 -107 -103 -116 7 2 -66 43 -82 3 102 112 127 -9 -89 -77 -24 95 -97 39 -6 -52 118 -23 49 105 64 -37 23 114 57 -10 -5 -41 -121 65 122 -126 -70 -122 -109 5 100 76 -68 -59 32 -83 71 96 -71 123 -49 -16 -46 65 53 32 -98 -27 44 -96 96 63 110 65 100 76 126 33 110 87 54 91 7 -22 -73 86 75 -32 -15 85 -15 106 14 21 54 -94 -39 50 2 106 -83 -79 88 40 58 -94 2 -109 94 -11 65 -39 -41 9 -67 31 55 -59 -109 35 97 51 -60 106 102 -93 104 122 47 -93 -14 17 -89 15 -110 22 -115 91 -5 82 98 12 58 54 68 -114 -110 23 20 -103
-58 32 126 3 108 16 100 59 -1 46 33 -35 -3 -40 103 72 11 83 -44 121 -95 37 -47 -38 105 -66 -3 70 -31 -124 27 -101 -106 121 73 20 -109 33 73 39 82 -114 -93 -95 -86 -55 -3 61 54 -25 -118 31 -107 -94 67 -44 26 -23 -67 -128 41 -21 -69 107 111 -121 110 -50 91 -101 121 -18 -46 -93 90 -89 -98 -14 -102 77 73 -97 -15 126 123 0 -95 -107 -125 120 -64 9 -107 -41 112 66 23 0 -34 -37 -59 127 -110 48 -71 6 14 115 -86 115 55 109 91 85 -63 -79 -37 -100 -57 -40 -105 7 -90 -41 -34 -94 -27 -127 -51 -108 68 109 36 26 100 -100 -99 -4 0 -78 -124 104 -49 -28 121 -96 125 27 98 47 63 90 28 -42 108 126 23 -128 -44 -50 -46 -80 25 -58 76 -33 -46 -57 105 -33 24 28 -79 6 18 52 115 78 73 -11 88 -29 -76 124 50 -123 -44 -54 78 -40 69 -98 83 -64 -54 -8 -79 -23 2 -111 51 -50 -8 89 -75 -123 8 101 81 101 -81 114 124 -103 -116 22 53 -53 -107 90 -90 32 99 -115 126 -10 -87 52 69 -43 92 23 6 -19 -125 -22 16 -88 125 -113 64 75 121 -100 -48 48 47 10 -75 -6 -93 -80 118 -48 -29 -101 121 116 67 92 70 26 -7 -85 29 -62 118 -114 108 -29 46 99 -20 10 -14 11 89 -83 -82 52 -58 32 -8 -10 -37 -32 37 -99 119 -66 47 -22 -61 81 69 108 125 -85 8 52 -21 53 -121 15 62 81 124 -58 -63 45 102 61 26 -41 49 -112 -31 -57 54 91 -116 87 -61 -109 -43 -18 49 18 -64 87 83 37 -47 53 90 6 0 7 -44 -39 53 -87 -101 -23 111 -123 20 96 -107 64 -38 -21 101 117 -10 20 53 -27 56 19 76 -4 117 -11 -57 124 -87 22 -32 -98 -118 71 33 -23 22 -66 -106 -82 -60 25 17 -36 45 81 75 105 106 -9 56 -66 75 -75 11 -3 2 -99 118 62 -87 -22 -3 -59 -103 63 81 -46 -56 -91 -78 -48 97 39 107 84 56 59 78 -100 -22 14 -19 68 -17 -4 -89 -71 -116 39 105 -100 25 41 44 -62 91 -50 5 -91 56 -36 51 1 7 -7 -90 -4 75 -76 58 -3 -103 93 -109 106 119 -74 -111 78 -53 -97 -60 -77 -42 -121 123 -79 -27 -114 -89 -112 96 24 91 74 -9 -18 39 -76 -93 120 -54 126 6 -37 -6 -43 -36 32 47 -4 -112 62 50 -15 -36 7 24 -73 33 40 -24 69 -5 9 -52 -60 127 -35 20 -40 -113 32
-120 66 -87 -128 78 43 35 -57 88 33 65 -55 26 91 102 96 -123 -17 -47 73 104 -82 -21 76 35 -2 101 40 17 -31 -26 -67 -18 -114 -21 -1 -5 25 25 9 57 -76 -119 57 -74 81 -52 95 -48 -37 -8 -33 24 -88 -112 -30 -31 -17 -35 1 96 84 78 21 -105 -82 -126 98 -25 -99 97 127 98 114 -66 127 101 -50 -47 67 57 34 5 -115 38 35 36 11 106 11 -83 -95 -60 16 8 7 -118 -119 -10 125 -57 -24 -69 83 -90 -11 -128 -91 39 -120 54 97 -12 -2 63 -37 50 23 35 -68 104 -42 32 -74 -118 48 -65 -4 -30 98 93 79 93 105 -53 -67 91 -110 -13 -48 3 29 -45 80 37 -60 124 -44 5 17 71 -101 -106 -63 28 -43 -105 -21 -31 -6 -95 -66 30 32 -46 20 91 -16 -79 -82 -102 -116 44 -62 -80 -24 -126 -98 -122 69 -12 -37 -112 -91 -92 25 53 -6 -109 -120 123 73 -4 -77 -112 45 91 -88 110 6 116 -61 -37 -83 17 17 -97 70 -120 27 55 -47 114 -74 -107 -69 -4 -79 114 -111 92 57 -124 -51 -71 83 -7 -26 -5 18 11 -72 -105 3 18 120 -48 -11 59 60 52 75 18 107 114 3 67 71 114 1 36 1 -125 -15 97 -68 89 1 -98 6 -51 -51 122 -122 -52 -24 51 34 102 107 -73 75 73 99 -69 -65 23 87 -78 -65 -117 -76 -13 -51 -73 -11 77 103 -68 45 -109 123 -24 -70 42 104 -45 75 -102 -120 -94 -1 -39 -50 -55 40 1 29 -73 -68 -94 -10 87 41 -97 -111 -37 -35 28 -120 78 -78 -25 37 -73 -125 16 101 65 73 35 -65 16 53 36 -126 -52 64 -71 -62 63 18 25 29 122 -127 41 35 122 -109 -52 52 80 -113 15 105 72 58 -39 29 105 -60 -13 117 121 -23 22 74 76 -122 -26 116 -82 87 -69 -53 74 81 -97 -32 94 91 104 -14 71 -52 -45 -110 24 -85 -81 103 -121 55 126 -70 127 31 65 47 -107 83 60 -43 32 -79 -120 -120 -100 -8 84 53 48 -12 -92 66 -126 -117 -88 98 -55 -6 87 102 -64 -125 -27 -45 -55 -58 -98 -112 76 111 -106 -20 -37 60 -61 60 -13 -14 -49 -116 63 104 -125 -75 32 4 63 26 36 62 35 -93 -40 84 -93 -25 62 -78 37 32 38 -78 -109 -22 70 36 42 -92 -36 7 104 -31 53 -9 -57 -23 57 -118 18 113 39 -67 -44 21 -94 -12 -70 94 -112 -18 -96 -117 -42 -29 -9 68 41 -96 -85 29 -65 33 16 112 36 -24 -18 48
-53 -7 30 -1 96 -41 -92 33 -72 -82 -36 -55 -34 113 -38 -16 109 62 -58 105 38 85 -110 100 82 -26 -27 0 -79 35 -71 36 -39 96 -18 56 -70 35 105 7 91 58 -2 -40 80 77 81 16 -122 16 49 23 -113 71 -5 32 -26 -106 -108 104 10 105 101 -59 -99 78 -77 -82 -49 67 30 -94 43 -83 -15 -70 90 -2 -124 -30 -58 -6 -114 -92 -5 -95 94 -28 16 -83 -58 25 18 -92 2 -92 -103 -8 108 -49 5 111 51 86 -90 11 -31 -38 -38 -80 110 -121 19 34 -55 -28 49 -11 -36 -67 122 93 12 93 21 -128 -85 83 -65 -12 -118 20 117 -19 -104 24 -82 11 -55 34 2 -7 62 107 84 124 94 -9 -38 20 -68 -102 122 -20 -70 -120 47 -12 -66 -46 65 68 1 -48 16 4 -10 -41 -17 -62 -121 -42 96 15 45 -80 -127 -80 -58 12 -121 -7 -63 92 39 -119 120 -43 61 -41 -67 -21 -118 -21 -113 -94 1 -92 79 -99 97 102 30 51 -13 126 2 -114 -92 -62 -27 -10 59 0 -27 53 107 72 117 50 -5 -73 -103 -128 -17 -57 115 48 -106 28 54 75 117 -44 -56 76 121 12 -90 -47 -95 -27 65 -98 -34 31 86 -114 -71 -31 68 -73 13 -20 119 -75 -87 86 51 49 30 -45 79 -57 54 1 -89 -73 102 -90 -39 41 54 -18 36 -50 -109 105 110 74 25 -15 -20 15 46 -17 -64 36 -125 36 -108 110 51 -48 85 93 -48 34 -122 -70 39 72 75 -47 -53 61 110 29 101 -83 -99 -11 105 -113 -24 18 101 73 17 -92 -87 -90 -46 -105 54 -46 -34 -37 -52 -83 111 -11 -30 42 -1 -102 -93 -20 88 -20 79 31 112 101 57 25 -2 -85 -9 -110 41 -68 -2 52 -95 67 -24 -67 60 57 58 119 -56 -113 -126 46 -39 -37 109 60 -50 -93 -38 116 -11 62 44 -30 -65 5 -101 37 115 -71 42 70 -7 -116 -13 -122 117 -105 -91 7 -55 -56 92 70 95 45 -73 -94 107 41 122 78 99 -62 47 104 -94 -8 20 -52 -58 -28 74 -120 -57 19 59 -18 -110 0 0 55 -110 -128 63 111 34 124 62 -36 34 59 43 -89 -24 -70 31 28 -108 -13 -126 114 47 -85 -12 33 -122 -79 7 89 -37 -45 48 -59 -25 -23 -79 71 -92 -125 -6 112 -28 -34 -68 -81 90 21 60 108 -1 17 115 47 68 126 112 -63 -73 -65 72 94 -96 94 86 64 54 -54 -74 -6 -14 19 110 98 -55 67 -96 -22 -76 57 -13 1 -101 73 28 -106 119 -102
-33 53 -18 122 103 -55 -88 -109 -100 18 115 106 -78 -25 -17 25 -23 -66 -30 54 69 -12 58 94 -38 89 72 27 69 -55 99 31 -92 37 41 -127 -71 -128 -86 -4 67 -73 -82 -82 -10 -14 95 -46 39 112 41 24 117 47 -115 6 99 123 -124 21 -1 -28 -120 -125 -118 31 -8 18 -26 -69 57 88 -2 74 -91 80 -31 107 -50 -30 -46 -128 70 -10 -124 -114 -94 -114 -92 38 127 -28 40 104 113 -105 105 -10 60 66 -33 -2 -126 -97 89 -44 20 106 -40 -31 38 -94 -27 38 104 115 -15 -77 86 114 -60 52 28 -46 26 -4 -78 -122 27 50 -64 27 87 -16 -115 101 71 -64 52 -32 -52 78 85 -4 114 48 -29 19 -81 62 23 23 -118 -30 94 -103 -28 -39 41 -61 -27 -35 -85 -1 -28 -115 24 -73 -70 -66 -4 36 0 -36 11 -97 -18 7 -90 95 -7 90 96 -76 8 92 -48 9 43 -98 59 74 23 55 86 -80 -49 92 43 30 115 5 -87 38 -10 110 -21 79 16 -6 123 17 78 46 -76 4 -92 -116 96 45 48 -106 75 63 2 19 -36 27 -115 80 -114 -40 -21 -96 -87 74 118 -75 -84 66 102 -123 -124 -54 -69 19 -50 95 42 -117 -7 83 -116 38 -124 -61 -119 -34 -43 98 119 -54 -34 -25 57 -102 -42 30 -56 102 119 -7 -116 1 70 -89 -42 -23 1 97 42 -14 18 125 -97 126 92 45 -24 123 25 -51 -66 -94 -24 -3 -47 75 68 -12 -122 105 30 34 -34 85 99 104 -18 127 58 122 20 -23 21 -6 107 -103 -24 -122 123 4 76 86 -127 -75 23 -89 41 -79 98 45 5 86 69 -22 58 36 66 -13 57 -60 71 -20 4 76 72 -95 -30 -16 94 124 53 123 -89 94 36 119 -38 -11 -17 -83 78 -12 -57 49 21 -89 -79 -4 62 -34 -13 -52 -114 -73 -38 57 -27 -93 -87 36 -69 -8 125 -124 -4 29 -19 -125 8 -123 -15 16 -77 -117 51 -128 -71 90 -67 -111 -13 39 -47 106 -15 32 -22 33 -26 57 -13 -83 116 -14 90 -31 -85 -5 124 -128 -25 10 -1 33 80 11 -29 -95 -57 18 121 -1 -7 77 -70 -35 117 57 87 -51 19 -70 -31 -69 -79 15 -100 58 -77 48 32 -121 -52 50 38 -27 55 -48 -34 40 -1 -53 -63 -31 65 14 -118 -20 42 -65 99 111 -8 41 100 34 -49 6 -20 102 45 -12 113 105 -118 71 -118 87 83 90 -56 -106 105 24 127 38 -23 0 30 109 -87 -18 7 -105 23 35 -15 47 -34 -72
69 60 2 -111 -46 60 19 -99 -62 -118 -92 13 108 45 121 94 -93 -109 -42 -51 15 -37 58 127 112 -47 -114 -55 88 36 120 -108 -9 -63 -102 -68 6 38 120 -77 -3 99 37 -56 97 -108 67 116 -40 -88 3 77 -80 -111 89 127 -123 62 80 96 -20 89 36 85 79 24 16 -1 -69 -97 -91 115 48 22 96 12 -67 72 -24 59 85 25 -35 19 -6 -120 37 81 20 99 -119 -8 -111 91 59 40 -1 59 -87 34 -28 -124 61 -79 -95 20 84 -101 94 69 -25 93 91 126 -79 116 57 91 -44 3 9 -73 -56 61 -29 -77 117 -59 56 62 -22 22 21 -104 22 -101 -14 -5 -103 4 -62 87 54 108 -20 91 53 -102 28 41 -115 -111 100 19 -45 -82 114 -69 -120 -11 -24 -90 -96 -25 15 88 -80 16 23 -110 83 -99 106 20 -85 16 56 -77 -25 -52 -71 -86 63 69 -117 26 -71 -105 39 -21 91 115 -91 -7 11 -62 40 -20 -87 16 -74 -114 -87 103 -109 -97 85 -104 -128 -10 -15 -73 -107 -68 -6 19 -87 -84 42 -58 52 -88 2 84 -96 95 94 -66 -25 1 -53 64 100 117 -90 72 -50 -39 -106 -93 -38 108 105 25 5 12 45 3 -121 -33 -66 -57 -42 110 -6 2 44 98 -46 101 9 -75 94 -50 -9 -117 -89 -111 90 -7 -58 -104 118 -81 47 -58 -43 69 -96 85 -64 -101 14 61 108 -53 -68 -99 124 97 -16 -59 -26 -25 80 106 58 -3 107 -19 63 83 107 -58 -62 -101 66 -42 -118 30 43 -31 -58 -108 124 -27 -35 7 123 41 59 12 108 -96 -18 80 31 35 -79 -103 -13 -72 -99 108 98 -117 76 -12 22 -84 -68 -121 24 -60 5 31 124 78 -42 -30 16 96 70 -32 -57 -23 -74 124 -121 -62 36 -64 20 123 -7 -18 112 14 -51 83 90 -55 84 -10 -56 2 82 85 7 -113 44 -11 -30 107 102 54 -24 -6 6 -9 -101 -6 -123 34 68 87 104 -92 -51 -96 -49 -16 56 0 3 -43 -49 -84 -57 21 -31 24 -24 -93 -17 -66 47 15 -43 -32 61 126 122 -109 38 -111 -110 -37 -122 97 62 -5 50 44 -9 -93 76 42 6 -59 -89 -123 54 46 -99 56 80 42 103 -92 -90 -105 -63 88 28 55 -30 -107 68 109 -58 8 -17 35 -73 41 -107 -46 -3 20 -34 4 111 16 -12 -37 -90 -20 -29 -6 -42 60 110 116 106 -44 0 -14 -91 100 -83 -17 32 79 -51 -32 -88 -28 39 -18 -66 -105 -44 -1 79 -28 -14 5 -71 -52 12 85
-15 -33 -59 -103 -90 84 126 -79 102 105 -21 35 101 33 122 79 77 78 -109 -108 82 123 70 -18 86 126 70 -88 4 -67 73 3 -117 95 -16 96 61 -65 -32 -8 -13 -107 125 66 -11 45 -76 -65 -78 -30 105 -17 -40 -68 13 4 -93 -44 0 -73 -81 -7 -47 96 -69 -84 86 64 -64 -104 70 87 44 -116 -105 101 -90 -12 -79 70 -117 66 -53 95 -111 50 -57 -96 102 97 126 -117 117 86 59 -85 117 -68 35 -126 -110 -66 -27 66 -103 -116 76 31 -79 -60 108 65 38 -45 15 -51 -123 2 -119 106 69 -7 -23 -10 121 -33 -60 83 -104 -31 -40 -13 95 -96 5 58 41 104 103 -1 80 109 -118 -85 31 38 -51 -56 -29 33 -108 -112 13 69 10 -30 -40 123 106 -119 -52 71 -20 125 25 82 100 -46 70 -78 44 18 33 96 78 29 68 -64 -110 -103 114 125 -84 -23 104 -7 109 31 13 33 123 -119 -6 47 -54 102 -90 -63 32 118 -106 -59 -38 13 59 18 -86 88 -81 50 4 65 75 88 95 92 82 -72 -51 1 9 -93 -35 94 -58 31 -7 81 73 -71 -60 20 68 62 -106 -37 -100 6 -5 -37 61 -7 -127 39 -43 3 115 -118 85 -52 76 -98 -34 -77 -17 36 5 54 -79 113 48 -59 115 12 65 -92 13 127 14 16 86 83 50 7 -52 -99 2 -98 10 -23 2 25 28 -104 4 -124 115 45 -101 39 118 -34 115 -97 -61 -2 -107 69 68 101 -2 -37 -60 38 93 46 7 -98 -101 82 1 60 66 42 -107 -8 110 118 -41 99 49 98 -119 95 -13 -93 -37 100 115 24 -39 82 -105 115 -92 -71 23 80 36 -27 15 43 35 -67 -27 -53 -122 123 -87 -26 96 12 95 -50 -120 -128 -83 -31 79 29 -83 118 -60 -95 -83 -91 -16 115 -125 -98 -91 -80 -47 -112 73 -79 -93 -14 -43 73 22 109 -93 98 -124 55 120 -79 -59 -13 -40 42 104 94 -113 18 -96 -37 -49 13 -11 79 28 81 -56 60 -67 -7 53 -72 99 114 95 120 69 -97 -126 -10 -39 -18 48 91 -74 73 3 -109 68 18 -92 -67 95 -85 41 96 61 98 -34 106 102 -102 33 126 83 -22 108 -126 -55 -60 56 -88 115 123 86 9 20 -120 -7 37 -13 107 -6 113 -76 -49 -18 -105 50 -92 -57 122 66 -121 -128 47 -46 -9 -72 -101 114 6 -93 -11 95 60 76 14 91 84 -96 -122 -86 -41 -14 -93 -87 93 -2 52 81 -92 22 59 -48 87 -115 2 -81 74 3 -50 18 76
106 33 72 -52 54 108 104 -27 -67 -12 24 127 -41 -58 -89 21 -18 42 -117 -24 1 75 4 104 3 -95 127 0 56 98 118 5 -11 64 51 85 19 12 75 48 63 -84 -37 -106 64 85 -128 47 112 86 44 -120 88 42 114 -40 24 -59 46 -1 -59 67 59 -48 -8 9 70 110 82 -4 126 -38 -37 -76 -32 43 -52 -100 -123 -86 -8 -52 -112 56 99 118 -115 -32 97 -97 -110 -90 87 -55 -63 77 -10 63 -28 64 70 -72 -86 44 91 106 1 -82 -16 5 62 -17 72 105 -36 -23 -35 103 -56 80 74 -6 31 80 -26 93 -43 37 -40 52 118 -30 103 -70 -60 9 72 -106 -55 -43 -83 61 119 -95 -56 -123 -109 -62 82 -24 127 -39 -90 78 -84 120 -107 28 104 -12 39 5 11 -49 75 8 -54 -82 -9 73 -4 22 -95 -6 -13 54 -22 -20 68 25 -41 40 -74 -47 -49 -51 -93 54 95 -80 45 45 9 -28 -94 -43 -126 21 -99 -42 -62 111 108 -47 51 95 -22 -95 99 89 -103 106 -72 -74 -103 -7 10 37 -51 -48 106 120 -63 107 -83 103 51 -5 110 -6 122 32 10 -51 -104 91 115 86 -30 92 -69 17 49 125 -96 10 125 50 104 71 -23 -11 -91 80 -44 -61 -125 -30 26 105 -70 -47 -16 110 -14 86 -53 105 118 96 50 52 25 -23 -123 116 -108 110 -9 59 113 123 19 109 -43 14 8 93 89 25 51 -18 -98 -42 -71 -59 -108 -62 -93 30 9 103 14 38 -93 28 100 0 127 -108 40 -31 -74 72 8 -94 24 -33 88 -72 108 -38 -2 63 34 -35 -21 100 -14 125 -47 63 98 6 -127 -106 -118 93 -66 43 -9 -48 4 -84 -8 55 27 109 -107 -10 62 -117 25 14 -122 -60 24 -101 -83 21 72 -98 8 -90 65 70 -115 43 -86 -66 -64 32 122 -96 -111 11 104 -97 59 -116 -81 18 103 24 -34 34 57 103 -57 98 -109 16 -71 89 -34 -102 74 59 0 -114 -50 74 46 -85 -125 123 18 -8 34 -49 94 -36 -93 38 -32 66 -122 -120 110 -93 -76 74 51 -27 -17 113 -62 55 -110 -15 -113 103 83 85 13 -46 85 6 -46 -29 114 -52 -41 32 -73 100 -68 47 -27 -67 -59 -67 124 36 116 63 87 -97 15 -10 127 -33 -55 -9 113 83 103 116 18 59 124 124 -17 -13 -72 -32 -84 78 2 -69 -89 -3 -128 98 76 18 -113 -42 22 103 -44 -113 4 -32 -20 24 119 19 -76 -46 -107 -103 0 124 50 125 -34 111 32 -122 -36 -40
-49 35 -23 -57 102 -23 11 -33 -122 -71 -80 -94 123 -49 16 -128 82 -3 -74 6 -45 127 66 4 -16 30 -17 -48 109 26 -66 -42 -85 -22 -20 -51 95 80 112 11 -24 -120 -51 -37 22 -35 -27 -119 -71 -68 113 -77 -48 -101 63 -68 65 -52 -117 -91 42 -34 96 35 -101 -69 124 -20 98 -14 -29 45 69 110 -50 88 82 -12 -34 125 -32 -110 -15 32 -44 -53 -83 115 25 -59 -25 -44 68 -20 -53 113 11 -24 -78 -27 -45 32 -67 52 -83 56 -75 41 -102 117 -82 -125 29 -62 23 -112 -43 -74 89 -111 -57 -125 14 -46 73 97 36 -71 -73 -96 -49 40 102 -62 119 72 112 98 55 116 -17 -6 12 -4 61 -77 -126 -10 41 16 -37 47 59 111 85 -82 5 70 64 -115 87 126 98 47 -56 -106 -125 127 67 -28 -73 1 11 -39 85 78 -41 -13 57 20 -78 2 37 102 -48 4 -99 18 73 18 29 91 73 49 -87 10 84 -96 6 9 -86 -101 -10 67 -101 55 30 -67 82 46 127 107 115 35 -22 126 -9 116 83 -126 18 -83 24 -31 61 23 -14 -120 -32 -102 62 -97 -98 -8 -110 -27 74 73 116 48 -112 -34 106 -59 -73 127 -125 -103 -118 46 -19 -87 31 -90 108 -73 -71 76 32 -105 -90 78 122 -85 36 60 -109 29 44 29 114 41 41 -40 -51 67 21 105 -42 -124 -112 -82 -75 -32 -97 37 -1 66 -39 -16 -20 99 119 52 -29 64 -59 -115 31 -50 -4 84 -67 -31 -72 50 121 -27 27 124 95 91 -21 0 63 -79 60 77 -116 64 -115 104 -37 49 89 55 -50 123 101 107 28 -98 37 -52 13 79 49 83 62 35 28 9 122 115 -97 -112 -81 -87 -112 102 85 27 106 -93 -105 -10 114 33 127 -78 -65 -38 -68 112 -38 105 -27 -54 -125 -76 28 -8 65 -82 23 -35 -9 120 119 -64 83 -124 -65 -107 43 96 63 80 106 64 94 61 -83 110 35 112 116 -82 113 82 -128 28 -33 -110 -31 -107 20 39 -54 -28 10 16 78 -90 -57 123 -18 84 -22 125 -63 2 -105 -85 -98 -93 -67 -17 -119 120 -65 20 -93 -37 -56 62 86 -49 78 12 0 38 -52 -61 -98 27 -7 -17 69 -108 -12 -91 -47 100 88 8 -63 -19 66 127 -93 -80 81 118 34 -73 75 -50 -25 103 83 -77 -40 18 -23 16 22 67 4 -30 19 60 -101 121 -8 44 -44 -26 -115 10 10 73 99 -5 -125 27 100 -84 -24 -109 67 -18 33 -66 34 112 -17 76 -91 -16 15 -21
-113 35 76 -117 -76 -122 -14 -92 63 -60 92 64 -61 31 116 -128 123 -39 -50 54 -54 55 23 74 10 -80 -58 83 57 119 17 73 -60 70 121 10 -72 64 29 60 69 -21 56 83 -93 -7 -125 92 -15 45 111 -13 5 -8 -94 -111 -46 -106 58 -57 -49 -77 37 76 12 -44 -71 -121 -68 -95 71 123 8 48 53 -60 -15 104 37 86 -90 -68 -54 1 109 -47 21 99 -121 -56 39 -26 98 31 -5 -120 -9 64 47 56 -48 -7 -34 -67 -17 -68 52 0 58 88 -78 -14 110 -48 -106 72 -70 0 -123 -6 -46 -98 90 77 122 -107 -63 68 83 -18 35 -12 -108 91 -10 94 16 -97 -109 113 -88 62 -1 -13 23 108 -5 -108 -17 -70 -23 91 -8 6 79 -121 118 -60 51 35 50 -68 29 8 -43 77 -5 -82 -57 35 -10 -4 -66 -31 34 79 92 103 -23 -16 88 85 80 -22 106 125 95 -9 -101 -75 -89 34 -106 -110 -109 -10 64 0 56 -52 65 -108 -86 61 -8 -115 -124 -96 26 29 -30 -69 -85 -82 43 -18 -36 -75 22 -119 42 126 -18 -49 81 9 -22 72 101 -43 18 -32 -78 75 -35 -17 -43 -92 -107 30 50 -102 30 122 -99 -121 -62 23 23 100 -103 29 -29 98 -42 90 39 66 -120 9 -124 85 -84 30 -58 24 -42 -47 91 -108 -1 71 3 -25 -24 61 -78 87 -87 20 44 -3 -120 -6 47 3 -12 89 73 -24 74 5 -31 -80 -14 4 -76 -11 -56 -35 37 23 71 21 -100 -49 125 94 56 57 -55 110 -17 60 114 -107 -71 -2 -79 -70 56 -12 67 -89 -94 49 65 -107 123 -121 -107 58 -64 85 -110 99 -47 5 -39 16 -61 115 127 97 -22 -127 67 -85 -127 94 -23 100 -121 72 50 29 -7 -89 45 65 6 -26 -124 -6 93 -35 -41 96 -43 73 -109 -5 -120 -58 -99 59 -88 -40 -77 61 86 -86 -67 -8 -105 -96 70 17 59 -124 -60 73 -127 79 39 -112 -62 -39 -78 47 88 62 -6 120 -46 105 22 73 -39 81 49 -6 -56 -6 -60 -80 -6 95 -10 115 -125 -78 30 -51 -36 27 67 -59 -43 -124 20 -84 -17 -75 -102 98 1 74 127 11 39 -77 -117 -125 51 95 -18 23 -1 -46 35 -8 -28 112 75 25 -50 -56 60 65 113 86 0 -117 -76 -48 -54 74 -44 -58 -18 86 -43 -95 -106 -20 103 83 81 -96 4 -121 -5 120 32 -29 72 -16 93 113 72 113 -80 -99 27 64 10 -98 -49 -28 -71 -55 -13 56 64 86 -98 83 38 -12 -63 97
-55 -123 -68 -28 -72 44 -1 -49 67 18 -14 118 3 -123 -30 21 -117 91 10 7 -122 -26 106 88 -19 91 114 61 -41 16 -54 11 -51 95 38 -6 110 -42 -105 4 68 -88 80 8 76 61 101 -95 8 83 -112 -56 37 -44 39 78 10 35 6 -31 -40 -105 33 109 -38 -110 -106 104 -105 -21 109 -38 124 -70 123 -31 82 33 19 -90 -65 105 -81 73 20 -19 -112 0 -120 31 43 -8 68 -116 41 -70 -87 -104 -111 18 52 63 107 -84 -70 50 -64 -40 96 -113 6 60 -118 17 74 52 11 96 -100 126 -10 -18 11 6 -24 16 -38 73 -66 17 44 35 104 -41 -73 36 -26 -56 -40 99 103 -56 99 -11 -58 -75 44 57 89 50 -60 -9 108 -75 96 -111 100 108 4 119 13 114 25 -2 -95 -53 -93 19 44 -116 117 -22 -11 66 43 113 102 84 -5 -101 112 -53 -4 5 110 -40 70 114 -34 93 83 -110 61 -18 -97 -106 94 81 34 116 91 -11 -20 -72 31 103 27 -72 95 -27 54 -1 68 117 -15 39 22 29 -56 -26 -117 -50 -88 59 106 48 -29 21 -123 36 -116 88 -120 -76 106 -121 -83 -6 -35 2 60 -33 -115 -51 69 74 -125 118 -18 -62 122 -83 106 -69 -64 -104 110 -115 -92 -10 93 -92 117 -2 6 39 -23 23 16 103 -12 -90 -7 111 -108 114 5 47 22 -10 -58 -115 -18 119 79 -7 -52 93 -106 -103 16 -17 115 121 119 68 19 -53 -88 -120 -69 94 75 90 -66 127 -86 78 -1 50 -68 -114 38 -94 33 109 -65 -45 31 -4 27 -103 -80 68 121 -66 62 -108 -51 85 -27 -9 -39 63 -29 64 67 -109 98 -81 75 -58 -54 75 88 -56 -11 79 -45 78 89 90 108 -35 -67 -7 -126 25 6 40 -58 -93 15 -24 16 -5 -109 118 -18 -98 -17 88 -96 -116 123 -106 101 104 24 71 -107 -53 -90 18 -93 -32 50 5 118 -18 30 -91 32 -57 -81 37 -25 -120 18 30 -80 96 51 -10 67 35 84 22 -73 -53 41 -19 -43 -116 22 -60 74 -58 102 -98 109 -78 -7 119 122 111 -10 96 -122 114 -31 -117 65 -94 -81 -41 35 -62 7 117 95 -2 -97 -4 -84 -38 63 -61 -78 -103 53 -32 17 -86 15 0 -127 20 90 12 87 74 -17 -68 -95 -125 -15 -5 -46 90 25 -7 29 99 -69 96 73 -37 -58 -113 6 106 -99 51 -27 -73 -78 -19 36 102 10 -42 -116 19 120 -20 29 -25 -88 85 -40 12 -32 -71 -35 79 -74 -16 -45 -99 -44 -66
41 -54 15 -101 -128 34 25 109 17 -77 74 -9 28 81 -74 2 -74 115 -74 -80 -24 121 -113 -94 7 45 -60 49 -20 53 -18 -74 73 -78 -122 25 24 24 56 -112 48 -52 -126 30 -43 109 81 12 -38 65 -3 31 89 22 30 -61 -57 -64 -105 23 -20 7 -44 -120 -32 88 84 2 -78 -20 -34 -84 63 41 -97 41 112 -51 -62 29 114 -125 43 -113 107 -32 3 -38 -5 9 -11 38 14 -33 -32 -25 -91 -63 127 -72 -8 79 88 22 26 69 -75 -31 -16 0 53 -7 25 -30 20 -63 98 -111 40 94 85 -50 -16 -35 68 100 0 -97 -112 71 31 16 27 -127 -89 2 -34 -51 -72 28 85 24 -42 -125 121 -93 -36 47 22 -3 -25 -83 -39 84 88 -92 -92 3 49 -89 -93 85 91 109 34 4 109 -86 90 -57 -35 23 68 73 22 -60 62 -99 -32 43 47 53 -14 -124 -111 124 -35 -107 34 73 -95 72 7 125 67 122 -125 -40 126 57 -34 78 -50 14 119 -26 61 33 68 -77 -19 -37 -104 102 50 40 -6 -18 123 21 66 48 73 -4 -114 112 -107 65 -121 99 -34 -18 88 -47 48 -79 -62 -20 87 -2 46 19 -64 9 -116 4 -7 3 -121 106 -121 -88 -115 -52 32 39 -98 -104 115 80 105 52 -45 -90 -25 -51 10 72 3 -128 43 -45 -2 -113 30 113 3 -95 -62 2 37 -33 63 -118 45 88 -81 -67 5 7 -43 -11 -11 67 -32 101 -1 22 33 39 -70 23 -21 115 -85 51 -83 -9 -5 -95 -64 -75 7 -122 99 -74 55 -23 68 65 105 -8 -16 40 127 -124 -74 -38 -11 98 119 -5 55 71 -54 -59 -5 -126 108 76 77 7 88 100 -64 -125 -2 -55 15 62 -61 -61 -81 121 121 -98 -101 113 37 33 -114 -10 -18 58 -45 45 77 -62 -14 114 117 46 109 74 92 -14 -13 14 29 4 102 111 85 103 97 95 89 88 102 -109 -30 40 -114 -22 117 -107 -5 -90 -18 95 -18 -91 23 -67 39 82 -109 79 14 61 24 -42 34 -40 99 36 -70 66 -75 -124 73 114 44 -51 -78 69 50 -83 62 77 -38 -101 -59 36 124 -95 -102 80 -50 -15 100 -19 55 -2 -99 50 -96 -52 -69 -26 -28 70 -99 -91 -105 -64 -91 21 87 61 61 -100 -33 -106 -24 -9 114 65 124 -23 74 88 -57 103 -31 53 45 126 -97 121 51 57 -1 25 -16 97 58 28 -38 -60 -8 46 -67 -49 32 121 84 -80 48 103 34 -98 34 110 104 1 -67 35 38 49 -76 123
123 -19 107 98 -15 49 -13 -119 110 -88 -100 39 -31 66 -99 -83 -100 14 -5 -96 101 -33 -93 -84 97 -7 -87 -11 -93 89 -37 4 17 60 -47 84 -52 -3 -108 -52 106 75 82 1 99 -22 -111 3 -41 16 29 84 59 -101 66 4 32 70 -43 -105 -8 -36 54 -67 0 -120 -56 8 58 -69 -30 9 93 -23 -15 97 57 -63 119 87 64 -83 -59 -93 -26 -24 -66 -116 -71 -43 -45 77 -125 101 -91 67 -12 -38 -77 93 19 -116 126 111 59 -78 -13 -127 -63 -120 -50 95 41 127 48 -16 -59 77 -102 -108 -45 -15 111 54 -16 -114 -44 55 -121 35 58 70 79 50 23 61 -115 6 120 -95 -104 101 28 55 -36 -121 -102 23 -33 56 -35 61 33 104 -55 -126 -67 -92 91 41 29 106 -62 -7 1 23 125 0 104 106 -101 58 19 -112 30 -59 -3 68 -62 19 -56 42 -18 -36 -124 -125 96 54 72 -86 -97 74 23 43 114 93 124 71 111 58 -20 -48 -72 37 70 -16 3 -1 27 -18 37 88 1 6 62 40 -121 -81 -58 -73 -33 113 59 -2 46 -113 42 -36 4 -100 -93 29 42 -28 -18 41 -111 -114 -73 -66 -74 103 -83 -34 -41 -35 63 43 72 -37 -59 36 54 -91 -90 70 38 47 -27 -49 126 -19 -14 -107 60 -51 0 -10 -36 11 -117 124 122 125 -24 -51 -39 20 80 -106 32 -16 83 83 15 -15 -98 98 62 -44 74 56 126 51 105 -117 -107 27 -67 -30 39 92 -22 48 38 35 28 5 91 -23 49 98 -87 -40 -9 -72 -5 -115 -125 22 7 -46 -122 -11 29 -59 110 65 23 -19 -101 -19 -10 63 42 -29 -77 -84 -9 -115 -67 33 125 81 8 72 110 87 -106 -98 -56 -111 90 79 44 117 -41 74 28 9 -46 22 -6 -127 44 -44 95 11 82 55 42 124 88 -25 -32 -23 73 -63 36 -54 -26 -110 -127 109 -128 30 39 9 -100 14 69 -37 -40 20 -105 -55 -78 14 18 124 53 84 -14 6 -36 -128 -96 -125 -28 29 26 -42 36 -120 35 33 -62 68 -127 64 -118 24 66 2 -32 68 19 70 111 29 -17 119 95 40 121 -80 -48 -62 108 -36 59 29 77 56 46 -10 74 102 -91 105 80 8 -70 -48 -79 113 -51 60 -112 -40 37 2 -49 53 -116 -93 -57 34 -25 112 104 -106 74 23 -16 10 -112 -1 -78 77 -79 84 95 -103 -89 -63 -64 -104 -60 78 -16 -28 63 -57 125 8 -38 -66 68 -59 81 41 75 70 -81 6 101 27 -49 6 1 -118
123 -101 38 84 -64 58 73 13 -128 -59 20 93 3 -103 31 96 36 22 -110 109 78 -21 67 -31 78 47 88 25 35 -102 -50 -88 37 -29 113 -29 64 23 36 -83 7 13 -24 63 -90 -9 -50 104 91 50 -128 62 -59 95 123 99 -83 18 22 -24 -53 -94 84 -63 -115 -127 118 40 54 -41 51 109 33 -24 74 -11 -86 38 -45 -71 -90 104 -117 50 -24 -91 -55 -68 54 -10 127 69 -18 29 4 6 119 -22 37 -12 -79 3 -76 70 -48 -15 42 85 5 116 -23 71 -70 19 -28 -120 -74 66 -101 2 -58 87 -117 -19 74 124 27 -20 111 16 -99 -58 112 78 -17 -29 21 2 16 116 -116 75 -99 -62 -97 127 -87 85 53 8 6 45 -59 22 -52 90 66 -46 -93 -84 -39 7 93 -85 17 101 -76 38 -114 51 -68 92 111 -73 59 18 118 27 77 30 -91 -6 -69 -46 65 117 -10 -93 86 -124 103 -128 37 -113 40 98 51 -80 11 -115 89 -12 -58 106 124 52 -65 -109 52 -18 -90 -74 2 66 24 50 -89 30 -114 113 51 113 81 -80 122 51 43 30 -42 45 15 28 108 3 85 9 -30 -93 57 105 27 -111 -80 -47 -28 -84 -23 14 -118 -83 103 113 3 -83 12 -100 -31 -124 -39 69 -3 -62 50 -97 28 -79 -14 -126 -61 117 126 99 117 99 31 -34 -23 48 21 15 -93 127 -44 5 -95 113 -51 -120 38 -86 -33 -61 37 95 -128 27 -57 -96 -103 -87 33 -66 7 -101 -42 -109 -13 65 -6 -104 -80 -60 64 -11 9 40 -13 -49 -95 -49 -28 -13 -78 -109 -18 -91 97 122 70 -61 -92 -53 -128 17 0 104 47 99 -92 -33 6 89 94 105 -50 -91 -1 37 -49 -110 -16 -11 108 -26 -89 96 82 112 -120 -68 26 -97 70 23 37 86 -121 -41 -73 -45 118 2 -125 56 54 -127 29 -106 -10 81 -111 -43 -112 57 -120 107 105 95 77 -63 114 69 -48 45 65 97 -121 -98 -119 2 -64 -20 49 93 38 95 101 111 114 114 -125 -40 -17 -70 45 -88 -88 96 -109 51 97 87 4 -13 -65 79 -19 -125 46 -80 76 45 63 57 113 49 61 -8 45 -106 18 71 -76 -112 80 34 123 110 106 90 96 53 -94 -37 118 122 94 109 70 95 125 -7 104 -45 -104 113 112 -60 42 -52 -50 -37 77 67 -113 -60 -89 108 -83 -95 45 -117 -76 112 -53 -70 53 98 4 -2 25 -102 6 -4 68 127 19 8 -12 96 89 -30 77 -38 20 60 -27 -38 -54 -126 -40 -73
-29 -109 115 18 106 56 122 -33 89 -126 -97 -17 20 35 54 102 44 -70 85 -36 -6 -112 -60 -98 7 -80 -37 73 -72 50 -84 107 61 92 -119 -104 -126 116 22 -105 16 -37 -92 -92 66 -79 113 124 -51 87 124 55 -29 88 -85 -95 -101 -54 -119 92 -111 0 105 103 -31 -61 96 59 -80 -36 -122 92 -3 -117 38 41 74 115 38 113 -100 -61 0 50 52 -122 -113 -87 45 -50 -118 58 -32 -51 44 -43 86 -87 54 122 -106 119 16 -84 -111 114 -20 -64 23 -127 83 1 -71 22 -20 -114 -18 63 121 -11 68 117 -58 -24 18 23 -115 19 53 -25 -86 -62 -91 -2 11 -98 -29 47 104 78 112 -86 -37 -54 8 -95 49 -31 58 38 94 -9 -74 -86 -6 -33 113 107 77 109 -50 -108 -28 113 -71 19 121 102 111 15 61 -34 -5 -93 -45 -119 -116 19 -48 -73 72 -49 -39 -99 -11 -54 -113 25 57 85 -39 121 13 -75 -43 113 50 -100 15 -128 47 109 95 -122 3 -5 -117 92 8 -19 44 -30 -114 -63 103 57 108 31 6 -59 89 -60 -4 88 -68 -126 -22 6 44 -111 51 -73 -13 -35 82 -120 -89 -72 -73 29 -106 -2 -73 21 -72 58 30 60 -35 -79 92 8 52 95 -65 -31 -95 45 -33 -98 4 -60 -11 68 106 99 -85 46 -61 -30 -77 19 31 -98 -96 30 -57 73 124 6 -60 -30 34 88 -41 -8 38 -61 61 -18 35 81 -26 20 78 -104 88 53 74 47 -64 103 -64 -14 35 -125 -13 113 89 87 21 43 44 26 -116 -54 118 -113 -16 35 17 82 50 -21 -53 -79 125 -20 104 58 -92 95 -28 -91 65 80 -67 -45 120 124 33 102 -11 -51 -15 101 91 -122 87 57 -64 -10 102 122 -30 -88 -119 -37 42 -7 -63 57 -83 -29 -34 60 18 -116 23 -113 -94 47 86 58 71 83 15 -32 58 -95 120 -11 38 21 -33 38 -79 123 46 17 -4 -59 37 92 -90 -1 45 44 -77 -60 84 81 29 -17 -105 33 75 -57 40 16 -60 109 -114 46 29 -102 -90 119 7 17 -61 -45 7 -19 -36 52 101 -126 -104 -20 60 -53 18 -76 109 -96 -104 81 -116 70 -86 120 51 -120 -62 -54 62 -7 -63 75 120 17 66 -33 35 -75 76 -115 38 -13 50 74 -5 -36 -5 101 -14 -8 115 93 -64 -16 -106 -25 100 -53 116 57 -28 92 -88 48 31 -106 117 87 78 -63 -82 -122 -84 -96 58 -68 84 -108 -68 66 -62 91 21 -100 11 16 51 -80 39 -44 -104 -57 72 12
23 -97 83 72 -3 -38 3 -101 114 -79 65 -17 11 -25 60 -79 63 10 -14 1 -67 -47 -108 -92 95 -34 -80 -113 -70 -105 73 75 -57 38 3 1 70 -79 -30 35 105 118 120 -33 -7 -3 -20 120 54 16 120 -47 11 -60 29 61 -2 24 94 -122 -77 -54 -36 42 17 37 -3 103 -103 43 104 12 -122 111 88 -48 -104 -14 -33 -85 -113 93 60 79 50 -55 43 -7 116 99 -78 77 65 91 -38 119 -76 -50 -87 -22 92 -85 -41 68 117 77 127 110 72 116 87 13 60 -94 88 54 18 4 42 111 62 -107 126 -1 72 -8 -123 -117 116 -36 14 76 3 111 79 -90 90 -40 -33 112 -89 62 -115 21 -85 -102 -74 46 -123 -38 100 -52 -73 -87 31 63 -48 26 94 77 19 -123 -72 -35 41 -35 22 -84 -13 -51 29 82 -79 -114 -124 -38 -99 -72 78 74 26 97 111 -41 -67 104 82 -79 18 -51 -86 76 91 -102 -3 97 -23 -84 56 -54 100 -26 -24 -88 16 -97 -55 -122 77 -14 117 88 -121 122 -18 73 -51 6 55 46 115 -67 21 -48 21 113 -17 -69 63 15 -72 112 -51 -60 66 -14 -8 110 77 -90 58 -122 -114 10 97 61 66 14 126 -42 -125 -86 -82 98 -50 89 -91 41 -5 -78 42 3 73 119 123 -43 -114 40 90 87 -77 65 105 -35 78 85 -60 43 -6 -98 -66 -114 81 91 39 58 17 112 14 61 -52 64 98 -64 14 -45 42 3 -50 -97 39 110 126 17 82 -37 5 10 69 -86 89 -33 -51 62 53 12 37 16 96 -10 113 22 97 94 37 62 -28 -71 -7 -14 -41 -49 12 -37 37 -116 108 105 93 105 -92 65 16 54 -125 -55 -1 -34 83 -109 -61 -20 76 75 -9 45 15 -62 107 116 -48 -51 78 -72 38 65 -122 28 -84 -127 61 75 -88 -53 -27 -45 -18 -16 -101 1 109 22 50 35 -38 -123 -117 -22 32 115 93 39 -103 -36 -37 -95 61 -61 -59 -116 67 -121 37 -19 -102 81 1 -42 84 97 60 -90 -23 -38 -125 59 108 47 -42 97 69 -116 122 12 -44 -74 -104 -117 121 14 -38 85 77 -59 -59 -110 2 42 -52 39 -24 79 10 -71 86 5 -65 97 -63 82 111 111 123 -61 114 81 67 123 123 -41 20 26 7 -112 84 -120 -33 53 -67 117 69 -26 60 5 -83 6 -40 36 77 88 -107 -29 -21 0 -77 13 -75 117 -34 66 124 54 -4 -27 -30 -51 -117 36 -25 -25 -44 8 82 -30 -54 16 -37 -59 64 88 -32 -7
105 -28 -85 -112 -25 -45 -96 124 -65 96 44 17 -85 -102 -53 62 -120 96 -61 52 32 -18 77 -61 115 1 25 -104 32 81 4 104 -71 -126 56 -48 -13 61 44 -121 -45 56 0 -24 119 110 8 -30 -73 -107 61 90 -10 -59 48 -38 82 23 -79 -4 92 -118 38 -34 -127 -89 -77 42 14 126 4 0 -18 -47 -6 120 -32 20 -90 85 -97 -118 37 40 92 -111 -58 49 -56 -121 64 101 -99 112 98 14 -23 -31 -47 -51 -128 17 -103 97 -71 -13 -9 -3 66 39 -30 -99 63 -113 -32 96 -83 30 0 -42 13 -25 -5 117 -47 98 90 37 46 -48 66 45 12 -50 121 -45 78 0 61 -48 82 85 17 -32 -24 -23 79 -35 -57 99 -91 -65 56 55 -107 12 -69 95 33 -53 110 -16 21 116 -111 86 46 100 -6 65 78 -102 -7 37 -76 -125 -9 39 56 -93 -47 -49 86 121 -111 122 73 -66 39 14 16 48 -60 -122 -86 -120 -91 43 -60 77 -4 -52 101 -14 71 43 -101 -79 42 -64 -47 -126 -12 88 -113 -104 -7 -14 16 15 -56 48 52 123 109 -6 -93 102 9 -67 -78 -37 107 -84 5 120 -24 115 -68 -87 63 -35 46 -71 0 -21 -127 31 -33 -58 -47 80 -108 56 78 -29 -21 -122 25 -72 47 -2 80 10 -12 -16 116 -64 2 -31 115 12 -20 -92 -117 -106 -50 -105 10 12 -92 -102 46 -93 65 19 96 -89 78 103 -47 13 103 -84 -99 53 93 70 8 -127 -68 -108 -93 -80 95 -128 -127 -2 60 59 16 -70 60 -125 -101 -19 16 30 -74 -10 43 15 80 123 -56 -17 110 92 33 -31 -122 31 92 37 -71 -23 102 -32 92 -49 -98 -78 108 85 98 63 33 11 72 -45 42 115 -91 -65 -118 93 23 -109 -95 -26 103 -50 54 -101 -69 -19 118 -117 -103 -122 -90 79 -111 118 30 5 127 -26 -49 115 -74 -40 29 -123 16 -116 45 -81 -118 -123 88 19 -81 -36 17 68 111 -2 -12 -82 71 -49 -114 63 -78 26 -34 13 -119 101 -125 88 107 -114 -71 53 61 -105 3 -62 112 -17 49 71 72 -20 -28 -2 -53 -62 55 -84 65 37 116 -96 60 -86 -27 67 96 -36 46 -10 -86 -93 93 -117 117 -47 104 115 60 -73 -124 -75 -26 122 56 -122 85 -98 126 -16 99 103 -55 57 -109 53 -46 -43 109 -70 -67 -34 68 71 -31 15 15 0 -12 -57 59 -86 -80 38 14 12 -84 109 63 89 78 -12 -1 89 -108 103 -74 24 113 2 -52 69 -5 22 -29 -77 92 60
-19 98 56 -101 57 61 107 -59 119 -23 -120 1 104 63 47 27 -89 40 59 -73 -43 0 113 -121 31 13 111 14 -81 61 -109 -41 75 -58 22 90 48 91 102 -117 -32 -28 -67 73 -122 -79 75 -100 96 -128 59 91 -50 18 -64 48 117 53 -38 97 -23 99 76 -41 106 8 91 86 30 30 109 59 -68 -30 -121 -78 -54 57 -3 46 44 63 -52 -32 -108 -112 -81 -64 -30 119 83 97 -82 33 -117 40 19 -68 5 91 85 48 -60 62 -103 55 -40 7 7 28 35 40 16 -23 -105 19 18 127 -61 57 105 -59 83 41 54 -48 -52 -71 -91 10 78 -99 44 34 52 53 6 92 93 -96 110 59 82 108 20 117 126 61 107 24 106 95 28 -26 119 61 78 113 -79 -76 7 -11 -85 -10 -5 -49 -62 110 -87 -102 53 -83 -66 -122 -87 18 34 -45 98 -32 101 -39 30 -35 51 -38 -50 107 45 12 55 69 -101 -56 -61 -14 -44 41 21 6 9 -56 -15 42 121 97 -74 9 55 -109 57 40 16 -76 112 -14 -16 -23 -74 28 -2 60 -40 -39 27 -94 -103 30 52 47 -11 -119 40 8 -110 -2 105 -79 96 -27 96 77 -40 110 -97 34 83 -31 88 64 124 -92 -85 119 20 -72 -57 -68 -5 63 120 94 11 78 -93 -119 106 -25 -65 87 55 75 38 36 -33 -78 13 -4 40 21 -23 27 -26 71 -68 92 -53 -2 -97 58 -95 126 -104 -120 106 78 -93 30 -5 64 56 -27 36 119 48 24 -95 17 114 9 -12 43 -50 -49 76 -37 80 -18 -54 14 -45 39 73 15 5 -3 -79 10 -2 -16 125 53 1 -102 77 93 -18 -84 61 79 -14 -77 93 34 -55 50 84 -115 -57 5 42 -70 13 -30 90 108 124 -38 -83 126 43 -80 -122 9 -111 51 118 42 83 47 -82 -127 -123 116 -111 79 -72 -110 -11 -3 -18 120 -23 19 -31 84 -77 -41 22 126 -29 104 -117 -81 66 -29 93 -9 -37 69 -15 -122 30 123 13 -110 -5 -11 13 -10 89 -34 -71 -106 -20 -12 -21 -67 -35 -75 -19 -110 104 9 119 -7 -19 -57 7 -8 -98 14 22 42 -119 72 -124 -93 -94 52 -115 76 -32 107 -25 48 32 -59 -111 -27 -128 19 -121 -4 70 57 123 51 47 49 115 38 -66 -40 -25 -57 70 -96 -55 -23 -111 -99 108 -87 -84 -26 -34 109 -75 126 69 16 -49 82 -3 -34 113 54 -35 -28 -45 -38 -15 -83 -62 75 60 -85 105 113 34 50 74 -124 120 28 -44 -110 51 -20 -70 -31
-29 -112 -38 41 -128 -26 49 114 84 115 -113 70 -1 -5 33 -3 -13 31 71 -92 -82 67 18 93 54 27 47 -119 -89 42 -50 99 116 -106 119 -106 -121 -27 4 -63 6 -34 88 38 -89 -23 114 26 -128 -36 118 -120 -64 54 46 -62 12 42 -98 47 104 -104 124 22 15 -28 99 68 -122 19 -126 51 -112 -65 -56 -14 -127 -65 111 -1 -118 -86 10 76 5 -102 64 0 92 48 79 -60 -37 -70 48 -58 59 -43 -116 -70 -76 98 84 109 38 -15 122 -74 -98 33 37 28 -40 54 -8 64 -8 -48 -31 -102 -24 72 5 -110 -81 49 -64 1 -23 23 80 -90 102 18 -118 10 13 -40 -16 -85 120 24 77 -63 -4 -88 76 14 -72 -39 -42 113 3 102 103 -99 -112 35 112 -18 46 101 14 102 23 37 126 -38 -50 105 35 73 29 -18 -70 92 -89 -98 7 -44 12 -1 -125 -100 -26 -117 124 -114 66 -27 3 -93 96 36 16 -71 -49 -115 96 99 108 87 -123 -84 118 88 65 11 49 112 -95 -110 -5 60 113 47 -35 48 -91 91 -72 -15 85 -122 -46 -71 -82 -33 106 -54 -6 -71 53 -22 -37 -116 -81 69 -125 -51 -90 -80 -50 -117 72 -16 -2 -40 -29 -54 -127 -102 -32 70 -65 -42 76 108 29 -89 -10 -16 -39 75 -103 4 -99 99 -57 19 79 -24 -19 109 122 -115 -21 95 -85 -89 -92 -3 77 -79 -122 87 -41 50 36 3 3 120 -93 26 -45 45 -127 11 126 -12 44 59 70 -77 74 -100 -105 30 61 10 123 -23 -28 -112 -109 93 -60 58 -127 -106 34 123 -120 19 -100 -19 60 -116 17 -34 -62 99 -95 47 92 -24 -12 -14 57 -68 -95 37 -64 -26 -123 -106 -94 -60 -99 -61 -110 -111 81 -101 40 78 108 12 -88 -111 51 65 -108 -84 33 -52 38 -105 93 105 -113 -120 120 84 -78 15 105 96 86 -24 -124 -65 -46 66 7 14 -81 -64 106 -18 57 72 -98 119 -74 46 -117 -102 -95 127 -101 87 87 -80 -29 9 -40 -7 -97 51 113 72 -125 -108 113 57 -15 118 -29 32 -62 64 122 -88 118 10 -70 97 32 1 -91 -85 76 -123 4 -44 120 97 115 -77 114 66 -127 101 -44 17 -110 -4 100 -15 -98 72 74 20 -51 -51 -18 -62 6 -85 -118 14 -20 110 -65 34 -56 123 -102 1 2 46 67 45 12 85 108 -95 67 -31 -64 46 -4 -56 10 93 60 -98 39 53 58 116 -47 -77 -113 71 -15 95 -51 53 93 -20 74 -9 -73 -26 24 -120 52 26 -24 -87
-73 -83 -18 -40 -68 -98 -10 -34 120 -83 22 126 -63 -50 49 -39 83 81 10 82 -47 48 120 -95 -121 -93 72 -37 15 -21 -64 -93 -99 120 51 -4 -43 43 -125 -80 -63 99 10 113 42 112 24 -104 19 86 -93 -44 17 27 89 -128 -39 15 -88 -15 67 119 22 -45 28 -61 -71 -30 33 -68 -49 -123 -26 121 18 -49 -36 127 -85 83 8 -91 -50 11 81 47 -94 14 -65 94 -44 126 -89 -94 21 64 30 72 7 -41 -15 35 -86 26 56 -31 -6 -30 -34 -103 49 -90 -112 96 106 -38 -25 16 30 -96 -111 -98 75 -41 51 -113 -113 53 -111 2 -71 -107 -99 -17 36 -47 121 12 -28 -10 -96 -118 89 46 74 13 83 71 -71 -12 -102 63 -63 -15 -85 25 0 3 -38 -80 122 54 -68 -80 96 28 -18 -66 109 47 -31 113 38 126 127 28 29 -28 81 -96 67 114 -20 -112 8 54 107 -1 6 -78 -96 61 92 98 47 50 -52 -52 -46 -15 107 -116 -94 -72 57 -93 18 -81 60 -98 10 -21 -70 19 17 -98 -105 116 -11 36 -14 -44 -31 17 105 -106 -64 21 110 -125 -62 -56 -125 -25 -13 -37 -119 110 78 77 -13 -47 125 -54 -43 11 -76 -53 46 -113 0 -96 -2 -101 -44 -27 46 -32 47 -85 -4 -26 -112 30 -63 -60 -24 100 108 -49 -9 80 -41 105 85 -46 -48 58 92 -8 -3 -101 97 -50 -33 -122 -25 -106 -12 27 71 -22 -23 -4 -58 75 -76 -27 -38 -107 66 2 78 15 25 11 126 -100 -19 -51 -58 16 122 38 -89 103 122 -78 -104 -54 -75 6 -106 80 -89 -60 43 -4 -39 -72 -41 102 83 -116 17 -47 -7 2 125 -24 -107 -72 -18 -96 38 -20 63 -4 40 107 -32 60 59 -34 -74 107 69 -46 50 -29 71 -54 118 45 12 21 -126 -23 -84 -34 39 -39 44 21 -37 -92 -117 48 -45 -116 90 90 -4 -94 49 -62 97 -30 59 42 -19 109 -107 40 4 110 57 -18 -51 -108 -3 -10 -64 -3 -27 82 -127 -72 -124 70 81 97 91 10 -87 27 15 46 13 82 96 -88 7 -110 72 -30 -107 5 65 -7 -78 106 56 -82 -99 106 41 88 -23 15 123 -19 -127 -86 99 -100 -15 -7 -21 -96 99 -73 76 14 4 -110 43 20 115 33 93 -113 74 26 -45 -102 19 105 -77 125 34 -65 -34 20 -13 -108 -98 -83 -83 71 -105 88 27 -46 65 65 -7 79 20 -97 -23 -41 103 -4 20 -51 68 -30 35 -72 27 70 -112 -86 -125 97 -73 -79 42 48 11 -33
71 105 3 -112 20 89 120 112 108 -112 70 -107 -78 -60 41 -120 -103 -117 -81 66 97 38 -91 11 47 116 -91 -22 -71 69 74 -112 -52 85 61 66 20 -74 -51 104 -41 -60 86 63 113 67 -95 -90 39 -35 11 49 -124 110 14 49 -75 -114 26 -30 -72 37 -65 106 58 -85 -47 -58 -108 82 -72 27 -59 -38 -9 -52 105 56 -34 -24 -80 -45 62 -41 120 -86 -72 25 95 88 13 90 -61 -15 -122 -51 -56 104 55 -109 -46 49 -121 70 -74 -49 96 74 -93 -80 -3 -30 -31 122 -80 81 -3 116 124 -75 69 30 53 -62 0 -63 108 -2 -123 -41 126 127 -46 14 61 28 20 -42 84 13 -60 -119 -106 -110 -83 49 -80 -8 -5 -45 5 -62 90 -96 21 101 -105 -107 52 -26 -76 100 84 80 -26 -84 -24 -89 -46 41 59 21 92 -37 75 -122 -91 -85 91 -26 -102 87 9 -70 -34 125 33 -77 -79 121 22 66 86 -41 32 73 -68 -85 7 40 98 81 -120 -58 22 26 118 88 99 112 69 -16 32 -58 -80 4 -90 48 -93 30 0 -82 -42 -51 118 8 66 81 13 4 -77 -23 9 59 -109 97 -42 -108 64 82 -58 -117 15 71 -61 96 -71 -86 -44 35 71 -82 -123 -107 23 -37 -79 24 -82 92 -52 -85 93 -76 114 -90 -77 71 86 51 -1 121 -72 -47 -86 -108 59 -70 -46 41 -61 -114 -125 -99 -78 -12 57 -65 -101 -40 81 -22 58 27 -74 89 -39 -41 3 115 -17 62 -52 -111 104 40 -15 -22 -89 -54 57 100 -102 78 -23 120 97 52 105 67 -83 103 2 -58 16 -89 -48 -49 -35 -52 122 14 -51 -98 -22 112 -71 124 -39 59 1 -79 45 123 90 36 32 88 -6 -85 -61 -93 20 60 -44 -37 83 103 109 -10 -104 -83 -110 -67 -3 77 4 18 96 -25 41 -74 -73 -5 98 54 42 -120 70 25 115 -19 -37 -11 73 89 52 -91 -16 57 -63 -29 -71 30 107 -107 116 -71 54 -67 -72 49 96 15 -74 125 -7 92 106 46 -21 -19 -98 -124 -17 -24 8 8 46 83 -6 97 120 58 84 48 -94 -100 48 69 -81 26 116 124 -6 65 100 -87 117 113 -19 109 23 15 -115 -128 61 -36 70 37 -128 31 31 -2 -11 -51 -107 -82 -41 -55 31 -105 29 55 -32 -28 73 -118 32 -109 72 54 -95 80 -11 73 69 -81 -116 -93 -11 25 -109 110 9 -24 36 -22 95 -45 56 111 -95 47 -30 -39 -16 -16 16 -127 18 72 -118 -76 -44 25 -38 -71 74 126 -23 -73
-85 -78 117 -15 99 29 -79 80 30 2 105 66 -100 28 -127 -73 77 -118 67 50 -121 67 -18 -124 33 47 -35 50 59 -96 -112 35 -25 -117 -9 -44 -10 98 -73 100 81 53 59 -45 -117 98 -34 98 1 94 116 32 -48 0 -27 -102 -2 11 -61 -95 27 42 5 104 46 94 32 -33 -74 -104 95 110 -34 53 23 -63 -1 62 -15 66 7 -17 42 87 59 17 -37 -108 60 41 19 26 -122 -119 -81 -20 -45 66 -120 -110 -72 72 123 -106 -74 19 103 28 117 -1 -37 -52 51 -24 -46 10 77 -126 -89 84 107 -14 97 -96 -87 -125 -89 -103 -9 113 29 86 77 13 -32 20 112 -26 -24 69 -119 21 98 -59 105 -37 -97 -81 43 121 -114 -27 -46 -51 -38 -127 10 -48 -87 46 -24 21 125 -98 -63 -106 -18 99 -95 -19 70 54 -90 -60 102 -31 -13 -102 79 125 84 18 43 -78 34 -99 19 -74 -97 106 -83 -38 123 -31 -68 -94 127 12 124 83 -14 109 123 41 24 -105 -56 -103 -66 -101 51 26 -15 -78 72 -58 74 24 87 111 74 -92 63 -53 -96 8 -38 -20 -115 92 -52 -79 -94 -75 71 74 -76 109 -22 18 -32 94 -34 -109 120 -12 -123 62 86 -80 79 -126 125 64 54 82 12 110 35 62 -46 -102 -78 17 110 60 122 10 3 -10 -122 120 88 -83 -79 -51 -34 111 -112 -73 -48 105 45 71 41 -16 105 0 -91 -62 46 0 46 -73 75 72 -66 -123 -26 -116 -67 22 40 -87 -94 -89 72 -100 -34 22 11 52 9 4 -17 -14 26 103 86 120 -66 65 -96 124 34 -28 -108 -70 31 -39 109 -78 -6 -112 -14 -127 0 39 67 -104 43 8 -22 40 86 -79 -13 -92 -65 65 -36 74 -71 -114 -43 -83 -42 84 87 -9 40 -30 -30 -117 86 88 -41 -44 -109 71 -102 -73 -61 120 -9 -122 -121 -8 -84 -96 -92 57 51 -50 27 23 49 -69 44 -41 111 90 82 -117 83 83 -1 97 -106 -83 6 124 -80 76 76 -119 -2 -68 -35 32 26 -116 97 45 -123 -92 41 32 76 78 -42 -120 95 46 89 -74 -115 -94 95 -66 109 116 -4 55 3 -85 -62 2 38 114 -10 3 -82 -64 69 43 -90 48 82 -79 -119 95 65 25 42 -11 -120 35 107 -1 -88 -25 -48 -26 -117 10 -123 -28 -9 -68 59 24 -126 102 2 107 77 -116 -60 -54 77 -59 -126 116 4 116 106 85 61 119 -105 102 46 -31 -64 56 -59 15 92 -67 93 -96 -6 24 -70 -103 -24 -35 43 -79 -73 37
51 18 108 1 -46 1 -9 -88 -34 38 60 13 9 -61 -75 111 0 -94 106 27 -32 43 -51 12 123 71 55 108 -105 86 -97 67 96 -93 -25 39 -60 83 -106 -32 92 -7 -113 90 28 55 19 -96 -28 105 68 -45 -70 -124 12 18 -31 101 49 -89 53 69 67 53 107 -83 -57 -3 -81 -41 -19 -21 95 81 36 87 70 -67 -12 108 -80 -87 23 89 75 -106 -45 -75 -35 70 -19 37 113 -12 75 -81 56 -99 63 -127 -41 -101 43 38 55 65 85 -59 1 18 -96 -20 31 8 32 78 -68 63 -94 26 -70 -1 -61 -31 -71 -95 -114 20 -116 53 -115 66 -21 34 -79 70 41 -88 -111 109 -103 44 65 -109 -106 -5 85 11 -107 -22 -111 -66 -99 127 -85 41 -33 -25 73 25 95 -7 -86 -72 -69 -100 -48 32 -90 -24 -4 -88 -42 -66 0 -93 74 90 124 -125 -6 -17 -106 -65 -20 -127 83 126 -103 68 49 24 78 104 30 20 -38 -103 89 126 -64 -98 -46 -101 -16 -100 9 51 30 121 -82 59 -36 67 -29 31 7 116 96 60 -78 98 -7 34 -8 31 19 -69 85 24 -85 -16 -49 -64 60 90 22 79 62 -79 39 22 -28 -22 119 -121 123 -65 -86 118 10 36 65 -39 -45 -35 19 52 -13 98 -72 -19 -122 38 74 -37 21 127 -124 104 117 103 -70 -65 55 115 75 -8 -29 124 -41 0 106 -115 -48 112 126 -52 78 52 79 -30 110 16 35 70 -41 21 32 118 82 -87 -41 -42 -62 57 56 -54 31 -60 -48 -74 -105 56 20 6 121 -86 29 -121 -104 70 21 111 13 -41 -4 -64 118 78 -46 -85 65 22 -104 -70 116 42 -107 -97 22 107 108 74 -46 14 99 36 -66 106 -44 -63 66 -14 80 7 -88 1 107 36 -115 -119 55 -12 28 -48 96 18 -45 -121 -34 58 77 -35 122 -30 -92 94 -103 53 -128 -60 47 103 93 -17 34 84 87 -32 -86 1 68 51 15 -40 76 -51 -77 -44 87 2 -28 97 -90 -91 75 -19 -46 -90 27 63 -63 33 -12 81 4 -31 91 81 -34 65 -105 -77 -54 -52 -70 -62 57 120 102 -102 -120 -105 41 -120 -38 -112 86 67 88 -102 -52 -46 -106 127 44 56 3 -44 -122 12 -72 112 -59 -112 -49 117 -111 -22 -25 20 -24 36 -30 73 49 127 22 67 19 -16 61 -80 -1 -24 21 42 8 -102 39 -17 44 16 -55 -61 -67 33 -56 27 -1 -38 12 -27 -50 -90 -56 93 -75 -51 -112 31 82 -105 95 33 -90 91 -81 -43 100 -106
-88 65 -36 -18 -65 113 112 11 49 12 45 -66 -94 48 18 -86 -91 102 -52 123 49 -22 -117 -83 -66 53 119 -41 -99 -73 77 61 -121 67 20 -6 10 -43 -81 100 90 22 53 -128 84 107 70 -5 -84 -16 50 -83 125 -63 91 17 -122 -37 121 -17 24 18 102 16 -89 52 107 -71 31 -49 110 -105 22 -15 -39 -53 3 113 98 43 -60 5 -41 -60 -45 -61 82 29 -111 59 28 -43 14 -121 112 -102 89 -5 -124 -16 -48 15 38 82 -105 -94 -61 20 101 95 105 -122 -125 -123 28 -112 -30 -83 -106 58 -83 77 80 -66 79 109 43 -91 -2 -62 -96 72 73 54 25 -121 -75 -117 120 -52 -20 33 80 -88 79 -116 -55 61 -21 71 -98 124 -84 -8 -45 -60 -30 -11 47 -99 -82 -73 -83 -8 -116 95 92 -48 -18 -64 54 -32 -40 69 -66 27 -90 8 -96 -98 108 117 56 21 -122 -126 69 69 -127 79 -85 31 113 -2 48 118 15 30 103 -80 -62 59 -126 -9 -124 94 45 25 -111 -33 44 107 -67 32 24 47 -71 9 16 -12 -13 -106 -65 -52 45 -72 -103 3 -87 123 72 10 40 -45 -82 -126 19 -44 82 112 123 -122 -126 -97 67 -7 3 118 -125 -2 49 -101 49 -126 49 21 68 -76 75 -78 -92 -108 -37 78 -31 105 120 -39 43 -125 97 -7 -3 100 -58 -117 -5 -116 31 -5 -115 -12 67 43 88 -52 106 60 49 28 35 -62 -34 112 -117 -47 112 -117 -36 -24 59 46 -87 -28 22 -96 109 33 -53 -107 35 -125 68 -85 -86 -106 -74 67 -99 80 16 -113 75 47 -86 -97 -114 -51 107 -71 63 -126 41 69 -108 -83 51 -33 -107 38 59 125 110 112 -108 59 52 6 -41 -106 -109 49 43 69 -30 -19 -21 123 70 5 -62 -3 -3 -51 -43 54 120 -3 -95 30 -75 -108 83 32 4 -54 90 -53 -74 -25 34 108 60 5 45 -73 2 -82 99 17 113 114 -81 -89 35 16 36 -35 -51 98 -1 37 -88 110 -21 -76 28 24 -128 82 -37 72 -93 43 -35 98 3 -2 -127 99 -98 -46 92 110 38 12 21 66 -115 -11 23 73 72 6 61 -97 41 30 -12 -6 72 -101 0 14 102 -99 -116 -42 102 -105 120 108 67 -23 7 -2 -50 24 24 -48 -35 -116 -110 -52 -60 -74 67 75 52 -13 -51 -119 -86 -45 -94 108 -96 -121 -41 -53 -85 18 3 112 -93 -86 -18 -5 -27 -86 -41 -82 50 70 26 41 -97 -96 -115 -23 93 -45 98 42 72 27 -59 -121 -98 -118 -94 -70
-70 74 -107 84 -40 -90 -27 -123 -100 64 -27 -65 71 -117 -42 -31 -27 -19 -21 -37 11 74 -39 -11 -71 -81 40 112 105 17 -107 20 49 -10 -77 19 98 83 1 -56 -112 -7 -29 -13 -24 -75 2 -34 56 -34 38 -27 -90 -56 -1 32 -23 -112 16 38 23 89 -98 -23 -87 103 71 -76 -50 51 38 120 73 90 -35 48 29 105 39 18 -87 106 106 -80 -111 -105 -56 67 -78 109 126 89 -17 89 0 25 69 -122 -52 -70 70 103 -37 -41 48 -80 25 -116 7 22 -68 -127 -35 -98 -74 -97 -84 -20 -103 -63 76 -56 -102 86 -4 60 6 120 54 -106 48 -40 85 83 -48 40 36 -87 102 39 -11 60 -106 -71 -42 -5 79 -17 -21 -16 -79 65 30 23 93 -111 126 -22 85 -83 -25 63 25 -7 -9 98 94 -99 -68 107 50 124 50 -56 57 41 114 -62 -73 70 32 65 51 -71 100 0 24 -14 -47 50 -14 -103 62 68 -12 -112 -28 -119 40 -99 -17 104 -25 80 69 34 90 -47 123 15 -106 123 71 102 -54 -54 97 -6 -27 124 -84 44 62 -89 19 34 -104 92 126 -30 -119 96 -123 103 124 -21 -99 88 18 81 85 32 90 57 -31 28 103 25 -54 -113 118 21 -51 -35 84 80 100 70 13 -119 7 -93 107 84 -76 17 -41 -57 -7 -93 23 109 -50 75 -19 -69 33 -36 -70 110 -123 -87 75 13 127 34 52 4 116 65 -19 -116 -25 28 96 -4 -9 94 122 70 -36 18 120 102 -114 77 -125 107 -56 79 -13 54 -85 60 105 0 -118 94 21 24 106 -6 2 27 -35 -50 -94 123 70 -6 -66 25 117 5 -103 -87 93 -100 58 36 -76 -8 48 -41 -24 19 86 110 -73 36 -27 -126 63 -97 -19 15 -125 -7 -46 -79 -66 95 89 82 63 85 119 -57 -122 115 102 122 -78 14 93 -84 -100 -108 111 -89 84 81 13 45 -83 59 -49 26 40 -2 122 -98 88 102 -43 5 119 -95 123 -21 124 16 -124 -67 -27 -84 122 119 -123 35 1 117 -99 -43 76 -53 3 85 69 -63 24 9 -18 121 22 5 11 102 126 -117 81 -34 -63 98 -100 86 -126 -50 -83 -51 -94 -2 -116 27 -113 -39 116 47 4 -122 -29 -4 -44 19 126 -102 93 -57 -79 11 -117 5 -19 -88 73 -95 108 119 65 -2 -12 30 -9 -101 -118 48 9 -44 13 123 115 -98 -4 116 -68 -60 5 94 71 47 12 53 -54 -12 64 -86 -54 39 -26 -95 25 -105 -71 -106 -25 -94 31 61 -97 28 -110 97
35 -127 61 82 8 36 89 55 112 -112 -68 96 -74 56 110 -73 -126 9 -74 36 -84 119 98 26 23 -26 -120 25 74 -115 -128 -55 -9 46 -98 -117 45 119 30 57 -95 -72 -78 -70 -104 -39 76 -16 -71 113 114 24 118 92 -114 -98 2 73 -25 -62 -25 -116 62 -11 127 -110 44 -20 -102 -128 55 -34 3 123 -65 -93 -103 -7 -72 -16 -127 -35 43 101 -112 -125 -27 88 39 -114 49 98 119 -117 -108 -75 44 -114 37 59 -97 41 109 -5 -15 -40 -97 -59 113 79 -48 39 -104 85 33 52 -35 106 -52 -45 3 -114 -51 -71 83 48 -24 -79 4 -79 -105 85 50 -55 49 -66 15 -108 24 69 -125 -110 -27 -105 57 97 -55 59 125 30 97 123 -118 -35 -122 -117 71 32 -52 -104 50 102 -101 81 -42 -5 96 -44 -9 -58 93 126 65 72 58 75 -71 -42 78 115 -107 -125 -10 39 -44 95 -39 90 -53 96 -98 25 61 -93 115 -113 70 -18 -118 -101 -93 -97 -36 114 96 38 99 80 -117 -18 -41 -94 106 28 -25 89 -89 -51 -24 -103 -40 -37 -56 -4 -74 68 -65 94 -62 81 -74 -75 -125 -119 -11 -4 99 -77 61 -67 70 119 125 -108 -90 116 -84 2 -110 -57 -78 0 -71 -128 -52 -100 -55 106 -61 12 -101 -82 45 5 -31 -103 73 66 -22 24 53 105 113 113 111 -30 71 23 -76 -4 -127 43 -34 0 -30 60 46 21 91 -28 64 -21 -31 -68 -19 109 -16 -37 59 -35 41 -100 -108 17 -88 -97 -111 96 19 1 -82 29 -100 67 -20 -127 -41 -89 68 -125 87 -13 -83 -89 81 83 23 48 92 61 -120 23 44 120 -4 -106 59 66 90 124 -39 66 114 -3 62 110 -7 10 93 87 89 105 75 65 66 -112 111 103 -90 35 25 45 -62 97 -127 66 44 35 106 -116 112 121 82 -8 9 -38 -90 117 -39 -68 83 64 -45 -79 -127 45 80 50 -5 -123 -89 17 20 42 -80 -74 -113 86 -21 -23 -106 84 -126 9 10 66 91 -63 86 -112 58 42 -20 -96 121 22 -124 -123 8 -2 -97 -4 35 47 70 -33 62 123 89 -19 92 -16 -122 -28 101 -19 -114 -96 -57 -105 -27 125 -41 11 102 87 -11 -123 111 -52 -99 123 115 109 -81 18 -116 16 -104 -89 -92 -94 71 28 101 -41 -101 59 -86 -12 -63 -22 -17 -116 -112 25 122 -19 92 -50 -68 19 127 119 95 -38 -95 -67 -72 -118 29 92 76 -74 98 65 69 -118 -58 -14 83 -74 -56 -80 -57 -110 -24 85 45 11 -15 97
20 21 -100 74 17 111 -29 -112 -71 -88 -64 -114 -100 -92 -75 111 -25 -58 -32 120 -125 -31 103 93 113 31 -57 -104 -71 106 82 -32 107 35 122 54 -41 111 -126 -2 -42 -76 122 31 -87 -100 30 15 77 31 -107 107 -127 53 118 -49 -58 -68 85 -44 11 -39 7 75 -93 60 49 -98 -116 -31 103 -117 -119 61 -126 -60 79 34 60 -128 108 -77 -36 95 12 60 -43 -12 32 -60 -62 63 97 98 58 123 69 -41 -8 74 -6 -61 70 75 -126 121 81 -126 -78 66 -101 113 -28 -35 114 -7 -102 10 97 57 20 -61 -128 -26 -39 -11 97 14 123 43 123 -51 68 -43 112 -115 19 -19 18 -50 108 59 -32 -95 -12 35 -91 50 1 -3 -9 -52 -109 -7 -59 -83 -56 99 109 33 -53 27 -15 -42 -43 41 -43 -51 73 5 18 37 -108 -126 71 -119 11 25 -89 -29 49 -36 -95 -7 0 15 -93 -120 -111 -72 108 -1 92 -34 83 90 127 117 76 -89 -12 64 53 51 125 -28 44 -59 119 52 -6 -95 59 78 -66 -119 42 63 45 84 -84 33 -107 -107 65 -88 -107 15 -16 70 28 -103 30 50 86 -107 -111 -99 97 -69 35 -79 52 47 88 -8 -90 26 78 -55 86 -31 37 -76 40 -66 19 -65 -27 -73 84 41 -92 48 -58 24 -52 23 110 -3 36 120 -68 107 -73 -117 -6 47 -126 -61 92 -91 -122 107 61 -53 75 -84 87 -120 -55 86 -34 107 -59 10 -97 52 22 89 -1 -31 -71 43 100 -15 78 78 -117 -35 58 51 0 38 90 -18 101 20 -88 56 5 91 -102 3 40 27 -19 -112 -86 114 -59 -98 -115 -57 -3 87 -40 -19 31 -11 54 -79 125 -125 -70 -15 -56 -110 101 -12 86 -1 83 -97 -107 -12 122 -64 115 -20 -14 -96 14 0 -27 44 -89 71 -87 -13 -28 36 56 41 -62 60 25 -103 -43 -86 -13 112 25 -99 18 -125 -100 76 -26 22 -44 102 -69 -123 -99 -62 39 -46 75 1 -10 72 -77 -81 -65 10 76 50 -4 -6 -66 26 -108 21 64 -26 -38 -40 67 -117 -32 30 -73 114 -34 32 32 69 52 103 -62 122 -36 -51 -61 -7 23 9 -12 -22 -18 -120 -65 -99 55 15 -2 -93 12 -6 -74 -19 -61 81 124 -63 47 -100 15 -15 -117 3 70 -106 6 4 -67 97 9 101 -81 17 54 -64 120 96 -26 -80 -89 23 -106 -55 30 86 18 -69 -105 -110 -62 71 -73 -70 -53 -57 -94 104 14 -62 30 103 27 -23 -98 122 -11 52 106 78 65 -127 8 -107
-76 -58 95 -69 -43 42 28 -27 48 -89 -110 -6 -55 21 -70 -62 -16 -67 -37 -115 -103 -23 -69 62 -82 -70 81 -7 101 106 10 14 8 -49 82 -121 -63 22 72 47 -122 26 -5 -88 4 -86 -31 -31 109 95 118 57 -47 74 -121 72 -120 -27 -90 91 -98 -46 20 114 -85 126 -95 -68 -91 38 91 69 -33 37 85 35 114 -24 -126 18 10 -89 108 100 -45 -108 63 -50 -127 -85 54 19 -85 -66 -26 -56 115 -69 43 96 -27 -46 -92 -114 78 -78 49 -113 -39 -116 48 9 -20 -43 -77 86 90 28 -119 72 -47 -12 -97 114 24 92 90 -16 -104 -82 17 48 -17 -29 -12 2 -92 -64 23 54 -5 12 -5 85 -46 -62 38 40 -45 -12 -67 -29 -10 14 118 114 -75 -21 -18 -50 5 21 -25 99 -22 -112 -122 -42 -69 75 -44 113 -116 -105 87 0 59 35 102 -77 104 108 108 -93 7 1 62 19 84 93 6 60 -75 -6 -99 -123 -102 61 126 -29 93 0 -77 90 -117 37 -76 -42 -48 52 83 -120 73 -38 -88 -95 64 -78 -68 3 88 52 -121 80 -56 -2 -68 -5 -37 42 33 -124 -110 26 -125 122 6 20 -6 -110 51 36 53 7 9 -127 110 55 -19 -67 -108 6 -97 -53 -111 39 -46 59 -105 82 62 111 -23 -59 13 -70 91 110 55 109 102 -87 -118 -20 -101 -9 2 53 -9 112 -11 -29 -4 62 73 -94 67 14 109 -36 -100 100 -37 55 30 -54 57 19 98 46 -55 26 -88 -33 -30 100 54 89 118 10 -97 -117 -45 121 -67 -54 122 -36 115 94 -105 -16 24 15 -104 12 -40 -98 -9 81 120 -105 120 -50 65 113 117 70 19 -90 -52 -8 -86 -69 -89 97 95 -85 -96 -55 -52 50 -122 -119 56 63 -69 -45 -2 -103 -64 -42 97 -14 -100 -15 53 8 23 104 -44 106 -24 -78 -2 13 123 113 -107 12 -100 126 -45 -97 -77 -93 -13 -50 -25 -101 -61 3 7 28 39 -58 -78 -101 -34 83 20 -118 77 44 -10 -125 33 90 59 70 31 56 71 82 -67 -122 -89 112 -78 25 109 105 101 -116 -10 78 -62 -92 -105 -55 -60 41 -60 67 32 11 26 5 -50 -112 -18 106 78 91 -7 -103 -125 74 74 -103 -111 44 0 31 -41 90 -109 -88 -32 120 60 -115 -94 51 -35 -97 24 119 57 -70 63 -25 5 4 71 19 -69 -40 44 85 109 -31 68 75 89 39 -55 -127 -58 29 -59 45 -66 78 85 49 80 63 15 -84 106 -79 4 -70 89 -51 9 -93 -17 -37 77 -113
-38 102 16 61 45 -23 -32 58 64 -38 -67 123 -27 -79 9 23 42 -79 -72 -83 -18 -5 72 -36 80 -86 -35 -78 -92 124 -49 -56 -30 125 -65 -124 34 -128 -116 14 -77 -115 108 35 -8 -77 67 7 -49 77 -38 2 -24 -43 -74 8 -21 78 -95 -114 69 -6 44 -67 96 34 110 -56 108 -127 38 101 -39 67 -114 -7 126 -36 -3 33 -8 105 3 71 -19 -108 -23 -86 -93 11 17 -10 119 -27 126 -75 79 -121 117 91 17 -29 72 -63 59 69 72 -1 53 10 99 13 -77 57 -109 -86 -48 -118 -46 -87 -17 -59 71 -99 78 -104 -16 -22 -114 -63 27 -25 -116 100 56 110 51 -72 73 51 116 23 113 -54 91 6 65 -36 32 124 -42 23 -35 -85 47 108 109 103 -8 -77 -83 -67 80 -61 -97 79 -122 91 -99 43 -23 -57 -113 -121 8 -54 47 84 -28 -69 -31 -68 -122 -99 -3 -33 -34 84 -113 2 54 -122 33 25 -56 36 82 -114 83 122 -2 -24 -79 -77 -91 89 84 -5 37 69 107 24 127 -19 54 64 -42 -15 -127 -21 90 13 -123 98 79 98 -112 -79 120 -91 -47 -125 -85 -26 -109 -35 87 92 -61 -59 61 123 5 46 124 -17 -40 38 31 17 -115 29 -71 9 -8 -124 1 -14 38 29 3 121 104 -65 -39 91 -11 84 -92 2 -69 -18 90 18 74 -25 25 -122 75 22 -107 -89 -58 -32 -45 113 34 -95 -21 47 -21 19 -2 34 -15 120 -113 122 -96 55 -67 -70 22 -123 -62 -88 17 2 -37 10 27 22 -20 -105 -109 -5 -60 80 -57 44 -52 40 -57 54 -126 12 14 -128 -28 25 -70 93 79 -7 63 69 -96 -104 13 -100 90 -81 48 -97 10 -19 -23 -69 41 -22 69 -85 -103 13 54 -116 123 -71 -31 -37 -22 -127 28 -22 53 -86 33 122 1 -61 125 92 -118 106 88 -127 104 36 27 -72 59 102 -79 -52 -97 109 -9 46 49 98 70 -94 97 125 -68 93 125 -87 -109 -50 89 53 59 -40 107 -78 33 8 62 85 -120 126 -82 105 44 45 70 63 57 115 40 34 88 13 85 -102 -73 72 -115 -16 72 -82 -114 -47 -111 -69 -63 4 -74 -76 -69 29 -16 -35 -19 3 -11 -117 -34 66 -14 -67 93 -93 63 79 -104 39 85 97 -91 66 -30 -123 -76 -84 -127 7 101 -56 39 -51 13 -70 -121 13 -89 -106 87 -51 40 -18 69 -9 35 75 43 -34 12 118 -11 -63 31 51 -49 -85 -54 121 -44 -125 -112 33 57 -113 68 -57 -101 -53 -108 86 -105 59
-91 -116 -98 -107 127 95 -31 104 79 39 -88 36 -112 -64 26 -82 -18 -80 -26 65 35 84 -99 111 94 -40 94 85 -53 54 -13 -26 -79 3 8 107 0 74 110 -22 35 -46 95 30 -113 -37 76 2 88 -104 41 -48 68 115 -86 112 87 -11 119 -45 11 -14 -32 51 126 -72 46 -80 -113 64 69 124 -65 120 -88 -50 105 123 127 77 71 123 79 27 -1 90 -63 -81 2 119 -126 122 2 25 -59 -77 -71 -57 84 95 -28 110 -119 -91 30 98 -90 -126 -61 -121 -93 116 -63 70 -6 -12 56 -63 -119 -89 -95 -121 100 -39 -28 108 -82 101 -16 50 -24 -111 -111 11 -111 -6 -44 -13 -62 33 -121 44 11 -51 -49 -71 -105 91 -86 -107 -18 117 -8 -54 126 -108 -76 -111 -126 118 -46 110 36 24 -71 -98 80 33 39 -10 79 86 126 -77 30 123 -103 -28 -123 108 -105 53 51 31 -18 -107 9 12 54 -96 74 32 49 -4 -50 -27 -98 22 46 -99 -10 -66 44 -86 -20 2 7 -44 -126 -91 93 52 -37 18 79 -111 50 -50 66 67 -90 -35 -96 85 -49 -26 6 -51 -64 38 -114 -66 -123 85 80 -63 84 117 115 18 100 -29 46 -5 -126 18 49 126 102 8 -52 33 53 85 87 53 -93 -36 112 124 94 -101 67 29 59 -109 -44 88 25 22 55 -93 87 -119 106 126 -95 -9 -6 -121 -73 -107 117 -23 50 38 -60 26 49 -126 -6 34 -50 79 -76 68 26 -127 99 -120 -105 -128 -18 -113 100 117 -9 -60 -30 -61 22 38 114 -12 -78 -11 67 1 112 70 -35 -93 -61 10 53 -17 -26 -42 -90 126 88 90 24 106 -72 84 -3 -16 -120 -96 12 18 -71 -91 -73 -37 1 -14 -128 90 -10 62 -50 4 14 -76 1 -26 -61 -98 -20 1 36 -94 -95 71 -21 -42 -19 -115 -116 63 -42 -60 -87 23 3 27 -113 -113 -107 28 100 -18 115 42 110 94 -73 33 -61 55 -42 -75 -96 -73 -6 51 -92 41 113 -52 59 -75 118 62 -28 -128 1 -29 116 5 90 53 -64 -92 -7 15 -56 81 -97 -102 12 -53 28 72 -46 7 107 10 81 -29 68 17 -73 -127 104 75 121 -21 -66 -94 -66 73 -35 64 71 71 115 -76 20 -115 -29 -64 86 -70 -94 17 -63 2 -94 -101 -36 -121 25 51 94 89 97 17 7 -23 -28 -63 -38 118 -82 -113 -41 -82 85 53 75 -81 -55 -26 73 -105 61 93 58 35 9 13 -97 -9 -85 51 74 -83 94 50 -84 73 -29 -51 -1 -10 66 -55 0 93
114 -7 71 -42 -5 -43 105 -116 124 -112 41 71 11 67 46 -51 46 109 8 18 9 -58 124 43 -87 87 -8 -116 -42 45 91 -12 -33 -17 11 -74 -48 32 -81 -43 1 38 -54 -89 -78 18 -81 32 -106 -9 112 78 61 -121 74 26 120 -79 -83 -23 40 71 82 -12 6 -53 -79 -29 -27 52 -20 102 -117 -2 -12 24 -34 54 -25 64 62 65 -74 -15 -12 -109 8 71 54 65 18 -66 60 -32 -29 45 33 -54 103 -78 -113 -93 113 -123 -117 -82 83 30 13 -33 32 -110 73 -47 24 -5 -21 -77 -114 -92 103 -34 -73 -104 -38 -60 75 -96 6 -42 -46 -20 -30 -49 3 52 -75 127 78 -101 99 -23 -55 -12 -47 -109 44 1 57 88 95 -29 120 5 84 53 -48 -61 -93 10 -122 -14 -61 33 94 49 49 121 -58 16 -128 107 39 81 -79 -83 19 -127 119 -20 24 38 -59 -56 -81 25 57 73 -62 110 123 -3 -81 32 89 121 -95 -99 21 -91 -54 -59 95 119 -76 83 -47 -68 100 -103 115 -127 -3 -49 9 -40 121 -27 -44 80 114 107 74 19 -105 -40 106 52 107 123 48 106 -90 -84 -98 88 39 -79 10 8 -82 115 -29 -78 18 69 29 34 118 93 -79 -48 -21 -36 28 -26 -71 -41 -1 118 59 72 -89 21 -103 -89 -75 -25 13 24 13 42 -128 96 -79 102 14 -6 106 -90 -10 76 125 -12 -87 102 18 42 85 117 22 4 117 124 -88 31 105 52 29 -94 -20 -121 -15 -101 -64 -116 2 -62 -113 45 38 118 -17 34 105 108 84 18 -69 -100 42 -99 71 -105 100 -60 -90 119 1 -113 -88 58 -92 -84 1 55 -93 90 -82 76 -100 83 -1 68 -79 122 -111 -63 59 55 47 -118 24 22 -3 24 94 79 48 -95 -32 -87 19 2 35 -79 -37 -22 -50 85 -35 -112 -16 95 -20 107 7 -100 -34 -48 105 40 -79 -43 10 34 49 77 39 44 -33 -79 92 15 83 32 113 120 -17 -119 9 68 115 13 13 -92 -71 -58 113 -54 55 56 15 45 -95 -114 107 -86 -83 16 -15 -104 -51 -12 36 43 121 107 27 -3 -63 -31 103 -8 -121 3 93 -23 -1 41 32 -8 -66 46 -109 -91 119 101 97 -80 108 -55 22 67 112 112 -54 106 51 54 54 -1 -123 36 -82 -70 4 -124 108 84 20 -109 48 30 -35 -87 -15 118 -116 -5 -74 103 65 -84 76 82 -113 -108 -109 116 4 -104 -15 -116 -73 -60 -91 79 63 28 117 -89 -98 7 -76 27 116 -105 79 57 -120 -106
75 -71 105 -77 85 -68 17 23 -127 122 -11 -82 -11 30 58 68 1 39 -119 106 -12 -87 -124 -2 28 -122 -44 -82 -10 112 -20 9 102 -114 -126 -33 79 39 -58 -21 -1 76 -52 -53 80 -99 -72 125 108 81 60 -28 35 -121 99 6 -48 -63 -7 52 -36 -79 -66 8 -103 -4 44 -27 -32 111 49 112 98 68 80 60 -90 -119 -98 113 -70 115 115 -62 122 94 105 106 2 -40 -103 -68 73 -72 -33 -50 -48 -35 107 -56 -9 7 0 63 -104 -67 21 -29 120 9 16 126 -108 10 83 -85 91 -87 -41 106 -13 7 69 121 46 -94 -96 98 83 -66 72 54 20 74 85 -16 12 104 14 43 -38 112 -122 -42 115 -51 -65 38 -3 -17 41 -115 -60 -106 45 -103 -57 -81 -58 42 -26 -86 -49 -35 89 -107 118 -80 -121 -6 120 -77 -106 112 82 -45 -11 -81 94 -52 -11 -88 51 13 82 119 -16 43 48 -83 89 -102 56 112 64 85 -82 -124 101 -29 33 22 -28 -78 -101 118 24 124 49 -11 -48 -122 102 30 53 -35 96 115 -26 27 46 -43 77 -42 -120 105 92 -67 -86 -63 -55 31 -122 -23 25 108 8 -121 55 5 -84 -16 -40 43 -2 -1 121 6 124 -96 -125 -91 110 -85 25 -28 -83 63 -45 44 68 -13 -54 107 -110 -43 119 41 -45 29 45 59 36 91 54 -44 105 108 -113 94 -103 74 -23 -80 -47 -59 -69 112 -43 -100 -73 -62 -43 109 -60 113 -5 27 -115 -108 -23 25 101 76 -111 84 -116 11 -5 67 -67 95 57 -39 -61 5 -38 -40 62 -125 -94 29 -72 -119 -13 60 9 -62 -118 -120 -112 -70 -122 87 6 -102 82 0 15 -68 61 -68 19 -100 -106 -55 86 -9 -108 -67 -35 -94 29 10 -60 -36 46 95 -45 81 118 -91 -44 2 10 33 -41 55 118 -78 7 74 68 81 122 81 -46 -82 -120 47 -34 106 -62 -106 84 -31 124 13 -66 127 2 112 110 123 -39 -111 3 -74 116 -9 41 -81 -5 -100 -91 59 -127 -97 -64 127 -110 -19 80 -57 34 -66 14 -45 49 -30 -65 3 -104 -96 -26 -43 8 -86 3 62 90 -73 -82 -36 23 32 -78 -29 -111 -29 -87 -113 29 62 -57 87 -7 98 77 113 47 59 124 11 -64 -47 -39 -93 -36 104 -50 -75 -51 119 -49 40 -118 -72 -81 0 104 79 110 101 -114 120 -116 -96 -34 104 -126 -29 55 122 -8 -106 87 97 -79 -124 -87 -57 34 108 -56 -81 -119 62 -36 -114 75 -3 95 -13 -80 2 45 52 28 -111 -7 25
-14 5 -17 75 -69 83 -77 55 79 67 -61 106 114 36 -80 -39 -29 -29 -88 2 80 21 40 28 -122 -90 120 72 -13 -47 -81 -71 -122 -7 58 23 -90 -29 86 -71 40 119 103 96 118 64 11 100 -8 110 94 -83 -122 -6 -14 -119 -103 69 -21 -57 -87 -9 79 -28 -69 47 -44 24 106 -100 -98 -40 102 16 84 83 27 96 28 -2 -12 83 -86 -86 -126 -33 42 63 -127 -109 -115 -67 -27 -34 120 58 24 65 -12 105 -120 -92 -80 37 29 -50 78 -125 -7 -63 -22 97 91 124 49 29 5 -127 100 -11 -96 36 108 36 -90 44 -40 54 119 26 20 83 24 -26 111 71 -35 110 56 76 -15 109 95 -125 -124 -100 3 -50 -102 -79 -1 113 93 -89 91 -72 20 68 80 -43 61 33 65 -87 -24 19 -105 -93 -70 -92 20 30 52 -48 -109 -106 125 -30 56 -32 56 85 -19 53 35 -3 -37 66 -116 30 -116 73 45 -69 7 -26 26 116 52 119 -90 -46 66 -8 -17 -53 126 -7 92 -18 127 -51 24 12 -126 112 48 -11 -12 84 -39 -73 93 57 10 -109 56 25 -105 1 -81 -81 26 114 -122 18 -39 120 -76 -59 -104 -65 115 -77 -37 -43 67 40 -127 -47 -31 79 -79 -63 -69 -116 -86 40 87 15 -62 53 87 -48 -101 85 91 -72 -80 67 53 6 -21 44 -120 25 -112 -92 -105 38 11 -126 85 71 126 102 96 -74 48 -110 78 28 29 92 57 -126 -58 -34 10 101 -47 83 -88 126 109 -53 14 -44 -70 -52 6 70 -107 -77 104 38 -119 116 27 60 -74 9 -56 56 -74 49 91 -4 104 56 43 -56 -23 97 -41 13 -86 0 106 -120 -104 -111 -36 55 -117 -6 -34 -58 -11 8 -17 40 -5 -74 30 24 -17 5 -13 -101 97 15 -45 115 -45 -110 -80 -61 40 57 20 107 99 -92 14 -58 -46 -10 -106 -6 75 91 -49 119 -73 -62 110 24 96 6 -110 -66 127 -117 17 126 93 103 -117 -126 109 -105 -122 -97 66 -65 43 31 53 81 117 -81 25 115 70 58 64 126 60 -101 -97 94 35 107 -78 127 23 -83 -53 -71 4 -108 48 13 93 102 24 -13 117 -80 116 -9 38 -93 109 -70 52 -84 14 -69 -92 67 60 -70 -21 87 -94 115 91 -80 23 -90 -92 -122 127 1 -80 -20 126 -17 98 -9 77 -5 46 -102 -5 59 -84 -95 -108 100 -123 -54 126 -118 -78 -3 105 -58 -108 91 -70 53 -111 -70 83 -21 -42 -73 -10 -39 -109 -29 61 -79 29 -114 -88 51 -16 -117
-53 7 -114 -115 114 -10 59 115 74 34 -62 78 -120 56 77 -123 89 -48 -127 -96 -96 46 35 -56 -24 3 107 21 -111 -92 22 116 105 -80 -10 -128 -7 113 -37 -1 -124 -45 -122 13 -123 39 60 112 43 -4 62 65 -107 -106 7 86 -47 -53 -35 -45 -87 -68 8 97 -1 -64 -78 62 -45 -5 -29 -125 112 -44 -114 112 54 56 -115 69 65 -99 -87 46 9 -62 57 27 -19 107 39 118 67 51 -66 -44 -40 26 101 56 -9 13 7 86 108 -95 -63 -21 -21 -117 10 38 -33 94 -8 89 116 -107 85 123 -101 -123 -100 -65 102 25 -37 -128 22 87 -46 92 -94 102 1 -35 -5 90 69 -4 -24 115 -41 -56 113 -106 -22 -52 51 -88 -3 104 101 115 24 116 58 -43 -44 -120 1 5 30 125 70 -93 51 -17 6 84 -79 -14 30 -79 -57 -25 -110 124 -59 -32 -68 9 -63 48 -119 -59 115 64 -60 75 93 -23 -36 -115 -55 7 29 99 -105 125 -125 102 5 -78 -39 -123 76 -112 16 -33 -93 -128 104 32 38 59 26 116 9 61 7 -107 74 88 -40 15 118 -94 100 11 43 122 -49 -58 96 50 -22 -58 10 56 -15 -6 -13 87 18 -46 -19 107 -2 50 -86 111 45 -83 115 27 -37 51 -38 60 82 -83 -123 37 58 61 83 10 126 -76 -6 98 115 83 -96 -75 -89 76 55 -93 -11 -53 -45 43 -45 -18 94 43 84 -91 10 -30 30 50 80 -51 -67 100 91 -68 70 16 36 -41 120 4 46 2 1 53 121 123 -23 -52 -69 -28 74 -83 85 -120 -48 -57 14 43 -113 18 92 -105 124 -68 53 -60 -115 -85 42 1 56 -98 -63 56 110 -80 -125 -108 -28 -39 51 -15 98 -92 104 -11 -91 -103 87 30 78 -116 10 -6 -90 -32 -48 -126 24 -38 -20 14 69 104 -71 -57 -19 -90 113 85 109 63 106 -106 122 -50 74 -43 -106 82 10 106 11 21 -69 95 -43 -105 5 87 -27 -27 123 67 -128 18 -87 -99 73 -80 -128 46 93 -20 5 100 51 -53 -32 41 -50 -127 -79 22 -46 -96 -108 106 45 -1 -80 -77 -106 61 -20 -98 -5 120 -85 82 17 -24 78 -22 -24 -53 70 19 35 -125 118 107 -97 -118 11 100 -107 -40 107 12 -27 127 106 111 111 127 77 -66 -95 59 37 126 -48 -55 100 -100 -83 54 -43 116 76 -69 -113 -109 -100 -80 -81 -21 21 -83 45 -5 100 105 15 66 -30 -106 -20 -70 -58 91 29 -14 -43 44 -29 101 101 -32 -79 -70 112 -58 -39 -80
78 -8 -122 101 97 127 -14 43 15 -90 -89 -77 -32 -25 60 -74 -85 -14 -43 -85 112 117 113 -23 -65 -110 -29 111 24 124 75 -98 -33 -17 41 -55 -122 29 119 -4 -101 99 68 75 -29 -43 -109 -80 121 -13 -29 -118 100 74 115 -22 104 -88 -6 -28 -75 -90 -67 89 -106 -27 -117 -2 119 -22 48 -10 -118 95 -18 95 -9 115 -107 121 -98 17 124 111 -26 89 11 14 106 2 -56 -106 126 2 66 -93 -99 46 -71 66 -90 -37 -104 87 -23 79 114 -53 -101 72 70 117 22 28 -45 58 -117 -112 74 -96 46 -10 11 5 -72 88 81 -26 87 -38 -66 -61 124 -90 126 92 -84 107 -23 11 -89 -67 102 22 7 -92 -58 -36 53 -105 -5 85 82 36 -27 -74 -52 -8 -103 -4 36 -10 -94 77 34 -9 -84 -23 94 63 -80 110 -81 -124 26 27 -78 41 99 -14 34 83 -102 23 42 -125 -64 62 21 81 42 -29 119 -69 10 -90 -53 110 57 -52 32 -80 18 -55 -119 -128 103 -12 -87 16 -2 -46 -5 -60 -75 -23 62 -36 -120 -41 -85 -54 5 -72 -66 -32 -123 -44 19 -85 -48 73 -51 2 121 -124 39 57 49 -20 -126 0 -40 -21 53 -3 37 -127 -84 33 -66 59 -98 -51 4 -99 -115 19 27 -100 27 58 -70 67 -15 6 75 -128 72 -49 -15 -117 110 -13 -24 -57 -97 -26 35 41 -73 -41 -119 50 63 -126 -127 -51 39 -8 -90 93 -58 -39 31 27 88 21 -40 28 124 -38 -112 -92 -70 91 108 41 -87 -84 23 -88 88 70 80 66 -55 -63 56 -87 -16 126 43 -58 -76 -119 126 36 76 36 -2 -108 4 24 22 -16 -16 -37 102 119 -63 -24 -61 -59 -124 -43 15 -3 29 59 -108 -32 -86 -48 -36 -101 -30 85 51 -52 1 -128 87 -71 -106 -11 17 -7 -29 -111 58 123 -103 -64 -27 -26 -113 -71 -113 -127 75 -13 -44 6 -28 66 101 -89 70 81 5 94 -127 20 9 -87 -17 -10 -63 8 9 -103 -76 -113 120 87 7 90 42 -38 -57 103 -46 52 13 5 -93 -57 7 -74 -70 99 119 20 43 -17 -7 -72 22 76 95 -102 78 -12 -100 23 -44 -81 -28 -50 -88 -45 49 -93 -11 8 60 17 88 119 -71 107 1 8 -21 31 -38 0 -37 -102 -15 -49 24 -126 -79 -1 -115 35 109 -49 89 115 -120 104 78 -24 31 -121 -44 -38 -117 55 21 -4 -1 85 123 6 -79 106 73 15 -91 62 -46 67 -32 51 51 27 -45 -24 91 3 80 15 75 73 -81 83 -72 103
66 -54 127 -59 64 -31 11 -95 -72 -54 109 -46 -100 -71 86 -97 126 -13 -74 40 23 81 5 -21 -45 -8 -92 15 -89 -16 113 79 -100 106 19 65 -39 71 91 -128 -41 2 95 -56 101 -23 54 0 99 -101 58 -60 -36 89 -6 6 -127 -62 -123 -32 99 100 -2 -33 63 -101 100 -66 29 73 48 85 108 -98 27 107 106 111 21 41 95 123 -112 104 -111 8 47 -7 -44 -23 -37 -116 -83 88 -117 -14 44 -123 70 9 -54 -9 -95 -121 118 75 -105 -76 -88 -58 25 -54 36 -51 -91 -120 8 -12 -54 -5 25 26 49 121 -99 118 65 -67 -128 79 116 15 -119 -101 111 -91 126 95 113 49 45 -60 -71 65 10 -27 73 105 123 96 -91 -117 27 59 -29 -114 116 2 -79 63 -29 -112 -106 71 122 28 -118 -82 60 17 -62 62 67 -79 -55 81 -113 -95 21 -23 -102 38 -119 -70 -1 59 51 -82 -92 26 -3 61 78 14 -117 -42 -124 15 -42 22 -113 -9 66 32 -116 -68 76 -103 116 -93 -61 116 78 0 1 -128 81 -54 -91 63 97 -64 38 26 -123 -113 51 -3 -10 14 86 -110 56 -105 -6 -83 46 -66 -112 -43 41 -14 65 -102 48 68 -33 16 37 -78 82 -55 -90 46 -16 -55 -46 22 116 74 -51 80 3 -94 68 -2 8 5 112 30 -95 -80 -83 15 -121 40 -30 -94 -110 122 53 -35 51 -98 55 115 22 -14 99 -117 68 120 119 30 -58 -23 99 9 65 37 15 -39 -81 122 39 89 16 77 -111 69 79 80 96 -111 -22 73 -45 -109 -45 42 -80 -79 52 -37 46 80 -35 31 41 70 22 -8 -96 -88 15 111 39 125 5 -24 73 -113 -97 56 104 -41 25 6 -7 124 -125 12 85 82 73 75 110 -109 104 85 -64 66 -17 52 58 17 13 -78 124 75 -10 116 -28 -7 -51 61 43 -82 -5 16 -52 2 69 -12 -10 -72 52 -101 -113 -96 126 62 -65 24 -31 -57 -55 92 4 -20 101 -28 56 121 126 68 -73 32 103 -72 85 118 -34 -44 16 2 119 65 80 -39 -117 2 -59 -17 110 -107 5 -29 -54 -85 -37 -87 54 -20 15 -58 42 -127 -89 12 60 -28 40 76 -124 122 -67 -8 -72 -112 -75 -11 -119 51 19 -111 58 60 -126 50 127 -56 -25 -24 119 -84 23 -39 -46 -48 34 9 11 -81 -86 -18 -16 11 -3 -109 -82 -2 75 90 -85 -67 10 -65 112 -86 -128 -12 -72 25 -12 -54 -11 -9 -7 -51 18 -7 -89 -75 56 122 -78 124 -117 82 -39 -40
-48 -101 -80 -73 83 -40 -84 36 -114 -40 12 90 -54 98 55 101 -91 70 75 124 22 -13 -73 29 -119 -54 82 -20 66 -80 -10 -98 17 -29 70 -103 -79 -9 14 6 -80 -106 102 83 -3 40 -119 63 -90 10 2 -94 60 47 -51 51 -81 119 65 -96 50 -71 -34 116 -42 -18 -100 13 97 17 20 76 29 -90 17 -69 93 84 -25 -52 84 -29 100 -37 38 -72 -58 115 116 30 67 -60 -60 4 19 33 -5 -87 36 15 -92 -35 116 125 49 94 115 -19 80 -16 98 119 24 41 80 118 -28 54 -21 57 -30 107 73 68 -100 3 -103 105 -73 79 105 -56 84 -21 93 87 -40 -69 25 -56 -17 -73 -14 92 -76 95 -62 -116 -26 -32 -83 -108 -60 -35 -10 -111 -76 -4 -68 -53 -48 -32 18 127 114 -26 -25 101 90 -89 19 120 54 -29 54 103 -124 -69 17 99 -52 14 46 46 110 58 -109 42 75 -56 66 -99 -122 47 -27 -1 33 -128 87 126 8 29 -26 -127 84 45 -128 -114 27 -88 -101 -116 -105 -26 -50 1 -64 -15 45 22 64 60 -119 -98 97 -86 -12 -102 -74 101 70 103 88 12 -46 17 -46 65 126 -36 -37 67 -63 -109 -70 1 -26 -55 19 -103 48 113 -49 -102 -38 -40 66 99 -32 -61 -34 -46 74 -83 41 36 -3 -64 -50 11 -57 47 46 9 98 -29 5 53 -63 -70 108 110 110 -109 65 -98 34 4 -19 52 94 -100 -63 0 -63 29 19 -71 -69 -78 -14 -35 -73 26 125 -114 103 -41 10 45 -111 -42 111 -88 -46 -43 -61 -65 81 24 5 -20 54 118 -103 64 3 -108 -78 -26 50 87 -16 -109 27 -61 41 61 23 -26 -75 9 -97 -19 -19 0 41 9 -50 -83 -127 78 -98 -37 -123 -106 10 83 -3 94 38 -62 84 6 124 116 81 -34 45 -78 73 4 -128 -88 -86 -30 -94 -65 -116 -55 116 44 -11 -19 -26 -44 -96 63 -73 -50 -120 -38 -79 15 73 -23 -14 -104 -74 -63 93 -53 43 70 -109 -47 3 16 -116 -112 -28 64 16 -62 -36 -88 68 74 83 -64 -118 2 3 7 15 29 99 -39 26 85 -19 51 98 -124 118 44 84 46 -114 47 115 126 -32 -81 24 -42 125 73 -5 116 88 -10 -127 18 0 -4 13 60 73 -91 91 -123 -2 -105 -119 -29 113 -119 -113 53 45 -64 87 45 117 -51 107 111 0 73 102 -67 -11 95 117 -125 41 16 -57 -19 102 -55 -114 -26 4 -103 -119 26 2 122 -108 -46 -21 100 -125 -71 74 81 -47 -27 117 -73
75 40 54 65 106 85 62 -64 72 -109 -3 -47 80 -103 -65 75 49 -40 -98 -50 77 -48 85 69 -45 52 -27 -105 -74 -28 -78 37 -53 -70 39 -88 50 99 -124 -81 -104 -127 71 -118 21 93 88 -15 38 51 98 -72 -113 125 -25 23 10 -36 124 -84 -51 60 64 78 64 94 -79 18 -47 76 -75 16 33 -108 -111 -105 74 121 -108 -74 48 110 -50 -18 56 91 -107 -48 -36 -39 -102 -8 -18 -106 -51 60 -7 -113 17 40 -85 56 19 91 0 -117 53 43 18 44 -85 91 -4 55 -81 -121 20 -99 45 124 121 -118 71 94 -42 95 -85 -110 6 41 -125 124 121 -115 90 63 -36 -123 45 -45 77 31 -90 -68 -32 78 -10 -77 68 82 -93 -66 -44 52 109 -56 -89 91 -12 -104 -75 -28 120 -71 69 -128 18 103 94 -63 -67 78 -124 36 75 -81 77 68 -77 -82 71 11 87 -88 -102 -127 -92 -84 -111 -56 108 -56 75 26 121 -61 -115 122 -93 8 48 89 -28 -114 -44 119 45 -21 -12 81 -49 -96 -65 -52 11 71 112 -40 85 35 -67 23 -80 30 -125 -89 -8 -80 -108 -101 95 -36 36 2 81 -39 41 -23 18 109 34 -91 94 122 107 -112 -103 -122 -114 102 -9 120 72 27 119 113 -9 108 -12 78 -2 105 -71 39 -107 48 -77 19 -86 -104 87 -12 32 88 -83 -25 -4 -22 -52 105 21 46 113 -75 126 -21 -59 22 -83 112 121 -22 -63 -1 21 109 31 10 -69 -4 -123 41 6 28 -90 115 53 91 -68 56 74 -40 7 57 65 66 73 -70 -31 104 -14 73 -3 -123 59 47 48 87 49 59 25 61 -40 2 -33 -76 102 53 -13 -98 -42 8 -2 98 -95 21 73 64 52 -74 23 7 58 66 -125 -62 77 -66 -82 52 86 20 61 -37 -47 70 -122 9 -91 -111 83 117 -103 -29 12 -114 -54 41 -94 35 -9 29 2 -21 35 -16 -21 24 91 24 -95 57 -79 -75 51 21 31 -71 -117 -89 106 -36 121 116 -81 29 76 -127 70 -2 48 -99 -1 -70 80 53 -122 -40 -25 -31 -53 96 55 -88 1 -110 -98 100 -84 24 -120 8 -87 3 -14 57 -99 126 108 -79 -16 102 -117 27 24 109 -56 66 -98 -100 53 31 102 -27 72 117 -81 -120 -61 -27 -47 16 -97 20 100 100 87 119 -108 -18 -86 30 68 -121 76 -62 -8 29 88 -128 -96 -23 63 -108 89 -4 51 -121 24 -33 -94 -110 124 -128 -41 100 -79 -59 74 88 -67 77 -95 -73 112 -116 11 8 -28 87 -93 48
50 111 6 57 -88 93 -25 -101 30 39 21 -110 -33 -7 51 -34 97 111 -34 125 -103 -73 112 -20 -48 -69 -12 -107 43 80 -31 -90 63 33 -105 8 64 109 111 -54 -114 41 -50 -89 -121 -75 -14 52 70 -7 -97 -113 -100 84 -67 58 89 -57 112 108 18 117 95 23 42 97 -54 -86 -54 -38 -8 37 96 51 28 42 8 22 -28 -77 -40 60 10 -97 33 -61 55 -40 49 1 4 -118 1 -50 -92 32 -13 -80 3 81 -83 -127 29 74 70 -109 -93 -42 -127 48 -119 26 -52 47 -113 -121 3 -71 -109 106 100 78 81 -125 111 -70 -55 -109 -52 -117 87 -45 -35 -7 -94 -25 97 -70 104 -26 -49 105 -86 -94 29 -47 5 -8 119 -33 68 42 42 66 -69 63 -22 7 34 85 125 10 -86 -66 8 13 -52 -95 75 -126 -8 47 16 41 64 -34 59 -70 -76 -37 -128 105 72 88 19 97 -43 -38 -6 10 76 -51 -61 94 -86 18 -76 83 4 120 46 -64 3 42 125 16 -78 38 -44 97 46 -84 -20 -80 77 -39 -11 60 75 59 3 -23 -119 -34 36 54 15 98 19 91 -40 63 28 44 117 52 118 -26 -108 36 -8 89 -119 -92 -69 -86 -124 -27 -18 -57 13 116 -106 -30 74 -125 -55 32 -39 78 -14 6 -60 100 -26 -125 69 -111 -37 -111 -1 -64 30 58 -45 59 -118 -68 1 88 71 9 -80 -16 125 -62 -108 -69 67 -48 51 -7 -66 -87 -86 -116 117 91 15 -97 83 51 41 -6 -74 115 -73 15 104 -46 21 -104 46 -77 -95 -48 -85 -13 65 117 -84 -10 -58 108 -71 -71 11 -43 65 120 66 38 -12 -104 50 8 40 -58 15 96 -69 40 13 31 -69 -30 113 4 -122 127 9 89 9 -97 97 -77 59 91 63 -37 -3 -55 87 60 30 16 70 -2 9 -82 -8 32 91 70 3 70 16 81 -1 -45 -46 2 -54 -91 -78 -108 -17 -60 60 -125 -20 105 112 36 52 56 -62 102 -20 33 -100 80 87 24 -56 -4 -90 -19 126 -65 -28 -68 87 -73 67 59 -29 97 115 -55 54 126 32 -109 78 -86 89 -60 -94 90 33 13 19 -57 112 -31 4 98 -28 22 -108 -36 35 20 121 43 15 -71 -63 -35 90 36 -103 17 55 87 66 -98 118 67 -78 -70 -106 112 -84 -15 71 -97 -14 -69 23 -127 -24 33 -12 -78 17 -28 70 54 -59 68 -84 -42 67 37 -4 15 10 54 -20 93 34 90 -108 -11 54 -65 -75 2 -99 -28 -1 37 49 42 -102 -88 78 -96 -30 61
46 63 -61 -128 -30 102 -70 -67 97 70 107 -102 -84 102 -48 95 -79 -102 -68 -118 74 -102 124 -84 125 100 21 -50 94 -52 -113 -83 -46 -16 47 -29 -70 -29 -42 -68 97 -19 -49 -107 3 116 -107 38 113 -23 123 28 34 -124 -93 38 99 -29 20 -59 43 -48 -66 4 33 9 -37 -34 69 9 64 -102 110 -60 26 -3 33 -84 95 127 83 -37 -18 -31 16 -37 54 -5 -22 4 44 46 115 48 -75 -116 -13 -74 -59 23 115 87 -25 105 -58 -82 -75 25 -39 47 -27 -44 69 -10 -63 -26 95 -22 52 13 66 -40 120 124 21 -22 16 -30 -59 -57 -20 81 120 -124 -27 -56 -93 43 -50 94 88 112 -114 98 84 -80 -65 -77 -73 64 -38 127 -20 -122 21 17 -105 -98 100 118 77 103 -125 110 47 113 -68 62 12 -126 -25 36 -4 77 -47 22 -58 -95 -95 -94 -21 115 -56 -46 -25 68 -66 -40 69 103 -85 -25 -118 26 -34 62 -53 -57 -120 -7 25 -110 -70 81 -23 -78 -73 85 -11 -64 -120 81 -92 96 -72 -23 61 0 84 11 -99 118 19 125 -116 -112 -120 -28 -71 -12 65 -9 -62 -91 -117 117 84 120 -93 102 104 -73 -27 -5 -6 -5 112 110 91 -95 -86 -29 61 79 97 -14 -10 -23 -113 -82 -41 -24 27 80 82 -68 -60 -33 47 -11 -59 96 -43 -32 -24 12 108 20 -38 -70 11 38 -37 -19 71 -4 59 -74 75 -125 -82 121 98 79 -90 -72 -72 25 -9 67 -127 -35 -127 51 -78 102 -46 24 -85 -87 122 -90 117 4 -45 35 66 79 67 26 -89 -93 102 45 -56 -63 19 116 61 -17 -114 -29 109 -7 51 -112 127 96 -25 83 -26 -23 36 85 124 -118 21 118 -73 121 27 -2 -100 -69 -48 -94 -45 -7 23 99 42 -78 67 -1 78 -68 52 -10 49 -59 -51 -17 -99 4 -12 -69 -68 -34 22 -115 54 -67 -127 -1 -102 -92 87 37 -125 -31 36 -124 -11 10 75 -79 -25 -65 -74 -78 98 -6 -12 21 25 -95 -38 -49 -100 -24 -71 -21 78 105 13 -50 104 -25 -18 -22 123 74 -68 43 -38 -74 -112 61 15 -88 83 32 -5 34 -106 55 -19 15 124 118 82 80 -25 -22 20 80 -12 -41 68 124 -4 -111 2 104 -12 -116 66 -26 114 111 49 79 -93 0 -63 3 -3 50 91 -56 96 -74 24 106 -112 112 68 -123 81 89 21 -82 -9 121 -123 -29 -7 -49 4 86 -32 -53 -54 -5 37 -74 -37 -44 90 40 -14 116 -91 39 -59 84 73 127 32 -106 126 79
116 -88 -74 -70 -110 -97 -17 44 7 -52 -57 -120 101 -21 -18 -75 37 -64 -3 -71 -39 67 -6 54 28 -118 30 -116 45 -87 82 73 -120 -24 -54 27 -111 -122 -51 13 -47 56 52 -53 4 -95 30 -11 -29 109 -45 -82 -104 -41 65 27 5 -6 35 75 -95 52 -67 103 -37 -91 -86 -120 -59 47 -121 -18 -4 3 122 -74 -14 -33 -24 -90 -88 -126 70 -123 125 91 46 127 96 -32 31 -37 73 -33 10 82 86 56 23 57 68 49 31 -18 -31 55 28 -41 -39 46 -26 -103 -37 -48 -17 -33 4 -36 -32 27 -86 -83 -40 -28 -47 -57 -127 49 -3 -20 -91 76 30 -91 -65 -6 -73 -8 -36 43 -106 -47 -3 -109 53 31 -72 82 45 121 -17 -73 52 -69 -52 -82 47 34 79 46 -99 55 -20 113 -44 -35 80 -127 109 64 100 -104 -128 113 46 -104 10 118 -29 39 -35 -89 17 -73 -83 77 -114 39 -15 -111 104 -98 78 -82 -50 -80 85 -11 29 78 -98 43 -36 64 44 -70 101 -53 76 -21 82 118 120 -75 78 61 -12 -2 -67 -33 73 30 26 -11 -14 -125 -78 -22 -13 10 116 77 -79 -57 -39 71 100 25 -122 -69 -66 25 86 -107 16 114 14 8 -65 -45 44 -104 20 90 31 16 -22 58 51 102 61 54 -1 -2 43 79 -98 -84 -1 -44 -82 31 -91 -35 -126 -59 -42 -70 26 91 70 -62 -64 -103 95 -10 70 -28 6 -122 62 30 -30 -97 -79 124 -59 106 -37 20 36 -60 -75 53 39 2 54 -54 64 85 -77 87 50 -83 25 -90 -75 47 -28 114 60 -91 -104 -87 11 -90 10 -122 45 -83 73 -35 -43 -115 91 -65 75 2 10 41 -9 70 89 -48 5 126 -125 65 -119 29 -75 114 86 126 -29 45 99 95 95 57 -43 -38 62 74 102 4 117 68 -5 -89 120 -73 -119 -39 -65 35 71 97 -47 -46 47 -87 -30 118 -11 15 15 13 6 -110 23 -97 82 89 103 -64 110 -93 -49 -57 -35 -75 -95 -23 -72 68 -33 -16 80 -109 34 -77 79 -93 -28 -46 -117 39 31 -27 122 -100 7 -14 18 -46 -90 45 76 -84 80 -90 -125 75 -51 62 -67 22 -73 -102 24 110 23 -85 59 1 -71 91 57 22 -82 -89 21 -22 24 36 52 41 98 -4 65 82 73 -124 18 -73 48 28 52 -75 -90 -86 -35 -79 -30 -35 -59 11 69 45 24 -8 -116 36 -95 -37 -77 79 110 -98 -114 62 -74 -13 48 14 -48 105 39 -73 -27 -128 -29 40 10 -27 4 -106 -27 116 -46 -60
-74 -81 45 -51 -98 27 82 -56 12 -89 42 117 48 27 -47 17 -44 -29 80 40 51 -79 -63 122 115 -20 -61 -90 90 110 -125 -56 -32 59 123 -96 -74 117 -115 -103 -121 63 -30 75 -55 26 20 -128 99 11 -33 98 123 34 -33 30 -34 -121 -61 -6 94 99 -105 -71 126 3 32 -122 10 -3 -8 -22 -126 34 73 -37 -59 26 -20 16 76 40 -62 44 113 89 -127 -59 -126 -41 76 17 14 108 4 2 -125 113 6 -35 79 -23 -113 -27 17 -25 104 -33 100 -27 15 12 -14 89 55 -79 -114 -117 91 5 123 -128 114 -104 -122 84 114 -48 16 -10 -105 125 72 -114 -102 21 38 -63 -44 -7 -57 -66 120 -106 -10 5 24 -1 98 71 110 108 57 8 -106 -56 64 58 -23 -43 95 -51 54 -41 7 -111 -8 -12 -65 61 54 23 86 7 -117 -74 87 59 64 -127 40 46 -26 71 71 21 -80 -122 69 86 85 -88 112 119 28 -31 -123 -74 28 102 124 -29 19 -87 -20 13 6 -41 -27 15 53 37 33 -41 -50 81 22 -65 -84 -85 -14 -23 111 -25 -59 -40 77 111 -77 77 -63 25 46 -36 -99 63 58 -79 -4 44 122 67 121 95 -116 -52 85 -88 -37 20 22 -67 28 -58 98 -59 43 79 70 49 108 -31 -77 -38 109 -93 -76 7 -68 -10 -65 -49 96 31 -106 -95 -1 -90 126 65 7 76 -62 24 -7 -25 -110 -72 -17 37 53 -46 -55 98 84 -66 99 -49 88 -86 13 55 48 28 -61 -9 -94 70 -105 41 -113 111 -60 82 -44 -103 51 -21 93 85 -60 90 -90 -122 114 -94 -113 -70 -19 -108 56 -48 17 63 -104 -14 88 119 -83 -109 88 92 -120 7 25 -75 92 126 100 -115 -3 -47 -101 -34 69 80 -128 111 -42 112 -126 124 -78 61 -115 -110 -39 -127 122 -118 119 125 6 1 53 -110 41 -84 112 -13 109 -52 121 -104 13 -21 35 -41 42 73 -123 -128 -40 -114 116 -59 -38 -56 14 71 75 -51 81 123 -5 51 -113 -106 -49 95 37 88 78 -67 84 60 63 -27 -8 -96 2 -85 53 23 -70 -125 -19 -19 127 81 7 114 -105 -28 68 -12 99 104 99 -107 78 -86 -56 94 -41 8 -89 45 33 98 15 56 -54 -43 72 -62 88 3 121 -31 22 -16 12 -56 -88 -10 -60 58 63 -98 -78 -106 2 -55 25 106 -88 103 -12 -51 113 89 -113 93 112 -34 10 -116 112 -16 -40 37 85 16 -45 -36 118 -110 77 -64 -44 39 -45 57 -22 -109 -115 7 28 43 -119 53
-37 93 83 70 -14 -53 3 -44 120 56 63 104 38 34 -60 -39 -5 123 34 -106 16 105 -6 -69 18 97 71 35 -15 95 108 -60 30 -11 -87 114 58 -29 -29 -28 -83 -3 36 48 -31 -123 -98 -103 42 -106 52 -28 123 -106 -106 21 -45 32 99 -10 -107 -101 -53 -46 31 -104 -86 -113 9 119 -112 -128 48 -113 -13 -63 -92 -113 -92 26 25 -100 -95 119 80 28 13 -8 -65 -15 -76 -125 77 15 103 -27 -56 61 -24 2 9 41 -65 -50 8 107 -82 54 39 48 -56 15 66 79 13 -95 -109 91 3 11 -94 -72 16 107 102 -117 -84 -116 111 -95 -111 11 58 -11 16 -32 -28 -115 119 113 -110 -123 -99 -39 -71 50 -35 -114 -4 -65 -69 33 -115 55 -57 -83 -93 -121 -66 -108 -110 -50 -31 3 -122 107 -64 -102 -103 45 84 -31 5 70 -117 -60 34 -66 68 -66 5 -127 -61 119 -14 -101 -2 -40 -49 -21 64 94 -34 62 -113 -36 127 21 -75 -109 -59 100 106 -110 63 -108 106 64 71 -70 32 -97 -50 -22 -47 22 -72 45 -105 54 -117 41 -53 -40 101 -125 42 -56 -79 -74 -84 94 90 -35 36 45 -75 96 -31 64 1 -92 -50 112 -20 75 57 -105 89 17 119 -43 112 -7 -6 63 -81 12 103 -70 -2 -62 -49 -104 0 -95 36 -107 68 -44 -115 -57 118 84 4 32 89 -13 -8 55 -107 -91 -118 -27 49 11 -9 26 49 -4 29 35 -75 99 -12 78 -110 -49 71 -116 56 112 5 25 99 -122 -19 28 -67 37 -60 99 38 92 100 -91 -64 -54 7 -76 -26 -59 -76 92 -13 -119 -70 -36 -102 -42 -89 75 -94 -44 94 -107 -89 23 -99 -55 18 -36 46 -5 90 -22 -29 -32 -41 -105 -45 75 104 42 77 24 36 71 75 -119 -124 20 -41 -90 -71 7 -64 -78 -127 -97 127 66 121 17 106 -84 108 -65 -72 13 37 112 59 -61 84 -25 78 -57 79 -121 9 18 -127 -113 35 51 -40 19 92 32 126 106 -1 -59 -100 -81 -46 71 -104 31 66 97 90 -64 119 -111 -107 -72 -109 -67 122 -36 87 -95 -34 105 75 96 11 127 -28 -14 88 46 -123 -27 89 41 82 -51 -83 -22 52 21 124 126 -6 -25 -65 32 -68 -97 -17 16 -56 -95 -18 12 -48 -72 -46 9 89 117 -112 64 37 -97 -118 -39 7 -47 -127 -97 103 30 119 -59 41 90 8 11 -90 20 53 76 95 28 44 -101 -79 -44 66 -63 -48 -43 79 -6 -85 -98 34 4 -17 -51 97 -42 -128 -3 75 -118 37 10
-33 71 -97 15 -50 126 111 25 -103 88 -7 41 88 16 125 -55 -18 -27 79 -40 -106 113 -2 30 117 -7 91 73 -34 -128 -71 2 -39 63 95 -29 19 -25 -25 -9 -6 -19 14 87 67 32 125 -105 -32 107 -104 -86 -43 125 -71 1 89 110 -58 92 62 4 90 -54 -85 -112 118 -50 56 -66 -109 58 100 62 76 112 -128 -28 52 58 36 27 -40 8 -28 70 93 -94 86 -96 -85 -59 -46 2 -116 43 -3 -71 28 -19 30 104 -105 -29 6 94 -80 43 120 10 -83 65 38 -67 -75 55 86 -57 31 -46 104 116 -80 107 -67 -83 -76 47 73 -29 22 99 -45 88 -86 -14 93 63 11 -50 55 -27 -27 30 -23 -26 -119 44 112 102 31 -102 -33 15 117 -72 -72 82 60 0 -59 -81 114 -3 10 -48 41 112 -10 3 4 28 49 41 -1 -10 0 -38 28 12 -113 -17 -47 -109 9 3 35 -29 -86 -63 -84 -15 -59 -101 27 -73 97 -113 -21 88 4 -20 90 17 -106 107 64 -60 99 -21 -127 -75 -3 -52 -40 -35 21 -1 -121 -2 14 24 21 -104 69 15 54 -111 110 68 -25 19 -34 -122 78 -11 -57 66 -111 98 114 -40 38 23 100 -48 111 98 -35 -81 -11 59 77 65 99 101 53 -87 -12 -43 18 -114 34 -42 73 99 -9 94 97 -86 -37 9 -10 55 33 -82 -101 -71 -43 22 108 -81 56 52 120 -81 107 18 -29 -10 -1 50 94 -21 -119 -12 66 0 -102 78 49 -113 -70 39 109 -28 -86 -40 -119 56 -28 123 -46 -98 -90 -93 26 -76 60 79 62 -41 -103 95 89 -59 58 107 115 107 7 -63 -51 -62 1 89 31 25 11 -39 -81 -127 67 33 9 52 34 -14 100 88 -71 -113 122 -1 -29 -40 -102 78 99 52 57 8 -82 -118 2 57 79 125 99 27 92 29 44 -23 17 82 -46 -76 -30 -94 102 -91 85 121 56 90 -14 -18 11 -103 21 87 -75 59 94 -39 -120 -18 -15 -103 -80 21 42 -120 32 64 64 113 42 -18 39 67 56 -75 -126 -93 59 -102 -54 13 80 -109 67 9 78 57 69 -99 75 77 110 -48 -73 67 -10 -63 -87 114 75 -9 87 27 -7 -61 -123 -96 56 -69 108 114 -110 -122 -47 110 30 -125 119 38 111 77 -70 55 32 67 100 -7 -119 71 -110 -55 -44 -70 13 71 103 -26 -21 65 103 -100 82 58 -68 5 -15 120 57 -89 -52 56 -89 -17 -116 13 17 -41 -73 67 -107 -72 41 -40 -51 -53 120 -80 -122 106 81 -105 -32 -73
47 84 -71 87 61 125 -55 -44 -66 103 -3 56 39 -107 5 -69 114 -117 -38 -108 -123 -110 -120 49 -38 28 33 83 3 -118 -91 -111 120 -43 69 120 111 37 18 121 22 -46 -89 -84 37 -24 -51 -27 -75 -87 -121 95 80 64 -19 24 94 41 11 57 -86 13 85 12 21 -47 0 -46 -118 -3 -106 -95 -8 -128 29 -51 -12 -61 69 -73 35 -55 0 -116 -48 -109 71 88 33 17 -16 -37 -52 -90 -98 74 26 76 -107 -42 -122 117 34 84 -97 14 126 -73 36 -90 13 -13 -113 32 -13 61 47 -92 -116 36 54 105 37 109 -22 -64 17 119 126 102 -1 -44 -84 -50 36 56 -115 -9 -26 79 87 -29 17 -12 91 -95 69 104 -13 -20 -72 -37 65 83 75 -43 3 84 111 -89 121 43 -66 100 -46 -40 122 79 -32 -87 -37 -84 -89 5 76 119 -53 91 -112 -33 -61 -56 -48 -29 96 -99 120 -26 -110 -114 -105 8 6 -10 111 -60 -45 -8 86 7 115 -103 105 32 123 -78 22 104 60 -109 -97 95 51 -47 -26 -62 -11 -7 14 36 -12 26 27 -122 125 95 106 -1 -3 -6 67 -114 -25 -62 -109 13 37 1 125 26 -74 -11 76 -32 70 4 13 -121 7 -33 -61 119 -106 -86 -47 -32 93 -8 -9 -74 -3 -98 53 119 11 -85 -89 -10 -20 -20 -18 -102 -106 -1 -3 48 -27 1 71 -60 84 60 -116 6 58 -24 -50 12 116 19 112 -58 8 -60 -29 -9 -97 119 28 -65 90 -8 35 -80 23 -90 38 -68 122 -45 -75 36 127 20 101 70 58 -117 -1 94 -59 22 38 52 82 -27 -81 81 89 67 -95 -12 -60 -2 84 -103 -123 45 -56 117 9 -62 114 25 -50 -25 64 -24 -77 65 39 13 21 -91 -32 -109 109 126 62 -76 23 113 119 -65 39 -118 32 -40 -49 -35 87 -34 55 59 -25 -6 -107 76 113 -5 -13 -57 -93 86 -22 7 37 -15 127 -18 71 -36 90 74 92 -97 -46 99 98 73 -118 86 7 -100 -94 54 -128 11 -49 80 -29 -126 -43 127 45 81 29 127 -109 -112 126 51 46 -117 -90 -25 -6 -108 -109 69 50 -81 -56 82 -69 103 100 105 110 -58 119 -118 -66 11 -36 101 -102 76 27 5 -91 1 102 72 112 -65 73 -6 -77 -75 124 5 113 37 96 29 -39 115 -57 125 95 -60 -26 -14 -47 -93 3 34 -47 57 -104 -81 -4 -107 1 -81 -31 65 122 35 102 127 -29 -108 -34 -53 108 95 -54 -56 -14 117 60 -117 -123 -56 -91 -15 40 64 -110 -73
-97 -80 -17 89 60 -1 109 16 47 -65 82 -7 31 38 67 -84 -76 105 107 -50 -8 -2 -73 23 -82 -19 -91 -23 40 -32 -9 119 65 -2 -57 -70 -8 -67 -126 68 -36 84 11 -47 -128 -68 50 -6 -55 -111 -2 -120 86 99 84 -115 33 117 -1 -103 95 -3 -41 55 68 -7 6 111 42 -121 113 60 8 97 -3 -5 77 39 96 109 -66 67 17 -59 73 -86 -125 33 -118 -2 77 -105 17 -38 116 -81 -118 18 -9 -64 -94 36 44 -104 24 117 118 1 -51 127 -46 -127 -64 -64 103 -94 -56 33 -86 117 56 101 3 -51 -46 65 -26 -10 -66 70 5 -94 -114 93 -49 59 1 -57 10 -24 -48 -102 2 -97 -11 -66 109 107 -73 -78 -107 -11 84 -15 117 -111 -66 -88 -78 72 -17 -88 -126 95 93 -105 -81 116 22 -50 66 -118 70 112 -67 28 -51 19 -51 98 -38 29 34 -55 -75 8 51 1 -118 37 36 112 -94 -63 112 -105 -15 -21 -79 17 -69 -88 -109 15 47 94 -75 -93 21 76 94 -97 -95 -90 -89 -100 -91 -29 68 -120 24 11 54 -25 73 15 105 -41 -73 0 -27 -114 -62 -24 -92 109 23 -105 75 -48 123 -72 -46 98 -80 125 -118 58 108 -44 119 54 -106 -49 -57 8 -44 -126 -92 -59 112 -9 -46 41 -39 71 -23 20 72 -126 -14 -94 84 -114 -32 -114 32 -29 -118 12 104 -117 12 74 -31 12 -32 -81 117 82 72 -59 -17 92 -49 87 31 81 41 71 60 -70 76 65 -117 -97 6 -45 -49 85 46 17 62 -13 71 -46 -87 90 90 80 20 -68 -78 -5 30 83 -89 92 99 91 43 -9 -85 -119 -81 111 -75 -38 57 -39 -62 -31 7 -55 -81 -65 12 -122 -49 -26 59 71 1 83 4 -88 -1 93 -106 -112 106 21 127 59 -103 72 -6 -70 51 -43 105 -41 1 10 0 82 -53 11 -65 20 48 64 -27 -49 -8 -25 58 -38 107 -65 -95 -65 59 -76 58 -103 63 106 121 65 23 99 -40 -83 90 38 42 -43 -70 11 96 14 -65 -98 -4 61 86 98 -110 102 99 -44 36 90 73 37 -112 18 2 -82 19 -34 -126 -64 38 -11 63 -7 -10 -107 -1 -120 48 -8 -46 118 16 -4 -83 19 76 66 -77 -67 93 69 -48 -107 -49 16 -126 103 -54 -61 -5 -89 -101 27 -106 11 62 -9 -5 110 52 -94 66 -29 -82 -117 73 62 -106 -110 35 -12 -7 -25 107 76 -73 -37 28 57 -100 -105 -57 52 19 10 32 -33 109 66 8 -38 -22 -5 -41 65 24 -1
-128 -34 61 -29 3 -104 56 46 16 -15 -82 -94 25 -3 61 121 92 -72 49 117 73 -80 -76 -36 -103 106 -84 84 -59 -18 -104 -3 77 -4 109 -45 -55 -59 -60 34 -36 -116 26 -79 -64 -89 46 31 -73 -85 90 -27 -4 -58 65 48 33 -50 59 -3 -18 -43 7 99 62 -78 71 68 97 126 -2 20 -1 -11 -30 -120 -49 -95 -40 32 59 -66 79 119 106 54 -26 1 30 67 -52 -38 -105 74 -64 -113 -70 -29 95 77 117 12 2 -43 33 -106 -29 -61 -34 -127 89 -62 102 -83 -94 71 -17 62 -61 92 -6 4 117 14 -76 -18 -16 -80 101 -93 55 -119 -99 9 -85 106 -125 83 119 -65 -71 -10 52 89 24 109 -42 -77 2 24 -55 -30 9 -1 -77 -95 100 -24 -48 115 92 -34 -37 110 49 120 78 -81 -116 -55 72 -51 58 -89 33 -27 112 39 61 0 33 -33 116 71 -99 -18 2 -81 -15 -65 101 -126 -7 111 120 127 -84 81 -47 -77 -100 -59 -17 -2 -100 117 -81 44 82 -30 -37 -24 -35 33 -12 39 50 111 -48 56 -77 -33 33 87 15 -31 -15 -49 -125 90 100 76 114 -91 78 -108 -108 -15 -70 70 -58 15 -40 39 -37 88 95 124 0 90 -82 43 -54 107 -2 -74 -77 -2 5 13 26 -35 76 -105 67 -124 -101 -124 -107 36 -92 90 54 110 111 -124 -31 -46 -103 -6 44 -5 -41 114 -113 7 -20 -128 -121 70 117 -121 61 28 -36 -57 -91 -40 88 72 -4 15 -92 26 120 81 26 -122 34 -2 30 88 -60 30 -35 127 -91 57 34 -54 43 81 -14 97 -16 -81 72 -122 82 -3 58 -29 96 32 104 29 -127 -18 119 -8 -16 122 87 127 -86 -82 8 57 -29 -100 93 -24 58 -98 26 -55 -34 56 13 87 -11 -4 99 -21 13 90 69 -95 35 -92 -44 -84 94 18 -20 -66 51 -54 46 116 -80 45 -9 -105 -20 4 111 125 117 28 50 97 -92 81 -30 -87 -112 -24 21 -58 73 -58 -90 -57 87 120 40 104 -100 -77 -107 -74 110 56 21 49 71 77 -33 -38 24 -28 -65 9 -108 -87 58 -88 -36 47 35 71 -5 72 35 126 113 81 -84 -51 -76 -75 -5 -81 -26 -50 25 -128 50 9 -62 -65 -64 38 19 -92 -64 78 -65 -85 117 118 -82 66 -102 -63 -58 67 -112 79 -109 -21 -30 -110 -91 -107 -76 51 -91 -94 82 -119 2 -81 125 -105 63 38 -16 -53 -58 -81 13 18 120 19 76 86 -42 101 62 -105 24 -7 125 125 -105 102 51 -97 16 102
-65 -21 -73 -90 -43 123 -32 -89 78 -4 -105 70 -69 -19 -54 107 118 39 -12 -23 32 10 68 43 -25 -87 12 37 -117 -77 16 67 33 -57 50 3 -79 98 -35 65 44 -23 -82 -44 -80 -59 24 93 37 -15 61 17 -72 -14 -106 11 -24 -38 -127 -93 115 0 -34 13 17 5 49 -67 -112 56 -126 -109 111 126 -82 82 -78 -63 15 13 101 99 94 -26 -105 17 125 126 94 -15 -115 -87 73 76 -18 2 103 118 -96 -88 52 -115 73 103 -59 -48 -124 -109 -52 -36 43 0 -128 -61 -18 121 12 7 44 60 -35 12 -102 109 -11 -91 -21 2 73 -59 -119 12 -124 41 37 105 79 -57 -72 -31 10 76 -120 -101 20 -31 -8 -76 88 -110 -84 -45 22 85 -52 18 -48 -64 6 37 -108 -1 -66 -43 92 43 -75 39 -3 103 127 -79 -31 -4 -120 -72 26 -92 -17 -97 109 32 14 -104 -3 -47 38 101 98 -77 -47 34 119 50 118 24 72 26 83 101 30 -13 -65 73 -43 -3 43 60 102 62 -125 98 -123 75 16 11 126 -108 -1 -13 80 -102 88 16 7 83 -111 -41 -116 -27 29 54 98 -61 117 23 127 -110 -46 37 71 -86 -124 89 58 -94 64 -11 22 38 -15 35 -94 -47 -15 -57 -104 2 -115 -74 -27 98 -4 59 -112 -113 105 124 -119 -11 32 -107 -119 28 -84 94 -128 48 22 5 35 -31 83 11 -69 -33 113 67 -7 -40 75 -99 -77 7 -86 25 -69 -24 84 -127 -102 -54 48 67 -4 78 -100 -49 93 54 70 61 55 -109 85 76 -78 37 53 26 -40 -116 -33 58 -2 -74 26 -98 -84 68 99 109 -55 77 70 -49 -104 33 -128 94 -112 25 28 89 18 42 125 -92 -110 -79 78 -91 -76 81 -41 17 107 56 -99 98 62 61 -83 37 -47 -53 89 -128 -30 -117 -41 -69 84 -67 -20 -14 68 -18 -84 -82 2 -15 -89 18 -2 5 50 19 -6 112 108 106 38 46 18 -84 119 38 86 -45 107 -31 -78 39 -29 -54 -97 11 23 -81 -89 -39 -94 63 23 31 -42 3 14 -107 9 -63 -117 -65 111 24 -3 -79 36 21 20 -84 -92 -72 81 -65 91 93 -121 16 -83 90 -53 109 -96 7 24 -6 -32 -22 -113 94 17 0 29 56 95 -20 -22 -103 64 -108 73 -60 113 121 -85 100 -111 -107 99 11 -42 55 -104 -53 95 -122 36 118 -1 -120 64 -40 -8 67 102 -99 76 50 6 123 -113 108 57 -95 64 80 -47 115 -71 -125 54 109 -103 114 -28 97 121 -27 98 -104
55 -50 -17 -74 -23 99 -21 71 -113 -116 -40 14 101 108 -73 16 -38 101 36 118 -84 104 96 60 57 36 0 -16 -10 19 -109 -24 -50 121 -43 -44 -10 -56 122 -52 107 -22 -91 64 96 -11 40 -7 40 -117 -10 -121 -67 122 107 94 -58 -76 77 -112 85 55 -117 127 20 -111 -77 16 -123 40 -72 -63 15 53 -3 -97 49 19 -72 -7 43 31 -102 -12 -64 102 40 -55 3 83 -53 101 35 -56 -53 7 60 120 -117 58 76 47 57 7 43 -120 11 -43 -87 63 84 -125 50 74 -82 66 126 41 -117 68 -111 97 -12 -70 110 116 11 -118 27 1 -2 92 124 -105 -12 23 -71 -57 -71 31 -96 33 46 -52 -72 73 -80 19 125 -30 -96 55 78 -105 -3 -126 -111 67 -25 47 -109 -32 121 85 122 56 -27 58 127 -72 -80 92 101 30 51 100 -55 -86 -54 -108 3 28 -43 -76 -50 66 1 -35 70 -82 64 103 25 -25 -91 -19 -65 -87 -66 -59 -30 110 -70 -47 71 84 86 -84 -43 -68 -99 -33 -23 -118 77 81 38 -92 45 -76 84 -37 113 105 64 125 -23 95 -6 64 -18 -101 120 64 42 -71 -43 58 20 -54 -51 0 89 -52 94 56 -84 -17 52 -111 106 106 47 20 -108 -103 52 9 -20 7 123 -78 -46 -57 61 114 28 78 38 123 -33 -66 20 47 -2 123 1 -114 50 -24 -7 33 -121 44 -121 -78 96 91 43 73 28 -34 112 118 50 -38 -28 -15 103 114 113 90 3 0 -26 110 -81 -122 125 109 -15 -58 58 61 -83 -114 1 -82 -22 -49 100 -51 102 -53 -25 -122 110 -128 -57 -49 -43 -110 37 -10 -59 44 90 124 -114 20 20 -82 -117 -53 -84 116 -10 -80 -58 55 -41 15 -106 31 47 39 102 -64 62 -29 -35 88 -47 73 -92 90 86 36 -41 13 21 110 -17 -104 38 34 89 91 74 40 64 35 72 84 20 -12 -118 106 106 8 -94 32 -55 39 -39 102 -2 112 124 -96 -47 -100 -48 52 90 -36 121 121 -17 -48 -111 -29 -77 79 45 118 12 3 -55 -56 -111 -17 -90 -127 -14 -53 62 3 66 -100 51 -12 -24 -78 5 12 -27 -27 -114 -10 -27 57 -98 -21 -27 -12 -2 78 108 97 22 49 -44 69 11 -42 120 104 69 108 71 60 105 -29 -91 38 -28 45 -44 -52 91 105 45 -94 82 7 5 62 -93 -101 35 -65 -32 35 53 57 -51 113 90 -106 47 -41 5 -123 65 94 36 -50 -11 79 -101 -122 45 30 19 -120 69 -33 -79 -83 -114 34
9 -128 81 -116 54 107 111 -92 -2 -13 19 -3 -61 16 70 -92 86 97 -69 50 123 3 79 36 -57 -23 -35 -124 74 61 -17 -81 -124 106 -4 -7 -71 -7 -117 -51 80 42 -95 69 93 -115 -108 -91 -20 25 14 -103 -92 126 -30 -67 11 -127 -93 -126 32 -102 -75 10 -19 4 54 37 112 -100 2 -68 -93 13 -51 -90 -98 -14 19 79 -69 55 113 -105 -90 -106 -23 17 -70 -32 -65 -106 -5 86 -49 44 86 -48 -112 -49 73 48 39 -103 -79 -44 33 16 -25 110 -85 -92 85 46 -88 -38 45 -25 -123 -103 -86 -78 33 77 -29 -52 -1 -77 -122 49 -17 -102 -80 6 -15 -116 -121 59 114 102 98 58 -30 -115 -117 57 88 -108 -128 118 77 73 -118 71 -52 125 78 -76 61 -64 114 127 -92 -50 80 66 104 82 44 -14 16 24 -67 -37 -80 100 -7 47 50 32 -99 44 -27 -27 -7 53 109 -3 -106 42 45 -47 -75 -27 0 -61 -5 -56 20 -103 -122 80 50 -115 -114 -89 54 -12 86 -76 57 73 -16 -26 -56 -37 -35 -25 -44 56 7 -19 29 -31 25 25 -69 8 -33 -17 -56 -121 -70 82 -49 -28 26 -34 2 -99 -114 -77 1 -8 -18 64 37 -22 58 -6 96 25 -75 36 78 -38 14 -72 -4 -120 -56 -60 -13 -68 -45 74 88 -74 119 58 -121 64 -28 -127 -39 56 -107 -18 -76 77 35 -25 70 59 100 -96 36 117 -4 72 56 90 62 -42 77 11 -43 -44 22 63 -103 22 -91 -22 33 -18 -87 -114 -121 -85 116 45 109 -45 -65 -8 115 99 124 113 -88 -56 -68 107 -77 69 -22 73 72 -126 61 -90 -74 -81 -100 -71 54 -19 -25 -106 85 122 23 -10 -66 127 48 99 -71 75 -94 127 100 -97 29 121 -55 -103 -63 -15 -24 -78 -40 104 -33 -38 70 63 -78 15 -43 -117 71 -73 58 42 79 -47 29 -109 -68 -6 -24 119 79 -6 114 92 -103 107 45 -2 91 82 -13 -112 46 28 97 -67 24 -109 88 92 59 32 -33 96 -24 103 -40 92 112 -57 9 7 6 69 -62 -114 -20 -49 59 -125 56 -76 56 -78 -60 -44 -53 112 -8 -89 -64 -42 101 -3 0 -5 110 105 -104 -99 -14 -17 67 120 107 1 -4 54 -81 -54 -58 38 38 -26 -125 -52 117 -89 -100 -60 45 -107 123 -109 79 32 33 64 40 59 -61 78 43 -26 44 117 117 -106 -31 56 88 -56 40 -15 -43 -47 48 109 122 28 26 -106 30 78 -33 115 -64 22 107 -19 48 98 99 3 100 -39 -15 124
-74 -70 67 119 83 46 -8 94 8 -104 -40 -55 50 103 -120 40 7 -56 59 -3 -31 116 -4 24 37 -52 33 13 84 -10 89 0 -57 56 43 -105 -19 62 -78 10 14 -17 -21 -106 10 -99 121 -45 -103 104 -47 -82 1 110 101 42 -36 -8 27 -109 11 119 -54 21 -107 -9 -51 116 93 117 -63 16 36 -59 106 -32 -116 -52 -3 122 -107 -122 -44 116 25 -90 32 -62 -37 -44 -3 -110 41 -122 -11 -26 -98 71 -101 -26 85 -116 81 112 18 109 -10 -69 38 18 -74 -20 34 -27 -96 -121 80 -68 -22 -8 -73 -65 91 -69 -73 -56 111 5 -71 -52 43 -12 18 16 28 18 127 33 -15 31 20 -47 62 -51 -9 -10 108 -113 -52 109 -22 -93 -25 81 41 -94 -46 -26 -71 121 -95 121 -85 -76 87 108 35 21 63 -28 -81 97 105 29 17 -21 -120 54 -64 116 -6 53 -86 -104 -109 12 123 -75 70 -13 -106 55 -29 112 -61 -126 -71 -105 -25 -45 74 -15 105 69 -12 49 103 7 -87 118 41 -50 -34 36 -110 -74 15 74 24 2 -67 -43 -37 12 14 51 -6 -61 32 61 -13 108 111 31 -4 -90 -68 111 79 93 18 23 94 -30 -50 -62 0 106 68 93 48 61 28 -104 -38 -1 -94 97 -39 72 88 117 77 -109 -29 54 103 -47 -18 46 -106 106 -91 68 -46 85 -66 78 -41 -80 -40 -37 -98 13 43 -50 -89 -92 29 -86 6 -29 -9 -45 -79 -110 -78 -88 -118 -57 -124 -58 0 -4 -91 -50 10 127 123 38 24 91 40 55 80 9 -107 -15 71 4 -13 36 -50 8 -73 45 -73 -31 75 -94 48 85 -106 -61 -27 69 -52 97 -76 61 -16 -45 -118 112 57 -93 5 25 -123 56 -82 -54 -3 -93 -44 -31 -31 45 21 49 -57 56 29 123 26 -8 18 -35 -27 -80 13 -98 -71 89 -70 -117 78 -117 16 107 119 -113 -94 2 26 76 -53 91 -83 -28 -74 67 55 -80 42 -13 18 79 -109 100 104 -35 92 -39 -19 122 17 -38 -84 -94 121 56 -95 -120 53 73 49 -76 -73 -21 -128 5 125 -15 15 -82 -10 100 -102 13 13 -70 97 -84 -66 -111 -13 1 -5 62 117 45 -81 -106 86 -57 37 -11 122 56 -118 -58 -57 72 103 104 -107 76 120 -110 -99 74 -28 -33 79 -95 -64 17 80 -83 67 60 -118 -115 52 -8 -126 -9 71 109 -55 47 37 26 -117 109 -99 35 61 82 -83 125 92 -103 -56 -95 125 -114 -77 55 -1 17 -36 69 -75 100 24 -55 -36 113 -39 101
-109 -112 88 68 79 18 -122 -109 93 24 124 23 89 80 65 -100 -7 22 3 125 31 -10 23 -24 95 -57 -57 -111 -103 30 32 125 33 -90 30 2 -36 -54 -123 -30 -45 8 -90 -82 -83 -80 -30 -82 -71 -57 -16 106 35 -104 -48 -89 76 104 7 45 34 97 35 -85 -18 -58 64 -33 -27 59 -28 10 -104 -30 52 21 -93 -92 68 9 -30 63 109 76 -31 -115 -33 113 -20 66 -127 -16 -116 -35 48 -108 -66 -83 68 126 -93 105 0 -6 27 4 -118 -55 23 92 24 11 30 92 36 -36 28 -112 75 -61 76 -64 90 94 28 123 -99 -93 -128 -85 -104 113 110 118 -105 125 124 99 -104 -98 60 -115 21 -107 -42 -10 -26 95 -22 -55 102 81 -38 -26 -2 58 -120 -25 -82 -29 -7 40 -63 90 31 -52 -89 117 -71 115 -29 56 124 78 47 -106 -111 116 -48 -59 46 98 80 122 89 -90 72 62 41 7 -29 -28 -13 92 -29 -96 87 -123 110 -91 -69 -65 -74 -127 -72 117 -48 -98 -13 -45 111 -100 -12 -83 53 -17 -92 -103 -54 -114 -43 56 83 109 -9 117 91 -50 113 -14 -69 103 -80 110 123 93 23 11 -66 125 -26 115 -61 119 -97 -27 126 61 10 -84 49 89 -6 90 -58 98 -6 -89 109 -29 80 71 -36 56 -20 23 -124 100 121 -103 -18 -122 -47 -101 -43 -124 -25 -54 60 40 82 -114 62 83 77 118 18 68 -1 70 -54 -13 -119 -85 97 70 -5 3 118 59 -13 76 2 43 -117 -64 14 57 -92 19 -55 -21 103 97 -60 -77 -49 -111 106 -104 -107 -63 -16 -111 109 72 116 44 -19 -89 80 90 44 125 -10 61 -94 39 11 77 -73 14 -13 -56 83 37 40 78 98 109 18 -105 -30 12 -34 -7 10 9 -78 -89 -111 58 45 -4 -126 -53 98 -70 -34 20 13 -31 -111 -121 -92 44 -59 97 -115 -79 -49 27 15 24 40 -19 15 -105 104 48 -87 -81 -24 102 -99 -118 -55 86 1 10 -96 -60 24 -70 64 -113 108 -90 -45 -51 -84 -64 -102 -63 -44 101 -77 -40 31 -29 10 -25 60 -88 -79 -37 -102 75 -126 -29 -120 -109 -4 107 -13 -114 -18 -93 74 -90 16 67 -9 -24 -108 -4 13 10 16 -121 40 92 44 -109 -44 -41 70 54 -47 102 -12 15 100 -13 94 117 107 -66 -69 -68 -106 95 -120 -116 -119 -114 -125 121 17 -58 53 49 94 -11 8 44 -58 92 84 51 6 -57 -92 -127 -102 94 80 -56 -85 42 -94 46 -68 -7 -116 -23 -72 -28 50 78 76 123
98 -60 -4 -16 -109 -36 83 -68 -11 -127 114 34 -100 90 61 -15 -116 55 70 87 -55 -8 -100 -14 117 43 -34 31 19 -63 79 -37 42 -21 84 104 95 122 60 66 -15 82 -28 -16 1 98 81 62 -46 -27 96 92 9 3 80 -76 -33 -32 -29 124 89 -43 -76 -66 -100 -121 -29 24 -50 107 -64 26 -80 -78 -19 68 -45 61 -98 28 -15 -36 11 92 53 -127 -49 45 103 102 53 -94 -53 -124 -123 15 3 -99 -43 53 72 117 -77 13 -127 -26 10 18 -44 15 110 27 -67 126 127 101 -5 61 19 62 -14 -100 -51 59 62 41 56 6 -11 70 6 -59 -5 64 65 -112 77 84 -79 -37 -12 -42 -107 47 109 40 -5 33 100 -14 -12 -51 -114 16 84 -83 91 20 -74 -66 -14 -121 -48 -113 -42 -21 11 -24 114 4 102 -89 119 110 -18 91 -97 38 29 81 -109 -119 13 -27 121 13 -104 47 -14 -29 40 -121 -128 -124 16 126 56 -118 98 -48 72 57 -68 -33 108 50 120 -24 -79 -82 2 -31 -63 3 -81 103 -115 104 76 122 -82 -20 -53 35 65 3 67 64 101 61 57 60 10 -94 14 -108 -50 22 73 -61 24 108 46 18 -77 -75 11 26 -32 45 123 -98 23 91 -35 -51 -103 60 123 80 112 -97 -48 6 -100 57 -110 -47 13 0 -93 -23 -16 -17 -101 111 83 -73 -124 -96 -72 112 -63 -127 67 -77 -41 84 -25 -50 -33 -33 -89 -59 -118 126 71 8 -14 97 -54 9 -117 -46 -79 -92 -119 77 74 77 63 -84 -60 90 -105 12 77 -6 -77 119 118 -60 6 -62 -31 37 74 39 38 -84 -124 -75 -4 -92 -26 -43 31 19 -31 50 -74 -42 97 104 -1 -122 7 -24 125 97 80 -53 123 -40 -2 -27 125 -34 -27 53 -25 18 -61 -78 -67 82 116 -43 -6 -69 -35 -85 -74 -83 -80 -112 45 -66 -113 -100 25 -79 -118 98 -99 90 -74 33 83 -43 10 -68 50 54 79 -21 119 27 96 -54 116 55 -38 -116 26 -93 -107 -80 -88 86 -5 20 127 107 107 -50 -76 86 66 -54 -18 49 119 -78 112 -111 56 77 -28 87 58 -65 -110 30 9 -122 15 83 -64 -47 47 -61 61 -64 -111 81 -63 114 57 117 -85 2 74 12 121 71 -105 -62 75 -92 109 28 107 -29 -93 101 23 -53 42 -93 -107 56 -25 6 97 79 -114 -51 -72 -58 119 -106 108 -125 60 62 96 -54 -66 -36 11 82 95 127 -62 23 73 -74 -114 -116 120 -126 99 53 -63 -75 -87 -89 -88 -3 20 30
30 60 -78 123 -36 -71 -74 -78 117 48 -111 -71 72 -44 86 82 36 -109 97 50 29 119 28 -59 49 -107 126 100 70 -128 -107 -62 -15 -96 60 -112 -91 54 126 -49 -76 25 48 -12 90 9 -106 -19 -58 -2 -25 -14 -84 100 -22 -13 26 54 64 76 -64 50 -126 24 -123 12 23 28 25 -93 96 -120 -17 -76 -89 -67 17 -32 20 58 -62 -92 -46 -59 54 67 123 -22 -18 -103 -2 -2 30 45 41 64 48 -42 115 94 41 36 -119 61 -113 92 97 -23 -72 114 -89 -107 73 -99 110 -86 81 -68 -103 72 -67 -1 110 104 -114 -66 -6 78 17 -87 -78 -27 112 -78 92 69 -128 -102 9 -63 -33 -99 125 -30 -80 -26 -9 63 87 -104 123 -100 -58 32 -2 -11 66 -115 51 118 120 -73 86 106 -20 -74 -46 -118 77 -3 73 -71 23 26 -88 -104 107 105 -30 -15 -50 94 -76 -61 93 -62 -52 54 -79 89 -7 86 73 25 -91 89 58 -90 -6 -84 42 -122 29 -64 101 -48 2 99 -7 -82 103 82 -85 58 -57 19 -1 85 -13 62 -9 -24 96 42 70 -69 -65 110 27 101 49 -44 69 -10 -126 116 -7 70 -14 41 -7 49 -74 8 32 -56 77 -97 -65 -19 -76 2 86 -29 96 114 -78 94 -18 1 -99 72 -36 -39 -84 -93 35 65 -4 25 48 -7 7 -64 -51 -85 17 11 -41 -39 -17 115 -114 47 -21 117 -34 103 113 -15 46 -27 120 90 -105 29 122 -85 -120 -108 19 -97 19 -121 -116 72 -123 -46 -32 -90 -72 -46 -25 -5 54 73 -26 91 80 -95 90 30 33 0 71 36 -121 88 112 66 -1 89 -26 36 24 -62 -83 -4 -109 25 -27 10 96 51 -4 72 -61 -95 -35 -27 77 64 -51 -86 -62 -60 -87 -54 83 112 -59 -49 -55 -52 -120 74 120 50 -69 -87 103 -43 69 -31 33 -50 -35 -68 -11 -21 -84 -107 41 -51 -72 -30 -43 27 119 -18 42 -76 -46 -104 84 25 12 -123 6 -106 36 -98 -15 -73 -34 36 -107 -53 -76 55 67 -54 -36 -10 -113 63 -126 18 -11 82 77 71 -101 -13 123 -92 -72 89 -26 36 2 -89 39 58 -5 -2 28 125 -86 57 -45 98 -9 -93 -39 -44 13 110 -101 100 -44 122 27 -127 -110 -60 -83 -25 103 113 -4 103 10 -87 4 88 -75 -13 93 -125 38 77 28 -127 -31 -128 34 21 -70 121 -29 -115 -112 43 84 76 88 126 -95 -20 36 115 116 -111 -9 44 -114 -106 81 -88 -64 -77 3 -92 78 57 -29 -90 -90 115 107 124
29 -35 24 89 -95 -126 -45 -21 -11 16 -74 -63 -37 -32 103 111 -72 57 -36 -128 -59 59 -73 68 48 -83 -7 67 119 -43 -37 -14 -29 -6 100 78 -16 -77 95 51 -38 66 -47 115 44 8 9 -8 -7 -98 -44 -41 -8 -101 72 57 -15 -99 85 34 60 -29 -113 -1 97 121 39 9 78 -126 33 -8 43 -66 37 97 -8 43 -61 -22 11 -56 -112 -124 89 99 -86 77 -26 -96 -21 -112 -59 122 -106 40 98 80 15 -34 -78 123 -43 -82 43 -109 -26 39 123 28 115 -42 -79 -47 -91 -105 -25 97 -38 5 -76 -80 -65 13 52 9 -73 27 3 24 89 -12 110 -42 104 -101 102 59 59 41 65 98 -21 -20 92 -38 -108 -44 90 -61 -91 -127 115 -81 119 -49 43 -33 -23 -115 -5 -61 -107 -75 -6 120 -80 -24 16 36 3 33 33 107 -34 3 15 -10 39 67 -68 -47 -97 -40 126 -72 63 -81 -12 87 -49 -48 34 -118 -83 -83 -113 -52 0 14 37 106 102 -89 24 -51 94 -19 116 -118 9 111 -58 56 116 62 78 11 68 -37 -103 -63 -50 84 -65 28 84 49 -21 -127 -92 -117 -46 42 -42 22 -19 -48 -59 4 115 -90 -105 2 99 38 -15 37 -112 49 -6 50 15 -123 -29 34 5 -35 106 -15 -23 3 -45 11 61 102 -86 4 46 -88 -62 98 -48 -39 64 9 86 -1 41 -93 31 -118 14 24 -104 -110 -48 103 81 -23 -125 -109 48 64 -83 -98 -116 -102 118 47 3 8 12 -8 91 124 7 54 -5 -49 -100 -84 40 -50 46 -73 101 79 -67 117 -85 88 28 107 125 81 40 32 39 50 -3 39 48 -67 -104 104 109 111 -8 76 -10 -105 93 3 82 -42 11 -81 66 76 12 62 -9 98 -92 30 -124 -41 -21 -117 126 -27 -1 20 -27 -1 -84 -47 61 88 11 -34 -47 29 94 71 -1 31 9 -30 -79 106 10 -24 -43 92 -21 -30 -6 74 -100 67 -88 -93 87 102 -113 -72 -53 -75 -61 67 83 -125 87 73 -76 24 -39 -52 -113 91 -35 59 43 116 -2 0 -41 -84 42 8 89 85 -103 30 -123 50 -88 -94 29 -104 -107 -9 -23 -80 105 -75 -107 8 -28 60 -43 -44 105 -109 106 -119 88 -30 99 -67 1 -47 45 25 84 -16 32 43 68 -127 -55 -70 -66 -84 -47 3 30 72 66 -92 -42 -120 -44 124 -114 -51 64 26 -120 109 -73 -1 -80 59 -61 35 92 117 9 -59 118 118 -92 61 101 -64 93 -120 -64 -52 -32 -2 -113 -58 -79 -23 93 98 103 -119
-90 -27 37 -20 -87 -61 -51 -80 96 -14 60 -41 104 -19 -9 106 -21 -125 -40 -105 111 -4 77 75 70 91 -117 66 52 48 50 -19 -9 3 110 56 -3 91 100 9 39 34 -46 80 30 -23 -39 -92 -81 13 -90 -57 63 122 -109 58 3 109 5 -58 -116 -33 -105 42 -93 103 127 55 9 91 -24 35 -27 45 -1 79 127 -100 20 -88 -12 -93 16 33 -13 33 -39 76 39 111 -108 36 61 -110 -61 -28 -60 -67 5 -105 -78 50 120 -119 -79 -86 66 -109 121 85 69 113 -2 64 -18 -36 37 90 16 -18 -56 45 114 -77 -93 -62 -65 -11 93 -36 33 -89 -50 99 -18 -57 23 28 -49 16 -110 -51 -98 8 50 66 101 11 49 35 47 -119 -4 -99 109 -13 -54 -38 28 -6 8 -66 -115 61 -53 -46 -121 100 -118 -21 -33 13 6 108 -87 117 -57 15 -30 27 -68 104 116 -3 -54 80 116 46 -84 -52 1 -40 114 96 -66 120 -128 100 -6 2 -87 66 -82 24 51 -85 25 113 -23 -115 35 -52 -51 72 -85 13 116 26 124 56 -41 -17 86 -90 -39 -117 50 -119 103 -76 -26 -90 -11 -30 104 82 -23 -67 123 100 -109 -58 29 5 -60 -73 41 -9 -6 6 50 -78 -41 -50 14 -9 -103 60 17 112 -57 126 -81 47 58 -105 -106 4 -64 -72 -98 65 21 -123 -10 47 -36 37 59 39 -48 46 -33 -72 23 -115 -89 -82 -81 -23 -14 -5 -12 26 71 55 -59 -16 -57 -87 104 -107 108 97 -12 34 -20 89 4 -19 69 -10 31 7 78 88 -118 30 40 6 -108 -19 -86 83 39 -65 116 41 -122 -91 -7 -35 -32 -56 -59 -36 30 -75 83 -45 58 -19 11 -8 -49 -12 -118 -99 36 -53 80 40 65 12 -83 -41 28 -28 125 120 -18 15 -40 -47 -119 118 32 -86 -69 85 -103 18 -11 -17 -48 59 28 -5 -3 20 98 124 -4 37 92 -9 -88 12 -51 -120 -1 -107 32 24 74 78 95 -29 -87 -49 -48 58 28 -70 -68 -57 61 96 -94 65 14 -3 59 -38 -63 31 15 9 107 -58 -115 -98 52 -43 -55 60 7 -63 -125 118 14 -95 -18 120 61 -126 34 99 -128 -69 59 88 64 -63 -10 49 69 -74 76 13 -62 -88 99 110 -36 22 44 6 -125 -43 85 -104 -101 -13 11 -23 113 39 -28 123 -19 -122 76 119 91 -56 -15 -127 -45 37 36 -57 106 -110 -115 23 -34 39 -13 26 -117 123 30 94 89 -80 -2 -1 62 -3 -74 87 -56 32 76 95 -92 92 16 -123 73 5
-38 -110 50 -47 -95 68 -117 83 122 -55 -89 -103 -83 -123 94 -73 -6 -27 41 78 55 49 111 -122 14 -69 -82 -20 26 61 -99 -23 16 88 52 -118 57 -19 -105 -42 -12 -80 -86 -6 -80 -14 -127 47 27 119 -23 -101 59 -20 -96 75 -116 64 -90 50 -74 -32 -110 -19 66 -74 -7 -21 -22 109 62 -68 -23 111 -18 -4 73 -63 -108 -104 111 -17 -113 10 -86 109 -85 34 -109 43 -80 118 43 -85 81 -84 -110 74 -5 -59 73 -5 94 -101 34 91 63 -69 10 -120 -88 91 55 67 115 77 9 118 31 -51 -91 -21 -127 87 -6 -68 25 -113 52 -20 -16 -54 -128 111 51 -94 -109 -84 -17 43 34 84 -41 -75 -105 100 -61 80 19 16 -15 68 69 19 125 -61 67 -59 -2 -114 -81 98 18 6 -29 95 95 -113 27 94 36 112 -51 -127 98 34 -106 -79 -100 -32 -70 0 103 93 101 56 -109 127 -74 30 -115 -17 -116 -105 13 93 -52 -62 109 -100 86 -125 76 -31 -69 -61 1 25 -100 70 -114 -102 -33 -26 -90 -1 124 27 50 -11 5 1 -60 75 -114 -76 7 80 -96 -81 -105 -113 36 -101 -119 44 71 -11 46 -57 -113 -107 -17 -79 -73 52 15 -46 93 37 -127 72 4 -99 1 -47 117 63 33 -97 29 -65 45 11 25 -36 19 8 -20 80 120 -98 28 95 64 126 31 0 115 -82 -59 -87 35 -81 28 -65 43 -33 -32 10 88 -10 37 -11 -117 -70 -98 83 -89 -37 -38 114 76 94 78 72 -110 -94 110 55 -40 -64 -60 74 79 67 68 -116 111 43 85 88 6 34 36 -69 -65 -27 -53 89 -49 80 123 -13 106 64 -35 117 -61 61 66 -113 -87 125 116 124 -83 -41 63 -35 -104 -24 -43 62 -63 -14 -95 37 -122 -12 -126 4 -2 -16 -56 3 -39 47 -84 -49 -117 20 106 -77 34 52 -46 -55 -52 105 -36 83 113 71 -87 78 9 121 -87 1 116 11 -100 83 -84 82 40 -45 96 78 -84 -56 -52 77 123 -51 -47 -53 81 31 -85 50 -116 -44 -118 18 14 71 26 10 85 -108 -21 100 -119 -101 5 -7 -27 -124 -87 112 -113 -8 -84 47 52 -119 -62 -54 17 3 85 9 34 25 98 -85 -103 110 -123 -20 41 -102 -103 79 104 -26 -108 104 74 -43 124 91 -119 114 12 96 -49 53 -36 -5 -110 -69 121 20 6 -22 -91 -116 -89 -91 26 -37 -36 38 -122 -44 73 -101 52 76 -76 116 -29 -67 91 46 11 -108 -66 90 -14 -116 80 -13 -5 -119 100 49 100 18
111 -96 120 79 13 -58 57 -78 97 -65 78 -83 -84 5 81 114 96 21 -15 104 -50 13 93 -93 -39 7 26 5 31 34 111 1 48 122 -91 111 -90 -27 21 25 -91 -8 30 -29 -115 -45 71 122 102 48 -73 -106 86 71 -53 60 86 48 126 -61 96 -99 27 -38 96 -82 -127 -37 104 31 97 36 102 -2 -90 -21 101 -51 -57 -11 -67 -38 92 86 20 -73 -72 119 34 50 -17 -82 6 -62 51 -66 -34 38 -5 -21 -107 88 72 -30 -28 -79 -68 -65 -65 -40 -7 9 -57 10 0 -99 80 -67 -66 65 -104 107 93 -1 -27 -56 110 34 -87 123 66 -64 35 -3 76 116 24 -45 -16 -127 104 -9 -17 71 22 -44 102 21 9 -78 33 50 -99 60 9 93 -11 -18 86 14 -4 73 -80 -98 31 4 -115 68 -53 -68 -98 -123 2 -86 -107 45 -58 110 -87 -125 -24 83 76 -126 20 -92 7 -60 107 38 36 -111 69 -24 -59 -105 -52 74 1 -24 60 74 -74 -44 -46 30 -104 92 85 -31 79 6 70 61 -37 -1 49 -41 -108 107 -124 -9 -123 52 119 91 62 25 103 -1 -111 68 20 -98 -26 -70 -71 11 106 8 -86 -27 -115 -13 33 13 -100 -117 -46 7 -127 -57 -65 1 -61 86 -5 24 68 60 -58 31 122 -82 -107 -86 14 87 -99 -123 -95 -14 -40 110 -76 10 43 -79 -42 -48 -48 -17 45 64 -105 94 -80 103 105 36 66 23 61 -57 91 -44 51 108 104 123 -128 -80 62 36 -26 -92 119 -23 77 -125 107 80 35 30 -50 -41 3 11 23 30 -11 57 -4 78 58 28 -76 -11 -107 50 -80 -94 -98 88 -37 114 127 93 16 93 -99 -100 -107 -31 -30 -43 -8 6 118 -37 -13 -27 -82 100 -67 100 -108 -94 -36 41 32 -16 -22 -106 83 53 -24 -69 -48 -1 -15 106 -70 -96 39 8 109 -101 -67 -103 -5 70 112 -83 -67 -89 83 118 29 -44 10 114 -83 -8 -46 -29 -31 -92 9 -107 38 -88 114 -14 78 118 -122 122 -30 -57 115 66 98 -8 -70 -111 -31 -70 106 78 -86 -102 56 -95 83 110 -96 -39 -8 39 -79 -123 15 -59 97 75 85 15 -22 37 -82 -17 -38 99 116 -126 -87 93 -18 -99 -95 80 18 -7 120 -85 -53 112 -38 -128 99 -71 53 85 -70 -81 -87 63 66 -29 11 104 -21 -43 77 -124 -105 -55 27 0 -19 72 111 -61 102 97 -3 -80 76 71 125 -7 -10 -76 66 -51 -71 29 121 59 -89 -9 82 -91 114 60 -60 -93 -18 -96 10 -81
-26 59 0 121 105 108 -63 -67 67 99 -29 10 -45 -91 7 35 35 -26 -28 -126 -62 13 124 117 -111 122 112 -74 57 -85 20 -50 -93 -48 -23 107 -27 49 19 -13 6 -20 -3 110 -18 68 29 -123 10 -47 90 -126 -66 111 -128 -108 9 -68 96 52 31 74 6 125 63 -86 59 -49 -82 -63 15 28 37 -128 -100 -52 41 -36 89 -49 12 -96 -92 -49 -50 34 3 -66 13 -23 62 16 38 -70 24 -109 74 -75 -52 18 -84 103 -20 -22 -80 -84 -77 127 62 41 101 120 14 -73 84 -1 -66 78 52 -50 -82 -24 -6 8 -14 102 -102 -56 112 -18 -66 -119 8 98 -66 -4 15 46 58 -25 107 -80 12 27 116 47 -50 127 87 -90 103 -3 -96 76 -4 -14 -80 -99 71 -91 39 119 76 123 -58 68 -109 70 116 -10 84 83 -45 31 100 87 15 -94 -8 -90 -100 -11 -54 -95 -85 -123 56 -12 123 -110 -97 -79 -3 85 -86 -116 104 104 126 4 -124 74 -23 45 -65 5 -39 67 -47 -41 95 -7 -60 -117 112 39 -33 -20 20 -116 94 -54 -124 -85 -124 89 64 87 100 98 -85 85 80 -12 -115 -63 79 68 -66 -116 -109 88 51 10 121 -57 68 -66 -46 72 108 -25 -59 0 114 124 76 19 66 -73 -71 -80 -124 112 10 28 26 -14 111 -81 -6 -22 11 -53 34 -81 -83 -48 -53 -105 41 96 0 -96 75 -53 -50 -3 9 -50 -67 73 85 -18 56 64 -80 64 -112 -106 -79 41 -26 -73 126 -2 -15 -22 106 62 53 -70 -19 96 94 -15 -74 -118 -34 105 83 -82 5 106 -114 23 47 8 46 95 77 3 -91 -10 -121 17 -76 115 115 -52 -113 -20 -36 -94 -41 28 81 -77 -58 -127 -52 60 31 75 -63 -89 -103 125 93 -109 -125 0 106 -64 -34 18 42 -128 -45 -33 85 -88 71 -28 -107 27 79 105 69 121 -65 -111 -83 -68 -8 89 83 -52 36 -123 -50 91 80 -38 -56 -120 -16 -36 -46 -3 -109 -101 64 -32 121 -60 72 -24 -9 57 86 80 15 -126 -32 -84 48 112 11 -57 12 -114 103 -81 114 -6 116 1 20 23 56 13 -16 59 -22 -87 17 -43 121 -69 -38 41 51 -12 -105 -37 61 -57 91 0 106 57 55 -56 -73 -49 31 113 -75 -31 -52 61 6 32 -65 -24 -35 -109 -63 124 -5 57 -81 20 47 -17 -125 -111 4 119 -37 102 72 -101 112 50 -53 -23 88 -36 59 39 -54 56 -34 30 61 51 68 108 -51 16 100 -19 -107 -61 -114 110 -105 75 -26 -54
-35 123 -31 -63 24 -121 88 96 6 10 -70 -125 -112 -73 109 -91 -70 -7 4 -44 -67 60 70 66 -21 -101 90 -78 122 102 -12 -99 -52 -93 -84 -9 -64 -1 22 124 60 43 -32 24 -67 -18 75 85 121 -105 7 68 -31 -50 -89 -48 47 18 -57 99 -15 95 -98 110 97 -61 97 -79 -21 62 -69 41 90 84 88 -19 31 -86 0 -67 10 -49 4 10 -10 4 -109 -68 -42 46 100 -30 8 -57 -27 -74 -105 -100 -62 24 -54 32 53 -97 -28 111 54 -61 110 -78 52 -75 -38 -81 -51 -78 -26 122 34 103 -65 26 123 -35 -14 1 88 -107 -19 -69 41 60 -62 -22 4 18 58 -113 -80 -15 -39 -74 -104 25 25 25 113 -63 -44 73 -100 -49 51 -67 -11 29 65 -96 20 71 -28 17 13 -88 71 107 -73 43 -74 31 -128 -4 -102 91 23 -61 46 70 -10 80 -74 95 33 -6 108 -101 -17 50 3 24 -80 94 -87 21 -73 -103 -68 -4 69 -116 -39 96 124 14 2 48 -17 78 -121 -63 57 3 79 -71 30 -108 -40 63 -53 -96 -34 4 119 25 -75 71 -9 20 26 120 117 -46 -101 117 37 -43 80 -73 -9 -121 83 -78 16 81 -70 -90 58 22 60 55 71 127 -31 75 14 56 0 -34 -64 -52 126 -11 14 40 101 -77 -74 -6 126 -105 45 -122 48 108 -59 -55 -9 79 -28 -120 -44 18 -2 -31 -88 36 -82 112 -121 -27 12 77 -82 -56 -97 78 -58 -95 7 12 -68 -5 -9 -29 14 50 -96 -115 -82 -26 27 30 -121 -31 47 31 -113 -64 -4 -20 -73 -107 49 86 19 84 71 -114 120 88 31 -84 -56 60 -127 92 -105 3 63 -63 89 -83 -44 -12 -45 -4 9 58 -96 -67 -69 -121 21 69 38 -79 -128 -11 -32 115 -124 -120 -76 117 -48 3 -33 41 32 54 -49 45 -54 109 1 9 93 -96 -68 -8 45 -25 95 -70 117 -106 -84 45 97 34 -53 -44 87 -103 93 -74 -41 -72 -70 34 -11 -96 33 67 -22 -50 114 3 -125 -61 86 -30 -92 -61 26 83 69 -71 -119 -86 74 -93 94 -99 -100 119 -121 -45 -8 -93 55 64 120 51 -91 111 -41 -105 113 -28 -108 -44 33 54 119 37 1 -126 17 -28 -74 -79 85 -95 -123 -4 6 75 -62 -54 93 63 76 10 -91 69 -59 19 -104 2 38 10 -52 -51 49 -59 -70 -35 21 42 112 0 -31 20 -46 -18 2 -17 99 63 -57 -58 -2 -94 -14 -4 28 38 -9 19 43 -9 -106 111 -18 72 28 -10 96 -20 -35 108
41 -5 -90 -64 -68 -30 -100 -110 -38 -7 -43 -43 63 8 102 66 127 102 -14 -56 43 95 42 -104 -90 8 23 16 -124 110 87 -59 -32 30 86 53 18 -45 -99 121 75 33 10 -63 -64 65 -76 41 -114 110 12 101 -124 -84 -26 -85 -75 -57 9 32 19 -58 101 -5 -82 111 -6 -65 -96 55 -30 -54 -5 -31 -18 38 116 -25 109 -49 -60 -74 39 -97 29 -62 -34 -123 -103 -76 71 -35 -93 -16 -17 -22 -54 -117 -74 -93 -1 -92 123 13 -126 -49 -128 81 125 -7 -5 39 54 -108 -102 52 8 -52 -103 85 -127 -15 -79 -84 48 100 -29 123 -41 20 -74 6 -28 48 -114 -104 123 -18 -50 100 -126 23 34 36 82 -1 55 -39 -83 -84 77 92 -21 20 -65 71 -39 -84 32 115 -21 127 -108 -124 -22 -6 13 115 78 15 40 117 -59 124 -101 11 -38 -82 -102 6 94 -19 -16 -91 -84 -37 25 -127 63 122 18 95 -92 125 89 -29 31 118 -64 20 8 20 0 -89 -63 100 20 16 124 91 67 123 22 36 -111 24 -3 24 -78 -61 47 92 -119 -10 -83 122 123 28 60 115 -6 20 -16 -99 22 27 24 13 10 97 -33 51 55 -99 -75 -29 -117 -64 13 30 85 -70 41 14 44 91 34 -66 77 -41 8 48 117 -45 67 91 -58 12 25 86 102 -73 110 -41 -2 21 116 127 -114 49 -89 -107 8 3 -90 -59 125 -22 45 34 -23 -58 -38 -106 20 41 -80 117 -101 95 -125 -6 31 97 57 86 43 55 -70 8 14 -105 -11 42 61 75 109 42 76 -15 -16 -99 -33 23 -81 50 33 33 7 -84 -14 -44 -27 -82 57 -109 -98 18 8 -32 19 -55 124 16 -106 -67 46 -84 99 68 -83 -34 -56 -36 65 62 -61 2 26 -126 38 -118 42 -2 -100 -106 -92 -9 -66 -27 120 39 -33 120 55 27 -9 82 -68 67 7 11 81 -63 37 3 -36 44 -60 92 -19 117 -12 -128 -119 -62 16 -10 30 -56 -73 14 -57 67 -127 -59 -57 118 55 -16 -80 -104 1 -69 -6 -116 -4 56 46 22 118 37 -43 -43 -114 -102 85 -6 -51 86 107 -70 -43 30 69 -70 -83 -89 114 -18 32 -28 44 61 -64 -100 50 85 -78 30 -6 72 -44 17 104 -45 -2 -62 53 34 120 93 -115 -24 11 -50 -13 92 99 110 -65 -64 -15 11 -38 83 9 118 55 120 -9 34 109 -21 -62 90 -50 -21 -61 -18 39 -106 -121 36 47 14 -28 -99 61 51 -29 -11 7 -92 -79 -76 -6 112 -13 -101 -109 30
48 -13 58 61 -95 -40 -103 -126 80 -84 -43 122 74 37 -36 97 73 -53 -127 -4 -16 -39 94 37 -37 -64 -8 -91 -59 -111 -55 104 -28 50 -81 -84 -114 32 110 -47 -105 -93 22 118 54 -121 35 79 97 13 -13 -103 -11 63 -56 -67 -13 61 -52 -33 -58 5 19 0 70 -113 -61 -62 55 124 -36 23 -2 -36 43 -24 97 -53 -41 -82 -58 50 91 56 120 -59 7 -86 36 -59 -109 34 127 -11 -103 40 64 -115 122 85 76 61 -108 45 101 115 74 -94 46 -21 -34 49 -125 -14 15 113 -16 -66 24 51 83 -17 -107 5 -9 30 9 18 -38 35 -97 23 36 -105 73 112 -41 92 38 94 -50 -4 -45 -64 -12 -48 -42 120 -18 24 37 25 31 28 92 31 -45 55 -60 -6 -2 -85 64 -30 23 -30 -98 39 12 -78 -107 -50 72 -57 124 91 57 -40 96 71 50 41 71 -120 91 -74 24 -43 -61 -16 -64 25 -26 75 -118 102 1 126 40 -38 48 -67 106 85 40 -10 81 -42 54 69 -44 61 -59 74 32 -93 -83 -21 62 -79 -98 -105 122 97 9 -17 -13 -36 90 -25 78 -9 52 -108 -55 -62 -39 -115 35 -127 -49 29 -49 -84 59 92 -83 -29 -32 6 -119 121 91 -27 42 -32 30 -16 47 -48 -43 -18 -21 -19 -29 117 9 39 -80 -36 -67 3 -100 13 -99 -61 -5 83 -45 12 0 81 -31 15 -112 8 -8 -101 -9 -114 -58 -35 -33 95 42 -85 -66 59 -95 -110 -109 3 -80 -93 -126 -112 116 27 1 -42 -106 105 22 25 -114 2 72 84 22 -69 126 4 -87 83 127 49 63 14 -104 79 19 -19 -48 124 -85 -78 79 81 -68 126 71 -50 118 14 31 48 70 -7 -107 45 11 -125 2 4 63 19 42 -27 41 -37 87 -87 -111 14 58 9 89 11 118 -41 -96 -51 -75 -73 44 19 73 104 113 97 54 -100 -67 -10 104 42 105 -47 61 76 -95 52 80 -70 126 -10 -20 7 -18 77 -10 -44 -25 -112 121 -115 -62 -27 -59 102 -83 14 -30 73 96 -34 51 -83 123 123 -58 42 -45 -85 -70 58 -95 88 -82 -109 -89 -88 -12 -70 87 -55 103 16 42 -111 -63 56 13 79 -80 57 -28 126 -123 80 -9 52 24 13 96 95 29 -46 93 -11 -14 116 20 -84 22 -20 -52 -123 -34 -69 120 -98 69 -127 -22 69 -1 -98 44 84 61 -102 -17 -72 112 102 -41 36 -15 95 -40 -94 -60 -19 -49 5 19 -39 20 -62 -124 -12 -87 -62 -56 1 53 -46 -108 69 104 -43
1 -6 -7 -111 -67 -105 -5 -68 109 -14 -12 -109 81 56 -74 86 57 -67 -119 -127 69 63 -94 57 38 43 -40 -88 38 21 80 82 31 79 124 -11 118 -21 -27 -75 -11 -99 1 44 -117 -36 -107 99 108 111 38 18 -43 -10 61 -67 -101 -75 51 77 -22 11 -43 29 91 -68 108 92 -99 82 17 -9 -13 70 126 59 55 -103 -18 -97 -111 -113 14 17 -84 77 64 91 14 -65 103 -115 -44 -47 -90 57 102 92 -99 -83 -117 -48 -78 25 15 -42 -33 -26 -62 -107 108 -66 101 -119 -29 -66 66 -68 91 -32 44 32 69 -105 -107 -80 -58 9 -114 -71 74 -61 -83 -43 74 65 43 -1 -80 -91 -15 -34 11 5 88 -92 11 36 64 29 111 106 22 94 44 -41 32 0 -29 23 86 -66 31 86 -20 14 116 66 110 21 -64 -104 -94 14 -119 -113 -54 -8 27 55 116 -99 75 53 -117 90 12 108 -34 -75 70 -102 -97 -35 87 -90 36 -48 -118 -33 56 61 -71 -62 -104 66 116 31 0 24 36 -106 9 -83 111 -104 -128 -63 28 -95 -106 -58 31 91 -43 14 -22 -114 87 122 24 -115 41 -34 59 51 -98 -61 -77 -48 110 74 63 -59 -30 -3 -111 -106 -118 -42 -14 14 4 -123 -102 -61 24 -118 72 -20 -96 -83 -98 -106 13 -38 114 20 -76 14 -47 97 96 110 100 3 32 17 -65 -91 -28 102 10 27 -125 -36 68 -92 20 -24 -117 51 2 -116 27 -94 99 -123 65 -121 123 -69 96 -41 -121 -14 -81 9 49 96 -82 111 48 39 18 -102 -4 4 61 95 24 -49 -82 120 -113 -63 8 108 -81 65 12 92 -124 -31 -28 -19 121 -76 114 87 -55 40 -81 -66 58 43 95 87 -92 58 16 50 95 121 -60 73 -13 -86 22 -101 7 91 -47 25 2 -61 -62 24 41 -115 28 -31 9 13 22 -74 29 121 109 61 121 -59 17 -80 121 -88 12 -79 33 -51 -2 81 -82 127 127 -115 -17 14 -120 98 -72 -79 73 34 -116 123 74 86 80 61 -81 25 93 3 -92 4 98 -37 -98 -85 -24 10 -76 35 -74 -16 124 -60 2 -61 15 0 16 29 73 47 88 -47 67 119 66 48 -110 -31 -124 -42 -121 29 62 81 -108 -45 107 23 -87 -7 -23 41 -16 103 -90 116 103 120 -115 -32 -25 92 -91 -87 50 47 -32 -122 120 -14 63 -58 -113 105 2 -10 -116 117 117 49 -106 -84 42 92 72 7 52 -83 -9 -2 44 -84 -56 10 -24 -96 110 50 -120 115 -106 43 -23 95 80 -121
-52 12 112 -83 -14 89 126 -88 100 -37 -124 108 101 11 -78 24 -41 -10 40 120 -115 94 1 -31 -19 -38 28 -118 61 -77 -80 107 -20 -95 39 116 70 89 -92 90 -9 2 11 102 108 107 16 -21 17 -25 -114 65 -9 56 -1 -122 -109 -123 65 -3 -113 -33 -20 -118 -85 -3 66 105 18 101 -71 -117 8 92 72 -5 58 -42 -112 -100 -65 69 -112 -114 71 -105 28 -26 -69 7 72 -108 -19 -89 -102 -77 -19 37 6 9 18 72 -86 108 105 3 111 -10 39 98 100 -61 75 94 20 54 101 -65 -42 8 -40 49 20 -107 -12 -108 -55 65 113 16 25 17 -2 -80 -87 37 -3 -108 -99 10 72 -61 40 -26 -93 -46 -29 -28 -24 -63 33 77 106 -98 -37 60 -93 -70 102 -123 -13 -55 12 -122 -33 -20 123 -17 35 -119 -86 -89 48 78 -14 115 84 94 -74 98 121 -91 -112 89 124 62 47 -68 112 -58 33 -43 6 -69 -118 -67 99 111 -12 -47 -53 -111 -40 -13 12 -52 -36 112 118 100 -99 -42 -115 -89 -81 57 -67 -21 118 82 36 42 -85 -71 114 20 -15 -82 102 35 -14 -70 15 109 114 -103 54 72 119 122 116 8 53 -102 123 119 103 75 -123 -81 110 103 -53 -6 -89 110 -4 123 74 -86 -95 -62 125 122 -22 59 66 56 -3 -14 -21 -107 53 -65 59 75 -90 -116 95 -58 110 -17 35 -117 18 83 -14 -12 23 -54 -38 66 -74 74 -42 119 -63 -67 123 -125 -113 85 70 15 -78 -127 53 -54 -112 119 -45 43 100 7 -8 -71 108 120 5 -52 9 -95 -99 93 9 17 -80 84 93 56 118 122 108 -67 -56 116 37 97 -43 54 86 125 12 -2 -32 94 117 -114 -87 78 126 -35 -90 13 -83 79 -20 105 86 -40 37 -80 -94 -49 62 86 -10 -55 24 90 39 13 18 39 79 -14 -48 11 38 0 29 -47 81 29 77 64 -68 4 -111 23 -10 32 -52 86 25 45 -106 -19 91 106 21 11 126 -26 -108 53 -110 72 -126 -112 -80 -10 111 -4 -38 72 -105 -42 56 -127 -63 -11 1 1 -32 -48 6 -17 43 94 84 50 -100 -42 -65 -61 -110 85 -87 41 -9 16 41 -48 82 -33 -96 96 -83 -128 87 -19 113 -91 51 -50 -127 -11 44 -86 -36 -112 -24 32 18 102 66 40 4 32 126 84 2 -13 64 9 -119 -39 86 114 37 -5 109 -100 -73 -83 -122 -111 -49 -2 61 107 21 38 -117 31 33 -106 86 8 -93 80 -112 112 113 123 -55 -4 23 17 -127 -90
-95 -68 -52 3 -76 -12 -39 92 56 23 25 -8 -41 -109 -67 7 30 75 -74 -111 121 -89 82 -105 122 64 -126 3 38 -13 -32 82 29 -83 84 -59 43 100 25 118 -57 116 -101 -42 110 -123 93 -4 55 49 72 115 63 19 91 -25 -85 -103 60 3 75 -54 24 29 -80 39 -122 -28 41 -124 -89 105 15 108 -75 103 36 -89 -114 -126 -105 72 -41 68 -34 33 -126 -95 78 70 110 83 86 49 42 -104 -71 20 -35 8 64 -125 16 -69 -70 -119 66 118 1 24 55 23 104 -94 3 120 119 -119 -88 107 -10 15 19 48 -55 79 -113 61 -115 -124 -61 45 -122 -119 90 126 102 63 -112 -46 -40 63 117 -76 -13 -41 69 111 87 9 108 -120 9 -52 -82 -51 20 -47 114 0 83 -92 -47 73 77 116 -92 60 -20 -44 31 -55 16 39 -39 -121 -106 104 79 -9 24 -97 -58 -80 -51 -9 107 47 -85 -45 29 51 -103 32 -71 86 76 -82 -84 93 -116 -74 61 -97 -122 52 31 -29 -105 -85 -102 -23 -37 119 34 -118 67 65 6 -5 -114 -66 -89 52 -114 -52 -44 -95 -118 -100 97 123 49 -61 -101 26 -55 -56 125 -31 52 -97 117 80 -107 127 98 -38 41 -89 70 -121 90 57 -4 -60 -26 -108 -109 -3 -72 52 -127 97 -32 -127 9 -77 -47 74 -23 -78 63 122 -96 35 -12 -127 -123 -110 41 -119 115 5 -68 126 122 -118 -81 74 -106 68 30 113 -114 38 111 51 -76 114 30 -39 -46 -48 -110 -69 22 4 55 -9 56 -45 124 -120 -34 101 81 120 -42 -42 59 -100 8 70 -20 5 12 127 7 95 -106 108 -97 -81 -114 127 -109 -64 -102 -48 -94 -56 76 27 -55 -119 -17 -4 90 -49 -31 -37 -60 54 -95 -8 -92 85 75 10 -79 63 -18 77 43 -99 33 -127 -54 -12 -79 -9 30 100 -73 77 29 14 -30 70 -74 121 -31 -17 -75 40 0 -11 25 -79 64 107 66 4 -81 -108 87 -43 -43 34 28 -110 -108 35 -53 20 -85 104 -123 28 34 93 -45 48 50 -41 57 50 50 -93 106 33 -117 -22 101 65 -106 95 96 123 107 -37 30 108 58 34 124 66 -102 36 37 23 -44 8 -93 -28 85 60 -128 -101 30 -90 23 -26 -7 -92 -21 -117 -72 84 -60 -43 84 91 -55 -107 -102 -52 126 -81 -112 97 -32 -108 5 -114 -103 123 -47 34 -19 117 -38 9 -127 61 -51 -69 -3 15 62 -94 31 7 98 22 13 25 91 13 72 -50 -73 60 10 -50 111 -102 46 -45 -63 -97
-4 -116 121 125 60 76 10 51 -8 88 -9 -66 97 104 18 69 84 52 24 -78 -1 47 -66 111 -33 75 118 84 24 118 -48 -63 52 -20 87 89 2 -6 -9 -109 -21 34 118 -67 -20 -61 96 -31 -48 108 23 -12 114 -103 -114 110 0 -97 -15 87 19 8 -35 91 34 48 -87 -109 -108 125 124 -42 99 1 17 -66 110 -106 35 39 3 -47 -105 -92 -41 60 54 -48 -2 -54 31 -25 -29 -22 -80 -100 71 76 -106 -126 40 9 -112 47 38 -126 -127 -17 -71 32 122 -14 60 121 -79 -7 -65 -78 -57 69 12 -82 -83 68 -109 91 -20 -84 -65 -118 -14 -37 -8 -11 73 -57 108 -104 74 -49 -96 8 119 92 -82 -9 -123 112 82 -47 -38 -97 -86 -98 59 -95 75 -114 -110 -9 67 -124 -92 126 -69 -67 92 -13 -99 61 11 -50 -94 61 -88 -11 -42 87 65 117 55 -42 -89 37 41 -48 89 -120 53 -111 60 -22 -60 83 -13 87 77 -32 27 83 115 -4 106 -100 -39 76 -23 -101 -100 109 3 -70 69 37 -2 -50 -21 -72 -96 104 77 111 -35 26 110 3 -83 74 94 -34 -101 -58 122 60 117 102 -99 99 -46 -45 -17 -15 45 43 106 56 31 97 40 2 -72 47 -69 -3 -120 44 86 8 53 30 -43 -114 -37 -86 126 58 122 120 48 43 25 -113 -16 23 -27 113 6 -85 95 -87 24 -88 29 34 45 88 97 57 30 2 40 112 -108 -78 86 -29 -14 54 58 -126 -76 -82 -121 52 -28 87 25 -20 125 53 -37 107 7 -112 99 -126 90 109 3 33 -86 -21 -40 -2 30 33 -84 -44 -79 61 3 1 -17 32 11 80 10 49 25 -58 -9 -89 108 -56 49 -99 90 -125 -38 -117 -28 78 3 66 61 -3 -55 82 47 15 9 51 33 -35 -82 43 90 47 -111 94 -59 105 26 -63 102 25 -62 72 -34 -13 -93 75 37 -126 -112 -91 54 77 122 66 -116 127 -125 -76 19 -97 80 -25 -65 68 95 99 -106 70 95 43 -44 -111 22 85 -78 27 -66 -98 60 -43 122 -1 55 -103 58 14 101 -11 -108 -7 -49 106 72 -30 -67 71 61 14 110 91 -104 -115 -33 -20 59 117 -16 -64 13 87 -88 53 -121 -102 -68 -122 -120 -125 70 -52 -107 11 117 -36 -110 48 68 96 6 109 61 -83 1 -1 -27 74 32 32 6 -31 -89 -121 -64 -93 -110 58 98 85 -64 22 127 -16 63 -105 -106 -103 105 -97 94 -108 27 -10 -11 -114 -19 22 -112 -8 -100 31 -89 -69 56 88 -22 50
73 -102 -73 -35 112 -64 43 93 -117 -97 -106 -36 -9 29 -99 -55 -60 -67 30 -42 75 -126 16 -75 21 40 -18 -32 -60 38 11 31 -30 -14 -112 70 95 124 92 43 -2 111 18 -113 -48 -97 -17 -24 -110 -99 12 41 94 -13 -53 -120 -97 -45 21 -35 0 92 -62 77 -62 -102 -68 33 95 -46 -100 55 -93 117 108 88 126 -42 -115 99 50 46 6 -21 -42 -7 62 124 -71 53 -46 -30 -4 82 102 -22 -110 -123 -48 -41 9 64 45 44 87 -24 -122 65 68 -60 86 96 112 -83 44 97 -86 -127 11 28 38 10 1 -102 127 68 72 13 95 92 -37 98 16 102 -38 87 43 94 124 -13 33 -67 -1 65 -110 61 -21 122 -120 111 72 50 -70 -83 -17 4 47 -4 74 69 -119 -13 0 49 -10 -105 -66 -40 116 47 -30 -93 -84 73 -49 -49 -8 -99 43 82 -94 101 51 -86 -84 43 -91 -71 112 17 47 -27 49 -52 89 63 -55 -7 -35 122 -41 -112 -120 90 -52 -18 46 122 16 -96 20 -64 122 41 -101 -75 126 43 -64 10 110 70 2 33 41 62 126 -51 -76 39 -71 -66 0 -86 -78 25 -85 -41 -62 -24 97 45 33 73 64 33 38 102 -94 -46 13 13 -30 -96 63 60 103 -16 -45 -21 -82 -31 -65 -67 -118 121 -50 -66 4 75 40 115 81 33 -10 -121 64 97 54 -115 -120 -89 -26 85 -37 111 -10 -124 5 118 -107 66 -10 -55 87 10 37 -31 -19 9 -116 -8 -61 7 -57 58 114 28 13 -67 -39 73 -128 117 -80 -25 26 33 -30 89 40 118 106 -107 95 110 106 -33 -18 -109 -16 48 -75 -53 -86 -62 -58 85 -110 -47 -127 -103 68 -44 101 -123 125 -64 -13 12 -45 66 -125 78 28 71 -64 6 34 61 62 -47 -41 48 55 17 -69 48 -64 36 -3 -5 77 104 25 4 -30 123 49 -50 115 -49 87 35 97 28 54 69 72 -60 101 9 -88 42 -88 126 53 -57 44 114 50 -76 -37 22 -5 108 -23 124 20 -73 66 47 -61 -89 -65 -93 117 112 90 -8 -26 -107 -106 45 37 15 -30 120 89 0 52 -100 -2 -91 98 -5 -86 114 -77 -62 -67 121 59 -25 -67 -102 102 -126 66 -110 77 100 -67 -98 -89 57 46 97 33 107 -80 -32 -60 -7 50 -79 36 -17 -92 87 97 64 42 -123 -8 29 104 -50 -44 25 47 -89 -83 78 62 76 18 33 -115 -82 -78 -102 -98 103 87 15 17 -67 90 -72 -104 124 -109 105 -72 -128 -70 34 -13 -58 59 78
-38 117 -28 -127 -18 -101 -87 -54 123 13 -90 -61 -31 93 -76 14 107 -118 81 87 36 -10 95 -42 -67 -128 -121 -14 52 20 -56 -33 -78 39 -24 -70 100 -110 18 31 -128 92 81 -100 24 -5 12 -103 106 3 -67 55 78 -62 -110 -115 -122 28 -117 -47 -53 -20 -41 23 -39 96 -107 51 51 2 -37 103 88 21 -43 89 -42 -75 -19 5 -21 -98 63 -110 79 15 65 -46 -42 11 -31 71 121 -76 -104 -50 -29 66 120 3 60 79 120 67 63 87 -86 49 51 124 -89 93 -53 -28 -27 -121 -95 -3 -86 -56 -109 -35 40 -117 -4 -37 -22 8 -125 43 -50 -97 -89 117 13 -121 63 76 74 -47 -88 66 7 -17 105 43 80 13 58 118 -39 -78 68 -55 27 -21 -14 33 -72 119 87 -128 -6 8 -7 -102 47 -128 10 -118 25 -115 36 -72 92 47 105 -123 58 28 8 22 41 32 109 13 69 8 74 -77 -45 -10 -102 20 73 -40 11 -61 94 40 97 19 -3 -82 67 -30 -71 -37 -68 -49 -114 -9 10 95 -55 -104 31 -67 17 -75 58 115 -35 20 -102 -23 -20 11 -111 17 74 77 -44 -29 80 1 -115 127 23 -62 -81 -106 85 66 127 -83 114 48 -97 -39 -113 95 58 -126 -4 0 -105 -105 70 41 -15 105 -15 -53 62 -73 52 -42 19 61 10 -94 -60 87 -39 -110 -19 28 -116 -107 -46 19 -49 -104 0 89 -55 63 -66 -24 23 -118 -6 -84 -89 -105 -110 93 54 32 99 65 39 -72 -96 -2 -72 -126 76 41 2 -59 -47 -121 60 -106 4 44 -61 96 105 -40 -46 57 19 57 98 -35 62 101 -84 50 87 30 -18 -35 2 -113 -13 -1 -116 -85 33 74 -122 87 -81 -33 -90 58 -60 65 68 -33 -80 -114 -60 124 2 106 -115 54 31 37 -114 34 -19 111 -70 97 50 98 -26 40 45 66 -91 62 -28 36 -3 -49 116 -24 -9 -25 7 41 -89 -16 120 -107 9 -115 6 52 78 -20 -75 -60 27 83 1 -16 11 -119 -29 -33 28 -73 -77 -6 12 -126 -24 -43 70 -36 43 -111 -83 75 -19 2 -117 35 16 73 88 -58 -95 19 8 -39 4 20 107 65 -80 -121 106 97 49 -118 120 -70 32 -34 45 -83 -98 47 -60 0 7 -28 -64 120 -110 -111 125 65 -8 -16 -27 -41 113 -29 107 -58 27 77 20 74 32 -28 -90 22 38 -65 -2 91 36 -53 -16 -20 38 92 -14 116 -118 -72 89 88 -105 82 -9 -106 -126 32 42 118 92 43 -112 -116 -69 6 52 -36 125 58
-61 -60 6 -29 -7 7 -85 36 -22 63 63 -120 13 -63 -18 97 -89 -19 45 -57 124 -108 -111 -107 51 -64 -121 -93 -25 -125 -70 66 -3 103 -120 45 35 -9 -1 -81 107 -77 -114 83 -15 -26 -81 120 -21 38 -89 13 115 -58 85 -82 -26 57 103 51 3 105 -46 52 -115 1 -22 -106 -77 52 -117 -46 -39 110 -48 119 45 125 -68 -88 -127 32 -14 4 90 -70 -107 4 11 -42 40 20 14 12 17 -77 -31 -29 -37 11 51 -13 -20 -93 -68 54 37 103 48 -16 74 -83 66 30 -39 -25 -114 -60 6 -94 -7 105 -41 59 -51 114 -96 -10 73 -126 -127 -103 55 103 -100 -37 -70 -121 -46 115 -11 -48 81 -39 47 56 -58 -74 36 30 -82 2 80 -99 -37 37 -112 -60 -76 -110 105 53 14 36 34 70 -75 33 -70 -100 -33 79 -127 118 -66 17 -28 -17 -97 75 -1 -78 68 -76 20 88 105 -96 -86 23 101 -99 -96 35 -73 83 84 -104 -105 84 -123 47 -29 108 -58 -34 -52 44 -82 12 -40 -51 -52 99 -116 10 92 81 125 12 43 -51 -31 -61 46 90 93 -78 97 -68 46 11 127 61 -119 36 84 -105 97 10 -84 -34 79 -14 -44 31 -39 57 -10 -37 -33 -90 -36 38 1 66 13 81 -35 -47 -15 -92 79 122 -50 33 0 -38 -113 2 61 -84 79 27 -115 107 91 2 30 -118 -105 -55 -61 89 -89 -50 -9 14 111 39 108 118 -23 16 38 45 70 71 -61 -27 -60 -100 24 -36 -84 -102 -24 80 -47 -73 48 19 115 12 -36 -51 89 -85 -23 72 113 -51 -115 -86 23 91 98 -77 71 -15 -27 45 29 123 -90 101 25 -30 -103 -112 -117 -116 114 -59 104 16 -71 -68 -82 33 100 99 62 103 -69 -110 -72 124 -4 -55 7 1 80 54 -28 -102 84 50 7 -43 22 72 65 126 -82 73 -38 -47 55 55 95 -102 68 -43 43 115 16 10 -46 76 93 -35 53 11 -93 61 -4 -90 98 36 -1 -51 -70 24 -15 -115 60 32 60 2 -61 -124 104 -121 -83 48 57 63 -101 100 -21 -94 -106 113 95 124 51 95 61 -90 -35 -1 80 -114 -19 -100 57 -30 122 43 93 2 63 -92 11 34 -36 -14 -67 12 3 -69 -105 65 -127 -66 85 -21 -127 -74 58 124 76 -97 -118 -22 52 70 -10 -23 87 10 -25 -35 17 1 61 47 68 -123 69 110 -117 78 14 -29 2 95 64 83 -72 -1 -33 -61 18 121 -75 -105 122 19 38 -103 18 -14 88 -88 -88 -48 -75 38 83 -10
94 43 50 5 -13 -79 -44 -44 55 28 78 -127 45 127 -46 54 120 107 -123 -37 53 -122 -4 98 -39 112 -9 116 38 83 28 52 97 78 -74 -5 -98 -29 52 -112 46 -53 -10 -29 -100 72 76 93 31 82 -42 -99 -67 -113 88 104 -88 64 56 -78 -40 -5 -88 65 -15 82 31 -57 19 -61 84 22 92 -13 88 65 110 -61 125 12 97 24 -91 -78 110 61 108 5 71 -112 -94 44 40 97 73 -51 -88 98 113 -13 -58 -18 -117 6 -1 98 -128 -56 12 -77 -46 -9 24 -41 -99 43 -75 59 -71 -122 -96 51 -49 -3 -93 116 -46 114 78 61 -127 93 65 -4 80 -98 -12 61 -55 -19 7 101 23 -77 -78 -71 9 32 -97 16 -110 95 -77 48 -109 -48 -102 -120 8 -61 65 108 73 -124 -122 44 -38 52 -111 68 -31 101 79 73 -67 33 20 61 -48 57 97 75 -119 -111 -89 -94 -5 102 66 -120 88 -59 126 -60 92 27 28 59 79 -63 -17 -44 -64 46 -86 -65 111 34 -50 61 29 34 -69 -96 73 -39 55 11 76 -27 -83 39 -98 69 -24 6 -58 97 -108 41 -63 -120 -22 -64 82 -107 0 97 -23 -80 -47 -70 74 -31 77 10 24 -69 -78 83 29 -118 -113 -61 61 115 -37 16 -99 -109 -82 29 -85 -33 94 100 3 -14 48 -89 -100 90 103 -9 -72 -26 -32 6 -7 -74 88 -81 79 112 4 56 -28 -44 43 47 -109 -61 -65 -49 62 -108 -23 -72 -69 -128 64 -22 -123 -116 -15 115 5 -122 -52 -70 24 -122 109 46 -110 101 127 77 -46 49 -2 54 83 -87 -29 99 -69 70 117 -61 35 -54 -41 15 6 -33 105 24 -102 -40 62 -62 26 -33 -28 63 111 -52 23 20 44 -111 45 39 103 17 -74 -60 -32 -70 35 17 -77 60 -11 15 -10 -5 99 83 -128 -112 -42 -41 -26 52 -19 -93 -110 82 50 -63 22 96 107 -91 -102 76 60 20 18 2 -80 74 -69 -97 -33 92 -78 42 98 -42 -127 8 35 -48 -122 11 94 -21 57 13 19 55 -28 -66 -54 -70 99 125 87 -119 106 -111 97 13 124 -89 31 63 -78 -103 -110 55 52 42 56 -24 120 -43 -88 111 24 53 61 -52 73 75 122 121 -117 125 106 2 -31 -101 -20 -124 -108 12 63 -122 3 -115 -128 71 21 93 -43 44 124 -86 -13 122 -29 -22 62 -75 45 -59 -10 -121 2 -115 -85 53 -62 -1 100 -21 -122 -125 -68 39 -72 32 89 94 -51 20 122 -79 -117 -79 -31 -117 -116 81 22 126 2 76
-106 121 -107 -114 99 -11 62 -99 35 -116 -52 119 -92 -90 -126 36 76 -45 -5 76 -9 -10 -13 83 -34 -108 -84 -31 -22 -29 -100 17 -104 -86 -29 0 97 20 34 54 -85 92 110 -117 61 106 121 68 -84 -113 104 95 64 45 -7 -115 -47 121 91 76 65 111 -128 113 127 -108 -107 -100 -45 89 123 103 55 83 3 -48 12 -22 -64 -110 20 -41 28 -113 76 -77 105 -83 61 -21 111 112 120 -32 36 49 -91 -93 122 -34 87 96 4 85 -10 -45 40 -2 38 9 -111 -82 24 1 120 6 6 -89 43 -108 -52 41 -2 -90 -64 49 -49 50 -105 5 -122 -92 -54 -6 87 20 -26 -57 -42 -37 -15 -5 -69 25 -54 85 -26 -86 -50 104 -80 71 -71 63 -123 38 13 -57 25 -14 -16 22 111 -110 55 17 -127 -103 -127 40 9 -29 -37 84 114 94 -28 -48 20 -12 64 83 -127 -51 123 58 -108 12 42 37 -76 5 -86 26 -115 88 124 108 76 -23 59 -57 70 46 92 27 -4 9 -19 0 102 -90 -56 51 -18 100 -5 -70 -73 -22 -83 -68 14 -17 35 20 65 -109 -71 44 116 -119 -12 -80 101 -27 59 122 40 -82 72 115 76 -95 50 59 125 -54 -115 -96 126 101 118 -74 48 45 37 -105 -58 -117 -9 -36 46 -39 -16 1 3 -49 12 -113 12 -56 10 -56 65 -109 -71 68 126 -76 101 70 27 16 35 -54 -89 -128 114 -26 100 69 -90 -101 37 -49 87 -28 65 57 -15 -35 -24 37 46 6 90 59 -68 7 20 93 118 -80 41 -3 -38 39 39 0 76 122 26 -33 -1 22 56 -72 -114 40 -67 -36 78 83 -113 -62 -116 -104 -49 -87 87 6 109 -103 -36 -21 14 -128 49 -76 14 -109 -37 -91 -61 -21 31 -43 23 -61 75 -1 -24 -47 74 -42 14 -125 -71 63 87 1 98 2 106 0 -91 54 84 19 112 -18 -109 58 104 1 -59 -31 -10 97 -114 -10 -33 125 110 -125 61 111 -13 -112 -80 115 91 99 109 -4 -55 100 66 62 6 68 -90 29 -128 77 -49 63 -104 -24 38 33 105 -45 -78 -55 53 -75 54 116 51 -28 109 -104 18 89 -30 -28 -28 -120 -65 60 -107 12 -5 86 88 -124 -39 32 76 20 94 -113 17 86 76 -49 6 -42 55 -119 -10 -71 -43 124 117 54 3 112 75 -126 -30 -2 58 -63 64 -108 -61 44 55 -56 66 -51 30 73 84 -59 -78 -95 -27 46 -48 -69 19 -72 -51 -64 64 -85 -65 -34 -109 104 -6 111 115 7 -40 -98 116 90
