-67 30 -110 57 -21 83 -115 -108 -97 11 57 -121 -1 36 -20 44 46 -112 40 10 122 -75 -82 -14 64 -28 -128 -125 7 30 66 8 102 89 -86 70 -103 25 65 79 118 14 119 90 -74 38 -42 -28 -33 110 -62 -29 -25 46 -78 78 118 -103 95 -15 -46 -43 -43 76
-79 82 17 -47 -61 12 -35 -107 -42 67 27 -49 -76 58 41 -88 96 6 14 1 100 106 -72 -5 -48 -51 7 115 14 18 44 -43 62 -37 -33 60 91 82 120 -22 119 8 -91 -122 -14 -111 -19 20 47 -73 -56 -30 53 77 -45 -58 -74 -45 80 -15 81 -95 55 69
-52 -115 -61 -86 -8 35 94 49 75 79 109 -29 -41 90 -4 127 112 -19 -119 -12 -74 -117 103 -70 -2 -36 -29 -47 -107 -111 -11 63 -53 60 6 -52 -62 -121 2 -50 -110 28 -40 112 80 -106 74 -111 106 104 11 70 -108 113 115 -41 -71 127 -124 60 36 57 -29 106
37 116 -107 3 -27 -42 -112 108 110 93 -34 -35 -119 -43 108 -6 -79 -125 54 48 -110 -31 64 69 47 -105 5 102 -103 69 75 25 -57 29 31 94 123 6 -87 -112 -11 -34 26 -103 -88 43 -20 -51 74 57 117 -23 73 -72 -64 -37 -26 8 -37 -100 50 89 15 -90
97 93 -94 -128 -16 -37 39 114 117 43 34 66 79 80 69 38 102 106 110 121 -100 -22 30 -125 93 71 -58 98 10 -128 28 -71 -110 6 -13 100 68 97 65 -52 -114 56 -50 26 70 -95 -73 -76 -85 62 -98 24 55 -125 -87 -39 -10 -27 39 74 -119 84 -67 118
-115 108 2 -113 -115 -40 80 61 -44 -30 97 -42 60 -74 84 87 115 -17 120 -111 -83 111 -46 77 124 64 86 -100 -121 -28 -57 88 69 -112 -91 38 85 52 124 -85 64 -120 -67 40 -117 101 -37 106 81 -125 40 -115 78 -118 -25 -127 -20 38 -104 -25 3 4 62 57
-13 49 -64 35 33 107 -42 74 -110 70 32 54 -1 31 24 -58 -72 -69 62 34 112 -103 33 65 -4 113 -23 112 8 -86 26 34 -52 89 104 -126 57 61 11 41 0 33 -85 -107 -83 -120 73 65 -34 -28 -9 68 30 107 -101 30 81 -119 127 -77 -117 -65 -56 -2
-56 122 -61 -21 -32 41 102 -43 117 -114 108 111 108 100 -22 -114 -47 118 -100 -109 -101 57 -67 -93 -28 -124 -62 -43 -75 -118 90 -13 -115 -114 -94 -117 34 77 82 -51 -46 -53 -103 27 106 36 -118 116 98 -19 -123 118 -71 -69 -75 91 95 71 -47 -24 -58 98 84 88
-92 34 -77 58 9 -21 103 27 -43 71 -114 50 29 -92 -30 62 -86 -43 74 -125 -109 36 15 112 76 -112 50 83 -74 84 -126 73 124 10 96 -123 0 55 62 38 42 -68 41 -45 -57 81 95 -65 15 -77 126 52 9 -76 -114 105 -80 -94 111 -26 60 -125 -27 -57
90 -12 -4 127 20 -94 -113 73 51 122 -124 93 -6 -20 -79 -72 88 40 -99 75 -18 14 123 -7 104 55 63 77 -80 -121 -86 34 -25 115 -105 -64 -70 49 73 -16 99 -75 65 82 6 -96 -108 81 98 -1 60 123 86 -117 41 -15 -15 26 123 -126 -40 2 70 -120
119 103 114 40 -32 -90 -58 33 -106 -61 -80 -38 23 54 95 -116 -128 64 69 57 -46 58 -2 108 89 -16 12 42 0 -75 118 -104 -116 104 -122 -42 67 -78 38 68 86 2 32 -65 109 64 -48 -39 38 11 -9 84 121 111 -125 8 -22 -33 10 -50 63 91 -85 -30
28 -29 36 -35 49 3 -52 92 -119 73 -19 -119 67 110 -91 -69 94 0 -77 79 86 126 -117 13 98 6 3 48 -46 23 35 100 50 11 -97 29 121 107 -87 -93 -68 -114 79 116 39 50 54 47 -75 3 10 -45 44 117 -19 -104 47 109 -4 93 79 -57 -63 -40
109 49 -81 69 -59 -28 -54 -24 -48 -25 -72 -121 -23 -19 -32 -60 65 -122 -39 -23 12 21 55 -81 110 -52 -122 -101 -57 -44 -35 -64 5 -63 -16 35 91 -72 23 -82 81 -83 118 -94 -38 107 119 -102 -47 117 -90 105 28 -74 122 -60 100 -77 70 12 -27 115 73 18
-84 -81 -79 39 -83 -90 -61 55 13 96 -125 -112 -62 87 21 109 -116 33 -1 -79 71 -77 -48 -70 46 -69 -61 49 75 11 109 108 56 -80 -92 33 13 -114 -67 82 -124 -101 12 81 11 -102 66 65 -9 -49 -49 109 19 115 -113 -116 -124 -57 -12 120 104 76 -19 55
-127 8 -24 -49 -34 -76 45 -49 -52 -86 -50 65 83 -122 -10 8 106 25 0 -62 64 22 31 -7 -7 122 111 -48 82 -62 -119 -76 -59 61 -83 58 93 -89 24 91 -88 11 -65 -51 -76 53 62 -97 87 -11 54 -104 -101 -10 -11 82 19 -10 -114 -105 40 -52 33 -51
-52 51 -72 -125 -23 110 108 89 41 -44 -4 -53 109 2 -2 -95 18 -72 -106 -21 -15 95 -123 72 64 76 -42 -109 -22 64 105 122 -1 -81 -18 95 17 13 -94 55 109 -91 17 93 25 112 -116 3 88 27 105 -20 -43 126 -38 125 27 5 68 121 109 72 -13 16
-122 -12 -109 -108 -18 -69 -127 -104 -35 16 2 20 80 61 -83 -15 -27 -39 13 -46 -18 -4 -20 -19 63 -76 13 -85 -125 56 -37 71 113 -5 120 32 22 -7 -95 -52 50 10 -102 -87 121 95 4 103 -11 29 73 83 -51 118 -1 -126 -12 60 86 -98 48 -35 94 -22
80 -10 32 -58 101 -114 -45 30 -89 127 71 -98 75 -90 -35 42 -68 -32 127 -111 67 68 7 -71 -45 -12 -70 -91 11 -46 95 -47 -90 -54 12 3 -4 68 -18 53 56 -91 27 65 -107 -43 57 -107 124 -121 -60 -90 80 28 125 68 -4 22 87 101 35 -96 86 -12
25 -36 35 -75 20 -26 -91 59 -89 -83 56 -119 -17 -87 -20 94 -93 -115 -9 -83 36 51 126 -107 -104 -27 -79 115 -4 34 -61 -86 65 -20 104 23 71 83 114 -96 4 49 97 47 -70 106 68 -40 70 48 -68 59 72 104 -117 5 -90 -25 48 -107 -87 -7 99 22
107 -69 -102 -80 -53 -103 45 42 121 29 79 -115 -16 46 -107 -27 6 72 91 61 -11 1 62 11 8 -50 51 103 20 -35 15 -117 -42 -102 82 56 -4 -5 -27 88 51 67 -122 -17 -122 86 -21 63 -63 122 -22 120 -91 -109 -11 -36 121 13 113 -59 -56 17 50 -77
-47 -36 75 98 29 -24 -41 15 82 -100 99 104 -124 -5 65 81 53 66 -47 48 -56 25 -12 76 51 31 -12 59 102 -53 0 6 -89 -50 -50 38 -13 -2 31 104 -103 113 -75 111 -28 -12 92 -88 -84 -57 -23 51 -15 -2 -80 -67 -120 -29 5 -9 -51 25 -33 46
-45 115 77 -95 25 -125 104 7 102 19 83 -77 -2 124 -73 -22 -52 75 -11 75 75 72 79 90 96 -126 24 -69 85 71 20 127 93 -106 -118 54 48 110 -126 86 -49 -39 58 56 -77 0 29 70 -6 -8 -68 -91 6 67 -90 -88 64 7 70 -35 -84 94 64 52
95 3 102 83 -126 34 109 -17 -18 -107 -85 118 49 62 17 49 -5 -5 -116 113 -107 44 87 -8 -119 21 -56 -87 32 -117 -101 -36 -17 82 68 71 -70 -48 -73 -53 115 85 -74 -26 -122 19 78 28 -46 -111 73 -83 105 -96 -111 39 -66 -38 -103 -8 10 -103 -108 -110
46 31 -65 15 -98 98 15 103 -82 -99 -85 83 -40 -25 -124 102 99 30 -108 -4 70 32 -10 -23 66 -85 -30 -20 -1 54 -117 -70 37 -64 -27 45 -123 -102 48 103 119 -98 -94 -26 -70 -127 -59 -41 114 -91 120 -84 38 29 -124 111 99 22 -52 77 -121 -44 97 -68
-57 29 -113 111 -59 111 83 -43 -54 54 -89 57 79 68 54 103 -41 59 39 109 -4 -63 109 -50 52 59 21 124 -44 100 91 -50 -128 -128 76 123 2 -46 -14 81 -128 -120 -44 43 -126 -59 -52 -115 85 -39 -8 -30 -118 14 30 105 -7 105 20 3 84 85 -37 -63
-82 -114 13 -108 -80 66 86 10 -23 -97 -76 -11 114 67 -24 42 65 -38 -47 101 -40 0 3 -116 93 -127 -18 -6 -44 -11 -79 -69 56 -6 -3 -13 -124 -102 48 -13 -61 -60 87 -19 126 25 -118 -69 20 97 39 103 -88 61 100 -38 86 -52 60 -105 -46 71 -27 84
113 -123 83 -50 29 19 -4 24 -30 109 42 68 57 109 109 -117 -77 106 5 -41 -38 -32 31 -12 4 14 -84 112 55 45 127 -116 109 -54 60 84 90 -110 52 -118 -61 -75 68 -26 -27 79 54 8 -38 -44 29 -79 40 51 -114 -16 -57 -126 -109 84 25 28 13 91
-113 11 -58 -77 103 48 -88 6 61 -64 5 -114 94 -1 -31 15 -6 126 -84 -36 -111 84 107 81 20 -51 96 104 50 3 51 -23 54 16 97 110 50 -114 110 -118 62 -53 -37 -4 -101 103 77 -19 -7 22 38 96 29 107 23 -70 28 -80 -96 119 102 -11 20 45
52 -71 53 -114 34 42 -44 -116 1 -52 62 -10 -3 -18 62 63 -56 57 -12 71 102 -68 -111 100 92 -42 122 -32 127 60 38 -21 106 126 22 -124 15 -103 20 -128 63 -127 -66 106 -4 4 -97 -24 107 5 60 -29 -42 -73 109 -23 -83 102 -74 43 -1 -58 -59 -128
71 -61 -55 115 -26 -47 -112 82 46 -105 -91 19 22 3 104 85 61 76 120 105 -4 -10 -110 72 -89 -92 -1 66 111 -50 -109 -11 106 -66 24 -81 -92 56 3 -100 -15 22 68 -44 -98 -57 24 -24 -35 96 8 -119 -84 42 -10 -51 -19 -27 94 -76 27 29 26 1
-30 12 4 -5 22 -10 -109 -5 -67 104 127 91 116 -15 16 -48 -37 68 109 94 -17 -78 -11 -11 111 -91 97 -58 -109 -14 18 126 19 -20 72 -85 114 -53 -28 -95 34 33 -40 -26 -98 26 -85 -65 69 -57 -38 30 11 20 -111 -27 -58 83 -69 -29 -50 -98 75 23
32 -88 67 -84 -94 22 -6 -117 21 -116 -25 -118 53 -77 76 -113 23 51 -96 -87 102 119 117 -22 -25 -38 -97 46 -23 -19 -22 -108 -107 -13 -6 -13 -45 -63 -32 -78 -54 50 76 100 77 101 -85 84 -47 93 54 -2 -102 -42 35 -118 7 -18 122 105 -97 -32 100 33
-71 5 61 87 44 127 55 60 93 102 -49 -21 -23 -12 93 10 -12 -41 31 72 -67 91 -30 96 -68 1 64 12 15 27 -101 -15 127 122 90 -54 41 100 39 121 -79 -31 85 -107 -109 -89 24 117 -29 67 14 -15 20 24 -87 13 110 -46 8 -52 -127 -12 88 -53
56 101 -113 86 -28 73 27 -65 8 -109 28 -106 -72 66 64 -105 -91 -71 -106 -20 -98 14 115 -110 40 -79 71 13 92 -29 -120 9 77 94 -1 -123 -8 -63 78 33 -116 -118 -22 69 103 76 53 -75 -28 -109 -46 -66 27 39 -67 62 51 -26 86 -63 12 -40 -127 -82
-56 -20 83 46 -24 103 -119 64 -87 93 -80 -58 -54 -5 112 103 69 -9 7 -115 96 -51 73 9 -47 21 3 26 -13 112 -5 -93 8 19 127 -37 -112 -109 -16 -39 -117 -59 113 -43 108 26 112 99 -11 -128 -71 121 4 -115 101 -122 -93 83 -75 -80 14 95 60 -66
-4 -89 -68 -52 51 92 -36 -126 -43 -106 -86 -105 30 -12 -30 -80 -114 -64 13 -21 -65 -10 56 -52 -62 111 65 -111 2 -31 116 -114 -57 -119 -103 -31 -32 -42 30 27 -96 -94 -16 50 -57 89 49 101 88 -86 26 22 90 -49 85 -81 -27 44 -104 125 -69 81 42 116
-24 -77 -123 -12 -73 -12 -12 -122 -108 104 49 6 10 100 45 -75 -117 -119 -99 -125 110 -10 89 -54 121 -59 103 -80 -52 84 -22 -109 -66 -85 -125 14 14 32 41 126 -74 -18 -57 68 24 -13 74 96 86 -14 59 -67 74 26 -91 26 125 -34 -107 -116 78 -78 -94 -105
-71 -110 -26 -13 -89 43 -75 -38 -50 68 -20 41 47 -125 -50 0 -44 -26 -96 -24 0 114 -27 88 -87 -80 113 45 31 -22 -7 -97 49 -95 37 -38 42 -110 9 56 9 -62 83 30 63 22 10 56 93 56 25 -56 -42 -47 -78 97 11 -118 0 61 81 62 -93 -5
-104 127 8 113 -108 97 -111 -87 70 -118 -71 -16 44 -45 34 3 20 -76 90 -42 -118 65 4 13 -107 -41 87 71 -2 80 44 -50 75 0 122 -64 74 -77 -124 38 5 97 -100 56 56 87 5 94 -88 -42 104 117 -25 -42 14 -112 -119 -5 -84 -74 105 -121 -99 -98
107 -47 74 78 -25 54 -88 -23 -119 -16 17 80 104 12 22 -110 38 52 27 46 -86 -88 119 120 117 -10 -56 -85 -91 -86 59 -39 -42 -89 -41 108 -47 -53 -10 -21 -58 60 -105 92 -24 116 -57 44 30 -5 5 69 -22 -82 48 67 -81 -28 15 46 -128 107 67 -39
64 -84 -76 74 66 -3 124 71 118 49 -96 -22 -110 -39 -121 -99 -75 -36 21 88 -84 106 13 -26 -38 118 -69 -60 -56 -19 -37 98 59 -10 99 -105 86 -39 -6 40 25 72 127 -117 -126 94 98 -50 60 69 -34 91 0 31 -95 -44 -17 14 50 74 98 -23 -71 -86
125 83 100 64 68 63 44 -30 8 12 59 -67 4 122 -35 12 -106 -51 20 -76 34 -45 121 31 -19 98 -32 85 109 41 -80 -81 -68 42 55 -93 24 7 88 -93 94 52 -84 -17 5 -93 -121 86 -14 -32 -13 50 -59 -32 62 -114 80 8 -5 5 125 -15 -21 -77
-99 -63 -55 65 106 1 -113 30 -128 -37 67 50 14 14 34 62 84 38 -63 -47 84 62 -112 -127 32 45 58 14 18 120 -49 79 -86 -37 16 -32 56 22 29 -81 2 61 -61 -9 105 37 89 -54 94 85 -7 -70 -28 -108 39 -58 -22 -59 120 -60 83 87 68 37
-99 -18 26 105 -95 82 -85 26 106 97 56 -41 -76 29 -11 62 111 36 -80 92 38 -87 106 -94 120 -92 -80 29 99 2 -65 -118 94 -12 -99 -84 -48 -99 -101 -4 32 -95 -52 -93 19 54 -45 -12 39 -94 -47 65 84 -74 114 23 -8 37 -96 -84 79 8 -9 41
35 97 -66 38 20 -3 93 23 -51 118 -98 81 9 -68 96 93 -101 125 36 12 115 60 -28 1 16 -127 123 -40 -77 -86 60 -91 112 -79 3 -55 47 105 -86 -119 45 -76 54 96 53 -54 -64 -127 -41 -74 98 107 60 121 -54 113 33 91 93 -25 -53 99 -109 -68
4 -118 49 -93 -36 -50 -56 -48 -17 -40 -27 7 -23 -62 10 -46 -128 -10 107 44 -128 112 -25 -28 -37 -58 120 -16 -121 20 66 -72 -71 -34 -101 -34 -66 -21 -99 88 -45 -95 -45 -24 69 104 71 33 71 79 50 -74 -116 38 86 3 -41 104 -43 -118 80 -60 9 52
-113 -41 -97 -81 -77 -66 116 32 -40 -100 36 -126 -50 41 110 -105 -29 -105 -79 111 -52 123 -35 -100 32 73 -76 13 39 56 -111 30 125 -52 -71 -67 -47 27 -72 -85 21 41 61 110 -102 47 -76 -79 38 115 59 64 48 -19 -91 10 28 0 -23 -33 0 -1 -112 -53
-61 -110 115 -14 52 -96 -47 -14 -101 115 -123 -117 -113 88 -13 97 114 -122 -106 43 -46 -40 113 -73 -18 -24 -36 -96 -111 120 -93 -70 -30 26 48 35 -108 -20 102 37 67 17 -17 68 93 -65 35 -36 54 37 127 -124 -79 -92 -14 -20 -74 48 -83 -98 97 -126 -3 22
-2 62 -7 110 47 103 -76 8 50 121 2 64 -33 -92 79 32 106 122 68 70 63 110 51 122 80 17 -15 83 16 -71 -45 86 -38 50 -46 -110 -102 -106 -59 -121 -84 -28 -19 -99 8 -38 -108 -50 -16 95 -36 -32 34 -38 125 91 31 72 27 102 54 109 48 79
120 -5 77 -122 -28 112 41 -25 -38 15 -53 -26 -10 -96 -49 -39 32 -15 101 77 -87 -13 -4 8 -50 -42 117 124 -104 -23 -37 -55 -86 -37 74 58 -115 -22 -88 13 121 51 -78 -9 104 -1 -32 15 -92 63 58 126 -125 -67 106 29 1 83 -109 -28 27 51 -105 -10
-55 -4 -98 -57 -63 -107 64 104 -43 49 -39 14 1 26 -12 -61 5 -14 -87 -61 -29 -23 -26 -97 -87 -8 63 -51 65 -59 -103 -111 25 68 -99 10 -26 39 101 -15 -85 -37 -39 84 -60 -89 -113 40 118 100 -73 95 62 111 -94 -73 -21 48 -24 -61 -115 0 83 -90
123 13 -24 1 -7 -38 15 -107 -47 -61 -57 -3 48 67 -82 43 13 110 106 32 -26 89 56 -15 -24 74 -53 -110 76 -114 -104 10 84 -14 -2 -26 105 -97 17 -76 -12 -115 -11 -48 -27 -36 118 -71 77 80 112 -90 -56 3 -2 123 113 -96 -37 45 -96 -77 -11 -63
-64 54 -26 117 -8 18 113 -110 -48 -7 -33 -124 7 -9 41 -10 -44 -43 -57 -49 101 -83 114 -35 69 22 -121 38 11 84 50 -36 102 -5 5 -42 -4 -116 20 -55 -24 105 -111 -6 -27 112 37 127 107 -71 112 -76 -43 -37 87 -38 -89 -49 122 105 69 58 101 -13
-41 13 32 -125 39 101 58 -15 76 -26 94 -38 66 117 83 71 -67 111 -56 109 9 -108 62 -59 -122 16 -8 -79 87 -122 58 127 35 17 -53 95 83 -24 78 -68 -126 -42 -90 -61 -109 -68 -93 16 55 -58 78 27 -69 71 88 13 -3 123 -47 18 -1 43 -99 36
87 -79 -20 83 -74 -72 -104 103 77 -118 -86 -53 41 122 -70 -69 -117 -37 127 -127 -125 107 69 -48 76 -105 106 78 -127 -80 87 -100 -79 -73 35 65 -101 104 85 81 -27 8 86 3 -56 -51 1 17 75 -28 60 -113 -24 57 -16 116 99 110 -91 44 -80 73 -3 -1
-101 77 58 -35 -36 5 50 -80 82 118 111 -121 95 86 9 37 -88 19 114 51 -15 17 28 -48 58 121 -32 2 26 -9 -103 -2 60 -88 53 -86 38 -3 72 -25 -99 68 -68 63 -104 -46 -64 -96 -2 101 -13 -12 114 -45 121 -104 36 -19 -76 -82 -105 57 -117 -34
102 117 -5 77 -127 -122 116 75 -49 67 -52 46 21 50 75 79 12 6 102 31 126 -62 -41 26 5 4 39 58 114 -104 19 -51 -98 120 -94 -111 15 -80 87 -127 112 30 19 -55 -51 -23 -2 -29 121 -124 -63 44 77 33 -115 -57 -4 -101 98 -45 -45 86 -48 58
95 -7 -93 -20 93 68 -93 102 -26 17 -13 -42 37 67 65 -6 -127 35 -33 121 93 22 9 81 119 100 -8 -93 52 -70 -109 55 -40 9 0 -109 -77 -26 -71 -3 -49 99 -102 57 -62 -57 -1 75 -72 -3 61 -48 -92 -13 -84 57 115 -92 99 -96 -26 52 120 -66
-58 -92 -54 -85 -25 -84 46 -87 -53 14 -62 -41 -7 -104 -7 48 -15 100 49 -35 -85 94 3 126 -104 20 -21 78 -29 5 -8 -82 80 -72 24 102 -57 37 -53 65 43 62 -115 -36 3 -36 54 85 -16 50 98 -82 -121 19 -99 33 -17 -72 -10 -76 -42 124 -126 -99
29 48 68 42 -8 3 36 -39 -108 -22 64 -61 100 0 42 -16 105 91 -29 -45 117 55 -92 -127 -84 15 122 -19 84 -51 -25 64 -10 -71 -42 19 -116 -61 -13 -4 67 -99 48 11 92 88 -57 -126 -25 65 12 -15 -16 -11 8 -89 8 -98 112 -125 84 118 26 66
8 37 -8 21 -32 96 -11 12 -59 27 -15 -54 28 -85 -54 -96 -31 114 106 121 14 -52 106 55 61 49 14 80 -62 -55 125 127 121 -67 -94 56 -45 -120 80 120 83 21 -53 11 -48 73 20 107 109 98 39 30 41 69 39 -121 48 -74 -66 -54 -61 -19 75 18
-110 103 125 -12 -83 102 -98 104 125 76 53 75 -112 79 120 -49 15 -115 121 -105 97 -93 93 61 50 63 -57 39 60 41 -72 71 124 -65 0 -98 -68 -73 -51 85 14 114 -97 -2 39 -90 107 105 -40 -75 -123 86 -74 101 -67 -20 120 44 96 61 72 -10 -67 -17
-2 73 117 93 -19 -48 109 -64 -105 20 88 -126 -32 110 -100 -106 16 45 -26 87 97 -3 124 -2 -52 -103 17 -33 127 -64 -54 4 -66 33 15 33 -46 51 -77 -97 -127 24 -29 -90 -33 -44 115 -65 -110 -97 -79 -50 15 47 -121 -37 51 -74 -124 83 -69 103 -47 -105
14 -74 -126 69 11 -82 -118 44 18 104 116 -95 20 120 -86 51 16 74 -19 127 -101 -31 -97 -5 -64 3 -96 122 95 -57 117 -106 75 17 50 -29 -109 88 -84 -81 -25 12 78 70 7 10 36 67 66 -4 -127 -84 59 125 -17 -44 -31 64 -65 -59 11 102 122 10
109 29 111 13 -92 107 -20 38 44 -41 5 112 103 -94 43 2 15 -67 -77 -77 115 -113 79 -14 117 30 30 -59 119 -60 -32 112 -117 78 34 119 0 -34 -17 -58 47 1 108 -89 -19 127 122 -99 -102 -63 50 -91 -24 -86 -44 -88 -85 -118 -24 88 33 35 66 -126
-25 11 23 -75 52 127 -128 -60 79 -27 62 69 -21 119 -24 -73 79 121 -71 90 103 -81 -75 21 -50 -10 -116 -45 120 3 -109 -47 106 -12 90 32 0 -102 72 -50 -28 -83 102 -76 -125 -100 -114 26 -71 -114 -70 -107 -2 37 22 -122 107 100 -11 -74 -14 55 106 97
119 92 -7 107 -69 -33 -76 -11 106 115 93 13 105 -39 47 -35 -51 2 78 -39 50 96 19 47 89 -29 105 77 -32 98 -14 -80 33 -85 117 91 -126 -102 -10 109 112 -60 -23 -95 49 -15 15 50 29 20 -6 -80 32 -46 -118 -125 -20 -127 -17 10 -44 -2 74 40
-97 84 49 66 60 4 98 -77 100 -116 -69 34 59 -127 -86 -114 53 49 -3 -70 -95 91 -2 12 -92 41 -88 -18 22 94 108 -101 0 -44 82 -82 58 -110 -9 53 -23 18 32 49 95 -61 -10 -82 -24 51 -77 48 60 -33 -59 -18 -25 4 -109 -110 66 -81 16 125
-114 -65 24 17 -107 -121 110 26 -52 -112 83 125 81 98 114 -99 44 59 62 -36 93 -44 -126 -36 118 -106 -11 123 9 -109 -82 117 -45 -119 -57 49 -101 90 66 -40 113 112 -86 95 119 117 -8 65 67 -88 98 78 -83 66 20 53 -120 -122 -121 119 1 -54 -41 -68
94 -49 72 98 -109 -91 -104 -7 -86 18 115 -127 -70 -117 -51 -96 114 31 14 53 9 83 -84 -106 89 112 -121 47 -37 -23 -31 -28 30 27 101 59 109 62 -80 -93 100 101 117 36 -51 -7 -62 78 110 -23 -10 40 102 43 -83 25 -106 88 113 -116 29 -2 71 -48
51 -79 -73 -54 -31 74 -44 -27 -39 -15 101 8 -102 -59 76 75 88 68 -113 -94 -34 -122 -53 98 28 33 63 -66 -60 66 -106 86 24 -43 -22 38 -128 -57 -29 16 -100 97 99 -55 -99 123 -99 56 -83 -1 -36 0 48 45 -34 67 -26 -67 34 -2 74 -61 -41 85
111 -122 6 -72 10 -89 -4 11 -97 43 -92 -107 -118 -51 72 -102 103 102 52 127 120 -60 87 79 83 16 64 47 19 -39 -77 -123 107 78 47 -104 49 79 117 -55 -91 -21 -34 33 26 -109 -3 45 127 16 98 -28 45 66 -90 -67 -45 -116 6 -71 93 -113 120 -67
-86 -109 -30 47 -40 71 68 86 116 70 -66 113 -59 -8 66 31 -102 106 79 -29 -123 -94 -24 -56 6 -18 116 56 4 -111 -32 -111 -124 95 -48 -89 118 -86 -50 -28 127 -125 108 116 -112 3 30 -106 24 -50 -64 34 -41 117 -84 -102 -121 -75 -32 95 -107 -47 -119 -6
-43 67 73 -71 -120 -127 70 123 -107 -67 -2 -55 -72 1 57 13 41 -1 93 -108 -115 -33 12 66 27 -64 -25 114 -115 -113 -41 -18 -126 44 113 28 95 -93 -102 109 23 -126 126 40 -9 -47 60 58 -13 86 -64 15 -70 29 105 106 8 -22 -97 73 127 -37 -77 -75
-36 -78 99 -26 104 65 19 6 3 -82 -59 -23 -64 -37 7 -60 120 66 52 106 114 24 7 121 114 121 77 -89 51 -57 -90 10 81 -42 -95 -28 1 120 -127 -53 63 55 6 -29 -21 12 -38 -10 -50 4 100 -96 15 100 51 -79 -41 60 115 94 79 -8 17 109
-90 108 -56 58 109 39 -105 36 -48 13 83 -34 32 85 115 19 -36 38 64 -94 -128 20 78 104 126 -43 50 -107 100 -120 101 -118 -124 -41 -103 67 -72 -72 107 -13 110 58 -51 -10 119 125 111 -13 121 -79 87 -93 28 -93 -54 64 57 22 123 -41 107 -119 17 -65
77 -114 19 60 -5 -83 13 -81 -9 88 64 -11 -45 -64 -4 78 76 -11 95 -10 3 106 -25 -92 104 -63 58 -34 -115 -28 109 -35 91 53 3 94 118 43 -56 30 47 0 -16 68 -4 112 -69 98 -89 -58 101 -102 -103 34 -58 62 -40 -110 80 -120 38 28 -21 -112
-37 -113 -21 61 56 68 -38 -41 43 70 -87 -91 25 40 84 -109 68 3 -5 -1 125 10 -62 58 127 8 -56 93 -53 -126 -97 -127 68 32 -111 -117 38 -124 75 -120 -128 95 -51 66 -122 2 10 47 -128 -42 -89 -97 -26 -47 31 -105 -100 31 -59 99 -61 92 -53 -64
-125 -104 -76 -112 -101 2 -26 -68 110 -124 -75 47 60 -64 -61 -90 123 -22 -60 -86 111 12 -90 -100 89 -15 78 -79 89 13 71 -113 29 15 -128 -117 35 67 -52 -17 -58 -17 102 121 -87 109 64 95 -76 100 -41 -50 -83 -103 103 117 30 -44 88 85 40 -113 81 71
77 -1 120 49 -123 -4 -76 -5 -106 74 38 20 -43 -22 -101 70 22 -50 0 107 32 34 29 120 -45 104 -51 59 -68 39 30 6 -120 -59 -94 -108 110 -93 -67 78 -38 2 -12 -20 -118 -93 82 106 -104 -110 86 95 -36 56 65 -44 -28 -87 -98 -121 -44 -122 -23 -31
-120 69 -45 -63 -14 -84 -44 -39 -102 -56 -81 105 -58 -11 -32 61 92 102 43 47 -11 109 -119 107 63 66 -2 -25 82 -118 -49 -100 68 -2 -112 -52 -57 -59 -107 53 127 38 -5 40 -47 123 -24 -110 90 83 117 -73 -56 43 86 43 2 -90 -52 -94 99 112 -81 -90
120 -86 58 31 -14 36 -127 56 11 -18 11 -46 -74 -83 19 78 94 -116 44 -54 -95 63 102 115 -75 118 15 104 2 53 72 60 52 -12 -81 71 28 -81 -53 -47 98 20 -3 -25 -53 -60 -99 93 37 -33 -123 127 -23 70 -8 -33 98 45 107 77 106 -2 109 46
-30 -64 -61 104 -24 -126 78 91 -70 -34 101 -37 13 -72 98 84 -122 -50 109 -54 -65 -76 -111 -97 8 9 91 42 15 -64 -12 93 -109 -115 85 47 96 107 -15 17 -13 7 92 -22 77 7 17 66 111 -103 -67 -113 41 125 -53 45 57 -73 -69 75 -81 67 40 -8
117 -102 70 -33 -71 -76 -9 -16 -28 -100 6 -48 104 -70 -40 127 -54 30 -4 -100 -1 -86 -113 -12 -74 -22 -57 51 -54 -111 -92 29 -41 -101 -126 43 -127 -102 92 -104 -39 -42 -45 -25 -14 112 -87 91 55 113 107 -97 -68 49 59 -25 109 41 56 86 -1 -49 100 -117
89 -18 -107 2 -62 110 -89 -106 -36 -90 94 62 94 109 12 12 87 -108 37 60 35 -105 30 -16 4 78 -51 -99 72 89 80 -17 91 -31 -89 42 -106 3 -118 -37 -18 53 -82 33 -74 -62 57 10 42 -122 -121 -58 42 103 96 -114 22 78 50 -76 -6 10 -21 -9
27 -23 10 -4 58 37 -99 29 64 -82 -57 -98 -80 14 -100 -65 -100 54 -126 1 118 44 13 -105 -64 70 78 -43 72 15 -119 9 70 105 -80 15 125 44 112 64 -2 -45 -29 -86 -49 -13 122 9 -117 -78 -93 -122 76 75 -92 95 0 -93 80 -71 25 97 124 -86
-50 -88 32 -1 52 70 -87 -12 -42 -48 96 -115 90 21 -89 83 -115 -40 18 -121 -30 104 -120 86 -125 11 -42 -6 108 -104 62 -35 -74 40 -86 58 -80 56 64 -71 -26 77 -92 42 -99 -68 31 -57 -55 119 -74 116 -60 -32 87 -107 -75 -70 -54 92 -97 -79 -128 -64
-123 -34 76 -88 70 123 -79 2 102 -94 -83 -50 -99 25 -37 -90 -9 16 93 105 -122 -108 43 -125 -16 95 -42 -34 93 -120 -14 18 27 70 30 -117 49 -106 60 6 70 -54 112 -49 -62 -11 15 110 8 -69 68 41 -106 88 35 -121 -54 -2 126 -1 -79 -4 85 -94
104 -44 -87 72 -50 -89 72 -48 35 -112 -59 12 -18 115 68 48 75 70 28 107 -105 25 -128 2 -59 -116 -7 6 -86 14 61 -122 -10 85 8 -91 -78 -110 29 91 16 97 123 -110 40 70 -51 12 57 -85 122 -116 -115 69 -101 123 63 -54 -68 14 121 -111 125 -55
-97 -107 2 32 57 -84 53 -17 63 -90 102 -60 117 31 -72 -67 -79 121 -40 23 -118 54 -96 105 -100 59 68 93 99 -9 125 46 10 -96 -77 64 -27 14 -101 -105 -4 -92 -41 -116 -48 27 35 -17 -55 68 -83 -73 110 -16 -104 -51 -126 -16 1 42 72 113 64 1
-37 -34 66 83 57 94 7 -10 -59 22 83 -26 -115 81 115 -71 68 39 -118 60 -76 51 9 85 -32 -117 -75 -30 114 -38 85 107 -61 -21 -61 -28 -112 -44 35 -73 -69 34 121 42 -9 -24 60 -69 110 -45 15 55 -75 -98 50 -32 -2 58 118 42 58 -39 -73 48
-54 -101 37 -97 -25 73 24 117 70 75 106 -121 73 50 57 -90 -96 59 -19 84 -55 -50 -68 7 31 87 3 90 118 -92 -47 -127 -83 28 -118 113 116 56 81 -20 69 -35 -76 -51 -83 14 6 77 -22 30 -26 81 -112 104 7 92 90 -48 116 54 -110 111 119 -47
-107 70 -36 11 -125 -77 -60 126 49 14 50 -35 -54 -36 127 -59 26 102 125 56 16 -25 52 38 30 5 102 5 19 127 25 -118 -32 -37 -94 35 120 56 -107 -52 51 127 18 -60 124 -122 -4 101 35 70 -71 -96 -122 -1 -19 97 -10 84 -83 90 -118 -107 -80 -20
48 -70 0 19 43 -21 42 74 45 30 21 -63 124 94 39 -17 32 54 -104 79 -124 0 66 2 27 107 -119 -13 17 93 11 -128 -64 12 -4 -41 28 -119 -64 38 52 -95 -58 -4 97 -49 -12 -71 119 -52 105 104 76 -38 -107 20 -77 -41 122 47 -25 102 127 100
-77 23 104 107 52 23 126 -125 62 69 -36 -10 58 36 91 16 71 123 112 -44 -42 -76 -49 116 66 4 -102 -56 18 -75 -84 120 -88 10 -91 -1 7 46 -5 90 -111 68 -99 -109 125 103 50 -68 -78 20 70 112 31 24 73 121 -77 -66 -124 -27 118 70 114 -52
21 90 -125 45 7 29 127 -70 36 119 -20 12 -72 106 -41 -76 -86 -3 -72 9 120 30 -106 -37 26 -72 65 32 67 -11 -26 5 59 -89 -64 -33 33 39 83 -10 90 -77 64 -45 67 -8 -126 117 25 -116 -25 -125 2 -73 55 -118 -87 16 -58 -61 -101 -71 -87 -80
42 -78 -127 -59 85 -49 31 57 62 97 100 34 -75 -108 25 34 58 -102 38 -40 -100 12 61 -121 40 7 -89 17 -32 8 -93 -88 -39 66 16 7 -23 12 8 -93 108 25 -52 43 -120 68 -8 60 -70 -16 -31 -101 56 9 -109 -73 75 87 -39 109 -26 -104 -95 -68
41 -64 -99 109 -100 -5 -36 84 14 118 127 -48 77 -103 -35 41 103 -10 -124 -53 -89 -94 -122 51 91 -69 -45 77 -7 -104 -34 82 111 55 -53 91 100 -2 127 -113 88 -74 123 16 59 31 -40 47 -106 18 95 37 -45 66 102 26 -17 22 6 29 -25 -111 63 -1
4 -71 -127 53 71 -4 36 11 -62 -46 -60 -117 -11 -21 48 -58 8 -109 26 -88 -127 -49 -38 39 -21 -36 63 -55 -126 -1 38 -37 15 -46 -110 -86 49 97 -61 -15 38 63 16 -90 117 -61 65 -92 48 -81 66 -88 53 48 -70 62 -80 44 -89 -116 -54 -107 -58 -111
98 85 37 121 38 117 -19 -103 -51 -15 -30 -63 90 -104 62 -1 83 29 61 63 -102 45 72 -122 -83 83 -125 -47 -97 60 94 -83 -126 -24 90 -11 61 4 55 51 76 64 74 26 34 -108 42 -19 81 -113 -9 96 -119 56 -113 -65 -21 35 114 47 68 -42 9 -64
-59 -60 114 115 1 97 127 -49 -104 60 78 -6 -33 -63 87 -55 68 99 -28 94 1 -95 -90 -19 52 69 -28 -6 122 82 75 2 43 -60 15 95 -117 -46 116 -80 121 -31 -113 -4 35 47 -117 8 84 -5 -49 -124 114 57 -34 99 39 -93 55 -28 119 111 89 -40
-47 73 -82 -98 38 -63 -107 17 60 -8 -42 10 120 67 -50 93 103 -81 5 19 -43 109 -33 -23 -53 -81 -6 -118 -43 -29 90 -126 -62 -128 -60 -80 -61 -126 -26 -97 4 -44 -13 44 107 -77 45 -96 71 -121 -128 -39 -119 72 -77 -78 77 -79 -38 -65 28 34 97 -63
62 85 15 -30 -94 38 -48 -118 -75 -75 -47 -70 102 -126 -92 4 54 40 41 21 -93 -104 -9 -70 91 -78 55 40 -93 112 46 60 -77 58 -49 -86 -4 -108 23 -53 100 63 98 -3 7 68 -41 117 67 24 -121 -40 -3 -67 -17 43 21 -63 44 -6 -30 -124 -128 78
108 -64 99 22 107 32 -14 29 -76 -43 -18 4 -51 -37 61 -107 -41 99 -41 100 -107 7 48 91 73 -44 36 46 -86 -49 -100 9 113 -120 -14 96 -81 98 -97 -27 30 -91 122 -62 -74 -46 119 89 124 -45 -93 -83 -26 -125 -101 14 121 -40 -32 37 -82 113 -127 67
-32 -4 -94 -19 -49 27 2 -109 122 100 0 -128 71 126 -10 59 -6 119 84 -30 -37 67 71 -62 33 70 103 -83 -123 1 -59 -72 101 63 -49 -55 112 -105 -117 87 -123 -56 49 13 -32 43 -20 -59 -35 3 126 29 -7 78 101 -76 37 -127 78 -73 1 -44 79 -121
20 122 -75 41 120 70 -107 102 25 89 42 28 58 100 -51 121 -120 -51 24 27 -29 -101 122 77 -103 38 40 82 92 -31 -36 41 127 69 117 9 19 -74 117 116 1 108 74 -67 125 -117 -2 25 107 -15 67 -75 127 -24 -26 109 12 -46 120 68 -40 62 88 92
-47 -6 99 101 47 19 42 -126 -105 77 -71 -52 -8 -18 -110 -51 -44 -62 -1 4 111 54 -126 -64 72 -92 -87 67 58 -93 49 56 4 -37 103 -73 -74 101 -5 124 -17 -71 -28 -7 -55 82 -101 41 105 64 123 -124 94 -70 43 70 -62 -49 41 -53 -56 91 -22 76
-76 -60 -92 80 -75 81 -45 96 79 -12 67 25 -35 -45 -13 115 -44 -49 -70 -118 -128 -22 1 -98 77 -99 10 -14 -1 -51 36 -117 32 -65 -56 -10 14 34 64 30 9 -126 -66 35 36 40 -114 60 112 -91 -32 83 -40 -42 99 82 -31 40 -109 -35 21 69 96 -6
71 -74 54 120 -122 -6 -107 15 63 -21 -125 -111 92 54 -10 12 17 121 -35 -12 -61 94 75 -116 62 -92 70 -71 -84 -119 121 43 -25 -101 -58 53 47 -71 3 -24 0 60 -8 30 9 -106 15 108 107 -55 -43 -76 -34 -75 -6 -90 -80 41 -105 -39 -39 -55 122 63
83 -10 -39 121 -72 -118 91 -68 12 50 55 -117 116 59 -66 49 -113 -34 -49 -116 2 29 28 -127 58 -78 -31 104 -109 37 -70 -90 -38 -69 74 -90 125 -68 -95 -51 -62 51 74 -19 -78 58 -54 -33 -80 -44 17 120 107 -80 -8 70 -15 -52 -99 34 104 -79 21 -4
-94 -33 30 63 51 93 66 41 34 -80 -109 -97 7 -33 -99 108 -23 101 -21 -70 22 127 64 -39 -48 43 -86 61 108 70 127 -12 -89 -116 -127 16 -95 -17 113 -94 -50 109 -62 90 -94 122 -55 20 -58 -59 10 -98 -34 -122 45 95 -79 123 126 -127 36 -22 -9 47
92 -41 34 -88 48 -109 122 34 94 80 72 57 -34 -30 30 39 100 10 -76 -108 31 -8 -46 -21 10 67 -20 -44 4 39 21 -99 -78 -99 -83 -104 71 122 -36 -50 -85 121 -125 61 18 -10 -90 -106 -18 -9 65 -105 -86 84 1 -10 70 6 75 111 -112 60 24 -126
16 -61 -103 -110 74 -68 -28 -24 11 106 -64 90 46 57 121 69 113 25 -65 53 -48 3 47 -125 68 4 -20 -20 -66 82 33 -30 -89 123 -99 78 79 74 17 -3 -108 -54 12 96 -37 41 126 47 -123 39 21 88 -101 1 -86 -21 -33 -43 57 -10 114 35 -99 25
95 123 -112 51 87 52 -64 -43 104 -117 62 96 -117 -22 107 -19 73 44 -56 119 103 -2 127 115 89 65 60 -102 -3 108 -59 -102 -9 114 22 -117 27 -26 -89 -46 58 -123 -3 -64 -120 71 39 33 -11 54 -12 15 11 66 -59 -55 45 -122 -6 88 -51 8 26 85
88 -60 48 72 -107 -107 -11 110 66 -103 35 -30 72 -65 16 50 -25 83 -3 5 -121 126 -10 19 23 110 -56 -74 118 44 84 8 34 -97 89 117 -30 24 47 85 -29 -83 22 -52 109 -89 -97 68 1 95 -76 -25 55 -62 -26 -46 -83 -54 -30 -64 -37 -11 -19 29
-104 51 -97 -36 15 114 112 -33 -51 -126 99 67 8 122 19 20 -101 -44 -97 -52 -65 79 -7 -123 -16 6 44 -121 82 -18 -11 -102 -8 106 -107 60 -114 56 -11 54 -88 -128 -27 -79 -98 107 26 27 58 -24 75 -55 -98 15 51 -122 -10 81 116 13 100 127 89 65
54 -79 -38 30 -35 -84 -77 6 -23 -7 98 -39 -106 -105 -73 -127 -65 -121 -41 -18 53 -48 118 -62 -105 106 56 88 23 -46 8 -21 80 -12 25 99 110 -115 -4 -84 7 -43 17 24 16 80 -116 78 26 62 44 -83 -115 -26 -44 72 -39 -123 89 50 77 66 -92 -19
26 4 -120 -17 -102 -28 -89 -73 84 -62 -52 -54 51 -80 4 56 -111 114 -95 -39 107 70 77 67 0 -13 35 -126 61 21 44 116 -98 -31 72 -21 -120 -9 40 60 -100 -51 -46 25 -87 58 113 91 81 -106 -47 126 -57 23 110 -97 -16 -21 109 -53 -49 -82 -60 127
65 -68 32 -75 -46 -105 115 57 40 108 94 100 -88 -34 -53 94 -126 114 -96 -110 103 -10 -112 27 54 80 -75 73 86 24 27 -15 93 36 -87 -58 -29 -53 -82 52 -117 -86 -57 77 119 14 84 -5 -96 104 -19 20 -31 -46 88 -12 -100 -115 -107 10 -3 -123 -11 84
-30 -78 1 27 74 59 -18 31 11 106 -35 -6 -82 104 -72 112 16 -35 -86 11 10 -110 13 -34 71 -25 -38 -41 60 93 -46 -41 85 -12 -122 108 -56 44 113 -7 -31 -65 26 13 127 22 39 -66 106 -71 -49 -73 102 -36 110 47 72 4 -5 40 -24 -106 -64 -97
42 -8 -63 -92 -38 -5 -47 -31 -89 16 -81 -27 5 112 -53 42 99 77 31 106 -63 -42 12 -15 16 74 -9 -86 -100 -3 12 -82 -95 46 -100 -73 -46 86 -57 -79 -47 -22 -61 15 49 37 38 49 -74 -72 -16 -15 92 62 31 -79 60 -25 80 -34 -78 -17 13 -103
99 -111 101 -30 -102 15 -37 72 115 28 106 -51 59 124 -58 113 -40 -103 74 -108 -38 -62 -53 71 -81 34 76 -17 45 -56 -75 -77 -97 85 22 -75 113 80 -32 90 70 -94 -33 -27 -86 57 -20 49 12 51 100 103 -82 97 -108 -54 -54 59 65 4 40 17 75 -35
114 1 -66 108 -69 -93 -127 110 -93 -127 -81 -59 -75 42 95 -26 -94 95 -30 72 22 -73 110 -23 -66 65 -105 72 -36 74 -52 -78 65 -54 92 35 84 107 -66 -118 -67 -69 116 113 -72 -33 -3 -30 -10 88 -64 -65 -103 38 75 81 -54 -51 -57 50 93 -95 -119 -122
100 123 -90 -115 40 -90 -38 20 2 -40 -88 -2 -32 -7 -55 30 71 92 -82 -49 80 -51 -106 13 44 -45 71 -6 -59 -35 65 -121 -71 0 7 32 -66 93 92 8 116 78 -83 -46 108 -22 94 10 121 76 114 -69 -109 3 50 24 -64 41 79 -119 -5 -27 -76 -121
23 91 -86 -66 98 -39 61 70 -10 -102 23 8 -42 -95 52 4 114 -113 -63 -81 28 127 73 47 47 -128 35 15 69 3 65 -46 8 120 103 64 127 39 -71 118 48 30 51 20 -117 -58 -78 122 -50 88 119 124 13 18 85 122 -13 -24 -32 45 -127 -107 -87 -39
-95 -80 73 -64 -85 113 -26 -76 117 -23 39 37 -101 64 -101 52 -82 41 0 43 112 -66 64 31 -71 -108 -46 -57 -58 -20 125 16 124 43 52 -96 58 125 -119 -72 7 -46 46 -48 -63 114 -91 76 29 -64 -51 52 60 -80 43 -28 -38 -68 28 124 -39 -66 -100 -114
114 -102 -8 -27 -91 -44 -43 -93 -20 -57 23 81 -4 -105 -18 -52 -85 33 -83 75 -17 -35 -79 -5 -23 34 91 -67 -127 -26 91 29 -4 122 -58 76 68 -30 53 85 -98 80 77 -97 -23 -64 -62 -40 27 66 105 -126 -50 -115 46 -74 -56 103 35 -42 66 -72 -125 -44
-98 -18 61 122 -32 -55 72 39 -78 -96 122 -60 -70 88 6 22 -42 -60 -52 -42 104 -115 -12 100 -69 -68 -82 77 -53 -47 -1 -80 86 -25 36 -44 -58 -106 -40 37 -32 36 -37 -32 -13 73 -77 116 -80 109 -81 -62 110 2 111 -49 -104 95 60 118 -51 81 -52 103
-113 -115 -120 -4 -61 -60 -39 -46 -29 12 -115 7 51 -34 -19 -122 -117 -44 75 7 87 46 78 91 92 -88 -112 -59 -14 16 43 16 100 32 -109 18 71 101 84 12 58 4 111 -109 -111 -61 74 32 35 108 -45 79 106 -16 99 -47 48 109 65 -26 77 -56 109 81
100 -29 -3 -84 -42 81 -6 62 26 -45 11 91 93 -19 -71 78 -69 -2 98 24 -117 52 59 -127 94 2 -94 -95 -70 104 32 -58 21 -127 49 -56 120 89 -107 69 -23 -115 -36 77 -110 -83 118 -21 49 84 118 63 -15 -53 -82 49 102 -96 77 -16 104 64 101 49
100 107 39 -68 98 83 -104 -70 62 -106 -86 97 65 5 -89 -89 -66 -88 3 87 30 -121 -54 47 44 33 -60 -37 61 53 -93 94 -124 -21 68 19 -39 -50 -57 125 -63 -80 65 -73 77 21 -13 -26 95 -116 33 -29 84 7 -89 -34 74 -19 -50 -42 126 27 -75 124
1 -113 90 65 88 54 77 12 -3 70 83 -24 -24 98 -106 126 -50 115 -91 87 -35 111 -59 74 123 24 69 87 -103 63 -115 23 -115 15 6 34 -31 -15 1 88 37 -32 114 125 125 127 101 88 -58 12 27 -10 -77 34 60 126 -89 63 -66 5 19 -55 -118 -123
59 -69 -74 75 -93 -63 49 -64 -33 17 -34 109 -105 120 24 26 12 80 39 78 -3 25 -72 101 -64 -13 88 71 34 -34 -88 -104 -42 -110 48 -72 -51 94 -65 -93 -33 -81 -44 -70 86 100 -37 -101 94 -93 127 102 33 10 -76 -87 -20 -117 53 55 54 17 89 33
85 -84 105 -98 -51 -37 -89 50 4 106 29 32 1 2 -39 61 78 115 -65 -2 127 -91 -24 60 -36 -33 -36 65 95 -48 -33 -59 51 -22 80 -111 -19 49 106 95 33 -52 28 111 70 96 -55 -98 82 -86 24 32 111 89 -53 -86 91 29 -25 -3 -112 39 29 61
-73 -93 -11 -56 102 124 -112 17 -19 84 101 65 74 15 121 -65 -15 40 125 -58 120 -5 -97 31 53 -96 -4 -88 71 -86 125 71 -72 19 14 105 80 -11 -80 91 -61 -87 114 -126 58 -26 59 -124 -16 57 -87 64 -107 -30 -119 125 -59 96 83 126 98 -8 -96 -16
78 106 32 -100 91 39 30 123 -4 -59 96 -54 -88 -16 -109 -24 84 -107 -82 -62 -127 -53 -3 -79 -44 -114 -12 -2 97 122 -86 61 -12 -53 -6 106 49 -26 -56 -73 120 -67 89 111 -81 -128 122 14 -64 -20 -93 123 23 87 73 -39 56 -47 107 -112 -56 59 -77 -102
1 -44 111 118 -15 7 81 88 -80 102 19 55 30 -52 53 -1 3 107 -69 127 -122 -18 24 -61 104 127 22 61 49 -12 49 75 -21 -38 -48 21 -69 114 -39 93 16 22 -28 71 82 107 -89 -21 101 30 15 -13 -70 20 -115 43 -51 85 -40 -127 93 -114 -83 73
112 31 27 -9 127 -114 -7 -33 64 42 108 16 -75 5 33 56 -111 -66 -106 50 -54 -95 126 114 81 -40 25 45 -18 -4 -103 -24 56 0 -33 -95 68 -28 9 40 8 1 4 15 -35 48 74 94 -116 7 34 -2 62 21 -95 -95 -39 45 77 -97 46 -16 -55 -15
100 67 79 -126 52 45 -72 53 -48 -83 71 14 4 91 74 66 105 95 -23 3 -53 -78 48 66 -116 125 4 99 41 -68 48 10 5 -38 47 98 66 -13 90 -33 -122 60 -69 -6 103 -7 -23 -39 -40 33 -102 61 -108 -85 71 48 21 23 6 -1 21 -22 -126 17
-1 9 41 4 71 -93 109 -95 12 56 -13 13 54 -112 66 -1 -32 -49 57 124 121 -62 71 -69 43 116 44 33 -91 114 9 -117 68 -42 74 -67 -112 -62 44 -126 32 -119 92 -98 73 81 -26 80 -73 88 96 116 49 -101 -127 43 15 -34 44 -32 10 -68 103 98
96 70 -17 -24 31 -65 85 -48 -124 -96 -46 -85 -34 -120 -2 -83 -39 5 44 124 20 69 -72 -99 16 107 89 86 -65 2 93 -1 100 48 -76 113 -96 -67 29 -73 -23 126 57 -20 -69 126 -47 56 44 41 -29 6 -88 -6 35 -30 105 -43 -68 75 -71 103 -32 24
55 -90 40 -91 12 15 -99 -47 -120 -51 -62 -6 65 91 -23 -30 61 120 -127 -67 -105 -1 77 91 -64 -70 49 -90 77 -116 90 52 -57 92 38 57 33 56 -66 80 66 -30 -78 26 125 -72 -33 -9 118 73 -113 -14 75 -127 -51 -23 48 -98 105 -46 10 -70 62 18
-72 3 -58 26 5 29 96 73 16 30 -34 -111 -73 93 63 -114 89 -47 -47 48 -93 -11 10 54 127 7 100 106 35 -37 -70 -118 47 64 66 -15 65 27 -100 8 -74 38 -23 -4 -92 -20 5 -66 -71 96 -65 -88 -67 -106 -80 80 -80 109 9 -118 -121 102 21 67
82 110 -102 -127 -1 -42 20 56 10 -19 111 105 59 -124 76 -38 100 -19 40 -46 -53 50 28 76 62 -122 -83 76 -36 26 17 78 100 24 -73 -94 20 -118 9 62 -52 76 28 8 48 -6 -63 -97 -42 -32 107 -63 112 38 41 -55 -97 -128 71 -111 -120 -69 -79 29
-6 -106 120 -56 -108 -117 -2 55 -67 -20 -20 -37 32 14 20 121 71 67 84 -120 -35 29 -47 -23 -35 -38 8 -111 47 90 103 -84 -128 -79 37 78 57 -110 -88 105 108 -22 -116 30 50 77 105 -75 92 75 87 -71 19 -42 16 -91 80 -59 -93 23 29 3 -82 106
-34 88 -56 -91 15 -57 -3 107 110 -87 63 52 66 74 2 -30 -124 72 -115 20 24 79 8 -101 110 -71 34 124 -14 -121 -63 86 -91 56 -127 -127 13 -107 74 62 32 38 112 45 58 119 -114 125 -78 -116 111 120 -1 -72 46 45 89 -96 -39 120 -86 26 -104 104
-50 42 -71 67 -43 101 13 18 -28 106 45 -7 -114 9 126 -89 -9 -45 -3 36 105 -81 39 53 -44 43 -33 -92 112 -45 -42 -15 -57 -15 -2 119 -127 86 -81 -8 -98 82 -55 115 -13 -77 17 104 -19 92 -32 10 116 -9 -29 107 -2 -16 38 10 95 -67 40 25
15 68 9 -51 96 57 95 -74 -96 52 97 -94 -124 73 97 -56 -72 108 -10 41 -56 -62 3 -50 -67 53 98 -66 38 70 -11 76 -46 96 -121 -120 -34 111 42 -120 84 15 115 -9 -50 -127 -16 5 -26 38 -57 -3 58 116 -53 58 -50 16 70 -50 -78 -28 8 121
89 -43 -47 -25 95 -126 90 -117 2 -31 105 -9 102 -111 106 -14 92 -81 19 62 93 -36 55 -11 30 -54 -124 -69 -24 69 82 -46 8 43 44 -58 15 74 102 101 26 -84 103 -20 -103 -116 28 126 102 70 64 26 -8 2 -3 116 -72 -83 -66 102 37 -73 68 14
-58 -32 -59 75 109 -17 -60 -29 21 121 -30 33 10 11 95 2 -109 -17 -2 -99 -89 -127 107 -35 111 -40 127 -118 -102 31 68 -118 18 -1 90 -16 -66 8 -97 -15 60 -73 25 4 -3 -81 -122 -19 7 -66 75 -54 121 49 15 120 28 116 -85 -10 98 107 -84 14
73 -38 -38 -27 -67 -54 -89 -15 -88 -116 122 -92 38 26 51 -48 -89 122 64 -11 102 52 123 14 -29 62 118 -46 30 102 37 -98 19 -95 5 -126 -32 106 -82 -60 -105 93 124 43 105 85 99 -75 -107 -12 -25 -81 -23 63 71 9 122 100 28 75 20 29 -23 -62
41 105 -121 -55 86 41 122 -106 -103 -52 -53 18 53 19 -114 26 107 69 -6 4 -66 -125 -100 110 -115 63 -6 101 126 -48 -8 14 -76 125 -37 -90 -103 -52 73 54 107 81 84 -41 124 5 36 56 29 -45 -22 122 -41 47 35 -40 -122 11 26 86 90 43 66 124
81 86 83 -88 -55 45 -38 63 11 1 114 107 88 127 76 19 -30 80 -30 -78 36 112 42 18 101 118 6 -67 -108 -35 89 -90 36 -67 -120 82 -93 17 -91 20 66 -79 38 93 -73 115 -6 13 104 107 27 88 -21 -71 58 -70 -106 96 120 33 -55 41 -31 -9
39 -40 -74 -13 117 -31 -104 24 -118 -82 76 -114 -36 82 12 -35 111 8 -78 -3 -4 37 48 41 -48 116 -112 34 -114 -97 114 -25 -105 15 83 -74 118 31 58 62 124 -93 -38 -80 91 -47 67 -111 108 82 14 -15 124 37 108 -112 84 -126 -91 75 -97 30 115 -55
126 10 2 41 -23 104 -126 -20 -18 -128 20 27 -41 -104 24 -103 -82 -119 87 30 67 -111 -72 -71 104 39 -95 -93 -3 114 -30 37 32 85 118 91 120 78 73 121 102 27 -51 60 122 -58 100 116 95 -116 74 4 -124 -88 116 120 -70 -60 101 91 23 -6 -59 -88
-37 98 -105 -13 -5 -113 60 25 -121 30 -65 19 -67 -68 -98 -11 -90 20 94 15 -5 -41 93 88 -79 76 -78 -51 -82 -88 32 -37 46 29 -16 -128 -15 -44 -47 -108 -56 8 121 16 33 89 35 68 -75 96 14 -70 55 4 23 82 -116 57 -34 -98 -78 2 -17 -105
33 110 -117 114 32 -42 36 -125 -72 67 124 30 18 -125 83 113 45 10 121 -105 2 61 -126 -76 -30 6 -70 -89 -40 123 3 -96 -116 119 35 -8 109 -68 -63 -4 112 24 22 -17 110 -35 -115 119 32 -17 -64 11 -124 36 -36 -7 -85 -17 2 -60 -76 106 -77 22
113 122 39 -48 125 98 50 -58 -88 58 7 43 65 -48 13 51 70 5 -101 88 1 58 -33 -125 -48 -46 -38 6 -27 122 -115 76 7 -114 -28 -68 6 -78 -124 13 94 116 41 36 -100 -48 -21 -2 23 -66 -120 -101 124 29 105 -116 31 -91 116 -117 94 -120 -107 -37
118 69 71 -44 76 -74 -20 50 -21 -118 8 49 -80 3 58 45 50 9 -25 30 71 -70 100 -52 -81 55 72 -113 -92 25 -93 -107 -102 42 111 -122 125 18 34 93 -65 123 -111 108 -78 -47 94 -5 22 -106 67 -50 -126 82 105 -114 0 89 -89 104 38 20 76 52
70 -99 23 50 97 118 -41 -119 52 -27 127 58 120 49 115 -15 15 13 6 66 -62 -91 -18 -67 -117 -47 -121 -7 -109 67 -34 -104 53 -96 -47 -113 -43 93 -35 86 -14 53 110 99 -108 89 48 50 118 43 120 59 -110 -93 82 -16 21 -81 -126 -126 -115 14 124 0
43 76 65 -56 1 -25 -70 -52 81 41 20 -25 4 -102 -2 67 -111 108 -10 -60 123 -29 99 -81 -69 107 69 35 29 107 97 -88 62 -47 -5 40 112 117 53 116 -32 83 122 -50 -128 -64 17 9 16 91 -47 40 -63 -98 97 13 127 -100 84 -40 42 86 105 25
83 -109 -86 -46 8 -88 -34 -128 -19 -14 -5 -18 -128 34 -125 -118 -89 8 -108 -10 90 78 71 -94 118 -35 -124 -114 -38 115 -58 120 19 10 91 -52 -102 31 -116 -127 27 -17 41 -60 2 -88 -41 41 109 114 -11 -93 74 85 -59 -107 113 127 -127 91 101 -127 -84 24
-22 -38 -57 91 -94 46 -107 -69 -110 -39 64 102 89 87 35 -96 110 32 51 -80 57 95 -72 11 112 -9 -49 107 32 -25 -24 37 89 16 -95 46 -77 74 93 18 3 -6 -6 -117 -55 14 14 -65 -3 -127 -35 76 -126 -88 65 -51 21 -7 -72 -2 -75 120 74 41
95 -111 -112 87 113 -28 -43 59 22 -16 17 18 0 -35 50 76 13 -47 -46 -34 114 101 -125 -2 -14 89 116 116 -16 6 -20 89 30 45 -107 -40 97 118 122 54 -65 -120 36 106 -81 -18 -43 34 -48 31 9 125 -60 123 24 21 -112 -32 -44 121 -18 69 74 -106
76 95 119 91 -32 -105 35 66 109 74 -37 38 44 -108 20 -27 -4 121 6 -88 12 -40 126 -1 94 -126 115 102 -83 -32 118 -64 -29 -102 46 -48 41 34 87 114 97 16 -24 111 10 23 -30 6 54 -4 54 -103 65 -35 55 16 112 64 20 -96 66 -23 -114 93
39 66 107 104 -41 -109 117 115 94 -1 34 -18 27 97 21 9 -128 -14 -62 -36 -29 2 -76 -104 125 -22 81 -55 19 -67 62 120 -112 107 75 -25 -120 64 -94 18 1 -58 -15 108 101 78 -99 -116 15 -93 -52 -73 -37 92 -88 113 32 -122 42 115 -96 -76 -18 -9
-94 58 -118 -74 -72 -4 -36 -122 46 38 105 40 26 -76 -24 -40 87 -33 -56 -4 -101 113 -73 -11 -121 -77 64 1 -60 115 103 76 -5 1 102 32 113 -101 63 -100 50 14 -55 31 101 48 40 81 -95 52 -24 -73 -88 123 66 -94 59 99 -49 -123 69 -89 7 -89
-34 14 73 50 46 36 29 -37 -21 -80 91 -126 43 -7 51 105 25 -105 -30 -29 12 -35 -69 -87 24 -46 31 56 -36 72 7 -14 52 -79 16 -4 51 85 107 -115 89 44 -123 -5 -106 105 -16 68 -113 -54 107 -11 125 73 14 105 51 -60 -81 -109 68 -118 0 107
75 53 23 -49 -74 -114 56 -100 66 52 77 12 -128 -60 114 -106 -117 -62 -16 -92 -94 -73 17 100 -29 -112 125 117 118 105 -68 112 98 108 -116 5 -2 62 -40 -36 122 -37 57 62 2 93 -107 122 -85 42 -40 -71 -55 90 -46 5 -26 71 -75 95 -33 5 -87 -119
53 86 11 33 -113 -70 -15 60 29 -82 24 23 -54 -118 -91 37 122 2 -34 -61 -5 47 -126 -60 19 37 -67 -85 -112 91 -7 74 26 -112 -70 71 93 100 106 -94 -48 26 -17 -81 -111 26 65 116 63 119 1 -114 -9 51 -25 -66 76 4 -7 65 -90 91 36 107
-76 68 73 20 -88 -66 11 -88 -54 74 -30 94 -53 63 -27 -70 115 -88 20 0 -126 109 127 -63 -118 77 109 -60 -47 -20 -86 30 43 94 102 -80 -56 106 -23 -79 -7 49 124 -105 77 -57 95 -41 96 -31 -105 44 -5 8 17 -117 -28 71 -45 122 -57 -23 116 12
111 118 -116 51 -56 -91 -31 -79 75 -109 10 -40 -58 -57 106 69 -27 13 69 52 -112 -4 23 -101 104 -99 -10 -103 51 6 -75 -43 -115 -28 -64 -7 106 5 -51 -47 -115 114 95 6 12 -78 -110 124 48 77 52 121 83 -12 44 113 -71 91 118 87 77 103 -5 -39
102 -97 -124 28 36 53 -105 -57 -58 -61 87 -74 -110 -34 25 89 86 -23 -28 -53 12 -56 -26 45 112 -16 -70 124 -10 70 -30 -3 -11 -101 89 -29 -13 15 27 -115 35 45 -74 -128 64 -73 114 -112 2 58 -68 -78 77 -23 -89 118 41 39 -112 -27 -2 -57 44 -3
113 -31 110 125 62 -76 115 -100 36 65 -126 51 42 11 53 79 35 -64 -107 -104 101 -39 72 -55 -57 -49 -33 -115 28 61 -8 -47 -16 48 -49 -20 105 122 103 72 20 -70 19 -128 -17 -40 -51 -24 -43 4 14 -89 -98 6 -12 -34 -109 -38 -112 -66 29 -36 -16 -57
-119 62 -44 -56 -10 69 -31 100 111 -45 115 12 -96 -67 106 -8 -46 -20 -8 -48 -47 84 111 14 59 -104 -46 -115 -36 -121 2 -87 -104 -4 -33 10 -2 -25 -119 -23 -18 -97 112 68 -115 20 30 35 -86 91 -30 -111 60 -125 -12 85 -95 20 103 84 5 116 126 90
30 117 -92 4 -34 -125 -72 9 25 -66 -23 -10 -62 -56 -87 -105 -19 62 -48 118 15 -80 116 7 -121 69 62 -58 92 -83 21 -104 87 -26 -13 109 65 41 30 -80 52 -96 -59 -33 34 126 -27 62 46 -47 8 -39 -122 84 -121 -61 116 108 42 -91 65 103 -16 -62
122 49 108 -54 17 -122 -81 -51 -56 -88 19 -80 -62 80 -119 68 71 -79 90 96 -95 97 10 -92 -25 -78 -38 -35 0 40 -96 -1 -6 -30 -86 27 -81 20 -103 -38 -89 100 -38 18 -69 -31 77 -34 -106 -101 86 75 -45 -46 52 125 -19 9 67 -100 56 -26 -127 69
-82 18 -126 -10 119 -26 -56 -72 52 77 10 48 -105 0 -60 44 69 51 24 -71 -33 53 74 -33 -89 -16 56 119 111 -101 117 -63 -63 -106 -61 -116 24 53 65 31 5 124 51 2 126 104 111 36 -42 -67 47 33 -6 -91 -63 113 113 77 -116 -49 126 38 91 -80
-60 42 -116 40 -25 -122 86 48 80 93 -58 -108 40 22 30 29 82 1 -121 -64 91 -8 96 -22 -79 -75 27 100 52 66 -89 -66 78 58 -88 -47 43 -120 -34 -127 -123 122 -9 45 -54 -47 -54 -99 -6 66 -111 -34 78 -54 -84 116 68 -14 49 -122 -18 -98 121 -81
46 124 -67 43 72 -112 -98 -124 51 -42 -82 -106 -43 -81 -9 18 10 14 -124 107 -33 -11 -28 -58 -113 94 -11 -40 40 122 82 -36 -119 121 -22 21 119 60 62 16 105 72 -32 6 59 77 34 -42 -18 -93 27 108 27 -21 -35 -118 50 -61 -42 94 111 122 -104 -53
68 5 43 -35 70 -15 -104 -51 -107 84 -64 83 33 -122 -44 107 92 -3 -32 -112 -81 -92 -6 110 33 -73 66 81 70 -116 106 64 12 71 67 8 5 22 107 -51 31 -72 -50 91 -102 82 89 45 17 93 38 -77 -47 -76 4 -110 108 -89 57 -71 94 42 -42 -100
31 -116 4 3 -14 23 -14 39 -55 -4 118 -113 47 55 -87 77 -39 92 101 -55 -59 86 50 -115 -93 -108 -104 58 103 38 -48 -82 -122 91 104 -86 125 -34 -32 90 57 -45 -127 70 46 20 -12 87 57 67 59 71 118 -97 80 28 11 32 61 89 -42 -40 47 -45
94 -90 48 59 -14 109 71 62 -101 31 -56 -61 32 -9 7 -32 99 19 48 -82 -40 89 -71 -91 -27 48 43 -47 -84 27 87 -5 -69 1 78 73 -73 -101 -104 86 -7 -55 -30 21 101 112 -72 100 95 46 51 67 8 -58 46 -51 47 -27 -7 82 -2 26 105 66
91 126 -126 115 -61 3 -57 -109 50 -54 -34 -16 68 -68 -117 50 -69 65 -88 -10 68 126 -21 127 -84 109 11 -115 108 96 -90 -77 116 115 -79 -112 -43 77 -19 62 100 19 96 121 31 -10 110 4 92 117 -80 -105 21 8 -49 -24 40 100 60 50 82 -103 18 33
117 -50 -54 -68 115 -72 111 -75 107 117 -16 12 -26 41 47 -100 -7 112 -103 -56 108 89 97 29 53 -45 95 105 -82 39 -62 -61 66 75 -85 105 -67 73 -124 71 -104 -84 -109 -83 -49 8 30 108 69 50 79 -8 -74 26 -50 -6 124 65 69 -89 -59 82 42 -111
83 40 66 49 106 -111 -81 -76 35 35 0 -44 28 -92 -109 31 30 -91 119 -81 -76 -103 65 68 28 46 30 50 65 -50 34 98 -78 19 -100 18 -95 -27 -6 -63 -108 -42 -94 85 -121 -100 -37 43 -83 -122 -113 -25 -105 75 -49 -4 -17 100 18 -41 -36 106 91 -85
-7 -11 26 -7 93 -107 46 -21 -20 -27 76 -68 -74 9 -10 93 123 -63 51 -75 -24 -9 -101 67 -22 -124 75 -39 -66 -46 -47 -58 -51 -25 -114 73 -128 1 -114 -105 66 31 -110 15 57 -59 41 -15 -12 -92 62 -27 39 88 -1 -58 19 32 25 -119 32 -56 -90 -37
-41 -66 -46 88 114 101 -109 -10 -59 37 -127 -48 -26 -121 33 -9 118 -109 -20 45 9 -43 -93 -111 111 15 99 -74 -39 -81 8 -23 -57 -11 -96 -17 -4 27 75 15 -9 17 -109 18 -75 -70 -41 52 33 -106 99 91 -113 17 -118 -85 18 18 90 16 -68 -37 25 -60
112 -32 -28 -73 45 -15 -20 -38 -110 -112 -7 38 117 125 125 -47 -48 94 -6 69 121 -39 73 0 123 -83 -83 -65 105 -50 -11 -5 -53 -20 -103 -59 37 -56 43 122 33 71 -3 127 69 6 -121 -39 102 -73 -80 20 -17 -94 105 -21 38 -26 66 48 -83 -14 -32 63
-60 -112 11 -52 -51 85 -44 -109 124 -57 60 -87 -4 -80 46 21 -86 -54 112 21 -4 5 47 -119 110 105 93 -104 -80 43 -48 -17 -39 75 116 74 -118 -88 116 -12 -94 111 113 -128 46 -34 56 -114 20 -56 31 127 43 -63 -55 -8 8 11 110 70 -85 46 -122 -110
-63 33 -101 -37 -102 -96 -38 -79 -86 124 -109 -114 -60 -89 -21 -120 49 102 33 -118 12 -64 -37 48 -60 -4 -75 36 -91 11 -39 6 -113 -90 -98 53 -119 45 -117 -108 -41 -39 122 99 109 96 -71 122 86 -103 -32 61 8 122 48 119 106 82 127 -53 13 -3 46 -72
-26 -94 31 19 -116 103 -42 24 -15 -6 -106 -3 -63 122 -92 75 -81 93 91 40 -76 102 76 -121 -52 -81 -20 110 -101 -40 -100 -1 75 -2 7 125 -47 -92 -102 -6 26 -104 -16 18 56 -87 -58 117 117 -6 100 98 121 48 -19 -20 -36 -118 -107 64 -57 68 74 -3
-32 -120 112 -5 63 -18 70 44 48 54 -112 124 -91 -54 -107 -5 -8 87 127 -63 -19 20 -40 69 33 -80 -91 45 22 -123 41 47 -88 49 -121 -89 125 112 67 33 92 90 -59 -23 -48 77 -92 -97 90 51 122 52 -33 116 -58 -84 -120 109 -53 30 5 126 80 82
-28 97 -50 54 10 118 -122 97 -75 111 0 -28 -69 48 -65 98 23 -43 123 -51 70 39 -67 60 119 80 45 115 -59 -18 -93 -109 -41 7 -65 36 -61 -68 69 41 77 0 37 124 81 -65 -60 93 -125 -71 -74 127 23 -36 2 1 27 -31 5 -63 -19 72 -4 70
78 -48 -99 -15 -86 58 49 -7 106 -99 -86 101 84 40 -85 44 33 12 45 96 -80 -106 92 57 114 -27 -41 -106 -42 62 41 25 -108 -109 45 53 -7 -70 82 -55 -126 72 -33 49 57 67 52 114 31 116 -62 -15 90 -95 -116 -77 -40 106 -119 -39 -83 42 -77 -76
-63 53 11 -10 100 -42 -41 -122 -90 -3 -1 -76 70 -16 18 26 70 83 10 -64 -55 -26 -55 -73 0 -44 -16 3 -56 2 -89 -5 -66 37 113 43 112 -97 36 115 46 43 14 76 -53 66 -52 68 -106 111 40 -121 58 -104 77 -36 -67 -124 -36 43 26 63 38 -109
-10 61 127 -29 -93 16 -6 -21 84 -93 37 13 -91 -99 -85 3 119 1 108 -89 -83 -1 93 90 123 36 16 65 -63 -2 -115 -47 55 -73 -50 2 25 -96 -82 -33 -85 -103 -81 -3 -56 -99 -70 -55 -76 115 10 75 -115 -32 -54 69 59 66 77 -21 102 4 105 -3
-43 -66 -72 79 8 -58 10 59 -48 116 -53 -93 32 97 -27 -3 87 13 -95 -14 -68 -118 69 -61 -107 5 61 -73 114 54 -48 -55 26 95 96 -80 -91 26 107 25 -92 63 2 -100 -43 -127 54 12 88 64 -9 33 -125 -39 11 -124 121 -41 -100 -47 76 123 -1 -42
-80 -56 -65 116 -92 -102 63 -119 74 68 89 -71 -48 24 16 69 70 -82 31 112 57 49 14 47 -80 89 -25 119 -30 -31 32 -42 -54 -29 -111 113 7 -25 -1 85 70 -126 35 79 -116 -31 86 -120 65 -9 40 -19 107 48 -32 89 -57 99 7 7 -113 -34 6 -91
61 67 -95 83 13 30 20 -95 -70 105 -3 126 -16 -120 -57 126 -83 -29 -47 26 -62 -7 -65 -119 97 80 42 -94 -17 7 -45 -58 -2 -104 90 -124 -49 55 -12 -119 104 89 -103 33 -95 -74 -78 -53 -126 -38 81 -44 -80 82 -87 -56 -70 -107 37 66 -42 71 84 80
42 -117 17 -9 -59 108 -20 -44 27 35 -67 -31 46 -85 79 89 119 92 33 26 44 114 85 -95 -16 -85 -124 -91 -126 -2 -9 4 -51 123 72 29 17 -69 -60 69 96 27 -2 -71 94 5 11 -85 -60 6 -114 -92 78 121 -63 34 -110 7 -60 -69 -17 -109 32 -39
-23 -43 -40 63 -122 21 7 66 -45 101 -105 -7 -94 -124 119 -32 124 -123 -43 -123 39 -66 114 75 26 -120 64 117 -68 -63 17 15 -94 50 78 -72 14 -17 -117 -83 -113 53 113 80 -35 74 -22 48 79 -37 -17 62 96 -13 -111 127 -62 56 -7 106 -16 124 -55 100
113 -72 -100 -65 -36 -35 -11 -13 -15 -34 -66 67 -124 17 -79 -101 43 -13 -110 14 71 -2 -44 -17 40 -32 -90 47 -79 54 -40 -39 -70 29 -78 -118 -87 94 15 -66 -51 -52 64 64 117 61 127 -83 -29 -59 7 -9 85 -33 24 -97 26 -23 41 70 122 29 66 95
52 -22 -105 -18 -6 16 113 -68 -16 -58 108 -82 -99 60 126 -64 -67 39 17 -45 -41 127 -37 -87 -40 -28 -109 -111 33 -67 -32 54 -52 28 -63 78 -123 45 -59 19 83 115 -14 76 -78 101 -95 125 -122 100 -59 97 23 -112 24 -32 26 18 -110 -16 55 28 -26 39
-90 72 -110 9 -72 58 97 3 -120 -72 -102 96 103 -119 121 94 102 120 11 73 -2 56 24 -7 104 110 -87 -114 -9 -49 -10 -87 -18 29 85 -92 85 -69 104 -16 -13 -113 11 -101 -41 -121 -117 -94 -76 -65 41 -46 115 97 34 -85 10 -30 51 -67 -107 36 -1 88
105 -58 74 -13 116 -90 73 106 30 -76 -90 119 -45 83 -52 101 -88 -114 64 7 -56 -48 -85 -121 -42 -92 11 -44 65 -67 -39 -116 -17 -79 -85 111 109 91 6 70 -7 -123 -100 106 -26 -37 62 61 72 83 -112 -24 74 -126 92 -3 30 -94 53 -6 -24 -119 46 -41
70 30 -128 118 -77 -72 -26 -8 -57 107 48 81 48 -114 -20 19 117 -128 54 -35 -87 59 -114 22 64 38 43 -36 122 -15 45 114 -65 -28 -77 78 -91 32 8 72 -108 -112 18 91 -113 -23 46 37 -92 39 33 28 30 87 105 73 5 -1 4 -15 89 -32 -57 100
-88 -106 -26 0 -108 -77 -11 25 -50 19 -65 37 98 -61 -34 118 -36 -128 64 85 -90 -41 125 -111 -52 -103 -72 68 -125 -34 -27 -128 81 -121 16 69 119 -16 58 -13 81 121 21 -103 63 -41 74 -119 -4 118 -4 -100 -91 97 37 85 -9 64 -12 -83 18 7 -111 -11
29 -1 -7 -112 -91 -19 33 -35 117 -52 23 5 -65 -71 74 -15 111 -125 -121 52 -69 108 -38 -123 -59 13 -10 87 -103 -91 57 -70 -55 97 100 73 89 -29 51 -117 55 -6 26 25 -29 6 30 12 26 -81 -52 -53 -18 -108 -17 116 2 93 -104 -103 7 -17 -37 7
-75 91 126 -1 101 61 -49 -81 -97 -92 -124 -38 50 -96 3 51 32 51 -87 23 124 -85 -125 63 -75 -95 -23 -58 43 96 122 107 -49 -71 43 -82 49 63 71 0 -100 -81 16 -109 25 -87 32 75 58 44 56 -69 -15 -102 -66 36 21 38 14 -123 -95 -97 19 -7
-3 -15 106 78 85 -27 -64 107 93 -97 58 58 -31 94 80 -23 46 -83 119 11 -19 104 90 -111 -70 93 -104 -71 -69 13 125 -27 48 74 -54 124 42 -8 89 -30 -122 83 -58 -10 -94 -31 -68 15 -69 29 -117 74 34 -42 85 39 62 -120 -15 -63 117 27 -115 126
-41 -2 -113 -11 -101 -76 7 25 22 -78 69 -69 2 38 125 77 -27 127 26 -12 -2 -61 -99 -100 104 -73 -83 -93 127 24 69 -124 44 31 -59 3 15 -87 -94 -87 -22 -86 24 21 5 35 -67 -71 -15 -92 89 -35 39 -120 113 -26 -119 97 -60 -20 89 110 -78 -36
30 -42 10 -40 89 44 84 91 -53 66 -6 -95 94 -123 -31 -48 -26 -94 50 103 13 -25 77 -85 23 -56 13 -35 -27 -126 -62 -6 39 -127 60 78 -68 21 -76 101 -114 124 8 -82 44 21 88 -83 -88 -9 43 -42 -83 117 -69 -91 39 115 40 115 -94 -64 -63 -83
-56 -59 104 23 101 -120 -61 10 -2 120 101 -27 91 -106 -13 -56 -84 -91 -101 -119 45 -110 98 9 -45 19 -55 -85 -128 9 112 -2 110 -7 -104 -67 -33 123 59 -51 -88 -108 5 -7 -117 -3 110 60 103 -91 -104 -123 -76 -128 -15 -61 -48 5 -5 -41 92 120 -3 -123
87 103 10 -119 -87 98 15 -65 -49 68 -118 -59 95 32 -56 6 17 -94 20 -94 114 -89 -15 126 113 -40 -80 -71 12 -122 48 -19 104 -91 91 51 110 9 92 120 -124 -71 -118 -76 -63 -7 48 -111 -16 1 49 5 -41 93 -113 -83 85 117 -24 -11 18 -62 16 89
121 30 29 88 -1 11 110 1 8 44 -76 126 63 -24 -122 122 29 -17 69 -37 27 102 -45 13 -80 -73 -78 -72 42 -31 18 113 -88 -118 -73 84 110 2 30 69 76 90 -5 -109 -60 78 -93 81 -1 -96 40 -40 -56 -16 -38 -86 -31 74 64 -73 74 -125 -18 -62
109 98 -13 -23 23 127 -72 24 -107 -112 73 -2 40 64 32 -58 -3 15 124 42 -95 -26 -126 -9 -90 8 -39 27 -81 -95 -79 -4 108 17 46 7 -117 48 -13 30 -98 93 -53 -89 124 69 125 -85 -42 67 6 60 -51 -75 -62 -23 62 120 82 -27 39 -44 64 42
-43 122 -114 -110 -94 43 37 69 91 109 117 73 101 -81 -126 -37 56 -14 37 -16 -62 3 -100 28 -109 -60 110 116 -13 -9 27 87 32 -54 117 -78 -68 43 107 -44 -38 -71 31 52 124 118 83 -1 114 -123 78 92 -110 48 126 -44 -8 27 116 5 -94 76 -98 69
122 -111 -57 72 22 86 -31 -87 122 -84 -92 -20 25 -85 19 -85 109 66 -32 114 -85 2 -3 26 117 -78 74 95 55 121 87 -101 90 -10 -113 -29 -109 38 69 39 -40 -84 102 -11 -46 -125 70 -7 -94 -34 48 -108 -38 123 -31 -107 91 -33 88 61 8 -97 -123 126
101 13 -68 46 -37 -104 66 -48 -92 8 119 79 23 61 -23 78 15 103 -90 -38 107 79 17 96 -118 -76 39 -5 -84 83 14 -36 94 74 40 22 43 45 123 -14 -83 -76 56 42 -84 -97 -19 75 78 -20 -63 84 116 110 -89 57 121 -127 -19 86 122 6 108 37
54 -47 26 -102 126 2 -117 111 125 54 8 126 33 101 126 76 91 -9 71 -96 11 -35 -66 106 111 -10 -113 123 17 -21 -94 -85 -26 -59 1 -89 36 -63 -40 98 -3 70 -9 -120 -48 43 125 117 -65 -76 56 44 51 -20 54 112 -23 -49 59 -25 110 -2 87 -104
-44 21 9 62 44 23 -85 -75 -110 -94 66 103 38 104 -83 20 -111 -72 21 -12 -10 121 -91 118 76 -109 -32 118 -94 35 -93 21 -115 18 -34 55 75 71 -6 82 111 18 -23 -19 48 -82 -29 52 -56 -106 -33 -58 80 118 -116 103 -102 -77 98 -15 109 -122 -79 33
25 -93 94 99 -124 -67 -73 3 46 -19 48 61 -101 35 39 66 63 -4 -128 -95 -45 97 83 -42 -88 -1 -17 -7 44 -22 108 -33 -22 -81 100 -50 -97 -110 73 -121 -104 -59 121 72 -110 -101 -100 100 121 22 62 -8 73 -37 -108 -82 81 98 -127 -93 56 -117 -34 51
46 -111 -1 67 25 -35 101 84 -128 -14 -56 -14 -27 63 61 -92 101 -127 69 -128 -49 -15 -119 -14 -58 4 -38 -49 31 50 96 58 22 -9 -56 34 33 16 -19 68 -119 -118 -128 -126 -24 -12 37 41 93 100 -85 90 -117 99 -84 79 80 -86 -87 -110 51 38 -57 -62
-23 -40 -2 4 6 -80 -65 -25 -108 -86 38 106 114 4 19 61 32 -42 -42 63 28 -69 60 -121 123 -30 -100 70 118 49 100 7 -87 -2 32 75 81 71 -2 -121 -35 89 -37 73 78 106 115 -1 -109 -113 -95 -113 -32 -97 -69 -47 116 95 65 -68 25 40 66 42
-55 -91 -119 73 30 -117 33 54 108 17 -89 108 46 -108 -14 87 105 -23 102 70 -125 -81 107 78 115 -76 -86 77 -11 -101 -32 -41 57 70 -65 64 71 -12 -77 53 88 35 -56 -63 -79 -89 35 113 -100 91 -15 32 -35 108 -46 -61 127 -32 -78 92 70 111 -119 27
-7 -42 30 20 103 25 22 89 21 71 51 -90 87 -27 102 6 -20 87 -111 -122 99 -8 -90 25 16 11 -55 -40 -101 -103 45 -16 83 29 -46 -99 74 122 112 -38 -127 -109 98 -15 -79 36 -63 91 24 -45 60 53 11 -55 -65 75 -77 -31 110 106 19 -26 77 -124
-34 68 67 97 107 118 -7 70 -96 109 -18 83 -64 -111 -103 102 11 -119 -82 -8 -72 -111 66 28 -62 -5 -48 -84 86 59 -17 94 -122 10 -83 5 24 47 -92 26 -43 84 -43 106 62 -70 -123 5 -24 -76 -24 -104 -48 -59 40 -80 15 -113 99 113 26 -23 78 46
-49 3 17 108 -71 -72 76 94 -75 -109 74 -23 31 -20 -10 -1 84 -22 41 -78 -31 26 -2 127 81 48 -37 -76 -77 -99 41 -64 49 97 107 109 -41 119 106 21 86 -4 17 -113 -27 -120 -97 114 22 -86 -123 -116 -68 -101 83 -81 95 56 -107 -90 -116 82 113 78
110 7 -120 111 -49 82 111 85 -19 66 -60 -49 70 43 87 87 -26 -111 -46 -57 -65 -22 -15 110 3 71 24 -87 90 125 4 34 -74 -99 -95 -46 31 -123 103 126 5 70 121 -69 22 102 -16 41 101 9 -49 -98 -115 -79 -42 -128 -39 88 12 -38 105 11 -123 11
-8 -104 -75 97 -61 -74 -15 115 -34 44 70 20 10 -9 43 42 0 84 -54 57 -123 -55 -32 81 -18 92 56 80 -27 -93 -63 47 -117 -25 79 84 120 105 -128 -119 -121 78 6 -90 -87 -40 20 65 -23 -32 -44 -127 -69 93 104 -111 -79 -47 5 -126 -55 69 100 111
116 5 -81 -65 -115 -111 -69 -31 -37 53 10 121 81 -82 -103 -103 54 -51 -8 -106 92 56 99 -23 125 97 120 -20 59 -99 85 68 -77 -62 -113 -121 74 -42 33 32 -81 -31 47 -57 -43 -35 -93 -95 116 -54 -20 77 34 34 -25 -80 -47 -71 61 -6 -99 85 7 53
51 -100 85 92 -52 100 72 65 -83 6 -85 -100 99 29 -45 63 -45 -70 -63 17 -7 88 -69 37 80 -59 -6 -51 45 64 -2 1 -25 -7 -29 -12 -120 22 58 -26 -75 -48 120 -79 68 -69 9 -35 -32 -105 -60 32 91 -126 35 78 66 8 38 17 -86 -93 19 82
-103 -95 47 126 -7 40 -20 -99 -113 -111 -39 -82 56 -20 70 -96 85 108 7 -38 92 60 -17 82 51 -26 -10 33 24 -53 87 27 -5 -48 -102 -121 30 -90 -27 -124 40 100 -121 -43 -110 -66 -71 -49 -21 -101 -84 95 104 22 -112 -83 46 -108 77 -1 -90 98 126 -53
2 97 -95 -40 92 -40 4 92 100 -103 90 31 -110 -30 -37 36 -33 115 85 -111 -51 102 -118 34 122 63 -78 -39 98 99 107 -67 -81 -123 16 41 -2 121 -77 66 48 -100 80 -36 102 114 -39 -64 104 51 113 0 -50 41 23 -6 2 107 84 -12 90 -31 50 -112
-90 -57 -43 66 44 36 -121 89 54 -45 78 -34 -121 21 107 -61 109 36 -79 26 117 -12 -12 79 -125 -16 25 66 -54 -16 -3 -121 -27 107 32 105 2 -92 -1 54 42 46 116 -128 -9 21 -103 75 -93 -42 -15 -7 97 96 87 17 -112 -64 9 -126 15 -93 47 -83
126 -88 107 87 109 124 76 -39 -25 117 82 6 63 68 102 -35 -80 -72 3 63 -8 32 -11 105 -36 87 106 -18 -7 -62 61 112 -122 -32 90 0 -73 -47 -49 112 -19 -111 -65 100 84 -30 48 110 -64 63 -86 108 -79 -73 45 62 71 81 -126 89 104 126 -43 -93
-53 -111 -1 33 3 -94 -25 -78 -40 92 -57 126 -61 -8 102 86 35 -27 -84 -111 -96 32 -117 -40 121 -68 -112 -62 -81 -98 124 -31 -86 -47 -31 -27 -121 -78 -73 -114 -110 69 18 -105 80 -2 -78 -59 -87 85 6 124 26 -25 73 4 -32 -83 125 -86 46 82 51 31
-68 39 -31 68 44 102 -109 -47 -48 -110 29 -123 -27 -35 68 37 -100 -113 17 83 5 -48 -118 6 -113 -35 107 -124 13 -103 95 -125 127 107 -57 83 -117 -106 36 22 64 1 92 -62 -37 -97 -7 57 -56 107 -21 64 -95 45 -20 -42 70 31 -125 64 -18 106 116 -116
8 118 -5 100 -23 23 6 54 46 98 -27 -39 -13 -96 60 -89 -125 66 1 -120 63 -94 72 75 -123 106 -60 -101 -93 99 -84 -24 -115 115 -62 73 29 -82 -12 74 10 86 -107 23 100 -117 70 -101 -85 -53 -39 -75 107 -21 102 -60 -28 -65 -74 69 107 86 79 53
68 15 -102 3 64 71 -125 -111 54 119 67 -67 -95 -32 -117 -118 -101 -6 -102 -20 88 -101 -111 -99 126 -75 61 24 37 -82 -76 -106 116 88 -121 -76 33 -14 0 56 53 26 105 75 125 -54 63 62 70 47 73 123 15 -62 -96 -54 -55 -95 -65 -110 108 54 -94 -115
-29 121 105 -33 82 -26 58 -108 -38 -53 -95 -43 72 -56 67 88 86 7 -13 2 14 -50 -21 -70 -104 44 19 -68 99 34 104 -51 -62 -76 -93 98 111 -118 -27 -64 -6 -22 -128 -79 -35 -113 115 122 -73 17 117 -40 39 -43 84 10 -79 -59 -15 31 52 124 -3 -19
-37 -20 -93 -124 80 98 -23 61 114 -124 -55 -98 103 -68 -92 34 -68 -97 -77 101 -103 41 75 -57 -62 74 40 102 -20 -54 63 -26 11 -53 -79 5 -13 90 28 -21 -13 100 -89 105 32 59 85 -60 37 104 99 94 -114 22 -118 40 74 -90 15 124 61 -29 58 49
125 110 66 -14 -28 -16 62 -123 122 21 -23 -72 18 92 -122 -75 94 -17 52 118 -66 83 -84 5 -62 -39 -42 24 -7 -12 -89 109 110 -92 44 -38 95 45 -89 112 -116 -34 66 -57 -51 -94 -99 14 -9 60 -122 98 46 30 116 -122 102 -103 105 21 -44 -34 107 24
-50 84 -100 -11 0 -27 77 24 -78 -96 -85 124 76 78 30 30 -77 -117 -126 -19 7 101 17 127 71 -33 104 -18 -107 -112 -75 97 39 -118 -110 15 -23 80 -37 67 -76 110 -65 71 -39 -34 26 -79 118 -16 119 122 -101 50 -87 -118 72 -128 73 -92 -44 114 53 -38
-122 72 -84 -36 -2 -14 -36 21 -97 5 88 75 93 56 -30 84 -123 -67 -110 -7 12 76 -14 126 72 120 -16 70 38 -34 -35 -75 -108 -15 26 95 -2 57 -61 -14 122 -25 -49 -48 86 -24 38 -46 -82 15 117 114 7 -88 -21 43 55 -99 -98 9 104 48 6 16
120 -113 -30 35 54 -72 -13 97 -32 -38 -20 66 74 -72 -90 117 -18 1 -117 107 -69 -44 78 40 -85 18 -40 3 59 -42 -26 8 55 -38 91 -3 48 48 20 22 -83 -40 -57 -103 103 81 -47 -33 99 123 78 -91 -40 67 -85 58 -121 107 -8 -102 -89 115 90 -113
62 -63 35 -5 19 -55 0 7 -89 81 49 -125 110 17 -18 -20 40 -103 79 -35 -13 -16 -15 11 -35 -56 79 -25 -48 -12 -4 32 67 -93 26 42 37 -4 89 125 117 -38 10 86 -105 -120 -26 61 -23 -82 34 -31 -118 2 26 38 -30 -36 103 110 127 -101 -106 -21
23 -107 -49 -106 -82 -66 -128 -52 -10 -94 12 -14 24 113 113 102 124 58 0 -79 -25 -50 -58 73 52 -12 -4 1 105 36 -127 -33 -26 -24 -20 44 10 111 -51 -81 -100 -127 116 -76 50 89 -97 -7 -97 -42 -51 -65 63 2 -50 -124 65 78 37 -108 -5 -126 -85 20
-57 39 -15 66 65 111 -60 92 -67 -101 60 -17 -1 -8 -98 92 -21 -2 -88 -89 -91 26 -94 -57 108 -100 6 -37 10 0 -32 125 44 34 -78 -91 94 -115 56 -6 -30 32 57 -4 90 113 -103 73 -84 -89 56 117 83 123 62 99 -101 -85 115 14 -68 -26 -36 91
-69 68 28 -53 87 -18 -39 125 -94 73 95 105 49 92 -57 70 -60 -80 42 -128 -104 117 126 -32 -1 109 -18 111 44 59 -25 31 -54 73 36 -12 -91 -36 37 -72 53 91 53 127 39 -24 86 21 28 -96 64 -78 109 -97 85 -82 71 69 116 -4 121 17 16 -17
84 -73 -108 123 -112 103 118 -87 -68 109 77 64 -57 -93 -80 126 -59 72 -62 -90 -92 95 -124 -61 -9 75 -19 124 -8 30 -96 -56 -30 -88 -8 -72 93 -115 -122 -114 104 -23 -78 -20 0 -33 44 -19 -82 -15 -66 47 -110 97 9 -2 -3 -121 -28 112 78 108 107 -29
-91 33 -59 -46 -120 -33 -27 -64 35 -120 74 59 -95 -56 54 -15 118 84 -96 -48 12 -30 -115 -110 52 47 -2 -98 17 104 -51 -88 79 21 -40 -84 -87 105 -60 87 87 99 42 -10 -123 -22 37 -99 -12 55 83 6 -95 -82 -68 39 67 -125 88 2 -31 84 -13 -11
55 46 91 123 -106 -47 34 38 -113 -5 -44 22 -15 -58 -70 86 67 -42 -78 125 59 -89 18 -113 7 0 -15 -15 -50 -53 -19 51 56 121 30 -46 -31 -80 101 21 -49 -55 -15 -47 -4 -22 -94 106 -18 -14 -60 -113 -67 -59 -54 97 118 -104 -28 67 -127 72 119 -67
70 55 113 125 122 66 91 19 -85 10 -20 -5 9 61 61 -61 -92 94 61 99 -63 84 60 18 96 85 26 32 97 71 -83 30 -23 -53 85 -36 -120 -110 -42 8 127 -30 23 21 12 -91 36 -12 65 47 78 79 -90 33 52 125 -56 -128 -44 -9 72 41 84 11
27 -114 116 -78 -82 105 -19 -70 14 -125 117 -77 -84 100 -73 -11 -45 3 -88 121 -21 59 -47 38 -9 -40 -86 74 -33 75 4 48 -52 105 13 -64 58 -2 45 -94 109 -19 60 -115 -57 -69 -83 16 78 -86 -35 -110 -93 -58 63 104 -115 -68 -47 79 -42 104 -99 -27
-75 97 -125 -82 58 18 -72 -38 -43 87 34 -93 -102 -118 68 -75 -125 112 58 -94 -9 -65 71 5 79 -72 -79 -18 -55 77 55 121 44 46 99 -32 -83 -128 -74 -105 39 34 -122 7 -61 4 18 77 89 7 -37 49 -32 -114 17 -104 -126 -40 -79 55 -93 -6 101 -74
29 -9 109 30 -73 5 6 35 -34 -15 84 80 108 78 42 -12 -6 97 -74 -10 -69 62 -89 -66 -105 99 -92 94 115 0 88 -103 119 -20 -78 65 48 -22 -52 -86 -95 62 -46 -75 127 4 56 33 -47 -96 -113 71 74 -97 -41 -66 4 52 -56 109 -26 -55 26 -27
99 14 35 -87 11 63 127 25 -114 41 32 30 37 27 -47 85 -110 90 104 -111 -1 39 -32 5 -102 -110 55 26 54 -58 -63 2 99 44 -81 65 -9 35 90 -81 -12 123 -35 -23 68 50 19 21 25 -107 25 -50 -79 63 -19 39 60 -38 -93 125 107 6 99 -124
-28 45 -6 19 70 88 -23 -3 84 70 -28 -123 -26 -124 104 41 -41 90 0 89 10 -104 -114 30 -118 86 22 -74 -39 -98 -11 -48 -38 -15 -125 -104 -116 -52 -96 -5 -99 -95 -33 -20 -113 -13 113 21 -73 18 74 -5 29 62 -90 32 15 15 109 112 -35 78 107 21
24 -120 -112 12 24 -102 105 -18 -56 -32 127 -89 -20 15 -40 4 8 98 44 75 -23 -118 -31 63 15 113 -62 73 0 29 -17 67 120 33 -56 -109 48 -46 -82 -49 -9 94 46 -91 40 111 108 119 109 -27 -97 -118 -58 -105 -61 -115 21 -126 60 -80 -25 -31 31 77
13 -53 87 115 79 -76 -37 -38 5 48 -68 -57 96 68 96 98 -52 -126 11 -86 -6 6 68 -10 -59 85 100 29 10 74 77 113 56 -26 -125 79 23 42 -55 58 -38 -66 55 70 51 -82 81 24 -62 -66 -36 118 -67 -39 -82 -50 -104 48 73 -35 -7 16 114 -48
-46 -51 19 -45 -123 -99 -111 -87 96 -70 60 10 13 -22 127 117 116 25 -41 -49 -22 -114 115 -49 73 80 45 -11 -3 -58 119 76 74 -37 -33 -111 16 107 -126 -94 -100 17 -19 55 -86 103 108 -102 26 48 73 34 58 79 -95 100 -108 -86 77 -116 1 4 -119 -115
-27 33 -18 36 -57 16 78 -108 -58 -47 112 26 -80 -128 -27 -55 63 0 -122 90 -74 78 87 -67 -89 -68 -81 43 -94 8 59 64 51 -72 -76 26 16 -82 -19 -111 5 -71 -2 107 -106 40 -105 -31 -24 -36 87 -68 51 -39 75 85 104 67 -47 62 -74 -104 30 10
11 77 5 72 54 4 114 1 -15 -109 -12 36 -88 69 -105 -80 -93 120 -91 -10 -18 102 -121 112 -123 101 -35 -106 124 9 89 -30 -14 107 98 -30 80 126 -96 31 -31 -76 -41 81 -106 57 14 109 65 87 -46 119 -23 119 91 30 14 67 -119 -119 21 -24 0 112
-64 -76 41 -35 88 -20 -49 48 -33 -15 -69 -75 2 88 62 122 96 52 -42 98 84 95 7 -37 123 115 -10 21 -91 -5 -125 -104 -60 50 -59 -4 -48 -81 40 -55 18 112 -32 -93 -78 36 -25 -128 -42 -34 83 -93 1 101 6 40 55 -25 -98 -42 107 99 37 -78
-27 41 -105 -59 -19 -30 96 24 15 -99 -22 -41 -107 24 50 -118 123 96 13 34 76 -46 -51 74 83 66 -39 48 50 -23 -27 95 -18 -122 -95 6 61 -103 23 86 -12 -5 109 -127 -93 -101 80 -128 80 -85 -19 -102 -69 51 10 -58 94 8 17 24 83 -79 107 -41
62 -63 -128 112 -15 -88 -10 4 99 -28 104 -58 -22 -33 -59 99 72 -104 21 -102 -109 103 -97 55 30 44 -30 93 -7 109 -50 -109 -89 12 20 14 -83 -125 11 120 -42 53 -121 69 79 77 -1 -59 -71 26 -51 -117 -23 53 70 92 34 -90 -1 9 -122 -9 48 -84
35 97 -33 -107 -51 48 -112 -24 -31 110 -45 -92 19 111 -125 25 -19 104 -25 -88 -115 -72 -88 111 -69 -4 -33 -40 -77 -53 -27 97 28 2 105 -17 -58 22 86 69 -127 -62 25 -114 97 96 82 -22 23 -67 126 -22 -30 -40 -65 -8 46 -99 -56 83 70 -68 92 40
-8 98 -19 -22 -90 -81 76 -99 -41 -90 12 2 35 -120 52 -96 85 -50 103 113 -97 95 -46 -36 -2 25 -113 91 27 -57 -115 -86 -47 23 116 -101 115 10 27 -118 -86 -122 30 -74 115 -16 -127 82 -102 -28 -59 -71 -10 -20 -41 41 64 -2 115 9 113 -5 -8 -25
80 -39 -100 -43 24 125 -1 46 82 -67 -46 -118 125 -80 79 -19 -104 -14 -77 98 4 113 -57 46 -70 37 -36 -51 88 -127 77 126 -103 -92 -21 -95 72 49 91 -69 127 -42 112 -88 -62 55 72 -64 -2 98 34 30 9 4 -63 -53 -63 -48 81 -94 120 -102 -118 116
-51 53 115 90 34 5 103 -42 29 -25 -1 -77 43 -44 -11 -33 112 -87 68 -125 -126 -12 -6 7 -46 120 -88 -21 -43 68 50 38 101 -103 -88 -58 -39 127 42 127 -41 83 -56 -123 -48 -31 6 86 21 -61 29 -19 6 115 -33 29 -88 -116 42 -44 -99 -39 25 8
114 16 -83 -96 -44 -105 -12 42 84 -115 -49 -85 9 0 28 -80 44 -110 65 -90 -25 -27 48 -56 -58 35 -11 -103 -107 -1 -56 -65 -87 118 73 42 43 -109 -100 51 104 48 81 -25 -87 -89 -117 -69 86 -127 44 21 8 58 27 18 -114 -9 -48 -15 -107 73 79 -57
36 -99 33 68 34 -124 42 -74 6 -51 -67 -29 83 -114 88 60 -110 -91 -73 -12 125 99 -96 -90 109 92 -82 126 -70 12 -3 -81 2 78 -96 62 -108 64 -32 -79 96 22 123 -30 -75 17 -120 -118 69 32 122 91 2 10 -72 78 -6 2 -128 26 49 -57 -37 87
-105 28 109 117 31 -3 -69 -115 12 127 -7 -83 78 58 39 -99 -128 64 69 22 77 -126 29 -105 -103 -35 -102 111 -76 115 -28 58 120 40 -55 -48 -119 38 94 88 121 -3 0 -105 66 95 -23 106 -12 -4 -91 -119 83 -78 118 -107 23 46 40 -16 -57 89 118 -12
-76 -71 65 57 -27 -50 -1 11 -127 61 -86 -21 93 89 -124 -60 3 -1 -18 -61 75 73 -64 94 -15 -81 -108 -19 -30 -38 -33 -57 -83 1 112 36 -75 -2 13 -45 8 -114 -54 23 -83 88 8 -99 -31 -41 -67 -78 87 -50 -25 27 70 -113 -78 112 120 -122 -98 118
-98 -3 -46 -46 102 -4 -16 97 80 -51 34 -95 58 -8 18 -24 -77 -125 -60 -19 91 50 82 80 -90 24 32 -46 -47 11 9 -33 118 91 17 113 -4 -34 -51 7 60 104 -96 82 -4 -44 30 -46 -65 108 -4 88 -79 -20 -52 62 82 21 -94 93 77 4 -75 24
37 14 -115 -48 73 43 -111 -52 -80 31 -6 15 11 77 115 -47 101 -76 52 60 -34 120 97 121 -10 -122 74 -114 -54 -43 -49 48 -99 55 -13 82 -109 -89 67 -128 -32 69 89 16 106 -17 79 -84 -37 -86 71 -29 35 36 12 -36 -2 34 45 -39 -28 22 4 62
39 -62 -82 16 -77 -11 -83 -11 26 25 -91 -66 78 -40 79 -11 -63 23 -117 21 42 -36 -53 -71 22 48 -91 -23 -52 -91 17 91 -43 14 99 19 65 -61 92 -11 72 -68 -66 73 47 126 58 0 -53 -10 -38 99 -94 -5 89 97 -108 15 97 3 65 116 -110 79
-56 17 -113 -64 78 -74 60 -64 -113 126 -63 79 12 109 126 108 38 87 89 110 68 -7 34 66 -25 -99 -59 -44 42 34 -106 -67 -49 83 -50 24 -56 -101 -125 70 120 8 11 -125 -33 -45 15 -100 -92 -12 -17 -40 -86 -57 -81 -12 -68 1 -45 84 -70 93 41 64
-40 23 -115 48 -51 -115 -100 -29 -97 123 -32 -56 12 41 41 118 -78 -42 106 -42 30 -16 -107 0 -71 -92 116 19 93 55 59 -69 29 -7 -19 13 -2 -94 -60 -14 -55 -126 -108 -120 -123 63 -9 -112 18 111 4 126 -94 -57 107 -39 122 111 -7 111 54 -35 13 48
107 18 -9 69 -96 35 75 -59 18 -90 4 -51 -25 -64 -72 70 -35 121 100 -117 1 -40 -23 -92 -107 98 -8 94 52 -101 116 -114 10 -37 -49 -93 112 9 -91 119 -16 -5 48 19 -64 -19 -104 -2 -60 66 64 -46 -103 -40 114 105 -19 72 -110 34 124 5 59 92
-81 -26 84 -28 40 121 10 27 30 -48 47 -47 87 116 19 -61 -89 -98 79 -124 -85 38 22 -8 -54 -86 -72 17 -74 112 -23 -18 -94 -89 -98 -41 -50 -73 93 110 -45 59 78 71 40 87 61 46 3 16 -27 -121 -71 62 85 100 -113 -86 93 40 80 -14 37 125
-83 -120 -104 -52 -105 -82 104 46 -124 -96 41 86 34 -97 37 37 -8 52 24 125 116 29 -40 -110 1 87 -22 -26 -60 39 56 18 40 -2 -76 94 -122 127 -33 58 23 -56 105 43 -103 19 49 119 -21 71 97 -81 4 53 -24 46 0 70 74 86 92 -27 75 -71
-95 -51 62 24 58 -54 -54 76 95 -111 -28 81 -3 -108 -72 107 29 -18 107 -62 -107 102 13 10 -78 -9 -87 -67 -27 -114 124 -85 -80 101 -44 48 41 117 -22 -49 -16 5 -56 -56 -73 77 -119 113 125 61 -38 38 21 67 84 -64 91 -104 -54 24 -4 -56 -92 0
-110 -126 -101 -64 -40 10 -81 45 20 24 -102 -127 19 -31 -47 81 126 91 109 -90 55 27 -121 -119 92 40 -76 -76 77 24 -95 -86 3 50 -117 -56 -45 117 118 97 121 -98 -45 66 119 47 109 40 -18 -106 -5 31 30 -79 -63 83 76 -1 -124 -46 -103 -69 70 4
-104 -98 -85 31 1 43 1 -98 -8 18 110 70 -127 -97 9 13 -32 56 94 -99 14 -121 -61 122 -40 -119 -32 36 45 24 77 -76 -34 29 -113 -74 -62 -69 -2 18 -28 119 -83 -72 -107 32 120 -93 -98 12 -111 -98 -100 -18 76 -93 -97 20 41 95 -64 -126 -102 -117
-1 31 -51 31 -106 -69 26 115 -91 55 -72 41 94 -123 111 111 -36 -107 81 2 -105 -90 39 74 20 41 -117 48 100 -118 14 20 -17 83 -88 14 -95 -42 -28 -58 95 56 -122 7 -7 54 -51 7 -118 63 -27 127 5 -57 -83 95 -115 -22 116 -52 96 -96 80 -29
-113 -63 101 118 124 41 -20 -37 97 -81 -64 -65 -128 90 -98 5 30 -71 -40 11 105 -19 13 -35 -15 -72 -122 -58 -79 122 61 -32 -108 93 114 -93 -122 125 -117 -78 120 6 97 -105 22 120 -20 79 -100 6 -127 97 65 -109 -101 -11 -67 -87 56 85 38 -124 -109 30
60 -19 -34 -63 -102 -99 -6 70 -64 -88 -33 -78 29 103 69 -92 -57 113 -98 -29 -63 17 91 32 -11 112 -81 116 -121 61 -89 9 26 123 76 125 85 125 43 18 107 61 -116 49 -113 -64 39 97 107 74 -101 -106 71 36 36 -71 -128 -53 -39 57 39 -16 -39 65
95 62 -57 123 14 -80 -100 -83 1 -63 109 22 -49 95 80 -104 -113 94 48 -98 -35 -101 -122 3 -76 -24 75 1 104 3 116 60 -91 -85 -44 -126 -45 69 22 -83 11 79 -17 -119 -23 84 51 -13 -38 -70 6 13 -44 -107 37 122 107 -41 -119 68 42 113 65 18
82 13 -7 25 56 -95 -75 -19 17 -109 116 98 86 115 -52 94 -98 26 -22 -29 -46 -53 -24 -11 -79 44 103 29 75 19 -90 13 -127 -125 46 58 -126 -62 -13 121 -110 -116 76 -8 25 -2 -63 -20 -88 -17 112 40 89 -83 61 121 -113 100 44 -27 36 79 114 35
6 -21 61 -90 55 126 87 81 77 29 56 85 -22 125 -78 -101 24 63 -97 -46 -71 109 -47 -55 -24 109 13 10 -52 -50 -127 68 127 52 114 127 22 -27 87 -110 63 1 -28 -121 111 107 41 -62 -73 8 106 98 -7 9 107 -7 -30 -40 62 103 -26 -21 -109 -105
-69 108 -36 -56 -17 -51 103 57 71 -43 -9 123 -16 85 112 14 81 -107 -82 103 21 -55 -16 -43 -97 -56 -108 -26 51 98 -85 53 104 -75 28 29 -126 -121 -64 112 12 -73 -120 -22 105 79 76 22 -85 -43 45 -3 -76 -32 73 26 24 -96 -113 -37 -6 -50 68 -24
-15 -87 8 9 -100 53 35 -79 -40 36 -78 -86 -24 -100 114 -24 -62 41 97 7 94 -54 72 3 83 -117 -68 22 -43 -79 54 -84 -90 -20 80 -116 27 77 56 103 96 15 49 -50 -108 -120 80 -84 -124 25 -16 -43 -23 -17 -96 -70 52 64 -123 126 -4 9 -49 65
-18 -93 92 -39 -20 120 125 -3 -41 0 -7 24 13 -125 119 92 54 19 73 23 -81 90 24 -6 118 -56 -125 -90 8 -35 -4 -42 -2 -10 114 -75 -93 -119 -108 16 108 -74 -79 -46 -127 -97 -2 19 119 94 -89 -127 -30 17 -71 -36 -125 62 39 84 -49 25 8 3
74 -70 -84 125 -43 98 -80 -16 90 107 28 -46 41 -2 30 54 -5 -101 102 31 -112 31 -18 -89 -120 -104 -103 -64 10 119 117 -19 55 -114 -66 -21 -32 38 117 103 61 -49 42 48 102 68 -72 -101 78 -49 5 -109 28 34 -93 -116 -54 -32 68 -84 -121 29 -104 117
-62 114 106 65 -77 -85 -98 116 121 105 -43 -16 109 -29 96 8 45 23 -82 11 -60 -62 -72 -92 -42 51 -38 76 -63 53 -98 -35 -43 3 105 98 46 92 5 -65 -117 30 -106 -73 -14 119 69 -68 22 74 -13 122 1 25 1 -68 69 52 39 125 65 36 -49 -22
-23 28 88 96 106 -71 76 -123 -68 -114 -29 117 -118 -3 100 116 -126 -93 37 -117 -13 -111 25 -125 49 40 -89 58 -104 -5 98 97 -6 -87 36 -55 42 98 -113 -37 -122 89 103 81 -74 47 -70 -38 38 -19 -116 -45 -82 -31 -47 -83 -11 22 -22 19 -81 32 70 56
59 125 -68 95 -53 -29 -79 -98 -56 -15 -62 -54 120 -93 64 -65 44 -65 -10 122 33 -87 -14 1 -84 116 65 10 -101 -125 -98 -4 3 -25 21 7 66 96 111 -55 30 92 -84 104 -13 -116 83 2 94 -82 -58 47 27 95 116 39 -7 -108 -103 -11 9 121 -119 -47
113 -79 122 -60 -128 81 -27 -1 -14 -97 87 82 115 -38 51 37 30 -46 -37 -53 44 26 91 39 -117 -14 74 43 -66 -108 -39 -116 -124 -108 -17 -73 -42 -22 -2 37 58 -80 73 103 110 22 117 110 4 -35 -13 121 -74 50 -59 -120 -8 64 6 -4 8 -4 -101 111
115 -38 73 12 -13 -1 -70 122 -92 -60 -3 67 -89 -93 -46 -55 -45 42 -24 -63 59 -107 -24 110 5 -66 -124 80 3 25 35 -67 99 93 -21 -39 37 27 -11 114 40 103 3 107 102 -32 43 -84 71 73 -50 -49 -46 -67 116 80 -47 -61 45 1 56 -24 108 114
-16 -44 100 -32 42 87 -86 2 -65 -29 40 -6 -110 -84 111 -125 -72 -34 17 -20 16 -109 98 86 -115 114 -80 52 -61 -4 43 74 -6 -70 63 -35 95 70 -110 -89 84 -84 -74 -32 76 24 15 -120 -99 -29 4 -84 124 7 -32 -78 -44 90 10 -82 -9 -127 -26 -116
18 -91 95 -14 -39 -16 46 18 110 -76 63 -80 113 106 -2 36 98 -46 -117 58 -73 -50 54 37 109 12 -26 37 10 52 13 78 -3 -59 115 38 48 -29 -11 -112 63 97 99 68 -9 19 -87 99 71 88 -54 -102 -80 -19 105 20 -46 -127 -109 -38 83 -97 -9 -76
71 -67 38 -50 66 87 -35 -101 114 19 -102 -16 -46 66 29 -89 95 11 -6 7 -51 -34 45 -69 69 33 -39 25 55 52 -85 -106 2 13 -51 -27 -55 -48 62 82 -59 83 73 -6 96 -101 -60 -20 109 -24 101 -79 -48 85 -127 -14 126 44 -88 -4 -28 4 10 28
-108 77 62 25 -116 85 104 24 -58 -102 -69 69 73 -76 -32 -54 -71 102 0 -67 61 -39 54 12 72 -124 50 -68 21 -29 18 -87 -121 -4 -110 -86 -7 82 73 -34 -79 -119 -53 -52 -47 59 66 109 -37 23 16 96 -70 -92 -12 7 126 -82 60 -120 37 14 -9 -109
-118 -124 119 75 86 -121 36 -25 103 121 97 83 -77 73 -52 -18 108 17 -17 -127 43 0 21 34 4 -120 37 -78 66 64 84 -123 -37 49 4 -76 -47 48 -4 -69 -35 -119 50 13 73 -2 60 -39 -42 116 114 -52 35 64 52 69 122 -14 89 99 33 19 -92 56
102 -7 103 85 10 -24 56 -107 -32 -67 35 -66 100 32 -94 -12 39 -46 120 -72 -18 -57 -118 18 -107 -99 110 -114 -123 -60 93 -8 -117 -93 16 105 -93 22 -26 121 -44 75 38 118 16 101 -44 56 103 -94 -70 34 -112 -35 104 0 3 -124 -17 126 57 106 3 42
-52 60 -25 8 115 108 94 55 -115 -55 -38 64 -1 84 -29 -117 -104 -26 98 123 -30 -1 72 44 -82 -51 -41 -56 109 -85 -15 20 48 103 -65 21 -41 6 60 -19 -111 -119 -53 -97 -34 -45 -92 -69 -112 -66 33 60 2 16 9 -110 4 -18 -10 100 95 -102 94 -30
127 5 120 -63 90 83 119 -122 64 -26 98 95 -88 16 35 40 27 29 58 50 -99 -18 -2 -43 -90 12 10 73 -44 127 -120 88 65 -104 -100 97 -21 -126 -45 -128 61 -101 0 -93 -58 -34 21 11 121 -103 62 -37 118 96 -48 -124 -28 -92 -21 80 -104 14 53 107
16 -120 -111 -69 60 -76 -36 11 104 69 14 -61 -99 -59 69 56 -56 81 -13 62 -56 -83 -124 72 -59 -122 118 76 23 1 -75 33 97 -127 -101 -66 -52 126 63 -12 -122 46 -22 81 -78 6 -89 117 1 -55 -37 24 96 3 -70 -30 -92 -92 -83 -69 93 36 38 -52
106 -31 -98 25 -98 -37 124 -3 -8 -85 -23 104 -22 -125 -32 68 126 -24 92 -81 11 46 -70 -84 22 -118 -29 -18 96 125 44 56 -101 -121 85 -74 87 96 20 -111 -25 3 -97 -52 -55 52 -128 -109 69 -92 -97 -87 -17 31 95 -42 35 68 -94 6 39 29 52 -81
-36 -70 60 23 54 18 120 54 -51 -116 125 96 -29 -119 -103 -89 122 28 -10 71 -19 108 -74 105 126 -84 119 76 31 10 55 -112 103 -84 119 -117 -15 63 37 97 -124 -109 25 6 -22 -114 -109 7 -128 -71 -74 -107 109 -79 -53 15 50 -125 -125 103 104 119 -36 -55
14 122 -125 112 112 -92 -21 29 95 48 102 35 11 62 -94 50 78 -119 8 -127 103 97 101 88 -118 -72 -13 -113 52 -123 101 5 75 71 48 -62 -57 -51 104 -18 -80 -27 48 -126 -93 12 120 91 116 -51 -47 77 -127 -47 57 -2 16 -115 -112 88 125 -44 65 -23
-1 -107 -53 32 84 -125 -81 -29 -49 -127 32 -123 76 25 -50 78 19 -38 -57 -75 -15 21 57 -65 -115 118 17 -106 -29 -26 -82 16 61 40 70 35 109 -9 -73 7 -104 -38 -2 125 -91 -52 111 104 -31 118 4 -95 103 -69 -53 122 -124 109 -51 71 117 55 27 29
-86 97 -77 83 -10 -10 22 72 -61 70 127 -50 -37 124 -118 108 -110 42 -91 -111 -108 67 113 -87 59 -80 84 -46 21 -123 -82 75 -33 -40 -111 35 -55 -36 45 -108 123 -24 -109 41 -11 35 -1 126 -101 -123 -45 -45 110 -77 94 59 -115 98 3 -76 19 -40 -115 -95
8 -20 -100 14 81 97 -3 7 106 -100 -72 -61 78 -36 -7 -34 64 94 -126 55 79 -127 -80 -17 69 17 -22 56 87 62 63 14 -53 18 -23 -14 93 -51 -114 -30 -58 2 -119 -106 -96 -118 85 100 34 8 58 20 -77 58 121 60 90 -48 48 70 -110 23 19 -39
-65 123 118 74 -46 123 118 -68 21 110 -63 127 -27 13 -33 -112 -58 -6 48 118 -80 39 110 76 -51 70 11 111 -101 -89 44 6 112 108 123 -123 -49 -94 -23 0 -126 126 -38 1 25 -39 -21 -66 -30 96 85 30 100 80 -37 124 -50 -35 -74 -6 -78 -63 -105 -76
29 89 93 -56 -98 -99 110 -110 119 116 -125 -127 0 35 -48 -105 5 31 -28 79 36 -115 -94 100 97 -100 -80 -123 77 -99 120 -11 112 90 48 -42 -43 -71 27 -59 13 -122 80 -78 -89 109 -120 -14 91 50 -57 34 -82 -28 -101 -128 -98 -88 -29 -57 -52 38 85 -45
-77 -20 -58 50 -120 -39 -97 -29 37 -64 29 121 -55 74 -15 -63 -68 -47 21 76 -123 83 118 1 -94 -24 37 121 89 -77 -26 -70 -60 -116 109 68 -126 -49 -110 11 -45 -23 116 -77 124 22 -111 44 -51 -45 88 -56 63 -30 -113 86 107 -75 91 105 9 -15 67 -29
53 -110 -126 -76 87 75 -92 -46 -48 26 29 69 -76 -20 81 -24 -93 -118 -110 -92 -104 103 6 27 -74 62 -27 -73 -66 -54 29 120 -112 24 48 41 102 -124 67 97 -28 -3 111 -89 -45 90 114 27 45 60 69 -44 -34 -108 -41 87 20 -71 30 -48 -64 54 97 22
101 117 101 84 -89 125 -13 -122 -90 6 72 -95 -95 79 116 -35 -30 77 103 -100 47 -73 -61 108 106 23 16 119 -10 10 -48 -104 4 37 60 31 107 118 -13 65 23 103 -122 -82 -78 117 -28 -50 -51 70 -85 -7 89 53 -25 -85 74 47 -100 -100 4 29 -26 -74
17 -127 -71 -97 27 47 107 19 55 -102 -14 -120 84 -10 -55 93 9 123 6 90 95 76 55 65 72 47 -51 -68 97 78 100 -125 -112 98 -35 46 99 -64 55 14 126 -46 118 106 13 11 85 -97 -23 -16 56 -99 -21 103 -56 -54 48 -88 -43 -48 -37 -38 -48 -25
36 19 79 -6 -12 -67 -42 -6 13 99 -11 -28 60 -72 -119 106 65 -62 -103 -60 -6 -114 118 43 -25 -90 14 -13 97 14 2 68 75 -106 -122 -90 -118 18 101 -5 -71 -108 -91 -114 98 -67 -17 -79 -93 70 -1 92 -37 46 -7 104 -125 -119 48 29 -108 11 -124 98
-66 120 -16 106 62 -51 -87 90 -37 -25 10 100 36 47 -103 -73 -78 -7 100 -14 -73 -44 16 38 -52 -47 85 -71 110 -107 -40 107 -53 43 100 -17 97 59 96 5 0 -46 -72 -2 58 -1 80 74 31 -84 71 107 47 -57 -90 -29 74 -63 -5 16 -81 -34 -47 5
-12 16 62 113 -52 69 89 127 -33 19 78 91 88 58 13 65 -119 119 -88 103 -128 42 -30 -68 -21 16 59 101 -33 -37 106 -94 14 -12 -20 30 63 51 13 79 83 37 86 45 99 -113 -30 13 15 81 97 101 21 37 47 96 -110 -57 106 -70 93 -81 -113 -121
-32 46 76 -79 -111 96 21 77 93 -8 83 -51 127 81 4 -71 -29 114 105 -17 -123 28 -101 27 78 -22 100 -16 51 -13 57 -84 114 -103 -75 81 67 67 62 -10 -12 84 90 -45 -82 53 107 106 122 108 32 -38 -26 -57 34 42 26 -110 45 64 20 -7 94 -80
45 -45 35 -62 -102 -37 -69 -106 -31 26 78 -9 47 28 -100 -3 112 54 -30 44 53 -61 28 52 28 -124 67 -101 15 15 6 -71 -64 68 -99 -122 59 115 -14 1 -61 -54 77 91 -13 -105 99 -100 81 0 -63 -86 -117 117 109 -83 44 -12 106 35 -45 -29 -111 -100
93 77 -62 -40 -6 4 -52 28 44 14 33 36 -25 -110 57 56 95 13 -7 79 24 -63 -74 -98 -100 96 -112 51 -100 76 71 116 80 -40 -84 61 87 2 -116 11 8 87 17 88 -60 66 -4 -30 115 -67 10 -126 -47 35 -31 -40 -59 -90 65 48 107 -118 -96 63
78 87 -123 51 72 -73 -94 -31 9 64 -27 -91 -82 94 55 -81 79 -16 122 14 51 119 19 -117 120 -29 -122 77 -100 -112 120 56 -93 122 25 45 113 68 24 121 -75 -40 77 15 -121 63 -7 -71 124 37 -46 -19 -40 -54 -30 83 -112 45 51 -63 118 -54 51 71
-29 97 -99 80 -42 -2 100 -54 74 114 89 -68 57 36 109 109 60 65 28 113 -117 -35 -125 -86 53 85 106 -44 -31 -114 87 62 92 -37 91 -41 114 -4 -78 -116 126 104 63 -38 25 78 -60 -103 20 19 6 88 -55 -58 53 -79 -47 67 80 -47 57 15 -54 53
-32 -37 -104 -92 -112 0 101 62 -52 -46 -83 -90 -10 124 -59 -75 102 105 105 20 43 16 -115 7 -84 73 -18 -5 -99 -53 100 21 -125 95 -68 107 107 112 96 101 109 -56 91 41 117 -85 -74 -39 -69 32 49 11 27 -113 -99 -69 -122 -71 41 110 61 48 110 61
-11 -53 -92 17 12 -126 -40 65 107 -114 -20 -66 77 -82 -14 72 -2 -2 116 -34 48 77 63 -76 91 34 -10 -58 -100 -21 4 -30 91 39 -75 -93 -126 52 78 22 45 -80 -14 -73 -48 52 27 40 8 -7 34 -46 -33 -10 -64 -90 -63 -95 41 53 72 -26 -99 -32
-48 22 97 60 112 42 -43 52 -15 61 -59 -2 -58 35 82 100 -30 11 -32 38 -38 54 81 42 -22 124 -65 -101 37 119 -39 53 22 37 -90 17 126 65 -32 58 -64 -112 83 75 0 4 -123 107 73 -107 107 -109 72 46 35 52 -24 1 52 -2 123 82 -41 -8
70 26 -39 87 17 -81 -64 115 -29 85 -38 41 -29 111 109 42 -10 -85 65 -61 107 5 -21 28 78 112 52 -122 -17 112 119 28 -119 65 22 -72 -29 100 112 7 -49 -9 -7 -42 7 126 -30 -28 -120 -25 75 -105 -117 121 -40 108 81 -11 -4 -85 -109 -79 -83 112
119 121 82 95 -100 32 -46 -115 -104 97 -5 -94 -72 -21 -48 55 -87 27 20 -128 120 -10 -16 100 -28 -76 25 2 -107 50 97 64 108 85 96 -21 49 89 11 53 -5 115 34 -28 92 21 -50 -63 -5 23 -96 -79 -41 5 124 93 67 -51 39 -14 21 25 57 -117
-46 7 -25 117 8 6 -112 -76 44 62 22 59 -7 76 40 109 -124 -49 67 -2 51 -70 125 -19 113 0 -124 60 60 -32 92 16 5 115 -108 -84 -49 -128 -38 33 24 106 45 -46 -77 80 -123 116 69 -62 67 51 32 -10 -90 81 53 67 99 -13 85 -120 -54 -12
-59 115 -102 118 72 45 12 -37 -116 -37 -116 -90 35 -83 115 -64 79 32 123 19 102 -25 35 -79 -26 -47 11 -40 73 -61 93 -99 -11 11 65 -115 102 -46 -2 122 -116 52 -101 67 -61 35 -90 24 97 -32 64 76 20 56 -122 -111 -100 106 125 -5 48 -51 -87 90
94 65 29 81 -2 -99 -59 -54 -102 -32 89 -16 84 6 46 -27 -85 51 -43 121 -62 58 -101 15 105 -92 79 5 -28 71 -103 86 39 -29 -33 -80 81 -8 -22 76 8 -82 3 -72 -30 52 -44 -38 -43 -82 -20 61 -113 -72 -54 -42 108 79 2 -120 -113 -51 64 88
-24 71 -106 42 -76 3 -83 120 -102 -113 5 -19 -95 55 -111 28 35 -97 21 101 19 95 71 87 116 -81 16 47 71 84 -95 -24 -97 -28 -108 124 -123 -85 91 -74 -41 7 80 -104 30 -101 2 86 -70 -81 -15 14 -20 45 -120 -5 -58 78 90 -59 -41 92 52 85
-44 -92 -95 43 79 -30 -5 22 84 -63 39 58 -95 -2 44 29 120 6 100 63 -85 -77 108 -73 33 -97 -21 108 106 95 5 -23 13 120 -2 101 66 -35 -80 -57 56 -25 118 124 55 63 99 -79 56 -58 38 25 -113 71 119 -47 16 98 -31 -24 -61 98 90 -78
-62 81 36 -23 0 61 93 81 118 -14 85 -54 -112 -14 -80 125 59 -99 -115 14 53 112 -15 54 30 98 121 -19 9 99 -7 63 83 85 72 40 6 22 73 92 98 -110 105 -32 -111 -68 19 -5 -71 83 101 -66 -54 0 12 31 75 -28 -91 -23 65 -102 -11 -111
-30 -39 40 -44 -70 -109 111 9 -81 -57 -89 95 71 30 22 7 -16 -72 52 33 -14 39 -106 -118 -19 -108 93 -34 -39 10 -59 22 -114 79 -32 -64 95 -24 79 -32 114 78 -117 -107 -93 39 57 -74 66 126 26 -86 -9 -3 -80 -47 -35 -99 -4 -44 84 28 64 9
98 -87 1 18 -101 92 59 -26 81 -101 99 98 -24 -7 91 -109 -34 84 -89 -91 -57 5 78 72 54 -103 118 76 86 -2 37 -117 -33 106 16 127 18 92 -76 77 96 -46 112 -78 78 70 10 65 108 75 -75 -16 115 -12 -82 -110 -37 -66 85 -107 -115 108 126 -100
-74 -90 113 5 -26 -35 50 -7 -91 -56 -112 90 121 38 -82 85 85 26 -54 36 -113 -58 125 36 79 70 -42 -122 -3 -70 -127 39 -66 -40 -70 -101 13 19 -52 77 75 47 -81 127 122 56 104 -1 108 70 -36 -15 8 52 -66 31 -35 28 95 12 -44 -70 97 47
101 61 47 75 4 52 106 6 48 40 -120 -17 -62 3 -102 22 127 -19 -90 45 -4 -45 39 71 10 -7 75 45 -53 -9 28 -110 -29 50 123 -73 104 -126 23 112 -35 88 -78 -114 -36 -10 -115 -90 -88 -28 -108 -90 -81 89 76 -87 103 109 53 37 -28 -97 117 65
-86 -46 15 38 -72 -48 -67 -69 108 -10 33 55 123 49 107 -128 -111 4 8 -123 -112 72 -34 -101 51 9 -102 109 -105 -16 -78 -103 99 66 91 126 -53 -50 10 57 11 -103 0 -29 5 52 26 61 120 -15 -98 -31 66 23 -21 -23 25 119 -118 -58 78 12 127 13
-62 109 -126 -36 -42 55 -2 0 50 48 67 19 -11 63 117 -60 18 80 -17 72 61 -124 -50 97 -119 -12 11 125 111 123 -108 -98 -66 5 -103 52 100 -40 -36 70 60 -47 18 -83 -84 34 -107 64 -22 -117 19 50 -93 76 -80 29 89 -9 -105 13 77 122 -18 23
106 -49 -104 88 43 117 20 111 -111 -16 -117 -64 -43 109 1 -122 121 103 84 78 6 -35 67 -99 -8 110 -17 -27 115 -16 24 92 -107 -26 -39 -103 76 -65 -75 99 -125 34 -40 -54 -95 -32 71 -27 -99 -16 56 111 -93 60 74 15 27 -109 -71 -96 36 -43 -92 77
77 -121 52 62 -19 74 113 -67 117 76 52 -106 102 54 73 86 12 92 -6 -21 -106 -83 -7 112 -1 47 -22 -73 -82 -11 -84 -15 111 -28 126 89 -69 20 -42 -3 36 39 -40 93 98 -115 34 42 -114 127 75 86 43 66 -29 -92 37 -63 25 82 -67 -114 -51 -24
-106 79 72 -51 39 -113 18 89 -94 71 126 -119 -12 -47 116 12 30 87 -87 -102 67 126 -18 31 48 3 13 41 -111 -125 -29 126 -12 11 28 92 -100 56 63 117 -106 -9 -18 -89 -7 -42 17 -96 26 -81 110 90 -61 92 95 -114 85 119 86 23 -34 -27 120 -77
-55 113 22 -88 49 54 -26 -57 115 -82 -67 -31 -21 -64 65 -77 -20 -46 -40 -51 8 60 16 22 7 125 -88 -107 59 -114 85 126 -72 32 -120 -78 -62 -113 -125 28 33 62 27 -98 -37 -104 95 41 55 -9 -21 0 -53 -53 -100 -94 -25 -35 -38 10 -105 -47 -73 83
119 -59 66 22 -14 -21 -47 -6 89 -109 -11 -107 113 40 -15 -50 21 31 -1 -16 85 -33 -95 -127 -66 -45 68 -82 -23 -43 -89 -29 -57 55 -99 -67 78 -28 -115 122 122 92 -113 27 -90 -49 92 98 -123 -2 -118 99 107 -96 57 -11 -44 -99 36 -4 -44 -38 4 -5
-57 80 87 -5 72 107 99 -54 118 -1 18 -26 127 -61 89 6 66 -38 28 -52 -78 88 -23 68 29 -12 -116 84 78 -32 -70 109 -52 -45 15 -9 -88 52 71 -121 121 127 42 86 -120 -117 -87 -92 120 -2 -79 -17 -11 17 -99 123 -103 25 -128 27 -37 -40 28 -116
-9 -107 97 43 97 78 56 -89 32 -21 18 19 -2 -115 -4 -74 74 -81 -80 -116 58 96 77 -33 17 93 114 106 -119 4 109 76 -10 -45 61 -123 45 124 27 4 -36 -43 28 -25 -86 107 -56 12 83 98 56 -75 -81 119 -16 -43 -126 49 -104 -110 39 50 -12 -113
20 -55 125 -67 39 -47 -19 38 -3 -21 84 -81 -30 89 3 -42 -125 -101 30 -108 83 -75 87 44 -87 41 73 -57 112 72 -64 7 -52 -37 64 47 -74 37 35 -37 -105 111 28 -32 -62 28 -14 25 -60 77 -53 -1 -73 -66 -50 -114 -55 -50 -99 -10 119 -23 -42 89
106 121 73 -66 111 80 90 -69 -72 65 -82 78 -107 59 -70 -45 17 -55 111 -119 16 95 101 109 66 31 120 -24 88 30 8 -117 -23 -2 51 -70 -40 -110 -120 22 49 -100 -92 -2 24 43 -63 52 -73 -44 92 -5 56 48 -88 -9 98 47 -1 39 7 14 35 -89
-12 118 -96 101 50 -12 -18 47 11 126 84 78 -17 -57 54 122 50 -35 -69 113 -36 113 -11 -81 -31 1 5 -12 53 45 65 102 -34 -95 123 29 -96 56 63 16 64 -45 -115 71 113 -75 -116 41 -63 124 -71 29 -81 95 113 78 116 26 -72 96 71 119 117 -90
-84 -41 28 -75 92 -78 41 112 73 -22 -81 -86 -104 -20 -39 -20 -11 -89 104 -64 -78 -67 18 31 -87 -28 51 -22 76 -94 104 -79 32 -69 39 18 -18 -38 101 37 56 -80 56 42 -83 -125 15 59 -110 -50 26 -54 74 72 -26 -77 -120 55 -79 120 37 -31 36 26
-64 -122 64 -40 111 -104 -65 -11 96 -32 123 56 -8 17 51 -96 -36 -82 16 -2 121 32 82 29 19 -77 109 0 -4 11 -61 -56 40 -8 -70 -127 -21 -39 -12 93 -95 -30 14 112 -89 -28 32 -59 -66 45 12 -71 -113 105 -91 -49 40 -19 -21 121 -106 -47 18 62
43 102 26 20 -48 34 -86 -64 -105 -22 -45 37 86 -120 -26 26 41 42 -91 11 92 -69 -88 62 -8 66 -46 100 69 92 79 86 -95 56 15 127 22 88 -87 -14 -116 -80 121 15 48 29 -80 -62 -11 -122 -114 -87 110 71 104 -103 -77 -6 111 51 2 -102 -59 -126
-21 2 2 16 -118 -116 -76 23 6 45 64 31 86 90 -4 87 -93 41 -3 34 90 86 -88 -58 72 47 -45 -4 -124 -91 81 9 -64 59 -109 86 58 99 60 -56 53 -41 -115 -118 65 -86 -116 35 -102 -49 80 16 46 -32 -125 1 -42 -69 -40 -42 100 79 -32 -7
87 -25 -44 -120 122 -98 -74 -65 -114 89 -33 84 74 -48 113 -45 17 36 125 -100 -70 55 -2 7 -90 -56 -69 -76 80 -66 89 -40 115 78 -116 85 21 -3 62 50 100 -122 60 -105 -29 -42 80 24 -28 -56 37 -121 -105 43 89 -67 -24 -69 -48 34 7 24 9 -61
-15 -55 33 -80 9 -21 12 -102 -18 42 -120 39 -23 -37 -111 -97 -68 47 27 -106 -79 85 -43 -67 64 72 -92 -53 -10 -16 63 -69 -93 21 -23 -121 127 -47 -119 90 57 100 -16 -93 -98 55 -3 -90 22 45 -31 -76 124 86 -106 -113 -41 9 -42 29 15 89 -112 30
114 -116 -47 53 -60 -54 29 16 -32 50 -47 -79 0 -82 88 -57 -17 -99 69 -11 95 -72 118 -54 -77 8 53 64 -97 103 107 -99 80 -18 -75 49 51 -113 -34 26 17 -100 -63 33 -25 114 110 75 96 60 75 42 -58 43 105 66 -53 109 58 -103 25 13 70 -95
-2 120 -11 57 -95 32 10 -77 -40 -96 50 -127 -127 11 -13 -26 -55 109 -58 25 -57 -26 71 -63 -114 41 9 127 -57 65 7 -22 -93 -116 -100 102 87 -104 -34 74 97 82 -10 112 67 122 -75 107 122 16 -46 51 -56 -92 -102 -34 65 -123 -78 -11 -2 72 73 -7
58 61 25 37 -4 36 -77 57 -7 -22 -18 -61 108 16 -85 72 121 126 -109 3 -25 -122 -52 -85 -112 19 -4 53 96 84 -9 -31 -32 46 -55 -98 25 20 112 -41 -18 12 44 -99 -92 -105 36 -111 116 121 -109 75 29 19 9 -78 -104 15 -109 93 17 -85 -8 -50
80 -6 -76 115 -99 30 -30 9 -34 59 -94 -72 -49 64 91 122 -51 109 -13 -35 85 -32 -50 -91 -7 113 103 -92 -92 51 48 -82 23 -86 3 96 94 93 -70 67 1 15 37 -47 23 -72 107 -76 127 44 8 75 117 -98 -85 63 44 19 78 -65 21 102 59 -27
-102 -69 114 82 57 81 -57 -50 -57 -15 46 68 116 20 124 5 -126 15 62 -71 40 -26 -22 87 -38 -123 -106 117 -86 -21 -98 -88 -101 -82 84 122 -104 8 -24 -94 -38 97 -56 78 114 47 -86 -42 39 10 -58 127 -20 31 80 116 60 127 78 97 -65 -101 -64 61
104 13 47 -106 110 79 107 83 125 25 1 66 -79 -18 86 -53 20 -54 19 99 -72 75 -125 -79 -110 95 -107 -30 -35 84 84 -99 110 -26 41 85 54 -120 63 2 -53 111 42 -58 -70 127 103 -23 87 -121 48 48 -70 -50 -22 10 59 28 -46 84 104 8 1 14
-35 32 77 -58 -67 -80 -101 -84 -102 58 -67 -8 -10 17 20 74 84 21 -110 3 85 -45 -85 -94 -32 -46 -2 -66 29 84 -13 -109 -111 101 -87 46 -119 -6 -60 -51 -3 123 -29 -81 101 -88 -89 -83 44 102 -21 41 -39 -5 64 111 17 -93 44 86 41 -93 -36 -27
67 23 -73 82 -87 8 44 47 -124 55 -60 -38 -126 -72 23 -103 9 -11 82 -59 92 101 -20 25 -125 68 -67 -93 101 -88 115 76 57 84 87 43 111 -60 -42 -46 82 -72 28 104 -47 -127 -89 -38 20 92 -82 -100 -7 63 -90 16 -110 24 71 32 -54 57 21 -40
-113 106 -63 18 116 96 33 2 -100 -98 24 -122 106 100 -22 41 69 43 32 -106 -26 -46 98 -120 -52 -9 -71 73 89 86 -82 -27 -118 -19 -30 -94 22 56 -100 -111 -32 106 67 18 122 127 -72 120 -60 -73 44 -50 -69 -58 22 -20 71 47 13 31 115 28 23 38
-68 -53 63 -60 104 -59 111 103 81 -11 -24 -3 47 -116 48 9 -120 -82 -42 92 -85 -71 -44 -51 -91 -70 69 122 -55 -53 116 116 -63 94 97 -118 4 -60 21 34 -118 16 -101 16 51 -2 -16 19 -41 102 -58 -18 77 -104 20 61 -98 29 -20 -128 -127 100 23 112
42 -72 30 47 -22 33 50 -7 55 -6 -73 118 34 53 -61 72 107 70 30 -73 -14 -41 -2 -63 122 -55 -124 32 99 127 111 93 -51 2 68 80 -120 -113 9 -13 81 85 95 -3 -62 -118 116 91 -28 -109 -69 -112 -60 -3 -70 92 33 -89 -85 106 -106 -14 -96 -41
-118 -60 43 -108 124 122 37 27 122 86 41 72 113 -5 -113 -109 84 14 -47 -34 -44 -82 -125 -120 30 78 -62 42 -86 99 -23 -92 100 108 -55 -52 -4 91 -21 29 -64 -10 86 106 19 -53 119 126 26 -67 -10 -56 -125 -33 -43 -107 -117 94 83 -22 4 -46 14 55
122 50 106 -93 76 64 -103 -79 -26 -72 -16 -26 -90 -11 -38 109 -33 58 103 -77 -48 88 -50 -77 98 -3 83 -63 21 18 -2 108 22 122 -112 11 -47 44 -42 -44 10 -64 45 -2 -84 9 55 -76 -40 33 -112 94 -88 -12 -79 108 -67 -102 120 -37 83 10 9 -84
-48 -55 45 35 11 98 6 -4 61 49 26 -35 18 50 -93 -23 -102 -42 -38 34 -39 -58 118 -123 112 25 87 -48 -71 32 126 36 60 126 -46 105 -49 -49 89 121 35 120 -127 71 -64 109 122 105 -56 -72 106 -2 -70 -76 -33 -45 81 84 -93 91 -120 -102 76 110
-69 15 0 -12 48 -105 101 118 -9 92 4 31 -72 -68 -22 87 -123 97 15 58 -107 -25 -62 60 124 -85 -59 119 -15 -66 92 43 70 25 -10 -36 -52 -72 -12 -34 -17 -29 -9 -121 119 -93 -43 53 84 -2 121 -68 -35 -31 63 108 -116 -101 59 -46 -18 22 21 22
91 74 21 37 -2 -14 32 121 -126 -25 -103 -110 -47 75 42 -58 15 -126 88 9 -7 -69 -35 -122 -79 92 107 85 -122 -92 61 104 -59 56 110 -74 15 -12 -34 23 0 -75 60 35 66 49 -6 -74 21 -49 -107 -113 -14 -1 -89 -88 -55 -90 89 -128 -80 4 -108 -10
-2 18 1 1 25 -43 76 -123 95 21 -70 33 -99 43 -24 -30 -92 -11 29 -95 31 33 -54 47 -65 -15 -52 52 84 -81 -38 103 76 -48 -87 48 -52 47 61 -101 31 43 -109 108 66 79 89 111 -41 104 108 -104 -16 -71 -32 75 79 -32 38 -113 63 -127 -80 108
92 120 -81 -69 100 97 90 -14 56 119 -4 63 -116 -78 -74 -63 -50 53 90 -100 47 -25 90 76 114 12 19 2 -114 -18 -99 -78 -37 49 93 -67 57 -109 -58 -45 -122 -88 100 113 -93 94 101 -18 -13 -118 -55 -103 -14 -31 -51 -33 -26 -80 -61 16 77 -68 -2 -24
38 6 -63 -64 20 114 41 -118 60 -27 -128 74 118 32 39 48 70 76 -67 -54 86 104 9 -62 26 122 -68 82 -62 -14 60 101 119 99 -96 -116 95 -103 -68 -68 -41 -28 -102 -26 -41 54 -123 91 -69 -73 22 -102 -24 -126 42 -66 -110 -46 94 26 -120 -23 -69 104
120 -83 14 -113 77 -29 25 -46 -62 94 95 72 13 127 -28 99 -21 103 29 88 -4 -25 45 -92 61 -91 75 -43 35 -29 -39 -27 -33 -112 -6 -23 47 -41 9 65 61 110 -33 96 38 32 70 -102 -48 -47 88 91 -50 -21 85 -109 -73 9 67 -26 52 20 -102 -96
36 -57 -6 -43 8 -77 96 -76 -48 -106 114 39 -8 0 86 68 121 61 -6 24 -33 3 90 126 -15 73 -72 -24 3 -23 -44 -91 113 -32 118 81 23 -56 80 31 -98 20 -38 -6 -55 -113 30 -49 63 32 38 -114 15 2 -31 -26 -23 57 123 88 45 86 69 -52
-86 -83 93 -35 77 -49 42 -42 -102 -16 120 -51 82 -83 -42 56 115 -69 106 -97 -57 69 57 19 -22 -79 -113 -76 4 88 -127 -19 -61 -21 -121 -31 13 -115 70 -4 17 12 -62 -15 -33 -115 -31 -38 -107 11 -66 89 -83 -83 61 -26 60 66 21 -56 115 -119 -66 2
-86 -14 -52 84 -126 -94 32 -56 -65 -11 93 -106 94 6 -92 -57 -29 79 72 106 2 15 73 34 -45 95 -119 -40 88 56 -79 -57 40 80 85 127 -72 58 33 15 -3 17 -126 -84 -106 60 118 -89 45 -68 65 -109 -91 -72 -116 -117 -62 71 67 77 -72 77 -71 51
-105 -95 -103 9 39 49 -8 -12 34 74 67 76 -72 90 82 -98 76 9 -112 43 -36 1 -7 66 31 63 -9 5 118 -124 -64 -28 -9 -38 6 58 -90 102 78 -94 70 -17 91 -7 22 -65 51 -119 -111 -72 82 -90 -126 6 -37 97 -96 116 -5 68 119 23 -54 65
21 122 -46 57 30 -10 35 -46 -43 32 91 45 -5 -109 43 78 -83 -54 97 106 -125 48 4 -55 24 65 125 -53 12 -95 71 104 87 -96 2 96 77 41 113 124 -29 -72 -22 106 45 -64 -37 78 49 94 -1 -90 100 -101 99 56 9 -75 10 27 62 -25 9 -82
-98 121 -14 23 -60 -68 -103 -23 126 13 -95 -97 -2 -126 47 25 -24 -40 -58 44 -80 15 40 -35 126 120 -91 22 2 53 -5 -33 62 69 87 55 -62 -19 33 -102 -89 41 79 36 -40 17 115 48 -122 102 119 22 -44 -114 62 94 44 89 -29 22 13 -33 115 69
118 -22 -75 -50 -7 17 -104 39 52 -53 -58 29 3 49 -85 117 -66 110 72 -95 -34 -72 -47 117 72 -62 104 77 -74 75 15 -52 81 45 18 62 58 -69 -75 34 98 -60 25 101 -21 -118 -102 -18 -35 24 68 -55 8 4 76 -3 -62 -68 -5 -51 111 36 24 100
119 2 124 -117 5 36 4 -33 96 -63 95 85 43 68 82 -39 95 122 43 -98 6 123 -81 66 -41 36 96 -92 17 96 -76 -50 36 -104 -91 3 -115 -121 49 -110 106 127 -67 -46 -56 43 -50 100 -115 -53 56 -38 4 42 -18 -16 -81 103 -50 22 -5 -2 74 57
93 -68 -109 -91 82 31 -102 20 -87 121 21 -38 125 -72 -55 84 111 -26 -119 60 39 -82 -78 24 107 92 -49 -13 102 -30 -80 -91 39 57 -72 -113 -83 -6 125 118 35 7 66 -12 106 96 103 -101 -71 40 -5 -33 -80 -128 -125 64 55 40 94 -20 -5 -14 51 -5
35 47 16 -89 -49 -26 69 96 114 -103 46 17 -109 31 -70 3 91 18 44 32 -64 -106 -46 15 113 87 8 -28 125 6 66 -45 19 -8 -53 49 -51 109 -42 123 49 123 35 45 116 54 -96 96 -35 3 -19 -102 110 -16 84 73 66 29 -42 -32 86 -87 -15 110
-73 68 -97 106 -19 -94 -3 -65 46 115 -69 81 -44 -87 26 20 16 49 -108 68 -119 68 -8 -82 -9 3 -61 -102 -79 44 -86 84 -26 121 38 -71 -26 48 108 -59 -4 90 66 56 106 -76 123 118 -54 52 88 44 -70 88 -49 -111 -62 17 112 7 103 11 -34 -110
7 71 -117 23 41 11 -62 59 12 -80 -86 19 106 53 -21 -35 3 -62 -57 -122 104 -49 120 109 59 64 -11 -95 -31 -11 112 122 17 -121 -20 -35 -60 -101 -71 -1 -92 113 15 82 14 92 -28 117 55 53 72 -70 20 -24 105 -101 73 -58 -57 -91 99 44 107 -117
63 -74 31 -64 6 95 -24 30 -109 -71 86 -97 94 78 -60 61 -38 94 -7 100 106 -115 -117 -41 -116 -93 117 -43 -104 92 10 55 38 -78 -42 98 -94 -1 55 57 36 -114 32 -57 -101 96 -87 81 17 65 98 25 -49 91 -21 12 -27 -12 -115 69 -97 115 -98 97
81 -58 -9 -120 -127 -94 69 98 65 -7 -71 26 -31 -29 45 -16 -47 58 106 -45 -40 13 35 -59 103 -36 -32 101 53 -32 -96 36 -58 115 -27 60 -83 41 111 -102 19 112 -62 124 12 -29 61 40 -26 127 41 -71 -15 111 -1 95 35 -56 77 -71 84 92 -58 101
83 44 -127 67 89 -2 -61 93 93 41 88 119 21 -87 -68 -21 95 112 -54 125 -21 112 32 -4 -16 119 -125 -1 -120 -101 15 -7 -51 -8 -2 -15 61 92 98 76 -24 -22 -21 -116 85 109 109 -3 -70 -42 -22 -95 -57 79 10 13 50 61 85 43 28 -8 124 101
55 -27 120 -18 -112 -88 -110 -44 -66 65 33 -57 -107 -65 92 -73 27 9 -94 -85 -8 -81 7 -96 105 -114 120 106 -31 54 -48 63 90 -42 -109 -42 81 -68 105 -87 123 11 97 52 -38 127 -105 -61 59 96 -96 -31 25 8 89 83 67 45 124 112 47 38 -61 11
113 20 116 -64 121 -48 21 0 -19 -118 24 97 114 -38 -98 -83 -87 48 64 98 62 -15 -16 22 59 123 -36 -24 113 -126 -46 -51 -11 -83 4 -40 46 120 -10 15 14 10 4 90 25 8 -10 4 55 -121 73 -68 -50 -28 65 3 6 117 -37 -83 -55 -89 0 -52
29 2 126 -58 57 -113 42 -126 55 -66 -3 22 104 127 -97 -35 11 -32 107 61 19 16 -114 -94 10 58 87 -84 75 47 121 24 -91 -61 40 -70 -122 -1 -94 107 -37 -47 104 -101 -38 -44 -122 0 87 -108 50 29 102 -92 -87 -82 13 82 -71 126 52 60 -60 -96
-53 -92 102 67 -40 124 -100 69 -124 8 85 17 -65 38 -91 -86 54 -25 -82 -11 -72 -123 90 -125 124 -112 -49 59 68 110 -63 40 -114 49 -91 32 112 102 -126 -95 -19 -19 120 -61 -28 -8 -31 37 21 122 -98 56 52 -118 32 -13 20 -36 98 -24 -80 -128 102 77
5 9 11 -121 19 32 56 67 125 47 -89 103 -52 -4 6 87 73 -40 123 117 -27 -117 53 -2 -18 120 53 -46 15 92 28 26 56 123 -79 -20 33 -25 52 -78 98 49 -108 108 42 -4 64 -90 52 -1 -59 -36 -69 124 -103 77 60 -102 -59 -13 73 31 43 21
41 5 111 -81 -27 26 107 43 12 -57 -76 0 90 -64 -98 114 1 -21 -96 -74 -80 -35 87 59 56 -92 89 9 -118 -78 -100 -57 26 -92 -50 -122 115 71 -51 -60 -34 -92 -96 114 98 -80 66 -115 -113 17 18 -102 -19 -26 -107 -1 -94 98 -126 9 -81 47 -91 36
-119 33 127 4 4 0 -112 10 -11 51 -25 107 -14 13 -42 79 -36 -41 26 -37 -88 79 118 67 -89 38 117 -128 1 80 -26 -34 46 113 21 70 -114 107 -94 -21 105 -32 -83 -72 -16 -9 -50 0 -66 -123 60 44 -123 30 -70 72 53 21 100 -72 53 13 16 -30
20 -61 34 -16 33 70 60 -67 -121 47 82 -94 64 -31 -94 108 -47 -46 113 31 -73 53 -120 120 -106 16 -22 -83 126 -66 -62 77 -120 75 -60 -68 49 -66 10 114 54 78 44 -47 45 67 -12 122 119 6 -73 71 19 -2 -83 26 2 68 -47 102 -122 -14 -104 116
47 86 -40 -122 28 61 -56 -44 -78 23 100 -99 -55 -116 -15 -41 -77 -123 53 -43 -88 85 -84 38 15 120 35 41 114 -112 0 -40 -30 115 -10 -101 43 127 -44 105 -62 126 -54 -79 -30 -94 52 -31 42 98 74 86 -66 -70 -27 -86 -124 -72 -71 -75 55 -73 114 -62
19 -102 12 41 89 46 -39 -59 -43 -117 61 -3 86 -62 92 -16 -112 -78 16 109 -76 61 -91 -13 -17 -22 62 -28 45 -67 17 8 -53 67 -66 43 -17 -29 -66 -115 32 9 -72 38 32 78 -73 -50 76 -26 -16 -86 121 51 -127 84 65 16 50 32 -30 90 5 -71
122 74 -10 -114 -125 -113 12 -95 -26 -122 -62 -127 6 -2 -111 -18 31 -34 -1 -4 -63 -29 99 -16 -10 -102 60 113 -25 90 -112 -102 -90 119 -26 76 -123 -9 -25 28 -120 68 -82 42 29 -101 125 -112 20 -62 -80 -98 -44 91 -21 -10 64 -15 -117 49 -1 -10 -52 12
113 34 -8 -123 111 72 -107 -74 -117 -10 80 48 -24 -68 -79 -76 -21 50 -27 41 75 8 -91 93 -94 109 -15 69 -105 30 -117 9 94 29 -46 -122 -72 8 -45 11 -117 25 65 36 -94 115 -17 -29 99 16 -19 106 -47 -108 44 -122 -89 45 -46 112 48 34 96 -76
72 -80 -118 22 84 -99 110 118 78 -110 11 -10 30 -7 72 122 -10 -40 1 20 16 58 -96 -127 -12 -6 -14 -54 65 -60 30 80 -84 110 -69 65 -119 -64 28 -107 44 -87 -46 -103 44 -31 -5 -127 15 37 80 -27 54 -98 94 -122 93 -46 23 90 -47 12 75 -43
-80 37 65 -47 -71 -127 44 -56 88 36 15 -115 -18 -109 -120 34 55 -36 7 -96 -1 -104 112 -90 -4 52 40 6 38 -56 35 -89 -80 47 70 -67 -77 -125 -73 -95 40 36 -99 -89 -32 52 104 -122 -71 -92 -69 83 -38 -116 -105 65 17 112 68 102 111 14 -69 -61
70 102 -92 41 -104 84 93 -6 -125 -120 110 72 -56 -12 47 -6 -43 34 5 -61 -40 -68 4 49 33 -25 60 79 22 -92 -55 -17 96 82 -124 -105 32 -93 -43 83 -24 -106 -75 -27 -116 121 44 -3 -41 66 -7 93 94 -70 -66 -111 -73 -101 94 -42 50 103 42 -25
57 106 -2 85 -16 73 -39 106 -86 -58 -69 -61 -113 120 -57 -28 -97 40 -93 -96 -16 -61 58 -71 64 124 -11 -38 58 24 -36 -35 -79 -126 104 63 99 -60 -95 -49 121 -16 23 -24 -77 92 7 98 -115 38 110 -9 122 104 62 52 109 -7 -125 55 -23 94 1 -83
74 109 -76 -121 34 -18 127 -87 88 -112 18 121 -35 82 127 30 -57 -29 112 -33 58 75 98 -13 41 82 -23 11 -116 94 36 -75 78 -84 81 -73 -92 -109 -80 0 13 -109 36 92 54 -3 36 -95 -87 16 -114 59 -23 109 -65 46 -55 47 -82 -28 -18 44 0 118
41 45 54 -17 -75 -23 74 -36 57 -49 -126 91 -27 -47 -9 106 -25 -17 124 74 -85 79 -59 103 124 80 88 6 53 78 -7 35 49 76 -116 114 -69 85 100 -85 118 -82 -95 -109 67 109 27 -32 -50 -48 78 -1 -4 -57 15 118 -48 106 -47 27 25 -120 114 -57
-22 -66 83 -49 -38 -12 -9 108 121 107 79 -47 -11 66 44 -71 20 -18 104 -115 101 -35 -107 17 -124 -112 53 67 42 24 -12 -47 27 98 -124 42 -125 23 42 -32 124 -59 -42 77 15 79 -18 117 -5 -38 110 71 125 -69 -77 -59 -87 75 -81 -120 81 -22 -80 28
116 -23 -56 29 -123 -126 16 50 75 -75 -60 -39 38 64 61 -16 91 76 -36 -73 107 23 8 -111 -107 85 35 90 -51 -56 65 91 -10 54 119 21 -13 54 75 -24 117 24 81 50 23 -69 -46 28 117 96 54 -108 63 -109 119 49 -58 -35 -24 -84 -104 28 58 114
64 -27 -92 -91 -28 -1 16 56 -67 75 -25 -99 -8 54 104 114 -112 -112 120 -116 83 55 108 111 -7 21 71 87 113 106 11 9 -4 -47 -83 106 83 31 -75 -15 112 12 -128 -73 -28 -66 127 -128 -67 71 -55 -121 -44 102 102 -77 67 1 80 23 91 -42 100 -56
-65 -120 40 -20 -19 84 50 76 -29 -20 -102 66 103 -53 -10 -105 21 -10 63 -30 72 124 103 -44 -103 2 -100 -38 106 -4 42 93 -67 -123 -51 -17 98 -68 -122 -53 -107 -44 75 -99 -104 124 -4 -60 -106 124 3 74 121 -115 98 -26 43 75 -58 -54 65 11 -12 -28
-68 -73 -56 -35 -29 20 84 78 -29 -14 -55 -44 80 89 -2 44 -46 6 -5 38 90 120 -64 -76 14 -24 28 -83 -25 92 -51 39 -70 14 -35 121 0 -94 45 87 -34 -121 95 -56 28 -47 61 -3 48 -120 46 -111 -31 -41 -84 -95 106 23 1 54 59 84 27 47
61 -19 -110 -99 -51 9 -20 -35 -104 126 -81 47 -67 54 105 -89 -48 100 115 9 9 7 -84 88 -22 95 -105 63 109 18 46 -91 117 -68 -115 -25 20 -46 75 -34 38 -104 83 47 4 -5 14 -1 17 110 34 -116 36 40 -109 -66 112 126 -17 118 -81 121 -106 22
81 -4 -9 108 -22 -86 122 84 -94 -23 -112 -60 -30 -76 -44 75 -7 57 105 -87 -109 -13 52 42 -72 0 105 -11 66 11 60 57 86 -68 -111 18 -6 -119 -99 -8 39 80 31 -11 -52 107 -107 -98 -61 105 -104 -54 15 11 -65 11 -9 -33 -44 74 0 91 -52 -82
-102 -52 -73 -128 29 -119 53 -51 115 93 -62 -75 -99 -77 -99 57 120 -62 -106 -127 17 68 -5 -10 112 -80 66 -37 -13 -53 37 87 -35 -29 -15 77 -73 -91 -3 -86 33 -32 100 76 -41 -84 -67 -20 -83 102 12 26 67 -61 -76 57 107 -23 6 -80 116 -95 30 -57
16 44 16 -120 -34 -2 -85 94 34 51 -110 -52 38 114 -21 80 -52 -59 -80 -25 -36 74 16 -73 111 -22 87 55 -108 -117 45 -75 -29 15 -125 -117 40 49 -89 1 76 -103 115 123 47 -5 35 12 93 44 7 120 112 -72 -37 -126 -96 -47 120 46 -118 37 16 97
126 53 -51 -1 -108 120 66 -98 -6 13 106 -8 4 -58 40 -25 -32 -3 14 -104 -69 125 -21 -14 -105 -30 12 -123 25 45 -65 -27 -93 -102 -23 -60 100 61 53 -106 -127 -38 39 -84 -33 80 74 82 -91 43 -91 124 -79 -52 -62 -103 -126 12 -23 -47 36 -124 111 -79
-74 109 4 37 -82 24 75 -15 -7 -84 -111 -80 -29 85 87 18 -108 -34 55 -124 90 118 -69 2 111 28 104 -94 124 -46 41 3 -59 67 49 36 21 68 120 -28 126 -2 80 -35 54 -68 13 -89 -80 20 -90 -67 -81 14 100 96 -123 -84 -99 90 21 -37 -124 -27
37 35 -99 119 106 -49 90 8 -110 -52 -91 46 -44 -75 -88 58 -49 46 -63 -53 -27 -55 9 -86 -122 31 75 -121 -89 102 86 -52 -62 -24 127 15 70 -65 95 76 -97 69 114 -111 55 97 36 89 6 -35 -59 18 74 94 111 24 -50 -59 -46 -12 4 28 -43 5
24 -104 113 51 94 -14 -65 -86 51 -51 15 -75 4 -124 -111 -11 54 56 3 48 60 64 83 -19 17 27 -64 15 74 11 -16 101 -108 -108 -61 -33 40 58 -120 -85 -83 34 -30 23 21 -4 88 -83 103 -14 -126 -123 -105 50 46 8 -125 -58 -10 69 117 -63 -38 -5
-5 91 -38 -69 123 -22 80 -43 78 13 32 53 76 -77 100 125 -14 37 -98 37 38 95 87 27 -103 93 -95 49 -45 -25 -43 61 -65 -37 -79 37 12 -49 -6 41 57 88 -122 78 -86 -100 -100 -90 -20 -127 -69 -38 49 -123 35 3 -80 97 -82 84 -2 -68 64 -31
86 30 122 -128 -106 -75 -37 -114 -75 73 -94 11 -9 -71 42 -57 65 -56 -116 72 -4 101 53 -46 -49 103 44 50 -8 40 -80 -86 -98 -122 46 14 56 80 -39 -13 99 -90 -123 2 -128 -93 -66 114 -82 -96 -74 -6 -67 -34 -90 -125 -117 -34 11 88 124 3 94 26
-114 -32 113 98 57 -58 126 -53 -5 -120 -45 -104 75 83 -116 65 24 6 -84 37 29 9 38 85 91 28 -34 98 -2 -51 1 79 -27 -41 -2 21 -124 -13 -59 50 55 69 15 -118 -46 -50 14 81 -93 55 90 -21 -53 -50 101 46 -111 124 -2 41 -99 42 80 95
-126 -24 -102 79 -21 33 21 65 -61 -93 -10 -46 113 -31 8 27 -24 114 -110 56 -30 -45 10 66 -31 -100 91 69 -114 17 -103 -98 108 30 -70 -82 -68 38 108 48 71 -9 36 -16 78 -20 -76 119 94 56 -55 -76 89 -125 90 -85 45 80 79 -73 114 -10 22 43
-92 -32 6 -118 -89 -37 -86 115 40 69 118 23 -29 123 49 -80 -111 -7 50 73 25 -50 38 -81 -7 84 42 -13 42 26 -68 50 -2 20 58 -47 54 127 83 71 46 -39 93 110 -53 61 13 1 104 -46 -17 -8 114 115 64 55 35 31 47 -92 -71 -32 -30 9
-35 -113 -43 70 15 61 -90 -12 56 -12 37 -87 42 124 -85 122 -72 2 126 41 89 -45 57 -120 -91 18 55 -47 -7 -73 -58 -107 7 111 103 72 20 -65 -118 -75 75 -51 -85 -64 108 122 -85 -29 -6 102 -32 19 73 7 7 72 39 -29 85 100 -68 -97 117 70
88 54 82 2 123 126 -29 -109 -55 15 13 70 -116 -113 112 42 55 -70 -91 83 67 115 6 -123 -119 66 -28 1 -6 121 99 -40 107 -93 123 10 -102 -99 97 107 -62 64 -28 51 -56 -97 -100 106 77 34 -4 -77 43 -41 -40 78 111 94 -25 -87 -45 -94 -97 49
14 -110 74 7 -113 104 59 55 20 -17 -15 -33 -6 -94 90 86 29 16 -83 31 71 -67 -51 0 -125 13 -90 61 -37 -5 -127 -122 -83 -92 111 -32 20 19 116 -98 -21 -36 -31 103 21 124 0 7 -118 81 18 -98 -55 -16 85 93 -54 50 -10 2 -27 63 67 -58
111 -37 87 7 4 55 28 9 -65 -61 -78 -57 110 29 110 62 81 -74 -28 27 37 -59 4 95 100 -92 44 -58 93 12 -111 -87 -115 106 -70 -107 104 1 77 8 104 -100 125 -82 -37 74 63 15 -39 -111 -89 -3 101 66 33 126 58 -56 -14 99 12 -78 54 -109
1 83 70 -47 31 100 -51 25 127 -9 116 85 -4 -18 -65 66 -127 -41 -72 -123 67 -68 91 -119 81 96 105 99 -124 -32 41 -17 -128 40 46 -40 -23 20 -104 -17 79 -125 82 -118 93 101 15 -72 32 -18 -72 -18 113 96 -26 -107 95 -10 11 32 -2 49 -89 -109
-54 -20 29 -106 -66 -74 81 26 -33 9 -37 -52 111 68 -68 100 19 -68 43 -85 -54 84 100 7 -103 83 25 -6 -67 113 25 51 89 97 27 99 101 -22 127 -14 125 -27 122 102 -114 -22 22 -96 -116 -102 -9 115 29 76 6 115 126 57 127 -128 -59 2 -7 -78
-113 -124 76 -99 -6 -44 119 87 -117 65 58 -79 -75 8 73 75 2 -10 118 0 24 67 -56 -123 63 -102 65 -29 -58 21 26 49 -122 -92 -43 18 -27 39 -45 -29 51 22 66 -105 -88 47 -112 -70 73 -40 -73 99 70 -18 119 127 80 97 9 9 10 -106 122 -123
36 -14 55 -123 59 84 30 24 73 65 -41 30 113 -20 -82 -66 49 79 -120 -25 -33 85 -26 117 39 104 -54 -84 86 2 -106 37 -47 -113 57 -118 48 57 31 -100 -62 12 81 96 100 47 111 87 32 8 -128 -88 36 16 109 121 77 -43 81 1 -36 15 111 119
3 126 -57 66 117 -28 -75 -40 -81 -35 -92 -97 22 -112 -52 35 -21 -126 57 37 -97 -64 52 -94 -106 -51 53 -17 109 0 60 12 64 -85 48 24 -11 -74 -34 -75 16 -113 -127 -20 25 27 62 18 -28 100 33 -78 8 -96 115 -112 46 -86 118 24 -102 -114 82 41
120 -46 -26 46 -102 92 -21 -98 -36 101 113 87 -101 27 92 -4 37 -8 95 9 -35 -54 -42 -84 14 38 -44 -5 -61 -114 -124 -26 -126 19 -127 14 89 122 112 8 47 79 88 13 59 -44 112 42 -46 9 -67 -65 -11 40 -45 -19 85 -127 -15 61 108 120 -107 118
49 0 56 -108 34 107 18 -111 113 87 91 -65 -32 53 11 69 65 116 50 114 -27 -23 -79 -73 38 -43 -10 74 69 -105 -49 0 2 -74 -51 98 -109 1 -56 21 122 45 24 58 -62 58 105 36 -121 44 58 16 -127 26 121 124 97 -53 -30 -70 -81 41 114 35
-11 -4 -104 -99 50 -24 74 80 1 -31 78 13 8 -34 -101 -123 -107 -16 -1 27 -45 -24 -5 119 119 112 -18 -8 41 -47 110 -17 107 119 112 108 -15 -107 -2 -13 -46 -111 20 70 -109 13 -108 -39 89 -91 -65 42 -54 32 93 123 -91 -99 8 -100 111 28 15 -51
-43 121 -39 113 -51 4 42 121 65 -95 106 -46 -51 25 -62 -83 127 10 -41 14 31 -11 -62 13 -3 79 115 81 63 38 -128 38 6 100 18 76 125 103 -83 20 6 -42 -55 33 65 105 -110 12 88 47 84 -50 -19 50 59 -91 -55 -81 -69 -96 -84 -96 -118 -17
116 40 -107 122 21 113 87 42 2 66 -121 125 -52 29 -116 3 -108 111 12 -115 64 10 109 -100 37 78 -31 -24 85 -35 68 81 58 124 25 -8 -96 122 108 76 -89 -93 118 46 43 -71 -42 -63 -124 -52 -113 -110 -78 105 45 84 -105 -11 26 28 -1 48 120 127
36 -111 -103 47 15 91 18 -49 -81 -113 85 50 3 63 -42 -44 31 10 -121 -74 -126 18 -33 113 24 -21 -124 -30 -69 5 114 56 -31 -108 97 -26 -33 53 -60 111 -101 35 76 58 39 -83 16 59 64 111 7 121 -14 10 44 14 82 60 -43 -82 -118 0 -107 1
-128 -83 -113 -36 13 126 47 -111 49 20 19 -14 29 113 92 71 125 -70 48 38 -85 122 18 20 -29 -49 -57 -4 44 -119 77 -63 -63 85 123 -51 -1 37 72 -118 -108 10 113 6 79 84 -88 -38 -1 39 82 109 21 -92 -52 101 42 -42 43 -107 -35 -75 -86 -23
-93 2 57 57 -90 -57 -8 93 -47 97 109 76 -125 81 25 30 -105 110 -26 -33 -35 -41 114 25 -79 -19 117 -100 49 77 102 49 37 -27 14 104 124 -71 91 0 24 -124 -69 97 67 -54 21 34 37 93 41 12 13 -27 79 -121 -21 -35 -93 -20 123 110 64 -34
69 -106 16 24 -58 -93 -31 -20 -70 -79 5 -88 -27 104 79 30 53 52 30 -75 74 -72 -18 -49 119 69 84 -115 -18 -60 -64 38 76 110 -26 -22 36 81 -124 -116 -101 -1 27 87 24 -77 -118 43 -99 78 97 100 116 -39 -14 -56 14 -15 106 75 -88 -95 84 -71
-128 -104 2 -106 76 9 -117 92 -101 24 98 95 125 73 -44 47 28 67 108 107 -49 -100 -14 -104 -56 113 -27 -107 59 100 61 -36 116 113 -82 -65 -91 -110 -51 -85 -78 89 15 -115 77 67 69 -33 -99 -90 69 52 -15 -71 -35 -24 -32 29 -39 8 42 44 26 -128
51 20 39 -106 -32 -48 -9 16 40 95 61 93 -22 -113 -105 -110 38 10 -2 75 -119 -76 -114 -84 45 120 -24 27 124 77 -86 63 -14 58 -86 -88 -108 12 111 -44 113 120 51 -15 -91 -87 99 15 -106 91 -98 88 -123 126 -90 65 -52 3 63 -67 44 87 86 60
44 -90 113 -94 -121 -102 -79 42 122 -7 16 -55 126 106 -122 -73 -125 -28 -33 -104 41 -46 -104 -56 -24 -123 14 -31 53 24 99 97 87 108 -26 11 -34 -29 109 6 103 119 -106 -23 84 5 -47 -2 103 50 -122 91 -111 -96 -109 -115 100 98 8 32 -44 -87 -120 -86
55 -93 -45 77 84 -58 -14 -102 -83 113 -19 44 61 -73 48 -61 34 -82 -3 -25 57 -103 85 -82 59 107 6 -52 -106 -69 24 114 66 -89 -9 -25 -6 -118 -31 116 34 66 126 60 85 -76 -104 79 42 5 -16 69 -73 -25 -64 -15 -89 124 -24 73 -85 -128 76 124
-27 -122 -91 -31 85 76 63 100 94 -70 -101 -98 -125 50 45 41 -27 -69 56 88 50 -68 23 73 -47 37 -97 -106 106 29 -3 -117 -43 -17 -21 58 13 -91 -3 7 -41 -71 -21 -9 40 -4 23 23 -125 0 -6 -82 -77 -108 -46 -103 75 -84 -21 -91 121 -44 -108 -96
1 -125 119 -25 72 -76 33 -113 -50 -45 -74 107 -5 -77 124 -48 -9 -104 5 63 -116 36 -101 58 86 57 -93 97 0 -14 57 7 -125 9 116 -40 4 52 57 -24 23 6 112 87 -23 19 100 121 125 18 -44 91 70 -46 32 111 -88 -38 -98 7 116 -95 95 12
-61 10 3 124 77 50 -49 -16 105 -80 32 28 85 -119 -63 96 48 13 98 -110 -58 -95 -18 -49 -89 -61 17 64 119 -42 61 -79 57 92 121 81 -58 97 -66 121 -28 47 -81 114 -101 -60 118 -24 120 59 97 -24 -111 -89 99 67 -69 -29 -20 -18 -68 -26 63 -28
55 -18 -107 88 -74 -93 -95 95 23 68 -64 -13 -23 90 -69 -119 43 -6 -103 33 -85 -56 -44 54 89 1 -63 81 -48 -27 -77 -48 65 55 121 117 -39 56 122 123 -76 79 -22 -69 61 63 72 116 8 -33 79 -26 -44 -37 -50 -50 126 123 -1 -94 76 -18 124 115
99 79 -88 40 29 67 119 108 -111 53 -106 -47 -2 14 124 1 59 62 -58 -35 -81 -41 -73 -114 119 -8 -46 105 65 -74 -91 23 38 4 -126 -51 45 9 100 -109 9 -43 -105 54 121 -59 44 65 12 -112 119 -52 -106 -66 -56 42 -113 -22 60 -90 -88 0 -113 78
11 -63 -18 -4 124 -115 -85 -24 -22 -112 -9 37 -102 95 -105 -13 -109 105 -114 87 -115 14 5 -46 -75 -21 41 -54 47 8 -119 -101 30 78 -105 -109 55 28 60 -25 -13 -26 -78 -49 -36 -74 -111 53 80 27 -54 -16 -41 -122 39 122 -1 12 -19 30 -96 -36 50 116
93 -9 38 99 -27 106 36 -20 -13 -92 58 -117 -35 -85 94 82 49 78 116 82 42 -5 33 -20 92 -75 68 -45 56 39 112 -128 -29 -126 -6 -79 -49 66 52 -119 81 -79 -119 33 49 36 -16 79 -40 -116 -116 -45 127 2 2 72 91 31 -75 33 -47 26 -37 -63
11 -9 6 61 -112 -41 -61 -12 -125 -7 3 3 -124 -57 23 -108 67 96 -45 82 4 -85 -9 100 -74 -61 -90 35 -127 -119 22 18 -127 12 -90 115 62 -93 -55 84 37 28 -127 -33 74 44 -102 -102 102 11 -113 115 27 -123 112 24 5 -63 -9 68 -115 16 90 31
-69 -50 -102 -120 -83 -87 55 17 -1 59 45 78 112 6 3 24 28 -16 -45 74 60 116 2 -26 -93 -71 -7 60 -106 86 -71 -50 74 -121 7 -9 55 -74 -125 68 7 74 -48 -106 -75 -122 -66 -61 -122 11 -94 -14 29 4 121 -66 -85 71 107 70 -22 64 42 -128
3 87 12 -2 55 60 25 -54 -15 60 98 -97 -102 -85 41 97 -44 -95 24 -37 60 -124 33 -110 19 -21 122 62 -6 -63 -83 44 -31 -49 119 -60 125 -7 -110 -22 -78 82 81 -128 106 62 120 70 -73 26 59 -87 -108 46 27 87 121 -105 -115 1 -30 -89 -11 -72
-91 29 66 -101 19 38 116 81 39 118 -80 -100 32 -95 3 -110 -112 -76 123 -96 81 7 11 27 83 57 123 120 105 -106 25 51 -42 57 -41 60 28 123 30 5 -76 -105 -63 -43 -83 0 -114 -25 -112 -91 43 -54 -67 104 95 -28 -45 -90 55 119 19 -11 55 -29
-119 -29 61 -30 -28 -96 -45 81 -113 -66 -107 -45 19 101 44 14 57 2 -7 54 31 -18 83 34 -100 -108 -128 51 59 80 59 -51 -103 86 123 -33 -123 111 78 -118 51 4 -27 -36 47 53 -35 34 -15 15 52 -124 58 -5 45 -85 51 -81 -18 92 -88 66 92 -53
42 -55 127 -47 -43 35 68 75 5 -65 71 -121 115 -41 12 81 -58 -27 92 -102 -34 -91 -118 23 -77 -48 6 -51 29 -108 -95 82 26 56 76 -39 33 -95 87 -36 44 -68 68 63 94 92 -68 127 69 -16 -79 -6 17 -5 58 71 104 -11 119 -108 -81 -103 1 57
95 112 -41 -127 11 -28 31 -71 -81 15 9 44 -36 68 -16 -98 -2 -91 -122 32 -18 74 -18 67 52 -33 76 104 -34 -57 -23 120 29 -116 -115 30 26 -53 -17 9 -95 34 101 -82 -44 -72 -70 -96 -11 79 111 -48 79 62 31 -47 97 -25 -23 -24 -1 -59 70 31
48 12 -68 -57 -112 -120 -96 -47 106 87 11 124 -7 99 -28 44 59 63 -117 25 -97 -73 41 -74 -41 75 81 5 -88 -21 120 -64 -1 -3 16 12 -31 -7 11 -121 76 -27 10 46 -1 86 -116 121 -47 -58 -111 -95 96 98 -113 -64 -90 -13 -112 105 -24 -98 -127 -23
-5 97 70 63 120 -39 55 -54 -128 -107 -94 -94 -114 110 -33 -67 56 99 -81 78 4 -24 109 46 -47 -82 38 67 61 64 51 -96 -43 -97 -64 10 -93 79 70 48 18 -56 -63 -75 -18 -20 51 -79 21 -116 76 -64 16 95 -17 35 -67 123 36 -103 -105 85 -26 -43
33 11 71 80 -98 59 68 48 -39 -115 -103 15 80 89 -98 37 -101 13 -95 34 58 -45 -66 -89 15 3 79 92 -83 10 -46 -44 55 105 -20 -92 55 4 -39 -67 51 -83 -30 -117 87 -69 31 86 49 -2 29 -32 -118 -70 -36 -29 -56 -39 10 10 65 -14 47 75
-27 29 -122 45 -111 123 -86 -25 45 -86 116 -16 -83 48 -111 102 -34 -63 69 77 68 54 -52 63 12 28 4 45 -116 -77 26 117 -29 88 70 84 109 92 36 39 102 117 119 67 92 -87 12 -9 -61 26 9 22 3 -57 109 80 29 92 -41 19 80 -12 -53 75
-12 -103 80 -41 64 -9 19 -104 -111 -19 -107 45 112 108 96 108 19 71 -121 -89 112 -31 15 -16 71 51 34 55 46 69 -110 117 69 103 -43 56 127 30 -58 104 26 -45 -26 -33 -16 -38 -80 -28 116 -74 35 33 42 80 -3 -14 -56 100 58 -45 41 97 38 66
-85 -22 95 -116 50 -65 67 -107 116 12 49 3 -18 -39 -98 -57 123 -37 127 85 -36 56 97 -35 29 65 -34 22 -127 60 -113 95 115 -49 -123 -125 -121 -92 99 -31 117 103 9 43 58 -3 60 127 -1 43 99 -19 -22 -65 74 76 -92 65 -64 -17 -100 59 -106 68
-43 -100 30 80 51 32 -13 -89 86 36 29 11 -89 -80 74 1 -66 -96 -103 73 108 -35 -98 -102 66 -32 56 -122 -128 -128 27 63 75 -114 -44 4 -70 31 31 -17 -55 -41 -88 40 1 14 124 126 -114 113 91 90 45 74 14 84 -110 -74 -93 -71 112 17 -85 70
-94 97 -110 38 113 -55 24 -97 52 -109 -114 -13 -105 -42 -16 18 -110 125 41 -83 51 76 -105 53 -67 -4 88 104 -49 3 -3 93 96 8 17 -84 -41 127 -108 -61 51 -99 -24 80 26 -112 24 36 -68 47 53 16 -117 -76 43 -5 -19 106 -82 -74 52 -2 -2 -111
22 -83 3 92 117 -123 90 -122 83 7 -45 -68 19 126 117 -34 24 -31 -63 -8 -4 1 57 96 -13 -67 52 27 94 40 25 -10 70 -20 -65 2 99 -62 29 25 13 -10 0 71 -124 122 95 74 55 51 79 -116 -106 -6 -23 120 -50 -30 36 -91 57 55 121 123
-125 -2 116 89 -69 63 -25 20 121 70 -34 -21 -103 -127 -63 -128 -15 44 121 62 50 -2 110 -25 42 -56 43 104 104 -66 -29 17 -122 -115 122 84 -128 -75 -99 99 110 -105 123 13 -7 79 -10 -44 30 55 -44 -84 63 27 68 86 -49 -81 107 -29 33 33 78 -22
39 119 122 16 43 48 -60 103 -98 7 42 46 69 42 114 107 33 -33 83 -102 43 -58 -23 -118 114 90 18 121 32 16 8 -49 113 32 4 108 -78 -26 86 19 14 -33 123 -68 83 12 -34 42 2 35 1 47 93 -5 78 9 77 29 -99 -98 47 -32 24 -99
-109 -23 -57 -86 -48 -108 -46 124 -21 7 97 85 -90 -23 -63 67 -9 66 -104 111 -20 56 -105 23 102 -122 59 -77 102 -89 124 111 21 16 120 31 72 -112 -53 -22 -19 88 -66 -115 -84 46 6 63 28 87 61 -1 93 9 -56 -54 34 81 -61 -98 42 13 -123 15
-112 14 44 -17 109 64 125 126 72 -40 79 39 -33 123 41 -99 35 69 -128 -71 -69 59 -108 116 123 127 -10 61 -97 84 -78 -124 -127 -82 -53 -126 74 56 -69 26 -104 4 -42 -33 111 99 112 40 -5 58 -29 40 -113 85 -32 -75 62 20 -44 -127 18 53 -91 99
105 110 25 63 -46 -105 -4 83 -3 85 58 -119 -43 80 -86 -24 -45 103 9 118 -69 -12 19 -26 -121 -85 -56 109 -94 98 -45 -87 24 -17 79 4 -118 25 -108 -94 -68 29 -61 -111 95 43 82 -71 -19 -49 88 99 -101 89 -38 71 83 -31 3 55 -76 -63 89 -47
-49 -58 -39 -66 14 -18 69 -25 -17 -112 97 97 -74 -112 119 -128 122 -104 -124 -67 110 4 -1 -103 7 -107 -104 -14 -14 19 -127 7 106 41 -11 106 6 6 115 -32 -103 -32 20 -114 -114 -104 -79 26 -100 7 27 -102 89 33 99 20 -94 -67 -56 46 -121 36 3 94
25 -55 109 -27 103 123 -87 -6 50 -17 31 -16 101 -75 -107 53 -44 -65 41 -19 -67 98 -92 -86 28 -116 110 70 -118 6 61 29 46 115 74 -96 -62 -40 116 7 3 -2 -111 -91 86 61 15 -73 26 -101 83 108 86 48 60 -98 77 -109 -36 -80 -123 65 81 -126
58 43 -86 -13 36 -70 96 15 -82 106 63 104 90 -17 48 -30 43 -5 -83 57 29 63 94 112 73 -87 -93 -103 -35 -97 -102 89 36 -39 10 80 110 121 -71 36 -19 -99 -111 -109 -17 65 90 -25 49 -85 12 69 82 8 42 -122 80 60 25 -79 -94 -38 -54 46
-35 -54 -78 111 -46 -124 42 -46 -44 -105 92 113 -66 39 -69 -15 38 -83 4 79 -119 -42 -29 59 -101 -26 79 27 24 17 102 -58 50 85 68 -59 95 -42 89 -19 100 31 122 105 104 -38 -78 8 22 -60 116 36 104 -71 3 18 42 45 -6 -103 117 3 -36 -29
-24 -5 105 -112 -55 112 -93 -43 -77 -43 53 -38 93 105 -27 -94 12 -52 76 71 -2 64 122 -127 125 -15 29 50 -38 16 49 124 77 122 -9 -67 -122 -49 62 42 79 66 -84 106 42 117 30 -36 -21 68 71 21 40 25 -80 52 -52 -97 -102 -86 -62 5 29 122
66 -68 38 72 63 -115 -67 -68 -86 61 -85 39 28 -35 49 76 -5 68 -86 -92 13 -3 28 -2 36 -25 80 17 29 8 -90 27 43 10 -63 122 -88 -77 36 -111 -46 -106 8 -80 20 107 -35 -12 -115 -99 -21 -44 45 -118 2 45 49 -124 47 91 75 78 58 26
90 48 -121 75 60 -103 -75 -54 115 8 -27 -25 -11 83 48 27 -70 49 87 39 9 44 -24 -8 -10 16 35 99 95 35 -101 55 -99 83 -113 -54 -45 -36 20 62 -6 29 -96 -29 -126 -93 -106 -25 47 42 -65 -24 -73 21 -85 40 40 -125 -98 -115 -39 -87 52 -74
50 -37 -35 108 22 69 29 74 -101 3 -106 -97 37 95 -57 -121 -119 -75 6 21 75 -10 -48 -72 -33 31 95 125 -99 -15 -41 60 -128 126 99 16 1 -30 89 121 13 7 52 -30 59 -102 -10 39 -113 -57 -98 44 40 -22 -113 6 120 44 -3 98 34 -125 21 -41
-86 -5 -91 75 -22 -8 121 12 -116 70 29 121 16 -62 -102 -116 95 87 -31 -75 -90 13 102 91 11 109 72 33 -119 -18 -75 -26 -61 -106 -105 59 86 44 -117 87 29 -67 -67 16 30 124 110 -98 98 -11 29 -126 27 -45 -55 -47 19 -63 -81 -110 -43 92 26 4
17 76 -67 -25 -11 21 -86 1 -8 -101 114 -2 -55 -7 60 108 0 84 -66 -126 -68 -44 28 -90 82 72 65 -49 16 -33 -37 -128 -39 23 -46 -103 77 -23 43 72 48 72 52 -18 -73 6 24 -3 27 -17 -18 -11 124 50 33 110 86 96 -90 27 83 36 120 -70
-92 105 -70 -35 -113 -42 -56 103 89 -117 15 84 119 -112 23 122 81 -74 -71 81 25 -87 -78 -46 102 38 -81 112 123 -53 -119 68 53 -127 -62 22 -89 -19 -1 79 1 -106 -18 -5 -51 -94 -39 -15 78 26 110 4 -51 -65 79 -94 112 110 63 -57 56 -98 13 -55
4 -90 -40 -84 -76 -4 33 125 99 32 41 18 -53 80 -46 19 118 33 -49 21 -70 -67 -16 -101 -5 -122 25 2 33 -90 66 -103 -28 25 -101 -110 93 37 127 -35 92 -100 -67 -13 -42 71 53 -100 -4 79 126 -96 65 108 -73 -16 -14 15 -123 -74 26 76 61 18
-92 -109 91 -67 53 -56 -6 63 -15 21 2 -101 42 74 21 70 -39 57 -81 -48 -72 121 -113 -66 74 -107 17 64 -51 16 -115 -108 120 -80 50 115 41 -4 -59 -11 -74 80 -88 73 126 22 -93 -78 -92 48 38 -33 -45 -99 -126 60 80 122 -7 99 50 60 72 40
36 -109 30 57 -20 -104 -120 3 79 6 33 53 47 -38 -31 77 -68 -67 24 -60 -15 48 -50 104 50 115 -10 -13 70 28 102 -31 44 73 -103 125 -47 -51 -107 -124 118 -91 121 -28 -116 110 -71 87 109 40 -73 108 63 109 -29 -105 -91 112 -10 -3 61 126 -2 65
-89 -24 -63 10 -53 -97 106 -109 127 2 -67 -45 28 -112 30 -26 77 -116 12 -22 31 -17 7 19 -24 56 -20 83 -23 58 55 -5 125 -33 -52 113 53 -43 -44 -112 -117 25 -14 -2 -31 -47 27 6 -78 3 113 -14 83 90 -23 77 -107 -18 119 11 -121 -117 -127 27
0 90 97 106 54 -85 17 21 56 15 -45 25 111 -37 114 42 -114 -46 24 91 48 -119 30 12 105 80 94 -34 32 -101 111 -45 8 -117 5 -111 -75 -36 116 10 25 -94 -42 -93 -89 -99 -61 113 -8 29 -88 -110 99 116 -19 -106 -26 -19 104 104 -12 -53 112 -45
20 49 -32 89 79 56 92 19 59 109 -84 -72 -50 -67 -37 -102 22 -21 -18 58 95 61 -101 112 -9 43 -100 53 24 -85 83 -40 -111 21 124 -2 26 -94 -107 44 3 -118 42 84 96 116 97 56 -55 54 82 30 57 -86 37 -66 114 41 36 65 57 -30 22 117
-54 -48 -99 38 63 -45 -127 -112 -55 -127 30 -43 -44 -54 22 25 122 -15 -99 62 -46 -63 -65 -79 -22 -100 88 -2 -48 -112 -63 -19 73 -77 -61 -53 -122 -32 17 -38 51 69 47 69 -81 -105 76 45 69 -76 -127 -47 -85 70 61 -99 -16 107 18 86 92 93 13 -56
55 121 114 54 97 -121 -25 -80 -11 3 -80 9 -106 -73 99 48 49 85 -66 -8 30 68 -21 -103 48 83 -108 -71 24 -67 98 -127 84 -42 88 105 -62 15 -109 42 45 118 77 -3 -42 -3 99 120 -127 15 -24 -83 68 -124 -87 -59 98 -83 -23 -63 12 81 -65 95
59 51 38 27 123 66 95 -30 -38 114 -13 -58 -120 -110 77 -96 49 -116 -84 88 -102 -52 -63 84 -120 112 35 -62 -70 -32 84 48 45 -110 59 -78 37 -37 63 46 35 89 19 -30 30 -20 -14 125 124 121 25 32 115 -57 93 -116 -34 -47 -121 64 28 -85 -120 69
-115 20 31 -10 14 106 101 42 -106 -103 -69 8 48 16 -49 45 -45 105 43 -19 27 -32 108 122 -7 59 33 81 -26 -15 57 -38 106 26 52 -74 -39 -106 -88 -78 -20 -41 -112 59 -74 -86 88 111 59 -104 -33 -95 116 -49 -59 -74 -28 -48 33 21 -87 -120 100 74
-109 -106 -97 -64 -111 -42 -20 -92 -67 -112 -65 55 -72 124 89 -94 15 -1 113 -35 -18 31 55 92 45 58 88 -122 104 47 -30 68 120 -126 83 -48 16 -4 84 114 -103 -42 -34 29 80 23 43 55 -51 107 81 38 89 65 -46 35 37 76 26 68 3 -29 11 43
-22 61 43 63 53 39 61 -82 -46 -23 -108 1 -77 -12 -32 -100 18 -4 120 32 0 -13 52 105 71 -123 -77 51 62 13 -27 113 -9 120 -73 11 108 -7 15 3 48 -16 -50 87 82 -53 -21 -12 -2 -123 -59 -107 -46 11 87 88 13 24 111 119 -50 20 -57 -87
41 79 70 6 -73 -2 -50 77 -23 -80 65 0 125 73 -98 -78 40 90 88 -6 90 -128 108 -16 44 -8 -62 -44 -97 -15 13 17 -32 -9 96 29 26 -86 -126 -54 -71 101 -125 -36 26 -93 104 -23 115 118 -85 -118 12 -37 -12 126 7 16 -114 -73 44 -90 -88 125
97 -101 20 15 17 -81 14 -128 104 58 -115 -104 78 100 -62 -59 92 -49 -105 -119 48 -66 23 50 -59 81 -55 -31 91 12 93 -74 49 126 38 -11 68 23 -65 125 -43 -114 87 27 73 22 -39 -80 46 45 -96 -24 -60 91 -104 -33 -19 -82 -55 30 -47 -80 15 77
95 32 -89 -2 22 -16 10 -1 70 -18 107 7 -109 -21 -13 -128 -2 -3 -33 105 61 -95 -17 -122 54 31 -46 20 37 -35 93 -50 -92 -111 36 7 27 -54 38 63 -59 -123 -57 -121 73 -95 99 37 114 77 93 69 2 -116 -81 38 -106 8 -33 -88 66 -88 -40 -112
50 -3 42 -49 -115 4 85 -2 44 -122 -127 113 -21 75 95 121 2 -10 -38 -30 88 -56 36 11 -24 -48 -16 96 -72 125 37 62 2 -78 -117 -128 -72 -101 64 66 90 43 -72 126 -96 -89 -56 103 10 -52 78 -7 0 33 -88 7 -124 -73 -128 -94 119 72 -109 -29
