45 -17 31 38 -91 22 9 -75 -51 24 27 -104 52 -71 -50 -10 119 -1 -33 24 -24 -9 48 2 107 -53 124 -110 -10 88 -49 -70 97 3 25 19 -28 44 -74 77 -9 -44 32 -85 70 -62 -124 -65 48 -45 12 21 38 3 38 111 -6 87 -77 -51 50 30 -116 47 31 51 -40 -34 4 35 -19 0 -70 -31 31 75 63 -111 101 47 17 -102 -68 -50 -88 -92 96 80 -59 55 -29 -51 -19 66 -50 70 -1 -59 107 -115 -22 -10 38 53 15 91 -15 87 90 -47 -108 19 -61 2 -97 29 11 -47 -56 -102 17 35 38 48 8 -45 -33 -66 2 121 -103 13 -14 45 -46 -32 -57 10 -96 45 112 -61 -53 -12 -3 16 -8 -44 34 30 -61 -5 -47 109 -34 15 104 31 -56 22 9 34 -24 41 -11 -68 -96 11 32 3 55 119 -46 25 -6 59 -8 -36 1 66 -62 26 65 92 32 13 -92 10 20 -31 22 70 30 21 22 39 1 3 -41 34 -58 47 -74 -29 -11 76 49 -47 -53 -13 -29 25 -41 72 -72 0 -47 55 13 -9 -26 -69 -42 15 73 116 43 18 23 28 23 -51 19 -12 -39 -23 20 24 43 80 37 44 -82 -13 9 18 -16 -16 -34 10 -13 41 -51 14 41 45 -30 -44 18 18 -63 -4 -44 -123 27 -21 23 -118 33 -21 -70 12 11 -42 -1 -91 51 85 -25 -41 -11 -25 14 -87 -16 41 32 -54 -68 -32 -28 -89 -38 -24 45 -80 3 -13 -41 8 -118 104 -28 -44 6 -85 -42 -125 -27 -42 -21 50 23 4 -50 -41 29 -3 64 61 -25 98 111 -5 3 -121 71 -33 77 64 -14 -22 102 62 60 69 1 -65 105 40 6 -23 42 -39 -39 73 -28 80 -54 -30 -9 14 -27 -12 -43 -26 -31 31 17 -65 -44 -30 -14 40 60 -30 51 9 -30 16 10 14 126 -86 85 -88 30 -20 59 -6 22 103 -83 19 -71 58 19 18 -124 25 121 -19 -3 16 13 -87 56 -102 -57 64 89 88 -45 -24 -21 -3 -30 -113 22 -27 -30 -27 -22 -30 7 -27 -18 0 -99 15 -95 -85 -48 -8 -66 63 -81 17 46 11 57 -10 -51 74 20 -41 51 -12 106 -87 -11 55 100 -11 15 -32 114 1 22 -91 65 -21 46 90 -38 -15 15 44 -35 6 -59 18 49 -106 -44 38 -91 -55 -66 -14 52 99 41 -17 0 -53 -82 32 59 -74 2 -48 -82 17 -62 -63 -15 -21 -35 -52 -19 2 110 -70 86 9 -29 16 -2 14 -23 -74 -65 56 20 -35 -43 24 -65 -7 -82 78
35 29 -16 83 28 -2 -6 -17 13 -48 -23 -82 -71 19 -118 -9 116 -56 -8 -5 -15 25 10 -80 -14 51 -48 -23 -62 48 -49 -101 -14 -6 -76 -78 4 46 26 50 -87 18 -71 -8 36 13 122 -15 -116 14 -128 24 -75 19 7 -4 -28 118 -7 -15 31 -48 20 89 110 16 -40 40 -30 -64 -82 -100 -59 -54 33 -30 63 -19 31 -40 38 -69 -28 -48 -58 -38 39 15 -34 21 51 -72 -83 -98 38 -33 -86 -40 79 50 -47 -57 87 -23 -25 12 -47 126 -28 -33 -86 122 126 -30 112 5 88 -35 41 -87 20 -63 -3 29 64 -54 3 6 -11 -5 -56 -52 71 -28 -14 -108 -35 -64 36 39 74 -70 -4 16 88 -6 -106 -36 125 61 -38 50 -48 9 16 -51 92 -44 -90 55 -61 86 7 -51 93 -69 1 -33 -68 -102 82 -15 -52 77 18 30 25 -93 -74 92 20 11 65 21 124 40 -54 -23 52 -22 -17 -11 24 -21 -19 32 17 98 47 84 -78 97 -41 3 -14 -99 7 53 -67 -76 -63 -62 -90 49 22 -8 -66 45 17 -44 68 -7 97 -71 92 -2 87 -110 17 49 95 -43 49 -45 -101 -118 11 38 30 -24 66 30 16 -5 83 -74 -22 97 37 -6 -31 78 9 47 58 -77 -33 52 -13 -82 -26 1 -50 -94 -88 15 -44 69 -32 -48 -15 -14 -53 -42 5 -116 -71 -1 -81 -77 -7 -78 34 -21 -54 46 116 -57 -21 2 26 -9 -60 27 39 -58 -24 14 89 -19 93 36 46 -36 -89 -79 -61 -38 -20 -77 -108 123 93 -11 105 43 -6 69 6 -18 -30 -18 -120 39 -71 18 -107 -21 -5 48 22 -25 -68 -26 -10 66 -8 124 -26 37 94 7 38 9 20 43 99 40 -1 -5 25 120 111 66 -39 -14 -5 -95 41 -10 35 -88 10 -31 -23 97 22 50 -37 28 -18 -94 -90 -26 38 104 -13 -46 66 53 105 32 17 -15 -8 51 -93 -26 118 61 48 113 -87 2 81 11 -15 -87 113 27 57 -26 -51 -70 -25 -127 57 -35 -44 51 -95 2 -81 -123 54 -60 36 29 31 -42 0 10 18 45 72 56 3 -3 -52 54 -65 23 -10 91 37 31 47 26 79 -52 61 -25 117 60 -27 -88 -11 -54 -22 6 78 65 -82 17 107 -27 -70 -118 -12 1 -100 7 7 23 93 5 27 -49 31 15 11 10 79 -29 26 -29 -107 17 -10 -77 -65 74 35 88 -2 -36 8 -29 -16 79 -66 28 -50 35 -26 -46 75 -77 3 -2 -10 -47 -17 32 -63 6 -22 84 16 -32 12 86
38 60 74 19 -79 29 73 -64 -25 -32 75 -5 -16 32 -83 34 98 77 -49 97 -41 34 118 20 -29 77 -11 -107 -1 55 21 -10 32 -109 80 12 -3 22 -105 -93 -63 20 -9 -18 86 6 101 -32 -29 -33 58 -64 -61 98 87 47 74 -20 -115 -47 -1 7 94 -41 -98 -111 -29 -12 31 -44 18 -25 -1 -50 -76 -109 29 -10 40 69 -27 25 -23 -85 -13 39 30 43 126 -12 -14 -53 -84 -71 10 23 68 -64 54 53 -63 -68 20 -5 47 19 -10 81 40 25 -67 113 -77 29 69 8 -117 19 -1 -80 -13 40 61 -39 18 -60 78 -25 -3 5 -12 -122 40 4 -30 -54 -68 38 40 84 4 -40 -5 -24 -8 65 32 -6 -11 -110 21 73 27 6 -11 17 1 -74 38 46 2 37 21 -41 35 -103 13 63 -44 -103 63 28 77 -78 71 69 -63 -37 23 19 5 4 23 -16 -9 23 -31 11 61 57 -37 65 8 -14 24 -9 33 -37 47 35 15 55 1 -79 -24 -1 -18 4 -20 -21 48 14 44 1 -64 -109 4 41 -39 -52 -46 110 60 52 -6 -101 34 80 14 123 -19 -48 44 -2 -71 -79 86 26 3 -23 83 78 0 -75 39 26 36 -29 -94 51 1 -35 28 81 47 -6 -6 -11 51 45 -33 51 -23 -30 -28 7 85 65 -22 -60 8 42 -48 16 43 -18 -86 -39 50 -93 -9 -66 25 -93 -64 97 67 -18 -43 -8 -115 -122 -127 52 14 -30 -62 45 -97 35 -64 67 12 32 -65 32 16 -4 -120 -13 -52 -64 -18 54 19 -43 -25 6 -13 -3 -75 22 119 60 -70 -25 -100 14 78 68 6 21 24 53 66 95 120 99 108 44 38 -35 45 72 -43 103 8 75 51 65 -56 -17 78 27 -53 -62 62 -73 77 -50 -28 35 81 -21 23 12 19 36 3 47 70 -100 -37 -60 50 69 -38 78 44 -36 19 34 44 56 41 28 -27 -17 -125 -4 6 -53 99 -52 56 -4 96 -48 85 15 56 63 -67 7 -58 -68 -7 -19 78 -34 -52 -23 -30 -30 15 -40 -73 15 87 10 -2 91 -116 24 55 19 2 26 -58 17 43 -42 -27 50 -16 67 10 18 92 -61 16 35 59 -29 27 -39 35 58 50 -52 25 108 -42 8 -18 -80 -115 77 -101 -52 9 -1 39 -46 -50 41 -127 -82 103 89 6 -32 12 7 65 -32 -99 -20 37 -43 1 -15 24 27 -70 2 -13 -87 -74 22 127 -48 12 34 -66 48 30 12 -89 31 -57 -3 2 1 44 -32 -51 102 97 35 70 13
-10 -11 -2 68 -36 40 55 -119 -41 -98 -10 -76 43 37 -45 -3 -31 -44 47 -59 75 -76 125 38 52 8 -2 102 -23 31 -51 47 -8 12 92 -20 60 55 68 -29 -81 70 -96 48 57 61 113 -22 2 -40 37 -1 -24 45 90 -79 56 61 -38 -42 21 79 108 -6 7 9 -31 -120 -57 33 -68 -128 -30 -76 20 19 58 -95 -67 -5 -46 -68 -17 63 -70 65 11 55 36 12 11 -8 -96 -51 30 77 -37 -53 23 11 -80 59 57 24 43 -78 -7 121 15 -61 115 125 70 -6 -7 -35 3 12 37 -115 87 5 -7 86 -126 -49 75 -88 3 56 -86 40 113 17 -41 -74 -5 -62 5 85 30 -72 40 -114 -12 -91 -32 -22 20 111 30 1 104 -32 -24 -9 -7 -55 -28 -103 -17 109 1 -33 -6 -67 40 -76 -12 -79 74 -54 -20 -98 10 8 -113 -25 -29 56 1 31 49 80 -77 69 -37 83 -20 -23 -20 1 83 10 74 4 -67 -49 56 65 -67 74 -18 12 23 -19 -33 -93 23 -7 22 3 -13 32 -21 -16 -54 -124 -7 29 10 -65 58 35 17 105 49 44 -32 31 58 1 20 -16 -28 -44 59 42 -35 86 -5 72 112 -82 17 -13 96 34 -127 13 3 -58 -108 6 -12 -13 28 72 39 14 43 9 32 -100 8 -65 41 91 -48 -52 -80 -1 -87 -59 -32 -74 19 101 -36 -42 9 -11 47 13 -10 -17 24 -16 -61 -42 -57 -43 121 27 19 -76 -81 -38 -36 -45 13 44 5 -54 -36 -50 -100 -20 -64 24 -5 -16 -52 -32 10 7 -51 114 -60 75 1 -19 30 86 -20 -10 -92 12 -38 69 38 -18 20 53 68 -52 -37 22 66 -19 101 -21 -42 4 -74 48 70 -76 6 66 6 -49 8 -54 -31 74 -64 -14 2 -78 9 -10 -16 18 50 -34 88 -38 -44 90 15 -107 122 -10 -2 59 -8 -22 66 24 13 8 -7 -15 -7 33 1 42 57 33 -3 -9 111 -77 -20 -27 72 -26 -2 25 88 -23 -14 -26 -8 78 79 -48 25 22 -94 51 -64 -105 -54 -64 -20 39 89 -16 39 54 30 4 -37 51 9 -18 -1 33 -4 19 -24 24 3 5 64 66 28 -56 81 30 54 3 -6 -31 48 25 34 -7 15 -12 -37 -37 -44 -86 -35 -11 -48 -37 -122 34 -80 14 -26 53 0 -8 -67 -15 34 -66 110 -98 -66 18 -88 -31 3 -36 22 34 9 34 -3 -32 57 -116 0 82 12 24 37 44 -3 -66 -78 -87 55 57 14 -18 -43 -55 -14 -4 20 -97 23 -41 30 -25
-26 4 29 -9 -9 -21 82 -39 -43 13 -35 -41 2 5 -94 46 119 -4 -5 24 -64 -18 65 31 15 -2 -41 -82 -50 77 -65 31 48 98 25 -47 25 -11 -23 114 -41 18 78 -16 39 60 -112 10 -36 11 47 64 -75 27 109 46 12 -5 -57 -50 62 -42 -29 30 38 -5 -48 -46 -66 12 69 -72 -88 -86 5 54 -12 -43 42 45 -8 48 -18 -92 3 82 97 -12 -10 86 110 94 -34 -21 -1 -72 -7 -78 -44 19 7 49 -124 -5 -34 5 98 -98 59 -87 -28 50 -80 -113 37 0 -19 5 64 -68 58 -11 -5 71 62 -4 63 -57 24 66 -18 7 71 100 -42 -25 -83 -44 -28 84 67 -55 19 -49 9 -51 -32 37 49 93 1 -71 27 -35 88 -36 -106 -1 -40 0 14 31 -26 -18 56 -60 94 -41 12 33 127 -4 3 114 -80 0 7 -70 6 -9 -11 -35 58 -18 53 38 12 -12 10 -56 -34 11 -86 -19 26 -24 17 -72 9 -26 -7 -30 54 -79 -61 -50 -43 -85 -93 31 21 71 -27 80 -65 68 31 23 -1 -64 16 16 1 32 58 -68 46 12 -9 50 35 39 36 -22 -62 -53 34 25 -42 34 1 60 -21 12 87 -22 19 -10 -13 -19 20 13 36 -14 68 30 43 66 34 12 6 -25 -92 -121 1 3 -62 -52 3 32 -48 77 -62 80 -9 -27 9 -56 27 -5 9 -6 3 25 -60 8 38 127 -48 -94 -23 -124 -14 19 55 54 -43 -64 -26 37 34 22 33 111 -72 -88 -108 -21 -7 -67 48 -79 55 13 -36 -24 38 -25 -37 26 -55 -8 75 44 9 -30 -70 -58 115 43 48 11 -53 20 -28 28 41 -65 -24 9 48 49 87 12 -10 84 42 73 41 -15 35 -51 -82 24 83 53 -40 18 11 -71 -68 -77 12 6 -52 68 114 40 43 -14 -48 27 33 -18 18 82 -99 -7 -15 -6 16 -17 -37 -26 64 79 17 0 -56 26 -7 -69 -125 10 2 -56 -62 33 -15 37 13 98 -4 44 50 -113 -59 -37 -17 -30 -77 28 -12 -24 -9 -50 -46 56 3 8 -117 68 -83 -13 55 51 -35 96 -70 44 -5 69 87 24 -3 4 35 30 -6 36 33 49 92 45 32 -75 45 4 52 -78 74 85 -44 44 -49 -83 27 78 -37 1 -49 -52 -65 -65 -12 23 -115 -42 5 -69 -57 77 14 30 -8 -33 -95 19 -1 -26 -39 -4 -18 -63 -30 -79 -31 51 21 -29 121 59 -35 40 53 28 7 -44 8 88 -45 -55 -8 82 -59 -15 30 -8 -2 -10 89 9
-27 14 13 18 -12 -53 73 -81 -30 -1 112 -110 -37 -19 -7 26 -35 -2 75 20 -55 12 68 48 20 15 -8 115 28 111 -33 51 46 -7 -67 -23 29 67 14 74 -56 6 -29 -1 17 12 61 -93 -41 57 66 -38 0 28 78 -107 22 118 -41 -96 23 82 48 -36 1 -56 -66 -63 -41 5 -39 -29 -9 -59 -40 62 -22 -95 122 50 70 55 52 -13 -65 44 -27 -20 22 -71 -25 2 -19 -6 38 21 64 -35 63 5 -45 -79 -32 -28 47 21 11 120 -5 -14 -23 11 -72 -73 125 -40 -105 -25 32 -9 15 -18 87 19 22 -61 12 15 16 58 3 18 34 8 -18 -36 6 20 27 53 48 -59 -70 -26 -21 -100 -108 -62 67 46 -29 -87 60 2 -32 4 67 38 -93 39 22 -28 -93 0 -28 -91 36 -1 29 -24 -21 44 94 -26 -12 -82 -65 -28 -89 14 -6 13 -20 107 22 5 71 47 70 -9 -64 13 119 47 79 87 -16 -75 45 26 -4 89 -21 -120 26 -118 37 120 -74 -83 37 -38 0 92 -69 -10 -3 42 46 17 70 2 -4 48 42 22 53 -42 -16 122 -6 -77 43 29 -4 -37 26 80 -4 64 -77 4 -2 -61 109 -4 42 -17 -101 18 86 49 48 -32 12 -59 -12 33 67 -21 -41 6 3 -45 -88 -79 -49 23 -75 -76 -5 52 -41 2 -39 48 19 22 1 -28 41 4 90 -98 -72 29 13 28 62 -66 20 -82 22 -7 -57 -34 -89 18 -12 -11 23 19 4 -72 -9 -54 106 30 14 -13 17 -49 -55 -88 22 -8 -58 13 66 27 9 18 10 123 52 -37 -14 32 109 73 26 -27 1 11 7 -1 -71 -38 23 35 -103 60 14 33 -87 29 -24 13 -34 69 -26 -71 25 -44 10 37 -88 -32 34 -6 15 -4 -31 -28 73 7 4 -31 -13 18 -1 -65 -107 -6 40 31 -45 -51 96 76 88 19 -69 -12 34 -11 -22 43 116 91 101 52 76 62 -26 -64 17 55 1 -35 -21 16 -22 66 33 29 -19 58 42 24 -7 47 18 -34 14 -52 -42 104 40 -50 29 37 25 0 -3 10 -51 52 6 27 0 27 74 28 72 90 76 89 76 -3 20 0 107 -3 -12 -44 94 52 -23 78 -5 36 9 -79 9 -15 -48 123 -20 -3 111 56 -38 36 -22 -22 -75 -26 -76 3 47 -93 75 -16 -57 -92 115 106 15 -17 -53 51 -18 -1 -15 -1 -3 43 13 -33 57 -17 5 29 48 -19 -59 -34 -16 -69 -89 27 -32 -45 -74 -56 -27 23 -3 -26 51 51
-18 59 74 49 -28 18 113 -26 -76 -89 -46 -29 -58 11 -87 89 -11 -66 -64 -33 -35 28 60 31 12 -31 -126 -40 -37 53 26 -48 5 -17 -13 2 60 71 9 84 113 12 35 24 -16 48 49 -76 -5 27 104 -1 -1 38 81 -3 -31 54 -81 -54 -95 20 63 35 19 -96 -6 76 -86 44 -32 47 -51 -19 -78 37 12 23 -1 69 41 59 75 -49 -48 -76 54 116 -67 -5 78 0 11 -80 111 21 17 -45 -18 42 -18 -34 12 38 -27 39 14 63 2 10 -29 53 -80 -39 38 25 67 -67 29 -27 -32 -86 -101 -15 -41 -71 -33 -82 2 126 109 112 29 -47 -59 -39 -33 -63 -59 0 70 -83 -53 -22 44 -69 -18 -8 19 57 -71 26 42 47 -89 -96 -64 4 60 -97 37 73 -22 90 -4 -36 110 -40 86 44 31 59 32 -66 4 27 -32 29 -45 -26 27 17 59 55 14 57 -42 96 40 67 -57 85 -10 -37 41 22 19 -59 52 -19 -27 47 -17 -78 -91 -28 -3 -61 -44 -111 -40 -36 30 87 -47 -42 -83 81 70 29 -83 -66 22 -59 42 -55 11 58 -1 34 17 8 10 -13 -45 -55 20 20 -13 2 -17 43 -55 -65 -25 -42 -35 -118 100 25 14 72 -28 -65 32 20 -12 -88 114 0 -49 36 19 -102 2 -97 -3 50 7 13 50 -35 -30 -26 29 -20 -18 33 8 -56 0 -26 44 -58 -60 -3 59 25 -25 -105 42 99 -10 -98 74 -43 -73 -40 -1 52 11 56 -1 -86 -96 -77 -18 -22 -6 -64 59 -11 43 -74 -58 37 -55 0 74 -49 67 91 31 -13 -17 51 123 -22 57 46 16 36 26 65 -3 81 19 -60 -5 11 76 73 34 -5 26 87 -13 94 27 19 -16 68 -3 24 -37 57 3 -99 50 -86 11 -99 111 0 -55 -26 77 -47 -4 14 -3 -12 -62 -40 14 -12 -25 66 102 42 86 -98 -16 11 -53 64 -7 51 -119 80 81 -26 -85 70 -74 15 4 65 -70 -8 50 47 -58 30 -45 -73 126 -20 4 -3 43 -36 -73 -89 -48 -31 8 -31 23 0 24 26 41 38 7 -39 54 -18 -3 39 45 11 -21 -14 -39 93 94 10 63 20 15 77 53 25 16 -18 16 23 46 -47 45 -8 -3 38 12 -16 30 77 -126 -73 32 42 25 -73 -113 -11 -51 -24 -72 36 31 -61 41 76 20 16 -89 45 -26 3 -73 -31 -56 46 -85 15 66 4 52 36 19 34 62 57 -21 -6 44 30 -6 87 -124 -53 -15 -59 -12 0 -66 24 -31 111 -28 51
40 -9 23 34 -51 20 -2 -62 -47 -39 84 97 -7 -18 -70 -22 -46 -30 38 85 -40 91 19 -43 -5 79 -60 -89 12 50 -36 -7 1 29 5 27 56 107 118 98 87 3 -88 43 21 33 125 -7 124 -80 74 -4 83 7 29 120 58 -116 0 -46 -91 -88 -35 8 -48 -48 -37 -47 -60 -50 -15 -74 -108 -59 -22 -80 70 -89 13 45 47 -65 -52 -38 -34 39 2 -115 -8 36 39 -20 -84 -36 24 41 -57 -114 90 49 17 84 -34 6 29 -22 -34 34 -93 -34 -109 81 -109 -16 -57 43 70 -56 -23 -17 40 -20 -33 35 -13 -10 18 -38 30 -112 -14 76 32 -1 -112 -94 -34 -28 -25 -25 80 -42 52 0 75 -12 -88 18 17 32 -29 26 -14 8 -116 8 -95 -43 -27 52 -75 82 -29 -46 -69 -94 110 -6 17 67 72 51 43 24 71 -15 56 -3 71 33 -61 24 68 13 68 33 -10 -127 70 -10 19 -65 -93 -66 27 91 -35 -39 85 -64 1 21 9 -30 -45 7 99 -79 -82 -17 9 37 -26 -48 -45 -105 9 34 -117 -66 4 -20 54 10 102 -29 77 47 -17 52 45 74 7 -18 19 -83 67 -19 -103 -40 -37 95 -110 33 126 20 -40 7 -123 9 -83 14 -6 51 42 75 -21 57 25 4 -48 2 3 47 -3 0 -15 -7 5 -20 -30 -57 -68 -46 93 -37 57 68 46 -61 -33 -28 -29 -14 55 23 122 -67 -7 24 -31 47 -9 16 109 -67 -35 48 78 69 -53 106 19 -109 9 -64 -49 -84 6 -59 67 -64 29 23 70 4 17 28 -24 13 -27 -55 61 14 44 27 -62 21 -14 45 61 -18 32 58 -12 -9 21 -38 27 13 104 -18 -3 8 7 70 100 -22 -52 -93 -24 8 14 19 2 33 68 -43 1 -55 -31 -81 -22 -21 -110 -10 23 75 -10 37 87 -82 -47 -15 21 -109 22 50 70 -35 45 -32 31 0 -102 12 -21 56 -39 14 -19 -36 111 28 68 -5 -54 -44 -18 37 35 30 -19 22 97 -26 78 -2 -39 -12 -52 -19 -109 -56 28 -4 -27 -62 33 -99 55 23 92 51 78 45 59 -10 -46 2 120 17 91 18 -9 10 43 81 106 -39 97 -85 44 58 70 -116 21 6 -40 34 50 -12 51 64 -11 -6 32 40 -73 -2 42 24 32 -36 66 -53 -19 -55 -8 -14 -19 -89 64 -24 16 -16 -46 -8 44 -67 6 4 51 -51 92 13 16 -18 -1 -5 5 -6 -3 18 -105 41 -26 -55 41 -22 -67 54 24 -1 16 -32 -68 119 58 -42 50 -56
-63 -11 -5 63 123 107 60 -117 -11 -78 -55 -87 -53 -16 -61 98 -93 70 1 65 6 23 46 83 -29 -46 -10 -102 -6 32 -25 83 -44 19 -1 -41 31 -118 -3 79 8 -30 32 31 52 -53 117 24 85 -11 -5 50 48 42 0 -81 -39 86 36 14 -7 -62 24 -32 -58 103 73 -117 -76 43 -128 -94 -72 17 4 57 16 -41 7 -41 6 -35 20 -52 41 -39 46 -32 43 59 -54 40 49 15 -82 48 68 -17 109 66 -114 9 11 45 -26 21 -18 60 72 -24 -76 21 -37 -73 -123 46 5 -49 11 -25 44 -39 7 4 11 23 -51 -94 -77 100 -74 49 51 1 115 10 -33 0 -61 33 -71 -74 74 -50 124 -111 115 -46 49 -95 -17 77 -45 43 -49 37 -21 -4 -53 13 -110 -24 33 -100 -4 -101 -127 -6 58 -14 6 -33 95 -49 48 -76 -33 16 -78 66 -86 71 95 -118 40 14 5 103 -128 -97 -52 -31 64 -87 22 -69 -6 -28 23 -50 20 -18 18 -97 -66 8 3 80 -57 124 -17 -34 -38 57 25 -64 -49 94 19 -4 -10 -42 -11 51 26 7 38 -58 -59 18 32 15 -127 -11 -22 -5 -99 0 68 -9 18 74 41 -73 47 -39 -17 12 -53 110 -67 5 9 100 46 -14 54 13 -21 2 1 75 2 -24 -88 -62 -21 17 38 -6 34 26 -101 -47 -3 -57 -39 -6 16 11 -119 78 32 7 -51 104 -6 -73 -76 -2 60 0 21 -14 -73 -7 -14 21 -3 111 75 62 -59 -62 -70 22 -90 5 -47 -25 54 -103 71 -28 -9 -1 -35 16 83 46 -83 -11 32 -27 36 31 -97 -7 27 119 68 47 12 65 -23 10 -45 -59 113 105 37 27 82 3 10 -128 50 -48 2 -20 0 -9 33 2 -97 96 -11 -16 -42 -10 -8 -37 66 -7 -18 63 65 2 -126 -27 10 40 -49 -28 -13 69 78 -15 27 76 -13 0 -87 -3 -22 57 46 44 52 27 73 -6 -118 -26 -100 37 -1 -29 -91 -100 51 -39 2 16 73 -82 38 15 -1 70 -32 4 -69 -63 -75 17 -37 -3 74 1 86 55 58 34 -15 87 15 5 -37 -23 49 31 -38 61 -37 -56 8 125 -3 -45 9 -24 30 92 -34 -96 26 -5 -42 114 -41 51 4 61 -22 -24 -17 -27 -39 -44 -100 -65 12 -95 -44 -4 -31 -128 31 89 43 -46 10 -84 17 -7 -52 46 2 -44 3 59 -18 -10 -118 -53 44 -16 4 86 -16 45 -16 53 31 -11 -59 -64 98 70 -64 -74 -2 17 -38 18 -30 -95 21 -38 17 5
34 -21 29 108 -86 70 0 -13 -88 -88 44 -58 -21 18 0 92 -79 47 -125 -4 29 7 -117 -39 -11 8 18 -90 24 -67 -68 -43 -89 23 7 -52 -77 26 -12 26 -20 75 -16 -14 39 -50 68 10 7 -64 71 39 69 32 26 126 24 52 8 -74 6 -26 127 0 4 -24 -40 -28 6 -1 58 -28 -95 -79 32 82 67 -72 35 -35 -42 -65 -15 6 -93 51 -42 -26 -90 -123 47 96 -56 -83 0 73 -19 -80 104 -40 -6 -36 -26 26 26 -8 -36 25 -2 -73 27 73 -122 -1 -90 2 58 -53 29 -34 -18 -58 58 -98 17 -54 -16 -98 14 22 -94 -10 84 -59 16 -41 45 -42 -42 48 61 -41 37 27 40 107 63 28 -41 29 -69 -15 -15 33 9 28 -40 -79 -18 22 -41 64 65 -26 -3 89 110 53 -5 1 78 -2 -2 4 -61 -26 9 -63 82 -7 -29 95 -39 40 -18 92 -2 121 22 53 10 -3 -55 57 48 86 -71 -30 28 94 -123 12 54 46 -20 -68 -10 -74 111 12 -40 -15 101 81 -124 56 28 -21 -9 68 46 -16 4 26 68 -63 15 29 70 107 63 -96 39 67 -23 -62 6 33 68 73 0 2 -45 -19 87 -63 -9 112 31 50 34 27 -11 16 57 6 25 -37 -5 41 -34 -5 12 -23 -51 -15 34 11 58 64 66 34 -44 21 68 -95 106 52 23 -88 88 -97 -72 71 14 -29 -4 -93 -33 -21 0 11 -88 12 81 -79 -111 -49 33 -51 -12 31 -59 -48 -39 -45 32 -29 -47 -61 24 -22 44 7 -3 19 14 -30 -6 48 -43 -57 117 55 -13 75 -62 14 22 14 31 -82 -22 41 -16 79 69 -59 38 -5 1 38 1 -25 -13 102 -41 65 -30 27 10 -16 -44 28 -54 43 14 6 21 -27 -34 49 2 26 -11 -41 -24 -73 -69 -7 52 30 -112 -9 12 27 15 -2 59 59 79 38 14 42 43 86 48 46 -71 31 79 -19 107 -55 9 -41 18 -62 -39 38 -96 -17 -40 55 33 -72 32 -47 -69 -85 17 -50 -39 47 -60 -26 -73 -30 115 -39 -12 -15 37 3 38 81 -2 -30 -1 40 -45 -45 -12 62 17 50 52 9 10 -26 126 46 -24 40 11 3 111 32 82 -50 66 6 -6 -68 64 -58 -49 22 -114 -63 114 -101 -6 13 -3 12 -56 -20 5 -25 27 -48 -11 69 -16 53 -11 -40 -27 -7 110 27 63 -43 -118 -103 -19 -10 -53 -4 32 28 -68 -43 -45 84 3 -70 58 27 0 17 -38 -41 -85 -75 -68 91 10 -48 38 123
38 -10 76 29 -38 -34 -82 -16 -64 -40 16 -109 -9 -22 5 33 126 -42 -12 -21 -98 -40 21 32 84 -56 -8 121 -103 16 10 86 91 25 75 32 41 36 -15 79 -30 22 -5 -11 78 115 82 40 -3 -88 34 9 31 54 65 -77 23 -24 117 1 -12 -22 88 114 -53 -36 -55 -1 53 -49 -50 -37 -100 -14 -27 68 30 -110 24 56 20 6 -36 -78 -84 68 121 84 20 42 -98 34 -96 -94 -5 10 -37 -26 10 44 -16 34 -23 -40 14 63 -6 95 38 3 127 81 -65 14 56 19 32 -12 -2 -30 8 20 38 27 -81 -125 -24 -50 90 97 -87 -128 5 -5 11 -62 108 30 -73 55 82 -21 16 -29 -27 67 -17 -58 49 106 -61 -25 43 -11 -17 -58 26 25 -54 36 9 84 -77 -26 -61 -31 29 -23 38 5 59 -55 -6 -116 -21 7 12 77 66 14 -44 51 -27 43 25 -107 -23 106 29 -60 25 -3 24 -43 -2 -127 13 19 -72 -20 -58 30 21 -55 31 -38 26 9 38 -120 61 6 -6 -18 -65 -80 -8 -29 68 -5 -1 -48 68 51 46 -73 61 12 39 84 54 -81 71 -9 -59 118 32 48 -54 17 -19 40 -57 -26 15 -66 -17 -15 -31 36 30 7 34 -44 80 92 104 -26 70 58 43 -67 103 105 -35 -95 -99 -26 -41 -56 -83 103 -46 18 -35 -30 39 -20 9 -33 4 -29 98 -38 -67 60 45 -55 -18 24 42 -60 -30 -77 24 -31 66 65 -13 -8 -38 -115 -111 7 -4 -3 51 -63 11 -49 46 -95 4 -36 -10 51 -68 -47 15 22 49 21 33 14 66 38 -69 -90 -28 72 -70 14 -1 -47 6 47 -36 -62 97 -20 40 -74 39 -50 -2 21 36 7 -61 -69 93 -5 -23 -44 11 -85 -41 13 5 26 -91 -35 12 -37 17 -54 14 -7 27 60 9 -16 -100 -50 112 13 -11 -41 103 -12 113 37 -45 79 35 10 -18 97 -108 -117 -4 -67 64 71 -69 9 -82 2 -62 -1 23 86 -42 -29 0 44 4 -31 -16 -41 117 2 -76 -100 -21 -39 21 -70 109 -28 18 58 40 -18 4 21 92 40 -27 78 85 6 -45 -127 23 43 -83 -34 22 49 -75 52 -105 14 -56 -9 61 -17 33 -26 10 47 -75 -61 -44 -49 -16 104 -32 27 -14 -27 -38 -61 -35 -26 1 -21 -47 62 6 -108 3 34 -33 -53 107 31 13 14 -44 52 18 -30 6 -31 -10 18 -30 5 71 -11 71 58 62 97 -13 -52 -16 6 -38 61 -75 13 -37 -67 93 -3 61 90 84 31
-3 -46 4 -11 -88 59 17 -51 13 -99 27 -53 6 19 -8 18 -34 23 6 79 20 -10 42 -5 -47 56 0 127 -49 25 -40 -12 65 53 98 -38 -48 47 57 61 -102 -17 -32 41 36 106 79 1 18 -4 103 -25 -54 -43 110 -21 -4 102 -110 11 -14 -88 26 -59 -92 -75 8 -19 18 -6 -1 -43 7 -18 -28 -4 -3 -28 -21 -42 34 4 13 -39 -17 67 74 -4 -40 -6 -71 -19 -56 -2 -44 5 -13 -17 37 -54 -109 -69 7 -53 10 5 -31 121 69 -5 -56 111 -97 -36 -98 16 47 -14 22 1 -29 -17 29 25 -1 -66 35 -115 52 41 -47 20 63 6 -63 -23 18 -4 -33 18 57 -22 71 -25 19 122 -96 -63 32 36 -16 29 22 20 45 -64 -42 22 31 59 33 51 -37 -22 34 -74 -95 -80 42 -48 26 -71 -47 -86 -42 -76 -3 49 -3 -49 -12 60 -17 28 4 26 37 69 33 -34 45 10 -2 -8 19 -77 6 -109 98 12 -82 115 50 2 -71 -86 -33 -66 -74 -58 -89 22 -78 28 -43 -35 -1 -21 0 57 13 -16 49 -15 6 -59 8 55 2 35 84 -38 66 5 -13 -20 50 30 31 -15 3 12 -3 1 35 30 9 9 -26 93 -9 13 -8 23 -12 69 5 18 15 16 -45 36 70 -38 -107 -31 51 -6 -79 86 44 91 -35 80 28 -28 56 -15 28 -5 -11 -17 25 -15 -51 99 20 -45 49 -29 -21 -69 27 -25 113 -100 120 14 11 9 -5 101 -29 -24 -97 -54 -78 -35 68 -46 72 123 60 -27 -12 -56 64 31 -25 -28 39 44 -100 -24 19 -35 -77 59 74 50 -40 34 -20 24 -39 124 41 -25 76 14 -20 -40 8 -2 -14 -8 40 -73 23 -10 85 -15 25 -42 49 83 -85 -2 -50 -26 -47 -109 85 -40 27 24 43 -49 -20 20 -2 -22 -71 -29 -23 52 -22 30 42 99 11 -37 -14 98 -2 83 4 -27 -91 58 8 -80 69 -83 -54 52 -93 39 6 -14 68 27 -80 94 39 -54 -33 10 66 -6 24 -52 -78 -33 -27 48 -11 116 49 38 82 -9 -35 40 51 12 70 -81 -50 23 23 35 10 112 39 20 26 30 61 -51 47 67 32 -50 59 -44 -124 112 14 -8 -6 36 -37 88 10 -87 45 61 -105 -63 103 63 22 -84 8 19 112 -10 -24 -37 -21 -25 83 -58 7 -37 -31 28 -11 60 28 42 7 -30 -105 17 0 19 -20 120 -106 -75 47 77 -12 -32 -59 -18 6 -102 -85 -17 -8 3 -100 -23 -41 87 -36 45 55 15
14 -89 8 47 -81 -48 7 -80 0 -45 37 77 4 48 -82 47 -26 -68 -53 74 3 58 72 -11 59 23 -40 -24 -65 20 30 24 10 -47 -8 58 49 -15 51 96 -63 -4 -42 -27 45 62 36 -24 6 36 56 -29 12 64 -43 -11 42 -3 -95 -16 -66 74 9 -26 -6 56 -98 -30 -50 -35 22 50 -17 -64 -26 84 -44 -73 45 49 -46 -8 3 -71 -10 29 31 71 -73 -10 28 -66 -35 11 -19 18 54 -100 -92 6 -128 34 19 84 -37 -15 56 59 91 51 -98 87 109 52 100 33 -15 20 117 -81 76 -72 35 -9 -29 -27 16 -32 -49 124 -74 -10 -14 79 9 -51 52 -35 -38 69 -57 -17 25 -7 53 119 2 -32 3 3 -9 6 94 -8 -30 -19 121 -27 -42 12 72 17 -78 -78 -35 -70 42 -59 72 12 -110 45 -91 -4 -35 61 35 40 -44 41 -45 -71 64 -16 -26 13 -90 11 11 -24 -53 -40 72 -96 16 26 -48 -31 41 -95 -43 44 -55 -69 9 -54 -39 -52 4 11 6 82 -32 124 -7 100 32 28 42 26 -42 -27 25 96 26 95 -26 25 -22 66 40 -11 -31 -6 -61 -69 -19 -10 -3 7 42 46 -26 -54 6 11 31 77 -103 39 14 -23 -40 19 94 -6 75 46 47 28 -13 24 9 -81 -92 22 4 59 -73 117 -6 65 -12 3 -72 -93 17 4 60 -19 -7 84 96 -51 11 -10 79 -108 5 31 -65 117 -99 -43 -124 36 13 48 -21 -5 -39 113 69 -12 -21 -112 -51 -46 -13 -41 -28 -98 8 -68 -6 -2 42 -11 -33 -50 -42 -127 11 -17 -58 -31 -72 -45 79 -8 -83 1 11 -1 68 39 -13 -81 30 17 25 34 -27 24 1 121 86 -52 -32 -5 -40 -14 17 35 -85 43 -8 61 -2 -10 124 26 -80 -52 28 36 17 75 -66 -39 -24 3 97 -27 8 -52 12 -44 50 8 22 -45 -29 -32 30 22 121 -4 -31 12 57 26 122 12 -48 -117 -75 21 35 0 81 -57 -11 12 -11 -74 52 5 15 11 -35 -4 15 -36 -60 15 -63 -20 55 -17 -5 47 -13 22 16 -114 35 92 39 71 93 -92 79 75 42 89 66 99 -85 56 21 12 29 48 53 -36 116 50 71 -30 2 30 -20 19 33 -46 26 73 -24 53 -92 29 22 2 -12 -46 -87 -20 27 3 -8 -38 21 -19 -32 -32 -93 -24 4 -45 -34 -12 0 30 -110 19 14 5 -39 3 -27 76 -12 95 -4 -17 -99 -26 -36 -27 -55 20 -70 13 -71 8 -39 56 35 6 -10 106
39 -42 -9 37 -5 49 -10 15 -92 14 40 -56 -66 34 -94 -8 -118 -45 62 27 -44 38 48 -96 -89 -60 -56 16 -60 42 56 -19 -38 -19 -39 3 59 -63 -22 115 29 72 -52 49 107 57 51 11 66 -39 93 51 108 44 -55 -36 95 36 28 71 48 13 -3 64 -21 -21 10 -26 15 21 83 46 -45 -64 -76 -20 29 -116 -24 11 28 -86 -29 2 1 15 56 -28 41 4 28 -27 0 -6 2 -39 -3 -55 102 37 -41 47 121 111 48 39 -88 103 27 -52 -8 -15 -90 -76 36 -34 -4 -35 60 4 -38 -33 9 -33 5 32 89 76 90 14 0 61 117 -86 113 -35 -29 -43 -26 -45 87 -63 -88 -58 -4 -26 -53 91 -16 115 -112 58 20 58 41 -1 -36 8 30 94 -7 24 -90 11 67 -78 98 -5 -42 -56 64 36 3 59 37 14 -17 2 -46 45 -40 -11 82 46 -11 -1 16 43 77 25 -6 58 3 36 10 13 -67 -104 12 31 33 -10 -28 52 -55 -48 -20 52 17 -17 56 -15 -42 -22 96 -50 -69 -77 49 -51 -49 -30 26 -42 -11 -85 -4 69 -40 32 -3 17 42 -42 6 -58 28 62 -3 33 65 44 -1 19 28 -26 64 25 120 -9 -58 -51 80 -17 -18 -32 -14 126 87 60 -43 -69 33 -4 -16 -61 -68 82 -16 -127 -61 -39 -37 -51 49 -7 -3 41 52 -28 19 -39 -60 -90 -13 43 100 -110 -19 -120 22 -8 -126 -26 43 -24 -77 6 -21 -33 63 48 -18 -23 15 -103 -6 -81 -5 -62 58 -59 31 -73 -31 -38 -9 -30 -14 55 14 -44 60 -31 -19 28 44 17 51 -3 -17 92 39 32 -76 35 -27 7 -25 -35 50 28 -14 56 63 41 -9 20 5 -9 -19 -32 93 -32 -10 49 -42 15 15 -45 -33 -42 -51 1 -55 -20 43 109 28 30 -12 -21 -113 -35 31 55 43 36 100 31 73 -57 71 -70 -49 29 -45 88 -126 38 20 19 108 52 8 -13 -55 -93 -3 15 -15 41 -57 28 11 -66 20 -8 -6 34 -32 -25 -123 -24 -18 44 -106 -74 15 0 -20 31 80 85 -29 27 23 42 -58 49 17 3 -40 31 20 -19 55 77 32 -2 37 -107 54 -9 95 -86 -32 -25 -40 -36 -8 -78 39 98 -89 -71 95 38 -3 -38 -42 49 38 -63 -63 32 -13 -28 18 58 39 -73 -41 32 -10 34 -1 -5 3 -14 28 4 -13 -21 -32 7 17 -38 76 16 37 19 33 0 -1 -11 49 12 9 -8 84 -15 -22 -105 8 -73 -33 4 -2 40 3 64
18 -40 51 35 -14 -40 -45 -115 9 -127 38 -86 -97 -61 -41 49 -57 -23 -74 64 -38 31 -105 88 -124 39 -18 -72 -85 31 71 14 -79 -6 -20 5 -18 55 56 77 100 6 24 -110 57 -6 73 32 11 18 20 45 19 45 -8 28 -25 -20 -12 -21 -41 -6 -30 25 -32 36 40 40 20 0 -53 -6 -49 -89 -94 -17 23 -27 36 11 -17 -33 -68 71 -21 8 125 65 -21 29 10 99 -44 -48 109 40 -11 -80 64 25 -112 -22 -8 61 -28 39 5 61 93 -63 -6 103 -83 -113 90 27 108 -48 113 -23 -37 127 -21 91 51 -19 41 -3 53 -35 -72 14 -10 12 -23 -47 -114 -9 -58 6 -11 -11 -101 13 -6 -4 -27 49 40 -127 -32 55 17 57 -27 19 -57 21 -82 20 56 21 -10 12 -2 -9 91 51 -42 -67 -10 32 -28 -112 -43 -6 44 19 -66 -101 -17 62 5 100 -37 -6 -75 23 103 67 -34 -57 -51 8 -8 -78 -45 -41 70 43 -60 58 -43 -63 -14 -65 -11 -24 -20 -82 -16 -59 -66 79 -58 -14 -43 104 98 -13 35 -41 -43 -17 123 -63 42 -72 31 106 -2 26 -19 -3 69 -41 -32 44 -18 39 102 3 79 -122 82 -71 78 74 -81 -16 53 105 -8 -24 53 35 16 -15 17 -43 -25 -115 0 -67 -102 66 127 -27 2 -83 5 40 -47 30 -12 -18 -21 -38 -92 89 44 -22 -1 -42 -65 24 41 -87 -13 -63 -12 -91 -39 -48 6 -94 -84 50 -125 34 -109 120 -45 -7 -44 -42 -11 -62 -22 -40 -31 -23 -4 72 -68 2 41 -34 31 -25 43 -25 6 4 67 -43 -78 18 82 -122 -8 -26 83 56 4 -18 51 -51 45 92 39 4 28 33 -71 15 60 10 0 21 48 -9 20 -43 -69 -5 -1 -5 42 -22 16 8 -18 26 13 18 -110 56 73 121 -7 -49 -114 -43 49 53 37 45 66 76 25 60 -97 -59 15 35 -19 21 -88 101 -50 -22 66 28 -53 -93 -67 -1 -80 30 83 -16 -75 -63 -125 126 -23 -54 -40 40 -63 -53 -36 -81 -76 -20 -10 88 -33 38 -17 89 -19 22 -18 -9 73 4 -53 -1 22 6 12 89 -1 71 18 -35 48 9 27 90 59 54 1 -128 9 64 -72 20 12 25 6 67 42 -31 30 47 -61 21 -50 52 -6 12 56 -51 13 -108 -22 -7 17 13 1 -101 60 -43 -93 14 56 -11 -31 19 -27 10 -21 -1 2 -49 -47 43 57 14 41 50 5 85 11 -41 -52 110 -46 -85 14 -23 54 -63 -20 98 35 -68 65 10
-12 -23 -2 81 119 28 36 -80 27 -17 8 -87 13 -10 -33 78 106 -45 26 47 -27 20 41 1 -91 3 30 106 -60 80 -75 9 38 2 2 -81 24 -24 -57 43 -41 9 -29 38 -52 -10 -111 -53 6 -22 -25 -3 -35 67 -6 -91 63 127 -124 -49 90 -90 -10 40 -53 1 -9 24 -18 -9 -60 -37 -36 16 10 10 73 -71 52 43 30 -87 2 14 -100 -1 106 64 -51 64 -5 -99 -39 -40 17 -22 7 -62 30 18 -88 30 -85 89 30 -31 48 63 -53 -33 -44 84 -7 -81 -120 52 -2 -14 117 -66 -33 -45 98 81 80 -99 2 -68 -12 -12 37 36 26 -29 -57 -102 -42 -21 -96 10 71 -8 31 -60 65 -24 -45 -24 15 113 -60 -21 17 96 85 30 -13 28 -10 10 -64 58 -37 105 72 -107 60 44 41 -9 13 41 -78 25 -18 -119 -75 23 -100 58 -91 -103 38 37 -9 4 -30 60 78 -37 5 52 3 -35 110 -80 -32 -23 12 52 -88 76 16 21 -78 -51 -39 -52 4 13 -48 -42 -36 51 64 -81 -46 65 35 -74 4 20 2 40 115 -48 40 -16 14 62 104 -12 117 -5 -62 -15 82 43 -9 75 12 78 -76 20 95 -76 44 -38 -63 -29 -35 112 28 12 21 -18 -47 3 9 62 -46 -11 -57 -34 -31 63 -96 47 -7 12 -9 38 -42 -49 59 -22 -19 10 -25 83 65 5 -52 28 -29 46 -28 -77 -19 -51 -99 1 -13 25 -13 -33 -29 110 0 -49 -75 95 1 -78 19 29 107 3 90 -71 13 -88 43 53 49 -25 -16 39 38 7 46 96 115 -13 -60 73 -63 -53 5 65 24 26 -1 20 49 38 -17 -39 83 36 21 3 -25 78 37 96 38 94 -65 14 17 64 53 27 -37 97 -77 -9 14 -3 -60 -67 -55 -75 -117 35 -6 71 -19 -47 36 -25 -127 -128 40 -115 1 -16 21 25 38 -103 30 -112 -36 100 4 29 -43 75 99 -37 123 13 -18 27 7 -17 -37 -16 93 18 -53 -21 5 89 -34 3 -53 47 -113 -19 -82 -70 34 -61 28 -68 72 -23 126 46 -31 -43 88 -27 -16 37 -64 57 47 -10 -3 89 86 69 7 61 78 -31 88 83 125 109 25 -99 17 8 -20 42 34 -62 57 -10 60 -81 -22 18 -86 -28 8 -18 45 -17 45 -64 90 2 26 -14 13 114 7 -34 27 22 -77 -60 -28 37 -89 34 116 -72 8 -55 -33 47 19 -5 40 -3 -33 -26 -45 46 -28 -82 -10 28 -80 -35 -102 54 51 -36 66 65 96 0 120 19
75 -39 0 -46 -40 74 23 -23 19 -75 -54 -112 98 15 -53 83 -114 -65 91 3 -69 9 79 -52 94 10 -59 126 -19 88 13 12 84 0 -54 -23 -43 41 -16 124 51 50 -61 5 4 79 67 18 19 -6 -3 77 47 38 1 -40 24 67 -82 -78 13 -97 61 -25 33 16 111 47 95 -37 -14 -80 -90 -115 5 -85 -5 43 -3 -25 -62 23 -39 25 -29 -26 34 -15 -84 65 -39 -3 35 83 -45 69 -18 -46 96 -27 -77 38 -12 29 58 65 -63 42 18 -69 -66 -17 -1 -25 119 -30 34 54 29 -4 105 -80 68 16 -55 -22 -101 -37 30 31 -27 40 29 -28 -56 8 24 71 53 -53 30 3 12 -23 -48 -44 15 -5 -87 44 23 -39 30 25 15 -32 -12 72 -56 80 -125 22 17 15 5 -66 58 7 8 46 78 21 34 2 -92 49 -12 -36 31 -14 39 3 60 23 42 -4 -32 62 -32 -56 9 14 -115 -58 -33 -33 42 -124 -47 -63 -96 14 21 -43 109 -56 86 -14 34 -14 8 106 -19 -40 -95 -21 -17 54 41 86 -59 7 -6 114 -85 -12 20 24 88 76 85 76 3 -37 59 -55 13 8 34 42 -48 -9 29 -59 22 -3 97 14 -36 -4 -15 20 77 -11 55 -23 95 8 13 21 106 -84 56 -64 -21 14 -35 21 -85 -49 -106 -1 -75 27 41 -52 21 22 7 -4 -99 -12 69 -35 -28 82 20 -114 -60 -36 19 122 -109 -64 -24 -23 -62 -51 31 -40 -20 100 -9 14 -103 -89 -54 -100 -128 39 63 -21 -54 -40 8 -86 -23 -24 6 -61 3 -28 -16 17 -9 -50 -93 -58 97 64 -6 -36 -13 22 66 -4 -30 -58 34 6 -29 -44 8 6 -41 30 7 -29 -37 12 51 52 -45 27 -101 49 -36 -2 1 7 -36 -88 43 -48 9 90 -18 -8 -7 -6 -16 -19 -85 -54 44 6 -41 -63 58 54 19 57 51 76 -40 82 -5 -13 -64 87 102 -124 110 -35 -86 -41 -23 -48 -6 5 -11 -6 -70 40 -37 -14 -50 -24 -39 48 -53 -58 -56 -46 -85 0 -41 -53 51 -46 -78 54 -22 47 9 -24 84 -23 11 20 27 120 3 -105 91 28 -3 19 -54 -66 18 89 43 58 104 63 95 -46 -8 50 -12 6 18 15 -23 -74 -8 13 15 33 -72 29 -81 123 -59 -103 -49 -45 -21 -28 -62 -31 66 -7 64 -54 -69 27 75 -54 -61 -22 42 -87 -18 4 -44 -63 76 15 -21 47 27 43 5 71 -46 -100 -47 24 58 15 -27 5 36 -6 -33 -24 29 -25 -8 -1
12 81 36 57 -16 -87 29 -57 11 -21 76 -122 -68 -35 -33 77 -93 7 3 -23 -20 -51 -14 -45 42 37 -35 -126 -98 55 62 -40 54 -16 67 80 38 8 -1 86 -116 -27 -80 8 23 64 76 -39 -47 33 34 -26 -3 45 50 -107 -20 85 -66 39 15 -103 78 8 41 54 -22 44 -8 -66 54 31 -119 36 -69 -52 33 -60 25 25 34 -46 -98 -31 -69 -43 0 -12 -83 22 9 -61 -24 -57 35 42 0 26 11 42 30 4 31 -58 -4 4 -93 60 32 -22 -42 28 -37 -90 -36 -53 66 -42 64 -46 -11 122 46 20 13 -22 56 -66 -20 54 -80 -3 15 -23 -19 19 6 -28 -31 99 79 -78 42 -47 34 62 -60 -34 11 59 -53 -66 72 51 -6 -7 -54 14 13 11 27 112 -49 -31 36 -29 -20 39 -74 69 117 -16 29 -66 11 -46 91 -41 55 45 -86 86 54 -17 -1 2 17 87 19 -59 51 9 7 -10 5 -7 -32 16 -65 -6 -68 40 -18 -33 -77 -43 -4 -31 -59 19 23 82 -9 100 -76 84 21 57 7 45 -8 -16 33 23 120 43 5 127 2 8 -60 -30 40 47 -25 -8 -88 72 -13 8 14 -46 26 43 33 -23 6 -23 48 -25 9 121 -11 46 43 -109 63 -120 15 36 -73 -46 29 -88 -30 35 -29 21 -41 0 23 -89 -59 48 45 -109 -44 -57 -18 -117 0 -59 52 -30 -70 -119 89 -89 -21 -30 -61 22 -2 24 19 14 -96 -17 64 51 5 -128 3 -74 -44 8 -53 -77 -102 -28 43 -108 -15 -57 -31 11 -21 -44 65 -31 -37 38 91 38 54 33 -91 -28 6 20 10 6 14 -90 20 -15 37 -60 21 57 7 7 51 70 -98 78 75 -6 26 -10 -21 16 31 18 14 -47 -96 -95 74 -38 25 119 13 48 72 -19 97 -1 8 19 10 6 -62 34 -21 27 22 70 111 68 50 69 32 39 28 -5 32 67 -120 14 51 24 116 -65 31 -57 -73 -57 -77 54 9 25 -95 1 -30 -77 73 -14 -26 39 -54 -67 -98 -91 -91 30 -59 14 80 5 23 31 -87 6 3 111 14 -21 -58 -31 102 78 25 4 -22 50 10 8 -32 9 65 -31 83 -7 -70 -84 41 24 38 -39 34 13 28 41 -43 -5 -30 124 -87 -76 -7 -32 -51 13 8 -9 -9 -42 -35 3 16 -34 7 12 30 -2 -114 24 16 -67 38 36 33 15 -53 -23 -51 40 5 78 -15 11 10 -51 -35 -13 63 -24 -31 76 -87 -1 -5 -3 -13 -70 -57 34 29 5 125 14
-9 -39 36 62 125 -18 -54 -27 -32 -32 -56 -8 29 15 -72 48 116 -9 53 -2 14 -6 31 -20 80 52 -57 -101 -92 85 -19 -9 19 59 121 12 -25 27 25 97 -48 5 -15 34 -6 82 -104 -2 73 -3 -22 0 -22 12 5 -11 29 -120 6 -64 -3 -75 45 -34 73 -78 -100 44 14 88 -2 32 -103 -71 -64 26 99 -66 23 9 -8 23 -103 -10 -75 5 -95 26 -37 115 24 -7 -24 -18 7 109 12 -27 109 -3 -15 58 -1 92 -84 13 1 95 24 -104 -73 46 -30 -40 6 27 39 53 -51 -34 81 119 38 35 -29 -41 -119 -2 -23 23 -36 61 13 48 3 10 -25 -53 26 -30 45 -116 73 -68 50 -78 -19 77 -27 120 -1 76 93 18 52 -79 -42 17 -31 77 -1 18 -115 16 83 -96 -18 -80 39 1 102 12 12 -68 -5 19 25 -29 126 52 -102 53 42 94 -27 32 -66 31 23 -22 -22 40 -92 -13 -18 102 -91 -11 4 56 -20 80 -2 -46 -53 -49 80 -45 -25 41 -59 1 46 -26 -58 95 -72 44 61 -56 -67 -15 17 -14 11 -73 5 -123 -17 -20 -34 31 18 27 35 5 -3 -42 -4 6 2 80 -19 12 35 -28 39 -74 -96 34 23 -56 -47 49 111 88 -38 -4 61 3 -68 -37 -56 -79 -14 23 3 -8 21 -36 -86 34 -101 -28 10 -58 -25 -4 -55 -40 50 -38 15 94 -70 115 122 -28 20 -123 10 -30 -70 38 65 -28 -39 -18 5 23 -47 -110 -12 -42 -101 -100 -125 -15 18 -95 39 -81 57 -5 126 99 -49 112 12 52 -8 58 24 -13 32 -17 -110 34 82 93 -61 -48 -85 38 23 59 24 -15 58 8 -119 -47 8 -3 -34 78 118 -101 1 18 111 -5 25 2 -43 5 -41 22 30 12 -72 89 -29 22 -33 -70 82 -5 8 -5 -76 -112 -66 11 70 71 -24 26 54 125 110 -71 24 -6 -37 52 -84 111 -55 -54 -23 -46 113 -15 16 -10 -44 -45 -118 77 97 31 15 61 -60 -46 8 -71 67 32 39 -81 -94 -60 -67 26 -97 -59 18 -5 1 51 -38 6 102 -20 62 34 22 -14 42 -66 78 -10 109 21 80 -118 29 4 35 51 71 41 -8 -27 24 113 18 4 55 9 56 48 43 -16 -2 109 40 -28 -12 -15 25 -111 -45 66 -44 -76 10 12 106 -27 36 -76 9 -11 -117 -20 38 -2 -22 -1 -27 41 -19 -31 13 19 -89 -57 61 -12 18 12 -102 -30 37 2 92 9 -33 -25 -7 83 15 -59 -88 70 10 3 82 -10
55 -8 -73 119 -117 69 5 -84 -31 -24 -23 -58 -68 35 4 9 -123 93 12 85 8 35 -107 13 -38 33 -49 -96 20 -5 -25 -107 21 -10 -7 -66 -125 28 29 101 -43 -47 -37 -68 29 -14 55 -13 -8 6 49 110 -30 58 -3 -85 68 65 -1 -92 30 -42 26 -40 26 -5 11 100 55 38 47 -14 -45 -33 -26 -28 -11 -34 -82 35 -42 -12 62 22 -45 66 87 -48 5 47 -27 -111 -47 -32 -59 -5 69 84 -3 32 36 -24 -23 -18 -23 91 -33 -12 103 14 11 73 -40 -63 122 -20 88 -7 -20 114 -50 -28 66 -25 23 -60 35 -76 -50 40 -95 101 -19 -39 -34 5 -87 55 -65 68 13 -47 82 -1 41 14 -59 -46 35 71 -106 9 7 32 -7 10 -56 15 7 67 -16 -17 -12 26 -28 -106 77 35 49 -106 78 -33 3 -93 100 -64 11 64 -4 119 -11 14 41 77 30 111 -5 -112 47 -44 17 -19 -74 -15 33 -12 26 -115 60 -17 -52 79 -75 -11 -91 -11 6 -27 -17 -3 -2 -11 9 42 104 -114 41 50 -41 19 -13 3 10 62 24 -57 30 3 51 121 -6 -62 -106 12 -34 -76 -2 103 -24 16 41 68 -27 5 32 55 72 -126 -17 -12 98 59 -93 45 17 45 81 2 -11 -82 -3 84 83 24 -84 -41 -14 122 12 -45 62 11 -72 65 51 -82 26 26 31 -25 12 -37 23 -81 -10 -1 17 -28 -43 54 -56 111 -24 -3 -124 -12 -2 -69 -40 90 5 49 -49 14 -67 101 25 -3 -14 30 13 -57 72 -1 15 -49 -6 49 -29 -78 -2 -54 35 -122 43 -22 -120 -47 53 -124 84 56 40 51 88 -63 -55 -98 44 108 52 -23 26 -16 58 -17 36 -23 -30 103 -66 -28 -53 7 -10 -12 14 -118 -57 15 12 31 12 49 -30 13 30 19 -21 20 -47 -47 -32 -16 53 -84 23 72 23 37 -111 -65 26 8 33 75 -93 66 80 101 62 -71 104 28 -42 75 -33 52 10 13 67 20 -45 19 46 -118 0 -58 51 0 8 -59 92 1 -73 -30 -14 7 -111 -29 21 47 -21 26 7 16 108 -47 -15 44 14 -9 63 113 -16 -78 23 -28 109 -75 -4 38 48 14 30 -87 40 -25 -54 47 36 -3 68 75 -68 -52 59 40 -12 20 -100 65 -31 23 69 -42 42 -62 -46 -6 4 -54 85 -61 -37 5 -46 -61 15 25 41 34 -2 -81 -98 -88 47 -35 20 -32 51 25 -49 29 -52 40 -121 2 16 -34 11 23 -49 32 -87 -17 -54 31 32 14 65 -48
-45 101 65 -41 -3 31 50 -84 -7 4 -37 -54 -54 -8 4 11 -85 -64 20 10 20 -43 17 -96 114 -96 -42 -62 -33 19 14 24 9 24 -45 -19 44 18 15 -5 -111 96 -91 -13 53 -40 12 -68 -2 -43 27 80 57 40 23 -1 24 42 2 28 -25 -8 37 22 22 68 -29 35 6 -96 -32 56 8 -2 -39 8 60 -57 -26 -3 31 -40 -32 3 -70 44 71 44 -8 96 -77 -71 26 -47 -41 -60 32 39 39 80 -50 19 123 -16 -52 -37 -42 72 14 -61 -4 45 -23 18 -122 62 -9 -86 -6 -31 50 21 -69 45 63 27 59 -107 4 26 31 81 73 -16 -94 -57 -83 25 -63 24 -18 -35 48 -31 35 -46 17 -6 -32 12 -47 -9 12 6 -17 -40 -80 3 2 127 56 45 75 -44 -38 47 109 -41 -49 -54 71 62 68 -4 -53 -114 16 1 30 -2 31 98 37 -31 -36 74 126 70 6 -48 -2 9 31 -24 -110 -57 11 -42 32 -24 -69 6 15 -90 20 -29 23 50 -104 -15 40 -4 11 -8 -73 0 -81 100 -43 53 44 -24 -42 -52 47 -26 -57 37 34 38 44 -52 42 -21 -113 -95 -51 27 60 16 34 49 4 35 -120 -55 -16 23 8 6 62 60 33 26 -11 -11 46 102 32 126 -83 75 82 -123 78 6 40 70 62 -49 39 -25 -77 6 -10 44 15 30 28 -82 -42 -34 -9 -100 -121 -17 93 10 40 -85 53 -67 -38 -68 -120 -86 -20 106 73 -63 -36 68 8 -10 -40 -21 90 49 -40 -5 81 -83 -53 -54 -27 -34 14 1 -36 43 1 51 25 49 -8 12 -62 -47 13 -117 -27 38 -25 94 -39 56 77 -100 34 -3 26 23 102 -63 -14 71 2 32 15 52 -8 -29 51 8 -48 -33 -65 -48 72 55 29 -10 -64 42 -14 -2 23 36 30 124 -44 -40 84 66 123 57 -7 12 45 -102 26 -62 8 -88 -38 44 58 -56 -93 37 31 -18 -80 -21 -58 41 -17 -40 -73 50 -54 -35 3 -13 27 -45 -34 -27 -1 78 -17 54 -46 -79 5 25 -39 -67 1 -64 23 14 32 35 26 0 79 4 20 17 67 -9 -11 28 -24 -6 -42 74 71 -2 -25 -48 97 -12 -50 -38 115 21 -33 -23 51 -123 -5 23 -45 -60 3 28 -19 -66 -32 -7 34 -28 -65 32 -37 -89 -23 25 -11 -75 86 -23 -16 85 -95 16 -58 27 -122 46 -3 -33 -42 12 9 -45 -6 -62 -6 17 22 63 -71 -4 19 35 35 6 -29 0 28 2 23 7 14 -22 -24 9 57 26
-113 -62 17 24 -31 -24 -36 8 -24 -15 10 -92 -55 0 52 1 -79 -15 71 62 75 -26 -126 4 19 -8 -48 -128 21 58 96 -112 -46 32 -34 24 74 109 -23 19 -106 -5 -25 19 82 115 19 -41 -29 22 34 21 -13 109 68 -11 36 63 -56 17 -10 34 24 -36 -30 -56 22 32 19 -24 16 -36 -1 20 -55 -112 0 -77 -31 -36 9 -24 15 -3 2 -21 81 35 -95 -7 54 -15 -117 -53 -23 33 -15 48 7 48 50 -24 53 -16 58 16 108 24 60 -1 -102 33 -62 92 72 29 -16 -124 23 -33 -68 -3 87 -26 -64 -94 48 -79 51 48 -94 112 2 37 -68 -126 -92 -68 4 82 96 -71 24 -38 37 -46 -104 38 -49 27 -52 -104 47 -2 12 -80 -8 55 -30 29 -13 -5 11 -3 66 -64 87 -42 -46 -1 -9 -35 -4 -4 -8 -7 0 -35 -48 -62 -18 13 24 114 51 93 27 36 61 -11 -49 13 -9 -26 30 -69 -11 -121 -32 105 -12 80 58 -79 -4 0 -30 25 -66 -83 3 -17 10 -119 -57 -31 -40 36 3 -20 43 -1 -61 -1 51 -101 -48 45 20 86 11 -21 107 -23 -10 -102 -36 -8 36 27 57 102 19 -33 79 -85 50 -65 -118 72 -89 -14 -16 40 -46 58 -17 -50 -128 -123 -20 -8 -11 -51 -36 -6 -61 -17 -62 -94 84 51 -17 42 -14 -115 -6 41 -32 -54 -36 10 -12 17 -54 23 19 -52 16 10 -33 -66 -9 -18 83 31 -94 93 -40 -14 54 110 5 -41 -79 51 -5 12 -9 -99 -29 108 21 -56 53 29 -2 -18 59 -105 5 7 -36 -48 -84 4 116 65 81 8 -72 90 -4 22 -62 -5 80 -12 61 74 73 34 69 10 4 114 -19 44 -46 16 -34 27 64 77 -23 -93 2 -19 29 33 -53 -86 11 29 64 -53 -9 1 -44 43 -92 26 -22 -10 2 115 -91 84 36 75 97 -41 -14 -101 63 65 -54 124 94 44 19 -56 124 -27 -110 -26 -74 87 -26 -2 78 62 -97 -37 75 -39 -28 13 -49 28 -24 -56 -19 -31 10 -75 44 -35 -27 9 43 12 -27 -40 -62 15 29 9 -11 20 -30 -29 -53 80 -8 27 13 88 28 -33 72 5 91 21 65 -50 82 21 25 23 -45 1 47 88 -81 -18 43 58 38 -81 -83 -35 42 -44 -39 69 -62 -90 -17 48 25 -57 -23 119 -27 -2 -71 59 14 -3 -55 -23 7 -111 38 -8 33 -23 -7 12 29 50 38 -12 49 67 34 -56 24 4 -127 -66 0 28 -10 30 -61 -4 -32 -47 -29 94
-23 76 80 -3 -104 33 81 -15 -22 -106 80 -73 -46 18 6 -119 -97 -57 80 1 37 -47 70 34 -21 -51 -2 -95 -8 76 -20 0 15 -56 84 33 -21 -128 47 75 -47 107 -112 48 45 91 21 -100 2 -40 -51 -5 -45 87 -7 -36 48 107 39 -58 -34 64 96 43 -7 79 22 16 49 -42 -120 -34 24 -58 31 50 44 -60 -42 12 31 11 38 -35 -11 16 -6 4 11 79 -2 -16 -54 -94 23 31 48 18 75 31 -60 21 -17 -95 7 -23 -25 47 49 -49 -75 29 -69 -75 -128 -19 47 -3 -26 -35 35 3 48 101 20 -43 107 -9 12 44 -67 94 63 39 116 28 -72 -1 -44 -16 -34 12 48 -58 33 -58 -62 78 44 1 -5 -9 25 0 -79 -27 -66 12 -26 82 6 -16 14 4 -50 -105 95 61 65 0 38 -17 7 -39 -6 -73 32 -72 -24 48 -51 20 63 34 28 19 -63 65 123 -42 -112 35 9 -77 44 -54 47 -53 9 44 16 37 21 -10 11 -78 23 -9 11 -41 -18 -56 -55 -18 35 -40 -82 16 122 -3 9 -85 78 3 23 -112 -74 30 -31 -11 -18 29 26 -57 -61 5 28 43 31 37 49 58 -43 -50 107 -75 82 60 -83 18 38 68 23 -4 -6 -1 30 28 -26 -15 -68 -21 37 -115 -101 -41 -94 36 -66 -95 27 66 -101 0 -11 7 -23 3 -45 44 15 -28 26 -42 -88 -44 -25 -42 -58 -46 -51 -4 40 -1 3 -22 22 30 -28 -11 -49 83 5 -55 24 -52 -11 -40 47 -103 64 -82 16 -92 14 4 -106 1 21 -38 -35 15 56 -25 95 62 123 48 12 113 34 -50 52 34 27 79 65 -69 19 35 75 32 -44 22 -45 37 62 5 -30 -12 56 -44 57 -55 -3 125 -112 12 -10 41 -4 -118 -37 -22 -5 -15 40 63 -46 82 -32 -106 -65 21 109 110 -22 -70 -35 101 -120 -66 -34 53 -60 54 -64 1 -104 -5 95 108 -102 -27 9 -15 -7 13 126 53 -20 87 -15 -25 10 -119 3 23 -30 29 -20 -15 -80 -107 45 -87 -65 -47 43 -3 65 23 13 -23 -35 4 65 37 -122 48 21 43 3 31 -22 68 16 65 43 46 -7 32 18 9 1 123 -14 28 -37 60 31 68 50 31 -4 -2 -60 5 -33 -125 -42 17 27 -4 4 -26 29 -63 12 87 56 -2 108 -83 -40 56 -88 13 -18 -43 -54 -43 64 16 -35 -52 32 -16 6 -69 1 13 -28 40 40 49 39 -83 4 48 -77 -49 -54 47 -71 -60 66 11 46 43 37 -32
12 -42 86 82 30 106 -8 5 -7 -70 -38 -105 127 -38 -24 8 -84 25 67 25 58 6 14 -12 -12 -28 -77 -96 -84 69 -85 -74 100 -12 89 61 -77 111 -25 15 121 47 47 43 -13 4 43 -57 32 20 35 -22 65 92 -47 -22 93 127 -17 -28 -112 -73 40 -89 -88 -8 -31 2 63 -24 -17 8 2 -16 -78 5 -28 6 47 56 105 -45 22 -73 19 5 90 33 -4 16 -36 24 -38 -14 -34 -128 -5 -81 75 53 -4 26 31 -17 27 19 73 74 25 -34 -40 78 -18 -35 49 -16 96 37 16 -74 10 -18 -39 -12 -8 -33 63 -93 -15 72 -87 69 15 -12 -95 -38 -9 40 -81 19 60 -17 12 -73 71 24 -54 -20 -1 49 -105 -56 20 27 -50 -44 -62 -2 10 26 31 67 -8 -1 79 -103 125 -59 16 -126 -5 27 -42 -4 -33 -20 57 13 -8 63 16 41 10 -2 5 35 -32 -119 -10 10 59 -35 -95 0 -27 -30 -73 -72 26 -2 -13 11 82 22 -37 -66 19 -69 -70 -23 -62 41 -78 -19 -28 -27 -35 42 -117 50 41 -32 34 25 -116 -108 6 -76 44 46 47 -77 31 -22 18 -31 23 38 13 1 6 36 12 31 112 -77 29 -71 -34 -37 -37 -4 6 -37 68 23 19 -12 -31 47 -72 -90 -20 26 55 -36 -1 40 82 -14 79 -30 -82 -50 -23 -59 -43 -67 -42 -102 -6 -56 35 31 -3 93 -12 -54 -62 -30 20 -94 -36 -40 7 -56 -49 51 12 -62 -26 42 -58 14 -114 119 74 -22 -1 -43 59 -109 42 -60 3 28 -44 10 19 -91 -40 22 40 36 17 65 -46 -94 -5 97 110 43 109 52 -29 48 24 -24 13 63 -19 21 -50 4 11 106 67 -8 3 23 114 14 83 37 -58 -72 -13 44 61 -32 -50 -41 -61 -6 0 60 -73 -3 11 28 46 25 107 -80 78 6 -60 -38 -24 12 49 33 9 -8 -2 -109 -3 -14 -123 98 29 -35 111 -17 114 -43 -67 20 -102 -73 60 -2 -54 19 -31 -87 19 -20 -31 41 -64 77 -67 -60 -45 14 -75 -18 114 6 11 8 -5 -39 39 81 45 81 -87 41 69 36 -47 68 17 46 41 52 42 -18 32 92 37 26 -5 1 16 -22 -4 20 -18 112 72 5 74 -28 30 40 -28 8 -5 -37 -7 -25 -120 -27 -13 -94 -8 86 -64 -49 36 -20 -12 -47 31 54 3 21 -69 30 61 -87 86 -10 28 8 -27 30 36 20 47 -28 46 27 -47 -50 -81 44 -32 16 -79 -8 2 -75 -116 53 5 7 46 -2
79 30 98 3 -117 8 -6 -34 -92 -30 54 -95 -70 -15 41 118 -68 49 46 -1 31 -55 44 72 24 -31 -62 -50 -29 67 -124 71 61 15 5 -14 13 28 85 -21 -15 56 20 -47 -56 63 121 24 -26 -24 61 112 37 35 55 -36 33 115 -90 6 1 -43 -10 54 -96 46 -73 -59 -11 -9 -46 -18 114 33 -24 9 -55 -58 -84 8 -1 1 37 -61 -67 -7 -46 6 24 81 -40 -65 -79 -10 62 9 -6 15 13 -7 -51 -67 49 25 0 -75 42 110 124 -75 10 78 -60 -51 99 -9 -13 85 -28 -20 49 -6 -8 -59 21 -5 16 -45 38 64 -83 41 105 -14 43 -9 -60 -7 -48 100 -100 -117 -21 13 27 -69 -69 -23 40 81 -11 81 -19 5 -10 -59 -76 -15 -60 25 14 -3 -80 -45 -23 -125 86 -49 -10 -36 101 -97 -15 -29 -25 -93 -44 -14 -30 -6 -83 45 56 95 30 2 -18 77 31 -6 23 -13 52 5 -40 -28 -56 -80 38 -27 -17 15 53 -22 6 -106 -22 25 -68 -77 -18 64 -29 49 -63 -34 20 31 31 14 -70 -15 -102 31 45 3 -48 51 17 15 116 -20 20 -56 10 -7 68 86 7 -7 -24 72 7 11 51 -82 9 -33 -80 43 -16 32 -33 14 -8 -36 -5 -33 -30 -47 -128 77 96 -66 -60 -63 -3 -44 -26 -65 94 -20 -51 83 -39 6 -80 -3 44 -37 -70 -30 65 46 -34 98 55 -107 -24 -22 -47 -17 -115 -4 73 -38 -71 27 -41 -74 -83 30 -23 -119 11 -45 7 -83 -12 -71 8 -7 97 -100 24 4 -24 15 92 -51 -39 -43 78 6 45 -14 -59 37 96 4 -2 18 40 35 55 24 26 -32 -84 45 17 -4 69 37 -27 123 19 -22 -74 -5 -33 -100 64 54 107 46 17 12 -3 -19 -19 -111 22 -8 -19 12 -118 36 -78 34 -5 -88 -69 33 -72 72 -66 -30 83 -2 55 41 2 2 -12 14 -14 24 -36 124 -60 3 -122 46 -127 -79 -54 -52 -84 -44 20 34 -13 -50 1 110 45 46 -112 -10 -82 77 -64 -28 43 -62 -88 -52 4 -46 94 55 13 -20 91 -26 98 40 103 5 39 61 14 84 84 -23 36 110 -21 -3 -18 -45 33 90 -43 -13 29 -14 6 -9 -9 -109 -1 -24 55 -51 -16 -67 93 54 -41 -20 -21 -28 -60 6 -53 -18 2 70 55 -67 -4 19 85 12 -48 -64 -21 -33 -54 -14 50 52 107 27 19 26 4 -23 -29 107 -1 46 9 6 -24 -103 20 16 -67 -5 -59 26 -40 46 -44 50 62 49 -12 82
38 37 86 2 -79 -108 -2 -43 -58 -85 -52 -98 -61 -18 -73 95 20 -60 -18 97 -2 -1 -8 -55 -83 -34 -95 -23 -67 54 -28 -12 23 23 -4 4 -31 115 -9 -105 -86 -11 0 32 33 10 94 24 75 17 68 67 -2 -25 -76 -15 -47 66 -68 -53 -13 -34 60 21 -15 -34 30 -70 -21 -54 -17 -19 -99 -7 -62 -8 12 -22 96 35 -30 27 -78 -29 -68 85 78 -54 -63 46 50 29 -9 -23 3 -23 35 -56 10 -51 28 -31 46 -10 55 -17 27 -83 50 37 88 71 -82 11 -103 -23 -30 -26 53 -9 95 -100 -4 20 39 6 33 -43 110 97 -96 37 64 7 -5 53 -26 66 -42 39 66 -31 93 -19 -48 -21 -19 -21 -37 38 -25 -62 57 -24 47 -33 -42 -15 42 4 -27 -46 77 -8 101 -67 71 -4 -2 -19 79 32 39 -102 -76 -62 47 -43 42 19 -65 7 43 4 43 75 22 -120 88 54 -23 -5 -69 -77 -2 -17 17 -71 -41 -48 -26 45 54 -11 -7 48 18 -49 -84 -66 -60 34 -24 21 -107 -23 6 42 34 -64 -62 -1 41 17 -113 -99 57 65 12 41 28 -21 45 47 38 -79 10 90 -60 -4 3 -63 64 18 118 -67 -59 -122 127 8 -72 7 6 15 67 68 34 71 71 -10 21 0 24 -49 32 -78 -23 -4 -54 -34 27 31 -38 75 -34 -67 36 28 55 4 28 -41 -111 -33 24 57 -127 106 -90 -61 4 -118 -30 -22 2 22 -37 -9 -83 -33 127 77 -63 -22 -44 24 -18 -21 10 -48 -40 -65 119 -21 18 22 19 16 112 52 20 17 -21 45 18 2 -95 57 64 12 103 20 12 111 27 77 -36 -107 55 -6 28 5 47 -56 -12 66 8 42 -22 -3 82 -33 20 -7 -35 5 -30 -10 30 -63 -12 -61 -62 -16 8 25 87 -77 16 95 8 -8 -61 -35 18 53 28 6 -35 72 109 -45 -54 18 -73 111 51 69 84 35 35 -25 62 43 4 -29 8 0 14 53 -3 9 -102 -64 68 -30 -15 -63 41 26 53 -12 -100 -121 -51 43 65 -109 43 45 -25 -11 -34 -32 39 35 72 -23 -124 20 42 11 -70 93 -50 56 21 60 -21 -6 -35 18 -13 49 -5 -22 74 59 67 1 -32 42 15 48 41 -3 41 16 -68 44 -60 -12 -23 9 -59 110 -32 -52 -52 7 -80 -46 28 -40 -24 -128 23 16 88 -39 21 -8 28 -2 -51 -64 -62 23 26 10 -47 -6 78 8 123 56 -61 -13 50 -87 -23 -56 -11 83 -51 -69 -17 50 -2 -61 -22 70
8 2 37 104 -59 -25 22 -22 -26 63 -19 -14 -49 76 12 15 -101 -5 99 -70 10 57 61 25 -66 -119 -87 78 -102 25 0 16 59 17 10 -39 35 23 -29 74 -68 26 -70 -53 7 40 35 -3 64 53 38 -18 3 -42 85 -37 93 65 -77 -79 -62 -9 38 11 -4 -21 9 -22 -44 -27 -78 -92 23 -2 -39 -11 68 -111 58 59 14 -63 -2 -73 -94 16 64 3 19 23 2 8 97 -84 21 72 3 5 39 4 -37 33 -38 -35 -6 -47 -4 8 114 -53 -25 24 -52 -18 -113 104 106 -13 -65 -128 52 -13 55 -14 61 -71 14 -43 13 55 -55 -127 21 71 42 -23 -54 -37 11 78 57 1 33 57 58 -8 -95 16 -10 121 44 -33 -27 60 -9 -55 -65 14 -76 84 11 -26 -23 -16 78 111 44 -43 10 -38 -29 -6 24 -34 35 -29 21 -1 -13 57 10 45 75 -128 97 39 41 50 5 -18 -98 -56 -11 -48 -18 -21 -31 -74 -2 -15 -75 7 -61 -94 -23 -42 22 -59 1 -81 -22 4 -8 -31 -45 -66 -66 -88 -7 -59 52 -30 -40 53 -128 -71 50 63 19 22 65 4 -1 -39 -71 -3 38 55 24 72 8 16 19 -21 116 -73 115 -14 -40 35 -75 43 -19 -19 -73 40 43 -66 84 -51 -31 2 9 -73 -43 6 -75 51 -36 -75 48 13 8 -41 -59 -85 -20 -26 48 3 -95 -2 32 -82 119 1 -50 14 -46 52 -66 16 -28 -1 53 -64 -58 5 59 -24 42 73 -47 -94 -27 -30 3 -7 -26 -96 30 -34 -78 11 -31 -6 -60 -35 -98 58 24 2 64 23 -32 30 -88 -23 69 -56 52 -12 20 7 44 65 -42 -11 38 -35 92 -19 -58 -10 -17 94 72 98 -55 25 47 -8 16 0 -37 13 6 -64 12 -11 47 -61 14 84 -28 20 27 23 42 84 9 -48 -83 -11 120 106 4 -83 77 44 -29 4 25 -34 -27 48 -24 -4 123 56 41 62 110 17 -1 -12 -70 -57 -99 -18 -13 -22 -17 -96 -11 -64 -25 -50 57 3 -5 43 -60 -71 -69 21 -101 11 9 -29 49 13 -87 -39 101 -125 -13 45 -18 -29 29 12 79 44 38 83 22 6 60 35 -89 -87 84 91 34 -93 58 8 80 59 2 68 92 -64 117 -47 -99 74 19 39 -99 7 11 -24 41 -3 58 38 -61 85 -33 -54 24 -11 -53 34 -118 46 10 -68 -35 -21 -6 -25 -106 -32 -38 -16 63 -22 -34 30 5 95 29 -3 -11 6 -72 22 -11 -62 -44 93 74 -73 -47 62 91 -9 34 61
-57 -6 0 73 -40 47 92 24 -40 -59 49 -92 -74 19 121 -21 -82 -7 -87 -33 59 118 60 2 5 49 -8 0 -111 105 -118 -10 36 73 44 -35 22 64 -3 116 -111 2 22 21 -35 52 93 -5 7 25 70 11 -27 84 107 -71 16 97 -38 -94 90 -45 -53 15 -47 31 27 9 -111 -64 -45 -50 -27 24 -35 64 51 -37 24 -2 56 33 36 -90 -31 26 65 -22 -14 -7 125 -13 -35 0 63 -37 -24 -30 99 25 -70 -62 38 2 -24 24 56 103 -26 2 35 -119 50 -38 42 -59 -4 89 2 -30 14 -82 74 13 2 -75 -25 -39 -28 127 -43 98 48 -3 -27 -114 -87 -37 -26 3 1 -12 68 39 19 -50 26 -9 98 47 -28 9 98 81 27 -82 -117 8 -6 -51 -1 -12 6 39 -2 -108 78 25 70 -21 -8 27 -5 68 37 4 28 -45 94 10 16 43 47 40 24 28 -38 -16 111 -113 -63 -31 -19 -73 31 20 -56 -96 6 23 -4 -104 -17 -71 -69 58 -39 -69 -28 -91 -30 25 -81 102 40 -38 -75 45 72 -49 -72 24 -42 30 19 -69 27 73 -2 28 32 -51 14 -104 28 -55 -21 102 -34 30 31 66 12 24 30 -54 -13 -41 -77 -13 -12 27 -39 -10 96 -32 78 -23 77 -45 31 -57 -24 -112 -2 23 -9 83 -30 31 -31 -89 -15 -25 -3 -60 -47 8 89 124 -115 -34 94 -3 14 57 -17 -80 1 -98 -13 -36 -25 -11 76 -78 -4 97 -2 11 12 78 -56 -51 119 -90 49 1 28 -102 26 -96 6 -37 -27 -53 -23 66 -27 83 -64 -23 68 37 -14 17 -26 -37 54 113 100 23 -18 39 -66 33 -71 -43 88 56 6 -35 -5 -57 -81 91 47 29 23 -40 44 65 -55 37 -121 62 -33 -32 19 -33 -51 12 60 -57 17 -10 -120 74 -30 -12 -86 27 -89 -22 65 -68 44 1 61 -13 10 -73 -17 14 -6 -4 -42 -69 -62 33 50 -79 -124 -18 -106 6 -28 -33 -18 99 -36 -89 -7 43 -13 -30 4 23 8 -23 -81 9 -47 -100 28 9 -53 -72 -12 -47 29 87 -14 26 31 33 -41 14 31 48 -9 36 5 32 39 -40 -9 64 115 9 72 92 78 -66 -17 -22 25 5 -4 10 -49 37 -19 -121 18 -83 1 113 -103 -13 -102 -32 53 19 59 -46 -29 34 -7 33 -40 -6 81 9 -44 26 -69 41 36 -64 -31 25 74 60 88 6 28 98 -32 49 -49 82 -40 46 -48 67 35 -76 42 23 -34 -108 -14 66 -32 -59 -18 -127 -20 -23 24 -1
-70 -11 -1 55 -66 51 49 12 51 -94 18 112 45 53 30 -121 -62 50 -16 39 108 55 102 -56 -3 27 -70 -42 -54 38 14 14 93 119 86 9 37 11 25 -110 -46 -114 -16 -9 25 49 72 124 14 -17 -13 66 -6 95 81 -74 79 -127 -12 11 14 -43 79 -64 76 60 1 40 -27 85 22 48 -82 -53 -45 94 40 -121 -47 -36 -16 9 9 -69 -66 -54 100 42 -10 -122 123 -43 36 -81 79 59 35 123 111 4 -21 -60 24 40 86 58 65 62 1 -90 -121 94 -11 -71 75 -108 32 -68 -69 -33 -40 -82 29 7 -9 -86 -67 -71 -40 87 -85 57 27 -6 -1 -3 -31 -28 -23 77 63 -116 38 -68 32 -50 -66 -102 57 -90 -105 31 -4 101 -42 21 -21 33 20 11 16 44 -60 -13 -58 -127 86 124 54 -82 86 -41 -20 -54 9 -83 20 34 -58 70 0 35 32 -8 23 -124 14 114 79 8 68 24 -69 -78 38 -62 -33 -66 25 69 -76 26 -21 -18 39 -112 9 -50 -75 22 4 -16 -1 28 121 -42 17 78 -50 -91 -72 81 -16 67 55 -37 28 -54 -10 30 23 -23 37 -23 -92 -16 -52 45 -15 26 3 66 -54 30 79 -66 2 -115 -27 7 10 36 -54 20 63 -29 48 -4 23 -34 -63 4 13 -60 -41 -83 -12 12 -73 -67 37 53 -47 -70 68 -70 53 14 -53 -41 23 -30 -30 10 -46 89 -4 -61 -19 58 -120 -46 46 42 34 -26 -71 57 14 16 -58 54 -9 0 -38 -68 30 -20 108 50 66 -75 -9 -41 -43 -33 121 4 66 20 -68 -69 109 65 -54 25 -38 -30 110 11 0 26 -5 32 -46 64 8 -54 52 25 49 6 57 -44 17 126 101 22 -69 -19 29 -48 20 70 5 -51 9 -82 44 16 -24 -8 66 -39 -3 -16 -34 -8 -75 26 47 -50 -50 -64 30 -100 110 -34 43 37 115 -64 3 -38 -75 105 15 -64 58 -1 99 9 49 -61 66 -46 -37 15 -50 -6 25 15 -118 17 -20 -78 -61 -37 68 10 30 -111 -4 -124 -62 61 -119 -24 -88 25 62 84 -67 24 49 7 42 35 -41 -47 -11 34 -38 16 54 -37 74 32 46 41 -14 36 110 54 -20 -71 81 91 -67 25 26 50 -8 -51 52 -103 -5 -11 68 -89 -13 -23 86 -59 -9 -11 1 -30 -44 118 18 -77 -122 -86 21 -30 -51 62 78 -37 41 -17 -17 -30 -32 42 -2 -2 -56 48 30 -21 29 58 39 -73 -61 -30 -11 35 48 -12 -112 62 -30 -53 -56 63 41 -25 -15 4
-39 -56 11 -3 -53 -21 -54 -54 0 -63 10 -86 45 -22 -59 73 -107 68 -49 -50 -59 -3 126 -42 42 19 -44 -120 -98 99 -9 19 5 -6 24 7 -21 -33 5 67 -10 -71 -54 -62 -59 14 56 18 79 -11 -53 -7 2 71 43 -15 103 13 -4 -7 10 0 61 -14 -16 37 -42 -99 19 -57 9 -48 122 -58 5 -22 19 -13 7 23 65 15 46 -23 -63 26 7 19 -17 62 46 -94 -48 -1 -31 30 -71 -23 81 -6 -46 79 74 -47 33 25 12 61 15 -27 -74 23 -84 18 101 1 22 28 -6 -11 -16 -18 -105 77 32 -64 104 -74 107 79 -37 25 11 -97 -44 -58 -94 -56 -53 22 -44 -39 13 12 99 -19 -34 118 102 21 -25 11 -21 -5 -53 -78 -57 33 10 45 12 120 -10 -23 6 -24 52 22 94 -68 -112 6 -14 124 3 -32 40 -38 60 59 -44 51 92 85 -14 63 -75 20 42 -86 -30 45 -8 -7 51 47 52 -72 52 60 -75 87 -16 27 -33 -87 110 -5 -107 9 -13 40 -34 34 42 64 1 55 -10 46 -11 -83 -60 48 -30 -64 67 79 -6 83 82 -60 31 7 -47 -14 12 -19 33 27 55 22 75 -10 -126 -28 -28 -6 47 16 -57 21 37 -105 65 -68 67 -12 86 -61 7 32 -59 -38 -56 15 -96 56 4 -45 5 -16 -64 13 -33 -14 24 -46 -22 -40 -100 -40 32 37 -45 65 23 -11 -41 -38 -27 -52 -50 -11 5 37 -92 22 31 -71 -44 -15 87 -78 -56 -23 13 -70 78 -59 -54 -97 95 -45 -35 60 -5 -40 -60 -28 12 45 -127 47 -20 28 -77 19 38 -14 57 -40 28 23 45 36 71 -4 19 -9 52 4 29 -40 -53 95 -18 -1 27 17 -29 13 29 -13 -66 -7 -38 -13 103 50 72 -110 -9 48 46 47 51 11 -15 69 32 -61 -106 2 66 51 12 -45 4 52 -13 43 -28 67 12 38 18 98 -76 78 28 14 57 -10 -45 -4 -17 -51 -85 -11 60 -41 -87 -37 -39 -29 -50 -63 9 -25 18 9 -96 -112 16 -54 -3 -43 68 50 -26 -18 -25 30 -17 11 -69 94 -37 50 -47 -46 30 118 -14 21 -2 38 10 27 -88 -12 91 49 -69 -51 25 44 -90 -12 -58 42 54 75 -16 -43 20 10 17 29 -28 6 -8 -17 -53 -5 -69 50 -78 23 7 -8 13 -72 20 -6 -87 -36 -79 126 -20 6 39 -8 -66 -66 -38 19 -25 36 37 -29 -5 -8 -1 21 51 -51 14 80 -6 -48 -56 31 -41 -60 -61 91 18 39 63 -31
64 31 54 16 109 11 -17 3 -37 -23 21 -84 30 -31 26 -8 122 3 12 14 36 -13 89 65 -27 -3 -38 106 -119 27 -66 24 68 62 -46 -91 -26 63 -70 -12 -54 -36 -50 -17 -56 -2 92 -66 26 -31 61 -41 29 -121 53 23 44 105 -12 -99 8 -19 6 99 -83 -29 33 -54 -27 8 -38 39 -20 -61 48 -9 40 -50 10 50 -89 -13 -63 -78 -29 -45 11 70 -58 23 4 32 -7 50 86 16 -4 -52 27 -59 -38 -35 29 37 27 14 -59 38 3 -9 6 61 -95 -66 110 -2 78 15 9 -14 67 -73 -4 -37 26 -3 -5 -76 32 -128 -91 10 7 39 -29 -20 112 8 -102 8 101 -100 -40 -19 117 -21 -93 -88 -20 97 0 -8 -9 38 -10 7 21 -29 27 54 37 46 -44 22 54 -106 38 72 45 -30 86 -22 -32 -42 -39 57 -21 -4 -53 54 88 69 7 72 51 67 -53 69 41 53 84 -6 -41 -61 31 9 -15 -92 12 -80 -90 -26 -25 -27 -111 -114 31 -71 -117 -6 7 37 14 19 -108 -57 -32 69 83 45 -52 -64 59 76 14 -53 -28 -31 -8 -5 29 -37 7 11 119 -62 60 25 28 101 -123 21 -17 -70 37 43 -48 12 -105 -1 32 -23 12 -30 -24 65 -124 -88 51 5 -86 14 -24 -63 -38 29 -18 84 23 -25 -13 29 53 -54 -37 -77 -32 12 42 -122 27 -41 36 -87 -6 39 16 -68 3 -31 120 90 -55 -51 109 -30 4 -4 -34 0 -65 -119 -62 -120 -6 -26 81 -8 -33 -67 57 -29 31 4 22 18 40 -16 -96 29 99 -22 46 39 -21 -9 -73 -27 49 57 19 -14 -61 55 52 26 -20 27 100 -23 -5 -18 40 30 -32 64 38 38 -89 13 33 -73 41 -16 -85 27 -18 -61 19 -22 -29 54 -35 2 -20 -37 51 -31 -9 3 -52 -115 -83 -8 -36 115 -61 -4 13 104 98 -40 11 21 63 30 -14 -27 107 25 93 -33 40 107 -19 32 -91 48 -10 98 55 -76 -47 27 63 30 14 -13 16 53 -1 26 34 -84 29 -65 -6 -50 -112 -27 -2 -3 -40 -19 -53 27 41 33 -20 108 2 -20 -62 28 -28 84 59 104 -12 -39 41 19 57 39 5 -127 29 84 -6 13 69 62 -28 26 49 -38 30 77 -52 26 -82 23 -26 -69 -52 43 -2 -70 -103 64 -7 -7 -11 -56 -37 -53 110 22 53 60 51 23 -9 0 -96 38 40 -42 -38 76 47 -58 -47 -22 -31 -18 -110 -38 -14 8 -38 -48 118 -12 33 -25 -67 68 -37 44 79 -115
7 13 83 38 -112 77 1 -14 38 -82 -24 -35 10 -36 -80 -9 -114 -10 -59 74 -89 71 -115 -22 -27 -46 -33 110 -12 -19 -25 -29 -49 38 -44 -10 -8 84 13 62 -24 -22 24 -23 77 -29 45 -65 33 18 73 3 27 106 120 40 48 75 4 -20 -55 -80 72 43 24 -50 -5 -29 26 23 79 -23 -66 -96 26 32 -18 13 96 -37 66 10 45 17 23 -15 9 48 -62 28 5 39 -44 -31 -28 20 56 -67 8 16 -78 35 -77 -10 35 15 -51 126 25 5 -22 84 7 -24 118 40 22 -66 11 -65 -5 -57 46 59 -4 -59 62 -79 34 -18 -78 100 45 59 -80 -81 -102 0 2 7 -67 -123 119 -58 29 7 -64 -8 90 5 -16 11 29 62 17 7 4 -33 -60 53 -12 18 1 -105 32 -27 104 8 15 -91 42 -59 -57 -9 -5 -15 2 51 -37 53 -38 59 77 98 117 -29 -95 82 101 -23 -4 -40 62 -71 -21 2 1 -27 109 61 -55 27 14 -7 111 -15 -63 33 -62 -66 38 19 -26 33 -4 44 -69 91 21 -12 -86 1 26 -21 63 -18 94 -2 -31 33 91 -10 34 15 -56 -17 15 49 -46 10 -4 54 46 -78 101 19 -15 -35 -83 -10 -40 104 15 1 33 108 15 51 -74 -123 -67 37 44 -22 -23 -119 -60 -8 -26 46 -18 -57 48 13 66 -75 -94 -13 -1 -32 -44 -55 76 15 -70 122 38 -2 -72 -55 -44 -67 4 31 52 -59 113 61 -45 37 1 16 -17 -92 -78 -34 45 -9 -3 -34 -19 -116 -8 -83 18 -3 -76 -27 -49 41 -45 82 64 5 33 11 106 15 49 108 37 22 -16 51 -80 106 62 -35 4 81 85 -3 -11 -5 -71 79 3 14 -57 -27 -31 -61 10 49 21 94 -5 30 66 -24 48 -25 -1 -39 4 -33 -12 -12 78 33 -81 28 -73 -109 66 73 -7 20 11 31 41 -48 -33 -56 11 11 -77 -29 126 -3 28 -32 11 23 -63 -17 -14 19 -42 47 -22 60 -7 -30 -20 -7 -8 -59 64 -4 29 -64 -98 -111 -78 13 -2 27 23 -61 49 47 -25 -19 -44 57 -7 19 -65 50 24 -24 -40 22 -29 55 -70 127 53 106 -27 -35 82 9 46 -22 6 -5 16 46 29 -2 61 -18 -41 -34 -63 74 -65 6 -42 -12 -17 38 8 -43 -12 -69 41 31 54 -102 1 31 6 51 -67 -24 -69 1 -44 35 -39 17 -3 -119 26 7 -43 62 -16 -18 25 56 17 85 -71 -38 4 -40 -88 -26 -93 -9 -51 52 78 29 26 16 22 -25
30 -14 -3 43 -127 -11 50 -62 4 -20 -19 -98 -76 8 63 86 -28 -19 -20 16 55 -16 55 17 -55 -56 -12 -58 -50 -9 60 24 74 29 41 -3 -34 110 4 74 -103 42 -69 -39 29 -124 87 48 49 56 90 -30 -31 -44 25 -32 -92 14 -42 -58 118 -24 78 13 -94 -26 16 -29 -109 -33 -21 -7 -51 -47 -88 -19 42 -122 48 76 45 -82 -7 8 39 -8 62 26 -75 -9 -47 -5 25 -46 28 88 -51 -13 68 42 -127 -24 -49 11 75 -6 -110 124 53 25 -88 4 -72 -66 111 -26 -126 -58 86 33 -40 -54 -26 -3 -50 -65 47 11 39 124 -46 49 15 -56 -18 -62 -70 -9 -50 16 -44 -61 6 29 41 50 -32 -57 57 61 -32 72 46 2 44 -22 -80 66 -31 82 51 90 -109 16 36 -94 108 9 20 -49 88 39 -73 66 89 45 -17 37 1 55 19 39 -14 71 28 -125 -42 -97 -12 -28 -44 -12 113 6 11 56 48 -63 -6 108 -51 44 4 -19 -77 9 72 -4 -52 -61 19 62 -6 -2 -5 -55 -68 -13 10 7 31 -13 61 49 -5 -2 34 17 -79 61 35 -98 13 -37 -3 -18 98 30 -33 71 4 13 93 -33 1 -53 81 -29 -47 -51 -42 33 -23 -29 66 -5 15 23 24 -7 -32 -22 8 -89 -48 -5 -32 35 59 -15 32 -33 6 -18 6 -105 4 32 50 -84 -31 -19 22 35 -32 -14 66 19 -21 -51 45 -111 -73 27 2 -6 -32 19 -72 -73 -85 -104 24 -111 -84 -78 30 -43 -4 -61 -2 15 -10 -57 24 79 3 28 -27 34 -58 17 45 49 23 30 -88 -96 -8 31 104 -5 -6 7 17 52 -51 -19 50 71 118 47 0 0 17 46 11 25 34 12 -24 -73 22 -19 16 -68 -29 -31 50 -27 36 -60 74 -3 -88 22 -58 27 41 -26 14 -11 -42 -15 -8 -24 4 -5 107 72 53 -63 12 4 26 66 -24 100 92 62 28 -30 57 22 120 82 7 15 -42 5 58 -16 -102 -17 -29 -8 46 -13 -18 -4 -15 -37 -72 2 -116 -79 -7 14 34 -42 -53 59 19 -6 53 16 14 -2 -66 23 67 10 37 115 42 40 -41 107 76 18 -116 16 80 65 53 -29 -68 -33 3 53 32 15 18 83 -36 -69 -21 27 -127 3 -58 96 30 -86 -54 -44 -12 62 0 -11 42 -13 -4 -57 -47 -2 -99 -32 32 1 15 116 8 0 -97 -57 -27 -74 64 17 -105 29 115 27 -53 -1 2 -70 -76 17 -96 46 -15 -27 -20 -103 -89 -24 -31 1 62 70
36 -54 50 -33 -7 102 27 -3 23 -63 5 -82 -97 -39 -105 23 -25 12 -2 80 -65 3 102 -49 9 -54 -52 -86 -58 53 -90 -56 -3 -13 -43 98 -103 -3 21 110 -23 20 -71 12 -37 36 59 28 33 -39 -5 24 31 40 14 -74 -9 -68 -70 -55 36 -14 -28 -112 -11 -38 -51 -14 -48 43 -68 33 -49 -68 -81 -67 -12 9 31 -6 -1 33 53 -21 -61 73 33 -41 -64 11 -9 3 -11 -22 60 58 -4 -17 111 -21 23 21 61 -38 -53 -49 -31 122 59 -79 32 -47 -55 -21 80 36 -11 3 -13 -54 1 -10 68 62 5 -81 -1 -8 -15 54 6 0 -26 -42 -32 -14 -57 -30 -94 58 25 34 28 34 87 -4 46 10 -4 36 49 -75 16 16 46 -15 -28 42 -16 76 -16 34 49 -59 48 -30 60 -11 34 -97 -5 -10 -20 -51 -75 63 -2 -31 55 -33 -7 -100 3 65 -6 -14 -6 -53 102 -27 -36 -24 -14 -18 106 51 -32 -42 -61 20 -31 51 47 -93 -44 -24 -40 -97 -44 -24 -53 -7 -80 39 119 -56 -1 70 26 -20 -58 -101 87 -73 99 -86 45 35 -53 125 89 21 105 21 -21 -21 -5 68 -39 21 24 4 36 -120 55 -99 84 -67 -24 -14 46 58 -42 -12 23 38 -128 20 0 -40 13 25 -101 -16 5 -25 -73 -26 -108 58 31 36 -106 -8 -8 5 64 -45 -57 13 -42 13 -10 -27 -46 38 43 -78 -35 -85 68 -84 -21 -66 -54 -16 -53 65 -28 -64 -56 19 -41 -13 -38 -15 28 -22 26 15 -62 112 102 11 13 -7 18 31 1 -73 47 13 -120 51 15 74 -40 33 62 -111 -6 17 -6 95 44 45 -64 124 -21 65 4 -67 117 56 -106 38 -57 -42 -1 9 10 -40 81 61 -20 -13 -119 -44 18 -54 -12 -77 -17 12 18 39 39 9 -62 14 -53 -53 -95 -19 43 51 58 -18 -51 40 9 26 -1 18 -13 -42 -23 51 -33 -114 39 11 102 -55 49 -21 -26 52 -54 -4 94 -1 -36 -41 10 -101 107 -40 -112 60 20 -10 -61 -3 36 -69 -53 -56 107 1 13 47 4 -74 -27 -128 29 54 -99 9 27 19 -3 107 52 52 38 81 69 -71 1 -43 55 2 112 -120 8 -11 -9 40 -2 11 -35 42 -14 25 68 32 -108 13 20 24 58 -8 -15 28 19 -97 24 -28 -58 -36 43 -22 32 -57 -22 28 65 -52 -16 10 -15 -45 -34 -41 -44 -3 -26 6 -62 20 -23 26 -104 -94 -26 10 -12 3 -67 -51 -64 -48 -5 -39 -100 21 38 24 1 73
15 -15 65 -18 -104 -22 -13 -111 43 104 24 115 -27 32 -9 38 -115 30 -73 6 84 29 10 61 -18 10 -86 -99 -42 -113 24 38 20 66 39 16 1 82 -28 15 -55 32 -4 48 -71 56 82 10 0 4 48 -20 -68 68 90 36 57 50 -25 -34 8 -25 108 -100 34 -11 -46 27 -16 3 -42 2 -7 -114 -114 67 -21 -104 29 -17 -13 -15 103 -51 -61 73 68 53 -89 10 10 -101 32 25 60 31 70 21 7 -24 -49 127 75 36 21 -28 -52 38 64 -77 -91 112 -43 27 -9 35 58 1 57 -97 12 -75 77 44 20 -19 22 31 -4 89 -51 -99 28 -59 -5 -30 -33 5 -68 7 127 -24 24 20 100 -77 19 18 84 90 -15 -77 33 28 -62 -77 105 -51 66 69 49 -45 55 -4 1 -3 -97 -64 -40 -23 79 39 15 -29 -10 10 12 -34 -10 37 26 29 112 -82 103 17 -34 46 75 -21 110 -17 13 18 25 -31 -46 -5 41 99 -24 -29 17 17 127 -35 -32 -35 -92 -10 -105 68 -3 35 -112 -72 -115 112 28 61 -31 -64 -6 -36 95 -113 -14 94 11 -44 30 8 13 18 8 -64 28 76 -33 11 30 33 3 13 82 -33 75 6 -100 68 -39 54 9 17 54 39 -37 -36 -2 -102 -54 33 51 -117 -17 -58 -49 77 -41 38 59 -15 -89 69 -33 -32 0 111 -27 12 -82 -36 47 -31 -105 -33 5 33 126 -21 -3 110 14 -111 -35 -108 -25 -74 7 105 -11 10 2 -43 115 -58 -28 -29 -11 -40 12 -85 91 5 -36 70 -41 52 31 -76 -2 -41 -16 45 20 33 -115 -33 69 77 -38 -109 -16 72 -24 13 15 -88 48 95 37 -72 47 -75 5 63 75 30 40 26 28 65 -37 -14 38 -19 -17 -58 -81 -64 -72 6 59 -73 30 -35 40 -13 61 59 32 64 -74 -99 -6 34 70 73 -2 12 -1 14 27 20 -28 35 3 72 -115 69 54 -33 -76 -12 63 45 12 -63 98 -43 104 -31 -66 14 1 -79 50 -9 -36 28 -91 43 -124 31 -6 18 46 -50 47 -84 58 -66 22 -20 -23 -3 57 34 12 87 -26 60 -38 -31 -18 8 -1 109 -18 4 96 -9 91 36 79 -57 -36 19 -21 10 45 -2 44 65 44 -57 -8 66 2 -13 -125 -39 19 40 -69 -92 53 85 45 24 -5 -56 63 5 -17 35 -65 -28 -3 -31 -25 -29 4 -44 -79 -36 24 -77 56 47 18 1 28 31 20 -19 10 117 42 44 -55 -75 20 -4 17 6 31 83 -41 -28 -39 4
55 30 35 81 -94 31 15 4 -5 -20 26 -38 28 88 -43 41 -117 -84 7 -65 -34 -65 110 -51 22 -15 -30 -15 -43 30 19 -7 41 -10 -16 -70 -98 105 25 44 -127 -5 -31 -28 11 106 105 3 -14 -30 76 79 40 -36 32 10 21 -57 -114 -10 -40 48 23 -57 -26 57 -6 97 -4 -37 61 1 -30 -31 13 -52 66 -65 -44 -14 26 4 67 -24 -94 37 71 65 -54 11 27 -13 -41 -63 46 -9 44 -39 -6 18 -102 35 61 63 47 -5 -30 93 -29 104 -73 82 -53 -62 79 -31 7 -29 -2 -3 91 -42 1 78 27 -28 22 65 57 43 -60 19 22 -7 -104 -54 -14 7 -63 29 29 -46 4 -20 -15 -14 -23 2 80 -11 -34 -31 9 -56 -78 -12 -27 -20 -7 35 24 98 32 53 -55 -93 59 -98 77 6 85 -11 14 74 66 -11 -8 -110 -110 55 -9 -27 68 -90 14 53 -20 66 40 17 84 35 -45 -20 -66 -40 50 -89 -18 -21 -76 57 6 -65 -18 14 97 -103 -74 -25 -54 12 -104 2 -23 -27 -101 -3 -39 79 36 -7 -66 -30 65 -99 55 72 -47 107 -12 -33 -23 28 30 121 108 51 37 53 70 -13 -12 -64 102 20 2 -49 -62 -19 13 -11 -6 -59 27 56 34 9 14 -71 -41 -82 114 107 -23 28 -106 -12 -38 -39 65 -47 -39 49 76 -75 -75 1 -47 -72 -58 -73 10 -93 6 -2 116 3 26 -7 27 -70 -9 13 53 -39 121 -33 -27 -20 -95 -51 11 -64 -105 -14 -61 -75 -12 -82 50 -20 9 -63 -50 -28 -39 35 32 -13 -128 38 94 42 -21 66 119 3 70 -38 93 75 -46 55 37 24 -30 -105 -6 7 29 19 18 60 -34 20 6 8 57 73 -8 9 78 21 -69 107 18 -32 56 7 -21 13 -3 -37 2 57 -38 32 -7 31 45 -36 125 -16 112 57 -12 50 48 113 67 -7 -61 -27 -76 97 -21 -28 110 4 60 -53 105 -31 22 3 -55 -66 -65 34 84 -3 -18 60 25 -118 -28 -47 39 -6 -51 -19 -105 29 -50 -70 -24 -62 -6 -42 52 2 30 46 -50 13 112 70 -103 37 62 -21 35 -15 32 -59 30 1 37 17 51 55 10 58 21 -44 65 60 80 -6 -2 -81 36 -72 2 -56 41 93 -16 -78 -23 50 -86 -49 -14 -20 1 -5 -28 -4 -36 -58 -65 20 35 -5 -113 42 -12 -21 15 37 -3 91 5 -38 -32 -31 -25 0 22 19 27 9 92 44 -41 -18 55 48 -31 26 -76 69 -69 -35 -47 -46 5 -33 55 85
53 -79 -36 -14 -7 72 -9 -69 77 30 18 -48 2 -27 -5 108 113 -62 -25 3 -23 39 48 -79 -30 -73 -36 -126 -18 35 -54 -26 -16 13 29 -40 10 45 36 103 126 25 -26 53 33 26 -42 8 86 25 -29 -38 -62 5 86 18 7 115 -21 -33 105 33 56 -32 -41 -14 25 -23 41 -14 -40 41 -115 -75 26 72 78 -47 77 0 -31 -4 87 -20 0 38 79 23 -123 68 11 -46 -113 -44 47 124 53 -75 29 54 -116 122 -25 4 -61 37 12 79 52 14 -23 98 -67 -98 88 97 -41 -73 80 -9 2 -76 127 -63 -58 -43 -56 -37 78 38 116 122 58 0 -103 38 -90 38 -21 20 53 -65 109 -23 8 28 0 -63 81 70 -65 -5 -7 -7 13 -46 -61 11 -16 115 -7 -45 20 -37 -5 -15 80 -45 8 -85 30 -35 93 -97 -85 19 -37 39 -40 15 -43 58 24 13 32 41 2 4 92 -11 -13 23 6 -88 63 -22 -6 -4 36 44 95 110 29 9 2 -48 -19 -11 -107 -25 -79 -32 -15 28 -52 -99 -78 45 56 -7 -88 -116 67 2 94 -57 6 -23 16 57 30 53 89 4 -2 -89 5 1 -18 17 45 20 57 4 -99 -34 58 -96 -23 -55 9 30 -53 53 19 32 19 59 64 -37 -84 1 -25 -65 43 20 34 33 -62 -63 5 24 -66 -42 62 -13 -30 78 63 -4 -69 -93 39 53 -16 58 78 -26 -37 14 -69 -25 16 -10 13 -23 -94 -49 -15 -17 28 63 25 -23 -94 -20 -60 -105 -97 -42 -49 -31 89 -52 0 34 -35 4 -7 -13 -83 60 7 -13 -14 96 74 26 68 34 61 -52 5 65 48 27 16 -71 49 31 51 -79 10 -58 -17 36 86 75 105 50 113 44 -15 12 -64 11 0 14 91 42 -72 -1 50 -47 -5 -2 99 83 0 99 -33 -63 -113 16 33 -121 49 1 12 27 31 -26 -47 -18 22 42 -53 -95 -110 74 78 -1 116 55 -27 -23 -4 -89 -34 -1 38 24 -66 -64 -27 24 1 -66 -107 22 -14 46 -11 -31 -3 -82 -30 14 94 26 -33 -15 -18 78 57 54 -82 5 4 -29 11 11 86 42 108 81 112 63 41 41 12 -5 27 45 23 -45 83 45 59 -42 -29 -24 -21 83 73 -10 44 40 -45 -82 -100 -21 -4 -63 -35 -19 -29 -40 -3 -24 47 -41 99 32 -56 48 19 99 -102 -82 -64 -37 1 56 -58 21 -40 -26 -1 -61 19 41 8 -9 -30 -118 -58 -50 68 -30 -44 -48 -25 31 -11 4 -21 -30 33 59 -64 38
-64 42 94 29 -119 49 12 -67 -80 -33 75 -112 -45 43 17 110 -95 -46 -5 -18 13 50 6 26 -70 -40 -17 120 -12 -11 2 -50 90 13 -1 -41 -36 22 -27 27 126 33 -114 -47 94 49 27 42 -30 45 -31 4 28 39 69 16 49 32 21 -78 -18 -79 -8 -8 36 29 -48 -12 38 -36 -75 -93 44 26 7 42 10 -68 -2 45 8 -61 44 -45 -106 3 101 -12 14 49 -125 41 -73 -62 13 -12 -46 12 -126 59 29 15 8 40 -5 -33 -18 116 38 -51 -115 47 -77 -32 48 51 6 -9 40 -89 -15 -79 -16 127 12 -12 -112 54 33 9 -25 49 68 19 -57 26 -38 38 24 48 112 46 -87 -69 25 -50 -4 35 59 -125 -21 -14 10 39 -83 47 -103 -90 -25 97 -26 18 -34 108 106 -87 -42 37 43 14 31 6 19 0 -22 90 -6 -10 22 -6 16 -2 51 19 -85 37 -3 23 -55 -31 -24 -7 -31 67 -14 -12 68 -42 21 92 29 41 16 6 3 -4 -56 -11 -37 10 -24 -43 -36 -3 16 -31 -31 -4 -75 49 -41 -118 31 35 -50 -72 5 -4 19 36 43 9 105 -30 -16 -9 1 99 -50 101 -21 39 -41 13 -76 -34 8 14 -68 41 -99 85 65 -25 76 9 36 -52 26 -35 20 -63 59 -73 -1 -62 18 15 54 34 53 -39 -118 -43 -55 -55 6 -98 9 -4 -3 -53 -20 49 -82 61 -22 -69 39 -74 -5 -12 -110 30 50 -38 106 34 68 -86 -42 32 3 100 -24 5 74 3 -34 33 22 21 -24 -27 -61 7 38 -59 46 -26 -26 -29 54 38 117 79 -37 87 77 57 7 -1 -32 89 38 73 13 -96 10 71 -12 50 -24 59 3 30 19 127 -65 -48 17 10 60 -13 -98 76 6 -28 87 -54 -5 123 70 58 96 77 27 36 52 9 -23 37 -42 -89 92 86 -19 2 97 55 -32 40 -99 -35 -27 57 66 29 -55 65 -9 -33 119 -39 -88 -10 -89 -94 54 13 -24 96 -61 11 28 -96 -66 -30 -34 45 3 -35 -121 5 -10 20 15 -53 76 9 8 32 -31 82 0 -9 87 74 -127 92 44 -53 86 65 51 -52 -20 64 44 -28 23 -24 32 26 -97 -111 -23 32 -68 80 -6 26 -12 98 36 12 -73 18 -68 -92 -79 -16 11 -54 -38 115 -93 -77 -30 -7 42 40 -16 -27 -7 78 -57 9 -4 -54 -48 -38 -7 18 -9 -123 36 27 11 21 5 28 -13 91 -58 119 -107 45 73 22 -72 24 -35 83 29 -56 -13 7 5 4 23 94
-40 -8 40 44 18 28 27 127 -82 -54 -3 33 24 3 -18 81 -64 15 -23 61 79 -95 80 17 -35 -42 -86 -64 -78 99 -20 47 -10 -25 61 -4 2 82 54 43 -28 61 -88 -14 -25 43 78 -96 48 19 5 52 -10 19 61 -37 89 13 -16 -114 -3 -80 -3 -6 -7 27 -50 -21 -16 -63 -50 -7 -37 -16 65 15 41 -45 -57 21 122 -58 -15 23 -34 12 37 45 -72 23 57 -7 -7 -24 -42 30 40 -53 108 38 -53 45 10 -52 30 11 -43 48 74 -34 -32 1 -79 -58 84 -68 36 28 -30 -122 -7 9 16 56 4 -84 -71 -36 -11 110 -95 6 -38 -18 -40 -20 17 -37 8 80 -15 -82 26 4 20 64 -28 34 6 3 31 -4 16 -15 96 -47 71 91 126 38 19 -35 -42 -8 69 96 87 -22 51 -46 71 49 34 -6 -38 -73 19 -32 -67 44 -24 100 69 -87 18 30 -14 64 46 24 -36 67 86 -58 80 -14 0 -43 39 -45 -48 -15 104 -31 -23 -4 8 11 -93 50 28 34 103 -56 -27 -23 26 10 62 9 13 -49 80 13 34 -55 18 58 -37 96 13 -118 71 71 -79 -15 4 52 63 48 49 75 -32 -112 41 36 -58 -47 -80 -38 -45 35 -73 -37 1 30 -1 -5 43 0 -43 -41 -13 -55 31 44 -3 2 -41 23 -19 55 -90 34 -25 90 -40 -5 -51 -104 -66 32 -1 27 7 48 55 -88 4 -9 -15 -40 -80 -24 57 -41 -48 -9 48 6 -43 98 22 -123 -98 -67 -35 102 30 -68 -33 -14 -94 -74 -52 -19 56 108 -53 -54 -42 22 57 25 -52 65 -88 29 16 16 -20 3 29 1 32 4 54 -76 37 51 -69 -93 76 -27 29 105 27 49 -29 -118 -9 1 8 38 -43 101 -34 -5 99 -12 -47 -91 -36 -54 14 43 6 33 -18 2 34 30 -48 -25 43 64 -48 -31 12 62 87 24 -78 -18 -11 70 18 101 -108 42 19 -10 127 -56 -25 87 -28 95 -14 35 -100 -70 3 18 -17 -114 -84 18 -33 -31 -63 -52 120 4 -39 -15 -37 -59 62 26 -52 -125 59 12 -1 10 38 76 -75 22 -117 -44 -90 89 1 89 -6 15 93 -7 -11 4 -14 36 34 -99 -74 -36 83 21 -60 27 15 15 2 -24 -3 95 85 -24 -91 -52 -12 -52 8 28 -6 9 40 21 15 -74 22 -11 -8 14 -78 59 -72 -53 29 3 18 -1 -21 87 19 59 -81 11 -31 69 9 2 -52 -20 88 -39 6 -6 57 5 -69 61 -56 -32 -71 60 23 -10 -18 87
9 27 -18 2 -68 3 36 -33 -41 9 25 74 -11 -6 14 29 -75 -36 49 45 -70 43 45 -25 -57 27 16 -114 -51 10 -2 30 -12 -4 -4 -85 -10 29 11 82 -96 78 -56 38 15 11 2 18 -11 -50 -3 43 24 67 50 -51 12 21 18 77 -26 -66 -17 -51 -19 38 110 9 -3 -58 -16 -57 54 -75 -29 -1 55 -73 12 -42 -12 -2 37 105 -49 -60 2 -18 19 82 45 13 -22 41 20 43 -53 -66 64 25 -6 -79 12 27 12 33 17 73 89 -79 115 74 -71 -42 77 -97 2 0 70 -113 44 -27 103 34 35 -37 -30 -18 -2 82 5 71 29 11 -25 -13 -74 60 -63 7 67 -44 -95 39 55 44 -41 -60 35 86 -63 10 6 38 -42 31 -74 57 12 59 51 -33 31 -12 28 -21 111 41 19 -89 63 67 118 118 102 -19 13 -47 -63 -25 -5 91 41 -38 -39 87 -9 63 -33 -48 3 -8 -47 -24 -34 -45 42 -110 21 78 126 85 -4 -33 -31 123 -20 -36 -48 -51 -31 61 -8 50 -43 -48 -61 43 0 -70 -5 -102 5 -25 -2 -75 34 89 -52 27 37 -58 64 -18 -8 114 19 31 -66 66 79 98 -76 -41 74 -45 17 -84 -47 62 -25 52 -32 12 -14 -58 80 77 60 -26 -63 32 120 -94 -46 5 -19 26 32 47 9 -34 112 -50 -5 -72 0 6 -50 -72 -85 -27 28 -32 3 104 54 -84 -79 -49 -88 -73 -22 -34 -17 -46 -111 28 38 -8 -45 91 44 16 32 16 54 -100 -17 10 -1 -84 -128 -53 -5 -81 -10 30 -63 -17 -35 21 22 33 27 -27 -39 -35 74 -21 21 -39 7 0 19 42 49 -14 60 -33 -7 20 7 55 29 78 -19 55 -7 40 20 25 46 -9 -22 9 -18 18 23 -52 -43 -88 -3 -26 -25 10 30 32 -17 36 -89 -82 -121 -125 -32 53 -72 -37 43 105 53 -5 100 49 26 73 -104 -70 -50 -67 119 -21 -84 83 -116 20 3 0 18 3 32 -21 -36 11 -25 4 26 -4 -51 62 -52 59 -96 -76 37 40 -62 -11 59 -37 -6 -34 51 10 -46 17 45 -80 -53 13 51 44 57 101 -31 43 -27 46 36 29 0 -16 -43 93 -41 -82 42 -24 -124 -12 60 -65 -8 -68 -4 -29 83 35 -54 -101 -93 -33 -2 -58 9 -52 -18 -25 50 -69 35 36 107 -44 3 -17 -107 -17 -29 9 75 -7 -26 12 -48 -57 -17 -35 101 66 -17 11 66 34 -12 114 85 77 -27 25 -43 30 -23 17 -61 28 -12 95 38 61 -41 72
55 6 118 58 -40 37 5 -112 -60 -19 26 -97 -61 58 -114 44 13 25 -40 86 -35 -56 68 88 -36 66 -56 -67 -119 90 -119 -90 9 18 39 111 51 1 -10 -65 49 19 -10 39 29 -6 64 -92 -35 0 37 -21 -30 1 63 -24 58 105 -75 -8 58 -52 68 -89 -30 -1 -111 81 -87 -12 5 17 -27 -93 -65 -128 7 -72 19 56 -69 -55 -89 -75 -25 -99 52 24 0 49 62 -13 124 -98 47 6 11 -102 -126 85 -98 -48 5 -63 64 -64 -94 -106 77 -28 -18 -128 -91 -22 82 -19 66 -22 -101 -8 82 -39 -1 35 8 -48 1 -34 70 11 -96 62 -11 -6 41 -40 -59 -42 -70 -49 -112 103 20 -36 59 -63 -7 -46 -73 -17 2 38 31 82 10 7 -60 29 41 78 -59 92 115 28 -35 -11 -2 -37 26 29 41 43 94 52 -23 -33 61 -29 -67 -30 -22 -18 -23 -6 65 -105 25 104 2 -12 -75 4 33 -112 34 -61 -37 -47 82 -26 -110 34 -4 -23 -49 -52 -78 57 -4 -49 2 -57 -125 89 -42 -53 -90 35 50 -7 19 -1 30 70 111 0 -7 -33 -20 106 73 -94 -10 54 -48 -76 29 24 -19 96 44 46 93 -56 73 -35 -70 -20 -66 0 -54 -29 -49 -60 67 -121 32 -81 6 -99 -103 7 77 -94 -76 7 33 -2 -10 2 -57 18 -5 -4 -24 -19 -33 8 4 -27 -97 -126 98 -80 23 71 112 -2 92 55 -5 -56 -35 -6 19 -94 -27 11 -30 8 -8 -34 37 -83 -25 -116 -87 -8 -56 -78 -22 -8 -29 -48 37 -24 -9 17 -22 -64 -11 -54 84 -10 57 58 80 -9 105 50 -7 118 -50 22 52 29 102 -93 67 -6 93 58 76 8 -64 22 -18 5 60 19 56 -2 46 -3 -92 61 5 -41 39 52 49 9 34 -14 62 35 79 -22 66 -122 -39 -46 -125 70 65 89 10 -1 34 80 74 23 59 16 -94 81 -44 83 -64 -87 64 8 -127 -52 21 11 -99 -40 -86 93 21 -72 -79 69 1 -44 -19 31 -51 44 7 11 -111 18 -95 -7 -40 -73 77 -76 7 -82 56 16 -14 20 55 -12 -27 -45 21 55 41 54 -13 -53 -124 59 32 61 60 60 42 20 -5 -126 67 40 15 -37 4 43 -59 29 44 107 35 124 -65 -89 -75 38 -20 21 -18 28 -20 -46 -70 10 27 20 -29 -68 56 -37 -87 119 -11 -62 -41 57 -30 68 -48 -24 -13 -18 -28 -60 52 31 -5 63 -46 4 58 -53 -53 -25 -117 11 31 1 15 12 -28 38 39 -22 40 73
77 -16 35 80 -73 34 13 -48 -81 -22 71 -119 34 61 -37 94 -114 29 -20 82 -7 9 90 -35 87 -5 -78 85 -42 -24 126 89 69 71 50 -50 -54 32 -6 106 -39 5 -29 33 35 -38 -104 26 60 24 53 40 -80 -3 -16 -82 49 82 -23 -72 112 -86 -117 -68 -57 -33 -27 -45 -7 -7 11 -43 -54 -52 -12 29 111 -99 57 30 -4 -75 -5 -69 28 -26 29 34 -44 106 -23 -106 18 23 7 -31 -18 -66 -119 35 -87 -62 -32 36 20 -40 18 -101 -15 -100 -10 69 -93 -21 68 10 -13 45 58 -35 -10 117 73 -76 -50 -77 82 -85 19 37 -29 6 79 55 -38 48 -102 -52 -91 22 87 -105 -13 19 62 -91 -1 -59 -2 99 -67 74 -10 15 -4 18 -4 99 -49 85 76 -69 0 -54 47 -73 60 3 22 -70 49 20 19 24 38 -47 81 -89 -31 8 -18 -40 22 36 110 88 -70 71 8 -2 9 115 35 -48 -12 24 -69 -54 48 37 -109 -29 7 42 -18 -53 -12 1 37 12 -94 65 -91 20 -74 -18 -26 23 9 -82 13 -113 -36 -48 77 100 70 -99 -33 49 99 -59 42 47 -7 -63 37 16 60 -63 40 85 -54 -26 88 -70 -75 47 -53 -8 -81 118 80 -78 -110 -18 -33 -74 -22 -52 11 0 -69 -27 -33 -74 -67 -46 22 27 34 27 -101 15 -67 44 -3 3 52 -24 -65 9 -49 1 -5 -121 -81 -105 -19 9 -21 -110 -43 -36 -49 -6 82 15 52 4 -49 72 45 -67 -23 -101 3 -43 -105 9 75 11 19 -1 -16 -6 26 35 -75 15 -87 -41 39 30 11 42 -122 17 -110 39 65 12 -40 88 -19 54 -1 -78 81 51 -25 33 42 -32 39 102 -12 61 -22 -6 -61 68 31 -70 -83 57 35 -27 -32 -5 -47 -38 -20 -8 -19 2 118 61 -28 25 36 41 -69 -18 -31 95 -3 -61 -94 4 14 15 -16 25 -64 36 19 -3 -120 22 32 2 110 -111 -17 -69 21 0 -112 -30 -3 -25 -53 -4 -2 30 40 -35 -52 -29 35 -4 114 -88 19 8 11 -53 65 -35 -112 15 51 6 75 7 37 19 -49 34 40 41 1 14 -5 11 -15 -95 60 30 -9 32 61 44 36 -111 59 6 45 24 79 -39 -42 41 19 -86 -27 25 -94 -90 -58 -38 30 21 -51 -23 34 -22 27 2 13 -56 -44 72 27 -1 50 27 27 -45 -5 -31 85 28 116 -11 -74 34 -48 10 -27 -34 105 38 -74 111 0 7 47 54 -76 -51 -43 13 -25 -51 -32 105 44 -80 -23 -20
-13 18 -49 13 -112 -31 -42 -82 14 40 -118 122 -56 11 -93 -44 -117 -46 -28 64 24 -85 88 12 -21 14 1 -41 100 -28 -55 -29 -83 39 70 -20 -44 58 -63 84 90 -60 24 -35 48 1 -24 19 14 78 97 56 -64 57 78 46 44 66 -79 -21 -48 -74 102 -49 110 -49 -57 49 16 -57 -12 54 -66 -57 -21 30 -30 -63 77 -35 -18 14 78 -18 -72 4 49 15 -52 68 42 48 -35 -56 -66 -20 -18 119 -58 -28 69 16 -39 29 37 -8 -74 29 57 -79 65 99 -100 -82 123 -8 65 -36 -5 -30 51 -62 44 69 17 -33 25 -42 -74 66 -115 79 7 -66 -34 -45 -40 117 14 21 34 8 26 -45 42 -4 -74 -7 -1 34 -9 29 -50 77 -33 -45 -21 35 -78 50 1 20 5 57 -74 -90 67 -19 -22 -52 65 28 65 -21 -35 35 -1 52 37 3 -12 45 33 -92 11 -8 -52 15 -36 -99 -108 -24 -30 -1 51 73 -85 -66 80 -13 -112 94 -76 9 -93 -48 -77 -48 -86 -23 -68 -88 26 -28 -35 -41 -46 -13 6 1 -44 -13 79 -26 -118 -52 -3 -13 14 66 -125 -79 -34 16 40 -35 6 44 -52 -22 43 36 5 -23 123 -95 24 -38 -88 -68 8 36 -57 -11 -85 51 -23 -84 104 -48 -40 -29 72 -34 38 -58 -113 -35 35 -108 -1 -21 -73 27 86 -87 91 -15 -8 -24 -31 -95 -2 42 -97 79 83 -19 78 20 -11 -72 -22 -31 -72 -63 -48 61 47 -10 -1 46 18 -29 -68 31 29 11 4 -44 -6 -98 -40 -77 -22 15 -22 71 42 60 38 49 72 18 34 1 -38 -51 71 24 12 -59 -41 58 88 56 -70 -32 84 -32 93 -17 85 53 -66 -127 105 -38 -57 24 108 -10 4 16 -18 24 -39 15 31 -30 4 -6 87 8 -21 17 -108 55 23 -11 -33 -17 -78 10 35 27 -5 47 124 10 -121 -4 9 -26 -28 68 -48 29 120 104 -14 -12 108 -51 -50 50 -57 -72 -16 73 -10 56 -76 42 -12 -87 10 -32 -43 58 -21 -48 -36 -55 -15 30 -23 7 43 -85 3 80 50 12 -19 -80 47 47 -15 71 7 -105 -23 -17 44 0 -32 103 20 -44 9 -30 118 -39 64 -26 -34 82 -29 -33 73 40 28 30 34 -95 -2 12 -66 11 -25 29 6 15 -94 20 69 23 1 -85 5 -37 36 40 3 47 -10 40 12 -75 -113 -71 -32 15 -41 -42 45 3 -27 43 -17 -10 -37 78 -106 100 32 -79 4 31 37 -15 -21 -66 14 -38 -53 15 -11 -57 29 31
-71 -66 60 28 -108 83 -4 -23 -59 -72 88 -64 20 4 -4 37 26 -61 -16 -1 -75 36 13 53 18 -31 -15 -75 44 -48 13 -5 38 60 -7 -100 53 102 0 98 -122 7 -105 12 118 -5 -106 -6 52 -8 114 1 14 68 26 18 0 90 28 17 -3 26 43 87 -15 -8 49 34 -97 -55 -85 -56 -105 77 -28 -17 36 62 -3 22 53 -57 -59 36 -65 33 -52 73 -26 23 -44 39 -106 -47 32 6 -72 -20 105 28 -106 -58 26 53 106 81 -47 82 -4 -91 -71 95 -24 -31 67 -21 1 -40 36 -68 63 37 -49 -20 -68 -9 51 -40 53 46 14 79 91 -46 -16 -45 -70 52 10 30 -10 -23 -2 3 122 -27 -97 22 33 13 9 -3 -12 28 22 -48 -11 -23 41 122 -36 55 -3 -28 -8 -19 48 50 26 -41 107 -81 78 -79 63 -56 -31 -31 58 -5 -45 38 -47 -119 50 96 53 69 78 127 -4 30 -66 -3 44 -75 -22 -113 33 4 -26 12 -18 -22 -35 17 110 15 -77 -50 -16 -35 32 40 -50 -75 -73 35 111 -49 -20 -56 -50 4 82 73 -18 79 63 43 8 4 111 -50 -38 119 -75 -3 7 28 -26 41 -20 -24 81 -70 74 -26 -70 -25 4 36 69 56 -6 31 96 -12 26 -83 -59 24 43 17 -38 94 -50 116 -90 -86 82 38 55 -2 58 -31 -5 -25 4 -37 -26 -63 -8 -90 -40 93 -111 -23 -58 31 26 -114 -116 19 -19 -67 -79 2 -38 44 -19 -1 115 -69 -6 0 -12 -15 -52 -13 -73 115 62 -55 60 30 47 -20 -26 3 47 -46 28 27 112 84 59 5 50 65 58 101 3 47 -50 123 97 -42 34 39 32 13 86 50 -48 91 -18 31 23 -4 -9 -62 32 25 -83 45 -11 -13 33 -32 -65 -97 66 -10 8 66 -28 -8 42 34 -43 -60 -16 113 35 -9 37 -42 62 52 81 -120 -43 -50 -79 120 -66 100 58 46 39 61 66 -9 -40 -26 -5 -64 -26 -1 104 31 -10 26 -44 -87 -16 -62 7 44 26 -23 4 -49 3 -54 19 -45 55 -31 17 -72 60 34 -50 90 -125 -21 125 47 -21 28 25 102 -19 75 -14 77 -39 27 -29 -105 64 37 78 -24 62 49 -52 9 -32 101 32 45 14 -91 -57 37 -44 -41 -34 47 34 6 32 -36 89 4 -86 -26 86 -50 67 59 -24 34 -26 27 83 1 -74 41 1 29 49 -59 13 -64 54 -36 29 84 -34 103 -28 11 75 -49 -61 -10 -87 -15 -29 9 -110 -52 -30 109 -53 -53 -114 36
-28 25 15 113 -7 34 29 -30 -79 -13 -21 -111 -78 11 -50 38 -50 2 -34 78 -25 20 58 -48 -95 -4 -35 -44 -93 76 -12 -59 43 -30 -35 -30 10 -127 44 51 -85 18 22 -89 -24 61 -22 -25 6 -45 16 55 -68 84 43 -28 -57 97 37 -71 -46 -128 -5 13 50 36 -24 2 -45 -37 62 29 -26 21 53 25 0 79 27 -6 -47 -84 -15 -103 -1 20 75 48 24 120 -67 -59 14 -97 -12 31 -59 31 22 46 50 -79 1 17 30 5 -28 -100 64 -9 -20 59 -93 -78 78 65 18 -20 -60 103 78 -34 -95 -45 -21 -57 48 125 -5 80 -61 100 41 -77 62 -38 -52 -16 7 -23 93 -36 25 -71 18 -52 52 -70 -9 64 -50 31 -31 -63 -9 -50 -13 -10 -36 10 8 91 -68 -12 -65 -79 52 16 45 -20 13 -14 18 53 -27 -37 -41 20 -78 12 1 68 -44 -5 18 86 -10 86 61 56 -35 61 28 19 82 -16 -34 -64 9 13 -47 -43 73 -4 -23 -7 42 -13 -27 -16 20 -35 -9 31 -54 36 -3 51 -36 8 29 -16 31 29 53 -71 36 -60 10 77 61 123 -6 -40 10 -93 -6 83 -19 18 52 -9 -55 -38 28 11 15 24 -79 -7 -108 41 -33 -44 78 38 89 -103 47 -22 -49 0 8 0 -118 -41 -65 -31 -68 -90 71 19 -42 93 11 -48 -29 -29 60 -87 13 -23 62 -36 -90 23 40 -55 -36 -82 -30 -57 -42 -40 56 -13 107 -31 65 -14 -15 75 -67 -94 -17 33 4 -64 -36 -53 18 -94 -29 -57 -86 -14 -102 -56 27 46 -28 -20 83 32 -13 46 109 -13 108 79 3 52 -13 31 62 45 -36 -28 22 -14 40 99 28 63 0 111 -18 -32 -32 40 -46 -36 60 68 -34 98 33 -3 -25 0 44 -34 -32 77 -35 38 73 69 24 107 -1 -88 -34 -10 40 14 -73 -64 35 82 86 28 -108 13 -34 37 18 38 -55 -1 0 -60 -120 -63 -38 -75 21 -37 -96 21 22 -51 -55 13 115 -111 89 -24 -24 44 -57 34 -39 71 -50 -4 38 28 -45 49 -7 41 -89 1 -5 40 121 15 -36 69 41 -4 12 91 -38 70 34 88 70 5 71 -29 -47 -11 -25 -76 51 5 44 -49 77 64 19 12 -38 -76 28 35 -5 -14 -77 -31 -24 32 26 -40 -108 -55 -75 12 58 -42 88 38 35 -68 -60 16 -32 -73 -66 48 -3 -31 -91 -40 -38 101 55 34 11 82 -90 14 16 32 21 -87 27 -8 -67 -67 27 19 -99 -121 -78 6 -36 25 53 23
4 -116 9 64 -31 7 38 2 18 -15 14 7 -41 -45 -9 11 -86 4 101 7 -82 -29 81 -54 68 72 -74 120 -101 85 11 51 34 41 37 -25 -1 94 -23 84 -117 -24 -64 -12 -60 79 100 79 38 60 96 -30 -18 39 11 -23 23 72 11 -112 91 -11 -10 -18 -81 -47 53 -51 -48 -45 7 -40 -84 -15 -84 2 -26 -18 33 9 42 -15 21 -82 -15 -25 17 -48 -17 64 -17 -44 5 -62 41 48 -28 23 18 30 26 -38 32 28 -65 101 33 64 77 -49 -10 65 -51 -55 11 -41 22 -62 43 -72 3 -51 69 -55 75 19 86 -37 -33 -15 -46 37 24 -52 -7 -58 -121 -100 -70 -39 62 -28 -1 -17 58 -7 -32 -71 48 91 7 3 78 -28 83 -99 64 8 -5 19 -40 -16 0 -90 -81 -42 100 12 21 38 66 90 69 -29 8 -27 30 60 -18 52 -107 41 55 -111 46 23 9 48 123 -49 -27 -108 2 -17 -53 -14 -33 -93 44 12 -41 -7 4 -29 -42 28 82 -35 71 -107 -3 9 -42 -119 -46 74 -80 -122 25 6 -36 67 -55 31 30 -60 14 47 -27 -10 -42 -33 43 -10 -12 -16 57 71 -65 -33 16 114 19 -32 -114 -76 69 -54 -32 10 -117 -34 15 35 8 -33 29 -19 -40 -10 52 -90 1 -58 10 -64 -31 95 -24 118 47 24 -70 -42 -84 -37 -25 -72 1 -10 -90 -65 123 56 -49 33 91 -43 -38 -18 -38 -56 -24 -49 54 26 -36 -7 3 -60 -52 100 -43 -31 -8 -5 13 37 -89 -38 15 -61 -2 11 5 13 -16 -8 -36 49 -27 -30 6 37 -42 -30 -43 -17 23 57 -20 9 4 64 -17 108 -56 -64 11 83 -3 36 22 70 55 109 58 15 13 -13 -44 -63 46 -62 38 63 35 -4 2 -73 24 -27 59 -55 1 -18 5 -43 -52 -78 -11 -30 96 32 12 72 -19 51 85 16 1 32 -102 42 18 -24 -52 -8 121 2 41 -7 -116 -2 -61 11 -26 -16 28 13 -14 -12 30 -67 -49 -39 12 -7 -87 48 1 -45 -117 -98 1 6 -21 -21 40 -35 34 40 -6 -25 35 13 83 46 -76 44 97 11 94 -45 -45 25 -21 -89 90 12 -22 -19 27 29 9 -19 69 12 -92 52 -31 62 10 59 -27 -1 -18 63 5 27 -103 9 31 -14 -7 14 45 -83 -1 -19 -63 -92 22 -3 -44 -43 114 -54 5 54 -47 -11 -126 -13 -43 8 -10 64 -68 22 10 16 -12 7 -23 100 68 68 -2 31 -70 -41 -45 -15 -6 -41 -96 -6 11 -10 -39 -23
-23 8 36 55 -84 64 117 -3 -43 -98 -42 -123 -39 24 -46 39 -81 -126 -56 46 -25 -47 41 38 -29 -5 -17 -57 -81 52 -54 -69 3 -3 28 -41 67 8 -11 112 116 -62 -5 -26 65 -74 49 -57 31 39 -31 43 -58 63 27 -59 49 78 -57 18 -5 -70 73 -32 -35 -18 -75 -10 -16 -55 34 -53 -59 -127 -72 82 -44 -105 83 18 102 -92 63 -14 -20 -10 25 38 -46 -122 4 -20 -17 -5 -12 38 -77 -15 62 12 -46 37 78 53 -79 -11 1 26 67 -33 14 29 20 -108 123 64 51 -102 -25 -42 -7 11 48 56 -66 -58 3 118 -3 17 -96 13 -5 -4 -34 -48 -69 -2 -4 76 94 -87 21 12 59 -35 -2 -15 25 80 -40 30 -63 31 -92 -54 -35 -13 -79 45 58 39 -22 -21 47 7 36 2 84 33 61 -6 60 -8 -52 41 17 -15 21 -24 -39 80 -9 -3 107 17 44 49 44 32 64 -15 -83 28 98 -32 -14 116 38 85 80 -16 25 -28 -12 -19 43 -8 -37 -58 -3 -84 33 62 -114 -73 -63 4 -30 -20 60 -14 -43 -53 45 -67 2 60 53 111 50 -42 75 41 -34 -89 0 119 2 39 -12 124 -59 -73 87 -21 86 -18 -80 -47 -29 113 -51 -25 1 -31 -15 -20 51 43 -39 6 56 -61 15 34 -70 66 -24 -115 26 38 125 72 -34 -116 -98 -81 18 -57 8 -53 97 -74 -18 42 60 -26 -76 -64 24 -53 -1 -13 25 -19 -114 -7 8 -10 71 -119 -14 -24 -69 -84 22 -62 -54 -78 -21 -116 41 -20 23 65 -36 -7 56 -18 39 -18 59 -58 45 -18 -15 36 74 -32 29 19 61 107 83 49 -57 -116 -108 -41 -58 -20 53 -26 23 77 28 32 27 45 -47 98 -110 12 -16 41 2 48 22 -9 18 16 44 15 77 -11 2 20 -28 34 -3 -37 -58 -21 -4 93 43 -12 42 0 5 -53 58 -7 -46 92 -32 39 -118 37 93 47 126 64 97 -39 5 33 -14 -60 -24 -48 -42 -8 -20 17 -87 -74 -15 57 -120 -45 -96 -57 -48 -27 -56 -33 95 -95 -27 -25 11 19 15 -4 70 -36 7 7 -62 -29 -18 -28 62 60 33 44 42 40 -119 20 46 -17 48 -10 42 75 -19 -34 83 104 39 90 4 -25 6 -41 26 42 -65 52 -68 25 50 2 -13 -46 -14 -36 29 -104 113 -6 94 3 -36 13 -23 -13 -92 47 -32 -11 -35 -41 -2 -11 -17 -45 -60 65 13 44 -6 61 -11 -49 16 -9 -5 -68 107 -27 24 17 10 60 -15 -7 -49 45
-40 -54 -1 117 -44 -13 102 -46 -93 -17 -51 -93 -76 -60 -28 74 -91 97 39 -27 -62 7 -86 4 110 89 -75 103 -4 10 -41 -46 55 87 -3 32 57 3 -99 98 -43 32 13 1 -26 -117 123 -128 -16 -16 94 -5 -99 -6 78 -11 104 -128 -8 -43 112 -7 94 56 -81 -48 10 -35 45 17 -15 -67 -73 -4 -42 40 78 121 -47 5 -74 -11 57 -62 -60 71 1 69 -10 -2 80 -35 -20 -29 23 109 -64 -13 -42 25 -35 -6 -14 23 2 67 21 75 86 26 -67 -86 -91 -55 64 -17 66 -41 -2 -41 4 -1 -19 84 22 -116 24 -115 67 59 -122 89 62 -33 53 -57 117 -40 -41 85 16 -39 26 -26 19 -26 -5 14 -23 37 -81 -23 84 12 41 -73 30 -38 66 81 6 35 36 69 2 -62 64 75 -37 11 0 30 -20 -15 -88 -28 -58 -21 24 49 -39 52 48 107 -51 35 53 92 36 14 40 54 8 -74 77 -16 -15 -35 27 95 -26 55 -36 -43 -63 3 106 5 -37 -25 25 -10 22 15 -45 27 -48 90 -20 9 0 -35 -8 65 -5 -76 80 -30 -6 50 4 -13 91 -5 -38 -97 36 33 -55 88 51 78 -8 -15 -2 -13 -13 -42 6 9 6 51 -77 3 68 -8 96 -76 26 -82 50 -85 22 -39 113 -38 -66 -33 17 -46 12 0 13 95 -19 -26 -77 -60 6 -95 -73 29 -17 -11 6 63 -6 10 -2 -24 -9 -120 -37 19 52 -59 -100 16 -47 -43 -35 7 11 110 -21 -105 17 -12 -28 17 43 -2 -8 -23 -20 85 -16 -30 17 23 58 -44 17 18 -21 15 100 19 118 8 83 16 89 126 -46 34 16 53 82 42 77 7 33 -25 13 67 22 6 -30 -65 51 -85 -20 36 -47 62 -48 -2 30 38 32 -93 47 98 25 -10 59 -18 33 -2 37 -91 -56 -50 111 27 -19 51 77 59 91 -8 35 -104 26 67 -53 76 -86 24 -39 -56 119 -5 23 -23 -14 6 -98 42 32 50 -47 45 -61 -39 -49 4 2 -100 -84 39 -86 -90 15 -18 -39 -76 -10 31 58 5 9 71 -16 67 81 -80 -98 -4 -49 62 79 69 11 -30 38 40 61 23 33 46 79 0 -83 -38 75 64 48 -65 -51 -60 -56 -45 14 -77 -36 -45 -37 -27 7 -62 -43 -19 -60 31 -43 -1 -24 -67 -7 -37 54 -37 -28 -41 -47 -7 53 21 -10 33 23 -55 -105 57 -28 10 13 28 19 7 82 -12 -34 31 -34 -14 -11 -121 -54 34 -18 14 -33 -59 -24 47 58 44 48 1
57 98 93 47 -88 -18 -2 -64 53 -65 20 -108 6 -42 -38 50 -115 -59 62 71 40 81 -2 85 -1 16 -75 -26 -56 -4 -35 30 -24 28 -23 -59 44 26 -31 39 -49 39 -24 58 17 51 114 -10 -2 17 91 -83 -20 90 62 -122 -101 98 -66 -45 -3 -77 9 -115 -51 -51 22 20 -9 31 -39 17 -3 32 -53 10 41 -38 -43 21 -86 -17 -48 -37 -26 -67 72 58 2 -45 92 8 -23 17 -15 -68 17 97 23 -24 -64 -31 -67 39 70 4 -75 89 3 -38 30 13 20 -48 127 -8 67 13 73 -17 52 -60 45 70 -43 -51 -43 9 7 95 -53 96 79 -49 -11 22 2 63 -51 33 75 -6 60 -38 13 -36 -42 74 52 -43 10 -33 31 75 45 56 18 3 -63 20 88 59 25 -27 120 -67 47 29 65 -108 27 12 20 10 18 -21 6 -48 -20 -12 69 19 63 37 27 -53 36 99 74 2 -46 71 2 -54 41 17 -35 -28 47 46 13 14 5 82 24 -87 7 53 -53 -76 16 27 -54 10 -71 -15 -117 46 87 26 -84 -62 18 10 1 -58 -31 68 16 11 4 -126 53 86 17 95 62 40 23 50 -19 -26 -7 16 22 38 25 -39 -81 57 -57 83 72 95 76 -60 -3 -81 55 40 -59 56 -7 -60 -3 10 -90 -13 -48 -51 49 59 -3 35 -3 -42 -85 -14 -8 -61 -6 2 34 -54 -28 23 37 -61 -86 -10 -45 -95 -84 -60 -44 28 -76 -15 42 -8 -66 92 -46 -39 -42 -74 -72 -67 -23 -50 8 -51 22 63 -57 28 -88 -26 -11 2 -51 -18 66 9 51 -55 -66 16 -10 -5 27 -5 82 43 10 -10 62 -52 103 -4 15 -59 32 1 1 69 -14 10 -23 51 -41 -5 62 75 -1 11 -108 23 -11 -16 -16 -71 18 -30 82 54 -100 91 23 -2 7 -13 -120 -89 53 4 73 -39 33 22 106 -11 -44 4 -64 9 22 -17 -100 117 68 -2 -14 19 -20 4 52 -49 -19 12 -21 67 -21 3 47 -20 -5 -17 -2 -87 -67 14 -21 -4 -17 -85 -29 -68 -44 -24 10 -43 65 24 -39 42 -12 25 -53 9 46 36 23 30 -27 47 -3 -3 48 -43 -10 -12 16 -2 -51 -10 -77 70 -22 38 -5 -33 11 -10 25 -9 -9 34 -60 4 41 1 69 -67 40 -11 -86 -77 -24 121 0 -126 114 -24 2 -80 -56 65 83 -38 -26 36 -65 3 -99 -61 45 -28 -35 -48 -6 53 -37 38 -33 62 -1 -52 -19 17 52 -38 -14 -27 5 -49 -108 78 30 51 -26 86
36 5 36 -3 -101 10 25 -27 53 -41 -26 110 -29 -29 -38 106 -80 -28 -53 95 -104 11 90 -13 -25 124 60 104 -77 73 -20 16 40 54 18 -71 -7 87 64 98 -117 77 -24 73 40 18 105 -69 -43 54 62 83 92 93 85 -56 -29 82 -56 53 34 25 64 59 34 5 -35 -39 8 -54 -17 -5 -33 -1 -56 42 5 -120 61 21 -70 -41 8 -11 -29 40 19 39 -52 97 8 45 -1 -59 101 -12 -30 -120 19 -19 102 -48 -77 39 -52 26 -3 71 61 -87 -61 31 120 -59 97 18 29 33 53 109 90 28 30 38 29 -58 -53 8 120 -124 -88 88 102 45 -30 -87 -79 -81 -50 -11 -16 -36 -24 -42 8 126 -103 -44 21 -25 -62 -102 -8 67 -97 -54 -24 -10 -32 49 27 -15 18 18 3 -43 -94 -66 -63 -27 108 5 -71 -42 -28 -90 21 25 -15 3 -20 14 96 34 103 47 21 64 35 67 51 -35 26 -4 -27 -30 -48 -99 34 -78 -4 -39 49 -63 -1 -27 16 -96 -98 -26 -37 -27 -93 58 -8 -53 -123 78 -13 -3 59 127 59 -37 83 -31 -41 -53 -86 39 84 -62 -14 10 -2 -72 -49 49 -50 7 -45 31 -15 5 32 15 -7 24 -13 -7 79 60 41 -2 17 26 32 93 -20 -13 -75 11 84 -80 -61 19 11 12 -96 -66 24 -38 34 64 36 10 -109 84 31 -80 2 -57 53 30 -119 45 9 -104 -34 -57 26 -2 -55 63 10 -56 -84 -12 -20 -63 -57 -116 -29 -69 -10 -44 -73 41 -98 -2 -54 21 116 -34 -19 33 -28 64 14 57 55 30 55 23 -46 38 -13 -44 15 37 -97 55 -43 -2 40 110 -70 -71 26 -29 124 -46 38 -14 -88 71 20 -49 0 33 -33 79 -112 84 -37 71 -23 -51 1 -90 28 -67 35 -26 1 29 34 52 -27 -23 -34 -63 -61 -27 64 28 -2 -49 70 -111 125 48 -21 12 -30 -23 -106 -43 -117 38 67 -52 95 -34 4 -26 -5 17 -15 116 89 7 -117 24 55 -49 27 -72 -26 5 17 51 -84 -90 -17 32 0 -54 50 -19 -7 75 -94 -51 6 53 93 -24 -22 93 8 37 -3 23 -38 127 -23 93 34 -44 49 44 30 -69 -46 -45 -12 -16 116 -34 5 101 58 33 28 -93 -13 37 -107 -116 -102 27 49 -61 -99 -34 -108 -63 -33 -62 74 -47 7 28 -54 -37 -97 58 92 -57 -47 -6 -12 53 -83 -5 35 24 45 6 -16 50 37 41 -28 45 -25 -104 67 25 -84 -20 36 -19 -88 -65 26 65 -14 12 -3 90
105 -13 13 9 -96 -23 57 -62 -7 -82 -21 -79 -67 46 -18 114 -81 -22 -14 17 11 27 -121 18 -37 8 59 -57 -46 50 -22 -98 -15 -19 -39 8 64 -10 7 76 -112 72 38 -29 -15 -1 52 -66 -20 -52 47 108 82 -51 42 -58 -5 -119 -64 -91 -40 90 39 -35 -15 -10 -21 68 -29 -91 -62 -21 -48 -82 -24 8 18 -50 -47 -8 43 -94 -21 20 -61 86 77 64 50 27 16 -17 -52 -63 7 -1 -13 10 104 -9 -1 -50 47 -48 -57 63 7 -93 -5 -70 -95 -125 -57 -81 69 88 60 60 20 -39 55 18 84 20 -71 21 25 -70 20 60 -40 31 -28 -27 0 -20 -121 43 -34 47 53 -10 2 28 32 -4 -17 79 22 77 -97 -64 -7 17 -28 -36 -54 37 -25 -44 -10 19 -66 82 -75 35 93 -71 7 -67 20 4 21 12 21 -20 45 91 71 -16 -73 48 92 95 8 51 34 121 77 -37 -31 50 0 -18 64 12 -14 -77 6 -55 7 -23 -16 -40 102 -9 -15 -30 -55 -93 -23 -40 -39 42 10 -101 22 103 68 -61 -36 14 7 -29 68 29 6 -13 -91 117 16 62 29 -80 92 -53 24 -27 -41 -22 25 57 55 -30 89 113 55 -106 -52 71 -25 90 -14 -21 -3 -25 51 18 -11 -75 124 60 113 -26 4 46 122 54 -55 34 -18 -99 0 14 -19 -39 -5 -12 -9 10 3 -99 7 -35 30 76 22 46 63 -46 -48 -65 22 -46 65 -31 -33 92 -26 -76 -24 -108 -67 -82 -37 -68 -7 12 -125 -61 -26 -64 44 -67 37 25 21 -48 101 23 -12 100 38 -81 108 25 -27 9 82 55 39 -18 86 61 32 12 64 -17 0 11 86 50 36 105 -32 106 47 -19 29 39 -128 18 -21 33 -107 6 28 30 16 81 32 -66 -56 0 21 -12 80 91 -97 -17 23 -24 -73 10 8 126 -9 10 82 111 -42 33 -5 -31 -20 69 7 31 -52 79 25 -5 55 17 4 87 49 -42 -106 -25 14 46 31 -37 -18 -71 24 -20 -19 9 -98 -22 -1 -83 14 -94 -28 -29 -111 -20 -8 40 -97 -34 45 33 57 46 -61 41 65 -20 -98 86 -115 -2 53 17 -19 -28 17 31 24 19 9 16 15 -12 -37 -8 68 55 22 72 43 -41 56 38 -116 -60 -72 -41 70 -43 -12 -70 14 -110 21 -5 -11 -93 -11 -33 -5 6 -102 -82 11 -105 -59 -31 65 -82 -91 4 31 27 36 39 -77 -3 -55 76 -68 -33 -6 -75 -50 -14 -36 3 -31 -54 -47 -12 -18 57 4 -60 12 44
3 -27 68 18 1 19 56 9 -2 -57 -15 107 1 -58 64 29 -23 -74 -85 -113 19 30 10 5 0 25 35 96 111 108 -12 -12 -38 37 26 -8 72 38 3 81 75 85 -49 -40 43 -15 35 54 -37 71 -19 95 -3 80 91 21 -11 108 -19 -67 -4 13 5 31 -31 -22 4 -24 -64 -57 -20 -34 -53 -26 -12 -19 -12 -60 28 -15 -20 -58 61 -29 -51 -56 71 33 -16 85 -61 -36 -64 4 -18 -12 -2 -123 92 38 -33 25 -18 18 -11 16 -64 16 1 -30 -23 103 -81 -31 -101 13 35 -25 20 -12 -12 42 37 51 -3 -86 48 6 34 27 -41 13 37 -34 -17 -21 -11 -21 4 46 33 -72 -123 23 -115 -8 -38 11 -36 26 -20 -52 -23 -36 2 -35 102 -86 2 -2 -22 -17 28 39 21 -55 -11 16 -12 -5 14 3 35 -57 -5 48 24 34 4 -4 -29 48 68 70 103 82 5 83 8 -27 -37 -25 -123 20 -22 -31 34 77 -57 74 -41 -45 33 -41 -107 111 -85 -77 -23 1 -58 49 25 -18 -114 -86 -50 44 57 -43 -33 -54 26 -32 78 -96 59 98 8 26 -107 77 1 7 -52 -49 -12 -6 58 71 -33 -5 86 -30 44 -10 -5 -111 -37 19 -18 31 -66 94 -48 -39 -17 -12 18 -16 -71 -11 50 -92 -43 29 -16 25 -51 -47 -1 -119 -45 49 -75 -79 -79 39 -7 -27 1 -49 89 3 -1 3 -28 5 29 -10 27 -71 16 -10 -4 -12 -18 -11 -104 13 59 19 -87 -99 -62 -40 8 7 4 -95 64 78 30 39 40 9 -35 111 -14 74 -41 -14 32 -35 44 33 -98 35 85 26 -44 123 -13 0 -51 95 -39 -16 67 40 54 85 -82 25 -54 58 76 107 -23 41 -26 58 63 -14 -30 -48 -121 0 -52 -127 -19 -52 28 -70 -51 27 -23 68 -24 74 -16 -61 -62 1 -28 26 55 33 110 77 59 -30 73 5 -12 64 -35 30 56 24 53 -9 -120 -46 -37 -20 -29 -99 -17 -15 51 37 -58 50 -32 -84 3 -4 -10 123 -53 22 -120 -17 -10 -10 -81 2 -114 -47 -73 -31 51 40 18 94 34 7 -1 3 77 -18 63 11 -41 87 -29 102 33 -52 40 48 46 -10 -5 -81 -25 -79 -24 41 96 55 47 117 13 -76 43 26 -44 -10 -13 50 57 -19 -28 10 27 -48 -74 -21 0 24 10 -39 -22 5 -82 118 -100 39 0 22 -43 -52 -41 -56 9 -101 80 -9 -60 57 -46 66 26 9 48 -38 32 8 41 -58 -57 -46 19 38 -51 91 9 27 91 85
41 29 -31 125 -119 32 31 -27 -114 80 58 -80 -46 42 -42 39 -104 -96 -57 15 -26 -43 57 -28 49 -48 -73 -18 -56 14 -14 -37 58 74 81 26 35 74 -65 -21 -102 63 -33 123 -5 33 60 -25 50 29 56 47 -81 -8 1 -41 44 114 -113 -84 63 -18 27 1 28 -32 -11 -5 -33 -5 -8 -32 -62 -124 -38 3 10 -33 -20 -2 30 -49 3 44 -25 78 97 65 -100 69 -43 -68 -46 -85 -36 27 56 -56 47 -41 -30 -74 63 62 32 -12 15 -64 31 121 -95 44 125 5 58 -73 32 -6 12 -31 -35 -13 31 -45 -8 -19 -52 100 71 55 -86 -128 90 -20 -30 -69 -82 -58 -70 23 64 -100 54 -32 -19 -79 -20 -67 -25 55 -65 45 2 -31 23 -34 -96 58 -113 74 -31 18 -41 69 41 17 -29 -18 25 -18 109 79 -8 -5 -3 -45 -86 -6 2 63 -91 -52 8 64 -5 25 19 102 21 42 42 85 -11 -59 40 12 -73 9 -65 75 -51 18 -20 48 63 -78 25 -21 3 -54 -4 -8 73 -6 -20 -7 -54 -41 21 -72 -22 -21 -32 -13 116 -32 6 126 -73 25 98 28 58 77 -43 124 -24 64 47 30 -90 78 35 -73 -128 -79 117 -80 -76 64 15 46 -59 -23 -23 -27 69 -13 65 85 -73 -27 -31 -6 -70 18 -87 48 31 -77 -6 6 -69 25 -28 -56 -35 -45 -14 11 -56 -63 -44 11 -12 76 62 -91 23 33 14 -87 -38 -31 7 13 -46 27 -64 26 -50 42 43 -48 -64 -13 52 10 -9 -20 33 127 49 59 -30 -2 -75 -50 35 6 39 -74 90 1 -19 44 -78 -21 68 72 50 -15 45 11 28 25 -21 -35 -8 17 -66 14 -30 20 -23 11 -65 -22 -67 1 20 -68 -50 15 1 79 5 40 -11 -65 -79 -15 17 44 18 23 15 4 -3 22 -6 50 -57 -63 25 -108 -9 -7 72 31 -118 -5 -55 -39 10 68 -46 5 -110 97 -34 -87 -121 -83 -8 7 -46 -26 39 73 92 -44 22 -89 34 -93 -21 -91 -68 64 -17 -8 -108 -82 20 30 62 1 6 -55 -18 34 -60 -44 -48 -43 81 39 -21 40 -26 14 18 34 -26 60 16 120 66 -7 25 -34 32 -13 18 -71 -70 64 16 53 1 52 114 104 -72 -44 14 -45 -71 34 -112 48 -22 -54 40 -6 49 -29 9 -36 28 -4 23 -2 11 -28 -30 -13 -21 4 -5 -2 -9 -8 -73 -17 28 -75 20 116 -53 -52 17 0 -65 109 -31 -40 -43 85 -82 -25 -34 94 3 -37 -51 -34 17 87 124 7
-32 -72 -111 -6 -84 96 33 29 -42 4 74 68 -28 80 5 -46 -82 22 -23 -25 37 46 127 63 2 -30 10 119 -16 56 -26 -20 40 -14 4 32 62 -18 71 39 95 -101 25 36 -24 24 42 -6 -41 -10 19 53 25 21 39 -75 99 66 -75 -15 -56 -52 -3 23 -61 33 -25 73 -36 -30 -114 -59 -59 -116 7 36 23 -52 -50 0 36 28 53 -62 9 15 44 62 -52 32 31 54 5 -33 -21 23 27 39 68 117 -120 48 -24 -72 -13 20 -86 44 48 -27 -27 60 1 -91 80 -14 22 51 92 54 1 -13 2 28 13 -37 -115 14 -120 18 -2 39 69 -58 46 10 -42 -26 -3 42 46 -112 -57 -17 46 71 -90 9 67 71 123 37 -15 -27 -95 -26 -102 93 -116 44 -42 -12 13 -5 1 -60 58 -17 -71 -9 57 12 41 -43 33 29 -15 24 -86 -4 -23 -25 -16 81 93 -5 -90 71 72 113 -76 8 -22 -60 20 -27 -26 -57 107 88 0 20 -62 -47 23 -103 66 -13 1 118 16 -24 35 -6 -90 -81 -49 58 43 -1 -102 -112 49 99 0 -9 95 17 -28 37 -53 15 60 -112 -23 36 -32 73 67 87 17 12 94 -80 84 -23 -70 -85 101 24 13 83 57 116 -41 -37 99 127 44 105 -33 -94 0 -31 -58 -24 -40 12 18 -34 -7 9 -58 16 9 -29 -5 -17 1 -56 16 4 14 119 8 -120 42 -76 -21 -51 70 -42 122 17 21 1 -49 50 -10 88 2 2 46 104 -60 -55 -10 10 -6 -81 45 -100 27 -88 15 -30 -66 28 -45 25 -29 -2 7 -56 29 45 -46 46 -127 36 -2 -83 -53 88 -27 -71 14 -6 -17 -27 36 9 -17 -43 -25 104 19 31 -35 20 41 -18 25 74 -55 54 -69 52 66 -16 -5 -16 73 107 -30 -20 120 32 64 46 -49 9 -49 39 -21 54 21 -32 25 69 -128 -36 11 36 -26 -10 -89 110 -51 60 54 -7 -67 23 -57 -9 -16 99 -66 56 47 -31 -107 0 6 -107 4 85 -59 2 -11 61 -52 33 -120 123 41 -45 96 13 -49 39 -13 11 -9 97 13 20 -7 65 37 27 26 119 78 -1 8 116 13 -48 -66 -22 24 -3 43 -92 78 2 -62 5 -19 25 42 14 -15 -19 26 7 -109 -26 -60 -35 -23 -76 18 7 -9 -50 -13 27 -16 -24 12 -71 24 -1 -124 30 -106 19 -27 108 1 -26 -14 46 -4 33 -76 13 43 43 57 17 14 -48 28 -82 6 56 -15 -33 -89 -83 1 12 -21 106 45 45 26 1
6 2 58 88 -61 -4 11 -57 26 -70 50 -123 -25 -92 9 114 -34 -71 -113 -48 -29 -29 80 2 25 21 -49 -94 29 -61 -43 127 4 -34 -1 -44 58 53 50 -126 -103 17 -64 -35 41 31 8 -45 -21 8 -73 -47 -11 2 41 -112 45 78 -69 -39 5 8 80 -18 25 31 -2 87 11 36 -58 10 -6 70 -44 41 6 94 4 27 -32 -96 -7 -48 -51 15 14 58 29 -14 1 -79 -74 -64 69 38 -15 -26 63 79 -20 -14 -21 -116 71 -40 51 35 45 -4 27 61 -49 101 -113 2 4 43 17 -54 -110 -42 51 53 -16 -101 79 -33 -23 73 -41 -94 103 -31 -8 -115 -116 17 8 11 107 -7 91 -50 11 -99 -18 -12 15 120 -23 22 15 -22 -5 -47 30 -26 -18 -119 71 4 -32 62 7 -68 9 -56 16 -39 -48 -7 -86 30 -35 -109 -8 78 -7 59 -6 -14 29 45 25 44 -42 48 -49 -54 -40 11 5 10 73 38 -30 -94 12 6 -64 53 -30 -62 16 -84 -4 -121 -77 -24 11 9 105 19 -43 -29 -47 12 32 97 35 -94 -79 -56 33 9 25 22 -46 66 -81 81 62 -40 -78 -107 125 4 -5 42 18 114 -15 -84 27 -54 -55 -64 -78 39 60 -40 2 -89 18 105 50 58 -3 28 -71 19 -66 -98 -55 -49 -62 85 -32 -67 -128 -46 9 -6 17 -25 0 -6 -13 -49 -73 10 53 -63 1 51 -1 -11 31 -59 -78 -121 -73 -34 20 -55 -77 61 20 12 24 -93 -95 -6 23 -19 -94 -61 -3 -67 110 -128 30 -51 28 58 29 -29 14 19 10 16 -10 -2 -51 -4 -75 -3 66 51 3 2 -66 73 13 -16 -24 -30 72 125 78 -26 20 -23 -60 56 43 34 -61 -108 105 36 -17 4 -16 37 -55 -55 -27 -28 -24 -12 -2 -40 33 14 61 70 -52 70 42 -60 -126 -42 61 -128 -10 -7 6 31 83 2 9 -89 6 89 10 -71 -106 77 -2 20 68 -88 68 -33 16 27 -59 43 9 52 -70 39 25 -98 -71 18 -5 28 -35 -90 126 -6 -59 -5 -37 26 114 3 108 9 75 118 15 24 -8 -78 22 15 -11 -15 13 63 81 -95 -22 -53 52 78 22 101 76 -24 -80 -83 27 -55 -15 -16 -61 63 -6 46 69 -76 22 10 -62 -9 -74 14 -49 -58 47 45 43 -12 20 29 6 -64 -5 3 -74 -13 -81 -97 -27 -15 94 61 37 38 25 9 77 -66 8 15 -10 -51 -9 17 49 17 64 -28 1 81 126 22 -82 5 -58 -5 -6 -29 67 15 44 18
46 52 99 -48 -75 98 40 -50 83 -13 72 -128 -48 -27 -8 -26 -77 16 -17 49 11 -26 105 34 -115 19 -73 -49 -115 108 -24 -65 28 29 32 57 -69 86 5 76 -125 -37 -10 89 5 53 110 -59 -44 -7 91 115 22 -30 6 -52 71 -75 -57 16 -82 -12 -16 55 -32 -20 -38 -97 -53 -45 53 36 -53 78 -32 92 82 -52 45 42 35 54 -56 59 15 -20 70 22 -36 -27 53 52 -73 2 23 19 2 -48 -47 19 -41 65 -32 73 46 -68 -65 -5 20 -67 -11 55 -42 -21 74 36 39 -16 -41 5 26 -44 -1 46 15 -40 -6 9 13 56 -37 104 89 -26 21 7 -47 53 4 -66 -3 -60 41 -4 91 44 -99 42 -85 16 -55 -99 -34 105 -48 -6 -61 32 -56 64 -9 27 -31 -37 0 52 8 -75 10 7 40 -124 15 -23 -23 -94 -7 2 28 7 72 -22 14 5 5 67 -42 69 -61 -29 -37 1 -23 -80 25 -86 -90 -105 -3 -21 -18 -122 61 40 -109 32 40 -2 -54 -98 -56 -116 -48 4 -7 47 15 41 60 -4 17 16 -8 -10 10 -125 93 58 19 65 73 -104 42 -28 -24 -88 -3 40 27 -124 53 70 28 -29 72 -109 27 19 -77 -96 50 25 -7 -90 -8 -28 -2 -49 64 27 -48 47 79 -79 -53 -87 -19 -59 -24 10 110 -11 -97 55 -30 -73 22 -76 -19 -11 -60 -23 93 -14 -2 -28 27 -103 -98 -30 44 -26 3 -106 -22 -31 -20 36 52 -20 -79 42 -95 -41 -75 -26 69 -104 -30 -85 -91 -128 -1 -62 9 -53 25 76 0 -19 -6 -51 44 24 2 -7 -97 -38 73 113 3 -30 -74 6 67 -5 -11 -58 25 -9 30 22 58 3 -9 85 65 -12 109 60 -77 -24 -3 -38 -42 24 8 50 -31 -1 -25 -63 -19 -59 -30 42 49 106 -42 -40 -6 13 -105 124 -17 35 -17 -13 89 30 -53 -24 13 86 -41 48 -49 59 -108 26 13 36 99 -11 -87 -31 -37 -36 -27 57 112 111 -128 -49 52 -73 -60 40 -23 45 -32 -97 -55 -18 -19 82 19 -82 54 -75 -39 9 67 13 -33 84 11 106 -72 32 96 55 16 83 -52 -5 56 45 -39 -38 -1 38 12 87 126 -99 111 2 -47 21 15 1 26 1 -74 -97 10 79 -62 -23 -71 -44 107 37 8 20 -61 -65 -19 40 2 9 32 -52 2 -22 -120 -9 55 -75 -24 60 -30 -21 -90 -21 -16 -3 -46 -3 -86 78 -94 -35 35 101 14 -75 -60 18 -49 7 -38 -53 -62 -57 -22 38 -36 -22 29 66
-107 49 -12 -4 -84 38 -1 -7 11 -16 -2 67 13 -17 -22 23 -39 -26 26 -19 30 -55 86 30 3 -48 -98 -47 -13 60 -44 19 6 -54 -13 96 68 34 -59 -89 -17 -55 -87 64 -20 -45 108 -94 -31 55 -22 -2 -33 91 8 -54 98 -15 -80 -24 -89 38 11 24 -35 -73 -76 -40 -48 16 -59 -27 -10 -61 38 52 5 -39 -4 -1 65 20 56 5 39 32 54 104 -44 -31 96 -47 -61 28 80 72 -123 -68 97 14 -7 -16 -17 -25 -7 84 40 126 106 -70 -97 8 -55 -58 72 -5 47 88 -2 3 19 -70 39 -80 -72 -71 -74 -110 -12 108 -47 108 101 -32 -4 2 35 -4 -57 -74 79 -65 -13 -79 -35 23 -29 57 32 44 -61 -16 24 5 -7 7 -48 58 -40 82 -1 58 30 0 73 -62 64 -40 14 -105 44 -57 3 -28 -15 -68 10 97 -12 -17 13 -14 14 -53 28 24 2 -41 81 -21 43 -11 21 -19 14 27 -22 -98 107 -3 -7 20 -53 -22 -17 -4 36 -26 -88 -72 34 3 -22 23 -85 80 -25 44 -14 41 -15 -78 -50 10 1 -108 32 -1 71 103 52 -6 -40 -59 -71 11 30 60 -19 -8 25 99 -53 -10 92 53 -4 -65 -62 -16 62 89 -18 -30 120 -42 20 55 8 -3 -111 -34 -53 -42 -73 -71 -59 48 -49 3 56 15 6 28 27 32 -69 48 80 -23 -34 50 99 16 -17 92 49 126 -50 126 84 -44 -75 13 70 21 -22 53 -95 66 -35 -36 21 -3 -62 -12 -53 -107 8 -35 5 -38 111 -84 -50 -9 -34 -51 58 -98 14 -27 54 -28 126 11 55 -46 -35 69 40 43 73 -46 -51 15 -23 5 91 51 -4 -2 -12 97 20 60 26 3 14 -65 -17 -9 -18 83 19 51 -44 8 -50 28 31 -26 19 -59 29 -8 42 -25 12 108 -7 11 -61 -42 -8 69 8 -80 72 24 1 27 -51 83 -22 60 -51 40 -37 41 99 -8 44 2 -99 87 -33 -4 -50 -16 12 -23 -4 86 11 -92 47 -109 -49 -13 -29 -4 -29 -124 80 2 -75 -60 13 26 69 14 -78 -40 24 50 41 -69 1 61 65 -23 30 84 44 100 60 -46 27 -49 -68 0 84 60 -18 0 54 47 -58 -27 3 17 4 -20 12 -13 -9 90 -54 54 -120 69 -5 -84 -60 16 -60 27 57 -28 -47 -67 -24 3 -123 -42 -12 -23 74 26 -5 -88 20 -54 80 -30 -49 -20 8 -1 49 -1 38 -46 44 59 -68 -19 -35 19 -104 20 -35 43 -19 -49 34 -73 40 51 36 -33
74 -28 62 32 57 1 20 -96 -7 13 22 -86 -2 7 -23 111 108 -22 -111 -51 -34 -70 -35 -16 -8 30 -74 -59 -58 66 32 -10 25 -22 59 -59 105 76 24 125 -29 20 13 25 11 23 102 46 30 24 112 8 35 67 56 -78 -102 18 -82 -105 7 -105 97 -22 5 39 -40 -29 -39 -55 -113 -26 -68 -32 -59 28 26 -14 -10 33 64 -22 27 -37 0 4 26 71 -78 103 22 -27 62 -32 83 55 -8 -47 23 -18 -64 19 -2 -18 7 5 -25 -104 -45 -9 -75 42 -57 -107 -118 60 122 -48 -13 41 44 -112 24 28 93 117 95 -77 64 16 -96 70 13 -12 -31 -31 -33 112 -31 -25 -14 -99 60 -50 33 -11 -35 64 50 -39 -13 2 -21 -112 0 -3 -35 47 -49 32 27 89 -106 -27 18 2 12 106 85 49 -98 66 -3 21 -1 69 -46 7 -9 19 -29 31 54 -43 47 34 20 67 75 -20 59 23 -34 -83 39 -24 -75 -99 71 -35 -22 38 17 -1 -54 -82 29 -92 -26 -47 42 30 -35 5 2 4 -14 -2 2 -27 -91 13 44 -11 76 -18 43 40 41 25 38 -6 8 -18 -16 -29 23 100 24 7 53 80 -107 47 100 84 27 83 -19 -41 2 81 -7 -33 60 19 41 94 62 -101 34 -1 38 18 -20 11 -36 53 6 -2 -9 67 -87 90 -71 -96 69 -43 57 72 -46 -23 -13 -7 -39 61 -54 104 -30 12 -1 28 102 32 -69 -12 110 -12 47 44 9 18 69 -92 -1 32 48 -53 44 -68 44 -102 52 -44 -53 -39 -27 12 -36 -41 38 44 75 34 -5 -59 -79 39 80 29 24 -25 52 -32 -24 57 -11 -33 -47 94 -9 3 17 7 -19 54 29 -46 15 -70 49 -8 -65 13 -68 35 -92 17 60 44 -31 23 1 28 -20 36 84 -66 -40 32 -29 -36 -75 -77 53 81 33 40 116 96 53 25 -102 -18 -64 38 -14 78 -107 -106 101 -19 121 75 -54 -4 -47 21 -22 85 -15 -46 -48 26 -57 -97 17 20 -30 50 12 -75 -29 -98 -5 23 -20 4 94 -8 104 60 -10 57 50 -55 19 1 -36 76 8 -51 48 -110 -33 98 36 -25 47 62 -25 26 27 86 29 -59 0 -13 -19 8 63 25 29 19 -109 -125 -12 64 -17 10 -97 -7 -64 -36 -18 -39 33 -119 45 11 35 12 21 57 8 -59 -28 58 -59 16 -97 38 15 -23 101 44 -92 11 -2 103 37 20 -58 102 1 22 -4 -68 -44 92 -9 -22 -26 -6 18 -28 -65 117 -40 65 27 70
10 37 -29 15 -64 -47 31 6 49 50 32 108 -80 -47 53 76 -109 -21 48 -29 -1 -33 114 -34 49 -47 -20 -32 16 4 -31 21 -110 -28 -52 -88 -47 -36 -11 25 -71 8 15 74 49 96 -2 -84 36 -15 19 41 -3 64 -38 -25 18 111 -98 -39 23 -47 32 -8 -109 -20 -42 -30 4 42 -26 -30 30 2 -2 -15 -22 -1 -20 21 14 40 52 -51 -10 25 52 -4 55 75 34 3 -11 28 19 -77 4 7 18 23 20 96 40 68 -17 6 -30 117 49 15 -36 11 -74 -54 92 86 76 -87 12 -57 -6 -107 59 67 5 18 37 -77 -52 22 -42 69 89 32 -61 -19 -27 -38 -24 79 -69 -18 -13 -57 46 41 -31 -51 -21 32 -59 33 42 63 -24 -1 -73 -2 -49 63 -63 120 -32 -35 47 119 93 57 10 -47 23 48 -17 -9 -19 -28 -12 -52 -43 -29 -41 3 25 -7 -51 34 -47 -121 59 11 23 8 -63 5 -72 -73 55 126 27 59 40 32 74 -73 -29 -14 -25 8 -75 -20 -25 47 -37 38 -47 -40 23 -10 66 -4 -23 15 -112 -114 81 11 75 90 25 94 96 -65 12 -52 -13 14 3 85 29 45 -12 9 63 -46 49 -28 77 -7 24 -86 -14 -3 51 -23 48 43 -66 -101 31 24 14 -18 -26 -71 -85 -52 38 15 59 -51 -35 -77 34 -68 38 -114 -2 6 32 -80 -99 -112 50 20 6 68 28 -116 -20 -44 -85 -110 -105 -6 43 -52 -50 -6 -33 18 -6 102 -35 16 15 -22 -19 -11 119 -33 -5 -103 -2 6 -10 -60 -17 41 -12 -15 22 9 102 12 -73 -30 14 -37 34 55 57 22 56 87 -37 66 28 -9 -80 12 2 -26 -84 -11 -20 13 87 10 24 -11 -62 52 5 -2 -106 55 6 31 52 9 -25 -39 54 -50 21 -2 13 -46 50 21 39 -27 105 -33 -106 27 51 4 -44 -35 116 -99 47 -76 30 75 -15 -8 -95 24 57 -40 90 14 -32 -61 78 -46 -14 -81 12 54 28 -14 -44 -80 43 15 -17 -28 -34 -108 -14 -6 -120 -55 -96 116 75 -1 17 42 75 16 55 78 37 -44 -85 25 -114 -10 23 51 3 58 37 50 -120 -57 9 -27 81 2 -8 4 -61 9 -52 -78 34 44 -49 46 2 -17 8 -28 -25 18 -93 35 -18 -84 28 15 -2 -100 -48 53 -39 -100 7 -12 29 36 -35 20 -35 43 -29 54 37 93 -24 -18 80 13 -17 -27 -22 15 -48 38 15 37 8 11 81 80 -98 -27 -46 -7 -21 -94 -109 -2 18 49 18 92
-3 31 88 46 -31 -57 -78 62 10 11 29 124 -65 3 -73 102 -110 124 -28 4 -77 -47 94 -15 -22 15 -34 -63 -94 93 -91 -40 -13 -67 -24 31 20 86 -11 30 108 57 -79 -69 17 17 80 4 -16 -34 21 20 18 42 -20 -31 81 -74 -30 -15 25 -9 -45 -11 42 48 93 -7 -53 11 -63 -19 -59 4 -40 -15 43 20 -8 18 -5 -38 -62 -73 4 41 58 60 -4 36 54 -37 37 -12 23 -11 -48 120 120 30 -35 -32 -48 22 -27 10 24 -124 54 -37 -19 94 -53 -108 120 35 31 -42 -6 -123 -12 -89 16 52 52 -101 -5 -64 -1 -44 -26 59 -36 63 -22 -94 -38 -18 -17 -12 10 -29 -41 63 29 -52 -103 -5 3 35 -15 -40 -13 71 -58 -63 59 14 -32 27 25 -15 -55 57 -52 -80 96 -76 83 -77 76 -8 -4 2 10 -3 -34 35 -52 30 -14 26 79 77 70 39 -32 122 74 -87 -4 84 -16 -41 6 -8 23 -56 64 -31 -73 61 -21 -112 -90 -101 -52 -91 -27 -24 18 66 -26 91 -104 5 21 32 7 -9 -44 -2 74 30 37 105 31 95 -69 -79 8 42 -56 -33 -54 -39 -17 9 8 23 15 -120 1 -63 66 -13 93 63 -48 -37 24 44 -47 -53 23 -34 13 47 -12 16 3 -8 -46 -78 -66 -69 -107 -60 -24 -57 44 5 -45 0 10 -101 2 63 -31 -43 4 -84 93 -34 -89 24 34 -22 -41 5 -73 -32 -43 8 68 -39 -128 34 -4 -23 2 -127 13 -29 -76 18 -56 -44 -65 -34 50 -100 99 -29 -7 23 13 27 -2 17 17 89 25 18 45 -22 -86 16 -110 -50 112 49 16 79 124 57 -12 -41 66 -25 65 10 18 114 -2 91 28 -52 39 -5 -18 11 52 12 -60 44 -62 -3 69 -4 -124 -11 -36 12 -2 -17 71 -36 -60 31 -10 -70 23 -46 0 85 -22 10 27 8 64 -17 -76 -54 12 -125 -76 -2 92 16 65 -8 120 7 -87 -43 -35 -48 15 53 29 -67 -35 42 -84 -97 -70 -22 -54 49 -43 14 -31 -5 -4 7 -73 -37 32 -49 42 86 10 -23 10 42 61 -9 -74 20 -13 47 74 82 16 69 11 82 52 32 70 44 51 44 68 116 67 -50 44 8 30 33 21 58 111 -66 59 31 -69 -51 -55 1 78 -47 -14 10 14 0 -104 3 32 -59 19 -52 96 -31 -95 26 -18 -71 10 39 20 -9 -26 -68 17 -87 -107 20 12 -11 -61 -6 32 21 -36 -23 -101 7 -103 -72 20 -18 -59 -95 -69 -18 102 30 -125 61
-29 13 1 -31 15 -48 37 81 -28 -65 -29 90 1 -55 -35 69 -100 -13 -36 106 -66 -38 39 -28 10 3 -89 117 -71 -123 -6 15 5 -50 69 -12 -41 23 57 -122 -97 13 -119 0 -22 47 58 43 -63 24 -8 -39 49 -9 50 -48 63 -8 -8 -63 -45 18 81 -74 -13 11 -25 -1 26 -124 25 9 -87 -20 -54 15 31 -57 50 -2 77 76 118 -116 -22 63 10 44 29 -128 97 3 -66 -60 1 60 23 -9 34 52 -14 33 25 0 -127 -21 -70 109 46 -39 1 63 -6 -77 120 18 -23 -10 3 -109 27 -84 56 -33 -17 -40 75 62 13 8 -20 63 43 -1 -94 -17 -75 28 17 20 3 -58 22 -97 49 53 -83 53 3 27 -51 57 -42 81 -59 -72 10 43 -14 103 41 -37 59 -86 35 -74 45 -66 46 -68 65 -17 -9 -1 16 -70 -19 -57 -20 23 11 -11 40 -3 71 -40 -43 -126 25 -4 -23 23 -17 18 1 -47 -12 -48 101 -36 -80 -4 -13 42 -59 -42 89 -27 -23 -64 -16 -50 -25 50 -122 -44 -95 88 56 -58 75 -58 -44 19 14 -49 -2 -60 -51 4 14 30 -18 -42 -35 10 -8 -2 1 23 34 36 14 -62 -93 -105 12 -49 -19 6 -21 13 60 -8 17 15 -26 -42 -33 -5 -42 76 -46 9 -50 31 -122 7 -40 -66 53 -107 -98 50 27 -74 -39 63 18 17 -52 -118 100 -120 -72 -123 3 40 -105 0 28 -47 -36 -33 -49 -63 14 -53 79 -44 -19 -96 -96 -95 -108 40 92 -16 -94 -30 53 108 96 -50 -34 114 -85 -9 -65 0 -128 4 92 -34 2 20 -57 14 60 67 17 54 -6 26 -7 43 -1 -82 30 106 -1 6 2 41 -34 32 26 6 -4 35 20 53 30 9 17 28 -65 -8 -4 52 35 -110 -24 -46 -26 39 66 -98 -15 24 -33 11 -57 18 41 -23 -66 -39 44 31 8 78 -93 -20 -37 16 71 -9 -9 85 -15 36 97 40 51 64 -22 72 -43 -18 37 -85 -90 64 -40 -117 -15 -99 -67 19 -11 67 -126 -53 -51 33 9 -92 14 -14 19 70 12 -14 108 100 99 74 71 12 -33 2 69 40 27 125 -51 90 44 -35 77 10 84 43 -14 -74 -63 29 119 35 6 -11 108 65 16 -56 47 -45 -3 -48 -82 -44 37 -86 -57 10 99 -66 2 -79 -38 -98 89 23 -27 30 -12 -38 46 0 -11 -1 62 -18 -109 15 -48 19 -49 44 -27 84 -4 36 -45 15 -91 -103 83 39 -102 13 53 2 -15 48 5 -17 13 -14 64 35
45 75 36 102 116 -17 -1 -28 32 -94 2 -99 12 108 24 -4 -87 0 47 12 36 -116 52 29 -21 -51 -26 107 -35 20 -47 11 56 -74 17 -54 -121 53 -112 79 -126 43 -99 -10 65 58 124 44 15 14 11 3 -79 25 117 101 35 34 -26 36 68 79 31 -3 46 36 67 -36 -13 -40 -31 -36 -98 -57 -43 12 -4 -92 36 -48 109 -86 -23 -18 -30 5 49 98 -40 83 20 28 -84 -63 -33 -2 18 -111 42 41 11 53 25 -17 -5 0 24 100 -15 7 -50 64 -88 57 95 33 72 -50 27 19 46 -121 -22 42 76 -41 -43 -22 -4 45 -79 67 99 -121 101 14 9 -2 -23 62 54 -101 15 -27 121 -21 -56 -23 -80 -16 -63 24 -97 40 14 57 -94 27 -19 22 8 55 14 37 34 -92 36 8 10 -3 35 -35 47 -54 -55 -107 -5 -53 67 66 93 57 55 50 30 37 -27 -10 36 -51 -35 11 54 -4 -27 2 -28 -43 -5 53 -103 105 42 50 -67 7 -48 -43 -78 -20 -31 -51 16 12 -79 -60 -42 59 -56 31 -105 -107 57 -45 105 -99 40 64 -28 25 112 4 13 -28 -24 -67 -50 20 23 54 41 1 -8 5 -7 -104 38 -5 -34 7 118 48 6 51 11 -18 94 -25 66 -101 -62 -28 21 -71 -85 -47 25 1 57 -33 118 -21 -13 5 40 -41 46 -85 2 -79 -92 29 41 -1 25 6 92 -50 -48 -18 -35 112 -72 32 52 -12 -73 80 -29 61 -45 107 -36 105 -50 32 90 -28 -34 -45 15 -55 79 -88 25 -3 -21 53 13 17 -53 58 69 5 101 -13 -30 26 119 -61 71 111 -36 3 -69 2 -16 10 116 43 13 5 44 -21 12 61 58 46 -45 33 -63 -58 -94 94 -79 65 -69 -26 -30 12 -35 11 7 -6 29 49 -5 17 75 -40 -72 -21 12 68 16 47 4 -43 -51 77 94 1 -64 -46 -19 48 -101 -1 -110 65 -3 -26 -70 -38 -76 35 -84 -83 33 74 78 -24 -72 -21 17 -31 50 61 -61 47 -23 25 -4 -59 1 45 19 1 19 11 52 78 -34 -31 9 78 53 40 -34 15 -12 4 102 22 22 -28 1 97 44 -34 27 -4 87 -38 21 -31 23 49 -32 39 -31 105 19 127 -13 -58 -23 92 -29 -54 -29 38 -106 -3 -31 96 -54 -5 8 -47 -82 -32 14 -43 25 -108 -93 -65 -6 -20 53 -12 -18 -29 -94 -2 -55 25 -16 0 -15 46 -34 -5 40 32 51 46 -8 72 -74 -92 -81 17 -77 -42 18 -3 -100 13 59 -9
-28 33 1 22 -63 10 70 -99 -88 -64 -30 -52 22 17 -77 86 -78 -21 -53 -85 71 -24 12 -51 27 -40 -66 98 -44 17 -4 -46 58 69 73 -33 -16 89 26 28 -63 -90 -84 18 67 40 102 44 44 36 75 -68 14 85 10 -65 70 111 -60 -93 22 -96 -1 -80 -7 -40 -45 -10 -3 -31 -50 -52 31 -41 -24 37 68 -55 45 20 -25 -38 -76 52 -102 -74 97 11 26 107 29 43 -27 -27 5 20 -76 -22 -86 -1 -49 -27 22 32 -6 74 -20 -82 -4 -45 37 53 -73 -30 98 32 90 2 84 -25 64 1 64 20 -1 -39 -53 46 56 -35 -3 42 34 -48 -30 -20 -93 -41 -44 14 1 -26 -54 42 76 -23 -20 -34 45 111 -42 -5 -35 59 38 -10 -27 -7 -60 107 44 -39 -12 95 40 -1 94 -92 -30 -78 74 -27 -66 -11 -32 24 -4 19 4 51 66 20 78 81 32 14 -11 57 -5 -59 16 44 27 -26 78 26 20 -98 37 91 -21 29 39 24 9 -14 -8 -94 33 -37 -18 19 -121 23 -33 -34 110 21 7 25 18 -13 -63 32 38 -102 -84 33 -70 23 26 33 43 -71 -46 53 73 -12 4 41 -10 67 18 -6 -127 -64 14 -54 -44 -42 23 39 117 -20 -15 -27 -1 23 -47 -56 -29 -89 7 -15 -6 86 -50 20 23 -34 -28 38 -3 24 18 69 -95 72 57 27 34 -9 52 -6 -59 74 74 -70 -36 -118 -47 -119 -47 42 82 -72 -67 -33 -102 -68 -34 -2 -35 -126 18 -48 -3 -17 -107 -55 44 -78 36 -9 -15 38 -48 3 -28 -10 -89 0 -95 26 54 28 25 -46 12 -120 17 10 -5 12 36 70 8 -8 85 11 68 -14 -17 91 -99 55 34 55 -108 -26 -7 -30 36 18 -9 -31 -112 26 16 46 35 -27 -12 -12 -71 90 69 38 25 42 67 23 -112 -25 19 62 86 5 45 11 -28 37 -86 -99 12 38 -27 -13 98 50 48 0 -113 16 -46 -37 -69 -35 -19 60 73 -10 -12 -1 -13 -69 35 5 -85 41 -114 -57 -46 -85 -13 16 -99 -10 -19 -19 -70 34 -81 19 58 71 78 42 -100 73 -65 -16 -33 11 0 43 -3 97 41 -41 101 12 89 72 7 -69 31 24 27 -47 104 -56 -49 119 44 27 -4 -80 -27 -28 -109 16 80 -64 4 -48 26 -3 21 1 73 -49 59 -38 -42 -12 -30 -59 34 -20 47 15 -10 -6 -58 -11 28 22 -17 -16 26 -11 54 -37 -27 13 12 -125 -44 43 -53 -69 13 3 -30 -34 -5 68 124 63 84 33
30 2 24 -13 -14 -23 64 26 -30 -79 65 -96 -38 14 5 13 -81 -72 17 77 12 15 99 -97 15 -45 116 -26 -39 73 75 47 0 -22 35 -30 -26 56 -85 -121 -47 73 -65 46 35 114 55 -38 -57 -67 98 93 10 97 -8 -76 29 58 -93 -44 -109 98 30 40 -45 20 3 24 -2 -36 6 -54 -118 -13 -52 65 21 -119 28 -1 25 -46 -36 -57 -53 3 90 -20 -54 123 -42 0 -78 -65 15 67 -46 52 54 29 -28 36 16 45 -41 -54 7 64 100 -77 -54 -30 -15 -22 123 16 38 -20 -49 -35 62 -45 -30 47 36 10 32 41 45 38 -50 41 72 11 -10 -18 -48 69 -21 82 96 -54 16 56 41 -14 -54 -81 78 -13 -39 -17 -4 53 -53 -86 -77 -5 -13 -6 6 21 -55 -49 28 -71 82 -58 -2 -15 88 47 -81 27 -79 1 34 -21 -66 23 18 10 10 -69 -16 -73 -63 63 52 -6 -25 -7 -11 31 53 -113 -47 -24 31 78 -3 27 74 -7 -26 -51 0 -15 37 -65 -25 -11 -17 26 -102 -95 -10 51 84 3 -46 -32 -39 -75 88 -102 -49 -80 -17 8 52 4 -48 123 86 -98 -35 21 17 25 64 68 -63 -120 -18 3 -7 -34 110 -117 -126 41 13 -61 -63 -39 78 -6 20 -33 -13 -53 82 -52 -38 50 -70 12 -25 -42 30 49 -43 -109 -29 9 -114 -48 -62 -79 -31 -4 36 -103 -30 -6 55 -93 -23 -18 15 -8 0 17 43 15 -31 32 -32 47 -41 98 85 1 -6 -73 -2 -29 -60 -15 -54 -53 83 -100 48 66 -86 -23 12 -60 -70 -20 78 26 21 38 -73 -40 -127 37 15 49 12 76 -120 -49 -36 -49 -11 111 38 -50 -29 -7 38 51 24 40 -95 32 -13 17 105 -5 -54 72 -75 30 35 -4 57 -112 -5 -6 -49 64 8 76 -4 36 -26 -55 -45 -33 112 17 -33 -11 91 -43 5 -22 13 13 0 117 -6 41 111 12 -124 58 16 26 2 -39 -40 -31 -106 83 6 76 -116 24 23 -80 88 20 113 -6 38 -26 -84 -26 -34 -20 -23 -86 -52 -52 5 62 2 -69 -97 106 30 -10 -65 29 81 52 27 -18 44 -4 7 82 94 -28 26 -13 37 56 20 -49 52 92 14 121 -49 34 73 65 -49 -71 82 7 -41 -15 -59 1 5 -108 58 -38 -6 -49 24 104 -75 -46 66 26 -2 15 -104 -14 5 -14 5 32 31 -77 -74 -63 41 71 10 31 -27 -23 0 -20 -77 5 90 -81 7 64 -33 -28 -11 -7 50 -65 -27 35 -11 46 7 102
