-3 56 73 -44 18 51 7 2 24 13 -2 55 26 -42 43 -25 30 39 51 57 48 75 17 -3 -58 -18 34 69 0 19 58 29 -33 2 29 -24 -27 64 -14 -64 2 28 15 74 -8 6 -40 -52 11 46 -18 41 49 53 -37 -120 22 42 45 -62 35 -54 10 55
-16 -8 -17 3 15 -20 -31 0 54 -53 -117 8 95 -13 44 11 -61 -34 30 13 54 11 38 3 19 -38 13 98 -17 24 -20 -32 42 5 78 19 27 -26 -11 -55 23 -48 -16 -24 -4 14 -27 -46 -76 17 12 5 45 -50 13 59 -18 -32 -40 39 80 -11 8 -23
-120 68 68 0 100 19 36 5 75 7 101 94 25 -12 -36 22 -5 28 57 0 54 23 29 -13 21 16 55 76 102 7 52 -1 64 34 84 62 40 80 46 78 80 4 43 50 52 41 -4 12 25 102 116 55 66 69 -32 53 14 33 39 14 7 15 47 24
-10 1 74 -23 44 60 60 75 38 12 15 72 57 -4 35 -22 67 19 76 44 106 52 50 9 -4 113 28 25 67 12 46 65 13 49 69 -70 26 87 -90 -25 -11 0 22 21 98 43 100 43 -10 7 93 43 2 -44 75 -16 24 51 40 48 24 -28 57 26
-66 -106 -10 -77 -71 -105 -38 -120 -79 -79 -91 -88 -41 -75 -86 -81 123 -46 -63 -128 -65 -92 -87 -62 -13 -107 -68 -78 28 -111 -30 -31 -94 -91 -118 -102 -49 -106 -107 -95 -66 -90 -44 -97 125 -6 -77 -108 -14 -91 -104 -111 -89 -128 -10 -66 -39 -100 -75 70 -122 -79 -81 -50
-24 -13 11 24 43 19 39 -11 -13 15 10 20 13 -20 4 -18 28 23 19 -28 3 64 -24 11 -2 -28 66 86 30 27 -4 -73 1 -23 -45 5 -7 33 17 29 -27 29 -37 -19 -11 7 -14 -53 42 37 2 6 6 43 -40 14 14 38 -70 10 54 40 -29 12
81 -52 89 -18 50 -35 38 76 49 -11 35 -7 63 2 41 16 -12 -10 66 53 114 63 16 31 10 -41 46 -40 -15 31 21 41 4 53 -42 71 3 18 -23 -8 87 14 121 -71 -13 5 28 -18 55 23 44 72 -36 26 21 12 38 -12 -18 73 -67 84 -11 3
-69 -42 -82 -45 -85 -74 -19 -59 -30 -53 -56 -13 -79 -24 -87 -73 -32 -113 -20 -59 9 -100 -97 -20 23 -52 -44 -45 -82 -112 -38 -55 -55 -44 -93 -23 -9 -57 -11 -88 -104 -62 40 -67 -53 -98 17 -114 -63 -10 -91 -50 -32 -67 -78 -50 -13 -20 -77 -73 -114 -69 -75 -83
19 5 -71 34 -17 -12 21 24 -80 20 -35 35 -23 25 -38 -4 -19 -28 -45 19 51 -3 -40 1 -3 -38 -18 -8 -50 -124 -15 -21 -90 -27 -72 39 -1 -24 -6 32 -12 26 28 24 -50 8 14 -36 -26 -57 60 -41 -54 -28 41 10 21 -9 57 15 -15 -55 -37 -28
7 -79 -2 -89 -30 -44 -46 -32 -61 -26 12 -39 55 -29 -26 -16 -5 -9 -5 -69 -54 -30 -112 49 -11 27 -109 -99 -82 -13 57 -38 -22 -59 -68 -25 -84 -5 -44 -18 -50 -36 11 -83 -61 -64 -50 4 125 -34 -100 -8 -21 -85 45 -33 -43 -20 -55 -62 -82 -52 -108 -41
47 32 57 28 28 43 37 69 25 -2 34 13 23 39 -9 24 11 22 21 77 57 23 -33 -116 -86 61 -38 93 16 -31 98 6 119 7 73 59 39 -5 23 12 -28 51 -24 -10 15 -41 4 -13 -15 30 60 65 29 93 -2 18 14 105 90 3 30 -22 57 37
-96 -108 -126 -83 -101 96 91 -125 105 99 -51 -63 -107 117 111 -120 103 99 -71 101 125 107 -96 108 -127 -111 98 103 -67 -116 72 122 -91 -87 -87 -127 -90 -88 -89 -120 102 125 104 -98 99 -1 89 -128 -94 -113 126 126 -126 -66 -35 96 -109 118 -56 -94 -69 99 -121 127
7 -43 -72 1 -15 -22 0 -61 -46 -26 0 -18 -43 -34 -76 15 -38 -81 -99 -43 -1 18 -49 -64 -46 -82 -35 -21 -33 18 -9 -9 -24 13 -57 -29 -26 -17 -11 -36 1 -45 -43 -11 -65 -65 36 -61 10 -62 -31 7 -59 -33 -54 1 -26 -14 -77 -112 -42 19 124 -10
7 62 35 -7 35 7 -7 -21 -22 -72 65 -12 -13 -73 13 11 32 -11 -39 -68 40 -27 59 19 8 -50 -104 70 49 -62 59 -10 13 -3 -22 71 15 -17 4 -9 2 -43 45 33 52 13 -75 -69 -19 -31 7 29 49 121 -29 -39 -31 20 54 70 -35 -18 -72 16
-29 -25 -27 28 -49 -16 -12 -35 -23 -12 1 -56 50 8 125 -11 66 -46 -51 40 -71 -57 -15 -67 -49 88 -6 -10 -29 21 54 -14 5 -33 7 -41 -13 -49 -3 36 -16 -3 68 -22 -55 -38 -37 -93 15 -50 5 -18 -14 -5 -18 32 -27 -40 -29 -97 7 31 -79 -25
58 -7 69 -7 33 66 -19 86 73 14 58 91 61 46 111 58 99 6 89 13 -113 74 -6 72 68 70 126 82 58 49 19 15 119 79 123 74 -108 85 56 112 58 31 11 61 99 -4 15 11 2 47 39 80 70 125 31 51 90 115 80 26 -29 48 25 78
-109 120 -77 -77 -59 96 -50 -30 -75 -22 -79 -50 -22 21 -67 -19 -123 -128 -53 -55 -118 -109 -99 -121 -30 -100 -100 -122 -69 -81 -122 55 -93 -91 -79 -96 -76 -46 -121 -61 110 -126 -38 -49 102 -110 -124 -80 -97 -88 -107 -78 -92 -90 -67 127 100 -65 -42 121 -125 -90 -125 118
-6 -20 -30 44 33 -40 84 26 -30 -38 -34 28 107 -73 -14 -18 28 13 12 -28 -54 -65 -13 14 24 21 -55 -40 -65 -103 13 2 -33 1 -70 -54 52 11 -43 6 43 -28 -36 -50 9 -80 58 -4 -60 -22 -11 1 -31 -85 19 11 -19 8 61 -10 -16 -28 -5 42
-1 -27 -19 28 -83 32 -11 -29 -4 8 59 -36 -65 108 2 34 -15 20 -55 -76 16 53 2 2 25 -16 -12 -41 4 -78 -6 -17 74 45 37 -3 -92 18 -53 -9 -37 -10 -32 12 40 28 -42 23 -46 -95 -39 18 -9 -23 28 22 31 -85 20 -42 -66 -19 19 -23
25 126 47 -21 -26 15 75 57 35 10 20 31 -17 47 40 16 18 29 2 46 17 -28 7 89 12 38 -32 23 -33 45 -7 96 33 58 -13 -24 16 16 26 118 12 10 18 37 50 31 15 27 6 -17 -31 28 -6 6 23 -21 105 48 2 31 -10 33 -29 24
-29 11 6 31 15 60 21 20 -17 -5 28 33 -17 12 -22 41 37 53 -16 -26 6 -13 -22 17 -29 7 87 -45 -78 -4 -9 21 -44 52 -4 -10 -40 -9 -69 -51 -43 -12 -19 -3 -43 35 20 23 -68 106 -36 25 -44 46 -10 -16 -48 19 -26 59 -10 -25 51 -9
-35 3 -31 -27 -84 21 -14 37 -61 36 2 -14 -75 8 -35 -62 -47 -16 61 -24 -60 -40 -21 -9 -3 -49 0 -8 56 -109 21 -37 60 6 -11 56 -74 18 12 -40 -3 -10 -68 -37 25 -29 22 -28 -31 -4 -15 37 -21 -37 -15 -8 -15 19 60 -47 -3 -34 34 -45
57 -119 45 35 17 67 63 79 101 97 53 87 36 65 117 38 119 104 -107 123 72 56 113 37 -13 91 77 73 -123 60 -17 70 92 66 -116 -82 86 74 69 -120 -113 35 -90 104 72 89 112 81 101 70 56 113 -103 41 94 31 29 13 119 127 126 72 81 68
-37 -8 -3 -49 -10 5 -28 -47 -32 38 -11 68 -46 1 -40 33 54 21 33 -24 80 -32 -61 -19 -3 -23 -35 1 21 13 -11 30 -14 39 -11 73 -17 10 -11 -2 -13 31 -16 18 -10 42 6 16 42 -4 -64 12 -44 -16 40 -18 -12 124 -52 -15 14 -35 -55 -71
-9 13 92 -7 -24 -26 -30 66 -39 -23 -17 -62 55 29 -11 -38 54 -10 25 -24 49 -66 59 -60 -20 -66 -123 17 -21 -34 35 -64 80 -32 -24 -95 31 72 -4 -8 53 5 49 -40 37 -13 -33 17 -56 -35 38 -1 47 -56 6 -63 -18 -26 11 -12 -13 -8 61 52
-88 43 -38 11 -80 18 -50 50 -9 -33 -28 -8 -59 -39 -66 -24 24 -56 12 7 -114 -14 -18 -68 20 -33 -14 5 92 84 89 -28 23 -18 -66 45 -87 11 -50 -28 34 35 -17 87 72 -81 67 48 31 -10 -56 -33 -11 11 2 -31 -45 -13 14 -91 -15 -8 27 -71
-80 -95 -82 -128 -88 -64 9 -3 -60 -55 -112 -43 -37 -44 -109 -72 -34 -27 -106 -60 -63 -61 -72 -19 -94 -101 -17 -34 -113 -77 -40 -48 -16 -95 -19 -8 -49 -85 -23 -33 115 -64 -60 -79 -63 -77 -76 -98 -29 -35 -54 -46 -70 -10 127 -19 -31 99 -41 -77 121 -47 -89 -38
-122 78 -70 87 -40 -105 -125 116 -61 -76 96 -92 -11 -90 102 108 -121 -96 -73 111 -102 -101 -80 -123 -37 101 -74 100 -67 90 127 -70 103 -114 104 -125 99 102 -124 -110 114 113 -91 -122 125 -109 118 -109 112 -125 69 -94 -103 -87 -83 -112 -95 -53 -74 -103 -112 -108 -97 -101
-46 -34 -13 -22 25 -74 -97 -70 -68 -45 -3 -29 -65 -85 -77 -36 -40 -34 -54 -36 -36 -78 -76 -98 -28 -54 -83 -77 -94 -23 -80 -40 -7 -124 -79 -35 -89 -41 -67 27 -85 -67 -10 12 -29 19 -67 6 -126 -24 -125 8 -61 -60 -86 -19 -52 -75 -76 -56 -50 -32 19 -60
107 -8 64 17 96 20 108 39 70 53 73 82 88 60 71 47 57 74 -28 66 39 51 95 92 25 -111 67 50 17 57 20 24 -127 81 -6 100 63 3 22 92 39 -20 46 -43 68 104 75 0 126 35 72 84 79 -116 121 57 60 83 78 67 81 106 -123 28
-4 -30 12 -35 -23 -106 -109 32 15 26 -32 -17 -9 16 27 -41 -37 39 -105 -62 -4 -53 -75 -29 -54 -70 -72 -29 19 -37 -29 -43 20 -67 52 -64 -78 -48 -63 -38 -56 -15 18 115 41 -69 15 -40 16 -84 -90 28 -61 -33 -23 16 -23 -27 -63 -17 -40 -56 22 -35
21 16 32 -15 -12 -8 -36 45 -25 -68 13 -64 -36 52 -25 8 -31 -3 72 -72 5 -28 -40 31 -1 3 -29 -2 20 -124 52 -7 -97 -11 -36 21 -4 19 -11 -3 -19 -6 -24 -64 56 -13 69 45 -14 14 42 -103 53 -79 -47 -2 2 -36 -22 -18 -7 27 -46 -20
11 1 58 -63 -1 -11 -61 56 19 4 22 -5 -1 52 52 21 49 125 90 38 -9 95 10 32 41 48 69 29 61 68 37 -2 -23 15 3 22 3 82 13 11 55 52 62 -17 -33 -44 64 7 -9 33 -9 13 24 0 19 15 9 28 83 -36 -40 20 -22 14
3 61 7 22 14 -51 38 -28 -41 56 24 126 30 38 14 -63 5 -21 -14 -28 -17 -41 -18 -45 39 -24 71 -66 25 -62 -58 17 4 19 -5 -11 -29 -17 -47 27 38 33 -23 -56 -28 29 9 83 20 39 47 10 -65 -34 12 11 -48 -12 -18 55 37 -28 3 -1
9 77 65 74 49 -39 62 25 82 31 6 58 29 30 -18 74 56 70 47 19 24 29 -12 33 54 -18 55 7 9 -38 40 -4 82 61 -10 68 14 35 46 -23 101 -25 19 77 17 -13 9 -7 50 89 67 38 78 28 69 43 20 -31 65 30 -23 -27 28 28
4 -19 -14 -21 73 -50 -32 11 106 -33 -6 -53 38 54 6 -56 3 -23 -7 23 -7 13 -56 -8 13 -70 -32 -4 -15 -53 -1 -52 2 -72 -10 -58 -19 -69 -52 -62 -53 -25 2 41 -33 15 22 -25 -22 -35 -40 -26 -91 -40 12 62 -4 -54 -86 -39 -56 -62 -10 10
29 -20 5 5 42 59 0 -40 9 -32 35 21 7 -8 25 -5 60 36 49 55 19 42 -37 33 35 38 21 -16 28 0 57 15 44 101 0 -1 -11 10 -9 39 -1 -52 32 -15 -38 -13 -20 -52 80 37 -13 57 -40 -29 29 -102 -39 20 -12 -40 -36 9 30 -43
34 5 60 82 56 50 47 45 46 15 127 38 90 47 87 57 59 54 45 93 107 73 107 70 2 43 23 39 68 46 40 51 101 -29 90 -9 36 109 63 67 40 28 33 60 84 68 46 91 95 103 36 47 -127 103 78 -113 23 9 45 108 43 91 79 29
-23 6 -16 15 27 -22 -4 28 9 -8 -68 -3 -10 -26 -40 -36 -49 -10 25 1 13 1 74 23 -12 64 -60 29 14 -31 -59 -34 -11 -65 -14 -38 -50 -27 46 14 35 31 56 19 45 0 -24 -27 9 -28 -2 11 75 69 -56 7 -76 -12 -21 57 -61 81 -44 -27
71 99 -112 56 33 -95 88 110 124 63 118 94 71 -109 72 91 118 -89 -128 112 -75 76 -126 105 41 59 126 120 125 -117 -108 71 126 118 69 69 44 76 21 -123 65 61 22 99 125 59 -118 107 105 -125 -105 103 -117 91 118 115 106 104 104 45 -102 109 4 101
-46 -47 -107 -96 124 -58 -89 79 -84 118 -116 121 -94 -122 27 -77 -67 106 -77 -54 -71 -105 -107 -58 -102 -86 -125 -87 105 -126 -122 -78 -76 -64 -85 -117 -72 122 -43 -72 -93 119 -106 -107 -59 -77 -107 120 -128 -73 -71 -123 115 -111 -105 -45 -59 -123 -61 79 113 -70 110 -50
36 38 73 -4 1 20 21 35 13 -1 -43 55 5 57 8 -16 72 -7 14 -23 70 -17 33 19 60 -49 -57 10 -5 6 56 46 70 18 -32 -42 65 47 29 60 72 0 112 65 -21 -21 -16 1 53 23 -15 3 56 51 -14 -27 66 70 -15 3 -9 63 29 39
-103 -44 -44 -94 50 -69 2 -43 10 -48 -91 27 -37 -14 -66 -68 -62 -73 -12 -40 16 -10 -30 -65 -4 -12 -68 47 -63 47 -18 -48 -14 -88 -56 -40 -44 -12 -11 19 -54 -118 93 22 -36 -28 0 -48 -97 -63 -112 23 -4 -17 39 -34 56 -97 89 -31 -58 31 -65 -17
1 -10 -72 57 -50 8 -49 67 -82 -61 20 -20 -51 74 6 72 -77 40 -92 -57 -48 -1 -49 -7 -24 -19 -18 -18 -119 -59 14 -29 -50 40 -46 111 -23 -14 -42 -29 -50 12 -59 -102 -22 -50 -38 -46 26 20 36 -18 -39 -15 -11 -19 13 0 -6 7 -62 -14 25 15
18 86 4 39 -11 40 3 70 2 -18 -3 6 86 61 78 55 -22 11 -45 22 2 12 70 24 -9 -26 -8 23 24 59 64 44 -53 8 33 45 37 103 54 43 97 11 59 5 8 9 114 -8 25 73 75 38 113 51 23 33 79 -26 50 -1 -17 23 41 23
17 73 91 -20 18 59 1 77 -17 63 61 -124 103 91 72 27 75 122 23 39 -6 57 65 -2 39 58 55 87 99 74 111 42 84 7 -32 88 30 72 64 21 62 77 94 119 40 8 115 106 62 30 10 30 80 -4 83 94 41 32 -111 74 92 17 -10 118
59 82 82 57 -108 98 -126 91 -128 98 51 -104 77 27 113 -91 94 -92 -90 -98 99 -127 -23 115 50 91 126 127 80 81 92 114 55 115 60 81 96 99 90 98 104 72 84 -87 -102 83 68 120 122 37 -127 109 86 9 99 117 -105 -82 90 -124 -113 109 -127 109
27 12 -60 -64 -42 -9 -41 -4 0 -21 -37 -4 -68 20 3 25 -76 -46 -79 -101 -28 -31 -38 -43 51 -25 29 -10 -59 42 -12 -18 -10 -32 -101 -54 -7 -125 -19 -36 -30 -15 8 -4 -104 -13 -4 -22 31 -48 -18 -22 39 -3 -29 -60 -46 -30 -22 15 7 35 -22 -7
-60 3 7 16 7 -19 -86 27 -30 2 -4 -6 -24 3 -73 -30 -46 -78 -21 -30 3 79 -23 -37 48 -6 -52 13 45 22 30 28 -23 -55 43 84 -11 46 -31 -29 11 -6 -10 45 -10 34 51 -2 28 35 -36 34 -29 -80 18 17 14 -64 17 34 42 13 -33 48
36 -22 18 3 -7 90 -3 -52 42 22 29 1 -3 -33 -30 -78 -26 15 42 29 -2 -9 28 19 65 -38 34 -23 18 38 60 11 5 -42 39 -14 22 57 25 -4 96 -38 -18 -32 -19 18 7 20 -36 43 7 10 39 61 67 13 -67 -5 18 21 3 64 -20 -15
-10 36 39 95 90 82 78 8 25 2 106 -97 41 8 56 43 34 47 77 -7 10 106 78 -8 48 24 64 86 -3 102 56 26 13 60 80 23 70 87 63 25 -110 66 74 26 2 -122 4 49 70 83 61 11 52 107 36 18 48 97 44 43 84 49 63 -125
-75 61 -7 44 65 -37 27 23 49 60 -82 3 57 70 52 13 -11 54 19 35 10 16 46 96 -120 -41 80 9 65 44 47 17 12 30 0 -6 1 42 72 -21 16 30 41 5 32 1 20 -15 6 90 50 -68 111 -26 17 12 51 46 9 59 47 -39 23 64
-15 50 52 5 -44 1 -50 -48 75 -31 -35 23 50 -42 -22 80 -14 72 -52 80 65 -20 7 113 -25 -29 -25 13 5 -7 18 10 5 -14 -24 78 19 -21 -10 83 22 33 95 100 40 -2 -89 54 23 13 -62 57 111 76 -24 52 25 -19 6 41 28 25 29 -83
22 104 44 30 81 42 -9 114 -101 44 40 78 104 -13 9 31 78 -2 97 50 81 37 87 68 46 44 28 81 -125 29 96 51 17 21 69 81 59 66 13 -7 80 -6 72 -41 35 19 59 15 34 87 94 65 115 42 16 116 61 25 85 112 63 95 79 34
-38 49 72 85 73 21 12 71 78 -12 57 52 62 48 4 46 20 -11 2 47 102 7 -3 45 57 37 55 -19 40 50 1 29 8 -5 33 30 68 -112 37 79 81 38 45 39 47 9 85 40 27 54 99 68 108 36 90 99 -27 10 59 83 47 27 20 38
-66 -32 -61 -22 -39 -2 -39 -74 -91 -75 -38 -30 -99 -2 -50 -28 -18 -85 -31 -21 -36 -74 -12 -91 -2 -92 27 -18 -100 12 -49 -68 58 -51 -9 -73 -58 -82 24 -40 -22 7 -61 -58 -30 -12 -54 -105 -107 -39 -17 -30 -79 -31 -22 46 -89 -45 -15 -19 6 -11 -62 1
3 83 86 103 31 81 47 2 -16 64 70 24 26 77 78 26 98 0 26 41 -120 2 98 106 57 44 74 64 124 61 -3 0 -18 6 -26 37 47 75 92 30 80 87 24 51 125 47 9 -14 82 -14 64 11 110 82 58 15 114 66 -3 61 41 57 17 14
92 99 47 110 47 118 69 86 98 113 67 78 -99 125 81 29 56 -115 57 61 16 108 22 100 32 -122 80 66 -101 81 61 75 93 5 31 39 76 64 43 97 50 17 27 6 -60 -4 68 76 30 108 122 111 68 57 -125 -29 70 27 45 46 37 -100 14 54
-74 -43 -55 -110 -100 -27 -78 -94 -72 -33 -55 -33 13 -118 -34 -2 -65 -127 -108 -31 -94 4 -55 21 4 -14 -100 -68 -70 -23 -75 -50 -75 -7 -72 -28 -38 -23 -124 -53 -123 -54 -32 -6 -27 -60 -106 -114 -57 -10 -25 -2 -30 -47 -10 -99 -96 29 -18 -72 -37 -41 -117 10
-36 27 97 14 -55 16 -4 -49 -69 -69 -47 -11 -38 -6 -14 -6 -56 -41 -74 -10 -93 -35 -18 22 -26 -98 0 -32 -71 -44 -35 -43 -54 -55 -60 -33 -48 -92 -63 -83 -88 -39 -64 8 -56 -103 -88 -35 -54 -70 5 -18 3 -9 -119 -1 9 -55 -37 -14 -24 -59 -80 -54
-33 10 -23 -42 0 -5 72 -40 19 -25 -41 -44 -24 27 -100 -26 -22 -79 25 61 -29 29 -30 -9 -38 14 28 -4 -26 -14 -81 -22 39 13 -12 -58 17 -1 5 -2 37 -48 54 -95 15 2 -54 33 16 -12 13 -14 -57 -81 12 -27 12 32 1 -59 -13 4 -16 -24
-4 -19 17 -62 13 -36 32 -52 -1 24 4 -84 0 -45 12 -58 25 -74 -11 -6 -19 -53 -18 -34 -18 -34 -16 76 -99 15 -108 -57 -20 4 4 -68 -52 -125 -51 -46 -82 -54 -21 -6 8 -25 -35 -78 -17 -3 -34 23 -24 5 -75 12 -21 -52 -12 -78 -71 14 -68 18
49 21 18 52 83 -7 10 62 41 55 -9 24 35 -10 62 9 35 79 17 16 54 13 21 69 24 21 109 111 -4 67 74 51 50 78 84 24 58 51 35 65 126 21 100 86 60 23 28 3 79 0 83 67 54 65 42 123 37 71 42 78 24 54 13 69
20 -15 -6 34 -8 2 22 -20 -4 -29 11 -44 -21 43 23 49 19 26 -19 37 -13 67 -3 62 45 0 45 -28 10 -25 -42 18 7 -23 36 -56 -18 -54 33 78 -1 -37 35 -49 29 56 -15 45 -36 17 -45 7 -74 -11 34 9 7 -56 18 -15 -9 73 -34 6
32 -40 -39 61 3 -62 -16 -17 59 65 -9 -34 36 -10 -41 -29 -14 -18 -47 -13 21 -30 -26 -72 -65 35 -85 -63 -56 -27 -4 21 -47 20 -31 -60 -36 2 42 13 -106 -74 -19 30 -56 10 -18 13 -3 -53 -17 -29 20 -106 4 3 9 -13 -42 32 -35 5 -39 -18
45 -43 -24 -2 3 -40 1 8 22 5 -8 22 39 -42 30 38 17 -33 -15 49 29 -33 -6 -18 -27 20 -24 20 24 -32 -11 -7 10 -27 -6 -14 13 9 5 -40 57 22 45 -90 8 -47 1 -68 -54 -54 -17 56 28 49 -38 -10 18 37 66 -27 -12 39 -19 8
-41 -48 -48 5 26 -16 -69 68 -17 -76 -53 -3 27 -50 -103 27 -68 45 -19 -44 -82 -54 -15 -70 -53 -23 10 -74 11 -29 6 -8 -73 41 0 54 41 -45 -71 -68 12 -13 -57 -47 18 -24 -40 -55 -34 -47 45 -8 -76 -59 -50 -28 -81 -58 -46 -48 39 -35 -57 -72
-32 -25 -10 30 19 -4 -5 -50 28 -31 -36 -30 66 6 -16 13 40 39 19 3 125 65 21 4 15 18 4 57 -47 24 56 -24 20 7 -18 -2 -4 -45 27 -3 -74 9 -29 25 -53 -5 -37 38 25 -7 -28 -51 -118 30 -52 -31 -46 -49 -8 39 -7 54 57 -14
55 -44 -27 -31 -56 -67 -15 -72 8 0 40 127 -37 -6 -13 -64 -19 -11 -69 -69 20 -9 -88 -47 -67 62 -65 -32 -55 -7 -28 -42 -51 -8 14 -74 39 -12 11 -80 3 -11 -33 -34 -2 -17 -77 -71 37 -81 -70 -37 -21 -64 -5 -13 -35 -67 -40 -69 0 -59 -74 -45
-57 -8 -16 -23 -21 -49 119 -3 -20 -22 -68 14 -30 -33 -72 -117 -35 -80 -18 22 21 -41 -78 -24 -58 -3 -23 6 -73 -93 21 -41 -3 -69 -59 -90 -29 25 -2 -33 -9 20 -58 -81 -51 -117 -9 -21 -28 -55 -15 14 13 -22 -33 -45 -49 2 -24 -18 -12 -47 -41 -25
-91 26 -56 -24 -76 -30 -34 41 -115 -105 -42 -25 34 -22 -69 -57 -93 -48 -107 -5 -55 -119 2 102 -32 6 -9 9 -3 2 -118 -34 -63 -39 -14 -114 -62 -81 -52 -2 -118 -86 20 -49 -49 0 27 -17 -25 -70 -67 -33 -33 -33 -70 -71 -28 -50 -51 -39 -92 -97 -25 2
-9 -45 -65 -121 -45 -65 -19 -24 -21 -58 -25 15 -47 37 -8 -44 -34 34 -54 26 -107 -33 -3 -18 -24 -47 -40 -116 -26 7 -83 -23 -23 -32 -6 4 -71 -31 3 4 -12 2 -120 -41 -57 -44 -3 -13 -21 122 -68 -8 -46 -49 -41 -48 -9 -40 -108 -20 10 36 -20 -5
-74 -34 -93 -45 -34 -75 -13 -82 -11 18 -62 -31 -37 116 -44 -54 -73 -80 -26 -90 -79 111 92 9 -87 -97 -104 60 -79 -39 111 -111 -45 -73 19 -53 -52 -125 -86 -26 -82 -101 -86 -72 -52 -51 -110 -28 -84 -10 -51 -61 -66 -107 -101 -111 -109 -19 3 -88 -83 -52 -79 -84
-67 -32 -64 -58 -25 -56 -27 -23 8 -47 -76 -101 -112 -30 -10 -88 -50 18 11 -23 17 -87 -32 52 -66 -53 48 -2 -127 -41 -18 -36 -98 -53 -88 -48 -36 -82 -88 -20 -78 -35 -39 86 -58 -71 -25 -80 -31 -76 -42 -58 -69 -30 112 -45 -90 -70 -113 26 99 -85 -58 -76
-31 -67 -37 -91 -76 -26 -39 5 -60 -23 -47 -54 15 113 63 -12 14 -15 -92 -1 -56 -26 -54 -37 -73 -46 -82 -98 -127 -57 2 -38 -70 11 -97 -73 -16 9 -111 109 -107 -2 -5 -47 -43 -81 -26 -36 -91 -57 -85 -106 -12 8 -60 -44 -56 -101 -95 -114 -87 -84 125 -26
43 -40 -33 44 -40 35 39 60 5 50 49 -22 46 85 -19 37 19 39 46 10 24 -1 -26 26 -12 68 9 89 -5 -9 59 53 -57 -11 63 0 -17 39 59 39 -27 56 12 -12 -86 -17 13 62 12 3 10 -39 9 26 24 13 49 -11 -45 51 4 -24 47 29
14 25 -19 21 -37 49 81 26 69 19 29 60 25 5 46 61 35 55 7 -10 27 76 47 21 51 25 -9 57 -11 74 35 9 17 13 10 117 -45 -2 44 21 38 41 14 0 102 44 -24 22 35 2 114 35 46 -41 -10 59 18 52 65 6 14 7 -128 56
-67 -4 -99 -93 -97 -39 -19 -55 4 -71 0 0 -97 -34 -108 -42 102 -79 -53 -80 -26 -71 -52 -45 -59 -77 -28 -64 -91 -64 -102 -115 49 -59 -17 -67 -96 -124 -30 -58 -108 -34 117 -74 -102 -27 -91 -58 3 -124 -118 -25 -118 -15 -117 -3 -20 -114 -77 -33 -55 -5 32 -94
-43 -13 -48 -17 4 -17 -84 38 0 -1 19 38 42 17 -13 -25 -7 -62 1 -10 70 39 -27 73 10 -48 41 -26 -21 -23 21 42 28 -13 -7 -35 -44 63 16 -21 18 -38 -8 -33 66 23 50 3 24 61 111 -32 -51 -45 71 1 20 12 51 -11 0 -15 37 -26
-18 43 16 19 -9 25 -16 61 -51 -2 69 22 -58 86 -47 33 -17 31 1 12 111 -36 12 -17 -73 3 34 79 16 30 14 20 28 33 41 -27 63 5 79 40 34 45 -6 15 5 87 -58 45 5 -10 38 -30 16 17 -57 -16 73 -16 46 89 8 -3 9 -27
30 98 60 4 92 -12 -15 29 22 13 -9 -10 4 16 20 36 10 -42 71 80 -56 42 -14 63 46 -59 -77 18 61 59 20 -14 46 25 31 -22 48 3 17 46 -4 1 64 35 -1 70 36 62 9 18 -19 12 23 2 33 -20 -53 46 25 1 27 33 31 -43
21 -89 -78 -10 -17 -59 6 -42 -21 13 62 -43 -16 -10 -110 -5 -71 -56 -96 -54 -52 -7 -55 -25 -80 23 -94 -113 -98 -51 18 -53 -71 -70 13 30 -64 -89 9 -119 -74 8 -34 -98 -17 45 -64 -76 -66 -14 -58 -63 -60 58 -14 25 117 109 125 -33 -38 -3 -64 13
7 -24 -33 58 45 -69 29 -19 -66 57 75 -40 39 41 52 -17 -8 0 -17 16 53 6 -62 51 29 29 -1 -46 -90 23 -47 18 48 -39 -17 -4 20 69 6 -19 -54 -25 -15 -19 -71 -59 71 19 -12 21 25 90 -5 25 -23 -41 30 -55 55 -55 15 42 -10 8
-3 -79 -57 -63 -31 -70 -64 -3 -90 -74 -54 -22 11 -31 -39 -59 15 13 -20 18 -63 -43 65 -90 -15 -54 -23 -8 -43 -11 -44 -122 -95 -11 -31 -19 -75 20 0 34 -7 -17 -5 -17 -49 -17 -6 56 -24 -31 -112 -73 -83 -26 -6 9 -86 -104 -67 1 -11 -83 7 -3
-21 -41 -37 -80 5 -11 -20 -65 -48 11 -15 -43 -22 -46 -57 8 -37 -78 -36 -45 -55 -53 8 -20 -76 -41 -89 -105 -27 -54 -117 -64 -7 -50 -110 -43 -13 -50 -39 -73 -13 -97 5 -105 -5 -16 -52 -54 1 -60 118 19 -48 -27 15 -28 -22 -65 -47 -61 -39 -66 -44 -34
25 46 15 -60 99 -19 0 -43 0 -55 57 -50 16 11 13 -47 18 23 -101 18 -40 36 13 -24 -98 46 -14 -13 -38 77 -71 18 -12 -13 -20 64 44 -41 3 13 51 8 -65 52 34 48 -23 3 53 -42 -23 -70 67 72 12 126 6 31 -45 45 26 32 30 44
102 -89 73 -97 109 120 32 76 61 105 52 21 23 50 95 64 45 67 104 64 78 12 47 88 90 -85 125 87 103 80 26 45 31 56 -128 48 -125 61 85 73 -107 52 36 43 65 74 82 -108 41 106 -104 125 45 64 -119 70 45 115 111 58 6 8 64 75
61 60 37 56 31 21 23 83 21 14 46 22 35 13 42 58 27 43 19 35 -126 13 54 25 52 -12 12 15 16 -36 29 58 -27 0 122 9 -45 15 11 59 4 34 8 -11 62 -10 74 54 27 -17 96 26 34 -76 15 60 -8 88 14 31 -2 31 14 18
4 -9 -55 -96 -47 -40 -74 -7 -6 -36 -13 -30 -87 -76 -58 -100 -36 -55 -95 -20 -25 -62 -59 -15 -24 -17 -88 -79 -16 -99 -36 -17 -3 -35 -23 -8 -28 6 -57 -92 -24 -96 -16 7 43 -52 -49 -20 -44 -10 -11 20 29 -84 18 -42 -37 -4 41 -5 -73 -45 23 85
42 68 82 48 50 55 65 64 67 58 66 0 -125 40 67 86 74 97 -28 59 17 53 81 47 37 -119 24 65 51 98 -1 1 -28 12 21 -3 -3 114 80 70 14 3 32 52 111 -8 75 -57 30 88 13 85 -113 31 23 92 34 82 18 60 30 88 97 -124
18 72 4 -1 34 99 31 4 -15 -30 53 -5 -13 -36 -16 -16 4 -65 -75 40 50 -52 82 39 -29 -28 -48 38 7 -29 -37 -13 -2 8 -43 -30 -31 47 13 13 -5 -8 48 31 -5 24 -12 -33 31 10 46 -28 56 0 17 -55 39 46 -59 13 51 52 49 -6
-1 5 -23 -72 16 12 -77 -45 122 -20 -36 57 -68 13 -74 -59 -39 72 -84 -78 53 1 3 -29 9 4 -28 -32 12 -1 -1 18 -18 32 -55 12 -61 -26 -114 -74 -9 45 -40 -39 -15 31 -10 105 -71 11 27 3 -30 -11 7 -31 -56 -75 -46 54 96 -40 -62 -16
-29 -31 -112 -21 -25 -114 -79 1 -81 -45 115 -74 -42 -54 -25 31 -32 -55 43 -88 2 25 -43 -33 -61 -85 -24 -100 -101 -26 -50 -24 -20 -56 -19 -63 -40 -16 -46 -48 -33 -13 -17 -69 -45 -49 -13 -96 -6 -72 -79 -61 -82 -74 40 -53 -32 -25 -30 -59 -64 -10 -21 -55
-43 -62 -59 -16 -90 -42 -41 -82 10 -54 -49 -38 -3 -19 -38 -38 -65 -38 -42 -71 -92 8 -84 -53 -23 -12 -72 -10 -84 -25 -85 -96 -24 -6 -34 26 111 -55 -125 -58 -90 -99 -26 20 -29 -53 -13 -31 -73 -13 2 -47 -62 -66 -48 -94 -81 -7 -17 -25 -25 -29 27 -31
26 42 83 4 70 32 6 -9 -17 -41 16 15 -20 42 19 30 -22 -9 74 4 73 -44 21 26 55 -10 2 -30 20 -2 5 114 -21 40 19 78 -3 84 25 39 58 14 3 -13 11 33 -57 85 29 -9 57 8 42 13 -46 84 37 57 25 44 -10 -45 -35 12
53 -14 -23 22 -65 26 -6 44 7 -7 7 -16 87 11 -22 82 46 -4 -41 -13 3 27 -24 -53 27 58 2 42 19 -54 12 -3 -48 4 -45 49 -59 12 88 34 -16 -50 20 -73 40 62 94 12 62 73 -8 64 -46 -58 29 -52 39 -72 22 74 -45 -36 18 61
9 62 -33 30 15 26 -43 -29 44 13 35 58 10 -11 3 4 13 85 -11 -72 -7 -97 43 -36 -78 23 -13 18 23 -5 -65 -19 -67 8 45 10 22 6 -5 -40 86 6 5 28 39 2 76 45 -9 7 -19 -17 15 40 20 -15 -20 -9 -13 -50 13 17 50 11
-107 -26 -93 24 1 -42 -75 -95 -74 8 -48 -49 -34 -101 -36 -59 -24 37 -16 -81 -83 -9 -27 -4 9 -54 -63 -24 -93 -26 -93 16 18 -85 6 -36 -87 -21 -22 -8 -37 29 -30 -15 2 -33 -61 -6 -40 -23 -50 -16 -13 5 -57 -50 -38 -15 -29 -4 -25 15 -5 43
116 -123 121 56 118 109 79 78 126 57 37 87 45 58 94 81 93 32 -91 -104 78 -121 114 87 26 -116 51 92 76 94 111 -114 -104 78 63 86 80 36 32 39 112 106 54 47 -113 125 111 96 59 98 -117 126 92 55 31 106 54 97 86 -109 126 -127 38 101
-48 -40 -26 4 -23 29 40 -20 8 43 59 25 -24 -26 19 25 37 46 94 -32 -13 70 -20 36 10 0 25 11 -19 19 10 -19 -11 -29 -18 72 -40 -18 50 -57 62 34 -9 -1 18 63 6 66 68 -28 -36 19 -31 -22 47 5 2 8 12 0 56 5 61 2
-109 -33 39 5 -8 -98 -6 26 -46 6 -47 -33 -84 -47 -88 -18 -58 -34 -116 -87 -34 -17 -73 -21 -52 -43 -18 -85 -107 -71 -72 -46 -37 -47 45 -37 -30 -89 -19 14 -96 -49 -111 -29 -39 -96 -33 -69 -106 -41 -19 -37 6 -102 -120 -46 -26 -61 -64 -56 -70 -60 -62 -29
74 11 19 -29 -14 -25 -51 -9 -65 83 76 13 4 0 44 -32 10 21 -94 -78 -6 36 -9 -24 32 14 -19 22 70 26 -52 -26 43 -35 -83 -67 -40 39 81 36 -9 53 1 -12 -41 22 54 -15 -15 2 -62 43 47 -76 18 22 -19 17 21 -43 12 -11 2 -15
-36 93 -11 31 -45 64 6 -36 24 -40 -59 -21 15 -17 41 13 -10 12 -82 -30 -58 35 4 17 24 -36 -30 -32 -63 29 -21 46 -13 -53 7 4 -60 -11 -29 11 -20 -92 18 -6 54 -30 21 43 15 46 -60 25 2 44 -22 -23 -23 -10 19 22 -26 -10 15 -3
5 5 79 18 71 -64 24 49 -25 18 -28 26 -11 13 40 -12 45 50 57 -13 54 13 82 48 29 1 -32 26 12 -2 51 -43 76 44 74 63 18 19 43 -68 -4 92 73 -48 52 -11 -12 41 -16 -10 13 60 -19 80 4 6 -12 26 37 51 -24 12 98 -23
-15 17 2 7 -62 -12 -23 32 43 30 -18 45 44 38 -9 39 19 -10 -91 44 -92 7 -83 -49 50 30 14 11 9 72 83 -2 74 39 4 16 -22 15 35 24 -38 11 -40 43 -16 31 0 33 27 56 1 -48 18 -2 -2 52 32 6 111 39 -69 -18 28 15
-7 -10 5 76 -37 15 33 11 29 -14 -3 35 -32 -89 -10 -41 -23 28 83 4 -34 7 -19 2 55 -10 26 12 1 -7 -18 2 35 -12 42 31 17 9 22 -40 -49 7 -46 35 -7 -3 -22 -87 -70 -74 -22 13 -25 -47 -13 -59 23 -3 -18 -80 37 -5 5 -6
50 -55 0 25 -97 -60 42 -30 64 -47 5 -11 -41 -20 -37 -42 -47 -7 15 -79 -3 -42 -10 2 -1 -2 -61 -62 -9 -98 4 10 -50 -22 -48 -62 -43 2 12 -27 2 -111 -19 -51 60 -21 -41 -97 -36 -75 -24 -41 -67 -39 -108 -27 -2 -9 43 -57 10 4 5 -38
-86 -100 97 13 116 76 62 93 124 96 28 49 -118 -126 -113 98 23 125 -101 -119 104 92 34 78 107 -120 -115 4 60 -114 125 114 102 59 -97 115 -115 103 75 87 112 42 61 35 52 31 106 -115 98 -122 30 -114 80 -118 100 96 76 -109 88 86 122 82 76 -89
114 76 42 96 68 55 127 40 21 75 -100 47 34 43 43 43 77 75 97 27 47 78 22 25 46 106 18 14 58 96 89 53 3 84 65 101 34 45 76 67 25 47 47 0 71 105 10 119 75 42 -31 35 20 77 99 56 -1 87 22 44 25 22 87 27
18 7 -60 -61 -67 -72 -59 -75 -70 -51 -52 15 -57 -72 -79 22 -98 -27 -32 -2 -69 -55 -55 -53 -121 4 -50 -41 20 -2 -49 -58 -16 -115 -14 -8 -65 -22 -42 -33 127 -105 -60 -26 -91 -72 -121 -53 -98 -108 -49 -80 -58 -27 -54 -95 57 -90 -18 -113 -71 -22 -45 -27
-91 -21 -116 -63 -82 -26 -8 -12 -22 -57 -56 -36 -83 -65 -34 -70 -119 -52 29 3 -77 -90 -40 -56 -33 -12 -23 -7 -52 -20 -46 19 -90 -61 -28 -22 -28 79 121 -26 -46 -56 -18 -98 -90 -36 -53 -58 -31 -67 -48 1 16 -30 -9 -73 -45 -43 -71 -31 0 -12 5 -15
81 102 56 91 62 8 40 43 32 1 48 51 8 -23 44 69 30 40 33 92 95 39 94 71 72 118 69 71 126 33 70 76 65 29 49 57 83 79 -2 60 39 102 79 105 100 32 60 104 96 80 64 29 17 114 26 -2 80 60 43 53 43 20 70 111
-117 -101 -43 -36 -43 -114 -66 -76 -83 -63 -121 -16 115 -128 -87 -71 -81 -64 -53 108 -46 -93 -27 -90 -87 -67 -21 -48 -62 -28 -1 108 -70 -48 -126 -87 -92 -22 -127 -40 -108 118 -59 -91 -46 -60 -70 -45 46 -73 -51 -69 -59 -122 121 -79 -63 -94 -7 115 -60 -107 -50 111
-65 -27 -42 -28 -35 -40 -27 -79 -60 -91 -76 -87 22 -53 -3 -48 -22 -73 8 -81 -58 -118 -31 -65 -89 -18 -37 13 -27 13 -119 -52 -61 -56 -54 -66 -116 43 -48 105 -39 -62 -27 -3 -30 -61 -93 -34 -11 -49 -63 -52 -73 26 -38 -56 26 -98 -81 -80 -35 -42 -28 -20
94 55 76 -59 -111 99 74 95 -56 110 -123 -93 80 -119 -108 58 107 60 107 -66 41 -118 -118 58 77 -93 -100 94 -110 -55 -92 -79 52 -117 125 72 108 -100 42 79 -90 -127 -112 -119 -71 121 -74 91 -70 112 -91 123 115 46 125 65 83 65 23 80 -107 99 119 -91
8 -37 29 -13 -63 -7 28 43 -2 -66 6 -58 53 72 11 33 -69 -34 7 -21 44 40 41 -23 12 69 -62 40 30 56 2 44 -10 21 68 -84 46 1 88 5 59 57 -41 46 -49 0 -3 71 4 27 11 -26 29 34 50 -60 1 -18 -24 62 -3 25 -14 22
82 61 99 50 111 -123 6 -96 103 34 114 47 17 76 -2 32 8 -6 78 38 29 79 75 40 -14 20 37 79 87 26 19 59 26 105 27 103 -10 51 112 49 39 -5 -6 89 22 37 44 33 22 52 -24 34 6 52 96 54 50 16 73 9 69 75 116 -15
6 -31 6 -78 -27 22 -10 -24 8 -58 -17 -77 -88 -77 -58 -55 -33 -42 14 -71 -35 -17 -63 -51 19 -50 -58 -22 -56 -47 -29 22 -92 -60 -71 -39 26 -50 -73 -44 -22 -29 -80 -41 -44 -17 -30 -23 -24 -15 -41 -46 -83 -37 -33 50 19 -41 1 -48 71 52 -39 -39
21 3 -12 37 46 41 27 44 -23 40 12 26 36 77 -10 13 19 7 30 -4 23 -74 28 12 -28 -32 2 -24 -67 56 -7 -33 -82 -17 -22 -16 -2 -12 17 15 -6 5 -28 -64 32 30 -80 30 -22 49 17 -16 1 30 29 22 -16 7 -32 -15 56 47 -8 7
-85 -65 -120 -17 -56 -91 -48 -62 -53 -76 -60 46 -46 -110 -61 -38 -38 -7 -54 -56 -51 -81 -79 -85 -35 -65 -38 -51 -31 -24 58 -78 10 -75 -38 -24 -44 -66 -41 -19 -91 -82 -29 -54 -37 -105 -22 -26 -127 7 -19 -11 18 -9 -79 8 -46 -60 -54 106 -44 -55 -115 -8
91 -36 46 20 68 59 -6 46 -63 68 -26 46 15 25 75 -92 -1 48 18 -49 -10 76 23 59 55 -19 70 34 12 55 -8 -32 49 48 17 -60 -37 64 29 12 -21 39 5 60 1 54 -8 -7 -6 -37 59 -17 -34 41 30 23 -2 5 -10 -5 48 54 17 15
-38 -65 15 -20 -83 -90 -40 -58 -35 -97 -10 5 7 -58 -34 -53 -16 -45 -108 -83 -31 -58 -42 -99 -51 -73 -72 21 -68 -75 4 -72 -54 -72 -33 -6 -54 -43 -51 -86 -90 -62 -30 -58 -33 -63 -63 -5 -50 11 23 -84 -12 125 -66 -73 -30 -11 -41 -94 5 -118 -56 -32
2 44 22 -17 34 10 76 55 55 45 35 58 55 -17 19 -22 -4 15 45 31 -7 2 14 -2 14 68 -8 18 37 31 61 49 24 -35 74 60 35 26 36 49 34 48 89 0 -17 44 50 -13 44 53 -5 13 40 43 30 -18 84 26 30 3 -32 21 -5 11
127 0 -13 -9 110 7 -7 10 19 7 -3 73 13 48 -23 39 1 36 -32 50 15 -64 34 -23 60 -31 61 116 12 24 30 -16 -13 -2 20 16 94 90 -7 48 -20 -42 -38 70 76 -7 42 -5 27 -35 48 64 23 40 54 62 78 31 41 17 82 -12 41 60
51 -9 27 43 50 -10 35 -21 77 27 35 -33 66 6 -35 -18 -16 -31 -81 -4 54 -34 58 -57 -33 -18 62 22 2 45 29 27 32 -30 -10 26 5 21 -30 43 23 23 -40 18 10 -64 20 21 27 39 14 -23 -49 3 55 75 -35 17 38 23 61 24 -28 -17
-97 -29 -7 -43 -86 -40 -59 -18 -33 -43 -35 -18 -26 -35 -72 -92 -39 -30 -88 -25 -85 125 -101 -68 -123 -73 -36 35 -2 -15 -97 -50 -101 12 -31 -127 -24 -106 -46 -92 -113 -68 -37 -43 -40 -114 -71 -7 13 -26 -50 -86 -36 -42 -22 -74 -14 -85 -17 -49 -4 5 18 -124
-38 7 17 -43 33 64 -23 -45 11 -11 43 75 31 -19 26 44 86 66 -32 -14 -6 110 32 38 93 25 -13 3 -28 32 56 -1 32 47 -20 21 26 51 10 65 10 -16 22 67 69 -1 56 -10 -9 3 -28 65 12 22 38 2 -14 46 59 29 44 -22 92 -121
-16 -102 -28 -60 18 -45 -88 -53 -49 -56 -45 -8 -21 -84 -106 -53 -56 -40 -3 -66 -83 18 22 -96 -6 -6 -60 -21 -76 -28 49 -3 -30 56 -11 23 -37 -51 -52 -71 31 -22 -71 4 -67 6 -66 -69 -84 -43 -54 -75 1 -2 -43 -62 -48 -52 -58 -55 -3 -21 -53 -52
-1 19 18 -47 85 -8 27 61 -49 -102 5 5 -2 46 40 -28 11 3 26 -33 16 17 7 32 -24 22 -16 -32 -25 40 40 65 13 -4 1 54 -12 56 10 -19 -4 -35 17 53 18 -20 43 36 -33 42 -1 -35 26 -33 90 8 -24 -15 -11 -55 -58 -3 25 80
58 -124 89 109 21 66 45 26 122 89 56 56 32 105 95 75 63 -101 82 9 86 14 31 50 32 29 74 11 82 29 80 -125 126 4 75 67 89 33 -12 103 28 76 96 93 25 11 -19 122 22 49 68 118 39 96 45 18 19 11 25 94 80 -121 -111 39
-28 -29 -75 -116 -100 -20 -47 -90 -71 -65 -12 -37 -60 -54 -119 -20 -22 -71 67 19 -96 -107 -26 -89 -35 -47 -89 4 -105 -22 -52 -70 -13 -10 -102 -48 -76 -128 -46 -25 -85 -127 -96 -47 -56 -101 -30 -10 -105 -18 17 14 -76 -116 -79 8 15 -20 4 -37 17 -42 -5 34
72 81 54 91 105 -91 73 36 86 106 106 -9 89 27 122 -124 76 -118 46 70 6 115 108 47 -115 84 -79 9 37 46 92 -98 59 87 113 99 73 74 62 73 -120 123 94 40 -116 115 72 54 95 -118 96 28 -42 62 117 109 -127 115 35 -109 23 21 42 112
18 -5 70 54 15 1 -11 -76 39 29 66 33 43 -25 66 83 56 57 50 110 41 114 74 74 81 64 25 -17 10 75 9 77 65 15 57 34 96 5 55 2 77 86 106 25 -19 -1 21 96 50 18 36 92 15 35 66 57 84 55 50 86 60 67 74 89
-35 -50 43 -87 -29 14 8 -20 -55 -27 -33 -18 -59 -33 -51 -44 -60 39 33 22 -45 -11 -3 -27 -26 -26 -34 -8 -22 -34 -10 -7 -19 -29 25 40 -29 -36 -35 -17 64 18 -9 -42 15 -42 -45 -94 -36 -27 -14 -44 26 23 -50 -3 -42 9 -95 39 -72 -58 -11 0
-44 -70 -60 -36 -53 -50 27 -3 -29 51 16 -57 49 -53 -113 -92 -47 -3 -121 -85 -46 -10 -47 -92 65 35 -54 -92 -60 -28 3 -59 38 -98 -11 -34 -68 -45 -69 -13 -87 -42 -69 -3 -57 -61 -45 -14 -94 -35 -58 -15 -37 48 9 -51 6 -51 -1 -82 -1 -43 -8 -67
-8 -50 -9 -52 -54 -103 -19 -45 -25 -14 -89 101 -5 19 -16 -64 -88 -25 -97 108 -19 -20 -89 -53 0 -75 -16 37 -83 -36 -70 -6 -56 -89 -23 20 -44 -5 -102 -60 12 51 49 -72 -85 -109 -60 -107 -2 -36 -28 -44 27 -54 -6 -37 14 -30 -20 5 -50 -78 -32 -103
-66 -39 -73 -84 -99 -56 117 -50 117 -118 -95 -51 1 -80 -38 -125 -128 -112 -101 -101 -45 124 -22 -91 -57 -110 -67 -64 -10 -30 -59 -116 -123 -41 -119 47 -26 8 -109 -66 -109 -55 -108 -32 -91 124 -23 -66 -40 -97 25 -60 -58 -98 -127 -11 -69 -114 -67 -127 -84 -59 -50 -62
-29 -29 -28 -22 -62 21 -4 64 -36 -49 -32 20 -7 -19 42 -33 -10 -7 -71 -96 -54 -15 -29 1 -43 -28 17 12 -27 16 -12 -98 3 -9 -28 -19 -25 26 -70 -57 -34 47 -21 -70 -71 -51 -14 -42 52 -74 -24 -30 -23 -27 -60 -9 -70 -61 -12 -60 -28 22 -27 -49
-7 -112 -39 45 -31 -68 -71 -66 -29 -24 -37 -66 -14 -60 -36 -76 -54 -43 -98 -79 -29 -5 -29 12 0 -16 -30 -42 -52 -50 -109 -22 -28 5 -42 -46 1 9 -65 -38 -38 16 -52 -58 1 17 -117 -68 86 10 -99 -23 -79 -73 8 -62 -64 -79 -124 -63 -92 31 -61 -11
-2 93 70 29 -26 59 109 90 33 19 32 57 58 71 65 14 76 -7 63 95 44 69 -3 20 -32 69 49 7 27 -58 17 -1 15 16 29 52 50 54 11 74 58 66 78 20 16 28 37 29 42 72 3 64 65 -53 -1 89 -11 -2 28 31 -1 15 8 2
48 89 71 65 6 70 75 -3 53 76 -112 78 8 -25 45 42 37 82 25 50 106 82 47 52 10 111 40 -33 111 23 16 118 71 17 89 4 -32 59 76 51 64 65 101 81 -22 3 2 86 -16 87 44 123 40 32 13 95 6 122 26 72 66 52 4 109
-26 -83 -26 -69 -54 -57 24 -73 -108 -16 -58 -19 -93 -47 -76 -68 -4 -54 -90 -16 -119 -11 -81 -87 5 -105 45 -96 -112 -25 -108 26 -68 27 -46 -64 -4 -8 -60 -10 -45 -64 -27 -2 -85 -65 -20 -24 -22 -58 -14 -2 -58 -8 -71 -89 -56 -58 -87 -47 -6 -37 -23 -73
16 30 15 -53 67 73 71 101 82 -4 28 31 19 6 19 -74 11 5 2 12 -54 30 42 39 3 111 66 32 5 98 -24 23 -20 -14 43 1 76 64 32 81 -34 37 11 16 35 -7 109 78 -22 15 56 44 73 16 82 7 41 -9 12 16 16 -18 33 19
-25 -54 -42 -55 -63 -27 -40 -40 -69 -25 -46 -39 -83 -96 37 2 -30 -40 24 11 4 24 4 -20 -12 -105 -57 18 -44 -23 -37 -25 -40 -43 -46 27 -9 -21 -24 -69 -70 -11 8 2 15 24 37 24 -15 11 -55 -86 -52 9 -27 -38 34 -45 39 -9 -41 -57 -48 -70
16 -14 27 77 55 70 88 14 59 67 37 -97 26 100 15 25 86 95 -8 59 24 109 6 56 -14 -124 70 96 121 57 64 82 53 73 89 7 49 18 2 55 33 -13 60 19 54 70 18 56 28 -3 50 95 32 -93 16 26 52 60 22 19 93 79 72 53
-86 -24 -23 -16 19 -5 -38 26 -26 0 -23 -83 -80 -3 48 -26 -12 -59 22 -77 -36 -50 -94 -10 -31 35 -5 -25 31 24 -1 -58 -30 17 -98 -4 -14 -70 49 -2 18 -104 -16 -73 59 70 -2 -4 15 14 1 -55 -59 -42 -27 -14 3 -70 13 -64 30 37 -9 -56
-49 -88 -71 -127 -57 -60 -82 -9 -37 -21 -87 -48 -92 -84 -98 -29 -70 -22 -63 -72 119 -30 -51 -25 -48 -73 -27 -75 -83 -60 -30 -74 -94 14 -34 -91 38 -36 -19 -73 -22 -6 -70 -26 -35 -60 4 95 60 -59 -73 -28 -34 -51 -71 -106 -46 -40 3 -66 -28 -61 125 23
-24 -52 -1 -55 -29 19 11 -66 32 37 -15 52 28 -60 -23 28 24 -8 4 19 7 -73 12 6 -1 -39 15 -3 59 10 -40 -15 -25 69 -19 -8 36 -32 -10 16 48 -65 51 32 5 -40 -17 -17 2 31 26 -27 -62 34 -28 -53 3 -29 -37 -12 75 28 44 -16
54 -25 15 -110 9 11 32 -26 9 51 8 42 -28 -2 21 81 60 9 23 18 -31 95 -31 66 109 17 29 60 57 59 0 20 36 46 26 63 36 -92 35 28 -8 8 -68 0 -7 1 -9 21 59 -34 -17 -19 17 87 -12 77 3 44 33 -41 7 -5 -43 53
26 71 71 58 94 96 63 82 38 1 51 78 68 80 79 36 113 22 117 68 89 72 37 49 102 46 95 85 96 -9 31 75 83 -14 98 -11 8 -1 69 117 46 15 -24 39 64 14 53 -2 111 50 89 23 77 48 -1 105 49 104 31 74 124 45 23 127
-14 -85 10 -94 -49 -7 119 -14 -123 -57 37 -49 -77 42 -9 -19 -19 -82 -91 -33 13 12 -62 -78 -43 -55 -38 -14 -3 -59 -43 -100 -103 -43 -14 -30 -68 -18 -89 -30 -18 -29 -39 -36 -78 -3 -50 -34 -102 -44 -75 -48 -29 -84 7 -8 -5 -84 -35 -4 -93 -52 -55 -25
-3 12 13 -56 1 -6 -31 4 -31 3 -55 -47 6 20 54 -9 -5 25 -19 21 24 10 -24 28 -56 -6 44 75 19 -27 -7 73 -10 -76 56 -8 22 3 44 19 -2 -34 29 34 77 -67 -44 13 -30 -41 -19 4 62 7 -8 7 4 62 59 22 26 -1 -51 -28
73 35 17 62 -65 54 45 -57 99 17 8 -25 26 52 1 -1 10 51 -21 -3 39 -18 21 29 19 20 59 91 22 24 -10 59 15 69 -49 20 -18 -15 32 -22 41 -2 -15 -3 44 48 -24 32 -5 -25 25 19 9 39 -6 11 30 -40 -3 -57 64 61 -1 29
-36 84 89 -29 82 29 92 5 31 29 0 44 13 -16 -3 22 38 45 20 71 28 33 -109 37 46 64 66 41 -19 74 30 68 36 35 -4 -34 52 -14 21 23 -9 29 51 48 39 53 82 71 89 29 44 33 14 11 20 83 55 -9 100 47 6 -5 108 1
-56 10 14 74 -31 3 -64 -40 -67 -76 -58 -9 45 25 -29 -26 -26 57 8 -75 -13 -16 33 -7 72 -29 -24 7 -11 8 -38 -25 59 37 28 -22 52 -9 8 -75 58 -44 40 -38 -6 94 -48 -21 -82 -16 -22 39 -79 18 7 -58 -74 -5 34 8 -74 -17 -25 -45
-94 -18 -69 58 68 -57 19 -42 -28 -1 -18 1 -5 -42 -20 -12 59 -109 -45 55 -1 -94 -93 -56 -44 -33 -44 -34 76 -60 -64 -48 -41 -8 -30 -26 -12 -77 -25 -79 35 -52 54 28 -51 -26 -72 13 18 -42 6 -7 52 -27 -104 -20 -62 -4 -72 27 -70 7 -33 -4
-3 -13 -43 -109 -33 -85 -17 7 -73 -61 -55 -48 -53 -41 -36 -26 -9 -89 -28 -12 -37 2 -43 -52 -90 -76 -63 -29 70 -83 -71 0 -25 -57 103 -84 -83 -53 -102 -68 -40 -48 -96 -36 -70 -61 -17 -97 -83 -4 -6 -44 1 -78 -25 -48 -58 -91 -40 24 -32 -59 -31 -92
-80 -30 29 -3 46 -11 -49 57 7 38 14 15 -32 71 9 19 72 73 64 21 28 -57 -36 -6 -4 -11 -2 -38 -7 55 -10 20 56 26 -28 -51 49 -51 58 -11 -6 -45 -1 -116 -34 -1 -38 79 -28 -65 41 38 16 1 -49 -78 44 22 10 -11 6 -31 34 15
-5 -33 -52 8 6 -35 9 -44 -29 -29 -52 30 36 4 35 -18 -70 -38 -45 -55 -61 -4 -17 -4 -7 -59 24 -28 -48 -46 -44 -34 59 -49 -41 72 58 -52 -15 11 -53 3 -61 57 -36 -5 25 -32 -66 -60 -68 47 -28 -9 29 -61 -31 12 -33 -11 32 -20 -28 85
77 19 100 87 -124 -6 86 65 69 -122 77 94 124 52 49 40 88 72 21 90 20 36 85 30 104 99 27 38 83 -128 115 88 28 59 52 -94 68 93 119 23 75 -121 103 42 75 35 87 17 4 32 20 78 123 34 106 105 74 93 36 63 29 119 102 67
-2 61 -58 -4 33 -7 56 78 61 13 -40 -56 -9 -15 43 -35 70 6 30 -59 13 23 -68 27 -15 18 -40 -35 10 7 -11 12 40 -56 10 -48 -30 -16 23 7 -32 79 -62 -3 26 29 30 3 0 -49 60 -21 28 -5 67 43 -6 -75 117 20 -21 -2 60 -9
54 47 -30 -25 15 11 16 13 25 -9 -8 -12 44 45 44 100 62 24 20 -20 21 36 -20 -11 9 -35 -8 29 70 23 30 15 20 -2 39 10 29 51 64 59 11 37 59 75 52 -9 35 -43 -6 37 59 62 -7 44 26 38 29 23 23 66 34 -73 59 52
111 -56 -98 29 10 -48 -2 -25 -21 -39 -68 63 -28 -65 -74 -8 -14 -115 -25 -26 35 -1 -47 2 7 -29 39 -41 -7 5 -44 30 -56 29 14 -3 -34 -20 -51 -69 -30 -20 56 -19 -60 -58 23 54 -42 38 30 39 -42 17 -27 -13 -10 -28 -96 2 3 43 -25 -66
-88 91 33 -37 11 25 18 39 -53 -8 55 -15 15 -9 -18 32 32 -5 10 -17 19 3 16 52 -89 111 -2 -10 53 -13 -1 -7 53 -80 -88 3 26 -48 4 49 -3 -12 -32 8 72 60 53 38 -50 16 -12 -2 -20 -54 -9 3 -15 4 -4 -7 9 -39 17 7
29 20 -8 7 42 77 67 -10 76 -24 -14 20 19 -19 -33 30 51 -15 56 -49 29 57 -14 -28 32 37 2 93 42 72 46 -4 9 -26 -6 -28 -77 -43 20 7 45 -47 -60 -51 -23 16 2 59 24 -67 -68 26 59 -32 -56 -53 33 -3 2 24 8 -3 108 -70
-105 -82 -77 114 -60 -101 -30 -109 -112 -23 -103 -94 -35 -94 -54 -115 -51 -77 126 -91 -106 -105 120 -98 113 -81 -98 -56 -114 -58 -117 -74 -67 104 -34 -120 -90 -109 -64 -66 -97 -93 -69 -56 91 -118 -127 123 -97 -35 -96 -78 121 -113 -76 -125 -46 -75 -76 10 -72 -36 -71 -103
8 47 14 -117 -6 59 82 9 -89 80 -123 41 -97 115 113 93 35 44 84 15 -11 23 59 79 94 42 80 76 63 94 96 76 60 100 108 99 114 -88 -116 87 3 97 80 85 47 46 -123 117 52 33 0 45 106 90 35 127 51 1 55 77 11 80 88 53
-61 -56 -6 -75 -94 62 45 44 -37 -87 29 -21 46 14 21 10 -4 -36 -76 27 -96 -10 -62 -57 -72 -2 -14 -23 -15 -65 -25 0 -25 -59 -3 4 -7 -41 -96 -56 16 126 -40 -20 12 8 27 -20 -21 -24 -41 92 7 49 46 -40 22 46 18 -82 1 58 -64 32
85 49 44 64 53 -16 38 25 65 89 16 -36 16 23 -40 57 -53 67 -7 -4 17 92 5 35 -38 10 21 48 67 -11 -49 -45 24 -9 100 20 25 -6 -38 39 -8 -25 28 58 62 40 84 15 33 65 30 13 64 18 -11 -17 0 50 89 -10 -17 -30 -24 56
-34 -48 -8 -61 -20 7 36 19 -68 -2 -8 -34 40 -8 1 -7 -19 -23 -48 -17 -74 21 -41 -83 -17 42 -30 -29 1 -51 4 23 -11 -58 -1 -55 -92 41 -37 1 -45 -50 10 -79 -33 -98 -38 -20 -91 -16 -53 -35 -40 -86 -35 -17 -22 -35 -31 -37 -90 -39 -24 -59
82 32 93 73 106 22 81 -3 99 24 3 108 70 58 46 -13 56 22 59 77 29 98 -111 22 73 44 78 -120 17 84 43 31 -7 64 91 77 66 47 113 5 105 61 87 49 -2 12 -15 25 63 16 96 78 41 0 6 114 45 50 17 43 29 -14 27 103
9 11 40 13 72 4 -35 60 16 -68 17 -71 -30 -15 87 -28 13 -6 45 6 -36 55 -73 78 -3 48 -2 -3 -42 53 -31 20 33 2 93 5 77 51 49 73 22 54 -8 63 -45 41 5 -9 -8 -74 -9 34 -15 -30 95 12 37 58 0 35 11 6 2 51
4 41 5 -5 -41 54 90 12 37 16 62 -8 39 -58 62 -40 -7 6 10 23 -36 -85 -15 19 -1 27 -27 -46 -31 8 43 27 39 -20 28 -26 -111 40 38 78 37 -42 32 24 -10 -28 23 -16 -6 21 3 -85 -37 31 11 38 63 15 -15 43 -49 -50 11 12
-9 48 -43 -23 -19 56 -2 7 14 -17 -21 2 -51 -44 1 22 -48 17 62 -1 2 -61 38 -33 17 -15 -15 -14 -71 28 -18 79 17 -51 -23 -2 27 50 -83 -37 -99 59 47 -33 -96 -74 -1 24 -12 21 81 37 -57 7 -40 8 -11 21 21 -61 13 -10 -58 -18
-74 -28 9 51 7 96 -55 -21 16 7 -8 70 -21 -60 -14 6 60 -101 -16 -61 33 -45 -32 114 5 -86 -10 -24 -13 -104 23 20 -46 -47 42 -19 -31 -26 43 38 -3 -2 -79 -29 -77 3 -9 47 -24 -63 -11 -5 5 -49 4 -88 52 -3 -57 -5 6 -19 -28 -32
-59 -45 -65 -61 -17 14 -33 -65 33 11 -24 -4 -76 -103 47 -46 -32 76 -31 7 -25 -32 -68 -3 -81 -110 6 -22 -35 -9 27 -26 -67 -58 -76 -18 -79 -2 -34 -38 -21 19 46 -42 40 9 -108 -49 -18 -9 -66 -36 -58 -12 -13 -35 -9 0 7 -25 -13 22 -30 -39
-56 -8 14 -35 -51 11 33 -43 -9 38 17 45 0 -41 64 -43 11 68 71 -7 -7 -39 10 6 -73 2 -11 96 -21 17 28 56 -11 -41 -55 49 -65 -52 49 -39 -9 20 64 30 1 -35 -51 26 -45 49 30 -25 28 -24 -27 48 -41 -42 -1 21 -46 78 32 10
15 -69 -96 -71 -13 0 -60 78 -3 15 -42 -94 -12 -30 -41 -14 22 21 -49 -10 -21 -22 33 -20 -72 -3 23 5 -128 70 -49 99 -72 -47 -62 -8 -99 -24 -5 19 -15 -20 27 -4 -32 -126 -5 -25 25 -30 9 66 -3 -19 43 -4 13 32 -19 43 13 -16 1 1
-12 37 30 35 -43 -57 -24 -43 -82 -48 -111 -20 -84 -29 -9 -30 8 32 6 -54 -65 -1 -54 17 7 -14 -65 33 32 15 -10 16 -2 -62 -84 35 46 8 -19 15 -21 -63 50 -24 -73 -27 19 3 7 28 26 -10 -28 -15 -6 -17 -5 1 -28 -7 -61 -51 5 10
68 -14 -19 52 86 34 -26 -23 24 1 4 20 23 68 45 -123 6 -124 22 17 -2 52 86 5 81 41 28 61 1 41 80 33 -27 16 -29 44 54 -54 39 1 52 56 -62 -17 86 34 -4 32 36 -25 61 54 -21 31 56 107 33 -59 -42 58 9 -29 73 -13
30 -24 8 -15 6 -2 -39 -57 16 16 -35 -17 -57 -16 -41 22 55 39 -95 -16 -39 21 -15 25 -10 -49 12 -7 42 64 14 -17 -81 50 84 -38 -23 74 120 -52 -64 -12 -73 -39 -49 -42 32 -4 -18 -55 0 -22 -78 -69 -22 -8 5 -40 15 -37 13 -61 0 35
94 68 -15 85 -27 91 80 100 87 96 35 84 -118 24 41 79 45 16 4 102 4 -19 53 44 60 42 36 2 74 78 56 39 44 72 7 76 110 102 -123 30 36 -30 48 50 39 -35 75 80 30 57 -41 45 46 39 45 -22 65 35 28 82 80 47 2 3
59 60 22 33 1 36 14 29 78 88 42 74 25 20 75 -14 61 35 67 82 47 86 58 78 94 -36 -19 50 90 55 7 45 25 49 12 44 60 35 49 85 55 3 12 102 63 46 27 20 75 71 33 15 12 64 66 3 55 36 64 55 43 32 27 37
44 -7 66 98 -110 38 65 50 15 44 103 33 -9 36 68 55 25 69 69 28 40 78 22 89 90 20 -128 53 -65 12 40 87 112 47 77 38 -2 17 65 52 92 55 70 120 96 71 63 -3 112 -127 107 8 67 107 59 65 -59 47 87 91 64 54 -49 97
43 75 -3 10 54 -57 33 29 21 -128 120 76 28 95 63 48 57 -18 50 43 37 -123 -9 44 32 -24 -38 33 -43 10 67 10 28 98 57 94 2 -24 -9 7 22 41 57 -38 36 3 41 28 5 40 35 10 5 -17 36 73 21 -26 -17 40 -13 68 3 23
-24 15 1 54 -95 -1 45 93 13 40 40 92 42 57 89 119 86 81 44 80 -127 39 20 -8 5 9 -110 -33 48 -13 86 7 74 18 85 -112 37 86 97 34 53 14 43 71 -30 26 57 71 41 35 66 33 20 -65 92 57 44 22 -14 38 2 -8 15 8
9 -4 -31 -27 -10 -31 -32 19 16 23 -25 -37 18 -22 -50 -58 -86 32 -68 13 -38 -27 -28 -8 -31 5 -21 -27 21 0 -5 10 20 -11 -17 18 -59 16 -6 12 -26 -28 42 -1 -80 4 -26 -40 -34 35 8 -40 -44 3 -17 -17 -31 29 -17 -26 -65 -70 43 15
13 -79 60 119 96 43 -93 118 121 82 125 26 108 115 -119 61 70 82 -114 72 101 41 100 123 55 123 43 87 -125 52 90 -128 34 62 58 29 89 39 73 -87 75 -121 12 24 38 76 58 124 39 108 45 24 38 62 -128 76 83 26 67 -110 89 64 31 79
-8 81 49 32 105 39 18 39 81 126 40 80 -5 -29 89 93 26 -14 86 27 13 113 111 99 46 28 -126 75 108 114 48 -8 44 -10 -2 73 121 -5 3 62 71 31 39 -5 32 106 60 13 71 45 54 108 79 38 86 -4 -1 72 98 81 73 33 57 33
-29 -38 55 6 -54 -34 7 9 -22 61 23 -34 -22 -68 11 -5 -37 -35 -45 -57 -18 -105 -81 -17 -44 -39 -20 -54 -15 -20 5 20 -42 23 -10 8 -84 17 23 -40 -6 53 -36 -55 -30 -33 -53 -63 -107 -26 4 -76 -33 -6 1 -12 28 -68 15 18 22 -50 3 -26
-57 -22 6 -91 -19 -65 -48 -21 -7 26 -38 47 7 -41 -6 -14 -38 -37 -43 -9 28 -16 -39 -75 -25 -13 -28 -34 -93 -70 -30 13 -39 -44 41 -21 -25 -9 -14 -57 -29 22 -107 -18 -44 -49 -16 -21 17 -7 -3 23 5 -63 -11 58 62 -34 72 -21 -53 -50 -76 -18
0 19 55 -24 43 51 29 3 39 -44 42 -43 -33 -35 80 56 52 -14 -123 -18 41 19 29 52 -7 2 75 17 -8 11 45 -16 -8 -57 33 39 36 75 -37 -15 -20 31 22 16 -42 61 13 -17 -18 5 -38 -59 19 45 -43 17 -1 -111 -37 -49 -46 9 30 -15
-1 -47 0 8 -17 -15 -28 5 13 67 14 -55 15 6 -20 3 -28 36 76 -28 16 -9 -15 -7 -12 3 -19 -45 57 -20 50 -24 19 -32 -25 102 1 -20 13 38 -81 28 14 6 34 41 11 4 41 6 -41 -36 -4 -63 -50 -37 -1 -66 -9 -3 -31 25 16 -33
-32 -105 -59 -51 -39 -11 -51 -16 -94 -66 -72 -6 -1 32 -77 -14 -22 -24 -30 -3 -62 -1 -93 -24 3 -34 -25 -127 -15 -29 -10 -10 -58 -12 5 -125 4 -58 -5 -77 -63 -60 -10 -33 -54 -21 66 -24 -86 -47 -50 -35 -3 -37 -58 -30 -72 -63 -20 126 117 -39 -43 -14
62 22 40 56 14 5 58 -7 62 9 36 104 37 13 16 1 34 99 1 9 36 54 45 35 -5 102 57 19 -31 54 26 -11 48 78 4 15 69 32 67 -9 -34 86 -37 17 56 9 6 -24 14 63 74 9 19 32 -13 61 2 11 8 8 13 22 -12 59
16 -41 -18 -17 -95 2 -44 -18 -79 32 -52 4 52 -54 -62 -85 -56 -79 -19 -38 -42 -78 -7 22 -24 -55 -26 -20 -40 -82 -10 -30 49 -57 -14 -40 -55 11 3 -97 -56 17 23 13 3 -47 -10 123 -69 7 2 0 -32 -48 -25 -6 5 -1 -112 -72 0 -83 -20 -59
-95 9 -23 -24 -17 -15 8 15 -46 -38 17 -60 -37 -44 -21 -50 48 -25 47 -31 -34 -40 -17 -69 36 -13 6 3 10 5 -50 18 -32 -50 12 -5 -62 -16 -20 -28 -7 -83 -47 52 -54 -1 -26 51 -41 -35 12 9 29 -45 37 -83 -9 -63 19 -28 -36 -80 6 -7
-66 -109 -15 127 -46 -92 -56 -52 120 -87 -62 -74 -124 -46 107 -82 -47 101 -118 24 -25 -56 118 -23 -95 -82 -79 37 -84 -51 -66 -64 8 -50 -116 -116 122 3 -88 -62 -47 -88 -41 -106 -69 -92 -97 -54 3 -111 -69 -61 -26 -73 -109 -74 -14 -82 -43 -91 -66 -97 -40 -75
80 32 5 59 7 74 11 29 6 -20 88 55 9 -42 36 19 -22 -8 33 107 38 69 -104 48 81 -6 16 30 78 46 49 48 13 21 -32 50 28 93 70 32 23 56 87 100 70 59 84 91 54 -3 7 21 54 0 58 35 11 75 58 31 46 37 41 59
36 -19 -2 -46 16 62 81 49 23 9 68 -30 62 -107 41 18 -116 82 52 37 12 2 33 -15 51 47 -26 25 -11 86 66 118 3 37 30 40 -24 -29 24 -51 -11 37 -8 32 -4 7 5 56 -25 -2 28 -7 13 26 94 -43 38 16 10 69 35 16 18 86
-55 -70 125 -87 -84 -119 -51 -117 17 -32 -15 -39 25 8 -93 -34 -61 -68 -13 -61 -84 -17 -35 -77 88 -12 -76 -53 -82 -70 -18 -119 -125 108 -15 -59 -66 -69 -86 -20 -78 -11 -106 -28 -108 -43 -3 -7 -91 -13 -89 -98 -110 -99 25 -45 -80 -81 -103 -79 -84 -44 -2 -78
6 5 29 -1 52 -121 71 86 5 18 -21 103 -25 10 34 -10 47 48 42 1 99 65 66 39 57 -8 83 -14 40 31 55 35 94 4 15 75 21 95 73 87 48 12 57 78 3 -35 -28 74 -10 65 41 29 34 54 65 16 37 94 26 -17 46 16 -127 39
33 -2 -26 -24 20 26 24 -52 -58 19 17 41 32 100 -14 12 30 -70 -19 -54 85 -6 -25 9 52 -27 51 12 -48 13 -37 -47 -3 11 -12 46 27 -18 -17 -3 -32 -45 21 -17 -47 28 -13 -15 10 71 12 -5 -6 -42 -47 6 -17 93 32 25 74 -36 31 47
-59 34 -124 12 -71 -39 -72 -60 -80 -66 -31 -43 -3 -25 -45 -63 4 -68 -82 2 44 -58 18 42 -30 -29 -10 -37 43 -59 -46 -47 -91 -53 0 -14 -23 -10 -58 -120 -48 36 -12 -3 -64 -31 19 11 30 2 -29 122 -67 -116 -17 -1 -64 -28 -43 -16 -1 -59 -34 -65
-83 -90 -41 -40 -29 -87 -63 -81 -2 -35 -22 -98 -41 -21 -57 -85 -63 41 3 -81 -69 -23 -95 -21 -50 -28 -80 -16 -8 -74 -24 -40 116 -91 -29 -62 -41 3 -5 -65 -24 -26 -83 -21 -90 -71 -2 -57 -97 -20 -113 -37 19 -103 -68 -78 -36 126 -56 124 -53 -45 -65 -20
-94 -43 -74 -52 -30 -58 -85 -39 -89 -15 -19 -33 -128 -53 -54 -70 -74 -71 -67 -39 -68 -95 -23 -80 -53 -18 -98 -41 -75 -59 -105 -100 -56 -27 -21 -117 -13 8 -32 -38 -39 -128 20 -109 -43 -52 -59 -11 -76 116 -52 -29 -27 -36 -36 -76 -85 -60 -55 -53 -33 25 -72 -25
-38 -27 14 3 45 -16 6 -7 42 -6 -46 -47 69 13 36 31 44 15 17 -7 -21 -36 5 34 -56 59 8 56 57 49 -2 31 48 81 36 52 69 42 34 -84 -27 -44 11 21 -15 -18 15 11 -45 67 -17 -27 60 39 35 70 -13 12 -29 19 -83 -33 57 -3
-86 12 -59 16 -53 -15 -38 -31 6 -73 1 17 -68 -16 22 -16 -33 -15 -10 -27 -23 -7 84 28 -4 -71 2 -20 -121 -57 -19 -10 53 36 -85 -15 -51 -17 -68 -3 -44 -42 -57 -54 21 1 -53 -82 -28 -44 -29 -22 -18 1 -66 40 -14 -60 23 -106 -58 -72 -25 -47
122 -14 -49 -116 -50 -74 -68 -74 6 -112 -59 -49 -120 -72 -35 -97 -89 -74 -117 -24 5 -18 -29 -6 -43 -90 -64 -87 12 -20 -66 -76 -61 -77 108 -66 -73 -94 -40 -79 4 -52 -105 -66 -102 -76 -47 -81 -59 -53 -51 -80 -66 -76 -21 -74 -1 -74 -84 -38 -100 -33 -58 -91
49 -44 -49 -50 -88 -65 5 -64 -87 -111 -29 -91 -8 -19 -52 -17 30 -12 -44 -44 -23 -32 7 -79 -16 -32 -41 -58 -70 -76 -93 -70 110 -71 -28 -28 -51 -75 -104 -29 -56 -64 -24 -35 -31 -21 -29 3 -29 -100 -77 32 -22 -67 -94 -43 -3 -52 -113 -70 -17 -30 32 -44
41 -5 3 -34 -18 -22 -36 -30 -16 4 -40 -12 -19 -14 -1 46 -24 -26 -74 23 -1 45 -33 -31 -55 -47 0 -23 -58 -15 -35 -43 -46 -50 -15 0 -22 28 -14 -31 -29 -12 3 70 14 5 -7 -53 -53 27 -70 -54 24 -31 0 65 -48 -53 -44 -28 -25 -50 -94 -49
23 1 27 -34 24 -3 4 -1 -23 -26 -9 20 57 39 19 65 44 62 29 -38 26 37 -11 -49 -14 3 -8 87 36 -12 44 35 -5 19 -13 -20 -27 -9 69 -15 3 19 -14 -21 -50 14 14 -18 61 5 51 5 29 -11 -85 67 29 35 17 87 -46 -62 -29 53
-100 -42 -47 -40 -72 25 -42 1 19 -24 3 -50 -25 -75 -43 -13 28 -34 -27 -40 -20 -113 -2 -54 -73 40 -56 -116 -22 5 -32 -59 -89 -34 -55 -55 -99 -28 -74 -2 -78 9 -28 0 0 -18 18 -3 -54 -21 -35 0 -11 -23 21 -68 -2 47 -73 -103 15 -17 -95 -18
22 -11 3 52 77 56 23 -8 32 19 45 53 67 27 16 -7 58 43 56 95 65 -27 44 9 -39 72 -7 18 -4 -27 91 34 69 10 100 69 45 5 83 26 16 39 109 61 -4 38 -29 62 -30 12 43 25 -35 5 114 67 36 30 35 27 -22 34 -33 60
-125 -56 -62 -34 -55 -66 -80 -69 -64 -80 -49 -52 -51 -25 -14 -27 -44 -100 -48 -48 -43 -88 -48 -42 -44 -31 -88 -106 -113 -107 -82 -106 -127 -45 -49 -99 6 -49 6 -112 -110 -2 -98 -96 -84 -39 -66 -6 108 -109 -52 -26 -107 -97 119 -119 120 -9 -44 26 -117 -1 -38 -91
-34 -21 -6 -57 -70 -17 -75 0 45 -14 -51 -107 -13 -62 -35 12 35 -45 19 -40 -47 -26 -53 -44 -70 -32 -37 -62 -94 -47 -51 31 15 -66 -58 -2 -3 -22 -51 -5 -11 -37 -12 12 -56 -52 -3 -66 2 -56 -57 -66 -68 -43 -59 -40 -100 -10 12 -109 11 -67 -38 -58
-68 -53 109 -28 -42 -50 -68 14 -43 -58 -24 -38 -32 9 -115 -45 -55 8 -61 -26 -67 -57 -56 124 1 -82 -35 -83 -87 -105 -37 34 -85 -89 -33 -63 -105 -50 -74 -36 -68 -41 -50 -12 35 -41 -79 -34 -43 -80 -16 -37 40 -42 -31 -77 -75 15 125 -41 6 -43 -7 -4
93 41 29 51 55 39 48 46 16 53 121 73 38 7 51 61 32 81 88 85 49 39 -116 25 34 79 107 115 75 86 33 49 81 7 94 96 63 87 35 52 3 47 60 65 111 67 75 84 35 5 49 102 26 63 -100 19 38 84 11 85 62 59 99 61
36 18 -21 45 72 65 -32 -28 29 -7 50 78 6 65 58 86 -4 113 10 47 -15 60 67 95 91 100 87 -48 -4 -10 89 7 62 109 65 59 93 68 -37 40 62 38 63 33 19 99 59 15 69 103 5 56 -23 87 17 49 14 52 78 63 46 56 46 102
14 -4 4 67 -29 -7 -4 23 -13 24 89 56 -16 -7 19 -8 48 23 38 -45 -19 -13 -52 -29 -125 -95 -21 -25 -44 -36 40 -12 -66 -44 -10 -12 -38 -37 -7 20 -31 -16 26 -69 -30 -15 -13 3 -80 37 -15 -10 2 -68 40 5 0 55 -57 -47 -5 -25 -1 -46
-7 -69 8 125 2 29 38 -26 -36 -30 13 -31 -42 26 -17 -24 -22 3 12 -102 -67 -63 -19 38 -95 -13 -67 -55 -54 -52 125 -63 -27 108 34 -100 -85 -56 -16 -31 -38 -42 7 9 -42 -23 -56 -34 -93 -41 -46 -18 -88 10 -4 2 2 -67 6 -4 -7 -90 19 -72
124 -48 -67 -67 -57 2 -47 -14 -61 -58 -23 -62 4 -27 -69 -35 -78 22 -56 -20 -39 -59 23 -66 -69 -42 -40 -23 0 4 -51 -48 -64 -56 -111 9 5 -19 -72 -108 -33 -96 -61 28 -8 -5 7 -26 -52 -13 -41 -53 -26 -69 4 -12 -25 -68 -26 -109 101 -93 -64 -31
-7 7 45 84 29 -61 81 -34 22 61 -3 35 21 -13 84 41 -42 41 49 32 -34 55 40 11 24 52 127 18 -6 22 16 37 -25 -6 53 -29 -39 -11 59 20 -14 -26 90 -66 107 6 -4 61 36 29 56 28 81 84 9 -6 109 12 -43 -16 5 50 20 91
-11 -8 20 24 -21 -2 -39 -38 70 -29 44 -22 11 36 80 56 -37 -50 -50 42 -14 -47 -50 10 17 55 7 38 0 3 89 40 -70 50 23 -39 98 40 18 42 37 -31 11 23 3 -38 56 -20 -21 -38 -15 5 -9 -9 -11 -29 -12 42 -66 -34 -38 -79 24 66
56 106 109 28 81 80 107 88 -27 41 83 117 103 89 19 92 19 125 80 79 92 -118 89 -20 -5 21 48 42 87 -85 93 44 19 30 65 111 40 93 87 55 67 64 73 93 116 65 20 100 52 61 104 49 -18 38 108 66 -3 38 109 56 96 81 73 23
-60 -94 -65 -66 -120 -111 -84 -64 -28 -55 -47 -104 -97 -23 -55 -94 -100 -25 -97 -54 -71 -32 -83 -90 20 -17 -81 -120 125 118 -126 -36 -102 -102 -121 -59 -54 -28 23 -113 -98 -77 -7 -73 -53 -105 121 -9 -123 -30 -97 -86 -69 -42 -60 -38 -58 -40 -30 -89 -67 -51 -108 -88
27 -29 15 16 40 -26 -25 4 53 40 -49 30 38 -22 18 -2 -8 -41 -23 64 23 -25 2 102 5 -11 65 0 59 -35 5 -16 23 55 45 28 38 94 -3 -38 -36 -46 -7 -18 43 -26 -10 -17 17 22 36 -40 65 54 -31 11 33 4 -37 -9 47 -20 12 -53
-16 13 7 60 39 119 37 116 -58 7 -2 56 35 -3 76 40 32 29 24 8 70 76 90 12 60 93 104 47 11 -34 -29 61 95 50 21 101 64 17 110 18 -15 9 33 -13 72 35 51 -15 39 67 70 35 -8 41 9 71 64 51 96 7 42 49 -8 27
-15 -10 -3 -21 -63 -32 12 -28 -21 14 69 34 28 13 -33 19 38 -6 27 -22 -20 -23 -68 -6 1 25 2 -32 -31 -9 1 -56 -44 5 -26 -18 10 12 32 -81 -19 -14 18 21 -2 -11 2 -88 -90 18 11 9 -100 5 -1 -62 -82 -7 -61 -59 -118 30 -37 -12
106 32 101 54 72 -8 66 -101 53 21 49 51 95 54 73 66 27 42 86 62 85 -118 45 111 26 13 32 63 126 15 116 -125 28 57 77 23 41 23 49 78 15 26 22 46 101 108 53 35 96 39 7 56 32 52 54 55 109 48 33 118 90 -14 62 -11
19 25 51 53 -17 40 73 6 -7 19 43 -19 -33 45 63 87 -6 50 7 86 22 68 22 41 82 -29 59 81 113 87 47 97 10 97 20 -10 51 61 60 13 89 74 52 53 59 39 63 34 94 88 27 67 23 48 38 43 54 57 24 116 63 75 33 83
-19 -64 -17 20 -48 -20 53 -107 -40 6 20 -63 -57 -10 -28 -25 1 -24 -49 -114 -24 63 -83 28 -26 -18 -59 -44 -43 -59 -57 5 4 -21 -79 -51 -34 -46 -30 11 -2 -54 7 -104 70 71 -8 -43 26 12 -95 -44 -104 -87 -70 -75 -29 -59 6 -8 -25 5 -76 -29
34 36 45 99 10 24 -18 85 -16 29 61 93 46 111 -17 37 53 34 71 14 53 49 19 59 -112 111 -10 33 37 0 56 52 61 70 68 112 64 12 33 23 25 80 25 -37 41 72 80 82 -23 76 11 2 63 -15 -19 79 19 17 -9 70 76 63 64 -7
80 -2 -9 -14 8 -77 84 -36 49 -46 -81 -42 -32 15 13 -67 -21 -82 -28 -49 -52 -19 23 -51 -21 75 48 -27 -70 53 -68 -23 -18 11 -70 5 -44 -11 64 -16 37 -34 -78 11 90 16 -23 8 4 -24 49 -53 11 -8 -12 -21 -22 -42 -43 -117 -30 -70 -35 -12
-51 -8 -8 -42 24 66 -33 29 -22 11 -17 -38 -3 8 -84 14 -65 -21 -53 -100 -50 -15 -47 -3 -41 -22 50 -65 -6 62 4 19 -53 5 -79 -81 -7 47 40 48 55 -55 -17 -23 26 8 -46 -63 -67 -13 -69 -31 -70 -67 -10 -98 -79 -83 -99 -41 30 19 -50 1
-80 -67 -28 104 -23 -12 -24 -11 -34 -22 -100 116 -62 -105 -86 -98 -116 -53 -72 -116 75 93 -102 -100 123 -51 -93 -20 -30 -56 -15 -72 -69 -77 115 17 -79 -65 -46 -25 -35 -82 -22 -103 -82 -37 -25 -62 -81 -104 -55 125 -71 -53 -58 -99 -48 -67 -114 -118 26 -113 -57 -101
-18 47 65 -34 79 23 -22 -10 32 -15 -17 52 -39 -29 28 -38 37 -30 -9 17 11 40 -24 25 57 11 -27 101 53 29 36 -65 21 7 52 13 8 60 44 67 60 -20 77 -6 -1 -73 58 31 -8 81 9 61 60 36 30 37 69 117 55 -18 -21 -31 -15 2
45 44 48 40 95 8 36 36 -11 84 75 -64 2 -24 6 45 32 24 -5 36 49 58 -1 76 -6 9 3 66 93 4 16 63 -11 5 71 46 44 51 16 0 -19 42 22 4 27 19 74 71 -2 57 73 21 65 70 52 91 25 91 44 53 36 1 41 32
58 -34 -27 67 61 35 -9 46 -52 21 22 -20 23 -4 -13 41 58 -4 11 25 29 -9 13 68 -15 72 18 8 -26 10 34 -32 127 41 26 -50 33 4 1 -49 47 19 24 -6 46 35 70 35 -14 76 68 2 16 33 3 -24 -63 8 -30 51 13 44 20 5
6 -125 64 20 126 4 61 20 31 16 24 62 30 41 48 -11 98 36 62 72 80 75 80 77 46 35 96 -118 49 34 77 -70 47 24 59 -99 28 40 -42 87 14 11 87 53 68 -99 105 56 41 49 94 75 -56 -46 94 103 59 -49 107 31 57 28 43 30
55 46 -6 74 -40 8 31 -21 14 -2 -9 23 25 24 -116 16 22 64 23 78 16 63 -39 -31 -58 84 29 9 31 69 95 27 20 -65 66 -11 -16 6 127 12 4 61 -17 62 90 15 73 48 -7 -27 20 12 38 75 -14 -11 87 -4 57 97 -33 43 55 27
51 55 25 -110 16 105 60 11 59 -11 51 47 65 26 68 32 75 25 90 95 86 92 82 54 100 42 86 -2 117 54 84 46 38 72 75 19 66 12 109 117 66 54 41 59 47 108 43 93 68 110 -14 -3 100 77 28 60 59 21 34 75 27 1 79 36
-39 38 9 21 -14 31 68 -41 11 5 -40 -37 -37 -50 27 -28 -18 -15 9 25 -8 -18 -28 23 23 -18 49 -40 -40 5 42 64 38 -55 -9 47 18 -70 4 73 -35 37 15 51 61 28 -13 4 -43 21 46 -35 -58 -29 38 81 9 -13 28 -15 49 50 -7 74
-33 -30 -41 -7 -27 -6 -45 -55 -29 -46 -10 -31 -53 -52 -94 -55 -39 -78 64 1 4 -62 -6 29 12 -27 -58 -46 -119 -47 5 -37 -45 -9 7 -31 -60 -49 -29 -126 -9 -34 -87 -88 -82 -14 -77 -86 -88 -74 -43 42 -44 -5 -93 -8 -54 -55 -94 -16 -78 -69 -14 -18
-126 84 94 87 105 49 111 87 122 123 -110 104 88 58 53 58 45 38 111 123 52 52 21 83 64 113 97 81 22 10 20 -127 78 58 56 111 98 104 127 125 -70 41 26 63 19 81 -126 123 74 102 -81 114 54 102 53 44 30 65 49 52 66 72 -126 -124
-41 -47 -26 -6 1 1 -87 -75 21 30 -27 3 11 -40 -12 -108 25 -63 -18 -34 -35 -14 -2 -49 22 -5 -40 -40 -25 -23 -105 -49 -42 -13 59 36 -36 -44 -37 50 67 -67 7 -94 -49 77 -40 -49 -28 -76 -19 1 -21 -61 -20 -31 -74 -53 -8 -61 -84 -27 14 -30
-55 -2 19 0 2 6 37 30 -49 -24 16 -74 10 -12 -10 -1 -24 -47 48 51 6 21 62 11 -74 20 12 44 -70 -37 82 15 44 30 -1 -10 53 55 37 54 -28 -4 -31 -17 81 -38 -27 -8 -7 52 -53 7 66 -16 -7 27 -27 13 29 -50 -52 4 -41 30
-52 -32 -22 -14 -47 6 13 0 -7 -44 11 -2 -4 -64 -32 -72 -35 -94 -76 2 7 -66 -33 -97 -51 2 -4 -21 -10 3 -60 -22 -64 -71 -7 -46 -33 -17 -52 -17 -64 13 32 -76 -14 -54 -25 -15 -65 -82 19 -74 -1 -12 -20 -46 -1 2 -30 -71 -67 79 -23 -23
-31 -103 103 -29 -14 -103 -46 -63 -67 -34 -71 -64 -21 -76 -73 94 -63 -109 -39 -66 -16 -79 -85 -20 -64 -115 5 60 -107 84 115 -73 -31 -108 -121 -92 -34 -95 -31 -96 -78 -98 71 120 -29 -85 -69 -59 -64 -94 -51 -70 -34 -98 7 9 -126 16 -51 -52 -54 124 -65 -86
5 -41 7 -49 -51 0 -16 -25 -44 78 -32 -11 13 32 -90 -22 -27 -83 81 10 6 -11 -8 -55 24 -8 26 -57 35 -27 -76 56 33 12 -57 4 -56 -68 -55 -68 24 -44 -21 -24 -3 -34 5 54 1 26 8 -50 -38 1 -21 -12 9 -49 -80 18 37 -75 15 -34
-63 -106 -8 -10 -25 -49 -49 -51 -54 1 -38 -36 -60 4 2 -93 -14 -25 -44 -64 12 -12 -7 -65 -50 -45 -60 -37 -91 -39 14 -48 12 -111 -63 11 19 -1 -15 -54 28 33 124 -68 -59 -58 -38 -40 -25 -44 40 -72 -12 -7 -74 5 -74 -71 -24 -62 42 -108 31 -48
45 14 9 86 44 47 -93 84 38 109 83 65 39 65 82 28 92 115 45 56 56 32 67 18 5 29 26 -14 51 -111 49 14 51 86 23 41 62 45 56 56 70 100 14 20 52 27 -18 79 -7 56 44 -10 62 42 -9 47 -48 88 67 -128 27 86 83 69
9 -40 5 -59 21 -26 -7 -11 -4 -35 8 45 -15 -19 -4 51 2 13 -14 23 -16 9 -41 15 9 55 7 -1 37 8 57 36 30 35 -19 -43 -36 16 -22 -6 3 20 49 0 -68 15 20 -38 -13 78 20 30 -59 73 -21 -26 -20 47 -19 -19 24 18 -2 35
21 -101 40 9 -26 2 -41 -22 14 10 -21 -30 32 59 -26 49 116 63 -70 -48 -8 -38 -62 13 54 -17 -1 59 -80 21 25 -1 13 45 -18 -33 15 -38 -38 -24 -19 -53 -16 76 23 13 2 46 -15 83 -21 16 -13 -31 40 -59 57 -58 -6 -43 -42 -25 -25 -50
75 73 73 -37 -15 30 45 56 -14 23 57 26 50 55 -11 -11 4 -52 70 43 5 -47 -1 28 57 37 6 36 33 -16 75 55 41 -8 5 -36 23 69 81 1 57 -13 -36 48 26 -32 -10 -22 -34 6 39 42 -23 16 -80 11 62 59 -22 25 -11 26 51 86
55 7 69 -6 59 -9 -43 -75 -2 25 -6 -23 -23 35 34 -45 32 8 -54 -29 -70 -11 46 32 -2 -7 -32 -7 0 -44 -13 27 4 -21 50 12 36 -24 4 -22 -26 55 8 -49 -56 3 43 7 -44 59 49 -8 82 -6 -35 32 -2 -45 11 46 56 25 -4 40
15 58 39 -7 76 -62 3 51 49 24 43 8 36 89 52 66 -7 13 -50 -47 21 32 0 26 -14 -11 1 46 -37 -26 44 29 -66 0 0 81 65 12 -1 50 13 35 61 16 3 81 8 33 -2 43 -10 -15 13 18 15 19 87 -27 57 -6 7 87 11 50
-9 -44 13 30 -13 45 -33 -30 38 -44 10 6 15 -20 24 34 97 -22 -12 -37 8 -7 -4 42 -33 -3 -17 6 -33 -14 74 -19 16 49 -24 4 -7 -52 74 -95 -19 3 -6 -26 -49 32 -80 -1 -21 -2 -22 -11 11 -59 17 51 90 -37 -13 -6 -91 -24 -11 -6
-20 10 -48 83 0 11 20 31 37 83 35 -3 -2 53 15 35 34 41 -48 43 59 -4 17 66 36 10 77 22 116 28 51 70 48 15 34 44 -20 12 40 41 11 37 -26 63 -14 -26 30 17 119 -12 -30 67 -17 -22 11 -61 0 71 -22 -5 8 33 29 52
27 73 -24 -8 -6 -36 14 -51 -79 35 -66 26 -63 -78 -86 7 -12 14 -79 -49 48 -13 2 -20 -20 6 -27 -22 1 0 57 -36 -63 -31 -65 28 -67 -40 -38 18 -14 -17 21 -57 21 19 39 11 -64 -55 -3 -23 0 -86 -32 25 -83 -50 -69 -43 51 -23 -16 -35
-15 -33 58 -114 -50 -29 -100 -6 -83 -84 23 -57 -70 -14 -109 1 -38 -41 -93 -114 -118 -78 -58 -56 -51 -99 -105 45 -47 111 -32 -55 -82 -18 -25 -62 -49 123 31 -73 -70 -59 0 -37 -59 -31 -78 -120 -71 -40 -54 -31 -19 -56 -16 -112 -51 -23 -82 -62 -91 -73 -25 -24
30 0 -27 1 -33 -29 21 -46 4 -64 38 19 8 -4 -10 57 -9 -64 14 36 -12 -36 42 -78 15 18 1 -12 -110 12 0 -16 -7 21 -24 -42 -23 -22 -35 -19 -33 32 1 -15 -52 30 -58 -70 1 22 -6 -33 -96 46 -39 -22 43 -39 -35 64 -48 27 8 27
-23 -29 0 -3 -18 85 44 30 51 25 11 -11 28 3 43 -47 1 -30 9 12 7 31 32 8 -8 -10 42 11 20 -44 -17 -30 -13 33 34 13 -25 58 -78 -21 -31 38 -41 64 -11 14 -23 59 66 -35 -42 44 -34 2 49 -17 -21 23 -38 7 -2 2 16 -26
127 -106 -79 -37 14 -60 -79 -47 -10 -58 -122 -36 1 -60 -66 -44 -91 -20 -86 -88 -65 -112 -10 -69 -87 -8 -111 -47 -40 -127 -46 -77 -55 -62 -16 -105 -13 -89 -4 -33 -28 -116 -8 -76 -23 -36 -64 -107 -78 -62 104 -46 34 -46 -24 -81 -55 -124 -94 -74 -93 -54 123 -38
-49 -72 -48 -63 -5 -114 -37 -81 -49 -52 3 -65 -8 5 -105 -72 -40 -10 -81 -100 -71 -9 -29 -25 -27 -24 -51 -10 -42 -55 -95 -115 -57 17 -55 -53 -41 -8 -52 0 -103 -39 -8 -29 -80 -35 -61 -74 -67 15 -59 11 -36 -57 -42 -66 -55 -57 -27 10 -39 -5 -58 -78
-48 2 -52 -5 -21 -41 -57 -42 -22 2 -26 -1 -94 7 -19 10 -26 37 -48 15 0 80 -37 -13 -34 14 6 59 -40 -2 -30 -56 -37 -24 -73 -63 -51 -16 -8 75 -1 10 9 -10 19 -28 -35 -65 52 10 -80 -51 -39 -13 -69 -70 -36 -28 -5 -8 39 0 14 -72
-88 -128 -48 -75 -121 -36 -83 -21 -45 -61 -53 -14 -68 -21 -66 -8 -75 -94 -27 -25 -34 34 30 -110 -83 -67 22 -52 -46 -31 -9 -50 -88 -54 -40 -33 -53 9 -61 -68 -91 16 -3 -93 -71 -76 -75 -37 -41 -65 -70 -63 -38 -80 -43 -29 6 -52 -54 -24 -30 -71 -35 -115
67 17 81 11 61 99 -19 52 -23 45 26 -30 40 19 46 4 61 112 -35 24 40 78 67 1 4 -1 44 23 3 32 27 8 33 8 31 16 0 -34 24 -15 62 -88 -48 53 -10 23 22 -66 14 -2 15 -48 21 78 -27 31 35 36 56 -5 3 75 -35 58
-10 -15 39 -32 -7 -42 -33 -41 -18 -82 -24 -53 -59 -50 -52 -4 -80 10 -13 5 -79 -78 -36 -46 20 61 -40 -19 -12 -65 3 -16 -55 -51 -27 -51 -7 12 -5 -10 -64 -16 8 -5 -1 -32 -19 -34 -11 -5 9 -48 1 -32 38 -26 -18 -3 -18 -100 -13 -9 -43 -40
-50 -47 -80 -83 -50 -101 -28 -48 -20 -88 -64 -88 -52 -116 -61 -61 -55 -63 -12 -115 -75 -49 -89 -73 -108 -48 -23 -102 33 2 -46 -91 -32 -45 -37 -47 -56 -50 -113 -68 -83 20 -106 -67 -116 -70 107 -10 11 -26 -43 -64 -90 -92 -55 23 -22 -109 -114 -71 -68 -60 -16 -16
40 45 67 28 31 12 43 60 9 111 77 34 58 0 23 25 3 -53 14 -17 -17 23 16 33 -8 -32 36 -2 55 44 -1 23 0 16 44 26 -20 70 32 -6 -35 58 55 -85 -9 71 39 9 46 9 25 4 -18 21 -28 12 70 -50 47 -28 29 90 53 13
-17 -31 -21 89 -85 -15 -11 13 -90 3 -17 -76 -94 49 22 22 51 -49 27 -68 14 -95 28 -22 -12 -83 18 4 11 -24 38 -18 -38 57 -3 27 34 26 68 -54 35 25 -5 20 26 -46 17 -44 21 54 25 -91 26 -13 -80 6 37 -45 -67 0 -116 -78 -50 -32
2 -58 -15 110 -27 -77 -108 -52 -49 -22 -19 -51 6 -58 -116 -70 11 -39 -76 5 89 -90 -62 -38 -93 -43 -28 16 -14 -62 -88 -81 2 -69 24 -43 -43 -4 -60 40 -34 -47 -81 -111 -45 -34 -52 -47 -79 -69 10 -13 -47 -37 -36 -101 -109 -30 -25 -7 -21 -2 -32 -25
55 -58 4 0 -12 -15 -40 22 33 15 35 -19 4 11 31 48 53 -22 17 -17 19 48 -12 6 -4 81 -19 52 -38 2 10 13 -29 51 51 -29 -18 -44 43 -9 -26 65 -12 -43 -30 -34 7 20 -58 42 46 0 29 54 94 -12 -2 -35 1 -20 -5 -50 -106 75
-51 -21 -25 15 45 -31 33 60 10 32 40 17 72 59 -9 36 7 -34 -65 22 32 15 -49 1 -32 -21 49 30 6 65 2 17 -14 7 31 -34 -34 -17 55 -24 30 -20 -6 -54 0 -18 5 -10 -28 -98 -5 69 -58 -8 -2 2 -11 15 -9 -7 -41 27 93 -9
36 32 -59 -71 -44 -58 -77 -65 -29 6 -48 -44 -64 -48 -21 -41 -61 -38 -11 -19 -111 -98 106 -54 -79 5 -21 -67 -41 -93 -96 -5 -7 -13 -57 41 11 -11 -87 -9 -62 -100 5 -50 -107 -19 -92 49 -121 -53 -40 -32 -70 -87 -57 -58 -104 -72 -57 -24 -44 -40 -85 0
-90 28 25 28 10 -69 -20 -53 9 3 35 -32 -54 -18 26 -87 10 -6 13 -15 -48 -29 -22 -74 -18 -6 -40 -83 -20 49 40 39 -58 -38 -75 33 -30 16 -22 42 -50 -45 -12 -14 34 9 -22 62 -66 -79 5 -64 3 1 -29 -20 0 -56 67 -70 17 -1 69 50
8 10 0 -6 68 8 -33 -23 -14 -24 20 6 21 -122 -32 4 -39 -5 41 -14 -8 12 69 31 1 -1 0 -37 -3 -51 -73 -28 -17 35 13 -40 -19 26 6 21 27 -20 -17 7 -21 53 37 5 14 14 -50 2 18 86 -109 -67 -27 -11 -57 49 -62 59 1 19
-2 -53 -10 27 7 -20 31 31 48 8 71 -4 98 -11 3 -49 -20 37 30 -11 -24 -13 38 -79 30 15 -14 -77 22 -16 -24 36 32 4 20 1 -14 84 -31 -8 -4 -10 52 1 -28 0 49 24 -42 10 -9 -62 -52 26 64 36 -35 -12 -23 -71 -73 77 42 48
-72 -49 -69 14 6 -4 -65 -84 -59 -22 -34 24 -111 -7 -12 -15 -29 -20 -53 -22 -89 16 21 -114 -39 -94 31 -57 -46 23 -45 -23 22 -53 -45 -18 -53 -105 10 -42 -73 -57 -111 -30 -22 -77 -26 -30 -53 -57 -51 -24 -51 -27 -94 -76 -19 -39 -43 26 -14 -27 -32 -52
-13 -59 -48 -110 -2 -57 -18 16 40 -10 11 6 -9 -5 -35 -6 -59 -85 -37 17 -35 -35 -89 -56 -26 -15 -110 9 46 -21 -63 17 -78 -41 53 -123 -55 -21 -86 -50 -20 -59 -35 -34 -99 -9 -32 38 -8 19 -21 -84 -11 -80 -41 -25 -8 -90 -95 6 -18 -69 13 -6
-47 -56 48 -13 2 -25 -48 -97 -43 13 -22 21 -18 -90 1 -23 -34 -85 -29 -123 -50 105 -88 -28 -35 -90 -22 1 -94 -24 -34 9 -52 -8 -44 15 -60 -13 -33 -26 20 6 14 -89 -29 22 -63 -73 -80 -16 -46 -78 -2 -70 1 -51 -71 -64 -53 -102 0 21 -26 -57
-1 -14 40 33 49 -3 51 23 61 38 52 37 16 38 71 33 30 50 12 77 -6 121 114 54 112 26 18 43 35 -30 2 75 63 85 -128 40 47 105 15 22 21 125 -2 83 -22 76 68 66 37 8 -11 52 102 31 59 53 10 17 22 68 33 24 65 88
54 -15 -71 27 -59 -102 -1 -31 -92 -22 -28 -54 -69 14 -48 -73 18 -7 -13 -49 0 -40 -24 19 -55 -44 5 -56 63 -66 -83 -77 6 11 -82 -70 -17 -107 -4 -25 -27 56 -62 -30 -88 -90 -6 17 5 -30 -20 -41 -12 -52 -86 5 -95 -36 -28 -13 -10 -95 27 -41
-73 -103 -37 -28 -76 -1 -9 -44 -51 118 -18 -42 -117 -67 -113 -33 -39 -87 -81 -54 -43 -30 -12 -8 -44 10 -70 25 -14 -107 -12 -10 -20 -35 106 -57 -21 -33 -21 -98 -27 -116 -57 -119 -70 -83 -80 -64 -75 -116 -51 -3 4 -59 -66 -42 -118 -2 -29 -39 -41 -100 3 -48
76 -8 -6 -10 84 44 36 37 88 30 47 -110 6 -120 30 83 85 41 59 16 23 69 92 46 68 35 89 1 -11 59 73 105 91 -81 40 17 99 33 100 49 69 16 -30 18 62 95 21 101 29 -6 73 100 -6 45 0 47 112 84 -11 14 60 62 33 73
-120 59 105 3 56 56 65 48 80 113 66 123 79 -13 -7 46 23 81 -4 10 -1 20 84 27 20 -14 42 55 107 75 54 108 95 98 65 65 112 40 92 27 60 1 22 75 -9 81 -28 104 105 -31 12 105 30 56 22 31 13 55 -7 56 45 73 56 55
-44 -103 -38 24 -13 -60 123 -64 -77 21 -76 -24 -98 -43 -75 -96 -31 -31 -88 -99 -86 -32 -75 -76 -86 -98 -33 -58 -64 -35 106 -90 -84 -51 -47 -65 -44 -30 -54 -81 -17 -105 -98 -61 -68 -40 20 -48 -59 -62 -78 -13 -32 34 -56 -78 -82 -70 -37 -42 -38 -17 -18 -35
-15 -65 -5 15 -29 -33 -32 5 -4 -27 16 1 -71 -70 -41 -70 21 -21 -3 -9 20 3 -57 -73 -63 8 -8 1 2 2 -1 -30 -18 -15 -6 -22 -43 19 18 19 2 -31 -47 8 -67 6 -74 -30 -12 -39 -24 -72 -48 -43 19 -15 -15 -15 -37 -51 -53 -80 26 -31
-60 39 -23 -25 -25 -2 -122 -43 -79 -88 -7 -47 -92 -74 22 -61 -109 -36 -69 -79 -80 -28 -13 -39 -53 32 -44 60 -52 -38 -57 25 -33 -55 -45 -4 -7 -18 -43 -32 47 -5 -62 47 13 -47 -71 -90 -71 -100 -53 -41 -2 -23 -80 7 -51 -43 -26 -61 -56 -69 -107 -9
-20 -105 -1 -22 58 -10 -83 -19 28 -6 -20 -58 22 -15 20 9 7 2 -65 4 -17 -11 -4 2 -41 82 -41 -63 -7 -38 -10 -55 41 26 -4 51 6 -33 2 -25 -14 -96 35 28 -72 -35 -35 -45 20 -11 -28 20 -58 18 44 6 -95 -36 38 -8 -49 -8 -29 -7
82 -32 -88 -128 -77 -77 -74 -66 -119 -118 -66 -91 -58 98 106 -96 -78 -57 -41 -57 -106 -74 -32 -43 -18 123 -95 -57 -99 -100 -29 -100 -81 -82 -62 -115 -85 -99 -68 -76 -33 15 -62 -16 -46 -84 -72 -43 -93 -41 -24 -106 -85 78 -54 -58 -50 -111 106 -83 -120 -55 -113 96
-53 -71 -95 -87 124 15 -51 -9 -4 -13 -2 -57 -75 -31 -37 26 -99 -19 -72 -73 -62 13 -86 10 -43 -88 -58 -76 -74 -39 -8 -31 -30 -14 -60 19 -106 -74 -21 -16 -67 -39 -50 -15 -59 -94 -106 -101 -83 -40 -34 -61 -3 -41 -46 -39 -41 5 -59 -63 -44 -18 -67 -84
-17 -40 45 -42 0 2 17 -63 11 -64 -39 -5 -27 -84 -62 -38 -74 -105 -42 42 -24 -16 -13 12 -3 45 -56 24 -37 -97 -13 32 -43 -17 -33 -1 -52 36 48 31 -30 -92 -2 43 -43 -127 -11 9 -53 -84 30 18 -11 -18 -16 -26 37 -11 -44 -46 -92 38 -60 6
116 45 125 59 30 54 81 57 52 29 101 72 65 122 42 74 111 97 20 54 38 -7 51 65 88 -17 58 57 58 34 55 70 64 55 65 58 36 4 33 87 95 -2 109 82 65 51 17 67 12 13 4 48 -11 60 85 73 24 74 60 59 104 63 121 7
-5 -19 -44 -76 -52 3 -63 5 -26 -70 -25 -86 2 -6 -23 -64 -76 -14 8 -44 -37 2 -78 -45 -76 -47 -23 40 11 -31 41 16 -43 -68 -65 -72 -83 -56 -24 -74 -25 -79 13 -78 -55 -49 -55 -68 -49 -88 -55 -35 -27 -110 -10 -29 -83 -29 1 -27 -79 -31 -65 -86
-42 -52 -33 -101 -75 -43 -94 -117 -36 -67 -65 -38 -30 -75 -69 -68 -45 -78 -81 -32 -55 -88 -16 -63 -111 -128 -74 -60 -81 124 -83 -51 -34 -67 -122 -32 -96 -100 106 -84 -37 -110 -59 -67 -65 -105 -65 -70 -35 -93 -124 16 -76 -55 118 -47 -120 -59 -44 -26 26 -28 -53 -60
-5 -19 123 65 40 -11 70 11 98 54 -2 79 1 29 -11 20 -4 -21 51 16 91 -22 63 44 57 45 52 -20 24 -24 52 37 105 4 28 84 -16 60 67 56 94 -11 67 -4 38 53 13 54 20 -41 77 11 -61 10 -20 -2 34 18 -16 70 23 92 52 1
-24 -17 15 -39 -70 1 -17 -3 52 55 -3 -51 -28 -34 -44 -95 12 -61 19 24 -54 -60 -29 35 -31 -33 32 -69 -44 -24 -74 38 -54 -41 78 21 -76 -18 85 -64 -49 26 -58 53 29 -36 47 -100 -56 -56 8 -38 16 -36 -57 91 10 55 -13 23 40 -19 47 -35
43 -62 65 -16 52 -1 -46 -12 -20 -45 28 -72 -21 -22 26 36 68 100 -36 18 -11 -4 60 11 22 -1 -32 41 38 -10 46 -69 47 24 7 -11 1 35 11 -5 21 -10 0 -2 -46 22 -11 63 42 0 7 18 -33 -2 -9 -37 -4 -28 2 -28 12 -18 -50 -18
-35 -58 -108 3 -79 -26 -42 -35 -83 -58 -24 -51 19 14 -12 -16 -54 -80 -45 -47 -15 33 15 -35 27 -38 -79 -39 22 16 -17 13 -108 -82 123 -107 -33 -32 9 -5 -67 -24 -76 -127 2 -32 -17 -13 -22 29 -24 -104 40 -56 1 -104 31 -29 -44 -10 -55 25 -18 -35
97 -80 72 111 29 96 50 96 60 62 -127 116 -115 123 -104 80 -105 77 44 89 122 93 -110 51 70 111 -100 49 112 122 28 112 50 61 50 -28 114 72 119 113 13 104 -109 63 114 -109 -119 -127 125 93 85 87 121 31 83 24 -124 83 -95 41 62 69 79 107
-28 -46 10 -24 -47 -41 29 -33 -44 -20 -38 -31 7 -28 -9 -76 -9 -12 -20 -75 16 16 -13 -44 -20 -22 -14 10 46 -49 -24 -12 -23 -56 -2 4 25 61 5 -6 -55 85 54 26 -39 -17 13 -53 29 -13 -22 -25 -13 -12 -15 8 48 0 -8 -97 -27 8 4 -14
-122 -42 -79 -59 54 -67 -40 -84 -77 -97 -39 -78 -96 -110 -121 85 117 -19 -40 123 -101 126 -77 -120 -78 -61 -82 -26 -44 120 -114 -70 -59 -89 -91 -22 120 -93 -89 -119 -101 -68 -108 12 -23 -69 -52 125 -107 -60 -111 107 -76 -82 -96 -63 -16 -22 -50 121 -51 -107 -99 -109
-30 -23 -50 -118 -37 -52 -104 -66 -73 -23 -22 -57 -82 -52 -38 -117 -110 -63 -71 -30 -3 -6 -35 28 -81 -30 -74 -65 -115 -84 8 -4 -35 -45 -63 -49 -38 -71 127 -14 -31 -28 -64 -15 -16 0 -82 -64 -96 7 -38 -11 -4 -76 -50 -23 -78 -80 -28 -32 -26 -21 -104 26
-80 -62 -106 -39 26 -102 -118 -16 -86 12 -80 -67 -90 -19 -23 -16 -57 -53 -119 117 -40 -62 -5 -67 -54 -25 -3 -46 -56 -16 -78 -15 -54 -13 -8 28 -42 -118 -82 -41 14 -108 -51 -16 28 18 -94 -104 -73 13 -53 -74 -59 -58 -46 -83 -83 -89 -18 12 -88 -110 -104 -79
-42 0 39 85 26 -1 53 -10 -41 -5 55 -18 73 -49 67 32 38 26 -21 49 -31 6 -45 17 -32 28 -26 -63 -22 56 -14 -25 -43 -19 -25 -30 7 -3 -45 34 -24 -16 27 -10 -22 30 45 -7 -47 -33 27 -46 -4 -44 -5 2 -34 31 -81 20 -35 13 38 -78
-64 -4 42 28 27 -12 23 23 -31 -47 37 12 33 42 -60 -55 -7 -36 -18 -20 -89 -86 -44 -81 -26 78 -97 -10 -5 -17 -51 -20 -54 26 -107 -54 39 11 4 3 -13 -111 -82 -69 -28 -7 -11 -4 -43 -29 35 3 -4 -29 -54 -86 16 -33 -72 -80 -61 23 -96 24
-51 -11 -21 20 -30 -60 -52 -7 -10 -16 -20 -31 -88 -21 -19 -9 -20 -58 -24 -38 20 -51 -49 4 -61 -61 -18 -65 39 -30 -99 -45 -32 -52 -48 -56 -18 -28 -33 123 -28 -67 -18 14 29 37 8 2 -55 -30 -20 -42 -55 -37 -18 -39 -19 -75 -100 -61 -4 -15 -88 -49
12 -33 37 -42 23 -94 -23 -33 -41 -32 -73 -71 -2 -43 120 -96 -2 -32 -49 -78 -43 -24 6 -77 -55 2 -17 -46 -17 -37 -41 -45 -3 -22 -60 -94 -27 -91 -74 -11 -35 -14 -103 -47 19 -26 -78 -69 7 -88 -4 -32 -51 -39 21 15 -79 -8 -76 -38 -41 -1 -83 -69
30 -10 -60 83 29 -12 -15 -28 77 23 -45 21 45 10 23 35 20 -25 20 -20 34 68 -8 40 4 71 6 -9 -29 6 -2 42 33 20 -62 11 -9 26 -3 9 11 -41 56 48 48 10 -8 61 36 43 68 25 -35 -34 5 28 -57 -36 10 21 40 41 74 6
-45 -102 -80 -50 122 -62 -104 -5 -118 -105 -57 -90 -45 -109 -106 -89 -78 -74 -118 -43 -77 -110 -97 -102 -61 -52 -33 -10 -37 -38 -96 119 -106 -48 113 -61 -28 -72 -96 -58 -88 -52 -121 -110 -97 -73 -34 -67 -41 -106 -77 -77 -53 -123 -86 -90 -117 -78 -89 106 -36 -61 -127 -118
98 38 29 30 -2 49 -52 61 -32 43 -24 16 11 101 32 107 72 -20 -1 50 -10 9 -32 49 -13 15 -8 50 97 -34 101 7 71 -17 21 59 -8 -1 30 46 33 37 73 46 -30 58 48 61 20 13 20 7 37 -4 37 30 43 62 13 77 -32 -21 49 49
-80 -23 -54 -46 -17 -82 -19 -45 -78 -36 -10 -79 -49 -53 -31 -100 -17 73 -49 -61 -67 -81 -58 -75 -4 -50 -25 -38 -4 -67 -106 -33 -5 -87 -40 -44 -43 -40 -81 -89 -41 -102 -77 -43 -87 -56 -124 -76 -50 -86 41 -18 -20 -45 -67 -61 27 14 -37 -100 -94 -61 -77 6
35 -8 -65 53 -23 48 -59 35 4 -41 19 1 -66 -5 -30 3 59 -62 -6 25 -56 -21 -97 -71 82 -10 24 8 1 -15 16 -58 -27 40 16 27 38 -32 -5 -31 -36 3 -29 32 -40 95 -61 -1 -31 -74 -41 6 -13 2 6 -54 -14 -40 31 12 -4 49 -55 -38
-54 27 -11 -41 -72 -38 -20 -12 -26 48 36 -15 -7 89 7 33 9 59 -7 -20 -33 50 -15 57 -22 -40 72 20 34 -22 25 1 -62 15 26 -22 -62 -46 4 -74 -60 -9 -60 24 -30 17 -26 28 62 -46 -42 -42 -7 54 -6 84 47 -17 -44 7 44 -7 9 -7
76 -12 3 54 -13 -65 28 -4 80 12 21 -9 -22 25 -61 -36 -6 -53 38 -32 11 -23 5 -69 24 0 0 2 -1 2 -43 -86 9 4 15 -10 12 -52 -43 -18 -22 19 -12 -9 -43 7 -1 27 1 -51 -10 -64 -102 36 -34 27 46 -23 -34 -21 -33 5 38 -3
28 12 57 51 28 53 13 12 20 10 2 -20 -44 30 37 -72 -49 -25 52 -50 8 44 112 42 0 34 28 29 90 29 4 -100 -51 -3 -26 4 11 38 -29 55 12 -17 -13 -6 -50 46 -2 30 42 -16 -15 65 -38 14 54 -12 39 -39 -1 55 -24 58 5 -15
30 21 43 71 21 -55 16 -99 50 4 -20 -47 4 25 -13 19 28 -69 7 45 30 46 -86 21 6 2 -23 5 14 32 -38 55 12 -62 5 38 24 -66 24 -27 19 29 -31 37 40 -1 -14 24 -64 1 83 13 -52 23 4 55 -55 34 -88 -4 -25 -20 69 -73
-15 -29 8 -12 -14 18 -20 -75 43 -56 24 22 -14 -60 40 -6 -2 12 -4 25 27 1 35 37 -9 -21 46 -62 -11 51 20 9 -28 -24 -11 -12 11 87 -28 6 2 -28 13 -59 -36 -93 -7 6 -9 18 -36 52 -81 -54 42 4 -11 -11 -54 -47 11 30 -18 -2
-21 1 50 -52 8 -24 -110 11 53 -31 -16 -26 14 20 -40 -5 12 6 -38 81 -26 38 -24 15 -22 11 17 -22 -7 -31 -10 2 -59 -53 18 33 48 51 105 -7 -35 -7 -16 -17 -16 -31 6 10 -42 14 -58 62 -32 -46 20 -37 68 47 1 5 8 6 30 -30
-22 -3 10 -37 -8 -20 38 -15 24 -18 42 15 -24 64 -10 -2 1 56 16 -9 32 7 5 33 13 10 -29 -5 55 23 22 41 -28 -17 -44 -7 1 17 15 29 56 23 113 44 47 31 82 -20 5 -46 1 53 38 65 68 -4 -5 -65 -6 4 -30 65 57 -73
-91 72 92 96 116 127 40 68 47 14 -86 22 -119 -121 49 100 46 44 90 83 126 44 -120 14 82 44 15 113 94 47 -5 34 36 86 88 70 71 50 66 54 102 75 121 59 39 89 10 63 86 64 49 54 -5 111 75 21 35 68 33 87 71 34 49 27
-3 48 102 17 -47 45 78 10 40 -50 -24 20 -8 80 0 -20 -4 115 -24 -12 -9 30 57 -32 32 -3 21 16 46 8 39 -14 3 -4 -21 -23 81 74 1 -28 77 88 -53 69 -20 -96 -18 38 -38 -30 10 7 26 33 71 30 0 27 -36 72 2 -36 -10 -17
23 -35 -23 -42 7 7 5 -25 37 -4 19 24 -18 -48 -3 -23 -35 -22 -19 0 -34 36 -29 9 34 70 -40 -2 5 15 7 -5 42 115 0 10 -9 0 4 67 -2 -27 65 -7 4 80 20 83 43 18 10 -34 -43 53 -39 -90 27 22 -36 6 93 71 -56 37
15 25 -20 44 -9 31 -32 41 -20 -13 0 43 37 63 25 33 43 56 40 54 -11 41 31 41 11 40 33 34 -32 -19 -58 89 -27 -45 28 9 -36 51 -41 79 -28 62 53 19 30 -39 -46 13 22 -53 17 77 48 3 -28 6 -14 48 -16 74 53 20 14 36
-107 -87 -100 -51 -92 -89 72 -91 -95 -77 113 -54 -86 -74 108 -122 -72 -113 -52 -72 -10 -76 -90 -98 -121 -83 -119 -100 -4 -46 -106 -107 -116 -71 -101 -94 -40 108 -46 -92 117 -57 74 -100 -112 -113 -73 -85 112 -113 15 -127 -71 -116 -101 -11 -43 60 -95 -111 60 -103 -24 -83
7 4 -24 -15 17 25 58 40 -101 -43 41 -47 -45 -77 -5 -54 -47 -54 -46 -76 3 22 -53 -22 -25 -35 -19 -54 -81 -81 -33 -15 -19 51 28 29 10 -40 -78 13 2 4 -12 -19 43 79 -72 -50 -66 25 -4 -46 15 -34 -68 4 -50 -2 -101 13 -38 -36 -36 -37
17 50 83 -115 25 72 64 97 55 20 71 118 114 94 4 110 90 -128 93 96 84 116 107 6 -115 97 42 -127 55 103 125 73 97 27 60 91 101 65 76 65 74 116 47 85 98 -109 100 -9 51 113 87 59 68 48 106 77 -55 81 86 67 84 74 42 90
-11 91 -26 80 -119 27 15 87 66 114 30 62 29 52 58 -4 82 21 81 78 -33 20 69 9 -1 75 44 100 24 82 14 -3 28 33 69 109 126 -56 33 68 10 33 32 12 82 124 74 70 35 87 23 33 98 90 72 3 -13 14 55 54 15 85 19 47
10 15 3 19 67 15 0 48 10 12 -22 73 -30 -29 -13 126 -4 60 -80 4 15 -38 12 23 -18 -49 61 -12 -43 -37 5 47 6 11 -18 41 43 -9 27 56 39 -7 71 53 25 6 6 21 8 12 55 65 7 69 -2 49 -6 -3 13 -17 -33 -7 -28 55
-25 26 -19 85 23 16 -2 81 10 94 28 29 79 24 -7 23 41 41 65 44 -8 33 99 27 -28 25 31 46 78 -24 63 -23 16 37 27 94 67 4 2 6 41 -2 7 73 -26 29 7 -6 -6 -60 118 -28 -15 18 19 62 26 57 -4 6 4 -96 -13 -13
-8 14 26 67 32 -27 -5 16 43 41 65 67 -54 66 -34 17 85 18 33 56 70 -53 4 44 -8 60 -70 -81 35 28 -33 44 32 -28 17 -1 25 -19 11 -32 26 72 67 -37 46 19 -11 75 -20 -50 3 -35 12 1 -55 -19 6 75 -19 -48 16 -45 14 -37
0 57 33 45 66 44 34 43 82 34 -31 30 53 36 33 38 42 58 -70 23 51 -9 51 55 50 40 43 117 0 30 49 89 101 26 55 91 11 53 43 -108 108 13 61 61 65 38 42 40 83 75 105 68 49 56 -126 72 49 65 70 37 37 31 51 46
20 -7 12 -22 43 -34 -20 30 -25 -43 -53 -45 -25 46 28 -15 -43 -58 44 30 -10 41 40 -51 -10 37 40 -14 -4 15 -65 33 12 6 -31 6 -30 -55 10 11 40 67 22 -31 41 -4 18 -32 41 52 30 -53 41 14 62 -6 39 48 8 26 -34 18 -64 25
68 58 78 59 64 14 109 109 13 -15 93 85 44 43 77 91 35 71 52 -107 54 -125 29 24 50 83 118 71 24 19 38 69 60 36 72 -11 61 26 47 11 3 13 38 5 61 80 57 -19 39 6 72 79 81 53 53 126 63 87 33 61 37 33 91 33
-28 -10 -27 55 -32 2 -2 -17 -18 30 28 36 79 -9 -40 -69 7 72 -9 13 -4 70 -18 -8 -36 23 27 -1 41 -35 96 29 20 -30 -11 57 5 -40 -2 52 29 72 -18 31 -11 37 16 -8 14 33 7 -21 -21 -29 -8 48 -5 -6 6 43 76 -21 -39 -24
-82 -119 17 -70 -72 -77 -42 -74 -68 48 -71 -69 -80 -40 -55 -44 31 -36 -62 -27 -73 126 -104 -49 -77 107 -79 -65 -42 35 -82 -34 -55 -14 -36 -38 -88 -65 -50 -70 -43 -27 9 -72 28 -62 -96 -69 -24 -111 -41 -66 -64 -35 -99 -37 -92 -22 -53 -68 -84 -56 -97 -92
118 18 53 -39 25 65 31 34 14 51 88 20 -9 52 -3 29 31 49 70 -41 -23 -43 49 18 -44 36 20 17 102 18 50 52 -13 54 30 49 15 -31 24 27 60 18 -14 64 -45 -17 68 -11 70 54 42 48 -77 16 30 55 46 10 -30 73 78 8 -90 28
25 0 11 28 -4 62 5 56 45 35 48 13 112 1 61 119 -3 64 122 -113 22 82 30 -60 -18 54 39 67 3 -1 63 37 17 7 37 30 18 67 -26 98 90 -8 29 68 39 10 17 15 33 118 34 -7 6 -12 54 14 -1 -9 72 63 -40 35 5 75
8 71 49 -1 50 74 6 62 57 -25 3 83 44 19 -2 47 56 51 41 28 27 -43 48 -30 96 43 3 60 6 -5 76 48 119 7 32 91 -56 51 -5 15 0 71 14 92 46 19 72 97 -11 43 65 113 55 64 66 40 19 35 61 17 72 28 16 8
-13 11 5 -64 14 86 26 13 -15 -4 63 5 47 -58 39 40 -6 21 -63 32 35 -58 -93 30 -45 69 -26 -17 47 14 3 42 19 -36 41 -26 -24 -26 -22 -1 -25 -17 74 -16 37 10 -26 13 -63 -8 18 -7 -21 35 56 -40 -65 14 -9 -69 51 -20 -31 -70
22 25 36 74 76 27 69 -4 88 69 43 8 46 6 1 -1 -14 49 83 60 42 46 62 45 7 38 37 -12 -63 68 42 6 69 55 -16 5 48 66 24 69 0 -6 15 -10 67 2 16 25 19 63 16 24 -7 33 57 78 70 64 44 60 62 19 -31 48
19 54 -34 -16 -13 -46 -40 -3 -73 45 -33 100 37 95 17 62 -43 28 -14 43 35 36 -51 42 4 -27 23 43 22 16 23 28 49 35 26 24 20 6 77 -4 55 85 10 7 -15 12 -27 -10 62 60 32 36 11 5 -31 6 29 -41 -4 -9 -49 25 27 61
45 85 0 13 -29 -50 12 3 -1 -76 2 -35 -31 4 -45 -2 23 8 -31 -5 -6 -1 -29 35 -2 13 -56 11 16 15 -61 20 28 -42 -16 -10 -36 -63 7 19 -46 16 -33 -24 -50 -52 -5 31 -8 -8 -26 -5 41 -48 -11 -2 24 41 12 19 -26 -12 -33 -65
-114 82 79 75 -113 -115 -124 126 114 74 120 -77 24 67 41 74 111 110 -128 94 94 30 97 96 119 -112 -86 61 56 -113 122 83 108 -122 43 99 96 107 -120 -128 -103 61 68 51 102 53 82 42 41 68 105 100 78 93 21 122 95 62 68 105 -126 113 104 103
16 47 2 54 88 53 97 6 -43 29 34 38 4 86 -5 -14 33 29 9 44 -6 77 76 42 -11 -19 26 27 60 -76 40 74 -45 25 96 14 -5 34 83 43 -32 -13 12 71 49 24 97 28 1 -1 34 1 57 42 6 -17 112 43 11 58 27 -8 69 39
-54 21 32 1 58 -59 23 49 -58 -80 1 -33 -12 19 12 -3 -47 -2 -39 17 27 -51 60 -23 1 -22 -61 91 21 -32 7 34 -62 38 11 2 -40 10 -25 -66 27 33 37 15 -21 85 20 86 -59 40 -20 -42 -5 -76 26 -17 103 62 16 48 2 45 16 -52
-9 -7 -51 -22 -22 -12 6 -24 -74 38 -19 -42 -70 -39 -10 -25 -9 -31 -90 4 -12 -49 12 -51 -35 -49 -67 8 -10 41 -6 -21 17 53 -79 3 -37 -74 11 -19 -25 -86 0 -17 -29 5 -68 4 -82 -55 -12 30 124 -49 37 -46 42 -38 -7 -15 -57 -27 -22 -32
17 110 15 74 28 21 35 84 27 -16 50 32 87 -15 -12 35 106 91 28 -6 47 72 127 -31 30 82 23 -16 28 10 -50 80 78 76 7 -3 32 61 27 64 28 -8 12 84 63 50 20 29 -52 91 39 57 82 22 -4 31 45 15 -53 22 28 17 78 46
51 -12 68 -6 -3 22 21 -42 59 -115 0 111 87 -101 -15 -63 -8 -5 8 -63 -31 -29 -92 9 -13 79 -23 -26 24 -82 25 -9 38 -67 51 47 38 -6 34 -69 28 -49 29 1 -87 -54 41 59 -19 -17 -15 -38 -89 11 1 62 -9 -23 -7 66 8 12 -22 63
-119 -4 3 12 34 14 80 108 -17 -90 -28 -61 16 -23 -47 -35 -39 -43 20 -73 40 15 9 59 16 -21 -11 -43 -8 -33 -10 6 -19 37 -38 49 -48 40 27 3 -52 28 -13 114 76 54 -47 -38 -19 -10 -29 -11 -49 -54 61 18 66 10 40 27 -68 -21 53 -17
15 38 36 126 85 13 119 31 3 6 53 53 36 20 5 -9 31 15 81 63 -2 99 52 28 87 -10 77 125 74 90 6 88 80 6 104 93 47 23 49 73 -24 66 60 98 7 74 73 15 52 65 60 13 7 86 -13 -2 49 56 88 54 55 82 -18 34
42 21 30 -20 -19 93 61 -77 99 53 6 -6 62 -63 -1 15 23 -43 -82 32 0 26 29 33 -27 -41 -10 34 -11 73 19 30 105 -23 34 58 12 -9 -22 28 29 -63 -38 43 5 -47 27 18 -5 -30 38 83 45 41 30 46 12 -37 -1 12 57 -17 37 -10
-57 118 -58 -47 -23 -102 -60 -66 -9 13 -11 -60 -51 126 -42 -29 -82 -28 -21 -60 -31 -98 -7 -36 114 20 -54 -76 -108 -46 -12 -80 -109 -48 -41 -11 -97 -95 -11 -57 -102 -87 -115 -52 112 -36 -19 -52 -39 -65 -52 -86 -125 -77 -2 -103 -30 -72 -102 -63 -15 -42 -47 -40
10 93 51 91 31 19 68 101 -17 53 67 52 30 17 30 33 52 4 -15 47 49 79 70 66 51 49 41 75 -42 -36 -48 30 46 26 26 57 60 49 110 21 -30 36 110 60 18 50 68 69 -40 16 26 -40 69 40 37 89 52 66 56 33 54 25 41 -2
-93 12 33 -26 -16 -43 -36 34 -31 -91 -30 -19 -63 -3 16 -22 -28 -25 -35 -41 -24 5 -28 -43 -101 -93 37 67 1 -94 -76 -29 -75 -43 61 -4 -111 -24 -29 26 -14 25 -58 17 -1 -53 17 -46 -114 -40 -20 -20 -49 -15 -27 44 31 -20 -70 12 -122 -107 33 -45
42 -39 -13 -16 18 -58 -26 -91 47 -59 -33 -81 -17 -72 -85 -34 25 12 -5 -94 7 -5 -23 -44 48 -16 110 -2 -18 19 72 -55 73 -13 -18 27 28 -19 -49 -12 -20 -23 -25 13 -21 -44 43 -43 -37 7 27 -71 -2 -21 -44 -23 6 -36 -38 37 -32 4 -37 -23
89 35 71 1 106 38 47 65 48 53 -15 54 101 -10 -15 59 -11 -1 -57 -30 21 -65 -28 12 6 19 45 -39 -26 33 -4 -55 55 1 84 30 20 19 111 14 110 28 2 -31 -66 -48 -59 48 29 38 27 62 -45 44 -20 14 -34 31 4 7 -53 14 73 51
7 5 -26 -57 -50 -71 -27 37 -31 -45 -42 -43 -36 -67 3 44 -34 -17 -54 -76 22 1 -59 -7 -36 -35 13 20 -29 -55 -21 12 -2 -99 19 -46 -55 16 -38 -36 -79 -73 -21 -37 19 -25 24 -64 46 36 -71 20 -26 -37 2 -8 -41 -90 51 7 -6 -75 20 7
-27 11 -40 32 12 -74 38 -58 27 25 25 -24 22 -8 -41 -11 -18 -45 -2 6 -71 -36 -2 -60 14 -41 -36 -21 24 -51 -43 -48 11 -13 20 -26 5 -30 43 -48 -15 -19 -62 8 -51 22 77 49 -5 -69 -29 -15 -28 74 61 -43 -91 16 -8 44 -14 18 66 -75
-13 -71 52 -35 -3 -104 -122 -57 1 -24 -57 -82 -26 6 -34 -5 -44 -71 -29 -20 -54 -68 -97 -39 -43 -55 -67 -64 -79 -42 -6 -121 -68 -63 -70 -17 -59 -37 -79 0 -32 -91 -62 29 -51 -118 -60 -79 -46 -48 -75 -60 -39 -37 11 -40 -117 -37 -28 -78 -67 22 -20 -93
-19 22 29 72 54 14 -8 10 -16 52 59 -10 -40 28 23 54 -8 -7 5 2 76 11 7 -2 40 14 46 23 -31 58 29 28 -39 5 -4 19 -40 7 26 6 -10 21 -52 25 49 -2 24 20 -44 -8 18 28 -46 92 -24 -42 68 108 6 39 31 -22 -12 37
-39 2 -9 6 -9 -19 53 -12 32 0 35 -26 -40 -68 -90 -31 -17 -11 -72 -31 -31 -16 -26 26 -1 -36 -56 -27 -7 -60 -13 8 -93 -39 24 -21 -21 -89 -25 -16 23 -35 -45 51 -8 57 -9 -36 39 -56 -17 -35 -91 -47 -28 -32 -30 6 -4 20 6 -61 36 3
1 7 46 14 -21 -19 -22 41 13 -60 27 -23 -17 51 -32 -53 4 49 -48 -1 -1 -13 -9 -54 -83 20 31 17 79 30 8 7 -28 5 93 -50 -10 77 44 -50 18 36 7 63 -41 -82 -10 3 -14 18 4 28 -10 -11 -25 -26 -20 26 1 -9 -81 15 -36 -20
46 56 3 84 19 29 -15 52 -34 74 27 47 -8 22 -39 -10 -9 -19 -52 17 -42 16 4 27 4 -39 70 -125 -3 64 9 29 22 83 -20 -6 26 52 16 29 -105 -15 41 50 -46 17 -19 -29 12 -28 91 59 -5 -11 -31 -19 -22 51 8 72 47 76 -8 28
84 49 -44 -51 63 45 71 -11 63 26 57 36 54 -11 23 24 -17 93 16 61 110 59 106 67 33 27 3 81 72 61 49 77 102 35 -22 68 49 11 30 88 32 105 52 62 35 53 47 53 116 82 -37 50 56 92 123 47 86 95 112 124 51 74 6 39
37 51 28 -6 -57 -4 0 -17 6 -82 -44 50 2 33 59 -13 38 44 -84 53 4 18 121 33 3 -21 32 90 45 53 35 27 44 -46 -58 -49 -72 22 29 37 -1 68 -55 49 -7 -36 23 -7 47 67 58 28 2 3 -41 24 -42 46 95 -11 21 48 -27 80
-21 -33 5 -34 27 40 -58 19 -1 20 7 9 40 -5 9 22 -30 -16 -53 16 5 -22 3 16 -62 39 -3 20 10 4 2 72 15 21 -25 -6 -39 -19 -50 7 1 -22 -33 -21 11 -13 -7 -36 -14 -30 2 74 -66 17 8 -64 -33 85 26 -33 -35 29 -65 25
-26 -38 72 28 52 7 55 111 84 29 46 16 45 9 82 -33 56 83 92 41 88 32 -16 30 44 37 41 53 68 33 34 75 89 -20 60 79 58 86 -4 50 63 9 3 12 8 39 32 24 40 23 4 67 44 22 74 42 57 6 -35 -12 11 -40 66 78
21 -48 -11 -5 -27 -25 -1 -11 -34 -80 15 -3 -53 -88 -42 -22 -83 -65 -39 -76 -44 -49 -61 -62 -33 -4 -48 1 43 -52 -38 -29 -27 15 -66 33 18 -13 -41 1 -46 -59 -21 -19 -15 4 3 -28 -8 -34 -29 7 -19 -55 29 -44 9 -9 12 -5 47 2 8 15
-99 7 -46 -12 79 17 -110 24 -43 -40 9 -19 -104 -60 -88 7 -39 -15 -40 -38 -56 -60 -67 -37 -86 -36 -57 66 16 -26 -53 -55 -19 -37 1 -31 -4 -25 -56 27 -22 -17 -35 -30 -85 -55 -43 29 -21 -41 -69 -48 -67 -112 -20 -89 -18 -33 -49 -40 -30 13 -22 5
-72 -95 -125 -106 -64 -102 -61 -87 -91 -119 -98 -77 -113 -97 -122 -121 -65 -48 -116 -112 -99 -64 122 -108 -5 -91 119 -74 -107 -98 -29 -66 -70 -98 124 57 -99 -81 -57 -115 -92 -55 -30 -65 -36 -57 -100 -42 -50 107 97 -114 117 124 -61 122 -46 -117 -90 -124 -115 111 -96 -79
-65 -39 11 0 -22 -45 -45 -55 -47 -2 -72 62 32 25 -5 -29 -28 36 -64 -25 -13 45 -73 10 -35 11 -27 -54 -53 -46 -65 30 54 -6 -12 -64 -22 -53 -58 22 -79 16 6 -39 -85 9 -14 -35 -45 7 -97 48 15 -17 -45 -51 -71 -11 -26 -99 -17 -27 -13 -13
6 18 54 51 28 48 6 57 26 37 115 25 92 -85 11 1 38 30 98 15 36 -48 11 20 92 -61 102 78 57 68 68 -11 36 35 2 -7 -9 85 -40 52 49 -30 -8 54 37 42 121 35 -123 -25 26 74 60 -2 45 12 70 7 20 12 35 -71 59 70
107 55 -125 61 53 106 -34 57 76 25 -8 -7 62 111 55 90 48 9 59 24 56 -104 86 85 -116 67 -123 49 88 75 33 31 118 55 96 95 60 110 31 38 -115 30 50 51 -114 59 81 -125 69 -116 81 73 26 102 49 68 58 39 38 69 29 -119 94 118
-62 32 -18 -5 33 21 19 55 3 -21 53 -12 5 -10 -26 -49 -39 -71 11 -105 -4 -13 -12 69 32 -28 24 -4 -43 -43 16 12 -55 -10 -103 -2 -52 -18 49 17 -18 -42 -69 -72 18 6 -27 10 62 -39 -37 33 -38 4 -65 19 -32 1 -77 -30 -1 28 -67 -34
-57 70 -23 -39 -82 -6 41 -59 -95 -36 5 -35 -35 -55 -55 -16 -35 -19 -31 5 -57 -21 -40 -84 -32 -9 17 -38 -76 -17 -45 -33 -55 -54 -6 39 -6 -59 17 27 -21 65 -66 19 8 -56 21 -45 -33 -34 -27 -50 -53 1 69 3 20 -5 -14 94 -37 12 -60 3
97 27 37 55 76 79 42 81 90 1 64 66 1 29 88 39 84 28 40 32 104 73 -4 68 112 -20 91 56 62 100 2 104 12 76 58 31 91 62 -6 66 119 97 69 110 24 -33 90 89 -124 82 -42 97 39 41 -6 32 55 54 6 34 64 91 114 40
72 83 58 58 93 120 122 101 59 122 5 101 111 89 58 41 -101 -6 67 57 -32 0 52 82 -106 94 75 59 37 53 35 66 3 94 43 116 75 -26 -114 84 34 13 67 98 93 76 -106 66 23 13 110 86 114 25 -23 83 108 82 81 84 67 81 26 28
23 120 116 80 80 50 109 41 117 98 52 66 109 62 40 69 38 102 61 96 -9 28 65 30 43 78 80 73 126 100 76 -1 48 75 40 30 53 93 108 83 96 67 73 79 33 66 80 51 -15 89 87 65 118 75 56 15 115 56 63 44 127 68 48 100
31 -13 14 -88 27 -56 29 2 -25 -80 -62 -19 -121 -54 -36 -78 -82 -15 -22 -9 0 -88 -70 -12 9 18 32 -41 -35 8 32 66 -18 -10 -45 -119 -94 -65 -53 -58 -37 -32 -47 -36 3 -67 -15 -52 -51 -52 33 -63 -74 -69 -80 7 46 0 -41 6 -17 -27 -15 -30
52 19 -34 -61 40 3 -82 -40 -20 -21 7 -118 -27 3 44 -23 11 -31 -85 -28 -86 45 -29 -12 2 -28 4 41 2 -71 -4 7 -28 69 46 -37 -12 -87 -23 32 -41 13 21 -37 16 1 -13 14 -32 30 -3 -64 -94 25 -67 -8 -8 -56 -50 14 32 -6 -3 20
-8 35 38 -13 5 -27 29 -24 -6 29 48 -14 -15 37 11 -44 -21 -3 18 -87 -2 -29 2 49 -83 11 -64 0 -31 -105 -30 24 -32 -8 4 8 -28 8 -5 -38 13 40 -19 4 -29 20 -32 57 -10 80 9 -65 -49 -1 -3 -1 -76 -33 -67 -4 -59 12 -7 1
0 17 -38 -37 127 25 -72 -11 -40 66 -37 -7 13 59 48 33 -6 -24 16 15 -48 37 -5 1 8 -7 -60 -32 -10 -62 9 -55 -25 -81 -5 95 -10 -12 13 19 33 -15 -74 -9 -14 -33 7 11 -33 7 -3 44 70 21 -49 -8 -5 -13 16 15 -11 20 -32 34
58 -111 62 18 -122 101 28 -124 86 -5 107 32 126 49 61 59 -89 40 83 -127 46 65 99 59 117 -91 50 92 101 85 19 56 10 78 63 52 -90 71 -25 29 57 109 -34 85 65 20 110 92 109 -23 103 115 81 70 12 102 -12 68 67 95 62 43 -113 52
-28 -55 -17 10 -7 -55 3 -18 -36 -21 -96 -66 21 -72 10 28 -79 -71 -43 -69 -13 -60 -21 -43 -24 67 -46 -62 -84 3 -73 -68 -8 -21 -18 -86 -20 37 10 -34 -60 -38 -19 -51 -25 -50 -33 3 -43 -78 33 34 35 -7 -3 23 -29 -32 4 42 -57 -30 36 36
36 61 74 34 50 44 -31 -34 35 58 64 121 71 85 54 16 98 89 54 -35 80 57 116 -123 84 4 68 25 56 18 122 6 96 19 1 45 22 -24 59 111 36 45 10 34 -2 21 37 41 95 26 10 94 65 -3 2 35 3 28 40 -23 -26 34 73 63
-100 -107 99 97 -114 106 -107 107 -82 -66 124 107 28 -98 -49 79 123 -124 -43 91 -99 84 89 -10 79 126 -108 -113 -46 105 51 -122 85 90 121 76 111 -116 64 118 -117 -89 -112 82 -26 -128 60 80 -96 79 -115 -40 -98 -62 -102 81 124 -115 -123 -100 -82 -104 119 -124
-2 41 107 36 88 2 104 105 4 26 34 68 30 85 70 64 105 79 51 29 48 -22 97 51 113 55 55 105 27 -106 95 23 -123 22 34 30 74 118 109 25 86 98 113 12 -50 82 70 71 35 49 -95 28 77 68 2 96 120 59 14 23 63 104 -115 37
99 64 59 113 87 14 13 97 67 -10 90 56 55 57 92 -118 106 92 -59 -107 87 -19 104 53 30 87 36 55 19 83 92 3 -12 -26 54 86 120 37 23 -15 28 57 49 -71 -4 5 -125 81 72 122 78 48 29 52 14 54 15 94 75 102 36 79 36 47
-12 8 -34 26 26 12 -68 -1 -26 -5 -54 -1 55 3 -65 -27 -14 -64 23 26 24 -27 22 25 -50 -77 37 30 39 18 39 -45 16 -17 -48 90 -47 -31 55 -27 -29 -22 -21 -21 -39 -91 -13 -46 -52 -2 19 -22 -36 -2 -60 41 4 5 23 -5 5 17 -6 -48
-123 124 -116 91 44 -122 -95 83 119 -96 89 -113 101 -109 -95 -99 -57 124 -103 119 101 -97 -121 -95 -98 39 75 45 113 122 -90 107 114 -85 -92 -21 110 -103 -83 56 -110 -85 -44 96 -124 -114 -111 73 -128 -114 -123 -120 -124 111 -123 101 -85 124 117 -89 -118 100 -99 -113
12 -54 43 -25 68 8 0 -15 -11 35 -27 15 6 12 -62 -40 2 -23 -20 17 31 26 10 -14 -6 26 -19 -18 -41 31 45 100 13 -16 36 51 -87 49 17 -27 52 2 107 -12 11 -92 10 41 -7 28 -5 27 72 -15 -60 14 -15 -2 26 -30 19 76 -36 54
39 -40 -118 -40 -15 -61 -25 126 9 -19 -79 -47 -64 -35 -85 -85 -77 -58 -11 -29 3 -57 -37 -79 -19 -19 -27 -21 -91 -65 -41 38 38 -88 48 -20 -51 -61 -57 -29 -11 38 -44 -70 -18 38 -21 53 19 -70 -57 24 -50 30 40 -67 33 -120 -70 4 -9 28 29 -46
-43 -53 88 -44 -32 -10 -86 -46 -2 74 -28 -22 -7 -18 -12 53 -25 61 -99 51 -29 10 27 -39 24 39 16 -43 -73 -17 -50 -21 36 -11 -41 14 -74 -41 -54 -18 -44 -95 16 114 -28 -42 -47 19 12 -77 -46 20 -32 -9 -12 18 8 -61 9 -71 37 -46 -43 -33
-6 -78 -11 -96 -40 20 -82 -72 -47 -38 -64 -68 70 -15 0 -2 -56 -87 -29 -76 8 -7 5 7 -28 -23 -27 -89 -90 -67 1 -16 -57 -27 -85 -37 -17 28 -26 -92 -87 -32 78 -10 29 81 -48 9 -1 -9 -105 -14 -61 -34 -49 -13 4 18 -100 -109 -8 24 -19 -13
-45 8 -30 -7 70 -58 -6 -35 -10 -72 -42 -33 -48 5 -40 4 7 -36 48 26 11 -12 -4 12 -31 13 -69 -41 -49 -36 -82 -62 -51 -49 -22 19 -43 -1 9 27 -106 36 12 -67 -101 -2 -83 14 31 -31 -12 -8 -26 5 -92 -41 -61 -101 -86 6 -96 9 -46 -98
-93 -39 -15 -79 -66 -74 -113 -76 -62 6 26 -22 26 -30 94 -67 112 -46 -75 -97 -80 -12 9 -51 -76 -10 -46 -44 3 11 95 -57 -100 -101 -64 -61 -41 -94 2 -15 -19 -5 -15 -28 -93 -57 -61 -72 -75 -39 -74 -37 17 -46 -47 -22 -47 -35 -71 -32 -58 -46 -73 -63
52 93 5 -32 44 33 68 121 29 58 35 -35 15 -45 -15 -78 28 -10 40 -47 -2 61 13 43 22 3 52 8 72 27 25 42 7 -12 -47 66 1 76 -3 -21 -1 93 13 15 54 1 91 27 -2 19 82 40 -24 -2 119 51 -92 41 66 -1 38 8 0 -17
41 25 8 50 56 58 63 36 46 105 68 4 55 35 -45 49 104 41 29 51 109 82 57 16 65 7 13 52 61 43 50 72 -116 25 78 41 54 30 67 97 84 42 23 23 67 10 82 -128 22 27 15 68 10 109 66 114 80 51 117 -111 -124 58 90 25
-2 -68 -2 -21 -3 30 -17 -27 -33 -56 25 93 1 -52 -75 -14 43 87 -33 9 -42 4 -64 -10 6 85 43 38 8 -4 72 19 43 -12 29 3 -87 33 -12 49 5 25 -37 12 -47 -49 -35 31 54 -63 -69 40 -6 -58 -3 42 -2 3 -23 38 46 -64 -115 -71
-30 -30 -70 -72 -24 -50 30 -66 -30 -117 -106 -115 -103 -32 -52 -34 -84 -12 -125 -25 -97 -83 -79 -25 -3 -67 -80 -103 -78 -84 -84 -42 22 26 -63 -82 1 6 -1 -116 -34 -34 -44 -91 -44 -31 118 -44 -42 -52 -91 -126 3 -53 -87 -67 -97 -17 -56 -7 -22 -96 14 105
59 -13 25 45 19 -36 12 30 31 4 39 16 -40 -21 61 4 67 30 -20 73 -73 -17 -23 14 -41 2 -7 15 31 -30 29 15 -11 -6 7 25 21 41 0 30 67 -5 70 47 -24 -38 31 40 -2 24 20 -20 46 -14 -43 6 -19 92 40 19 32 -50 34 26
-63 67 -63 -5 124 45 -71 -73 22 -4 28 -45 -31 31 -36 6 -44 -67 -16 -84 15 -88 -14 38 -3 -32 -30 64 -32 12 28 48 -73 10 -17 50 -5 67 3 12 34 21 37 -18 12 -28 28 -45 -2 -4 -3 -21 -14 2 15 8 -26 -32 -28 -23 -67 36 -59 67
-123 24 -50 -90 93 -50 -90 -40 -113 -75 -119 -73 110 -109 -115 -61 -86 -81 -81 120 -54 -105 -128 -87 -76 97 -10 -39 -74 -72 -115 -76 -68 -26 -86 -111 -109 -36 -68 -97 -99 -82 -86 112 -82 122 81 -72 -103 -70 -109 -83 -124 -60 114 -110 -40 -84 -84 124 -73 -87 -71 -92
70 23 -24 -77 17 -18 34 -46 66 32 -47 43 54 27 -51 -37 -35 9 -3 53 -15 9 -8 64 -20 45 -38 36 18 27 31 -19 -31 -11 35 -12 33 1 31 -17 -27 -29 29 25 12 -13 -6 -3 23 54 -23 -10 36 33 34 -24 20 40 72 -8 45 0 8 45
-9 36 11 -59 123 -38 -31 15 -36 -27 -28 26 2 -21 -15 -25 -50 38 27 -40 -90 -31 -44 -63 -2 -17 -33 -21 26 8 39 -31 -15 -106 -5 66 -38 -18 -38 60 -57 -32 -47 -33 -33 -44 18 6 -72 -30 2 11 11 22 -13 -88 -1 -71 14 -27 -24 -53 -115 8
-27 -39 8 -29 -10 39 -83 -75 -15 -19 -35 -7 -50 -78 -28 -78 -16 -50 2 -91 19 -38 -28 -23 20 -114 24 -12 -75 -90 -53 -8 -47 -112 -55 -80 -43 14 -68 6 5 -50 37 -38 -22 -78 -52 9 -42 -59 19 36 0 -48 -39 -14 12 -13 32 -127 20 27 40 40
39 -24 -1 19 -21 -9 -24 24 -13 -30 8 -3 68 46 35 -53 -32 37 8 0 -33 -3 40 32 6 65 80 30 38 -12 61 -18 56 43 75 -13 -29 -74 29 75 16 -44 18 24 -19 -8 -8 -3 22 -19 34 -49 -12 36 22 -13 29 -53 16 50 6 14 -50 44
-50 -51 -50 -20 -16 -48 -31 -2 -26 -38 -46 23 -51 13 -102 -28 -93 113 -31 -101 -2 -41 -58 -27 9 -107 -6 48 -40 -79 -55 -89 -54 -39 -34 -61 7 13 -57 4 68 -75 -43 30 -49 44 -109 -74 -42 8 -44 -9 -13 -44 -78 2 -35 -100 -79 -12 19 -59 -75 -20
14 -74 -7 -25 16 -32 32 -62 -60 -7 -36 -30 -41 -49 -32 -57 63 17 -42 -35 29 -8 -32 -13 22 -55 5 -2 -28 -44 73 -21 22 -45 33 -57 12 20 -23 -60 -11 62 -19 -61 -86 -7 -9 7 -51 -60 -15 -63 -66 15 29 -9 16 -29 -19 14 -30 -22 -16 13
-112 -21 -63 -90 -95 -61 -77 -98 -73 -88 -19 -37 0 -45 -62 -31 -15 -67 -65 -99 -25 -124 -41 -117 -99 -108 -82 -69 -111 -121 -103 -77 -113 -102 -38 -66 -13 -31 104 -84 -66 21 -82 -24 -122 -72 -104 -51 -93 -35 -68 -69 -42 -114 -97 97 114 -66 -91 -86 -75 -49 -114 -116
-106 -34 -79 22 -38 -84 -55 -28 -95 -65 -61 -59 -10 -93 -36 -20 -81 -42 -40 -69 -61 -10 -35 -12 17 -36 -24 -50 96 -107 20 25 2 -19 -56 -38 26 -32 -102 54 -60 -104 -78 29 -57 -36 -50 -86 -43 -24 15 -30 -15 126 36 -26 -62 25 -66 -56 -14 -15 -68 -60
-33 -79 -32 1 11 -19 -40 -38 38 -43 -7 -16 -70 -87 -46 -58 -18 -15 -48 -23 2 -20 -49 -20 -35 4 -70 24 -37 6 26 -35 -21 -39 -72 45 -23 -38 -29 -37 81 -31 46 15 71 -7 10 21 -13 -18 -26 8 55 -25 -28 0 0 26 -12 -21 -57 23 -45 5
-33 -30 -57 -12 -41 -106 11 15 -60 9 -14 -20 55 47 19 22 -25 -31 -54 -5 -48 6 -19 -35 -55 -1 -44 13 35 -24 25 -20 -31 -11 -62 29 -15 32 25 -40 -35 4 45 0 43 -11 12 -19 91 17 84 -19 16 -5 17 4 -27 -96 19 -30 -51 -19 -78 -18
-98 -127 6 32 -62 -111 -98 -42 112 18 -26 -31 -78 5 110 44 6 -61 42 -126 -35 -81 -48 -94 -37 -101 -15 8 0 -15 -49 -41 -90 -29 32 -21 -8 -8 -72 35 8 2 -6 -12 -34 -6 -76 -29 -39 -45 9 -22 -57 -66 15 -87 13 7 -40 -30 -78 -59 21 -28
-26 -87 6 -21 -60 -24 26 -42 -25 -5 -81 -48 -117 -53 -63 -60 -24 -104 43 -69 -35 -36 23 -54 -53 -29 -52 -83 -30 -53 23 -26 -40 -33 -32 -39 -87 -24 -57 -11 -8 -42 -37 -26 7 16 -90 -58 -60 -36 -34 -28 -42 -48 -35 -78 -67 -62 -12 -78 19 -94 7 -41
90 95 86 12 47 101 58 104 -116 32 45 56 8 57 53 106 117 46 43 88 36 55 82 78 46 -116 20 76 80 105 117 50 38 15 -5 92 -119 88 -121 10 61 61 45 87 100 -4 123 37 99 60 60 -124 106 -119 76 79 54 -115 15 45 76 -127 58 93
12 21 -31 -60 -20 -45 67 -28 49 31 23 -22 4 -14 -32 -30 -32 -42 -17 5 6 -19 -100 22 -114 43 24 -13 1 -45 29 -29 -36 -31 -37 15 -16 38 45 -74 -78 10 32 40 14 25 -40 -6 -15 -13 -43 -74 -63 -19 76 -48 -3 -51 -26 -103 -17 -77 -39 -20
-5 30 36 35 35 17 51 36 77 112 -57 75 62 39 79 110 -64 69 -49 -7 34 14 -28 41 -25 83 30 -19 -69 -19 79 69 -66 -22 25 93 -44 14 -10 18 -51 44 5 12 42 -41 23 92 52 67 50 10 28 66 -24 35 35 -35 31 18 73 12 63 -17
88 61 46 21 86 45 -55 46 77 -33 67 34 -31 91 58 68 -40 45 30 33 -4 50 -7 24 6 3 84 57 33 84 -31 10 -60 81 66 -10 10 23 38 50 46 98 21 51 80 75 112 -5 95 1 47 16 36 23 77 60 40 9 59 14 99 59 -12 61
-11 -19 -79 -6 42 2 -92 -54 73 19 -66 -3 -34 -60 47 13 -26 67 -8 -67 -39 18 -20 40 -26 -3 33 7 -27 -15 -27 12 20 -19 -3 36 -41 86 -29 -42 12 -21 -36 -9 2 11 3 18 56 -71 25 21 30 -68 -13 20 -4 -4 20 29 -13 72 35 28
-19 -14 2 -29 -46 50 -22 -16 11 -51 49 -31 -1 54 54 -56 -39 77 -11 -42 28 -16 -1 -15 41 11 38 56 49 35 8 64 74 -1 49 -33 -11 56 30 -11 39 -16 -70 -7 -39 41 -62 -33 -49 20 6 -39 2 7 -5 -26 20 51 0 38 -101 -95 -11 -8
49 80 -22 -2 -2 -16 -32 -10 29 -37 -39 35 -44 12 13 9 -29 55 10 20 18 7 90 -27 -18 -11 -44 -39 -33 27 -23 62 95 -28 52 -32 124 -53 -11 7 31 25 13 11 -25 36 22 33 -19 7 37 58 -8 8 57 14 -11 49 -27 38 -18 24 61 56
68 -111 73 96 89 36 31 95 64 30 78 27 56 80 14 32 22 42 83 5 90 43 43 56 63 26 52 41 87 8 80 52 -13 71 37 71 25 16 21 48 15 100 67 69 99 71 49 38 61 25 31 75 -15 12 75 73 34 78 127 22 38 65 23 70
59 56 89 68 45 59 41 105 49 110 39 -4 29 80 49 62 1 91 34 32 25 121 67 37 120 -27 69 28 82 75 20 59 76 47 85 -11 2 29 22 85 -124 -40 29 80 46 45 86 93 14 82 62 90 25 60 72 55 13 46 43 62 23 64 16 82
64 22 -15 11 33 48 -65 37 -16 21 9 72 31 26 35 68 38 14 39 7 75 -13 22 1 49 52 -8 -14 100 2 13 -8 27 52 18 86 18 -19 -11 35 11 22 46 51 5 75 41 53 18 43 10 -4 15 15 -9 -35 -22 28 -7 40 3 78 35 30
-87 -96 -59 -23 -65 -47 -72 27 -59 -82 -29 -92 -62 -8 4 -41 48 6 39 -61 11 -46 -85 -84 -28 -13 -27 -56 -65 -68 -26 -34 -111 -85 -104 -39 -5 -40 -82 -61 -86 -55 -28 -25 0 -82 -43 -117 -59 -9 25 7 -29 -71 -82 -21 1 -72 -36 -103 -58 -28 -29 -40
16 47 69 52 77 60 76 -43 27 74 31 3 47 8 38 108 -9 70 -22 51 37 17 -9 19 -4 11 -22 69 25 105 23 89 18 56 72 -8 115 -39 58 116 96 -16 95 5 -23 -5 6 -2 65 49 48 23 98 63 15 84 10 57 -25 62 60 67 -60 106
27 43 70 76 111 35 73 105 9 6 16 37 -21 -84 1 -8 26 63 59 77 -8 45 48 4 46 41 28 -95 92 25 52 59 57 39 32 23 53 79 60 62 9 18 117 -105 -16 17 21 114 -126 102 75 33 18 15 72 14 83 68 42 -38 12 59 62 89
-22 52 -10 -46 -61 2 -48 -20 73 -48 -3 5 12 -121 -5 38 -51 30 8 20 -12 14 72 -49 52 86 15 -20 63 29 -1 -9 15 22 -62 45 -3 22 -6 51 15 -55 3 -12 11 25 11 92 14 69 13 24 11 24 16 6 -56 28 34 -89 35 -32 -5 9
57 24 -28 25 61 45 25 30 41 7 28 120 23 -70 18 -50 22 64 18 -45 33 7 37 13 70 -1 54 45 -27 -17 54 5 39 18 -21 34 116 31 78 37 14 89 -21 -46 6 16 18 88 99 13 41 1 -7 13 56 -8 50 18 29 -54 21 40 -48 -21
45 54 52 58 64 55 47 -13 99 2 5 87 104 103 46 86 80 43 40 107 -6 53 -126 63 94 66 -5 12 119 20 92 72 73 19 84 58 -123 42 11 -120 73 14 38 44 66 85 53 92 39 59 57 37 -1 46 96 61 69 73 17 59 63 26 83 104
-5 21 -2 8 11 15 -24 2 -14 -61 62 37 -17 54 16 14 53 0 81 43 55 11 43 80 22 40 -33 -10 57 28 49 -38 126 15 -12 0 24 -7 -28 -33 24 18 30 38 9 69 24 102 49 93 68 57 55 43 55 76 -20 83 32 -22 52 -27 50 60
-20 9 8 -5 31 83 33 23 -118 59 31 18 118 33 34 39 107 60 52 58 56 17 -9 27 32 0 29 102 7 67 48 100 14 61 53 99 -29 30 20 33 63 44 -5 86 -8 88 9 -49 63 18 33 15 49 12 55 11 40 27 58 48 87 88 30 28
40 98 20 56 72 12 43 -5 22 -12 62 72 -17 11 -41 -43 1 32 -9 25 46 -38 21 57 29 36 3 -11 54 61 41 21 24 5 56 17 19 11 15 49 2 0 93 21 24 85 124 19 -16 30 38 -45 68 31 -36 -95 9 43 26 54 3 55 49 -32
65 66 57 49 53 -126 42 20 -24 51 29 44 36 13 43 87 59 42 55 33 70 72 50 52 59 97 66 17 -6 35 67 63 85 61 93 86 69 15 98 24 58 38 40 81 -18 102 49 37 33 82 39 38 39 110 57 52 46 105 56 -110 14 105 19 77
84 34 91 89 100 63 -119 85 119 -5 60 6 44 -12 11 37 57 84 98 32 39 5 19 41 34 -37 16 -2 71 9 -8 15 112 83 34 -102 65 11 37 74 69 -13 68 50 72 33 92 54 69 31 6 49 66 42 47 51 37 41 83 48 73 -12 -124 32
12 -18 29 -14 -13 16 7 -3 -21 -95 -40 -45 62 13 -20 -30 44 16 21 -8 -67 -10 -48 -44 42 -34 -16 -31 31 -5 77 -33 63 -20 79 -33 -52 -10 -6 -64 -60 33 27 42 17 -55 -39 -22 -28 -64 6 39 30 -1 -47 -42 -13 43 3 34 20 -10 -8 -37
21 -23 39 31 -13 8 -45 -26 -6 59 -50 -3 26 -3 10 -13 -29 -31 2 51 60 15 29 17 24 -7 -8 -25 -7 32 -64 -44 13 -16 -14 -79 9 -12 17 -7 -9 2 52 -9 35 -7 34 23 71 -10 34 17 32 42 -48 29 -35 12 -36 56 2 29 29 -46
8 47 11 31 -10 52 38 106 61 -45 -9 47 47 9 -39 -34 7 36 -23 13 -40 -17 41 -24 10 47 97 22 49 90 26 -36 31 -7 43 36 0 55 38 -27 -38 41 -31 -30 18 12 79 -58 14 -25 69 -33 -10 15 -5 52 -67 -33 60 4 -44 19 17 6
57 39 102 43 57 119 69 78 15 46 84 54 95 22 37 -118 62 89 -116 106 96 94 62 25 116 97 85 60 27 52 41 84 15 46 39 75 60 61 1 -17 0 57 109 24 70 69 -103 35 86 85 33 -83 30 67 104 37 83 55 78 -2 66 83 34 65
19 62 61 17 64 31 68 28 20 -5 60 1 29 34 26 111 -104 108 46 20 40 38 -25 23 67 -4 53 105 85 30 -5 -6 33 51 37 61 27 3 47 101 4 66 38 33 2 -6 27 109 13 6 -3 59 -6 13 98 51 -28 85 15 104 10 81 42 3
-47 58 -69 64 6 54 -14 37 -12 -20 -43 2 73 79 -11 9 -4 25 -77 44 -4 -20 -9 11 -11 29 -16 -20 -14 -5 25 -33 -27 -16 -18 -13 -13 46 24 -8 -9 53 11 -7 55 12 34 -25 17 59 -12 31 28 69 27 21 7 -22 -71 -28 11 8 -27 -6
-89 -91 20 -79 -41 -83 -118 -80 -31 -47 -53 -42 -99 122 -124 -55 -107 5 -79 -123 -8 -28 122 -122 -31 106 -85 -46 -14 -85 -99 -45 -122 -79 -61 125 49 -31 -60 -28 115 -2 -13 -80 -85 112 122 -95 -101 -91 -65 -69 -95 -50 -116 123 -21 -65 -105 -60 -70 -48 -55 -65
-61 79 92 64 -36 32 40 -11 -12 71 102 50 36 11 -19 62 20 6 23 19 67 -44 60 -15 2 52 48 -50 68 -7 89 104 15 19 16 26 54 85 53 -46 9 -1 75 50 66 70 52 10 16 57 120 45 -9 -18 43 42 5 9 -14 26 -36 99 15 -16
75 17 72 81 43 27 114 44 25 36 88 -120 84 26 -31 -80 27 -54 52 53 29 19 16 54 -15 36 42 51 -31 6 46 29 89 37 55 20 -11 48 60 6 -30 13 84 13 29 26 84 -1 -30 1 127 28 43 -4 67 1 30 -15 23 38 7 23 88 28
95 -19 -21 9 7 23 47 76 -51 49 -9 -93 34 8 14 34 -16 5 -1 11 64 -12 42 -45 -2 -16 9 31 25 11 3 11 -31 -3 -22 32 -74 82 7 -9 -20 31 -14 -58 5 42 -45 24 13 -42 23 -27 -4 -29 48 40 -63 9 -61 127 -14 24 58 32
-88 34 91 35 88 3 26 54 -27 -21 44 97 -33 -67 -20 -9 -22 -17 -10 45 -15 10 -27 -20 -109 1 10 42 -16 87 54 25 -50 -2 13 42 -21 -2 -9 -3 37 13 15 47 84 -7 -11 -1 39 8 31 17 54 25 11 5 23 16 -4 -3 -82 39 42 -2
14 3 -6 -2 -31 50 27 21 40 25 -50 -14 100 3 28 63 15 -21 -47 -8 76 1 -25 42 28 19 30 12 50 -7 27 55 48 -49 49 -13 -42 0 -15 -45 -22 24 40 27 -19 -50 41 -13 65 30 10 54 29 -32 49 35 -6 -23 8 25 29 -12 30 11
-10 53 27 39 84 54 0 11 30 45 95 106 92 63 22 -64 49 -44 80 21 -7 -100 90 62 62 -30 -122 51 8 23 50 65 68 10 60 31 49 66 33 62 36 -3 36 32 29 51 61 44 19 99 24 16 18 30 46 55 23 36 57 -7 83 59 71 -34
-40 75 -16 -34 22 63 0 -114 9 -87 68 -36 47 -46 15 21 4 42 -11 16 19 1 54 53 -29 -10 -39 -53 38 59 -21 63 -5 83 6 6 57 57 -37 0 31 52 1 38 65 53 -29 51 30 28 -11 -36 -94 -34 54 9 -1 18 10 5 48 -18 67 -27
47 -33 122 54 43 7 52 37 66 79 32 56 66 83 16 42 85 -13 66 43 18 85 83 0 52 4 66 33 -125 33 -17 -22 -128 22 91 9 47 20 -12 34 17 23 19 33 46 25 48 26 48 75 81 65 84 -44 51 27 12 112 94 110 32 -36 99 44
30 38 68 -19 21 4 2 -28 -11 -101 67 -30 -3 30 -51 -5 15 -22 -53 23 63 -10 16 66 9 -49 26 -28 55 -91 40 -10 -16 48 -38 -3 -24 65 -33 30 -46 -36 0 -82 48 -39 61 -4 6 -33 0 71 31 23 54 -27 32 7 41 -22 13 -35 39 -2
-36 -106 -74 -24 -47 -63 -46 -16 -22 -75 -60 -57 -91 -59 -84 -19 -101 -69 -52 -106 3 -47 -120 -118 -46 -38 -124 -48 -81 -43 -56 -47 -46 -86 -8 -45 -50 -119 -81 -25 -54 -49 -38 -76 -12 -60 -75 -38 -78 12 -73 -36 -53 -64 -10 -86 -62 -52 -24 -76 -99 -55 -95 -30
-13 24 48 11 64 31 72 22 15 -3 34 -4 1 -4 19 3 46 54 47 -22 76 31 29 -31 -7 34 40 42 34 38 108 66 82 36 -79 58 -35 -10 46 -38 16 81 17 25 73 45 8 -19 82 -43 24 34 36 -48 -11 46 -43 69 112 -4 14 10 14 -49
-112 100 -20 65 50 46 27 11 21 44 46 41 37 61 68 -21 91 43 88 46 -25 84 28 54 11 -128 44 44 13 50 81 80 -118 13 39 102 115 56 70 34 100 58 5 57 43 94 102 94 18 75 97 42 -33 93 33 61 56 43 66 111 45 80 -50 77
-12 -52 -110 -43 -25 -58 -61 -81 -53 -20 -83 123 -16 -50 -58 -20 -74 -36 -122 -77 -66 -56 -83 -4 -101 -22 -88 -35 -76 -47 -68 -21 -5 -38 -19 -87 -4 106 -71 -103 -126 -108 -72 -32 -39 -73 -16 -110 -110 -35 125 -87 -94 -52 -49 -119 123 70 -10 -92 -10 -53 -94 -103
-3 -27 40 -70 -25 31 6 -5 -82 -36 22 -111 -40 -7 13 -70 32 3 -52 21 -61 -31 15 -88 -8 -14 -10 -35 34 105 -23 -5 -6 12 -47 -42 -74 10 -23 -26 -110 -47 -89 38 -14 -31 16 -11 -79 -61 -10 -31 51 -66 -69 -27 48 -88 29 -77 28 -23 -45 8
-94 -40 -102 -10 -127 -75 -69 -127 125 -3 126 -5 -86 -87 -79 -49 -91 -68 108 -65 -59 113 -83 -79 -26 -99 -34 -110 -94 -5 -57 -76 -56 59 -56 -99 -63 -83 -46 -33 -49 121 -96 -83 -65 -100 19 -22 117 -109 -21 -63 -77 127 -79 -78 -119 -38 -126 -66 -58 13 -82 -73
-54 2 -47 36 16 43 23 -15 -5 -107 61 38 -46 -18 -13 -38 55 8 -17 -31 19 -53 -25 -6 -43 -11 48 -21 38 -53 28 43 6 -28 102 30 -16 -34 26 12 -22 26 31 -45 -43 99 -9 21 0 -13 22 -52 13 -1 57 -17 7 -12 -20 51 0 46 43 -32
39 -78 -10 49 -28 12 125 26 62 21 15 -23 2 -116 -19 47 -61 -31 38 -32 16 -63 -8 99 -51 70 33 44 1 -2 33 -6 39 63 -6 58 18 -14 -2 20 -12 46 -27 -10 103 21 -42 -59 -62 0 65 -7 -80 17 -37 14 -51 -12 -61 35 0 -23 62 0
-93 -63 -35 -121 -90 -31 -19 -29 -15 -6 -27 15 -13 -51 -46 -28 -61 -47 -75 17 108 -13 -30 -20 7 -86 -60 17 -66 -70 -60 -40 0 -23 18 -63 14 -93 -64 -32 -41 -38 -53 -16 -8 -16 -31 -65 -76 -16 -64 -59 -18 -34 -36 -73 -78 -86 -8 -37 -43 -21 -34 -51
26 -1 -5 -53 -13 22 -4 33 -25 -105 -28 -71 23 -5 46 18 11 -35 -32 -61 9 12 32 -17 -3 -25 -7 -27 24 -32 -10 -66 -9 -79 -77 53 -29 29 -74 -23 -61 -74 -26 -4 -12 -31 22 24 -28 -7 39 50 30 -60 -50 -1 -33 -33 33 -65 -48 -15 7 -103
48 19 19 27 9 -4 -15 -34 -11 23 18 -6 11 -14 -108 -7 -36 -17 -12 -80 5 -1 41 -31 4 -94 -26 -23 25 -47 -50 12 -2 -24 -6 7 9 -9 -67 25 35 6 50 -9 -12 10 44 -17 -54 -1 -70 -7 25 -92 -19 -66 -78 -101 -57 -72 70 30 11 62
-44 -22 -50 -7 -92 2 25 15 -24 -19 -32 -64 75 30 -42 -7 -38 -2 -29 2 -14 -29 38 46 38 12 10 -60 19 -64 43 -5 -6 -5 -28 -37 1 -61 -74 -43 -52 -78 -66 -34 -15 -14 -60 24 101 -34 -8 -52 27 1 -8 -8 -65 -83 -21 -25 13 31 -6 -76
-33 -27 -38 -81 -57 -19 98 -43 -60 -5 -56 -82 -64 -24 -68 -56 48 -89 -73 -8 -27 -46 -27 -74 -9 -77 -52 -19 -39 -86 -79 -1 -18 -68 -70 -17 -53 -108 -55 -84 -76 -42 -127 19 -24 -61 -62 -17 -95 -72 -99 18 -46 -68 -32 -79 -50 -44 -52 -55 -31 8 -101 -59
-58 -4 15 -27 -32 -36 -27 -41 6 16 -49 -42 12 -24 -20 -62 -7 -77 -31 -43 12 -66 -120 -6 -2 -92 85 2 -14 28 -6 10 -34 4 -102 45 -38 -5 -45 12 -46 -13 -16 -28 48 -85 -22 -15 -48 16 -37 92 7 25 -73 -9 -8 -55 -23 5 -35 18 -22 -117
15 31 3 45 -64 55 34 -42 46 31 9 11 37 22 -6 90 10 -7 2 -74 -51 40 -12 15 15 -111 30 47 -7 11 -14 2 -24 22 -26 88 61 47 33 -59 38 -59 29 -6 -24 39 62 -47 -6 30 -50 22 9 5 4 -11 43 -7 28 -34 60 6 16 20
-30 53 -64 29 -9 8 34 6 -12 -1 41 47 -8 8 -29 3 27 -16 21 -12 77 -60 7 5 11 62 -37 -15 -19 32 1 -81 -8 10 -14 23 10 35 46 39 26 35 49 12 1 6 73 -3 17 59 -20 9 -10 34 -7 11 30 63 18 -7 8 46 11 -18
-74 -70 -72 -116 -56 -62 -113 -25 -66 -103 -60 -74 -112 -17 -102 -79 -11 -50 -57 89 -3 -51 -66 -43 6 104 -56 -98 -15 -63 -53 -65 -75 -45 -41 -92 -27 -99 -76 -41 -2 -111 -38 -17 -15 -41 -63 -54 -17 -74 -59 -95 -50 -51 -29 -24 -36 -62 -110 -37 -71 -110 -115 127
47 62 44 59 19 113 26 70 68 50 -1 9 62 48 41 17 45 -6 35 26 44 18 29 90 35 53 -4 -17 40 59 4 33 44 123 51 95 25 82 29 -12 15 21 -5 64 69 84 -11 80 49 -48 3 56 4 60 45 56 46 8 16 -23 13 -12 50 66
66 -56 30 8 -19 -4 -12 62 -57 -7 12 29 -13 37 30 38 10 12 20 26 14 25 4 24 -65 -25 -41 18 -46 30 113 38 28 67 -68 -85 -18 24 -12 -28 21 2 54 -71 -30 74 2 36 -9 -65 -27 31 -30 -24 -5 -14 -24 -30 40 -32 28 -70 35 -64
-50 -39 -74 51 -4 -68 -17 53 -6 47 26 -92 -46 -125 -39 10 26 -89 10 31 67 -13 8 9 -54 -24 -5 36 86 19 -19 17 1 -19 35 31 64 -9 -23 -49 8 11 77 90 23 62 37 25 67 20 -6 -38 -14 12 -38 22 8 12 17 -33 21 -51 3 -43
77 6 -59 32 -12 -65 0 -47 12 89 -44 -51 -11 -5 -108 15 10 -47 -77 29 29 3 -67 12 30 0 -15 -43 27 11 -24 3 40 32 -66 49 20 41 47 43 -31 -43 -1 48 30 33 41 -1 4 -10 -30 -54 -28 -2 -82 -24 -42 -49 -18 -30 12 -39 23 -51
-122 -8 118 -64 -105 -104 -123 -116 -104 -125 -19 -123 -46 -30 -60 -88 -44 -82 -88 -84 -81 -85 123 -77 -71 -50 -106 -53 -109 -84 105 -128 -109 -26 -40 111 -21 -82 -80 -120 -117 -110 -70 -104 -76 -19 76 123 -78 -64 -20 114 -59 -45 113 -70 -102 -40 -110 90 -118 -69 -93 -93
23 69 -44 -24 14 -15 93 17 -26 -45 -53 -4 -23 34 28 -11 -39 -5 42 -28 18 30 15 23 26 -13 -53 13 40 -8 16 11 73 -30 -16 -41 -46 36 62 -20 66 12 39 28 8 21 -4 37 53 5 61 -9 30 -91 7 -25 -49 61 34 -70 -35 -31 -22 -38
21 -21 27 28 11 57 -45 7 72 3 65 1 -15 -29 58 -47 42 46 75 -7 75 -20 -7 49 16 21 17 27 22 66 -64 21 98 31 7 -16 -34 36 -105 64 81 -15 52 20 48 6 -3 8 29 56 30 37 42 19 68 -61 18 -2 -30 24 16 28 31 -21
-14 -24 -18 13 13 -18 -26 -72 5 15 -34 32 -34 -56 -35 7 -42 -18 -25 16 -32 -40 25 15 11 19 27 -10 -7 15 -51 -73 5 16 8 -64 -34 -93 -8 76 56 -43 63 -18 -29 11 -20 -35 -74 -7 22 -22 -18 -31 -14 -11 -39 -39 -38 -49 -6 25 -109 68
3 -56 -20 -49 -57 27 0 4 53 77 10 -107 37 -38 -18 -3 -56 -1 -22 19 -10 -36 34 -11 -115 10 -43 -17 29 -70 8 -69 -28 23 -78 65 -66 -63 39 -34 -77 -65 -10 -81 -12 -8 -89 -24 31 -108 -25 -26 -16 -2 -37 17 -48 -90 107 -43 -31 -104 4 10
11 9 65 -10 15 -12 -9 41 -5 26 36 3 26 -35 -1 14 -1 -18 96 16 2 38 76 -24 -3 -3 31 -29 -128 -14 20 32 52 26 76 97 -31 40 -7 44 0 0 86 -5 38 47 -16 92 35 71 5 53 29 15 111 66 -59 72 29 -51 32 62 6 41
42 -21 81 -16 29 11 54 78 -9 -80 -7 -92 28 -5 -16 -65 52 -40 14 13 33 -5 60 -60 10 -20 66 -19 33 11 23 31 49 15 0 21 -27 9 -42 15 6 -92 -27 23 29 9 -22 27 2 5 32 39 41 15 21 -27 -31 -42 -18 29 -3 21 50 15
8 56 -20 45 26 -24 -65 -22 21 -39 18 9 4 -19 2 -92 -37 22 9 -23 -27 -12 -4 87 11 -14 27 -65 -75 -39 1 -57 46 12 17 -1 68 -89 -23 38 -11 -42 0 -14 -62 -28 27 -41 4 -8 21 -4 16 85 -85 97 27 -2 10 -12 -30 -9 41 12
-105 -65 -71 -19 -3 -78 -27 -80 -62 -97 0 -99 -78 -104 -39 -95 -108 -4 -60 -51 -124 23 9 7 -16 -60 -86 -66 -92 111 -88 -80 -79 -65 -66 -80 -82 8 119 -55 -60 -72 -15 1 -2 -37 -77 -90 -59 -90 -76 -96 -22 -1 -23 -81 9 -122 99 -93 -39 -2 -84 -75
-66 -95 28 -40 -1 -27 -16 -35 41 -1 -6 2 -2 -10 -44 -3 -16 -26 -11 -26 15 -31 -29 -55 -61 -72 -82 -40 -29 -35 -59 -37 -9 -32 18 -58 -30 2 -54 -51 19 -73 25 2 52 -18 -58 -12 -23 -4 -56 10 -36 0 76 8 -26 -44 -3 24 -59 11 5 12
-14 58 -13 -48 32 18 -23 14 -12 20 35 -34 3 37 -33 -28 12 -26 22 -13 -25 -72 17 57 -17 8 -75 23 16 35 -25 -104 37 -52 59 -1 40 -24 3 -10 -23 40 31 -3 -24 -20 48 -10 30 -54 75 27 0 13 -31 20 72 -5 51 67 20 3 58 14
-13 38 14 28 29 -19 -38 2 28 23 -32 33 -66 -10 -5 5 -39 65 -32 -7 23 50 -42 35 -32 -71 -21 14 -19 -37 31 49 23 -91 -9 -29 68 -20 -42 -7 -18 76 -21 -15 -38 15 -22 -39 47 33 32 -61 14 14 15 -5 47 54 -62 51 38 20 2 -40
23 33 23 -39 37 1 -27 -45 -43 -40 -7 -64 3 -14 -32 33 -7 -45 -46 3 8 30 -67 17 27 -12 21 9 -38 50 -80 47 -42 -18 -26 -18 -50 6 -29 32 17 -63 14 38 -8 21 -31 4 -46 1 6 16 -19 -23 32 8 39 -12 56 -11 -27 48 -39 -31
-102 -56 -1 28 -15 46 38 56 -47 5 -15 107 14 21 -11 7 37 24 -9 41 94 88 23 -4 2 28 27 28 40 -60 41 42 19 -25 26 19 14 -78 39 -9 -59 32 -42 -1 19 -22 -48 -28 10 -9 49 84 -1 50 -7 2 -6 -42 -43 8 -16 -49 -42 34
22 7 -38 -19 41 22 26 100 -27 -27 36 22 15 19 -12 -16 -42 -1 -23 -32 39 43 -28 -63 -67 -36 -51 0 34 -35 32 -27 -64 -78 24 -6 -8 48 52 59 62 16 -1 95 -21 -24 -14 -18 -29 7 -3 -26 -6 -37 -1 9 19 -74 32 -5 -2 -14 44 40
48 62 38 -16 35 100 95 44 -51 -11 9 -8 -4 -48 69 21 50 -22 10 22 -23 -18 4 48 33 -10 42 -10 10 22 -48 14 26 42 15 -10 37 -7 40 32 -19 23 -26 45 -22 -62 68 -27 17 28 31 23 52 73 59 49 0 80 -54 83 42 -11 -4 34
-24 40 3 -26 35 -16 58 -39 54 -14 -60 -20 21 45 6 -48 -25 -30 21 -16 -77 1 -26 8 -33 -7 -18 64 64 25 -27 -12 16 56 28 23 18 91 -18 -17 -18 -27 -2 41 -3 -15 72 73 40 -1 -39 43 16 13 90 -16 -16 -29 24 -13 -21 6 43 81
-39 -9 92 35 -33 92 109 -46 36 92 -22 -4 -18 50 10 72 11 61 -63 53 34 22 32 3 -53 33 68 33 44 -13 65 88 -18 42 88 32 28 27 64 47 17 15 11 5 -42 -19 50 25 24 -20 -28 -4 -8 33 -30 82 32 -14 -12 19 40 48 24 35
-24 -57 -26 9 -71 -49 -38 1 -20 76 3 -57 31 -64 -23 47 11 33 -56 -78 2 -3 -61 -14 -38 -12 -29 -17 29 -37 50 -6 -41 -82 -28 -1 -67 -9 -9 -2 -17 -7 0 4 -8 -30 54 -56 24 0 -35 -20 -28 -87 -23 72 -37 -1 -57 -23 -18 15 -53 -48
-7 19 72 0 52 43 94 51 50 -14 -15 12 -6 27 102 -24 49 29 49 113 75 40 46 68 35 63 19 37 38 45 -12 41 91 20 33 86 47 83 33 44 -2 -50 74 34 45 -23 -38 52 53 1 52 64 -123 -7 8 74 -13 76 48 34 32 -11 102 -28
8 -9 60 12 -51 58 47 4 43 5 -26 -8 -6 13 76 0 -18 6 37 34 43 65 52 46 35 33 -56 -47 -12 54 115 9 88 -13 -22 -46 -10 40 9 0 -46 72 -11 10 12 -13 -16 -34 6 4 34 107 -25 20 24 38 49 -10 62 -53 32 35 0 -13
-26 -56 -20 -36 -81 -26 -1 -41 -40 -7 -55 -19 -104 -46 -20 -24 -54 -77 -31 -54 7 -92 -68 -36 -43 -95 -66 -78 -93 5 20 -51 -40 -21 -100 -106 -26 -101 7 -49 -91 -56 -58 -49 23 -13 -44 -51 -39 -108 -39 -68 -44 -48 -48 -60 -43 -6 17 -64 19 -77 -77 -75
88 -13 25 83 15 -41 -53 26 60 36 9 -34 19 12 -5 74 -46 24 -77 -25 47 49 35 11 22 68 65 67 41 6 -16 24 -9 -38 32 8 75 54 -5 82 -21 2 61 66 -30 54 7 -4 42 35 76 -64 -60 -25 26 76 31 9 51 15 15 13 0 32
62 25 -13 38 44 -12 68 9 14 -28 46 -29 -2 -51 56 -26 38 -19 1 -27 9 84 11 30 -12 22 105 77 0 21 29 8 12 -6 -10 -26 20 -12 20 45 -6 88 45 -65 44 1 91 -2 82 -6 63 29 -31 -13 27 97 -19 51 11 46 5 60 -6 24
-105 -41 -36 -38 -66 -46 -83 -70 -32 -26 29 124 -24 -18 -82 -82 -103 -85 -26 -67 -90 -88 -44 -69 -68 -31 -103 -51 -77 12 -47 -48 -119 -34 -69 -67 91 -42 -42 89 -94 -75 -26 -58 6 -49 -30 -12 -75 -68 -105 -77 -86 -54 -44 -47 -27 -25 -120 -43 -8 36 -90 -80
-57 -22 0 -1 76 -115 -55 -27 19 -27 -43 -42 -89 -63 27 -10 -30 2 -33 7 -18 -33 20 39 -33 11 23 -30 -8 -26 -73 -33 -51 -109 -111 -59 -24 -26 -13 -41 -95 -12 -2 -9 24 -32 -3 -22 41 -29 -9 -48 -59 14 -12 18 -22 -6 -41 -21 -28 -13 -29 -62
-87 -24 -110 -65 -65 -54 43 -19 -45 -83 -70 -7 -4 2 -21 -63 -16 -93 -48 -7 -75 -68 -3 -51 -67 -10 -78 -103 -99 -86 -1 17 8 -33 -99 -84 -96 -16 8 -3 -16 -3 -9 -13 -4 -30 -64 -62 21 -17 -22 -71 -33 -87 -66 -9 -53 -65 -50 -21 -33 -33 -73 -36
31 16 -3 -24 50 33 16 63 -33 12 4 -71 -20 -52 55 55 90 25 5 12 84 39 17 19 -46 60 3 66 49 -64 -49 -19 25 3 -20 48 6 38 -32 -19 -12 -38 52 -16 34 92 2 -16 11 19 -12 47 -14 11 57 67 -8 -3 30 -29 -62 -23 31 49
-112 -73 -31 -26 23 16 45 -47 -61 4 -47 -25 -13 -26 -77 -46 4 -52 -41 -79 -21 -53 -69 -47 23 -16 47 -27 41 -48 -100 -6 -33 -51 -53 -36 -14 2 -110 -74 -16 -53 6 -66 17 -75 -18 28 -60 -11 -80 36 -60 -13 -6 -100 -40 -19 -91 -20 27 -6 16 -70
-120 -38 124 19 -55 -75 -59 -64 -36 -59 -110 106 -93 -108 37 -64 -34 -51 10 -85 -44 -5 30 -85 -19 -38 -55 43 -32 4 -119 2 -70 -60 -104 -71 -22 -2 -78 -61 35 -1 -32 -4 11 -92 -31 -32 -34 -32 -51 -31 -52 -63 -69 -54 -57 -63 -55 23 2 -52 -57 -48
11 0 -33 -57 1 -91 -74 17 -122 -7 -53 102 -80 -35 -61 -65 -24 -45 -57 -56 -40 -58 -38 -79 -6 -94 -49 11 -105 -44 -38 -116 -59 8 -13 -10 -54 -91 -67 -55 -56 -11 17 -46 -41 -57 -64 -70 -3 -60 -54 25 -49 -38 1 -51 -18 -19 -55 -89 -95 -54 -90 -59
-26 -2 48 -26 110 -22 81 35 -108 38 -122 56 24 31 70 11 55 -126 50 88 61 66 94 35 -12 113 70 123 28 58 86 107 34 84 16 54 92 73 94 27 8 67 39 110 31 74 6 13 82 97 53 63 28 78 57 81 86 67 86 75 85 88 74 32
-16 47 110 90 60 53 33 31 20 -13 108 44 -9 -13 32 -21 26 -33 110 21 58 0 84 33 18 8 13 33 6 -39 83 0 41 28 0 33 52 52 73 7 -49 -25 31 52 87 2 29 26 -25 -27 81 28 -15 95 -5 -36 5 -27 -25 -15 -29 -18 -24 -47
-16 53 -1 37 66 6 -4 -24 7 -18 23 22 9 63 3 3 20 -3 -50 -54 1 10 -78 32 53 -36 38 -5 49 -30 22 50 63 23 3 53 27 -96 -3 52 -18 2 12 -24 -23 -26 -15 41 71 63 45 54 70 -5 -74 101 -28 7 48 34 1 -5 16 65
23 69 -1 20 19 48 12 -24 70 -18 -11 72 -64 -79 18 16 -20 22 -26 6 39 -10 61 -14 15 23 44 -2 51 56 73 -21 64 19 35 27 23 -7 82 20 7 -1 -11 62 -37 57 36 86 56 -7 75 79 13 -2 7 78 88 -27 31 94 38 55 113 38
28 25 126 2 103 49 78 122 8 11 43 66 72 68 45 86 23 23 97 78 25 88 81 -16 -14 3 16 -124 73 86 51 56 65 60 67 8 32 33 -45 29 41 50 -2 68 32 -107 13 29 50 103 37 10 87 85 30 92 11 56 88 109 119 3 53 21
