0.0548374876 -0.0147367762 0.0508671552 0.0595008209 0.0254060104 0.0678270683 0.0256237052 0.0626860037 0.061166808 0.0181325544 0.0332266279 0.0636641979 0.0472502597 0.0277569368 0.0186651498 0.0331287608 0.0138198854 0.0734675899 0.0206341185 0.0384649597 0.0302062593 0.019803524 0.0194504745 0.0529363826 0.0580103323 0.0904025286 0.0520917252 0.044518739 0.0310880505 -0.00228310283 0.0721870884 0.0888811201 0.066124022 0.00290322304 0.0504008904 0.0436374955 0.0227281712 0.0437405854 -0.00302925333 0.0290083606 0.0747622177 0.0452400371 -0.0246633552 0.0516514964 0.0475266837 0.0355335772 0.0370144583 0.0202016048 0.0558071584 0.0794438943 -0.00933244079 0.0427099541 0.0255297571 0.0739757717 0.00240726955 0.0389955752 0.0283010677 0.0441959351 0.0346275046 0.0263568647 0.113472521 0.0331610069 0.0832588002 0.0498855487
-0.00313463807 -0.0856535286 -0.0216218606 -0.0134845916 -0.028103698 -0.0170182344 -0.0241851527 -0.0321969092 -0.00410418212 -0.0155147016 -0.0569540709 0.0019784472 0.00829637423 -0.00142151117 -0.0120206047 -0.039536722 0.00095345825 0.0055083707 -0.057726413 -0.0105685266 -0.0591454282 -0.0319070891 -0.0173107702 -0.0100287776 0.00750618055 -0.000827844255 0.0147194201 0.0011854386 -0.0291884355 -0.0721294284 0.0260375999 -0.00511081144 0.010981651 -0.0472202599 -0.0600144528 -0.0524463356 -0.0375763364 -0.0202076472 -0.0557198152 -0.0175799485 0.0116548305 0.00588889327 -0.119826078 -0.0178487562 0.000370012596 -0.0418367237 -0.0326557606 -0.0470283851 -0.0131063256 -0.00628012465 -0.0516426861 0.000923283398 -0.0467175804 -0.0154555328 -0.0433374196 -0.0171725042 -0.0174087714 -0.0563905463 -0.00931625906 -0.0266326424 0.0319313183 -0.0165338777 0.0128517654 0.0139389634
0.0381337255 -0.034518633 0.0434841216 0.0228973012 0.0036623301 0.0284403525 0.012533946 0.016785996 0.0335519649 0.0142869409 -0.00644990988 0.035056293 0.0402905792 0.0248614158 0.0191499367 0.019407073 0.0106988028 0.0456010699 0.00743895117 0.0232327059 -0.00100560486 -0.00214372296 0.00154838525 0.0244663879 0.0436190441 0.0695506036 0.0344275683 0.0400259458 0.00742774922 -0.0231951904 0.0510290116 0.0434342548 0.0594381317 -0.0211232603 -0.00788863562 -0.00506278221 -0.00318517443 0.0243281797 -0.0232819468 0.0159708206 0.0557310432 0.0371586233 -0.0534205437 0.0249786973 0.0199165158 0.0181539711 0.00686028227 0.00184129667 0.0251971111 0.0582993776 -0.0179527607 0.0324302875 0.00422706176 0.0352859646 -0.0174341667 0.0210495908 0.0129269939 0.00695377821 0.0204078723 0.00219747331 0.0712823719 0.0178040266 0.0422336534 0.0431538448
-0.0345545709 -0.0897684768 -0.0360224657 -0.0274478197 -0.0477043167 -0.0534617715 -0.0762540251 -0.0573318861 -0.0403152332 -0.0253025293 -0.0723529309 -0.0237939544 -0.0255935919 -0.0305263866 -0.0442631729 -0.0611328892 -0.0311418846 -0.013528809 -0.0799354911 -0.0160278119 -0.0828612596 -0.0527992398 -0.0588978082 -0.0397275388 -0.0282082967 -0.0388347469 -0.00859153084 -0.0229776725 -0.0305426009 -0.0895869136 0.00364310853 -0.0189200006 -0.00194965431 -0.0678701401 -0.0821417719 -0.056583643 -0.0502064452 -0.0562133044 -0.0733225048 -0.0472538397 -0.000184670091 -0.00340882782 -0.125939727 -0.04186932 -0.0230160356 -0.0828903764 -0.0582583621 -0.0756198764 -0.010698163 -0.0244939979 -0.0477558151 -0.0259534176 -0.0603705309 -0.0406192318 -0.0576418377 -0.051561363 -0.0382084213 -0.0823658183 -0.0128666246 -0.0829170048 0.00632213335 -0.0609786287 0.0073921755 0.0159398746
0.0431546345 -0.0292235482 0.0423842408 0.0473399311 0.015875075 0.036769174 0.0223343279 0.0486005768 0.046063751 0.0188288316 0.00980131421 0.0513959937 0.0565983914 0.0315917023 0.0137005467 0.0315031819 0.015378559 0.0732171163 0.0110197952 0.0300893635 0.0198651794 0.00366373546 0.0180117115 0.0386147089 0.0485658348 0.0855632648 0.0491312854 0.0478934459 0.00732313655 -0.0140981264 0.0664632022 0.0612266287 0.0749414265 -0.00736773852 0.00299594738 0.0161947608 0.003498042 0.0402353257 -0.0125881797 0.020370543 0.0780376196 0.0381553844 -0.0384477116 0.0281731505 0.0438213274 0.0251350533 0.0270227753 0.0032780543 0.0454462022 0.0740921944 -0.0303516649 0.0301973559 0.0199422482 0.0428985059 -0.00133295637 0.0489933677 0.0193210747 0.0256279353 0.0251343027 0.0272272509 0.0973043889 0.0406713113 0.0616551451 0.0516115762
0.0338310786 -0.0486084931 0.0251272954 0.02343533 -0.0121724177 0.0306823626 -0.00662949774 0.0243372861 0.0354024433 0.00812640227 -0.00561450608 0.0302352849 0.0247138571 0.0181464907 0.00223423867 -2.21151859e-05 0.00324875396 0.0486411229 -0.0100419624 0.0152600715 -0.0147362566 -0.00684162136 -0.00307133608 0.0173426773 0.0377039835 0.0385626368 0.0319066904 0.0277332384 0.00352589181 -0.0280007441 0.0385089777 0.041390609 0.0471531972 -0.0250219218 -0.0108278114 -0.0120678004 -0.00458196178 0.0200130232 -0.0275497921 0.0148645975 0.0418309644 0.0284021087 -0.0593494549 0.0182360597 0.0326878093 0.00349592092 0.00573208509 -0.0161645822 0.0286669973 0.0396593623 -0.0134149734 0.0278348587 -0.0102922628 0.0377552137 -0.0228462704 0.0209098756 0.0115022669 -0.00724994158 0.0172203854 0.00156308245 0.0720867217 0.0117317028 0.0424927287 0.0488956571
0.0298927817 -0.0334107503 0.026744375 0.0345484652 0.000837016851 0.0436078459 0.00771574583 0.036702387 0.0381352417 0.0120184822 -0.00019426737 0.0350016542 0.0467142053 0.0148804039 0.0218748804 0.019689085 0.022043813 0.0604745746 -0.000189551502 0.010430797 -0.00646477938 -0.00439516734 0.0177943539 0.0263166092 0.0461265221 0.0658890009 0.0462880768 0.0398713164 0.00269732252 -0.0272191856 0.0585663654 0.0435300544 0.054309357 -0.0306552239 0.00218996033 0.00306248711 -0.00442380924 0.0166013855 -0.0249675717 0.013886488 0.0529919229 0.0394544192 -0.0629580989 0.0219384879 0.0429014638 0.00817334279 0.0101538915 -0.0124131329 0.0350738019 0.0469164178 -0.0148581294 0.0388865955 0.00230747648 0.0330391079 -0.0188104883 0.0168558322 0.00498082489 0.00214826968 0.0163352024 0.0129443379 0.0765842646 0.0221695676 0.0437524803 0.0464208685
0.062125586 -0.0176268183 0.0567231476 0.0417888872 0.0294268653 0.0647999495 0.0317800008 0.0486767329 0.0701287538 0.0221798662 0.0384313092 0.0543307438 0.0528655015 0.0180475693 0.0374589264 0.0358705372 0.0186886247 0.08874093 0.03320501 0.0361291133 0.027384229 0.00320397969 0.0400639065 0.0521327108 0.05926596 0.0760859996 0.0680609196 0.0523515753 0.0216514729 0.00112033298 0.0759430677 0.0768918321 0.0582767054 0.00399110094 0.0222125836 0.0155787133 0.0275809132 0.047049202 -0.00931742601 0.0276638456 0.069518283 0.0548407808 -0.0329760127 0.0459636934 0.0508572534 0.0324824341 0.0388913266 0.00862174854 0.0433796272 0.081913203 -0.00733052986 0.0429720506 0.019816 0.060365878 -0.0126643023 0.0411112048 0.0228486154 0.0305458046 0.0387934707 0.040291205 0.0999120027 0.0514973179 0.0694009885 0.0529185608
0.0456406884 -0.0430249348 0.0182803161 0.0380649567 -0.00035344623 0.0282765292 0.00912610441 0.0228588339 0.0377944186 0.00819491781 -0.00235760678 0.0400141142 0.0348024592 0.0254866388 0.0247562658 0.0136462748 0.00897758547 0.0565006882 -0.00725724688 0.0192584991 -0.00471098348 -0.00834788382 0.0127952695 0.0251146704 0.0422565714 0.0483874269 0.0474636517 0.03472054 0.0104552843 -0.0276424307 0.0550379753 0.0417502224 0.0492039397 -0.0212348923 0.00595086254 -2.26134434e-05 0.00101259351 0.0340018161 -0.0268387478 0.0103898905 0.0437551215 0.029071115 -0.0570807829 0.0172452852 0.0400417484 0.022269221 0.0106550818 -0.00126563525 0.0183587428 0.0475742519 -0.0163875446 0.0335519053 -0.00444367714 0.0421500802 -0.0155902719 0.0223832019 0.0161730107 0.00203801692 0.0139943417 0.0226360746 0.0804834813 0.027838394 0.0469752103 0.0374148712
0.0535048544 -0.0367547497 0.0293950513 0.0293342285 -0.00236766227 0.0366055295 0.015822256 0.0593408905 0.0471753292 -0.00177203491 0.00473150751 0.0561243445 0.0502735525 0.0270480737 0.0249815639 0.0242527686 0.0132470476 0.0555554517 0.00836517103 0.0330653302 0.028605096 0.00588358659 0.0135052977 0.0401497781 0.0490753166 0.0739546791 0.0428110994 0.0426167622 0.022754848 0.00159053225 0.0549247637 0.0713167414 0.0597072467 -0.00831309892 0.0234845728 0.0257632546 -0.000168895349 0.0225791074 0.00121663697 0.0354672298 0.0722571313 0.0395587012 -0.0413131565 0.0353587419 0.0408137925 0.0370581895 0.025510516 -0.00433326419 0.025807796 0.0413444676 -0.00379313505 0.0483154431 0.0140016694 0.0504439026 -0.012488097 0.0373210795 0.0228807256 0.027840279 0.0199082941 0.0173861384 0.100504331 0.031893611 0.0504081771 0.0595805496
-0.0230463129 -0.081172511 -0.0307216067 -0.0244043712 -0.0592847206 -0.0381908379 -0.0608573966 -0.0466514155 -0.037351504 -0.02605002 -0.0747525096 -0.0126770716 -0.0149795152 -0.0268908422 -0.0285060108 -0.0441252738 -0.0275719613 0.0120047815 -0.0680275485 -0.0239389129 -0.0731106102 -0.0589221641 -0.0525213331 -0.0397020876 -0.017715849 -0.0281092301 -0.00167647749 -0.0151405092 -0.0370332785 -0.0789486617 0.00514213461 -0.0214519203 -0.00254148804 -0.070127219 -0.0680869445 -0.0471132882 -0.061693918 -0.0479351729 -0.0639100522 -0.0463682041 0.00995853171 -0.00223098928 -0.107688166 -0.0355113782 -0.0158428121 -0.0676517338 -0.0429458618 -0.0777715594 -0.0216990784 -0.0167076644 -0.0420278981 -0.00471479585 -0.0510934144 -0.0311135706 -0.0498655662 -0.0504638962 -0.0342733003 -0.0683174655 -0.012066396 -0.0656191185 0.0294954628 -0.051897537 0.0125675574 0.0192782097
-0.0186206084 -0.0908075571 -0.00664855354 -0.00861222576 -0.0239873901 -0.00935219321 -0.0251390487 -0.0431946814 -0.00352647016 -0.00236594584 -0.0454186611 -0.000724825077 -0.00471361633 0.00653680786 -0.00994503219 -0.0320112444 0.00137224607 0.0199053194 -0.0472716354 -0.00486458372 -0.0708682537 -0.0457473099 -0.0172717832 -0.0284793247 0.00908514857 -0.00474009942 0.0133698974 -4.30587679e-05 -0.0246016234 -0.0598210357 0.0350439325 -0.017385751 0.0103649003 -0.0663438588 -0.0635729954 -0.0592480004 -0.0287008584 -0.013366214 -0.0614747405 -0.0163609292 0.00197647326 0.0211682208 -0.114423081 -0.0345386192 0.00957148988 -0.0422739238 -0.0352983028 -0.0299980529 -0.00391655881 -0.00568706822 -0.0493414775 -0.00719284546 -0.0446784049 -0.0117250448 -0.0520014577 -0.0232488867 -0.0184622258 -0.0684060454 -0.00989272352 -0.0347993486 0.0282918327 -0.0202416647 0.0167173464 0.025636157
0.0206659604 -0.0398038886 0.0194372591 0.0127401333 -0.00157257169 0.0300019272 0.00817703549 0.0108289253 0.0326099955 0.011557606 -0.00268346816 0.0336485878 0.036403548 0.0208668858 0.0106598642 -0.000419048592 0.00616715848 0.0473365523 0.000745257828 0.0217492841 -0.0327030942 -0.0199125875 -0.00160693284 0.0151301716 0.0236716587 0.0493657216 0.0393984392 0.0277702138 0.0146317128 -0.025861701 0.0554344654 0.0379864201 0.0530201271 -0.0332285166 -0.0196148157 -0.00580616342 -0.00802881084 0.014839096 -0.0202754661 0.00530035608 0.0411842652 0.0375788584 -0.0644514561 0.0168285705 0.0288077854 -0.00985438935 0.00504210405 -0.016723698 0.0250910018 0.0321737193 -0.0332535505 0.0206516199 -0.00575942453 0.0379111469 -0.0250024106 0.0103619182 0.0089458786 -0.0106049133 0.00986201596 0.00899914186 0.0762536824 0.00955980644 0.0333751775 0.041226279
0.0293173436 -0.0422735102 0.025200855 0.0303479396 -0.0137659106 0.0433387123 0.0132506164 0.0264131986 0.0437122285 0.00491732173 -0.0147022922 0.02908957 0.0287763383 0.00216486491 -0.00814972818 0.0166345425 0.0208724327 0.0570368841 -0.000585765811 0.0166795738 -0.0240167547 -0.00216197968 0.00330355112 0.0218790006 0.0397901908 0.0462164804 0.0273064002 0.0348713584 0.0176365338 -0.0143622467 0.0591582879 0.0532547496 0.0454858653 -0.0383073054 -0.00819099322 0.00792145077 -0.00702996925 0.0167634748 -0.0251333937 0.0141542386 0.0480816066 0.0372604281 -0.0535210595 0.0246476624 0.0332412124 -0.00346458703 0.00586122507 -0.00399901578 0.0398723371 0.0438801795 -0.0207803361 0.0374102741 -0.00407083333 0.0223275647 -0.0204362776 0.0132963601 0.00479294918 -0.00166524411 0.0144253904 -0.013604695 0.0914475769 0.0128715932 0.0489519201 0.0533523634
0.0219277628 -0.046804592 0.0108327661 0.0206236765 0.00792118907 0.0160841569 -0.00632151123 0.0158692747 0.0188937038 0.00527265016 -0.00648455042 0.0430048071 0.0335082561 0.0221737288 0.00313483411 -0.000168209895 0.000640295446 0.0403881669 -0.0177073553 0.0141807375 -0.0188619699 -0.0205887705 0.00455733016 0.0176112503 0.0309717171 0.0563860275 0.0425524451 0.00903657358 0.00781854894 -0.039169535 0.0381688885 0.0346811377 0.0444266573 -0.0297885593 -0.0164902043 -0.013486946 -0.0131360395 0.0120713962 -0.0274818931 0.00194658339 0.0547929034 0.0272968914 -0.0715219229 0.0105140768 0.0222751983 -0.0032547228 0.000230740057 -0.0348546207 0.0188958999 0.0331968926 -0.0351444371 0.0183709711 -0.00660870969 0.0306470357 -0.0208114833 0.0149698686 -0.00129867345 0.000853742473 0.0193771645 -0.00111368485 0.0751576871 0.0115587767 0.0426330641 0.0368081853
0.0278265215 -0.0327110514 0.0214411281 0.0357485488 -0.00862050429 0.0281570721 0.000915164128 0.0272713602 0.0421834812 0.0180176627 -0.0100377733 0.0400569141 0.0300849807 0.0295003597 0.0154063022 0.0133227427 0.00381367374 0.0629873574 0.00501375785 0.0205695182 -0.0120462971 -0.0140923057 0.00319547765 0.0153861847 0.0376793072 0.0536445901 0.0387546346 0.0342554599 0.00539709767 -0.02694875 0.0557935536 0.0346170068 0.0363828577 -0.0176551193 0.000670431182 -0.00351312617 -0.00114956312 0.0230260305 -0.0195002854 0.0124126337 0.0462726802 0.0416512005 -0.0432832912 0.0192771703 0.0367075726 0.0210333094 0.0160004981 -0.0252947882 0.0206348002 0.0407375284 -0.0243372098 0.0209269524 0.000745493919 0.0365526937 -0.0182620771 0.014902072 0.0203876756 0.0110799791 0.0159007851 0.0101900948 0.0741480887 0.0152950175 0.0568112433 0.040956378
0.0535897873 -0.0150620677 0.0566592067 0.0422509164 0.0269840714 0.0618030988 0.0314199626 0.0561611019 0.0673239455 0.0301350895 0.0337444767 0.072624281 0.0505978316 0.0373797566 0.0185704846 0.0484389178 0.0133625446 0.0809592158 0.0241432302 0.0424337685 0.0279481858 0.0114580393 0.0207438804 0.0408018231 0.0608129948 0.0827245638 0.0561651327 0.0474203229 0.0354722291 0.00357774459 0.0706470236 0.0891694054 0.0769554526 -0.0124875652 0.0279786922 0.0278340094 0.0203106515 0.0467591397 -0.00579120126 0.0438207276 0.0720627457 0.0520695932 -0.0164514855 0.0452388301 0.0453986749 0.0383984745 0.0329813138 0.00828614272 0.0465130322 0.076631628 0.000506627839 0.0523680486 0.0218996797 0.0643355995 0.00201596972 0.0454443134 0.0292371195 0.0418454483 0.0327116251 0.027415894 0.113354705 0.0372388288 0.0677476525 0.0598413944
0.0672392547 -0.0189430825 0.0589869879 0.0469648391 0.029035436 0.0688195825 0.0313086137 0.0537630096 0.0761780143 0.0276654791 0.0339258499 0.0629814342 0.0523218364 0.0393389165 0.0140944077 0.0380580164 0.0220745057 0.0728577301 0.0256943591 0.0355180055 0.0232351273 0.0199385509 0.0278529804 0.0532181002 0.0623533353 0.0836196318 0.0570146292 0.0495439544 0.0321839526 0.00265938952 0.0658709332 0.0847398713 0.0817289352 -0.00438608229 0.0319186226 0.0317495465 0.0164938252 0.0577166304 -0.00803966727 0.0391638391 0.0745391324 0.0495567247 -0.0197316855 0.0484475382 0.052107282 0.0353299752 0.0361553505 0.0276588928 0.0431814454 0.0882155597 -0.00678947382 0.0439809076 0.0206601582 0.0628846586 -0.00325434562 0.0445945114 0.0281138159 0.0387561508 0.0298884585 0.0269642007 0.112701967 0.0496017858 0.0654582158 0.0610242933
0.0318065137 -0.0514595434 0.024385456 0.0207043476 0.000476399437 0.038812045 -0.00197361596 0.0202057138 0.0265783221 -0.00253099762 -0.0137378387 0.0269185323 0.0388472863 -0.0106436163 0.0128679946 0.00348716229 0.00296552572 0.0531263053 -0.00827913079 0.00346264523 -0.0262040105 -0.00300090574 0.0100373551 0.0104359221 0.0381984711 0.050834205 0.0511200354 0.0311492439 0.0156905632 -0.0365754403 0.062805362 0.0462873578 0.0357460082 -0.0375800356 -0.0208467599 0.00700095063 -0.00840545259 0.00442385674 -0.0161202066 0.000685218722 0.0373484604 0.040088661 -0.0785134286 0.0228158385 0.0401893817 -0.0044994452 -0.00126142567 -0.0268202275 0.0407471061 0.0268908851 -0.025578998 0.0337171555 0.000278560445 0.0266191028 -0.0258715674 -0.000835717656 0.000565033406 -0.0109367361 0.00780020654 0.0116265817 0.0692890733 0.0177965667 0.0382445343 0.0514068156
-0.0144806271 -0.0723618865 -0.0250929594 -0.00393229444 -0.0297996718 -0.0270559993 -0.0445558168 -0.0239174217 -0.0167183913 -0.0183961708 -0.0475345887 0.0105427708 -0.00409973785 -0.0144900111 -0.0263108183 -0.0386103168 -0.0147576155 0.0145904627 -0.0523346364 -0.0052771112 -0.048573114 -0.0444418788 -0.0242370646 -0.00705190189 -0.00448855199 -0.00772698969 0.0159072801 -0.00937862042 -0.0274554417 -0.0677175969 0.0174622089 0.00847462658 0.0180390477 -0.0624055043 -0.047694575 -0.0327768065 -0.0347471125 -0.0288722087 -0.0630671531 -0.0332803316 0.0251597017 0.00277038733 -0.112780757 -0.0144190006 -0.00993391685 -0.0557071269 -0.0252746977 -0.0651534349 -0.00517736701 -0.00899275392 -0.0472914055 0.00226325402 -0.0414422378 -0.0133755803 -0.0355111808 -0.0276056007 -0.0187204834 -0.044685863 -0.00958817825 -0.047406517 0.0346890613 -0.0328282788 0.0311546586 0.0231170319
0.0303923469 -0.0458102934 0.0206671581 0.0226403233 -0.00436351728 0.0231759511 0.0051208213 0.0269592069 0.0264679547 -0.0127184205 -0.0139005817 0.0288465135 0.0322786905 0.00882946234 0.0132326577 0.00343002193 0.00196629204 0.0424136519 -0.0208027586 0.00881917588 -0.0110718934 -0.010568128 -0.000124493614 0.0176535174 0.0400306396 0.0518736728 0.0333208963 0.0287089683 0.00762747927 -0.0215516202 0.0486129448 0.03798379 0.0443303362 -0.0289527476 -0.00243511796 0.00396436173 -0.00397788826 0.0217118338 -0.0249192286 -0.00184544921 0.0470611341 0.034371756 -0.060360495 0.0201222077 0.0317370258 -0.00081523601 0.00671788491 -0.0184155833 0.0268778652 0.0430170037 -0.0176577158 0.0245569441 0.010002207 0.0345419236 -0.015286237 0.0185578931 0.00991117954 0.00676228479 0.0252916478 -0.00282267667 0.0675729215 -0.00107230525 0.0409160033 0.0467673913
-0.0110106077 -0.0780817121 -0.00635119621 -0.00993001647 -0.0234871134 -0.0118080359 -0.0265707746 -0.0366811454 -0.00909177866 -0.00995499641 -0.0549578443 -0.00230433745 0.00895888172 -0.00834221765 -0.0158561729 -0.0305524208 -0.00753286295 0.0250704307 -0.0444565825 -0.0184145421 -0.063276045 -0.0356598869 -0.011255662 -0.023535002 -0.00980629586 0.00129284803 0.00413072575 0.000116587617 -0.0278686583 -0.0574968085 0.0293196179 -0.00660047308 0.0141102672 -0.0518827625 -0.0621370412 -0.0359955579 -0.0304058716 -0.0173681844 -0.047776103 -0.0263466872 0.01916546 0.00423711399 -0.0994260237 -0.0286215376 0.00434278045 -0.0487668253 -0.0225763619 -0.0408633798 -0.0137967672 -0.00805286504 -0.0469596088 -0.0193054713 -0.0412798785 -0.00777923502 -0.0444240421 -0.0186671913 -0.0117147109 -0.0508954525 0.00360335968 -0.0275144037 0.0488430038 -0.0196071323 0.0180396121 0.024852071
0.0126845418 -0.0650072172 0.0279394053 0.01040914 -0.00648881868 0.00875270553 -0.00698397495 0.00487748021 0.0179362521 -0.00394122303 -0.0262353346 0.0211806148 0.0105882455 0.00950179622 0.00945303589 -0.00824479386 -0.0107715605 0.0563454702 -0.0177575015 0.0224970318 -0.0218042657 -0.0200573429 -0.00675037922 0.0113666775 0.0274224132 0.0347131714 0.0336787738 0.0225562956 -0.00557362754 -0.0261557456 0.045213446 0.0312021151 0.0456695147 -0.0413079262 -0.0311615784 -0.0243039243 0.00209821947 0.0123938229 -0.0306815635 0.00457580201 0.0263159461 0.0379313938 -0.0711694583 0.00173304975 0.0396934077 -0.0112508284 0.0130035635 -0.0191102885 0.0289536156 0.0390415862 -0.0439064018 0.0321310833 -0.00145188626 0.0260861143 -0.0187183134 -0.00229961798 -0.00402815454 -0.0216129906 0.025158342 -0.010976023 0.0681862533 0.00509260315 0.0407029428 0.0470177159
0.0548926666 -0.0379760042 0.0434382893 0.03220075 0.00310549699 0.0534612015 0.0202810485 0.0334175155 0.0563334823 0.004964903 0.0143228434 0.0368633941 0.0363589562 0.00584388152 0.0239965618 0.016251104 0.0114653548 0.0724672303 0.00524704717 0.0288712531 -0.000989714637 -0.00621800404 0.0121174287 0.0293126218 0.0488807485 0.0571349449 0.0523846373 0.040347863 0.0171336755 -0.00528690498 0.0570969842 0.0618771985 0.0643603802 -0.0179463532 0.0123590715 0.0168020613 0.0145290969 0.0245680697 -0.0114510413 0.0195911191 0.0479342602 0.0458465144 -0.035155952 0.0379786603 0.0473968834 0.0124939568 0.0238391683 0.0146419499 0.034176778 0.0713998303 -0.0138488151 0.0367373303 0.0137996301 0.0586540103 -0.0125335641 0.0204379801 0.013622568 0.0131568145 0.0227457881 0.0161930248 0.0974739641 0.0284820832 0.0580317862 0.0486816466
0.0561055765 -0.0334792174 0.0436813124 0.046349898 0.0110626463 0.0467883795 0.0169285554 0.0287518613 0.0527668223 0.00591989048 0.011274403 0.0350524783 0.0403368026 0.011956702 0.0213272572 0.0192936566 0.00856342074 0.0589110628 0.00203563157 0.028066095 0.000918699428 0.0103722522 -0.00207768939 0.0354233384 0.0572365262 0.0744526833 0.061193049 0.0519150421 0.0296005309 -0.0140178995 0.062450543 0.0453913808 0.0620459691 -0.00705935247 0.00409836695 0.00927966274 -0.00173681322 0.043313954 -0.0291278828 0.0204053316 0.0584621131 0.0438913256 -0.0396234952 0.0430409089 0.0438243598 0.0201302283 0.024487894 0.00800179876 0.0473396219 0.078781575 -0.0274947621 0.0356547236 0.0176411904 0.0527569577 -0.0170755871 0.0195318814 0.00943735708 0.0201996434 0.0194615237 0.0192814395 0.0910361558 0.0283066649 0.0628762692 0.0529768988
0.0323589444 -0.0253597442 0.0448574796 0.0389595926 0.0210577771 0.0395240374 0.0123395389 0.0361506566 0.0438977517 0.0214711502 0.0188464746 0.0511046201 0.0379760899 0.0252340417 0.0119211907 0.0196942445 0.00564838573 0.0466803759 0.00503551587 0.029920619 0.00937447697 0.00857807789 -0.00928571541 0.0356912352 0.0506659374 0.0799402073 0.0456108265 0.0425085649 0.0250880495 -0.0183437429 0.0637906864 0.0630930364 0.0644106418 -0.0148351779 0.0214346144 0.0058588055 0.0128457211 0.0381942056 -0.0272556674 0.0235954933 0.0645079762 0.03334108 -0.0388709307 0.0444750972 0.0414111316 0.0201934446 0.0131000392 0.0102279224 0.0473706089 0.0660384595 -0.0238727145 0.0169529933 0.013424498 0.064918533 -0.00562524609 0.0409319364 0.0272283647 0.0244126879 0.0346185975 0.00563118514 0.0876662135 0.00891162269 0.0625654086 0.0483963415
-0.0424039625 -0.104558684 -0.0509433076 -0.0314837918 -0.0478348248 -0.0513556525 -0.0843195096 -0.082372874 -0.02984697 -0.0201668367 -0.0891721845 -0.0223739408 -0.0349512771 -0.0191208757 -0.0436653085 -0.0708021447 -0.0142661184 -0.0177724417 -0.0772003531 -0.0265982933 -0.114317648 -0.0727051795 -0.0412766151 -0.0647884905 -0.0313005522 -0.0631100237 -0.00898388866 -0.0363258459 -0.0482265987 -0.10404823 -0.00464588311 -0.0577092245 -0.0281394273 -0.0766406357 -0.111565597 -0.0744263381 -0.0515583716 -0.0589159019 -0.075949192 -0.0546294488 -0.036001578 0.00483757257 -0.13830936 -0.0613005683 -0.0251112748 -0.0898741558 -0.06822934 -0.0852251798 -0.0295953173 -0.0462427065 -0.0743397027 -0.0409234241 -0.0774883255 -0.0557777323 -0.0755730793 -0.0694345534 -0.0302254613 -0.102435201 -0.0272843279 -0.0797607154 -0.0126203718 -0.0487494133 0.00948700681 -0.00193664618
0.0101580657 -0.0462841764 0.0232106894 0.0211606137 -0.00190509669 0.0335854813 0.00547579769 0.0130452346 0.0386244878 0.00745156966 -0.0149162877 0.0298296139 0.0174718425 0.00460373238 -0.0107261706 -0.00154045224 0.00816564821 0.0455740206 -0.00669162301 0.0110108349 -0.0233803019 -0.0156667866 -0.00130289234 0.0172536112 0.0344137251 0.0397646762 0.0330622904 0.025593657 0.00598697737 -0.0207267776 0.0490910411 0.0461327285 0.0346378461 -0.0380976722 -0.0124817863 -0.0114535 0.0100055784 0.0215536226 -0.0374088511 0.00491376221 0.0337915607 0.040175736 -0.0741781741 0.0209668688 0.0432232022 -0.00370855862 0.00682662334 -0.0072145476 0.0410729498 0.0367627032 -0.0327234566 0.0210439656 -0.0104111955 0.0288417302 -0.0266068373 0.0137273446 0.00996263977 -0.0149481427 0.0183851104 -0.00240957458 0.0694833994 0.00688954024 0.039691519 0.0501973741
0.00579738058 -0.0655168593 -0.0156116243 0.00365886209 -0.0218379088 0.00362176029 -0.0266402904 -0.019484764 0.0130615737 -0.0084129069 -0.0427835733 0.00497353869 0.000111170113 -0.00766410865 -0.0164712761 -0.0237442218 0.00462125242 0.0154834613 -0.0325027555 0.00439934526 -0.0497007519 -0.0243732873 -0.0241542291 -0.00117433444 0.0139020849 0.0118244775 0.0130084688 0.001436322 -0.00495531922 -0.049271591 0.0281953849 0.0128660426 0.0127775688 -0.0421924852 -0.0395132862 -0.0374658965 -0.0214307848 -0.0122163454 -0.0486716367 -0.00239138305 0.020837605 0.0247658994 -0.0897164568 0.000415269285 0.00358655211 -0.0230314024 -0.0278969109 -0.0276833586 0.012558002 0.00784645975 -0.0351346396 0.00988992117 -0.0343271233 0.00491321972 -0.0479628816 -0.00664642733 -0.0124001754 -0.0300436616 -0.00424223021 -0.028321743 0.0466943271 -0.0130029041 0.0285657775 0.0328072459
0.0472991914 -0.0395801067 0.0296795778 0.026794754 0.00824965537 0.0255480949 0.00747983996 0.0218381975 0.0333122462 0.00430174358 0.00269578956 0.0239997841 0.0434006341 0.00857778266 -0.000151045388 0.0109597631 0.0110771991 0.056258224 -0.0150416903 0.0208013263 -0.00632005464 -0.0057034241 0.00380110648 0.0212717801 0.037829414 0.0562505238 0.0420292169 0.0348407775 0.0182263255 -0.0143658994 0.0534877591 0.0405619517 0.052139964 -0.0154873962 -0.00854527205 0.0127017274 -0.0166115202 0.0185308605 -0.0198996849 0.00657027029 0.0539423823 0.0324919261 -0.0522024892 0.0193992108 0.033655718 0.0170315579 0.0159811135 -0.00669169007 0.0383053496 0.045010455 -0.020544637 0.0241105556 0.0032614395 0.0311363097 -0.0214239396 0.0272244308 0.00780076347 0.0107367057 0.00916594919 0.013939688 0.0853912234 0.0300553143 0.0405751839 0.0586549193
0.0335152149 -0.0411473662 0.0320640802 0.0310092103 0.00755126216 0.040137209 0.0119278384 0.0319326259 0.0374729671 0.0103427256 0.00154148415 0.0416797474 0.0420854948 0.0242754109 0.0320546888 0.0150813758 0.0104967039 0.050004825 0.00385869131 0.0230193436 0.00206084177 -0.00613659434 0.0177227315 0.0277963057 0.0364904366 0.0613910332 0.0464813784 0.0407327339 -0.00571211148 -0.0231527798 0.0620394126 0.0544821396 0.0614111051 -0.0271922592 0.00759514049 -0.00192045979 0.0115539031 0.0149848443 -0.0301887188 0.0191225074 0.0487736538 0.0381191485 -0.0596994013 0.031024076 0.0302065331 0.00742921513 0.0207734779 0.00624980405 0.0163965244 0.046145089 -0.0167869311 0.0277689807 0.00716848485 0.0510206483 -0.0122927083 0.0192276239 0.0131474119 0.00298436848 0.0170856398 0.0172294918 0.0724633187 0.0180279128 0.045192007 0.042870298
0.036419224 -0.0347791798 0.0438541993 0.0290816426 -0.000967221335 0.0403388776 0.0135116531 0.0298415571 0.0482880473 0.00362048671 -0.00392221194 0.044518359 0.0305440892 0.0252177976 0.00682425871 0.0150092188 0.0128845312 0.0603723824 0.00660149334 0.0296508018 0.00044309441 0.0091285212 0.0137816994 0.0378665477 0.0500500239 0.0648638308 0.0365175791 0.0358620435 0.00891518593 -0.0170994401 0.0576798655 0.046548456 0.05396083 -0.0214527156 -0.00295049697 -0.000878753141 0.00515905209 0.0287552122 -0.0114064915 0.022470843 0.0531612113 0.0450874344 -0.0502630323 0.0326550268 0.0404088683 0.0167954378 0.0178916566 -0.00342007587 0.0351796076 0.0520104915 -0.0312709622 0.0358621329 0.00215100311 0.0422973223 -0.0197772067 0.0181262121 0.0144832041 0.00954838004 0.0255489014 -0.00357790105 0.0828469992 0.0267096404 0.0553161651 0.0442070141
0.0593194067 -0.0246007293 0.0447335243 0.0498632863 0.0180743132 0.0524886809 0.0226060674 0.0531877726 0.0615624525 0.0139909703 0.020672664 0.0573465712 0.0520644486 0.0254146345 0.0302303284 0.0304993894 0.0172003023 0.0665343851 0.0256408975 0.0380568393 0.0232744776 0.00183106214 0.0245153047 0.0567180067 0.0470246226 0.0835536718 0.0560163595 0.0499286018 0.024467729 0.00941811688 0.0617143624 0.07084997 0.0745622292 -0.012680823 0.0210898854 0.0289820433 0.0213193856 0.0553552359 -0.0124553256 0.0263051726 0.0720477551 0.0484191179 -0.0259419866 0.0430328809 0.0420968868 0.0268777646 0.0370693132 0.0152048338 0.0437967256 0.0823305547 -0.0213224143 0.0361840911 0.0257090889 0.0685912222 0.000624601729 0.0429121144 0.0274007525 0.0420221277 0.0247601029 0.0215204358 0.0997612178 0.0421255007 0.0669701323 0.053280659
0.0646077916 -0.00959615503 0.0725726411 0.0500504747 0.0278364848 0.0847149044 0.0561616048 0.0685883909 0.0874033943 0.0141765727 0.0405733176 0.0761220753 0.0664586648 0.0407517478 0.0319218785 0.0467164181 0.043736279 0.0895263925 0.0472644605 0.0386979952 0.0431727655 0.0157376714 0.0396859087 0.0646772012 0.0824520886 0.0966785252 0.0632448941 0.0615745559 0.0277576186 0.0310193747 0.0783562288 0.0960865021 0.0739762932 0.0110113341 0.0387441032 0.036010325 0.0264781099 0.0576314293 0.00255154539 0.0470314994 0.0925109833 0.0592737086 -0.015851507 0.0565062538 0.0626433194 0.0601947308 0.0405494161 0.0377040356 0.0554263555 0.0933830291 0.00594325224 0.0714757964 0.0298186429 0.0753552765 -0.000619224273 0.0615252107 0.0250680801 0.0443778299 0.0314972661 0.0623548329 0.114787474 0.0580899715 0.0692796633 0.0694578439
0.00621458143 -0.0717305541 -0.00745628076 -0.00888598897 -0.0157589652 -0.0193497334 -0.0289288256 -0.0279861446 -0.00842095912 -0.0027093729 -0.0547951609 -0.00493957009 0.00813862588 0.00223013572 -0.0067390101 -0.030749239 -0.00753786042 0.0128393807 -0.0501443371 -0.00653255079 -0.0576973706 -0.0331257358 -0.0214702468 -0.0204019323 0.00317378715 0.00137867965 0.0213142671 0.00106290448 -0.0243238658 -0.0640218854 0.02340669 -0.00642404612 0.019938983 -0.0383299664 -0.0575404651 -0.0468767062 -0.0267201066 -0.0136857415 -0.0570839494 -0.0231862795 0.018804729 0.00295991451 -0.0958173722 -0.0189610384 -0.00316039287 -0.0281038098 -0.020145271 -0.0437075719 -0.0131421145 0.00238652062 -0.0424504504 -0.00148440828 -0.032758154 -0.00705921324 -0.033900626 -0.0210243966 -0.0112649584 -0.0350924358 -0.00420768652 -0.0242327098 0.0409195684 -0.0109572429 0.0131752379 0.0274692103
0.0131888604 -0.0827617273 -0.0036267261 0.0016541417 -0.0259828027 -0.00699040061 -0.0355071761 -0.0270246752 0.00202376721 -0.0105986027 -0.0529796854 -0.00384947006 0.00619143248 -0.000671579503 -0.0184967592 -0.0242938008 -0.00168110337 0.0141636021 -0.0547102876 -0.00197919272 -0.0567561574 -0.0270671062 -0.0103543978 -0.0299061351 0.0242750142 -0.00219801068 0.0283619519 0.00181690324 -0.0109451395 -0.0666368753 0.0301825423 0.0103302598 0.0224981848 -0.041167818 -0.0594653003 -0.0381927453 -0.0218300801 -0.0212259479 -0.0482424125 -0.0188836791 0.00843054615 0.0246986188 -0.112023905 -0.0152774043 0.0103035942 -0.031000331 -0.0182682239 -0.0400784463 0.0164600573 -0.00612550322 -0.0334742665 0.0171653405 -0.032831572 -0.0154499039 -0.0384994783 -0.035984613 -0.0161734335 -0.0523006693 -0.00139368977 -0.0178372785 0.0315729044 -0.00730747869 0.0235574283 0.0331303813
0.0358829685 -0.0404957831 0.0298516043 0.0122761494 -0.00414810143 0.024734877 -0.00265231729 0.018531559 0.021608077 0.0199151225 0.00286440365 0.0315969661 0.0332275108 0.0112135522 0.0130690122 0.00429757498 -0.00253309589 0.0549089685 -0.0177174583 0.0159198251 -0.01214003 -0.0272634849 0.003381202 0.013333641 0.0288358033 0.0338021666 0.0355749317 0.0229728166 0.00164934143 -0.0257436745 0.04547254 0.0466153175 0.0526013747 -0.0271467399 -0.00150422379 -0.00265035313 -0.00183049217 0.00627472624 -0.0235303957 0.0115513094 0.0399098769 0.0404390693 -0.0527092814 0.00720563903 0.0269324612 0.00950139202 0.0117444815 -0.0287715849 0.011014631 0.0341969766 -0.00570543297 0.0355344974 -0.00890013017 0.0394758098 -0.019118119 0.0120030455 0.00169638731 -0.0015327849 0.021759849 -0.00451579224 0.0615725294 0.00934476592 0.0418073758 0.0464909971
0.0235618465 -0.0531005971 0.0188075416 0.0276958849 -0.00365872681 0.0222623385 -0.00112286583 0.00270924205 0.0313457996 0.0075414218 -0.00636286847 0.028644219 0.0140581867 0.0106341494 0.00470635435 0.00948411226 0.0140834069 0.0437236577 -0.0175062567 0.0165441521 -0.012594291 -0.00789777283 0.00883015059 0.0210186411 0.0425663069 0.0370596014 0.0318893492 0.0373299904 0.0020086416 -0.0335947722 0.052497685 0.038919121 0.0467075482 -0.0313703418 -0.00574834086 -0.0121408608 0.00562931132 0.0194905177 -0.040069636 0.00598603487 0.0398727059 0.0320601314 -0.0739604756 0.0103595555 0.028379282 -0.00942244474 0.00298553216 -0.00357258739 0.0266155973 0.0489012003 -0.0278158952 0.0248589218 -0.00786717236 0.0301265195 -0.0297858175 0.00615009991 0.00624726713 -0.020039117 0.0176819805 -0.00548951607 0.0593332201 0.00459288806 0.0467059873 0.030249767
0.0597694963 -0.0142818149 0.0617403388 0.0447074063 0.0235154815 0.0701679438 0.0375628471 0.063962236 0.0657218993 0.0193579048 0.036701791 0.0705274343 0.0586290434 0.0291267373 0.031606447 0.0473794565 0.0269992277 0.079081662 0.0353227407 0.0402925871 0.0227582678 0.00615297258 0.0374383889 0.0532337204 0.0696040913 0.0969392955 0.0629912987 0.0564944074 0.027174864 0.0035189637 0.0646495968 0.0839989856 0.0791811123 -0.000847117975 0.0358987972 0.0345736407 0.0279567987 0.0355543792 0.017821487 0.0367392302 0.0783234015 0.0557352602 -0.0288206786 0.051901184 0.0612316653 0.0456799269 0.0347860307 0.0245699063 0.0455980785 0.0774903893 0.00112964935 0.0628295392 0.0277852062 0.0637239814 -0.00581721868 0.0373824015 0.032894969 0.0329335332 0.0362797976 0.0335745327 0.104467824 0.0470162965 0.0609358773 0.0571687892
-0.0106490562 -0.0616628863 -0.0205669142 0.00105967908 -0.0205434225 0.00184943015 -0.035016153 -0.0250655673 0.00239549298 -0.00226508081 -0.0372550115 0.00898361392 -0.0073177563 -0.00401436631 -0.0159738027 -0.0182608124 -0.00535020418 0.0256326739 -0.033526022 -0.00918443501 -0.052117005 -0.042910412 -0.0182558615 -0.00998004805 0.00319453515 0.00547936466 0.0133016277 0.00524420757 -0.0128514897 -0.0556456968 0.0354728624 0.0237606615 0.0172735304 -0.0580074415 -0.024549529 -0.0310789868 -0.0105802855 -0.01448406 -0.0503752008 -0.0201034695 0.014815378 0.0179708544 -0.0986872017 -0.0109055936 0.015511198 -0.0417437442 -0.0181970317 -0.0332286209 0.00376610085 -0.00765676331 -0.0378447399 0.00329019176 -0.0349569805 0.00724060275 -0.0284544509 -0.017856298 -0.00418977253 -0.0436768234 0.0070725223 -0.034392193 0.0368853882 -0.0321171843 0.0268944763 0.0213487577
0.0392843746 -0.0314406231 0.0258307774 0.0233561918 -0.00748832151 0.0452802069 0.0134981293 0.0381328128 0.0391280651 0.00327907875 -0.000287251081 0.0389869921 0.0368008614 0.00628317147 0.0141589437 0.0102106426 0.0143491253 0.0563434437 0.00022642687 0.0222406108 -0.00016617775 -0.00863264594 0.0181413274 0.0433715209 0.037484698 0.0507528558 0.0430481881 0.0367095768 0.0136034479 -0.00980864838 0.0592584647 0.0640177578 0.0596770942 -0.0278313328 0.0137459841 0.0112389708 0.0107355528 0.0312289856 -0.019125551 0.00531196594 0.051891204 0.0329315551 -0.0609965473 0.0339788795 0.0373265892 -0.00342702027 0.0295367762 -0.000596706755 0.0280658081 0.0428794734 -0.0121975159 0.0398837924 -0.00448619947 0.0459394604 -0.00351769198 0.0171023514 0.0232375097 0.0075582033 0.0174194798 0.00760812499 0.0952965021 0.0190671459 0.0418639705 0.0473263115
-0.0403090864 -0.091970548 -0.0263668951 -0.0266766585 -0.0330732912 -0.0413456857 -0.04415356 -0.0627015531 -0.0383145921 -0.021199638 -0.0698082969 -0.0169084743 -0.0222650804 -0.0220353696 -0.0476571992 -0.0514550805 -0.0252173264 0.00449787267 -0.062721774 -0.0223737415 -0.0834880695 -0.0609600991 -0.0509743094 -0.0628459975 -0.0217814501 -0.0404631011 0.0102207623 -0.00980884675 -0.0346898846 -0.0714355558 0.0222808234 -0.0191157572 -0.00584524777 -0.0655649081 -0.0895011127 -0.0442259796 -0.0354504958 -0.0398890749 -0.066277355 -0.0546061546 -0.00686336868 0.00154549535 -0.139990792 -0.0452362038 0.000915551558 -0.0761117116 -0.0481956005 -0.0705002472 -0.00104787177 -0.0417887121 -0.0669692159 -0.0327479132 -0.0604894459 -0.0345589593 -0.060005296 -0.0419631191 -0.0268104523 -0.0840751827 -0.0199043658 -0.0537880249 0.00269810297 -0.0471495874 0.00787045062 0.0287665017
0.0295982827 -0.0381896533 0.00965850987 0.0264565535 0.00594295003 0.022880327 0.00260139722 0.0277193822 0.0283766408 0.00599395111 -0.0108903479 0.0327539518 0.0287197493 0.00856704079 4.67696227e-05 0.00436171703 0.0162168741 0.0414717123 -0.0132958554 0.0202064142 -0.0152568445 -0.0116823837 0.00385238603 0.0168241337 0.0336206667 0.0427440554 0.0369440466 0.0219681766 0.013580597 -0.0296749286 0.0378966071 0.0480051003 0.0440864787 -0.0283855293 -0.0102704521 -0.00627008965 -0.00121659972 0.00739500113 -0.033120662 0.013517933 0.0487547256 0.0322713181 -0.0625835359 0.0155613944 0.0256629214 0.00929383282 0.00360908359 -0.0193671212 0.0294658393 0.0357912369 -0.0158289727 0.0299114063 -0.00363578554 0.0272497796 -0.0271227807 0.0174869839 0.00328873657 0.00240801577 0.0154385297 -0.00230692141 0.0817645937 0.014941521 0.0405845344 0.0493339449
0.0205459818 -0.0671034306 0.0186850317 0.00609896146 -0.0125248134 0.0199879706 -0.00240918435 9.50843096e-05 0.0213981383 0.00316429976 -0.0270376317 0.0179310478 0.0191999301 0.00250054896 0.00157036819 -0.00586837903 0.00450940523 0.0468525402 -0.022602262 0.0113454144 -0.0327471495 -0.012721533 0.00303551974 0.00906311348 0.0355869532 0.0331512913 0.0309352335 0.0221481044 -0.0105884708 -0.0443659499 0.0503480956 0.028463684 0.0302121807 -0.0382418334 -0.0275255963 -0.0307457335 -0.000698495656 -7.0524402e-06 -0.0316726901 -0.00595332496 0.0213744286 0.0282347016 -0.0845603049 0.00538669154 0.0302728377 -0.00877306517 -0.00486465497 -0.0163800847 0.0160328913 0.032663323 -0.0220168084 0.0304866973 -0.0198972784 0.0210662019 -0.0312862769 0.000380075537 0.00155456737 -0.0261618141 0.0183898751 -0.00322046224 0.0584168434 0.000729210209 0.0335395373 0.0350863598
0.0795193315 -0.000214790925 0.0876631886 0.0579411983 0.0502393842 0.0775469542 0.0587976389 0.0814249963 0.0819211751 0.0396891497 0.0530116372 0.0927402526 0.0727512687 0.0583902784 0.0297693871 0.0664030313 0.0215446912 0.106790334 0.0442140847 0.0514861718 0.0646126345 0.0224312879 0.0310925711 0.0809181035 0.0965348482 0.129713386 0.0766367018 0.0666071922 0.0400970951 0.0260933116 0.0779727921 0.118398912 0.102321982 0.0227643512 0.0579097345 0.0510896929 0.0421298556 0.0777533352 0.00465401262 0.0478188805 0.109463021 0.0643771142 -0.0138728311 0.0596794784 0.0727353022 0.0654330403 0.054882668 0.0395509675 0.0557339787 0.12705709 -0.00182397256 0.078372553 0.0465042368 0.0858679414 0.0209884457 0.0692858994 0.030313747 0.0716355518 0.04261842 0.0549465008 0.129879147 0.0714652538 0.078050226 0.060863629
0.0306369886 -0.0378121883 0.0422031954 0.0192499291 0.0159855559 0.0506477058 0.0155560672 0.0304351356 0.056388054 0.00857705064 -0.00184139796 0.0593571663 0.0480974168 0.027496567 0.0216868743 0.0199528132 0.0186478049 0.0574081801 0.0168032199 0.0130950501 0.0113031222 0.00664683245 0.0138618369 0.0377166793 0.0522278696 0.0734934956 0.0372838303 0.0448024571 0.0164722875 -0.00498945965 0.0547041744 0.0696310699 0.0533354133 -0.0209184159 0.0123207122 0.0121403141 0.0123075768 0.0296810381 -0.0117735444 0.0294574257 0.0703751817 0.0467876308 -0.0560966581 0.0316654146 0.0403139144 0.015721688 0.0153752696 0.0072134519 0.0280950963 0.0566216819 -0.017398268 0.0439857543 0.00288949348 0.0510463417 -0.0191146769 0.0216127411 0.0105150696 0.00898228586 0.0258177947 0.0182450935 0.0927304327 0.0216691829 0.0435868502 0.0455363952
0.00108240172 -0.0658879876 -0.0169910006 -0.000908994582 -0.0483576022 -0.00524682365 -0.0359501801 -0.014247857 0.00891869888 -0.0111147147 -0.0600711033 -0.00578299863 -0.00934020244 -0.0087927971 -0.0265608691 -0.0382993333 -0.0122907674 0.0252112225 -0.0413148999 -0.00334046874 -0.0607283972 -0.0399821587 -0.0377161875 -0.0150687452 -0.000203199685 -0.0125190876 0.00371689163 -0.00475054979 -0.0184122343 -0.0602992736 0.0151404832 0.0136971734 0.00698473444 -0.0463048667 -0.0468586236 -0.0386549644 -0.0273813047 -0.0245553534 -0.05203899 -0.0193214752 0.0128476908 0.0159238782 -0.0907694548 -0.0134136975 0.0112884715 -0.0357073247 -0.016594626 -0.0470923707 0.000977661461 -0.000589967705 -0.0288901329 0.00110445404 -0.0400164574 -0.00532765966 -0.03325269 -0.0263714176 -0.0123025542 -0.0428994298 0.00535402726 -0.0495964214 0.0480956994 -0.0267336667 0.0289507043 0.0297217127
-0.00387768727 -0.0674102902 -0.0042110146 -0.00600084197 -0.0251871292 -0.0135237211 -0.0376195833 -0.0150625259 0.00464429986 -0.0205677152 -0.0478606857 0.00162664661 0.000512052327 -0.0135954572 -0.0172048155 -0.0321112052 -0.0156368688 0.0111726671 -0.0462648943 -0.00229414552 -0.0428205356 -0.0255696923 -0.0277408566 -0.00651677186 0.00850149058 0.00242618844 0.0156284273 0.00489891134 -0.0039355699 -0.050587967 0.028465867 0.0325258523 0.0178294629 -0.0449856222 -0.0402837843 -0.0229617842 -0.0221644454 -0.0210118964 -0.0498659015 -0.0186501108 0.0254485272 0.0167622697 -0.0972807258 0.00116585195 0.00219393242 -0.0439379774 -0.023716338 -0.0409208164 0.0168978516 0.00297618215 -0.042843163 0.00567164831 -0.0252744518 -0.00778519269 -0.0308294483 -0.029392153 -0.0150461653 -0.0427269861 0.000710819848 -0.0394757651 0.0426847786 -0.022323655 0.0281044543 0.0303066373
0.0702410713 -0.000417517498 0.0546748787 0.0575399771 0.0344822258 0.0762566924 0.0440785214 0.0649919361 0.0891505778 0.0370329544 0.0446370691 0.0746131092 0.0660834685 0.045608595 0.0367481932 0.0423435681 0.0261377506 0.0857955813 0.0496169701 0.0491187833 0.0267603751 0.00960180629 0.026109824 0.0638538077 0.0678960681 0.107446298 0.0687134713 0.0597791038 0.0354364328 0.00090467371 0.0684036538 0.0884110034 0.0894264206 0.00903374236 0.0558715351 0.039129965 0.0312403366 0.0620156452 0.00269228127 0.0335509144 0.086708121 0.0412985906 -0.0179427005 0.0598003529 0.0639160872 0.0524593145 0.0561729893 0.0438384786 0.0491160303 0.0845231935 -0.0054249065 0.0532201752 0.0281382762 0.0920790881 0.0122128734 0.0557113178 0.0500887409 0.0589366518 0.0488297716 0.055490572 0.118092075 0.0435811877 0.0709994137 0.0569334179
0.0360486805 -0.0393584669 0.0368822701 0.027040638 -0.0112497471 0.0354076922 0.00103648938 0.0236629751 0.0459829047 0.0116823278 0.00308677927 0.0292255729 0.0294640027 0.015958447 0.0186695494 0.00943495519 0.0154949455 0.0536417328 0.00851805229 0.0260233637 -0.0136813344 -0.0047041215 0.00487760454 0.0267428812 0.0409701765 0.0533662029 0.0299640261 0.0432822332 0.0103038624 -0.0260289237 0.0580306463 0.0442030132 0.0488536023 -0.0257066041 0.00194905885 -0.00224157562 -0.00446510501 0.0205274299 -0.0124715865 0.00581949763 0.0458567813 0.0314011462 -0.0577333868 0.0242916755 0.0348228216 0.00826630089 0.0134656094 0.00553504145 0.0355533175 0.0480911732 -0.0157178678 0.0302516874 0.000447869301 0.0409517847 -0.016967101 0.00978524052 0.0219260231 -0.00537969265 0.0227139648 0.00764640421 0.0759112537 0.0140925795 0.0463380851 0.0456555188
-0.000185878947 -0.0754207298 0.0149104502 -0.0106832711 -0.00909695402 -0.0168132894 -0.0318544768 -0.0242905617 -0.00399027579 -0.000767555088 -0.0420795046 0.0121168047 0.0153806917 -0.00359465182 -0.00586685119 -0.0295701586 -0.0103099076 0.0277752969 -0.0395951942 -0.00706307963 -0.03896356 -0.0259003956 -0.0088030193 -0.00528726075 0.00943223387 -0.0107218595 0.0166539084 0.0178396069 -0.0203125793 -0.0498913005 0.0332620218 0.0129148904 0.0329009145 -0.0575172156 -0.0563800111 -0.0365943313 -0.0190721639 0.00360296667 -0.0459134132 -0.0127851777 0.0220520217 0.0195487663 -0.0979953259 -0.0181468949 0.00804332085 -0.0563875139 -0.02292661 -0.0447318368 0.00195441628 0.0236539356 -0.0541834757 0.000407777727 -0.0297906417 0.000311332289 -0.0439487137 -0.0164370388 -0.0139396451 -0.0523158908 -0.00258830562 -0.0377311856 0.0486154594 0.000589903677 0.0267046597 0.0222364757
0.0530538708 -0.0159935877 0.054535944 0.0413758047 0.0424542017 0.0679366216 0.0390894711 0.0416535661 0.0748221949 0.0287520941 0.0272084568 0.0616364554 0.0565702766 0.0366779715 0.0234545283 0.0502508096 0.0356393605 0.0854021385 0.0284635723 0.0307098925 0.0300515946 0.0111263869 0.0467489175 0.0466665775 0.0606582612 0.0980631039 0.0559534132 0.0514190756 0.00948302168 -0.00492923334 0.0647723526 0.077826567 0.0717377961 -0.000594286248 0.0268223137 0.0217529517 0.0304685924 0.0514578894 -0.0085747689 0.0260304026 0.0724568814 0.0417215452 -0.0380575769 0.0318836458 0.0406794883 0.0356105864 0.0349094309 0.0339950658 0.0357072651 0.0803313255 -0.0218899604 0.0438766479 0.0126741361 0.0498492457 -0.00353670586 0.0470031798 0.0275311284 0.0329598337 0.0347994491 0.0505817644 0.106053077 0.0500467271 0.0598128736 0.0531451926
0.038066905 -0.026353417 0.0367984995 0.0297250021 0.00680608209 0.0516003817 0.0188804064 0.0388547964 0.0559424497 0.0109816063 0.00123884901 0.0426353328 0.0428003259 0.0175213777 0.0157918446 0.0312776752 0.0178724509 0.062067274 0.0178175606 0.0158633739 0.00774586666 0.00470385049 0.0108154342 0.0277493186 0.0517751761 0.0656853765 0.0426419191 0.0455335602 0.00851062313 -0.0112241292 0.0522548333 0.0592716336 0.0487449244 -0.026472006 0.0193260591 0.0101954611 0.00783403032 0.0268875211 -0.0262214821 0.020211976 0.0520725325 0.0441032797 -0.047243163 0.0325200781 0.0289721638 0.0253251567 0.0209848061 -0.00211434066 0.0310698058 0.0610241815 -0.00296771643 0.0524070859 0.00715454482 0.0369192138 -0.0187138394 0.0302032027 0.0128351059 0.0152834002 0.0265011061 0.00613267627 0.0803659484 0.0205800459 0.0526192412 0.0548441112
0.00802961737 -0.0779632926 -0.000517681707 0.0179882441 -0.0255116131 -0.00253643305 -0.0327617228 -0.0012909756 0.0204143766 -0.0114994422 -0.0351777039 0.0359614305 0.00340923481 0.0143365581 -0.0185649786 -0.0236417726 -0.000557090156 0.0224658381 -0.0337031893 0.00761662424 -0.0325585976 -0.0325788781 0.00152725168 -0.0065876795 0.0170738641 0.0162329115 0.0117837777 -0.00206791051 -0.00498767849 -0.0435055494 0.0320887826 0.0319239534 0.0234750956 -0.0393473171 -0.03981537 -0.0138596995 -0.00879768375 -0.00472179055 -0.0242644679 0.000991191715 0.0310649555 0.0321006626 -0.098092936 -0.00691040605 0.0253879018 -0.0349710323 -0.0123181492 -0.0295346994 0.0215972178 0.0102657452 -0.0522235706 -0.00456207292 -0.0263166036 0.0112955384 -0.0332368314 -0.0216447022 0.000584468246 -0.0461328551 0.00927362405 -0.0203589089 0.0593763888 0.00320128445 0.0472494327 0.0283803008
0.0142094586 -0.0562986769 0.002639513 0.011508299 -0.03109142 0.00636640564 -0.0127251977 0.00496091647 0.0141186872 -0.0104646664 -0.0306110792 0.0168558508 0.0186576974 -0.0011989167 -0.0190911964 -0.0104376413 -0.00791577809 0.0346721373 -0.026347233 0.011850643 -0.0247086249 -0.0223092213 -0.00438358635 0.0136428485 0.0198136941 0.0268703438 0.0212867446 0.0066479519 -0.00918588135 -0.0507694036 0.0422899649 0.037570931 0.0306736007 -0.0404609218 -0.0262137726 -0.0141839124 -0.0188951511 -0.0017302325 -0.0383869521 -0.0183943436 0.0370386615 0.0179990847 -0.085119009 0.0067647472 -0.00199409062 -0.0345761478 -0.00504085794 -0.0407329947 0.00529052503 0.0130906152 -0.029715959 0.00961176213 -0.0249393433 -0.000177186914 -0.0238745715 0.000429317355 -0.000348699279 -0.0207704175 0.0100047328 -0.0252800658 0.0595689788 -0.0127399061 0.0476201549 0.0368713737
0.0454658307 -0.0307754315 0.0322483666 0.0415131077 -0.00605381932 0.0318104215 0.0206536967 0.0412252061 0.0402103886 0.0134496354 0.0142854508 0.0428309105 0.0473504029 0.0171252917 0.00881070644 0.0189954974 0.0109813521 0.0598794818 0.00674098451 0.037309628 0.013859435 -0.0129333753 0.00117190741 0.0371675082 0.0370993093 0.0630539656 0.0404481217 0.0469114222 0.0203990564 -0.0038804221 0.0583252907 0.0696288571 0.0736270845 -0.0165425166 0.0131373759 0.0242066737 0.0009654928 0.0265275296 -0.0182930324 0.0234246422 0.0704586878 0.0392391719 -0.0410704911 0.0289831571 0.0304936767 0.0240570977 0.0292202439 -0.00163881481 0.03927169 0.0502581038 -0.012868396 0.0330090225 0.00990959629 0.0562927499 -0.00441312324 0.0373341851 0.0163078886 0.0180294029 0.0163025055 0.020689562 0.0849222839 0.0210006479 0.05192912 0.0573444963
0.066873312 0.00147199072 0.0691375211 0.0547247976 0.0453188904 0.0798088014 0.0338665619 0.0620815977 0.0733596683 0.0300514679 0.059554413 0.0683769807 0.0636163652 0.0464121252 0.026401408 0.0502513163 0.0227826629 0.0923997462 0.040506456 0.0456099026 0.0390663855 0.0141807189 0.028856555 0.0622556806 0.0753494129 0.103555098 0.0824895725 0.0551060811 0.0364844054 0.0122954072 0.0760029256 0.0936611816 0.082647644 0.00563197583 0.0541222617 0.0422676951 0.0299020596 0.061381571 -0.000740506686 0.020451704 0.088675499 0.0583035797 -0.0217894316 0.059433084 0.0648670197 0.0424416848 0.0489230081 0.0193638206 0.0659853816 0.0901349038 0.000179904077 0.0502239689 0.0340048671 0.080193758 0.00819062348 0.0510473102 0.0275062639 0.0540215001 0.0367224328 0.046174489 0.11045932 0.0497141518 0.0690926611 0.0586717464
0.0258447267 -0.0501408577 0.0192336254 0.0217720158 -0.0078223832 0.0200523827 0.00685012341 0.0102650132 0.0188359711 -0.0103408284 -0.0142990621 0.0257620495 0.0301524885 -0.00119405985 -0.00367073994 -0.00254186615 0.0157811232 0.0344918631 -0.0142244808 0.0113291712 -0.0169881731 -0.00401008129 -0.00498437975 0.0298940912 0.0348237865 0.0500531867 0.0359299518 0.0303793661 0.00250946078 -0.0320754945 0.0523209684 0.0423814207 0.0436501093 -0.0402400121 -0.0157541689 -0.00368139148 -0.00817192253 0.0142668951 -0.0329215191 0.00290649012 0.0493397042 0.0295732804 -0.0813306645 0.020350337 0.0223842598 -0.018020317 0.000201178133 -0.0105120931 0.0330844522 0.036763154 -0.0323952697 0.0254841037 -0.0115673579 0.0258574896 -0.0206549987 0.00911664218 0.000618772581 -0.00899060443 0.0120849051 -0.0112761473 0.060070239 -0.0024741143 0.0451804511 0.0485860407
0.00263086706 -0.0712722987 -0.00739575364 -0.00224354654 -0.0217147656 0.00805997662 -0.0208180249 -0.0302023441 0.0217401832 -0.000519126654 -0.0313379019 0.0106840711 0.00806761533 -0.00358549878 -0.00464435387 -0.0288819093 0.00164453313 0.0299720038 -0.0349562392 -0.00412950106 -0.0549068376 -0.040682409 -0.013181068 -0.0113320695 0.00409975089 -0.00395287294 0.0208258443 0.00910838321 -0.0122734755 -0.0407966375 0.0307907108 0.0202028286 0.024412293 -0.0527138934 -0.0384798981 -0.0301772486 -0.0214504227 -0.0074769049 -0.0560189784 -0.0147930421 0.0166285094 0.0224050172 -0.0950336233 -0.00637865439 0.0184188671 -0.0361219011 -0.0116171651 -0.0141430795 0.00980615616 0.0170286596 -0.0365295298 0.0012397056 -0.0344902016 0.0141299414 -0.0367812105 -0.00919940136 -0.00947132148 -0.0471399352 -0.00859726127 -0.00183139089 0.0526907295 -0.00570383901 0.0176923554 0.0271569453
0.0102996565 -0.061326161 0.011338558 -0.000678146025 -0.0358418152 0.0151824886 -0.0176354442 -0.00400693994 0.0293187406 -0.00157858152 -0.0348422118 0.012197813 0.00636760984 0.00285217911 -0.0178760085 -0.0328502804 0.00113668852 0.0329605713 -0.022554392 0.00746682379 -0.0482140407 -0.0302907098 -0.0243324582 -0.000814772211 0.0148627106 0.00456975773 0.0149343489 0.00578715093 -0.0118996976 -0.0439215302 0.0271579735 0.0202589519 0.0165963974 -0.0471759848 -0.0355292857 -0.0342761427 -0.028173672 -0.00519664632 -0.0383307114 -0.000557260588 0.0186091252 0.0267495662 -0.0747916996 0.00141503662 0.020290833 -0.0233927891 -0.0112836454 -0.0439533778 0.0209430289 0.0088721998 -0.0354130715 0.0106182266 -0.0297975037 0.0141856093 -0.0364174135 -0.0142075885 -0.0105646849 -0.0339391418 0.00786726177 -0.0239542443 0.0571032465 -0.00641884841 0.0338464119 0.0489959903
0.0301271863 -0.0453613997 0.0323647708 0.0300389566 0.0122804474 0.0309281163 0.00947860535 0.0207537878 0.043360807 0.0138798049 -0.000336507335 0.0441421568 0.0332648233 0.0254370887 0.0098287994 0.0114146341 0.000445507467 0.0578255951 -0.00453821104 0.0274492316 -0.00650071818 -0.00515197963 0.0165625457 0.0221524332 0.0413493812 0.0548572466 0.0544757023 0.0356157348 0.00482391613 -0.0295955092 0.05739953 0.0483211018 0.0566333719 -0.0228895433 -0.00955411047 -0.0048636687 0.0137955211 0.0289247278 -0.0210057925 0.0115080019 0.0469762012 0.0405066386 -0.0637506172 0.0244959071 0.0445108712 -8.53417441e-05 0.0204237923 -0.00620527752 0.0373185575 0.046970062 -0.0327973217 0.0240050424 0.00416300818 0.0420344993 -0.0198642462 0.0108106863 0.0182566866 0.000246023061 0.019332502 0.0236088447 0.0756428987 0.0257413965 0.049109526 0.0427373461
0.0210066997 -0.064643763 -0.00429133419 0.0119998967 -0.0234084632 0.00699816085 -0.0179339163 -0.00810166728 0.0234603845 -0.00739383232 -0.0350559093 0.0160731263 0.0110066086 0.00687759556 -0.00425782893 -0.0111143067 0.00876105111 0.0259017516 -0.029462209 -0.0021947166 -0.0311820209 -0.0105160214 -0.0102767963 -0.00476864725 0.0277570393 0.00987231918 0.0162322018 0.0154501656 -0.00542385876 -0.045529779 0.0337788276 0.0307124816 0.0269900784 -0.032455001 -0.0311657637 -0.0266778003 -0.0245954655 -0.00979772583 -0.0438618213 0.00618624687 0.0274633076 0.0155703155 -0.0867242813 0.000220928341 0.0106588481 -0.00626207236 -0.0161609966 -0.0229755118 0.0102035934 0.0116728842 -0.0227154978 0.0212167837 -0.0285978951 0.0155759677 -0.0406769849 -0.00862853974 -0.00150315464 -0.0352459699 -0.00134435482 -0.00633621216 0.0509691872 0.00256320648 0.0285449438 0.0325821079
0.0264418814 -0.0547895581 0.0201914161 0.0169748273 -0.00544221513 0.0176959373 -0.0184288602 0.0134302769 0.0157363024 0.00473650265 -0.0132949734 0.0332628749 0.0271588694 0.00411016028 0.00518051721 -0.000377537683 0.00442729145 0.0426467359 -0.0115514211 0.0141536985 -0.0211881306 -0.0142339934 0.0113611873 -0.000524142059 0.0257429127 0.0399070159 0.0316811018 0.0238566417 0.000256322324 -0.0451132059 0.0443645194 0.0355520099 0.0480952561 -0.0385015607 -0.0142067168 0.00463075098 0.0014207419 -0.0150975157 -0.0153314145 0.00747562945 0.0325728245 0.0319826677 -0.0721310899 0.0111971162 0.0260122977 -0.0100081488 0.00333421258 -0.0121764913 0.0129446946 0.024657283 -0.0216951147 0.0283419639 -0.0068284031 0.0285752565 -0.0256116856 -0.00548492745 0.00649309158 -0.0181746427 0.0172311496 -0.0242465045 0.0673210174 0.00386657752 0.0473513752 0.0381017998
0.0381858833 -0.0595158227 0.00687858462 0.0177370533 -0.0148854144 0.0249865688 -0.00344994664 0.0104543492 0.0428706445 0.00214898214 -0.0195206814 0.0192936361 0.0241386984 0.0170738064 0.0166407377 -0.00117864087 0.0162688419 0.0397550687 -0.0153282387 0.013602946 -0.0234148838 -0.0121966908 0.0122615639 0.0125132548 0.031221075 0.0342979617 0.0250896178 0.0312062614 0.00376112945 -0.0331500173 0.0562064759 0.0432462916 0.0456816033 -0.0342507288 -0.0024832841 -0.00629900722 -0.00661507063 0.00466926116 -0.0186981652 0.00823129155 0.0246054698 0.0333887562 -0.0766642541 0.00853475556 0.0338219814 -0.00137396064 0.00602401048 -0.00293856952 0.0135321803 0.0129646389 -0.0228454955 0.0225472189 -0.0110489372 0.032385949 -0.0237984005 -0.00386537984 0.0120516727 -0.0210766252 0.00929051451 0.0108219916 0.0641567856 0.0147588737 0.0260464866 0.0390064269
0.00604826584 -0.0727797449 0.00166288158 0.000895224512 -0.0230529681 -0.00202701846 -0.0279608574 -0.0155176241 -0.00163261103 0.00190207269 -0.0379609093 -0.00149408262 0.0161450095 -0.0151582211 -0.0158930123 -0.0177778266 -0.00239174347 0.0374884829 -0.0493956842 -0.00627379026 -0.0451008789 -0.0221617334 -0.0262351148 -0.00901034195 0.0180952549 0.00611238647 0.0152175147 0.0220954176 -0.021052178 -0.0600193366 0.0367268361 0.0213734992 0.0338511989 -0.0532122366 -0.0333043784 -0.029985141 -0.0259504486 -0.01798179 -0.0584084764 -0.0124992616 0.0240103099 0.016924357 -0.0933943465 -0.00760535896 0.0110619441 -0.0317022242 -0.0157676805 -0.0352949128 0.0154303415 0.00983697455 -0.0242623165 0.0145116057 -0.0306176636 0.00294375978 -0.0356204621 -0.00693493057 -0.0211510882 -0.0431985781 0.00658403058 -0.0335556455 0.0381107219 -0.0265242364 0.0252827182 0.0448729582
0.0739061981 -0.00167097338 0.059962552 0.0614892989 0.0248589963 0.0854156688 0.0434966385 0.0802160352 0.102817833 0.0345232338 0.0406071059 0.0749159902 0.0665249377 0.0494077206 0.0220910981 0.0534563176 0.0350448415 0.0835800543 0.0542908385 0.0447463281 0.038985312 0.0166341811 0.0303392019 0.0728966817 0.0748209804 0.112760477 0.0548525676 0.0620643571 0.0431081541 0.022438284 0.0758915022 0.10725607 0.0731169432 0.00802353956 0.0665559769 0.0432127379 0.0264213346 0.0678907484 0.00310390815 0.0385795534 0.0868008286 0.0521718077 -0.002157107 0.058605969 0.0580714792 0.0593515001 0.0503149927 0.0359349251 0.0540864058 0.0965051502 0.0117690135 0.0533399284 0.0314404294 0.0858489275 0.0161375403 0.0648704022 0.0491160564 0.0677427948 0.0439174101 0.0476954095 0.122246981 0.0552479923 0.0774946213 0.0673770159
-0.00771156698 -0.0764914155 -0.0188845471 -0.00576293236 -0.0448815636 -0.0302527323 -0.0472939387 -0.0305799935 -0.00650125649 -0.0110909007 -0.0591575131 -0.00448500132 -0.0113166058 -0.0125488592 -0.0071211271 -0.0406457148 -0.0239672624 0.0157831647 -0.0566079989 4.78755683e-05 -0.0636067688 -0.0399196558 -0.0319974646 -0.0238517337 -0.0049097687 -0.0157106277 0.0125595955 -7.64103606e-05 -0.0173650831 -0.0689134449 0.0194737688 -0.016060641 0.00999228097 -0.0610361882 -0.0589368753 -0.0478224009 -0.0355898887 -0.0201211497 -0.0608259365 -0.0284131169 0.00267014839 0.0112722889 -0.107431099 -0.0189436749 -0.00264986791 -0.0510336235 -0.0287701972 -0.0586312339 -0.00412608264 -0.00298117613 -0.0511199459 -0.00249670516 -0.0418870635 -0.015125067 -0.0508495905 -0.0423775464 -0.00867030118 -0.0579072423 -0.00230419543 -0.0465817079 0.0320370272 -0.0293198656 0.0230018999 0.0167713389
0.023937406 -0.0488764904 0.0208070502 0.01263557 -0.00941492338 0.0275704134 0.00850717444 0.00448149396 0.0296806525 0.00902054925 -0.0197981857 0.0321972817 0.0193178356 0.0163053982 0.0131039079 0.000560937449 0.0119525064 0.0464506373 -0.0113355611 0.0177517384 -0.0220798068 -0.0209615044 -0.00149188004 0.0183549635 0.0374923795 0.0456393808 0.0389661081 0.02226202 0.00133139885 -0.0235487539 0.0562264174 0.0356307179 0.0374680497 -0.0374886356 -0.00972782075 -0.0262166522 -0.00178994332 0.0189762302 -0.0397894792 -0.00235805847 0.0446372628 0.0312630385 -0.0663843825 0.0142076239 0.0269486438 -0.000128085725 0.00128522515 -0.0012881821 0.0158814378 0.0446470007 -0.0269632991 0.0278093256 -0.0169716738 0.0335970744 -0.0137033006 0.0119174244 0.0054377215 -0.00531084044 0.0163400285 -0.000839219429 0.0707212463 0.00275823381 0.0416289717 0.0384305269
0.0512683466 -0.0318717882 0.0512797907 0.0421753302 0.0190429389 0.0575308874 0.0252055153 0.0492506735 0.0581151843 0.00523149967 0.0164184328 0.0624238178 0.0536633059 0.0181106478 0.0214188639 0.0175195951 0.0133500062 0.0540429503 0.0178499594 0.0369567424 0.0169599559 0.0121090934 0.01191728 0.0465161018 0.0555212609 0.0839456096 0.0539085977 0.0436736606 0.0296204947 -0.00511853117 0.0651939064 0.0836932808 0.0585799553 -0.00964008737 0.0195054673 0.0210552067 0.017750714 0.0313170701 -0.00759245362 0.0292341597 0.0721377358 0.0505878851 -0.0362660885 0.0589562058 0.0386524238 0.0222444143 0.0273464061 0.0177205466 0.0486538522 0.0734504238 -0.0146523127 0.0460267253 0.0165923033 0.0644826144 -0.00628267881 0.024060566 0.0205507781 0.0328690782 0.0286667775 0.0195208248 0.100768343 0.0275401361 0.0787347555 0.0531332232
0.00818945654 -0.0642466322 0.00378265884 0.00340915844 -0.026467951 -0.00452289637 -0.0132689765 -0.00625145016 0.00835019164 -0.0060167117 -0.0254646149 0.0161711425 0.00669906847 -0.00383859314 -0.00672090752 -0.0130445417 -0.00722556375 0.0323633328 -0.0270107053 0.0155493263 -0.0263973027 -0.0340419598 -0.0108571136 0.00474494509 0.0173181333 0.0134473927 0.0259680375 0.012364151 -0.00424631499 -0.0412093997 0.0447203331 0.0385093987 0.0345054865 -0.044403322 -0.0276600718 -0.0203876588 -0.0133310007 -0.00300852931 -0.0320001766 -0.0219378453 0.0401948392 0.0191129372 -0.0878734589 -0.0026649572 0.0169596132 -0.0315830968 -0.0034699589 -0.0247841794 0.0198485516 0.0150315147 -0.0341712534 0.00999906659 -0.0209600311 0.0150435856 -0.0209364817 -0.0126658138 -0.00205576047 -0.0323605351 0.0130559541 -0.0183201581 0.0577966869 -0.00615548342 0.0352524146 0.0333075635
0.0207152572 -0.0640016124 0.0275266431 -0.000825667288 -0.014317791 0.0150963552 -0.0156845488 0.00714493077 0.024494689 0.0106634581 -0.0208181906 0.0184663665 0.023226127 0.00996016059 0.00170952175 -0.0173042212 -0.012476298 0.0448831469 -0.0201896131 0.0132870795 -0.02923337 -0.0199664179 -0.00953034125 0.00401694048 0.0187116098 0.021460738 0.0240995847 0.0159234721 -0.0059898831 -0.0365727916 0.0300059579 0.0437400267 0.0447099209 -0.0356534086 -0.0290742815 -0.0128370421 -0.0131622571 -0.00746951904 -0.0253943559 0.00806560367 0.031152634 0.0308900997 -0.0599397868 -0.00408108532 0.0175131243 -0.0158364344 0.00648124609 -0.03366974 0.0154247843 0.0254038833 -0.023526866 0.033550404 -0.0146588255 0.0285194963 -0.0240989197 -0.0132949157 -0.0114166411 -0.0206689183 0.0228546429 -0.0158106461 0.0595640317 0.00383349229 0.0425904766 0.0484373383
0.0400144383 -0.0400323272 0.0382009335 0.0284842886 0.0166737586 0.0343825966 0.00682841055 0.0252696611 0.0460128859 0.0129407747 0.0085054338 0.0442323834 0.0513059609 0.0246245749 0.0131551689 0.0185756814 0.00422543753 0.0586518049 0.00111010368 0.0161780044 0.000560835004 -0.00423219334 0.0173578784 0.0313331187 0.0416582674 0.0713410079 0.0478856862 0.0383337438 0.0114588058 -0.0253746565 0.0543820225 0.0600814596 0.0663820058 -0.0259040985 -0.00345090218 0.00267513841 0.00622049719 0.0291105937 -0.0227930546 0.0112261595 0.0691627115 0.0338175185 -0.0555843003 0.032654155 0.0354462191 0.00025490392 0.0229634941 0.0064077694 0.0316936783 0.0609140471 -0.0203931667 0.0230271034 0.00565841794 0.0517496467 -0.0136376228 0.0205210801 0.0178880058 0.0102262329 0.0250468105 0.0208988786 0.0866750777 0.028470898 0.049619291 0.0420337021
0.0211542938 -0.0552054644 0.0121409968 0.00316460663 -0.0122374566 -0.00406997418 -0.0149586573 -0.0145434281 0.00465242751 0.00289957225 -0.0349127315 0.00926395971 0.0149958245 -0.00727530289 -0.00463463552 -0.0145651437 -0.0013739178 0.0331652686 -0.0389808118 0.00394515786 -0.0414561704 -0.0222687144 -0.018143421 -0.0150408735 0.0200570375 0.0143771823 0.0196207725 0.0196815021 -0.000511442195 -0.0371812657 0.0380979702 0.0176510848 0.03146578 -0.036679212 -0.0364476927 -0.0181060266 -0.0170426015 -0.00672992971 -0.0469889827 -0.0114449058 0.0274433549 0.0155408392 -0.0874661133 0.000232957304 0.0103925699 -0.0200491045 -0.0194927976 -0.0203559212 0.0155093707 0.0293941312 -0.0237139743 0.00707236677 -0.0226046667 0.0109783188 -0.0311976168 -0.00853104889 0.000629609451 -0.0277326331 0.00185132679 -0.0206199437 0.0557670221 -0.00496089831 0.0264914241 0.0348846726
0.00931864418 -0.0726172179 0.000934190408 0.0164988078 -0.0295803286 0.0142819714 -0.0108120944 0.0130701782 0.0233101249 -0.0080187656 -0.0293695591 0.0208057761 0.0161908846 -0.0120959319 0.0063288426 -0.019033283 0.000634044409 0.0356836617 -0.0166389868 0.00391434226 -0.0405026786 -0.0307990462 -0.00467202254 -0.00101937959 0.0208585691 0.0233917311 0.0307247192 0.0221311525 -0.00712149078 -0.0435748398 0.0414009131 0.0321659744 0.013735815 -0.0457501747 -0.0225795377 -0.0174553674 -0.00212856941 -0.00776058156 -0.0323552936 -0.0108931251 0.0190095883 0.0319443271 -0.0849388391 0.00962457061 0.0333742127 -0.0147646433 -0.0049462337 -0.028359687 0.0200876668 0.0217154436 -0.0271098614 0.0145695014 -0.0130934501 0.023102928 -0.027794959 -0.0149274953 0.0084033329 -0.0306533948 0.0179173872 -0.0117182266 0.0509379245 -0.00628411025 0.0463496596 0.0373018235
0.0164161474 -0.0554939695 0.0152058061 0.0189596843 -0.00490643084 0.0341593549 0.00689378381 0.0222235117 0.0386220962 0.00586064346 -0.0174787007 0.0345528051 0.0289831832 -0.00247650221 -0.00238577649 0.00872210786 0.00908652134 0.0506969094 -0.0123760886 0.00833439082 -0.0200723503 0.00181946903 0.00542291626 0.0221562423 0.0391984284 0.0375975221 0.0230145399 0.0324651599 0.0107711218 -0.0210280064 0.0605477616 0.0562155508 0.0387124568 -0.0384168923 -0.0112532619 -0.00942955445 -0.0014250949 0.019761052 -0.0254617613 0.0166758355 0.0384415425 0.0450987145 -0.0716330111 0.0182532184 0.0384699591 -0.0119377393 0.00186800864 -0.0233243071 0.0415178984 0.0493574254 -0.0272129308 0.0351319574 -0.00392602757 0.0251879059 -0.0276462752 0.0116188927 -0.00391426496 -0.0152934249 0.0195530374 -0.00233431067 0.0831685811 0.0100505129 0.0417546704 0.038967561
0.0034665633 -0.061277099 0.00800099317 0.00496457703 -0.0188387968 -0.00121925375 -0.0157869719 -0.0219471101 0.00967372302 -0.00190138165 -0.03871933 0.0177310836 0.00992986001 0.00484468043 -0.0212563053 -0.015610313 0.0020454023 0.0311195608 -0.0272567421 0.000145600177 -0.0433967933 -0.0174503736 -0.0119430032 0.0020445385 0.0121366587 0.0163108297 0.0111601558 0.00971247442 -0.00699406955 -0.0412331857 0.0367585532 0.0143282181 0.0132194748 -0.0430829301 -0.0411912464 -0.0254089497 -0.0278253779 -0.00390334195 -0.0490445793 -0.00809717365 0.0259002354 0.0185832251 -0.0865706056 -0.010977678 -0.00256417785 -0.0203985497 -0.0193262156 -0.0345468335 -0.000203807838 0.0156755 -0.0403960571 0.0148390448 -0.034789186 -0.00349736447 -0.0437708236 -0.00810731761 -0.00934928097 -0.0329350308 -0.00833190605 -0.0249731299 0.0505042821 -0.00345898233 0.034107253 0.0316382051
0.0691652298 -0.0158508345 0.0642682686 0.0623178557 0.0101336474 0.0863861516 0.0358476676 0.0652915835 0.0884827077 0.0176480226 0.0267577153 0.0679811016 0.0528749675 0.0276727956 0.0250107851 0.0472948328 0.022170946 0.0994178057 0.0313192643 0.0417758226 0.0297597125 0.0227904897 0.0303733628 0.0680986494 0.0763926804 0.0895066708 0.0420336649 0.0650524721 0.0277198143 0.0190564804 0.0788841471 0.075464502 0.0629239827 0.00781736802 0.0463195927 0.0379086658 0.0256529003 0.0571457781 0.0104452409 0.0467915423 0.0679872334 0.0621839613 -0.0132592274 0.0618373007 0.0648859888 0.0518657155 0.0423591919 0.028331859 0.0557740219 0.0859894007 -0.00200094189 0.0601125658 0.0200444199 0.0759487897 -0.0155469403 0.063593246 0.0350421481 0.042952165 0.0371531844 0.0281583201 0.112560764 0.0453406163 0.0841279477 0.0555685125
0.0178147871 -0.0495099835 0.0125978263 0.0230171401 -0.0152862323 0.0323143303 -0.000935900956 0.0119253695 0.0188603476 0.000536715612 -0.0114082908 0.0277904533 0.0149089061 0.00382178836 0.00870849844 -0.00704791211 0.0103708599 0.0331598073 -0.0136293005 0.0149367834 -0.0240654498 -0.0111032221 -0.00458296947 0.0194858685 0.0312514566 0.0206060559 0.0293839462 0.0228556264 0.0100705512 -0.0349647477 0.052819889 0.0384039059 0.0399493463 -0.0388647467 -0.0220401026 -0.0296768658 -0.00909508858 0.0216718111 -0.0448249392 0.012732774 0.039463304 0.0334167331 -0.0570695773 0.0097794421 0.0155689809 -0.000242617913 -0.00286446 -0.0237222537 0.0244129486 0.0281194262 -0.0238630027 0.0307208728 -0.0132355671 0.0408824757 -0.0292858034 0.0115734795 -0.00307242572 -0.0156418569 0.00608903449 -0.00761631131 0.0594927967 0.00406245328 0.0385426842 0.0436956435
0.0655722991 0.0063907709 0.0686912909 0.0639426634 0.0440630354 0.098442927 0.0600643903 0.0844681188 0.0879529864 0.0306676924 0.0503033325 0.0802437365 0.0715773925 0.0545385443 0.0297420733 0.0681545287 0.04079099 0.104484946 0.0598646663 0.0426378623 0.0506136529 0.0335567892 0.040926367 0.0804955065 0.0869673043 0.120904759 0.0708690286 0.0656659454 0.031945128 0.0250542983 0.0867624879 0.0986655205 0.0819004476 0.0091638267 0.0627925992 0.0376728289 0.0363537632 0.0661087632 0.00394334551 0.0599447414 0.0988973081 0.0661860853 -0.00696938671 0.0584829934 0.0728150681 0.0685951114 0.0525988415 0.0303249247 0.0538545288 0.0952247307 0.0126112774 0.0714433566 0.032864891 0.0855911225 0.00324348547 0.0722791106 0.0295943338 0.0693161637 0.0462151058 0.0460510701 0.12373659 0.0603298768 0.0761052594 0.067153275
0.0414345376 -0.0315442756 0.0270013697 0.0319984034 0.00687546283 0.0332127698 0.0303772017 0.0316242725 0.051957611 0.00346278585 0.0123032145 0.0436158963 0.0400249101 0.023601437 0.0158235356 0.0116550606 0.0201218966 0.051827997 0.00875164103 0.0313040316 0.0041415561 -0.0131015144 0.00351380371 0.0416081101 0.0445106328 0.0778711215 0.05359184 0.038478598 0.00856313668 -0.00993320532 0.0505944677 0.0450205505 0.0550665632 -0.00834219996 0.00103430822 0.00594271393 -3.09059396e-05 0.0359084494 -0.0221257992 0.00832276978 0.0626155809 0.0330911763 -0.0452145264 0.0291375481 0.029853072 0.0234206095 0.0218035262 0.00511157047 0.0392406285 0.0642386079 -0.0295497738 0.0335018784 0.0115517564 0.0527185053 -0.00616886187 0.0351351835 0.0185613558 0.021489419 0.0230017304 0.0246194135 0.0732284561 0.0256043375 0.0538953841 0.0541414618
0.065928638 -0.00404755771 0.0562501624 0.0667707026 0.0173698924 0.0859095454 0.0330410413 0.0756575763 0.0813799948 0.0257839449 0.0386428982 0.0726499856 0.0635710657 0.0447837859 0.033119902 0.0510288402 0.0394046381 0.0905196443 0.0382799208 0.0423386395 0.0364134274 0.0119705945 0.0430156775 0.0723369271 0.0806576386 0.102786265 0.0565649979 0.0576474965 0.0378990658 0.0112369722 0.0801750347 0.0918729976 0.0766129345 0.0034048222 0.054111544 0.0363043211 0.029945774 0.0633946136 0.0026977798 0.0368984602 0.0867739171 0.0573098511 -0.0153763127 0.0527496636 0.068275705 0.0537918285 0.040846847 0.0284739845 0.0631278753 0.0810642391 0.00626763236 0.0665766895 0.0249522403 0.0791106224 0.0104581406 0.0587182343 0.0368524902 0.047471635 0.038402766 0.045818124 0.119094603 0.0550637208 0.0724771097 0.0523203835
0.0152555062 -0.054610759 0.018302625 0.0205774829 -0.00646843947 0.0159400459 -0.00236649811 -0.00359096425 0.00961501151 0.00697203539 -0.019952232 0.0272860844 0.0238068867 0.00466648303 -0.0158276055 0.0100692213 0.0120663075 0.0489841551 -0.0243297908 0.00365673006 -0.0284692757 -0.0223855432 0.00594974682 0.00197304878 0.0260469299 0.0377493612 0.0270123109 0.0274974667 -0.00550382631 -0.0301015023 0.0464622974 0.0279780347 0.0416931659 -0.042941995 -0.0206912868 -0.00320636015 -0.00143715553 0.0119401608 -0.0321501568 -0.00349396281 0.0323348492 0.0308706556 -0.0845156536 -0.000515360385 0.0196094345 -0.0217545889 -0.00932952575 -0.0182985254 0.0219926182 0.0304325931 -0.034408059 0.0196389407 -0.0241052844 0.00982299168 -0.0271030925 0.00414407346 -0.000410698354 -0.0252231807 0.00664298609 -0.0162882879 0.0604353473 0.00142361782 0.040833924 0.0381600969
0.0704873577 -0.0154840741 0.048762884 0.0645073652 0.0178379454 0.0729337335 0.0296827983 0.0642204583 0.0687295869 0.0185339972 0.0357471071 0.0635878295 0.0522932224 0.0399218723 0.0414605066 0.037054386 0.012834928 0.0728978068 0.0172640942 0.0463328212 0.0285009239 0.0144354785 0.0243366361 0.0519019105 0.0743418485 0.0982125998 0.0806548744 0.0459206849 0.0362424478 -0.00561821368 0.0789910853 0.0759264678 0.0740543157 0.0106368354 0.0452875979 0.0247377027 0.0172170624 0.0522386432 -0.0168757737 0.0286496058 0.073384054 0.0465336703 -0.0180694945 0.0617871881 0.0588710047 0.0518343002 0.0438718423 0.0234939177 0.0461645946 0.0855090022 0.00298072211 0.0513161942 0.0307302102 0.0790318996 0.00771218725 0.0426821634 0.0261589438 0.0534859151 0.0284240916 0.0453786254 0.107174143 0.0446508937 0.075653784 0.0534130186
0.0230185166 -0.059189748 0.0109543577 0.0195542276 -0.0364307053 0.01389533 -0.0238704216 0.0155157102 0.0149554498 -0.018484626 -0.0262727067 0.014732983 0.0137102194 -0.0127353026 -0.000127101317 -0.0188689679 -0.0103525128 0.0199463964 -0.0291810613 0.0150501225 -0.0310541578 -0.00345021952 -0.0250910372 0.00949222222 0.0316671766 0.0332679302 0.0289350227 0.0237347223 0.00713816052 -0.0489319861 0.037756294 0.0373422951 0.040773835 -0.0333226956 -0.0211408492 -0.0109031713 -0.0213421918 -0.0139991818 -0.0295862965 0.0011861939 0.0354797617 0.0273428373 -0.0803003982 0.0260225162 0.0174911935 -0.0231141243 -0.00414086459 -0.0229528621 0.0348348245 0.028939249 -0.0248925854 0.0328485519 -0.0054198727 0.0255384911 -0.0274974015 -0.0207399614 -0.00155371241 -0.0190706011 0.00686388183 -0.0214505121 0.0504531637 -0.0153728994 0.0486849323 0.0426673666
0.0506729335 -0.0357804224 0.0395967662 0.0364572741 0.00438391604 0.0367368832 0.0155630745 0.0261903312 0.0392368957 0.00973892212 0.00359943323 0.0453745723 0.0447062217 0.0217733551 0.0100901462 0.0204952676 0.0183255002 0.0469123647 0.00475806743 0.0277985539 -0.000888532028 -0.0108471205 0.0143485097 0.0270892605 0.0472338498 0.0672695637 0.0497064404 0.0441000052 0.00811683387 -0.0226765908 0.0519718044 0.0422369391 0.0566614196 -0.017258374 -0.00308511592 0.00934483483 0.00272331201 0.031438414 -0.0145431301 0.0174081884 0.0546071976 0.0417708308 -0.0459463447 0.0280163623 0.0302120112 0.0164773352 0.0161255673 -0.0040316768 0.030712964 0.0541552976 -0.0186707564 0.0319947675 0.00901281834 0.0440553352 -0.0167639889 0.0258865282 0.0219905823 0.011726995 0.0209522191 0.0197999217 0.0692584887 0.0208977573 0.0555600971 0.0568550192
0.0388031304 -0.0400666073 0.0215204544 0.0314012431 -0.00483695418 0.0384864509 0.0108637614 0.0378376953 0.0475643724 0.00899246428 -0.000287679955 0.042720288 0.03383312 0.0124987364 0.0154372128 0.0222851243 -0.000271115452 0.0654330775 -0.00517091434 0.0279635191 0.00356315263 -0.00460213935 0.00233455375 0.0200402327 0.040286433 0.0509988666 0.0398728438 0.039760191 0.0130854342 -0.014779361 0.0574334934 0.059686318 0.0443958789 -0.0213222746 0.0159219876 0.0154059958 0.0024665799 0.0150046647 -0.0220845249 0.0180892926 0.0539281033 0.0408766977 -0.0556230918 0.0323993415 0.0404637009 0.0219821464 0.0246431697 -0.00758098206 0.0283570848 0.0452177599 -0.00952336378 0.0311747864 0.00516436435 0.0427996367 -0.0221944898 0.0275135152 0.0152301015 0.00809988193 0.0234861001 0.0146601377 0.0898273438 0.0155763486 0.0518253595 0.0427604839
0.0270457231 -0.0364242829 0.0211770535 0.0340522267 0.00533048902 0.0544157252 0.020419091 0.0333017781 0.0520862564 0.022264095 0.00320664607 0.0491557904 0.0358408391 0.0170200169 0.00945736561 0.0154749099 0.0209058113 0.0611400045 0.0172760226 0.0191132165 -0.00697218068 -0.00444321521 0.00631366018 0.0275538024 0.0422376953 0.0554245859 0.0409385003 0.0342561714 0.00672943518 -0.017550882 0.0518526509 0.0646115169 0.0609852076 -0.0302900895 0.0199622624 0.00160988793 0.0106684137 0.0253932178 -0.0277261101 0.0189314336 0.0584486201 0.0354101621 -0.0625159964 0.0260254852 0.0381824151 0.0126953293 0.0185381416 0.00833110232 0.0311524086 0.0525866076 -0.0153634027 0.0376937874 -0.00607532635 0.0481476076 -0.0107762152 0.0214246232 0.00998203643 0.00820748694 0.0219177455 0.00798297115 0.0928969383 0.0173294172 0.0541030765 0.0451748297
0.0269723441 -0.0596271381 0.00542139355 0.0198482014 -0.0133429635 0.016684413 -0.00330162048 0.0168908797 0.0212151632 -0.000326447189 -0.0317177288 0.0253855009 0.0255841762 -0.00415195618 -0.0140384156 -0.0129571501 0.0103567662 0.034401983 -0.0267469585 0.00831425097 -0.0377576426 -0.00754191447 -0.0047145281 0.00339093735 0.0281824768 0.0373866223 0.029348772 0.0177388564 -0.00197653892 -0.0472061187 0.0426639505 0.0264542252 0.0338550806 -0.034337379 -0.0352521837 -0.0156817287 -0.0110194795 -0.00350765744 -0.0283781439 0.00584924221 0.0315058008 0.0306425858 -0.0817052275 0.00848088041 0.0211475436 -0.00962070655 -0.00660913996 -0.0324401073 0.0190829821 0.0297414269 -0.0329595692 0.0171005428 -0.0210030824 0.014987532 -0.0281317402 0.00638123788 -0.00220473763 -0.0124810664 0.0106888972 -0.0141303781 0.0644278377 0.00309114438 0.0409388132 0.0480250865
0.0396810099 -0.0556706339 0.0322344303 0.0190760456 -0.00975308381 0.0246626846 0.0086368667 0.0132837184 0.031006705 -0.00129632186 -0.0178269334 0.034982536 0.0311934706 0.0081510311 0.0203246493 0.011715129 0.0110714613 0.0660528466 -0.00948013365 0.0148500921 -0.012087157 -0.00825487636 0.0113516469 0.0119086262 0.0443144292 0.0387193188 0.033174403 0.0403527021 0.00031912839 -0.0179958865 0.0550690703 0.0382839069 0.0544131175 -0.0268640462 -0.0212485101 0.000793509185 -0.00107384287 0.00920024887 -0.0163201988 0.0147264041 0.0499709547 0.033064343 -0.0709432438 0.0125044696 0.0396488234 0.00439959485 0.00114563643 -0.00678488472 0.0259021316 0.0437236801 -0.0205627829 0.0366759077 -0.00435636844 0.0352783836 -0.0304962322 0.0121237859 0.00530972891 -0.0157204624 0.0163395144 0.00454017986 0.0736369789 0.022010209 0.0435323343 0.0386809222
0.0595547557 -0.0226438455 0.0571218804 0.0331565291 0.0196930766 0.0643617585 0.0215157028 0.0510770306 0.0628242642 0.0166469086 0.0197729729 0.0463600829 0.0490757078 0.0292928871 0.0383625627 0.0239634011 0.0217054971 0.0617376417 0.0298062265 0.0207305029 0.0154539729 0.00968725607 0.0257755816 0.0478341319 0.0642200783 0.0871972442 0.0614592694 0.0522866547 0.0173818711 -0.00686293002 0.0655305833 0.0793711543 0.062327791 -0.00117019936 0.0245160628 0.00979453046 0.0183786899 0.0352047794 -0.0119900815 0.0332378 0.0604411624 0.0513971373 -0.0425070673 0.0421116017 0.054371614 0.0352436602 0.0285190307 0.0192976166 0.0376289003 0.0816836357 0.00256621582 0.0584596358 0.0218871254 0.0580987558 0.00208698772 0.0279593039 0.0204595141 0.0206285529 0.0304477978 0.0385188535 0.0846188217 0.0424516611 0.050148949 0.0588628799
0.052063752 -0.0242987685 0.0369225144 0.0538397133 0.00522526167 0.0527958646 0.0256112665 0.0493878052 0.0501665622 0.0131830843 0.0164875016 0.0603262037 0.0530907214 0.0171821658 0.0202413592 0.0337383412 0.0230515357 0.0626681447 0.0291452147 0.0373026058 0.0151656605 0.00121507887 0.0277724266 0.0581138171 0.0530935824 0.0807799548 0.0501117297 0.0507857203 0.0189555269 -0.00767161231 0.0644584149 0.0747909844 0.0712716877 -0.0131585998 0.0260254741 0.0226585642 0.0156721957 0.0296194889 -0.0106742224 0.0359616503 0.0706798509 0.0476055816 -0.038798634 0.0463692211 0.0356268585 0.0191431083 0.0268685445 0.00351796532 0.0285436194 0.0671176612 -0.0154055683 0.0461741649 0.0228376538 0.063953504 -0.00813547801 0.0293287225 0.0202107672 0.0306290537 0.0201182906 0.0118230516 0.0930135995 0.0325742885 0.0715850219 0.0427395143
0.0384557098 -0.0235252604 0.0374892056 0.0388979875 0.0163289122 0.0616039112 0.0244068839 0.037990436 0.0410067439 0.00879833102 0.0213742144 0.0415401161 0.0455586016 0.0087939864 0.0131213702 0.0369586684 0.0279213637 0.0744028166 0.0127935596 0.022841936 0.00738505088 0.00834366214 0.0148344729 0.0316251926 0.0521377549 0.0785398483 0.0531738251 0.0477549881 0.017998606 0.00271198573 0.0709468946 0.0682325959 0.0673818812 -0.0247197896 0.0318509564 0.0192184933 0.0174541213 0.0272489879 -0.0170506574 0.0214171 0.0573564209 0.0400733575 -0.0510513633 0.0366369709 0.0411084071 0.0176578611 0.0135376491 0.0165315829 0.0493310615 0.0580717251 -0.00193947554 0.0515244566 0.00632659718 0.0511488765 -0.00590292178 0.0407213271 0.014090579 0.0189175345 0.0213988889 0.0165441856 0.0906545445 0.0181694794 0.0532205217 0.0571902692
0.0151077686 -0.050677292 0.0236457661 0.0201972257 -0.0234834384 0.0224387627 -0.0040017087 0.0160821583 0.0294454638 -0.00896649342 -0.00998107158 0.0314055122 0.0191305615 0.00618570857 0.00670125429 -0.0083768405 -0.00295144413 0.0328992605 -0.00412541581 0.0267540384 -0.0167722311 -0.0187221859 -0.00690082321 0.00923943985 0.030334888 0.0439797863 0.0419347361 0.0216035563 0.00273363478 -0.0353490971 0.0441086739 0.0335892551 0.0340686664 -0.0348307602 -0.0175403096 -0.0145575497 -0.00699289795 0.00058224611 -0.0250410866 -0.0052002985 0.0404666439 0.0353378654 -0.0777330324 0.0250783227 0.0286218822 -0.00974656083 0.0083294306 -0.0116605079 0.0292173568 0.0299405158 -0.0261013396 0.0232438222 -0.0075757727 0.0308731813 -0.0355373435 0.00293020066 0.00974532776 -0.0170215741 0.0172339622 -0.00129595958 0.0608528927 -0.00167346839 0.0508210957 0.0451185033
0.0353110544 -0.0396434627 0.0340348855 0.0265419129 0.0149841197 0.0299573019 0.00609436352 0.0182980467 0.0455504768 0.0123005193 0.00464466121 0.0420361012 0.0376480781 0.0188685916 0.0112574445 0.0184341297 0.0120534934 0.068157956 -0.000220982824 0.0164298005 0.00461522862 -0.00675851107 0.0235136151 0.0350707546 0.0443317443 0.0569909662 0.0387684591 0.0406502336 0.00407509413 -0.0163912158 0.0576927215 0.0495133363 0.0500851087 -0.0150190853 -0.0026753787 -0.00528484164 0.00538165402 0.0275577195 -0.0194051266 0.0132190567 0.0622855797 0.0321319401 -0.0637656152 0.0198784247 0.037094634 0.0164596774 0.00958407298 -0.00204388052 0.0257031489 0.0473919585 -0.0206023268 0.0321305543 -0.00284924917 0.0384105407 -0.025794562 0.0298969205 0.0114222253 0.002970292 0.0229228288 0.019696638 0.0742880926 0.0280993953 0.0466690324 0.041832231
0.0286234356 -0.0601365194 0.026930958 0.0239823908 -0.0110701583 0.018777499 -0.00157412514 0.0133106168 0.0110473689 -0.00827929843 -0.00939620286 0.0201352052 0.0267074872 0.0116507811 0.00264460081 0.000226549804 0.0033269776 0.042720329 -0.0266626403 0.0170986429 -0.0163065717 -0.0151098724 0.00695455913 0.0103710452 0.0378683768 0.0439055488 0.0430771522 0.0223046392 0.00216994807 -0.031874273 0.0540678278 0.0291446485 0.0425824337 -0.0353126638 -0.0217803307 -0.00817845762 -0.0158565454 0.00446375925 -0.0361629613 -0.00758558512 0.0440121219 0.0358812064 -0.0821711123 0.00928989798 0.0291671325 -0.0106599312 0.0112632392 -0.0179638471 0.0237445328 0.0370526835 -0.0232096575 0.0197160207 -0.00362867862 0.0226916261 -0.0275771786 0.00684626214 -0.00766104925 -0.0166145097 0.0108239288 -0.00516824238 0.0646768957 0.0115716783 0.0391887501 0.0446794033
0.0335338935 -0.0400990546 0.0227218047 0.00259790011 -0.00345147587 0.00799503736 -0.0161246266 0.0129606444 0.0139267128 -0.00486232154 -0.0189032368 0.0226842053 0.0232476834 0.00395739358 0.0121577978 -0.0128384102 -0.0100755803 0.0487722084 -0.0330540091 0.0145454137 -0.0309856795 -0.0191590302 -0.0128953764 0.0046682409 0.0206379611 0.0250235237 0.0338598303 0.0217700079 -0.00122927595 -0.0298983678 0.0318160057 0.0186592322 0.0400181338 -0.0265618097 -0.021137258 -0.00444474258 -0.0143771786 4.01679426e-06 -0.0183943938 -0.00141951442 0.0264486801 0.021293588 -0.0617641062 0.00660008192 0.0284358338 0.00643529184 0.00135885156 -0.032409396 0.0185880568 0.0201618895 -0.0270926692 0.0268280115 -0.0100341383 0.0245713964 -0.018672226 0.00283570588 0.0068853274 -0.00227500405 0.0123933908 -0.0211872999 0.0544462278 0.00276827626 0.03076878 0.0529521964
0.0490776263 -0.0262810867 0.0344291776 0.0367932133 0.010706706 0.0458680764 0.0155593352 0.0315091312 0.0462149158 0.014778547 0.00555727817 0.0355912708 0.0483236089 0.0275856256 0.01902299 0.0342716202 0.0187882818 0.0735655278 0.00308460603 0.022114303 0.00727994926 0.00736866659 0.0179677568 0.0209782757 0.055093646 0.0747540742 0.0496038273 0.0342851058 0.0245782547 -0.0134180635 0.0756730288 0.0496016741 0.0516215041 -0.0126117542 0.0108982045 0.0179084558 -0.00491553731 0.0277651642 -0.0271707624 0.0150027974 0.064931415 0.0347420275 -0.0366948321 0.0309906192 0.037475381 0.029348515 0.0170779526 0.00315164542 0.032078512 0.0535134301 -0.00865637604 0.0303050876 0.0059460178 0.0331535824 -0.0119837634 0.033893656 0.0144480392 0.0236827694 0.0175768491 0.0169016719 0.104336351 0.0279165767 0.0586760938 0.0472298041
0.0464272909 -0.0237053931 0.0426220447 0.0455410033 0.0137928771 0.0473202765 0.0254961383 0.041617997 0.0546830408 0.0126640685 0.0208251476 0.0482109934 0.0511268154 0.0325339064 0.0173724946 0.0233809948 0.0150563754 0.06102065 0.0195805971 0.0346775278 0.0215771571 0.00214915257 0.0187789053 0.0531701483 0.0483267829 0.0819366425 0.0537635162 0.0443248451 0.0206071474 -0.0133773349 0.0633859858 0.0757516176 0.066040121 0.0039398158 0.0126614906 0.0134921316 0.0132391006 0.0414573476 -0.0252517909 0.0186284501 0.0793267861 0.0349022411 -0.0328980163 0.0394938067 0.0338308662 0.0252519324 0.0333484933 0.0142949205 0.046631217 0.0626961067 -0.0254933462 0.0271994993 0.0143978801 0.0606066287 -0.00437173154 0.0386140049 0.0211890172 0.0223447904 0.0271235071 0.0333080813 0.0932465345 0.0379539393 0.0629141778 0.0484087616
0.0611692145 0.00259919837 0.0593534112 0.0709868968 0.0344581679 0.0931785554 0.0499655157 0.077302441 0.0893397778 0.0377070233 0.0578538664 0.0775482729 0.0687885955 0.0478184931 0.0419890434 0.0508909002 0.0388220772 0.0811536387 0.0524672121 0.0522907339 0.0398611948 0.0151013527 0.0267502684 0.059411142 0.0762670264 0.118661404 0.076275453 0.0701026246 0.0322586894 0.00798455067 0.0882096887 0.0864937752 0.0813466385 0.00613552704 0.0629069507 0.0494647101 0.026127886 0.0546216741 -0.00109463744 0.0413541682 0.0850806534 0.0568343177 -0.0124084111 0.0630944297 0.0682967827 0.0684117824 0.054673411 0.0430527255 0.0653134435 0.0898999646 0.0040434259 0.0526566729 0.0369283669 0.0903102085 0.0102353301 0.0670309216 0.0419554636 0.0564686134 0.0352484062 0.061503157 0.101632625 0.0444429927 0.0785596296 0.0627060011
0.0624558143 -0.0132864993 0.0434034541 0.0461446196 0.0268241987 0.0523884669 0.0307735726 0.0511491448 0.0546169803 0.0270842388 0.0431324691 0.06535054 0.058569666 0.0418677405 0.0358400196 0.0449224003 0.0218653008 0.0728114173 0.0269257892 0.041607134 0.0258520152 0.00532711763 0.0294865128 0.0459511876 0.0613287389 0.0957313925 0.063271001 0.0527145453 0.0315077715 -0.00152141578 0.0745209306 0.0704981685 0.0767006204 0.000829391181 0.0390088074 0.0250938032 0.0128230723 0.0552488416 -0.00399574637 0.0310205817 0.0755719095 0.0388276242 -0.0373658352 0.0434834957 0.0447383672 0.0476524979 0.0256539267 0.0119740516 0.0355559774 0.0673479959 -0.00251408899 0.0431355536 0.0221101791 0.0614921935 -0.0034408709 0.0563255399 0.0397350527 0.039208822 0.0251416489 0.04573033 0.0944120213 0.0387917757 0.0547368936 0.0527304523
0.0100312838 -0.0601754636 0.0333284363 0.0257983655 -0.00548102707 0.00862086937 -0.0123166423 0.0125889443 0.0212894976 0.00322035793 -0.018678803 0.0351794325 0.0206339061 0.0190451965 0.00350979809 0.0053495653 -0.00403909199 0.0497483537 -0.0239422321 0.00544048566 -0.0158824269 -0.0205125473 0.00274656527 0.00861949474 0.0334724374 0.0433322638 0.019210536 0.0264298134 -0.00217378582 -0.017412778 0.0483315215 0.0296311956 0.0312302634 -0.0388390049 -0.0146295205 -0.00599970296 -0.00909168925 0.0187679492 -0.0277460515 0.00510611571 0.0406226255 0.0316166542 -0.0634613633 0.00800698251 0.0314280242 -0.00152759813 -0.00941146165 -0.0183029585 0.0253776126 0.0408970378 -0.035273429 0.0183735862 -0.00380446203 0.0185129866 -0.023163775 0.00158098899 0.00404501427 -0.0140161961 0.0130804786 -0.017821908 0.0628461093 0.0106388154 0.0521369651 0.0387203917
0.0458679646 -0.036783047 0.0299637523 0.0303227603 0.0173881277 0.0308820121 0.0093051279 0.0266165994 0.0374988504 0.0214932505 -0.0039594518 0.0338219628 0.0476851426 0.011866929 0.018562682 0.0156984255 0.0165048763 0.0612316877 -0.00392360659 0.00929281116 -0.00202474184 0.00362439826 0.00732533727 0.0283837542 0.0387619659 0.0582636856 0.0351516418 0.0422888771 0.0157039557 -0.0197823476 0.0519061126 0.0571223572 0.0580745339 -0.0309199877 0.0196642689 0.0182752069 -0.00145243108 0.0236461572 -0.0318120308 0.017271921 0.045340009 0.0318598226 -0.0557076409 0.0158608519 0.032210663 0.010739035 0.0178761445 -0.00687943818 0.0230337027 0.0558493212 -0.0209291745 0.0339225419 0.00139978528 0.0361469351 -0.0116859833 0.0124233644 0.00942289829 0.0113338213 0.021113677 -0.00613863394 0.0922649652 0.0215689745 0.0503820628 0.0453868508
0.031669531 -0.0337802917 0.0237018056 0.0208492316 -0.0041847527 0.0361803137 -0.0102603883 0.0152905956 0.0438210741 0.0183600802 -0.00704141101 0.0378385745 0.0302941669 0.0125267496 0.00128342863 0.00675766543 0.0134543525 0.0513640456 0.00956233032 0.0100437477 -0.0192720778 -0.00890831463 0.00295628794 0.0133923348 0.025835285 0.0357113555 0.0205157753 0.0281959567 0.000825023802 -0.0311015137 0.0386238247 0.0397499166 0.0385946929 -0.0240082201 -0.011507025 -0.00160654588 0.00544800609 0.0126838889 -0.0207061432 0.0200017281 0.034840554 0.0295282453 -0.0537164658 0.0178409927 0.0197105706 0.00894159358 -0.000608280767 -0.0125862723 0.019173339 0.0268267319 -0.0205658469 0.0167497583 -0.0190660693 0.0418093577 -0.0378079526 0.0233942606 0.0244311653 -0.00702395802 0.0119368406 -0.00330817141 0.0690484941 0.0121308928 0.0441205166 0.0457562506
-0.00992444344 -0.0877777636 -0.0260276608 0.00483301049 -0.0415384583 -0.0150196459 -0.0584819168 -0.024291724 -0.00807304773 -0.0224548597 -0.0520728007 0.00574699603 -0.00785836391 -0.00946877338 -0.0163205191 -0.0408652537 -0.00980543531 -0.00285470858 -0.0531365983 -0.000741414726 -0.0627719387 -0.0376979783 -0.014246407 -0.0293032378 0.000570844859 -0.0170275085 0.0133876428 -0.00751086418 -0.02029882 -0.0870318264 0.0274985004 -0.00645091198 0.00920686778 -0.0587594658 -0.0670002699 -0.0423198789 -0.0201477036 -0.0372480005 -0.0487777591 -0.0259295888 -0.00405194424 0.017472472 -0.122570395 -0.00590778515 -0.000931645744 -0.056940686 -0.0324787833 -0.0497585908 0.0040805852 -0.0324295647 -0.0491340235 -0.00971186534 -0.0492761731 -0.00713019492 -0.0538896658 -0.0394571833 -0.00458232872 -0.0718681216 -0.00636732765 -0.042317044 0.0221389998 -0.0279193893 0.0295630544 0.0130317751
0.0041263029 -0.0640329793 -0.000245094532 -0.00271627982 -0.0157184284 0.00532510737 -0.0173054039 -0.014281014 0.0146706589 -0.00505023636 -0.0455583744 0.0078948997 0.0084975725 -0.00417817757 -0.0137925409 -0.0242651682 0.00577378646 0.025293991 -0.0309965387 -0.00514522288 -0.0461236462 -0.0185148008 -0.0097004436 -0.0050869477 0.0170751028 0.00937153958 0.0149837891 0.0140986554 -0.00432070764 -0.0461280756 0.0477371886 0.0310969036 0.0202372763 -0.0528425984 -0.0340130329 -0.0247386917 -0.0175856948 -0.010670796 -0.0415996127 -0.00286815502 0.0151911536 0.025548514 -0.0899506435 -0.00687812269 0.0207898878 -0.0315070339 -0.0135102728 -0.0319780372 0.0188792795 0.00214639818 -0.0375709049 0.0151462071 -0.0244321153 0.00569092901 -0.0269018319 -0.026409341 -0.00530124456 -0.0384519026 0.00476742629 -0.0259192586 0.0464110151 -0.00999553967 0.0276393946 0.0380274504
0.0210424475 -0.0502830371 0.0154680088 0.0257018507 0.00435761176 0.0265851039 0.00395610183 0.0057134917 0.0210532174 0.0142186154 0.00464797113 0.0331555828 0.0329027958 0.0142684961 0.0029616924 0.00980503485 0.00482451078 0.0480317473 -0.0217080992 0.0143776173 -0.0283586774 -0.0248755831 0.00998574216 0.00338944281 0.0257362071 0.0388226993 0.0441721641 0.0308916625 0.0118461195 -0.0351563655 0.0559595153 0.0443438143 0.0514037944 -0.0384588055 -0.00894489139 -0.00492334552 0.00106949173 0.0206619352 -0.0332288891 -0.0059978608 0.0401083231 0.0302868411 -0.0757846162 0.00778023526 0.0352851003 -0.011827861 0.0107037555 -0.00378589286 0.0283443723 0.0321194157 -0.0232375767 0.00927828718 -0.0140446369 0.0324206948 -0.0124673359 0.0135618588 0.0109763239 -0.0227941647 0.0229722168 0.0100589069 0.0703003407 0.00318463612 0.0365603939 0.0353326946
0.0363354087 -0.0563987494 0.0265033953 0.0254603103 -0.018934451 0.0249982551 -0.00394322164 0.0191443004 0.0298138298 0.0150356721 0.00140587986 0.0350713171 0.0154276043 0.00510048028 0.0122142071 -0.007490132 -0.00384535827 0.0463844314 -0.00657584611 0.0325835049 -0.0200882163 -0.0296817068 0.00506258849 0.0119926566 0.0262922402 0.023217449 0.0346381366 0.0251331367 0.00814434793 -0.027115671 0.0381011814 0.0479108281 0.0467832908 -0.0291719418 -0.0147772823 -0.00328783924 0.00481999293 0.0196389817 -0.0218582898 0.0071515236 0.0335165635 0.042828925 -0.065504387 0.0106686912 0.0191294178 0.000329184346 0.00802720711 -0.0200215857 0.0289732851 0.0428612605 -0.0200040694 0.0281535089 -0.00701419264 0.0368901268 -0.0240875296 0.00230936985 0.00667866878 -0.0192101691 0.0174451899 0.000906484202 0.0620448738 0.0146460682 0.0504000224 0.0472420231
0.0513291918 -0.0232523251 0.0334495716 0.0371655338 -0.000371586531 0.0530134775 0.0253710523 0.0466653742 0.0622802302 0.00687054824 0.0100305807 0.0464503616 0.040123269 0.0267950743 0.0105166687 0.0153284501 0.0141051318 0.0636844337 0.0126474882 0.0273009017 0.00219697692 -0.00220282655 0.00553808641 0.0446347892 0.0528048575 0.0685467571 0.0445298739 0.0421399176 0.0213761795 -0.00292657549 0.0623697713 0.0659476817 0.0573519468 -0.00315045845 0.013886055 0.01432948 0.00432446972 0.0438731425 -0.00559395179 0.0309797525 0.0599398687 0.0402872786 -0.0329318605 0.0380399972 0.0446990468 0.0371696465 0.0207437091 -0.000716557726 0.0482571535 0.0517235994 -0.0137419533 0.0421491563 0.0106315613 0.0589429736 0.00367804617 0.0415460728 0.0256120451 0.0228947923 0.0200222749 0.032862924 0.0818270743 0.029561324 0.0533417985 0.0634444207
0.0789936036 -0.00172519684 0.0778325796 0.0658131018 0.0327517875 0.0860115737 0.0613169633 0.0810188502 0.0973778963 0.0274586603 0.0532714501 0.0855970234 0.0661548376 0.0526377559 0.0409886912 0.0587150455 0.0399055444 0.0875063986 0.0594066754 0.0519341864 0.0557654835 0.0171081629 0.0427239239 0.0825338364 0.0806238651 0.121643975 0.0685297623 0.0729887858 0.0429008603 0.0381937027 0.0844546556 0.0970383584 0.0940227136 0.00904959626 0.0521717183 0.061580006 0.037149895 0.0828354731 0.0190079901 0.0513573289 0.0926532298 0.0709872544 0.00585651398 0.0626796037 0.0762010366 0.0626071766 0.0558277369 0.0526708439 0.0635217503 0.114409916 -0.00754923373 0.0667039305 0.0392039157 0.093992576 0.0163301807 0.0591773093 0.0483294912 0.0609590933 0.0365728438 0.049612727 0.127073467 0.0766401291 0.0847025365 0.0624231249
0.0333431996 -0.042953454 0.0192008801 0.0217864402 -0.00848436169 0.030706577 0.00350174494 0.0156810917 0.0338670798 0.00869306549 -0.0146605987 0.0269493293 0.0243878737 0.0202184208 0.00470716134 0.00727605447 -0.000408541411 0.0534468293 -0.0150576979 0.0162349921 -0.0208916627 -0.0070319213 0.00337616075 0.0201827064 0.0353667215 0.042858053 0.0304775313 0.0272429883 0.00470001251 -0.0372388512 0.0430415794 0.0362590626 0.0459132418 -0.0255635809 -0.0114373025 -0.0197258703 -0.00527981948 0.0200156495 -0.0293544866 0.017208131 0.0318772905 0.0293335579 -0.0583100282 0.0157341287 0.0255065337 0.00969039556 0.00829700194 -0.0106130783 0.0121944714 0.0304700658 -0.0249331854 0.0326991826 -0.0150285251 0.025961658 -0.0228419881 0.0157464817 0.00962815341 -0.00859243236 0.0135771669 0.00078344252 0.076328218 0.0166757014 0.0331182294 0.0427133963
0.0587076843 -0.0157869942 0.0490521491 0.0378761627 0.0322822779 0.0672346428 0.0260470547 0.0471843779 0.0580154993 0.0215068907 0.0147398096 0.0431425199 0.0581498668 0.0234625209 0.0244812556 0.0317047462 0.0184241515 0.0886640623 0.0116148833 0.0190146361 0.00302241184 0.00882581808 0.0238271877 0.0294879712 0.0581339151 0.0845177025 0.0670847297 0.0371480063 0.0245362613 -0.00728582544 0.0709935501 0.0675456077 0.0680904239 -0.0134522254 0.0220648497 0.0290626399 0.0106272688 0.032802321 -0.0145143056 0.0188324377 0.0600258261 0.0485851094 -0.0385972373 0.0405808017 0.0580732636 0.0351504013 0.0315145925 0.0138316974 0.0391750857 0.0662832037 -0.0127979871 0.0494077355 0.0162117071 0.0456881784 -0.00184238236 0.0347658582 0.0118643232 0.0334164798 0.0237303134 0.0328014791 0.109264538 0.0385578163 0.0524457991 0.0643824264
0.0144852018 -0.0508220568 0.00395907881 0.0215952918 0.00141116045 0.0119241057 -0.0139378794 -0.00283083972 0.0129203964 0.00799222384 -0.0148642585 0.025944937 0.0157117359 0.0122719714 -0.00275354832 -0.0107949357 0.00186589919 0.0374128297 -0.0297616106 0.0165762939 -0.0336529054 -0.0195041057 -0.0124291293 0.0155216698 0.0259138439 0.0356757641 0.0350908861 0.0131950295 0.00300066918 -0.0493094288 0.043977946 0.0215585399 0.0340998769 -0.0462167896 -0.0248645488 -0.0288632382 -0.0142489253 0.0119423866 -0.0565204546 0.00413583964 0.0323816426 0.0342915654 -0.0776414499 0.00808419287 0.0181520097 -0.0129423412 -0.00474532321 -0.0254295692 0.0251884069 0.0343192182 -0.0330818743 0.019551307 -0.0151746497 0.0235600434 -0.0271603186 -0.000287696719 -0.0051347306 -0.0151438564 0.00356374215 -0.0131962318 0.0574779436 -0.00512363762 0.0398748033 0.0373516269
0.0169991273 -0.0455391183 0.0248589255 0.0192864817 -0.0158838853 0.0224864576 -0.000805627555 0.0118316812 0.0347720683 0.0108225215 -0.00205897074 0.0277019162 0.0170301087 0.0136263287 0.00903526414 -0.00703939609 0.00212814752 0.0448643826 -0.00162591273 0.0227848999 -0.0295218732 -0.0219272189 -0.0042537218 0.0116110342 0.031541191 0.031713184 0.0437921286 0.0310882069 0.00426611817 -0.0290022381 0.0570171401 0.0269655958 0.0368648097 -0.0435265899 -0.0123065673 -0.0210264232 -0.00325246807 0.00728092203 -0.0344201103 0.00230478309 0.0294474084 0.0421945862 -0.0631431341 0.0207328051 0.0397510715 -0.00516688032 0.00410008337 -0.0190669876 0.0205355976 0.0358682014 -0.0252321605 0.0128195677 -0.00609479658 0.0417195112 -0.032695502 -2.63685361e-05 0.0111794528 -0.0178407598 0.0121206967 -0.00927523058 0.0526043326 0.00355013367 0.042975761 0.0440718047
0.0329404846 -0.0485207289 0.0171865597 0.0230567567 -0.0155586181 0.0239643529 -0.0226514898 0.000423080754 0.0285528395 0.00386174303 -0.0237226132 0.0264277905 0.0179934837 0.0115885371 0.00866309833 -0.0140737593 -0.000442881137 0.0329176188 -0.0147619685 0.0163854845 -0.0352031104 -0.0115263499 -0.0073347101 0.0112727815 0.0319664143 0.0303368047 0.0386307575 0.019607218 0.0137666268 -0.0488209091 0.0336657837 0.0145650953 0.035723906 -0.0319948122 -0.0295015406 -0.016223399 -0.0126292836 0.0144041888 -0.0323892049 0.00564496033 0.0277980827 0.0358365811 -0.07198333 0.0143552721 0.016326407 -0.017435614 -0.0030823769 -0.0323125832 0.0206466131 0.0225110166 -0.0424072891 0.0174699109 -0.0194964875 0.0280241184 -0.0367089808 -0.0177003946 0.00372338109 -0.0196780358 -0.000472571701 -0.0129113477 0.0657920763 0.0105281817 0.0443369672 0.0354722962
0.0076029487 -0.0597035922 0.011475306 0.0056085079 -0.00978129171 0.00390525395 -0.021035891 -0.0138110127 0.00208511879 0.00257605221 -0.0347005501 0.00430655945 0.013544742 -0.00420540012 -0.01265522 -0.00641024299 -0.00517683662 0.042409569 -0.035977602 -0.00605497696 -0.0411522612 -0.0130939623 -0.00870799646 -0.00731259817 0.0238184296 0.0255846679 0.0263134409 0.0191887897 -0.00441217702 -0.0484241657 0.0449967608 0.0207080636 0.0284766797 -0.0521119535 -0.0255566482 -0.021548409 -0.0153994029 -0.011397846 -0.0479095206 -0.0067422092 0.0230588745 0.0197643414 -0.0954989567 -0.00577419251 0.028395595 -0.027927205 -0.00790603831 -0.0273962803 0.00861678645 0.00657803658 -0.0290448219 0.014470337 -0.0233334564 0.00851740316 -0.033702109 -0.0221966598 -0.00774977589 -0.0297129508 0.00759675261 -0.0259383507 0.0559885651 -0.0091570029 0.0256913099 0.0385140181
0.0301837604 -0.0322537944 0.0121752545 0.018437162 0.0172903873 0.020822512 -0.000431628898 0.0170166865 0.0271711461 0.0169591978 0.00706104096 0.0370225087 0.0394317284 0.0131979035 5.25754876e-05 0.0030815769 0.0200508777 0.0540431142 -0.00703888107 0.016547922 -0.0126804942 -0.0191179514 0.00825725868 0.0260911249 0.0208117049 0.0534216911 0.0398874395 0.0269350205 0.00811230671 -0.0268280674 0.0415104255 0.0502461828 0.0499983728 -0.0202553757 -0.00372898392 0.00898011029 0.00395513326 0.0139394235 -0.0313796662 0.000905569643 0.0551506095 0.0204259567 -0.0608612895 0.00937903672 0.0256726071 0.00297355466 0.00803322904 -0.0089110136 0.0274292547 0.0335810184 -0.0228622742 0.0113683306 -0.0103258267 0.0393852666 -0.0110843591 0.0260926429 0.0197887328 0.00758254621 0.0135612572 0.00858745631 0.0755619407 0.00932432991 0.0391971245 0.0498124845
0.0116903214 -0.0528722852 -0.00668670144 0.012172441 -0.0220404938 0.00105092581 -0.0217304174 -0.00465437165 0.0163961016 -0.00382965058 -0.0282778926 0.0165984929 0.00487041287 -0.00268709101 -0.0153405583 -0.0176301412 -0.00641870126 0.0360261723 -0.0256263912 0.0045102099 -0.0396426879 -0.0240103789 -0.0112658264 0.00244641909 0.0141405668 0.015858151 0.0180582777 0.00817789324 0.00554141961 -0.0422218367 0.0389339216 0.0280931909 0.0241027363 -0.0305033531 -0.0291440506 -0.019258609 -0.0238157995 -0.00524701411 -0.0452337787 -0.00254345313 0.0332670845 0.0219055153 -0.0831299871 -4.18499112e-05 0.0159050431 -0.0219532661 -0.0110683646 -0.0323718041 0.00845330209 0.0202082079 -0.0388732105 0.00234160759 -0.0222590957 0.0102008246 -0.0348565876 -0.00559527054 -0.00470962003 -0.0276475549 0.00415687263 -0.0303515233 0.0597406477 -0.00265997183 0.0398655534 0.0336577073
0.0433800928 -0.0232382286 0.0397061631 0.0461655483 0.00794554967 0.0666960925 0.0282066911 0.0451432914 0.0755552202 0.0202284753 0.0213599969 0.0474578626 0.0354777202 0.0228901021 0.0126017397 0.0290802326 0.00875148363 0.081868045 0.0248091985 0.0334385708 0.00666988641 0.0119696939 0.00829201844 0.0517327935 0.0573809743 0.0710892528 0.0443292782 0.0525607951 0.0289081633 -0.00545946509 0.0783175379 0.072428003 0.0648408085 -0.0104294559 0.024053039 0.00262383465 0.016584482 0.0503101349 -0.0164560843 0.024504438 0.0666054636 0.0502582081 -0.0336111113 0.0480256155 0.0484683551 0.0254162848 0.0390433781 0.00873067323 0.0544487201 0.0729519799 -0.015269882 0.0336613581 0.0123017002 0.0681801736 -0.0131050693 0.0499571152 0.0285215396 0.0222353656 0.0394090265 0.0212169606 0.0978240818 0.0293641556 0.0641874373 0.0491571985
0.0303163752 -0.0543115996 0.013023559 0.0245187897 -0.0152212856 0.0149444006 -0.00491147116 0.00731104426 0.0122936219 -0.000339344144 -0.0150729939 0.020655131 0.0220244173 0.00233813189 0.00660022069 0.00701297261 -0.00123720337 0.04909271 -0.0234766118 0.013920554 -0.0181658138 -0.0122675793 -0.00925785676 0.00450342614 0.0314334631 0.0362236798 0.0314689092 0.0315299109 0.010989082 -0.0320355073 0.0609098971 0.037647672 0.0513421968 -0.0366055816 -0.00472139753 0.00401389506 -0.0133553175 0.00992756523 -0.0269433595 -0.00564548746 0.032790266 0.0300537907 -0.0668858811 0.0076575838 0.0312839784 -0.00205519143 0.00643329043 -0.0152666615 0.034054324 0.0316815004 -0.0275921486 0.0220834389 -0.00334407948 0.0335342176 -0.0148118539 0.00185797457 0.00292800553 -0.0113452086 0.00970538706 -0.0133450162 0.0665006265 0.00285961106 0.0434202179 0.0376237743
0.0208055787 -0.0460816994 0.0264304932 0.0253158566 -0.00474448502 0.0470622182 0.0126752043 0.0215685479 0.0464242101 0.00054378435 -0.00319157168 0.0246752221 0.0229456499 0.00552303996 0.0156188039 0.00608694181 0.0171519779 0.0497153364 -0.00138601474 0.0214822534 -0.0175859928 0.0038837539 0.0088104941 0.0282508954 0.0413435958 0.0548762158 0.0379203595 0.0298597813 0.0131193493 -0.0188415255 0.0599339306 0.0450161733 0.0403720438 -0.0388786197 0.00830197707 -0.0101617053 -0.00567170884 0.0153919226 -0.0346708782 0.00124712102 0.0431576706 0.0316346809 -0.066232875 0.0311552063 0.0341140293 -0.000870095566 0.0111772232 0.00598771963 0.0357054062 0.0451118648 -0.0222652145 0.0337564722 -0.00413466059 0.0340934582 -0.0306351557 0.00528817438 0.00403499836 -0.00465447223 0.0199180283 -0.00163890421 0.0855682865 0.0145973181 0.0484092273 0.0396056101
0.0106393294 -0.0644744262 -0.00280846679 0.013074629 -0.0159642398 -0.00929305609 -0.0157437623 -0.00574461464 -0.00465429621 -0.0122218886 -0.0325650647 0.0187663585 0.0171787366 -0.0100500584 -0.011531055 -0.0174159277 -0.0126734301 0.0267117936 -0.0399952084 0.00337445363 -0.0413242206 -0.0310590137 -0.0153008327 -0.0124058053 0.0148361754 0.026690403 0.0473267436 0.0102574658 -0.0105541898 -0.0561183281 0.0281323716 0.0145616047 0.0371325873 -0.0487068668 -0.0465755016 -0.0153964534 -0.0189536233 -0.00427155104 -0.0520263836 -0.0191796795 0.0261449534 0.0245555472 -0.0922552869 -0.00397310033 0.014000237 -0.0288934391 -0.0139750596 -0.0490292013 0.0151312929 0.0283982679 -0.0410179719 0.0088140741 -0.00782842655 0.00740003679 -0.0239650272 -0.0116480049 -0.0121351052 -0.0270520337 0.000434654765 -0.0149529576 0.040026091 -0.00869342312 0.032457158 0.0419732444
0.0531020388 -0.0365848392 0.0425507724 0.0449088998 0.02156616 0.0457974039 0.0170236938 0.0401365608 0.0324662328 0.00717683043 0.0131368982 0.0538826659 0.0505369008 0.0195770673 0.024956543 0.0283253603 0.0216893852 0.0529002324 0.00143260986 0.0241931528 0.0087529663 0.00659433939 0.0074237138 0.0291548446 0.0569412261 0.0775320008 0.0445008725 0.0486274548 0.0211124234 -0.00626735995 0.0655955449 0.060974393 0.0745557249 -0.0241520256 0.0243247896 0.0305712745 0.00714346953 0.0287516303 -0.00677735172 0.0289626122 0.0661432743 0.0423430428 -0.0432018526 0.0368261263 0.049131535 0.0265404973 0.0145285241 0.0219932012 0.0441383421 0.0680051446 -0.0114630591 0.0468594432 0.0212274864 0.0645988435 -0.00358750764 0.0356940888 0.0153679959 0.0265438799 0.0248115715 0.0099965483 0.085252583 0.0158091579 0.06193747 0.0568501502
0.0374885835 -0.0313505344 0.0397686139 0.019396022 0.00834072009 0.0454606861 0.0321674645 0.0333067477 0.0321151055 0.00839799456 0.00604396779 0.0506571606 0.0322692245 0.0184951499 0.00626230799 0.0234428067 0.00892070029 0.063758634 0.00292570051 0.0312363803 0.00176659413 -0.0027212929 0.0129738757 0.0373596996 0.0479545482 0.0792084783 0.0453239791 0.0255087223 0.0154047953 -0.00278208498 0.0540223382 0.0611601621 0.0516512841 -0.0191842448 0.0105216764 0.0113531519 0.0037694145 0.0293961689 -0.0107043087 0.0147558553 0.0633754432 0.0380773954 -0.0563022234 0.0287307836 0.0295478906 0.0174484402 0.0117558986 0.00105199404 0.0272307172 0.0620797537 -0.00964210648 0.0507634208 0.00732965581 0.0355982594 -0.0135016488 0.0324580744 0.0115805902 0.0221234709 0.02061674 0.0118887182 0.0977323055 0.0270166174 0.0469068177 0.0489122719
0.0154803898 -0.0536873192 -0.000538117485 0.00952400826 -0.00482395291 0.0118462164 -0.00572536699 -0.00828417018 0.00170820742 0.00191669539 -0.0148252398 0.0144652035 0.0205012951 0.00698718429 -0.0039771311 -0.00799956918 0.0162206087 0.034815304 -0.0295318998 0.0121843433 -0.0380667523 -0.0297649149 0.00281972066 -0.00306498725 0.0227296166 0.0387839638 0.0505061597 0.0183574054 -0.00871621352 -0.0476605669 0.0465760864 0.0271034241 0.0379897729 -0.0361717008 -0.0273574106 -0.018449381 -0.00845254213 -0.0025364412 -0.0405402482 -0.0152563788 0.0228906982 0.0215924587 -0.0877925158 -0.00651599094 0.0256591663 -0.0149631146 -0.00667169457 -0.0207213163 0.0245137475 0.0138173308 -0.030770978 0.0181423426 -0.0177822113 0.0133276097 -0.0142748747 0.000326833688 0.00315873325 -0.0259466115 0.00291793048 0.0123258978 0.039486777 -0.00388890412 0.0272716377 0.0483314246
0.0521587245 -0.0165789202 0.0419343114 0.0289771687 0.026949171 0.0507733822 0.0262362324 0.0425966494 0.0548998713 0.0293054227 0.0151884705 0.0551124848 0.0585032366 0.0247416403 0.0135054085 0.0334433392 0.0208292697 0.0710829869 0.0217539445 0.0242554862 0.0107035693 0.00432125479 0.0171761122 0.0312485229 0.0462533608 0.0737222284 0.0405535847 0.0410911366 0.0215887874 -0.00757086836 0.0553435683 0.0764654428 0.0675975531 -0.00674708001 0.0142384842 0.0242954921 0.0130581697 0.0358993188 -0.00775148068 0.0296540875 0.0713221803 0.0432453379 -0.0462300666 0.0273034927 0.0306989923 0.027636392 0.0255687237 -0.000361405313 0.0345705152 0.0649462491 -0.00857438333 0.0425641462 0.00697274879 0.0426351279 -0.0109469555 0.0508492067 0.020779226 0.0300646033 0.028868312 0.0271611549 0.103819981 0.0307459254 0.0509383641 0.0565270185
0.00579532422 -0.0562041625 0.00606102822 0.0144423228 -0.00978535973 0.00543507654 -0.0142229972 -0.00863070693 0.0190153103 -0.00201981887 -0.0295300856 0.0148461219 0.00924239587 0.00121532939 -0.0078931665 -0.0236371346 -0.00282823294 0.0463437028 -0.0321615711 0.0159515049 -0.0528209507 -0.0402631499 -0.0207929835 -0.00394657161 0.0166650843 0.0188972596 0.0308493488 0.00559397507 -0.00631852355 -0.0413657203 0.0255635269 0.0110301543 0.0248456709 -0.0456544049 -0.0380500779 -0.0273594242 -0.0143287228 8.97994032e-05 -0.0397636294 -0.014031644 0.0221891254 0.0298202373 -0.078787975 -0.0121084563 0.0263067149 -0.0162141379 -0.00276319007 -0.0323707499 0.0327750444 0.0172413345 -0.0386901088 0.0141249141 -0.0185727552 0.0150677916 -0.0317366756 -0.0100069139 -0.0113656558 -0.0226008408 0.012295654 -0.00690077338 0.0544752143 -0.00794314593 0.0347906053 0.0548986346
0.0454332195 -0.0419279747 0.0176362824 0.031225441 -0.00143105723 0.0343190171 0.000990685076 0.0267364793 0.0434643552 0.00289276335 0.00312884431 0.0368106663 0.0372276269 0.0115974359 0.00677383924 0.0163981076 0.0132794492 0.0413061753 -0.00439917436 0.0210839193 0.00628933031 -0.00258182641 0.00544773042 0.0352797806 0.0437047258 0.0550996289 0.0409659147 0.034927059 0.0159091335 -0.0220903791 0.0572947115 0.0665147901 0.0522027165 -0.0177200306 0.0122552477 0.0142643284 -0.00277553871 0.0211106539 -0.0302476659 0.0179969743 0.0642695501 0.0303058475 -0.0548055805 0.0354660451 0.020736549 0.0093030287 0.0103050489 -0.00386249553 0.0338492505 0.0378216878 -0.020539403 0.0322661959 0.0010011252 0.0470750928 -0.00954682846 0.0177397579 0.0126638636 0.0108621633 0.016956009 0.00492056273 0.0739330202 0.0164363664 0.0619558841 0.0423211381
0.0298841018 -0.0595184714 0.00621776981 0.0093450034 -0.0121410331 0.0182948504 -0.0212432966 -0.00293853786 0.0171203297 -0.00368772354 -0.026271252 0.0209751092 0.0219273828 0.00706444401 -0.00287443586 -0.00755332038 0.00213189423 0.0436480194 -0.0260968599 0.00882895477 -0.0273618065 -0.0181271266 0.00348930154 0.00914748386 0.0261172447 0.0322647542 0.029640276 0.0121464645 -0.0109058116 -0.0410031863 0.0325502381 0.0253536534 0.0319086015 -0.0325462818 -0.0142825022 -0.0111612827 -0.0068692416 0.0032489521 -0.0362266079 -0.0162319057 0.0256090648 0.0194528569 -0.0798788145 0.00475116074 0.0123140039 -0.0136313224 -0.00824641995 -0.017490603 0.0106815826 0.021324018 -0.0253544971 0.022638971 -0.0206611324 0.0227181055 -0.0249215513 0.00408625882 0.00239166431 -0.0152240824 0.00197027344 -0.00667530391 0.061155308 0.00449658604 0.0361063331 0.0326897018
0.00661020726 -0.0615418777 -0.00351272454 0.00749402493 -0.0355211534 0.00241435831 -0.0259137414 -0.00454952382 0.00168619084 -0.0134150954 -0.0348860808 0.00927583594 0.00649165269 -0.0146727273 -0.0123470007 -0.0247858167 -0.00614281464 0.0282761827 -0.0416094474 -0.00163755286 -0.0496099666 -0.027100537 -0.0257808454 -0.00368424761 0.0144066457 0.00418077968 0.0105014294 0.00756000355 -0.0113270236 -0.0540751591 0.0364357196 0.0160569623 0.0203898065 -0.0542411804 -0.0228664745 -0.023573868 -0.0250319876 -0.0213539191 -0.0456513762 -0.0174217597 0.0234526861 0.0174294431 -0.0918731391 0.00916468725 0.0143548325 -0.0226256661 -0.0111191943 -0.0392982103 0.0107224807 0.00611426029 -0.021042753 0.0132904258 -0.0303527862 0.0170891359 -0.0373249166 -0.0166178979 -0.00508050527 -0.0352903157 0.00838369317 -0.036550995 0.0456600375 -0.0277263671 0.0355740637 0.0303848647
0.0551198497 -0.0316288769 0.0412798822 0.0340967476 0.0182640702 0.0495225266 0.0191256888 0.0279381312 0.0540082455 0.0176290199 0.0168407317 0.0423457175 0.0517605953 0.0133375078 0.0134544354 0.0364403874 0.0220837537 0.0677292943 0.00599448709 0.0115430634 0.0129597029 0.00507600233 0.0252659135 0.0479778275 0.0554690994 0.0722033828 0.0464343727 0.0561776869 0.021656394 -0.00929895882 0.0658451095 0.0714959726 0.06822972 -0.0116908196 0.0210630428 0.0205535907 0.0103516374 0.0497650951 -0.0152965207 0.0201935954 0.0641205013 0.0338234603 -0.0471985005 0.0310341492 0.045254156 0.0154057639 0.0181889515 0.00922100432 0.0363746546 0.0650667101 -0.0164875146 0.0419715494 0.00848818198 0.0478896797 -0.00844119862 0.0330352932 0.0231140479 0.0155133149 0.0219000746 0.0307089482 0.0940835848 0.0356766544 0.0473333821 0.0456710607
-0.00502094068 -0.0738012791 -0.0248686504 -0.00101763569 -0.0372618511 -0.0100881243 -0.0500377268 -0.036126636 -0.00453595445 -0.0195591785 -0.0458116531 -0.0117606055 -0.0178747438 -0.0136483004 -0.0301419236 -0.0478507839 -0.00800680555 0.00272292271 -0.0595494732 -0.013810372 -0.0723808706 -0.0348737985 -0.0411869958 -0.022188466 0.00679188222 -0.013528903 0.00998375751 -0.00455480814 -0.0225212611 -0.0880465135 0.0120165152 -0.00760569423 0.00263647083 -0.0539483726 -0.0602530129 -0.0520510413 -0.0404400826 -0.0314186774 -0.0660915449 -0.0248968489 -0.003092058 0.00693377154 -0.117900148 -0.0137590393 0.00383797102 -0.0496165827 -0.0402494296 -0.0541460589 0.0119839059 -0.0111028459 -0.0477928296 -0.00286986493 -0.047109995 -0.00813080184 -0.0478777848 -0.0272398889 -0.0172000602 -0.0672884732 -0.0050677117 -0.042088829 0.00711083412 -0.0363869183 0.015810091 0.0218483396
0.00820641406 -0.059563566 0.0144178607 0.00663554622 -0.0091868341 0.0143588288 -0.00824356638 -0.0059424215 0.0157360546 0.0101114307 -0.0156752076 0.0287605226 0.0186135545 0.00347844325 -0.0101621952 -0.00573637895 -0.000109616667 0.0469666421 -0.020289503 0.0118372673 -0.0298514478 -0.0200845711 -0.0101849679 0.00131368311 0.0208869148 0.0279536303 0.0265512392 0.02407334 -0.000396147021 -0.0372607894 0.0556396209 0.0298542753 0.0334127694 -0.0434023738 -0.029426055 -0.0158540569 -0.0134935854 0.00610639248 -0.0370425284 -0.0028771963 0.0348975733 0.0299744643 -0.0844845474 0.00697532296 0.0252243727 -0.0189727265 -0.00909505039 -0.0219037198 0.0281999484 0.0262001101 -0.0381565988 0.00107489643 -0.0238097422 0.0204233285 -0.0349119306 0.0115594734 0.00454929844 -0.029663939 0.00516878068 -0.0129948473 0.0574159808 -0.00242336001 0.0348419398 0.041322574
0.0385457091 -0.041026555 0.0283887852 0.0261378773 -0.00273818895 0.041817002 0.00371362548 0.022500772 0.0369246528 0.00342688616 0.00141137652 0.0376491062 0.0297935829 0.0205306634 0.0105889905 0.0074275136 0.0177068077 0.0506214611 0.00822707266 0.012204675 -0.0124301817 -0.00132214464 0.000184397213 0.0139011871 0.0389981791 0.0546263643 0.0400808081 0.0345148668 0.0127649717 -0.0203576796 0.0452671573 0.0481866635 0.0443181843 -0.024720557 0.000381475314 0.00537870312 -0.005815004 0.0124306083 -0.0248645842 0.0194637477 0.0448771268 0.0402544029 -0.0581139028 0.022301089 0.0331914872 0.00917709246 0.0056138779 -0.00602724683 0.0289818086 0.0432295799 -0.012659831 0.028077919 -0.00560295396 0.0373210162 -0.0312131476 0.0148084573 0.0143796895 -0.00824278593 0.0121746976 0.00267094653 0.0719439685 0.0107215196 0.0483439267 0.0579737388
0.0430031754 -0.0245556533 0.0405482538 0.0426241122 0.0136677902 0.0432338715 0.0260600392 0.0434424654 0.0516869426 0.0159637891 0.0167369805 0.0524136089 0.0477308184 0.0259392783 0.0200397596 0.0183640067 0.017828431 0.0624761544 0.0201470032 0.0321362615 0.00592614152 0.00110168755 0.00510885753 0.0396475494 0.0445097536 0.0713058189 0.0482066162 0.0462858453 0.0159382354 -0.008125633 0.0522748269 0.062734738 0.0681780055 -0.00638579763 0.00596293062 0.00874576531 0.00481559988 0.0399785079 -0.0121263126 0.0218040384 0.0744957775 0.0354920216 -0.051054582 0.0289121084 0.0485304222 0.0265758485 0.022601692 0.00795556325 0.0483734272 0.0709439144 -0.0169724766 0.0271409024 0.0157193299 0.0575568639 -0.0160872266 0.0453384854 0.0188137665 0.0191655532 0.0255309939 0.0338348895 0.09309645 0.033726491 0.0413918197 0.0566566326
0.04959457 -0.012445475 0.052672442 0.0496752933 0.028686801 0.0645942017 0.0283315424 0.0524658971 0.0689383447 0.0311882775 0.0476572849 0.0685136169 0.0506433062 0.0402978659 0.0262844302 0.0452308878 0.0190318786 0.0797194019 0.0352865458 0.0464931801 0.0286782123 0.00483089127 0.0307523161 0.0458149239 0.0537311956 0.0952927172 0.0565859713 0.052255895 0.0342787765 0.00840627402 0.0726929158 0.0879011154 0.0766821504 -0.0094385203 0.0547662936 0.0431001782 0.0204176307 0.0428231135 0.000523183495 0.0278770104 0.0740041882 0.0468106791 -0.028674487 0.0465599075 0.0471766107 0.0289933737 0.0463177152 0.0242949482 0.046609275 0.0669318587 -0.015094392 0.0360125788 0.0264465325 0.0722628683 0.00226233061 0.0366926715 0.0335246325 0.0395947918 0.0321224704 0.0260887146 0.106047273 0.038714435 0.0693673715 0.0540117733
0.0599304363 -0.0126118818 0.0597236603 0.0572725087 0.0235212445 0.0703143179 0.0384080261 0.0670461133 0.0789386779 0.0230542477 0.0426600166 0.0674663782 0.064672187 0.0278243013 0.0374127254 0.0400396995 0.0284731649 0.0805971399 0.0387383103 0.037517041 0.0357674956 0.00534568541 0.0326725878 0.0712948516 0.0666779578 0.0976282954 0.0612547249 0.0613586195 0.0161641724 0.00368290534 0.0576140918 0.0948373526 0.0822763592 0.00532851368 0.0430465676 0.0255412385 0.0282090586 0.060514275 -0.00532104447 0.0375481509 0.0900114775 0.0461281985 -0.0281416718 0.0482864678 0.0536842644 0.0384740531 0.0293824784 0.0257872269 0.0578298271 0.0955721065 -5.99049963e-06 0.0542148873 0.034145426 0.0781165138 0.00187726691 0.0532734171 0.0254121795 0.0409142412 0.0436651334 0.0598605499 0.0961205065 0.0432075113 0.0638832897 0.0601349846
0.00338932313 -0.0692780241 -0.00924727321 0.00364798144 -0.0385459438 -0.0184929408 -0.0370411053 -0.0168781504 0.00099603273 -0.0112242764 -0.0506502762 -0.00321614323 0.00599837117 -0.00804164261 -0.0136484327 -0.0289256852 -0.00852502044 0.0041747652 -0.0407867804 -0.00446068775 -0.0453671366 -0.0333993994 -0.0244898088 -0.0196572207 0.00150778517 0.00822868012 0.0146451853 0.00517329201 -0.0242405646 -0.0646033436 0.0223293789 -0.00862707198 0.0152974036 -0.0506862551 -0.0562693737 -0.028974643 -0.0312458146 -0.0225445814 -0.0540668368 -0.024258364 0.0175612867 0.010628365 -0.0972328633 -0.00934064388 -0.00842150953 -0.0414466225 -0.0245243125 -0.0461972356 -0.00336845079 0.00429654354 -0.0437090024 -0.00749757281 -0.0305250958 -0.008048499 -0.0443971865 -0.0157386586 -0.00316853262 -0.0401627868 -0.00301067717 -0.0388138071 0.0287220217 -0.0211309101 0.0285598524 0.024051087
0.0491221808 -0.0339584388 0.0500438735 0.0271427967 0.0125549249 0.0515941903 0.0208730921 0.0260254331 0.0454564616 0.0155541711 0.00377269462 0.0405536592 0.0525459051 0.0251715872 0.0222161636 0.0233506821 0.00958950166 0.0697851777 0.00448604021 0.0222017094 0.00694940425 0.00391424261 0.0105496924 0.0365955345 0.0404332206 0.064134717 0.0516169518 0.0498720445 0.00353731005 -0.0146206394 0.0527994223 0.0567583814 0.0671887845 -0.0205869507 -0.00627434626 0.013486783 -0.00247921608 0.038489826 -0.0215307847 0.0209547319 0.0605061427 0.035189122 -0.033064872 0.0206076093 0.0288389586 0.0218301453 0.0244645253 0.000125329942 0.0325026065 0.0596946403 -0.0199167579 0.0469649136 0.00385888107 0.0484516472 -0.0114316149 0.0240578298 0.00670472626 0.0115279257 0.0149012171 0.0319555849 0.0820171535 0.0376033485 0.0407480821 0.0560893714
0.0690553039 0.0069584474 0.0790717229 0.0586049221 0.035647735 0.0900356844 0.0525765717 0.0767810792 0.0910136104 0.0297942944 0.0487434268 0.0830747783 0.0705963969 0.0486508571 0.0316782296 0.0574351959 0.0264247302 0.103007302 0.0511814505 0.0444747843 0.0470404066 0.0220963433 0.0282733273 0.0733903944 0.0824660584 0.100598246 0.0552476905 0.0679457709 0.0453273766 0.0319128707 0.0867109299 0.0988117903 0.0770253316 0.0143895317 0.0561649241 0.0510935076 0.0270266198 0.0758197159 0.00624507945 0.0501908883 0.0978607684 0.0659008324 0.00559842959 0.0643421113 0.0715906322 0.0684353709 0.0545574427 0.0255937651 0.0612440333 0.0979950503 0.00195655972 0.0591120124 0.0377609469 0.090252623 -0.0022275541 0.0733269751 0.032782685 0.0615016595 0.0465464741 0.0452158749 0.128698289 0.0558094196 0.078639105 0.0666855201
0.0714731887 -0.0262986664 0.0597413257 0.0397214293 0.0197484009 0.069033742 0.0366012678 0.0429747179 0.0638525039 0.0239224173 0.0236206539 0.039986141 0.0550390519 0.0237128101 0.0269281399 0.0330136977 0.0233596191 0.0824562907 0.0199304633 0.0312116407 0.0172294732 0.0129093304 0.0203819796 0.0467923656 0.0665696636 0.0871681869 0.0643651932 0.0526157469 0.0194843896 -0.0064809355 0.068423152 0.0767804086 0.0722596794 0.00320306234 0.0160978027 0.0205310695 0.0133263636 0.0465293527 -0.0211944804 0.0239108633 0.070072636 0.048099272 -0.0393703878 0.0353999585 0.046569474 0.0376796797 0.0327645391 0.0228575971 0.0441443063 0.0909326151 -0.00278243585 0.0582609735 0.0152140465 0.0571957901 -0.00185551215 0.0372539908 0.00907076802 0.0291885398 0.0306751523 0.0467103533 0.0991076902 0.0471558012 0.0565372743 0.0571259707
0.0593384728 -0.0166575946 0.0655569583 0.0693376511 0.0214117114 0.0775096864 0.0423046164 0.0627834201 0.0844645649 0.0288960077 0.0342375785 0.0676278025 0.0470955186 0.0425673947 0.0290429778 0.0507780537 0.0243144277 0.0839253366 0.0338892564 0.0534754172 0.0350659825 0.013135436 0.0207546595 0.0617772117 0.0816129148 0.103021227 0.0671528503 0.0605645627 0.0285819005 0.00560066663 0.0709767789 0.0842455551 0.0776784867 -0.00582483504 0.0336805433 0.0219063442 0.026738761 0.0650634021 -0.0069941231 0.0398721434 0.0835609734 0.0625472516 -0.0273800939 0.0549209416 0.0686811954 0.0452016816 0.0409475341 0.0383646488 0.0855218992 0.100834817 -0.00506250281 0.0665006712 0.0323425308 0.0754744858 -0.00256065279 0.0476005599 0.0215276331 0.0409475714 0.0429705679 0.0477407798 0.105803095 0.0495553613 0.0706390738 0.0590232648
0.0223361421 -0.0680228621 0.0133660994 0.00648610154 -0.0192173049 0.00644015986 -0.0202124082 -0.000291836681 0.0138896294 -0.0126850475 -0.03864602 0.0162367094 0.0222834349 0.00240104087 0.00720774755 -0.0170047618 -0.00371605996 0.032248646 -0.0317206606 0.00117104966 -0.0355026871 -0.0139065282 -0.00331948977 0.00510196062 0.0313946903 0.0290896259 0.0368991345 0.0241284221 -0.00331884017 -0.0498669073 0.0357465371 0.016804859 0.0280169919 -0.0409288257 -0.0326165929 -0.0185506977 -0.0205826182 0.00345476344 -0.0334057584 -0.00862082094 0.0206820294 0.0268425085 -0.0850276649 -0.000885467976 0.0247998945 -0.0215071104 -0.00773405749 -0.0395410284 0.0114955697 0.0165978745 -0.0435116105 0.0230281986 -0.0116888545 0.0137556624 -0.0313746072 -0.0256345496 0.000378372148 -0.0272136144 0.00862803869 -0.0162831042 0.0461807549 0.000109278597 0.0326747 0.0391951948
0.0306393784 -0.0386206135 0.0335893556 0.0220943894 -0.000682909042 0.0403049067 0.00920511689 0.0309931915 0.0419422314 0.00890963431 -0.00819873903 0.0456262901 0.0345385484 0.0183962416 0.0118143791 0.0171468537 0.00819739047 0.0556315444 0.00732697546 0.0175119825 -0.00326784048 -0.00320441369 0.0211796127 0.0346485674 0.0317412913 0.0642307177 0.0315719061 0.0378830135 0.00229740259 -0.0139345527 0.0607779585 0.0490570068 0.0504867136 -0.0257612355 0.00294847414 0.0106258243 0.00972352922 0.0230908692 -0.0091002835 0.0152641078 0.0548609719 0.0377105512 -0.0551343672 0.0258574467 0.0258610938 -0.00583908986 0.0149506144 -0.0109146964 0.0102082482 0.0406599343 -0.0292731114 0.0227886699 -0.0020656921 0.0362053737 -0.0166776311 0.0175411161 0.023104148 0.00713701081 0.0222183466 -0.00730579812 0.0853664875 0.0150712617 0.0560309924 0.0378202535
0.0197898895 -0.0466652922 0.0179796945 0.0179180633 -0.00537886098 0.0360709168 -0.0141880745 0.0156445093 0.0383060724 0.0129791927 -0.0117683746 0.0418697558 0.027900178 0.0153475348 0.00178073533 0.00774836913 0.00640850328 0.0499212742 -0.0116020795 0.00784666277 -0.025677735 -0.0198953077 0.0083295349 0.00653258152 0.0368546322 0.0442582965 0.0294524357 0.0183049031 0.0101153981 -0.035121873 0.041229181 0.039359536 0.0305182096 -0.0324856229 -0.00606970303 -0.0028177693 -0.0054045897 0.00381603511 -0.0258123074 0.00235168077 0.0431560017 0.0340310782 -0.0686656386 0.0184851959 0.0284427851 0.000895143487 0.0049249432 -0.0193919465 0.0201203153 0.0285414904 -0.0165774301 0.0283775181 -0.0108500719 0.0285261162 -0.03251772 0.00562397204 0.00589846075 -0.00978714228 0.0211622883 -0.00427087676 0.0786493272 0.004948752 0.0411251336 0.0374269001
0.00817707367 -0.068364419 -0.00688035693 0.00644063018 -0.0131830797 0.00628699595 -0.00838486478 -0.00697345939 0.0235682353 -0.0114059765 -0.0354640968 0.0103971716 0.0228677131 -0.0113403713 -0.00806849264 -0.0094159469 0.0130192572 0.0345554724 -0.0318142138 -0.00993700698 -0.0389678739 -0.0246010013 0.00438891631 0.00664701825 0.0171013288 0.0291733332 0.0176259391 0.00711812451 -0.0154087543 -0.0416203439 0.035282515 0.0239433497 0.0242858436 -0.0497928746 -0.0313336253 -0.0155510604 -0.0194639489 -0.00925460551 -0.0377407335 -0.00758164749 0.0332659446 0.0195169467 -0.0969064534 0.00125113502 0.0093963882 -0.0247394275 -0.0133766029 -0.0228423886 0.00751101179 0.0127381347 -0.0295404438 0.0205377303 -0.0265228972 -0.00848070253 -0.0321179591 -0.00839910097 -0.0088419579 -0.0242474824 0.00427872688 -0.0106324451 0.0632977635 -0.00116479397 0.0294205099 0.0334575325
0.0055926973 -0.0684012026 -0.000605232373 0.0139596919 -0.0119475126 -0.0109033836 -0.0267485417 -0.0160818882 0.0084507782 0.00175126083 -0.0366025157 0.00828617532 0.0143975867 -0.00306712836 -0.0043643238 -0.0154556111 -0.000419393182 0.0217811037 -0.0434018075 0.0015811203 -0.0408873931 -0.0394148976 -0.00799006503 -0.00674485508 0.0127930362 0.0176683888 0.0193204507 0.00930553675 -0.00706749083 -0.0419560969 0.04025032 0.0185248386 0.0351688154 -0.0484781079 -0.0303200968 -0.0193075091 -0.0210539419 -0.00160708232 -0.0457148403 -0.0218570232 0.0325139724 0.0183153525 -0.0847578719 -0.00983382761 0.00984475296 -0.0334245786 -0.015899606 -0.0259783827 0.0114144292 0.0201851539 -0.046985656 -0.00762481987 -0.0163904466 0.00216880068 -0.0148483738 -0.0200922955 -0.00878841802 -0.0262754727 0.0050524259 -0.0270907134 0.0552474782 -0.00705242576 0.0391742885 0.0228274371
-0.0142901037 -0.0787682384 -0.0158830974 -0.0194165818 -0.0336349234 -0.0250369292 -0.0374042019 -0.043929629 -0.00726683158 -0.00415438972 -0.0569861084 -0.00762087619 -0.00149222184 -0.0144973872 -0.0259094127 -0.0288510397 -0.00776627846 0.0336362757 -0.0403495021 -0.0131972702 -0.0665238872 -0.040131066 -0.0257130489 -0.0354935974 -0.0116907582 -0.0167930573 0.000467006117 0.000674597919 -0.0317266956 -0.0669932663 0.0277649835 -0.0103888605 0.0129972324 -0.0648341998 -0.0689550936 -0.0339450948 -0.0324054621 -0.0366857983 -0.0501660295 -0.0375327542 0.00954133552 -0.00330540026 -0.116436958 -0.032982178 -0.00732987979 -0.0523805395 -0.0241820887 -0.0468868315 -0.00821028091 -0.0243853554 -0.0437904224 -0.00524886185 -0.0553039312 -0.0219335258 -0.0510028228 -0.0263593551 -0.00955890771 -0.0602913126 -0.00762808789 -0.0384057462 0.0394562185 -0.0289894454 0.0145089347 0.026728522
-0.00584409852 -0.0675213411 -0.0086485371 -0.00720335171 -0.0179088861 0.000411421061 -0.0235091113 -0.0190174878 -0.00354914763 -0.00539727882 -0.0386036113 0.00865409151 0.006542054 -0.0197591912 -0.0170573145 -0.0189330131 0.00181576982 0.0354206078 -0.0289542507 -0.00839435868 -0.0463081338 -0.0343657322 -0.0129325362 -0.0122861024 0.00296538137 0.00371512957 0.0164504275 0.00750565808 -0.0173063613 -0.0557838455 0.0300917737 0.0344175324 0.0202532746 -0.0639524907 -0.0322508477 -0.0186554752 -0.0214974135 -0.02176328 -0.0454846323 -0.025257811 0.0203990974 0.0155208465 -0.106954738 -0.0199277736 0.00351044489 -0.0447197333 -0.0166607797 -0.0441195369 0.0128403567 -0.0051620286 -0.0350826569 0.014791471 -0.0333997421 -0.00220179791 -0.034271419 -0.0208299235 -0.0185630918 -0.0448052064 0.00610809494 -0.0308498014 0.0433857255 -0.0199486725 0.0270374827 0.0383751132
0.0120654693 -0.0648521259 0.00681856554 0.0109524205 -0.00736421719 0.0157403685 -0.0261671096 -0.0080380505 0.0107643837 0.0112504642 -0.0217924751 0.0225053243 0.00684354175 0.00533080008 -0.00220249128 -0.000219520181 -0.0039727008 0.0308991373 -0.0383007936 0.00338608678 -0.0484377816 -0.0175159331 -0.00889771245 -0.0318201706 0.030103704 0.0198880006 0.0285556521 0.0129338615 0.00794134196 -0.0449892767 0.0416486785 0.0168906953 0.0294909347 -0.0460093208 -0.0195865035 -0.00418556156 -0.00630896166 -0.0118450373 -0.0310804136 -0.00244280137 0.00890059676 0.0323144272 -0.0882865489 -0.00289178267 0.0195219852 -0.0105251586 -0.0209488068 -0.029712487 0.0241169315 0.00700963801 -0.0252920408 0.0191956665 -0.0245064218 0.0116953645 -0.0364870466 -0.0155656338 -0.000459810719 -0.0322694108 0.00666703284 -0.022619497 0.0440004095 -0.0100416336 0.0337126628 0.03290952
0.0265153907 -0.0503328927 0.0216250289 0.0188792273 -0.00726174191 0.0270620994 -0.00517087057 0.0194455571 0.0475034751 0.00647459924 -0.0104552051 0.0363446996 0.0409105346 0.00716820545 0.00790966395 -0.0036698617 0.00903694332 0.0459041074 0.00287723495 0.0137454551 -0.015577592 -0.0121998126 -0.000999178737 0.0261498615 0.0230971463 0.0477505177 0.0190066397 0.0307029337 -0.00315786479 -0.0309002288 0.0461154878 0.0435637087 0.0472710244 -0.0278305579 -0.0147955008 -0.00406385586 -0.00445955526 0.00190711441 -0.0157514382 0.0165730044 0.0550051741 0.0297731645 -0.0571896434 0.028676698 0.0275771879 0.00226221047 0.0130381826 -0.0047361427 0.0210377574 0.0320342183 -0.0266049802 0.0126198344 -0.0104075195 0.0477217995 -0.0270874035 0.0151988529 0.0153925996 -0.00212425017 0.0218975525 -2.17081979e-05 0.0770895407 0.00714127906 0.0496422797 0.0420090556
0.0465856604 -0.0147027113 0.0259805471 0.0536203459 0.0166033413 0.0630426407 0.0120221376 0.0517504662 0.0539144427 0.0108656269 0.0217380151 0.0603041723 0.042526491 0.0287329257 0.0263811238 0.0377620161 0.0272887964 0.0625977591 0.0242503621 0.0229141451 0.0113828909 0.00567448698 0.0266248751 0.0413978361 0.0534317344 0.0823758692 0.048758693 0.0431959033 0.0349988267 0.00259433151 0.0599144548 0.0759666562 0.0639283955 -0.00966874324 0.0454705097 0.0266933367 0.0181998406 0.0352226235 -0.0108932406 0.0293347072 0.0692405701 0.0396662317 -0.032440953 0.0355294645 0.0476039015 0.0376649871 0.0192311518 0.0125506483 0.0332828797 0.064649865 0.00103357714 0.0443199128 0.0197985284 0.0688287765 0.000995908864 0.0382487848 0.0229527764 0.0373585336 0.0229171738 0.0188132804 0.097462818 0.0273952335 0.059827961 0.0432261378
0.0439105481 -0.0374395289 0.0279702302 0.0371061899 0.00366362929 0.0348031744 0.019763831 0.0297376961 0.0369977541 0.00631922111 0.00500013586 0.0359401926 0.0382228643 0.00520833954 0.0169866234 0.0154259857 0.0145937707 0.05809604 -0.00387828564 0.025056649 0.00165465847 -0.00752912182 0.0110056233 0.0498371311 0.0481588542 0.0694056079 0.0474670976 0.039207276 0.00631305762 -0.0293015279 0.0519927964 0.0538186878 0.0627408102 -0.0255878028 0.00825557113 -0.00486898096 0.00721384864 0.0210954417 -0.0299917217 0.00506223738 0.0619011186 0.0261595827 -0.0648717433 0.02980249 0.0282499604 0.0083048949 0.0221827626 0.0132770743 0.0261585265 0.0592958704 -0.0135241002 0.0455419496 -0.000162227079 0.0468251929 -0.0154491831 0.023774676 0.0147512946 0.0136830993 0.0226197299 0.011010359 0.0815456584 0.0186720602 0.0507200882 0.0459816083
0.0121483896 -0.0539271235 0.0121417623 0.00955574494 -0.00555689819 -0.00280964049 -0.0113314399 0.00597106107 0.014970256 -0.0032132566 -0.0312294234 0.0155100413 0.0128074456 0.00919833407 -0.00838093925 -0.0178085212 0.00053040497 0.0297037251 -0.0324202776 0.00722810347 -0.0243776292 -0.018160237 -0.0115307719 0.0117331948 0.0276554003 0.034180712 0.0267868023 0.0147418259 -0.00410907529 -0.0376168601 0.0459176786 0.0310443453 0.026198905 -0.0352464952 -0.027899269 -0.0205016341 -0.0155364843 0.00930860452 -0.043889083 -0.00269330665 0.0391349792 0.0260239188 -0.0701502264 -0.000937059522 0.016896965 -0.0130448882 -0.00883798674 -0.0363600627 0.026764838 0.0289348774 -0.0346152298 0.0172666125 -0.00572027545 0.0103250574 -0.0110252425 -0.00227506179 -0.00114248227 -0.00823987275 0.011839469 -0.0185126644 0.043833293 -0.00440283585 0.0428157449 0.0500273034
0.0632149875 -0.0244196896 0.0555403493 0.0451200008 0.00565167889 0.0672232211 0.0267761908 0.0559932739 0.0614522398 0.00956325326 0.0269371197 0.0522768423 0.0479894839 0.0209691245 0.0298617799 0.025916364 0.0139851943 0.0629379451 0.0277208947 0.0359071381 0.0175251979 0.0119440239 0.0149831511 0.0549000353 0.0628974736 0.080083169 0.0551609658 0.0569036454 0.0232486613 -0.0017719774 0.054841876 0.0762748122 0.0674907118 0.00286962837 0.0297211222 0.013182532 0.015731547 0.0441974252 -0.00694646267 0.0326352045 0.0642765537 0.0463173464 -0.0350008979 0.0510410145 0.0460367277 0.033648897 0.037947543 0.0159344524 0.0427061692 0.0859792903 0.000997832627 0.0605777875 0.0258522518 0.0762242898 -0.0105647417 0.0381160751 0.0224995539 0.0274940822 0.0364628956 0.0351720378 0.0911544561 0.0337725803 0.0583808757 0.0557069704
0.0387938879 -0.0283422675 0.036178086 0.0307256617 -0.00622992124 0.0402913913 0.0162091143 0.0385640636 0.0383279026 0.00703742541 0.00788152032 0.0447712764 0.037297722 0.0101106316 0.0128996046 0.0282108467 0.00830042269 0.0638520867 0.017938979 0.0248832926 -0.00100908615 -0.00731140096 0.00322938804 0.0322139934 0.046928741 0.0667620897 0.0354615301 0.0369148776 0.0207113959 -0.00698306318 0.0577367581 0.0631436631 0.0606399402 -0.0353592113 0.0151507854 0.00796937663 0.00120974518 0.0205755942 -0.0177028067 0.0205798224 0.0607732944 0.0453188159 -0.0477271788 0.033073049 0.031492658 0.0138495071 0.0129581047 -0.00130666909 0.025748061 0.0643074065 0.00105913728 0.0429421216 0.0098157702 0.0392299742 -0.012735812 0.0354527235 0.0101798959 0.013538138 0.0290226024 -0.013503246 0.0878894106 0.00527007133 0.054574497 0.0558765903
0.0830762088 -0.00417300127 0.0702723339 0.0871247649 0.0467442796 0.103911467 0.0425407402 0.0942201316 0.099194698 0.0305516552 0.0629763454 0.0801049918 0.0677583069 0.0436410569 0.0511094853 0.059962444 0.0264061578 0.0900307745 0.0528907776 0.044794336 0.0473984256 0.0377419442 0.0360851735 0.0811771452 0.0922376662 0.132319331 0.0795574039 0.0753820464 0.053489469 0.0123094786 0.0825384036 0.105206475 0.0861887038 0.0244827941 0.07190644 0.0498985127 0.0388013497 0.0848186836 -0.001879788 0.0529950261 0.0915969759 0.0596242398 0.00139825605 0.0783240572 0.0771396086 0.0719312578 0.0473611206 0.0545827225 0.0671195388 0.127486765 0.00508275395 0.0644241869 0.0492840819 0.0941430628 0.0132005513 0.0611695088 0.04175549 0.0720464736 0.0493460186 0.0536545143 0.12449728 0.0600703843 0.0935038626 0.0587847345
-0.0402120352 -0.0990769565 -0.0472112149 -0.0256638862 -0.0409534723 -0.0429971367 -0.0713294968 -0.0810376108 -0.0378069133 -0.0116787273 -0.0812294185 -0.0290492158 -0.0222582743 -0.0146015761 -0.045410566 -0.0599563085 -0.00466769189 0.000418424606 -0.0766204596 -0.0221336614 -0.117196053 -0.0580242798 -0.0406492129 -0.0665582865 -0.0287257824 -0.0524684601 -0.0102969278 -0.0206384379 -0.0572694838 -0.111560404 0.00638977252 -0.0527599156 -0.00371106714 -0.0774619728 -0.100114681 -0.0658575594 -0.0468828678 -0.0633111 -0.0791005641 -0.0554823466 -0.0255544223 -0.00926628523 -0.149627686 -0.0581619963 -0.00827158894 -0.08835309 -0.0520697236 -0.0515882 -0.0335241109 -0.0470539033 -0.0597772375 -0.0372776166 -0.0735872909 -0.0472680256 -0.0719426498 -0.0574943535 -0.0270224549 -0.102602556 -0.0236439127 -0.0643002987 0.00979971047 -0.0574464872 -0.00676910765 0.000174843706
0.0107648233 -0.0624451675 0.0148122031 0.00830421597 -0.0212621689 -0.000390704256 -0.0162795801 -0.00843648054 0.00197904091 -0.00788178854 -0.0442537069 0.0115806889 0.0123394271 -0.00391578767 -0.0179193541 -0.00765355118 0.00344096031 0.0213601291 -0.034525793 -0.00508667901 -0.0355597734 -0.0187553558 -0.0126664098 -0.00822920166 0.0177804325 0.0331578776 0.0105461851 0.0152498446 -0.00982978195 -0.0366290621 0.0378671624 0.0156330336 0.0372603536 -0.0527522787 -0.027570555 -0.00251134252 -0.015698256 -0.010776462 -0.0314512849 -0.00771217234 0.0249185674 0.021968076 -0.0864579082 -0.00188515708 0.00777918752 -0.0307319313 -0.018182449 -0.021338515 0.00194229372 0.0192788746 -0.038406685 0.0119270142 -0.0186450966 0.00278539816 -0.0313815624 -0.0168979708 0.00113030989 -0.026625501 0.00102327671 -0.0394873135 0.0602712035 -0.0129221156 0.0350141041 0.0339135453
-0.0435076617 -0.115477338 -0.0451005921 -0.0338188969 -0.0524210706 -0.0568216108 -0.0831896886 -0.073718369 -0.0371307358 -0.0304994509 -0.102148876 -0.0170077197 -0.0263848975 -0.0144174891 -0.0445701666 -0.0776540786 -0.0219553597 -0.0354635119 -0.0843338668 -0.0298552141 -0.105118357 -0.0557281449 -0.05114251 -0.0590914898 -0.0190095324 -0.0578455999 -0.0060975235 -0.0312882401 -0.0360784158 -0.102685735 0.00773623958 -0.0365678929 -0.0172920898 -0.0656905323 -0.111007571 -0.0681403726 -0.0525168814 -0.0590316169 -0.0691711754 -0.0515975058 -0.018133346 -0.00499455864 -0.146310151 -0.0467125997 -0.0147464396 -0.0904787183 -0.0646644458 -0.0828948766 -0.0207088478 -0.0473207794 -0.079930447 -0.0316763073 -0.0741194338 -0.0477858968 -0.0638078526 -0.0824814439 -0.0318176784 -0.099299185 -0.0277693644 -0.0710983276 1.46450475e-05 -0.0528884307 0.00479595177 -0.0050703017
-0.00714129396 -0.0730859265 -0.0186153613 -0.00766255707 -0.0259593129 -0.0222415291 -0.0365174003 -0.0375611 -0.022829555 -0.01520075 -0.0534908473 -0.00660174759 -0.00608685147 -0.0153374327 -0.0144905522 -0.0418211445 -1.55288726e-05 0.011928793 -0.0544040911 -0.0115153035 -0.0669603646 -0.0418603197 -0.0189881772 -0.0186254606 -0.000843258575 -0.00469648652 0.00953406841 -0.00607492775 -0.0297825597 -0.0716117695 0.0157041214 -0.016989246 0.0138779683 -0.059305694 -0.0613214448 -0.0433984362 -0.033801768 -0.0203164835 -0.0663090795 -0.0368471518 0.0127219483 0.00401298422 -0.122329637 -0.0309996288 -0.0087774517 -0.0527996384 -0.0352591649 -0.0488827005 -0.0103277862 0.00190142496 -0.0407586545 -0.00629095361 -0.0394531339 -0.0207098909 -0.0503125601 -0.0249924157 -0.0128256371 -0.0537435971 -0.00979138911 -0.0399191901 0.0235110447 -0.0319318101 0.0101470482 0.024402786
0.030796377 -0.0488014072 0.0188544989 0.00503736082 -0.00345599093 0.0179543681 -0.00737636257 -0.00702436175 0.0236907937 0.00613022409 -0.0160861202 0.0158921778 0.016462516 0.0069484245 0.00721300067 -0.0165604483 -0.00024823565 0.039273791 -0.0272009186 0.0156264119 -0.0359106138 -0.0256030355 -0.0100940373 0.00165324658 0.0221433751 0.0191662833 0.0486880578 0.0181110911 0.00550470594 -0.0426858142 0.039595969 0.0317808986 0.0320709795 -0.0287817437 -0.0325599983 -0.0255398192 -0.0158748981 0.00860265736 -0.0425403528 -0.0123979915 0.0340402015 0.0253823027 -0.071376875 0.00455116853 0.0190775469 -0.00628792308 0.0110242628 -0.0294096842 0.0254852157 0.0298458356 -0.0280311462 0.0192117691 -0.0155984387 0.0291855838 -0.0204380956 -0.00800953433 -0.00139138848 -0.0150934588 0.0141043961 0.0135369394 0.0586039722 0.00732151046 0.0319757946 0.0449889526
0.0161106586 -0.0705552548 0.00735786743 0.00720649771 -0.0174217112 0.00975221768 -0.000655749813 -0.000526726595 -0.0017658947 -0.00117699709 -0.0194231458 0.0148655381 0.0264698509 -0.0135915512 -0.00646383176 -0.0100565683 -0.00852716714 0.0504430905 -0.0356510542 0.00182095822 -0.0410726704 -0.0227440614 -0.000810297206 0.000692571513 0.0227768831 0.0190605614 0.0273321643 0.0124466643 -0.00695353234 -0.0395761952 0.0548321158 0.0411109254 0.043937806 -0.0444283858 -0.0225341264 -0.0151624586 -0.0181289911 -0.0013897121 -0.0353226103 -0.0133320512 0.0378890969 0.0189306196 -0.0911330208 -0.000701662153 0.0223482158 -0.0328918695 -0.0130329011 -0.0366090462 0.00840418227 0.023612041 -0.0175241381 0.0148550384 -0.0153407343 0.00778916199 -0.0180377997 0.00534386002 -0.016142413 -0.0262291804 0.00804954115 -0.00901195966 0.0709108487 -0.00778626138 0.03622967 0.0348525792
0.0191220529 -0.0573291779 -0.00988508947 0.00843119342 -0.0209376067 0.00460991682 -0.0132108647 -0.0161345191 0.0121582495 0.00410343148 -0.0331198201 0.00458232407 0.0169691686 0.000717254356 -0.0063223592 -0.0115732942 0.0148759661 0.0232174844 -0.0260520317 0.00655222684 -0.050725054 -0.0335497335 -0.00425101118 -0.00679691602 0.00658143684 0.0276157018 0.0292608738 0.0149458088 -0.00404417748 -0.0501553155 0.0373980738 0.0103329355 0.0226053484 -0.0430411398 -0.0387397781 -0.0190767702 -0.0292449407 -0.00550373551 -0.0523145907 -0.0187806431 0.023940308 0.0173644535 -0.0838170946 -0.0110946521 -0.002896077 -0.0146260262 -0.00680049928 -0.0206874851 0.00264234189 0.0108232833 -0.0273571759 0.0118522048 -0.0217138547 0.00204691291 -0.0276379008 -0.0128431674 0.00641907845 -0.0202764571 -0.00755003281 -0.00385218672 0.0435957722 -0.0058487216 0.0260514021 0.0402660072
0.0373064056 -0.0263906457 0.0238815956 0.0286764912 0.00698757358 0.0471258312 0.0178563967 0.0321848653 0.0483581536 0.020411348 0.00916387513 0.0484777614 0.0418694578 0.0246953033 0.0221572928 0.0179849938 0.0110598449 0.080413729 0.0118345656 0.0309811756 -0.00332903862 -0.00828629639 0.0124541866 0.0301610827 0.0437971242 0.0617417619 0.0541403443 0.0361128487 0.0228099115 -0.0143265594 0.0660134107 0.0567185283 0.0556594208 -0.0170234405 0.0116949473 -0.00727413408 -0.000470107421 0.0253517646 -0.0273515601 0.0134477504 0.0553455204 0.0424811915 -0.0452289619 0.0293143168 0.0391168185 0.0283410065 0.0329145975 -0.00747902784 0.0288828705 0.0516823083 -0.018596787 0.0462337993 -0.00529056787 0.0457497835 -0.00587545987 0.0307864193 0.00949197076 0.0184439551 0.0216058437 0.0177707672 0.0972150117 0.0284596346 0.0576272272 0.0462577641
0.03729482 -0.0559599325 0.0253085978 0.0132350605 -0.00543781742 0.0167272985 -0.000642810017 0.0130372103 0.0164119974 -0.00977626815 -0.0257619303 0.0277749002 0.0383045226 -0.00103565305 0.000751685817 -0.00170191936 0.00281254016 0.0423601046 -0.0170050003 0.00523187313 -0.0201067459 -0.00471336488 -0.00328099448 0.00173792941 0.0360221118 0.0449339859 0.034609016 0.0221585575 -0.00455256272 -0.0380417071 0.0403701887 0.0308629908 0.0393451974 -0.0319887958 -0.0226325169 -0.00758511247 -0.00917527638 0.000855464197 -0.0226844065 -0.00423133001 0.0416432619 0.025488805 -0.084071584 0.0229049101 0.0232659206 -0.00415116269 -0.00497902976 -0.0252971202 0.0187870488 0.0340534598 -0.0232321545 0.0209189951 -0.00944516901 0.0250590853 -0.0357858539 0.0124368928 0.00770515297 -0.0104531832 0.0224928241 -0.00817188248 0.0697300732 0.00561985793 0.0403700918 0.0445266142
0.0163594726 -0.0565709174 0.0198883824 0.0149148777 -0.0102594104 0.0191054009 -0.00600226037 0.0148061682 0.0244461298 -0.000782657415 -0.0272923913 0.0273205321 0.0238933507 -0.000919377431 0.00851021241 -0.00656760857 -5.76842576e-05 0.0512137115 -0.00696137268 0.0104940487 -0.0206606854 -0.0154845985 -0.00718666334 0.0163666941 0.0232839976 0.0297849178 0.0199832059 0.0262452271 -0.00400664471 -0.026944438 0.045631595 0.0381819084 0.033038184 -0.0430301353 -0.0174163878 -0.0135802245 -0.00408850238 0.0165595748 -0.0306895114 0.0048512686 0.0347154886 0.0348406062 -0.0625280812 0.00700988993 0.0253164656 -0.00350963417 -0.00590016507 -0.0251555815 0.0223434512 0.0382029563 -0.0272152498 0.0228282958 -0.00490182452 0.0262861792 -0.0300995875 0.0144271366 -0.000620305538 -0.0122707458 0.0185548756 -0.0185079724 0.0671623647 0.000159161165 0.0432421938 0.0453479812
0.052368205 -0.0311757419 0.052878648 0.03372721 0.01193335 0.0449980758 0.0188411884 0.0275683776 0.050005313 0.0146830501 0.0185353793 0.0387712121 0.0378040448 0.0298862532 0.0201138593 0.0190720204 0.013893283 0.0642732233 0.00775325857 0.0356157906 0.0147895925 0.0035932418 -0.000792473555 0.0382412784 0.0515920781 0.0724901557 0.0573401377 0.0457916334 0.0201165453 -0.00405267021 0.0532697476 0.0702870563 0.0762023479 -0.00617562793 0.00893011317 0.00804142002 0.00705497433 0.034439981 -0.0229717288 0.0319282636 0.0649800599 0.0404565707 -0.0332591906 0.0263201408 0.0446711071 0.0248346161 0.0249717049 0.0218638275 0.043803677 0.076948911 -0.0113019142 0.0493226051 0.0138339568 0.0598327555 -0.00285237376 0.0276986342 0.00379717257 0.016366668 0.0237483718 0.0308688022 0.0903252587 0.0288611837 0.0488619059 0.0599167049
0.0117617799 -0.0782005936 0.00526352692 0.00302064465 -0.0207553469 -0.0052325055 -0.0105646346 -0.00609532092 0.00735617429 -0.00531278644 -0.0391737893 0.0207271408 0.0207955465 -0.000336263329 -0.00130847469 -0.017294012 0.00804771483 0.018008545 -0.0287326463 -0.0027026888 -0.0321352184 -0.025338646 -0.00361109339 -0.00569157349 0.0152142011 0.0262347609 0.0214752089 0.0185262859 -0.0153010152 -0.041111622 0.039122019 0.0191187318 0.0316413864 -0.0528415293 -0.0387043506 -0.00950434152 -0.020169219 -0.00484579988 -0.0310234856 -0.0059212558 0.0252857637 0.0208694525 -0.0887144506 -0.0145158432 0.0083868932 -0.0331585407 -0.0178744681 -0.0337089412 0.00511477422 0.0184987932 -0.0414332412 0.0105928779 -0.0187738389 0.0109301442 -0.0275360122 -0.0167696159 0.00069758296 -0.0306752771 0.00132490229 -0.017861031 0.0473670885 -0.00341926422 0.0352836847 0.0362454243
0.00520393439 -0.0649450123 -0.00967596285 0.00504984846 -0.01650282 0.00898096245 -0.0313421264 -0.0132648945 0.0189550389 0.0126845725 -0.0239993725 0.0238195173 0.0135915615 0.00371391233 -0.0193809532 -0.0224413536 0.0073343413 0.0290666148 -0.0237539783 0.00330974255 -0.0515264943 -0.0313719399 -0.00755542237 -0.0132830916 0.00763506256 -0.000839395449 0.0175536387 0.00777948834 -0.00290629803 -0.0539034829 0.0311920773 0.0284572616 0.0262185074 -0.0433205478 -0.0366078541 -0.0262412839 -0.0163251162 -0.0129913744 -0.0427256934 0.0053844098 0.0192645937 0.0178747606 -0.0901248679 -0.00549161807 0.0126892114 -0.0249122772 -0.0104586259 -0.0319061615 0.00785587355 -0.00737764174 -0.0320587866 0.00423810119 -0.0419749133 0.0128881698 -0.0416298956 -0.00924162194 0.00255293585 -0.0463820621 0.00242744479 -0.015121229 0.0581957325 -0.00898491498 0.0291772746 0.0397206731
0.00733744726 -0.052597411 0.0174123719 0.00120994775 0.00265787356 0.0101182917 -0.0156934019 0.00207820581 0.0218722969 0.012928158 -0.0218513235 0.0230913665 0.0255252384 0.0125193559 -0.00489481306 -0.00182163715 -0.0048121931 0.0410514623 -0.0282567702 -6.209407e-05 -0.0209727883 -0.0109267775 0.00411808025 -0.000475820154 0.0227643885 0.0356181003 0.0295872632 0.0111093028 -0.00801423937 -0.0438644104 0.0420592427 0.0281538293 0.038988594 -0.0387659855 -0.02238716 -0.0174317025 -0.00629185047 0.0039881058 -0.0370606929 -0.000892002136 0.0399279371 0.0194492601 -0.0746309608 0.00299025327 0.0184735265 -0.0103196753 -0.0103062773 -0.0265373811 0.00390963815 0.0195739735 -0.0329537876 0.00896843709 -0.0245257579 0.00575798983 -0.0251754615 0.00408322271 0.00220927317 -0.0128156859 0.0169148408 -0.0223771278 0.0647169873 0.00186074711 0.0355262607 0.033150591
-0.00693394057 -0.0782463998 0.00542055257 -0.0129744913 -0.0306837 -0.00326059433 -0.0225341041 -0.0358367264 -0.00641466212 -0.00765680103 -0.0514563695 0.00134815183 -0.00294363685 -0.00714755245 -0.0259885062 -0.0261588003 -0.00596698653 0.0279687904 -0.0466667749 -0.00658589602 -0.073886916 -0.0326179266 -0.0255834386 -0.0343590677 0.000963000581 -0.0139493356 0.00130350143 0.000390892848 -0.0168628823 -0.0522620156 0.0317622982 -5.31636178e-05 0.0102424845 -0.0588896349 -0.0659812167 -0.0281570815 -0.0415825769 -0.0347704589 -0.0437055789 -0.0131009985 0.006188442 0.0206202064 -0.105532899 -0.0256055202 0.00102211721 -0.0369371325 -0.0245202817 -0.0434614606 -0.00421449263 -0.0145979095 -0.0465137213 0.0045300452 -0.0431696102 -0.0186546873 -0.0621671118 -0.0289236158 -0.0229621585 -0.0639640465 -0.0095280325 -0.0363361612 0.0398213938 -0.0183496233 0.011011567 0.0385226905
-0.00896700565 -0.0871044695 -0.0267362185 -0.00866210647 -0.0462800786 -0.0160570014 -0.0402623862 -0.0342795998 -0.00480274856 -0.0136242481 -0.0488399267 0.00411655661 -0.00552985352 -0.0181519613 -0.0210667141 -0.0348489881 -0.00902223401 0.0104610324 -0.0460740998 -0.00459944736 -0.0632459968 -0.0356415398 -0.0267672166 -0.023523191 -0.00524923764 -0.0151138343 0.00149878673 -0.00103690289 -0.0213977452 -0.0726394132 0.0347791612 0.00238433108 0.00657542842 -0.0522879288 -0.0560320951 -0.038316682 -0.0300467275 -0.0317967497 -0.0534790047 -0.0247947089 0.00615007244 0.0111810956 -0.113103002 -0.0127488896 -0.00589631125 -0.0472913384 -0.0313076898 -0.0409713127 -0.00370826293 -0.0139666246 -0.0445669442 -0.0141344219 -0.0505518615 -0.00533634378 -0.0521490648 -0.020702444 -0.00430033728 -0.0609397665 -0.00640271604 -0.0450821668 0.0258972533 -0.0354698524 0.0273473412 0.0184698962
0.0181269553 -0.054838825 -0.0048279441 0.00426701922 -0.024240952 -0.00457828725 -0.0142297447 -0.0118500078 0.00708891125 0.000263085589 -0.0278101601 0.021391198 0.0234039351 0.000843646005 -0.0189761743 -0.0122793168 0.000778814778 0.0354387313 -0.0227442663 0.00489876419 -0.0497292653 -0.0314958468 -0.00923080835 -0.00539311953 0.00247970596 0.0248072371 0.0206451975 0.0120484512 -0.00582948653 -0.0468918383 0.0325077511 0.0100591574 0.030759044 -0.0459858738 -0.0369547233 -0.00422452018 -0.0237810016 -0.00969581958 -0.0322612002 -0.0120021403 0.0257546809 0.0136736333 -0.081998542 -0.00421850756 0.00916569214 -0.0215379689 -0.0148931909 -0.0351885632 0.00119085051 0.00106540066 -0.0286863074 0.00189321197 -0.0306727998 0.00600124663 -0.0347344801 -0.00900441967 0.0135146119 -0.0249919128 -0.00461228285 -0.0245767944 0.0541479029 -0.00975048542 0.0309380051 0.0390445143
0.0209493916 -0.071115151 0.0193341505 0.00848991238 -0.024376478 0.00537110399 -0.0226782672 0.0102990083 0.0150580397 -0.00861993525 -0.0302983876 0.0218267087 0.0223155599 0.000280465931 0.00614246354 -0.0207858793 -0.00627608411 0.0365155861 -0.0260327347 0.00945834909 -0.020474799 -0.0177969318 -0.00151096564 0.00658990536 0.0282349586 0.0319092683 0.0306886956 0.0154247731 -0.0213857219 -0.0505539849 0.0320891477 0.0202925447 0.0246637277 -0.0335274525 -0.0413074158 -0.0261745639 -0.0152357034 -0.00698193815 -0.0308637917 -0.00558519736 0.0315625295 0.020808069 -0.0832597986 0.00512946397 0.00692016538 -0.0162462145 -0.0159770511 -0.0442965999 0.014956871 0.0200992636 -0.0330786258 0.0202169772 -0.0217317007 0.0124723222 -0.0374837704 -0.00267017633 0.00134551339 -0.0262702256 0.010607481 -0.0137714557 0.0372417159 0.00397844147 0.0474902205 0.0432347618
0.0326436684 -0.0279542301 0.0356929079 0.0191744808 0.00138422847 0.0435639359 0.01721761 0.031281516 0.0407867134 -0.00146624446 0.00364414323 0.0333698057 0.0305345245 0.00684178434 0.00905153248 0.00963801146 0.00072995387 0.0577625632 -0.000558291096 0.0241881013 -0.00729479454 -0.00125538744 -0.00433334522 0.032393083 0.0471339077 0.0589318946 0.0478306413 0.0297716111 0.0197506882 -0.0259688124 0.0509963073 0.0539818108 0.0493473038 -0.0201377533 -0.00530935265 0.00335505046 -0.00279631931 0.0281639379 -0.0203335471 0.00492730923 0.056389764 0.03928826 -0.0558255725 0.0319041312 0.0381127819 0.00889904983 0.0176407527 -0.0116352979 0.0431178585 0.050386399 -0.0235948376 0.0447749645 0.00454722997 0.0322286859 -0.022589568 0.0259633251 0.00347354077 0.00594114233 0.0291604716 0.00855205674 0.0848869383 0.0115760136 0.0454777814 0.0568950847
0.0445673689 -0.0413171872 0.0106413066 0.0420545898 -0.00592444092 0.0459411703 0.0167427883 0.0396039933 0.0461466052 0.00386026874 0.00304235425 0.0383746736 0.0329524875 0.0251260325 0.00740247453 0.00468381681 0.0153470691 0.0469032377 0.00161692442 0.0319416597 -0.00773313642 -0.0144742606 0.00959518645 0.0270799696 0.0364778973 0.0636401847 0.0507154837 0.0199843664 0.0102221351 -0.0249323398 0.0493763983 0.0603366494 0.0477045253 -0.0062875459 0.00546724536 -0.00396150583 0.00576047134 0.0233485606 -0.0270886775 0.00974875689 0.0539535433 0.0298324525 -0.0570988916 0.0321706943 0.031653367 0.0144198174 0.0213429444 0.00464376993 0.030381579 0.0425314605 -0.0110115204 0.0168337747 0.000498712063 0.0503406376 -0.00935340021 0.0331704356 0.0225956291 0.0150637012 0.0180386268 0.0338389799 0.0877558812 0.0209544636 0.0497388914 0.0544781089
0.0409153514 -0.0488300845 0.0282004531 0.0424123928 -0.0177533701 0.0436346233 0.0146607086 0.0405944437 0.0462555215 -0.00369077176 0.000486965291 0.0380783081 0.0398190133 0.00326074287 0.0292078108 0.0152371433 0.0164353997 0.0531249642 0.00798522867 0.0295137074 0.00079873763 -0.00526009314 0.0220992155 0.0373629928 0.0465044156 0.0552880168 0.0417807922 0.0420911834 0.0175404847 -0.0130603584 0.0615326427 0.0615529791 0.0472604185 -0.0352498256 0.00894955173 0.00286032306 0.00714519061 0.0282431804 -0.011528491 0.0151886102 0.0478319973 0.0450507924 -0.0583010241 0.033862792 0.0449338332 0.0050235223 0.0178342126 -0.00163698755 0.0394920707 0.0478080772 -0.00817957334 0.0459944531 0.00565270521 0.0458964705 -0.016677836 0.0119422376 0.0160582699 0.000982008409 0.0259418152 0.0209124833 0.0896279514 0.0234599132 0.0558032095 0.0428085253
0.024311116 -0.0528551042 0.0311747566 0.0129558975 0.00134795532 0.00866432674 -0.0221997183 0.00415903889 0.0319178142 0.0149180293 -0.0145982541 0.0180678144 0.0340255089 0.0188743491 0.0142604578 -0.0101562962 -0.00176929869 0.0451988131 -0.0187759474 0.0161868334 -0.020896025 -0.0233014785 0.00443900097 0.0188376494 0.0247126687 0.0336412564 0.0294548254 0.0324335247 -0.00901584234 -0.0439739637 0.0417542271 0.0357730463 0.0386725329 -0.0280248597 -0.0197963193 -0.0162330437 -0.0124303885 0.00765373372 -0.0338329077 -0.00554758124 0.0414460376 0.0227496512 -0.0714680552 0.0119652301 0.0204301216 -0.00393087929 0.00447079772 -0.00928422902 0.0199585035 0.0266085155 -0.034581244 0.0145072872 -0.00698263012 0.0202541202 -0.0134777622 -0.00694011897 0.00746624544 -0.0171252061 0.0142498091 0.00226974674 0.0560418218 0.0102349967 0.0354092754 0.0352205224
0.0332846381 -0.0356487706 0.0287554488 0.02942013 0.0109902788 0.0485006198 0.00804421771 0.0251837745 0.0412409306 0.0154596549 0.0112754302 0.0329167098 0.0395252593 0.0123620005 0.00600074232 0.0140545834 0.0146067487 0.0738859326 -0.000105404295 0.00637154933 -0.0107792839 -0.00575699098 0.019399194 0.0249725226 0.0359522849 0.054166168 0.0437791795 0.0328411907 0.00390980672 -0.0243237354 0.0544543788 0.0573811531 0.0557530299 -0.0231301915 0.0100449137 -0.00145248044 0.00661114324 0.0234849844 -0.0326517075 -0.00269155763 0.0513483956 0.0201564133 -0.0668557882 0.0181812346 0.0371249095 0.00106931478 0.0197527278 -0.000819807872 0.0258040596 0.0444325767 -0.018209938 0.0159245767 -0.0117592439 0.0398352072 -0.0149832377 0.0362955667 0.0156714264 -0.00376512716 0.0258026849 0.0187589247 0.0879666656 0.0191795118 0.0399956852 0.0480907634
0.0612166151 -0.0145068187 0.062907882 0.0643391833 0.0273582265 0.0852479339 0.0418366157 0.0664207339 0.0743758082 0.0145269306 0.0283004921 0.0758655369 0.0562981889 0.0402307659 0.039357122 0.046348501 0.0265632775 0.0772199333 0.0380406044 0.0425218903 0.0390398502 0.0185173042 0.0345560648 0.0665502399 0.0775084421 0.0958851427 0.0694787204 0.0637638569 0.0335311592 0.0180078689 0.0848901123 0.0835583806 0.0733599216 -0.00202487782 0.0344996564 0.0272533838 0.0397949293 0.0672709495 -0.00266144052 0.0500102043 0.0822438821 0.0768487155 -0.0167585686 0.060300909 0.0682075471 0.0506996028 0.0430108644 0.0209900308 0.0578544661 0.0846154988 -0.0106972829 0.0553919263 0.0340627283 0.0900990665 -0.00972456858 0.0509148762 0.0241227634 0.0455949344 0.035842672 0.0412633121 0.101981543 0.0479489006 0.0716752633 0.0578493103
0.0378477238 -0.0406431407 0.0397252031 0.0331256241 0.00302853622 0.0425831266 0.0154193463 0.0363670178 0.0478043258 0.0126033891 -0.00687912386 0.039854832 0.0348502956 0.00985832606 0.00331277936 0.0150171183 0.0132091865 0.0562544391 -0.000411538116 0.0195506513 -0.000459985808 0.00239996146 0.0148073528 0.0331810862 0.0508930199 0.069207117 0.043641068 0.0303451475 0.00698053464 -0.0213331319 0.0541784428 0.061980214 0.0493330732 -0.0266343504 0.00722184218 0.0146904998 0.0151454676 0.0240736622 -0.0185839292 0.017624069 0.0545862652 0.0401493087 -0.0594952628 0.0311042946 0.037964955 0.0124129904 0.0116321864 0.00171798654 0.0367396399 0.0534477532 -0.0156992376 0.0452875942 0.00345276296 0.0359249376 -0.0106539885 0.0163292009 0.0105694998 0.0167777464 0.0262155831 0.00837573968 0.0833750218 0.022065321 0.0590500943 0.054339096
0.00572269782 -0.0449640006 0.00116132013 0.005018909 -0.00960690528 0.00128866173 -0.00742518902 -0.00200399454 0.00877201557 0.00628255866 -0.00685151992 0.0166545287 0.0224666987 -0.00536779128 -0.00461236853 -0.0189512298 0.00158008188 0.0416173264 -0.0217879787 0.0157007407 -0.0278430413 -0.0316133387 -0.0216573831 0.0113957198 0.0125532169 0.0223609973 0.0348493643 0.0174687281 -0.00741187064 -0.0480618551 0.0318604559 0.0250900704 0.0367989391 -0.0511115529 -0.0162959844 -0.0318839177 -0.0202058125 0.00185742462 -0.052701503 -0.0112984227 0.0311442111 0.0189326741 -0.0807592645 0.00186224282 0.0168201271 -0.023531558 0.00330026634 -0.0390495472 0.0201867316 0.0251063164 -0.0256397761 0.0130737945 -0.0210611615 0.0233762916 -0.0275575891 0.00623848522 -0.00863122568 -0.0226058941 0.0175945982 -0.017957041 0.061745733 -0.013973143 0.0323393494 0.0454594642
0.095850125 0.00900474191 0.0729767233 0.0734762996 0.0441499427 0.0957739502 0.0566007048 0.0832734182 0.0919270441 0.0248351619 0.0550291091 0.0732150227 0.0786371455 0.0515957028 0.0446482599 0.0661000013 0.0358538702 0.0963609517 0.046099931 0.0492966622 0.0589118265 0.0391279459 0.0305047259 0.0836244822 0.0945195332 0.118708402 0.0786297321 0.0746879056 0.052474495 0.0210373178 0.0963615626 0.0977569818 0.093102172 0.0363049023 0.052000694 0.0483380966 0.0197319984 0.0823547095 0.00561028253 0.05656223 0.108285621 0.0609223284 0.011150335 0.0675491169 0.0714714155 0.0874516815 0.0567732826 0.0392727442 0.0693521649 0.110383332 0.00146025675 0.0741027966 0.0406777114 0.0897905529 0.0118991956 0.0822364911 0.028332008 0.0756259561 0.0391495973 0.0716220886 0.131684333 0.0740637928 0.0777153075 0.0689846724
0.0358627178 -0.0491407029 0.0377662107 0.0255478565 -0.0105954371 0.0347581953 0.00339226052 0.030667305 0.0386562124 0.000845780596 -0.012055818 0.0304227304 0.0349579453 0.0159564838 0.0184028931 0.00643939897 0.000829810277 0.0543355756 -0.00500730053 0.0108313607 -0.0113420356 -0.0134885218 0.0150619652 0.0283320285 0.0420139506 0.0516399443 0.0325268693 0.0386706591 0.0142407352 -0.0184822716 0.0582243428 0.0537397191 0.0463551916 -0.0160224102 -0.0066341795 0.00873247162 0.00439108349 0.0261451099 -0.00656128023 0.00736747123 0.048485294 0.0430102125 -0.0536074452 0.0199573599 0.0489284657 0.0107358452 0.0153850755 -0.011485178 0.0300310552 0.0371562839 -0.0329525694 0.0292685889 0.00608118623 0.0429170989 -0.0118169412 0.00748276897 0.0126756961 -0.00681703305 0.0244356431 0.0079577975 0.075175792 0.0291643851 0.0461199097 0.0381530449
0.00841637608 -0.0719610453 -0.0162661411 0.0103159994 -0.0426261127 0.00297896378 -0.0303268842 -0.00972578395 0.00700584613 -0.00651210546 -0.0362248905 0.00617395248 0.00552820601 -0.0077213617 -0.000470208004 -0.0277187824 -0.0167188589 0.0219460391 -0.0333575457 0.00674195029 -0.0521383844 -0.0293976776 -0.0220716 -0.021256702 0.00485805236 0.000512149185 0.0268473867 0.0104670431 -0.00348245399 -0.069507651 0.0331573486 0.0126371104 0.0284036845 -0.0464740284 -0.0348556302 -0.0233142674 -0.0229906291 -0.0214604754 -0.0481653884 -0.0186827257 0.0122252163 0.0166928377 -0.0959326476 0.000462524593 0.0134161655 -0.0376898833 -0.00143599138 -0.0401106365 0.002387051 -0.00566593977 -0.0359995216 0.00202460657 -0.028865682 0.020531822 -0.0381181426 -0.029220067 -0.00185654592 -0.0472285748 0.00765597122 -0.019330103 0.0562765077 -0.0197741948 0.0327565074 0.0209395383
-0.0134571958 -0.0692273825 -0.0283298343 -0.00678578718 -0.0469111949 -0.0148339625 -0.0508419909 -0.0371387415 -0.0259493552 -0.0208437089 -0.0550990254 -0.00844767038 -0.00768891349 -0.0272576287 -0.0153561141 -0.0381871387 -0.0153757893 0.00754689053 -0.0466401167 -0.00770141464 -0.0641492382 -0.0414358936 -0.0369539373 -0.0113304146 -0.00218622386 -0.00408770237 0.0240609758 -0.00743879937 -0.0154129416 -0.0788740292 0.0392329656 -0.0104335165 -0.000339948107 -0.0558563061 -0.054130055 -0.0497472398 -0.0395921022 -0.022283297 -0.0738438219 -0.0428216197 0.00971696712 0.0114695327 -0.110422716 -0.0120979175 -0.0120389918 -0.0547005534 -0.0335594565 -0.0682569966 0.000526731834 -0.0126889441 -0.0524234101 -0.00574900536 -0.0437355302 -0.00260142516 -0.0400449783 -0.0334744155 -0.0239304099 -0.0500751138 -0.0121260528 -0.0460681021 0.0181553327 -0.0445673838 0.0291108396 0.0187115967
0.037201833 -0.0534523167 0.0155346468 0.0248847753 -0.0228423066 0.00960540865 -0.0148264375 0.0100560803 0.014111137 -0.0121582448 -0.0161917936 0.0284960363 0.0259603597 0.00394357368 0.00556563865 -0.00727199577 -0.00389801897 0.0346457176 -0.0329416022 0.0126587404 -0.023124313 -0.0236821454 -0.00346553046 -0.00159968226 0.025368182 0.0251740813 0.0449089669 0.0201286934 0.00636957726 -0.0297847632 0.0488984883 0.0220528506 0.0437223725 -0.0303679667 -0.0233735368 -0.00465774117 -0.0184304491 0.00100235967 -0.0232910495 -0.00483950414 0.0388257876 0.029995583 -0.0669777021 0.0187186748 0.035281796 -0.00976103917 0.000114226248 -0.0257880557 0.0151560642 0.0299575813 -0.020978421 0.0180568155 -0.00681775622 0.0355532914 -0.0232854914 -0.00572758634 0.00419489108 -0.00899326056 -0.00115450192 0.000227225944 0.068515949 0.00778027205 0.0419427492 0.0384439752
0.0542902462 -0.0278142691 0.0414987057 0.0367635973 0.00453646109 0.0424883626 0.0242033452 0.0381594673 0.0453057364 0.0098939063 0.00686370395 0.0439520255 0.0386340283 0.0227829199 0.0274344273 0.0217353124 0.0111715021 0.0767218992 0.00142072723 0.0307625588 0.00813539419 -0.00607114192 0.0105574913 0.042280145 0.04994094 0.0718542263 0.0523869283 0.0425824337 0.00862764381 -0.00706856418 0.0614462495 0.051365599 0.0545200519 -0.015411715 0.0142383054 0.0176155511 -0.000633345917 0.0321148671 -0.0128524564 0.0131656844 0.0631804243 0.0407391489 -0.0480796769 0.0253042504 0.0474563092 0.0336539112 0.0224074274 0.00308239833 0.0350621305 0.0611771978 -0.0138614113 0.049657315 0.00490260124 0.049986057 -0.0104551325 0.0320320055 0.0109821782 0.0224300548 0.0263119042 0.0217270367 0.080196999 0.0305775441 0.0569148175 0.0536255538
0.0255774613 -0.0432537757 0.0423111282 0.0165587235 0.00555857643 0.0270590447 -0.00125149637 0.0138502233 0.0328460522 0.00758301094 -0.00745130051 0.0331417285 0.0333652757 0.014415619 0.0193891004 0.00324279256 -0.00506123761 0.0574179403 -0.00778981298 0.016003916 -0.0165934172 0.00281013548 0.00339283515 0.00724018458 0.0311074369 0.0347411968 0.0414895751 0.0412691459 0.00105763436 -0.0272545591 0.0556274839 0.0318531767 0.0546535924 -0.0317859836 -0.0228093527 -0.0180573631 -0.00221689232 0.0204858705 -0.0263150241 0.0126969172 0.038833458 0.037935935 -0.0629896447 0.020095963 0.0345714428 -0.00353044132 0.0126612326 -0.0159676224 0.0226247441 0.0484135598 -0.031192787 0.0177750997 -0.00292869844 0.0329296067 -0.0379332006 0.0127419373 0.0109150456 -0.0125526981 0.0130894631 0.00489214249 0.0695619732 0.0168899614 0.0370231979 0.0473645814
0.0338821299 -0.0561195128 0.0235214513 0.02256676 -0.00991376676 0.0221662726 0.00290477462 0.0248540137 0.0292706471 -0.00172914937 -0.0101858964 0.0333063826 0.0364650935 0.00900783949 0.017483782 0.00404079817 -0.00166299567 0.0519061685 -0.00777948275 0.0154297762 -0.00700030662 -0.0111017087 0.000243853778 0.0204216316 0.0312435739 0.0489325821 0.0307859927 0.0385409892 0.00794983376 -0.0295801293 0.0509926379 0.0533650778 0.0443502925 -0.024177175 0.000811358914 0.0068271365 -0.00735152327 0.0193604026 -0.0198723618 -0.00278111361 0.045436915 0.027399946 -0.064201422 0.0149943195 0.0249775331 0.00356636569 0.0155558363 -0.0122219454 0.0264660642 0.0421430767 -0.0247999392 0.0233889185 0.00135020539 0.0352068469 -0.0138551043 0.0137845045 0.0136414701 -0.00729415193 0.025605157 -0.00115100481 0.0742419213 0.0141709717 0.0513892956 0.0439410433
0.0706012994 -0.00287226029 0.0595215783 0.0567735136 0.0326358303 0.0780690759 0.0390617214 0.0735598803 0.081481196 0.0293080788 0.0425525829 0.0649082214 0.066843845 0.0359552912 0.0216996372 0.0551361106 0.0266362187 0.0801385418 0.0368230194 0.0332626812 0.0402813256 0.0158158466 0.0253477935 0.0588183776 0.0758689716 0.111753434 0.0649409145 0.0541588031 0.0381856486 0.00637568627 0.0608779714 0.0988207459 0.0750794485 0.00722162798 0.049084764 0.0405827761 0.02108033 0.0585533455 -0.0013417108 0.0373435654 0.0873079896 0.0535392165 -0.0216724835 0.0511520952 0.0531109795 0.0543332472 0.0389471091 0.0198844802 0.0598327927 0.0988490283 0.0105143916 0.0691241473 0.0293269753 0.0670671612 0.00538817048 0.0593532138 0.0255961828 0.0551102161 0.0432489142 0.0502992086 0.115881756 0.0558998436 0.0639749765 0.0625697151
0.0427571163 -0.0280204006 0.0291552097 0.0286687836 0.0131551549 0.0497650057 0.0128892288 0.0425444469 0.0412269533 0.00731948856 0.00385949295 0.0387599468 0.0448875278 0.0147558795 0.0244343653 0.0112055633 0.0122710988 0.0616056323 0.00759619661 0.0189592037 -0.00617595296 -0.00276576355 0.00590014737 0.023010822 0.0352817252 0.0558271445 0.0533828698 0.0389687233 0.0107324105 -0.0129877804 0.0551091731 0.0478902906 0.0634626672 -0.0246572904 0.00141228177 0.00811061263 0.010638928 0.0262863617 -0.0224899109 0.018305175 0.0494268388 0.0433080718 -0.0393632837 0.0276787728 0.0424220972 0.0217000581 0.031059308 -0.00530270301 0.0258126874 0.0550700203 -0.0101861292 0.0388370305 0.00943600573 0.0576659143 -0.00959221087 0.0318081751 0.0112920655 0.0219905861 0.0184003003 0.0158141032 0.0874239057 0.0181523748 0.0418107659 0.0606711134
0.0295243096 -0.0490646698 0.00444705319 0.0128762461 -0.0119078141 0.0132296579 0.00787879713 0.000538263237 0.0198491514 -0.000867336057 -0.021046605 0.0279300287 0.0222702026 -0.00466771517 -0.0039826883 -0.00368130207 0.0117872395 0.0404637009 -0.022471834 0.014501038 -0.0193818733 -0.0139177013 -0.00731110573 0.0160114914 0.0287222546 0.0271883011 0.0312550627 0.0307575539 0.00622267928 -0.0327184573 0.0461277142 0.0462738983 0.0468299016 -0.0381768346 -0.01283071 -0.00673987437 -0.0047207633 0.012027991 -0.0393684432 0.00101391226 0.0363499373 0.0298356079 -0.0856938884 0.00922240689 0.0226538032 -0.00873774104 0.000610267569 -0.0187929086 0.0280072764 0.034012787 -0.0275650956 0.0249031521 -0.0192533582 0.0316101648 -0.0270808078 0.0107880104 0.00647765491 -0.0167825352 0.009754478 -0.00555208512 0.059095677 0.000619572587 0.0372749493 0.0352405459
-0.00718178507 -0.0723418444 -0.0315771848 -0.00976844318 -0.0308071133 -0.0245490298 -0.0436274447 -0.0326496139 -0.0151644656 -0.0123749264 -0.0506176353 0.00255980296 0.00155728683 -0.0213726498 -0.0114510916 -0.0421651937 -0.0103945974 0.00941348821 -0.0512383655 -0.0139540341 -0.0673485696 -0.046899125 -0.0320032425 -0.0236306824 -0.0118940901 -0.00641975459 0.011076902 -0.00428835023 -0.0146045741 -0.0618395135 0.0219562706 0.0063012857 0.0117429579 -0.0537535697 -0.0497725643 -0.041067034 -0.0387641825 -0.0327109434 -0.0558949336 -0.0234545227 0.0108770384 0.00220641959 -0.110563442 -0.0271960106 -0.00431837793 -0.0530203804 -0.0416035317 -0.052444078 -0.00376273645 -0.0102542676 -0.0387967117 -0.0118161067 -0.0419541374 -0.00502067944 -0.0310754683 -0.0280638337 -0.0164939202 -0.0537428297 -0.00903002638 -0.0351570137 0.0311730877 -0.0334963351 0.0171856377 0.0284048766
0.0450349525 -0.020325616 0.0296600293 0.0347071029 0.0171922687 0.0561496504 0.0246685557 0.0446276926 0.0522831492 0.0212372355 0.0183490962 0.050283853 0.04916263 0.019901773 0.0137215275 0.0335255228 0.0283820033 0.070089519 0.0365192667 0.0242194887 -0.00356647745 -0.00190654956 0.0206172504 0.0351579562 0.0398967788 0.0687258914 0.0446233377 0.0464324243 0.0177402012 -0.00982893817 0.057924483 0.0704739168 0.0559545197 -0.0230275262 0.0174778178 0.00508496957 0.00472737383 0.0258565396 -0.0138152242 0.0304696374 0.0579634756 0.0411716998 -0.0475590713 0.0299405623 0.0332437977 0.0177490674 0.024380181 -0.000460578129 0.0274367854 0.054242 -0.0041386201 0.0325719416 0.0111325486 0.0487461761 -0.0239075683 0.042206794 0.0258980058 0.0165669248 0.0235684644 0.0182211883 0.0937595516 0.0266887527 0.0441275947 0.0655017346
-0.00680096913 -0.0799822211 -0.0241506509 -0.00541439792 -0.046055153 -0.0193496495 -0.0483379848 -0.037671905 -0.0137221776 -0.00659310911 -0.0440358371 -0.00406261161 0.000285687856 -0.0104694879 -0.0135039389 -0.0326464698 -0.0112951482 0.0167924222 -0.0515432805 -0.00943944976 -0.0680954978 -0.0520398207 -0.0218497664 -0.027488647 0.0030955933 -0.00917733181 0.0188742392 -0.000524003059 -0.0291657634 -0.0764292255 0.0186245106 -0.00965256803 0.0177905522 -0.0545608662 -0.0534119271 -0.0410271585 -0.0386989973 -0.0350374393 -0.0593816936 -0.0371664576 0.00546336919 0.0028020069 -0.115182839 -0.0222868863 -0.000884884968 -0.0464063063 -0.0286005009 -0.0446407944 -0.00965762697 -0.0109358514 -0.0311092213 0.00396185135 -0.0449550189 -0.0126591865 -0.0423337407 -0.0338660851 -0.0115743103 -0.0643395334 -0.0112072937 -0.0285312235 0.0227781329 -0.0326248296 0.0151655264 0.0208861083
0.00753843877 -0.0584807917 0.010839276 0.00669846311 -0.0117629543 0.00749884406 -0.0187130533 -0.0284605958 0.00917456765 0.00443084445 -0.0334940217 0.00762300752 0.00932433736 0.0139688002 -0.0135018853 -0.0204394162 0.00461469963 0.0375576541 -0.0263835974 0.00968244858 -0.0553616509 -0.0245013256 -0.0175918564 -0.014832953 0.0104266386 0.0157452486 0.0177173279 0.00892222673 -0.016962897 -0.049935095 0.037257649 0.00642706035 0.0277138799 -0.0396188945 -0.0484749116 -0.0298570804 -0.0213733688 -0.013380792 -0.0443639271 -0.00741098076 0.0223448984 0.0250744447 -0.0906779915 -0.0155382417 0.0113658682 -0.0170795657 -0.0154267699 -0.0273999348 0.0133990236 0.00432583038 -0.0385408476 0.00251918472 -0.0312696807 0.0102403183 -0.0459816307 -0.00156064425 -0.0111480569 -0.0357078537 -0.00121115521 -0.00954695418 0.0337707214 -0.0101961773 0.0243818313 0.0419542789
0.0266243238 -0.0378482677 0.026302129 0.0224792846 0.0052929474 0.0294353589 0.00367353391 0.0174303744 0.0379045531 0.0126534197 -0.00449488591 0.0383298472 0.0282017998 0.0132332304 -0.00498956488 -0.00238347799 0.00631070416 0.0517999567 -0.00105588022 0.0213152431 -0.02121724 -0.0067738425 0.00441037025 0.0182592794 0.0294000376 0.0496458821 0.0359839983 0.0226053894 0.00778113585 -0.0311171915 0.047483705 0.0436889008 0.041403275 -0.0286827739 -0.00720311701 -0.0023225816 -0.000320879743 0.0172487348 -0.0198938083 0.0052694995 0.0376394428 0.0316118188 -0.0645458102 0.0174412094 0.0251922198 -0.00269460119 0.00636501238 -0.0102814874 0.0263692718 0.0379148945 -0.0362138301 0.0123617742 -0.00917598978 0.0291327536 -0.0206846148 0.0125903897 0.018068796 -0.00219148304 0.0133732716 -0.00164694339 0.07810314 0.0150664523 0.0501865707 0.0497483537
0.0287590828 -0.0471397005 0.020749528 0.0169400256 -0.00773343537 0.0278464742 -0.00363343023 0.0150687592 0.0227618795 -0.0032223966 -0.0134118069 0.0275491215 0.0266324859 0.0107879834 0.0111379623 0.00533483736 0.0125622516 0.0447431616 -0.0108513273 0.00775296055 -0.014962473 -0.0060397964 -0.00921504758 0.0115057835 0.0371124856 0.0574127436 0.0359070413 0.021875076 0.00561950356 -0.0360975675 0.0400896706 0.0384548567 0.0413743854 -0.0311113931 -0.00963207893 0.000343353022 -0.0180780441 0.00312976446 -0.0289506931 -0.000714080408 0.0577694848 0.0227554925 -0.0667424649 0.00800365582 0.0244890265 0.00220651226 0.00854033697 -0.00998888258 0.0240600593 0.0370455161 -0.0158939566 0.0271123759 -0.00669599324 0.0342711769 -0.0209218394 0.00160644017 0.00187843526 0.00160818966 0.0204070061 0.00068692863 0.0769298822 0.000971666537 0.0406807363 0.0507548153
0.0232261755 -0.0512541346 0.0170689579 0.0231263191 -0.0110375732 0.0155194942 -0.00723880716 0.0101783834 0.0305966511 0.00554592535 -0.00769991893 0.0226402394 0.0192342754 -0.000910675153 0.00208087405 -0.00948114321 0.00105662271 0.0463932827 -0.0191445984 0.0154877137 -0.0202911943 -0.0236489549 -0.00340020657 0.00978592783 0.0271790344 0.0294088181 0.0397167876 0.0243560616 0.0140131591 -0.0262317024 0.0475338958 0.0443715006 0.0475241244 -0.0314783081 -0.0105908047 -0.00341996225 -0.0055415621 0.0185043029 -0.0351900868 -0.00587914512 0.0485624894 0.0238219686 -0.0631668195 0.00689122826 0.031066535 -0.0159430988 0.0105251092 -0.0136345504 0.0302071497 0.0299634729 -0.0319944471 0.0116459206 -0.00844941102 0.0342957228 -0.00960469898 0.00144560263 0.00615837891 -0.00861839391 0.0169492569 0.00121283717 0.0764554217 0.00491718249 0.0496996418 0.0514911339
0.0520886406 -0.0157270283 0.0524856746 0.0510688424 0.02046852 0.0558029972 0.0392222628 0.0379739404 0.0571484715 0.0306114703 0.0254320279 0.0618389808 0.0428948775 0.0404298417 0.00991588552 0.0280758217 0.00916507747 0.068056345 0.0227241479 0.0460237078 0.0132357292 0.00808344968 -0.00759179331 0.0401167274 0.0650532097 0.0872375369 0.068205826 0.0517693311 0.0270032473 -0.00739501417 0.0656308606 0.0587032363 0.0669243783 5.8687292e-05 0.0155946631 0.0140637839 0.0112894569 0.0625450239 -0.0231173281 0.0281282347 0.069665648 0.0413678065 -0.0335248895 0.0423724204 0.044466909 0.0435848534 0.0289335102 0.00801214017 0.0595385209 0.0735571682 -0.0254106335 0.0366642103 0.0127621898 0.0706811547 -0.00229905453 0.0529271588 0.0317268148 0.0362627059 0.0278028883 0.0409899987 0.0822898746 0.0253836978 0.0708823502 0.0624869317
0.0141758593 -0.0616136864 0.00218758988 0.0175771192 -0.00865880772 0.0174669363 0.00127687864 0.00975287706 0.0157536119 -0.00255482458 -0.0151994685 0.0280426331 0.016080251 0.0116328057 -0.000269847922 -0.004586 0.00921996776 0.0257489737 -0.0219885744 0.0158574171 -0.0256955326 -0.0258715991 0.00700076111 0.017760409 0.027864594 0.0388773754 0.0271588378 0.0106345434 0.00240358547 -0.0322445258 0.0425921082 0.0451250374 0.0472877845 -0.0455531329 -0.0101724695 -0.0158661958 -0.00614676625 0.00661596004 -0.0288878232 -0.000475615263 0.0481141135 0.0289514922 -0.0857058465 0.00531274453 0.0246843956 -0.0156818088 -0.00143267633 -0.00581453601 0.0118198553 0.0218886547 -0.0213975385 0.0276405402 -0.0133880787 0.0218100566 -0.0162908696 0.00251946691 -0.00319873635 -0.0158560555 0.018395599 -0.0076806657 0.0701798275 -0.00224239938 0.0349916369 0.0348538943
0.00566120632 -0.0693468302 -0.00684207445 0.00469177729 -0.027814189 -0.012740002 -0.0336249024 -0.0229193419 -0.0018663588 -0.00253722351 -0.0418395735 0.0110096876 -0.00513016619 -0.00263164565 -0.016398428 -0.0396947451 -0.00645922776 0.0138866715 -0.046085529 0.0054520946 -0.0639363453 -0.0350384973 -0.0320503227 -0.0283119828 -0.000756576657 -0.0102699948 0.0218008682 0.0039025601 -0.014729579 -0.0505378805 0.0141810309 0.00361499283 0.0253837109 -0.0528094471 -0.0536752082 -0.0403768122 -0.0211857036 -0.0201689545 -0.0580906495 -0.00712576136 0.00511056744 0.0211872831 -0.101377197 -0.00836565718 0.0101093873 -0.0397977605 -0.025430385 -0.033053901 0.00941169821 0.015119643 -0.0382455215 -0.00749099115 -0.0405926295 0.00427448796 -0.0457899012 -0.0238388684 -0.00360609591 -0.0476437695 -0.0137492381 -0.0359095 0.0336635374 -0.0151954275 0.0263312124 0.0395359434
0.0466685593 -0.0401728377 0.0375173166 0.0354471765 0.0110531067 0.036088869 0.0122398734 0.0297343582 0.0412425026 0.00803384837 0.00586379971 0.0397633612 0.0464592241 0.0198061243 0.0138925854 0.0151580516 0.00897785649 0.0608137771 0.00134874915 0.0258680526 -0.000717446208 0.00133605581 0.0122876987 0.0237892512 0.0430780165 0.072496511 0.0536256358 0.0405296162 0.0217537433 -0.0134831546 0.0619235747 0.0580048338 0.0610557348 -0.00535233133 -0.00311070867 0.0151243638 0.0031672325 0.0310211517 -0.0131038446 0.0225940514 0.0599831454 0.037304882 -0.0482463017 0.0280591138 0.0497974567 0.0167356934 0.0163342487 0.000463792123 0.0443452187 0.0535231456 -0.0270967297 0.0243982002 0.0142620066 0.0470064506 -0.0101665519 0.0235322509 0.0136091765 0.0130687989 0.0200229455 0.0296135284 0.0899647772 0.0317734741 0.0526230484 0.0544081405
0.0414643139 -0.0147623699 0.0221052524 0.0464552417 -0.00331649091 0.0593885593 0.0268455185 0.0371975005 0.0516516194 0.0151500134 0.0148601942 0.0516806319 0.0367602929 0.0186881293 0.0103398878 0.0221548788 0.027114857 0.059965346 0.0209940672 0.0286854804 -0.00635746587 -0.000542997383 0.0185771789 0.0395704955 0.0453766808 0.080849804 0.0529782698 0.0327986777 0.0245880336 -0.0176117476 0.0566247143 0.0566422939 0.0586388856 -0.0165903047 0.0255764779 0.012725858 0.000755930319 0.0214067288 -0.019725142 0.0184316747 0.0646205023 0.0349006318 -0.045370847 0.0377128944 0.0305576287 0.0219474472 0.0295067653 0.00704631954 0.0240908694 0.0597714186 -0.00563899009 0.0406511202 0.00371138379 0.055846259 -0.0113104954 0.0207149517 0.0230938029 0.0268939417 0.0154195223 0.0202652179 0.0995640904 0.0240415819 0.0587214008 0.0421897508
0.00647214241 -0.0521420129 -5.79804182e-05 0.0100654643 -0.0191100165 0.019798018 -0.014802767 0.0192126632 0.0124762254 -0.0107139926 -0.0223161485 0.0269309916 0.0141287036 -0.00530580338 -0.00478282431 -0.0206397232 -0.00341382436 0.0351094753 -0.0196757186 0.00959858298 -0.038524352 -0.0277287252 -0.00865580142 0.0024510175 0.00833185948 0.0185202584 0.0202450119 0.013569694 -0.00631021243 -0.0391929671 0.0337523073 0.0457606092 0.0319635347 -0.0442971028 -0.0132133774 -0.0145935584 -0.000183351338 -0.0110177808 -0.0295767896 -0.000310683623 0.0280185807 0.0320641175 -0.0856464729 0.0124878101 0.0203622337 -0.0218464434 0.00480613392 -0.0376851521 0.01803446 0.00681710802 -0.0208467916 0.0186393913 -0.0184844807 0.0249037482 -0.0233255252 0.00269080093 -0.000553485006 -0.0256314632 0.0191069935 -0.0178480446 0.0586037375 -0.0195059013 0.0371328555 0.0462380312
-0.00424510054 -0.072642833 0.00594627392 0.000726501923 -0.0223380364 -0.00264380802 -0.0333803222 -0.0181736108 0.00276181637 -0.00568987289 -0.0480958372 0.0134677012 0.00516506284 -0.00210592058 -0.00973113813 -0.0226310976 -0.00637725554 0.0330007076 -0.0317093618 -0.00637674984 -0.0379527062 -0.028419869 -0.0208135266 -0.015486706 0.00888630189 0.00363677833 0.0119732711 0.00610830542 -0.0231836364 -0.0485767499 0.0379153043 0.018608354 0.010713811 -0.0434918068 -0.0438432656 -0.0190702397 -0.0147939343 -0.0166033711 -0.0460864864 -0.00903491303 0.0255132709 0.0199672133 -0.0921314582 -0.0144337006 0.0180580653 -0.0317681246 -0.022516625 -0.0378003716 0.00705067627 0.00153012387 -0.0384578221 -0.0041779587 -0.0315732025 0.00438188715 -0.0380927846 -0.0167635307 -0.0140578719 -0.0378723703 0.00247440953 -0.0357075632 0.0424030684 -0.020763699 0.0367960818 0.0324116647
0.0344107524 -0.0381142534 0.0236094818 0.0354223028 0.00263895653 0.0421033725 0.0105060618 0.026415173 0.0466535017 0.00683377963 0.00229133759 0.0447977446 0.031877324 0.01110001 0.00183233852 0.00845070928 0.014432162 0.0483209006 -0.00206542155 0.0207054559 -0.00632283743 -0.00641828962 -0.00165868085 0.028937187 0.043990463 0.0602105372 0.0403289981 0.0307692606 0.0102093192 -0.0207611509 0.0456062108 0.0559393689 0.0493970737 -0.0235129967 0.006149197 0.0146158021 0.00426306576 0.0230680108 -0.0271919165 0.0204614624 0.0507297367 0.0402816385 -0.0527695939 0.0321331881 0.029367879 0.0158120207 0.0081982296 0.00407419074 0.0437639914 0.0563458949 -0.0202709958 0.0433751009 0.00128760003 0.0436140671 -0.0103342477 0.0231182352 0.00976958778 0.0125363916 0.015957538 0.00379988179 0.0686346963 0.0108721321 0.0626724958 0.0491478369
0.028269548 -0.0470605008 0.0176516492 0.0205706134 -0.00287377276 0.0258507431 -0.0253194049 0.00817427039 0.0365448855 0.00856858399 -0.0212753247 0.0161255356 0.0179283842 0.0100200586 0.00685310923 -0.00339842215 0.00171754137 0.041802451 -0.0211124923 0.0114356261 -0.0191616938 -0.00752907991 -0.00772581063 0.0221771169 0.0399039276 0.0411069989 0.0313388668 0.0232462883 0.00989601202 -0.0382313691 0.0479878336 0.0357650705 0.0347399488 -0.0267151613 -0.00746708177 -0.0246077776 -0.00728935748 0.0183586646 -0.0482597947 0.00194804743 0.0392724872 0.0288310871 -0.0635790974 0.022035405 0.0272768345 0.000882843044 0.00234286627 -0.0126735028 0.0291914362 0.0375016928 -0.0251144245 0.0207430385 -0.0118802832 0.0298149809 -0.0198315717 0.0022108038 0.00354191195 -0.00231004739 0.0161173344 -0.00885884091 0.0695708543 0.00355849229 0.0418896638 0.0393220335
0.0147704817 -0.0516350195 0.00981849618 0.0155743118 0.00468115881 0.0154616274 0.00629372615 0.00618794421 0.0246543996 0.00100432243 -0.0141884191 0.0264356527 0.0258028693 0.0103861755 0.00685253413 -0.00218313746 0.00781828538 0.042496644 -0.0139424698 0.0136590805 -0.0158709064 -0.011884924 -0.00226134527 0.0146985268 0.0297792628 0.0527622849 0.034279231 0.0251810104 -0.0058298111 -0.0392960235 0.0371566601 0.0291764271 0.0456647724 -0.0321115442 -0.0123063885 -0.00867023319 -0.00841284264 0.00868461374 -0.0386408344 0.00627394207 0.037013337 0.0299328379 -0.0838083625 0.00580244884 0.0285018217 -0.00615122495 0.0072453348 -0.0131028211 0.0215708371 0.0387620181 -0.0383698642 0.0272368956 -0.00309816655 0.0207777433 -0.0324723609 0.00606490113 -0.00398828276 -0.0158795491 0.0171657167 -3.94564122e-05 0.0696035847 0.00600409694 0.0333419964 0.0371293463
0.0249116141 -0.0353329517 0.0343735814 0.0290496349 0.00615590997 0.0340390243 -0.00208522473 0.0330841541 0.0424385406 0.0165429078 0.00547603332 0.0451032147 0.0446063913 0.0192775689 0.00930754468 0.0104012247 0.00569093786 0.0609919317 0.00910717901 0.0284767784 -0.00261856057 -0.00795983337 -0.00162721239 0.029432036 0.0351447277 0.063407734 0.0395124815 0.0387395062 0.00843154173 -0.0288244411 0.0503620803 0.055076085 0.0494594797 -0.0304438788 0.00231922977 0.00641377876 0.000859410502 0.0195910186 -0.0193107128 0.00901734363 0.0546363145 0.0405086726 -0.0572766699 0.0301918369 0.0319311768 0.00470810942 0.021336792 -0.0171543509 0.0462826677 0.041417975 -0.0277132317 0.0279937163 0.0015135631 0.0403978154 -0.0196383744 0.015399741 0.0152040673 0.00432090089 0.0300427359 0.000802362338 0.0760299712 0.00615776423 0.0567154065 0.0548130348
0.0132225528 -0.0550477766 -0.0098907575 0.0141332969 -0.022916615 0.00489112316 -0.0212968644 -0.0129650086 0.0162414517 -0.00132570229 -0.030604139 0.0137813631 0.00987881236 0.00584226009 0.00261027738 -0.025041163 0.0114419591 0.0224456172 -0.0206336193 0.0111553958 -0.0423693582 -0.0241747554 -0.0147892218 0.0150669664 0.0104745775 0.0205568783 0.0155590419 0.0192137454 -0.00916965492 -0.0546657816 0.0290234368 0.0144696999 0.0283450037 -0.0469393916 -0.0207952727 -0.0233839247 -0.021053018 0.000374308322 -0.0484560467 -0.0133933891 0.0209573004 0.0144848721 -0.0897265822 -0.00258846581 0.0030761268 -0.0196377095 -0.0122381933 -0.0176550951 0.0136481225 0.0129467864 -0.038994357 0.0147462897 -0.0262730122 0.0202701725 -0.0322658084 -0.00964258611 0.00932094827 -0.0323482305 -0.00456127059 -0.0175065827 0.0397092775 -0.00880867615 0.0324784145 0.0249230973
0.0271863285 -0.0655488372 -0.00971148349 0.0114013236 -0.0281819515 -0.0037809317 -0.0203186274 -0.0128998198 0.0120721702 9.14502889e-05 -0.0455586091 -0.00295551191 0.0242449529 -0.00870296732 -0.0226840433 -0.00685257465 0.00179986097 0.0403309613 -0.0412942432 -0.00666486938 -0.0413960256 -0.0127987657 -0.014902046 0.00149508286 0.0199031103 0.0213397499 0.0221802294 0.0185796488 -0.00220955769 -0.0549360961 0.044286944 0.0190370884 0.038817808 -0.0434091985 -0.0349327922 -0.00890078768 -0.0337597765 -0.000609384384 -0.0444767475 -0.0181812495 0.0229802113 0.012536983 -0.0830351636 -0.0156278834 0.0157539714 -0.0333152562 -0.0134402253 -0.0444089919 0.00995558687 0.0181640983 -0.0414533988 0.00384229259 -0.0258949623 -0.00189639325 -0.0248427186 -0.0122911427 -0.00677928608 -0.0225468595 -0.00308338879 -0.0307309739 0.0642977431 -0.000968731474 0.0346883982 0.0268852394
-0.0126227979 -0.0789635554 -0.0160946716 -0.0031141066 -0.019718051 -0.015400894 -0.0344686247 -0.0369345918 -0.0184429009 -0.00650023529 -0.0506741069 0.00211036252 -0.00241466146 -0.00293560978 -0.0155563233 -0.0345734991 -0.00579270627 0.00112073869 -0.0586911887 -0.011961895 -0.057672672 -0.0293933544 -0.0261451341 -0.0189313218 0.00922992267 0.00746614486 0.0203276258 -0.00354003906 -0.0180245582 -0.0706823245 0.0292461514 -0.000355209224 0.022594884 -0.0537545346 -0.0552194193 -0.0531352051 -0.0302881617 -0.00716816122 -0.0731152147 -0.0271402635 0.0272184163 0.00477097277 -0.109649941 -0.0225959048 -0.00151775032 -0.0487300158 -0.045896396 -0.0412573367 -0.00200084271 0.0094435811 -0.05035647 -0.00727153802 -0.0415634066 -0.0113436468 -0.0381203406 -0.014619424 -0.0212629437 -0.0497472882 -0.00777354557 -0.0364882536 0.0265930798 -0.0287748985 0.0200437512 0.0161784887
0.0525696836 -0.0216740966 0.0278041065 0.0325689092 -0.00148813613 0.0612701885 0.0236308575 0.0447579697 0.0547661483 0.00662423857 0.0160099734 0.0460760072 0.0369995385 0.0128802834 0.0182412434 0.0159533862 0.00495351292 0.075253658 0.0151548395 0.031378448 -0.00351476762 0.00133471377 0.0160953719 0.0448880345 0.0426636823 0.0645016879 0.0512260832 0.0384734906 0.0279184766 -0.0132742068 0.0598965287 0.0668866336 0.0493957363 -0.0033192113 0.0195193589 0.00812828541 0.0119047603 0.0408449024 -0.0112207308 0.0141798984 0.0500808023 0.0411623865 -0.0511056967 0.042641297 0.0459571742 0.0212917458 0.030319849 -0.0046666679 0.0368416123 0.0554194637 -0.00855734572 0.0392723642 0.000572107732 0.0555343777 -0.01419676 0.0367528237 0.0270215776 0.0165285226 0.0290805325 0.0275058709 0.100348376 0.0270919055 0.0512319542 0.0454384685
0.0276541524 -0.0475101247 0.0143786902 0.0295680258 -0.0162088983 0.0336488448 0.00495629758 0.0236488655 0.0436856002 0.00737342704 -0.0166494846 0.03489694 0.028158851 0.0040777633 0.00288178306 0.0150436666 0.00953034684 0.0578646027 0.00383520243 0.0155821284 -0.0159665011 -9.18526202e-05 0.00197730586 0.0172827058 0.0282471515 0.0431473777 0.0108018853 0.0359347574 0.00790775381 -0.0263238866 0.0550124869 0.0517332181 0.0472957306 -0.0379627496 -0.00229465589 0.00453713862 -0.00674079079 0.0182488635 -0.0187660474 0.0187252965 0.0520208403 0.0312922485 -0.0614706017 0.012833152 0.0280766692 0.000798066147 -0.0007687537 -0.0069748587 0.0242850762 0.0349782072 -0.0161702223 0.0182064325 -0.00832988415 0.0315408222 -0.0320995599 0.0264515448 0.0133772725 -0.00591407064 0.0263737328 -0.0114071844 0.0821542889 0.00662414916 0.0468072891 0.0422199219
0.0458070263 -0.025932759 0.0361119509 0.0318987854 0.0235452801 0.0523904189 0.0166368652 0.0367477387 0.0475282632 0.0160640199 0.0107007939 0.0475721061 0.0376568437 0.0207237918 0.0230282843 0.0222922489 0.0202525668 0.0614134893 0.00714932894 0.0196259804 0.00372073427 -0.00122319162 0.0183762293 0.0232150778 0.0424900241 0.0667637959 0.0504935831 0.0346102566 0.0119768474 -0.0113312835 0.0531031042 0.0599494204 0.054919064 -0.015833281 0.0166271646 0.0144773275 0.0170119405 0.0222384222 -0.0179693997 0.0195539501 0.062943086 0.0430322513 -0.0469272621 0.0299417321 0.0433851629 0.0239475612 0.0231148656 0.0124405809 0.0261792019 0.065654166 -0.00723472564 0.0336130969 0.00697194785 0.0494222715 -0.0149322459 0.0319529884 0.016852621 0.0221750606 0.0307807233 0.017110629 0.0923466235 0.0221124329 0.0521057658 0.0475922339
0.0164643824 -0.0473452657 0.0212298408 0.0074135419 0.00515992008 0.023370821 0.00473416038 -0.00262752362 0.016980093 0.0134641891 -0.0209073592 0.0325409696 0.0328947082 0.00204052683 -0.00593923917 0.00823857635 0.0125678945 0.0497369356 -0.0188705456 0.00491331704 -0.0331726149 -0.0133523839 -0.00311878044 0.00697846804 0.0309838858 0.0511849523 0.0204540398 0.0179769956 0.00912784692 -0.0259783342 0.0409085453 0.0377376676 0.0391973183 -0.0473082028 -0.0100323167 0.00421140948 -0.0109400721 0.00580595434 -0.028270781 -0.00075709261 0.0480866507 0.0263548195 -0.0831693411 0.00286829472 0.0150020206 -0.00570918061 -0.0114014624 -0.0155885126 0.0224670954 0.0291966628 -0.0280685686 0.0293030236 -0.016933009 0.0134696495 -0.0267802868 0.0107171582 -0.00342957582 -0.00513680745 0.016259104 -0.0146917291 0.0756496713 -0.00475767534 0.0321274772 0.0375159197
-0.0102935694 -0.0744352713 -0.0177060887 -0.0163322072 -0.0303593185 -0.0249316748 -0.0358517393 -0.0383375809 -0.00262350147 -0.0140176937 -0.0474517383 -0.00727686705 0.000480817631 -0.0155009907 -0.0162870865 -0.0385264158 -0.0196576286 0.0240893923 -0.0494519547 -0.00937218592 -0.0633957312 -0.0430510975 -0.0276346542 -0.0234640911 -0.0108974408 -0.0102604069 0.0191273205 -0.00444719754 -0.0235343948 -0.0665577948 0.0192377642 -0.00775789563 0.0188113526 -0.0578157268 -0.0623956807 -0.0360111073 -0.0345770568 -0.0251273178 -0.0579584539 -0.0380953364 0.015253148 0.00327798072 -0.101754338 -0.0211315267 0.000121615827 -0.0555793121 -0.0199533962 -0.0495415851 -0.00340388715 -0.00737899169 -0.0487349294 -0.00622765487 -0.042946294 -0.0133790616 -0.0414604023 -0.0329293907 -0.0137591846 -0.0514691733 -0.00113391224 -0.0369482897 0.0398068838 -0.0244662557 0.0238058195 0.0267663673
0.0584955774 -0.022882279 0.0460244827 0.0472223833 0.0127863726 0.0629316717 0.0298953485 0.0676184446 0.0730502456 0.0179155879 0.0374017842 0.0679494888 0.0502547584 0.0305937622 0.0309833344 0.026648296 0.0117602311 0.0865321681 0.0345932469 0.0437645316 0.0362018272 -0.000254088081 0.0246042851 0.0567952953 0.0570799373 0.0802274942 0.0581119061 0.0525913537 0.0199343488 0.00930016208 0.0619951114 0.0798706263 0.0711115897 0.0137019884 0.0305733532 0.0224817265 0.0251222812 0.0640621185 0.00913125463 0.0312106237 0.0743890181 0.0490330309 -0.0279745981 0.0393344536 0.0616607964 0.0401164591 0.0429841876 0.00360867754 0.0588094071 0.07463824 -0.0128521193 0.0383508354 0.0221633799 0.0827415586 -0.00404536724 0.0628169179 0.0381234065 0.0312241483 0.0399764217 0.051446408 0.104450546 0.0529205762 0.0664727613 0.0594510809
0.0241396818 -0.0612101108 0.00167157035 0.0149885667 -0.0212157443 0.00938340835 -0.00835679658 0.000315375626 0.0212494656 -0.0109917596 -0.0237002745 0.0237760972 0.0192613062 0.00316535216 -0.00343954889 -0.00402578525 -0.00306481402 0.0374022424 -0.0305073354 -0.00110033527 -0.0203632582 -0.0226551108 -0.000865595415 0.000152715249 0.0237486623 0.0356849954 0.0260845944 0.0141033866 -0.0108931269 -0.0416334756 0.0370956734 0.0240052417 0.0325669274 -0.0257239081 -0.0248300638 -0.00521425996 -0.0133466767 2.40516383e-05 -0.031397488 -0.00665688515 0.0390703082 0.016643066 -0.0863762945 0.00813835114 0.0201984234 -0.00819268264 -0.0112608084 -0.0176179335 0.00502033625 0.0244877022 -0.0247285813 0.0132728741 -0.0187357105 0.0172927808 -0.0309773143 0.0161612649 0.00367787946 -0.0207949299 0.00751868915 0.00254542939 0.0580177382 0.00201670267 0.0324846134 0.0263549294
0.0255999528 -0.0558113083 0.00672461698 0.0323083177 -0.011426229 0.031651184 0.00895860139 0.0171360523 0.0327662379 0.0128167178 -0.00643678708 0.0281300507 0.0306939576 -0.00343641266 -0.00505221356 0.00658621639 0.0109721599 0.0576645471 -0.00280054868 0.0150639936 -0.023403516 -0.0176249705 -0.00176273193 0.0105629982 0.0278375261 0.0489419214 0.0338753983 0.039556507 0.00633244123 -0.0304228347 0.0522366762 0.0484357215 0.0479093157 -0.0335999057 -0.00411697105 0.00137564703 -5.73527068e-05 0.0197431818 -0.0345746838 -0.00279450789 0.0386582837 0.0293061882 -0.07480672 0.00893345848 0.0285889544 -0.00985521264 0.0104237935 -0.0136928521 0.0339056961 0.0427603051 -0.0274252892 0.0156187322 -0.00801264495 0.032754235 -0.014534058 0.0246894546 0.0119551085 -0.0125994459 0.0223972276 0.00648560096 0.0744957402 0.00148319546 0.0496197864 0.0448533222
0.00527851842 -0.0640100166 -0.00434187613 -0.00433501741 -0.0157859772 0.0020676665 -0.0288986433 -0.0260685459 -0.00398568064 -0.00397040509 -0.041854091 0.01841438 0.00473311357 -0.00204980187 -0.0120321 -0.0286534131 -0.00507587008 0.0223516207 -0.0438216925 -0.00830050651 -0.0581625551 -0.019817682 -0.0169613585 -0.0207774695 0.0129363425 0.00791095104 0.0240192339 -0.00411135145 0.00547847617 -0.0542007387 0.0308607612 0.0135526452 0.0206316505 -0.0404744633 -0.0356480181 -0.0143257836 -0.0226167534 -0.0060154344 -0.0357088707 -0.0173387714 0.0235155821 0.0151021313 -0.0812730566 -0.0157260187 0.0131331049 -0.0284400806 -0.0238108467 -0.0419558212 0.00217077322 0.00784600619 -0.0406494811 0.00371623412 -0.0333639048 0.00532213086 -0.0280122682 -0.0268293321 -0.00639374368 -0.0293654464 -0.00231207907 -0.0251382012 0.0602041259 -0.0162710436 0.0333773866 0.025312297
0.0234543085 -0.0530707911 0.00255600968 0.00799716637 -0.0135536054 0.00830143131 -0.0081152143 -0.00284033222 0.0122077502 -0.00267440826 -0.0291840415 0.0185663439 0.0190859661 -0.0113631468 -0.0170136765 -0.0071625188 0.000260928646 0.0359660722 -0.0226763599 0.00901564769 -0.0335664079 -0.0180796199 -0.0156130046 0.00328443386 0.0203854106 0.0393387154 0.0248756725 0.0112505583 0.00846536458 -0.037039578 0.0424992815 0.032079421 0.0387454629 -0.0401541404 -0.0204705764 0.00485164858 -0.00825591013 -0.00722038979 -0.0306058824 -0.0089499522 0.0389408097 0.0257839002 -0.0862624496 0.00905200839 0.0199271142 -0.0150936348 -0.00756377354 -0.0186041333 0.0200310796 0.0193410683 -0.0282853264 0.0180588011 -0.020778954 0.0177451801 -0.025460057 0.00623167166 0.00292716455 -0.00608261768 0.010694908 -0.0281686299 0.0643542707 -0.0149425855 0.0428125225 0.0379987806
0.0761474073 -0.00472915452 0.0665525794 0.0615723431 0.0228004996 0.0865086168 0.0426593088 0.0699939355 0.0903012082 0.0248676669 0.037648607 0.0649058595 0.065407373 0.0384647958 0.0195042193 0.0441584475 0.0285428409 0.0892339125 0.0452770032 0.0400217474 0.0358536541 0.0196586568 0.0164554231 0.0683169588 0.0708098412 0.0993169695 0.0610591844 0.0612095036 0.0235752985 0.0114215631 0.0627443269 0.0917361677 0.0796954781 0.0106781833 0.050519079 0.0389914215 0.0173485503 0.0519397445 -0.00915505737 0.0447444245 0.0884099454 0.0473470502 -0.00194269232 0.0581710264 0.0534315184 0.0523175299 0.0552226454 0.0333327875 0.0475137383 0.0986060053 0.00788278412 0.0583164021 0.0293343253 0.0872856379 0.00128966291 0.0606045984 0.0263000615 0.0590957366 0.038509734 0.0432872437 0.120772928 0.048348885 0.0798830017 0.0666965544
0.0364591964 -0.038909588 0.0260847583 0.0392760485 0.00293077342 0.0409461446 0.00015206635 0.0410990305 0.0323887467 -0.000443076715 0.00085980352 0.0442963541 0.0314771086 0.0178899504 0.0180049874 0.0216981508 0.0052394541 0.0587012433 0.000608040951 0.0212384909 0.0134126423 0.00962323789 0.0144479657 0.0352343395 0.0461201966 0.0710520893 0.0374712832 0.0287218988 0.00868132897 -0.022053685 0.0580566898 0.0637067333 0.0581362806 -0.0184259489 0.0232209768 0.00832758285 0.00400068611 0.0260755699 -0.021400515 0.0159309637 0.0583755001 0.0280141011 -0.0528853685 0.0264010802 0.0291088205 0.0145398919 0.0122622233 0.000860902481 0.028427016 0.0557891577 -0.0163037665 0.0413607955 0.00845733564 0.0385336503 -0.00246088486 0.0324145854 0.0069070356 0.015766222 0.0247749891 0.00277850311 0.090408802 0.0159870423 0.0589526705 0.0435047857
0.0268965866 -0.0584468991 0.023224391 0.0146665219 -0.0218417719 0.0178290941 -0.00977458805 0.00272044726 0.0246958584 -0.00524237193 -0.0225629658 0.0166136324 0.0109561719 -0.00723109767 -0.00450450648 -0.0104261115 -0.00509858504 0.0544221401 -0.0262683667 0.00955801923 -0.0337591618 -0.0157427881 -0.00504649989 0.000476253917 0.0255778991 0.0226444155 0.0353800692 0.0268885307 0.000281755114 -0.037458837 0.0309039801 0.0341594405 0.035904713 -0.0318141356 -0.0292675905 -0.015994532 -0.00711621158 -0.00109702291 -0.0298241638 0.000522324815 0.0243662447 0.0265399963 -0.0821643323 0.00596324354 0.03165932 -0.0188889634 0.00194651808 -0.018007651 0.0230959617 0.0280174427 -0.0303190276 0.0251313932 -0.0224139709 0.0164402872 -0.0365789123 -0.00951725524 0.000464217737 -0.0334530808 0.0140333064 -0.00653761718 0.0659046471 0.00962525047 0.0377437025 0.0506386198
0.021513883 -0.0520426482 0.0133145116 0.0201709494 -0.0135913854 0.0149506377 -0.0062215589 0.0110052647 0.0276782289 -0.00562636461 -0.0147119146 0.0259935148 0.020009337 0.00158995017 0.00547255483 -0.00213758461 -0.00923524983 0.0503549911 -0.0176326148 0.0096161468 -0.0181307252 -0.0135477576 -0.01151649 0.0145599581 0.0265264697 0.029545363 0.0264175422 0.028635608 0.00123772607 -0.0334749036 0.0425790437 0.0317765102 0.0394014753 -0.0342613459 -0.016814949 -0.0207963437 -0.0127956886 0.0201369114 -0.0297962576 0.0067433659 0.0316898003 0.028099712 -0.0719963387 0.0104025342 0.0234593265 -0.00309608597 0.00126055209 -0.0294105448 0.0243288875 0.0347342268 -0.0302175619 0.0240152702 -0.0131922569 0.0244961455 -0.0276246686 0.0142417541 0.00473108329 -0.0188224316 0.0154546229 -0.00639625639 0.0647159889 0.00641344488 0.04171969 0.0409201905
0.0700613633 -0.0127064884 0.0627592504 0.0474720076 0.0213931166 0.0803183317 0.0434826128 0.0652947128 0.0675899833 0.0214110501 0.0385832563 0.06996537 0.0561638176 0.0345857628 0.0258097928 0.033553075 0.0246739741 0.0738216192 0.0359053984 0.0460880697 0.0252751131 0.0157536864 0.022586707 0.0643241033 0.0702490285 0.0908150077 0.060622599 0.0521498173 0.0318767428 0.000316414575 0.0688738599 0.0953404307 0.0827676505 0.00747758895 0.0370681137 0.0313054211 0.0240026694 0.0525162742 0.00802881643 0.0393288359 0.079994373 0.0554201975 -0.0254653208 0.0520067737 0.0521112755 0.0413415767 0.0466507971 0.0177871231 0.0515794642 0.0836691335 -0.00422578119 0.0583513975 0.0250138827 0.0840629637 0.00287826546 0.043385502 0.0250613503 0.0411118194 0.0362499915 0.0456407964 0.108548768 0.0415869728 0.0644795895 0.0654847473
-0.00958693773 -0.0680006146 -0.00242197304 0.00578916958 -0.0341456421 0.00477274321 -0.0353769995 -0.0143806301 -0.00873254426 -0.00298720784 -0.0459713489 0.0109244613 -0.00646758359 -0.010329809 -0.017022891 -0.0319181979 -0.00294205174 0.0173533577 -0.043335598 0.00477505196 -0.0645089447 -0.0355868526 -0.0201989114 -0.0184307564 0.0134770069 -0.0038127983 0.0223161578 0.00581324566 -0.0111377276 -0.0641337484 0.0230287835 0.00288019702 0.0156429503 -0.0708566681 -0.0454844646 -0.0282959603 -0.0166615937 -0.0130140921 -0.0493189804 -0.024784945 0.000435309485 0.0256318804 -0.0979620069 -0.0148719586 0.0168733671 -0.0485647917 -0.0242650881 -0.0518934317 0.0199288614 0.00111881224 -0.0424070805 0.0140482346 -0.0328427218 0.00313651841 -0.0362235755 -0.039204035 -0.00833820831 -0.0494615473 0.00112118572 -0.0442677327 0.0344588049 -0.0262518022 0.033111684 0.026036717
0.0184055082 -0.0535661653 0.0152796432 0.0056663435 -0.0245298818 0.0103940573 -0.00761301257 -0.00266615162 0.00780212274 -0.00764377601 -0.0302930959 0.00758004468 0.013802791 -0.00748909824 -0.0130396914 -0.0114997141 -0.00431152899 0.0299302824 -0.0274159238 0.00295767188 -0.0381068885 -0.0184453465 -0.00739827054 0.00448205229 0.0310682114 0.0224321447 0.0306700766 0.0155948792 -0.00574140344 -0.0518169887 0.0434200987 0.0253368504 0.032555595 -0.0464286916 -0.0354768187 -0.0218926873 -0.0197032355 -0.00559454411 -0.0325343087 -0.0101562133 0.0279340073 0.0288228206 -0.0894910619 0.00435284153 0.0177859962 -0.0301042274 -0.0148548894 -0.0399425887 0.0142727904 0.0183176063 -0.0262382329 0.0241802 -0.017291097 0.00674185622 -0.0360758081 -0.0163618829 -0.00756146852 -0.0300622564 0.00752156787 -0.0251421575 0.0433481038 -0.0027110232 0.0339297913 0.037719503
0.0239232592 -0.0457576551 0.0133753279 0.00762272719 0.00796110556 0.0299695451 0.0138354823 0.00539669022 0.0302132741 0.00797568727 -0.00444774516 0.023049498 0.0279820133 0.0063132681 0.0034222519 -0.00526756421 0.00788930431 0.0497404151 -0.0136568854 0.012631244 -0.0314576291 -0.0173892919 0.00441103987 0.0139469579 0.0249894969 0.0410231501 0.0445667729 0.0194524005 0.00435711956 -0.0375570282 0.044078242 0.0483046249 0.0563635081 -0.032730706 -0.0105305314 -0.0136588085 -0.00417104363 0.00542179681 -0.031592954 -0.00378432125 0.0390269309 0.0205347929 -0.0779630914 0.0116558149 0.0221407656 -0.0164255183 0.0135982055 -0.00774613116 0.0126043493 0.0293242745 -0.0343401358 0.0274099745 -0.0176831707 0.0232530162 -0.0127989445 0.00143724261 0.000113325194 -0.0113411052 0.0131100491 0.00724598113 0.084509179 0.0118948203 0.0353359133 0.0400425978
-0.00721883401 -0.0654830709 -0.0201865565 -0.00542991282 -0.0264771078 -0.00951553509 -0.0318206176 -0.0239521246 -0.0290650316 -0.0149791203 -0.0384362601 0.0140130538 -0.00689989049 -0.0012026336 -0.0232559592 -0.0382148549 -0.00647501647 0.00713505596 -0.047812745 0.000259123743 -0.0759389624 -0.0373136252 -0.0348011069 -0.0281341672 -0.00187471323 0.00918942317 0.0230685771 -0.0118294954 -0.00239285058 -0.061984092 0.0157623477 0.000442894176 0.0234570894 -0.0619599 -0.0487225503 -0.0142378844 -0.0348841436 -0.0327342637 -0.0494309142 -0.0289560519 0.0215126686 0.00908449013 -0.108232953 -0.0156893134 0.00412151311 -0.0516874827 -0.0243700985 -0.0458519608 -0.00102930982 -0.0111166909 -0.0379083566 -0.00246181432 -0.0368282348 -0.00188100617 -0.0398455486 -0.0343454704 -0.00683964789 -0.0432209745 -0.0105339531 -0.0412217081 0.0474714115 -0.0378811881 0.0230052583 0.0333823077
-0.0197232682 -0.0771941841 -0.0296199843 -0.00166376121 -0.0304306671 -0.0126369884 -0.047608234 -0.029745657 -0.0081535317 -0.0176302511 -0.0660107061 -0.0105388332 0.000457061455 -0.0175360851 -0.0381443836 -0.0224457383 0.00288130902 0.00306661054 -0.0513146371 -0.0262428802 -0.0614611842 -0.0225225184 -0.0185287502 -0.017311316 0.00906826183 0.00365825929 -0.00671381969 -0.00921813026 -0.035885632 -0.0868484229 0.032613948 0.00228894036 0.00313003152 -0.0649639741 -0.0573285967 -0.0472395048 -0.0385341607 -0.0333902091 -0.0649478883 -0.0203779712 0.0121253636 0.00547834393 -0.122985527 -0.0187883638 -0.0117943902 -0.0597676933 -0.0447939113 -0.0581578165 -0.0012763124 -0.0216383133 -0.0392556377 -0.000553480349 -0.0401635766 -0.0356958359 -0.0500993542 -0.024693178 -0.0245616157 -0.059275493 0.00366114639 -0.05376748 0.0219590049 -0.0423711278 0.0190948416 0.0216651894
0.0382061973 -0.038194418 0.0352582745 0.0326622128 -0.00266454089 0.0433626585 0.0143623175 0.0314717069 0.0526404083 0.0219364893 0.00668563414 0.0443671532 0.04224848 0.0206768531 0.0294645969 0.0220375378 0.0054411944 0.0665995702 0.00923169777 0.017336905 0.00349528808 -0.00774602313 0.0257405248 0.0285026245 0.0400953963 0.0578367263 0.0494415984 0.0389236845 0.0221425891 -0.00508885644 0.0720140487 0.0491037667 0.055572547 -0.0242979787 0.00959371962 0.00798519328 0.00512937177 0.0468900986 -0.0219352543 0.0106901787 0.04733558 0.0470172763 -0.0318571143 0.017236013 0.0399563573 0.0151540693 0.0241428036 -0.0197616499 0.0206605457 0.0577678643 -0.0275054295 0.0227289833 0.00428030454 0.0514635071 -0.0151380505 0.0182950068 0.0156944841 0.0112076206 0.0192879681 0.0205681194 0.0914181769 0.0351277143 0.0555653609 0.0439969189
0.0397364534 -0.0407886691 0.0246994868 0.0204658043 0.0120460838 0.0422385111 0.009018871 0.0280410498 0.0358042121 0.00718253292 -0.0112507455 0.0310129374 0.0439899638 0.0194452424 0.0218663961 0.0155688338 0.0186255667 0.0486292318 -0.00487490091 0.00749880262 -0.00380036235 0.00212830678 0.0194528271 0.0247802958 0.0484700091 0.0702341944 0.0445738025 0.0316502005 0.00189120695 -0.0360700935 0.0480662137 0.0425572246 0.047012642 -0.0153697748 -0.0078629218 -0.0150971841 -0.000552615151 0.0195429884 -0.0249095466 0.0175732207 0.050986547 0.0349120237 -0.064252831 0.013479095 0.0246632714 0.0148845203 0.00345854554 -0.0118222041 0.0145744542 0.0458530635 -0.0151263475 0.039351631 -0.00102137215 0.0291139316 -0.0227939785 0.0301259737 0.00081637688 0.00566930138 0.0226122383 0.0178515762 0.0739659667 0.0266037434 0.0316694453 0.0451092422
0.0310605094 -0.0353185013 0.0322490819 0.0314807557 0.000636845827 0.0384633169 0.0246213619 0.0321631059 0.0354724079 0.00154449418 -0.00184610114 0.0385778919 0.0361378044 0.00643834751 0.00299524842 0.025151886 0.0137971547 0.0627838001 0.000870958436 0.0207802486 0.00347210467 0.00382096507 0.0118297292 0.0391451791 0.0434122011 0.0692708269 0.0390775017 0.0354815237 0.00894838572 -0.0088709984 0.0557810776 0.0607495531 0.0642689541 -0.0323408358 0.00985788368 0.0160095915 0.00687245652 0.030715134 -0.0154074989 0.00636645965 0.0662093908 0.032932274 -0.060159985 0.0205953158 0.0353358537 -0.00116052292 0.0195322949 0.00321776327 0.0370714217 0.0625416934 -0.0217989627 0.046231702 0.00566639099 0.0371869169 -0.0119481906 0.0239893235 0.00857581198 0.0156242447 0.0258139949 0.00348855369 0.0949984342 0.0174188968 0.0505927578 0.0450638458
0.0530844405 -0.0456783101 0.0352278277 0.0277273264 -0.00269103423 0.0217864178 0.0116035379 0.0301439799 0.0345135592 0.0108549707 0.00254140748 0.0365413055 0.043247588 0.0164854564 0.0206216387 0.00599094667 0.00317894202 0.0584580116 -0.00239513605 0.0219560973 -0.00238037854 -0.0133691328 -0.00332097523 0.026068408 0.0391284749 0.0630062222 0.0453910418 0.0377170406 0.00579564692 -0.0178642496 0.0459638052 0.0428987071 0.0568324551 -0.0201637484 0.000274805352 0.0206870735 -0.00716459379 0.0298749283 -0.0203878097 0.0112606492 0.0480667576 0.0281774886 -0.0436277613 0.0132675432 0.0360171236 0.018981766 0.0148630133 -0.00486804452 0.028241761 0.0651925504 -0.0113703059 0.0408089235 0.0120794671 0.0507072881 -0.00105037913 0.0198313985 0.0142790005 0.0158939511 0.0209046733 0.0165817514 0.077280134 0.0212353766 0.0524535216 0.0573482253
0.044267185 -0.0301098321 0.0331384279 0.0402442776 0.00627818704 0.0493848249 0.00971051119 0.0359149277 0.04015873 0.0079996977 0.0111243268 0.0434518456 0.0451320931 0.0157092325 0.0192812812 0.0172467809 0.00799503177 0.0636586547 -0.000447721104 0.0273266714 0.0010044612 -0.00392263662 0.000917539001 0.0237704255 0.0413400084 0.0730604008 0.0535801873 0.0331103131 0.0224863105 -0.0172270387 0.0582874455 0.0474148467 0.0505946949 -0.0131103713 0.0080216527 0.0221133623 -0.00376820192 0.0283044837 -0.0228144769 0.011738291 0.0578000844 0.0396998972 -0.0367178805 0.0343609527 0.0436466597 0.0317599587 0.021253854 0.000185044948 0.0389208496 0.0567590818 -0.0178642198 0.0276494268 0.00570030697 0.0498504937 -0.0119087752 0.0366927944 0.0125495791 0.0243635308 0.0180397816 0.0205948055 0.094635576 0.0201704055 0.0606702454 0.0509313792
0.0122173307 -0.0499272719 0.018335931 0.00560118118 -0.00744322594 -0.0046350779 -0.0132157393 0.00464575831 0.0166576114 0.000957471319 -0.0190915279 0.0162362456 0.025320217 -0.00593134481 0.00973052904 -0.0178181548 -0.00826197863 0.040019393 -0.0126744062 0.00687781069 -0.0236785747 -0.0317592546 -0.0142952669 0.0176710282 0.0110512804 0.0267303903 0.0265994072 0.0184199102 -0.00878787134 -0.0335452408 0.0306750275 0.0314369686 0.0426285118 -0.0399271883 -0.0259383768 -0.016665291 -0.00652042031 0.00516322069 -0.0312563553 -0.00745954178 0.0435456745 0.0227579214 -0.0698683485 0.000373039395 0.0180748403 -0.0130455326 -0.000717614777 -0.0282145496 0.0127588594 0.0320225134 -0.0253686942 0.0205722023 -0.0070376303 0.023576133 -0.0210391581 0.00177477673 -0.000573777594 -0.00988707133 0.019969061 -0.0132280365 0.0576847568 -0.0074770716 0.034018252 0.0481214672
0.0604659505 -0.0116598438 0.0309373178 0.0570808835 0.0289193541 0.0620963946 0.0298645161 0.0501308776 0.050207071 0.0108049698 0.0391641296 0.0583814755 0.0483898669 0.0202135388 0.0299694538 0.041451633 0.0165593214 0.0783113912 0.0168585703 0.0328298695 0.0195854753 0.00457925256 0.0168132931 0.0499012209 0.0559409112 0.0867404342 0.0739039853 0.0548313893 0.045450367 0.00345579954 0.071787931 0.0695480853 0.076773569 -0.00387025252 0.0377675034 0.0236004218 0.0138102407 0.0589801818 -0.021683149 0.0209967643 0.0644339398 0.0457227826 -0.0242681801 0.0423209891 0.0538956001 0.031963069 0.0381620862 0.00761695951 0.051194936 0.0813151523 -0.0199493729 0.0412164144 0.0232015625 0.0766560286 0.00543544721 0.0511122048 0.0211525112 0.0374577641 0.0272929594 0.029007284 0.107537225 0.0353949666 0.0670235902 0.053710144
0.00362596847 -0.0680179 -0.0180218928 -0.00356059079 -0.0213996843 -0.0187550113 -0.0359873399 -0.0305479281 -0.006545207 -0.00328977685 -0.0523584783 -0.0102705937 0.00368291978 -0.0121885324 -0.017997127 -0.0235735923 -0.013490838 0.0316624716 -0.0489062518 -0.0094907023 -0.0497585051 -0.037439283 -0.0268400181 -0.0209096838 -0.0081454739 -0.00277761649 0.0160372034 0.0057527232 -0.0230856203 -0.060470093 0.0242253616 0.011148341 0.0330481231 -0.0465735048 -0.0496283062 -0.0321473256 -0.020158615 -0.0173185356 -0.0612725168 -0.0200834423 0.0153081855 0.00881239213 -0.0950727165 -0.0242149495 0.0129111409 -0.0428945869 -0.0192650352 -0.0377171934 -0.00376347126 0.00256242556 -0.0450241864 -0.00964721572 -0.035160251 -0.00763066392 -0.035890922 -0.0112852287 -0.0189578421 -0.048071295 0.000359863974 -0.0348424055 0.0505209342 -0.0185174793 0.0154276416 0.0257332288
0.0432019942 -0.0376818739 0.0442840308 0.0342952721 0.00218712725 0.0521883741 0.0264427327 0.0283984635 0.0476697125 0.0144756576 0.00581743661 0.0397544354 0.0433031544 0.0253124945 0.0174418017 0.0256311372 0.0102010239 0.0867733732 0.00954759587 0.0284673404 -0.00596809015 -0.00545785204 0.00628989842 0.0226119496 0.0489048176 0.0655244961 0.0490908846 0.0453574657 0.0123740844 -0.017182067 0.0658210665 0.0576946363 0.0551844127 -0.0249191485 0.0110532735 0.0157513563 0.00605845172 0.0286289379 -0.0195637941 0.0109993182 0.0484770909 0.0431815535 -0.0480571017 0.0229318589 0.0466158353 0.0279347412 0.0338295251 0.00585809024 0.0371135101 0.0463918224 -0.0184675604 0.0421158001 0.00236680545 0.0485890172 -0.0135076744 0.0223175213 0.0089081265 0.00510206725 0.0286640599 0.0233198758 0.0888589695 0.0216075256 0.0504888073 0.0584241375
0.0395605378 -0.045412086 0.0231393911 0.024692826 0.00120835006 0.0206309557 -0.0177834071 0.00374108553 0.0281370953 0.0175238084 -0.0133956261 0.0184854716 0.0212020036 0.0300033484 0.00745973131 0.00182202645 0.00480619166 0.0309698991 -0.0268101729 0.00724132592 -0.0278581176 -0.0173942503 0.00659038033 -0.0040168236 0.0435799137 0.0322505571 0.0497189946 0.0151608232 0.00615824759 -0.0355761684 0.03788976 0.0220303629 0.0373853818 -0.0212763008 -0.0192180909 -0.017463319 -0.0110074067 0.00740103098 -0.0454748645 0.00840689987 0.0278023016 0.0327168703 -0.0600028187 0.0118754841 0.02557531 0.0153853204 -0.00504784659 -0.015911011 0.00648347475 0.039396707 -0.00955878571 0.0291632414 -0.00761512667 0.0175542608 -0.0205381848 -0.00711561274 0.00213078409 -0.0071428949 -0.00352633186 0.00181918032 0.0559779033 0.022754129 0.0326038115 0.0369943865
0.0182805788 -0.0559765771 -0.00162049534 0.0165779702 -0.0264307372 0.0172653664 -0.0153931528 0.0114553897 0.0276491232 0.00116597023 -0.0189291704 0.0283359941 0.0113485735 0.00250609964 -0.00173232239 -0.0155238044 0.00412214361 0.0304055326 -0.014823487 0.0164558608 -0.0367398635 -0.0237783492 -0.00573216844 -0.00328026037 0.0263019875 0.0277251527 0.0276550613 0.0119598145 0.00615864294 -0.0425784066 0.0295424666 0.0337640345 0.0193818752 -0.0343388245 -0.0184597746 -0.0117649669 -0.0130763724 -0.0108838063 -0.0290335864 0.0057196971 0.0265543573 0.0346189216 -0.0816816911 0.00903736427 0.015352115 -0.00566754583 -0.00909593422 -0.031508252 0.0234526396 0.018269632 -0.012483811 0.0302476324 -0.0151102887 0.0165103599 -0.034276586 -0.00866064336 0.0073909713 -0.0227912106 0.00836496893 -0.00502814911 0.0515353866 -0.00476342998 0.0425911695 0.0415812284
0.0189296007 -0.0620838553 -0.00014039583 0.00392487459 -0.0163610391 0.000390327768 -0.0289120972 0.000919141807 -0.00453956844 -0.0197958052 -0.0428685993 0.00979555119 0.0179919936 -0.00466187578 0.00211941404 -0.0140715893 -0.00411413331 0.0127108507 -0.0440351963 -0.00729469489 -0.0318151712 -0.00576550793 -0.00623212056 -0.0138937309 0.0167305693 0.0217649788 0.0230886638 0.0160507672 0.000253076549 -0.0488426834 0.0324343443 0.0255985465 0.0387085751 -0.0327368081 -0.0277386811 0.000493645668 -0.0184172913 -0.0190012753 -0.0343245193 -0.00565135293 0.0206152536 0.0197555423 -0.090536505 -0.000540807843 0.0123781646 -0.0263449214 -0.0140700489 -0.0326037928 0.0023710418 0.0114091244 -0.0324301235 0.0187751241 -0.0132241221 0.000698379241 -0.0323226526 -0.0177689139 -0.00750710815 -0.0288062319 -0.00145343877 -0.0290188417 0.0567589849 -0.00654028077 0.0223664269 0.0275828112
0.0802747011 -0.00925784744 0.0645271242 0.054907158 0.0431177169 0.0839383006 0.0492256321 0.0733701959 0.0913950801 0.0257763155 0.0478663445 0.0677672774 0.0686447993 0.033862602 0.0372251458 0.0617043935 0.0351430662 0.0964731723 0.0390288867 0.0397582017 0.0437220596 0.0181265157 0.0423919894 0.0744282156 0.0735985637 0.105901189 0.0656365007 0.0719480589 0.0307662636 0.0318176709 0.0742841363 0.0914334059 0.0843281746 0.00761588849 0.0526680984 0.0399188846 0.0313417427 0.0707558319 0.0033512013 0.0444464199 0.0769618601 0.0601600483 -0.0106890388 0.0562436022 0.0627398193 0.0502484776 0.0479343832 0.0327407196 0.0505360477 0.109127685 0.0030060627 0.0606997386 0.0310386959 0.0710872561 0.00272712111 0.0636601895 0.0330415666 0.0568427444 0.0372103341 0.0435981154 0.121438935 0.0644198284 0.0655955076 0.062852405
0.0198984593 -0.0377327017 0.0252842009 0.0193129368 0.00363840535 0.0272602383 -0.0117630698 0.0188553631 0.0369261876 -0.000277781859 -0.0105834045 0.0296968166 0.0366244018 0.00841309223 0.0055925413 0.00229327194 0.00459283404 0.0454022512 -0.00151945185 0.0141909793 -0.00954745524 -0.0113606257 0.00355291273 0.026303295 0.0355394147 0.0660558045 0.042841401 0.0168799367 0.00767282397 -0.0334713161 0.0433035567 0.0367931984 0.037114881 -0.0324182212 -0.00905041024 -0.00619285647 0.0034802556 0.0138363102 -0.0276345406 -0.00706600398 0.0536166131 0.0338159688 -0.0673041046 0.0366778821 0.0257300399 -0.0104916878 0.0148903392 -0.0127787692 0.0320977457 0.0411312804 -0.0244570486 0.0325296223 -0.00621009618 0.0253140368 -0.0196463447 0.00493091531 0.00871634576 0.0082080476 0.0242883358 -0.00198132731 0.0890753269 0.00429313816 0.0546145178 0.0423977412
0.0413562581 -0.035170231 0.0273628905 0.0233069472 0.000918075442 0.0355933085 0.00826258678 0.023156736 0.0389229208 0.00859988667 -0.00286274776 0.0380105972 0.0331205018 0.0128360661 0.0160010569 0.0076257512 0.0101219602 0.0450649112 -0.00142674299 0.0151990643 -0.00854818057 -0.00195804797 0.00554498378 0.0336171202 0.0378471576 0.0570729598 0.0373245329 0.0396656208 0.0128836306 -0.0233131163 0.0492913648 0.0551991165 0.0579150096 -0.0178825818 -0.00293528661 0.00097951619 0.00683018472 0.0357594863 -0.0183396973 0.0185564086 0.0518654957 0.0349685326 -0.0630483329 0.0237789713 0.0312779732 0.00810069684 0.00330921146 0.0018806248 0.0331165977 0.0569300503 -0.0222021267 0.0321315154 -0.00431561284 0.0432739966 -0.0131497709 0.0279855095 0.0182784125 0.000537486165 0.0187829025 0.0158459507 0.0686477199 0.0166760758 0.036785055 0.0441025645
-0.0276863165 -0.0804374218 -0.0156137245 -0.0222341511 -0.0356503688 -0.0235699676 -0.0442086831 -0.0590042993 -0.0299464222 -0.00876572914 -0.0692161769 -0.00886601862 -0.0223678462 -0.00819265284 -0.0278315451 -0.0481088646 -0.0108264256 0.0042334497 -0.0620799437 -0.0209375769 -0.0891948193 -0.0380433612 -0.0448153019 -0.0522015318 -0.00406844169 -0.0340434872 0.00616312772 -0.00994564593 -0.0192431994 -0.0750983059 0.0240744036 -0.0229060184 0.00457089208 -0.0659504607 -0.0799340755 -0.0468313023 -0.0324684232 -0.036242947 -0.0659293309 -0.0361440592 -0.00240084156 0.0057961219 -0.12448211 -0.0398015268 0.00827258453 -0.0576852039 -0.0448568538 -0.0506870858 -0.00531610753 -0.0155939274 -0.0483531579 -0.0120716747 -0.0600776859 -0.0206005163 -0.0613265634 -0.0440473408 -0.0191982836 -0.0787499174 -0.0172044784 -0.053377457 0.0206868313 -0.041875165 0.00116248801 0.0143602258
0.0186851155 -0.0655723661 -0.0105608227 0.0101269279 -0.0303253792 0.00670566224 -0.0201632418 -0.0128577165 0.0134109575 -0.0106818471 -0.0336824134 0.00500133866 0.00637581944 -0.0179211311 -0.0100490162 -0.0217113234 -6.19422644e-05 0.0448347442 -0.0308238976 -0.00303561334 -0.0533145815 -0.0398902223 -0.0177758187 -0.0113818571 0.00785651989 0.0105064381 0.0267894156 0.00741157494 -0.0119055212 -0.0401042216 0.0318051353 0.0124652348 0.0270841811 -0.0439189523 -0.0336763449 -0.0053775725 -0.0205748547 -0.0158749893 -0.0388220362 -0.0239012986 0.0165746789 0.0145664811 -0.0915967226 -0.00876364484 0.01871996 -0.0229225066 -0.0126246652 -0.0284451488 0.0146229267 -0.000880386855 -0.0318644568 0.0145591144 -0.0307976119 0.014379045 -0.030185109 -0.0124175344 -0.00485545862 -0.0312478058 -0.00434566755 -0.0138127152 0.0486004986 -0.0106331268 0.0345187187 0.0452354923
0.0150102973 -0.0399164855 0.0153419543 0.0196165424 -0.0163493119 0.0105972951 -0.00631950609 0.0165208168 0.0240663365 0.00467190985 -0.00796965882 0.0366883725 0.0212969184 0.00839729235 0.01506708 -0.00414521247 -0.0053898301 0.0342614278 -0.0110383425 0.0196225792 -0.010780273 -0.0157362912 -0.0113815758 0.0276887417 0.0254064463 0.0478673577 0.0281668715 0.0212546568 0.00117653958 -0.0413298421 0.0466795862 0.0326225497 0.0361721218 -0.028727686 -0.00551344082 -0.0171201117 -0.0109517463 0.00315184565 -0.0365653075 0.00580679625 0.0516466461 0.0263623316 -0.0610510744 0.0243778545 0.00861025602 0.00810430385 -0.00152613013 -0.024151342 0.00550694857 0.0362552181 -0.0206961017 0.0210549198 -0.0116478354 0.0356972665 -0.0296334941 0.00561736198 0.0124822129 -0.00140123419 0.018318614 -0.0145067088 0.0571857691 -0.0092657702 0.051690612 0.0309631731
0.0212529674 -0.0670580491 0.00962574035 0.00629252708 -0.0170458667 0.00430982793 -0.0169302933 0.000118041717 0.0222614184 0.00356486533 -0.0346297696 0.0231532902 0.0252285358 0.0195314977 -0.00990582444 -0.00595527142 0.0084499279 0.0457869396 -0.0271785408 0.00724111404 -0.0257290732 -0.0174458791 0.00678153709 0.00226206984 0.0217708293 0.0201958269 0.0150207812 0.0182222947 -0.0230158418 -0.0411389656 0.0389741026 0.0352859423 0.0422251299 -0.0354139991 -0.0224593878 -0.0187030546 -0.0206792969 -0.00643685786 -0.0339935273 0.00345398858 0.0311986636 0.0236075465 -0.0780338198 -0.00475620478 0.0169263612 -0.0143818129 -0.00290160999 -0.0246308967 0.00340245618 0.0237429217 -0.0225552805 0.0203312226 -0.0177432969 0.00544820074 -0.0265984125 -0.00841861591 -0.00555732008 -0.0280176699 0.00198142789 -0.0103797084 0.0659200251 0.0106629003 0.0328375697 0.0383843258
0.0327924825 -0.0450877547 0.0127369948 0.0231306851 -0.00971821137 0.0258101858 -0.00411360338 0.0134328511 0.0332014263 0.00982255675 -0.0173721015 0.0221770518 0.0259709544 0.00755244587 0.00904127583 0.0111320876 0.00108009763 0.0425279438 -0.00727165211 0.00992353261 -0.0212321579 -0.010327572 -0.00155445002 0.0185362622 0.0291242823 0.0465701818 0.0302797239 0.0290689096 0.00782961305 -0.0357136354 0.0510572903 0.0495579839 0.0580367148 -0.0345027074 -0.00516920723 -0.00810858607 0.00298275985 0.0151571911 -0.0263158437 0.0142956534 0.0390400663 0.0282329284 -0.0555719025 0.0140116289 0.0258970931 -0.00721815135 -0.000313000754 -0.00748214033 0.0120632816 0.0389999487 -0.020301003 0.0232413113 -0.00438224897 0.0328769647 -0.00888914894 0.00961913913 0.00873248279 -0.00232576672 0.0200041663 -0.0101986909 0.0723882839 0.00390476547 0.0394203216 0.0366647281
0.0634582713 -0.00914481655 0.0537203662 0.0440160781 0.027020216 0.0695591792 0.0250154622 0.0507848263 0.0545336753 0.0228624176 0.0204868093 0.0562622622 0.059301991 0.0288718175 0.026435826 0.0377282649 0.0320493542 0.0719454661 0.0322126709 0.0202906039 0.0201290082 0.0157157965 0.0248568356 0.0600400977 0.0685375929 0.0985617936 0.0554615557 0.0524043888 0.0185055248 -0.00796144828 0.0553167611 0.0723190606 0.0843582749 0.00185881183 0.0319853611 0.0219475441 0.0198979322 0.0434925035 -0.0169217493 0.032642711 0.0789569989 0.0445148163 -0.0339654535 0.0430957004 0.0444685631 0.044509206 0.0244635679 0.0277667735 0.0312168077 0.0912911892 -0.00671978388 0.0611630157 0.0181494746 0.0616215244 -0.00315780565 0.0513165221 0.0182936415 0.0361044183 0.0288488977 0.022696605 0.0976593196 0.0375559665 0.0562765673 0.0521119311
0.0485926419 -0.0371204317 0.0429586619 0.045867458 -0.000703958794 0.040822532 0.0182037167 0.0492096618 0.0405747741 -0.00142976083 0.00848728232 0.0627160817 0.0405597575 0.0234577395 0.0179212559 0.027603915 0.0128427483 0.0568124317 0.0142840594 0.0358329453 0.0187567957 7.34217465e-05 0.0121559482 0.0420100577 0.0562699884 0.0780336112 0.0441001952 0.0441723615 0.00941863097 0.00458747335 0.0487592369 0.0558783114 0.0648255646 -0.0141252335 0.0130604785 0.0139737017 0.0116230091 0.0346237272 -0.00329456106 0.0363244973 0.0576572716 0.0476423204 -0.0479829386 0.04096549 0.0436666645 0.0273342114 0.010729922 0.00051054731 0.0432689935 0.0661043674 -0.015948562 0.0479701497 0.0179752819 0.0635822713 -0.0230441988 0.0391504392 0.0221576914 0.0170531198 0.0238361675 0.00855379645 0.0742265433 0.0303457044 0.0607128963 0.0587541908
0.0482623912 -0.0344224125 0.0275175422 0.0278958939 0.000961996615 0.0354586206 0.0106856823 0.0407466441 0.0534786135 0.00353212096 -0.00371597987 0.0336701348 0.0446838662 0.00930964015 0.0198661704 0.00724054128 0.0115579162 0.0561413765 0.00184232998 0.020611614 0.00378007255 -0.0106368903 0.0126288366 0.0266215838 0.0399422459 0.0575993806 0.0513210073 0.0300895274 0.00304852775 -0.02460007 0.0511191338 0.060872823 0.053208001 -0.00575078186 -0.0133415759 0.000122244935 0.00645813905 0.022342857 -0.0221615378 0.0105004339 0.0626387671 0.031220071 -0.0425785854 0.0286504105 0.0324941538 0.0123506431 0.0204593353 -0.00429138076 0.0360442139 0.0597943515 -0.0103097688 0.0284195095 0.0129320389 0.0443622395 0.00259169471 0.0236512832 0.0119118243 0.0196017735 0.0261292905 0.0289932992 0.0850178003 0.0280179884 0.0531253964 0.0548544452
0.0384834819 -0.0583233088 0.0233123749 0.0125974901 -0.0169765837 0.0200927909 0.00708652567 0.0256599821 0.0415222049 -0.00809953548 -0.0137482015 0.00682907458 0.0300264806 -0.00637369696 0.0129677532 -0.00350237824 -0.000341360457 0.0539789982 -0.0122425761 0.0128023401 -0.00886668731 -0.00946001336 -0.00332179572 0.0229363516 0.0336812548 0.0371971652 0.0420831703 0.0427138992 -0.00146310776 -0.0267625637 0.0481044911 0.0515875593 0.048229523 -0.0187512152 -0.0198878199 -0.0150328986 -0.00197703019 0.0154624404 -0.0262663066 0.00173013285 0.0353397392 0.028315112 -0.0661891997 0.0139299743 0.0346577577 -0.00172977429 0.0173630398 -0.0222780518 0.0343415663 0.0433524884 -0.0156054385 0.0374762602 0.000174481422 0.0291113351 -0.0128000248 0.00933534093 0.00185885187 -0.0132942321 0.0261341687 0.0182389971 0.0655381531 0.0169126373 0.0363288075 0.0589715093
0.0470443405 -0.0280897971 0.0364521183 0.0376784801 0.0104719624 0.0547053888 0.0286350138 0.0483569652 0.0451228619 0.00185696594 0.0117536085 0.0494266115 0.0419777334 0.025172649 0.0126875676 0.0243938081 0.0231451243 0.0637759045 0.0179125462 0.0324363783 0.00863444805 0.0165313855 0.0171421021 0.0430214033 0.0569442958 0.0766652152 0.0402887836 0.039684549 0.0271975882 -0.00674317125 0.0615237281 0.0787540153 0.0607495233 -0.00569823012 0.0193763394 0.0204192102 0.00952174049 0.0297021158 -0.00947716832 0.0243378691 0.0732332468 0.0388484821 -0.0514207482 0.0407030284 0.0340793282 0.0274653435 0.0219244063 0.0141139701 0.0418973044 0.0608099438 -0.00985877588 0.0544504598 0.0124240657 0.0485331267 -0.0116972486 0.0340493806 0.0216571856 0.0213458333 0.0218568742 0.0208537746 0.105539113 0.0316018425 0.0592331477 0.0449857563
-0.00191286393 -0.0514068529 0.000543104485 -0.00221605715 -0.00873614009 0.00137348706 -0.0221296884 -0.0255077146 0.00347113283 0.00152587704 -0.0341260955 0.00814325176 0.0153148733 -0.00533512048 -0.00430196896 -0.0178185832 -0.00262149982 0.0314217582 -0.033488743 -0.00863272604 -0.0569160432 -0.0355530791 -0.0135835195 -0.00650636991 0.00724778324 0.0207469687 0.0233896598 0.00903944112 -0.00334023824 -0.0486515462 0.0382751897 0.00382836815 0.0254042745 -0.0554766543 -0.0395476893 -0.023198124 -0.0183783956 -0.000313958619 -0.0485406518 -0.0313535444 0.0293263458 0.0153695885 -0.0902696252 -0.00868327543 0.0105552841 -0.0309781097 -0.0200650431 -0.034583725 0.0101505071 0.00540306978 -0.0402478278 -0.00151106901 -0.029727418 0.00467813993 -0.0252804272 -0.0147210779 -0.00127715152 -0.0275109541 0.00032537058 -0.02337409 0.0462309793 -0.0181955788 0.0197457932 0.0278260596
0.0268077236 -0.0547513142 0.019419387 0.0153835695 -0.00504246727 0.0148660764 5.7015568e-06 0.00984118506 0.010091994 -0.00332164112 -0.0136353439 0.0273792855 0.0261364393 0.00502811372 0.00902011618 0.0039029438 0.00213175453 0.0343344547 -0.0221210197 0.00906100683 -0.0161780789 -0.00880227983 -0.00831056014 0.0137600955 0.0403548069 0.0440740064 0.0256386995 0.0283475183 0.00235392409 -0.0302143581 0.0549049005 0.0384399518 0.0502284132 -0.037266463 -0.00357293524 -0.00163689652 -0.0136403451 0.00574817788 -0.0281288251 0.000461801887 0.0465154052 0.0309194233 -0.081277661 0.0140300766 0.0188000072 -0.00253449753 -0.00701914262 -0.0143916244 0.0221921857 0.0419471823 -0.0194193218 0.0345702358 -0.000116540119 0.0294528678 -0.0252197087 0.0108025558 -0.00259556621 -0.00868088007 0.00947833247 -0.0130228987 0.0553740859 -0.00206277333 0.037511155 0.0352229215
0.0506329015 -0.0399951898 0.0320697874 0.0307646245 0.000407941639 0.0489993393 0.0112474849 0.0391959026 0.0442719012 0.00437713228 -0.000176472589 0.0443339199 0.0433086492 0.022026686 0.026399998 0.0154716969 0.0151325101 0.0438147001 0.00737177394 0.0282819029 0.00515891798 0.00877775531 0.0261916146 0.0354501978 0.0530082546 0.0718052983 0.0543186851 0.0303390883 0.0178647246 -0.0380237103 0.0582473576 0.066650793 0.0559112504 -0.0144791258 -1.71456486e-05 -0.00108588208 0.0120758526 0.0238372106 -0.0134436982 0.0249993093 0.0582206883 0.0376623757 -0.0543588102 0.0349464267 0.0296730455 0.0196524728 0.0187828019 0.000127778389 0.0254019946 0.0382230803 -0.0162718296 0.0405549705 0.00108757615 0.0501576513 -0.0123053305 0.0147896651 0.017588608 0.011182257 0.0307438374 0.0228089206 0.0801486447 0.0269856714 0.0525815263 0.0490886271
0.025801437 -0.0391352028 0.0267437901 0.0201626588 -0.000178480521 0.0374516174 0.0113665983 0.025163237 0.0281710289 0.00578192621 -0.0104514323 0.0419599041 0.0297045242 0.0175631791 0.00584599609 -0.00030826591 0.00511165522 0.0519265383 -0.00389234116 0.0234680921 -0.0160721298 -0.00877865031 -0.00300511997 0.0154335443 0.0397808626 0.058624424 0.0438310057 0.0246289205 0.0132657588 -0.0185312107 0.0544075221 0.0512083918 0.0440742001 -0.0242536236 -0.00269266218 0.00446006609 -0.00201885402 0.0118273431 -0.0191669334 0.00566731393 0.0525796264 0.036486771 -0.0676046237 0.0216209106 0.0353337079 0.0135290772 0.0135839973 -0.011587847 0.0359387398 0.0396121815 -0.0205171611 0.039194487 0.000598296523 0.0398262069 -0.0126263406 0.0131382067 0.00817492604 0.00604655966 0.0120610315 0.015732795 0.0780191794 0.0104044974 0.0406834558 0.0507871211
0.0595716983 -0.0232039876 0.0522059053 0.031930387 0.0138337277 0.0586779565 0.038017422 0.0557962358 0.0671973974 0.0120218359 0.0125841983 0.0453311801 0.057129208 0.028043719 0.0302909464 0.0298620835 0.0237702094 0.0766325369 0.0210793801 0.029387176 0.0136568183 0.0138940318 0.0188230127 0.0487630963 0.0638079643 0.0777432099 0.0498657003 0.0551868305 0.0259658676 0.0102086244 0.0678445846 0.0758032948 0.0758581012 -0.0124574332 0.0330018289 0.0319446065 0.00973498821 0.0394621752 0.000180046074 0.0342603475 0.0712346882 0.0419485569 -0.0217519738 0.037939474 0.0589133836 0.0402106121 0.0349534079 0.0236897431 0.0367912389 0.0699934587 -0.000934800948 0.0692620128 0.0248311646 0.0601908304 0.00612914842 0.03204602 0.0169503782 0.0369437188 0.0302565899 0.0261701643 0.10886538 0.0407213531 0.0559798479 0.06545192
0.0432727411 -0.0238053035 0.0387646295 0.0334365815 0.00505268387 0.0483794585 0.0297053605 0.0499795526 0.045589935 0.00465698726 0.0117611773 0.0519163683 0.0478424467 0.0147103993 0.0261995886 0.0184508413 0.00613375381 0.0623954646 0.00722332718 0.0343440399 0.00717351958 0.00293394551 0.0148291858 0.0430811122 0.0526573956 0.0638428479 0.0594374277 0.0386882052 0.0178749505 -0.01278379 0.0631962568 0.060262762 0.0616712347 -0.0166465137 0.00907713175 0.00752804754 0.00906098355 0.0358098634 -0.0104394015 0.0183431283 0.0667401552 0.0429203212 -0.0514039136 0.0471417382 0.0394436941 0.0239295233 0.0277010202 -0.00510707218 0.0377849527 0.0552173555 -0.0120184859 0.0577476174 0.0101570198 0.0471298732 -0.0155122662 0.0331509784 0.0155052235 0.0222186428 0.0258714706 0.0248652454 0.0921194702 0.0248212088 0.0542153008 0.0548691154
0.0399317183 -0.0488538072 0.0175647661 0.0256188624 -0.000655541196 0.00147540029 -0.00414911564 0.0103982184 0.0264334884 0.00394129101 -0.0146448873 0.0252781995 0.0356598012 0.0166327171 0.00992868654 -0.00540295802 0.00359954406 0.0374921113 -0.0198911317 0.0141433328 -0.00541241933 -0.0253389105 -0.00784204341 0.0278034452 0.0264322404 0.0464396551 0.0382519178 0.0244075302 -0.0162060317 -0.0386593714 0.0380757526 0.0304554943 0.0589652583 -0.0288496949 -0.0271436237 -0.00997457094 -0.0157928783 0.0126433093 -0.041601833 0.00953881722 0.0573715419 0.026379291 -0.063166216 0.0159491338 0.0191581994 -0.000665868167 -0.00177977816 -0.0109484792 0.0135783656 0.0496114269 -0.0289108325 0.0171080194 -0.00190379564 0.029355526 -0.0202326644 0.0131584648 0.00178880896 -0.00106742233 0.00460290909 0.00220018625 0.0555654019 0.015207909 0.0414683893 0.0445415452
-0.0109870574 -0.081675157 -0.0151990615 -0.0126071088 -0.0396346822 -0.0261805169 -0.0370413624 -0.0238691103 -0.0213662423 -0.00943548605 -0.052024439 -0.00484639732 -0.00167568028 -0.00779341254 -0.0117853014 -0.0484604314 -0.0235117041 0.00897994637 -0.058698386 -0.00104292296 -0.066576615 -0.0439435132 -0.04299891 -0.0282187946 -0.00615361892 -0.00282650348 0.0109726824 -0.00309393089 -0.0296839289 -0.0834416747 0.0202381238 -0.0125782005 0.0120419022 -0.0536151342 -0.0590647198 -0.0437545776 -0.0435312092 -0.0336396247 -0.0557417162 -0.0374854729 0.00985687692 0.00287005212 -0.112616673 -0.0284510925 -0.00712396298 -0.0460556448 -0.0268430635 -0.0628537536 -0.00471760612 -0.0119007379 -0.0478523634 -0.0130018117 -0.0335894153 -0.00492460653 -0.0407640673 -0.0305604432 -0.0131397126 -0.054154247 0.00203278381 -0.0370112509 0.0185174309 -0.0415633582 0.0149908606 0.0292712431
0.0177923031 -0.0573265478 0.0223825499 0.0187069569 -0.0302369762 0.02741009 -0.0108931027 0.0199078135 0.0102877691 -0.0128227584 -0.0207992643 0.0273626707 0.014483925 0.00644324906 0.0107489768 -0.007884942 -0.000854111277 0.0359892771 -0.0262430906 0.0234293174 -0.0247584786 -0.0146921109 -0.0061013489 0.0138086174 0.0342704989 0.036448732 0.0231072977 0.0250956174 0.00998110604 -0.0377742089 0.0493095666 0.0283314474 0.0372344442 -0.041465804 -0.0163380951 -0.0103146061 -0.0161668621 -0.000542020542 -0.0246267021 -0.00135387667 0.0360808484 0.039266184 -0.0749251246 0.0209760107 0.0324191302 -0.00639846642 0.00975132827 -0.0209853835 0.0309524834 0.0218037609 -0.0241301786 0.0341889411 -0.00825182255 0.0320804901 -0.0337216891 -0.00734838843 -0.0044231955 -0.027141396 0.020095095 -0.0206905976 0.0678247958 -0.00630805921 0.0364744961 0.0390534475
0.0582531504 -0.033129245 0.0552645549 0.0529263429 -0.00439058244 0.0632448122 0.0278112572 0.0541621223 0.0567163453 0.00698855706 0.0173507445 0.0528545007 0.0530876666 0.0207936242 0.0245007221 0.0293981284 0.0229506139 0.0854557902 0.0225179158 0.0327172354 0.014739681 0.0126702776 0.0267891791 0.0523734875 0.0723475814 0.0765710175 0.0524147302 0.0563440546 0.0197214745 0.00408057868 0.0784445256 0.0616587028 0.0664996505 -0.0037676068 0.0157485045 0.017263528 0.0168049894 0.0480626896 -0.00539320428 0.0238592438 0.0670812428 0.0482380688 -0.0419641212 0.0412123948 0.0622585714 0.0403500348 0.0259334445 0.00797168911 0.0557252988 0.0700111091 -0.00400122069 0.054146871 0.0153793963 0.0741204023 -0.0121072158 0.0432657041 0.0242058709 0.0229130089 0.0300096162 0.0328782275 0.0849514902 0.0398996174 0.064633742 0.0571137443
0.0453550704 -0.0333316587 0.0239110179 0.0341182239 -0.0022457689 0.0431446806 0.00123402849 0.0405263379 0.0419611707 0.00956251286 0.00979603268 0.0395594425 0.0386313275 0.0122618349 0.0159474667 0.0100609791 0.00674958248 0.0443052724 0.000655906857 0.0298110489 0.00179680251 -0.00815848168 0.00950697437 0.031051144 0.0385161676 0.0674086735 0.0476213656 0.0260649491 0.0155285178 -0.0249536224 0.0450843349 0.0633965284 0.0576222092 -0.0150255105 0.0118754897 0.0105431164 0.00637708604 0.0212378986 -0.0204784498 0.0154370507 0.0549713597 0.039361909 -0.0491204634 0.0357414484 0.0269120261 0.0053140521 0.0163284056 -0.00688257953 0.0367744491 0.0525300354 -0.00958932657 0.0260845143 0.0101988493 0.0526524149 -0.0106769782 0.0191490073 0.0167606175 0.0147997206 0.0237250645 0.0165520851 0.0839028582 0.0171156451 0.052988328 0.048743397
-0.0103156082 -0.0609576814 -0.0144074364 -8.98051076e-06 -0.026491873 -0.00430949684 -0.0451435521 -0.0209927559 -0.00662927516 -0.0124587025 -0.0421338752 0.00412199367 -0.0057360176 -0.0129472511 -0.0312854089 -0.0313648246 -0.0160985757 0.017418623 -0.0390945524 -0.00252605416 -0.0632431507 -0.0278286878 -0.0351422392 -0.00737514254 -0.00235511363 -0.00431229454 0.014588858 0.000535418279 -0.00510937581 -0.0654766783 0.0273112208 0.0159802139 0.0148138478 -0.0590518154 -0.0465784259 -0.0362867452 -0.0288956109 -0.0258336365 -0.0553003624 -0.0182218961 0.0158451665 0.0173554271 -0.094550997 -0.00554699078 0.000743186567 -0.0535179377 -0.0172285084 -0.0616174713 0.0137650631 -0.00575582217 -0.0392351486 0.00637162244 -0.0337592028 0.00196230598 -0.0431581363 -0.0335091129 -0.0163097363 -0.0444489568 6.62375242e-05 -0.0474523231 0.0408561751 -0.0366124921 0.029666286 0.0318553075
-0.0288900547 -0.0958906859 -0.0294275265 -0.0234697182 -0.044245366 -0.0548639819 -0.0587428026 -0.0520034991 -0.039306432 -0.0175818354 -0.0822484493 -0.0153874913 -0.0176695026 -0.0179543644 -0.028991919 -0.0538174659 -0.0308639146 0.00318003632 -0.0784486085 -0.0183771625 -0.0838021934 -0.0652285963 -0.0376481712 -0.0471786894 -0.0122621022 -0.0357461907 0.0119840894 -0.0197918657 -0.0386392623 -0.0802483261 0.0125570577 -0.0188400652 0.0037128171 -0.0752550364 -0.082155481 -0.0573041029 -0.0408963636 -0.041162841 -0.0621548817 -0.0521416888 -0.00994792767 0.00386742433 -0.122572355 -0.0562694781 -0.00445681112 -0.079820998 -0.0441811793 -0.0771244988 -0.0204516202 -0.0253835991 -0.0537337139 -0.0148548754 -0.048584383 -0.038697768 -0.0364169665 -0.063270323 -0.0301915891 -0.076938495 -0.00777133787 -0.061920125 0.0123863192 -0.04771512 0.0155021884 0.023717843
0.0275975652 -0.0597796924 0.0107021779 0.0166032165 -0.0241703559 0.00803234801 -0.0153936567 -0.00774965109 0.0230665449 -0.000721442513 -0.033951629 0.00885642692 0.00640776847 0.00671630725 -0.0143238688 -0.00514146127 -0.00187862013 0.038490884 -0.0290004164 0.0105599044 -0.029113587 -0.0105678802 -0.0177009571 0.00839411654 0.0355260521 0.0269369148 0.0272514597 0.0184304081 -0.00360235316 -0.0420656241 0.0361460224 0.0188088249 0.0275050178 -0.0338534713 -0.024786843 -0.0258149579 -0.0225135498 0.00740489224 -0.0361367427 0.0100202775 0.0298077036 0.0260428116 -0.0825514048 0.0029368028 0.0228738114 -0.0133744925 -0.0119188167 -0.0223838016 0.0222094618 0.0252210274 -0.027550688 0.0328183174 -0.0211382601 0.00836726092 -0.0328459144 -0.00912270136 -0.00858294684 -0.0194127634 0.00536845811 -0.01622927 0.0577525869 0.00348897651 0.0380915701 0.040438056
0.0321733728 -0.0524709225 0.0116859311 0.0222160686 -0.0229410026 0.0207455829 0.0042755194 0.011396829 0.0366625413 0.00643756427 -0.0156603251 0.0207690671 0.0346596763 -0.0129195144 0.00510739814 0.00310857967 0.0101724947 0.0432715043 -0.0092911683 0.00577979721 -0.0263289399 -0.00865197089 0.00803591684 0.018109329 0.0292711463 0.0332344249 0.0275682751 0.036394611 0.0136513291 -0.036314033 0.0499212854 0.0507462732 0.0460430607 -0.0375741646 -0.0155230053 -0.00262657786 -0.00491087139 0.0133070741 -0.0300132129 0.00167880952 0.0380263813 0.0195785724 -0.067945376 0.00758654997 0.0153575689 -0.0179001074 -5.45056537e-05 -0.0201572366 0.0158012006 0.0279767048 -0.0175865386 0.0204664767 -0.015482951 0.0246729106 -0.0242475662 0.000855943654 0.0165368654 -0.0121405199 0.0161681622 -0.00222605513 0.0682757497 0.00269059837 0.0450547859 0.0439662822
0.0518823043 -0.0290122367 0.0447106436 0.0381282642 0.0134946592 0.0554696545 0.00584454648 0.048646044 0.0561352074 0.0184788592 0.0102886548 0.0465633646 0.0462973081 0.0171537101 0.0177470967 0.0199909396 0.00752757117 0.0700180531 0.0140785677 0.0260610767 0.0015319325 0.00378521625 0.012374144 0.0309375562 0.0487710163 0.0797649473 0.0467712879 0.0376383737 0.0198012106 -0.0121757993 0.0555509292 0.0669964999 0.0546653159 -0.00674333703 0.0142522529 0.0181119405 0.010041168 0.0307770818 -0.000827257521 0.0259743705 0.0543499105 0.0498789921 -0.033682216 0.0327835456 0.0381222591 0.022341447 0.0218458753 -0.0146907214 0.0487903915 0.067748107 -0.0130823478 0.0333432928 0.0201116763 0.052393958 -0.0027663121 0.0252294689 0.0191531014 0.0312341861 0.033949092 0.0138382548 0.085771814 0.0285903495 0.0675706342 0.058270663
0.048453901 -0.0316125304 0.0418118574 0.0352096409 0.0135642225 0.0378120914 0.00144890975 0.0293193255 0.0413187221 0.0189259574 0.00494373031 0.040284954 0.0401884802 0.0219993312 0.0220500492 0.020279102 0.00251671299 0.0534329936 -0.0137183322 0.0223850161 -0.000160543248 0.00296989083 0.00246553309 0.0316647589 0.0573201925 0.0605567805 0.0469709225 0.0389649905 0.0267744604 -0.0184174534 0.0531937405 0.0432654619 0.0600717999 -0.025211459 0.0112340916 0.0136787882 0.00547730364 0.0368876681 -0.0236936715 0.0170448758 0.0567698739 0.0440338105 -0.0432545766 0.0366351977 0.0427245423 0.0238539372 0.0184970964 -0.00217053806 0.0381619371 0.0602146089 -0.0153460652 0.0419395417 0.00636232831 0.0466943085 -0.0129313925 0.0165576302 0.0133500816 0.0223255549 0.0204872396 -0.000707684085 0.08835271 0.0224993527 0.0515361205 0.0379110165
0.0385218225 -0.036151018 0.0229776856 0.0219317768 0.00052402541 0.0266634654 0.00684947055 0.0312980004 0.0353098586 0.0121474518 0.00064598117 0.0363980494 0.0354573578 0.0140143204 -0.000245620031 0.00629097596 0.00127065182 0.0564571097 -0.00431471178 0.0257282183 -0.0119041195 -0.0171936862 -0.00486457441 0.0195314474 0.0264626928 0.0613821112 0.0399587154 0.0284466222 0.0166159496 -0.0222856645 0.0433887467 0.0635042191 0.0610148534 -0.0197355822 0.00126534514 0.0107580116 -0.0038141422 0.0169871263 -0.0173915513 0.00906000659 0.0532411225 0.0301851761 -0.0582797192 0.0207376759 0.0308210459 0.00102820247 0.0161020644 -0.00933431648 0.0298757348 0.0419710055 -0.0250065289 0.0213546045 0.000232353806 0.0321489647 0.00148702972 0.0208089724 0.0158740506 0.00880679209 0.0236984268 0.00398678333 0.0900545716 0.00946378428 0.0471710674 0.0572033972
0.0341263749 -0.0449882038 0.0236375108 0.0251713581 -0.00877389498 0.0391137898 0.0193692986 0.0458762646 0.0441115573 -0.00303038396 0.000552578829 0.0486304462 0.0356111936 0.00688444916 0.041343946 0.00879584067 0.0109669762 0.0571992956 0.00897720736 0.0275903177 -0.00482789427 -0.0183703266 0.0232389718 0.0307985544 0.0386760458 0.0637746677 0.0454896018 0.0356497057 0.0183043033 -0.0051913131 0.0562342405 0.045919206 0.0445117839 -0.0253187474 0.00587116554 0.00579658244 0.00950523373 0.0240608007 -0.0024273498 0.0114028081 0.0449420139 0.0434841178 -0.0426294841 0.0257659443 0.0378536843 0.0200052205 0.0129537769 -0.00794890709 0.0185563602 0.0490552485 -0.0225384422 0.0349756926 0.00774738938 0.0498085171 -0.0119790658 0.0171485581 0.0199024081 0.00763006276 0.0268897377 0.0064527737 0.0877960399 0.0280286856 0.0539156348 0.0445269533
0.021972768 -0.0528466105 -0.00795320794 0.013976844 -0.0294834524 0.0186545178 -0.0151341585 0.00238492317 0.0206378419 -0.00922843069 -0.0233526658 0.0126488898 0.0103292521 -0.0107204458 0.0124063771 -0.0137905385 0.00708957855 0.0308814906 -0.0188782457 0.00989959575 -0.0297220312 -0.0233817659 -0.0102613969 0.0196863785 0.0304936357 0.0376602672 0.0346963108 0.0150331911 0.006533565 -0.0419788212 0.0369123109 0.0217306148 0.0229275767 -0.0259869061 -0.0143938959 -0.0255439878 -0.0148348203 0.00779124442 -0.042289257 -0.00888570212 0.0273882635 0.030764401 -0.0743491948 0.00911732763 0.0184157044 -0.00443685427 -0.00771431113 -0.0319193564 0.0228603631 0.032235235 -0.0268517807 0.0293153413 -0.0146585135 0.0231468789 -0.0299022738 -0.00110818166 -0.00270294026 -0.0173819065 0.0108725261 -0.00621153088 0.0528263859 -0.00592334382 0.0373306945 0.0334158503
-0.000742983073 -0.0700109005 -0.0230694842 -0.00274167047 -0.032714285 -0.00975584704 -0.0445774384 -0.0323536545 -0.0177383758 -0.0144129945 -0.0468380786 0.00290908804 -0.00505548995 -0.0127433548 -0.0203012861 -0.0226657521 -0.00805219635 0.0291398522 -0.047829695 -0.0131606534 -0.0614564531 -0.0337946527 -0.026560951 -0.0246981345 0.00230655819 -0.00835695677 0.0056030117 0.00346337352 -0.0146010313 -0.065799132 0.0228397027 0.00765158143 0.00903058797 -0.0520952381 -0.0467232801 -0.0340865478 -0.0310184024 -0.0264319554 -0.0538832471 -0.0200790204 0.0145165343 0.00762028433 -0.105952576 -0.0172619373 -0.00232031383 -0.0433717966 -0.0392970741 -0.0512691326 -0.00133119058 -0.0190900397 -0.02893655 0.00228376547 -0.0470132977 -0.0078230584 -0.0548404083 -0.00984772295 -0.0124409776 -0.0575460419 -0.00352807529 -0.0391907804 0.0324544981 -0.0358786434 0.0199957192 0.0286931861
-0.00798894372 -0.0813092738 -0.0117065944 -0.00811647438 -0.0385220312 -0.013907209 -0.0306220725 -0.033516515 -0.00928132795 -0.00993879233 -0.052807793 -0.0102989329 -0.00941835903 -0.0115451962 -0.0168580636 -0.0284373797 -0.00222867448 0.0136385038 -0.0539552644 -0.00887224451 -0.0542231575 -0.0469964966 -0.0235749092 -0.0258552581 0.00301331654 -0.00267809909 0.00841870345 0.00334339403 -0.0390729904 -0.072359547 0.0210417584 -0.00211865082 0.0182238072 -0.063648954 -0.0560072325 -0.0460835397 -0.027625015 -0.0288788304 -0.0590307415 -0.0277397055 0.0107537555 0.00385235017 -0.117493853 -0.0214190967 0.000480912626 -0.0557653196 -0.0319339409 -0.0270063765 -0.00675658742 -0.00188832963 -0.0420416072 -0.00309056765 -0.0434012562 -0.017772194 -0.0356113836 -0.0250750631 -0.0165597629 -0.065076679 -0.00384873524 -0.040779788 0.0322591588 -0.0239641052 0.0189536605 0.0167785287
0.0287719183 -0.0411197767 0.00506064203 0.0142775606 0.00743153319 0.0276526324 -0.0103397742 0.00498966221 0.00741381897 0.00343941618 -0.0189828463 0.020651646 0.0263589192 0.000324333087 -0.00688461307 0.00245649554 0.0195062049 0.0260886345 -0.0344853364 -0.000231808051 -0.0340645537 -0.0130023798 0.00653711613 -0.00318973744 0.0359602906 0.0409074612 0.0394498743 0.0170163829 0.0128244814 -0.0376796983 0.0530405305 0.0438125581 0.0421431027 -0.0428178236 -0.00150693394 0.00957801752 -0.0134528335 -0.0143790385 -0.0395218953 -0.00667852722 0.0358965807 0.0260518678 -0.0864204168 0.0117346644 0.0206544269 -0.0122294072 -0.0109082563 -0.0153439678 0.0136783281 0.0192811918 -0.0136977443 0.0239544846 -0.00869104452 0.015055405 -0.0115201343 -0.00797461905 -0.00108370371 -0.00584346103 -0.004283546 -0.0157519691 0.0584724694 -0.00340645481 0.0280157514 0.0362016335
0.0524774827 -0.033809308 0.0394463725 0.0379292555 0.0172321424 0.0449074358 0.0126953581 0.0434014089 0.067313984 0.0218223389 0.0103931893 0.0533251688 0.0541524179 0.0305971391 0.0293661542 0.0227930117 0.0191114396 0.0681000054 0.0171210375 0.0286618024 0.0146737238 0.00155149028 0.0276350304 0.0416200683 0.0521870665 0.0698779076 0.0421831608 0.0434297919 0.0166790523 -0.00472781528 0.0547794849 0.0696253031 0.0625723824 -0.0110919653 0.0237501003 0.0127005996 0.013642828 0.0372048467 -0.0197347272 0.0242561866 0.0649773329 0.0404385775 -0.038259089 0.0383170992 0.0375289544 0.0262000877 0.0209494438 0.018095322 0.029734727 0.0750919133 -0.0101423161 0.0387101583 0.012628207 0.0489811227 -0.0134217823 0.0384174362 0.0221996512 0.022677213 0.0261709671 0.022938652 0.100507021 0.0397252664 0.060774643 0.0459851325
-0.0284696184 -0.0882825404 -0.0359500945 -0.0293974467 -0.0427579768 -0.0403314568 -0.0470389649 -0.0558697656 -0.0344088078 -0.00952384062 -0.0637058541 -0.0203130599 -0.0113665517 -0.0245680753 -0.0288339704 -0.0492533743 -0.0222772956 0.00171568617 -0.0709848851 -0.020203175 -0.0883707702 -0.0535930544 -0.049213089 -0.0519664623 -0.0267702993 -0.0283705425 0.00126615167 -0.00522000808 -0.0297022089 -0.0777949989 0.0219785776 -0.0156633407 0.0179910026 -0.0672131851 -0.070220679 -0.0379731134 -0.0471803732 -0.051003959 -0.0689737126 -0.0420509726 -0.000714916736 -0.0047941925 -0.122281939 -0.0371444449 -0.0151156653 -0.0732591674 -0.0402631089 -0.0600356385 -0.0146104721 -0.0353238881 -0.0569172241 -0.0237750821 -0.0523742251 -0.0234552361 -0.0433373936 -0.0446242765 -0.0224446282 -0.0724756271 -0.0154907219 -0.0541174114 0.0166740492 -0.0555312112 0.00427262671 0.022020923
0.0317568742 -0.0388431624 0.0290664211 0.0326091498 0.010825689 0.0329762958 0.00894759223 0.0185101293 0.0276155025 0.00918609556 0.00176675804 0.0410982743 0.0351427048 0.00920697395 -0.00603400636 0.0114927813 0.0116632301 0.0581880882 -0.00981996022 0.0121136727 -0.00929635018 -0.00274739694 0.00570651889 0.0262407064 0.0427476205 0.0578506738 0.0418374315 0.0381685533 0.00736650825 -0.025537705 0.0532092191 0.0516399369 0.0469428971 -0.0209405329 -0.00586048141 0.0044094855 -0.000667587854 0.0261491183 -0.0378639176 0.00928169861 0.0537785292 0.0322210193 -0.0638396591 0.0159328133 0.02728674 -0.00016969163 0.00320648961 -0.015406996 0.0422535576 0.056497708 -0.0270123072 0.023733329 -7.17770308e-05 0.0382347889 -0.0161968134 0.0217267293 0.00597075932 -0.000779219205 0.0124504268 0.00858819764 0.0664030612 0.0152545078 0.0528090522 0.0491113812
0.000193040818 -0.0778240934 -0.0303876959 -0.00270424131 -0.0233974792 -0.0347264707 -0.0601036213 -0.0344826728 -0.00609344011 -0.00807249919 -0.0571518689 0.00582819618 -0.00162120163 -0.00885905698 -0.0214288309 -0.0353211202 -0.0125844944 0.0186254159 -0.0535450801 -0.00424792711 -0.0558790192 -0.0432321131 -0.0121906744 -0.0172279608 -0.00951124914 -0.0179317258 0.0125891697 -0.00333319046 -0.0203193352 -0.0758650601 0.0174310058 -0.000256152824 0.00910856295 -0.050950624 -0.0664041787 -0.0505915582 -0.0256567746 -0.0160861015 -0.0572149567 -0.0277535431 0.0122342128 0.0118328268 -0.118932918 -0.0250934809 -0.0057909796 -0.0446138531 -0.0293315277 -0.0539698973 -0.0063086329 -0.00943528581 -0.0540328622 -0.0075774719 -0.0499142967 -0.0192597955 -0.0482294559 -0.018193664 -0.0100507829 -0.0561637431 -0.00990941282 -0.031766016 0.0307803284 -0.0130360667 0.0195793472 0.0180984531
0.0267060474 -0.025945615 0.0249504633 0.0383230299 0.00326904096 0.0541380122 0.0185568407 0.0349276513 0.0410035998 0.0148460418 -0.00490473397 0.0432556309 0.0427670553 0.017034838 0.00625331327 0.0286019593 0.0187685955 0.071681276 0.00692441128 0.00897192489 -0.0103297988 -0.00258614961 0.0166192092 0.0293018222 0.0540042035 0.0713220239 0.0459601246 0.0321281627 0.0288383011 -0.0121009853 0.0663644448 0.051765658 0.0452853255 -0.0251023639 0.00845666789 0.00963386707 0.0120579824 0.0372085795 -0.0256233215 0.0126267457 0.0636524782 0.0462810919 -0.0424351655 0.0204605721 0.0496240407 0.0229613427 0.0181956124 -0.0127201676 0.0329340212 0.0478318632 -0.0121291503 0.0478548855 -0.00331405364 0.0419458635 -0.00826288387 0.0248530544 0.00847750809 0.0239991806 0.027819287 0.0104992436 0.0993112326 0.0170802269 0.0593672581 0.0468301252
-0.00928943139 -0.0727429837 -0.0203517638 0.00790993311 -0.030283004 -0.00377051393 -0.0362245291 -0.0167248137 0.00471351203 -0.00982864015 -0.0447349399 0.0074943332 -0.000327724963 -0.0123507939 -0.0106807612 -0.026005622 -0.00622791797 0.0193631966 -0.0393161327 -0.00243166368 -0.0506387986 -0.0313878804 -0.0182625949 -0.0208897348 0.00318014063 0.00289402436 0.0146114519 0.00420209859 -0.0142091364 -0.0608079955 0.0315608494 0.00667262543 0.0130961128 -0.0511543676 -0.0473332442 -0.0334501043 -0.0234025922 -0.0211609229 -0.0511308499 -0.0176362693 0.021385856 0.0192399397 -0.102534994 -0.00831614062 0.00422804896 -0.0420218594 -0.0231492426 -0.0421448871 0.00906744227 -0.00311348913 -0.0419204235 -0.00576505251 -0.0324299969 -0.00239014043 -0.0487776287 -0.0164117683 -0.00331869721 -0.0455293506 0.000893399119 -0.0283123981 0.04142664 -0.0243599173 0.0353261679 0.0216117781
0.029132938 -0.0531978384 0.00581489457 0.0144465063 -0.0151794311 0.0221295301 -0.0167791545 0.00969357602 0.0380109772 0.00279743038 -0.024172714 0.0194498636 0.0201728158 -0.0125079378 -0.00322888792 -0.0041582454 0.00586639624 0.0547748543 -0.0151835065 0.00809027255 -0.0278948601 -0.0193156525 0.0029495284 0.0155802611 0.0189225245 0.0188113339 0.0178932119 0.0256447643 0.00142011815 -0.0287667997 0.0450240746 0.0475477912 0.0262312256 -0.036174275 -0.00879949704 -0.00286361994 -0.00269150361 0.00200325251 -0.0223823693 0.00775359571 0.02455144 0.0312085617 -0.0806663185 0.011596743 0.0280684829 -0.00652712071 -4.08863416e-05 -0.0161098596 0.0245060585 0.0113064814 -0.0224250536 0.0330635831 -0.0264466517 0.0171970949 -0.0230241232 0.00126693677 0.00688650832 -0.0192214642 0.0151523538 -0.0141873593 0.065216206 0.00519468915 0.0449410267 0.0441792607
0.0110232895 -0.0676930696 0.0141141135 0.0137204807 -0.00740297139 0.00693137525 -0.0274153389 -0.00260903197 0.011200591 0.00446207915 -0.0266314633 0.021163471 0.0136906849 0.00531275664 0.00929447822 0.00197494775 -0.000851077028 0.0352137238 -0.0336374789 0.00533444434 -0.0312271081 -0.0257357676 0.0132513586 -0.013188717 0.0332225338 0.025601089 0.0407675952 0.0176390838 8.13694205e-05 -0.0460049696 0.0463251136 0.0209602732 0.0252755657 -0.0508283749 -0.0304674134 -0.0198681056 -0.0018445868 -0.000683200138 -0.0350413024 -0.00363534316 0.00861155149 0.0473726839 -0.0870368257 -0.00461575389 0.0258277915 -0.0194065347 -0.00879544392 -0.0414011441 0.0233339909 0.0205789581 -0.0402049944 0.0262931697 -0.010897751 0.00596893579 -0.0265950654 -0.0296318065 -0.00864984654 -0.0360831507 0.0139960451 -0.0222525578 0.0417221859 0.00983503461 0.03586559 0.0271342937
0.0791953877 -0.00495076738 0.0842480361 0.0643018931 0.0406485237 0.0930639058 0.0471370853 0.0937509984 0.08624468 0.0242910888 0.0545461886 0.0842732042 0.0737525299 0.042785652 0.048974257 0.0626241341 0.0259055682 0.104227662 0.0514918938 0.043480888 0.0600281842 0.0342145823 0.0502792373 0.100626543 0.0920206755 0.130643278 0.0709218755 0.0762786716 0.0274558738 0.0138363009 0.0791866332 0.10473229 0.0938696638 0.0156509727 0.0667616203 0.0424976535 0.0426756442 0.077242136 0.0222556628 0.0451453924 0.0995575488 0.0559658781 -0.0121149654 0.0630977899 0.0734428838 0.0586333871 0.0509473383 0.0373025239 0.0603232533 0.112752199 0.00141690206 0.0739872456 0.0412703902 0.0915628448 0.00894593913 0.0682774261 0.0373088308 0.0606711507 0.0603654087 0.0477165654 0.120401263 0.0677301064 0.0816622674 0.0606006011
0.0443710908 -0.0487067439 0.0315560289 0.0289986022 -0.00576185994 0.0450455695 0.017236067 0.0375454538 0.061670281 -0.00146216527 0.00156340748 0.035552863 0.045560468 0.00483853929 0.0262543634 0.00686123222 0.0146515481 0.0688480586 0.00709918095 0.0160848163 -0.00579970144 -4.4612214e-05 0.0240284242 0.0360456035 0.0464132912 0.0548445806 0.0445188321 0.0430883914 0.00895061716 -0.0216368176 0.0596214607 0.0492192693 0.0482224971 -0.0129425321 -0.00671520084 0.00148458499 0.00284232572 0.0331276953 -0.00641269702 0.00566058047 0.0600254759 0.0340930969 -0.0564692393 0.0262006596 0.0486111417 0.00835280493 0.0186831579 -0.000556285493 0.0321778394 0.0546693206 -0.0238757618 0.0307077393 -0.000252963975 0.0428197905 -0.0239341315 0.0242705587 0.0158219878 0.000814078259 0.0288717635 0.0288084242 0.0921245962 0.0359865203 0.0555326231 0.0449664071
0.0244624857 -0.0618101507 0.0123168919 0.0226087999 -0.0214207806 0.0129640633 -0.0148917595 -0.0059632184 0.0181773975 -0.00225543603 -0.0268073361 0.0150165316 0.0255176891 -0.00511050597 0.00511127943 -0.00520585291 0.0121137844 0.0404663309 -0.023084946 0.000235611573 -0.0297793988 -0.0199260861 -0.0112040788 0.00214414601 0.0245189499 0.032605961 0.0210082494 0.0326933749 -0.0108175222 -0.0379657149 0.0423615165 0.0151596041 0.0415398255 -0.0424606949 -0.0220402926 -0.00735818688 -0.00856922287 0.00457727676 -0.0341816097 -0.0077674035 0.034554109 0.0220056586 -0.0798488259 0.00422774255 0.0343388878 -0.0131965037 -0.00739905331 -0.000224591233 0.0272282809 0.0336762145 -0.0272423029 0.0107604051 -0.0161341317 0.0374659747 -0.0300430302 0.00162549317 0.00547126122 -0.0270414948 0.0115753757 -0.00553166773 0.057123322 -0.00389454514 0.0333430022 0.0326789431
-0.0100342436 -0.0687563494 0.00774393044 -0.0144462166 -0.0156641901 -0.0214984566 -0.0341947488 -0.0298145413 -0.00131786009 -0.00230001844 -0.0313603282 0.00546057615 0.00422884524 -0.00862149615 0.00428730436 -0.032688275 -0.0202818662 0.027004743 -0.0356739163 0.00215344131 -0.0470208935 -0.0422176868 -0.0222698096 -0.00372070377 -0.00546323881 0.000723293982 0.0162083786 0.0164437126 -0.0106087457 -0.0429558679 0.0267852191 0.0118464706 0.0215381943 -0.0624048449 -0.0382847041 -0.029383637 -0.0165744647 -0.00652017305 -0.0430571437 -0.0231631063 0.0127462028 0.0193769615 -0.102223657 -0.0133016035 0.0128787961 -0.0443714671 -0.0263602063 -0.0319171622 0.00896120444 0.0119129485 -0.0428614728 0.00881345291 -0.031751696 0.00195322046 -0.0351026468 -0.0272892155 -0.00588716567 -0.0526654609 0.00677330606 -0.0405975804 0.0320006758 -0.0210477896 0.021584399 0.0230808351
0.0629549101 -0.00883478764 0.0497467369 0.0528053343 0.0192160793 0.0803795904 0.0472928807 0.0740289167 0.0756733716 0.0133284135 0.022463318 0.0690734386 0.0554724783 0.0306821354 0.033805754 0.038279023 0.0204389151 0.0855280086 0.0400441401 0.0401775055 0.0229229834 0.0160438325 0.0193858445 0.0609763265 0.066134207 0.0872520804 0.0658151731 0.056187205 0.0232054386 0.00381123577 0.0690076649 0.0872520134 0.0614703372 -0.000193439424 0.0361636057 0.0262016207 0.0288852435 0.046509672 -0.007191021 0.0406344011 0.0745952129 0.0539867729 -0.0252946336 0.0603577271 0.0597617552 0.0602655709 0.051513128 0.0178718064 0.0486112311 0.0793342143 0.00724063534 0.0712973624 0.0262328926 0.0817640126 -0.00592893828 0.0517297611 0.0307809282 0.0458052121 0.0442269854 0.0473188795 0.105450049 0.0348040685 0.0679554045 0.0643825457
0.0557336062 -0.031645257 0.0487364568 0.051345706 0.0074272221 0.0608643293 0.041930154 0.0521876886 0.0652959049 0.00896689575 0.00990442745 0.055908069 0.0545221679 0.0237944797 0.0190352499 0.0349202678 0.0286323484 0.0680482388 0.0242056847 0.0323214009 0.0160557758 0.0243652239 0.0273304023 0.0569328964 0.0706074536 0.084044762 0.0403723046 0.0508460142 0.0223622657 -0.0013988046 0.0862338692 0.071432896 0.0650190935 -0.0112076309 0.0188250989 0.0127034206 0.0132044014 0.0504002571 -0.0117145907 0.0360246003 0.0764341056 0.0471509323 -0.0376412123 0.0513378792 0.0483041741 0.0308455974 0.0232141428 0.0198594052 0.0458547883 0.0807331204 -0.00953552127 0.0443473421 0.0187100619 0.0622861646 -0.0137599586 0.0470512509 0.0251869708 0.0316254273 0.0317981839 0.0256572012 0.10415791 0.0376299284 0.0710771903 0.0501910672
0.068793565 -0.0122887986 0.0459759049 0.0325787514 0.0241825338 0.0633376092 0.026162833 0.0493430868 0.0478897244 0.0123064173 0.0242468622 0.0521785729 0.0686229616 0.0194655359 0.0311829671 0.0390827321 0.0146909282 0.076705277 0.0184210781 0.0237744935 0.0171122476 0.0145468535 0.0198991224 0.0441299416 0.0579981655 0.0928761214 0.0624043308 0.0504810885 0.0368625373 -0.0080712717 0.0724432468 0.0803446323 0.0769502744 0.00509081036 0.0294231772 0.0361581147 0.00654503983 0.0376195163 -0.00758171547 0.024329396 0.0760455579 0.0404333882 -0.0288426392 0.0475092828 0.0423307195 0.0344847254 0.0387595706 0.00568598136 0.0311866384 0.0716641992 -0.00511976751 0.0519362278 0.0226889439 0.0613480732 0.00394380931 0.0388728604 0.0217003822 0.041367121 0.0272244997 0.0366230942 0.111743867 0.0297787003 0.0559218973 0.0554638207
0.00783764478 -0.0620198362 0.00652223267 0.0119572254 -0.0139430072 -0.000502427109 -0.0233794097 -0.00440395763 -0.00334924483 -0.011994401 -0.0360958017 0.0223755259 0.0178161263 -0.00675945915 -0.00836272631 -0.00285428762 -0.00271582697 0.0243384503 -0.0382609405 -0.0119627696 -0.0244949684 -0.0172793791 -0.00781297125 -0.009718596 0.0196426362 0.032419432 0.0181303546 0.0173954479 -0.0121477665 -0.0488702431 0.0222422499 0.0181865916 0.035792727 -0.0467190817 -0.0317044705 -0.00471969415 -0.0174545646 -0.00421455782 -0.034327589 -0.00894384086 0.0323722512 0.0182025731 -0.0903045684 -0.00669382513 0.00222861394 -0.0275224149 -0.0244310964 -0.0419271439 0.0113688465 0.0209276937 -0.0399453081 0.0245711617 -0.0183573328 0.00266485894 -0.0386540703 -0.00488261553 -0.00703827571 -0.0320044458 0.00791795552 -0.0220447741 0.0471676327 -0.00949185528 0.0280885976 0.0289287027
0.0270098224 -0.0571780019 0.026329428 0.0164369065 -0.0108494181 0.0187055599 0.00392247736 0.0127310771 0.0321613736 -0.00268516224 -0.0252746362 0.0234199911 0.0285004452 0.00162106939 0.00920736045 -0.00771521032 0.00980329141 0.0523454547 -0.0108384052 0.0136270821 -0.017598616 -0.0107595669 0.00313899666 0.0182990432 0.0342587046 0.0330547318 0.0311066564 0.0336763225 -0.0096445661 -0.0303440467 0.0450491048 0.0381654203 0.0319224596 -0.0392406508 -0.0148534831 -0.0160653479 -0.00669467822 0.00313402899 -0.0272327084 0.0033196155 0.0279193521 0.0398117676 -0.0805772766 0.00730347633 0.0286295526 -0.000370013528 0.00732838456 -0.0247264151 0.0280525088 0.0370174795 -0.0263314769 0.0403879881 -0.00812086184 0.0240666978 -0.0329794176 -0.00226875767 -0.00326889846 -0.0201634653 0.0174839869 -0.000493509695 0.0576231703 0.0172779206 0.0438710824 0.044593282
0.0291962121 -0.0530535243 0.0262652114 0.0214486606 0.00268271752 0.0340150818 0.016451126 0.0183262117 0.0317369178 0.00566213578 -0.0118871471 0.0455462858 0.0362545103 0.0236599278 0.00577389635 0.0112395063 0.00955034606 0.0507318825 -0.00464268029 0.0135144126 -0.015545303 0.0019183699 0.0104951812 0.0182736367 0.0517072454 0.0558268502 0.0441853404 0.0320971124 0.0139066931 -0.0255178362 0.0594573058 0.0442628711 0.0434168428 -0.026563365 -0.0149953142 -0.00542015769 0.0037976848 0.0256336071 -0.0263627376 0.0198656507 0.0451248437 0.0435992628 -0.0648615882 0.0199140273 0.0292937551 0.00593031012 0.00439889869 -0.0251820125 0.0267667137 0.0422614664 -0.0309678577 0.0336044617 -0.00465486944 0.036196813 -0.0257173423 0.00868362561 0.00759440288 -0.00334461173 0.0133300805 0.00638374221 0.0699065253 0.0177413542 0.0466013439 0.0443641692
0.0708012581 -0.00166651979 0.0528842136 0.0640235841 0.0203568507 0.0770777911 0.0382064059 0.0554205254 0.0850356445 0.0377436653 0.0503595732 0.0617763996 0.0578334183 0.0387923643 0.0177857056 0.0568207838 0.0250376239 0.0851306245 0.0340608023 0.0475083441 0.0268710852 0.0183908623 0.0119170612 0.0537014604 0.0724014267 0.095440425 0.0605187081 0.0615448989 0.0413863622 -0.00807273574 0.0660120398 0.0840804577 0.0859118626 0.00399202481 0.0465671457 0.0395881869 0.00598284882 0.0548313744 -0.010043636 0.0467930585 0.0801796466 0.0498748608 -0.0141654927 0.0519251227 0.04677964 0.0524980165 0.0460197926 0.0212956127 0.0656166524 0.0802494884 -0.000255757128 0.0565357283 0.0235101432 0.0700883716 -0.00853548013 0.0513503402 0.0273282565 0.0471353382 0.033897765 0.0387854539 0.106853649 0.0383162759 0.0713469163 0.0619333088
0.0754263327 -0.0187636055 0.0635366663 0.0551558621 0.0258997548 0.0743115991 0.0359611735 0.0618915111 0.0864277929 0.0306147393 0.0427165627 0.0741723031 0.0647277161 0.0391967371 0.028421279 0.0584936179 0.0220044237 0.0941355973 0.0370569453 0.0401649177 0.0404652134 0.0209125746 0.0328445099 0.0541470572 0.0773386583 0.0886360556 0.0586977787 0.0643573552 0.0480907634 0.0183071438 0.0852439478 0.095055759 0.0805249363 0.00991919078 0.0448168367 0.0363033228 0.0210276954 0.0656643286 0.00162634067 0.039896138 0.0938414633 0.0565571859 -0.0138044013 0.0544012338 0.0653539374 0.0521866679 0.0429661795 0.0282715894 0.046043314 0.0920110941 0.00121246697 0.0385459401 0.02437816 0.0780218244 -0.00680249929 0.0629504919 0.0313316286 0.0485663861 0.0358253159 0.0416791551 0.127676427 0.0592745803 0.0713304356 0.0586233363
0.0144634871 -0.0531290323 0.0147913462 0.0102085732 0.00111885928 0.0151595306 -0.00369635876 -0.00145071512 0.01178871 -0.00377330557 -0.0204087291 0.0243151374 0.014814781 0.0119176283 0.00685777981 -0.00133356079 0.00875881128 0.0412023403 -0.00902720541 0.0165451858 -0.0217261016 -0.0163887795 -0.00347964559 0.0166607406 0.0278038643 0.0513347089 0.0310650244 0.0197916981 0.000232704682 -0.0357802287 0.0386695489 0.0454830453 0.0405758917 -0.0373724513 -0.0110126436 -0.00768902572 0.000566650182 0.0039745844 -0.0309739541 -0.00280754827 0.0315870084 0.0250011459 -0.0778925046 -0.000711463392 0.0228385963 -0.0084962789 -0.0013686507 -0.00531857042 0.0269941073 0.0289480165 -0.0382984057 0.0362593085 -0.00642348174 0.0212270264 -0.00977208838 0.00167440902 -0.000394180417 -0.01718756 0.0204081982 -0.0130967833 0.0586654693 -0.00436507398 0.0381140262 0.0389628448
0.0402832441 -0.031650234 0.0471930802 0.0309258737 0.0144227622 0.0372509882 0.0211033151 0.036499247 0.0449242145 0.0103409346 0.00417969935 0.0473503359 0.0447176993 0.0311269797 0.00913069677 0.0223794356 0.00707572885 0.0657754242 0.00637698267 0.028433077 0.00498490967 0.0114633888 0.00459583756 0.0405491441 0.0524737574 0.0787645504 0.0335921422 0.0326009244 0.0103870966 -0.0100701563 0.0593748689 0.0554330759 0.0564293638 -0.0171792489 0.0107015502 0.0113272462 -0.000251160935 0.029110454 -0.0156931765 0.0210645832 0.0715043768 0.040141318 -0.0401414447 0.0332257599 0.035794735 0.0203411523 0.016121123 0.00329904491 0.0316007361 0.0749529451 -0.0127913114 0.0336947814 0.0142924655 0.0427449271 -0.0127658267 0.035228394 0.0110434582 0.027296111 0.0298874192 0.00600291509 0.0983816683 0.0184691325 0.0616359413 0.0471847765
-0.0198883153 -0.0831480026 -0.0290625729 -0.0124456529 -0.0354498215 -0.0203679372 -0.0464679785 -0.034876857 -0.0107093435 -0.0106251156 -0.0568853803 -0.0115831373 -0.00704546366 -0.00914895255 -0.0201621223 -0.0498811342 -0.0151500134 -0.00973971933 -0.0614254996 -0.0134836193 -0.0720544532 -0.0400911495 -0.0279334821 -0.0333972089 -0.00804775208 -0.0146508198 0.0171602145 -0.0170130078 -0.0257765427 -0.0820857584 0.0207452103 -0.0087215919 0.000854873098 -0.0516481027 -0.0639019832 -0.0551068038 -0.0304018445 -0.0324231908 -0.0675314441 -0.0304243602 -0.000219909474 0.0091117993 -0.109827414 -0.0228834711 -0.00452947989 -0.0484335944 -0.0386678651 -0.052697029 -0.0157947168 -0.0158012602 -0.0415284336 -0.0165945049 -0.0474567711 -0.0195174087 -0.0445952713 -0.0306574591 -0.0165717769 -0.0569600351 -0.0136508346 -0.034791179 0.0182490777 -0.0339560173 0.017889522 0.0186617412
0.00421262346 -0.0805823654 -0.00418406399 0.00801033527 -0.0206537135 -0.0075591458 -0.0276889093 -0.0145457219 -0.00532076228 -0.0178860985 -0.0410387777 0.00283807889 -0.00420646742 -0.00581844896 -0.00670866482 -0.0320003033 -0.00783607084 0.0337234363 -0.0455218032 -0.00530221593 -0.0482186936 -0.0307020079 -0.00613556989 -0.00795106404 0.0142825618 0.0113925114 0.0270276498 -0.000224653631 -0.0220233612 -0.052153524 0.0163464956 0.00176079897 0.0261523835 -0.0477598011 -0.0419823937 -0.0328757912 -0.0257463176 -0.0074837422 -0.0442056805 -0.0268187597 0.00614571944 0.0119548067 -0.111209348 -0.0258812923 0.0121018868 -0.0393063724 -0.0199606791 -0.0364176407 0.00420293957 0.0181629341 -0.0522533283 0.0224692523 -0.0274919085 -0.0150757181 -0.0364316329 -0.0244154036 -0.022385139 -0.05050724 -0.00674487092 -0.0246403273 0.0482988954 0.00186108844 0.0238837264 0.0353864282
0.0100946873 -0.0572008938 0.0110433046 0.0052976571 -0.0142063703 0.0116074122 -0.0245346017 -7.12133478e-05 0.0118587967 -0.00680140685 -0.0243405141 0.0183880068 0.0189076308 0.00525718369 0.000566303264 -0.0147673711 -0.00225956179 0.0257723927 -0.0232877899 -0.000475861132 -0.0279773921 -0.0208098069 -0.0046558762 0.00502047688 0.0215546861 0.0295933224 0.0275702421 0.00411247928 -0.00914149173 -0.0496627912 0.0335324518 0.0245282184 0.0219023302 -0.0324269161 -0.0268089566 -0.0259892065 -0.0159714911 0.00519188959 -0.0328596346 -0.0108146183 0.0397417508 0.016128961 -0.074717477 0.00591687858 0.0150430081 -0.0228638016 -0.0169823822 -0.0333868153 0.0128397606 0.015029341 -0.0331667513 0.00898058806 -0.0219092332 0.0120920064 -0.030213831 0.000362209044 -0.00662109721 -0.0190446973 0.0149482712 -0.016632244 0.0591971204 -0.0054988768 0.0425841808 0.0349637121
0.0529501252 -0.0257791225 0.0455272645 0.0353591517 0.0194132216 0.0552701429 0.040719945 0.0444068536 0.0618889481 0.0224819817 0.0232328679 0.0458793193 0.0449377671 0.0161359049 0.0217665732 0.0353178084 0.0279464498 0.0857408568 0.0182620622 0.0227106083 0.0112810619 -0.00617920049 0.0415263064 0.0457161516 0.059591759 0.075383991 0.0568634048 0.0473014116 0.032450296 0.0129331145 0.0738531649 0.0761030391 0.0656614006 -0.0110047376 0.0233640522 0.0163778216 0.0242167544 0.0481688567 -0.0150381345 0.0215650909 0.0682335272 0.0460494943 -0.0370459519 0.0274498388 0.0574504212 0.0293714311 0.0302463397 0.0164675321 0.0317932218 0.0763533264 -0.0048938971 0.04909008 0.012937814 0.0472830385 -1.51712447e-06 0.0414660834 0.0193647593 0.0242508855 0.0319227278 0.0344312936 0.108315706 0.0474316813 0.0524666943 0.0590128005
0.0225419961 -0.0449492 0.01161063 0.0256142728 -0.0165045392 0.0380383432 -0.00561536849 0.02259163 0.0432381369 0.00535458606 -0.0102810822 0.0312749147 0.0227600429 0.00394555926 0.00382628664 0.00069058314 0.00666641444 0.0409240983 -0.00267297123 0.0213416014 -0.018819401 -0.0144941676 0.00833215658 0.0144912535 0.0289445501 0.0309513174 0.0311875939 0.023203494 0.00382887665 -0.0371241681 0.0550148077 0.0488008745 0.0307888854 -0.0381331034 -0.0050276164 -0.0120479204 0.000229474157 0.00578538515 -0.0304013677 0.00374732539 0.0390976891 0.0351107568 -0.0728885531 0.0308749583 0.0216316339 -0.0108140912 0.0144300591 -0.0171702895 0.0273237862 0.0220773295 -0.0138454419 0.0209439136 -0.0128577948 0.0311880056 -0.02821007 0.00649590138 0.015997095 -0.00991182774 0.0199861825 -0.000579591841 0.0713516921 0.00146965217 0.0526287854 0.0385927558
0.0138563951 -0.0590398982 0.00886110496 0.0272038132 -0.00935869757 0.0134982318 -0.00659677666 -0.000134361675 0.0331376344 0.0125185503 -0.0167660601 0.0287729427 0.0212228 0.0124711217 0.00493498892 -0.00118350983 0.00557251368 0.0421889424 -0.0192941912 0.0141736856 -0.0221067071 -0.0205773972 0.00559368916 0.0138618993 0.0278935991 0.03106682 0.0334425941 0.0231763963 -0.00156994618 -0.0382242501 0.0474812314 0.0356103443 0.0419747084 -0.0384999067 -0.0158436336 -0.0227461327 -0.00243858341 0.0189086944 -0.0452128053 -0.00312994607 0.0450078249 0.022587955 -0.0775191486 0.00785683095 0.0201293491 -0.0153424926 0.00123438751 -0.00994782615 0.0185193233 0.0326614603 -0.0371104851 0.0124048013 -0.017976027 0.0191285685 -0.0235652905 -0.000660361722 0.00662166905 -0.0178836398 0.0112972734 -0.00118806399 0.069289282 0.0056161955 0.0477509201 0.0266997926
0.0249070507 -0.0374945365 0.0271089543 0.00363711454 0.00982039981 0.0326109082 -0.00565917604 0.00247461395 0.029385943 0.0225624964 -0.00147172995 0.0243267827 0.0282876883 0.0188112147 5.66942617e-05 0.00183477439 0.0132208047 0.0547796004 -0.004067 0.0128086796 -0.0273304768 -0.00529384799 0.00702650938 0.0211350638 0.0301753953 0.043123018 0.0275501348 0.0217246357 0.00692543201 -0.0347763188 0.0409387648 0.0487967953 0.0485494919 -0.0324425884 -0.00257063098 -0.0120069105 -0.00414881296 0.00704903249 -0.0251047406 0.00582065433 0.0443091877 0.0234986804 -0.0762012005 0.00385453925 0.0286425594 -0.00598878693 0.0014208412 -0.0107217105 0.0166390203 0.0252319649 -0.00935415551 0.0242316313 -0.0188702643 0.0235065371 -0.0282266289 0.00880774856 0.00729103759 -0.0107704736 0.0188767686 -0.000737497583 0.0766582638 0.00510529801 0.0206379909 0.0442526117
0.0333111249 -0.0388540551 0.0319853202 0.0362301357 0.00288697891 0.0311639756 0.00340560079 0.031425193 0.0457452387 0.00363698136 -0.00257984968 0.0379938148 0.0394330844 0.0215407442 0.0122597106 0.0194915459 -0.00299426727 0.0628208369 0.00107880868 0.0176199432 0.00123072322 -0.00534844771 0.00101274159 0.0283063669 0.038299378 0.0652707741 0.0310585909 0.0428620353 0.011288859 -0.0205694847 0.0538426302 0.0516954511 0.0491405427 -0.0123824002 0.00711333007 0.00939924363 0.00283538736 0.0331320353 -0.0174773335 0.00982383639 0.0577621236 0.0391933843 -0.0483270437 0.0307640266 0.0401024707 0.00832579099 0.0215309523 -0.0114807412 0.0375562757 0.0587863475 -0.0268391576 0.0166172087 0.0144084627 0.0400485657 -0.0148614179 0.0270131249 0.0136630889 0.00812667608 0.0343769006 0.00561773963 0.0893029571 0.0158284232 0.0566761121 0.0365770906
0.0408337526 -0.0444148853 0.0342112184 0.034257926 0.0154968444 0.0399541147 0.00831248146 0.0382858142 0.0625063628 0.00612440147 0.00413283706 0.0433386825 0.0424526595 0.0166859124 0.0225977525 0.021555813 0.0145652164 0.065745838 0.000570662902 0.0144783221 0.0136421621 -0.00206980575 0.0374830514 0.0363223553 0.0482293889 0.0630401969 0.0371747985 0.0369803831 0.000511258841 -0.0183028691 0.0603215694 0.0639273375 0.0506579205 -0.0184307992 0.00703234598 0.00349264219 0.0130875474 0.0263462849 -0.0142363245 0.0239431541 0.0591118261 0.0418734141 -0.0582290813 0.0240337215 0.0365570933 0.0105013642 0.022258237 0.00169822387 0.0244121626 0.0520455837 -0.0163265858 0.035109669 0.00762161799 0.0344137922 -0.0138904881 0.0216426831 0.00863540731 0.00812905096 0.0315016434 0.0203566533 0.0860482603 0.0364955515 0.0536237396 0.0460660756
-0.00980112329 -0.0701816604 -0.0190249197 -0.00776151568 -0.0393870957 -0.0205545146 -0.031484317 -0.0255317856 -0.00972302631 -0.0170044564 -0.0514382459 0.00201780116 0.000569857657 -0.0153540066 -0.0158571284 -0.0433790125 -0.0167306773 0.0264206603 -0.0431513079 -0.00155099295 -0.0647840872 -0.0448438898 -0.0283033364 -0.0187593829 -0.00541896001 0.00477826782 0.0138402656 -0.00364556164 -0.0272798836 -0.0719895661 0.0183948092 -0.00769077614 0.0143037047 -0.054504849 -0.0537622422 -0.0363411009 -0.026117675 -0.0303376932 -0.0445518643 -0.0310308263 0.000127444044 0.0114769265 -0.105036914 -0.0210667551 0.00613544509 -0.0394158326 -0.0242073461 -0.0556343198 -0.00105563784 -0.0133254984 -0.0443194807 0.000608440721 -0.0357566588 -0.00469961902 -0.0398805551 -0.0283957664 -0.00474539958 -0.0518423617 0.00351753365 -0.036246486 0.025006298 -0.033621721 0.0245700758 0.0327085964
0.0687873363 0.02143557 0.0877320766 0.0724559352 0.0520686172 0.0913249403 0.059793476 0.0821202248 0.0967349261 0.048967015 0.0702510774 0.085706234 0.0797286406 0.0611940548 0.0306404047 0.0725861192 0.0391367339 0.100705162 0.0749808103 0.0530909337 0.0613503195 0.0191234201 0.0300326012 0.0838964731 0.0854044631 0.130865797 0.071616061 0.0733094662 0.038237337 0.025078211 0.0875140503 0.0999492556 0.0987582728 0.0135174152 0.0739350542 0.0536553189 0.0386810862 0.078339614 0.00614244957 0.041752249 0.11724472 0.0565916374 0.0112869721 0.0692830384 0.0660070255 0.0661165267 0.0612465888 0.0538614579 0.0630742684 0.114745915 0.00318479096 0.0584412999 0.0450814255 0.0977179557 0.0131686069 0.0797382519 0.0469899848 0.0748025104 0.053392455 0.0536524914 0.137306184 0.0576276407 0.0882529989 0.0605291501
0.0450315177 -0.0352030993 0.0383464284 0.0366677009 0.00475270487 0.0348047279 0.000431995839 0.0198002681 0.0415675491 0.0166894794 0.00427479856 0.0320360959 0.0381832644 0.0209479574 0.00962111913 0.0193548836 0.00307576545 0.0657639205 -0.0102675874 0.0190746635 0.0033736974 0.00201397762 0.0100474423 0.0281807389 0.0596210882 0.0619396642 0.0485178716 0.036504861 0.0211939961 -0.0275573805 0.064651452 0.0545773655 0.0521268174 -0.00961207878 0.00933293439 0.0161668174 0.0012490917 0.0337782316 -0.0310278106 0.00832937844 0.0546999127 0.0374224149 -0.0532083474 0.0302948169 0.0388164669 0.0180192161 0.0154667441 -0.00575156044 0.0423729345 0.0563596264 -0.0156242903 0.0393748544 0.00952686183 0.0422471613 -0.0110580251 0.0132095646 0.00947727822 0.0131194908 0.016507104 0.0186024681 0.0778908134 0.0247385856 0.0555064529 0.0393867083
0.00809727237 -0.0749453306 -0.00308767986 -0.0105628548 -0.0305667035 -0.00994723011 -0.0246567149 -0.0227091424 -0.00652996218 -0.00286116265 -0.0400140136 0.000145121478 0.00897379965 -0.00655383244 -0.00969573762 -0.0248583648 0.000631390139 0.0277575385 -0.038837906 0.00014044065 -0.0470412448 -0.0371157899 -0.0080507407 -0.0146616334 0.01020265 0.0110607399 0.0179287866 0.00241345726 -0.0250612348 -0.0581000894 0.0392521657 0.00560980104 0.0251050387 -0.0489444211 -0.0531174354 -0.0352887958 -0.0257075019 -0.0294759907 -0.0388508588 -0.0267810598 0.0225655548 0.0111470604 -0.103346705 -0.0258049592 0.00468318444 -0.0378347635 -0.0258955937 -0.0409972966 -0.00343417749 -0.00536035188 -0.0281751323 -0.000617315993 -0.037431065 -0.000499405724 -0.0367205478 -0.0146583989 -0.00859646779 -0.0491121709 0.00366366003 -0.0261595007 0.0332017802 -0.0147808362 0.0221694876 0.0337334499
0.0134374816 -0.0656453669 0.00796393305 -0.000710335094 -0.0282332376 -0.0198520217 -0.0298702829 -0.0303738099 -0.0162062999 -0.00940981973 -0.0501700528 -0.0106391795 0.0122045456 -0.006310381 -0.0205768365 -0.0180714205 -0.00629015546 0.0187509414 -0.0622729622 -0.0101017682 -0.0382978767 -0.0286406241 -0.0212393254 -0.0188398324 0.0181265827 0.0231662672 0.0309627987 0.0032746112 -0.0243896041 -0.0636654794 0.0250918642 -0.00371539127 0.0307807326 -0.033619564 -0.0548820309 -0.0226259269 -0.0383629389 -0.0211017244 -0.0607554018 -0.0306842513 0.0338837728 0.00558443135 -0.0895368457 -0.0209927782 -0.00325110182 -0.0423786752 -0.0210492983 -0.0447622426 -0.00268070726 0.0224069841 -0.0427706614 0.00315374625 -0.0260554794 -0.0169671066 -0.0293058045 -0.0267929863 -0.0266652852 -0.0315344669 -0.00728845084 -0.0297338292 0.0429084525 -0.0104509639 0.0291689914 0.0290547106
-0.0134592317 -0.0800678581 -0.0110760182 -0.0012364951 -0.0371337682 -0.0177894682 -0.0296910107 -0.0212909821 -0.0200262722 -0.0208705645 -0.0609706938 0.00122599816 -0.0171928257 -0.0174959973 -0.020309804 -0.0352097303 -0.0226586312 0.0249030646 -0.0517439693 -0.00547814183 -0.0649180859 -0.0344445147 -0.0351315364 -0.0284242667 0.00491769612 -0.000517147593 0.0198748969 -0.000212233514 -0.0158408657 -0.0533287413 0.0255518854 -0.0105492808 0.0163063295 -0.0616139024 -0.0636801049 -0.0378772393 -0.0315372422 -0.0234266724 -0.0477834493 -0.0241638366 0.00854328182 0.0178056788 -0.11628294 -0.0234588869 0.00983933359 -0.05581389 -0.0315546207 -0.0526028275 0.00292450283 0.00874123443 -0.0569904782 0.00623352034 -0.037760254 -0.0220665429 -0.0366879776 -0.038240619 -0.0208163578 -0.0558395609 -0.00857446343 -0.0539974049 0.044802621 -0.0256578475 0.0302478634 0.0292840861
0.036561206 -0.0404178612 0.034134943 0.0269643757 0.00241583772 0.0485454202 0.00806691404 0.0310613345 0.0452160686 0.0073024407 -0.00343817426 0.0525748096 0.0388826132 0.0240688175 0.0145540331 0.00990220532 0.0129580051 0.0489062406 0.00853017531 0.0175032951 -0.0109448386 -0.00152875856 0.0128025552 0.0123810964 0.0405398309 0.0554572977 0.0373579152 0.0342831202 0.0139680766 -0.0149166416 0.0508055389 0.0608963221 0.0411489233 -0.0137133515 0.000307347625 0.0210904963 0.0117035573 0.0166573487 -0.0105123278 0.0289962441 0.0490736477 0.0485309586 -0.0509904251 0.0283507109 0.0328206308 0.0153026599 0.00899208337 -0.00833028182 0.0312777646 0.0427817702 -0.018633116 0.0289052092 0.00382258371 0.0511346869 -0.026054373 0.0161381923 0.0160301402 0.00117772829 0.0200384781 0.0168548636 0.0720141381 0.0187151153 0.0523777083 0.0508895218
0.0465751141 -0.0364515781 0.0429766476 0.0354668051 0.0162957627 0.0522719882 0.0155025162 0.0544401892 0.0625375509 0.0113425991 0.0104270671 0.0500633456 0.0386980101 0.023502741 0.0165364072 0.0159686673 0.0173689332 0.057704106 0.0142381862 0.0238522198 0.00900506973 0.000219627284 0.0199560411 0.0372404605 0.0568193831 0.0662682354 0.0577729605 0.040986985 0.0251818709 0.00083756214 0.0504807197 0.0748455599 0.0458349437 -0.0188239701 0.0144382119 0.0118038692 0.018799698 0.045864895 -0.0146002714 0.0176819116 0.0532213561 0.0521384813 -0.044726871 0.0319261551 0.0546877086 0.017414432 0.0273991227 -0.00426711654 0.0524164066 0.0740099922 -0.0104743177 0.0460475683 0.0229870733 0.0516946092 -0.00899311714 0.0239683241 0.0176471528 0.021731155 0.0292133074 0.0217590369 0.0924469531 0.0405477174 0.0541163273 0.0652889535
0.025850296 -0.0553062744 0.0216995683 0.0162074752 -0.00343770906 0.0302701332 0.00116665475 0.0120322015 0.0428375378 0.00114245992 -0.0211760569 0.0246273894 0.0204761215 0.0185658038 0.00434908178 -0.00789592415 0.00886035059 0.0373404846 -0.0101221167 0.00649412908 -0.0245214608 -0.00706064375 -0.000526593998 0.0136865946 0.0324918553 0.0353469104 0.0346953683 0.0302895363 -0.00473912712 -0.0307726488 0.0480676517 0.0372213461 0.0391211174 -0.035861589 -0.0225885138 -0.0180351995 -0.00288467761 0.0139167095 -0.0329826884 0.0120717827 0.0225190725 0.0354652628 -0.068267785 0.0176468194 0.0363154821 -0.00303598167 0.00239347294 -0.00405431958 0.023411179 0.0389508121 -0.0280710496 0.0247435048 -0.0092845764 0.0278658215 -0.0184635557 0.00799553748 0.012464324 -0.0196131673 0.00774211064 0.0033804588 0.0601870269 0.011211941 0.0335638411 0.0472200438
-0.00629478786 -0.0860975832 -0.0190914199 -0.00449385401 -0.0495443717 -0.00620201137 -0.0360676013 -0.0318859294 -0.00925510377 -0.0131490603 -0.0602385774 0.000352579169 -0.0148151014 -0.00706082955 -0.0163565874 -0.0376021825 -0.0161163192 0.0160351545 -0.0508808643 -0.0241271015 -0.0605043732 -0.0320180021 -0.0310918447 -0.0269612763 0.00832784548 -0.0163833741 0.00830607489 -0.00238330197 -0.0320526995 -0.0742442235 0.020169884 0.00653972756 0.008969374 -0.0534957126 -0.0459478199 -0.0403527953 -0.0246191137 -0.021394521 -0.0549049079 -0.0156503338 -0.00371625368 0.00819461141 -0.106751069 -0.0229004677 0.0132367983 -0.0501557067 -0.0335276984 -0.0482129753 -0.0139817819 -0.00824950915 -0.0366267562 0.0083452845 -0.0498360544 -0.00235192035 -0.0411128998 -0.0378666669 -0.0143222949 -0.064976126 -0.00447110087 -0.0369674265 0.0287157707 -0.032130748 0.0268033147 0.0164643377
0.0133168567 -0.0652203783 -0.00299148774 0.00979503337 -0.0220117085 0.00950832479 -0.0215405654 -0.0114517966 0.0122504076 -0.00483505893 -0.0258307625 0.0156957284 0.002442725 0.00376163609 -0.00545659102 -0.0243462455 0.00182138383 0.0212887097 -0.0302651543 0.0113704707 -0.0468867794 -0.0246616192 -0.0122238956 -0.0173947364 0.0153656416 0.0136238132 0.0261356123 0.00505432393 -0.000948810368 -0.0513789207 0.0359441601 0.018119555 0.0262765847 -0.0420832373 -0.0316107906 -0.0139338681 -0.0147091756 -0.0123097729 -0.0389999636 -0.0124195218 0.0209916942 0.0224761479 -0.0857703611 -0.00109288841 0.0137298387 -0.024026759 -0.00750594586 -0.0207618512 0.015798457 0.0107453186 -0.0285325758 0.00720192352 -0.0210120697 0.0206750855 -0.0347132161 -0.0142744575 0.00176818669 -0.0295136161 0.000445866957 -0.0110202525 0.0500467122 -0.00967035908 0.0353624374 0.0358359367
0.0538544543 -0.038433142 0.0428806543 0.0453726947 0.00925643556 0.0376855582 0.0163977761 0.0449488759 0.0494217835 0.0107872039 0.0051084049 0.0534038916 0.0520720854 0.0327288508 0.0244221948 0.0254564434 0.0111170895 0.0667533427 0.00581133226 0.030107528 0.0227071662 0.00789547432 0.0232512672 0.037108276 0.0541790277 0.0741931647 0.0501319021 0.0450054519 0.0129242465 -0.0136760194 0.0673167929 0.0586742163 0.0638523847 -0.00790729653 -0.00102957338 0.0179732442 0.00638005883 0.0369687751 -0.00766286068 0.028457623 0.0655318052 0.0465718731 -0.0442353189 0.0282881819 0.0466678962 0.0228797477 0.0225979835 -0.00649760012 0.0420055576 0.0649226308 -0.01875096 0.0385139138 0.0113329459 0.0464022011 -0.00920340698 0.0287620593 0.0159396436 0.0189312883 0.0200645886 0.026536487 0.091585055 0.0441438556 0.0629818365 0.0469525196
0.0300339907 -0.0442797281 -0.00677204039 0.0184382293 -0.0269039981 0.00944375712 -0.0226158667 0.00936901104 0.0212708116 -0.00103416946 -0.0192728471 0.0162253827 0.0238858983 0.00320949685 0.00275109289 -0.0184014197 -0.0133156246 0.0271670874 -0.0313011669 0.0134783601 -0.0375061706 -0.0294261537 -0.0176795367 0.00528384838 0.0123006701 0.0257523321 0.0272063389 0.00762061216 0.00830483157 -0.0505102128 0.0439409353 0.0204339772 0.0376617834 -0.0262607597 -0.021540828 -0.00718572969 -0.0273421276 -0.00625520805 -0.0337960832 -0.00618509762 0.0440856218 0.0205479972 -0.0647198558 0.021930486 0.01013692 -0.0073787584 0.00269304868 -0.032191515 0.00837204326 0.00774051063 -0.0202615112 0.00434359722 -0.0147119612 0.0310061909 -0.0213516224 0.00247332454 0.0107915001 0.000765674748 0.00234721974 -0.00972369965 0.0598994568 -0.0110694375 0.0429124311 0.0349256769
-0.0210711714 -0.0922677666 -0.0381849892 -0.0195800755 -0.0181557033 -0.0327720381 -0.0615822598 -0.0485830382 -0.0117383655 -0.00740025798 -0.0665165409 -0.0109370686 -0.00720437802 -0.00816635974 -0.0311389696 -0.0462723747 -0.00661098957 0.00335654989 -0.0636415184 -0.0227460247 -0.0704470947 -0.043524757 -0.0264016222 -0.045389507 -0.0167100038 -0.0359238684 0.00200690329 -0.014058589 -0.037086226 -0.0892977864 0.00786687247 0.00346532464 0.00851087272 -0.0530580059 -0.0803634524 -0.0581196472 -0.0312549472 -0.042673789 -0.0757884234 -0.0177629087 -0.00122228265 0.00737959705 -0.117569804 -0.0427971967 -0.00964331254 -0.0511324145 -0.030232098 -0.0524257421 -0.0154840332 -0.0271111056 -0.0513958149 -0.0151696792 -0.053377945 -0.0246405676 -0.0518266894 -0.0380540788 -0.0310354736 -0.0768710524 -0.00700887386 -0.0446624048 0.0195395052 -0.0260009989 0.00642883405 0.0256886631
0.0629144907 -0.00223649293 0.0521090589 0.0592377335 0.0271402244 0.0831302851 0.0328900181 0.0626135021 0.0760789067 0.0333702266 0.0354091153 0.0617817082 0.0586426035 0.02641581 0.0227907896 0.0519322641 0.0383292474 0.0872428864 0.0426324904 0.0382711366 0.0224642996 0.0129974345 0.0285880473 0.0552739203 0.0666350871 0.0896627903 0.0598949976 0.0580239631 0.0336605608 0.00779790245 0.0755642802 0.0791259184 0.0708401203 -0.0030814074 0.0439547636 0.0204584524 0.0220514499 0.048079785 -0.0142255407 0.04079495 0.077095449 0.0563409962 -0.0184716098 0.052654095 0.0526846871 0.0556428283 0.0407795161 0.0249446668 0.0433338992 0.0803916156 0.00584743172 0.0579139292 0.0195923224 0.0719051212 -0.0120032504 0.0608688965 0.0257954337 0.0525124446 0.0286347065 0.03548095 0.116676226 0.0427804999 0.0646053478 0.0651090741
0.00434835255 -0.0646889806 0.0106404014 0.0168517474 -0.0126318447 0.00307859713 -0.0179981887 -0.0024729874 -0.00136348745 -0.0110826027 -0.0278356485 0.0263938941 0.0105004124 0.00307001267 0.00285390764 -0.00966453925 -0.00358269084 0.037388403 -0.0308622532 -0.00243382342 -0.0236347597 -0.0197261218 -0.0087437164 0.00419719005 0.0238215607 0.0321083106 0.0178779028 0.021008702 -0.0063413633 -0.0337443762 0.041762311 0.0298063643 0.027535677 -0.0396131277 -0.0209487677 -0.0119701233 -0.0150089329 -0.00277248188 -0.041224815 -0.00330441259 0.0394357815 0.0217889398 -0.0980668142 0.00206381828 0.0232291259 -0.0251669697 -0.0206125844 -0.0200209208 0.0164742265 0.0277714469 -0.0410661846 0.0083761299 -0.0188592337 0.0122455452 -0.0297404416 -0.00430459995 -0.00705012493 -0.035085544 0.00195336808 -0.0269693416 0.0530529618 -0.00374520896 0.0396824181 0.0239972305
0.0490322784 -0.0083113974 0.0466856435 0.0458962321 0.0277998783 0.070993714 0.035971798 0.0687639192 0.0635327399 0.0236661695 0.0359259173 0.0700495839 0.0673750192 0.0175876394 0.0289790593 0.0320018418 0.0251017306 0.0852586776 0.0357910059 0.0329320319 0.0266556591 0.000222770497 0.0119232461 0.0574153438 0.0541722775 0.090470612 0.064797014 0.0615448207 0.0218539499 0.0101843718 0.0663063154 0.0872475803 0.0734194964 0.00041212514 0.0327148065 0.027704224 0.025018109 0.0519480258 -0.00828033779 0.026702743 0.0912414193 0.0484094024 -0.037760675 0.0491617247 0.0593553372 0.0440705307 0.0373937674 0.0131638562 0.0647102371 0.0846712813 -0.00169114838 0.0506260917 0.0219842866 0.0770186633 -0.000464802608 0.0666939318 0.0256493483 0.0373612791 0.0346741192 0.047123041 0.102686912 0.0350340568 0.057919275 0.0643058196
0.0245088935 -0.0565667376 -0.00268904842 0.00391385145 -0.0122202244 -0.00408420712 -0.0188944787 -0.0122496281 0.0156124625 -0.000851734541 -0.0331946462 0.0130733456 0.0237396061 0.00273307413 -0.0145360325 -0.0130020771 -0.00149774645 0.0343062356 -0.029549025 -0.00368641317 -0.0365508758 -0.0201493111 -0.00898386538 -0.00578732416 0.0147434343 0.0199074578 0.0265882723 0.0166304987 -0.00371169997 -0.0404936634 0.0334219225 0.0229175035 0.0366984718 -0.0293582734 -0.0313067958 -0.00753452396 -0.0200539716 -0.00510004768 -0.0383642688 -0.00994101539 0.0346964449 0.0144893629 -0.0867438167 -0.00339571759 0.0100015532 -0.012995773 -0.00119849294 -0.0293036159 0.0132333618 0.0127271116 -0.0269864574 0.0209942721 -0.0245422907 0.011011974 -0.0271184519 -0.00531140016 0.00528409984 -0.0197036359 -0.000858488493 -0.00212387089 0.0515123829 -5.92619181e-05 0.0293866303 0.0420787707
0.0396595933 -0.00992541108 0.029515611 0.047307115 0.0322340801 0.060606055 0.021101661 0.0488905832 0.0571399406 0.026295267 0.0365644321 0.0652374476 0.05740536 0.0213581622 0.0206398517 0.0365164466 0.024678098 0.0713125467 0.0243544988 0.0312000681 0.0175732151 0.00112882163 0.0199701004 0.0379180759 0.0497021712 0.0917374045 0.0574459694 0.0377366766 0.0349601321 -0.0138726793 0.0686007887 0.0806477442 0.0757667273 -0.0175444931 0.0352781713 0.0363597423 0.0149494726 0.0267630965 -0.0134338746 0.0269080848 0.087125577 0.0414380208 -0.041186288 0.0427749977 0.0445138589 0.0316947848 0.037129499 0.0232211202 0.0427596457 0.0630035177 -0.0107314102 0.0404071473 0.0186129212 0.069948636 -0.000544408336 0.0433542058 0.0199963003 0.0424390845 0.0319032818 0.0277867354 0.108022347 0.0230941176 0.0611674562 0.0512220599
0.0515349582 -0.0164290033 0.062382441 0.0426377207 0.0368771702 0.0640523285 0.0261530336 0.0545753986 0.0539265424 0.0240226798 0.0226705056 0.0556325987 0.0435105115 0.0352673009 0.0173674636 0.0451749042 0.0240259226 0.0742355436 0.014632334 0.0323742218 0.0316962078 0.0279104896 0.0239758547 0.0459638685 0.0742725879 0.0962890387 0.0510839522 0.0518960766 0.0337663181 0.00350527605 0.0754324943 0.0801341385 0.0698869079 -0.00756822713 0.0390570611 0.0366030037 0.0227260385 0.0503040478 -0.00207017269 0.0305996072 0.0701046363 0.0547698587 -0.0421700478 0.0380139947 0.0552309081 0.0321289897 0.0224386957 0.0133093921 0.0585568324 0.0817550719 -0.0106731625 0.0596310869 0.0251225438 0.0458373502 0.0014475612 0.0448382087 0.0168379694 0.0375312492 0.0326596722 0.0166110341 0.108906835 0.0391016379 0.0608433522 0.0515586883
0.0290796347 -0.0225182734 0.0221644472 0.0431912802 0.0116741192 0.0543041304 0.0101704216 0.0446114168 0.0437983572 0.0159801394 0.0115939211 0.0484946184 0.0403485149 0.0193500705 0.0124922115 0.031854488 0.0232599266 0.0660973564 0.018911276 0.0201496184 0.00268980302 0.00265748426 0.0177532658 0.0211595241 0.0406539291 0.0722735077 0.0352149755 0.0467080958 0.0252760909 -0.0116013158 0.0553842857 0.0736797452 0.0596912205 -0.0258733202 0.0370643362 0.0202862266 0.0130104283 0.022733368 -0.0218557883 0.024483867 0.0505060405 0.0368561372 -0.0491190627 0.0225396901 0.0379066877 0.0175818279 0.0256723091 0.00773124816 0.0378194042 0.0452130139 -0.0113215139 0.0370092764 0.00968506932 0.0508391038 -0.00600498822 0.0298038423 0.0182055831 0.0108935358 0.027538538 0.00811417401 0.0943640023 0.0123434942 0.0512992367 0.0561877266
0.056020461 -0.0250147879 0.047202751 0.0480264053 0.00161810964 0.0428659022 0.0229728743 0.0540978834 0.0620056093 0.0167224184 0.0186519418 0.055816412 0.0590651557 0.0232541226 0.019084882 0.0284340456 0.00108057633 0.0682697818 0.013362173 0.0211825557 0.0289508067 0.00310101546 0.0101676481 0.0503940172 0.0593613423 0.087039277 0.0634182021 0.0482933223 0.02104716 -0.00916170422 0.0596447773 0.0798476487 0.0729760528 -0.00250967778 0.0167004857 0.0275238361 0.0115863495 0.0478946753 -0.0127938781 0.0287469178 0.0807845294 0.044776015 -0.0326163135 0.0446645841 0.0562019236 0.0359249413 0.0231281295 -0.00310733449 0.0512574799 0.0830824897 -0.00819704402 0.0412218198 0.0171775147 0.0615211986 0.00424170308 0.0442366377 0.023026919 0.0325965621 0.0279204249 0.0382598527 0.0827807933 0.0400101021 0.0653224438 0.0535367727
0.0128295906 -0.0630980805 0.0175370742 0.0137696797 -0.0127824247 0.00320560928 -0.0161253214 0.00879383273 0.012751475 -0.00242031273 -0.0200096257 0.0220711865 0.0220385119 -0.00194790494 0.00812225044 -0.000256933272 -0.0027814256 0.059129335 -0.0366872251 0.00900938455 -0.0115633262 -0.0289323926 0.00640389603 0.00922874641 0.0339777544 0.029753631 0.0337936357 0.018902082 -0.0126063041 -0.0316335745 0.0477026254 0.0244779959 0.0264752097 -0.0435701422 -0.0158881955 -0.0166528858 -0.0107791862 0.00683241803 -0.0351289175 -0.0210871119 0.0388207287 0.0252841413 -0.0773997828 -0.0040185973 0.0260735564 -0.0136054084 0.00443599559 -0.034232758 0.0253915302 0.0294689424 -0.0267608874 0.0325958245 -0.0101448474 0.01433778 -0.0184147526 -0.00093831867 -0.0100199217 -0.0131079331 0.0170513019 -0.00531836785 0.0654464215 0.00535269268 0.0451666415 0.0388083085
0.0123560457 -0.0628573 0.0158548858 0.0256933756 -0.0219248421 0.0208244659 -0.00168874301 0.0160527676 0.0281445291 -0.000642025843 -0.0203201901 0.0205640309 0.0198300295 -0.00529989973 -0.000751618296 -0.00881632604 0.0142639298 0.0382370353 -0.0149554629 0.0091393264 -0.0309920516 -0.0204155073 0.00774166733 0.0118970685 0.0239259843 0.0365290195 0.0238656327 0.0222887024 -0.00910106674 -0.032719817 0.0355438031 0.0256975032 0.0409986526 -0.0439912491 -0.025933871 -0.0158680771 -0.00355591252 0.0129534248 -0.0315395854 -0.00281589292 0.0356442407 0.0234193131 -0.0744440109 0.00319212303 0.0224592462 -0.02001331 -0.00352965156 -0.0157050695 0.0262363013 0.0358942598 -0.036552228 0.0154586826 -0.0132539729 0.017482277 -0.0260124095 0.00487185642 0.00312181655 -0.0218247399 0.0188425593 -0.0136001529 0.067720525 0.00666265655 0.0487391986 0.0424967445
0.0249548964 -0.0459437594 0.0120107811 0.0143868886 -0.00979558378 0.0181477256 -0.00081987679 0.00692874519 0.0157324299 0.0018614009 -0.0207022242 0.0245269574 0.021005366 0.00354188867 0.000183803961 -0.00205209292 0.00514906924 0.0442515537 -0.0102206487 0.00550449267 -0.0326307341 -0.0192078743 -0.00800339598 0.0103548784 0.0283965208 0.0325977467 0.0260336958 0.0216360502 0.00315858587 -0.0379353166 0.0433541387 0.0246235654 0.0276149511 -0.0391206481 -0.0184819456 -0.0167613085 -0.0158272646 0.00922864396 -0.0348336957 -0.000374248251 0.0341604128 0.0277013257 -0.0782051757 0.00633554906 0.0154904183 -0.00371903367 -0.00663792947 -0.0314387642 0.00991685875 0.0216717944 -0.0203418676 0.0283009969 -0.0193485301 0.0228518024 -0.0347575136 0.00549605163 0.00196897518 -0.0143085718 0.0114516113 -0.0146932835 0.0596914813 -0.000672068447 0.0367911607 0.0468700565
0.0400005318 -0.0304377526 0.0380351692 0.0293943584 0.00832975842 0.0460271388 0.00983752217 0.0341801792 0.0514758155 0.0239407904 0.0134411091 0.0490556285 0.0534780584 0.0196101051 0.0156983696 0.0286925957 0.00767074712 0.0668324977 0.00881606434 0.018381346 0.00270877592 0.00225569773 0.0178626645 0.025030259 0.0394052751 0.0569006614 0.033682704 0.0450279452 0.0213136189 -0.0188334864 0.0601912215 0.0733428895 0.0623508468 -0.0269720089 0.0217529964 0.0254599079 -0.0013175942 0.0147447707 -0.0104695177 0.0242507197 0.0656188428 0.0382864848 -0.0493093655 0.0294625647 0.0346363001 0.0246321782 0.0264633484 0.00585813168 0.0215613041 0.043819733 0.00101784454 0.0449589938 0.00168703124 0.0402568318 -0.0194467846 0.0220147669 0.0164401419 0.0116103841 0.0220665336 0.014197411 0.0933959335 0.0231230594 0.046219781 0.0467369519
0.05106204 -0.0351889543 0.0400192812 0.0313515626 0.00191259664 0.0495587923 0.00280061457 0.0275570564 0.0623807125 0.0175857786 0.0112457126 0.04306335 0.0392040275 0.0325136296 0.0135264341 0.0112243835 0.00757803349 0.0518799052 0.00928048231 0.0307852626 -0.00175286271 0.000378398225 0.00600633584 0.0273078419 0.0519582964 0.0644966811 0.0444953069 0.0361045823 0.0218913984 -0.0202881843 0.0472277254 0.0581384785 0.0546891019 0.0104851024 -0.00334873237 0.00337926392 -0.00133834966 0.0280087534 -0.00531686191 0.0338660106 0.0627146438 0.0473955087 -0.0406559408 0.0332018062 0.035412319 0.0269257054 0.0132372621 -0.00684575643 0.0457623526 0.0532646105 -0.0136199705 0.030155113 0.00439391658 0.053982228 -0.0167766642 0.0180487651 0.0132761216 0.00907034054 0.020962745 0.0380974486 0.0791735128 0.0332985781 0.0528252125 0.0470950603
0.0238136444 -0.0248226635 0.0317466892 0.0256236643 0.0123031801 0.0324798524 0.00342278555 0.0273723621 0.05325564 0.00650932733 -0.00138964504 0.0464890003 0.0432787016 0.0139962658 0.00727250334 0.0137732122 0.0145184491 0.0533344448 0.0173753239 0.0126607483 3.85819003e-05 -0.00410949904 0.00718194619 0.0402984098 0.0394296162 0.0672053397 0.0398826301 0.0442593768 0.0135022961 -0.0115498574 0.0508347899 0.0554071814 0.0532386154 -0.0209428985 -0.00717494451 -0.000255153514 0.00451355148 0.0378077962 -0.0217531864 0.0156731363 0.0655486509 0.0384199768 -0.0605691522 0.0364543833 0.0286313966 0.00156089012 0.0123966392 -0.00627082074 0.0465133227 0.0498806983 -0.0416513719 0.0293635875 0.00434614532 0.0374091566 -0.0209391806 0.0300119184 0.024402611 0.00825262628 0.0154647753 0.0140448799 0.0781926066 0.0206130743 0.0466980189 0.0535464585
0.0349079035 -0.0263015181 0.0307270363 0.0260847118 0.00858149864 0.0318247788 0.0143823372 0.0326623283 0.0361910127 0.0120247668 0.0200957768 0.0389302 0.0393482037 0.0152120925 0.0226676092 0.0151298475 0.0125151407 0.047558751 0.00858855341 0.0309845097 0.0124109769 -0.00934613403 0.00784421712 0.0388813168 0.0376940668 0.0702471882 0.0495193414 0.0394487269 0.0106704161 -0.0194196198 0.0619414598 0.0607418716 0.0648700073 -0.0243211277 0.0187694337 0.00856953301 0.00378249772 0.0262523647 -0.021526508 0.00904423743 0.0606709197 0.039174296 -0.0492267758 0.0274428539 0.0291038714 0.013187591 0.0196211897 -0.00136200059 0.0324821174 0.0556270629 -0.0131813958 0.03025808 0.0146919601 0.0464987941 -0.00797177013 0.0352235325 0.0178139061 0.0171059724 0.0250309147 0.0179610122 0.0695380718 0.00732135493 0.0482456721 0.0535969995
0.0604968965 -0.027587831 0.0560653657 0.039594762 0.0326048322 0.0576535538 0.0331962593 0.0461399183 0.0532693006 0.0224044081 0.0298011452 0.0561874509 0.0474918298 0.0287675392 0.0303606018 0.0266794525 0.0152412457 0.074785307 0.010490587 0.0302356165 0.0137787275 0.000170055777 0.0178199448 0.0344191194 0.0535704866 0.0732334778 0.061030563 0.0444946475 0.0244095512 0.00520946272 0.0614654049 0.0830937326 0.0637998357 -0.00240382925 0.0246214364 0.0208032988 0.0175907649 0.0470776334 -0.0220346786 0.0198804215 0.0681889951 0.0383664444 -0.0327343307 0.0287863538 0.0398931503 0.0438726395 0.0266342796 0.0202045199 0.0372772776 0.0864717513 0.00030876114 0.0451566502 0.0207903907 0.0635458604 -0.000666419975 0.0456368513 0.0180167295 0.031616345 0.0320141651 0.0444485322 0.0937921107 0.0409032367 0.0541823208 0.0646271259
0.0362936556 -0.0433984473 0.0347709693 0.0363197476 -0.00602716208 0.0453477353 0.00306555815 0.0357398689 0.0466500446 0.00811985042 0.00134546123 0.0446949005 0.0310516637 0.0117889987 0.0116257546 0.00802207924 0.0108139282 0.0544584766 0.00632650219 0.0240557995 0.00180317368 -0.00180297904 0.0151769016 0.0339757353 0.0465711802 0.0621313602 0.0422309302 0.0360459834 0.00817687344 -0.0190082099 0.0521480292 0.0584284887 0.0452365726 -0.0212858431 0.00324286893 0.00407780334 0.0144129116 0.0249546394 -0.0203571636 0.0206202492 0.0436616242 0.0417661332 -0.055782333 0.0286899414 0.0358835608 0.00919798575 0.0184260402 -0.0109172491 0.0361381508 0.0504035056 -0.0155461188 0.040193826 0.00510685332 0.0528711751 -0.0195558742 0.018532902 0.0223354548 0.00573772099 0.0224565491 0.0214241222 0.0730118155 0.0153572839 0.0576022454 0.0526618734
0.0042275833 -0.0661138371 -0.0179575272 0.00763347838 -0.0214448012 0.00282536075 -0.028427422 -0.0237934925 -0.00452319952 -0.00113597047 -0.0398866944 0.00656294636 0.00783787481 0.00219085533 -0.0227969121 -0.0142634353 0.00524485577 0.0237572677 -0.0421532802 0.00234829076 -0.0580391511 -0.0276508108 -0.00830366649 -0.00904048886 0.01882126 0.0147322072 0.0259263646 0.00174109545 -0.0152234491 -0.0779896006 0.0412807725 -0.00106940512 0.021188179 -0.0433503911 -0.0542501584 -0.0414714254 -0.0245608371 -0.0165991411 -0.049223654 -0.025091175 0.0216749199 0.0113134328 -0.110030122 -0.00730220973 0.00188210513 -0.0293908641 -0.0286781527 -0.0336709917 0.0056822896 -0.00785741303 -0.0386072211 0.00853721518 -0.0450960919 -0.00445190351 -0.0460225455 -0.0120756999 -0.00912771095 -0.0422541834 -0.0109171197 -0.0235581491 0.0368964076 -0.0117925033 0.0222076979 0.0188196171
-0.00180066377 -0.0557913594 -0.0156633463 -0.000538505148 -0.0283944644 0.00145930704 -0.0227598026 -0.0132185211 0.00997089688 -0.00460661203 -0.0380974226 0.0095984824 0.00480116159 -0.0137862153 -0.00662969146 -0.0190001354 0.00424001552 0.0281374957 -0.0268135145 -0.00176156498 -0.0369450152 -0.024652686 -0.0152881863 0.0187835079 0.00840709917 0.0133552318 0.00110096671 0.0160021689 -0.0144626722 -0.0541247874 0.0390370712 0.028006319 0.0235960782 -0.0557003245 -0.0119324308 -0.0265784971 -0.0186356027 -0.0134621151 -0.054448951 -0.00820245221 0.026496198 0.0136243664 -0.09146595 -0.00238054991 0.00846112333 -0.0348913483 -0.014559241 -0.0206090119 -0.00257705012 0.00790462177 -0.0248603746 0.0110607799 -0.0276938416 0.0138075743 -0.0344374031 -0.0112984292 -0.00289990939 -0.033940278 0.00974372402 -0.0440775193 0.0491860881 -0.0314622968 0.0292864479 0.0228748992
0.0333449356 -0.0485059582 0.0218363702 0.0292751715 -0.00520720705 0.0352072194 0.00285298005 0.0244522467 0.041222468 0.0140471384 -0.00868307799 0.0399771407 0.0378355384 0.0166630987 0.0137333237 0.021317957 0.014945697 0.0452590734 -0.00353824673 0.0282847751 -0.00491383485 -0.00752185099 0.0148744769 0.0147455307 0.0399523452 0.0492503121 0.032501895 0.0352864005 0.00889800303 -0.0162172765 0.0582590923 0.0474134125 0.0473782718 -0.0302551184 -0.0044306796 -0.00451641763 -0.00405140035 0.0136570539 -0.0274806134 0.0251562614 0.0514187142 0.0411100909 -0.0537061282 0.0205421895 0.019717671 0.0156388916 -0.00185919693 -0.000766847748 0.0221233647 0.0409089923 -0.00540112564 0.0373141244 -0.00336102955 0.0306421556 -0.0207517203 0.0219759624 0.00498252455 -0.000182379037 0.013923306 0.00671853125 0.0725439638 0.0162718631 0.0506989211 0.0439113006
0.0585230924 -0.0261276364 0.040584024 0.0461679325 0.0103503317 0.0598926693 0.0303450637 0.0574889109 0.0637630895 0.00346312672 0.0150952376 0.0543806106 0.0630265772 0.0261511393 0.0255168378 0.0263649859 0.0214635022 0.0639644861 0.0136119034 0.0311386716 0.0183907375 0.00987926871 0.033384528 0.0620304979 0.0597948804 0.0934191123 0.0525624752 0.0476893224 0.022220362 -0.00810167007 0.0739362687 0.0695331544 0.0679143593 0.000215269625 0.0174427684 0.0242529362 0.00845741853 0.0435145125 -0.00209850166 0.0206233226 0.0781567097 0.0477153547 -0.0274806879 0.0485857725 0.0444645658 0.0292298477 0.0439448729 0.00544473529 0.0437025689 0.0692037195 -0.0184969269 0.0457964316 0.0221806206 0.0615534559 0.00218686275 0.0360191762 0.0272438042 0.0368180834 0.0362526327 0.033073172 0.097514309 0.0388371497 0.07122235 0.04912512
0.0282735378 -0.0338022821 0.0289338846 0.0238299351 0.00182392914 0.0333076641 0.013851882 0.0192644708 0.0301346742 0.00879130792 -0.00546677597 0.0292669088 0.0348452404 0.0121339746 0.00818366744 0.00606829487 0.00291539449 0.0565240309 -0.00588766672 0.019384034 -0.0120406002 -0.00720783509 0.00500479154 0.0203670114 0.0367340073 0.0534839779 0.0479861461 0.0270416476 0.00627167849 -0.0360449478 0.0644646883 0.0510366186 0.0476241969 -0.0247226898 -0.00598011166 0.00416745571 -0.00590312015 0.0208768807 -0.030221045 -0.00677301548 0.052164223 0.0314544998 -0.0631726608 0.0184162594 0.0262468178 -0.00755279092 0.0198852457 -0.0191886034 0.0271043722 0.040386755 -0.036736995 0.0207143035 -0.00100713223 0.023647245 -0.00564427022 0.00721171452 0.0048668934 0.0049397652 0.0165510084 0.00742470566 0.0787762627 0.0102763362 0.055516623 0.0431194231
-0.0111544002 -0.069568634 -0.0169745609 -0.0174815021 -0.0386286341 -0.0191366002 -0.0468272381 -0.037752457 -0.0157453213 -0.0115463026 -0.0561833382 -0.0166022852 -0.00521316845 -0.00667277817 -0.0209191907 -0.0442878008 -0.0150076626 0.00113870203 -0.0619543791 -0.00835608132 -0.0776009411 -0.03520694 -0.0319731869 -0.0334944651 -0.00405585766 -0.0186560545 0.00842897035 -0.00621430203 -0.02237368 -0.0842283443 0.0304694995 -0.0135644991 0.00900522899 -0.0443470702 -0.0669160485 -0.0470588356 -0.0418219343 -0.042443078 -0.0615693405 -0.0289041921 0.00432811864 0.00877824333 -0.105777994 -0.0144046023 -0.00233135838 -0.0442411713 -0.0227256604 -0.0552849621 -0.0115111601 -0.0231112968 -0.0396408886 -0.010143348 -0.0433740206 -0.0159454662 -0.0490119606 -0.0375362262 -0.0174229089 -0.057104364 -0.00872441381 -0.0409184955 0.0202863552 -0.0371105634 0.00778756849 0.024594292
0.0292186029 -0.03944657 0.0397950411 0.0304423608 0.0304262768 0.0280066803 0.00526540261 0.0152067337 0.0305580273 0.0199527163 0.0111393481 0.0420723297 0.0370276235 0.0154388156 0.00875605643 0.0228812043 -0.00239728019 0.0844817609 -0.00606295653 0.0186946429 0.000513141975 -0.00844093319 0.0190380905 0.0337802842 0.0364166573 0.0617872626 0.0405332744 0.0387125015 0.00586230215 -0.0234049689 0.0611997917 0.0569391362 0.055011645 -0.0179459862 -0.00189995952 -2.90069729e-05 0.0205485597 0.0340422094 -0.0193989184 0.00798550434 0.0575564168 0.0384211801 -0.062335968 0.0175082162 0.0390491635 0.00420541782 0.0143651962 -0.00994997844 0.0336184911 0.0561295748 -0.0412507206 0.0168223884 -0.00180952251 0.0344106145 -0.0138118379 0.0282053575 0.00933265686 0.00179125718 0.0326464549 0.00732800178 0.0840756074 0.0243614074 0.0555752814 0.0307381582
0.026279971 -0.0464195013 0.0226767231 0.00840836763 -0.0140659437 0.0108603332 -0.00575254485 0.0163700059 0.0345543437 0.00831233244 -0.00744271837 0.0178260356 0.0210389569 0.0160140749 0.0114659471 -0.00419737957 -0.00809839927 0.049324479 -0.0105303824 0.0197786037 -0.0104968557 -0.0208790842 -0.00928696897 0.0245048366 0.0263212807 0.0378472134 0.0357679129 0.029238645 -0.0110722892 -0.0366441831 0.0313950963 0.0398385897 0.0541087165 -0.0350825302 -0.00641100854 -0.0284133721 -0.0107656308 0.000816689455 -0.0340296961 0.0119146155 0.0388852209 0.0265307464 -0.065006651 0.0119930543 0.0304560903 -0.00892746542 0.0203221738 -0.0154399248 0.00865999423 0.0399710722 -0.00524172839 0.0307704508 -0.00531088747 0.0292917266 -0.0201745741 -0.00108365156 0.00135639682 -0.0120481839 0.019587215 -0.00492176134 0.06934385 0.00712626986 0.0277168546 0.0523411371
0.0348748937 -0.0254433323 0.0219073817 0.0343461633 0.00208457001 0.0387137309 0.00415077992 0.0187443532 0.048023276 0.0212949738 -0.00148045179 0.0353905633 0.0346733369 0.0176170096 -0.00123846601 0.0217335261 0.012574397 0.0715539083 0.0104900869 0.0189876836 -0.00741386414 0.00341566931 0.00299764331 0.017181484 0.0354109257 0.0556730777 0.032988105 0.0352376774 0.0184818339 -0.0255723651 0.0475307517 0.0497144759 0.0510604158 -0.0160764437 0.00450083241 0.014498313 -0.00433870777 0.0143026961 -0.0307996031 0.0131678591 0.0586738065 0.0274913087 -0.0538554378 0.0121664144 0.02444629 0.0147937164 0.0214183591 -0.00375929778 0.0313204862 0.0441429093 -0.0172633789 0.0297853164 -0.00827398896 0.0354426503 -0.0267554615 0.0309143383 0.0103113158 0.00656387256 0.0190533195 0.0105437115 0.0918688029 0.0149080511 0.0506431162 0.0491616353
0.0585034229 -0.0222589672 0.0549333394 0.0547748245 0.00884158164 0.0706676841 0.0339605547 0.0645080656 0.0791857168 0.0223754663 0.0247493573 0.0740509778 0.0592668131 0.036510691 0.0303414799 0.0366209745 0.0270614084 0.0883941427 0.035772033 0.0318556204 0.0343524143 0.0130693037 0.0383881629 0.0605921969 0.0697919726 0.0798527151 0.050996393 0.0575260743 0.0209348463 0.000808068784 0.0775618032 0.0798510164 0.0631372631 0.00391669851 0.0286793485 0.0193055943 0.0264480934 0.0610259324 -0.00433486281 0.0338553078 0.0791756511 0.0478476733 -0.0261246171 0.0445108451 0.055799894 0.044575423 0.0405866653 0.00878095161 0.0447595343 0.0779852197 -0.011279718 0.0389711484 0.011135282 0.0764395297 -0.00538588502 0.0528993979 0.0318495296 0.0289940406 0.0349911302 0.0435648263 0.1127913 0.0560272522 0.0721060932 0.0499486849
0.0125692235 -0.0611464046 0.00516973296 0.00728441123 -0.0221152902 0.00154816615 -0.0354596376 -0.00853322819 0.00745472731 -0.000849736854 -0.0337530375 0.0094991466 0.000435112044 0.00692947116 -0.00271421857 -0.0177900903 -0.00544934627 0.0232566334 -0.03660978 0.00591181684 -0.0406068303 -0.0286045242 -0.0223312378 -0.0152618354 0.0159808304 0.0176353622 0.0248882622 0.0099948626 -0.00878167897 -0.0570562631 0.0273581296 0.0107802991 0.0244910717 -0.0446553752 -0.03615354 -0.0262432154 -0.0263421256 -0.0129738189 -0.0498750769 -0.0100882892 0.0167048275 0.0212800931 -0.0794726163 -0.00333929062 0.00731486548 -0.0215774532 -0.0124689881 -0.0320743769 0.0136150718 0.0163862761 -0.035819672 0.011857938 -0.0196036026 0.00629321625 -0.0285052191 -0.0227404274 -0.000591794029 -0.0301924348 0.00156270154 -0.0302687809 0.0422830917 -0.011696985 0.0351176597 0.0391210876
0.0322535783 -0.0384369455 0.0247713178 0.0176302064 -0.00966227613 0.0303286277 -0.00206001662 0.00726882741 0.0255415533 0.0083981147 -0.014114812 0.0209516641 0.0248182751 0.020377364 0.00744146481 0.01182325 0.00892429147 0.0450767353 -0.0132254828 0.00983434729 -0.0176774208 -0.00827340595 0.000746659935 0.0140940435 0.0366926901 0.0517025292 0.0375505425 0.0206835382 0.0177462157 -0.023254225 0.0568681173 0.0436120629 0.0507198572 -0.0327711143 -0.000822279602 9.90470871e-05 -0.0144219901 0.0217434801 -0.0317824297 0.00122533552 0.0487633124 0.0316629931 -0.0542152524 0.00945518166 0.0319870971 -0.003411802 0.00509927468 -0.00798022933 0.0198406633 0.0398989841 -0.0182428472 0.0256702639 -0.00472292677 0.022572726 -0.00908652972 0.00485606212 -0.000344160013 -0.000205477234 0.00988133159 -0.00071289856 0.0866777152 0.00909950398 0.0363859832 0.0436733812
0.0144293075 -0.0713794082 0.000149928499 0.0106617669 -0.0235867538 0.00648424821 -0.00880940538 -0.00618223567 0.0039078733 -0.00405705813 -0.0179166328 0.022830084 0.00818055402 0.00842891261 -0.00760886399 -0.00357265212 0.00682370365 0.027492024 -0.0287811719 0.015861202 -0.0293191001 -0.0165829118 -0.000957629643 -0.0040001506 0.0289996415 0.0219462737 0.0180130862 0.0127788391 -0.000862555229 -0.0439824089 0.0505350456 0.03863924 0.0333011448 -0.0447410345 -0.0148765836 -0.0142373722 -0.0259894691 -0.0096497722 -0.0351675563 -0.00567750633 0.0360963754 0.0194662567 -0.0932338387 -0.000635329634 0.000839569606 -0.0195846763 -0.0160233527 -0.0208055191 0.0124924388 0.0141508821 -0.018782923 0.0245855618 -0.0187375695 0.00412862189 -0.0340437032 -0.00395449251 -0.0050765425 -0.0340186097 0.00154070463 -0.0181471594 0.0507897288 -0.00747467577 0.03747572 0.0327049382
-0.03451287 -0.110028028 -0.0372343063 -0.0307286605 -0.0475092791 -0.0513642803 -0.0815851167 -0.0639654845 -0.0339196995 -0.0273874514 -0.0832507536 -0.0239842106 -0.0311433449 -0.0111353984 -0.0369509757 -0.0688746795 -0.032487426 -0.0093270503 -0.082768999 -0.0251464508 -0.0905867368 -0.0556941628 -0.0472111478 -0.0452409014 -0.0221871994 -0.0536756516 0.00161669031 -0.0292093307 -0.0431134775 -0.0991666019 -0.00541872159 -0.0388771668 -0.0133476928 -0.0711554289 -0.101832815 -0.0746827424 -0.0529941358 -0.0401587598 -0.0720639005 -0.0480619706 -0.0159926973 -0.000325355679 -0.131805509 -0.0604499392 -0.00971326791 -0.0921365917 -0.048414059 -0.0885205567 -0.0199015066 -0.0341859497 -0.0742374659 -0.0239252839 -0.06520845 -0.0466036275 -0.0664844662 -0.0696803108 -0.0368657559 -0.0950290859 -0.0150498087 -0.0671283528 0.00848498195 -0.0454810485 0.00885034166 0.00958717056
0.0310008507 -0.0333286412 0.0402256399 0.0171573441 0.0049345633 0.0338822231 0.0116591314 0.022000365 0.0248061921 0.0152137689 -0.0127463927 0.0405642837 0.038494762 0.0259364843 0.0131995119 0.0317416526 0.00559411477 0.0741018504 0.000400991878 0.0151472166 -0.00249519013 -0.00660701841 0.0102002043 0.00621304195 0.0395756885 0.0618237108 0.0302387923 0.0393574499 0.00470588962 -0.0161472633 0.0534403436 0.040180169 0.0437717512 -0.0198423956 0.000940108672 0.0113321524 0.00128554739 0.0219318923 -0.0174375195 0.000499365851 0.0510930121 0.0301190913 -0.0560659543 0.00715710223 0.02614085 0.0169290435 0.00912424643 -0.0125759253 0.0178308412 0.0394429564 -0.0248239078 0.0202642269 -0.00409347937 0.029290447 -0.0228869207 0.0275631826 0.0115738157 6.82426617e-06 0.0248790048 -8.18520784e-05 0.0813270062 0.0204922799 0.0380639695 0.0481653288
0.0484477878 -0.0155534633 0.0488825291 0.0420864932 0.0298766196 0.0635718927 0.0310060102 0.0603012964 0.0622249544 0.0223861784 0.0233977474 0.0669071227 0.0564412177 0.0274688844 0.0241172537 0.0278194472 0.0254225787 0.0671975985 0.0258242469 0.033828564 0.019833846 0.0136687737 0.0282375105 0.0657136589 0.064366594 0.0921670198 0.0456312709 0.0470533483 0.0261989012 -0.00295638666 0.0741168261 0.0788260773 0.0557342544 -0.00748673826 0.0336283296 0.0218483489 0.0262468979 0.0485515967 -0.000912652351 0.0329051167 0.0776902288 0.0469736978 -0.0423794389 0.0581828989 0.0473180637 0.0372450873 0.0250408575 0.0161615647 0.0524201319 0.0690956265 -0.00774652278 0.0451811776 0.0153420847 0.0621691383 -0.00482026115 0.0506875068 0.0396100059 0.0394071117 0.0388679616 0.0206806045 0.0984119028 0.0329085477 0.0691099241 0.0514713228
-0.00347270537 -0.0831690282 -0.00142265484 -0.0106435269 -0.0295549762 -0.0168905277 -0.0421004333 -0.0320901312 -0.00249660946 -0.016456848 -0.0574938469 0.0012408304 0.000106485561 -0.00987111405 -0.0222573802 -0.038114626 -0.00867034681 0.0211242195 -0.0481357649 -0.0114296004 -0.0539864749 -0.0303045977 -0.0212942641 -0.0189666003 0.00456314534 -0.00732872449 0.0132852113 -0.000422830693 -0.0268267076 -0.0631535575 0.016996678 -0.000762450509 0.0170627385 -0.056377057 -0.0633696988 -0.0269328244 -0.0206745975 -0.0255196076 -0.049166996 -0.0205120835 0.00399987213 0.00991199911 -0.110569701 -0.0150873959 0.00993157551 -0.0524628796 -0.0241136998 -0.0480814651 0.00240322482 -0.00819157436 -0.0537285246 0.0013478715 -0.0468449928 -0.0128246397 -0.0497165695 -0.0375110283 -0.0116368849 -0.0595831051 -0.00566289667 -0.0446086079 0.04188326 -0.0163891204 0.0254639164 0.026786644
0.0769387484 -0.00625508558 0.0603505298 0.0536974519 0.0231287554 0.0627180487 0.0305187777 0.0654319301 0.0717148483 0.0187199153 0.0281323511 0.0530559793 0.0641809776 0.0325200222 0.0277526975 0.0327746607 0.0189703871 0.0720098317 0.0248714834 0.0335550755 0.0286211818 0.019434154 0.013125035 0.0630657226 0.0686732456 0.0931718647 0.061827112 0.0555047467 0.0370041691 0.00248658704 0.0701924041 0.087142311 0.074905768 0.00629869848 0.0327269956 0.0314145871 0.0101426728 0.0564530566 -0.00968026184 0.0377637818 0.0852872878 0.0479833446 -0.0141313532 0.058694832 0.0598302893 0.0480655283 0.0418714955 0.019466076 0.0515831374 0.0914009064 0.000678998942 0.0470383316 0.0365274884 0.0766973495 0.00335737597 0.052043058 0.0292763915 0.055477351 0.0310444739 0.0410366096 0.109208427 0.0448920056 0.0623242445 0.0656768233
0.0403553732 -0.036387492 0.0300490409 0.0401726775 0.0102183539 0.0410577469 -0.00280335173 0.0283140168 0.0552002937 0.0122535406 0.00741307437 0.0513465703 0.0429281108 0.0100490125 0.00897447206 0.0161165707 0.00573743181 0.0522551276 0.00717035215 0.0169894174 0.000224946067 0.00596334133 0.0097188754 0.0360890813 0.0475647822 0.0618548468 0.0408688672 0.0381839313 0.0278637242 -0.0172239244 0.061293371 0.0620263964 0.057422433 -0.0171557646 0.00388646312 0.00997509155 0.00795169268 0.0348549113 -0.0181867704 0.0187923256 0.0689931959 0.0440590903 -0.0610962361 0.0440875366 0.0333293602 -0.00411764625 0.0116894711 -0.00932646357 0.0471630767 0.0587832779 -0.0283503085 0.0221815426 -0.000485245138 0.0510552749 -0.0171290934 0.0185952205 0.0158633646 0.0137479641 0.0184735674 0.00724949269 0.0889799744 0.0221856888 0.0662771687 0.0373714715
0.00862106588 -0.0638291538 -0.00775264343 0.00213452941 -0.0139613319 0.00583200622 -0.00534615107 -0.0156125855 0.00633936189 -0.00163512491 -0.0419226438 0.0025630435 0.00884737074 -0.00343463384 -0.00955394469 -0.0201576073 0.00620153639 0.0310573876 -0.0349576958 -0.0046809027 -0.0570435449 -0.0246622339 -0.0204976611 -0.00961174816 0.0185097978 0.0235959534 0.0259567909 0.0144984983 -0.0165631995 -0.0584327355 0.0387203619 0.0124206329 0.0260732137 -0.0432545058 -0.0439143367 -0.0353612043 -0.017248923 -0.0147585543 -0.0515559502 -0.00485736132 0.012438857 0.0222500619 -0.104998469 -0.00166329369 0.0205730647 -0.0135362968 -0.0150456652 -0.0236514919 0.0122650014 0.018411031 -0.0348784253 0.0253031217 -0.0259104017 0.00133718853 -0.0330365002 -0.00726490607 -0.00719946716 -0.0369941257 -0.000538304448 -0.0116033871 0.039850723 -0.0115494551 0.0136946645 0.0351252146
0.0115558784 -0.0640557036 -0.00775599992 0.0150353815 -0.00783870369 0.0156671703 -0.0168469846 -0.00770408753 0.0183783248 -0.00385362003 -0.0247402992 0.0113664437 0.00509303436 -0.00511050131 -0.0122374911 -0.0146574099 0.00969624333 0.0317491367 -0.0342448242 0.0103926463 -0.0450842679 -0.0245074723 -0.00479048304 0.00636013225 0.019843027 0.0299863555 0.017895218 0.0115900021 -0.00410754187 -0.0464367419 0.0369200706 0.0336234607 0.0298380852 -0.0458274968 -0.0224801004 -0.0218276549 -0.00724507216 -0.00926389731 -0.0421063788 -0.0054263901 0.0235640667 0.0247782189 -0.106996343 0.00645019487 0.0164227802 -0.0293348543 -0.0237678625 -0.00977165531 0.0300797708 0.0156323854 -0.032387007 0.0161810704 -0.0254369155 0.00616521016 -0.0303394962 -0.000827878714 -0.0102849202 -0.0371043943 0.00558134168 -0.0159383845 0.0526024736 -0.00682772789 0.0255643539 0.029755719
0.0630620643 -0.0204377007 0.0467102751 0.0469679199 0.0138307326 0.059742365 0.0302822981 0.0458649993 0.0576253235 0.0183284171 0.0359012894 0.0493183061 0.0542866439 0.0217112266 0.0139655164 0.024764955 0.017911911 0.0630572736 0.0129470769 0.030007571 0.0143239256 -0.00507787615 0.0124681043 0.0341682285 0.0508206114 0.0727085322 0.0606304146 0.0446809903 0.0294297412 -0.00438928232 0.0554545969 0.0822191313 0.0765044317 0.00747788977 0.0156956166 0.028899502 0.00684430171 0.0449169204 -0.0140429661 0.0296261664 0.0712704659 0.0415331423 -0.0341034271 0.0368849486 0.040260084 0.0313467197 0.0322185457 0.00993474014 0.053460665 0.0685578138 -0.0103084855 0.033701051 0.0135455569 0.0617844239 -0.000738766044 0.0429477543 0.0190693326 0.0235683136 0.0207528882 0.0518205538 0.0917042345 0.037468642 0.052233953 0.0688712597
0.031563472 -0.0542387143 0.0317035727 0.0166519638 -0.0122308331 0.028448578 -0.00352089852 0.0163060296 0.0345928557 0.00651360117 -0.0183059778 0.0337347239 0.0284160152 0.0141618913 0.0105166864 0.00616109744 0.00584798539 0.0552731007 -0.00941791479 0.0103066256 -0.00415359624 -0.00489341049 0.00736031588 0.0114332438 0.0418355241 0.0417111516 0.0349876061 0.0296818316 -0.00782700162 -0.0312022977 0.0437872447 0.0400100946 0.0390803218 -0.0294906478 -0.00813066587 -0.0110875061 -0.00630654488 0.0134281423 -0.0307186376 0.011186501 0.0444710888 0.0274828374 -0.0617862307 0.00970773026 0.0245494377 0.00814513676 0.00954287313 -0.0223318487 0.0195120461 0.0318670273 -0.0143543743 0.0408588536 -0.0104426611 0.033012867 -0.029005589 0.00644111447 0.00558498036 -0.0080307778 0.0215566196 0.00816111173 0.067222707 0.0165399108 0.0502073206 0.0507477298
0.0314890742 -0.0360475965 0.0421293117 0.022432927 0.0202090293 0.0406539477 0.0228448417 0.026249025 0.0259374846 0.0193592757 0.00825298298 0.0512290746 0.0447816029 0.00979769137 0.00441930071 0.00862898491 0.00859786384 0.0639052615 -0.00283424975 0.0164430887 -0.0115850661 -0.00866148248 0.00925257336 0.0205827542 0.0357526429 0.0520065129 0.0463257283 0.0337930806 0.011942951 -0.0169594679 0.0501573011 0.0612292811 0.0593054108 -0.0290381704 0.00521911494 0.0169428252 0.0065128915 0.0210423712 -0.0162333809 0.0108945295 0.0536321774 0.0366247371 -0.0590823963 0.0181335248 0.0326986536 0.00478177052 0.0190801676 -0.0140384408 0.0309987441 0.0538595282 -0.0208147969 0.0426774547 -0.00103473291 0.0449583977 -0.0122629767 0.0109228566 0.00359039754 0.00524133397 0.021114707 0.00955141243 0.0899111629 0.0198759641 0.0508359 0.0499953479
0.0531728417 -0.0347839519 0.0413458459 0.0340920873 0.0123414444 0.0316622928 0.0258027017 0.0269723125 0.0488044545 0.0115156397 0.00379858632 0.0329752937 0.048350513 0.0173675995 0.0111497827 0.0211877842 0.00769071467 0.066174604 0.000677843229 0.0145713678 0.00289093331 -0.000588539056 -0.00103330519 0.0258971471 0.0480665267 0.0741386563 0.0564323515 0.0432966352 0.0192670878 -0.00679586409 0.0574838109 0.0512627326 0.0604029298 -0.0175381415 0.00216629729 0.0237044096 -0.00169064756 0.0346206501 -0.032448817 0.0177716706 0.0499843359 0.0441180468 -0.0391313285 0.0258660205 0.0492324084 0.0254406109 0.0277115144 -0.00371950399 0.0368827656 0.073149085 -0.0185118429 0.0295895599 0.019664526 0.0468340218 -0.0130391652 0.0277051348 0.0129405912 0.0230898224 0.0178138297 0.023055736 0.0857150182 0.0288768578 0.0470738038 0.0632102638
0.0384375639 -0.0488673113 0.0406302959 0.0348457135 0.003652215 0.030612696 0.00132823922 0.0316746831 0.0414971784 0.00686106179 -0.00355233112 0.0476070642 0.0434238203 0.0168176256 0.00998568162 0.00879368 0.00328415912 0.0651307628 -0.00298367348 0.0197425839 -0.000372370705 -0.00325586833 0.0156469606 0.0222726297 0.0372952223 0.0492611639 0.0263971109 0.0436429121 0.00463392492 -0.00892041717 0.057444755 0.0504680127 0.049693469 -0.0222540703 0.00915245339 0.0215032529 0.0128840087 0.0216731559 -0.0121408878 0.0170713216 0.0422769859 0.0376963317 -0.0452270135 0.0253305789 0.0382243469 0.00930796005 0.0204187278 -0.000131171197 0.0246338546 0.051753968 -0.017213786 0.0295318402 0.0069467891 0.05098214 -0.0165868364 0.0237595383 0.0184248202 0.00370798633 0.0194059573 0.00811566599 0.0882612839 0.020574769 0.0612966716 0.0469548628
-0.00720029604 -0.0844735801 -0.0119992066 -0.00518657966 -0.0269233659 -0.0237218291 -0.030569274 -0.0311306529 -0.0125434492 -0.0104036219 -0.0536669232 0.000293863006 -0.00519071706 -0.00723695755 -0.0135384891 -0.0383103229 -0.00886829011 0.00578273833 -0.0573576614 -0.00870274659 -0.0594812036 -0.0348921604 -0.0251259245 -0.0215682127 0.00601639785 -0.00472384691 0.00272627547 -0.000782102346 -0.0292285252 -0.0710085332 0.0279918686 -0.00286225043 0.0202816613 -0.0613078438 -0.064745672 -0.0392560512 -0.028537076 -0.0241531972 -0.0539698489 -0.0150899291 0.00739435852 0.0108134411 -0.11480327 -0.0232052244 -0.00292644557 -0.0472726971 -0.0474153534 -0.0494371317 -0.000849430449 -0.00800042413 -0.0468085855 -0.00394045934 -0.0390397459 -0.0116298869 -0.0463750549 -0.0214241054 -0.0131546995 -0.0590508506 -0.00447360333 -0.0430931412 0.0115218777 -0.0275586117 0.0194663629 0.021904109
0.00915927161 -0.0500344522 0.0110584842 0.0200873781 -0.00735528767 0.0181220174 -0.00275026076 0.0110272663 0.0180542991 0.000573534518 -0.0202408843 0.0238342658 0.026221931 -0.00160308741 0.00359504065 0.00570626371 0.0156448688 0.0391179062 -0.0131289288 -0.00278522354 -0.0190156475 -0.0118325511 0.00562561397 0.012360489 0.0302931331 0.051054351 0.0241321102 0.0255248565 -0.0108316224 -0.0446475893 0.0391565412 0.0349009633 0.0348023549 -0.0486071743 -0.00682472996 -0.00576042198 -0.0103784166 -0.00439770939 -0.0374290682 -0.0018493738 0.0423259772 0.0220704861 -0.0808884352 0.00705821067 0.0112565225 -0.0179865733 -0.00892353989 -0.0229911748 0.0130246617 0.0310286544 -0.0294780992 0.0253944583 -0.00629309565 0.0132239331 -0.0282694679 -0.00381898694 -0.00339196157 -0.0170760676 0.0157890599 -0.0173583906 0.0631748363 -0.0014005471 0.0392668322 0.0302348081
-0.0108196298 -0.0764167458 -0.0338505059 -0.00471773976 -0.0229237303 -0.0123539343 -0.038738016 -0.0377524719 0.00797366071 -0.00959554501 -0.0596128777 -0.0102163637 -5.22825867e-05 -0.0188684277 -0.0212491937 -0.0293250941 -0.00763941184 0.0143441558 -0.047064811 -0.0221042205 -0.0655767843 -0.0368735082 -0.0265694521 -0.0194607116 -0.0040960256 -0.00179682672 0.01040891 0.00118053425 -0.0197315514 -0.0671267658 0.0288016908 0.00875497796 0.0159407929 -0.0509685129 -0.0562253334 -0.0393376537 -0.0318849944 -0.0222646482 -0.0656816363 -0.0222221129 0.0209107846 0.00570172584 -0.106880665 -0.0198025666 -0.000365151092 -0.0515410528 -0.0257464238 -0.0327565707 -0.0017305892 -0.00975004304 -0.0527502373 -0.00973120332 -0.0363784321 -0.0136443432 -0.0330021866 -0.0243936032 -0.0199353155 -0.0447891206 -0.00558214542 -0.0333783962 0.0369884558 -0.0276385657 0.0198876616 0.0236946717
0.0162547417 -0.0639813989 0.00722591346 0.015877476 -0.0364552215 0.0242746193 0.00185871124 0.00575926993 0.0154682938 -0.00891508628 -0.0278320815 0.0140349958 0.0138848573 0.00302972458 0.00742204627 -0.00554612279 0.0148614496 0.0169157647 -0.0129751973 0.010186065 -0.0299247112 -0.0151716322 -0.00630105101 0.00572922453 0.0354671404 0.0368133225 0.0230109021 0.0219561514 -0.00350663275 -0.0370652303 0.0507351533 0.0326797292 0.0221107081 -0.0358130746 -0.0164462347 -0.0261484161 -0.0143936723 0.000552242622 -0.0399442427 -0.00162094459 0.0291682482 0.0289347414 -0.0911788493 0.0103657171 0.00916145835 -0.00546570215 -0.0197526589 -0.0176674183 0.0175286885 0.0207949802 -0.0119411843 0.0259183757 -0.019554032 0.0166381374 -0.0356801674 0.00267850328 -0.00242620055 -0.0318502709 0.00877961516 -0.00366664398 0.0401737057 -0.0106393397 0.0332192183 0.0389242992
0.0174333118 -0.0525343344 0.00463279895 0.00704196887 0.00587530062 0.0144643011 0.00738854334 -0.0124619901 0.0357149392 0.00963108707 -0.0242485683 0.0151660684 0.0264372006 0.00175260194 -0.00464538857 -0.0119390469 0.0130890524 0.03422001 -0.0209115483 0.00866256654 -0.0340108797 -0.0273366719 -0.0105713662 0.00925168023 0.0174132977 0.0320701003 0.0397287458 0.0224443767 -0.00134533993 -0.029821841 0.0431627147 0.0350008644 0.0445401147 -0.0404305533 -0.0347969271 -0.0107217235 -0.0147038065 0.0130955968 -0.0471064672 -0.00242079236 0.0361357182 0.026484523 -0.0763709992 -0.0011087209 0.0201002229 -0.0240260921 0.00290866033 -0.0105612949 0.0315309465 0.0303876624 -0.0426370911 0.0156855993 -0.0129421819 0.0174622666 -0.0146676116 -0.00244233338 -0.00480800122 -0.0118179396 0.000799755566 0.0147188045 0.0655814856 0.00598975876 0.027478531 0.051990021
-0.0181560647 -0.0855251253 -0.0127666658 -0.0125436448 -0.0119012743 -0.02979967 -0.0357757211 -0.0415030792 -0.00661278982 -0.00327069405 -0.0504899547 -0.00452439766 0.00221113861 -0.00848157238 -0.0233998243 -0.0263003595 -0.0106467139 0.0322226882 -0.0488863103 -0.0173987113 -0.0549888983 -0.0406005494 -0.0139196757 -0.031311933 -0.00539527647 0.00194388721 0.00921478122 -0.00285854004 -0.0394518152 -0.0739011765 0.0166905615 -0.00087906234 0.0175577141 -0.0656675249 -0.0636401996 -0.0361243188 -0.026315162 -0.0228213165 -0.0507190004 -0.0309503917 0.0121775623 0.0054694009 -0.117451355 -0.0456779115 0.00220915116 -0.0648631677 -0.0301303193 -0.0506647155 0.00056301523 -0.0100568132 -0.0560873784 -0.0145822549 -0.0403662808 -0.0300423186 -0.0438822955 -0.0285690241 -0.0194194205 -0.0590628684 0.00872863736 -0.0337965749 0.0322881043 -0.0242949724 0.0233212207 0.0294168293
-0.00249772146 -0.0622409955 -0.00524785277 0.0183163136 -0.0256786458 0.0186954606 -0.0057412032 0.00312761101 -0.00508272648 -0.0223240517 -0.0225567091 0.0156911183 0.00262929685 -0.00988689624 -0.0205990169 -0.0155128557 0.00476961397 0.0366366729 -0.0200628452 0.00498119928 -0.0405791365 -0.0252836291 -0.0160618033 0.00469202176 0.0195198581 0.0311898049 0.0263224896 0.00698989583 -0.0131078931 -0.0529512763 0.0405818298 0.0205172226 0.0190699361 -0.0463303104 -0.0294469632 -0.0251642037 -0.0136777135 -0.0135989701 -0.0468864292 -0.0182160009 0.0258004665 0.0192487501 -0.104081541 0.000952836126 0.0209154561 -0.0222676639 -0.00913042668 -0.0269117039 0.0157327112 0.0144590046 -0.0274778605 0.0160101913 -0.0246261042 0.0160243921 -0.0397749394 0.00918303989 -0.00650136732 -0.037872754 0.0109665552 -0.0250114053 0.0526300222 -0.0249013472 0.0343498699 0.0388082191
0.0458786711 -0.0291068945 0.0223197602 0.0422005057 -0.00432141684 0.0497895591 0.0144890025 0.0408061109 0.0601521358 0.00434209872 0.00536148809 0.0528452955 0.0357347988 0.0156979114 0.0171101931 0.0182978921 0.0230677128 0.0500086322 0.0173990615 0.029793648 0.00582103524 0.00194625091 0.0197324883 0.0421242788 0.0452955514 0.0551676527 0.0409464389 0.0344548896 0.021779906 -0.0133955199 0.0589904562 0.0679219589 0.0529939234 -0.0171942636 0.0103299282 0.00226981193 0.0120008504 0.0333464369 -0.0185988247 0.025703501 0.0643289089 0.0420744047 -0.0452934951 0.0413186885 0.029897552 0.0163251478 0.0115083717 -0.00203489233 0.034327291 0.0518210605 -0.00971764885 0.0275523756 -0.000470418483 0.0527176782 -0.0208749566 0.0318599716 0.0253641568 0.0151560083 0.0224844739 0.0126522835 0.0906583443 0.0225010775 0.0646180958 0.0436122157
0.0029867962 -0.0719855726 -0.0165035333 -0.0105044981 -0.0401616059 -0.00071694795 -0.0280134361 -0.0223147944 -0.0141987763 -0.0140355835 -0.0426654182 -0.00562746171 0.0064482484 -0.0184399672 -0.00684112497 -0.0313419625 -0.00704267714 0.0242507625 -0.0452678576 -0.00636959262 -0.0652599111 -0.0428265072 -0.0224505439 -0.0217275415 -0.00149827823 0.00582338963 0.0235669538 -0.00106244534 -0.0252763443 -0.0736165643 0.0235737283 0.00319461897 0.0243346486 -0.0474260896 -0.0547230542 -0.0354292095 -0.0343279019 -0.0370228589 -0.0407814458 -0.0315539092 0.0157299694 0.00899374206 -0.109235182 -0.0132247023 0.00181495678 -0.043472372 -0.0176117867 -0.0430528894 -0.00517064333 -0.00869837031 -0.0342153311 0.0119634485 -0.0416195318 -0.00894279778 -0.0329022929 -0.0267943908 -0.0162488613 -0.0515613332 -0.000871237367 -0.0212557726 0.0410649553 -0.0261996631 0.015127819 0.0275824517
0.0166302361 -0.0564503074 -0.00314527424 0.0103807673 -0.0102734957 0.00900733471 -0.0160566829 -0.000738249393 0.0337884948 0.00309428852 -0.0185866393 0.0340551324 0.0284143966 0.00721014012 -0.00476098713 -0.00980386138 -0.000634816475 0.0366961099 -0.0200976115 0.00630146079 -0.0293987878 -0.0221391153 0.0072997096 0.0093219839 0.0122941267 0.0272429939 0.0247301068 0.0156093007 0.011158702 -0.0355748609 0.0384909585 0.0409290791 0.0310416706 -0.0317040943 -0.0204517711 -0.0101550696 -0.0173924789 0.00189484213 -0.0301058944 0.00272392854 0.0448338799 0.0237726122 -0.075375177 0.00413572043 0.0174034461 -0.0115618799 -0.000832117395 -0.0255268756 0.00545025617 0.00753665762 -0.0315887034 0.00129155745 -0.0264212303 0.017584227 -0.0338374302 -0.00174064934 0.00860988256 -0.0191101413 0.00522442535 0.00151565857 0.0718911365 0.00772158336 0.0390980765 0.0369640291
0.0608745739 -0.0232196096 0.0542298928 0.0510559417 0.0112046227 0.0626529902 0.0351325758 0.0642359555 0.0583916008 0.000920118764 0.0218202677 0.0474453233 0.0463783145 0.0211801026 0.0257910639 0.0217303503 0.019351922 0.0751413256 0.0216901228 0.0289617218 0.0227401815 0.0143963955 0.0257044341 0.0759764165 0.0674805716 0.0831334144 0.0586262457 0.0561196357 0.00644342415 -0.0114313578 0.0649882555 0.0841975361 0.0614263117 -0.00386255234 0.0300621018 0.00484425481 0.0241773184 0.0505364127 -0.0190156177 0.0235693082 0.0662512556 0.0425055474 -0.0480761714 0.0485747233 0.0580195189 0.0204542316 0.038713716 0.0186768118 0.0458132736 0.0957404971 0.00235530175 0.0557450876 0.028488446 0.0694281608 -0.000362336636 0.0399677902 0.0224930029 0.0253116563 0.0400093272 0.0354151353 0.091739431 0.0375205465 0.0628894195 0.0548963882
0.0421327241 -0.0282385461 0.0367057472 0.0266509745 0.00172344968 0.0419234484 0.0199929401 0.0364989638 0.0545173213 0.00579401199 0.0106923264 0.0434585512 0.0424123555 0.0136034703 0.0259964541 0.0179295223 0.012350684 0.0655434132 0.00578859681 0.0232385099 0.00622722134 -0.00087210536 0.00974722393 0.0396265872 0.0474504679 0.065014407 0.0390679091 0.0431897566 0.0128649687 -0.00708136056 0.0634780526 0.0475210845 0.0544505902 -0.0170759335 0.00933607668 0.00598000549 0.00100901909 0.028613247 -0.00997726247 0.0217777602 0.0548861548 0.0432825312 -0.0500373095 0.0337984115 0.0443463698 0.0158993546 0.0211933553 -0.00495933741 0.0364692211 0.0594539121 -0.0139585715 0.0399535671 0.00392994285 0.0517747551 -0.0197226908 0.0357766077 0.0147148846 0.0119049288 0.0302241836 0.0133449417 0.0864293054 0.0206156727 0.0511553213 0.0449608304
0.0788984448 -0.00671333726 0.0698923692 0.059656173 0.0383428298 0.0833449289 0.0552403182 0.0801206231 0.0872244686 0.0168751553 0.0436654352 0.0810465515 0.0662106425 0.0396175124 0.0449775457 0.0582472719 0.0312561616 0.0967993587 0.0515365973 0.0424106158 0.0629517213 0.028873181 0.0417678133 0.0881406665 0.0830747932 0.10660544 0.0666270033 0.076781787 0.0316743925 0.0348301679 0.082612142 0.108776048 0.0861757696 0.0194150731 0.0616687536 0.0317511447 0.0351803303 0.0784976035 -0.0027841134 0.0513045602 0.101210482 0.056030795 -0.0120489495 0.0610096641 0.0712414235 0.0615245774 0.0504818149 0.0414867736 0.0500698313 0.11770843 0.00953312311 0.0578507707 0.0444160476 0.0910952985 0.00265743397 0.0832553655 0.0318748541 0.0606013052 0.0447755605 0.0583091229 0.120543741 0.0658444688 0.0670869872 0.0642208159
0.080550991 0.00476575643 0.0774170607 0.0723007768 0.0442604758 0.101643786 0.0633194745 0.0892884731 0.102519557 0.0406359732 0.0700045526 0.0896513164 0.0748206526 0.0462303497 0.0456266329 0.0746054277 0.0363257676 0.100382619 0.0584528893 0.0560134128 0.0662766472 0.0150498413 0.0475887768 0.0925359428 0.0945275277 0.129432887 0.0812743083 0.0777894258 0.0510843359 0.031019628 0.0846544355 0.12353383 0.094566524 0.0280468334 0.0820240006 0.055466488 0.049470827 0.0880791694 0.000548209064 0.0410776287 0.1170571 0.0596001819 0.00205642544 0.0694777817 0.0717299208 0.0721150711 0.0608263761 0.0589108877 0.0614531264 0.126775548 0.0138149951 0.0797321051 0.0455832817 0.0935675204 0.0251484271 0.0731443614 0.0380551964 0.0763735771 0.0550302044 0.0746721476 0.13765496 0.0720779598 0.0836941898 0.0556627735
0.0484694913 -0.00551429577 0.0706303492 0.042758815 0.0364193991 0.0707845017 0.0393828265 0.0560865849 0.0680282414 0.0317335725 0.0290747304 0.063028276 0.0551257953 0.0474351197 0.0409687236 0.0406983383 0.0173779503 0.0904911533 0.0468449891 0.037446592 0.0225064307 0.0126771443 0.0147545952 0.0410967469 0.060930945 0.10067077 0.0552063249 0.0565912649 0.0234880056 0.00174571038 0.0661275238 0.0732793212 0.0668442696 -0.0054755304 0.0371522158 0.0351128727 0.0163074248 0.0371744707 -0.0102368016 0.0291876048 0.0755901486 0.0507029444 -0.0230983682 0.0410200059 0.0464754626 0.058001563 0.0494080037 0.0312548988 0.0378900059 0.0887401998 -0.00137519324 0.0627745837 0.0282440446 0.0679521486 -0.00729920063 0.0379925184 0.0240037851 0.0409701951 0.0396034345 0.0339248031 0.106313609 0.0359634832 0.0651180968 0.062072292
0.0239660721 -0.0475252941 0.0073222965 0.00651255064 0.0008597821 0.0231286138 -0.0147334756 -0.00532592507 0.0205429606 0.00308436994 -0.0163257569 0.0168894678 0.012409647 0.0102596721 0.00330481492 -0.00786768273 -0.00111075677 0.0387574732 -0.0275884531 0.0130791105 -0.043477226 -0.0236573648 -0.00942137279 0.00191810587 0.022587629 0.0295912419 0.0375092402 0.00693164114 0.00766477734 -0.035197407 0.0379353799 0.0222012997 0.0334690288 -0.0399370417 -0.0203575734 -0.0101577304 -0.00839051884 0.00055227062 -0.0377918333 0.000925973058 0.0239196196 0.0388538428 -0.0704116076 0.0152036473 0.0305937529 0.00087718945 0.00348225003 -0.0124167968 0.0192743167 0.0256523266 -0.0171866138 0.0285050068 -0.00879294053 0.0229374114 -0.0290696993 -0.00145606045 -0.00152341928 -0.00973917451 0.00575586315 -0.00688169058 0.0631272048 -0.00397060439 0.0214964971 0.0413523689
0.0949987024 0.00641096011 0.100506902 0.0791228339 0.0679676086 0.107477024 0.0621653311 0.111259229 0.121803857 0.0451578386 0.0729848593 0.100976378 0.0889591724 0.0639806837 0.055031877 0.0767597929 0.0433130004 0.116026364 0.0796610117 0.0485073216 0.0833853856 0.0358451158 0.054267697 0.0947287828 0.0954804644 0.140309528 0.0750354081 0.0944263488 0.0405692048 0.0429675207 0.085381113 0.14036721 0.109450638 0.0365099274 0.0855942294 0.0691319853 0.0611387081 0.0878175348 0.0201030876 0.070620507 0.117529318 0.0716623962 0.00562692992 0.0748715103 0.0946266651 0.0786972046 0.078468062 0.0732135996 0.062149208 0.150147513 0.0121004535 0.0646046922 0.0623202436 0.111480922 0.0182448439 0.0828577131 0.0541674346 0.0764656067 0.0580928475 0.0776089355 0.148233145 0.0934409946 0.084069185 0.0659207404
0.0223548785 -0.0672711879 0.00934805814 0.00696547795 -0.0238964073 0.000789229292 -0.00601204205 -0.00021214888 -0.00518184807 -0.00618810859 -0.0248423666 0.0125943301 0.0214196406 0.00348285399 0.00386292511 -0.00915761665 -0.000492274761 0.0398475751 -0.0306874625 0.0131370984 -0.0229774117 -0.0254751518 -0.0162993763 -0.0128685217 0.0217662733 0.0329883285 0.0330747031 0.0146279596 -0.0112796361 -0.0394527875 0.0432806686 0.0187755935 0.045926258 -0.0298104733 -0.0290493704 -0.00392174721 -0.0184417777 -0.0127860243 -0.0349871926 -0.00966048613 0.0359155536 0.0190222114 -0.0802519023 -0.00728425011 0.0198355466 -0.00758310826 -0.00142996758 -0.0224070568 0.0128001198 0.0184260532 -0.0226609502 0.0228976943 -0.0145559767 0.0232189465 -0.0251240283 0.0027130479 -0.011353041 -0.02454664 0.0108373491 -0.00533905067 0.0609631315 -0.00935197435 0.0295249876 0.0476379879
0.036117129 -0.0376477353 0.0289485753 0.0250414684 -0.00355938077 0.03092077 0.00429681595 0.0229197256 0.0355949029 0.00750038307 -0.000933309086 0.0317809656 0.0361377336 0.00522724818 0.00389315351 0.00150607526 0.00751807634 0.0475139283 -0.000898930011 0.0216885451 -0.012737399 -0.00888898224 -0.0118432026 0.0205841698 0.0302925128 0.0460915267 0.0378298834 0.0370497368 0.0020639929 -0.0200081673 0.0390977152 0.0417284667 0.0580601133 -0.029659804 -0.00670502335 0.00277377595 -0.00584403519 0.0120774107 -0.0272777788 0.017711971 0.0414186418 0.0366600789 -0.0581151769 0.0235199742 0.0298081152 0.000774241053 0.0101075722 -0.0151178529 0.0350496843 0.0504104346 -0.01905711 0.0328583419 -0.000956967473 0.0450925417 -0.0262309741 0.02266936 0.00708718225 -0.00199304242 0.0166241042 0.00130682159 0.0670872182 0.00784627814 0.0429571271 0.0555040129
0.0203517657 -0.0563618019 0.00961032324 0.0251427758 -0.00763516687 0.0282993875 -0.00326886773 0.0184287224 0.0432355851 0.00561065413 -0.0195998196 0.029399544 0.02863767 0.0139487814 0.00558099058 0.00486302935 0.0115540009 0.0407044441 -0.0113449506 0.0105161443 -0.0167128947 -0.0051975213 0.0101588899 0.0168259982 0.0382554755 0.0495417044 0.031327527 0.0272057168 -0.00044108773 -0.0451807603 0.0514059141 0.0278221369 0.0332491621 -0.0304391254 -0.017265521 -0.0105882259 -0.00575944688 0.0120537588 -0.0304406919 0.00729258358 0.0393214971 0.0348296352 -0.0639998093 0.0124420226 0.0276160799 0.00506752683 0.0110087721 -0.0165961478 0.0223458149 0.0349724852 -0.0289715193 0.0307169277 -0.0069441488 0.0265159346 -0.0285131391 0.0111743603 0.00937858317 -0.00689361943 0.0232278928 0.00155106746 0.0679797158 0.010836916 0.0465470552 0.0351713225
0.0278781075 -0.0479326844 0.021075828 0.016697906 0.00303800032 0.0162109807 -0.0020406954 0.0066557955 0.0180677604 0.0123811066 -0.00486615952 0.0215827264 0.0277808122 0.00695564412 -0.00238348125 0.00311637856 0.002767222 0.0527320541 -0.0156282242 0.018174665 -0.019572936 -0.0261737499 0.0087964423 0.0231103078 0.0314216539 0.0565157048 0.0344582945 0.0210259873 0.00363676064 -0.0285859443 0.0449432731 0.0435056649 0.0510908663 -0.0204069242 -0.00323500484 0.000659340527 0.00576497987 0.0114567485 -0.0233732183 -0.0077921506 0.0520648621 0.022154659 -0.0712248087 0.00351949781 0.0268265624 -0.00765982084 -0.00153792277 -0.00271086255 0.0144532928 0.0349722877 -0.0225842111 0.0226231441 -0.00742422044 0.0271950252 -0.00589959882 0.00951533206 0.00530612841 0.00173160806 0.0224624351 -0.00279497076 0.071160242 0.00167801883 0.045883026 0.0392550081
-0.00843862351 -0.072515212 -0.0169304758 -0.00295466231 -0.0158516541 -0.0186067484 -0.0358999036 -0.0383651853 -0.0191602707 0.000665152445 -0.0492301397 -0.00707839429 -0.00131192617 -0.0173092969 -0.0288234483 -0.0227322206 -0.00567401014 0.0184603259 -0.0487573072 -0.0131664332 -0.0742583424 -0.0488133915 -0.0218304377 -0.0355806723 -0.00356238522 0.00705595966 0.0136741363 -0.0111311041 -0.022968024 -0.0698543936 0.0157464519 -0.00549099129 0.0183620732 -0.0688211545 -0.0524594076 -0.0353032872 -0.0307153314 -0.0331764594 -0.0540026277 -0.0284324735 0.00531660207 0.00776757719 -0.110309131 -0.0351940915 -0.00931813195 -0.0579837412 -0.0414069742 -0.0492873415 -0.00750064617 -0.00989650283 -0.0398655236 -0.00547491107 -0.0363477767 -0.0283044148 -0.0320563205 -0.0298828669 -0.0242315549 -0.0483907796 0.00118540321 -0.0555299707 0.0348149762 -0.0325966515 0.0239998177 0.0296438374
0.00482869521 -0.0624875948 -0.00074354891 0.0122759016 -0.0109414998 0.00686756941 -0.0093374569 -0.00619500643 0.0145593863 -0.00572393648 -0.0319067687 0.029941719 0.012997115 0.00359255075 0.000176540576 -0.00738813542 0.00239975192 0.0351352543 -0.0185447372 -0.00699864049 -0.0318410844 -0.0104158241 -0.00171749666 -0.00433091167 0.020472724 0.0241170581 0.0256478302 0.0179450177 -0.0070259599 -0.0437983349 0.0463922545 0.0180367753 0.0252007507 -0.0406755693 -0.0342829637 -0.0252349712 -0.0152536668 0.00263570854 -0.0410700403 -0.00108083896 0.0354780927 0.0249977876 -0.0913179368 -0.00168244913 0.0187019091 -0.0151783638 -0.0129877459 -0.0301198252 0.003631345 0.026614774 -0.0420072749 0.00664034951 -0.0248034205 0.0121251326 -0.0497934632 -0.00248480588 0.00410003401 -0.0307932347 0.00162184611 -0.0125108091 0.0547315404 0.00228722859 0.0389617905 0.0285834782
0.0324074775 -0.0313093513 0.03439942 0.0282701124 0.0101629114 0.0364555866 0.00265819114 0.0189234242 0.0410192013 0.0114779677 0.00436643232 0.0399431214 0.0340728499 0.0260261726 -0.00128666637 0.0162879154 0.00962093845 0.0610368922 -0.0108609339 0.0224326327 -0.00797988195 0.00517089758 0.00674318615 0.0137543576 0.04412321 0.0514895953 0.0320734531 0.0325317197 0.0234795362 -0.0204418935 0.0636621416 0.0431481004 0.0514429398 -0.0175304841 -0.00427106023 0.0092408061 -0.009824479 0.0281767808 -0.0174900219 0.0103608854 0.0571575165 0.0320023075 -0.0486971587 0.0205178559 0.0365668386 0.00932097808 0.0121326381 -0.00801176857 0.0441705324 0.0387382284 -0.0260978825 0.013349168 -0.00253336132 0.0371041223 -0.0198825318 0.0271760859 0.0163768083 0.00744680548 0.0156352352 0.00756114069 0.08717224 0.0190168303 0.0473077819 0.048751384
-0.00250804611 -0.0620018542 0.00110456918 -0.000253167003 -0.00855222158 0.00640322128 -0.0139076151 -0.00816470385 0.00471620122 -0.00418683887 -0.0383017771 0.0205680896 0.00690327026 0.013265131 -0.00586401625 -0.0182934962 0.00126357563 0.025856819 -0.0349815823 0.00448959041 -0.0424662456 -0.0253934134 -0.0168974083 -0.00206376752 0.0169856288 0.0197758228 0.0202583373 0.00544207543 -0.0111780483 -0.0423327908 0.0419771411 0.0169028565 0.0267635323 -0.050840199 -0.0389602631 -0.0308404826 -0.0194030851 -0.0110241091 -0.0469008498 -0.00167817622 0.0385087505 0.0236763861 -0.0900932252 -0.00104177743 0.0188403651 -0.0252793133 -0.0194463134 -0.0253621545 0.00399675081 0.0158734154 -0.0265936647 0.0136997569 -0.0249403641 0.0113892686 -0.0361741036 -0.0115618585 -0.0121072251 -0.0293224007 0.00222908054 -0.0254125129 0.0602998808 -0.0135356002 0.0230146535 0.0314475298
-0.0155540649 -0.0829336196 -0.0247284342 -0.0155692417 -0.0420590863 -0.0344272703 -0.0364396088 -0.0405279472 -0.0257362388 -0.0201896857 -0.0540324524 -0.00972994603 -0.0166566186 -0.0295473579 -0.0218877587 -0.0494411178 -0.0179350376 0.00837609544 -0.0569001921 -0.00435526669 -0.0660478398 -0.0504971221 -0.0522588268 -0.0292612109 -0.0116814785 -0.0149089079 0.0102050565 -0.00851636101 -0.0281963162 -0.0741050839 0.0128558772 -0.00684019364 0.00389392022 -0.0600311458 -0.0588194132 -0.0433428362 -0.0392785966 -0.0331718661 -0.0632224679 -0.0380175784 0.00463528279 0.00317802513 -0.123150915 -0.0259760376 -0.0102295876 -0.0540054664 -0.0365752727 -0.0500081219 0.00235308241 -0.00875296351 -0.046009481 -0.00309825805 -0.0440643691 -0.0177216101 -0.0478936322 -0.0313350558 -0.0186739638 -0.0612952784 -0.00465301983 -0.0492393672 0.0168758687 -0.0469896197 0.0202759895 0.0330165848
0.0139802713 -0.078131631 0.00164532242 0.00455977488 -0.0298321974 0.00872558542 -0.0368773267 -0.0108641069 0.0210602358 -0.0122833522 -0.0414769314 0.00810606964 0.00427009165 0.000749148428 -0.0125917122 -0.0254000369 -0.00804384518 0.0231401473 -0.0400884077 0.0008759005 -0.0456749499 -0.0195033196 -0.00880386867 -0.00424798857 0.0302969292 0.0121628279 0.0188662913 0.00480268244 0.00173527538 -0.0568268336 0.0404544622 0.00949638523 0.0125597771 -0.0397377536 -0.0448725596 -0.0322710574 -0.0258619655 -0.0062406389 -0.0426479802 -0.00157516822 0.0173109844 0.0316248164 -0.0903838649 0.00557227805 0.0219814461 -0.0223615617 -0.0145959686 -0.0373366997 0.0159120038 0.000294916565 -0.0401447006 0.0191103145 -0.0256202817 0.00571325794 -0.0469636545 -0.0198722035 -0.0111466423 -0.0412861034 0.00410209969 -0.0229288004 0.0475557894 -0.00625355123 0.0342579037 0.0369096845
0.00370171107 -0.0795631185 -0.0141796283 0.00165360235 -0.0266454462 -0.0116092702 -0.0318215564 -0.0137258284 -0.0185056478 -0.0200179592 -0.0442142338 0.00398329413 0.0156892035 -0.0232119542 -0.0115402201 -0.0281330086 -0.00153986923 0.0147524886 -0.0457877144 -0.0203868002 -0.0410678051 -0.0292030014 -0.0168362651 -0.0117414361 0.00419799984 0.0130121345 0.0303613711 0.0047044754 -0.0224970989 -0.054824464 0.0327087864 0.0200376287 0.0215306245 -0.0472583361 -0.0470622256 -0.0252696164 -0.0293659903 -0.0187749416 -0.0595325604 -0.0312657095 0.0299257692 0.00669966033 -0.113713622 -0.0136418343 0.0042346539 -0.0513775423 -0.0248235092 -0.0506628603 0.00736152846 0.0134757971 -0.0384862721 -0.00355326338 -0.0311085992 -0.0048902072 -0.0235548057 -0.0164906401 -0.0214163214 -0.0409007967 -0.00641369354 -0.0262779575 0.0383471996 -0.0177062713 0.0277057942 0.0348928981
0.0285156053 -0.0461346507 0.022038905 0.0272275805 -0.00993331335 0.0252867639 -0.00406823121 0.0142827826 0.0413066857 0.000585243106 -0.00940749515 0.0284362584 0.0301994812 0.00150904804 0.00644907774 -0.00742987357 0.0100131761 0.0435911454 -0.00396021036 0.00848549232 -0.0155292433 -0.0135731045 0.00303553976 0.0334154777 0.0310311913 0.0436450578 0.0337974876 0.0267837215 0.000410535256 -0.0268720109 0.045760572 0.0496813506 0.0366188623 -0.0306192078 6.77574426e-05 -0.00322116073 0.000413032249 0.0206401218 -0.0341693759 -0.00692441873 0.0494034067 0.0181567632 -0.0693690479 0.0226708204 0.0287477709 -0.0143954866 0.00416458957 -0.00689055352 0.0283779223 0.0369815603 -0.0251243524 0.00924008898 -0.00758948177 0.0403800458 -0.0188242234 0.0087598078 0.016583642 -0.00186021812 0.0190488994 0.00106918812 0.0682662874 0.00391229615 0.0531966984 0.0435005203
0.00504925661 -0.0634046942 -0.00819053687 0.00471255369 -0.0197772384 -0.00816127099 -0.0313793868 -0.0222146623 0.0106164888 -3.13855708e-05 -0.0435906351 0.000160566531 0.00869011879 -0.00396624114 -0.0155097935 -0.0307366382 -0.00809331425 0.0191097818 -0.0345191993 -0.00604281761 -0.057680741 -0.0397452079 -0.0200409219 -0.0117488885 -0.00251216069 0.0137704127 0.020239614 0.00129623711 -0.0202615149 -0.0597556233 0.0166580509 0.000414357521 0.0232964512 -0.0393852964 -0.0505300164 -0.0323148929 -0.0234926343 -0.00566558726 -0.0504640341 -0.0147943944 0.0149438819 0.0103346361 -0.089827776 -0.0160370134 7.917732e-05 -0.0257973187 -0.0249226112 -0.0348683745 0.00479584094 -0.000145001337 -0.0469185449 2.24029645e-06 -0.0295196138 -0.00243391097 -0.0304924604 -0.0142821269 -0.00298004039 -0.0306086689 -0.0033417549 -0.0233611874 0.0287388973 -0.0118905492 0.0254432708 0.0410410017
0.0436016321 -0.0223561842 0.0413955152 0.0317802131 0.0172557719 0.0502782799 0.0221520886 0.0259060971 0.044330202 0.0275228042 0.0145861227 0.0536369085 0.0369059518 0.0307893045 0.0098050246 0.0279208198 0.0129776876 0.0620307215 0.0211614035 0.0284366608 0.000974195078 -0.000527587719 -0.000175150111 0.0249778144 0.0528193861 0.0753633231 0.0491401888 0.0318140835 0.0195775144 -0.0167393945 0.049547065 0.0586305074 0.0621550456 -0.0102925394 0.0100487582 0.0123398807 0.00378373452 0.0237467811 -0.0202802494 0.0339450613 0.060740754 0.044320859 -0.0442661643 0.0288176462 0.0287485197 0.033958368 0.0216752812 0.00216596853 0.0317306519 0.0669396892 -0.00959262718 0.0584863797 0.0079020448 0.0504377075 -0.0164499674 0.0340564623 0.0100994343 0.0228703469 0.0248412956 0.0175812151 0.0864596367 0.0195531473 0.056136176 0.0533104762
0.0540750176 -0.0219570622 0.0436565205 0.0386214852 0.00569665991 0.0514574349 0.0346862003 0.0531031266 0.0519552529 0.00920533296 0.0174964201 0.0392828658 0.0480656996 0.00824049022 0.0169032943 0.0226291381 0.0186029878 0.0866763592 0.0173251964 0.0307223685 0.0118655637 -0.00150625035 0.0124140158 0.0496411547 0.0501790158 0.0708048791 0.0450892784 0.0459014624 0.0117909722 -0.000189675251 0.0568348691 0.0693846196 0.0633519888 -0.0196816791 0.0256957468 0.0234303158 0.0068815453 0.035876736 -0.0152169168 0.024394054 0.0634867176 0.0397705659 -0.0426765718 0.032047525 0.0474051386 0.0256352294 0.0376297385 0.00210159831 0.0466503203 0.0643524304 -0.00122149393 0.0505740494 0.0164331384 0.0543010496 -0.00461672246 0.0415446945 0.0155808171 0.0254516527 0.0375612602 0.0205410384 0.100270465 0.0243328158 0.0545375049 0.0693296194
-0.00623694621 -0.0874290392 -0.0315072909 0.000121540157 -0.0307466909 -0.0245188884 -0.0451492891 -0.0448375717 -0.0109593049 -0.004243006 -0.0554745868 -0.0176470987 -0.0102505665 -0.0183539465 -0.0159002393 -0.0321273394 0.00210793689 0.0132639483 -0.0560303479 -0.0155775342 -0.0576653332 -0.0607100502 -0.0106840618 -0.0206853598 -0.00366611406 -0.0060055526 0.0176273789 -0.00895567518 -0.0321768634 -0.0639615953 0.0200253762 -0.00435055047 0.0130783468 -0.0605858527 -0.0534963645 -0.0473288819 -0.0273168366 -0.0194736868 -0.0773946196 -0.0390644819 0.00321121514 0.00232027401 -0.112906054 -0.0413829684 -0.00251086801 -0.0537279248 -0.036532972 -0.0355706587 -0.00719740661 -0.00422282098 -0.0437458754 -0.00481344247 -0.0421849862 -0.0207684822 -0.02995543 -0.035435494 -0.0255449265 -0.061416924 -0.0127987061 -0.035247162 0.025335364 -0.0164966807 0.0203465857 0.0192144774
0.0426662676 -0.0212866627 0.0321550332 0.0292506889 0.0168268774 0.041393552 0.0252740905 0.0368174836 0.0456138328 0.0217157155 0.0118386587 0.0386634469 0.0349949114 0.0184222311 0.0193910636 0.0136723295 0.00957309734 0.0654005334 0.0087477779 0.0278936885 -0.00198137946 0.00443799049 0.00789807364 0.0392059684 0.0442483835 0.0620160699 0.0441682599 0.0418835953 0.0245462134 -0.0172774568 0.0582755134 0.0623023584 0.0559792481 -0.020457156 0.0211341791 0.00550977234 0.00654159114 0.038713783 -0.0175664406 0.0226952024 0.0472920313 0.0385661945 -0.0476312712 0.024217885 0.0410015024 0.0190042946 0.0249241423 -0.0020850515 0.0346874967 0.0619228743 -0.0141299758 0.0457046926 0.0114716738 0.0494103245 -0.00756411906 0.0256229509 0.0170979761 0.0195188373 0.0266935267 0.0164846387 0.0946750641 0.0260698888 0.0458829552 0.0492082387
0.0136489272 -0.0624155775 -0.00674349349 0.026257595 -0.0263831429 0.0161644593 -0.0152488817 -0.000881498214 0.0186253749 -0.00331643037 -0.0304740109 0.0176180024 0.0117266718 -0.000871866941 -0.00614791922 -0.0133950319 0.0140300849 0.0164749064 -0.0345991589 0.00503361411 -0.0436467901 -0.0267703813 -0.0173022449 -0.00523718866 0.0249674488 0.0243709106 0.0265331119 0.0141371908 0.00251919869 -0.0466720872 0.0289624035 0.0149485543 0.0298135541 -0.0548247509 -0.0286048353 -0.027024664 -0.0265668184 0.0086934166 -0.0507430658 0.00632678345 0.0170878991 0.0303470455 -0.0721462816 -0.00323774293 0.0146189146 -0.0139359403 -0.0179284029 -0.0266981535 0.0249691773 0.0254754573 -0.0324005336 0.0230691396 -0.0132011557 0.0150386654 -0.0272685159 -0.00919073541 -0.00855007861 -0.0264977235 -0.00397121813 -0.00867339782 0.055344604 -0.00482321065 0.0312168226 0.0434450842
0.0237247869 -0.0109517518 0.0222755559 0.0468815267 0.0123200491 0.0523562059 0.00965845399 0.0391443409 0.0558947176 0.0238019899 0.0148282601 0.0412992835 0.0347633474 0.018330846 0.0117540024 0.0311075784 0.0223037191 0.0615639761 0.0212613642 0.0306681748 0.00865819305 0.00762602268 0.00834051613 0.0404788554 0.0500511788 0.0714775622 0.0442206264 0.0424022116 0.0336007178 -0.0171153024 0.0681826472 0.0598900802 0.0612657294 -0.0376160964 0.0343108103 0.00721587846 0.0116968285 0.0302751102 -0.03005163 0.0275569241 0.0535187647 0.0457653478 -0.0358267017 0.0357311219 0.0400369838 0.0196277965 0.0250231326 0.00202620775 0.0468997173 0.0470556021 -0.0126111284 0.0430852175 0.00764569547 0.0514674187 -0.0117512178 0.0285077021 0.0186096225 0.0250589512 0.0257988684 -0.00342382118 0.0973514915 0.0132312384 0.0630934313 0.0485620685
0.0227274708 -0.0503902212 0.0149074476 0.0105940662 -0.0174272954 0.0183403343 -0.00342811458 0.00441193813 0.0175453722 -0.00811420847 -0.0126242517 0.0130085265 0.0174287446 0.00310448371 0.012751054 -0.00729116611 0.00358486269 0.0420511067 -0.0237215739 0.0135026034 -0.0200745221 -0.0175183713 -0.00529882964 0.0173320007 0.0298408642 0.0369561985 0.0287326425 0.0147015713 0.0039968458 -0.0344083048 0.047629904 0.0217479989 0.0414922833 -0.0281959921 -0.0186984893 -0.0267923884 -0.0211068634 0.0141126029 -0.0309174191 -0.00756207481 0.0435466468 0.0214900468 -0.0642730892 0.00360682607 0.0146494629 -0.00932763889 -0.00492300978 -0.0237482637 0.0130003626 0.0300142113 -0.0310101639 0.0197081231 -0.0149739496 0.025661068 -0.0288334712 0.0109285656 -0.0137865376 -0.0180946514 0.0192511156 -0.00688426755 0.0765472502 0.00405563321 0.0338555276 0.040070422
0.0297908373 -0.0445362888 0.0534969196 0.0306189433 -0.0107767722 0.0381464362 0.0113325194 0.0307817236 0.0400608107 0.0030758772 0.00358682964 0.0407167412 0.0266611427 0.0162135549 0.0209309217 0.0182764567 0.00348953996 0.0618626922 0.00261260709 0.0287181642 -0.00269902777 -0.00795770064 0.00677448977 0.0241848808 0.044703573 0.0623946115 0.0378321446 0.0413836911 0.0104575986 -0.00568345655 0.0541577861 0.0496544763 0.0513285697 -0.0221116096 -0.000354951248 0.00337307015 0.0102819698 0.0262092017 -0.0121277226 0.00732440501 0.0544090495 0.0432469994 -0.0508458987 0.0314405411 0.0454308465 0.00942726806 0.0145227164 0.0105984434 0.0312640592 0.0712898523 -0.0190613084 0.0335936025 0.0100867627 0.0351707861 -0.018001955 0.0217136163 0.0136136543 -0.000717760762 0.0267067421 0.00221972261 0.0907333717 0.0201916117 0.0527212992 0.038983006
0.00363189168 -0.0729408264 0.00381231331 0.0103317844 -0.0129027553 0.00406944845 -0.0161544941 -0.0134736579 0.0166395549 -0.00339154806 -0.0257612336 0.0143504115 0.00789563544 0.0055476483 -0.00245179143 -0.0191572458 0.00755045004 0.028516883 -0.0401707403 0.00149017386 -0.0401148759 -0.0300774872 0.00293200184 -1.8353574e-05 0.0188453626 0.0145880682 0.021780137 0.010693918 -0.020539891 -0.0445016176 0.0332099609 0.0157374535 0.0282390062 -0.0485887341 -0.0329506025 -0.0393378474 -0.0107673667 0.000290920609 -0.0493836217 -0.00627817959 0.0218175445 0.0151823293 -0.0867206603 -0.00328075141 0.0175142754 -0.0206209067 -0.0172508731 -0.0155370254 0.012726183 0.0197301954 -0.0376334749 0.0121473745 -0.0263538137 0.0133692846 -0.0290668737 -0.00746812252 -0.00578584895 -0.0398552194 0.00662844814 -0.012912862 0.0446404777 0.00460607838 0.0283963643 0.0256767068
0.00303436629 -0.0604463331 0.00321554532 -0.00861022156 -0.0143455751 -5.29617537e-05 -0.0147521924 -0.010876202 0.00421744306 -0.00782618113 -0.0457189865 0.00285573001 0.0222914405 0.00306877866 -0.00632558903 -0.0246060733 -0.0116784777 0.0246395208 -0.0426822379 -0.0119169271 -0.0439611673 -0.0215480924 -0.0145159243 -0.0193776116 0.0075313393 0.00725647714 0.0328062102 0.00165437907 -0.00957671832 -0.049231194 0.0445926338 0.0134938564 0.031326741 -0.0434110314 -0.0473339818 -0.0270386208 -0.027268298 -0.000578946201 -0.0539292246 -0.0168702491 0.0154092275 0.0150930723 -0.0737766474 -0.00831164792 0.00581862591 -0.0287417062 -0.00887655187 -0.0513169914 -0.00138448458 0.00622203434 -0.0471828952 -0.000310640316 -0.0251248758 -0.00391655834 -0.0225398503 -0.0151731651 -0.0081648007 -0.0285568871 -0.00705874199 -0.0210157558 0.059018895 -0.000569843687 0.0275009815 0.0426045693
-0.00232702494 -0.0672799498 -0.0205907151 -0.00412458181 -0.030724138 -0.00474096369 -0.0212332625 -0.0254704282 -0.00876930263 -0.0112675037 -0.0525256693 -0.00538734067 -0.00540646538 -0.0108130807 -0.0216096956 -0.0398527645 -0.000778466463 0.0254137162 -0.0442010425 -0.00874997117 -0.0628997386 -0.0351970717 -0.0266684704 -0.0145833408 0.000700389966 -0.00744762924 0.00668916851 -0.00264993962 -0.0293694381 -0.0672906414 0.0175805539 0.00483048055 0.0245118476 -0.0491463318 -0.0531971641 -0.0486088023 -0.0280640945 -0.0232029371 -0.0625835061 -0.0191767272 0.00789090525 0.0063698981 -0.111189991 -0.0265821125 -0.00054186862 -0.0443118587 -0.0223497134 -0.0393079072 -0.00753138913 -0.00148653938 -0.03749571 0.00222488865 -0.0428359695 -0.00744635798 -0.0422090329 -0.0114887087 -0.0182977524 -0.0553450137 -0.00547113456 -0.0390348099 0.0407426693 -0.0240583215 0.0143328533 0.0338969082
0.0303305835 -0.0509141088 0.026879441 0.0342619158 -0.0137891443 0.0321970396 0.00589618459 0.0188551899 0.0268519893 0.00871226378 -0.0105220191 0.0368246958 0.0203947593 0.016618615 0.00878547505 0.00908383355 0.00612026826 0.0519095212 -0.00614764635 0.0230011046 -0.0175605491 -0.00577412453 0.0038718367 0.0107377497 0.0393871889 0.0400466807 0.0311793052 0.0331189558 0.00455616508 -0.0323060043 0.0578000955 0.0355383605 0.0438762978 -0.027424261 -0.0154319834 -0.00447092764 0.00313613191 0.0210454129 -0.0247726683 0.0172505863 0.0398898572 0.0353870839 -0.0651586056 0.0108794346 0.0279668849 0.00437510479 0.00253058551 -0.012252803 0.0246988181 0.0371468216 -0.0204616617 0.0264347326 -0.00984593574 0.0335084014 -0.0260233227 0.0154264709 0.00950829685 -0.0117693748 0.017149508 -0.00380995683 0.0653151721 0.00474127661 0.0526426844 0.0437848829
0.0325135477 -0.0404506102 0.0304113068 0.0245661996 -0.000361742452 0.0383582264 0.00783894397 0.0213152394 0.0434325561 0.0131903524 -0.00728585757 0.0413986854 0.031515833 0.0154954791 0.000946370885 0.0174171086 0.0185147393 0.0709382296 -0.00142108218 0.0216688383 -0.0121930679 -0.00416649971 0.011661021 0.0187662952 0.0480684787 0.0583549738 0.0292306338 0.0335445106 0.0112980679 -0.016303502 0.0583817437 0.0469275266 0.0491349921 -0.0253692474 -0.00300559774 0.00293296389 0.00328200031 0.01389095 -0.00916061923 0.0185401849 0.0456087552 0.0425659195 -0.0654850304 0.0206472985 0.0360763967 0.0113226427 0.0122481259 -0.00562255736 0.036231596 0.0384238251 -0.0293026436 0.0390249379 -0.00895700324 0.0349830016 -0.0229623355 0.0194212869 0.0120460093 -0.000451751053 0.020156052 0.00369166955 0.082708478 0.0192427877 0.0492208973 0.048153922
0.0127783539 -0.072116971 -0.0116896778 0.00783721916 -0.0261671785 0.00315722404 -0.0295503438 -0.021867495 0.00522015896 -0.0123619819 -0.0491002165 0.000770676881 0.0109190829 0.00166636892 -0.0142752621 -0.0257041492 0.00820152741 0.00663940609 -0.0428274497 -0.00337460544 -0.055723805 -0.0157946888 -0.00658228062 -0.00690797111 0.0208795406 0.0189150944 0.0166321788 0.00363151636 -0.0166717973 -0.073555246 0.0317736641 0.00750694284 0.0280049462 -0.0350873508 -0.0509010814 -0.0371776186 -0.0250685588 -0.00907077827 -0.0485173091 -0.0164135303 0.017581366 0.0117382165 -0.100471765 -0.00554688647 0.00289566722 -0.0328940935 -0.0231318325 -0.0243027546 0.00448608864 0.0106947124 -0.0399968326 0.00396739831 -0.0287270006 -0.00227059051 -0.0370450094 -0.013154665 -0.00459036231 -0.0435452014 -0.00253394805 -0.0133711211 0.0397931635 -0.013865741 0.022393439 0.0226084478
0.0650934279 -0.0298898779 0.0518691838 0.0561124757 0.00937594753 0.0586487278 0.0138640609 0.0545016825 0.0662680268 0.0130434129 0.0211160984 0.0531502962 0.054247722 0.0227931589 0.0326745175 0.0365994535 0.0165797044 0.0685725138 0.0129656028 0.0267761704 0.0268355198 0.0210118964 0.0337840542 0.0631859973 0.0719949901 0.0774155185 0.0511255674 0.0547198132 0.025192529 -0.00301834545 0.0853235573 0.0740042478 0.0660764277 0.00526055135 0.0244510025 0.0149018671 0.00974057335 0.0552610084 -0.0105382912 0.0289271455 0.0825167447 0.0446329527 -0.0344550274 0.0568575449 0.0487889983 0.0224326216 0.0265374538 0.00780964177 0.0462329276 0.08919999 -0.00572852883 0.0481171682 0.0205115303 0.0567465946 -0.00439599529 0.032118693 0.0224678107 0.033494141 0.0252774004 0.0290840827 0.102742657 0.0492013097 0.0765995383 0.0356737226
0.000115705654 -0.0704867914 -0.0130782984 -0.00259787659 -0.0153231733 -0.0204585977 -0.0389965177 -0.0321041346 -0.00792878959 -0.00177510921 -0.0436732993 0.0127185592 -0.0014797328 0.00368647929 -0.0258875042 -0.0249035768 -0.0190629978 0.0299297813 -0.0529159978 -0.00253502373 -0.0529790819 -0.0235882923 -0.0152087826 -0.0172152929 0.00856540352 -0.00472577661 0.025542926 -0.00230516028 -0.0145041635 -0.0720165074 0.0294587221 0.00124205928 0.018281199 -0.0451699123 -0.0576026477 -0.0294881035 -0.024969276 -0.0111602852 -0.0520378388 -0.021035945 0.0175916404 0.00272854744 -0.107399568 -0.0184347034 0.00361694768 -0.0371098518 -0.0254866611 -0.0598205328 0.00116344914 -0.00866351649 -0.0468368754 0.0043234569 -0.0471615717 -0.0189656094 -0.0431857631 -0.0217431169 -0.00329732336 -0.04106424 -0.0107489955 -0.0289439894 0.0363470018 -0.0162450094 0.0298114587 0.0228147861
0.076517202 0.00184791908 0.0577653348 0.0685055181 0.023692036 0.0836832672 0.038696859 0.0849391297 0.0922420919 0.0261919163 0.0539651625 0.0814358592 0.0721103624 0.0460871868 0.0366254523 0.0512826368 0.0416606963 0.0728138387 0.0642465651 0.0552763157 0.0540415421 0.0207546894 0.031322781 0.0727051347 0.0733017325 0.113706775 0.0655020922 0.0697099566 0.0383836366 0.01019747 0.0726040602 0.104762174 0.0867435411 0.0168395843 0.0598746017 0.042637229 0.0188163444 0.0582428053 0.0106013436 0.0523710772 0.0950194299 0.0546719171 -0.00895652361 0.0666565448 0.057287924 0.0594741292 0.0540482104 0.0368201695 0.0730874911 0.0953004211 0.00984210521 0.0563653186 0.0437686332 0.0955705717 0.00487395097 0.06853614 0.0487220287 0.0544763729 0.0375179425 0.0621749908 0.111848697 0.0565436706 0.0746189132 0.0693097562
0.0254204888 -0.0474998876 0.0156051405 0.0164671689 -0.0141687067 0.0167345833 -0.0152586354 0.00308130099 0.0400713272 0.00108380523 -0.0173847917 0.0286960714 0.0218132995 0.0193497352 0.00378217921 -0.00377956219 0.0062837135 0.0376973599 -0.0101554859 0.0168089587 -0.0112303114 -0.0135453707 0.00182268023 0.0276069809 0.0287382286 0.0314783938 0.0219971985 0.0256048124 -0.00321599422 -0.0344285704 0.0438588969 0.0315329432 0.0371250957 -0.0326306187 -0.0181869399 -0.0255886391 -0.00915304106 0.0223645587 -0.0337159485 0.00815489423 0.0390649103 0.034123145 -0.0680310279 0.0159999542 0.0230541807 -0.0114706997 0.00791588705 -0.0236925967 0.0217878185 0.0311408117 -0.0307270065 0.0152015295 -0.0161250792 0.0271139238 -0.0327147543 0.00536379777 0.0109355655 -0.0183017887 0.0149374083 -0.00132725481 0.0648524165 0.00554811489 0.0413608998 0.0338881686
0.0165815838 -0.0535794273 0.000292684883 0.0142184701 -0.0123032611 0.0119420206 -0.0227085613 -0.00782237761 0.0258426052 0.00478584785 -0.0200970192 0.0177146271 0.0160719752 0.00768720452 0.00445991103 -0.0053999871 -0.0136494581 0.029289728 -0.0263892077 0.0062660207 -0.0213128272 -0.0184989609 -0.0159392338 0.0107789747 0.0198939927 0.025795592 0.0372413881 0.01571244 0.00948914886 -0.04484028 0.0339330062 0.038606856 0.0390291139 -0.0329447873 -0.019987287 -0.0217484552 -0.0220398828 0.0141844377 -0.058855176 0.00384544581 0.0398471691 0.0258028544 -0.0600901544 0.004153613 0.00673628971 -0.00643692352 8.02557915e-05 -0.0356589779 0.014467312 0.0267076492 -0.0332376771 0.0197073221 -0.0116581423 0.0222874582 -0.0268328935 0.000583239831 -0.0111398138 -0.012738103 0.00343055185 0.0011593774 0.0557857789 -0.00114652701 0.0339007527 0.0367496312
-0.0504995137 -0.116471827 -0.0594502389 -0.0394971818 -0.0713320374 -0.0657189786 -0.0796408877 -0.0892998874 -0.069264248 -0.0311616994 -0.109661356 -0.0463096723 -0.0501344875 -0.0212672818 -0.0536962003 -0.0829167143 -0.0260320008 -0.0401186049 -0.0964350849 -0.0346325412 -0.129180476 -0.0704686195 -0.0642304793 -0.0852713436 -0.0311218295 -0.0711608529 -0.0180097073 -0.0464138873 -0.0609236322 -0.122123003 -0.00916080177 -0.0605630539 -0.0186836179 -0.0781740472 -0.129320458 -0.0826231837 -0.0589527376 -0.0809759051 -0.0928675905 -0.0657315627 -0.0365485698 -0.0177164432 -0.167701393 -0.0746677741 -0.0344928317 -0.0972634703 -0.0794564411 -0.0827613324 -0.0467376187 -0.0704464018 -0.0585176162 -0.0340203457 -0.0841175616 -0.0695906654 -0.0792534798 -0.0709794164 -0.0372033902 -0.126727536 -0.0296514705 -0.089187488 -0.0352494121 -0.082248643 -0.0149410143 -0.00191034283
0.0163339265 -0.0577023476 0.0157112852 0.00749952858 -0.0126277898 0.00873648003 -0.0142907044 -0.000433573965 0.0133093409 0.00106228516 -0.0333120041 0.0261185877 0.0164953563 0.00614194199 -0.0118724741 -0.017732488 -0.00547741167 0.0262253731 -0.0291253515 0.0112481229 -0.0356025659 -0.00928004459 -0.023044711 0.00507604517 0.0290565528 0.028260028 0.0214875378 0.0139362765 0.0121758571 -0.0430726483 0.0361074507 0.0305760913 0.0346522182 -0.0396876894 -0.029709693 -0.0128934458 -0.0201214142 0.00606836099 -0.0323671214 0.0116476063 0.0343786739 0.0333513692 -0.0774203986 0.00329485163 0.019748332 -0.0102361897 -0.0111080538 -0.0361395404 0.0261592604 0.0184850823 -0.0348545238 0.0272937845 -0.0165386759 0.0175046548 -0.0303277615 -0.0136579089 -0.00612661615 -0.0186842065 0.00986578781 -0.0231546704 0.0595469102 -0.00729851797 0.0366498195 0.0481892899
0.0051788725 -0.0623861291 0.0140353609 -0.00398833305 -0.0161801558 -0.00254672323 -0.0197370164 -0.0194104165 -0.00784865208 -0.00206280593 -0.022183653 0.0136751356 0.0105045922 0.00824701972 -0.00344354194 -0.0309358165 -0.00387971289 0.0273164529 -0.031671688 0.0100490106 -0.0395860597 -0.0282243378 -0.0217697266 -0.0110648675 0.00415810384 0.0146559523 0.021955803 0.00841696654 -0.0133435968 -0.0524760708 0.02954299 0.0160197634 0.037400879 -0.0424385369 -0.0396518074 -0.0213130154 -0.0268823951 -0.0168595258 -0.0433358252 -0.0185708608 0.0323230028 0.011158755 -0.0923144519 -0.0116533823 0.00755861914 -0.0343944877 -0.00260916096 -0.0268724859 0.0121928528 0.00909590255 -0.0455754697 -0.007278529 -0.0287918486 0.0211872943 -0.036280062 -0.0156410486 -0.00610134657 -0.041280821 0.00320938881 -0.0208376609 0.0487547591 -0.011000555 0.0235153884 0.0366505757
0.0261175185 -0.0444035679 0.0107896887 0.00276340568 -0.00453266315 0.00684982026 -0.00635561906 -0.00269208336 0.0302236117 0.0130375028 -0.0180001911 0.0137340697 0.0271786712 0.006805229 0.00313513307 -0.00926389359 -0.0066800192 0.0500920117 -0.0105168028 0.0108771054 -0.0348061547 -0.0224965885 -0.015152432 0.00474509597 0.014817724 0.0310085379 0.0254664924 0.0256298687 0.0049036853 -0.0360013172 0.0408427604 0.0315092206 0.0514433533 -0.035178341 -0.0191809069 -0.00628455449 -0.00602919608 0.0145887025 -0.0274082869 -0.00393844023 0.0330610014 0.0198539346 -0.0728795007 0.0045510605 0.029381752 -0.013255788 0.00104989717 -0.0150987618 0.0193135589 0.0225216374 -0.0316343158 0.00620493712 -0.0157751366 0.0251352582 -0.0240809005 0.0128313731 0.0151041783 -0.0136476951 0.0200408585 -0.009849892 0.0680006742 -0.00494887587 0.029766731 0.0420105904
0.034117125 -0.0535275601 0.00805407949 0.0185052417 -0.00316669047 0.021432288 0.00149951316 0.00615186663 0.0386360958 0.00502470694 -0.0229481757 0.0235150158 0.0300512016 0.00244692434 0.00433480367 -0.00110371783 0.0145017467 0.0355067998 -0.0190903097 0.00994880311 -0.026046684 -0.0148132555 0.00251636282 0.00263687083 0.0286107976 0.0369863249 0.0305801146 0.0236251652 0.00928944815 -0.0289031677 0.0440602154 0.0278862212 0.0319683813 -0.025268998 -0.025743451 -0.00376765314 -0.0100229578 0.00682734698 -0.0313847065 0.00283909403 0.037786901 0.0327756368 -0.0754529238 0.00814330205 0.0185485072 -0.00277467817 0.000376080628 -0.0182698034 0.0204738732 0.0301715061 -0.0299700834 0.00945114065 -0.0125292018 0.0192120485 -0.0332380012 0.00851264037 0.00692955777 -0.00706137484 0.00618720334 0.00563894119 0.0743011832 0.01363956 0.0372473337 0.0367720835
0.0347032882 -0.0394740105 0.0256330855 0.0339909047 0.00707280729 0.0456274338 0.0156467035 0.0350807421 0.0382620022 0.00927296095 0.00827278756 0.0447089113 0.0381605327 0.0135164652 0.0240385365 0.0199416168 0.0147804245 0.0556141362 0.00611328334 0.0212219022 0.00346029643 -0.0116979768 0.0193183236 0.0327485763 0.0411589444 0.0649658293 0.0452299379 0.0384603292 0.0119099971 -0.0123173334 0.0562162325 0.055412367 0.0562218353 -0.0255950298 0.0127711501 0.00734233949 0.0108479504 0.0343522653 -0.0179931838 0.0165695511 0.0512299873 0.0491037592 -0.0538520962 0.0222159438 0.0391177312 0.0148776099 0.0158907715 -0.00321268104 0.0334661864 0.0589803979 -0.0169379618 0.0434932709 0.0101201702 0.0462622717 -0.0121778408 0.0274577513 0.00415762793 0.00689257123 0.0268519465 0.0131071126 0.0821852088 0.0231683608 0.0495607182 0.0424087197
0.0140745929 -0.0535833687 -0.00823456701 0.00413601892 -0.0239381865 -0.00244230824 -0.0301641002 -0.0209667869 0.0195956491 0.0094366651 -0.035795033 0.00803211518 0.0102481991 0.00052835606 -0.0130550656 -0.0180753767 0.0022251606 0.027529873 -0.0320835523 0.00119958539 -0.0384053439 -0.0310473964 -0.0114601683 0.00132984016 0.00481156632 0.00599988829 0.0158785284 0.016511919 -0.0103426445 -0.0559474975 0.0292990096 0.014310712 0.0296237282 -0.0398909375 -0.0378836878 -0.0278096404 -0.0220266711 -0.00656663347 -0.0529530793 -0.0101892427 0.0203700978 0.0166654661 -0.0781307444 -0.00913866982 0.00461230148 -0.0250504445 -0.00897767115 -0.0325764567 0.00269209128 0.0129052326 -0.0382202044 0.00173385674 -0.0348812453 0.00745185744 -0.0375721082 -0.012438437 0.00305168703 -0.0355307758 -0.00137043651 -0.0258893333 0.0436753072 -0.00478373934 0.0243786424 0.0276148207
0.0376435816 -0.0412663892 0.0239650831 0.0398623496 -0.0013473928 0.0361773521 0.0192121565 0.0317989215 0.0387660861 0.00605328288 0.00867396221 0.0467188358 0.0389367193 0.0150860995 0.00538888248 0.0202726498 0.0197814628 0.0532376282 -0.00665112771 0.0266500972 0.00319699012 -0.0127712963 0.0110021615 0.0265238211 0.0400226749 0.070476748 0.0350752249 0.0356246382 0.0051428997 -0.0145400856 0.0540385991 0.0549274087 0.0668272078 -0.0119824298 0.0112042688 0.013997118 -0.001087429 0.0222838074 -0.0142531805 0.0133531056 0.0685071349 0.0263749287 -0.049310796 0.022016 0.0322178677 0.0126455277 0.019147668 0.0157016665 0.0320696421 0.0587272421 -0.0212777704 0.0263391286 0.00701611489 0.0491304398 -0.000805058517 0.0384739824 0.0167181809 0.013951974 0.0232781637 0.0271013863 0.0893511325 0.0147658121 0.0584701821 0.0474507585
0.037648689 -0.0608305484 0.0208587721 0.00925112888 -0.0197544284 0.0172141306 -0.00382625125 0.0228627548 0.0255460571 0.00126794074 -0.0219353214 0.018169634 0.0320710614 0.00858704746 0.0117015187 -0.0116255935 -0.00579601713 0.0371666476 -0.0244482271 0.0203368068 -0.0238202866 -0.0081259599 -0.00185844675 0.0088281408 0.0281159058 0.026458459 0.0282185301 0.0258329678 0.0058262255 -0.0316916518 0.0463167354 0.0514157116 0.0412365794 -0.0246199463 -0.00734922849 -0.0036639804 -0.0201881379 -0.00172215467 -0.0238275267 -0.00303449109 0.0390267633 0.0268806741 -0.0704472288 0.010961242 0.0168573856 -0.00507727126 0.00752078788 -0.023551628 0.0111637972 0.0304820277 -0.00913876481 0.0292853415 -0.00361465476 0.0147618875 -0.0174186267 -0.00645649806 -0.000830763951 -0.0122454958 0.0143545847 -0.00838365406 0.072509028 0.00870888866 0.0416916087 0.0415667966
0.00324016251 -0.0729474351 -0.0077769612 -0.00579621363 -0.0128253847 -0.0243721455 -0.03031574 -0.0274702869 -0.00506264716 -0.00713240169 -0.0481392518 0.00654152688 0.00237476453 -0.000301947817 -0.00673653092 -0.0392055809 -0.00836862251 0.0257476382 -0.053332489 0.00687514152 -0.0592499003 -0.036311321 -0.0228278302 -0.00762400171 0.00828219578 0.0073631648 0.0203387924 -0.00466771238 -0.0267354809 -0.0588530749 0.0160209686 -0.0135214003 0.0293247476 -0.0548204668 -0.0485158935 -0.0407631174 -0.024890665 -0.0183952264 -0.0515014715 -0.0187953487 0.0191582032 0.0120049883 -0.10312783 -0.021432206 0.0170065388 -0.0339339636 -0.0218704008 -0.029524764 -0.00242919475 0.0115736807 -0.0428009555 0.0113357464 -0.0314891338 0.00461791782 -0.0398294106 -0.028467495 -0.0168265905 -0.035998188 0.00343010854 -0.0389793254 0.0420177132 -0.018358279 0.024170544 0.0305397399
0.0319999345 -0.0384019949 0.00763567816 0.0140812742 -0.00468931347 0.015776895 -0.00377136841 0.0161500946 0.0223489292 0.00934855919 -0.00652851537 0.0276649669 0.0321141109 0.00686749723 0.0140591841 -0.000300087035 -0.00223677885 0.0470475927 -0.0176875759 0.0188044086 -0.0195115879 -0.0208405033 0.00122472178 0.0120473113 0.0207363311 0.0377988778 0.0444915965 0.0241642091 0.0120881274 -0.0336203054 0.0498046279 0.0433009304 0.0466048717 -0.0264719054 -0.00440991297 -0.00489269523 0.00511472486 0.00111185445 -0.0310639199 0.00202442519 0.0336972624 0.0280471779 -0.0636939332 0.0172200873 0.03098711 0.00539019564 0.00886308774 -0.0163483471 0.0127243502 0.0217137113 -0.00851377938 0.0176376291 -0.014670427 0.0359619781 -0.0197731126 0.0141321868 0.0189916138 -0.00372625818 0.0153329074 -0.00262098573 0.0675627291 0.00140810013 0.03429728 0.0417843461
-0.0180808809 -0.081778869 -0.0208955668 -0.0125830565 -0.0252089091 -0.0247571953 -0.0417596735 -0.0432704538 -0.0150325745 -0.0163641218 -0.0651908889 -0.0115148053 -0.0109544136 -0.00678649452 -0.0291926097 -0.0432164818 -0.00663884357 0.00102112442 -0.0608219504 -0.0107212877 -0.0719256252 -0.0345744379 -0.0223576184 -0.0349106342 0.00183031894 -0.0149283884 0.014776554 -0.0062359767 -0.0241693258 -0.0751380995 0.0246271491 -0.010583221 0.00333645078 -0.057643339 -0.0721408948 -0.0497982837 -0.0277095437 -0.021763958 -0.0687633008 -0.0327462815 -0.00399239175 0.0123395976 -0.12510547 -0.0283952579 0.000482382253 -0.0592923351 -0.033130113 -0.0493978076 0.00366886053 -0.0129475584 -0.0559788533 -0.0104907267 -0.0408250131 -0.0315789878 -0.0470854938 -0.0389023237 -0.017944999 -0.0659845397 -0.0131044388 -0.0413562059 0.0186684243 -0.0254561696 0.00926469266 0.0277470723
0.0173616037 -0.0615331605 0.00876465254 0.00560887437 -0.0324335098 0.032001514 0.000463390723 0.0130863637 0.00961137656 -0.0163123794 -0.0304054525 0.0147870742 0.0148066198 -0.00525182299 0.000105714425 -0.0275450237 0.00351121183 0.0184992999 -0.0257041827 0.00965713616 -0.0394137092 -0.0123824794 -0.0190063789 -0.00210484071 0.0262177624 0.0235978197 0.0307322331 0.00983582996 0.00384715525 -0.0412892029 0.043071948 0.0327584036 0.0269648544 -0.0396563001 -0.023247011 -0.00954085682 -0.0189965516 -0.00611452851 -0.0351552814 0.000341156498 0.0171406716 0.0349385105 -0.0773303881 0.0107170977 0.0140282903 -0.0147123877 -0.00235731644 -0.0352831073 0.02040934 0.0155754499 -0.0231545977 0.0280702226 -0.016243495 0.0210773461 -0.0283151008 -0.0100831706 -0.00637528393 -0.0255091526 0.00235123094 -0.0185404867 0.0547882728 -0.0128847416 0.0374870747 0.0475485325
-0.00867332984 -0.0819355547 -0.0323121473 -0.0168589894 -0.0307294931 -0.0299404375 -0.0489025302 -0.0201475509 -0.0102597168 -0.0112180393 -0.0524913631 -0.00767465541 -0.0121205216 -0.0130412579 -0.0214526933 -0.0479610711 -0.0124090724 0.00430116057 -0.0594427139 -0.00555291306 -0.0618490092 -0.0571967289 -0.0245436318 -0.0248245336 -0.0103096906 -0.0126008224 0.0100728646 -0.0159520991 -0.0271167196 -0.0667649433 0.0193948857 -0.00391491316 0.00842196215 -0.0569998994 -0.0425206646 -0.0381324887 -0.0341515504 -0.0337742977 -0.053067673 -0.0357393548 0.0083740633 0.00554859266 -0.106471181 -0.0231049694 0.00699947122 -0.0486678146 -0.0199452508 -0.0468201488 -0.0133076487 -0.0104140723 -0.0504124574 -0.00929741934 -0.0368389711 -0.0147832446 -0.0276073813 -0.0379655212 -0.0139825884 -0.0489157736 0.00142951589 -0.0590275824 0.038079232 -0.0285124164 0.0247537307 0.0231535397
0.00390579551 -0.0598160252 0.000274651335 0.0188057162 -0.0293771774 0.00615003332 -0.0177997798 -0.0091087725 0.0150645878 -0.00697217043 -0.0324721932 0.026821088 0.00704200007 -0.00262710638 0.000218356028 -0.0156583451 -0.00132569764 0.0246633533 -0.0189497732 0.0103603974 -0.0326810852 -0.0322735384 -0.0183865093 -0.00817543454 0.0170048848 0.0217093453 0.0246063992 0.0132693732 0.00205908203 -0.0355635583 0.0288756173 0.026924951 0.0192884877 -0.0326153748 -0.0277695861 -0.0176545456 -0.0115462299 -0.00560520031 -0.0449175686 -0.0087274462 0.0391126834 0.028753439 -0.0869838819 0.00640403107 0.00746339886 -0.020823922 -0.0106053986 -0.0195104722 0.020237783 0.022504244 -0.0321987495 0.00862292293 -0.0210394785 0.0192408673 -0.037608102 -0.00983201154 0.0021924153 -0.027439326 0.00219558552 -0.0105691832 0.0541910343 -0.0125784921 0.046944432 0.0308379345
0.00924878288 -0.0686489269 0.00136077311 0.0166933779 -0.0233583972 0.00952239335 -0.0186830796 0.00461893715 -0.00631753355 -0.0140204011 -0.0307946596 0.0232025441 0.0120699983 -0.00907013286 -0.00584991928 -0.0205854513 -0.00573058613 0.0255962145 -0.0298370793 0.00755070522 -0.0379413441 -0.0243232287 -0.00123992097 0.0122621655 0.0165696498 0.0271629114 0.0269783251 0.00931912474 -0.00691443589 -0.0566643998 0.0353129134 0.0397619605 0.0296569094 -0.0489302538 -0.0303175747 -0.0243306793 -0.009316721 -0.00802758802 -0.0306274071 -0.00996159762 0.0302066635 0.0272063613 -0.108121783 0.00421441719 0.0129705733 -0.0371724404 -0.015437915 -0.0368226543 0.0182402078 0.013348286 -0.0303911436 0.0226381905 -0.021697687 0.0109309796 -0.0285253897 -0.0186738148 -0.00638355222 -0.0354936905 0.00841282681 -0.0221022181 0.04868396 -0.00930729602 0.0382637717 0.0273934957
0.0204342417 -0.047230076 0.0126524754 0.00876437314 -0.00766925327 0.0224123467 -0.0103758536 0.0154233659 0.0313485488 0.00122441538 -0.0195831731 0.0329508074 0.0278621987 0.00379528571 -0.00200120127 0.00106659718 0.00687269401 0.0446356535 -0.0090317009 0.00312153064 -0.018433746 -0.00616355706 0.00670944806 0.0108725959 0.0358523652 0.0300774835 0.0180126876 0.0234059263 0.00192009343 -0.0350174867 0.0453181714 0.0469113924 0.0414578728 -0.0327407047 -0.00845333003 -0.00997883454 -0.00268719345 -0.000858734362 -0.0166198947 0.0215734616 0.0355205201 0.0313596055 -0.0673838928 0.0136669353 0.0268188398 -0.00444671698 -0.00658133114 -0.0270646587 0.0146142468 0.0185898431 -0.017745737 0.0326106846 -0.00999516435 0.0255700704 -0.0312451497 0.00957320631 0.00508237816 -0.0148133105 0.0192641392 -0.0180409774 0.0685109422 0.00313461758 0.0398996845 0.0408175513
0.053277757 -0.0231937636 0.0523657054 0.0626814067 0.019600926 0.0814757794 0.0343653709 0.0706178024 0.0675095618 0.013478999 0.0271617267 0.0645751357 0.052807264 0.0245833714 0.0271885917 0.042387668 0.0255385526 0.0774787441 0.0233517606 0.0303956568 0.0145189669 0.0079071233 0.0315726474 0.0445449799 0.0676197708 0.0990663767 0.0623246543 0.0509741753 0.0355770588 0.0129716052 0.0811208636 0.0783428252 0.0653285459 -0.00544062257 0.0273636691 0.0343999341 0.0239208993 0.0495769083 -0.00363093801 0.036021769 0.077055648 0.0664370656 -0.0320618562 0.0521679036 0.0704469085 0.0314601585 0.0344344079 0.0173321739 0.0556814112 0.0884432495 -0.0118181799 0.0466648936 0.0307058915 0.0605463684 -0.00209874008 0.0467513464 0.0182164926 0.0394974351 0.0304722413 0.0350707509 0.113490991 0.0399397835 0.0738967955 0.0591148138
0.032133013 -0.0492896885 0.0247759316 0.0182669628 -0.0150974235 0.0136167798 -0.0158051159 0.0189220496 0.0338394083 -0.00123480055 -0.0196424723 0.0271256585 0.0185668468 0.0119764553 0.00229865266 -0.00388701074 -0.00894968957 0.0449796058 -0.0227216203 0.0170719177 -0.0112785194 -0.00540388981 -0.00786940567 0.0119415298 0.0368261971 0.0403020009 0.03217021 0.0227836017 0.00863797031 -0.0291586183 0.0416753925 0.0355082117 0.0452198535 -0.0272042565 -0.0147965755 -0.00603744481 -0.00839630328 0.00175135629 -0.0277512353 0.00576120615 0.0395953208 0.0270840004 -0.061407838 0.0201864224 0.0300451741 -0.00075799739 0.0153225427 -0.0185262617 0.024305217 0.0376138985 -0.0167534612 0.0307622086 -0.00822933763 0.0344050564 -0.0206700377 -0.00253748894 0.0122134872 -0.00430823117 0.0175881628 -0.00709067099 0.0742531866 0.00670749787 0.0480063148 0.0484525114
0.033394061 -0.0481085926 0.0185949467 0.0210547559 -0.00774655491 0.0262614414 -0.000715097412 0.0114116147 0.0391527303 -0.00338880531 -0.0146167558 0.0297099464 0.0288398359 0.0151118673 0.0111930659 0.0112128109 0.0147915883 0.0523491651 -0.00651548663 0.0126883071 -0.0116615333 -0.00516434852 0.0172334667 0.0143396314 0.0415030718 0.0444640703 0.0379119888 0.0315222889 0.00325678033 -0.0298740342 0.0471363701 0.0243380815 0.0398532599 -0.0263685808 -0.0192547888 -0.00480277929 -0.00697557721 0.0238084886 -0.027388813 -0.00126678683 0.0396109484 0.0332051739 -0.0695702806 0.0149902441 0.0305094216 0.00146078505 0.0012213653 -0.0144976024 0.0244860593 0.0397091582 -0.0292665642 0.0260652751 -0.0095212413 0.0151702445 -0.0365421064 0.01502191 0.0115647288 -0.0177360848 0.0136013255 0.000240480527 0.0754024237 0.0239866059 0.0445672758 0.0336348414
-0.00402320828 -0.0647060946 -0.0195600409 -0.010006181 -0.0213549547 -0.00637649931 -0.028558217 -0.0268793479 -0.0151975462 -0.0108568473 -0.0372887924 -0.00258423667 0.0043009948 -0.0109752258 -0.0241581406 -0.0229189061 -0.00601668283 0.021226326 -0.0494669639 -0.0105070816 -0.0592708662 -0.0324655995 -0.0173697937 -0.0185885485 -0.000530309975 0.0133074904 0.0181657821 -0.000998497009 -0.0139058903 -0.0697697625 0.0345007442 0.0117082968 0.0294017531 -0.0482778475 -0.0542381108 -0.0266639516 -0.032961458 -0.0272390209 -0.0409546308 -0.0284723546 0.0228393935 0.00844250247 -0.101822078 -0.0223042369 0.00311823515 -0.0449574478 -0.0229473673 -0.0474821962 0.00572891161 -0.0103090312 -0.0432485305 0.0022498013 -0.0344309472 -0.00684793852 -0.0331539512 -0.00942621194 -0.0158119053 -0.0440557897 -0.000426017679 -0.0227127783 0.0371888131 -0.0264584962 0.0143443607 0.0276625659
0.0142474631 -0.0731360018 0.0111878254 0.00307572354 -0.026337795 -0.00153223798 -0.0210575759 -0.0133395642 0.0120244306 -0.00827204343 -0.0461239219 0.00484741293 0.0181844421 0.00454712287 0.000721344724 -0.0227094628 -0.0119622331 0.0464009158 -0.028286932 -0.00358571298 -0.0436367504 -0.0229185205 -0.0184429549 -0.00681875553 0.010002207 0.0125312973 0.0189763643 0.0151375961 -0.0239435695 -0.050355237 0.0296348576 -0.00328070577 0.0245688409 -0.0340719037 -0.0532933287 -0.0255980715 -0.0280175637 -0.00659114635 -0.040202409 -0.0127118845 0.0338175446 0.0162018482 -0.0848230869 -0.0136170648 0.0168596469 -0.020133853 -0.00482991012 -0.0328634754 -0.0025447635 0.0160467215 -0.0409830138 0.00988633372 -0.0257573351 0.00470939698 -0.0447536074 -0.00852957554 -0.0129299043 -0.034428291 0.00255956315 -0.0132721625 0.0575815588 -0.00167510938 0.0274709444 0.0355894454
0.0170844346 -0.063227579 0.0162738394 0.0125346072 -0.011208538 0.0177014302 -0.00913263019 0.0109841647 0.0349744558 -0.00584784243 -0.0352062285 0.0334409624 0.0221754052 0.00151857175 0.00850487128 -0.0102257431 -0.00671377685 0.0318480656 -0.0261053313 -0.000356092118 -0.0320949592 -0.0161894429 0.000674790703 -0.00798739772 0.0290393345 0.0207282528 0.0293344334 0.024612939 -0.00419471459 -0.0387094244 0.0376583971 0.0283191763 0.0257715806 -0.0373904109 -0.0339524001 -0.0258886553 -0.00343517587 0.0116543276 -0.0275913794 0.0134404609 0.0185863823 0.0382025912 -0.0721989423 0.0191095434 0.030673122 -0.00584740238 -0.00803513918 -0.0362530053 0.0153058367 0.0282578282 -0.0420416817 0.0220208727 -0.00957123283 0.0183183514 -0.0354691483 -0.00132751092 0.00573532656 -0.025941629 0.0165910516 0.00102892704 0.0589770675 0.0094747832 0.0375841334 0.0355912596
0.0795662329 0.00983733218 0.0828856528 0.0759155229 0.0393950194 0.0957888365 0.060171172 0.0863657966 0.112053089 0.0367651321 0.0574966148 0.0793765485 0.0665639415 0.0483963564 0.0391336493 0.0625455976 0.0391673446 0.0923688337 0.076026693 0.0571430326 0.0606282689 0.0163478367 0.027873883 0.0981905311 0.0884127319 0.126034498 0.0753464624 0.0829423368 0.0301400013 0.0348496139 0.0768817589 0.0984183103 0.0908130705 0.0236730278 0.0698149726 0.0392258577 0.0431474335 0.0828203782 0.00370498467 0.0509032197 0.0991552323 0.0731494427 0.00878313743 0.0754076317 0.081584014 0.0745731965 0.0656868443 0.0608482026 0.0683405995 0.131673723 0.0137642398 0.0747962147 0.0501917936 0.104860917 0.00815247186 0.0756864697 0.0390933305 0.0773533881 0.053118214 0.060313046 0.122049242 0.0656743795 0.0843607336 0.0667997748
0.028572008 -0.0346418694 0.0397141576 0.0333188213 0.0020632036 0.0326920599 0.0173802618 0.0354940891 0.039394252 0.0084641939 0.00588901527 0.05232016 0.0383600742 0.0245835148 0.0135199316 0.0234549232 0.00914205983 0.0632662773 0.000648020359 0.0295889564 0.0123991407 0.00927757286 0.0111512579 0.0370633602 0.0471239686 0.0676575452 0.0386686362 0.0368391909 0.0310648754 0.00177158543 0.0747701973 0.0587131232 0.0533815436 -0.0244412553 0.0110710673 0.0161838699 -0.00105034187 0.0381156504 -0.0239878111 0.0166855305 0.0706622973 0.0361041315 -0.0362552404 0.031221306 0.0349122062 0.023981899 0.0150567051 -0.00252417708 0.0375862159 0.054823488 -0.0247712396 0.0342386439 0.00396908447 0.0435701981 -0.00794994738 0.0293032005 0.0147911496 0.0215282105 0.0190484468 -0.00434942171 0.0988454223 0.0242171977 0.0681439415 0.0448951982
-0.0227301233 -0.0938953161 -0.0187874753 -0.00330491643 -0.0448277965 -0.0276766028 -0.0504013896 -0.0485261306 -0.0206099842 -0.0216869749 -0.0638166592 -0.00743130548 -0.0139995255 -0.011247647 -0.0341383256 -0.0337183475 -0.0229284912 0.0134296119 -0.0632216185 -0.0156175829 -0.0692010224 -0.0421338044 -0.029348921 -0.0325013958 0.000870164484 -0.014222214 0.0103039015 -0.0129745314 -0.025901556 -0.0793237016 0.0335816704 -0.0113451947 -0.00668508001 -0.0673726574 -0.0685327351 -0.0414012969 -0.0354889631 -0.0321701281 -0.0661236122 -0.0399876647 -0.00305035897 0.010479602 -0.116882198 -0.0222688764 -0.00137548055 -0.0606070124 -0.0421722718 -0.0619439147 -0.00453670183 -0.0187375918 -0.0521356054 -0.00471622637 -0.0511247665 -0.028730575 -0.0519590154 -0.0423686095 -0.0231552012 -0.0710381567 -0.0117339408 -0.0519988611 0.0175939295 -0.0367765203 0.0332186185 0.00914150663
0.0597828999 -0.0112303048 0.0507787727 0.0472171754 0.0297880359 0.0627219975 0.0219174456 0.0626001954 0.0690119937 0.017226791 0.0199501812 0.0667211264 0.0610580146 0.033833921 0.0280403756 0.0413211063 0.0188694429 0.0792575181 0.0233733635 0.0209298879 0.0341273583 0.0217657592 0.0346375033 0.0609030314 0.0759976655 0.105157852 0.0572123714 0.0499958992 0.0361853614 -0.00355207874 0.0730038881 0.08114326 0.0635508075 0.0106253903 0.033239793 0.0362944826 0.0183161404 0.0599508248 0.00516034383 0.0334046856 0.0838596001 0.0474064872 -0.0293104928 0.0481662005 0.0531519726 0.0461035594 0.0216124505 0.0017604297 0.0544276945 0.0744952708 -0.0156047083 0.0582217798 0.024740262 0.0542602763 0.00458458345 0.0456418283 0.0321457945 0.045334179 0.0343698189 0.0385089926 0.10510543 0.0491550341 0.0685385764 0.0517651513
-0.0147439726 -0.0728283972 -0.0227705538 -0.015766548 -0.0315676853 -0.0202290658 -0.0533464551 -0.044476755 -0.0228029713 -0.0120416936 -0.0545774549 -0.00674496032 -0.0124179842 -0.0202839449 -0.0188363846 -0.0392519608 -0.0083137583 0.0141518209 -0.0514429435 -0.00939844735 -0.0687243268 -0.0424126536 -0.0321477316 -0.0322470963 -0.00669734366 -0.0196865872 0.01785817 -0.00397045538 -0.0257047005 -0.0730571002 0.0176226087 -0.00508419238 0.0074535301 -0.063862592 -0.0582271926 -0.045925729 -0.0290716533 -0.0373360291 -0.0622968227 -0.0351332873 -0.00252258219 0.0113187237 -0.117160514 -0.0289500412 -0.00484266086 -0.0613580197 -0.0335570015 -0.0592409074 -0.00459058071 -0.0147058554 -0.0440643355 0.00199174881 -0.0519251563 -0.0162036512 -0.0503982194 -0.0357715003 -0.0224983618 -0.063992098 -0.00706487522 -0.0464941412 0.019554887 -0.0398876369 0.018024452 0.0258994605
0.0266184602 -0.0522405878 0.00519270031 0.0215297639 -0.0130781867 0.0287497416 -0.01829179 0.0142632648 0.0288972519 -0.00440099463 -0.0242796931 0.0149054714 0.0187829509 -0.000816430897 0.003921845 -0.00646554306 0.00401909463 0.0459991321 -0.0231252983 0.00474457815 -0.027260147 -0.0113595966 -0.00818107743 0.0146016385 0.0307899341 0.0329574421 0.0336828865 0.0165907294 -0.00634516915 -0.0487487167 0.037591774 0.0287522878 0.0361598358 -0.041309081 -0.0139655862 -0.0240024514 -0.00863310602 0.0072997231 -0.0449240692 -0.000751106068 0.0305056665 0.0278635398 -0.0732754171 0.0188705362 0.0246623959 -0.0133800888 0.00182460784 -0.0226508006 0.0216110647 0.0290078484 -0.0281347875 0.0247573778 -0.0161658153 0.0221142769 -0.0242667217 0.00150707457 -0.0057876287 -0.0131545803 0.0146028753 -0.0177408736 0.071280688 0.000119159929 0.0404062122 0.0401862487
0.0759324208 -0.010268515 0.0475788899 0.0602438115 0.0154901873 0.0808563381 0.0497917086 0.0737068281 0.0750756115 0.0173991695 0.0492123403 0.0673070624 0.0687389523 0.0262028445 0.0327868722 0.0483143032 0.0302760508 0.0766276419 0.0430687964 0.0493982956 0.0381469503 0.0118010286 0.0217956677 0.0683678538 0.0632511824 0.09899275 0.0603863373 0.056482546 0.0343323499 0.0152897742 0.0711578876 0.0997000337 0.0798960775 0.0134171285 0.0543988124 0.0388473272 0.0189219061 0.0502253734 -0.000757317059 0.0434511043 0.0917304754 0.0405350029 -0.00873930007 0.0600489415 0.0440969579 0.0588591881 0.0434739888 0.0320156924 0.0456957296 0.096345976 0.0282674171 0.0626816228 0.0310425702 0.0880887359 0.00701998733 0.0682234019 0.0310924295 0.0619783625 0.0366273373 0.0593401492 0.118916675 0.038223125 0.0700378716 0.0593848452
-0.0124845337 -0.0773887485 -0.00777910743 -0.00904684886 -0.0296547636 -0.023692755 -0.0429916754 -0.0352041274 0.00245152367 -0.00432177819 -0.0547343232 -0.000161299016 -0.0013629701 0.000304635614 -0.0195130799 -0.0313138068 -0.026115451 0.0240379851 -0.0587049797 -0.0192335416 -0.0583832785 -0.0388245061 -0.0121934433 -0.0271061696 -0.00252684951 -0.00902198069 0.0158304796 -0.00496347342 -0.0311915874 -0.0739901364 0.0240289755 -0.0098541081 0.0125553589 -0.046420861 -0.0656648576 -0.0397938266 -0.0235892218 -0.0172074847 -0.0547235832 -0.0339529067 0.0132494625 0.00215370441 -0.10615553 -0.0244044121 0.00841350947 -0.053010717 -0.0288250707 -0.0558409691 -0.0186769385 -0.00962239504 -0.0584673658 -0.0220697559 -0.0501349382 -0.0248036813 -0.0443828925 -0.0333444811 -0.00448281039 -0.0579107627 0.00155960489 -0.0365923941 0.0333742686 -0.017472906 0.0251201894 0.0125302216
0.0441042595 -0.0341235027 0.0297017246 0.032821849 -0.00472400896 0.0306446441 0.0086326478 0.0273151249 0.0379275046 0.00311255641 0.00578864012 0.0465547629 0.0495737009 0.0130600194 0.0102176117 0.0123452656 0.00968327932 0.0402665287 0.00627347082 0.0152247539 -0.00145388767 -0.00271974877 0.0132786874 0.0385893919 0.0382411294 0.0629241318 0.0372804515 0.038374532 0.019332245 -0.0208876058 0.0514093153 0.0527774878 0.05609129 -0.0144517934 -0.00287327357 0.0169367585 -0.0065621445 0.0402430817 -0.0181206875 0.0167397317 0.0629463568 0.0270330086 -0.0486341268 0.0279281959 0.0195585806 0.00991168618 0.00143372081 -0.0117500424 0.0256441087 0.0507213771 -0.0221603215 0.0299998783 0.00790436473 0.0409428179 -0.0178042352 0.0355701856 0.0239991248 0.0102520483 0.00988416001 0.0187766757 0.0750129893 0.0195769835 0.0529314317 0.044432126
0.052524697 -0.0335619524 0.0413372852 0.0531745218 0.0207407363 0.0630161092 0.0317700244 0.0562188253 0.0609222464 0.0235155188 0.0306193084 0.0643547773 0.0458447412 0.02627673 0.0188661627 0.0376080871 0.0235075857 0.0814538002 0.0175445154 0.03555464 0.0167823732 0.00129951723 0.0317548141 0.0366866775 0.0616962202 0.0833233744 0.0506679229 0.0441076495 0.0250804499 -0.00129452255 0.0647725388 0.0830612928 0.0689059496 -0.0114850793 0.0380060896 0.0342511721 0.0282736458 0.0444341674 -0.00299358461 0.0249682497 0.0674434975 0.0421740189 -0.0422989316 0.0347871408 0.0536102876 0.043338228 0.0281834751 0.0291600078 0.0461512916 0.0714204758 -0.00558340689 0.0422808528 0.0193726812 0.064590022 0.00028350018 0.052968692 0.0330361277 0.0308698155 0.0330780894 0.0378299356 0.105776235 0.0396980979 0.0599522814 0.0511126891
0.0432660356 -0.0354464017 0.0429408103 0.0327667631 0.0099679511 0.0410628133 0.0240966827 0.0350837894 0.0460586511 0.00761553738 0.00113009196 0.0429217145 0.037136998 0.0277406629 0.0163344368 0.0209897868 0.0152548235 0.0516876318 0.00730090821 0.0222497229 0.00652583037 0.00974230282 0.0171379708 0.0306373257 0.054563161 0.0729556605 0.0498941317 0.0395995677 0.0192162152 -0.00806937087 0.0648923889 0.0551078245 0.0469502658 -0.020342838 0.00715779141 0.0192354061 -0.00112322718 0.0287234224 -0.0120453816 0.0165153462 0.0576872751 0.0446088538 -0.0648494661 0.0276023299 0.0403950661 0.0209940467 0.012505251 0.00182358525 0.035456039 0.0580385923 -0.0135397818 0.0443716832 0.00757430494 0.0291342437 -0.018694669 0.0158421155 0.0155385984 0.0106748212 0.0127490694 0.0177107491 0.0838804618 0.0366452672 0.0516759232 0.0500789434
-0.00295853242 -0.0836473852 -0.0170971788 0.00339533482 -0.0345358066 -0.0242005512 -0.0388487466 -0.0231505632 -0.0117484834 -0.00643697614 -0.0480862632 0.00233905483 0.000577529892 -0.0066205021 -0.0222222377 -0.0355017632 -0.0194504615 0.00689604506 -0.0581175797 -0.00382241514 -0.0603290312 -0.0415291116 -0.0268286541 -0.0275030807 0.000453252345 -0.00839356706 0.0150198601 -0.00202551484 -0.0186443534 -0.0682770088 0.0281323716 -0.00271472801 0.0206975993 -0.0496318378 -0.0565869175 -0.0379965045 -0.0266547687 -0.022416167 -0.0510207228 -0.0243792832 0.0124538327 0.0160157662 -0.102142133 -0.0192117877 0.00510635879 -0.0390215181 -0.0258447994 -0.052419886 -0.00211205799 -0.0011203778 -0.0387464091 -0.00909981318 -0.0359296128 -0.000781227078 -0.0339044221 -0.0310071036 -0.0119723715 -0.0476265065 -0.00382801052 -0.0368942879 0.027742438 -0.0236745365 0.0295343474 0.0211411193
0.00265451334 -0.0711141899 -0.00770624727 0.00592757948 -0.0167636536 0.00456447806 -0.0276789181 -0.0268123411 0.0111420574 -0.00395639427 -0.0409524143 0.00313016167 0.000771533698 -0.00690796226 -0.00530657638 -0.0306704603 -0.00159246475 0.00781149045 -0.0410424285 -0.000432268716 -0.0472989939 -0.0271847192 -0.0136797372 -0.00998480618 0.00760200061 -0.00568160042 0.0282879975 0.0114536546 -0.0115470868 -0.0575722605 0.0393278264 0.0182327982 0.0230795946 -0.0484764837 -0.0521146581 -0.0479031876 -0.0106648533 0.00304928469 -0.0675208196 -0.0125892898 0.0108204456 0.0212193448 -0.0936236978 -0.0029106997 0.00640323199 -0.0439872891 -0.0227424279 -0.0359042212 0.0164624993 0.00939603336 -0.049792774 -0.0117393183 -0.0334270932 0.00889253151 -0.0354714133 -0.0204169601 -0.00838218257 -0.0493169129 -0.00826402847 -0.0144405663 0.0351971425 -0.00648345798 0.0256988816 0.0255143754
-0.00119813345 -0.0597975254 0.00554680731 0.0041035926 -0.025370378 0.0135186939 -0.0189073328 -0.00592240226 0.011317011 -0.00551883038 -0.0372010022 0.0131936902 0.00961270556 0.0053837467 -0.00671022525 -0.0230042748 -0.00832568761 0.0436239541 -0.0167270508 0.00255288836 -0.0482494682 -0.0209478587 -0.0188945904 -0.00275899749 0.0120848417 0.0154935047 0.0107385889 0.0138447359 -0.0179568641 -0.0552814975 0.0390422978 0.00828165002 0.0108906664 -0.0465716608 -0.0365930721 -0.0368838497 -0.010098841 0.0015475282 -0.041134119 -0.00440521166 0.0115144625 0.0261873528 -0.0855633989 0.00148306414 0.0232226141 -0.0227006711 -0.0101302033 -0.0403539091 0.00414249767 -9.30344686e-05 -0.0360446535 -0.00174670934 -0.032412935 0.0156310368 -0.047558669 0.00682151504 0.00312657561 -0.0394762456 0.0162450764 -0.0258581992 0.0483987331 -0.0237511322 0.033529751 0.0419946127
0.00617535785 -0.0589142255 0.0213086065 0.0158660077 -0.00641398225 0.00721967593 -0.0081521403 0.00441029901 0.0192728434 0.0101885851 -0.0326465219 0.0242142566 0.0272260886 0.00874030776 0.00389707554 -0.00131609291 -0.00531742536 0.0450238883 -0.0180378333 0.00466220174 -0.0321112201 -0.0176737327 0.00437899306 -0.0116290525 0.0109100491 0.0291144215 0.0227552187 0.0241855327 -0.00198087981 -0.0373679511 0.0451557487 0.0149650816 0.0239550471 -0.0430694334 -0.0443962216 -0.0116523514 -0.0106697315 0.0061853542 -0.0366979279 -0.00289234519 0.0328104459 0.0298535116 -0.0677336156 -0.00288450345 0.0150318332 -0.0159895923 0.000821117312 -0.0364736915 0.0101265609 0.0231285058 -0.0408931822 -0.00521142036 -0.0159530286 0.00296671456 -0.0380923077 -0.00587781146 0.00743157789 -0.0207514297 0.0101182098 -0.0171596929 0.0705032647 0.0125220679 0.0406990573 0.0381645896
0.0105428845 -0.0608421303 -0.009800612 0.00934690144 -0.0172905661 0.00543379132 -0.0160297602 -0.017368542 0.00674495474 -0.00346624758 -0.0254242457 0.0146448109 0.0106190117 -0.0061361203 -0.0128468443 -0.0181294009 0.000705383718 0.042036593 -0.0353673063 -0.00188960321 -0.0452988818 -0.0339794606 -0.018578859 -0.0078980308 0.0096613504 0.0201026462 0.0298263188 0.00656437781 2.15640175e-05 -0.0426612981 0.0299996138 0.0207996927 0.0298649669 -0.0385625176 -0.0294988304 -0.014615817 -0.0183714367 -0.00745015219 -0.0476535968 -0.0174464248 0.0279954635 0.0213001892 -0.0862297863 -0.00657025352 0.0176688321 -0.0260998607 -0.00282672932 -0.0275435187 0.0147340279 0.023875678 -0.0328982733 0.0077995765 -0.0328878835 0.0102437241 -0.0266588237 -0.0104248226 -0.00623179879 -0.0268670581 -0.0026006056 -0.0125421286 0.0687584504 -0.00952538103 0.0383465439 0.0331897289
0.0156563241 -0.0609931946 -0.00461648311 0.0105492901 -0.0266235992 0.0104907406 -0.0311249252 -0.000187521451 0.0105749415 -0.00906589907 -0.0326051936 0.0151403919 0.00452475622 -0.00125896651 -0.000722076744 -0.0219136402 7.03763217e-05 0.01289827 -0.0365919396 0.0124186613 -0.0370021053 -0.0188926347 -0.000324154273 0.00380927767 0.0205456 0.0212426372 0.0265017338 0.00815899298 -0.00351861259 -0.0599010587 0.0396345332 0.0217388347 0.0348325707 -0.0387207046 -0.0221985653 -0.0229995232 -0.0145298205 -0.0155071486 -0.029344691 -0.00653889216 0.0202454552 0.0272495449 -0.0897306353 0.0123250037 0.0134395473 -0.0301468093 -0.00608214689 -0.0269594248 0.0063856598 0.00783218071 -0.0366007388 0.0206852481 -0.0236202106 0.0145169906 -0.0298635121 -0.0360917524 0.00106303487 -0.0294697024 0.00502445083 -0.0276880134 0.0516257621 -0.0077363695 0.039369382 0.0220685042
0.00229309406 -0.0649238676 -0.0119025847 0.00398348132 -0.0265335515 -0.000124501996 -0.029198328 -0.0199304074 0.00140769524 -0.0100515317 -0.0402330458 -0.00704977103 -0.000587519258 -0.0140935937 -0.0150681008 -0.0319133252 0.00284469873 0.0146300755 -0.0372867882 0.00219475571 -0.0603722706 -0.0325460508 -0.020012578 -0.0154699944 0.00897844322 0.00648853555 0.027705906 0.00515417382 -0.00582420034 -0.0625362843 0.0262596607 0.00689136609 0.0150133818 -0.0527581982 -0.047639396 -0.0330869742 -0.0282304548 -0.0215642713 -0.0582674369 -0.0252341107 0.00902414229 0.0150090624 -0.108193398 -0.00698104873 -0.00154070463 -0.0387595147 -0.0171524733 -0.0355324298 0.0145992301 -0.00345357182 -0.0361502096 0.0125338649 -0.0345007442 -0.00503350655 -0.03858741 -0.0322449431 -0.0085490644 -0.0440787598 -0.00684481114 -0.0280890092 0.036721237 -0.0151857436 0.0282050185 0.0365215614
0.0340765081 -0.0448303968 0.0159735084 0.0318871811 -0.00777046196 0.0337188467 0.00561424065 0.0379778929 0.0415453948 0.00695022196 0.00196524616 0.0486689731 0.0286032725 0.0194633286 0.0100070564 0.00277782604 0.00609673653 0.0421246812 -0.00208135322 0.0313372761 -0.0162788723 -0.00872110575 0.00742439926 0.0232324116 0.0347758681 0.0493235439 0.0405954979 0.0263194386 0.0227354541 -0.0193909742 0.0551599413 0.0536664724 0.0508455932 -0.0356986932 0.00233157538 0.00479847193 -0.00257670414 0.0170886274 -0.0199530348 0.0189248137 0.0430780873 0.0404970497 -0.0532689467 0.0293549933 0.0392570421 0.00796747766 0.0206436329 -0.00715066679 0.0276347585 0.0425019301 -0.0150930183 0.0269449279 0.00547103956 0.0503194779 -0.0151283992 0.0135418791 0.0221934989 0.00819691829 0.0159552116 -0.000752774999 0.0808115751 0.0122747067 0.0506819263 0.053366594
0.0160810873 -0.0598043837 0.00836859923 0.019204367 -0.0219731312 0.00915668253 -0.00925478712 -0.00126640685 0.00375711871 -0.0132233258 -0.019803334 0.0136124715 0.0124062281 0.00178651139 -0.00672162371 -0.0139326081 0.00310823321 0.0342936181 -0.0283179246 0.00801438559 -0.0280248392 -0.0170707386 -0.00452576205 0.0207969695 0.0254827626 0.0311842952 0.0322593302 0.0221341215 -0.00807260629 -0.0485649668 0.0413964465 0.02164937 0.0390277728 -0.041654285 -0.0276728794 -0.0259450246 -0.013203118 0.00793564785 -0.0404639654 -0.0162458979 0.0383882485 0.0187351033 -0.0869113877 0.00179052725 0.0260013156 -0.0324782096 -0.0094574336 -0.0280036442 0.0205479469 0.0263900384 -0.0356297232 0.00755886454 -0.0213316269 0.0254188366 -0.0361233875 -0.00367682055 -0.00137987733 -0.0357403569 0.0133848023 -0.0165330544 0.0500434376 -0.00231597107 0.0358836912 0.0329210013
0.0733805895 0.00111882761 0.0732260793 0.0612496734 0.0380358286 0.0839069486 0.0400652811 0.0834169015 0.0865182206 0.0321748257 0.050888706 0.0870102197 0.0724339709 0.0540805385 0.0392493904 0.0609036721 0.0245892331 0.0982492641 0.0476921871 0.0455632024 0.0622589476 0.0284518767 0.0328638703 0.0791609213 0.0868642256 0.109278321 0.0612810031 0.0626280084 0.0417149328 0.0211363658 0.0816643015 0.109346867 0.0878572911 0.0173840187 0.0615539066 0.0413754061 0.0300165582 0.0705384016 0.00359232211 0.0618854538 0.0998451263 0.0626840591 -0.00201947615 0.0618065484 0.0642722249 0.071618855 0.0472061113 0.0208201557 0.0595500916 0.0982820615 0.00969580933 0.071760416 0.0372983441 0.0897172242 0.00741712842 0.070226267 0.0287152994 0.0648138225 0.0467404202 0.0475377776 0.126666993 0.0625232384 0.0785763338 0.0599762276
0.075436011 -0.000164715573 0.0685625076 0.0459127948 0.0291767139 0.0725431293 0.0588003173 0.0792050436 0.0703552961 0.0193546358 0.0435549505 0.0686480626 0.0728184581 0.033829473 0.0403492525 0.0475849435 0.0184653122 0.0997047573 0.0388779715 0.0566160642 0.0453748889 0.0165396519 0.0187523998 0.0705502182 0.0694658756 0.0976681709 0.0658391342 0.0651791617 0.0285068676 0.0226460341 0.0797351226 0.0974525064 0.0904251933 0.0123784933 0.0437867343 0.0401535742 0.026220521 0.055950664 0.004738166 0.0401610918 0.0965704471 0.0534613729 -0.0133946259 0.0625971779 0.0514458641 0.0595986098 0.0587811135 0.0236620419 0.0509901196 0.095820874 0.0137573732 0.0650007278 0.0341750979 0.0777859539 0.00934911426 0.0650452599 0.0302353669 0.0598009713 0.0388638079 0.0478952006 0.122745544 0.0464428551 0.0693590641 0.0666590184
0.0397703424 -0.0450150371 0.00414654706 0.031792812 -0.0139486529 0.0270906165 0.00128284842 0.0192323606 0.0290643945 0.00182700716 -0.00553668104 0.0211881977 0.0303633641 -0.000147391111 0.0161384437 0.0049644541 0.010657452 0.043858353 -6.48510177e-05 0.0081866011 -0.0164487995 -0.013263532 0.0137790442 0.031965632 0.0352077782 0.0519861877 0.0440034047 0.0249156561 -0.000449164188 -0.0464366302 0.0510670878 0.0415775403 0.0436854549 -0.0241934955 0.000213785097 -0.0148849264 -0.00233215839 0.0180154443 -0.0412889086 -0.0046955701 0.0493036807 0.0187538974 -0.0750851482 0.0220837221 0.0180143192 -0.00852502603 0.00469030533 -0.0182757322 0.00808354467 0.0393266231 -0.0164377578 0.0165865514 -0.0033069253 0.0362098888 -0.0189853311 0.0102867633 0.0138980336 -0.000840278808 0.0189547017 0.00609853119 0.067238085 0.010222327 0.0463900641 0.0334329307
0.046252314 -0.0351675339 0.040793132 0.0333262086 0.0136981932 0.0471975952 0.0184760168 0.044175677 0.0532695763 0.0182242468 0.00715593388 0.051761888 0.0422823131 0.0304871034 0.00351794926 0.0208654776 0.00588889141 0.0689742416 0.0109717492 0.0299030617 0.00304502621 0.0102794105 0.00750062801 0.0292187184 0.0537310205 0.0623906963 0.0420048907 0.040803317 0.0224863626 -0.0153990323 0.0466441698 0.0763849542 0.0624282509 -0.010850938 0.0132911932 0.0180654023 0.0088285245 0.0302771665 -0.0132689113 0.0267315917 0.062627539 0.0399142988 -0.0507581383 0.0289177392 0.0413643979 0.0199854188 0.0226710811 -0.000807123259 0.0398189351 0.0667577982 -0.0105940839 0.0458400622 0.0107682906 0.0479291044 -0.0126008699 0.0286784153 0.0108735105 0.015441766 0.0273287278 0.0152311623 0.101848215 0.0338082463 0.0545759611 0.0484260991
0.00535350665 -0.0726346448 0.00792944245 -0.000133353285 -0.00269494392 -0.00225471542 -0.0182149559 -0.0201528892 -0.00165178208 0.00391130149 -0.0438358895 0.0122570973 0.0220758803 0.00139246415 -0.014640511 -0.0129301809 0.0077163754 0.0281415563 -0.0356771126 0.000105883926 -0.0352183506 -0.0130473077 -0.0111409854 -0.00896352343 0.0196565464 0.0182892811 0.017140286 0.0141425189 -0.00642341375 -0.0424088389 0.0477621071 0.0182480253 0.0299768932 -0.0514959618 -0.0424429588 -0.0225859787 -0.0242014844 0.00166084268 -0.048355937 -0.00831179507 0.0311035756 0.0177480951 -0.0954129249 -0.0181884728 0.00743316114 -0.035442885 -0.0228073858 -0.0312012397 0.0155820502 0.0111328959 -0.0413161367 0.00936484709 -0.0285669602 -0.00429404434 -0.0333205685 -0.00589863723 -0.0154493069 -0.030434072 -0.000874979421 -0.0325374827 0.0592350587 -0.00841339119 0.0337960869 0.0364049897
0.0443913527 -0.0217469428 0.0358681902 0.0432431921 0.00190435816 0.0423374698 0.020903334 0.0501223579 0.0614877976 0.0169272963 0.0120340697 0.0487819202 0.0434032418 0.0212506391 0.0204320457 0.0232736897 0.0205921438 0.0537921786 0.0216878504 0.0355721675 0.0150634637 -0.00461829919 0.00604388583 0.0488682017 0.0449473225 0.0655940399 0.0343158394 0.0522960201 0.0227895007 0.00809002575 0.0628383011 0.0789949894 0.0564408489 -0.0205524378 0.02903248 0.0203296971 0.0122952396 0.0374398753 -0.0157681089 0.03090748 0.0611421913 0.0480310768 -0.033455357 0.0403015316 0.0399295352 0.0256811064 0.0260032807 0.0146764433 0.0468159579 0.0665042773 0.000186491292 0.042695798 0.0236607306 0.0628575236 -0.00299093314 0.0346580222 0.0311984979 0.0263191611 0.0227007288 0.018849792 0.0852164999 0.018494783 0.0546908714 0.0583137572
0.0583781824 -0.0134273106 0.0492357761 0.0507636704 0.0271475762 0.0754308179 0.033860676 0.0598222837 0.0683893189 0.0306754932 0.0434893519 0.0565333739 0.0436236113 0.0239210464 0.0238791071 0.0329534188 0.0243849382 0.0764625967 0.0220165309 0.0422568992 0.0144571327 0.013434398 0.0221304968 0.0600747839 0.0596102588 0.0780314952 0.0556523167 0.0486213863 0.0404086746 0.0139103597 0.0739827454 0.095328927 0.0765440464 -0.0179047026 0.0600483641 0.0292803627 0.0166212358 0.0417872891 -0.0158889312 0.0310978517 0.073941268 0.0441555455 -0.0337104164 0.0570347384 0.0546353832 0.0316804759 0.0426606536 0.0414817706 0.0488012359 0.0813571364 0.00547468569 0.0463959947 0.0184837878 0.0754116476 0.00609336607 0.0360723734 0.0302478801 0.0402569622 0.0248397253 0.020318497 0.120126806 0.0378611609 0.0611382499 0.0530894585
-0.0031209942 -0.0520489328 -0.0151542537 0.00482788356 -0.0276394859 -0.00656826561 -0.0362974256 -0.0216283668 0.0053853225 0.00594760757 -0.0380371287 0.00807316042 0.0133639723 -0.00995943788 -0.0182713363 -0.0215903707 -0.0146500431 0.0265584942 -0.0316335894 -0.00388455205 -0.0555988587 -0.0460887551 -0.0308486335 -0.00866960641 -0.00348608382 -0.00131815765 0.0220650602 0.0011910107 -0.0139284115 -0.0672414079 0.025105631 0.011536466 0.0168714076 -0.0538270213 -0.0426229499 -0.0340428203 -0.036060188 -0.0161720812 -0.0607702024 -0.0197929963 0.0260732491 0.0169261843 -0.0867535695 -0.00896117836 -0.00559896976 -0.0346177518 -0.00846989546 -0.0619158894 0.00300657935 -0.0068253465 -0.0378020853 0.00566308806 -0.0361676067 0.00514119118 -0.0329503305 -0.0203820411 -0.0178070329 -0.0280753076 0.00297466666 -0.0345316231 0.0344085842 -0.0278941635 0.0360190049 0.033367876
-0.00275409315 -0.0714984983 0.00407665502 0.000140275341 -0.0174467526 -0.0278890878 -0.0274192505 -0.0225151107 0.000490227714 -0.0136156008 -0.0507874414 0.00585141685 0.0114090303 0.00440219603 -0.011637615 -0.0259215143 -0.0275085382 0.029602319 -0.0404544026 -0.000507427379 -0.0434470586 -0.0301938355 -0.0305841975 -0.0134304697 0.00210408866 0.0146501735 0.0232896619 0.0151698291 -0.00952417683 -0.0519890673 0.0341494121 0.0121114533 0.0224198066 -0.0425699241 -0.0575290434 -0.0291404389 -0.0255811568 0.00357522536 -0.0525363535 -0.0243650638 0.0305122789 0.0123366062 -0.0933188796 -0.0143472888 0.0131861512 -0.0375910327 -0.0143174194 -0.0485596508 0.0145793408 0.0140715688 -0.0603717193 -0.0153723489 -0.0195823945 -0.00394536322 -0.0261419266 -0.0172286686 -0.00472422503 -0.0385938585 0.00773808034 -0.0208374262 0.0438848734 -0.0177113209 0.0316983014 0.0333831012
0.0682929084 -0.0178170223 0.0512495451 0.0459901206 0.00823412742 0.0568244271 0.0317515768 0.0626995862 0.0684268102 0.0112164654 0.0182176977 0.0540365987 0.0594870411 0.037552502 0.0307488497 0.0430597551 0.0147744948 0.0828982368 0.0216242932 0.0382567346 0.0368085168 0.0181027744 0.0193232875 0.0448989943 0.0653988868 0.090159893 0.0543372296 0.0500143617 0.0281115137 0.00405444764 0.0742017776 0.076935485 0.066119425 0.00277352706 0.036736995 0.0341253467 0.00844686758 0.0428343751 -0.00958150066 0.0315685496 0.0719052255 0.0457160063 -0.0125797139 0.0506573245 0.0455634147 0.0552512035 0.0436696336 0.0118005006 0.0435255095 0.0705459267 -0.00142295123 0.0497382805 0.0240367129 0.0617702492 -0.00275018159 0.0551472977 0.0293968823 0.04668938 0.0330213308 0.0296315979 0.108496107 0.0442882515 0.0684232712 0.0646410808
-0.0457109623 -0.108065449 -0.0508879311 -0.0347642079 -0.0637789518 -0.0623717904 -0.0675158724 -0.0708153397 -0.0581408516 -0.0423366427 -0.098571822 -0.0297632739 -0.0288443398 -0.0246979278 -0.045128189 -0.0781537443 -0.0243816003 -0.0182428714 -0.0916251689 -0.0358879082 -0.106614903 -0.0640563369 -0.0602720305 -0.055337891 -0.0364869125 -0.0719783232 -0.0181063283 -0.0256881341 -0.0594715253 -0.0955636501 0.00478440337 -0.0410811566 -0.0057801865 -0.0873272866 -0.105813846 -0.0835050941 -0.0649085939 -0.0612899438 -0.0875174999 -0.0498591214 -0.0189769324 -0.00675772596 -0.150493756 -0.0570727885 -0.0199724194 -0.0936923325 -0.0598025844 -0.0836048946 -0.0361942276 -0.0412772782 -0.0578478724 -0.0249861144 -0.075639762 -0.0490064919 -0.0684601665 -0.0646319166 -0.0428491198 -0.111273333 -0.0311263539 -0.0876963586 -0.0129408464 -0.0660939366 -0.00891273096 0.00833348557
-0.00836874358 -0.0823843032 -0.037636131 -0.0175335519 -0.0316711441 -0.0259578209 -0.0506888106 -0.0425833277 -0.0205406249 -0.0146427415 -0.0530262589 -0.00696968427 0.00790512003 -0.0268254876 -0.0161467493 -0.0440563187 -0.0096741803 0.0158456787 -0.0522637106 -0.0222203713 -0.0758754909 -0.0532326736 -0.0174825657 -0.0286559314 -0.0222040713 -0.0179634988 0.00603905134 -0.0111152139 -0.0351195708 -0.0795051306 0.0227442682 0.00379320513 0.0200253464 -0.0647764355 -0.0545093678 -0.0426891074 -0.0327324159 -0.0426154956 -0.0572321378 -0.0369553715 0.00600484014 -0.00281168334 -0.125704676 -0.026175661 -0.00667212903 -0.0639674142 -0.0382759608 -0.0405418128 -0.0222684722 -0.0324424207 -0.0372103378 -0.0237315092 -0.0522898212 -0.0110743027 -0.0367061645 -0.0293507855 -0.00910868216 -0.0647666827 -0.00884656888 -0.043173641 0.0263147205 -0.0342305712 0.0130091906 0.0214234293
0.0130245164 -0.0695759207 -0.0168411676 0.00770239206 -0.0216671862 -0.00712279696 -0.0264060777 -0.0142728314 -0.00941346027 -0.00941184163 -0.035413485 0.0118445158 0.00626376923 -0.00766517036 -0.00601851847 -0.0185477305 -0.0111335404 0.019136101 -0.0547858924 -0.000220494345 -0.0551293418 -0.0359273404 -0.0108105503 -0.0114897247 0.0124517512 0.0200270824 0.0296621192 0.00448108371 0.00205912348 -0.0522552393 0.0378510766 0.0119351642 0.026070863 -0.0420734063 -0.0329054929 -0.024964368 -0.0209716968 -0.00647753617 -0.0429554917 -0.0228181705 0.0180196017 0.0138649046 -0.102430806 -0.000323344022 0.00941634364 -0.0273430701 -0.0269290768 -0.0357940346 0.00901710242 0.0022926887 -0.0374353379 0.00965892058 -0.029688241 0.00155301474 -0.0204078257 -0.0218127947 -0.00164448656 -0.0309885796 -0.00500061549 -0.0196820013 0.0430151597 -0.0144704152 0.0274260379 0.0253648981
0.0320977382 -0.0437791869 0.024536103 0.0169623122 0.0118266037 0.0181075372 -0.00492980471 0.0123540536 0.0173288621 0.0130298473 -0.00360921398 0.0375668332 0.0332842879 0.0166853424 0.0107408687 0.0114080962 0.00324720517 0.0360424966 -0.0163816251 0.0193035547 -0.0060943896 0.00545374397 -0.00325446762 0.021555502 0.0374029689 0.0481430963 0.0295270234 0.0279800147 0.0252818856 -0.0237215478 0.0536822453 0.0609566756 0.0509177074 -0.0238693748 0.00048423931 -0.00356602087 -0.00366236083 0.0205853563 -0.0303692892 0.0209539644 0.0615563206 0.0276452973 -0.0633731931 0.0211967938 0.0169295967 0.00353608234 -0.0123918457 -0.0119482083 0.0270700324 0.039422296 -0.0168687496 0.0213100556 -0.00827392191 0.0290240478 -0.0177908316 0.0213291943 0.00452368706 0.00270362198 0.0149847372 -0.00807556603 0.0769156218 0.00708934665 0.0393945277 0.037435241
0.0575400218 -0.0293055587 0.0289377552 0.0464112312 -0.000526307151 0.0517645702 0.0166220069 0.0277203731 0.0563469753 0.0143795367 0.0166294985 0.0475082323 0.0496135876 0.0154662952 0.0113880858 0.0282748714 0.0151953632 0.0666482747 0.00976306107 0.0296526477 0.00685422588 -0.00784346368 0.00473077875 0.0288522728 0.0432396196 0.0683912784 0.0513488613 0.0452328809 0.0156815499 -0.0187860802 0.0562392659 0.0672605187 0.0697238743 -0.00251952 0.00846862793 0.0245329514 0.00333813578 0.0284116976 -0.0160908904 0.0226111971 0.0592593625 0.0468113348 -0.0460715741 0.0351862833 0.0327638835 0.0251117777 0.0294632576 0.00112337992 0.0451670066 0.0590127185 -0.0188001879 0.0289291814 0.00682140328 0.0574411079 -0.0155549645 0.0367250368 0.018558681 0.0131950835 0.0124302236 0.0414732881 0.0817997083 0.0264134146 0.0549122728 0.0510640591
0.0160666145 -0.0430391952 0.0253831949 0.0201431531 -0.0124190673 0.0201116521 -0.00504129753 0.0181845073 0.0223130882 -0.000320950523 -0.0184667408 0.0336253718 0.0210750531 0.00939271692 0.00460889982 -0.00191419944 -0.00144960266 0.0469297431 -0.0104943849 0.0214657784 -0.0164985787 -0.0118193049 -0.0077663376 0.0306213312 0.0311835874 0.0467199646 0.0239364617 0.0233730376 -0.00292459922 -0.0285016019 0.0385251828 0.0414346568 0.0412163287 -0.0355148837 -0.0106513798 -0.0106359795 0.00144320168 0.0111565432 -0.0236497894 0.00785656087 0.0498523191 0.0348051414 -0.0673008114 0.0195506439 0.0270528719 -0.01204402 0.00228375522 -0.0232288968 0.0288136043 0.0393205509 -0.0262937192 0.032508187 -0.00607047323 0.0343236774 -0.0283250902 0.00551966857 0.00323331449 -0.00301395892 0.0276679173 -0.0148348724 0.066695258 -0.00856254902 0.0477278084 0.0387330689
0.0666738674 -0.0156026939 0.0474573672 0.0357384346 0.00372511148 0.058101479 0.0355663151 0.0474211387 0.049310796 0.0143437395 0.0280962028 0.0395637229 0.0574112609 0.0161457006 0.0234809108 0.0324625485 0.0205507632 0.0719032437 0.0154169165 0.0339192748 0.0205160417 0.00654678233 0.0120784482 0.0518093891 0.0558896102 0.083447434 0.0589161739 0.0449342281 0.0141305551 -0.0101643158 0.062802881 0.0719039664 0.0839934349 0.00109370984 0.0241812766 0.0144836772 0.00159621146 0.0358065367 -0.0151184043 0.0232250281 0.0732520819 0.0351302959 -0.027980024 0.0419794433 0.0320700407 0.0253120698 0.0394422486 0.011021683 0.0332874879 0.0796860605 -0.00565358205 0.0509456545 0.0154909808 0.0675983205 0.00221002474 0.0427912772 0.0116029233 0.0349469185 0.0286372397 0.035177581 0.104719788 0.0346278846 0.0547854155 0.0560147092
0.0762670189 0.0017201202 0.064809747 0.0523485206 0.031508103 0.0737717897 0.036226768 0.0692657307 0.0871866494 0.0248919576 0.0391160473 0.069489941 0.0801336914 0.0425779894 0.0341304429 0.0578721575 0.0285743475 0.0912843496 0.0445964821 0.0370148346 0.0393071398 0.0255521461 0.0353714637 0.0634549931 0.0711224154 0.10009978 0.0541130044 0.0665539429 0.0372715853 0.0128512289 0.0762003362 0.0966489911 0.0805857778 0.00926693343 0.0483638681 0.042967122 0.0141502395 0.0467546359 0.00441911677 0.0393765792 0.0926416814 0.0515881255 -0.0165964048 0.0572052449 0.0494677201 0.0481528305 0.0458767042 0.0220970754 0.0458467267 0.0895559788 0.0103546064 0.0499178618 0.0308287926 0.0725558847 -0.00966065191 0.061052084 0.0383577496 0.0518944338 0.032057777 0.0476817265 0.119270906 0.0542889237 0.061880976 0.0602418184
0.00752482191 -0.0585412122 -0.0153924003 -0.00686238334 -0.0083012525 -0.0027459464 -0.0326479077 -0.0348579064 -0.00531286746 0.00521061569 -0.0367230885 0.00397682283 0.0128105637 0.00143353082 -0.0192798376 -0.0334280878 0.003274858 0.025319647 -0.0426008888 -0.0132052759 -0.0614052042 -0.0282171201 -0.0220731553 -0.0204088558 2.24076211e-05 0.00758048613 0.0256066248 0.00674982835 -0.0145361014 -0.0665626079 0.0237878338 0.00675842818 0.0219886117 -0.0325824469 -0.0473013967 -0.0283727013 -0.0254855789 -0.0168136638 -0.0593088642 -0.0166860037 0.0152697824 0.0014576707 -0.102643542 -0.021073468 0.0194503218 -0.0366522968 -0.0205518082 -0.0346126035 0.00204201974 0.00107185589 -0.0399896577 -0.0151922069 -0.0411075838 0.00701887487 -0.0349513218 -0.0100324061 -0.00450458005 -0.0441721529 -0.00807650574 -0.0117918961 0.0444760062 -0.0165021233 0.0113832951 0.0309954379
0.0275669564 -0.0356217623 0.0202175975 0.023705326 -0.00370078627 0.0284165125 0.0092967879 0.0173547193 0.0418935791 0.0113782408 0.000479809009 0.0367268883 0.0379711464 0.00662080571 0.0199916996 0.0129669104 0.00865977164 0.0554612763 0.00567825371 0.0154015198 -0.0102580879 -0.0160514731 0.00477090385 0.0185913593 0.0318045467 0.0601931959 0.0410005338 0.0327579826 0.00989293028 -0.0281144623 0.0515459888 0.0445717536 0.0523791686 -0.0308614876 -0.0032620132 0.00258034258 -0.00726951752 0.0264071841 -0.0253182873 0.00528533012 0.0538326576 0.0258416533 -0.056652192 0.0165012516 0.0257722232 0.00668277871 0.0112220077 -0.00749736652 0.0283233617 0.0437244922 -0.0240328256 0.0286179297 0.00155300833 0.0361586586 -0.00993945077 0.0199598242 0.01460048 0.00634043524 0.0222196728 0.0192766488 0.0778404325 0.00985830929 0.0455971956 0.0475996286
0.0814840794 0.00562204234 0.0757723525 0.0569478199 0.0283828992 0.100583628 0.0541091785 0.0883591324 0.0875625014 0.0197139997 0.0495749153 0.0841050744 0.0714720935 0.0461566858 0.0355722085 0.0559959859 0.0321838185 0.108575329 0.0583891682 0.0443153232 0.0584081449 0.0343984999 0.0303508546 0.0890006721 0.0824736804 0.111844949 0.0620709211 0.0650175065 0.0301614366 0.0292777419 0.073987782 0.117203146 0.0856950432 0.0265253577 0.0658705533 0.0485882014 0.0323240049 0.0718519017 -0.00178120378 0.0482021123 0.114360854 0.0522743985 -0.00331991911 0.0639670715 0.0648012236 0.0654227883 0.0582843721 0.0422783159 0.0566651672 0.117363751 0.0221755281 0.0737557858 0.0320681557 0.0948819816 0.00543389376 0.0823101178 0.0336276591 0.0680352524 0.0493018515 0.0593562871 0.135412946 0.0531365164 0.0788820684 0.064366661
0.0790204108 -0.00530799199 0.062034864 0.0533446968 0.0310413558 0.078843303 0.0552543029 0.063039884 0.0707199052 0.0218703151 0.0359366871 0.0575113669 0.0601125285 0.0367184617 0.0252906308 0.0469920561 0.0316625461 0.0894344598 0.0368665345 0.0473641194 0.0240877569 0.0182572324 0.0212731007 0.0645383149 0.0669891611 0.107136361 0.0634013563 0.0635690168 0.0364391133 0.019300539 0.0770283416 0.0959839299 0.0928381681 0.00755861774 0.0390057713 0.0408109091 0.0216711797 0.053907983 0.00402889261 0.038760446 0.0830624551 0.0537047982 -0.024499692 0.0428444445 0.0635195002 0.0467317812 0.0433144718 0.0411542356 0.0548823513 0.0925288275 0.00343846111 0.0581228882 0.0270144492 0.0747346133 0.0121620614 0.0573494509 0.0296148621 0.0480121821 0.0320953242 0.0535010882 0.114105925 0.045642674 0.0572545752 0.0724297538
0.00719146244 -0.0721351132 0.00465360936 -0.00845157728 -0.0276871994 -0.0117930612 -0.0316587314 -0.01756786 0.00333282026 -0.00778058358 -0.0515903085 0.00989458524 -0.0025206767 0.00746906921 -0.0191170629 -0.0360337198 -0.0131180342 0.0189611465 -0.0528138131 0.00242734421 -0.0485083051 -0.0259119738 -0.0356312096 -0.00732950727 0.0147147439 0.00026081223 0.0087362621 0.00233649835 -0.00745307654 -0.0464057028 0.0209147595 0.0205474179 0.0153411403 -0.0413776003 -0.0434119441 -0.0318058953 -0.0293875281 0.00258081569 -0.0413973331 -0.0124694034 0.0287344903 0.0127000697 -0.087328352 -0.0163634233 0.0121972226 -0.0329866223 -0.0286287591 -0.0382320099 0.0152682336 0.00952998362 -0.0357711017 0.0058286963 -0.0306035671 -0.00030214584 -0.0271071028 -0.0216288194 -0.00750456192 -0.0328911766 8.2639046e-05 -0.0285605546 0.0486183688 -0.0178491622 0.0239290446 0.0413324088
0.044620242 -0.0231966805 0.0374256447 0.0475515984 0.0156689212 0.0452155918 -0.00359738059 0.0386318751 0.045517467 0.0235997736 0.0236830357 0.0525975376 0.0408043005 0.025979491 0.0212301128 0.0262178965 0.0134281386 0.0624612272 0.00482991245 0.0290533751 0.0190283209 0.0010649208 0.01985557 0.0358579159 0.049283646 0.064641431 0.0413241424 0.0406194292 0.0375377983 -0.0135414023 0.0557052307 0.0778983235 0.0605230853 -0.0116914138 0.0300254617 0.0234993193 0.0077509461 0.0347787663 -0.0201268233 0.0214887597 0.068533428 0.0375110283 -0.0414541028 0.030444596 0.0328661948 0.0285284575 0.0247469395 0.00389145454 0.0516916141 0.0520257168 -0.0106113823 0.0365341827 0.00697419792 0.0584243797 -0.00530901551 0.0199868232 0.0199855082 0.0163816027 0.0254459865 0.0172991157 0.0927534401 0.0317096226 0.0573301502 0.0442759171
-0.0267839972 -0.0934255421 -0.0425001904 -0.0169969723 -0.053275004 -0.0377911776 -0.0690033734 -0.0585923195 -0.0331237614 -0.0181164499 -0.066404894 -0.0144095477 -0.0174072925 -0.016070934 -0.0297581851 -0.0609769635 -0.0256720986 0.00247182325 -0.0723276287 -0.0189291369 -0.0918038785 -0.0671974272 -0.0494542122 -0.049395714 -0.0217154454 -0.0386235975 0.00929642655 -0.0211881101 -0.0368240252 -0.0967099369 0.00778891798 -0.0319681764 -0.0032526704 -0.0589212589 -0.0903552622 -0.0646421015 -0.0419023447 -0.0440831631 -0.0734933168 -0.0551837757 -0.00691159442 -0.000641692895 -0.131722376 -0.0386389904 -0.0133921616 -0.0680355355 -0.0431916341 -0.0748933926 -0.00863740779 -0.0321529098 -0.0530340299 -0.0242743045 -0.0704918951 -0.0222720299 -0.0472237729 -0.0439892448 -0.0230409224 -0.0839503109 -0.0165121853 -0.0441003628 0.0020354609 -0.0538490638 0.0116121974 0.014183973
0.059430439 -0.0185520668 0.0645620599 0.0485804304 0.0288185403 0.0804463327 0.033209525 0.0665873736 0.0566080436 0.0117543647 0.0343394466 0.0603853986 0.060587965 0.0271845683 0.0331941172 0.0373756923 0.030489143 0.0856754035 0.0322400741 0.0314309262 0.0309557617 0.0174623132 0.0284108464 0.0499679744 0.0779331848 0.090096347 0.0668601394 0.0576611757 0.0334712081 0.00565709826 0.0705982149 0.0921996087 0.0737043768 -0.00524061732 0.0403738394 0.0364886224 0.0265264623 0.0421539508 -0.00379253551 0.0393292978 0.0714483261 0.0637257248 -0.0272365753 0.04391931 0.0688266829 0.0422963053 0.0427763946 0.00665759621 0.0579525754 0.0825951323 0.00163120357 0.0708417892 0.0388740711 0.0802012533 -0.0021449374 0.0358070359 0.00672370382 0.0337651782 0.0384033062 0.0363940373 0.106507778 0.0424078219 0.0621111579 0.0692415535
0.0360772982 -0.0605241843 0.00014865445 0.00355312694 -0.0181194842 0.0137955192 -0.0203005839 0.000269848388 0.0311949775 -0.00173042528 -0.0308577605 0.0180741027 0.0267010834 0.00654422119 0.00602274481 -0.0131731331 -0.00190269761 0.0369534194 -0.0183983389 0.00465285219 -0.0268019661 -0.0123122614 -0.00638559833 0.00535051106 0.0189446956 0.0298328158 0.0320772305 0.0178561546 -0.000921189901 -0.0458060801 0.0289038718 0.025845537 0.0389772654 -0.013456203 -0.0361478142 -0.0119772386 -0.019586321 0.00520797074 -0.0319045298 0.00752416812 0.0377031192 0.0180600472 -0.0644862205 0.000945109874 0.0166714266 -0.00958495401 -0.00388409384 -0.0257491078 0.00419190433 0.0255569443 -0.0324637182 0.0153916571 -0.0153776342 0.0214547291 -0.0325674787 0.00367339514 0.001243148 -0.0139996856 0.00791362859 -0.00017736014 0.0693465546 0.00800684933 0.0310999397 0.0388576463
0.0389185213 -0.0187282022 0.0391006246 0.0422832891 0.0160191432 0.059975002 0.01784987 0.0452938825 0.0712922364 0.0162167903 0.00458333595 0.0532288998 0.0454226434 0.0266726185 0.0153549537 0.0307233818 0.0248389021 0.0666838586 0.0269041136 0.019667577 0.0199881569 0.0163572598 0.0168469548 0.0589309111 0.0560970157 0.0794229805 0.0418633297 0.0458342098 0.0215263367 0.000199818518 0.0692619979 0.0757460147 0.0498761982 -0.0230827462 0.0279318951 0.0138616022 0.0143402461 0.046031408 -0.0227988753 0.0297990199 0.0714132935 0.040293511 -0.037897937 0.0455684811 0.0389941931 0.0275497586 0.0231117327 0.0116427541 0.0469640642 0.0642377585 -0.0153151629 0.0519529581 0.00556433108 0.057332322 0.000721273012 0.0344873443 0.01853895 0.0305296462 0.0280955117 0.0142422635 0.101913184 0.0353507884 0.0636304766 0.0454933383
0.0112874499 -0.061243102 -0.00706492551 0.00899985805 -0.0268379077 0.000891733449 0.00560212135 0.00552996155 0.00795577653 -0.0131745674 -0.0292417016 0.0138598476 0.0172683224 -0.0116516259 -0.00737828249 -0.0196329113 0.000741119497 0.0275333896 -0.0186276026 0.0138860233 -0.027479779 -0.0316019133 -0.0208161585 -0.000401991885 0.0110910945 0.0368593857 0.0332287177 0.0136678442 -0.00534093007 -0.0408538803 0.0430480912 0.0331085548 0.0401078649 -0.0270540752 -0.0382434018 -0.00626558717 -0.0113517363 -0.000268077012 -0.0313609801 -0.0146934157 0.0417647921 0.0177537277 -0.086348176 -0.00150545314 0.0168556739 -0.0205471236 0.000539692352 -0.0253738742 0.0297657643 0.01917262 -0.0438474715 0.0120442268 -0.0100310044 0.0197247006 -0.0143779153 0.00735223619 0.00228344649 -0.0174455978 0.00932664517 6.17168844e-05 0.0602037534 -0.00913209654 0.0383007191 0.0453094617
0.0335942321 -0.0484523214 0.0360309742 0.0253562033 -0.00153981894 0.0309940316 0.0187024977 0.0217734352 0.0298413355 0.00723536592 0.00125856325 0.0371406935 0.0292251259 0.00780307967 0.0188182164 0.0103712492 0.0156082856 0.054575339 -0.00215683645 0.0274755359 -0.00215839781 -0.000795423985 0.00986687001 0.0261308644 0.0438218378 0.0485379919 0.0296523292 0.0434549637 0.00663845241 -0.0165029764 0.0581380129 0.0493693426 0.0594209284 -0.0380622409 0.00123570859 0.000783279072 0.00229601841 0.0268594269 -0.0132109299 0.0173401311 0.0405324735 0.0339772999 -0.0630094483 0.00915353 0.02944405 0.00521935895 -0.00645173527 -0.000856118277 0.0372046679 0.0508279875 -0.020213047 0.0389346927 -0.00177904498 0.0363264754 -0.0185065679 0.0253517218 0.00943332911 -0.013781175 0.02174679 -0.000101970509 0.0678305253 0.0158552751 0.0469665676 0.0471045151
0.0103552304 -0.0653175265 0.000304277055 0.00502118934 -0.0203062557 -0.00175258843 -0.017309377 -0.00624364428 -0.00739276083 -0.00861957669 -0.0336824022 0.012349939 0.00965335686 -5.40390611e-05 -0.00475728139 -0.0228800569 -0.00812069327 0.0318319723 -0.0343294665 0.0106103094 -0.0447612032 -0.0220182762 -0.023903057 -0.0073489733 0.0156376604 0.0249684043 0.0256479308 0.00868094899 -0.0123759322 -0.0596706122 0.0252857376 0.00279049389 0.030088637 -0.0413960218 -0.0427842587 -0.0239068959 -0.0317883492 -0.0177852772 -0.0419908948 -0.0129178576 0.0297082122 0.0131190373 -0.0993830264 -0.00761198997 0.0115068788 -0.0222259965 -0.0137396986 -0.0366875939 0.00545370299 0.00991981104 -0.0372579917 0.0197438784 -0.0227045957 0.00936569273 -0.0451040193 -0.0114024477 -0.012242347 -0.0323203392 0.00419968646 -0.0219712947 0.0561491922 -0.0137004619 0.024761606 0.0350541845
0.0444894247 -0.0257139914 0.0265465453 0.0206968188 0.0179780461 0.0378182083 0.0109885707 0.0212237332 0.0487147309 0.0257052574 0.012608273 0.0355690494 0.04150692 0.0209679473 -0.00234516733 0.0264635365 0.0152972937 0.06883654 -0.00367396371 0.0145863481 0.000932505354 -0.00534200016 0.0135273999 0.03361094 0.0393393785 0.0645310879 0.038971018 0.0350632891 0.0180592984 -0.0145072164 0.0553708896 0.0615471527 0.0691462904 -0.0228665117 0.014015343 0.0195313543 0.00161615852 0.0361403078 -0.0229650792 0.00687932409 0.0657771453 0.025895942 -0.04656858 0.0169516131 0.0390524156 0.00237261411 0.0209355764 0.0041507436 0.0258214343 0.0543859676 -0.0197216719 0.0198734701 -0.00282474235 0.0382657647 -0.00406948756 0.0343452469 0.0221106913 0.0175501108 0.0209459737 0.0133934207 0.102602787 0.0225751642 0.0410689563 0.044518441
0.0418855473 -0.0336684994 0.0417430475 0.0350610018 0.00429829583 0.0506380051 0.0145212086 0.0349988863 0.0507463217 0.0148647362 0.000867238268 0.0365315601 0.0324512869 0.0243362226 0.0012684036 0.021809198 0.0135445874 0.0579419211 0.00996209495 0.0286527462 -0.0108060231 0.00209693983 0.0113111772 0.0249141585 0.0445312224 0.0620937869 0.0360342637 0.0357724056 0.0143669676 -0.01243072 0.0602006167 0.0512659997 0.0538897812 -0.0267711114 0.00266371109 0.00812993199 0.00474807806 0.0225399937 -0.00724174455 0.0198182911 0.0450001918 0.0449815691 -0.048712343 0.0333319232 0.0345663466 0.0155073553 0.0146156959 0.00324506499 0.0369410031 0.046298191 -0.016636949 0.0253271349 0.00361460075 0.0400459617 -0.020212125 0.0209054537 0.0195739157 0.00914433971 0.0169542842 -0.00117820129 0.0863573551 0.0294952597 0.0495580658 0.0532953888
0.024053935 -0.047441043 0.00743946992 0.0194475912 -0.0175326169 0.0140968068 -0.0120291729 0.005808922 0.00453036139 -0.00350969285 -0.026844779 0.0201187916 0.0228018798 -0.000797597691 -0.00716474652 -0.00990696624 -0.0032860022 0.0318735689 -0.0255452674 0.0102339322 -0.0307950359 -0.0159221701 -0.0215401128 0.00868939795 0.0201775804 0.0504576825 0.0277764387 0.0174247995 -0.00389886252 -0.0531395078 0.0309519302 0.0316637009 0.040046975 -0.0328760967 -0.0155759212 0.000621174928 -0.0149680478 -0.0123121878 -0.0297242347 -0.00338529795 0.0336286426 0.0169797037 -0.0786588565 0.0109203123 0.00896666944 -0.0183889735 -0.00629819883 -0.0216358043 0.0182068553 0.0234595556 -0.0305925906 0.0230610389 -0.0140769752 0.0244855862 -0.0166805368 -0.000469352119 0.00429745205 -0.00844157673 0.010165642 -0.0185947455 0.0547685213 -0.0171720777 0.0428904295 0.0369581766
-0.0304128882 -0.0928658769 -0.0269892253 -0.0167029239 -0.0568966269 -0.031519495 -0.0502257347 -0.0570053421 -0.0287767388 -0.0237898566 -0.0620029941 -0.0197030716 -0.0330729745 -0.022824157 -0.0289157815 -0.0600458644 -0.0240190513 0.00586213171 -0.0658143982 -0.0112099806 -0.0900823623 -0.0551194921 -0.044907406 -0.0461775474 -0.0101921819 -0.0368775949 0.010814162 -0.0123062972 -0.0402752012 -0.089018628 0.0114591345 -0.0284571424 -0.0113623245 -0.0639149174 -0.0812912136 -0.0539516173 -0.0376840197 -0.0458207875 -0.0746106282 -0.0445055254 -0.0223246533 0.00240880344 -0.136005312 -0.0303398613 0.000129303895 -0.0726781636 -0.0517017171 -0.0620926395 -0.00792596582 -0.0198814441 -0.0603094138 -0.0114765707 -0.0594184808 -0.0322670341 -0.0609856844 -0.0498737432 -0.0215926208 -0.0980102122 -0.0141480369 -0.0591167323 -0.00479149073 -0.0484701619 0.0191053618 0.00933984853
-0.00399364904 -0.0862900168 -0.00954199769 -0.00209937524 -0.0298486799 -0.0131902061 -0.0339925289 -0.0349787138 -0.00237028627 -0.00567167252 -0.0444805771 -0.000400396995 -0.00277056359 0.00561340153 -0.0168375447 -0.0343827084 -0.00475397334 0.0223382972 -0.0489298105 -0.00209472049 -0.061165452 -0.0364460088 -0.0246723667 -0.0337871015 0.00189224631 -0.0153083224 0.0180968083 0.00246251654 -0.0278067067 -0.0624768212 0.0281095523 -0.0112678614 0.0179738179 -0.0581089035 -0.0688184723 -0.0466031581 -0.0291736238 -0.0247354209 -0.0601193532 -0.0184280723 0.00165176019 0.0141724572 -0.108443439 -0.0246689431 0.00829563756 -0.0398628339 -0.0280117691 -0.0397860855 0.00191605743 -0.00660859328 -0.0407609232 -0.00885812473 -0.0485859178 -0.0104825832 -0.0547624715 -0.0206487011 -0.0139062656 -0.0650936812 -0.0169693194 -0.0324727297 0.0284434184 -0.0128366323 0.016289277 0.0307080634
0.0136966454 -0.0481166169 0.0164360888 0.0214070734 -0.0134808403 0.0232428573 0.000321535394 0.0287014674 0.0340282805 0.000492429361 -0.015543567 0.0338343717 0.0310289692 -0.00104288943 0.000812351704 0.00489742868 -0.00111704133 0.0518911518 -0.000973615795 0.0118004251 -0.00899608247 -0.017403692 -0.00666521862 0.0191675685 0.025968343 0.0483953469 0.0230723247 0.0263309497 -0.00559158158 -0.0241794083 0.048937358 0.0472663827 0.0376115814 -0.0330061987 -0.00290890969 -0.000766003504 0.00467814505 0.00420923159 -0.0256905481 0.0148908207 0.0443235002 0.0357480124 -0.0590626113 0.025280159 0.0290914793 0.00274549238 0.00652069226 -0.0159297567 0.0250426568 0.0330011733 -0.0212857053 0.0277485885 -0.00402699318 0.0341522954 -0.0202938635 0.024592936 0.00818909053 0.000483181328 0.0262116883 -0.0167322084 0.0698700771 -0.00409624074 0.0554837324 0.0486983955
0.0337135829 -0.0333030112 0.0254902318 0.0237735957 0.00782727543 0.0252989456 -0.0147795407 0.016735157 0.0352290347 0.0218003504 -0.008548229 0.0348759554 0.0233523753 0.0341081247 0.011532275 0.00980524532 0.00235933997 0.0545516349 -0.00435524015 0.0226234235 -0.00649628416 0.00371414609 0.00563441217 0.0231512599 0.0375056416 0.0532390885 0.0243575238 0.0245696139 0.0106704962 -0.0294901188 0.0536948368 0.0380173884 0.0419961736 -0.0218611471 0.00417765416 -0.0130150188 0.00571632292 0.0170939825 -0.0304293856 0.0225401819 0.0374184735 0.032105647 -0.0497086607 0.0170282982 0.0213993005 0.0152475489 0.00223057461 -0.0136426957 0.0172337703 0.0384511165 -0.014711298 0.0150666721 -0.00938462466 0.0395296142 -0.0246522035 0.0234497897 0.0228985865 0.00733637344 0.023233531 -0.0213758536 0.0673267916 0.00968704838 0.0498766415 0.0341670811
0.0495083891 -0.0264460091 0.0463829041 0.0397213511 0.0122498358 0.0552386045 0.0112035405 0.0386304818 0.0520875305 0.0217234418 0.0229827724 0.0487328023 0.0484316796 0.0290560741 0.0276867114 0.0343417302 0.0124634951 0.0658068135 0.0125932917 0.0316355713 0.0162373111 0.00281663891 0.0119694686 0.0400126167 0.0512339063 0.0813865811 0.0473445728 0.0454454273 0.0211868137 -0.00849704724 0.0655038059 0.0668619797 0.0625236407 -0.0116014266 0.0268443003 0.0229458325 0.000516245142 0.0352161899 -0.019824896 0.0217574351 0.0643896833 0.0475128517 -0.039389044 0.0374938287 0.0339233689 0.0273341443 0.0276515447 0.00818910822 0.0359218083 0.070932366 -0.0119633228 0.0417320319 0.0154812522 0.0500896052 -0.0103193391 0.0322794393 0.0134221502 0.0203744825 0.0274180323 0.0214744732 0.0913186818 0.0219861381 0.0573618859 0.0475806296
0.0156295616 -0.0552931949 -0.0036510299 0.020084884 -0.0278771333 0.0312423632 -0.00888949633 0.0137808705 0.0296783559 0.00448143948 -0.0216358509 0.0236501377 0.0142486747 0.0078045344 0.00081596151 -0.0172206089 0.0142299756 0.0383107029 -0.00902579539 0.0177308116 -0.044364702 -0.0322825126 0.00312495232 -0.00353824231 0.0144700911 0.0209693499 0.0231454186 0.0126596428 0.0030040564 -0.0333582796 0.0483625866 0.0407608338 0.0279188268 -0.0455734096 -0.00628844276 -0.00922263879 0.00122983754 -0.0148259867 -0.0319493786 -0.00562830642 0.0184795111 0.0320800096 -0.0732441396 0.00898098573 0.0279239975 -0.0116737839 0.0150636304 -0.00356666604 0.0162912719 0.0074849315 -0.00721133081 0.0128544588 -0.0218342319 0.0356503241 -0.0182404853 -0.0061563584 0.0156665836 -0.0269462019 0.0130378464 -0.00699603558 0.0705375001 -0.00883432943 0.0411445796 0.0462589376
0.0301682688 -0.0361027792 0.0163730979 0.0259085111 0.000844588503 0.0339671299 0.0155117773 0.0312317833 0.045701772 0.00236297958 0.00340965949 0.0378859602 0.0354239196 0.0148481792 0.00837109052 0.0143629648 0.0233334955 0.0466284081 5.54253347e-06 0.0194879267 -0.000484893098 -0.00339931156 0.0195755903 0.0257248431 0.0436793938 0.0573533997 0.0395926386 0.0322822221 0.014233958 -0.0258136913 0.058399912 0.0566466041 0.0457626209 -0.0163856782 0.000787656754 0.00448250165 0.00509459898 0.0163410679 -0.0216735024 0.0080418475 0.0554349683 0.0360524654 -0.0595725924 0.0262562111 0.0275420509 0.0169231165 0.017596323 -0.00269911671 0.029090913 0.0419739038 -0.0190207046 0.0315844975 0.000588396564 0.0335607901 -0.0225569084 0.026097158 0.017185688 0.00414855219 0.0175702479 0.0187508259 0.0797666833 0.0208951123 0.0448390022 0.0444195494
0.043388918 -0.00989693496 0.056396246 0.0475170724 0.0132049769 0.0678285435 0.0302878115 0.0612628609 0.0684686452 0.0291401837 0.0295215789 0.0691906065 0.0495518669 0.0306084901 0.00770097971 0.0351314358 0.0227670632 0.0895565227 0.0360651761 0.033911407 0.0152685661 0.000632506795 0.0258745719 0.0536588579 0.0555050299 0.0734428242 0.0425734706 0.0530725196 0.0209467746 0.00970692653 0.0651998967 0.0923432112 0.0561509244 -0.0199880842 0.0450389385 0.0333764255 0.0305021815 0.0502045825 -0.00305206887 0.0292495321 0.0729299337 0.0498327129 -0.0336356312 0.0425692126 0.0654985383 0.0310710166 0.0381862186 0.0114754383 0.0543901771 0.0689057559 0.00593826454 0.0450886935 0.0182094071 0.0690628514 -0.00150810927 0.0516982228 0.0342414491 0.0284480415 0.0433450267 0.0284490325 0.106228381 0.0283746012 0.0616845787 0.058725819
0.049680274 -0.0297414772 0.0443966389 0.0434860624 0.00556099415 0.0571274832 0.0185252074 0.0543391183 0.0715904534 0.0133889113 0.00705359038 0.0465723574 0.0463192388 0.0226961896 0.0221620277 0.025106445 0.0185934976 0.0633951649 0.020329481 0.0333052203 0.0156076802 0.01134237 0.019131735 0.0392386839 0.0661875531 0.0764021575 0.0459661372 0.0423972867 0.0276294239 -0.011697867 0.0676659942 0.0670240074 0.0572973527 -0.00892648101 0.00861378573 0.00815261155 0.0131985852 0.0327272154 -0.0130291004 0.0332084149 0.064941138 0.0585716218 -0.0370258354 0.0435758643 0.0464851856 0.0354755521 0.0271505862 0.00573174888 0.0510099754 0.0653336048 -0.00905942917 0.0470957235 0.0199463107 0.0580941737 -0.0180625524 0.0363891758 0.0117856823 0.024578087 0.0374768041 0.0178718213 0.0945971683 0.0383028276 0.0620326772 0.0565238968
0.0221845862 -0.0583704337 0.00897988211 0.0119367801 0.00460541993 0.00486580608 -0.0161804259 -0.00128612574 0.026521191 0.0056742942 -0.0319475606 0.0323489532 0.0241101496 0.011204591 0.0020721578 -0.00575439446 0.00255415216 0.0326404758 -0.0224419925 0.00399649329 -0.0186166652 -0.00789260957 -0.00697020534 0.0150710708 0.0218355674 0.02460167 0.0241501965 0.025012413 -0.00475135306 -0.0368990898 0.0372128226 0.0326219127 0.0419292524 -0.0420142636 -0.0292747375 -0.0164936259 -0.00586737879 0.0150238331 -0.0388262942 0.0109018991 0.0380306244 0.0269406624 -0.0738259703 0.000649400055 0.0129144825 -0.0130430814 -0.0038622045 -0.0304758176 0.0196581986 0.032793615 -0.0395756327 0.0183538385 -0.0148875238 0.0250712894 -0.0254467316 0.00255376473 0.00223794207 -0.0109131495 0.0079898499 -0.0160633214 0.0565468669 0.00564180128 0.0355833396 0.0334978513
0.0375526734 -0.0190503988 0.0395607278 0.0271816105 0.0236758254 0.0365288518 0.0118663749 0.0157825872 0.0314612947 0.023143094 0.00505032483 0.0413937345 0.0297744777 0.0279415753 0.00208535651 0.0188934244 0.0137702115 0.0571013652 0.00320746214 0.0260855891 -0.00576020591 0.0013449844 0.00152729079 0.0337949544 0.0414661095 0.0655336678 0.0422560535 0.0372419469 0.02391541 -0.0163980052 0.0528775156 0.054492645 0.0569289774 -0.0256739855 0.00642228313 0.00540177617 0.0099770017 0.0366557874 -0.0283255447 0.0244844891 0.0524661429 0.0446532071 -0.0494453683 0.0237301216 0.0331521258 0.0121636502 0.0147924721 -0.00255163759 0.039045494 0.0532772616 -0.0231405646 0.0337036364 0.0035903044 0.0403083377 -0.0154998712 0.0283788294 0.0159336068 0.0155352196 0.0227531698 -0.00229370035 0.0778671801 0.0103335967 0.0412905589 0.0536270402
-0.036952313 -0.100048378 -0.0580528863 -0.0242183656 -0.0654594898 -0.0401179418 -0.0864499509 -0.0685677677 -0.0283452794 -0.0285514984 -0.0854224712 -0.0303638522 -0.0326659195 -0.0271601491 -0.0435430072 -0.0701100305 -0.0190869644 -0.027785182 -0.0775021166 -0.0248455778 -0.0975359753 -0.0536803082 -0.050968349 -0.0428078808 -0.0219825096 -0.0565965697 -0.00534396805 -0.0295871124 -0.0339349695 -0.109541342 0.00377513841 -0.0239870902 -0.0139807016 -0.0744882002 -0.0839864165 -0.0781448409 -0.0590731539 -0.0544849709 -0.0842255503 -0.0473624654 -0.0226067491 -0.00573601294 -0.145464987 -0.0418065228 -0.0262497142 -0.0922546759 -0.0550657883 -0.0802303553 -0.0143827517 -0.0491588376 -0.0575551949 -0.0207172316 -0.0727830678 -0.0444962904 -0.0585574955 -0.078222096 -0.0369946696 -0.095734477 -0.0266341977 -0.0673449636 -0.000811838545 -0.0580437779 0.00822482258 0.0038102651
0.0160297118 -0.0319546238 0.00111334515 0.0245068483 0.000561267138 0.031174697 0.00271190889 0.0203447938 0.0318649411 0.00453570578 -0.000380101614 0.046989914 0.0294262897 0.0145199634 0.0110099791 0.00891412795 0.0138407294 0.0508784279 0.00935608801 0.0194239337 -0.0101160565 -0.0102441534 0.00958454143 0.031209562 0.0223286916 0.0558096506 0.0376332141 0.0261650905 0.00796608254 -0.0287495591 0.0463211536 0.0379897691 0.0415797383 -0.0335235782 0.00294084102 -0.0105348732 -0.00196014252 0.0171926916 -0.0308517013 0.0136002591 0.049601119 0.0265069455 -0.0615033321 0.019877743 0.0188944917 0.00423805881 0.0119128842 -0.0188648663 0.0167431254 0.0226291344 -0.0242843367 0.0254331939 -0.0159058496 0.041929245 -0.0273500662 0.020891767 0.015234611 0.000128601227 0.0168431289 0.00406347774 0.0803451613 0.00550121535 0.0452093855 0.0444746576
0.0594009608 -0.011241477 0.0453101397 0.0539433733 0.0284375418 0.0707618296 0.0398421176 0.0482953042 0.0829472244 0.0268724933 0.0289953295 0.0526087731 0.0563203059 0.0350192338 0.0124081774 0.0509797186 0.020868469 0.0907677636 0.0272122286 0.031839665 0.0216712523 0.00663608592 0.0196162239 0.040692959 0.0555069037 0.0916985571 0.0616405196 0.0549794175 0.0474078357 0.0086889416 0.0698761046 0.0823098272 0.0692300498 0.00775074959 0.0278323442 0.0402659401 0.0142679885 0.0622738823 -0.012375012 0.0253690816 0.0821107626 0.0453622341 -0.0124616744 0.0379364528 0.0554113239 0.0495023318 0.0486510731 0.0252747294 0.0505925082 0.0727990568 -0.0198969878 0.0371113494 0.0183171146 0.0581259094 0.00133598875 0.0534343757 0.0295381527 0.0441266149 0.0299933646 0.0545398928 0.133322418 0.0544141196 0.0602210537 0.0578938723
0.0359883569 -0.0445911773 0.0271777511 0.0263595209 -0.000378673896 0.0370357633 0.0156016685 0.0209172219 0.0394268855 0.017071018 -0.00524415914 0.0387851521 0.0351625346 0.0235483348 0.0145034017 0.011315085 0.016536437 0.0535850674 -0.000464759651 0.0288213696 -0.00597809721 -0.00439934898 0.00759317353 0.0290486943 0.0461384431 0.0540476441 0.0398186855 0.0340563878 0.0129106045 -0.0248942897 0.0625433177 0.0603884459 0.0515739173 -0.017765468 -0.00220483541 -0.00575445732 -0.000749728642 0.0263889525 -0.0259017888 0.011065023 0.0588932857 0.0350992903 -0.0665066764 0.0120229051 0.0291682836 0.00979581475 0.00395785272 -0.00793384574 0.0340319537 0.0419591144 -0.0237470493 0.0224481933 -0.00789842103 0.0375524014 -0.0150913419 0.0155185033 0.00486884732 -0.00367735303 0.0171457212 0.0165101085 0.0775407329 0.025252644 0.044614099 0.0431797877
-0.0179148186 -0.0787644982 -0.0323373824 -0.0155756511 -0.0516795553 -0.0296729691 -0.065317288 -0.0362093449 -0.0255902149 -0.0114302449 -0.0720132142 -0.00384863745 -0.018871475 -0.0089854151 -0.0186283868 -0.0491049625 -0.0250711925 0.00697957352 -0.0610200688 -0.0094002597 -0.0734343156 -0.0471990071 -0.0363661423 -0.0314227939 -0.0153165516 -0.0266891271 0.000640908256 -0.0209621713 -0.0222801883 -0.0823266432 0.011328307 -0.0099604968 0.00127801322 -0.0598399118 -0.0625887215 -0.059605673 -0.0468009487 -0.0358450897 -0.057822533 -0.0300248787 0.00169693679 0.0104949959 -0.106258482 -0.0381216854 -0.0129020456 -0.0585300177 -0.0309952125 -0.0779699236 -0.0192541182 -0.0220562406 -0.046450261 -0.00600583479 -0.0524021722 -0.0173994172 -0.0473370031 -0.0540450402 -0.0249068998 -0.0599332452 -0.00279419404 -0.0581301078 0.0302170962 -0.0422626771 0.0199974012 0.0142396186
