-20 7 -27 24 10 -15 -4 -21 -1 1 -4 15 -12 -30 19 4 12 12 37 14 -16 -7 9 -46 37 -14 -14 19 -12 3 26 3 -24 -24 -23 -4 20 -19 7 20 -30 -2 -24 7 9 -4 17 53 -8 -3 -39 -32 15 6 -7 17 -26 5 -3 21 1 9 0 -12 -5 18 -7 -4 20 -16 19 10 -4 39 7 -26 -5 -5 -17 -4 21 -7 -23 -31 -4 -34 -53 19 1 -2 7 13 -45 16 13 -4 3 0 -7 -18 -40 5 -13 0 15 -11 -25 -6 1 -17 -8 24 36 -6 -16 -16 -37 33 -13 60 -33 9 -30 -3 35 -11 -22 -23 9 35 3 -19 -11 9 20 32 17 35 30 29 16 -8 3 20 -18 -15 5 -9 -9 2 15 -1 18 34 -9 5 9 -9 20 21 -21 43 36 -7 27 -16 -4 17 -24 5 13 -5 -28 10 -2 -19 -17 9 -9 5 -30 -10 21 13 10 -22 -11 -11 11 7 2 16 -9 7 8 32 19 -32 -2 18 -6 0 -12 -17 16 11 -26 18 -21 -28 -4 -29 -26 -17 0 -36 32 11 5 15 28 -19 44 0 4 0 22 7 16 16 16 -24 7 17 -3 10 -12 -13 36 4 -16 9 -5 17 -22 13 -28 18 2 -13 -28 -25 -13 -31 7 -25 -8 -8 3 39 26 23 20 -5 -26 4 -12 14 -19 -12 7 -18 28 -7 2 15 8 21 -51 5 -18 0 -10 5 -2 29 -18 7 -40 5 -21 3 -16 -21 41 13 7 -3 2 -9 -31 0 7 -37 -18 -4 25 -5 -25 14 -16 2 36 16 -9 12 -40 33 -12 -18 -21 25 7 14 -2 -4 -27 -17 -5 4 -26 -47 37 10 -31 35 -23 -20 -27 -13 -9 -4 10 34 -26 10 -4 7 8 15 18 1 -2 -11 14 25 -14 -54 -41 -8 8 -22 9 -37 2 -1 19 -36 -7 22 23 23 -5 31 7 -3 37 7 45 2 0 -3 2 -13 5 6 -42 2 -12 -24 -27 -8 -7 40 34 5 -7 -20 5 30 -41 -33 -15 4 -20 7 -3 0 -13 -15 -35 0 12 -32 5 -35 16 8 -5 23 10 -25 9 22 -28 11 -13 11 -15 30 -10 -35 24 1 -14 4 -25 -33 -7 -7 8 21 -30 19 38 -5 12 -9 5 22 10 29 14 2 -15 25 18 -7 -12 16 -14 38 2 30 5 5 -4 -12 10 -10 23 -9 -29 -17 -17 -29 18 21 -10 -28 7 -16 2 -27 -10 8 -3 0 11 16 -12 16 11 1 29 -22 -8 -30 6 10 31 11 -32 19 -15 -1 -4 -48 -46 5 -2 27
-2 32 37 25 6 -13 1 5 -2 26 -14 -20 -10 -6 -40 26 14 -21 16 -15 8 -9 -42 -32 -3 3 -13 -11 -27 -19 12 21 -11 5 -27 -23 -6 -11 -10 7 -4 -8 6 13 -25 -15 17 28 -6 -18 -49 19 0 9 18 -2 7 16 29 19 6 12 -4 -37 -18 26 -13 10 58 -11 5 8 -21 -12 -14 -7 12 -12 -32 2 -15 -11 -34 -13 40 -21 10 -1 7 -30 8 -17 -4 -7 23 -29 16 21 -5 2 -13 22 7 -13 26 -6 -12 -36 -4 -24 -9 -13 11 7 30 -31 2 -6 17 20 -1 4 -70 -12 -11 18 -2 6 -7 3 -22 -27 0 35 16 23 0 -6 7 27 -4 -23 -11 -20 22 -10 51 -27 -11 34 4 -32 18 -22 36 -17 -1 -1 6 -6 -21 30 13 17 41 -6 -9 -15 -10 17 -3 36 13 -1 4 -9 -13 14 -38 -36 18 -19 3 7 -13 -14 16 -16 22 13 6 8 -30 -13 -19 19 2 -9 -15 14 -23 -26 11 -11 -6 -17 25 11 13 10 45 -7 2 -6 6 0 -33 -34 13 -4 -8 -48 35 -48 -20 -11 22 28 10 33 -2 -14 -32 20 -24 -4 6 -32 13 -6 -13 -15 -6 41 -41 -22 1 2 -2 -3 -20 20 15 -20 21 -2 22 -8 4 28 3 35 41 10 -29 -19 23 16 6 -9 -14 -21 -14 -24 11 -4 38 1 -32 -19 20 5 -16 -8 23 55 -19 6 -23 15 27 5 -28 -21 -2 23 -13 7 23 5 27 -23 -10 -26 5 27 -9 14 -7 -10 22 10 -19 1 -45 30 -23 8 2 26 -7 46 13 14 -9 14 -8 -10 -7 -63 5 -16 4 -20 25 10 -13 20 -52 -13 -19 -9 30 37 9 -21 8 4 -3 17 29 -19 -29 17 -18 -1 -11 -33 -31 -2 5 -33 10 -5 16 -23 -9 10 38 -37 -4 17 -4 26 -11 -33 27 21 42 -5 -2 -13 -8 -6 -36 11 30 0 19 15 -18 -1 -19 9 12 -15 -6 -12 2 -8 19 26 -26 1 11 -7 -8 -18 -32 -14 -29 -7 4 -36 15 0 -22 30 -1 -5 25 33 -2 -24 -1 31 32 21 -1 -1 -16 -25 43 22 -17 0 -9 3 -6 -17 25 3 -2 -18 24 5 -11 30 14 14 38 -22 -14 16 19 4 20 -1 19 -28 6 39 12 33 -9 12 -3 -22 -25 -27 -12 -5 -11 2 33 -8 2 31 34 20 -6 10 -25 0 4 2 23 -28 -15 1 -29 -18 22 7 -23 -31 -22 -31 7 17 8 24 3 25 7 11 -12 -38 12 27 -3 18
9 11 -8 12 -17 2 -11 5 -7 31 12 -29 5 -25 -5 19 -2 -21 11 -1 -15 36 -26 3 -19 18 -6 -16 3 8 -11 -7 -15 -17 -49 -3 -18 -23 -2 18 -30 -2 -9 -18 -23 -11 35 1 -15 -19 -11 -29 5 13 -11 50 -13 22 14 47 -6 40 -9 -11 -6 28 9 -16 29 -10 6 13 12 3 3 4 33 -18 -25 13 -32 -20 -19 -34 18 -4 -21 18 -4 -6 -30 -32 -30 -11 12 -6 2 -27 -8 -10 -15 28 -11 10 18 -21 13 6 23 -26 36 9 12 1 -5 3 7 14 35 20 -9 25 -21 14 33 -8 -30 -9 6 15 -10 28 19 -4 20 -9 12 -20 11 18 -10 9 20 -2 0 -17 -5 0 -20 4 -13 -7 -32 -24 16 -13 13 -14 -18 9 1 35 18 -21 17 -20 -32 -30 -19 39 1 12 29 7 -19 5 2 -4 -20 11 10 -11 7 24 14 -12 -11 12 63 -22 22 0 -36 36 -2 30 47 -43 -37 -14 5 -12 -12 -14 2 -43 -5 2 -14 3 19 -7 -27 2 2 -5 -2 -25 -3 16 -13 -40 4 11 -24 -14 16 -7 25 11 -18 -5 2 7 16 16 -12 9 14 -14 -30 -9 23 17 -17 -64 -24 4 44 -11 -42 22 -8 -18 -24 -1 28 -17 37 9 24 -25 -10 16 1 -21 -1 45 -2 14 11 -5 -3 2 -23 -1 25 -4 -24 -27 -12 4 -7 20 24 31 -32 -6 -20 -11 6 -14 -5 -10 5 16 21 8 7 27 17 -24 5 -10 -23 8 4 -2 -7 27 16 7 4 -10 -14 24 0 -2 17 4 -3 48 27 8 -6 16 -5 -19 -18 3 -3 -30 -1 -9 -9 5 -11 -4 -48 -2 -17 8 18 36 25 -20 12 17 11 9 53 3 -22 -5 -9 25 -3 -38 -25 -2 -16 -16 -16 -18 16 12 23 -23 9 17 4 1 -3 -10 -8 -25 36 -23 21 12 -2 -14 8 -16 -27 29 13 4 0 -5 -1 -1 1 -4 42 -2 1 -11 11 -4 -14 16 -3 22 -21 11 -12 -5 -21 -20 -16 17 7 -36 7 -18 -8 10 -7 23 22 20 0 -30 -12 0 45 -12 -11 50 -20 -20 0 8 2 -3 6 -14 -36 -43 -3 19 -36 -10 40 14 -32 11 26 19 -18 11 -4 -5 -4 3 0 -9 13 -8 -7 24 8 41 -19 6 -17 11 -12 -13 -1 23 5 8 -15 -28 21 -2 5 -2 16 32 15 20 12 9 45 -26 -4 5 -9 33 35 -1 3 -10 -14 -13 14 -13 17 11 21 -17 -16 19 -32 -2 37 -11 20 -16
-11 -4 -1 58 7 -17 13 -23 2 38 7 5 1 -23 31 -4 8 8 20 -22 -10 -16 -5 -21 -24 19 -19 -26 -4 27 -2 17 -2 -3 -6 -34 -19 -56 0 5 1 -21 -8 3 9 18 19 15 26 9 -40 -17 8 9 -10 17 -6 -6 0 2 -13 8 25 -6 -10 1 33 5 4 -2 -17 2 -17 0 7 -2 -14 16 -8 4 -57 -22 -6 -21 3 0 4 -16 10 -5 -4 24 -5 -40 12 -24 -17 8 23 -13 -42 -20 11 18 11 -7 -2 10 12 -9 -19 23 20 36 -8 -15 -10 21 -2 29 -5 -8 -28 -17 3 18 -17 -13 20 8 24 -27 16 -40 4 24 16 35 9 -11 26 5 14 11 1 -8 21 -19 -9 15 0 9 -11 1 31 -7 -32 5 -12 12 -32 26 10 -17 15 14 -28 -20 -11 22 6 21 -13 6 20 11 -25 3 -16 -30 5 -20 14 6 6 -39 0 22 17 -4 -31 0 -13 19 -35 -1 4 -20 -25 -10 10 -3 -15 4 3 -5 -4 -29 -11 -20 25 -31 -56 -49 8 -28 -2 -9 -9 8 -16 -11 -7 -24 -12 -38 6 12 18 39 21 -42 -34 3 -2 38 25 -19 4 -18 -29 20 20 -10 -8 -24 -33 17 13 -27 -17 23 -23 -9 4 -30 25 -36 -13 0 19 -41 25 -9 -40 6 11 7 13 15 10 -6 -17 -8 -6 8 4 21 -46 -48 -5 -27 0 4 -7 25 -20 -33 -18 18 15 28 -8 -15 21 17 11 29 14 7 -8 -18 8 1 -1 21 20 0 -12 9 22 18 -7 1 -3 25 5 9 -20 10 -8 44 12 35 13 -15 8 2 -7 2 -4 -71 19 14 -2 44 -8 5 -52 -40 26 6 19 36 10 -14 9 2 -8 -11 26 3 15 -15 -2 30 -17 -49 -17 3 -13 12 -5 -17 3 -9 18 -9 -17 26 51 22 -22 35 2 -8 5 -17 -5 31 5 -2 24 -14 -15 25 6 -7 26 -20 -24 -19 -16 40 52 -23 -6 8 42 -5 -9 8 12 3 16 3 -2 -7 3 -19 -12 7 3 -17 -42 -46 25 -4 15 -19 25 8 -8 0 -11 -9 22 8 27 23 -22 14 11 -9 -42 12 -3 11 -37 -18 -12 21 -35 8 8 -19 -2 -14 19 29 -24 -13 -27 -29 13 14 20 -38 -16 21 -15 23 -11 46 -34 -14 -31 -1 -12 -29 13 14 -8 -8 -16 -34 -7 4 8 -8 15 10 2 0 2 26 -14 17 -7 8 -45 3 25 7 -9 -39 0 -40 -1 -12 50 32 -17 -31 -1 32 -12 -6 -18 29 -7 19
-5 29 -3 5 3 -6 4 -9 3 36 -16 -1 -5 -53 17 -28 35 24 -3 -17 14 12 7 -19 10 1 -38 6 10 -12 4 -1 3 -20 -18 -11 2 10 -15 2 -17 -1 -6 14 -12 27 14 15 -23 -2 -18 -17 -22 11 14 9 -9 9 -5 -28 -17 -1 -15 -30 15 18 6 -14 41 -3 27 -2 -6 15 -12 2 -23 -30 6 -24 -29 -4 10 -32 9 -21 3 -26 10 2 19 -1 0 34 6 18 -28 -3 6 -12 -22 44 -13 28 32 -7 3 5 16 -10 7 30 27 1 5 0 5 2 17 28 -15 5 -49 3 11 -24 -9 -11 4 -8 16 1 -19 16 -22 25 -1 19 8 10 -2 16 -18 28 -11 3 19 -19 -4 27 30 0 12 5 -1 -4 11 3 -7 12 -4 10 12 -9 36 12 -21 -11 -18 5 8 -9 15 12 -16 -22 -42 -12 13 3 -6 -7 8 16 9 -36 20 -15 18 21 -16 -14 2 21 -22 21 5 -49 -11 -13 -11 16 15 -15 4 -53 3 -1 12 -11 -17 -3 -15 -24 25 -43 -15 -13 5 -2 -26 -41 18 -6 -5 -12 19 31 16 20 14 -51 -14 18 -19 6 4 -38 11 10 5 7 0 29 0 34 4 -11 5 -6 6 13 16 -22 10 13 0 34 -22 11 3 -12 18 -18 -33 -1 39 -6 2 32 -10 -12 18 -21 10 6 13 22 -23 -8 8 4 -1 2 36 17 -12 15 -20 11 -18 22 13 -12 37 17 -11 -11 -51 11 -17 -36 2 -41 4 -2 9 -25 -2 6 12 0 12 22 0 18 -14 -6 3 -2 -7 20 -22 14 50 1 10 -14 -3 -2 -31 -25 8 24 -8 16 -30 10 -38 -28 -3 -13 8 20 33 -7 -8 4 14 13 -6 -15 14 -17 21 -1 9 -5 -7 -7 -9 -33 7 -28 -5 -21 16 16 -3 -27 18 -1 -19 15 -11 -31 9 -6 16 6 -8 -9 -9 1 4 19 6 -4 43 27 -23 7 -10 4 46 -10 22 1 8 -22 1 -15 -18 3 7 -10 -7 -14 23 8 -21 1 -4 -24 -1 -28 19 49 -1 -3 1 10 -3 19 -32 12 22 11 -8 0 -24 -23 22 16 7 16 -32 -3 -22 -31 12 -12 1 -27 59 21 1 21 18 47 26 3 -4 -21 0 3 26 18 15 11 20 -10 -6 4 -39 15 -13 -24 15 -37 -22 -5 -26 -14 -2 -16 2 -21 -2 6 34 7 6 -28 -7 -21 19 -12 2 -3 -8 4 14 4 -9 -27 -12 -33 15 25 45 10 -17 -20 3 12 -14 -35 -25 8 -5 7
-10 21 10 15 -35 -10 0 0 21 21 -14 3 -36 -38 -10 -22 17 -14 32 -16 20 -6 -12 -35 7 21 -18 -7 -23 -21 8 9 29 -39 -42 -38 -13 32 -25 3 -8 0 5 -5 4 -12 1 2 -14 25 12 -35 15 -7 -22 14 -5 23 22 9 -20 16 5 -26 11 40 1 21 30 -34 10 -14 10 -1 5 -4 -14 30 1 8 -27 -2 15 -55 1 -24 17 37 49 -13 1 7 0 -30 21 -4 -16 42 -21 6 2 -6 -13 -19 -5 -35 -4 -20 -5 -7 8 11 12 -4 23 4 -6 22 -11 39 -38 -27 -38 -12 24 -22 -21 25 -1 9 -14 -43 -22 -14 13 6 -13 -7 21 47 12 -3 5 -24 -55 -56 31 -8 19 -4 25 -36 9 -1 -8 8 2 17 39 7 12 25 27 0 2 -5 -5 -24 -21 -19 16 17 11 6 -10 -13 -15 -11 -6 15 -42 -24 15 9 36 -46 9 9 22 -6 -17 14 -1 10 -23 1 -14 -18 -17 9 -6 -10 -1 -11 -36 -15 -2 2 -27 -23 1 -8 6 -19 24 2 -50 -38 28 18 -5 -23 -9 -30 -14 -20 -25 -7 9 34 20 -25 -12 6 -15 5 -14 -29 -11 14 12 -8 19 24 -4 -32 -7 21 -9 -13 3 -4 12 -34 -12 -6 43 3 25 19 22 -8 4 -25 5 -7 3 21 -8 -16 21 -10 -24 -19 31 9 10 15 14 -8 -18 15 -1 3 9 13 -8 -19 -13 29 -35 13 41 -5 4 -4 15 -2 -15 3 -8 2 -43 -9 -18 -33 18 7 -23 -13 -17 13 -14 11 43 13 -9 -7 -5 -1 5 38 23 17 36 21 -10 43 -28 -17 -27 -58 30 -3 1 56 -19 24 -15 5 23 -4 27 -6 -21 12 -41 20 -44 13 18 5 22 -26 -10 22 -23 -3 9 0 -2 -4 1 -41 -12 -34 24 13 -49 -19 25 -19 -27 -4 -10 -47 31 -25 13 23 -28 -4 -7 6 9 -5 25 43 -5 40 4 -23 -13 14 42 -21 10 -3 22 -15 3 -36 -23 16 19 -11 -19 15 -30 -9 -3 4 13 -27 -27 -43 -4 25 -18 -30 20 18 14 -6 -35 34 2 43 -45 22 -43 -22 21 10 -10 -1 -36 -9 -23 3 -44 -12 -17 -14 52 -21 -27 7 27 10 -13 -17 -35 32 4 -16 42 11 -34 -1 -12 12 6 53 -24 0 -32 -11 -13 -21 -2 22 13 27 -33 19 -1 -20 16 -2 -26 3 -15 8 1 16 -18 7 -28 -7 4 -11 2 -18 -9 -47 6 -26 23 2 17 12 -28 -8 -17 12 3 10 -39 20 -3 24
9 -7 -3 25 -17 6 21 -23 7 32 -23 1 3 -29 -1 16 -5 1 26 12 16 5 -26 -8 -17 3 -14 -53 3 -21 -25 0 -51 -16 8 -12 -13 -2 -20 -1 14 17 -31 1 -16 -10 18 54 -21 11 -34 -15 -6 -10 2 6 12 7 -14 16 -16 30 -12 -40 11 48 29 2 31 -6 -43 6 -39 13 11 12 8 2 14 5 -56 3 -6 -36 29 -20 -26 -3 36 -22 -26 9 -8 -6 -14 -30 0 17 -4 3 13 16 20 -10 17 1 -27 12 -6 -25 6 13 10 18 17 -15 15 30 10 45 13 1 -42 -11 -32 27 -15 -26 2 29 6 4 -6 24 7 30 -9 2 25 43 1 13 -13 -28 1 -28 12 6 -10 25 4 -34 22 2 25 -1 -12 -3 4 -9 -35 12 23 28 -9 -2 -34 3 -17 -11 -5 55 19 5 3 -14 7 -33 -12 -10 22 -21 -14 11 11 -38 21 -15 9 -11 24 7 6 -3 1 11 23 -28 -9 21 18 3 -10 17 -22 -17 1 -19 -18 -51 -6 -5 -27 -23 19 9 2 -40 -14 -10 -16 -59 7 -13 9 -12 6 5 1 12 -1 -27 -30 -17 -18 12 1 -39 -1 -4 17 8 25 13 -28 -14 -38 18 -9 -11 2 4 -23 -18 -15 -29 18 -7 -3 7 -7 -15 0 6 1 4 25 19 24 5 45 -12 5 3 -2 5 -6 -6 -11 -4 -2 -24 -27 -5 12 45 4 -15 -2 5 -21 -29 -7 1 38 9 14 6 -19 19 5 -26 -33 -21 10 19 17 5 7 0 12 26 5 -1 20 5 -3 10 -8 -14 16 33 37 -10 0 8 18 15 -12 -31 14 -32 29 6 7 -8 10 15 -22 6 -30 -28 55 6 9 -31 38 14 5 -10 24 -16 -15 -5 -1 6 -7 3 -15 -8 -4 9 22 -23 29 -6 -3 -19 2 -20 9 1 -8 17 -44 -28 16 -21 33 13 -2 -27 -4 1 0 15 13 26 26 -3 -18 -35 -21 20 24 -22 4 -4 37 -2 -7 5 -16 12 5 -33 5 12 -2 -41 -1 3 -33 -8 -13 1 11 -2 14 4 16 -3 -19 -44 -53 4 14 33 -17 29 -29 -15 11 15 -24 21 0 32 -14 9 17 12 12 20 6 3 14 -6 29 1 -18 -6 -26 -8 -17 0 16 -26 5 -14 -17 -3 17 37 11 26 -39 -35 -36 -5 -10 15 -21 19 -16 10 -4 17 3 33 11 -13 -8 7 24 13 11 -7 -9 -3 6 -6 29 -7 -1 -42 31 -36 25 -3 39 0 22 -19 5 23 -18 -16 0 23 -3 -10
-11 15 12 -3 5 -18 5 -22 -9 7 -14 -32 -1 -36 -2 -5 -4 -10 28 9 27 13 -14 -39 22 0 9 -7 -8 -34 14 -12 -10 39 -5 -5 37 -11 -10 15 7 14 -1 -10 -23 -2 38 3 -4 -2 -40 -12 9 14 -10 -3 -8 -7 -21 11 -42 13 -14 1 -5 7 3 -22 34 -6 5 3 -8 46 20 -2 20 22 -27 -20 -27 -11 -51 -49 18 -5 -50 22 29 -5 7 5 -36 -16 25 -6 3 3 35 -15 -1 7 2 -25 27 -33 -2 -3 25 -17 -12 24 1 -33 45 7 -14 17 -4 43 15 -29 -60 1 -5 5 -22 -13 3 -25 4 8 -21 -14 19 29 16 9 7 22 17 -54 24 -15 15 -19 -9 -42 -11 4 15 -20 5 2 3 -3 -22 -15 13 32 -33 41 23 21 35 -24 2 -9 19 -3 47 44 63 18 0 -27 -1 -35 -7 -6 -3 -18 0 16 -1 -43 40 -10 23 -15 2 32 1 4 -22 -4 14 -33 -26 -24 3 6 17 0 11 -11 9 13 -6 -10 17 7 -13 -10 14 -26 -42 -11 -6 -5 -6 -44 9 -35 -24 -35 -19 22 24 36 -11 -26 -8 9 -17 7 3 -22 6 33 -21 10 21 15 -29 0 -3 -1 -5 -23 -11 16 -8 -20 -3 -29 23 -19 -18 28 18 -35 -10 -17 -16 -13 -18 11 -2 -6 33 19 5 -13 38 11 14 -12 -62 -11 -3 6 -33 -18 55 57 -40 14 -28 -14 1 2 14 -44 15 35 26 18 -7 -12 -39 -19 -17 8 30 2 -16 12 -3 -5 7 0 22 9 1 16 -16 9 -35 0 -7 19 32 17 11 -1 5 13 4 -23 -15 -57 50 28 28 -1 -35 6 -13 -7 -11 32 11 35 2 14 2 -14 11 24 39 -33 8 -12 -11 43 -21 -33 -18 11 10 -8 0 -17 1 9 20 -10 -9 -6 15 25 -9 14 -16 -11 47 4 21 -6 -11 6 -31 9 1 19 30 7 63 6 4 12 -3 15 -8 -22 12 -4 1 11 -11 -11 -23 -13 -2 30 -4 3 3 1 -17 -26 -6 -21 -4 -16 5 22 -12 -48 8 14 -23 8 -21 -7 17 16 -8 33 8 14 24 13 -13 -8 2 15 4 -18 16 -2 -18 -24 10 -31 -23 -33 2 -5 24 -12 -22 2 4 -15 2 15 1 -3 -8 28 6 34 -11 -19 9 10 3 -3 -2 57 -9 9 -18 -18 23 9 45 16 19 2 7 5 11 -9 6 15 -33 -3 17 -1 -10 -5 -18 -28 20 -16 12 15 6 1 -5 -26 -6 4 -8 -16 9 10 -14 -7
3 13 16 3 1 7 32 0 -26 20 -25 4 -31 -48 -2 10 -14 -7 -13 -37 11 -2 -36 11 -7 -5 -28 -44 20 -22 4 -10 31 -20 -21 -26 -10 9 -24 -1 -19 -16 -12 -2 -2 -2 -8 43 -20 -13 -26 9 2 5 -25 12 -19 -12 16 12 -14 5 5 -65 -5 23 4 -1 29 -19 -28 -14 -44 -1 6 2 -11 9 -26 3 -47 -27 -43 -14 -20 -45 -33 12 30 1 -1 -20 13 -34 -10 -24 0 23 21 -14 -25 17 3 -4 51 -41 18 23 43 -11 6 29 13 -12 2 -10 5 8 -12 14 12 -13 -66 -4 -18 20 -33 -1 30 19 22 -40 12 4 -7 8 -25 -15 16 32 -13 7 11 -38 2 -29 25 -9 21 7 10 -8 -8 4 20 -26 12 -1 8 10 12 20 3 5 11 -10 -11 22 19 11 26 40 0 13 -1 -2 11 -15 4 -11 37 -24 -5 28 16 -43 29 5 -2 21 -5 -6 -8 -8 -13 25 16 5 -13 10 -13 10 33 6 -3 -35 16 -7 -13 -24 10 -24 7 -8 3 -11 4 -48 -8 12 -39 -34 9 -37 -10 -15 10 39 32 5 -11 -5 12 6 -16 16 -4 -23 -5 -10 17 16 24 14 12 1 13 2 15 -7 -2 10 5 -22 -6 -23 41 5 -17 18 2 -14 8 -41 -4 -30 2 15 -12 -32 20 26 -16 -39 -18 15 1 -8 -14 26 -3 13 -37 15 -11 62 -26 -21 3 -2 -23 9 -40 -30 27 12 45 3 2 35 -46 -18 -26 -15 14 6 -2 44 -18 9 5 20 0 22 16 -11 -19 4 1 28 -13 -3 -1 -1 0 -9 14 44 -4 -18 8 -26 27 -33 20 24 23 -3 -41 -19 21 20 36 23 6 -20 20 5 11 -20 32 -32 -21 -34 -31 8 -7 -5 -24 18 -7 -8 -7 -35 -4 -24 4 17 32 11 -8 -31 2 16 1 -4 14 -38 25 13 -15 -10 20 14 -12 11 20 22 16 -4 -50 34 -22 -10 26 -26 3 5 21 -4 -10 23 -11 -20 17 -13 -27 -30 -16 -2 -10 -4 -34 -27 -32 12 -14 32 8 -10 14 26 -12 -36 -8 8 -7 8 14 14 -14 -5 5 32 5 33 10 24 15 -27 6 58 -12 -16 17 -5 -29 -8 12 19 10 -18 -34 -20 0 13 3 -1 -4 21 -21 11 9 -3 -33 15 7 -13 -4 -26 11 7 -21 10 14 -8 -1 -15 31 45 -17 -21 1 12 1 -16 9 -2 -6 6 12 6 24 9 -20 -5 1 -10 28 -18 28 33 -24 -7 5 -14 -10 -39 15 16 -4 13
-11 21 -6 33 -15 11 21 1 23 21 16 -1 -17 1 23 19 14 10 22 -19 1 23 18 -17 -35 18 -11 4 -15 -5 -20 -10 16 -19 -24 -44 -7 4 -13 23 -6 1 -8 -14 -22 -16 22 11 -48 -6 -18 -22 -19 1 1 14 19 24 25 -1 -1 15 2 8 -30 19 20 -2 31 -19 2 9 5 11 23 -31 0 17 20 -1 -56 -1 -5 -39 18 -7 -20 7 39 15 -7 -21 -5 -3 -36 26 6 5 -12 2 3 1 -11 -7 0 -21 9 10 -32 7 18 23 15 -13 17 6 -21 37 31 36 -16 -12 -43 8 40 21 -4 10 -6 6 10 2 2 3 13 10 25 18 23 5 22 -28 26 -3 25 -17 13 -12 -22 31 -4 17 6 21 6 -35 14 3 -1 6 1 28 31 1 10 -10 -8 -27 5 6 13 -22 18 25 5 -2 -31 -4 -13 -14 -26 -28 26 13 7 -34 13 -21 4 -4 -17 -19 7 14 -11 10 -15 -49 -27 -25 18 -1 9 -2 -17 -15 -8 -23 12 9 7 -7 -24 -29 43 -20 -10 -42 7 36 1 -31 5 -4 -28 -30 -13 10 -3 -13 10 -3 -39 16 -18 -6 -39 -7 7 43 4 24 -6 34 -32 -4 30 -36 20 -21 -8 44 24 -16 1 -5 31 -18 12 18 12 -16 -17 -7 -13 5 22 38 5 -12 35 -3 -6 -23 5 7 1 -3 -35 -26 3 -6 -17 7 7 22 -37 -10 -16 5 -15 -3 -3 -22 24 13 27 22 -23 -2 5 -5 -23 22 -13 30 -10 -10 -28 -32 -4 21 -9 20 30 35 -28 9 -25 -6 -16 29 3 23 25 20 12 -14 -23 10 -12 -26 20 17 16 29 -29 -17 2 -24 47 -6 32 55 -6 -1 -24 4 9 29 50 -6 36 -6 2 -14 -13 1 -16 -22 28 -5 -4 -53 4 0 39 -13 -1 3 28 -11 -40 17 -15 -21 65 -19 7 -6 2 27 -5 2 -3 -4 -16 26 6 14 12 -5 -7 7 28 -25 -22 14 27 -11 -10 14 -27 12 15 31 -37 -40 -21 12 20 4 15 -3 24 -4 13 -7 17 8 16 32 23 26 0 5 70 -4 -12 15 -11 -12 24 27 -5 -11 -42 8 3 -7 0 12 -4 2 8 -18 -32 13 7 20 -9 -16 -5 13 9 -13 12 18 11 1 15 18 17 -8 -15 18 -5 -31 35 0 6 25 17 -10 -16 10 14 -37 13 -28 9 -1 -31 14 16 8 16 15 -8 7 -7 4 11 28 -21 -15 -2 -34 29 -1 -14 0 -29 4 -21 4 12 -6 -16 1 -15 9
-6 28 26 16 3 17 24 17 11 19 -37 -9 1 -15 -14 7 1 0 -5 -9 -4 -31 -14 -28 -19 -16 -30 0 17 1 9 -2 -4 -4 13 -27 1 -16 -5 8 -8 -4 0 8 -16 -10 25 3 -24 -11 -23 8 8 -10 4 16 9 23 -13 17 21 19 13 -31 0 12 39 -6 1 -9 -12 9 1 10 -6 6 -9 12 17 -20 -37 -7 -44 -29 10 -8 -19 13 -15 -14 -2 1 21 -10 -10 -23 10 42 11 11 -15 11 31 -10 48 1 -5 12 16 -28 31 24 27 21 -12 -16 -35 -5 14 27 -12 -24 -45 19 -24 19 -38 18 27 28 -22 -28 -10 19 -4 23 2 10 4 38 27 19 13 -10 -20 -36 33 11 15 0 33 -21 30 39 -17 -1 -8 16 -2 25 -2 11 17 19 24 -18 4 19 -16 8 -8 40 16 -15 8 7 18 -1 -35 24 50 -35 37 -15 30 -57 23 7 4 8 -24 13 -4 15 -17 -2 9 -6 -1 14 26 38 -17 23 -15 -10 -4 37 3 -14 10 -32 -16 -40 -4 -26 2 -55 -21 7 2 -49 26 -28 5 11 2 22 -16 0 13 5 -9 27 -8 -10 4 -35 9 8 3 4 4 2 -36 -31 18 6 -13 20 -32 0 18 -20 -3 21 47 -4 11 1 19 5 25 -18 -34 -10 -25 9 -6 13 -4 4 -9 -11 9 -21 30 1 -30 -29 0 -19 1 6 6 12 -23 16 -12 13 -21 3 -13 -3 3 -4 -10 -2 0 33 -12 -15 7 6 3 47 -9 10 15 -18 -1 27 6 -15 -15 15 -23 -10 13 16 4 32 25 -9 13 -6 18 19 -10 -31 15 -43 2 -4 8 33 -3 -14 -24 -2 -18 -2 7 10 -17 -28 22 37 3 7 31 -7 -26 6 8 -7 -17 -1 17 0 -3 -33 -3 -32 14 -10 21 -1 -17 -7 13 37 0 -9 0 10 -10 1 12 -14 1 11 -15 8 -11 2 16 33 12 -22 -33 -2 8 15 4 -30 16 26 10 -26 4 26 -10 12 21 -7 -5 2 -32 -17 -6 30 -3 1 3 -15 -11 3 1 24 -3 15 -10 -11 -42 -10 24 11 13 0 -10 -8 17 29 -23 33 -3 -17 -4 -1 -2 20 -17 16 44 -8 -28 27 -11 -9 -9 -18 -21 3 14 2 11 3 0 -15 -4 37 -7 37 -44 8 9 -37 25 -26 -19 11 -31 0 5 51 22 4 25 7 -1 -27 -24 -11 -4 -14 -1 -6 0 14 -9 38 30 24 -11 -1 -17 -33 7 -16 19 15 -1 0 4 19 -38 -31 -25 47 -22 30
-28 16 11 18 -13 18 47 -14 16 24 9 -21 -14 -38 -3 16 7 -3 6 -10 11 10 -13 -18 -31 11 1 -32 -26 -23 13 -26 1 -49 -8 -11 -14 -49 -25 -17 -2 -4 -25 -1 12 -2 -3 31 -1 -8 -50 -14 6 1 -23 25 11 -8 -5 2 -11 11 -1 -7 -36 24 32 38 9 12 8 6 -13 0 12 -19 -6 -8 -7 -9 -46 -15 -23 2 5 -19 -65 13 40 16 9 32 -4 -7 -5 -2 -22 2 26 -28 24 44 13 -48 13 -19 13 -6 -4 -17 -21 43 13 9 5 -14 -11 15 -24 41 -3 -6 -44 21 -2 33 -5 11 -24 22 -5 -16 -12 -20 8 28 11 -7 16 19 10 11 12 -12 11 -45 24 21 -29 10 7 19 6 14 10 -25 -10 4 -24 39 0 42 39 19 21 -17 -19 1 -28 5 5 8 8 -10 -30 -10 -4 2 -1 -17 4 -35 1 0 5 -40 26 -25 11 18 7 -20 -14 22 29 11 -3 -14 1 -4 -19 6 3 0 1 -16 6 -6 -18 -14 0 -12 3 -16 2 3 22 -16 -17 14 -11 -13 25 -17 -26 -7 15 22 -23 15 4 -29 -26 8 -20 22 10 -21 -2 12 -3 2 -4 16 -49 1 12 -4 -16 -14 2 3 -4 -35 -8 -15 8 -29 -10 9 33 6 26 -42 -41 -14 -5 8 19 -5 32 -3 -12 -16 14 -7 1 24 -30 -6 4 -3 -7 13 24 19 -11 22 -23 15 -13 2 -21 -35 13 12 30 40 -22 0 -12 -6 -17 -34 16 15 30 -4 -11 -52 9 39 22 -10 5 14 -6 -15 -14 -24 16 40 -15 0 -8 -7 18 -22 -30 -21 -2 -9 39 -15 2 28 -7 1 -15 -19 0 -34 21 29 11 -32 30 3 5 10 17 -11 7 11 -43 8 21 8 1 -2 -1 40 0 -13 -8 10 15 9 14 -32 -3 10 21 12 -10 -13 18 -23 10 -7 -26 -8 -12 21 -2 50 -1 24 35 -32 -29 -40 -25 8 27 -8 21 18 14 -14 7 1 -13 -32 -18 15 4 -32 -19 2 -13 25 -20 -5 3 -42 20 -3 -3 -1 34 16 42 -16 -9 12 10 28 -26 27 -20 -29 25 24 -34 0 -6 19 -8 -19 19 0 22 8 39 24 -55 6 25 6 22 -9 10 -11 2 -9 9 -13 -12 3 9 27 3 19 -19 37 -6 10 -27 15 -17 13 -5 21 -10 -21 5 13 27 20 23 12 -10 28 21 -14 8 -4 10 0 6 23 50 -42 -29 -31 6 -25 39 21 29 -3 7 -19 20 -5 -23 -19 16 13 -2 27
6 17 -2 20 -25 -12 22 -2 10 17 -24 1 -15 -12 19 10 -3 -26 16 2 11 9 -11 7 8 1 -28 12 -40 24 28 14 2 -36 -19 -29 0 3 17 30 14 -1 -6 -34 18 -6 10 32 -23 -19 -16 12 -20 0 6 35 42 -17 14 37 16 8 11 -19 14 30 15 -25 23 10 0 -34 -24 -22 10 23 8 16 -8 5 -43 7 -21 -32 14 -18 -43 1 23 -5 10 9 7 -1 -31 4 0 3 27 -7 -4 29 23 -19 45 24 2 15 18 -8 50 -1 -3 10 -8 -10 -3 24 5 56 26 13 -37 18 -10 2 -13 -5 2 28 -7 -19 23 13 5 21 12 -21 23 10 33 -1 -18 -14 24 -23 24 14 1 37 -3 34 -30 14 22 -16 16 14 -7 21 -18 22 12 -7 38 -42 -3 38 -2 26 8 21 14 4 12 -7 -6 1 -13 6 -7 9 10 -9 -2 -38 9 -23 22 -3 4 1 -7 19 -13 18 -4 -19 -8 -31 -8 -1 3 -3 -4 -35 29 8 -1 -11 -9 8 -12 15 3 3 -31 -3 -20 20 -31 -24 15 -15 -18 -11 6 6 40 30 -1 1 -40 22 -12 5 4 -13 14 -11 15 31 7 -4 2 25 -23 19 5 -13 -28 -3 5 -40 29 13 18 -16 14 -12 6 -7 32 -10 17 -9 -17 18 0 -23 9 7 -4 -29 18 7 -13 12 -26 10 -20 29 -13 9 24 39 -41 -21 -46 25 6 1 -12 -21 8 21 53 -7 11 -3 -18 -25 -38 -11 -20 -4 23 17 36 0 14 -17 17 -29 16 -3 -30 -4 -19 -4 -6 5 33 10 2 -14 38 -16 -17 -46 -11 -41 19 -10 -24 19 5 5 -63 14 -15 14 14 30 0 17 45 1 -23 -9 24 -23 13 -21 -14 35 -15 -11 -23 -14 41 -7 0 -12 20 -9 0 -4 16 -10 3 11 0 33 -6 -14 31 -43 22 -8 6 -22 -31 -15 9 28 -6 31 14 15 -36 16 -41 3 47 -19 2 16 16 -5 11 -15 -26 -35 1 9 -17 -2 1 8 -4 25 -8 -3 -10 -19 -25 40 -12 25 22 42 9 -16 -30 -32 -11 2 -11 22 -5 -7 17 -2 11 5 -42 8 -16 -1 33 25 -17 -31 31 14 4 -2 0 -7 25 -25 -15 -16 5 4 -4 -30 3 16 30 11 3 22 -8 7 17 -24 -8 -58 7 6 -40 -10 -6 5 30 -7 13 -7 28 -15 6 5 42 4 -6 1 1 -25 5 0 32 -3 -8 -40 3 -15 23 7 11 -10 -31 0 -4 62 -8 -25 18 26 0 30
-9 17 19 -4 0 3 3 -4 15 46 -7 19 -20 -17 45 23 39 -47 20 -9 33 -20 -17 1 -7 4 -18 -13 7 3 7 4 -12 -24 -11 -26 36 -19 1 -4 -16 -3 7 18 -40 -2 10 -5 -34 8 -20 -5 13 21 -20 7 -16 1 -22 10 -4 6 17 -25 19 5 19 18 38 -24 5 -28 -7 36 -2 -34 19 10 -4 -24 -38 8 -51 -33 -3 -19 -19 6 46 11 -4 -16 -25 -23 6 -15 -12 -5 -8 -2 -31 20 15 -16 31 -30 -1 7 1 -2 1 47 30 -37 -9 6 -15 14 -9 55 18 -21 -49 14 -10 21 5 4 16 -1 -12 -17 9 9 19 5 -2 9 41 32 -1 -20 -12 0 -18 -39 18 11 6 -4 36 -13 -14 31 -9 -13 10 -2 26 14 -21 26 15 37 7 -1 -14 0 14 -21 20 19 5 11 32 -12 17 -9 -27 -3 -22 0 6 -3 -7 -15 3 0 12 14 -19 10 0 0 -4 6 17 -33 0 22 22 26 34 11 14 15 7 8 -9 5 -8 -12 -16 1 8 -18 24 -29 -9 -7 0 -35 16 -15 -12 8 6 -9 19 9 7 -2 -11 30 0 -7 26 -8 21 10 -25 8 2 2 -21 -13 -1 1 -2 -2 -27 2 40 -42 12 27 -15 9 -6 35 -28 -17 3 -19 1 -25 -15 2 -37 18 32 -28 -19 7 5 -1 0 19 -36 9 11 -4 -13 9 37 33 -27 8 -1 2 6 23 2 -6 20 0 36 9 16 10 -2 -22 -34 -26 -6 24 -22 -11 -10 10 14 31 19 2 -9 22 -25 7 -16 -6 -28 30 -13 23 25 2 -1 4 5 -20 -19 -16 22 25 4 27 0 3 -29 -28 -9 -19 40 -2 -37 -1 13 19 -8 23 45 -8 -3 0 -26 15 -16 -8 5 -19 11 -2 -49 -25 -22 -4 24 0 1 -3 -8 15 -24 -4 -18 15 27 -6 17 14 3 -4 -30 37 1 1 20 20 16 -2 -17 -17 5 19 24 -27 23 34 1 31 -1 7 3 -12 -42 0 -25 -19 -26 -9 5 -1 -17 -12 21 -8 -11 23 -8 -34 11 23 -4 14 -14 -4 42 52 -2 3 -17 -12 -3 31 -9 7 -3 0 -1 1 -9 20 6 -28 49 -14 21 -16 25 15 3 -12 -8 16 -9 18 2 6 -22 28 -17 36 -19 4 -33 17 -16 -39 -13 -11 33 35 -2 16 -22 22 18 21 -8 51 13 -19 7 -11 -7 15 1 -7 -19 -6 14 14 24 0 -11 -18 -10 -27 16 -10 9 35 -6 -10 19 7 -13 -52 14 -5 6 7
-41 11 1 31 -14 -24 30 -8 -10 20 26 2 -32 -47 9 9 -15 15 8 -21 -13 -12 -16 -10 12 -7 5 -23 -22 -1 16 13 -38 -36 -21 -37 -10 -14 -1 30 -11 -15 -22 0 4 15 18 5 1 -8 -19 9 -8 9 1 37 3 -4 8 5 -11 -2 -2 -43 18 4 29 2 30 -10 10 1 -13 -16 -4 -18 6 9 -1 6 -27 -4 -3 -38 14 -32 -19 21 17 13 -25 20 4 2 -12 -7 11 18 -11 17 -9 8 8 -1 6 -10 -12 20 -2 -20 27 8 -13 13 21 -11 -8 34 1 48 -13 -5 -57 6 5 33 -44 -5 14 17 39 -26 8 -4 -2 4 -5 -23 20 34 37 -8 -4 30 35 -8 30 -37 -4 -3 15 18 20 -2 -6 4 31 -3 -24 -7 -20 33 6 5 22 7 0 5 -3 0 5 10 -16 0 -3 35 -31 15 -52 -9 -5 -7 -12 4 -13 -49 5 20 19 24 1 -4 10 27 12 8 6 -6 -15 34 23 -12 -22 1 17 -14 14 -1 -16 -34 -12 -10 -21 -30 30 -10 -14 -14 -12 0 -34 -46 36 -36 -8 -11 -10 12 -7 44 -21 -25 -20 -1 -20 0 12 -12 23 -8 12 1 -6 14 -12 -10 -24 -19 5 -2 -26 -3 -5 -49 1 18 48 -35 -7 5 7 -19 -6 -24 6 13 22 15 12 12 17 -10 9 -34 7 24 -11 10 -5 -4 -14 -13 17 35 -6 30 -27 -12 -12 10 -38 0 -4 -7 -4 20 10 12 15 -29 1 15 -26 7 -15 24 -6 -12 13 -19 31 -7 3 2 26 8 -1 -25 -19 30 16 1 30 21 23 19 10 29 16 -19 5 -45 38 -13 1 50 -1 21 -39 -23 -8 -33 39 25 -14 -18 2 22 -4 11 49 -17 -8 3 1 25 -37 -10 2 0 31 -9 38 -41 10 15 -18 27 8 -2 20 -2 1 44 11 -33 28 -33 34 19 -3 -13 15 -7 -6 20 -26 52 12 9 -7 -21 -19 43 25 -15 -9 2 29 -9 -23 -23 -9 3 25 -15 -26 7 -4 12 2 20 9 -32 -4 -6 -6 7 -3 -2 16 27 8 -10 -37 -9 2 21 -19 34 -13 -41 30 5 -15 -11 -15 31 -9 -40 11 10 0 11 30 -8 20 6 25 19 -4 18 -30 -7 -4 -11 11 -24 -7 2 -13 10 -8 10 -23 5 -20 -20 -28 -40 4 -14 -21 -7 -15 -35 -16 27 31 5 14 -29 -12 -9 9 -1 -1 32 14 13 -21 -10 14 10 -5 -34 0 -33 26 16 61 -2 -48 -21 -28 43 -9 -30 1 4 18 34
-18 -3 7 16 -20 -23 21 4 20 55 -33 -21 -32 -2 -17 36 14 -14 18 9 -2 -31 -22 -9 -9 5 -2 -28 -16 -5 1 4 8 -20 -28 -4 -14 16 -30 -9 -12 -4 34 -15 -16 12 28 1 8 1 -22 -22 -10 -17 -14 3 -28 -13 1 11 -15 7 10 23 -7 24 -10 -10 21 -15 18 -19 24 22 -4 -10 3 9 -21 -1 -40 10 -25 -37 -6 0 -33 3 17 14 -22 0 -23 -9 -28 14 22 15 -2 -11 -37 27 10 -14 23 -17 6 17 1 -18 -3 23 39 -16 42 19 -21 24 -27 31 3 -30 -38 0 56 -7 -4 -1 21 -3 20 7 -25 9 24 20 -3 59 32 3 10 -5 -10 11 -28 -32 21 -25 -11 13 -7 -13 -12 6 -14 10 -24 7 31 12 -25 33 7 1 24 10 -40 -7 -7 13 46 0 4 13 5 -9 -14 -38 16 -20 3 5 -3 -31 18 -21 10 -18 -3 0 -3 -6 5 21 -12 23 12 -2 -9 -21 -11 -15 -9 3 -16 -29 -28 -24 -26 -4 10 -3 8 -10 32 1 -21 -19 30 -4 4 -29 16 -10 4 -6 31 26 2 25 -3 -7 -24 -21 -15 0 -3 -23 34 6 8 -1 7 -2 -16 -36 -19 -17 -7 -3 4 14 -9 -17 -32 10 3 0 3 23 15 10 21 -3 -27 -4 2 32 -17 5 16 -8 1 -35 8 -3 -31 4 -42 -38 -30 -2 -22 28 19 26 -12 -13 -15 -21 -9 -9 -14 -36 32 19 7 6 -6 -7 -4 1 -20 -3 -19 2 -2 6 -11 14 17 -6 -11 -7 -19 15 -27 19 -12 0 4 26 16 26 21 34 3 -7 -5 -1 -24 -20 28 14 28 29 -32 -2 -20 -7 -26 9 -2 -11 1 -6 -4 -6 -13 7 31 25 21 -34 6 8 -4 -11 -11 12 0 -6 -16 -18 -12 -16 15 7 30 -4 -3 15 -20 15 2 -27 33 0 4 13 -9 16 -3 -9 -17 -10 -5 26 14 14 -8 -2 -3 25 20 16 22 7 9 -5 25 -16 -10 -8 -1 1 -28 4 -13 -26 2 9 9 -29 -3 -21 37 41 3 -31 30 -4 -9 15 -43 19 0 11 0 9 -23 -2 13 8 -6 5 16 -10 -36 -13 9 15 -1 -11 39 -9 -6 8 44 25 -16 0 4 7 -4 -25 25 -24 -1 27 -23 17 -9 20 -32 4 -36 11 -4 -22 9 7 6 12 -22 -13 12 25 4 14 29 9 6 -28 -12 3 -2 -14 -23 14 -29 6 -5 9 6 -30 12 -15 18 6 24 7 -33 -25 -9 9 -21 -14 -20 44 -17 2
-30 11 10 47 -16 -35 9 9 -9 35 7 -5 -34 -25 -17 -9 10 -23 12 -33 -28 -12 15 -30 -10 5 -34 -30 -39 -33 24 14 -12 -50 -23 -19 -4 -4 10 25 -8 -10 -1 0 -3 -5 -1 9 -48 -7 -20 0 -2 -18 -10 8 22 -10 30 38 -4 10 -15 -24 7 8 46 3 22 -34 0 -13 -33 -1 36 -53 -5 -23 -2 10 -44 -19 -4 -42 15 -2 -16 36 10 29 15 -32 -10 -11 -29 8 2 34 0 -1 4 5 0 -22 15 -55 -7 4 -9 12 36 3 31 -36 -1 7 -25 33 -2 45 2 5 -34 -2 3 45 -20 -2 2 8 9 3 1 26 30 5 4 25 16 15 25 -33 -2 -9 -9 5 46 -18 3 32 17 1 0 16 -5 11 -1 -23 -5 27 -14 28 21 0 -1 37 -12 -9 7 9 6 -17 28 -2 5 28 -19 6 -18 -8 -3 -5 -1 9 15 -42 -9 -2 14 14 0 -3 7 19 -18 14 10 -26 0 -12 7 1 -6 -14 -7 -29 -31 -28 0 -17 1 -32 -16 -13 34 8 20 -32 -4 12 -30 -26 16 -31 -38 3 16 30 7 2 3 -15 -48 20 -21 1 -21 9 22 -11 -11 13 34 14 -24 -23 -8 -26 15 -21 -38 8 -5 -26 12 18 33 -13 20 3 28 -19 6 -7 -25 -3 4 35 -27 -3 17 11 -15 -35 -14 1 0 -20 -21 -25 -25 7 -11 1 12 32 -42 -17 -15 3 -16 16 4 -10 3 41 17 21 3 -4 42 -15 11 21 -20 30 4 8 -24 13 28 9 23 -25 -9 19 -26 30 -20 1 -4 34 17 10 3 11 2 -15 -25 -8 12 -10 -3 -20 20 27 -20 -28 -6 -22 -39 -9 30 32 8 -24 -4 18 -22 -13 65 3 27 -8 -6 11 -13 -14 -20 -57 3 -10 14 -33 -5 -6 17 4 36 -2 15 11 -2 13 -11 -43 24 -13 19 -21 -6 11 -16 15 -8 17 -13 17 15 13 -7 -16 -8 28 47 -11 5 12 2 -31 -25 13 -5 -32 -1 26 -34 -33 -16 -14 1 8 -11 -31 27 -23 4 14 -3 1 11 31 26 2 -44 40 42 19 -16 1 -42 -1 24 25 -27 -18 -3 -1 -20 -21 21 22 15 15 34 -20 -28 8 17 32 -13 18 -4 -23 14 -8 3 -33 -26 -3 1 10 -14 1 -30 8 -23 -4 -10 5 5 16 -28 12 21 3 28 13 30 15 -1 -9 9 4 -9 6 20 -3 10 21 -14 4 17 -5 -22 -28 -7 -22 19 -4 15 23 -11 -7 -15 10 11 0 -4 -3 -7 20
-21 28 21 24 -9 15 34 -18 -2 23 25 29 26 4 -5 -27 6 -16 9 28 2 7 -25 -1 20 -1 -4 6 2 -8 16 -14 -20 -29 -4 -32 -2 20 17 7 -5 -11 20 -14 -34 3 20 10 -27 -16 -12 -14 -25 -10 9 13 5 5 12 25 -3 -12 -24 -11 -11 54 -12 11 47 -28 24 -2 -34 -33 24 -36 11 14 15 2 -33 5 7 -56 -20 -4 -45 11 28 9 0 -13 -30 25 -10 23 -33 -10 -11 -2 -8 -1 5 -15 21 -30 -19 19 -7 -8 48 6 28 16 8 -8 -39 3 16 76 -13 10 -50 2 17 7 -17 -4 7 36 -19 1 7 20 19 15 -13 -4 -16 35 18 12 -11 -30 7 0 35 -10 28 16 49 23 -6 -13 -1 -19 32 10 -2 2 -32 28 17 8 8 -22 -36 -18 -26 -18 -1 24 13 10 13 24 -11 -22 -24 6 -24 -18 7 0 30 -5 22 -27 14 6 26 14 -24 3 -4 7 -13 -19 0 23 -15 -7 13 4 16 -5 -17 9 -18 -23 13 -17 -15 -27 19 8 -16 -34 -11 7 -8 -32 -11 -22 -18 7 -10 0 6 27 -23 -29 -35 17 7 27 -13 -14 21 -9 -15 -16 5 5 -29 -15 -27 -6 -14 -2 -23 5 8 -32 -10 20 3 -7 42 15 5 7 42 8 -17 -17 -21 14 -25 8 -9 -17 14 -17 7 25 -6 0 -31 4 2 -6 -5 -4 12 46 -14 30 -1 -2 -16 -4 -10 -33 11 33 15 46 18 -33 -2 -46 -14 -3 -29 17 8 -6 -2 11 11 -11 2 -12 -11 15 -15 -19 -8 17 -15 16 -1 10 12 -1 6 -21 4 -12 -28 -1 16 1 17 59 5 19 -36 -1 -28 -12 17 15 14 3 7 13 -17 -5 58 -23 4 -12 17 10 7 -12 -34 -9 -11 -6 6 16 10 -6 -5 12 2 -5 -1 1 -34 -5 -5 -42 27 -18 20 4 -9 4 -2 -17 -6 -4 0 15 55 6 -8 -16 12 13 36 8 -18 -25 15 -24 1 -17 -25 26 -14 1 3 -19 -16 14 -23 -4 17 -4 13 -17 19 7 3 7 -7 17 4 -27 -11 12 15 12 -20 8 -40 -13 22 26 5 18 -11 -34 6 22 -8 -21 -20 -30 41 -22 1 30 12 28 23 21 -13 -11 12 24 19 20 -6 26 -7 9 2 6 -23 5 -15 -23 -22 -53 30 -5 -1 0 -4 1 11 48 32 -29 -1 -17 18 6 -9 10 7 -20 -3 -4 -19 35 21 10 -22 -12 -6 -10 7 -3 -5 4 -24 -15 -1 34 12 -13 -6 15 4 7
10 23 3 8 10 0 15 15 9 50 -5 14 -11 -50 24 3 37 -38 43 -15 8 9 3 15 -7 6 -16 -26 -17 -4 18 30 15 -9 -9 -32 -9 -6 2 3 -8 -8 8 -46 -7 -7 5 19 -33 27 -12 -18 16 18 18 17 3 -16 8 2 -11 10 12 -26 5 18 20 -19 19 -8 7 -17 2 3 -5 -18 -3 10 -4 0 -17 15 -10 -4 6 -4 -26 18 -1 35 3 -26 -13 -17 23 8 -6 18 -20 3 -14 47 9 24 10 -26 -10 12 18 -7 33 11 10 13 -1 -5 -2 -10 5 1 -8 3 -34 15 29 8 -19 -29 -11 -2 -3 -3 -28 -4 10 14 28 15 38 23 -5 -10 -43 15 0 -26 9 -46 -17 42 -7 -7 -2 9 21 24 -2 1 3 14 -19 27 5 -25 12 3 -34 8 19 22 11 32 27 37 5 -21 -4 -52 -6 10 20 -29 20 24 18 -2 24 4 5 17 -19 19 -5 14 0 10 1 -39 0 3 -20 -15 -8 3 -11 -12 11 -16 -6 -40 -32 16 -15 -22 -12 15 -17 -27 24 -8 -1 -4 -8 -45 -26 -17 23 14 22 3 -36 -6 -4 11 -24 -18 15 -14 20 15 -4 23 33 13 -19 -21 -24 16 24 14 -38 -28 -47 -38 1 -4 10 -14 -17 11 34 -13 45 23 9 5 26 31 -9 -6 -6 -12 7 21 -32 9 25 -9 -43 -29 -19 3 -23 -5 9 10 -17 -22 3 31 17 20 -5 -20 8 16 2 -11 -8 -2 24 24 -17 2 -16 -9 25 -8 11 28 -19 15 9 7 5 11 -15 -5 12 28 -22 48 23 29 23 5 -22 4 4 -25 -1 -24 5 3 15 59 -24 0 -4 -10 4 -8 2 -8 -1 -1 -1 5 -29 -3 24 8 11 0 2 4 27 -30 7 -20 28 -15 -27 -49 2 3 7 11 6 -23 -12 22 -7 27 -24 -37 2 -14 50 28 -33 29 -23 2 9 10 -7 -3 20 1 -12 23 -17 15 41 31 10 -12 14 14 8 -33 4 -1 -3 32 -15 4 -20 -34 -42 30 -5 -7 -10 -39 21 38 15 11 31 26 11 -10 -59 0 1 -28 -6 30 -32 -49 26 3 -20 21 -5 0 -22 -18 -33 16 17 7 30 2 -29 -15 -1 8 6 -22 -13 -2 36 6 17 1 -20 33 -12 4 -4 26 -21 -15 -27 -14 3 -18 35 6 -13 25 -3 -21 10 -9 -3 10 26 -22 15 0 22 26 -15 -9 -30 -10 2 16 33 -26 -33 -27 -18 3 -23 35 26 21 -19 -49 22 40 -27 12 -30 27 9 45
13 2 -13 29 -23 9 6 -4 -15 45 -8 6 -16 3 14 49 5 -7 -1 22 17 19 -23 1 -24 5 -38 -32 -46 16 -19 -7 14 -20 -12 -18 -3 2 0 38 -16 -21 -56 1 2 1 15 18 -14 17 -40 30 -22 22 -25 7 -4 -14 32 39 -20 0 -4 -41 -6 28 17 28 15 -17 8 -2 -6 7 35 -35 -11 4 -7 20 -33 -9 -31 -42 -1 -7 -10 5 7 -11 10 3 -24 -11 0 8 6 9 -6 -12 -7 5 -29 -12 37 -46 -4 19 1 5 15 29 6 -11 48 30 -3 41 32 9 -19 0 -48 -13 28 8 -48 -14 25 6 -2 -50 -1 7 8 41 1 12 7 23 -7 -7 -7 -17 -1 -13 26 -6 21 14 38 -36 7 -3 -26 -25 15 20 21 0 -2 21 25 -1 13 -28 -10 22 19 11 38 46 9 25 5 21 -7 -40 -18 6 -2 -16 -15 14 7 -56 38 8 14 13 1 1 -11 -3 -32 13 33 0 -38 -22 29 16 11 3 -31 -39 -1 10 4 -32 35 -9 -6 -18 30 -12 -10 -40 -35 15 13 -30 -2 -46 4 -16 30 25 6 10 6 -7 -21 -6 -42 12 -31 -29 7 36 -9 30 31 5 3 -23 -11 -2 14 -7 -49 13 16 -25 2 13 33 -19 6 12 12 -14 15 -23 -20 -14 -10 47 -20 13 39 17 -23 -15 3 13 -7 6 -27 10 11 0 -44 14 -24 35 -4 -3 6 13 -18 12 -2 -6 5 13 39 30 -19 -1 -8 -1 -4 -11 -26 7 9 -4 20 -17 18 8 25 1 2 7 5 26 -33 5 4 34 -10 4 18 13 15 11 3 -17 -15 -58 27 -12 7 44 13 -16 -31 -6 -38 16 21 15 4 -11 7 0 -30 -14 50 -10 -23 -4 -17 12 13 -40 -8 -23 10 -11 -13 -8 26 -9 0 -5 0 -6 10 -7 -14 16 7 -24 8 -37 -5 0 -9 2 -16 -17 -9 8 2 12 62 -4 -3 10 7 13 42 -1 -13 31 33 -29 10 -1 -36 -3 -8 8 -63 9 5 -6 -8 3 7 14 15 1 -37 20 14 -36 16 -27 3 -5 -38 24 34 38 -16 20 -30 -41 48 9 10 -24 5 9 -10 -49 -4 4 0 -30 33 -1 -7 19 34 2 -12 -12 -35 6 -23 -10 -30 -16 -2 -8 4 14 -25 16 -61 9 -10 -28 0 -7 -12 -6 0 -14 -40 0 9 15 47 11 0 -28 11 -11 4 8 0 -24 2 -39 -10 -4 26 10 -19 14 19 -42 12 4 8 16 -8 -15 10 39 -28 -16 -27 17 41 -4
-5 -4 1 0 -7 -10 13 -7 4 34 -20 26 -20 -48 15 -3 -13 -6 27 -32 17 -21 -2 5 -12 9 -21 -12 -19 -3 20 10 -1 -8 8 -23 5 3 -46 11 10 -29 -8 0 -11 -28 22 17 -18 -2 -35 14 -19 6 -9 -6 43 -2 20 -3 -44 8 -14 -20 9 26 8 16 41 -3 -1 11 -29 27 -24 -28 3 16 -15 -15 -5 13 5 -23 8 -8 -15 -2 25 -14 15 40 10 -8 12 45 -9 12 17 -11 -15 19 3 -19 8 -3 13 3 19 -19 -5 14 -12 8 -10 1 -12 0 -8 48 -3 -26 -43 21 -14 17 -4 11 -2 11 -16 -14 -13 7 1 17 16 -17 17 20 13 -1 -24 -12 -1 -27 -16 -39 0 17 50 -31 0 4 2 -18 -2 -18 13 10 2 12 24 -9 14 -10 -10 3 -14 -6 -1 19 51 14 -1 -7 9 7 -11 -21 31 -15 15 9 -23 -30 29 -25 38 8 2 19 8 43 -7 35 -15 -41 0 -7 9 4 18 10 20 -9 7 -34 -4 -32 -17 -13 -15 -5 38 -25 -27 -15 -9 -19 -14 -42 -2 -17 -32 -19 -1 20 -3 24 -19 -34 0 2 -12 35 16 -34 7 35 8 8 -2 7 -18 -24 -15 36 -9 -15 2 2 -5 -56 16 22 35 -33 -9 10 23 2 34 21 -35 0 -4 30 -19 -9 -12 -27 -11 11 -3 -20 -11 5 -39 2 -7 -9 -7 -18 24 20 -30 -12 -22 18 0 -32 -10 -28 -3 23 7 -12 -11 45 -23 -8 -24 -7 11 10 0 -4 -26 -11 30 5 -8 6 24 -4 -41 14 -11 27 17 43 19 28 5 6 25 -21 -29 -13 -51 -38 13 -5 2 22 -8 -21 -20 2 -8 -38 33 9 0 9 3 -8 -32 12 46 13 13 -26 -3 12 -5 -17 -1 8 25 -1 12 -14 13 -17 11 7 1 -10 43 -5 19 -3 -10 -29 53 -15 34 28 2 -5 -9 -7 0 15 2 14 -11 8 -28 28 3 15 14 -16 5 12 61 -6 -2 -17 -33 4 18 14 22 7 2 0 -13 10 -8 -50 -4 -9 -11 17 20 7 30 8 45 5 -28 23 11 -9 -25 55 -37 -15 31 1 -30 5 -42 15 -21 -12 1 24 27 -3 37 1 -10 21 7 16 8 0 -14 3 12 23 20 -1 -16 26 -3 9 22 37 -17 -6 -23 -6 7 9 4 12 16 -13 20 -24 0 -2 11 -13 34 -3 -5 14 -15 11 4 -3 -4 -8 -2 14 57 0 -1 -10 7 -14 29 14 32 -9 -6 17 -26 11 -31 -3 0 13 6 59
1 49 0 17 -27 11 10 -11 -17 9 -16 -8 -18 12 15 -2 14 -12 3 4 8 10 -15 -22 -13 -26 -13 -34 -17 16 28 -4 1 17 -8 -21 -33 -12 1 13 -9 30 10 -13 -3 20 60 -22 -39 0 -51 -13 3 -16 -14 -7 6 -19 -8 5 -1 40 -21 -16 -27 11 13 -18 14 -22 10 0 5 -28 -14 2 21 -32 -11 -6 -33 -35 -36 -26 38 -21 -41 28 41 -1 -5 -6 -10 -4 -26 13 22 11 1 -3 -8 14 -10 4 8 4 -16 24 1 -37 -6 1 -6 11 -22 -2 -10 0 1 53 10 -54 -58 28 -18 -21 -14 -24 14 6 11 -17 12 3 32 10 12 17 3 14 27 14 8 -14 16 -9 13 -1 -1 3 7 5 28 13 -2 -26 12 -28 3 11 -26 16 -14 26 15 -24 4 1 -18 -5 27 9 -13 -4 -7 19 -45 -30 -40 16 -4 -16 20 -11 -10 -7 31 -43 -8 6 -17 -3 -3 22 26 17 20 -13 -10 8 -1 11 25 8 -10 21 -13 23 -19 -16 22 -28 -12 18 -3 -26 -17 -41 22 25 23 -45 -4 -29 -13 -32 -4 33 -5 9 -17 -7 -27 18 -16 10 -15 0 32 -1 18 -1 7 -9 -1 -27 -13 7 2 -14 -13 1 -10 -39 17 11 28 -5 15 0 3 17 -4 26 -17 -18 -27 -11 0 -8 13 2 -2 -51 21 -20 -7 2 -35 0 -6 -17 2 4 12 52 3 5 -6 33 -9 -16 -7 -36 33 17 22 19 6 -20 -35 -12 -52 -18 -32 41 10 -6 -21 -28 5 -4 13 34 2 -7 -37 5 16 17 2 26 3 14 -4 -13 -6 14 4 -12 -23 -44 26 -13 14 22 -30 -24 -42 -48 9 -13 33 11 28 -31 1 15 11 45 10 -14 4 -10 -13 17 -12 1 -18 16 -3 -2 9 -21 -15 -13 19 -27 17 7 17 30 -10 8 -8 -4 22 -13 3 -14 -2 -22 0 -31 -5 22 -11 41 39 12 -19 -7 15 26 47 -22 14 -30 35 21 0 -10 -38 -4 -22 -8 -54 -21 -46 -2 -9 -2 -7 4 -2 -1 18 31 -23 2 0 28 7 14 -28 -4 28 -2 -11 -17 24 -30 32 28 -35 -10 -24 -18 -10 7 23 -6 -1 -12 15 -1 -9 27 4 3 12 24 8 5 -16 -7 28 17 9 -1 -29 36 5 4 -3 17 -16 -4 1 -39 31 18 12 32 -33 -12 16 26 14 -2 7 -8 -10 14 -11 25 -35 -8 -48 -10 -3 3 32 9 -5 -10 12 -32 -2 8 22 32 -3 -15 -5 25 5 -38 -14 27 1 2
-2 21 -17 12 -52 27 44 19 7 18 -29 -8 1 -25 13 -7 11 18 3 17 -2 4 -28 -2 -16 13 -11 -23 -6 -10 -2 7 15 -37 -9 12 -2 -15 -18 22 27 -35 -37 -37 -9 -3 -10 18 -7 0 -12 33 0 -12 -13 18 -11 -2 2 13 -1 18 -19 -43 16 8 21 -2 2 -34 -1 -7 1 -5 20 -15 -19 13 -10 6 -11 -5 17 -33 19 -23 -27 -7 24 -31 23 35 -24 -5 13 -26 -1 -1 31 15 -6 10 -38 -8 41 -4 8 9 -2 22 13 63 8 14 33 -7 -18 23 -27 -10 6 -12 -16 11 3 -2 -19 -1 11 -7 16 1 0 10 10 19 7 7 44 34 5 -25 -14 6 -31 -18 35 -32 -18 16 19 3 21 15 1 -11 24 10 16 24 -17 28 5 -15 20 -7 -19 12 -6 -17 24 26 17 -12 -26 -25 11 -1 15 3 0 -26 -4 19 2 -14 26 -9 15 -23 4 -11 -16 5 -10 48 22 -29 -25 4 -14 -18 -13 12 -24 20 -5 -23 -28 -16 -2 -42 -8 -25 -2 -31 -28 -1 6 9 14 -32 5 9 0 12 -4 19 10 -3 -8 -21 -19 8 -15 13 9 -19 21 22 20 8 -11 -6 -33 -31 -4 11 -21 -17 -43 -35 -10 -11 25 -23 23 -14 2 14 20 13 3 -1 8 -12 0 56 15 -10 14 -15 -18 3 4 8 4 -5 -46 -13 -32 -25 -9 -41 27 37 -26 -34 -30 3 -1 8 17 -17 23 17 24 -16 -44 27 -10 -13 -30 -32 11 5 31 -14 -23 1 11 17 -29 -17 16 -6 -19 15 -10 -41 -6 49 14 -6 -11 -1 -5 -5 -36 -18 -13 -41 42 20 -32 8 -20 -11 -6 28 -8 19 35 46 -14 -6 6 15 -17 -29 48 -1 47 5 7 32 -4 -22 15 11 -21 20 5 -13 21 -17 -6 -14 -19 9 39 8 -1 29 -37 -37 33 -28 35 3 -34 -13 -10 29 -35 -4 -8 -2 41 -16 -17 -19 -25 28 21 -34 18 8 35 -6 10 -24 -28 -24 -20 -6 13 30 -18 -17 4 0 10 -11 18 -3 8 18 11 20 38 5 11 -28 -47 3 -16 17 -13 43 -24 -22 31 -11 10 2 -40 7 -24 -35 6 38 -14 -5 11 -24 -6 0 5 -15 -19 14 -18 8 21 16 5 13 -1 22 -21 21 -4 31 -14 25 -30 -16 -17 -19 8 5 -22 11 -15 15 24 3 6 33 40 15 -9 16 -6 5 15 -16 4 -24 -19 -4 15 -29 -18 -26 28 -17 6 3 29 10 5 -4 0 -12 -51 -26 -14 12 11 18
-11 6 -9 32 -22 -7 37 4 22 48 -21 2 -28 -50 -6 19 18 11 36 5 8 5 -1 -5 -7 16 -10 1 -19 11 20 10 16 -35 -2 -45 2 -3 -9 27 -11 5 -10 9 27 -3 -2 24 -24 -2 -21 -18 -19 13 -7 14 -2 8 -35 -6 3 19 -5 -35 6 21 0 -1 27 10 29 -22 -17 -13 -5 -8 -1 25 -6 -8 -10 24 -10 -21 8 -3 -31 2 11 -2 17 -9 -8 -11 17 5 6 -5 -8 9 -9 31 -19 -29 36 -17 -4 -12 28 -23 30 10 13 9 29 -3 3 -4 -9 19 -3 33 -38 19 19 -13 -26 -24 -15 13 -22 -18 -20 40 4 -6 17 2 11 10 -2 -11 -5 -9 -6 -45 35 20 -20 10 29 20 -15 27 9 -2 -8 39 23 28 4 6 18 -8 50 -24 -12 15 7 4 13 -2 32 19 1 -34 -6 8 -6 22 10 -20 9 35 17 -20 37 -4 23 30 -1 0 -16 21 -14 25 5 -5 -3 -20 7 5 -7 2 -17 -7 6 3 23 -29 -4 -32 -8 -30 -9 -11 -32 -34 14 -2 -32 -33 13 -8 -6 10 0 13 3 -7 17 -45 -51 -7 -38 30 1 -21 16 -5 14 0 3 22 -1 6 -8 20 -2 -15 -35 40 13 -53 37 -14 3 -16 14 -9 48 23 41 -6 12 3 -4 3 17 -18 14 -24 -7 1 8 -1 -9 -1 -27 3 11 3 7 3 32 35 -8 -9 -16 2 16 30 -27 -30 16 7 31 28 -12 23 -16 -13 -21 -9 -7 14 33 -3 17 -14 0 3 -23 5 14 8 -23 -4 -13 -13 14 42 -4 14 12 -15 2 -43 10 -33 2 -18 8 -7 -19 33 -29 13 12 -10 -11 -20 25 51 16 -22 8 6 -5 24 30 2 0 -5 0 21 -11 -14 25 -11 12 -28 2 -33 41 -13 28 6 -7 3 12 9 4 45 -5 -26 17 -11 11 7 -9 -15 -12 -6 -21 8 -9 15 30 13 -25 -12 -5 17 49 -1 -12 27 8 -2 13 -31 -12 8 -8 0 -30 9 5 -24 8 17 -25 -3 -16 -16 -1 37 -27 -9 42 19 16 -23 -31 -5 15 14 5 11 -33 -2 50 15 -21 31 -30 2 -20 -50 43 8 7 2 29 -5 -24 53 0 22 -21 -25 -33 -8 26 -1 -1 -14 1 -16 -2 12 -9 19 10 8 -16 -2 -28 -37 -14 -17 -20 4 4 -18 7 -14 25 -12 1 -6 0 16 -5 30 -6 -2 -8 -24 4 19 27 -29 -11 -22 -15 -14 3 35 21 27 -5 -10 5 28 15 -14 -7 15 16 25
7 26 10 3 -29 7 -12 -9 -1 32 -3 -15 -15 -28 -10 14 28 2 46 21 28 -39 -17 -17 16 -3 3 -9 1 -19 6 -12 -44 -17 33 -12 15 41 -3 31 11 -37 -7 -22 17 1 10 36 -39 -13 15 21 8 0 -2 -6 -23 22 -1 -23 -8 11 -2 -19 -14 7 -7 8 -6 -22 -11 -36 11 13 2 -17 26 7 -5 -11 -6 7 4 -61 -3 9 -44 -4 39 19 -30 -13 -11 14 -7 17 21 4 -27 -16 -15 -1 20 -14 -23 -25 7 -18 -12 -3 9 15 20 11 9 -25 -26 7 1 36 2 -35 -37 -28 -2 -13 -4 -16 -26 54 11 4 -31 10 4 -8 14 20 28 21 -4 -26 -27 -39 -12 -28 -10 3 9 2 -3 -14 0 1 13 9 -45 15 6 2 0 25 6 9 18 2 -1 -19 27 23 -21 -19 33 7 -9 -9 -15 -15 -36 9 -11 -26 21 13 48 -58 24 7 -2 -6 -36 6 -18 -6 -7 5 -7 -34 -24 30 20 10 -3 2 13 20 -49 12 -27 -12 24 -4 -28 -26 9 7 8 -26 5 -51 -37 -26 -10 -10 10 3 2 19 1 9 -20 -26 -18 26 2 23 -5 -37 24 30 20 13 -4 25 -28 8 -34 3 -11 1 -38 -3 24 1 -28 -26 36 -15 8 -5 14 30 4 11 -22 -2 -8 37 -13 0 37 12 34 -16 7 16 -2 2 -5 -19 -27 1 -19 13 32 25 -3 45 18 -4 -23 17 -31 -21 1 14 -8 23 -10 -25 -1 13 -5 -19 -3 11 17 -21 23 -10 -31 -5 4 -23 -21 24 -5 25 -14 8 -7 18 3 7 1 16 -5 -9 -2 -10 -20 -20 21 16 11 20 8 -8 7 -7 -6 -33 12 -3 -33 -1 -43 2 24 -26 -5 17 -30 -22 3 9 -3 -7 -40 4 -6 -22 -28 -28 33 -31 17 -25 -2 -23 -26 -13 -21 13 -48 -21 22 -28 22 6 -14 25 -12 -4 3 -15 -25 13 4 -31 22 -7 8 28 52 0 -21 -1 2 2 -2 1 -44 13 -5 10 -28 -7 -21 -46 -20 -13 5 -3 9 -23 12 -30 10 5 -16 -16 4 -14 -44 -9 10 -10 -28 -1 -22 -12 13 37 0 17 -13 -19 17 -3 -40 6 15 -7 8 2 -19 4 10 5 -18 -1 8 0 5 -11 29 -14 3 14 -46 38 5 21 -53 -38 -10 -32 -4 -34 -24 11 -15 26 -26 5 -15 15 -5 22 29 -6 8 6 -18 -9 -32 -15 -4 -4 -28 3 10 -18 -2 15 8 -33 -14 30 2 17 -11 9 20 24 4 -29 -23 43 25 21
-4 27 11 25 -37 -1 -12 -7 4 24 -35 9 -15 -26 15 -24 -13 -13 27 -32 -7 -3 -4 -21 -9 -13 -27 23 -13 -12 22 8 -8 -44 -18 -11 45 3 -13 45 6 -15 -14 8 22 -7 25 26 10 -9 -49 12 -7 32 -3 14 27 -11 -2 9 -26 11 -14 -16 13 14 10 35 14 -25 9 13 -19 40 26 -34 18 21 14 23 -6 -16 -19 -44 -3 -20 -26 16 10 -4 18 -1 -42 -4 -2 -30 -15 -2 21 4 -25 4 21 6 52 -11 31 -24 -2 -3 -12 26 -3 -15 8 19 -15 -1 9 18 -23 6 -31 -3 -7 -28 -7 -9 8 -9 35 -27 -18 37 2 29 13 10 20 24 10 2 -1 15 -25 15 11 -7 -24 27 20 0 17 28 6 -5 22 3 22 1 -29 2 40 35 54 -13 -11 24 9 32 4 4 22 16 3 -9 -31 -23 -27 -7 16 41 -1 0 -3 -45 30 -2 9 11 -21 -7 1 -39 -16 37 2 -45 -5 -4 6 0 5 -22 -10 -29 25 -4 -17 -27 -2 11 -6 -3 34 -43 32 -8 4 8 2 -8 19 -25 25 -20 -12 7 -14 6 -15 -16 -17 16 -6 19 15 3 19 28 -4 9 -4 18 -17 14 0 13 28 -19 1 -31 23 -42 9 16 -6 38 -33 12 17 -23 7 9 -8 -10 22 22 6 2 -2 39 -5 -26 -14 16 38 -10 -8 8 -6 -25 15 -9 9 13 -34 -11 -38 17 16 16 29 -14 1 24 18 -4 12 5 25 -4 3 -26 -21 4 14 18 5 -1 26 12 20 34 -18 2 -1 18 -36 -14 12 20 2 21 20 -6 15 19 -8 -19 6 -36 33 18 -1 3 8 -32 -52 -12 -14 -1 13 52 -5 4 13 35 18 -13 20 -42 7 -3 6 13 -13 -44 -15 -12 15 -6 14 -12 20 15 -1 -17 18 2 8 -24 34 47 -3 -17 -27 -33 28 -6 -16 -8 1 -15 18 2 -6 13 -20 -20 -20 8 -8 44 16 1 -3 7 33 -26 29 22 -8 -22 -6 -22 -24 -13 -10 7 -8 -3 -12 -30 5 -18 -14 -3 -21 49 17 25 -20 6 -11 5 -26 6 -4 14 18 -7 53 -12 -6 18 -3 7 -22 2 40 25 14 -28 39 6 9 -16 -16 -13 -12 -16 2 29 5 -6 -18 6 28 -17 -2 15 -4 52 -7 31 2 -16 -27 -32 -16 -15 -21 12 -12 -12 20 8 11 6 26 -30 -5 -17 2 -7 18 -2 -10 -6 -10 -16 10 -7 -8 7 -3 -16 15 5 40 1 -13 27 24 32 -24 -23 8 11 -17 17
-27 10 -24 4 13 -24 25 -6 -11 33 -4 0 -3 -24 -6 14 -23 8 -5 -13 9 15 -5 4 0 23 -50 -12 18 3 7 11 -17 -18 2 4 -1 11 -24 14 0 -24 -7 -27 -7 -8 -9 22 -12 -27 -14 -37 -4 11 -10 22 -2 -13 -14 -11 -12 5 -5 -26 -6 19 9 -11 46 6 11 -7 19 3 1 3 5 -13 -36 12 4 -5 -33 -11 0 -11 -64 -10 -6 -25 5 -25 -16 -6 -4 1 5 -16 22 -28 -14 3 -13 -14 18 17 1 -12 -1 4 32 -1 36 4 0 -33 -15 18 0 6 35 22 -43 -2 21 -37 -11 -15 14 -9 -21 -8 -6 12 -5 27 6 -5 30 12 -1 -13 13 2 21 -36 37 -19 -20 48 17 24 0 16 -20 -5 4 14 -1 19 -14 30 4 -20 22 11 5 -28 12 13 15 11 0 6 -34 -41 4 2 12 -9 -16 -14 23 -20 15 -41 20 4 8 7 -4 2 14 39 -17 25 12 -3 16 -14 2 8 -6 16 -12 -18 14 -19 2 3 8 -25 -21 4 -21 -18 -35 -7 1 -4 -1 -12 14 3 -23 18 30 25 12 7 -27 0 -37 20 2 18 -4 -15 29 -40 13 -4 28 2 4 29 -2 26 6 -32 -50 52 7 -9 9 -16 28 -25 22 13 22 2 28 8 -22 -27 4 23 -27 8 15 8 19 1 -10 -5 4 -16 -37 -37 -26 6 -3 5 39 40 -1 -34 -31 29 14 -20 1 -39 23 34 31 -11 -2 -11 18 -35 -22 3 -11 17 -3 -2 5 -4 -3 -15 -12 -16 0 13 0 -18 14 9 -13 -6 39 2 -11 2 6 -13 -24 -29 13 -26 29 16 17 37 -23 4 -33 -7 -9 -1 40 2 18 -3 28 2 -8 2 28 6 9 -15 5 7 -7 -18 9 24 27 -3 1 -9 6 3 -12 9 24 11 9 34 -15 20 5 -51 7 -2 5 8 -18 -8 -9 -67 -30 16 -25 17 1 20 -25 -1 -25 4 19 3 19 8 9 -14 -8 0 -12 4 -25 -12 3 -9 -28 0 -20 8 -12 -27 9 -48 16 34 18 23 13 22 -3 -38 -18 4 0 15 -16 39 -5 11 12 -12 2 28 -25 -18 -28 -35 55 3 -11 -39 15 18 -35 -2 31 -3 8 -1 -27 26 4 4 -10 -7 20 29 17 -13 -7 38 -16 31 -4 -2 29 -18 15 -17 -28 -5 4 -3 10 -12 35 38 25 -14 -27 14 1 -20 10 -29 1 -13 14 -2 11 -16 -29 -28 -28 -13 19 8 19 4 -23 -11 15 0 3 -27 3 24 12 24
-32 4 2 -3 2 -2 12 0 -4 27 -14 3 -45 -44 5 -15 25 -28 28 28 23 18 18 0 35 -1 -14 4 -10 2 19 16 16 -20 3 -47 -3 -8 -21 19 7 -20 8 -9 -2 10 40 45 -39 5 -23 -5 -3 -8 8 -3 -4 -23 -29 43 -23 21 9 -8 11 22 24 -8 38 -11 31 4 -15 -24 -8 -1 0 -15 3 -16 -3 -11 5 -60 -10 -28 -24 -19 7 26 17 -17 -20 -11 1 -7 -5 22 -24 -5 8 -9 20 -16 37 -37 -13 -16 17 -10 31 15 6 -20 11 -15 -36 10 -2 51 -6 -16 -53 8 11 8 -9 13 0 12 8 1 8 18 29 -26 18 24 40 31 -5 -6 -9 -10 5 -4 28 8 -6 24 -2 9 20 -5 27 21 -14 -34 30 1 -12 38 14 22 53 5 -6 12 21 25 -6 30 14 44 15 -13 -37 -6 -29 28 2 3 15 -16 20 -6 2 -43 -7 -17 -6 10 0 -7 -3 4 -11 -23 -24 -2 -26 0 5 23 18 -36 -38 12 -34 -5 31 -8 -5 -12 21 -27 -43 -8 17 10 -33 -20 -1 -17 -2 -2 -12 47 13 19 2 -4 -49 0 -5 4 -13 -28 27 5 -12 5 15 28 -1 -17 -17 -24 -7 -6 -33 9 12 -24 -23 18 3 -33 -4 14 27 -5 10 -5 10 15 22 -3 -11 -17 28 -10 -6 -32 25 2 5 42 -36 -28 -1 -43 -5 -4 26 65 -39 -10 -5 -10 -26 33 1 -28 34 27 -3 19 -10 6 -13 -16 -19 12 -18 8 6 -6 10 -16 -3 13 -18 -19 5 5 -59 44 17 -11 -23 23 20 27 25 15 -2 -41 4 -19 -13 -35 3 -2 -29 -2 -31 -34 -22 -20 -8 -30 33 5 15 -9 11 -8 23 -4 20 -31 10 -30 -38 -4 6 -25 -33 0 0 -7 -25 -15 1 -38 44 14 -4 -5 -2 23 -26 20 -16 -35 30 -19 18 -2 -30 12 -7 -10 -22 23 -11 -12 41 22 -29 14 -24 5 72 -28 8 19 20 -12 -22 -20 -6 -3 -33 9 10 -2 -13 -19 10 -25 -3 -26 -19 -29 11 46 -34 26 -7 23 4 22 -40 3 9 30 -14 30 -30 -38 31 -5 -12 14 -10 -5 -21 -5 9 -11 2 -6 29 18 -3 44 -6 39 -19 -19 -15 -11 1 2 34 -13 -10 -2 -29 34 -9 12 -38 18 -14 2 -19 -27 -16 11 -13 13 4 0 -10 -32 11 -16 -18 25 9 12 25 25 18 21 -24 20 -34 -32 12 -8 12 -43 -7 -30 19 9 30 33 2 -9 29 15 -11 -23 -5 34 -1 -11
-4 18 6 2 -16 9 19 -20 9 49 -5 -22 -20 -36 -20 -12 23 -9 -3 -28 10 -6 1 -1 -5 10 -3 -19 -36 10 3 -3 8 -14 16 -27 8 6 -37 31 16 -8 -31 -18 -12 5 22 30 -25 -3 -14 -3 -8 1 -1 2 7 -16 4 0 -36 4 -6 -2 -15 7 20 -19 21 -3 28 24 -1 11 12 -34 -12 19 4 13 -18 -12 1 -35 6 -12 -27 21 28 11 15 -14 -3 -2 -9 -10 14 18 -1 6 1 25 -4 -11 27 -36 -1 19 13 -1 -15 -8 47 10 6 1 -16 0 2 36 5 -20 -56 31 25 4 -2 -11 -4 11 9 -11 -7 23 13 35 10 0 15 8 17 -5 12 9 7 -34 12 -7 -20 42 25 -1 -1 -8 16 -4 3 -8 -6 25 -3 20 25 2 33 -22 -28 -20 -15 2 2 3 27 13 -3 -31 -4 1 -7 0 13 -37 23 -1 18 -40 39 -16 3 37 -12 21 1 29 3 21 12 -17 -9 -27 -17 15 49 5 -13 -13 -14 -1 -23 -25 22 18 -1 -32 24 -8 -28 -16 24 12 -6 -15 1 -18 -16 -16 3 37 23 25 -7 -49 -39 -1 -5 32 4 -40 26 -4 5 23 1 23 -22 -10 -26 -4 38 -6 -4 13 7 -43 0 -33 36 -15 -7 -26 11 -4 9 2 -20 -5 2 7 11 -6 1 -8 -11 -13 -4 4 -16 20 -29 -24 -7 -21 -4 -6 2 40 -41 -6 -2 26 2 7 20 -25 34 21 -11 13 -5 -8 20 -5 -27 -4 -14 14 34 -5 13 -25 8 18 -16 10 -10 26 -16 -8 6 19 -21 49 -10 37 16 8 21 -28 0 -5 -19 -52 23 1 26 19 -40 -8 -24 -41 12 -8 21 39 5 4 -4 4 -12 8 -5 7 10 -4 -7 10 4 -12 -14 14 0 3 -11 2 10 -47 30 -1 12 -18 19 19 -20 38 -10 -49 21 -16 6 24 -11 -5 -5 -14 12 35 18 -5 12 -13 -22 -3 -14 20 45 -4 -7 1 25 -4 -2 -21 1 -22 7 20 -44 -20 -6 -5 14 9 0 -12 -21 -34 7 19 -9 19 -6 44 16 -19 -27 -1 26 16 -12 20 -41 -18 20 27 -30 -18 -19 -9 -14 -23 18 24 -10 -3 33 -8 -33 41 7 -1 -12 -14 -38 17 -2 -5 64 9 14 7 -35 9 15 13 -16 -1 -37 8 10 -17 -11 11 -17 7 7 -31 11 -12 -3 4 8 30 -7 -15 41 14 9 4 -1 22 -17 -12 9 -28 -6 -27 -7 -9 -4 46 22 31 -25 -9 -1 37 -44 -7 -5 31 -6 12
-7 0 -6 51 1 -23 20 -2 4 42 -13 14 -32 -37 8 -17 1 -3 7 -30 3 0 0 -17 5 -15 -20 -27 11 -7 -1 32 -6 -33 -18 -21 15 -35 -6 11 -21 -32 -2 12 7 -5 -9 29 -17 -4 -22 4 -10 18 -14 16 -3 16 -13 -10 -14 17 4 -23 4 24 9 -28 41 -18 -1 -16 -33 15 7 -1 -14 -4 -29 20 -27 -17 10 -18 7 -32 2 -9 15 9 -17 14 -11 -21 -3 -15 17 24 7 -6 2 7 4 -17 3 -4 14 -9 18 -8 16 15 10 -36 6 14 -19 26 -1 32 26 7 -58 -7 -20 25 -22 -1 4 17 -6 7 -9 30 12 31 4 -11 26 18 9 -8 -16 -4 -23 -37 33 13 4 20 39 10 7 6 10 5 -4 -15 -38 20 -19 14 5 -6 -3 -18 1 2 -25 4 -1 17 34 5 -9 -9 -25 -27 19 -11 4 -16 8 34 29 -30 -10 27 19 4 2 -1 4 11 -19 37 5 -12 -12 -9 -6 -18 -23 27 -5 -23 8 -11 26 -9 30 0 -32 -16 41 7 15 -40 13 -27 -8 -30 21 -12 -28 -7 26 17 11 14 1 -48 -12 15 -16 25 0 -47 1 3 18 43 19 48 -16 4 -15 29 -7 7 -1 5 7 -46 -2 -24 22 -12 12 30 32 -1 29 4 -27 -30 13 -8 21 -21 20 -4 -12 -16 -13 -10 -9 15 -23 -12 -26 22 -30 -15 24 23 -5 2 -14 7 -2 -19 -17 -14 9 28 43 23 6 39 -3 -43 -10 -48 17 9 -5 16 -13 13 -2 1 0 13 3 21 -15 -18 -14 -14 14 36 26 11 15 -9 17 -5 -18 -4 -4 -20 8 23 20 18 -13 -9 3 -4 -10 -20 26 16 -2 -23 12 50 -4 19 34 -12 6 8 -6 19 5 -6 -9 -13 8 -5 26 -19 7 -36 -6 16 11 -2 3 -21 11 8 -21 -50 42 -41 16 7 -10 0 -7 25 -9 24 -15 3 8 -43 -8 11 -16 11 20 -7 -1 24 10 8 -10 -13 -6 9 47 -22 -33 -4 17 -22 1 18 -5 -6 -1 -18 2 47 14 -19 14 -4 12 -1 -27 -1 25 13 0 -2 -10 -3 15 12 -10 26 -30 -15 -19 -43 15 27 -11 6 20 -2 -3 14 31 10 30 -12 0 -16 -6 19 2 11 -27 17 4 -2 -34 10 -24 35 5 -2 -20 -5 -11 -5 -14 -8 -2 -11 -12 2 26 17 13 0 12 12 4 3 7 -12 8 -2 10 3 25 -24 5 -19 13 -4 13 31 33 23 -19 -23 -23 22 5 -29 -3 -28 9 33
-2 37 -9 23 -49 3 30 -14 -1 47 -1 15 -25 -19 14 -13 23 -20 34 7 7 -4 -1 -20 -12 11 -6 2 -24 -10 4 3 10 -32 -15 -46 23 -6 -38 29 12 -12 1 26 -5 0 -6 21 -44 35 -28 10 -11 2 -12 16 -7 41 -4 15 -19 -2 -1 -35 1 44 24 6 31 3 0 -19 -17 5 35 -13 -16 21 -38 -3 -16 22 21 -67 14 -48 20 -12 20 39 -3 9 0 -30 14 19 5 36 16 -8 -40 -16 17 -4 1 -16 4 -21 18 -6 6 -12 1 17 23 18 -9 -2 33 33 -6 -4 -52 18 -16 21 -15 25 41 -16 -12 -6 -12 13 -4 12 3 17 22 42 18 -16 -21 -4 -28 7 38 -32 -9 -11 23 10 28 16 21 8 10 14 17 6 -11 31 4 17 1 -24 -3 28 26 -11 15 -4 16 12 18 2 -22 -7 -4 -8 9 0 12 11 20 -33 35 33 -11 -23 5 26 4 -2 -27 13 10 -32 -30 -10 27 -8 14 -1 -24 -28 2 38 -10 -14 28 -16 -16 -43 12 -2 -23 -36 -12 20 -9 -50 21 -30 -2 -46 -9 7 -5 16 6 -21 -50 4 -37 21 18 -26 23 9 -15 18 26 8 -11 -46 -1 -3 29 -6 -37 3 3 -52 29 -17 19 -30 20 15 18 -25 10 -26 -5 24 25 19 7 -1 -13 -27 -28 -11 5 0 37 13 -35 1 4 -1 -26 -49 2 22 -25 28 -10 -6 -1 22 16 -48 35 45 -14 -16 -16 -20 -8 -16 27 -22 -27 11 -14 7 -8 9 17 19 -1 -4 18 48 -26 15 -50 3 9 41 42 29 37 4 15 -11 -14 -12 7 -43 30 -2 18 39 -2 -9 -17 3 8 17 56 27 36 -1 -24 6 -2 -16 44 -38 -12 -2 -28 -10 -20 -10 -6 28 7 -29 1 -28 44 -30 -13 22 2 1 1 28 -8 21 -42 -55 29 -25 30 -3 9 2 -25 -1 -27 20 29 -8 24 10 -18 6 2 -25 28 -4 -21 -9 21 12 11 -19 -15 12 13 -14 -34 7 -8 -12 -24 -2 -1 -12 16 -11 -8 31 16 -29 -9 21 4 18 -33 6 9 49 -12 9 -28 8 29 -22 -5 5 -18 12 -6 -2 -1 30 -13 -22 38 -12 4 9 32 26 -1 -37 -5 -6 7 5 23 -15 -6 22 2 36 -19 40 -25 -3 -55 -21 -1 27 -23 42 18 4 -1 -8 21 -7 33 -10 -2 11 14 6 6 9 11 -13 -21 -6 -22 0 40 11 -2 -46 -11 -7 14 13 29 0 -31 28 -1 -9 -5 -3 -13 9 22 30
-5 21 -10 43 -20 -4 -1 2 15 28 -19 9 -35 -47 14 -11 26 -7 24 -14 -17 -22 -6 -3 7 1 -7 -3 -35 -37 51 15 20 -33 -13 -10 -6 5 -20 24 -22 30 -47 11 6 -3 8 12 -20 -3 -54 -19 -8 7 19 5 -13 4 13 -24 21 -1 -21 -20 -24 26 4 -3 11 -8 -9 -13 -15 14 0 -6 -25 5 -29 14 -29 2 -17 -35 2 -18 -24 12 35 2 24 -2 -8 -3 -5 -7 -6 24 -32 4 -41 -4 13 13 5 11 16 2 -2 5 6 8 28 5 19 12 -22 3 -25 42 -30 -1 -55 -1 18 14 4 29 -9 13 -17 -18 -28 39 22 24 -12 33 35 14 -7 11 -29 -18 -10 -33 19 -13 -17 31 28 -33 4 -10 33 -13 -19 -3 0 -6 1 56 2 14 18 -27 -33 8 8 -4 -5 23 0 -14 -36 3 -24 -3 -4 9 0 -38 10 7 47 -31 7 7 24 28 9 9 -22 -2 0 1 5 -26 7 -36 -1 -23 40 14 -21 -14 2 -36 13 -43 29 18 5 -24 25 0 -4 -8 46 -22 5 -27 23 41 -21 -10 15 31 -23 -7 17 -42 -35 -2 2 -5 -3 -22 21 16 15 15 -38 -10 -3 -11 -10 31 16 5 8 4 -5 -21 15 -8 11 26 -10 29 5 15 20 -3 -4 -12 9 22 20 -23 9 -15 28 -2 -23 7 -1 7 -32 4 -3 -14 0 19 12 4 -28 9 -3 48 -4 -6 18 -4 35 13 36 6 -1 39 9 5 0 -9 -32 9 12 38 -6 15 34 6 4 21 -19 21 -44 5 -13 3 -11 57 -4 50 11 -14 -13 7 16 -27 4 -64 27 6 22 37 11 -20 -37 -1 -28 -2 35 14 -4 29 -9 -1 -6 -30 28 -14 -9 -24 7 -5 1 8 -17 -12 6 -13 -21 -25 3 -23 25 -3 -5 4 23 22 16 13 -20 -24 21 -20 6 4 -1 -3 -20 17 21 17 40 11 2 -5 -17 -29 2 19 59 -14 31 11 14 13 1 -5 -42 18 10 5 -11 0 -2 6 -2 21 16 -36 -10 -4 3 35 1 16 -5 9 6 -42 6 6 -23 -5 -11 20 -19 -38 -4 21 5 16 -14 -24 -22 8 5 27 -7 0 28 -14 -7 -11 19 -4 27 -25 -10 -20 30 -2 46 -7 14 19 -20 15 7 27 -36 15 -25 1 -10 -16 7 30 -9 28 -21 -13 25 9 -8 31 -3 -11 3 -7 -19 5 -2 -14 -4 26 4 13 24 -7 -47 -4 17 -38 36 20 -7 18 -14 -17 1 44 -17 -26 -29 -4 -2 9
2 32 13 30 23 17 -4 -16 6 36 5 10 -2 -28 -22 0 15 -2 -39 21 -12 20 -16 -1 19 22 2 3 -16 -26 12 5 -19 -17 -44 -66 0 -13 -18 12 -16 -12 23 4 6 -51 12 18 -17 0 -19 -13 7 7 -8 20 0 -2 -29 -4 21 32 32 -35 -26 17 13 15 27 32 -28 -2 -24 35 25 -30 -22 -1 -8 -11 -41 3 -15 -26 3 -30 -8 -7 30 45 -25 -11 -21 -14 26 -6 -6 23 -41 18 -8 16 -3 -1 7 -16 -25 5 -25 -6 23 20 57 29 14 1 -14 26 0 30 -10 11 -29 24 -4 9 -27 -34 -9 16 6 -8 3 5 6 5 17 35 36 29 12 6 4 10 -5 5 -2 -23 -19 44 11 1 14 32 6 8 12 18 1 2 5 31 10 -3 3 14 -59 4 -18 32 15 19 -2 17 17 -3 17 -4 -4 -4 3 -14 17 -12 22 -48 -14 -4 17 -2 -3 12 -5 10 -7 -3 -14 -47 -17 -10 20 15 -11 -9 -16 -11 0 28 7 -27 7 -20 -28 -29 12 -11 -1 -47 9 21 -17 -11 3 -34 1 -17 39 -2 2 23 8 -15 -25 -5 -21 21 7 -25 25 -16 9 29 1 12 -27 -15 -9 -17 19 0 -15 2 2 -39 -19 -32 44 -28 22 6 -18 36 6 -2 -26 30 29 32 20 3 31 -8 13 -28 4 15 4 17 -37 -23 -19 -17 -9 -4 6 17 3 -15 6 10 -42 31 22 -58 32 14 35 4 -9 -11 19 14 -11 -25 -5 20 17 -12 -4 -18 19 28 9 2 0 53 -5 -19 -18 -12 -5 22 5 -9 10 22 -6 7 -15 -9 13 -26 -18 19 -9 26 -13 -18 -45 -13 -7 -7 26 27 15 -6 4 -36 -13 6 -5 0 -1 -7 -7 16 22 -13 -35 -3 5 -8 -5 -16 22 -12 0 -26 4 10 4 17 -11 17 -16 -34 -18 -39 6 -9 -15 -5 -14 34 -9 11 7 39 20 -28 -21 -20 -4 18 54 -9 16 -15 -3 -4 -4 6 11 -10 12 20 -22 -20 18 7 -22 11 2 -8 -21 -28 19 -8 21 -3 22 42 3 -4 -20 21 0 9 22 -17 -35 -30 5 4 -7 28 5 -10 -25 -3 -4 29 -17 9 23 9 -19 37 -10 -1 9 2 -19 7 -5 16 41 -14 8 -14 -39 23 16 17 -62 21 -11 -15 24 -6 -13 29 -7 36 14 -14 25 13 32 27 43 -2 5 -16 15 -37 4 38 -15 17 -8 19 34 37 -8 -26 -1 -24 8 2 2 8 -20 -29 -27 24 -15 -15 4 18 20 33
13 -4 -34 50 -9 -1 13 5 6 -27 -6 -18 -9 -24 -40 -6 30 9 -1 10 50 5 -13 -5 13 6 -14 -3 -6 -6 9 9 19 -24 3 -16 -7 3 -1 -28 -28 16 -13 -16 -7 6 26 10 -8 27 1 -6 -2 31 -15 7 7 -31 -7 28 -22 8 8 -24 11 43 -9 14 12 -12 14 -1 -23 4 -19 -6 -3 14 -10 -7 -16 1 -32 -22 14 -28 -46 -19 13 -56 16 0 7 1 -9 2 -28 38 22 -5 4 47 -21 -3 5 11 2 -6 -17 -42 21 18 -5 -10 28 -8 -21 22 18 -12 4 4 -45 -21 -9 11 -5 -14 47 -15 12 -22 4 13 -8 13 -20 7 2 2 -5 -22 -17 16 -12 -36 26 -10 7 17 20 -22 20 1 15 4 -26 -21 30 17 3 32 39 -13 21 -21 -1 -1 10 1 -11 -7 58 5 -23 -27 -18 -20 -25 -8 -8 -9 35 -4 24 -11 41 -55 5 4 -21 9 -10 30 25 21 -26 -11 -9 -5 -7 -13 -26 0 -55 -17 16 18 21 -4 4 -18 -21 -18 -5 -18 -58 6 -10 8 41 -34 -18 -29 -6 29 24 16 22 19 20 21 -42 31 -26 24 3 -37 45 38 9 6 21 47 14 -21 -16 -8 -10 -18 -37 34 2 -21 11 -15 3 -24 9 36 -5 -13 4 -21 -24 -12 -24 12 -29 20 24 12 -15 10 31 12 -11 -24 -6 -3 42 -15 -29 4 4 9 2 -11 -38 7 -13 15 3 -20 -3 -1 24 16 -11 26 -26 -33 0 -26 4 -9 18 12 -10 -34 20 16 10 -4 -4 -9 -20 9 -17 17 35 -14 20 34 0 -17 18 -43 0 -19 -7 -63 14 -12 -10 31 -32 -23 -20 -25 -30 -15 25 11 13 21 37 35 10 9 41 -8 -10 2 -20 11 -15 4 -9 11 29 0 -2 -18 18 -41 38 -8 5 10 16 14 -4 37 -1 5 21 0 41 -35 0 4 -7 -22 -14 36 30 27 16 -1 -11 1 -15 17 18 -35 4 1 30 -11 7 -38 -23 -6 -7 -2 29 21 -4 -7 -18 17 -33 4 33 -14 14 22 -12 -25 22 33 -14 14 -31 -28 19 18 -21 19 -10 16 29 -2 -9 -14 0 9 -44 9 9 0 -22 -37 8 -9 -32 6 19 20 4 -33 -1 -9 8 4 21 4 21 -1 -2 34 -18 37 -34 13 -7 -23 -24 -28 6 11 -18 22 25 -1 30 2 28 13 -20 -25 -35 -5 1 10 -11 -32 -3 -4 8 1 -3 -10 3 -47 -8 -27 41 9 26 26 -38 -18 27 13 -30 -22 -19 9 5 6
-24 -18 1 42 15 -12 15 -23 -9 12 -27 -20 10 -38 -19 -11 7 4 3 -9 2 -19 -15 -29 -20 -15 2 -4 -17 -13 -13 -11 -10 -36 -26 -24 -7 -2 -27 20 -16 -31 6 18 -15 -13 23 15 -54 2 -28 -7 1 21 -16 -5 -6 -17 3 9 1 39 0 -22 28 -14 13 23 -6 -16 5 15 1 -5 22 -16 4 -15 6 -13 -19 2 -19 -55 12 -23 -16 -10 10 3 8 24 -16 9 25 1 4 4 -1 7 4 12 -10 23 35 -34 -21 -12 14 -15 14 8 30 14 -11 20 -29 18 12 12 11 -8 -6 -2 -7 -16 -13 -7 0 -6 20 11 -4 -4 0 -3 33 2 14 48 -14 -7 -8 4 -4 -2 20 18 -23 11 1 -5 0 -8 -8 -15 3 -2 18 27 12 47 24 -11 19 23 -20 1 0 26 6 22 10 -4 -27 11 8 -23 -15 -5 -31 5 2 11 23 -52 25 -22 41 -5 7 4 2 -11 -36 31 -2 -25 5 21 -1 7 -12 30 -10 -23 21 5 -15 -6 16 -8 -49 -30 -21 -14 13 20 -16 19 10 -32 2 -20 -8 -14 16 3 2 19 5 -21 -24 -17 29 3 -4 -54 3 8 -11 4 27 13 1 -2 -8 9 0 19 -39 -15 15 -16 -7 -26 31 -2 27 35 0 -8 28 13 12 -18 45 33 -6 7 28 -9 -5 6 5 -3 15 24 -18 28 29 -24 18 -4 -1 28 -27 34 20 18 27 24 -19 -29 49 24 20 -20 -14 40 -13 -59 -12 -24 -12 12 2 -2 -8 20 20 22 -3 -5 18 3 -23 8 13 39 -7 29 3 -6 -3 14 19 -1 -30 7 20 -34 3 12 -15 16 -5 15 -49 5 -10 -2 28 18 5 -30 4 14 5 4 19 -8 -23 7 3 1 8 32 9 -10 -15 6 9 7 -4 6 -14 8 4 16 25 -7 7 21 -25 -22 4 -15 59 -17 9 4 -12 15 9 -1 -14 13 13 9 -19 -37 -12 25 -12 -52 19 -1 -4 -8 20 7 -14 -7 2 -27 16 32 30 -10 -5 -15 15 -2 -15 -8 1 -3 34 32 -5 35 -21 16 -4 16 11 3 -16 16 -9 -14 -3 48 19 20 -12 -12 -24 -42 19 35 13 -3 23 38 -28 3 36 29 4 17 -31 -5 5 38 7 -1 -15 10 -18 23 23 1 -2 6 2 -9 -7 -16 11 -32 3 2 -3 -25 -4 -28 -2 19 11 -25 10 27 -19 1 -11 3 11 13 0 27 60 -3 -26 -16 -28 -28 23 7 41 10 -17 -9 27 -1 -28 -22 -30 20 -4 -31
-3 12 -5 25 -21 -12 18 -22 -11 46 -25 19 -15 -48 15 -3 12 1 -4 -24 -2 -9 -10 9 -16 1 -45 -30 -14 -19 28 0 -6 -3 -11 -30 4 -15 -40 40 -1 -22 -4 -24 21 14 19 -13 -39 -1 -24 -17 -29 13 -5 10 3 10 -5 5 -28 -16 -20 -9 4 8 -11 6 14 -6 8 -9 -14 -5 28 -21 -6 4 -16 -1 -27 10 -15 -35 11 -14 -48 -5 22 9 7 11 -7 -17 -19 21 -10 3 25 -19 0 37 27 -3 -3 3 12 1 4 -15 20 6 66 10 -10 -8 -30 3 20 29 19 -34 -31 4 1 -30 -9 -9 9 22 -2 -20 -25 -1 -9 34 4 28 7 46 -6 -31 1 -13 -15 -14 31 -16 -8 49 24 -7 13 30 -15 -27 -15 -2 -10 31 -32 35 13 -3 17 12 -23 8 10 3 16 -6 7 27 -10 4 -27 -26 7 7 9 -37 27 1 0 -50 34 -1 14 29 -40 7 29 44 -43 4 6 -25 24 18 -8 1 -14 -13 4 -3 -6 -4 8 -5 -24 0 -13 -5 18 10 -26 -39 -5 9 -9 -16 11 -24 -9 -9 19 15 -17 9 -5 -19 -13 3 -29 22 33 -18 58 -6 -25 18 8 24 -13 -7 -21 14 -3 -7 -39 10 20 -27 -4 -28 9 -21 -15 6 25 -18 14 -8 -32 -10 14 7 -20 -22 12 1 -2 -34 0 9 -3 4 -35 -22 -19 5 -14 -6 23 0 -57 -10 -24 4 -23 -7 28 5 17 27 9 -14 -8 -14 -2 24 -12 1 -11 16 -5 0 -18 -6 11 7 34 7 -7 -6 7 -6 -8 10 -32 29 1 22 17 6 28 9 -20 -45 -16 -67 33 18 6 54 -24 29 -51 -17 -5 -12 6 22 28 12 -16 -12 1 -11 3 10 2 -26 11 38 -11 -24 -16 10 24 24 -22 -29 0 -30 20 5 24 -8 7 13 9 7 -20 -29 19 -40 -17 42 -41 17 -11 -10 -6 32 -14 1 23 -43 -3 4 -16 25 28 18 33 9 12 -5 -17 7 -30 -14 10 27 -33 -17 -4 -27 -30 8 -11 -25 5 -16 27 1 0 14 14 20 9 2 -27 10 -10 13 -5 25 -19 -10 40 27 -12 17 4 -6 -59 -25 3 21 -28 -34 36 -12 -38 2 28 10 22 -32 -3 12 3 -9 17 5 4 16 -1 29 -15 5 -41 -3 -8 -14 8 -32 26 -9 -11 21 -18 6 6 6 26 19 24 -8 -1 -30 9 0 -20 -1 5 -6 16 -9 20 4 -26 -30 9 -33 25 39 37 -14 -48 -25 -21 42 -46 -19 -14 8 -6 30
-12 9 19 31 -43 3 37 -31 3 32 -2 -15 -29 -1 35 12 3 -18 17 1 3 20 -40 -3 -27 19 -30 -17 0 -23 7 -20 -29 -42 -2 8 -18 -7 -17 -17 -18 -15 -14 -31 8 16 4 33 11 19 -35 11 34 11 1 16 25 -15 21 17 -9 14 3 -22 2 24 -12 13 7 -26 17 23 9 -7 6 -17 -24 7 27 1 -13 -5 7 -22 11 -18 -22 -3 25 -27 21 -16 1 -23 -17 32 12 -7 9 -1 -19 8 -38 -19 18 -3 -9 -24 4 -35 27 -2 21 23 23 19 -1 7 24 -3 -19 15 -49 -11 34 -8 -16 -12 4 -5 13 -47 -9 -18 7 21 27 12 27 45 -7 -8 -26 20 -21 22 11 -3 -9 22 4 10 -15 -17 -25 -21 -14 4 -6 28 17 32 23 -10 -2 -17 -58 2 6 15 1 22 17 13 0 11 -50 -28 -26 3 -12 -43 21 -1 14 -33 10 -19 -8 8 -18 1 -30 3 -9 2 23 -2 -19 11 7 7 -11 3 -13 -3 17 23 -17 -16 18 -17 -10 -34 -19 -5 -21 -13 18 -38 -14 -23 7 -10 -26 19 2 37 0 0 9 -18 -17 7 -5 0 -12 -6 17 -30 5 38 21 1 -30 -46 -13 16 -14 0 -17 -3 0 -51 2 -1 19 3 23 22 14 7 -3 8 -62 -3 33 37 -4 4 14 14 -10 -46 -21 15 34 -20 -29 -13 -31 -8 5 28 18 11 -22 33 10 35 14 12 -15 -16 47 21 34 7 6 -37 9 -5 2 -21 -5 2 13 2 -2 -2 -5 8 -3 12 -16 19 -2 11 -26 12 -18 35 18 19 5 -12 2 31 -12 -18 -19 -12 11 -3 21 42 -15 -3 -12 -4 -2 -2 28 11 23 -21 -5 26 2 -22 20 2 -4 -31 9 -8 2 -22 -9 11 25 -16 7 -22 11 -23 11 -4 3 -46 37 25 -24 50 -5 -49 11 -21 21 -7 -32 20 13 0 -2 8 -1 17 37 2 -1 -14 -24 10 24 7 2 -9 -18 11 0 1 -9 18 -6 18 -23 -20 -21 -22 -9 27 -19 16 21 -24 22 13 -9 -6 -17 26 -15 3 -35 30 27 11 -14 21 1 -12 9 15 32 -3 -15 -14 -29 4 -44 27 -3 -10 -17 21 -9 10 23 -11 -18 6 -23 9 18 -29 43 6 8 6 -13 15 3 51 -49 -7 -12 17 -26 -42 30 -21 -15 30 9 -2 -9 13 20 -1 -6 11 6 -13 -9 -4 0 -4 -14 -26 -21 10 44 -9 -27 -11 -8 -8 5 15 6 38 -51 2 16 -12 -4 -30 -19 17 22 12
8 13 9 16 -12 6 12 -11 21 39 -10 12 -17 -14 -6 -21 30 12 17 27 7 -1 8 -3 6 16 1 -26 7 -9 15 -8 3 -11 -36 -47 -10 -36 9 10 -13 7 6 -31 -19 -8 7 47 -26 -12 -28 -13 3 -17 -25 -6 -11 1 3 43 -24 18 -2 11 -31 10 29 0 4 34 19 -16 5 12 23 -11 20 21 -21 -23 -31 -14 -25 -41 -24 -36 -19 -1 64 -1 -21 -33 -2 -2 4 -1 -8 -7 -2 2 9 18 30 -2 -5 -9 -2 0 27 -20 18 11 -16 23 34 -31 18 19 -9 22 -25 19 -51 23 -8 -7 -25 -7 -1 23 34 16 -15 5 27 32 35 -37 17 -5 16 -4 29 -14 12 -2 21 -28 -12 45 11 15 -1 21 35 16 3 -21 -14 -5 -12 67 6 0 -14 -9 -33 -27 16 11 20 32 15 40 9 -25 3 -13 -2 2 -19 -3 20 -20 19 -24 1 -26 17 4 -7 33 6 2 36 7 -25 -34 -21 10 3 -31 28 -17 -19 -30 28 21 26 -7 -15 11 14 -40 -3 32 -22 -22 10 35 -12 -11 -1 -20 11 -21 25 18 33 26 0 -29 2 -5 -22 23 0 -10 1 6 -7 -1 16 17 -20 -31 -24 21 6 -16 0 16 6 -40 -35 -31 4 -45 -20 18 47 -3 6 -11 17 0 7 28 37 14 24 -26 -4 -42 9 -11 0 18 -55 -20 25 -15 -4 -5 -2 20 -3 0 3 18 -28 -2 11 -47 13 11 7 20 -27 8 -12 7 -46 -18 12 12 12 -24 -42 -37 -12 0 -1 4 -3 10 -7 5 -16 -20 7 6 29 10 -1 8 0 -14 -1 -31 -2 -38 41 -3 -11 -9 1 -15 -6 -5 9 -17 20 10 44 -26 17 10 17 -11 24 -3 -7 -5 -50 12 15 -29 -38 26 -11 13 24 2 34 13 -1 -6 21 5 9 -5 -16 3 -18 -22 -11 -31 16 21 -20 -22 0 10 34 24 4 8 11 3 -26 -9 -24 22 41 -33 38 -4 6 -1 -10 10 18 -4 -4 -14 0 -6 -20 -13 -4 -4 -12 -39 -16 -27 -1 -10 -10 5 20 18 -3 -7 -36 -9 -7 -3 10 0 -11 -47 42 -7 -18 6 0 -7 -24 4 -22 5 -22 -14 5 -20 -27 22 -24 44 16 1 -17 -7 -16 -20 12 -17 11 -16 -35 27 -19 39 -30 1 -27 -5 1 2 31 -3 -26 21 -8 -22 -6 3 10 8 11 24 -11 5 25 -17 -29 28 14 13 -6 9 -7 -20 20 -24 -21 -27 -11 20 26 24 -24 3 14 18 -22 -16 19 17 28 3
-18 0 0 42 1 0 41 -12 -1 7 -15 -33 9 -10 9 30 -2 -7 -1 30 -1 7 -7 7 -8 23 -11 0 12 7 8 11 -16 -30 8 -4 11 16 -2 1 -6 12 4 -7 20 -4 5 15 -11 -13 -27 -3 12 -15 -29 -14 26 8 -1 -37 13 42 1 -5 15 11 -17 0 22 -25 7 -8 -35 -19 -5 19 -23 -10 -16 -4 -3 4 -12 -44 46 -15 -32 3 28 0 -16 13 -20 -37 7 -6 11 -11 40 -20 17 7 -32 11 -21 1 3 -23 28 -7 24 5 14 17 5 -8 -32 -1 -17 32 18 8 -34 0 0 -12 -29 1 -9 16 22 -8 0 -40 19 24 7 6 23 21 15 -18 1 -8 -8 -6 21 -18 -3 35 19 7 26 17 -7 -30 1 -20 -8 10 -11 -3 2 -4 27 0 5 9 -9 1 4 52 29 17 0 5 -20 0 -27 -3 17 -19 5 25 17 -24 -23 -32 44 23 -19 2 -33 5 -1 14 -36 -12 7 -29 -15 -17 -35 36 -2 9 20 -23 27 -61 2 -17 -32 -16 4 -15 -36 -9 -10 -25 -28 -35 -28 -60 13 -3 -5 17 4 -2 -12 6 -34 10 -18 21 -7 -16 -3 10 -47 7 44 -22 -29 -34 -7 1 -27 -30 -30 16 -17 -33 -1 -28 13 -9 15 25 8 -16 15 36 4 6 -13 54 9 2 -2 19 9 -46 6 -30 -16 -12 -28 -28 -46 -28 -9 43 1 28 9 -13 -38 8 5 4 -24 -31 38 25 32 15 -26 -30 -25 -6 -8 -8 22 34 34 8 1 -19 -4 -29 26 -16 4 2 -24 -2 -15 10 -7 5 40 6 11 17 19 2 -22 -13 -14 -39 31 -3 -23 7 -42 -9 7 13 -30 9 16 17 38 -9 -6 34 -21 -5 38 7 7 0 6 49 11 -13 11 40 27 15 32 -19 12 -24 13 9 -4 -16 17 8 1 19 -18 -15 1 -35 -10 -15 -33 -21 7 -29 -16 6 -3 28 37 -1 -38 0 -17 7 35 8 12 2 9 18 2 -19 -19 10 -4 -28 -22 1 -19 -31 2 -20 2 3 32 -4 10 32 7 -8 13 15 -10 -11 -43 7 9 1 30 1 -19 13 14 21 28 17 -37 -2 -29 -48 -8 8 -19 -27 2 4 -24 14 -3 -6 -6 -5 -29 -18 -10 8 4 29 4 29 0 16 12 22 -3 12 5 -17 17 -36 4 1 -16 8 14 1 11 -5 5 0 6 -18 -13 -6 12 -4 -7 10 -2 6 -7 -7 55 14 -11 -31 12 -27 19 2 17 19 -40 3 -6 -12 -12 -51 -17 32 20 11
-32 -13 -9 47 -23 -20 40 -6 0 36 -3 -9 -17 -13 -19 3 9 2 27 -1 -20 8 0 -18 20 -1 -52 -14 -4 6 13 -31 -4 -18 5 -40 -8 -14 -21 14 25 -18 3 -2 -11 17 20 37 -17 11 -44 -2 -6 25 -10 -4 -21 -2 18 5 -28 19 -15 -8 -21 9 8 -11 39 13 24 -7 -11 28 14 -19 0 19 18 -14 -21 -8 -18 -18 9 -6 0 18 29 -17 32 16 9 0 19 16 31 26 29 -4 -17 -1 4 0 17 -10 20 0 5 1 10 20 23 4 31 -9 -11 -5 3 36 -8 -29 -32 -17 4 -5 -8 -10 -26 23 15 -40 12 -13 -21 38 -8 20 3 6 28 -37 -20 5 -4 -24 30 -3 1 36 0 4 9 4 -17 -1 -8 37 26 47 -19 42 23 0 21 -19 -34 13 -4 -3 16 10 15 5 -17 6 -28 -25 -14 -28 6 -5 40 -3 32 -60 27 -3 -16 2 -16 -6 -7 31 -23 17 10 -21 -38 -18 2 -1 -28 18 -4 -17 11 17 -9 -23 8 -14 -28 -24 -16 -19 -10 -42 -13 -9 23 -2 13 -30 16 -4 9 33 -14 6 4 -22 -23 11 7 10 15 -25 28 12 -15 9 2 23 -14 -11 11 29 10 -4 -20 -5 -1 -33 -30 -35 35 -3 1 13 19 -18 15 -3 -17 9 -13 24 6 15 2 -1 -1 -15 -10 19 1 13 -14 -45 -7 -32 12 2 3 22 -3 -30 3 -4 -9 30 7 -8 1 16 34 28 -11 1 7 -10 -10 -31 11 22 -3 19 7 -9 -2 -5 12 8 4 10 -4 4 -4 8 8 53 -11 24 22 8 19 18 4 -1 34 -36 -9 27 11 30 -25 2 -40 -14 -21 17 4 33 10 -6 13 18 -3 3 47 -5 -1 6 20 18 8 -22 -9 -22 7 12 -2 -30 22 -12 27 16 -18 -26 -4 17 -17 20 0 -39 -6 -28 23 8 -33 -29 10 -23 -13 19 13 19 15 -10 16 -21 -7 26 41 -33 5 2 18 -13 15 -17 -3 -13 0 -4 -25 -1 -5 -30 -22 8 -3 1 1 7 0 36 18 -17 29 13 -4 1 -41 34 0 -12 4 24 -10 0 22 -5 -9 11 -22 -11 -63 -22 -3 10 4 -5 16 -10 -19 28 28 -7 -12 24 -27 9 -2 32 14 6 4 19 12 18 11 26 -6 1 4 -15 5 -37 8 -6 -12 7 -5 -35 -47 10 9 7 26 -5 -4 0 13 -9 4 -7 6 -5 -3 22 7 17 -19 -16 -40 -23 31 -8 12 23 -12 -10 -5 12 -9 -13 -8 47 -20 26
-2 21 -5 3 2 -15 33 -4 -12 33 36 0 -16 -38 25 -14 -10 -4 33 -29 36 -27 -27 9 11 11 -39 0 -8 3 19 1 0 -17 -1 -26 -37 -11 -3 -6 -25 14 -29 -33 3 -21 7 -6 -15 36 -27 -24 -39 -23 -8 17 -25 31 -26 25 8 13 -26 -11 -8 12 26 9 16 -10 -14 14 12 -3 8 -8 4 21 -17 -37 -20 -35 -23 -27 15 3 -28 26 4 7 -22 9 9 -22 -8 27 2 25 1 23 3 11 -1 -8 -3 24 6 15 -9 -26 27 1 -10 9 29 7 13 3 -6 40 -32 -14 -56 -4 -11 1 -14 -1 13 11 -14 -6 4 29 5 1 2 3 13 0 21 9 0 20 9 -16 23 -28 3 -10 42 -16 4 9 8 -13 -4 15 14 -23 13 23 38 -11 1 -6 -6 -11 -9 -19 19 21 15 12 20 -9 -8 -8 -11 -8 22 -3 13 25 14 -58 38 20 5 18 -14 5 -8 17 23 9 0 11 -25 10 10 4 -10 -13 -17 -1 -20 21 17 11 9 -22 -3 -8 -17 -7 -14 -56 13 22 -1 -12 17 -24 -16 8 -7 5 -17 -5 11 -60 -2 -10 -14 24 -2 -7 24 -7 -15 3 -5 21 -16 -39 -28 26 8 7 -2 5 -12 -36 6 16 -1 -19 30 11 15 1 2 -21 11 -2 15 32 -25 10 4 -21 16 14 23 -9 -12 17 -27 -14 9 -8 -25 45 19 23 -21 -3 12 -1 -9 -14 -5 -15 -12 -13 9 7 -12 15 -6 -12 -39 -14 -19 6 -33 -4 -13 9 7 30 -5 3 -5 14 0 -1 1 23 24 30 7 -1 8 11 15 8 11 -34 -9 0 8 -20 30 34 -20 28 -30 -2 -10 -26 36 26 3 -22 -3 22 -16 23 60 10 -15 12 1 0 -10 -43 9 -24 25 -25 18 -48 -8 -12 4 -14 6 -23 -9 -7 1 -6 -6 -27 49 -42 1 -9 -26 -28 -19 11 -27 4 -17 26 18 7 -8 -24 -7 28 48 -4 20 3 2 16 -2 -30 -3 -9 18 21 -49 -9 3 10 -4 0 -19 -46 -16 -32 18 21 16 -55 13 4 6 0 1 -10 45 29 -32 27 -19 -5 16 -4 -38 17 -17 5 -33 -18 -22 24 -14 15 32 -13 -26 32 2 13 11 -1 -32 -28 -6 -22 7 17 -5 -12 -23 38 -19 12 -24 16 -15 -22 -32 -8 8 24 3 6 -18 16 28 -6 34 16 -20 -23 23 31 6 37 -8 8 1 -34 0 -15 0 -44 -17 15 -23 -32 3 13 11 35 -13 -28 -25 30 -10 -5 -27 11 19 30
-1 34 -9 15 0 17 32 -41 -4 44 18 -12 -17 -2 -17 0 5 4 1 -28 23 -8 -25 -28 -39 3 -41 -36 -27 -7 -8 -23 -1 -24 -15 -13 -9 21 -1 -5 7 -10 1 1 -4 16 0 24 -46 -7 -28 -32 -20 -22 -32 -5 -16 16 -7 1 -4 18 -22 -32 -1 16 23 -10 18 -9 37 -3 6 -25 16 -29 -4 17 -6 -25 -43 -33 -26 -31 -4 -6 -31 15 20 -3 -16 14 -8 -11 -42 16 -22 19 27 1 -32 -12 5 12 4 -10 13 12 -22 8 0 -23 17 32 14 6 6 19 -14 30 1 -32 -18 -2 21 -17 -24 1 2 -7 -1 3 7 5 -14 8 3 12 9 -7 29 -18 18 -23 -12 3 7 -29 -36 9 -2 11 19 21 18 -5 5 2 -16 13 -43 -1 30 6 31 8 -9 2 7 -6 10 -2 7 19 22 -2 -17 -23 3 -6 -18 -32 -14 -17 -19 -40 47 -38 -15 4 -18 15 -7 21 -7 -8 5 -5 5 -23 -6 12 21 0 13 -44 -7 -5 -13 -6 -13 -31 3 -20 14 1 9 -1 -10 42 12 -5 35 -39 -19 -15 5 31 1 28 -6 -18 -47 36 -21 11 -32 -42 43 0 -21 -11 42 -11 -15 9 -18 -11 12 0 -30 26 12 -31 -13 0 39 -19 8 -5 30 -8 29 11 0 -33 0 32 1 7 36 -4 7 18 10 15 8 -16 -25 14 -30 -7 -29 26 2 36 -15 -3 -17 -9 -21 -7 -35 -16 23 9 37 -20 -2 -25 -13 -30 -18 5 -41 36 -15 25 9 10 -17 12 32 6 39 -9 -11 -18 8 40 8 0 -16 19 -18 1 -21 7 -9 -24 -8 -5 14 -8 16 35 9 14 -21 -33 18 -18 42 52 4 -2 -5 18 -41 -2 20 -28 6 -3 -12 -15 -28 -19 9 12 25 -3 7 -23 9 -10 -17 6 12 -5 1 28 4 -6 -19 -42 30 -19 25 10 -10 -18 12 -11 -6 0 12 24 24 18 9 -25 11 25 50 -28 9 16 26 -5 -2 16 -18 -33 -7 2 -31 -19 -40 2 -6 24 28 -17 -3 -30 11 28 -2 -5 13 8 14 -1 -15 -17 21 6 -13 18 -7 -25 22 40 -27 -6 20 26 -19 -2 1 24 8 -16 28 -29 0 4 25 -6 10 -33 -20 1 -17 -29 -5 -1 22 25 7 33 -13 20 -34 19 -12 -15 -12 -22 -3 7 -8 -5 -16 -18 28 -13 27 4 -11 -21 12 -4 -9 14 -2 6 -23 5 -12 1 1 8 -11 -20 20 -53 -3 3 36 13 -26 -18 -17 21 7 -24 -29 27 -10 16
11 21 -2 14 -27 3 12 14 25 28 -27 6 0 -6 18 4 39 23 -3 -14 27 11 -38 14 -16 0 -39 -4 22 -15 16 17 9 -36 -2 -44 9 -36 15 8 -36 -25 -10 3 10 1 -5 29 -31 10 -16 -25 -1 6 -15 19 5 39 -5 -8 -9 25 3 -9 -10 42 20 23 8 -10 3 21 -12 29 24 -12 -25 17 7 -14 -11 -12 -32 -12 14 -38 9 15 7 -16 -15 21 -17 -21 -8 25 -11 12 28 -5 -7 7 -11 -5 -6 21 -13 -15 15 -21 9 29 45 -16 23 18 -5 -10 19 25 -15 -6 -40 -6 4 10 -1 9 17 -14 -26 -43 -11 -8 -10 17 11 9 26 32 -7 15 -4 34 -60 -28 17 1 -17 13 27 18 13 18 5 -28 19 -14 7 36 2 16 -2 -22 -2 -19 -8 -12 -27 5 -10 38 21 14 22 -39 -11 -17 12 -13 -11 -6 -19 16 17 -51 6 -16 28 13 -2 7 20 10 -27 29 47 4 10 -16 34 6 -5 26 8 -9 1 4 13 -1 0 15 18 -48 11 -1 -26 -44 19 1 7 -11 10 -19 -15 -14 6 12 -10 -19 4 -19 -10 -7 0 31 9 -18 15 -13 -10 8 21 31 -28 -17 -4 42 10 0 1 8 9 -10 15 -21 -4 -23 10 27 8 -32 3 16 -6 -3 10 7 -5 12 -8 14 -19 17 -13 -30 16 -2 5 -8 -1 11 -17 -1 11 24 -24 2 -4 12 14 -14 24 4 12 9 10 32 14 34 -22 6 -2 -8 -23 8 -22 -9 8 12 7 8 2 -19 2 19 2 -29 1 4 -11 41 19 24 45 -2 23 12 -1 2 -33 -18 22 17 -11 24 -2 24 4 -6 -30 24 22 10 29 -8 -14 21 -23 5 13 4 -9 -11 14 1 -13 -27 2 23 -13 1 24 1 4 -17 11 1 -9 0 2 -4 5 -4 -10 -39 23 -17 -27 14 2 14 -11 3 0 31 47 17 13 -42 -2 4 -4 16 24 -5 -5 -6 31 25 0 -12 -38 28 9 9 -9 21 9 -13 0 16 -18 27 1 -24 22 -4 -4 -24 2 35 -15 22 -25 31 56 17 20 4 -19 1 11 26 -2 -21 5 10 -40 -37 15 20 -51 -2 44 -19 -5 9 34 6 14 -47 -8 6 5 14 25 14 -19 3 -4 -3 0 32 -8 7 -8 3 10 8 -14 -20 18 4 -3 5 7 1 26 11 3 -16 2 -27 -3 16 -18 -20 -8 -5 12 0 48 7 -13 -16 10 7 -9 6 2 11 3 -5 4 -8 -27 -20 -22 1 15 40
-4 23 -13 28 9 1 4 -35 0 10 3 -3 -13 -54 2 -23 -1 -9 22 -33 -3 -12 -15 -29 -4 -2 -9 -13 -18 2 24 -13 -17 -21 17 -14 -2 -18 11 2 2 -29 7 23 -32 -35 7 20 -57 14 -6 -6 -5 32 -26 20 -10 4 -13 21 37 19 10 -29 -6 13 -25 -12 42 -31 -25 4 -37 12 23 4 14 -5 -30 5 -19 -21 -7 -21 13 -30 -38 9 23 13 6 -22 -3 2 -9 -12 -14 15 8 -9 -31 12 12 -40 5 -15 -15 -8 16 -32 -1 -17 17 4 1 -11 -44 -3 -6 29 0 -1 -26 -6 -40 -8 -11 11 -2 10 -40 5 -11 23 43 2 6 32 37 23 7 -3 -33 -12 0 -53 28 -2 -16 -1 19 11 28 3 21 23 -18 6 -30 13 -16 25 38 16 7 -20 -3 3 15 26 20 27 9 20 -9 -25 11 10 -32 -19 -4 -23 33 6 4 -42 23 -7 -21 3 -1 -10 0 7 6 17 23 -35 -10 6 8 -4 -4 -10 -12 8 -21 12 20 -12 20 -22 -31 -16 15 5 -5 -15 27 20 -25 -26 -8 -9 -1 1 7 12 -22 -11 -13 -4 -37 33 -27 18 0 -27 15 16 18 -12 -12 29 -34 -17 6 -12 21 0 -17 10 -17 -29 -3 -12 23 19 9 13 17 23 -13 -6 -12 -20 15 -15 -15 13 46 4 5 -19 24 -7 25 -5 -43 -26 -2 4 -64 16 31 28 -26 -5 -16 22 -2 28 -45 -21 15 4 7 3 -9 21 12 -36 -8 -44 -29 33 13 24 26 11 -13 35 -3 5 8 56 -50 18 15 26 -18 -6 8 34 -30 0 12 -7 -29 -35 16 -60 3 19 47 -5 -23 -14 -26 -32 7 -6 43 24 2 -33 -16 -19 -16 6 39 -20 7 -8 -14 0 -19 2 -6 -2 10 -5 54 -46 2 -24 9 3 -6 29 -11 4 -7 -6 -11 5 35 -2 5 -16 14 -21 -19 -2 -2 11 -7 19 37 -4 -25 -33 -9 17 25 -26 -9 -5 16 9 -15 -5 6 -19 -7 21 -40 -1 -24 -24 -10 23 9 -23 12 -1 -13 30 -16 8 32 17 -28 -20 -8 8 23 -3 -7 24 18 -7 4 43 -37 2 -21 9 -5 -9 36 17 -19 35 44 -11 -12 -6 4 17 -14 -24 -15 -38 -6 0 33 -9 -27 -10 -23 23 -28 17 -1 11 -1 -30 -4 -4 -4 28 -39 43 -26 3 21 -10 1 44 20 -20 -2 32 5 0 14 -9 -19 -8 25 4 9 -10 -21 -43 -24 -25 35 4 14 1 18 -3 8 11 -1 -25 -15 15 -26 21
1 3 -21 31 -19 7 16 -11 -18 37 -1 -16 -17 -36 -1 -20 41 1 23 -29 6 8 9 -22 -17 -2 -14 -11 -19 -17 -2 3 9 -11 -13 4 17 14 22 16 3 -22 8 -33 -2 2 -17 32 -43 1 -24 1 4 14 -3 12 23 7 17 -1 -12 29 -20 -21 10 20 19 3 9 -17 36 -30 -26 18 25 -8 17 24 -19 -12 -22 -27 -20 -49 4 -12 -5 18 12 8 -3 -14 5 -3 2 -17 7 14 -1 -4 -13 31 -25 1 -15 -5 3 1 4 8 7 18 44 19 10 10 -3 -11 25 17 18 -13 5 -24 40 33 -17 -26 -18 -7 -8 -19 -27 0 8 -12 1 22 37 40 10 -5 -12 30 -19 -26 6 -29 -29 8 -9 -3 7 -1 9 -18 2 -41 -2 38 -11 20 47 14 15 -11 -6 8 4 33 -3 16 -5 29 0 -7 4 5 -12 6 -13 -11 -12 14 0 -45 22 -28 35 15 -26 27 -16 11 14 30 10 -15 -15 -5 -8 -6 -1 -10 -16 -12 -1 4 -18 -8 0 -14 -14 -30 13 0 -17 13 6 16 8 -37 10 -9 8 -31 41 10 16 7 -19 -27 -21 20 -32 -11 -4 -32 28 -9 -4 -3 -1 -1 13 -27 -21 -25 8 -12 -22 5 -2 -23 2 -6 47 -34 20 -13 -9 -3 18 -12 -3 3 -1 26 -9 23 21 -2 -10 -2 -23 16 2 -8 -32 -11 -36 -28 -15 7 17 12 -38 -9 -15 -4 13 -9 9 -2 12 16 23 -5 -5 -18 15 23 9 -7 -5 11 4 -9 0 -9 -26 9 17 9 27 46 -24 16 -11 36 5 24 3 39 21 27 -6 7 -19 11 -25 -67 28 8 33 27 -15 -41 2 -33 0 -28 4 40 2 -5 -6 -20 17 0 23 -28 -17 -8 15 14 -24 -9 -21 22 -18 -15 31 -36 -22 -5 8 -6 -2 -12 19 -5 12 26 11 -29 11 -11 10 -2 -6 -2 -26 13 12 -9 6 22 13 -11 7 -5 -8 13 42 1 -21 -15 15 13 -14 -1 -33 -1 18 6 -19 19 -8 -4 -8 23 -17 -25 -23 -21 33 17 -17 7 0 17 1 16 -37 17 17 -19 -24 19 -24 -16 26 16 -15 -12 -6 12 -18 -46 -10 29 6 9 44 -11 -22 6 26 -17 -7 -29 0 -15 50 15 37 23 31 -18 4 36 -29 37 -1 -5 -18 -18 -11 -18 -18 12 -10 5 8 -27 5 19 1 20 9 -23 7 -22 -13 4 -4 1 -4 12 4 -13 7 -12 -5 -42 5 -21 -2 19 33 18 -22 9 7 17 -29 -25 -31 26 32 10
-12 19 -8 34 7 -8 29 5 -8 2 3 10 1 -22 7 41 17 22 10 -24 -34 12 -5 -10 -9 -16 -38 -13 -7 3 3 24 -4 -27 -32 -39 -21 -7 -31 -8 -17 -32 -26 9 -9 0 0 -12 1 4 -17 11 24 -25 -37 -15 -16 -16 -22 -28 6 30 -10 -60 17 0 -16 -3 9 9 40 -12 -34 12 -2 -20 -30 -27 -1 -20 15 3 -29 0 31 -6 -28 4 32 8 -14 9 -35 -20 3 -42 -26 -25 -7 -10 6 8 -15 -2 6 -10 -32 -25 -4 -23 16 13 6 21 -8 -1 -7 14 -13 -30 -20 -8 -36 4 8 12 -34 10 8 18 8 -10 -3 1 12 20 -15 -4 2 23 5 18 -20 28 -3 -39 15 1 14 2 25 -25 57 0 -23 -14 -14 0 -7 -19 -54 14 -10 -8 7 30 1 29 -8 23 41 -12 -5 -17 -42 2 11 4 -16 1 3 -45 -22 21 -11 -12 22 -1 -7 15 -7 11 -10 -8 -6 16 21 13 -17 29 12 26 -19 3 -23 5 4 10 -5 -20 -1 -31 24 8 -1 3 -12 -20 -18 27 -6 -74 -7 -42 27 -22 -4 -11 -8 -38 -5 0 -23 3 -31 23 4 -22 33 16 14 -4 8 6 -29 -26 21 -10 3 -27 -29 23 -14 -10 25 -35 14 -12 15 30 2 -9 28 17 -22 -12 9 28 38 1 0 16 31 -25 -6 23 4 22 -45 -20 9 -18 -22 10 33 3 0 -8 -27 4 -21 36 -36 -19 24 6 27 -11 -29 -28 -29 12 1 -2 11 33 -25 -13 -12 -21 29 -5 24 27 24 -9 -24 10 -9 -9 -22 13 9 -16 13 -17 -30 8 20 3 21 -19 40 -32 -3 29 -5 -4 -6 30 9 -14 33 2 -7 -32 -3 6 11 20 3 -16 11 13 -38 7 -9 15 36 16 11 -8 -16 -32 4 -25 27 3 15 -22 -7 12 -15 39 -7 -31 -10 -16 28 -19 10 -20 -27 5 -20 28 5 34 38 -6 -5 -33 12 12 -7 3 4 -7 -4 -23 16 -15 -32 -20 -36 -16 2 -12 1 3 5 21 17 6 22 6 -26 8 -1 9 -20 74 -37 17 -24 2 2 19 -22 16 -10 -14 20 2 6 12 6 -2 -22 -32 47 5 5 -24 33 26 -11 -1 27 18 -11 3 -5 -10 -17 9 34 -7 -29 8 16 3 -23 19 -15 16 -12 -35 31 -4 4 12 -26 4 7 1 -6 15 18 48 -3 -46 0 -9 15 0 -16 -3 -6 -24 34 -5 42 -20 1 -24 -13 -24 24 2 26 27 4 -11 3 15 -9 -28 -13 25 -3 16
-17 29 13 51 -31 -2 33 -20 12 9 -47 -23 1 -18 2 -32 26 -8 42 18 -4 5 -25 -27 -18 23 -29 -11 -36 15 19 -20 4 -30 -19 -25 -9 5 2 18 11 -1 9 15 53 2 44 33 -16 17 -19 -30 25 -3 2 46 28 1 -13 21 -3 3 3 -18 -32 34 20 16 19 -9 -29 8 -8 -9 21 9 4 16 -20 11 -7 -34 -14 -33 9 -32 -51 22 22 2 4 -28 -9 -21 10 -24 -11 15 20 -24 -26 33 0 -2 39 -7 29 -13 14 -8 -11 24 44 4 12 28 3 -24 39 4 -19 9 -28 3 15 6 -18 36 -13 27 -50 -19 -1 -22 9 34 7 30 19 29 2 16 3 -14 -49 -35 37 -10 21 20 22 -3 6 20 31 -40 -8 13 20 35 2 30 32 -6 48 10 5 -14 2 32 19 2 26 29 -6 -18 -20 -9 -18 18 -8 -9 16 -9 31 -43 24 5 2 -2 -19 -13 -18 1 -10 -8 22 -46 -8 -4 14 -1 -14 -9 -12 10 -9 5 -9 -34 23 -51 -8 -23 -6 2 10 -30 10 -10 3 -9 8 -15 17 -19 -12 0 -33 0 21 -4 -9 3 -20 1 -3 -10 30 -3 0 6 3 -3 6 -18 -13 16 19 8 -7 -7 -16 -11 24 0 43 -2 14 8 25 8 9 3 -27 -10 14 24 -13 2 46 8 -25 -17 -8 -3 6 9 -14 -13 12 26 -14 -7 -8 21 -45 -10 -30 1 18 20 22 -48 16 22 11 24 -2 21 -8 -30 -4 -5 -16 11 2 -4 -3 23 18 26 -13 -4 -8 24 -13 15 -26 26 1 61 -11 0 12 -1 6 -12 -32 -13 13 -14 -10 0 -8 50 -23 -9 -34 -17 -21 -2 29 32 -2 1 -10 14 -15 -26 17 -16 6 7 9 39 8 -28 -35 -11 -2 -21 6 -32 -14 -21 24 17 15 4 21 6 -6 32 3 -35 -5 -20 16 0 -26 -30 -4 -6 -10 16 30 20 29 -54 -18 -20 -15 38 34 -14 5 1 26 -4 3 8 -33 21 12 16 -15 1 -38 -36 7 -15 -22 -9 23 -10 4 30 -17 -26 13 10 -4 -5 4 -29 -17 -13 1 10 3 -11 5 17 -31 19 6 3 -43 8 8 34 -20 19 39 39 1 -7 16 -1 2 2 -12 -8 28 -32 19 -21 5 -8 -14 33 22 12 -34 -5 -4 -4 3 -20 -18 13 -20 19 -12 -36 41 5 7 -4 -5 -8 -4 26 -7 27 19 3 -15 15 -15 12 29 -26 -39 -9 19 -42 30 4 30 -2 -8 -5 8 9 1 -13 -35 52 0 25
2 9 1 32 -21 -23 6 8 3 41 -24 20 -20 -32 -14 13 9 -17 22 15 1 10 6 -3 -5 -1 -4 17 -12 -3 3 13 -9 -29 -38 -24 11 -4 -33 28 12 -26 7 -11 -2 -15 20 39 -13 -11 -25 -11 -17 32 -6 45 18 -14 -8 28 5 11 -6 -25 3 44 23 1 45 3 17 23 11 1 -6 24 5 5 8 -6 -5 -7 -9 -8 48 -15 -20 18 20 -7 27 6 8 -24 1 -12 10 13 -5 -6 -23 7 7 -41 57 19 1 -5 1 -33 26 8 27 1 16 -10 -23 5 13 36 10 -12 -60 15 3 6 -31 8 20 17 12 -17 -1 10 -9 30 -10 1 24 21 12 -24 -19 -13 10 -13 23 -20 -23 20 9 -13 5 -26 -4 6 -1 6 24 15 9 37 22 -14 50 -1 -39 -3 26 33 34 23 7 23 0 -4 -25 0 -12 -14 4 -21 21 -14 -1 -40 16 7 41 -36 -10 -8 -46 -18 -15 19 12 -10 -2 28 15 -17 -15 -5 17 -10 -9 30 32 -11 13 -8 -16 -46 15 -12 -24 -8 29 7 -8 -13 11 -26 -16 -15 -7 22 2 9 16 -22 -13 4 6 9 13 -30 17 14 -14 1 17 -1 -22 36 8 5 4 2 -26 41 14 -12 4 -16 5 -9 14 23 44 7 18 4 -38 4 27 16 6 -5 13 4 -2 -44 14 35 22 12 -22 -14 10 12 -20 -34 28 18 -9 2 -50 20 -5 4 -5 -36 4 29 3 -2 5 25 20 5 24 -12 -21 22 23 14 -24 14 1 -18 1 -4 11 31 6 11 -24 18 21 35 12 -12 40 25 13 -40 -34 1 3 -39 42 -16 14 21 -19 11 -14 -24 0 13 25 20 -3 -9 32 12 17 35 20 -44 32 -12 24 21 4 -12 -25 19 37 -11 -3 -18 45 -4 9 7 2 -2 27 6 -14 11 -17 -27 19 -10 36 15 23 -17 -14 -15 -19 12 -35 7 26 -15 -9 -2 -26 3 -18 -26 -15 42 6 0 -6 -33 -22 -11 8 22 1 -8 -15 -22 -21 22 26 -8 4 -15 -1 33 -6 -1 31 15 1 -22 -50 -7 2 19 -4 46 -24 5 28 -2 17 -4 -23 12 -17 -32 0 -6 -29 2 29 -13 -4 3 31 -13 -2 -8 0 -2 13 4 13 -23 -24 1 -7 30 18 7 -29 2 -18 -2 -4 -22 -16 3 -17 -11 -1 9 -8 20 42 26 2 1 -18 7 -15 -20 11 -4 24 0 7 4 -1 -15 -1 -38 22 -43 6 10 1 1 -15 -19 9 31 23 -2 -25 19 17 17
-15 -6 -19 -7 -11 -16 50 27 -11 10 -37 -9 -15 -72 -3 7 -41 11 17 -1 -7 0 -10 -61 20 0 -18 -5 -7 -17 21 44 -18 -2 2 -7 13 7 0 -3 -22 6 10 2 -8 4 -17 -17 -35 -7 -26 29 -6 -10 8 14 -1 38 12 27 -2 34 -12 -14 4 9 8 -18 1 -14 -7 -10 6 -12 21 4 -8 14 -27 36 -13 -26 -1 -71 -30 -17 14 6 2 11 3 -51 13 -6 -9 -23 -10 10 24 9 -3 10 -3 -7 7 -11 -23 1 15 8 22 -8 -1 -17 0 -19 -15 2 19 34 -17 -6 -35 -7 -5 18 -13 20 33 10 -7 14 -14 -6 22 16 -17 -21 5 -8 34 6 -31 -12 -21 -3 21 6 13 4 15 24 -19 16 31 -4 20 24 4 19 -34 5 15 -29 16 -25 13 5 26 4 -22 33 1 19 -15 10 -22 -8 -17 -12 -20 1 6 2 -4 -42 17 10 40 -11 -16 -3 21 -10 15 27 2 -39 -11 -5 36 -19 31 19 -6 -21 31 19 -29 -16 4 -3 -4 -17 20 -14 -29 -43 3 -14 -9 -27 -8 -12 -28 -6 -24 42 -2 12 -16 12 -18 30 -7 9 -20 11 9 -6 -14 -22 9 22 -21 -16 -1 24 -4 1 -30 -18 -11 -44 18 -18 -1 11 26 25 35 -23 10 20 -8 -32 -6 28 12 21 6 4 -16 8 5 -18 22 -10 -40 -11 -7 -7 -56 -14 -12 30 -7 3 -6 0 14 -8 -11 10 0 -3 24 25 -27 13 -16 -4 -10 -6 -12 -7 3 27 -37 11 -15 5 7 35 22 20 -31 43 8 20 0 59 43 6 13 6 37 22 -17 -18 4 -40 24 -34 9 14 -2 -23 6 8 3 -8 20 31 8 -5 -8 39 -20 6 67 -21 16 -3 2 -8 -18 -56 4 -27 34 -35 16 -33 -8 -19 -1 34 -32 18 6 5 -1 -5 -28 -41 13 -13 33 -15 -28 -17 -6 -22 2 -28 19 5 10 23 -26 -2 19 4 17 -4 -9 -14 7 -5 15 -6 -15 -4 -7 21 -27 15 -17 -37 -12 0 -10 -16 13 -4 -5 1 3 42 16 16 2 -30 9 5 19 -4 -13 37 9 -28 29 1 -23 -7 -25 -3 -20 -28 10 7 -2 -7 6 -10 -6 9 2 -10 10 -32 -33 -15 8 2 -14 28 -24 -16 23 13 -9 35 -6 14 14 -14 -13 -17 20 -8 -3 13 -21 1 -1 -18 -12 -2 19 -22 5 5 -8 13 -11 14 3 -14 19 34 45 10 1 -21 -4 -7 16 -6 23 39 -29 19 2 -3 4 -46 -20 -13 14 -11
-5 36 -15 13 -18 -23 14 12 46 46 -19 11 0 -38 -19 31 16 15 -10 14 -9 12 0 -39 5 4 -4 1 6 -13 10 19 2 -11 -38 -45 -27 -23 -17 2 -18 -6 6 -11 40 -37 22 28 -22 12 -6 10 -19 -40 -7 -14 5 11 -5 27 -13 34 9 -7 0 26 -11 6 27 -12 -32 -17 -12 24 -12 26 14 -21 10 -5 -6 2 10 -23 25 -41 -37 29 21 8 -31 -7 -12 -36 23 -27 4 2 21 14 0 11 13 5 16 -6 -24 19 11 -16 18 13 9 -5 13 -23 -20 18 14 47 -20 3 -19 9 11 2 13 -14 -17 13 11 6 52 -18 -13 -10 -18 12 15 32 19 4 6 -1 -19 -22 29 -8 26 -5 25 7 1 6 14 25 10 27 -6 7 -17 10 29 -34 4 -19 -5 21 -29 10 4 12 1 14 13 -9 -53 -15 -22 16 20 13 26 1 27 -38 10 8 -15 -2 -1 11 1 -13 -1 42 15 -3 -8 -8 51 11 -55 2 12 -46 -10 45 0 -11 13 5 -10 -12 33 15 -14 -51 -2 3 -33 -10 -16 -40 20 -36 -3 -2 4 35 16 -11 -7 -3 3 44 -12 -22 12 4 18 3 44 8 -9 -34 -20 -13 5 -15 -39 34 4 -14 7 -14 20 -6 27 20 8 -31 1 9 14 -6 5 29 -9 0 -5 -2 -2 -22 40 -32 8 49 -28 -37 11 11 8 31 4 9 -14 -25 -19 7 -3 32 -11 -31 8 1 20 28 -8 -16 -23 -17 11 -10 -26 9 -1 15 -2 8 -4 22 17 13 -27 53 -13 1 22 0 -17 25 41 -23 18 -14 10 13 -12 -28 1 -40 15 3 -2 16 -14 -26 -21 -11 -24 16 6 -7 5 -16 -4 -2 -22 10 39 -19 -12 25 -27 22 -27 -17 -21 1 2 -17 21 -16 22 -12 12 -22 21 -1 -24 18 25 4 -2 -13 19 -8 30 -3 -28 -12 -31 -6 -14 34 -9 12 18 -12 -21 -5 -26 21 35 -18 14 -25 -22 -10 -10 -23 3 -3 9 -4 -24 15 0 -34 -5 -29 26 0 -9 -36 -8 34 -2 -21 15 10 0 -19 -34 16 4 27 13 -5 -1 -12 40 -4 -5 -18 -28 11 -4 -40 37 12 -17 26 21 -40 -26 14 37 15 -21 -41 -31 -9 5 8 17 2 7 -19 -28 18 5 27 -32 -9 -25 -21 7 -35 -28 35 -29 21 3 -27 9 25 14 -21 3 14 -10 12 21 7 -10 -19 -19 2 -12 26 10 21 -24 -15 31 -7 7 -19 34 25 9 10 0 8 27 -13 -5 29 -22 32
-35 -10 -7 33 -17 -16 -3 4 15 35 -6 -1 -8 -17 -28 5 11 9 4 -28 23 -27 5 -6 10 10 -20 -27 -24 -3 -14 -14 24 -37 3 -42 -4 -1 2 6 6 -18 -10 -1 28 -9 17 42 -42 23 16 -26 -8 -22 -31 -19 -18 -8 -1 -12 -14 13 22 -39 5 21 0 27 4 -2 30 -40 -15 37 -8 -7 9 27 -17 5 -37 5 -25 -8 13 -19 -15 25 34 14 -28 35 23 -26 -10 19 21 9 2 4 -12 22 8 7 7 -4 1 1 2 -2 15 9 6 5 30 -14 -20 21 -7 48 -4 -3 -36 -28 14 -1 -18 -27 -24 1 43 -4 12 -1 -13 15 -3 1 55 24 17 10 -16 -2 -10 -29 25 7 0 30 34 5 7 20 15 15 6 -12 -6 22 20 7 16 10 -26 -29 9 -11 3 -10 15 -18 13 17 18 -4 -12 -21 3 -12 -16 8 1 4 21 -56 7 -2 21 7 -37 2 3 21 34 13 -7 -1 0 -19 4 -6 5 19 3 -38 9 -1 -4 -22 14 3 -7 -28 33 3 -19 -39 18 3 -11 -6 8 -38 3 -19 22 13 14 -10 15 -15 -24 -1 19 32 -8 -53 44 4 -9 21 13 8 -12 10 -21 -21 9 6 -19 11 32 -30 36 -17 -3 27 -9 7 38 12 36 9 -7 -10 -4 24 -5 6 5 11 3 -10 15 -51 -2 3 -11 -5 -4 14 -5 46 19 39 7 1 -31 22 -8 16 -41 -39 25 37 9 -21 1 -14 4 11 -24 12 -19 23 13 16 4 16 -11 23 -1 -2 24 -7 -16 -27 4 -25 28 34 11 -8 16 16 22 -4 3 -7 16 -35 48 3 -2 19 7 -18 -13 -9 16 -7 7 41 -6 -11 0 42 2 8 14 -21 -6 4 -8 -11 7 17 10 24 15 -7 22 -30 9 -39 2 -22 -17 12 -4 0 3 18 -23 -42 16 -38 44 -14 -18 -20 -17 -9 22 22 -18 21 7 -3 -15 2 -18 19 52 -16 -17 13 16 10 1 -4 -2 -18 15 0 -31 -6 -22 -16 -2 9 -25 -15 -26 -61 19 11 -21 11 8 23 9 -9 -17 14 13 25 10 -1 -11 -13 19 17 -13 -12 -23 -2 -24 -29 -23 -15 -44 12 46 -45 -2 2 17 14 -16 -1 -26 27 -22 1 -28 -20 12 14 -28 17 -3 20 -41 -13 16 -42 9 5 -36 17 4 11 -20 -26 13 1 18 23 16 1 -19 4 10 15 -15 10 -16 0 0 -21 23 -8 -28 16 18 -35 4 -1 30 -16 -13 -13 8 18 -20 -51 -41 26 18 4
6 24 -20 -23 -19 -16 -1 14 4 35 -2 -14 -32 -25 13 4 38 -27 8 -2 18 1 -11 -14 22 14 -12 -14 26 -7 -7 -40 -13 -17 -6 -29 22 -2 -1 6 -6 -24 5 -23 3 -12 1 -3 -16 -11 -34 -8 14 -13 -11 32 1 13 7 -2 -9 13 -12 -18 -28 41 13 6 25 -22 64 8 9 19 -33 -7 -9 13 9 -5 -7 14 -27 2 -5 1 -34 -1 2 5 0 -10 -3 15 -5 -8 -15 10 13 1 -4 26 -6 -27 -10 -20 -25 -3 -16 4 12 4 35 -21 2 10 -22 2 3 22 23 -13 -45 -6 -2 2 13 -1 -7 18 -46 -11 -21 3 30 47 -7 -12 40 17 5 14 10 -5 -6 -24 22 -3 7 11 -6 -13 -16 -3 -17 24 -12 18 -24 31 -9 19 -18 17 -9 -32 -27 -6 32 -13 25 15 -17 30 7 2 -2 -42 -5 28 -19 4 -20 -17 38 -26 18 -43 -5 8 -12 21 -19 -19 35 9 11 10 -10 12 -10 -26 16 -19 -27 1 9 9 -50 -8 15 -7 29 24 3 28 -10 -22 21 -4 -2 -3 20 -14 4 -19 2 -7 10 9 7 28 -42 17 -31 -3 -13 -25 51 0 -2 7 12 20 1 -16 -37 0 2 15 7 8 14 -11 -15 -8 1 -16 12 7 3 -11 34 -3 -15 -39 -14 18 -16 -10 5 17 4 -7 -1 -19 16 -23 -12 -15 -5 -42 -14 29 26 19 13 4 2 -22 19 20 -26 -13 19 -6 24 15 -13 -9 -21 -6 -8 -1 -17 -9 -28 -9 19 -11 11 24 26 9 -24 7 -15 -7 -22 -2 -8 -8 -31 32 11 -9 -6 3 8 -15 -12 -12 42 2 5 36 3 -2 -18 8 0 -21 -31 15 14 -5 14 16 -26 -9 11 7 18 -11 -13 -1 0 13 -13 21 7 -29 0 -21 -15 -47 28 8 19 -4 -25 33 -12 28 1 -31 15 -23 4 -3 -54 7 0 -18 -13 2 -9 6 31 -23 -22 -4 1 8 10 -12 -7 -3 2 -1 -7 -10 -29 -8 -20 27 -18 8 -18 -16 -28 36 8 9 9 -11 23 50 -18 -1 2 32 -25 12 -24 0 8 3 -9 8 -6 -2 -6 28 8 6 3 -9 -9 -10 19 24 -28 -2 12 14 -7 16 46 15 -12 -33 -15 2 8 -31 49 21 15 -7 -3 9 -37 28 -19 -5 11 -13 7 -15 0 4 -45 8 -19 9 -10 8 9 20 2 1 8 -21 11 1 -27 -9 7 -17 -12 22 32 -2 -2 -13 -3 -1 13 18 35 -8 -24 -7 16 -30 -20 3 -20 16 -1 -4
-4 3 13 36 -27 33 11 2 -6 30 -18 1 -19 -41 -15 -12 16 -8 26 -31 -1 -6 0 -30 -9 24 -24 -47 -18 3 12 9 25 -18 -6 -35 7 -24 -11 20 -19 1 10 -1 12 6 43 12 -22 -7 -13 4 8 23 -23 26 10 27 21 -17 11 18 11 -14 0 16 -6 2 6 31 13 -8 -43 18 2 3 19 11 12 -10 -17 -24 -34 -21 23 -6 -13 8 40 0 -7 -12 -1 -35 -6 12 21 36 -4 -9 -11 16 -4 -32 8 -5 11 -14 25 8 19 7 3 1 -6 15 -16 1 3 2 2 -14 -30 -23 -12 7 -64 5 2 23 -28 -36 -6 0 11 19 15 4 -6 22 33 5 -9 15 0 -15 10 -39 21 15 17 -36 37 18 18 -11 -23 -19 -17 29 -12 31 11 7 7 -23 -10 -2 -18 14 12 8 32 5 -6 8 -12 -8 -18 6 13 -31 11 29 33 -60 18 8 5 10 -18 45 1 56 -28 10 13 -31 -17 2 36 17 29 5 -26 -34 17 0 14 -23 1 -34 -46 -21 9 -8 -3 -36 -5 -2 -6 -23 11 0 -15 -38 15 17 -11 -16 9 -33 -25 28 -10 5 -28 -27 4 24 5 41 15 22 1 -15 16 9 28 -9 -21 26 24 -52 -11 -11 56 -16 0 -14 44 10 -8 -5 -8 -34 -11 3 2 1 4 -20 -32 -16 19 -9 -4 10 -13 12 1 -17 -18 2 -9 23 -9 -27 -29 -3 9 9 -9 -18 -3 52 11 0 -7 15 -40 4 12 -5 3 21 31 9 15 5 -20 7 9 34 18 0 0 -5 -12 18 -11 55 11 18 23 11 1 17 -5 7 10 -51 29 -13 33 16 -27 -5 -40 -4 -23 19 13 41 34 -28 28 14 14 -14 39 0 -5 -15 -14 12 -10 -3 -33 19 1 -34 4 -72 -6 -12 11 15 -15 5 0 18 18 23 1 -30 -8 -16 9 13 -23 -22 -16 -11 4 46 -18 19 28 -5 -13 -8 -3 21 40 9 -8 3 28 10 -11 -13 -71 15 24 5 -44 -9 -2 -37 -8 24 -12 -9 -6 -19 12 28 -20 -20 -2 8 13 -1 -45 -3 28 -13 18 10 2 -3 15 12 -31 -8 -13 14 -23 -5 8 33 10 24 29 12 -27 -7 6 -34 -4 4 -32 -7 -4 12 24 -13 1 30 4 -16 -14 20 -44 -9 -1 -15 6 -4 -27 9 -21 8 -19 -10 0 12 26 0 27 -27 -21 23 -2 -6 -24 3 -34 -2 21 16 13 9 -34 -15 -1 -41 30 14 30 12 -35 -9 -1 20 -2 -15 -13 15 4 23
-5 14 23 35 12 -8 6 -27 27 42 18 1 -25 -21 4 4 17 -23 41 -1 -18 15 2 -5 19 -27 -27 -14 -17 6 17 -2 -10 -25 1 -33 -36 20 19 -3 9 -8 2 -27 -12 28 22 29 -60 -9 -64 4 8 -36 5 -18 20 4 12 48 -18 -3 -31 -10 9 14 3 1 50 -3 16 19 -33 -10 19 18 6 -7 -14 6 -28 -27 -7 -50 32 -31 6 12 42 -6 5 -6 8 4 13 7 1 20 33 -13 -7 26 -10 -1 21 -20 -17 -12 -7 -6 14 -12 19 14 -8 -18 -26 39 19 55 -4 32 -27 -25 -34 -2 -9 15 6 9 5 3 -7 5 28 35 17 9 16 27 3 -11 -5 -3 -13 1 32 -8 -4 16 -4 28 21 3 14 1 -16 -4 5 45 -14 8 0 -3 -7 12 -13 10 -3 10 -6 4 38 21 -2 -21 11 -20 -31 -17 17 -14 21 7 20 -44 16 -13 37 11 -17 26 -12 -18 -30 -29 -6 -41 -15 27 11 -13 11 -15 22 -14 11 10 26 -21 32 -16 -20 37 17 -14 -22 -39 17 31 -8 -29 16 -48 -24 -31 9 7 28 41 -4 -5 -40 47 -12 18 13 -1 2 9 -6 16 6 10 -30 0 -30 2 -22 -28 -44 11 -3 -38 -14 -10 10 -6 12 -7 30 -14 18 -25 22 10 27 24 -1 -22 -7 -4 -10 -29 -2 6 -13 14 -21 -12 9 -3 -13 15 16 27 -42 -22 13 28 4 -1 16 6 -1 -11 -11 4 -13 -19 33 -25 -24 -10 -1 0 6 0 -13 13 -16 22 23 -8 12 1 -14 39 -22 0 -7 37 22 8 -13 -10 15 9 -21 -16 -14 -18 15 31 -1 11 -17 -4 -24 -37 -45 -21 16 7 21 0 16 0 1 -25 11 -20 10 -1 -16 5 10 -10 -20 -1 10 -15 17 -10 4 6 23 -8 31 -9 -16 -6 -2 30 -16 -22 30 -10 -2 -10 10 -23 0 13 -8 -4 -6 17 24 15 -23 -11 -8 42 32 -8 29 3 8 4 15 -2 25 -11 -26 11 -16 0 -19 -24 -22 4 5 -26 -2 -24 18 31 6 10 39 27 13 10 -51 24 49 -9 -16 -8 0 -16 21 2 -6 13 -19 -13 -4 -24 8 -6 5 -15 53 8 -13 -5 20 18 -5 -5 -9 -31 15 -24 11 11 15 -3 -1 44 13 31 -12 13 -3 -34 32 -19 22 -17 -38 4 4 -11 4 16 3 -3 15 -24 5 14 22 -3 3 -26 -7 7 17 1 38 -8 -2 -38 -36 -15 38 5 -8 32 10 -15 -5 29 14 10 -11 26 -40 0
-18 21 -10 42 -4 -3 11 -32 -14 24 10 -11 5 -36 -4 -2 7 -21 11 -7 0 12 18 -7 5 -2 -19 -43 -2 20 12 -3 3 -27 -6 -15 15 -28 -4 25 7 -11 -13 10 6 11 24 15 -35 24 -23 1 -5 40 -20 24 -14 22 10 6 -35 29 10 -22 -13 1 0 7 12 -4 -7 -23 -37 2 15 -22 5 -6 7 -3 -20 -2 -17 -34 6 -6 -13 1 10 -16 13 -18 -19 -3 10 -3 -34 11 6 -13 -3 14 26 -4 9 -39 -24 -13 -2 -17 16 17 -11 14 -20 -10 -3 5 8 38 9 -28 -37 3 12 -27 -61 -13 -8 19 6 20 0 9 19 0 19 34 12 18 18 8 27 -3 20 -16 22 -21 14 20 59 -12 25 27 2 18 -4 -6 2 4 -13 29 21 -9 32 -3 39 -7 6 -24 12 6 47 -2 9 2 9 5 16 13 -17 -11 32 48 21 -57 5 -23 8 10 9 -3 11 23 -25 31 -1 -20 -4 4 17 -5 1 -4 2 -17 25 7 -21 -14 -8 -5 -7 -17 19 -27 -21 -23 -16 -12 -31 -53 -15 -20 -10 -25 -15 30 22 8 -25 -10 -40 6 -15 13 -4 -46 -4 9 -5 5 -13 19 -25 -7 -33 19 28 -16 -22 1 7 -42 -10 -14 16 -17 13 -24 9 13 29 -3 -18 -30 -16 1 4 36 -2 -8 -3 -3 10 -25 13 4 -9 12 -11 -10 13 -10 -21 22 0 0 -17 39 3 1 -3 -20 18 27 18 22 -7 21 -14 -20 -22 -31 2 29 4 -4 -15 -8 12 -16 25 -25 -20 -3 -15 17 -15 -4 -11 28 11 -16 -6 -4 0 -21 -30 -30 5 -52 8 -2 -28 19 -5 -27 -32 -17 -26 0 -2 27 31 10 -8 19 -7 0 20 -8 7 12 14 52 -12 -20 -5 2 12 -17 -6 -15 11 9 22 -9 -9 -17 12 28 17 12 -14 -36 2 -5 18 8 -21 -9 -19 -7 -19 24 4 13 35 -8 3 4 -3 33 53 -17 12 -30 25 -21 -10 -33 -33 -1 3 -3 -16 -16 -15 -15 -17 24 -30 -23 13 -40 4 11 11 -12 -33 0 -2 -8 -42 -12 35 -20 -1 27 -28 -25 55 -4 -28 7 -7 9 -34 -9 -8 -17 18 15 2 -14 -44 8 0 9 23 20 -12 13 -23 4 6 -3 18 11 8 0 -19 49 -41 -17 17 -29 -15 -15 -8 6 -13 28 -16 -32 23 -19 38 8 32 -7 -5 21 25 21 -19 -19 0 1 4 14 10 -23 -25 -13 -9 -27 13 22 32 28 -12 -17 5 46 -26 -33 13 18 47 36
-7 19 16 1 -25 -4 23 -20 19 45 -11 13 -17 -19 16 0 1 9 32 -4 12 -15 -15 -20 -8 -2 -34 -13 1 10 18 29 -43 -53 -37 -17 14 -15 -27 17 -23 -19 6 8 13 3 -1 6 -16 -27 -55 -2 -9 -21 -21 19 19 13 -11 15 3 -21 -13 0 26 43 47 4 27 -7 5 2 -11 8 8 16 -5 -14 -31 15 -31 -17 -11 -28 -15 -18 0 1 21 3 -13 -23 -21 24 -7 19 9 27 16 -21 -15 29 8 -1 18 4 -1 0 28 -45 -13 5 32 23 -10 11 4 6 20 61 -21 0 -62 -5 1 -20 -30 10 10 -3 26 -25 -26 7 11 22 -4 29 19 5 -7 -14 -2 7 -23 10 29 -27 5 -2 59 22 -4 29 17 9 22 -11 -25 24 24 6 33 -6 -21 -10 -1 11 10 10 -3 34 -20 28 13 -11 -47 4 -3 24 -9 3 4 -8 -15 -39 7 3 14 6 -11 19 -1 -8 -18 6 12 -31 11 17 13 -26 11 16 5 -16 -1 -2 23 -45 -16 -33 -17 -7 15 -28 15 -33 2 31 5 -25 32 -3 -26 0 19 1 3 23 -1 -20 -38 6 -28 6 4 14 10 -8 11 17 11 -19 -30 -7 4 -5 17 -12 -3 21 -10 -55 36 -1 8 -18 9 31 31 0 -6 2 -41 -16 7 24 -8 6 -29 -1 -28 -34 2 -28 6 11 -25 -7 -9 18 7 7 -4 14 -24 37 11 41 -2 18 23 -4 19 6 -5 22 -2 -7 -14 8 -22 -8 -27 11 10 -7 -6 -7 32 6 -23 11 -5 7 -21 8 -19 16 -2 22 32 32 1 -4 17 -3 15 -22 -20 -23 25 -9 13 30 -11 -19 -33 -5 6 -11 24 6 32 -26 17 25 -3 -21 31 -18 19 2 5 1 -32 -36 -4 25 -3 -11 22 -1 -22 19 -16 34 1 -14 45 44 11 -10 -5 -61 24 -38 4 27 3 4 -36 -12 20 -3 -13 7 6 -2 -15 -11 6 19 30 -15 33 14 15 -7 -1 -17 -26 6 -12 -10 -17 -8 -30 -9 4 20 -25 -25 16 -65 -3 24 -7 -23 -10 11 -2 6 -41 16 26 15 -35 -13 -32 -7 2 34 -33 8 -2 43 -15 -10 -12 19 17 -5 24 -3 18 22 52 -2 32 27 -16 -32 13 11 13 -1 2 -19 -20 49 -1 39 -39 7 -20 -4 -10 -21 -4 -16 8 23 -7 5 17 14 -4 -6 19 -7 11 -3 -23 16 -13 8 -6 -18 -9 13 59 -7 -18 -27 -6 -23 28 5 29 7 -6 23 2 13 -27 -20 -8 7 -8 22
19 -8 10 74 -7 -2 9 -12 -12 18 6 7 1 -23 -16 -22 35 -9 13 -9 -21 -27 -33 -28 -32 -3 -24 15 -5 -6 43 6 -1 -19 -10 -26 -2 -26 -12 10 -22 -4 -2 5 45 7 24 18 -18 15 -26 -39 -15 0 -44 10 3 24 1 23 -22 14 16 -11 11 -4 -2 0 33 -23 21 6 12 26 12 0 -10 -10 -21 -19 -8 -14 -30 -18 39 6 -25 39 22 14 -1 20 -17 -16 3 16 37 6 18 -6 19 22 9 -6 5 12 19 -48 14 -34 1 -28 21 -5 4 14 -46 -1 25 36 3 -15 -31 -2 2 6 -3 -5 26 -35 -15 -15 7 28 35 -20 -5 11 26 20 12 20 -39 -9 -4 -4 12 -3 -12 16 27 -16 6 -7 14 -3 6 -32 -14 16 -4 10 -14 -14 2 -19 -21 4 -19 21 -2 13 -9 -2 7 -2 1 -9 -50 20 -19 -3 13 -20 -6 -26 -6 1 18 12 -24 2 -7 35 -8 21 26 -33 -25 -23 -20 -14 -9 5 14 -2 -16 14 35 18 25 -21 -23 -8 45 9 -8 -25 16 -17 -12 -26 9 -20 -4 13 -2 -13 1 15 -1 -24 -47 -5 -6 1 18 -3 43 0 17 38 -14 45 9 -40 -46 26 -5 -30 -7 -1 8 10 20 -4 29 24 24 19 0 -6 4 8 -5 -9 -15 -5 -6 5 -5 -1 -17 -29 26 8 -4 9 -25 -24 -11 -9 -13 -21 20 -5 -41 -12 -4 22 9 -4 16 -27 14 48 39 22 35 9 3 -7 7 -26 -19 20 36 -14 -7 15 30 -3 5 -20 -19 22 -21 -9 -16 18 2 30 -9 36 -6 11 7 -26 -18 2 17 -46 14 11 15 21 -29 7 -36 -8 -31 -7 33 45 7 -10 4 4 -17 25 23 -29 -12 19 -16 15 -8 -8 -6 22 7 -4 8 -6 25 -6 33 4 -10 -34 36 2 -22 16 23 -60 20 -27 25 7 4 -22 2 11 1 29 -35 24 22 -13 -6 -21 5 23 35 -9 19 30 -7 23 17 -31 -13 -23 -24 20 -13 -16 -16 17 7 21 -9 5 10 -10 18 16 -11 -10 11 44 4 -10 -19 31 32 27 0 12 -23 -4 12 16 20 -2 -18 -8 -28 -17 4 -4 -9 -18 33 37 -12 4 17 21 -2 -4 -14 4 -4 13 3 -39 3 3 -18 48 3 -10 -2 1 -3 -9 -28 -13 1 -4 16 2 8 16 14 -4 18 18 32 -15 9 1 -16 28 12 -1 10 11 -11 27 46 -18 -3 -10 31 -13 -5 1 2 -7 -7 25 10 37 -11 0 1 -19 24 35
8 28 -12 40 -21 -40 7 -15 9 43 10 7 -16 -48 -21 -1 19 -3 13 -3 -1 1 -13 -7 5 17 -6 2 -1 -3 22 -22 2 -25 -29 -42 -9 6 2 22 -29 -1 -17 -40 -2 -15 35 27 -39 7 -53 8 14 -5 -5 7 22 7 16 7 17 30 42 -16 6 26 23 2 27 -8 8 15 22 -21 0 4 18 -22 21 -8 -7 -17 -30 -37 28 -61 -41 -12 52 15 -3 -32 -14 -13 -7 -11 9 -5 -13 6 3 45 -5 -3 11 11 -19 -7 -1 -42 7 -15 9 5 -2 8 -17 3 11 19 -7 -13 -38 -3 -14 25 -6 -10 -7 -5 10 -17 13 16 6 22 -1 9 27 10 14 -6 -8 24 17 1 41 -36 -5 20 9 -27 -8 10 16 14 15 17 14 18 -14 16 -15 3 37 26 -30 6 9 32 4 11 16 30 16 -41 -39 -17 -19 -5 -35 -6 13 -7 -1 -31 -3 -28 6 11 -30 -7 -32 19 4 36 -14 -15 -12 0 4 17 23 -31 13 -16 -13 22 19 5 14 -32 -12 -45 28 -9 -20 -2 19 11 -2 -14 13 -32 -14 7 0 25 3 29 18 19 -19 23 -19 24 5 -58 9 10 9 -11 -5 -6 -21 -12 -7 -14 6 -11 -25 -7 -4 -21 -8 -26 17 4 -4 -1 8 0 32 46 11 -39 43 47 -9 26 5 7 -5 -38 -1 16 24 3 -20 -38 -1 -13 -3 13 -9 21 3 6 -13 37 -7 8 2 -40 13 49 -8 -13 -27 23 2 4 -4 -15 -23 11 7 0 -18 7 -26 8 2 31 -6 15 8 34 -40 23 2 47 24 -28 6 12 24 5 -43 -9 14 -16 39 17 8 22 -8 -11 -31 -3 -14 -16 19 7 25 -6 1 -4 -40 26 15 -29 5 -19 8 13 15 -9 -36 11 15 14 17 -17 10 -6 25 13 4 -26 5 6 -8 23 -27 -27 5 -2 35 5 -4 -1 -24 -9 -10 -6 -19 25 -11 -8 -23 15 -40 15 35 -8 -5 40 34 -18 35 -20 -19 -30 -7 -12 -36 -10 -23 26 6 13 4 -8 8 -18 -12 20 10 -4 7 18 -4 -18 -40 37 9 16 13 -2 -24 -4 60 22 8 3 -4 2 -26 -8 1 9 -8 -15 10 9 -23 27 -12 -27 -7 -3 -31 -4 -6 30 25 -9 -37 -7 -10 20 11 1 -38 19 -9 -31 28 -9 -35 -10 -43 5 17 -2 29 -11 28 39 -25 -32 -7 25 3 -7 6 -14 7 -4 -6 14 6 9 -28 -34 -28 -36 22 12 38 23 -27 17 20 -10 2 -30 -22 12 24 0
-41 2 7 31 -1 -3 44 27 -7 11 -16 4 4 -6 -23 -12 2 1 14 0 -16 -13 -34 -12 -14 22 -29 -49 4 -7 -4 4 -12 -39 23 -15 -6 -17 -8 22 15 -32 -17 -24 -22 -35 12 26 -33 1 -5 -39 -3 2 -16 18 -6 0 -33 -5 -10 26 -6 -10 -29 18 -8 -18 36 13 34 -20 -10 -11 21 -25 -7 -12 -34 14 -22 -31 -12 -34 13 -18 -58 -11 43 13 -23 1 -18 -14 -24 -8 9 -14 15 -24 11 24 0 12 5 -4 13 -29 -11 1 15 -1 20 3 22 -16 -12 11 13 55 1 -35 -38 27 -32 -13 -20 -2 -9 -12 -10 -12 19 29 -4 7 1 6 15 24 2 -30 -5 -19 -12 -46 38 -29 -40 23 49 20 18 35 21 -4 -7 6 -25 26 5 20 18 -5 10 -10 -9 11 3 -4 8 -6 -5 -8 -6 -10 -35 -15 1 -7 7 -26 36 -10 30 -42 11 -3 8 11 -14 -3 8 37 -24 -10 22 -21 -7 -10 -27 -2 -45 0 -7 -19 -18 -22 -16 -8 11 -17 5 -1 0 1 31 -14 0 -3 -9 -7 33 -44 -41 21 -7 -14 13 -6 -26 -20 -27 -13 -12 31 17 -13 29 30 -11 2 2 -4 -49 -9 -15 -14 -8 -21 -40 22 16 -36 -29 -16 17 -3 -17 3 33 0 27 3 -16 -4 -6 29 3 -14 12 -3 22 -30 3 -17 13 -1 -45 -24 2 6 7 7 7 36 -9 -6 -34 14 -23 2 0 -52 42 16 1 12 -24 8 14 -3 -17 -13 -22 32 16 9 -19 1 -5 -4 -19 -5 23 -20 15 -12 19 -46 22 44 3 -34 -8 20 14 -16 -8 -24 6 -20 13 -1 25 31 -19 7 -22 -7 1 -1 53 20 26 12 -2 5 -11 12 22 -21 -5 -6 -3 16 17 -29 8 16 23 -8 33 -26 33 14 -39 21 22 -28 -16 1 -10 20 7 -81 -1 -57 16 7 -30 0 27 -25 -1 23 -7 1 21 -8 0 7 -4 20 5 -9 13 6 29 1 -1 -24 -5 -45 16 7 -3 -43 -32 -2 -4 5 -31 4 3 -30 -27 26 -12 18 -1 16 21 -5 -11 -16 3 -3 6 -12 -5 0 31 12 -1 38 -34 -15 -55 -21 33 8 2 -18 3 10 -41 -3 25 1 39 14 -6 -37 2 -25 8 -9 -18 -2 -18 12 0 25 1 19 -13 -33 4 7 1 -13 -14 7 15 -9 28 1 54 -5 11 -8 -8 14 29 12 8 6 -1 9 -1 2 33 -28 -38 -5 -20 -1 1 -12 6 -20 -20 -12 2 -2 -18 -9 -21 28 4 28
-40 13 13 14 -51 -17 10 0 9 19 -21 1 -18 -29 24 31 16 -19 56 -24 19 0 -12 3 9 2 -33 -18 17 -12 19 23 1 -10 -9 -10 0 10 -2 -8 0 -3 5 -4 -10 -3 10 36 -36 12 -21 -5 -22 -24 4 20 -5 3 19 -2 15 9 8 -15 -19 29 10 14 30 33 5 -9 -39 17 -10 9 33 17 -5 2 -27 -25 -48 3 10 -25 -2 -3 27 -21 1 -26 0 -6 -20 -2 -35 1 19 31 -29 -2 23 -1 3 11 -31 11 -3 -6 37 22 -1 -21 8 -10 -23 13 5 45 -14 -4 -57 0 -24 12 -12 -8 -17 5 3 -26 5 1 -10 21 17 13 23 20 37 3 -9 15 -4 -32 11 -42 22 30 21 -9 2 -6 3 -34 14 -6 8 -3 -20 1 -1 -5 10 -13 11 6 36 -19 -8 9 39 8 13 -18 -22 -4 -20 -7 -2 -1 1 6 3 -42 39 -48 11 21 3 16 -8 -1 17 9 21 -13 10 -24 21 -12 6 0 -15 -14 40 19 -5 -31 17 -10 12 -42 -11 -13 -17 -23 19 -25 -14 -25 -4 -7 -11 -4 -5 4 -2 -24 -4 4 -44 19 -22 0 -6 5 39 32 -5 -1 23 35 -4 15 4 15 9 5 -13 23 -10 -43 23 26 -14 -5 -11 5 16 -7 34 -2 12 -19 -5 -10 7 21 5 -13 14 1 -20 14 12 6 -57 9 35 -22 -7 -11 33 10 -34 -19 -28 0 -15 8 -9 -14 -3 10 9 -7 -9 7 -29 -52 -27 -28 -17 -3 -11 2 -7 7 4 14 13 -4 3 -23 -48 -4 1 17 -12 23 25 30 21 -12 3 -10 24 -8 6 -45 24 -8 9 33 5 -3 -34 0 7 8 30 28 23 9 34 10 8 14 48 -26 -4 -32 6 5 -3 -12 21 0 14 -6 -3 -62 -4 -25 12 35 9 3 -14 21 15 27 -5 -1 27 -12 18 -46 -34 -6 -16 -6 -7 21 9 9 32 13 -15 29 -11 24 48 -30 12 -27 24 10 16 6 -35 15 -2 9 0 -13 -39 -19 -46 25 -20 -8 -12 -19 -17 30 -5 13 7 62 9 -20 -7 13 -8 -10 -3 40 22 -10 20 13 -25 27 -29 -7 -17 12 28 9 -22 3 16 18 -8 -29 6 9 -23 -24 -24 -2 -10 13 2 0 4 -5 18 24 8 38 -15 5 18 -32 5 -35 4 8 -28 -4 -39 -6 -19 -24 27 17 11 -4 11 -32 21 -5 -10 22 -7 2 3 5 16 -23 -5 1 11 3 20 -12 -2 25 -1 -16 16 39 -13 -30 -3 34 2 45
4 3 18 49 -29 21 24 -3 18 29 -28 18 -8 -1 17 -22 8 22 37 -4 -4 7 -12 2 -27 -14 -28 -17 12 -10 22 1 -18 -51 -7 -16 -4 -13 2 15 13 8 11 9 4 12 -4 29 -44 -2 -37 -34 -18 -32 2 1 -3 14 36 30 -9 4 -20 -13 -4 6 7 -2 5 -15 -20 5 -63 -6 38 -33 -5 20 -18 4 -31 -35 -16 -19 8 -24 -7 27 38 -6 18 9 -7 -24 2 17 3 26 33 1 -26 -11 23 34 3 -14 -20 -6 -1 -5 35 -26 6 0 -4 -10 -3 3 26 37 -23 -12 -20 -2 -9 -5 -6 9 10 12 35 4 10 9 -6 32 13 18 18 30 8 -13 -5 -24 -43 22 -2 -21 -26 15 30 19 41 23 25 -34 5 -1 -9 2 -36 16 18 -10 -2 -15 -10 15 -12 8 -17 26 33 12 10 -10 -42 -7 -16 -6 30 3 29 37 23 -35 22 -5 6 -2 16 10 8 8 -39 13 -24 -23 8 -7 27 -22 -12 8 -19 -1 -1 -2 18 -4 -12 0 -17 -6 0 -10 16 -40 -4 15 7 -4 8 -56 -25 -13 -5 -6 -11 10 14 -26 -15 47 -12 28 -5 -12 9 8 -17 -1 34 6 -36 -5 -12 13 -8 -34 -12 13 22 -42 1 -11 11 11 -5 33 20 -1 -4 -2 -2 6 16 28 6 -3 22 10 11 -24 15 14 -12 4 -27 -21 -26 6 -17 4 14 16 -27 -5 -28 12 -12 -24 1 0 20 23 16 -4 2 7 -7 -6 -15 -47 -25 13 11 33 -31 -1 26 26 54 -9 25 2 -25 21 -15 -9 -12 38 19 23 -2 -26 27 2 -28 -37 -20 -35 12 50 16 22 -24 -5 -21 -11 -12 -7 40 40 27 -3 9 10 27 -9 31 -4 -7 -8 7 -2 -14 -39 -22 -13 26 30 40 -21 27 -13 22 -10 -2 -6 25 -20 -6 2 -3 -34 36 -40 -1 -2 -1 -14 -17 2 -10 9 -3 1 4 -5 -25 2 -15 21 48 -36 31 -3 21 3 2 19 -10 -4 35 26 3 -16 -13 -27 -32 -9 7 8 28 -7 17 6 0 25 -1 7 -2 21 -14 -3 38 -15 3 -3 3 3 23 19 9 -29 -29 13 -29 9 -24 45 -22 -21 37 -5 -7 5 21 39 17 -36 12 0 -17 -12 26 21 10 1 -5 17 21 43 19 14 -3 -25 -18 -20 26 -14 1 27 18 -6 4 -6 27 -23 17 5 0 6 12 9 2 10 8 -14 25 -2 27 7 9 -16 17 -28 17 -8 15 26 -1 0 -5 14 -1 -16 -2 28 -23 18
-18 38 21 -5 -7 -9 18 10 14 30 -10 8 20 -19 21 -7 18 -19 19 8 21 7 -12 -26 8 -14 7 16 -5 -11 37 15 5 -32 -15 -44 -7 -9 -2 25 -13 -1 17 13 -2 0 14 25 -34 -22 -10 -26 -7 24 9 23 -11 -5 -39 17 24 50 -2 -32 3 10 7 17 28 -2 7 -10 -28 6 5 -8 13 -30 23 16 -17 16 -46 -56 30 -15 -16 23 10 -3 -6 6 -30 9 -4 6 22 -8 -25 38 -35 11 4 -19 53 3 -2 4 -30 0 33 14 23 -2 2 -43 30 -11 -10 53 2 -16 -52 16 -13 12 -21 -21 -13 23 -3 -37 -4 6 16 21 -13 -18 9 9 -19 -23 -13 -7 -5 -12 -3 4 -6 7 44 -12 -14 5 -3 0 18 16 38 3 15 32 23 9 22 -14 -19 -9 -6 26 3 24 -14 26 -7 -3 -32 -15 -21 26 10 -3 13 7 25 -13 20 -17 30 -9 -13 0 -11 41 3 -3 6 -29 -22 -2 21 9 -27 2 22 -18 4 27 -13 -14 0 -31 -10 -39 -21 -27 15 -37 0 29 -13 -41 11 5 -26 -6 7 22 -7 -5 -11 -12 -17 0 -11 5 23 -38 9 -16 -14 -38 -13 35 7 11 7 11 29 -7 -20 -15 -15 -21 4 1 28 14 -10 17 16 18 0 12 -7 24 25 40 3 -11 12 0 17 -38 27 9 1 -13 -26 -15 -22 -24 5 -26 9 41 -2 -8 22 1 -28 13 17 -29 -9 26 0 -9 -5 7 -2 0 18 -8 -20 20 11 5 -22 11 15 37 6 9 -5 -1 -1 -6 0 5 10 43 11 32 8 -5 -9 16 -13 -7 2 -33 20 18 -1 33 -5 34 -32 0 -6 -2 32 34 17 -4 31 2 24 15 29 -20 -16 -2 -21 17 -18 -8 -46 -41 6 -14 -6 -38 37 -21 22 4 -31 -3 -4 3 -3 32 -22 -29 9 -18 5 11 -14 -35 -4 5 -11 3 -3 30 11 -25 -46 -16 -28 25 33 -18 -3 0 13 -2 -14 -8 -7 11 15 5 -22 -8 -15 24 -17 -20 2 -41 4 -15 -2 21 1 13 29 32 -28 1 -10 -4 -25 19 21 1 -33 -8 2 7 -11 8 -33 3 -38 -48 22 -11 -6 -22 10 -26 -24 27 0 33 23 -2 -13 2 -2 11 21 5 -43 -8 -24 20 -6 -3 -12 7 7 -7 -26 -28 -4 17 -2 22 -3 -38 13 5 20 15 7 -31 11 16 -35 -21 -7 15 -27 -19 -3 16 25 8 -8 -46 -12 -25 13 -4 14 18 8 4 21 2 16 -29 13 12 15 37
-29 -2 34 -18 -1 10 10 -27 -6 7 25 19 -28 -32 36 -32 30 -17 18 -27 -5 -15 -27 -21 -19 -3 -8 12 -8 -11 26 40 1 7 -9 -14 7 -33 14 5 30 -31 -7 -31 -11 20 11 15 -47 17 -6 12 -3 -2 -22 -6 17 29 9 27 -14 40 3 -10 -38 20 15 -19 38 -10 26 -31 9 -27 17 -5 -25 15 -4 -3 -8 -9 12 -41 11 -20 -17 46 16 11 25 6 1 -35 -9 -7 8 -7 -7 0 -12 18 -28 -3 8 -25 32 -15 20 -5 13 -4 13 23 22 8 -2 -19 -15 19 15 -25 -26 23 14 4 4 4 -4 -7 -36 -16 12 -12 23 8 2 -1 25 34 6 14 -24 -8 1 -23 6 -16 25 18 18 -35 9 10 31 -29 20 -2 -21 -8 -18 21 11 1 13 0 6 16 24 -1 -8 47 21 24 13 7 -38 -27 -7 8 -4 -13 13 -16 23 -3 -2 -9 15 6 6 31 -19 23 21 -7 17 -21 -22 18 -26 -3 14 14 17 2 1 4 -31 21 6 -2 -4 -6 16 -15 -1 -4 -18 -11 -16 -59 48 2 -20 -8 -27 -9 -6 35 -38 -24 -24 27 7 -34 14 -50 9 9 3 -4 33 -7 -9 -3 -11 25 -6 -16 -14 -3 -3 -37 10 4 9 -12 -8 15 14 3 37 -9 35 -10 -8 11 20 7 4 -28 -15 -9 -4 19 -1 -19 -13 -23 -26 -17 4 -2 16 5 -43 0 -26 6 3 6 -4 -25 4 53 -9 -13 17 0 -38 2 -28 11 14 20 2 -12 12 -27 11 4 18 20 43 -4 -18 30 13 14 -31 83 21 10 24 -7 9 -4 4 -42 -8 -58 12 -6 -17 51 -13 -10 -22 -24 7 -11 11 16 -22 24 5 -11 -3 18 43 -10 2 -41 -9 20 -24 -29 -17 -18 12 4 -17 -42 -18 -17 -3 -16 -12 -13 17 13 6 11 0 -27 41 -4 27 28 -36 -6 -22 4 14 33 9 17 62 -17 15 -29 10 7 62 -25 9 28 9 2 -10 -29 -19 -13 -19 20 -14 6 -28 25 -6 -23 30 -9 -46 -35 0 17 8 12 -5 37 8 -11 -5 -2 37 6 20 42 -19 -44 42 37 -31 8 -47 -14 -27 -30 -31 -17 15 -3 8 -26 -26 -6 -7 -4 10 -16 -17 -16 13 9 36 -7 -25 24 -6 49 -7 1 -16 -6 11 -26 -46 -24 -9 20 34 -1 -29 -14 -20 -11 25 -30 12 -1 13 18 -14 26 -2 -1 -23 13 17 -8 36 -13 3 -26 7 -12 -20 -8 18 30 5 -6 13 21 26 -17 -4 35 15 32
30 19 -9 -20 -23 -14 1 11 44 30 -36 16 -24 -40 3 -19 21 -2 15 -42 33 -5 -24 10 10 46 7 3 -24 1 27 27 27 -19 -49 12 3 -13 4 35 1 -22 -8 -18 6 -38 23 43 -13 -8 -23 -24 -12 57 -18 31 -21 -10 23 12 15 -10 -3 -34 29 -6 44 22 33 -12 11 -19 17 -13 10 13 -1 6 -8 10 -5 -8 -9 -41 6 9 -11 -17 1 -4 34 2 -34 5 13 15 17 -8 -11 -13 -18 28 12 -13 42 20 34 17 -23 -18 -22 10 17 -9 35 8 0 22 0 44 -16 20 -60 4 0 -17 -34 27 -15 -7 34 -17 -21 12 -5 11 19 1 32 7 34 -28 -31 17 -8 -7 9 -19 -8 38 31 13 -27 11 6 -32 33 -16 -10 -9 16 29 17 15 39 -31 -28 -9 20 40 -10 15 8 -1 -2 -13 -17 -22 9 2 -19 -4 31 23 13 -17 10 22 26 -12 3 -7 6 -2 -13 3 37 -60 19 -1 -1 -35 12 8 -3 16 -7 7 28 -12 1 4 32 -20 -1 -3 -14 4 -1 -13 -8 -41 17 -7 21 1 24 13 -16 15 1 -1 35 -15 -7 -2 25 34 20 4 20 -24 1 -21 -27 -11 -8 -16 3 16 3 -3 4 -40 24 30 -2 19 -5 23 37 -6 -5 -20 17 17 22 1 3 0 22 16 -17 -14 -11 19 1 28 -27 -37 -13 37 22 -4 9 4 -18 8 8 18 3 -5 -2 12 -19 0 9 -21 10 37 3 -9 -35 -3 8 15 -12 -1 -12 -14 -25 19 -32 34 23 7 6 0 -14 -17 -34 42 32 -1 8 -24 38 14 2 -34 3 -43 37 25 6 10 -16 -12 -5 -6 15 -10 9 23 -27 23 3 -6 26 -13 19 -10 22 4 -6 21 5 -12 -21 -9 18 3 -9 -14 -8 -23 9 5 -14 6 32 -11 43 -1 -5 -13 15 -22 26 -21 -3 -22 -9 27 -12 -8 4 -7 9 -29 -26 4 -34 28 54 1 -1 46 -14 13 -6 -5 -14 -28 -8 1 -2 8 -9 9 -20 -8 -24 -47 -22 -37 -18 9 -18 -2 -4 34 -15 -17 -2 -5 -8 12 -9 21 3 -7 1 5 17 -17 7 25 -48 -23 -22 14 -28 7 1 -6 26 2 17 34 22 31 -17 16 -5 27 35 -23 -17 -16 -32 22 -1 2 -42 4 13 22 -12 -14 -49 6 -1 20 -36 -23 0 5 4 12 20 -19 31 7 -2 -11 12 33 -11 23 -31 -12 10 -22 8 -2 13 -45 7 11 31 18 -21 14 21 42 -3 -44 15 9 -12 7
