1 -40 -2 17 0 11 1 -12 -10 -16 -30 -15 12 -10 -6 -11 -17 -33 20 -40 -19 3 -16 7 -9 20 -42 -26 18 -36 4 3 -3 -17 41 -30 -13 -31 -23 0 -22 -61 -32 -31 -53 -13 -4 -14 -23 7 -21 -26 -64 4 -24 -11 9 -24 21 -23 34 -9 -36 -40
39 22 37 -2 44 2 64 12 33 81 68 22 14 20 48 -17 -6 23 51 6 28 81 8 21 44 24 0 8 2 50 13 36 6 -6 36 7 11 47 27 5 20 14 -9 8 44 30 -3 21 42 1 -11 10 37 33 5 36 45 36 26 20 35 44 -15 36
-20 -9 -25 11 -9 -4 -18 49 8 -45 -38 18 -15 -5 13 2 3 12 24 50 -18 0 -23 2 2 19 -2 18 1 -24 -12 -4 15 5 -17 -26 8 23 -30 6 -25 -11 27 10 17 -48 -10 22 -5 35 8 -14 14 -22 -18 -46 24 -4 5 4 -11 -7 9 -4
32 15 41 27 12 -3 21 31 11 -18 18 40 16 -22 60 0 8 22 10 22 16 2 35 16 43 18 10 43 29 24 3 7 -1 -5 23 10 15 22 24 21 -1 60 80 21 10 29 9 35 10 20 -8 26 18 10 52 34 3 23 25 18 48 -1 39 20
-12 -28 -25 -89 -18 -40 -41 -7 -37 -3 -7 -18 -24 -34 -29 -19 37 -10 1 -57 -18 -59 -13 -60 -43 -34 13 -56 9 -14 -51 -18 -25 -21 -32 1 -24 5 -33 -11 -9 -53 -2 8 14 -13 -19 29 -3 -39 8 -22 -3 20 -8 -53 -49 -56 -52 -34 -31 -1 -34 11
-14 -27 -35 1 -4 22 18 -20 -39 21 -16 -34 26 -25 9 -1 -9 30 43 31 -5 -4 -34 -72 6 -27 1 8 -24 -20 6 -4 43 -27 3 -23 -49 -19 15 -40 16 6 34 -28 0 -17 2 -30 45 -23 16 25 26 -55 -30 -8 -9 10 -3 41 16 -11 -7 -42
47 22 11 39 60 35 6 24 36 17 -24 1 -7 -7 0 29 17 16 15 27 -15 1 40 32 27 21 39 51 15 45 25 34 33 32 33 13 58 8 0 38 59 37 19 4 -11 26 20 12 26 27 -20 14 42 17 46 -5 -3 14 28 -18 10 60 -24 -20
-9 -7 44 17 -20 -33 -13 -38 25 5 44 -25 -10 -4 14 -9 5 8 -17 17 31 24 -4 14 -51 9 -13 -21 -40 32 -44 -34 -10 30 -11 42 9 49 7 -31 4 4 -10 -8 19 29 16 -22 -17 -33 6 -2 13 20 8 31 -29 16 -8 -18 4 -10 9 -28
-8 22 -7 16 28 8 39 26 3 -31 -55 17 -2 21 20 -14 3 6 -14 7 34 6 -19 18 14 -10 -9 35 -28 -3 -37 -27 30 -9 23 2 2 -8 11 40 -12 -33 -33 -24 1 12 -5 12 -12 6 -4 -29 27 2 5 34 -32 4 16 57 -2 -10 -14 3
44 47 48 38 9 56 17 27 67 41 56 16 -10 22 3 10 12 32 34 2 69 47 40 44 57 28 6 33 26 28 50 49 39 53 39 -4 8 57 37 34 19 20 31 48 49 80 72 20 77 47 27 10 3 26 12 38 76 9 7 2 4 60 50 48
8 6 -1 -36 -58 -3 -27 25 8 18 -29 -1 -2 8 1 -19 -4 2 4 -20 -8 -9 -13 -35 -4 -12 -12 -47 31 -35 -24 -34 -15 4 7 -12 16 -40 1 -11 28 -2 36 -37 -16 -12 -6 -13 6 -24 -2 21 29 -21 41 -50 -7 21 -24 4 -7 -2 10 10
4 -22 3 43 -32 -12 -60 -30 -16 -56 7 4 -2 -31 -13 14 1 -49 -1 -5 36 -21 -11 -24 -55 4 50 -5 -42 -2 -8 -16 -12 45 -11 10 1 -3 8 -10 29 4 18 -3 -7 -23 27 -26 3 0 23 -20 -7 -41 6 -7 -66 -72 -49 -19 -39 9 7 -39
-10 -27 -13 -26 -10 7 23 -3 36 6 -47 -18 4 -14 -16 -25 -12 5 -27 -14 -67 -46 10 -42 -19 -32 -38 -29 -4 -52 21 -23 7 -64 -3 -24 10 -32 -10 -45 -27 -13 -7 -31 2 -13 -24 14 -17 8 -8 -18 2 -5 -34 -16 16 22 16 -37 18 -46 -15 -4
-51 -67 -25 -15 -5 -68 -38 -42 -31 -20 -22 -82 -37 -45 -26 1 -31 -44 -35 -16 4 -66 27 -37 -35 -43 -58 -1 -37 -64 -81 -19 -55 3 -34 -3 -55 -13 -32 -63 -38 -17 -16 -87 -49 -23 -30 -32 -52 -23 -55 -100 -51 -42 -49 -25 -31 -33 -54 -69 -75 -42 -10 -24
15 16 -16 2 26 -23 10 12 0 -8 33 -12 0 -25 -25 -4 -13 12 -22 -9 6 -2 10 -6 -13 -8 17 -30 -20 36 -28 -25 37 49 -25 19 0 9 3 -1 20 7 -23 -47 5 0 -29 8 -15 -4 14 14 -18 4 -29 2 -45 31 -23 -58 -19 5 -24 26
19 10 14 -32 13 14 5 -10 12 28 4 6 -5 -4 -23 24 0 35 -5 -16 -3 1 10 5 3 14 -5 -13 -23 8 21 22 -7 0 -26 -16 -5 5 -11 17 -44 30 -23 -19 35 14 -10 -4 1 8 12 3 18 -3 -6 -29 43 -22 5 1 4 16 8 7
0 16 33 28 22 20 19 30 33 37 -26 -4 2 6 8 -29 30 31 25 -1 8 6 8 19 -2 25 34 16 14 47 13 24 -31 13 11 35 5 52 -5 28 -14 7 1 35 16 4 -7 0 21 3 16 47 22 21 4 -2 18 -14 17 30 -7 44 15 12
-57 -7 -21 -20 -2 0 -59 -29 27 26 -2 -24 -27 -23 -13 13 -39 -20 35 18 -13 -7 -21 4 -7 -13 -10 1 20 -54 -1 -23 -27 16 -22 5 0 -42 5 -1 18 22 -4 -46 20 -1 -25 -1 14 -7 3 -24 -18 31 17 -13 -33 8 -33 39 4 9 -19 -30
25 56 59 41 22 51 38 0 32 -9 10 33 35 31 7 24 5 2 -5 44 37 51 24 43 3 27 6 11 13 60 7 14 59 34 45 39 54 -6 14 5 36 27 52 7 36 15 25 -11 55 75 50 32 44 33 39 -35 12 72 1 15 41 39 28 21
16 0 -20 -28 -13 -8 27 -40 3 32 30 -45 -47 4 -9 19 -8 18 -10 -39 11 29 -4 -9 -31 38 -31 -14 -79 -3 -18 -7 -9 -23 -26 -15 -48 29 -30 9 1 -2 6 -60 -7 22 15 18 -38 -28 16 -17 -1 -49 -27 23 -1 34 -23 -33 -13 22 1 -19
7 -12 37 0 18 -2 -11 -30 27 45 -5 -18 -1 2 9 52 -1 1 26 24 19 -9 38 -5 18 -2 9 32 2 -3 12 16 4 6 -37 35 -5 3 46 17 36 -3 -9 -3 5 22 -10 -19 -9 9 34 -21 47 -21 7 -35 13 29 14 49 19 4 -28 34
31 -13 -6 -6 -28 13 -2 17 -6 30 3 -48 -70 19 22 -20 3 13 -33 -45 -18 37 -30 7 -10 -22 -4 9 -25 -15 8 38 -16 3 -9 -11 12 6 -1 -5 7 -6 -22 0 36 -5 -22 5 -8 -2 6 25 -19 -46 -26 -8 23 9 25 -3 -18 -9 -27 30
-5 -17 -21 -17 19 -8 8 1 -11 -42 16 -3 -27 2 -35 -40 13 -33 12 -30 -10 14 -9 -40 -17 -14 -16 4 21 -26 -31 31 -24 -14 -10 -45 -13 -7 -32 40 17 20 -25 -54 3 -32 -25 -7 39 -5 -35 -30 -11 -12 2 -13 3 -5 -12 -29 33 -2 4 34
1 -44 -8 -11 -5 -60 -37 -13 -20 -10 -29 -2 -5 -14 -38 -4 -1 -10 -23 -7 4 -43 3 -31 -57 -19 3 -17 -22 -43 -45 11 -15 -17 -29 8 -27 19 -11 2 0 3 -12 -11 -47 -8 -41 -39 -28 -36 1 -6 -38 4 -17 15 -39 -45 -26 -19 -30 -15 -9 -20
-20 5 -11 19 15 -24 -19 -4 -23 8 17 7 -53 16 -5 -16 22 -13 -19 -14 7 20 25 -13 10 2 13 13 -2 19 34 -1 -42 -13 -23 17 -11 -2 -8 -15 -18 3 -16 8 13 -34 3 -13 -16 7 57 17 -18 26 2 25 -7 -4 -11 25 11 -21 -27 -3
13 -3 -23 -32 31 55 14 -5 16 21 -4 15 36 -8 63 20 -5 1 9 6 16 32 20 14 9 -37 30 0 -4 -10 33 43 37 -15 45 32 7 -28 45 20 48 11 -12 23 -2 25 1 -11 29 -10 -14 14 36 56 -10 21 13 36 22 30 66 36 42 35
-6 0 -9 -13 -25 5 -21 -27 0 -20 -37 -30 -69 3 -22 11 9 6 -4 -26 31 -13 -14 23 -28 -40 -3 -4 -7 4 -30 -41 -57 -81 -37 -1 -27 16 -43 16 -68 -91 -47 -47 -32 2 -22 -33 2 -36 -7 -50 -23 -41 -17 -42 -77 -28 -3 -47 -19 8 -60 -30
-18 13 12 -12 -32 7 1 29 -7 5 -15 -14 -8 -26 -9 -16 -13 -50 -28 24 12 10 -57 -14 -27 32 14 -5 -31 -21 -15 -37 -33 -16 2 -18 8 -7 -17 -14 -18 -42 8 -14 9 4 7 -27 -6 -30 5 9 -6 7 -18 -21 0 0 8 -1 10 -15 6 -11
-18 -2 -26 -32 -13 -4 27 -14 -9 -17 8 -20 -33 1 -8 10 -21 -33 8 -1 -8 14 -3 -4 16 -9 2 16 -48 -6 -14 -56 14 -7 0 -16 -7 -3 -50 -50 -40 -9 -8 6 -20 18 -42 1 -40 -47 -12 -31 -14 -3 -9 6 -27 -13 22 -20 39 -38 10 -35
46 -3 -5 -14 43 -17 5 -2 -7 -38 -28 18 -8 26 -44 8 -31 11 12 -41 -3 -1 -35 -7 25 57 11 14 -4 7 -44 -18 21 -33 -23 -10 2 21 -29 -35 8 -10 7 -3 -9 2 -43 -42 5 -52 21 18 -21 -13 16 -18 -43 -16 41 13 -5 2 4 1
40 76 -19 16 46 -30 4 -3 -15 24 -12 5 29 -18 45 -1 -1 -3 17 68 52 6 36 49 32 -10 14 24 9 20 1 48 17 5 50 -7 19 -15 5 15 -9 21 8 15 2 -31 -10 -4 -7 36 69 46 36 45 -1 26 5 18 46 3 -14 12 20 15
2 33 -17 -27 -7 -21 -4 36 22 -2 9 -17 -11 -21 -3 26 -10 0 0 24 -17 7 -4 4 15 3 28 16 1 11 -8 17 -16 31 -7 8 -1 43 -8 2 42 42 28 -38 34 63 8 -15 7 18 14 -40 35 4 28 3 -25 -8 25 77 15 42 6 11
43 -49 -14 -11 -7 22 -34 17 10 50 -5 -6 5 -10 26 7 11 58 40 20 -9 9 -30 -17 -23 -1 11 -11 31 4 -17 5 -28 -15 7 23 -3 26 27 -5 -31 -29 -21 -30 -10 -30 -10 15 -3 -45 -12 24 0 -34 7 10 24 -4 8 22 -43 30 18 -11
17 -50 -24 -43 -32 -57 0 -27 -20 -52 3 10 14 5 11 -40 10 -7 -56 -38 -54 9 -22 -46 -16 -80 -56 -67 -23 -38 -2 -24 -46 -2 -31 -41 -43 -49 -20 -55 -69 -48 -36 -2 -50 -70 -17 -54 1 -19 -37 -55 -26 -9 -31 0 -2 -24 -12 -47 -26 -51 -61 14
3 -36 -9 -31 6 -13 11 -6 -4 -12 1 28 -26 12 -38 -11 1 0 6 -6 -28 -38 3 -33 -21 13 -31 -29 13 -30 -26 3 8 -41 -39 13 -2 -30 -62 -26 8 -21 -14 6 0 -39 -8 -14 -4 -9 17 -9 32 -1 -36 -37 -33 23 -5 -19 -3 -45 -34 -66
-9 -33 -20 -46 7 -35 -30 -27 -4 -33 -11 -30 -29 -54 -16 -15 -42 -42 -12 -35 -34 -76 -49 -49 5 -25 -36 -58 -22 -33 -65 -36 -10 -39 -20 -82 -67 -49 -9 -21 -30 -17 -51 -31 -27 15 2 10 -39 -9 -72 -45 -36 -33 -75 -42 -37 -10 -46 -9 2 6 -8 -26
23 34 -39 7 6 7 14 -4 1 -9 8 13 -14 6 5 8 48 6 -14 15 21 0 3 -16 -28 5 -2 -39 10 -1 7 9 27 -3 -8 -24 -20 -5 3 10 -25 -22 18 3 13 9 -18 -2 10 -18 13 2 -46 -17 -15 9 13 7 6 -53 12 -5 17 -50
-36 -42 -2 -53 5 47 -16 -2 1 -26 -33 14 -54 24 -42 0 36 -45 31 -19 3 -35 13 -30 -23 18 30 -24 -41 11 40 -6 -16 12 -12 -29 -7 -32 31 5 -48 12 -20 -14 13 -2 12 -3 -5 -5 -30 -8 -13 -12 -27 -43 42 -20 -42 4 -7 8 -4 -33
8 34 9 -20 36 -8 -19 -52 -23 -11 7 -27 -10 10 -15 -24 6 -14 -21 -23 -3 -21 -15 11 -32 12 35 -19 -37 12 7 -8 -13 -7 6 -13 9 -21 -28 -7 -3 -6 -14 -25 11 -15 -24 16 -40 -11 -7 -19 -4 -14 -41 -60 5 10 -19 22 8 21 5 9
25 44 -2 9 41 24 38 2 4 32 21 35 42 36 19 -23 30 36 1 30 -23 44 -1 1 29 46 14 13 18 54 26 -35 11 8 2 -10 38 28 24 18 19 41 14 15 60 25 15 -19 -27 -5 32 47 -2 35 18 38 35 -26 17 30 22 38 2 20
15 -5 -13 -10 25 14 8 19 -6 -24 -17 -5 10 13 12 13 -30 0 7 1 -29 -6 -23 -23 19 13 -24 -33 -5 40 -27 -27 -26 -8 2 0 -45 4 -22 5 12 -12 5 -4 28 -57 -3 23 -29 -10 -8 -12 19 -5 9 -20 -20 20 -14 -5 -24 2 4 51
-48 -12 13 -33 -37 -27 13 -1 -22 -5 -1 -17 -13 12 17 11 -8 -7 8 -6 1 17 -25 -28 -16 -3 -8 26 -60 5 18 31 -11 -18 -43 -21 -62 4 -11 -30 -2 -7 -23 -24 -40 2 6 -23 -21 -20 -26 -20 -34 -12 -45 -30 -23 -4 14 7 -19 -14 -25 -28
5 -22 -35 -25 -1 6 -13 -37 -6 13 11 7 -21 20 19 -38 -11 -40 48 -9 -11 -24 -35 14 32 -22 -55 -18 -7 -7 11 -1 12 10 -24 -29 9 2 -18 -23 -8 23 44 5 -28 3 -17 -5 25 5 -4 -11 -34 -14 18 28 -13 -28 -18 -19 -23 27 -2 5
-11 -2 26 -30 23 30 6 -18 1 -12 10 13 -37 -14 1 -16 -31 -19 21 -5 -1 -3 -14 -9 16 -9 -4 8 15 -14 -22 -21 -18 10 -22 -49 -34 -3 2 -43 -46 -60 -1 -6 0 14 -9 -20 -16 -48 -6 8 -15 -13 4 -14 -35 -17 -11 31 -15 17 23 24
-6 17 13 -46 -9 32 27 0 -61 27 -31 -40 7 15 16 -9 -12 12 -13 -42 -19 50 -29 19 3 12 22 -15 39 26 15 -25 -5 -23 -17 2 10 13 8 4 -54 11 0 -11 -68 6 7 -18 7 15 23 66 14 19 6 23 -28 -22 37 -21 0 23 16 -29
12 7 15 2 -65 -11 -25 -27 1 -7 4 17 6 9 -18 -16 -19 -5 3 -16 36 -18 9 -17 -22 17 -16 29 -3 -8 -24 -6 26 7 -8 13 -20 -1 1 -52 -45 -15 -13 -20 -51 -12 12 13 24 -21 -2 -25 -39 -57 -12 24 -2 -24 1 -31 -16 -53 18 3
-1 36 40 14 12 16 42 15 16 23 39 -2 48 25 54 14 7 24 9 44 3 36 4 13 31 -4 13 40 39 15 41 -7 -25 24 41 3 10 27 27 -6 -33 28 73 -30 27 -18 1 -3 -21 31 2 9 20 -1 30 2 -22 51 35 1 9 21 -5 21
46 47 20 35 48 5 35 19 33 27 11 -2 41 61 35 7 55 30 42 17 78 7 0 33 36 19 68 9 38 9 19 24 51 22 54 42 19 -5 73 76 32 17 -7 19 41 41 31 53 15 39 36 12 57 61 -1 51 78 35 20 4 61 46 56 9
-15 -33 -37 -69 -42 -49 -12 -28 -29 -30 -29 -36 -26 -44 30 -21 9 -29 -21 -21 25 -25 -36 -29 -34 -28 -28 -53 -43 -44 -14 -37 -48 -8 -48 -25 -41 -69 -14 -1 -55 -54 -35 -10 -25 -26 -41 -24 -2 -36 -60 -10 -34 -7 -23 7 -35 -15 -33 -54 3 -30 -25 -5
-11 -25 -13 -3 10 -18 15 -7 0 -20 -10 18 16 -4 43 -26 -4 38 -5 -21 -3 -32 -12 -48 29 -35 -14 -30 2 13 -24 24 -33 -8 25 19 -50 -9 21 17 3 28 -14 15 23 -10 -14 38 -6 -13 -31 9 -25 -7 9 6 -6 20 -27 28 -24 -26 -5 -1
-15 -75 -37 -39 -55 28 -65 -53 -1 -35 -59 -13 -88 9 -58 11 -10 -32 -11 -77 -61 -16 -47 11 -32 -12 -40 5 -55 -46 -15 -40 -48 -55 -86 -41 -3 -30 -5 -60 -22 -1 8 -42 -19 -16 -55 22 -20 -19 9 9 -55 -37 -7 -38 -32 -27 -31 -58 -46 -35 -28 -43
36 30 0 -9 -23 -36 2 -35 -60 -46 23 28 -3 -6 3 -19 -59 8 -48 -34 -1 7 -30 -5 14 55 -19 21 7 20 12 -12 -1 10 33 -31 -16 -61 -12 9 -11 -10 -23 30 -1 -19 2 -65 32 1 8 -25 -18 -29 38 7 -3 27 31 -4 -12 -22 -2 28
-27 -4 43 5 22 -60 -14 -11 20 7 30 -2 13 44 35 -38 -14 30 -8 16 22 -16 38 14 -36 -14 5 -23 -13 13 15 -26 52 35 40 9 12 -15 -28 21 3 20 13 4 12 12 -15 -24 5 -20 16 20 -18 0 -39 27 14 19 -43 -48 -23 7 3 -19
21 -14 -10 54 -27 -30 -2 -2 36 -9 12 20 -2 -9 -1 -6 29 15 -38 -5 21 5 20 18 -23 20 4 55 -6 -3 -22 43 -24 -42 -5 0 -27 20 54 -14 -13 -47 -10 23 37 -3 10 -44 21 -27 4 18 -5 -2 9 3 -16 -18 5 -31 -9 -43 10 -19
1 24 -8 -40 -23 9 39 -4 0 6 -34 -26 -30 -48 11 -3 35 -11 6 -6 -6 -21 -16 -43 -12 -53 -5 -20 -35 -26 3 -14 -20 -59 -4 -46 -2 19 -9 -1 -22 24 -26 -37 22 -9 -36 -37 -5 9 29 1 6 -23 -26 -27 6 30 -26 -72 -41 -2 -29 -9
7 29 32 21 29 1 34 -7 0 14 -5 27 14 6 38 31 38 16 9 -7 -27 30 31 9 -18 33 17 6 -13 10 -6 37 62 -4 -17 44 55 28 -9 21 22 16 -5 2 -24 24 8 1 1 0 58 18 -3 6 22 19 -33 24 7 -2 31 -28 -5 21
11 30 6 33 -20 -34 5 16 -2 -21 13 1 12 -7 -12 -18 27 20 -3 -24 3 17 -21 -24 2 9 -2 28 13 6 2 -34 -9 -26 22 -24 3 -1 8 7 20 9 32 -23 11 8 -3 -13 -2 40 0 7 3 -20 4 27 26 -14 23 0 26 -24 -6 -34
39 14 -32 29 25 38 8 -6 -37 1 -16 60 11 -4 -5 -30 -37 -15 22 -12 -3 -11 38 6 8 21 -3 -2 -10 14 9 -53 22 9 7 -15 3 3 3 -24 -4 1 28 26 5 -25 19 26 -19 8 3 -48 15 -69 19 29 16 7 10 35 37 23 28 26
-14 32 -9 26 4 -36 -33 -20 5 -44 -2 14 23 -47 16 -39 -51 -4 -25 20 -22 -44 -2 9 39 7 -1 15 -12 -3 -34 9 14 -33 -2 49 34 5 28 0 2 16 -43 14 -13 -9 -16 -28 -18 22 -14 -4 9 13 -2 -17 20 25 19 -2 -33 -15 13 14
44 18 -39 67 -46 6 33 -36 36 3 10 9 -10 15 -31 28 53 46 -10 15 33 12 23 24 -31 18 -35 14 6 -22 36 24 12 31 -4 41 15 31 22 15 -4 47 63 -9 2 2 10 16 4 46 32 -14 -17 20 16 31 45 19 -5 20 -10 22 31 26
-29 -8 -9 -9 9 20 15 8 -34 -4 -4 -12 0 -29 11 4 -27 -10 -22 28 -2 15 -8 -19 -10 -31 18 -40 -22 -5 -22 -27 23 -33 -6 9 14 -20 3 44 32 14 32 -10 -22 28 -17 -7 8 9 -58 -6 -19 18 -5 14 -20 -33 -22 33 -18 16 36 -6
-2 53 11 31 -6 28 -18 15 5 24 10 -4 12 22 -5 -4 23 7 -15 33 1 25 36 -12 26 -35 31 -6 7 10 50 79 13 23 27 34 14 11 19 30 67 9 9 20 37 53 -12 4 22 7 22 16 9 30 40 16 62 9 59 27 17 82 -5 33
-8 -19 -1 10 -22 14 10 5 -45 -26 -14 2 8 -44 -9 17 5 27 -28 -14 11 15 21 13 -33 -6 3 -13 -18 -38 -12 -51 6 6 -23 21 -11 19 -22 11 -21 -6 7 -22 -6 2 -17 3 23 -33 22 10 -6 1 4 -28 -42 -31 -53 -8 -15 -5 -1 -8
-20 -6 14 -34 -41 -24 -45 9 2 -44 -1 -28 -54 -23 -44 20 -40 -21 -58 0 -31 -26 -29 -21 -23 -90 -39 -34 -12 -26 -64 -9 -8 -37 -4 31 -8 -19 -28 -19 -37 -24 -56 -18 -20 -61 -59 -42 25 -52 31 -40 -2 -71 -23 -50 -2 15 -12 1 -46 -26 -43 -15
-14 -25 -26 5 15 -21 -15 -44 -34 16 7 -5 -6 29 -37 5 4 22 -34 -22 -12 38 6 -14 -12 21 4 11 20 38 10 -3 -3 7 -22 -23 -40 18 -45 -24 12 -36 -15 14 5 4 -6 -24 -21 -12 -3 7 8 -8 -25 8 -25 -3 -58 29 20 18 17 -11
25 41 26 93 -6 27 -18 31 19 21 37 43 18 36 0 -12 -36 34 4 26 6 24 32 69 -26 19 -3 38 41 22 10 32 18 21 50 49 24 10 29 36 24 59 8 23 61 34 -14 50 -17 61 27 13 7 4 29 30 34 10 57 -1 31 0 13 2
18 26 -11 24 26 13 -3 31 11 7 -25 7 23 35 -1 28 17 -13 21 29 17 16 22 47 12 -39 73 24 57 26 9 -12 15 18 -8 22 22 44 33 8 22 2 -8 6 -15 24 20 -15 -3 -3 34 1 7 35 -17 -9 -18 35 30 25 41 19 15 68
7 18 10 22 -19 -19 17 -15 0 10 23 -13 -14 10 -39 11 -57 9 -27 7 -18 19 -8 -20 -34 20 -13 -1 7 8 31 34 22 37 -2 -7 36 18 32 28 -44 13 -3 -48 0 32 30 -75 13 -27 6 -12 22 24 54 0 -47 -1 5 -78 -18 -25 10 -10
-8 34 54 9 65 2 25 46 61 13 -9 31 44 38 30 23 53 7 4 42 60 32 7 61 51 -21 57 -20 14 55 31 39 66 59 31 39 -2 23 82 35 16 -9 19 -5 57 -5 47 36 62 10 19 37 12 21 31 24 44 56 103 32 25 8 13 42
-30 20 19 -4 -17 19 -2 -58 6 -1 -27 3 21 -45 -7 -5 14 -61 25 14 55 -12 4 -24 -19 -16 -1 41 -13 -23 -8 16 26 -24 -48 20 -41 -3 -12 2 1 64 2 15 -24 -5 -21 -23 31 -15 60 -5 13 9 8 -48 -38 -34 9 9 -21 0 -2 -4
-13 -1 1 14 -9 27 -13 39 20 0 28 -3 45 -11 10 18 22 46 10 5 23 1 -1 23 -7 33 22 11 19 56 -24 32 -7 34 14 28 31 26 19 27 -1 -15 21 17 13 -9 21 35 28 11 -2 34 -6 9 27 -6 -13 15 18 55 14 21 -14 20
-41 -25 -14 -2 -11 -28 21 18 -9 -20 25 4 2 -28 58 35 -4 20 24 19 21 10 -21 -48 8 34 -38 -10 -46 -50 -55 34 51 23 -14 -46 -29 15 7 -1 -28 -25 -10 8 13 -25 1 7 -39 -38 -37 11 -6 -31 -3 -13 -2 20 -13 -19 20 28 -4 -10
12 -7 -21 -41 -28 -58 -13 -10 -19 23 -9 -39 -13 -29 -19 16 -8 -16 -16 3 26 -60 3 -46 -41 -9 4 -1 -19 -10 -52 12 -35 -2 -41 -90 -45 -31 -17 -28 -38 -34 -25 -28 -28 -44 -22 -31 -29 -13 -30 0 -14 -22 -61 -62 19 -32 -18 -12 -38 -15 -44 -31
32 -21 27 8 51 17 -17 27 -3 14 1 -21 16 -3 18 14 -8 13 22 -27 0 19 48 -21 15 -5 33 18 16 -59 -21 8 9 13 18 -10 14 12 43 -22 8 -2 23 -11 -16 25 -9 36 36 9 -30 11 32 -8 7 -32 -24 -31 23 -44 52 -49 -27 -15
-1 14 -47 22 26 19 13 16 15 38 -40 0 11 24 -11 7 -18 24 18 -9 29 -18 -15 7 20 -3 -8 36 27 -11 -9 18 22 6 57 -4 -16 -26 53 -16 39 33 -5 -13 36 13 81 26 -9 -21 -14 20 -14 23 -23 21 24 -6 59 -10 18 33 12 37
-33 0 26 -65 -22 21 23 -14 -8 -24 -51 -21 14 -11 -4 -20 -26 -35 -10 -48 -26 -21 -16 29 26 -24 19 3 1 -29 52 -34 -28 5 -16 -25 -38 -7 -42 -12 -37 32 -1 -23 -21 -40 -37 -32 7 -28 38 -34 -7 24 -19 -9 -18 -59 -39 27 -44 2 -17 -3
-4 37 8 27 -17 -30 38 -63 -27 17 -46 -29 3 1 -6 -22 26 -7 -18 36 41 -24 13 16 0 45 5 26 2 28 55 13 29 2 25 13 39 2 -9 -32 -20 44 -4 4 -26 11 -18 11 23 48 15 6 35 14 28 7 42 11 12 -2 22 19 27 8
21 11 -7 18 44 -12 -47 44 4 0 -2 3 -8 -8 16 78 -4 11 15 -4 17 -26 -3 -8 -14 21 -43 18 6 12 -19 -1 0 -22 -10 29 -15 18 5 -10 -20 -4 -19 -4 -2 11 -4 9 9 15 19 -29 -23 29 -24 12 3 11 -13 33 15 15 1 -33
4 -12 25 3 7 24 34 -2 -14 -18 8 0 -7 -10 -12 -19 58 41 -3 -34 30 -3 2 -29 -7 -11 8 27 -23 -45 16 0 4 -31 14 -15 -13 -40 -40 -22 23 4 31 -47 -11 3 -46 4 -15 -38 -3 -8 -27 -43 17 11 3 -53 8 1 -6 -27 -13 -11
17 -25 -3 6 -8 4 23 13 -5 -34 7 -6 -17 -29 30 32 -34 22 -19 -13 -23 1 -20 13 -13 -10 15 -5 -9 14 -22 17 28 8 11 24 43 -4 6 51 31 14 -13 -29 8 2 26 51 -7 36 -11 -14 -40 -21 22 -1 15 36 6 13 -12 -1 23 37
-48 10 -44 -5 -19 -40 -16 -40 -7 -20 -39 -51 8 -55 -32 -41 -15 -44 8 -23 -29 -47 13 -12 -72 -24 4 -23 -22 -1 -29 -7 -45 -10 -12 -63 -30 -39 -27 15 -19 -12 3 -32 -11 -15 -37 -29 -19 -42 -14 15 -4 -31 11 8 -22 -23 26 -24 -9 -8 -33 -34
11 -25 -11 -7 -18 12 -20 -2 -5 -49 -57 -9 11 0 -47 -11 15 -7 -18 -25 9 35 -19 10 36 -44 -2 -32 -25 -10 38 -47 0 -45 12 -4 -21 -38 4 -23 -45 -23 -1 -4 -23 -45 -19 -62 -38 -36 26 -23 -21 -62 24 9 -21 -14 15 -58 -38 1 -32 13
-12 -55 2 7 -23 -53 -18 -9 2 -63 -65 4 -60 -23 -33 -1 -3 -25 -33 -35 -18 -33 -53 5 11 -52 -53 -20 -9 -32 -32 -58 -22 -70 -50 -13 -13 4 -38 9 -29 10 -23 20 -44 -48 12 -13 -19 24 -30 -11 -38 -52 -20 25 -26 4 -7 -21 20 -16 -40 -31
-23 -15 -14 8 -45 -81 -86 -15 -43 -74 2 -31 11 -53 -51 -49 -54 -53 -49 -45 10 -49 -4 -42 -23 -56 -69 -63 -24 -60 -50 -18 -43 -34 -22 -23 -28 -33 -39 -79 -8 -28 -13 -59 -47 -59 -57 -31 -20 -29 -45 -54 -41 7 -39 -51 -71 -69 -47 -6 -21 -3 -7 -33
-1 32 43 -4 15 37 13 12 -5 -4 -28 28 58 27 28 -15 18 22 26 -14 55 0 8 -8 6 -14 35 -44 7 19 4 -15 30 47 32 15 -7 -3 -10 12 0 2 24 20 44 22 31 58 -3 -12 19 30 42 13 24 -11 11 1 80 17 27 25 8 44
11 1 -57 -19 -40 8 -26 -11 -51 -19 -15 -25 -19 -23 -21 1 -39 -54 -6 -6 -20 -31 -22 -47 -33 -4 -3 -37 -32 -7 -11 -2 -25 -32 -20 -13 25 8 12 -66 1 -37 -46 -29 -27 -24 -7 -18 -28 -14 33 -27 5 -31 -55 -37 3 -11 1 9 2 -16 -48 -19
11 -15 8 -4 -1 -8 -17 11 -62 -33 -55 -9 -39 -26 38 -51 -65 2 -67 -73 -13 -22 -45 -46 -26 -49 -36 -14 -41 -50 -56 1 -26 -70 -26 -19 -10 4 -10 -14 -21 -62 -38 5 -26 -48 -49 -21 -22 -34 -15 2 -44 -3 -10 -5 6 -16 -21 8 -64 -38 -27 -26
-9 41 -3 50 44 6 -14 33 7 -9 17 15 -3 9 58 31 30 58 7 25 -7 19 7 44 56 13 24 -5 17 3 -23 28 -18 32 -25 -30 11 9 30 9 -11 -35 6 -10 -10 23 39 34 -5 5 -8 28 8 42 -31 -25 16 38 12 30 -4 -8 -1 29
11 8 96 34 56 77 47 13 12 19 19 -9 46 12 43 14 28 3 50 48 42 10 60 42 32 31 3 24 42 46 30 20 0 22 77 61 21 38 -1 25 3 41 54 58 25 17 36 61 26 61 14 57 33 36 -10 36 36 30 78 12 43 53 42 -6
14 -9 -35 -1 39 -3 -10 15 -23 26 0 24 -13 42 -48 -4 -3 -22 45 29 -6 -35 -13 -9 28 -15 -3 -22 10 13 19 17 -11 -4 -25 18 0 33 -15 -19 -10 2 -1 8 0 -12 16 -30 -27 -15 42 21 -14 17 0 7 -30 -48 -23 -42 -16 16 1 21
-32 47 10 17 5 -27 -17 16 10 10 -7 -19 33 -25 2 -19 9 -27 -46 10 -32 1 -15 17 18 -39 -23 -15 -44 32 -27 -2 35 -21 11 4 22 -35 20 -7 6 44 -12 10 -20 11 39 -13 27 35 -14 -7 3 -1 4 50 -21 27 38 18 13 14 -5 14
22 -13 25 15 -5 14 -14 16 0 -6 -22 1 9 -16 -33 -15 7 -12 -43 5 51 -63 12 -15 32 25 4 15 20 -13 -15 -11 4 1 -11 -10 -19 7 25 -47 13 -14 18 -13 0 -25 24 9 -12 20 -21 -42 3 -25 19 -10 -46 -11 10 -16 28 -42 13 -4
-15 -5 -19 -24 -50 -39 -20 -12 -7 -24 6 -2 -21 66 14 -29 -29 4 -2 -47 -17 -25 -20 -12 -2 -25 -29 -43 -30 -4 -18 -14 10 -5 -60 32 -16 9 -29 31 -16 -4 14 13 -22 -26 -28 -6 -52 35 9 -34 13 -1 -16 -2 -6 17 -15 -26 -22 -8 -28 -4
-16 -21 -15 -20 -20 -46 -49 -18 18 -9 -14 -21 -31 -26 -2 -24 7 -11 -20 11 -19 -1 -34 -20 -2 12 12 -18 -33 13 -32 13 -7 -6 -3 7 44 23 16 16 33 -21 -17 -10 5 -9 -21 -29 -27 1 3 -20 -31 -31 -16 -14 -19 21 -19 -4 -19 -18 -7 -4
-17 -1 -1 -22 -15 36 13 2 -20 4 -21 -28 8 -1 4 12 23 -5 11 4 -1 17 7 33 -7 -27 -4 -33 -5 1 25 -28 -25 14 -37 -3 -23 39 2 -14 -45 -35 -13 28 6 -40 1 -38 -14 -58 35 8 4 -7 -11 -47 4 -12 -14 35 2 -18 -38 2
-6 5 -14 4 6 1 -1 -17 -15 -1 32 14 16 6 -13 -41 -22 12 -7 12 10 32 -29 -17 -6 22 -4 -11 0 9 -3 17 6 48 23 -15 9 4 35 19 48 6 20 -22 -16 -6 5 -5 -16 52 -4 -6 21 34 14 -34 -29 4 -22 -35 -17 32 -10 6
-11 45 -26 -19 -7 15 19 43 -8 8 18 -20 35 28 -11 13 10 32 -15 10 11 -18 -16 27 3 -2 9 -15 6 -9 -48 -8 10 8 -28 -12 -15 29 -35 -3 -22 -7 3 -6 11 -3 13 23 0 -3 -12 17 -6 -20 -9 -25 -22 -23 68 -28 -11 37 -27 -30
-22 30 11 25 7 19 33 6 31 37 7 35 15 21 16 21 -1 40 67 10 9 3 1 92 25 1 13 20 -1 16 33 -7 1 15 -7 28 22 44 31 33 -21 31 39 -26 6 25 42 19 -7 10 23 41 -2 4 -14 28 15 33 14 48 10 2 6 13
5 19 -7 21 3 34 9 21 29 -1 -3 36 6 2 -19 -6 -30 -7 12 -35 20 -16 21 6 12 19 -20 7 10 -40 18 0 32 35 27 27 -3 -18 29 11 40 36 26 10 -3 2 -30 21 11 23 -19 8 9 22 -3 -1 26 45 38 -5 33 -3 8 -14
-11 -20 14 -24 -21 17 21 14 -5 3 37 -25 -21 16 7 15 14 17 -13 -15 -31 -35 5 1 18 6 13 -3 -17 -11 13 -9 22 -42 -2 -31 12 18 -9 -11 9 14 54 -32 -20 56 -21 44 -29 10 -11 -27 7 -66 26 12 21 6 29 6 5 21 -21 8
-19 -5 -12 -22 -31 -9 0 -29 -21 5 -18 5 -3 42 -14 -32 -16 18 4 -16 23 -5 -13 -59 -4 -43 -4 -28 43 -15 15 -22 -21 -17 -2 -25 -30 -13 -23 -4 2 -12 -26 -18 -28 -16 22 -30 4 -7 -25 -33 14 22 -11 -34 -9 -33 -23 -13 -9 -7 -11 -10
32 -10 19 -15 38 36 19 4 25 27 -14 27 2 30 53 13 13 22 16 -3 -16 27 13 -1 -4 44 -2 40 -18 42 31 29 -30 -11 5 -9 3 21 -19 36 25 1 -1 16 25 -5 20 20 -9 8 18 -7 -1 16 -17 -37 16 -23 15 27 -1 28 -1 -5
20 13 20 -14 13 15 43 -31 -38 1 4 18 -3 -20 -8 -1 -10 -41 23 29 33 -11 1 -31 -5 2 -10 -21 34 42 0 14 -8 30 16 12 -52 24 16 -33 11 -22 7 25 19 -15 28 14 -28 32 -4 -16 1 0 -23 -8 0 3 0 -42 5 -10 41 7
-6 3 -41 -35 -26 -2 -13 11 -22 -21 -2 30 1 -17 -12 -37 -24 8 -30 -16 -2 -8 -21 7 -11 -31 26 12 -34 10 5 27 -18 -10 -1 0 -10 40 28 -23 33 -21 30 20 32 -25 -39 14 15 -4 -52 3 3 -3 -15 -4 5 26 28 -24 14 10 -51 -12
53 23 -10 45 5 14 58 5 37 -24 14 34 -4 21 2 -2 27 19 32 38 41 71 23 42 9 69 33 26 38 4 34 16 29 42 34 -1 35 10 -3 40 8 -10 -10 -6 33 13 29 31 47 25 12 0 14 18 -17 32 20 29 34 -7 45 13 11 9
-9 -18 4 -3 -35 12 -6 -28 11 3 0 15 3 -66 21 15 9 -7 -29 -35 -14 -30 -40 -18 -9 32 7 3 20 9 -47 -26 10 -9 22 -6 -51 -37 -13 24 -17 0 -2 25 -20 -51 -33 33 -52 14 -52 -37 15 0 -20 15 -14 -30 -7 -22 5 -27 -5 -3
-21 25 32 11 -15 -18 -3 21 20 -15 -10 -45 -16 -14 -3 -10 13 2 8 39 18 -55 -34 9 3 0 -6 32 16 12 -14 14 7 -18 46 -7 -16 12 43 -11 -46 -27 -27 -16 1 -28 -1 10 25 10 -3 -14 15 -34 38 25 22 24 42 5 -10 -21 -2 -13
46 -9 -22 0 24 -58 6 -24 10 -13 8 -6 -33 -23 12 19 22 25 -46 -25 -29 60 1 26 -43 -18 -22 12 -33 -13 3 23 -9 -21 -28 16 -11 17 2 7 26 -20 2 -13 5 -4 -26 11 -16 -11 -22 4 -8 -12 9 -7 -25 18 2 -9 1 -6 -51 8
55 21 -52 -16 -22 3 11 22 -32 8 -4 15 21 7 18 4 5 -14 -15 8 22 0 -17 29 -7 28 -20 2 46 -5 35 9 18 -33 32 -11 -25 10 -30 0 -11 -17 35 -4 -26 -26 -21 32 5 -11 7 30 -16 0 -6 11 24 30 1 -1 48 13 7 -26
8 -6 30 -1 15 -16 -15 -11 -21 11 -45 -45 -13 -34 -73 -24 9 -27 -33 12 -39 -35 -31 -48 -29 -19 -2 -3 -5 18 -30 -29 12 3 12 -25 3 0 -15 -26 -12 4 -15 -13 -54 -23 11 -28 -21 -35 -6 10 -14 -56 4 -46 -26 -29 -8 -16 -41 2 -26 -8
-5 13 55 42 0 -28 33 -5 16 0 -16 -24 16 -22 21 20 5 15 -3 35 25 21 -1 26 -18 0 -2 22 -1 0 47 -12 20 -6 30 -35 9 61 26 5 -4 74 44 -10 2 41 -21 7 17 -2 -1 19 11 -29 12 17 35 -6 40 -45 27 -17 25 8
69 5 8 48 12 -7 -2 5 25 -9 0 1 -8 9 2 16 23 63 14 19 -6 16 -8 17 16 47 -30 -9 24 -5 -15 48 27 21 7 5 18 19 65 34 5 -13 -56 33 36 4 0 40 13 -4 -6 8 28 -14 47 25 24 10 37 -63 22 1 -24 3
-2 44 -26 22 -25 22 -26 45 -10 23 20 10 -5 -3 -7 14 13 -5 23 -5 10 19 4 27 46 -1 24 -51 27 10 -7 3 14 32 28 45 59 27 -26 45 23 27 22 50 13 7 -7 8 -11 58 8 19 -1 -1 -9 39 74 19 46 35 0 -6 44 15
-26 5 -7 41 -9 6 36 -15 15 12 73 29 61 13 34 15 -10 24 5 6 43 25 -3 -7 -3 14 24 28 17 -20 0 21 43 27 16 4 30 -13 -6 22 6 16 19 20 24 12 1 7 36 14 4 -13 26 35 1 14 -24 30 -35 6 29 23 4 -19
21 6 -12 8 2 15 -5 14 26 -26 2 8 5 -21 44 19 29 62 -32 15 38 30 -2 8 22 -2 5 4 47 22 15 -8 -4 28 23 3 5 -36 31 18 4 -6 -54 7 26 -24 -34 9 4 -17 -6 -30 32 46 0 -21 23 37 26 46 12 0 -36 50
4 30 9 -7 20 -25 3 7 -8 -28 -27 -12 -1 -7 16 6 -21 -27 -20 2 -11 -46 -5 -7 -2 -51 18 -33 -9 4 17 -54 29 38 13 -13 -6 -5 17 -18 -22 3 -12 -1 -3 15 0 -16 -12 10 -14 4 -44 -10 -36 30 18 42 38 27 18 0 -35 -3
-15 -3 -14 -18 -25 -31 -23 -5 -18 -47 -13 -29 3 16 -9 -22 -16 3 -37 -25 1 5 -12 7 -10 -26 5 3 -33 30 -19 21 4 2 -19 -29 13 -42 7 -8 4 -21 -34 -55 -9 -10 -17 -28 21 -4 -29 -65 9 -9 -16 1 -3 -34 -27 -23 -18 23 3 22
11 -7 -8 13 20 -2 23 10 -8 25 -8 12 24 -12 16 -7 -5 5 -35 -9 -2 -1 9 20 32 6 10 8 42 19 18 4 -1 3 -14 15 8 2 2 -3 -28 -7 -18 55 15 10 53 -18 32 4 -45 22 18 7 1 31 2 -3 28 -13 55 3 -12 0
3 -25 30 -11 -15 -9 20 -31 17 9 7 -24 -13 24 -6 11 3 29 44 14 13 14 -26 9 -15 49 -14 9 7 -21 4 -15 -21 35 -16 47 25 4 -1 -36 18 17 22 3 22 -19 28 12 -19 26 45 2 32 -26 13 -37 -18 -4 13 -14 0 -39 2 -26
28 37 26 32 76 17 39 28 69 32 27 58 17 17 7 38 12 20 46 58 60 32 70 -9 50 30 40 50 39 52 7 24 10 18 53 62 35 63 46 -2 54 27 52 20 54 43 67 70 15 126 14 9 11 55 45 4 8 73 41 54 74 -5 72 58
7 -2 10 2 7 -14 -2 36 -25 -11 -42 12 -13 19 -23 5 -25 7 19 -24 -9 -7 -5 14 42 -32 -4 -37 16 53 -22 16 10 6 10 -34 -31 4 -35 11 6 -3 -14 35 -9 -13 -20 -47 27 -32 15 14 -7 4 -29 -19 5 -54 0 -19 -4 25 22 -14
-33 9 8 1 -27 71 19 -3 7 -7 -26 -27 -12 -3 -6 -36 -1 -14 -2 -10 -38 13 -43 22 -22 27 10 25 -9 -56 7 -21 -7 15 6 8 -3 -18 32 -30 -23 -2 -17 -26 -14 -3 -12 29 13 -45 3 -29 -14 6 20 -33 -13 27 4 -13 13 17 -11 23
-111 -12 -63 -39 -57 -57 -33 -41 -49 -47 -92 -44 -50 -54 -50 -82 -59 -56 -59 -25 -47 -68 -70 -60 -27 -34 -61 -80 -39 -53 -46 -13 -6 -22 -62 -70 -30 -59 -36 -93 -32 -65 -39 -64 -52 -53 -39 -25 -36 -33 -47 -19 -53 -45 -87 -83 -62 -36 -88 -59 -29 -34 -69 -44
15 7 17 -10 16 -35 19 -6 19 -4 3 15 8 26 -5 10 43 27 -20 6 16 -11 21 -34 -1 -21 -11 -2 -38 3 40 34 -11 -31 6 -31 -20 5 30 2 11 -35 9 -22 -4 25 -9 5 -15 0 11 3 -19 29 5 11 8 2 -35 27 -25 4 -28 43
-28 28 -27 38 -29 6 -26 10 -30 34 32 -11 4 -18 -3 25 46 26 9 22 -6 23 35 -14 4 31 -17 -42 -19 1 23 39 17 31 19 12 4 -14 23 5 -28 -13 -27 -13 9 26 -6 22 -15 -5 -32 -14 -5 -67 -15 11 31 25 -2 -20 19 18 11 1
-4 23 37 26 15 0 24 8 -21 32 -18 -14 9 -38 -11 -9 6 48 11 -1 20 -28 -9 -3 9 -9 18 45 1 5 0 13 -22 0 18 8 1 35 0 -4 -5 20 11 -15 -25 25 12 -8 10 7 -4 0 6 11 -29 1 6 5 -6 8 35 12 -7 18
-8 -13 -38 8 -4 6 -16 31 -45 11 -19 -23 -11 -21 1 8 -25 13 -1 -38 3 15 -24 -56 8 -53 -11 -24 1 -30 -26 -23 -47 -52 -19 -28 -17 7 14 -5 -32 -31 -30 -24 42 21 -1 15 8 -15 -19 19 11 -33 -58 -29 8 4 2 21 -18 -4 -18 -7
29 -1 5 6 22 -27 -15 -41 54 6 -13 -17 -27 -26 -3 15 -39 -14 19 -2 -4 -23 8 -8 -62 -10 -58 8 -44 31 -46 -22 -17 0 -1 11 -42 -16 16 17 -4 -23 8 -14 22 19 4 4 -9 -28 -6 -12 -48 -8 -36 18 -11 -8 -9 -6 -18 -31 -1 -12
-21 -13 -39 0 4 -54 5 -35 -26 4 33 20 16 10 -17 7 11 -58 -34 -8 -4 -14 27 17 -15 12 -25 -14 -25 -6 -37 42 34 16 -44 18 -11 -25 -5 20 -4 2 4 -13 -5 15 44 -33 -42 -33 -8 -57 -35 0 19 25 -21 -26 -24 36 27 -4 44 -4
29 15 30 31 9 41 20 11 16 -15 7 11 14 -4 -33 19 7 3 32 -4 36 -25 7 -32 -2 8 13 43 40 -10 -15 4 29 26 27 -5 -25 11 16 4 32 24 28 18 35 -6 41 15 19 61 21 41 -25 -18 -4 -26 40 -11 27 2 22 -26 20 12
-5 -31 -33 -33 10 -16 -31 17 -38 -13 -2 -7 -43 -7 39 17 10 5 -34 23 20 0 -16 3 44 28 15 56 7 -9 -11 -34 -10 -73 15 -17 -11 16 -1 5 7 13 -4 3 -8 68 -4 50 -23 -12 -44 27 -16 36 -22 30 -4 6 25 25 19 -4 29 32
-29 2 -22 -6 -35 -7 -6 -15 -16 12 19 1 -56 -9 -1 -3 -42 -6 19 -13 -17 -7 -9 -10 14 -29 -31 -2 -26 23 -11 -38 -51 10 -4 -11 2 -38 -50 -52 -25 -53 -19 -41 -6 8 -35 23 -4 -17 -24 -13 -6 -50 25 6 -15 2 -24 -12 -6 -15 -24 -24
14 -4 -12 1 31 5 18 -9 -17 -6 -33 -34 38 -25 -31 7 -3 5 -33 10 -31 1 6 -21 -21 -28 -31 2 -24 -25 -37 6 -30 28 15 37 -3 16 16 -24 -2 21 14 4 -17 -14 -14 8 -6 -4 -10 -13 2 -2 -23 -22 -28 -17 9 -4 -10 -9 -10 23
-35 6 25 17 -18 13 9 44 -37 30 16 11 -3 -40 -16 6 -30 -16 32 -5 26 11 20 23 5 61 11 28 19 45 28 58 7 6 14 2 5 2 14 -7 44 10 17 -6 11 -2 44 -9 1 19 -1 11 42 11 14 -12 4 26 -2 16 17 33 39 -5
14 25 -27 10 19 -45 -7 23 -13 35 52 -30 -28 -10 1 35 -8 28 17 12 51 -11 29 25 22 20 10 -36 37 45 13 26 -18 -18 37 22 -35 9 2 13 -1 -30 -29 14 30 -10 30 29 -13 -4 -7 29 -2 -16 28 33 -15 50 3 -21 -30 18 26 19
14 37 -1 49 10 21 10 11 23 -14 10 2 -1 16 -5 -4 3 -3 4 20 32 1 -3 34 -4 36 7 -26 47 -1 40 70 15 37 41 13 31 1 13 29 2 -17 6 1 7 -3 45 10 29 12 4 -7 4 28 37 17 29 -15 54 -24 21 -17 27 44
7 -4 12 32 34 -14 30 1 -25 -1 14 -7 -6 -12 34 3 3 -12 20 0 12 -40 5 11 21 5 -9 -15 -14 3 -11 -6 24 13 11 12 17 -22 37 58 -2 -28 -22 -2 10 0 51 10 -5 -12 21 -9 22 -1 7 23 -6 46 -5 29 11 5 -5 28
27 34 -35 30 20 -43 -12 12 -3 -12 18 46 -21 8 -2 30 -70 3 1 11 -1 14 10 27 49 -38 -9 -19 -4 17 11 30 -14 23 -4 -17 -5 12 30 -1 8 50 -11 46 -4 11 -37 -16 -6 -19 -21 -5 3 -28 12 20 37 -11 10 19 41 14 11 -6
62 37 54 13 21 29 21 51 -1 42 35 44 8 28 22 45 44 38 5 18 53 0 12 51 41 16 16 8 47 17 35 21 21 18 63 -5 33 33 -3 43 -7 65 34 21 26 43 5 20 48 4 32 31 19 16 75 46 17 15 4 24 -12 60 60 24
8 16 8 27 18 72 36 42 33 21 36 19 39 45 30 32 85 29 26 28 -18 18 39 40 54 51 38 29 28 -6 78 -5 16 29 18 31 39 39 30 19 37 26 67 -8 51 -13 24 -2 -16 23 12 51 38 8 -11 14 41 12 16 16 33 25 27 63
17 27 16 35 14 46 10 22 13 12 17 48 28 13 11 18 -38 22 61 8 24 -17 51 30 26 -30 20 5 29 1 24 -1 -7 19 27 18 7 28 7 -39 -17 26 -13 35 14 -9 48 50 -21 19 33 29 33 25 -12 -5 10 33 8 -24 -7 -1 8 -9
21 7 -17 -13 14 9 -11 38 -46 -11 -5 22 27 14 -28 -8 -61 -6 -6 -37 -18 -28 -2 23 6 -20 -4 -18 35 -37 22 -32 2 -10 -8 -15 -9 -27 4 -7 -33 35 12 -19 13 8 -18 13 -18 -16 -3 -10 -10 -1 0 -10 -45 -15 5 -9 11 15 -2 -19
-27 0 -23 -35 21 -2 13 -17 -11 25 -20 -10 -19 -19 -17 -15 -45 -8 -30 6 -21 1 21 -11 -8 -18 -50 -25 24 -21 10 33 -15 -23 -31 -15 -8 -13 -35 18 -24 11 -30 20 -9 16 27 -9 9 -9 -3 -24 -23 -25 -39 -5 44 -5 -18 37 -21 -5 7 13
0 50 -14 -7 -5 -39 -16 36 -14 21 19 -27 6 -4 45 -13 -23 39 5 -35 4 3 -5 -21 -25 9 0 -6 -30 -7 -18 17 15 -16 -7 0 -3 -33 20 -9 11 27 48 23 26 38 -62 15 -15 -54 27 -19 -26 28 -11 21 13 3 -2 -62 -27 81 5 -37
-12 -19 -12 -11 21 -8 -28 14 19 -13 -14 26 5 37 -7 -4 33 -3 -9 22 -29 2 -23 -4 -4 -40 -31 9 -8 -13 -17 18 -7 -33 -11 -27 -7 10 2 -26 -53 -11 13 9 18 2 3 27 -3 5 32 -29 10 -16 -11 -31 21 -23 -4 -18 18 -5 -14 18
33 -33 -82 -64 -35 -35 -34 5 -27 -63 -39 -39 -26 -35 -12 -30 -28 -25 3 -14 -10 -53 -43 -45 -29 -9 -8 -29 -25 -39 -30 -21 -39 -57 -25 -48 0 -33 -13 -61 -37 8 -16 2 -9 -27 -55 -29 -73 -19 -42 -17 -45 33 -34 -2 -13 -19 -9 -38 -37 -10 6 -7
32 4 19 38 16 1 58 33 52 50 39 7 12 24 16 -2 -6 21 4 26 20 44 39 37 -2 21 15 29 8 33 10 -7 30 -4 18 40 68 8 -13 16 99 47 42 7 11 30 6 8 17 14 29 33 19 36 29 51 34 65 -2 54 8 40 40 9
-12 -6 -1 19 -14 -13 21 -19 -18 -17 -22 -53 -27 -6 -19 -4 -20 -22 -27 6 41 -28 -10 -14 -35 -66 -12 -51 -3 14 -14 -8 27 -5 4 49 9 -17 4 -19 7 -25 -24 -24 -10 1 24 -17 15 -5 -19 -26 -49 -21 -34 -13 1 23 -13 -41 33 -2 -19 -17
26 -5 -4 -26 -17 17 38 -29 0 -40 -15 12 9 12 -1 -10 -3 -19 9 -28 -18 -40 22 -5 5 -13 -25 -32 -30 -22 37 -5 -3 6 -13 -8 33 -14 -12 6 -41 -2 9 8 -42 -22 -18 13 -22 -5 26 26 -20 -24 -25 -9 -11 19 16 -18 -10 -10 -41 18
15 22 7 40 -13 -16 -2 41 5 31 17 8 67 22 59 19 66 41 -32 21 52 59 -38 5 24 10 49 49 42 -11 33 4 26 -8 30 13 6 43 2 67 47 33 17 36 21 34 -8 11 62 -20 26 68 -13 13 15 31 23 -17 44 54 -5 29 22 27
39 35 28 18 33 -21 31 17 64 28 -1 -1 27 20 25 39 4 -14 10 8 2 11 22 1 22 2 33 69 7 27 12 33 20 19 25 45 25 6 41 48 54 39 0 34 39 41 15 26 13 63 36 25 24 27 79 60 23 53 63 51 33 1 33 22
18 10 -27 25 28 -14 -31 3 -10 24 -7 -11 -50 37 -32 19 -26 -17 -12 20 -13 3 -33 -4 24 39 -45 31 36 7 -23 8 2 -12 41 -47 11 -8 12 20 -16 32 -13 7 -25 -28 -7 -9 -22 -31 -13 -12 10 5 -4 19 20 18 -31 28 9 18 3 10
-9 6 8 -5 13 12 -21 17 13 -9 13 18 -8 27 29 -7 -30 21 37 21 31 -14 0 -26 3 -3 26 5 7 -4 -6 2 -42 28 6 16 12 7 48 3 7 7 -19 -20 9 31 6 -1 -10 -65 6 -13 19 13 16 -4 11 -20 -16 -2 7 -22 -11 7
71 10 -14 37 40 9 -11 10 14 5 -9 39 19 10 -22 12 -37 3 15 24 -29 -8 -1 16 8 33 20 -13 23 28 24 49 16 14 35 -22 55 -15 51 6 52 11 19 -8 14 0 26 32 11 11 15 12 28 53 -13 43 11 2 -11 -20 11 -2 -19 4
15 11 16 -11 -9 14 31 17 -20 36 -16 -9 19 -24 34 28 -34 -2 46 2 21 17 7 37 16 8 44 31 -14 29 2 -19 -7 14 19 4 31 26 17 13 19 -8 24 -6 -3 -1 -13 -16 -3 7 13 -13 34 6 -11 0 12 10 -1 37 9 37 -2 -2
-18 -3 -10 -4 -12 -23 20 12 4 -22 18 -4 -19 -11 6 -50 33 11 18 -9 11 -4 -6 -36 -16 13 -17 -23 35 13 36 -7 1 -5 -3 -56 -44 4 -29 -13 -4 15 -3 2 36 27 8 -2 8 25 18 -29 -44 -8 -15 14 11 -16 -15 3 26 -8 25 10
16 -20 52 2 5 -9 -41 18 -7 -1 2 -7 -6 -5 9 -19 22 -17 24 -2 -9 -1 -19 -26 12 14 11 27 -9 -15 -28 6 18 -25 -23 -25 -15 22 -31 -23 -6 6 10 16 27 -29 12 6 -20 -6 3 -15 14 21 -36 -39 31 -21 15 40 -23 -14 -14 16
3 -25 -21 -17 -21 14 1 -23 22 22 7 30 -37 7 -11 15 -21 -4 -6 20 24 43 0 32 6 10 -18 12 -11 23 6 -8 3 -20 -15 -7 7 -9 -26 -24 -10 11 5 19 -22 -9 18 -3 -29 3 -18 16 13 -5 9 10 -2 8 -50 19 9 19 8 20
3 -11 -43 21 9 23 29 -2 -22 -20 9 33 16 6 -6 -7 -22 -4 -9 16 -20 25 -1 57 8 12 30 1 27 0 6 12 -20 8 -25 -20 34 13 21 20 -24 -6 34 -11 -26 24 15 -26 6 -3 -15 -4 0 -44 20 16 17 -1 20 22 1 16 3 -10
15 59 -28 16 9 -26 4 38 29 50 19 16 28 43 23 16 -3 49 8 27 6 5 39 0 35 39 -11 1 42 -7 44 13 22 23 -1 1 32 10 68 32 0 50 51 12 5 28 12 19 49 14 70 46 45 30 14 7 5 21 -11 15 32 50 25 12
-54 -49 7 -30 -2 7 -7 -39 10 -16 -12 -31 -22 -20 -14 -9 -5 3 -4 0 -12 -13 -15 3 -38 13 5 3 17 -41 -22 -22 -29 -43 -37 -3 -12 11 -27 13 -4 4 -11 -4 -50 -19 -19 -7 -8 0 -31 -20 4 -3 -6 -38 -27 1 -30 -2 -9 25 -34 -18
11 49 1 66 53 16 32 26 12 1 49 26 11 43 0 0 13 54 5 67 46 34 8 53 25 51 35 39 23 21 28 31 -19 16 26 35 20 30 52 54 17 24 8 32 45 33 62 6 54 33 52 6 22 19 36 39 21 62 42 33 27 28 -5 41
24 19 -15 -1 54 25 78 24 -3 -4 -9 12 17 5 15 44 45 43 34 28 39 67 -18 -25 34 20 8 -10 57 30 31 -4 31 11 3 -9 -2 -5 55 43 38 7 30 -11 2 39 -27 26 2 15 4 19 6 -14 6 28 4 29 -7 62 34 28 16 30
3 -4 10 -33 48 -15 3 -19 -30 14 -43 -11 41 38 -7 -26 -3 -21 -8 -4 -17 -12 12 16 -20 -43 -1 -14 5 31 24 0 55 17 8 -39 -21 8 13 -13 -7 -15 15 -1 -7 -6 1 -2 33 8 -22 0 14 23 -23 -6 10 -13 0 -46 7 9 -16 -21
49 13 14 -6 14 37 34 3 29 47 6 -18 29 24 -17 26 30 -4 28 40 14 35 -10 12 -18 19 42 5 -10 85 26 25 32 3 52 -12 19 -10 66 -2 15 23 23 -6 21 15 12 -5 16 -4 28 46 49 -19 19 12 62 36 60 15 14 7 -8 34
2 -21 1 -67 -15 -39 13 0 -53 -34 7 18 -22 18 21 -18 24 -22 -14 -26 -6 25 -16 -13 23 7 -25 -37 -45 -38 -14 -28 -4 -19 -15 -18 58 -12 -51 1 15 2 -16 -1 -33 28 -19 -34 11 -28 -16 1 5 -38 7 11 0 -33 -22 -9 -13 8 43 23
-39 30 4 -28 28 -4 6 -49 10 4 -22 -22 -24 17 -62 -8 -51 -45 -7 -52 -60 -34 -19 5 -18 -6 -17 11 15 -40 -22 -25 -70 -13 -34 -17 -10 -32 -8 -7 -10 -45 -23 -81 -17 -8 2 -51 15 -37 18 -43 -1 10 -14 -17 -3 -27 1 -19 -44 -6 -15 17
16 -4 -29 -39 11 -15 13 -9 -31 -12 -23 -32 45 53 9 -21 13 1 -36 -5 -32 11 -12 -11 -38 7 4 8 -29 14 34 -4 -15 9 11 0 -42 14 6 -45 -11 -5 12 -18 4 -8 -12 -8 -2 -21 17 26 -9 22 -41 2 -20 -3 -6 5 -2 -6 -21 -22
-5 -7 -11 -14 3 3 48 -9 18 11 8 44 -9 -5 27 -8 -12 -22 -3 3 -33 18 -5 19 24 6 1 11 6 61 -12 -15 -13 -14 1 51 5 28 -33 -2 -7 18 -11 -8 -16 -12 28 14 -10 5 26 10 4 -29 17 42 -17 21 -2 -12 22 9 38 16
30 28 -10 56 12 31 10 32 -27 35 -20 -7 13 -8 6 -8 -2 5 -15 47 33 15 9 -2 -19 28 49 8 15 -1 31 -1 13 7 54 -3 39 48 14 10 36 1 39 -15 1 -17 14 -17 20 -20 34 46 -9 22 -13 -3 19 10 -52 -7 -7 44 13 39
28 -25 4 -4 2 -10 -5 -3 8 -3 32 6 11 43 41 12 42 1 -2 -11 45 62 20 19 46 23 -33 -15 -38 12 54 20 36 -3 9 2 8 15 -2 27 2 0 8 6 -21 13 35 -1 -30 -36 14 -4 -9 -10 10 18 12 -8 6 23 -12 8 25 54
39 59 17 18 31 -15 12 34 -5 16 84 29 30 -3 28 51 14 37 24 33 1 -2 2 -16 36 4 44 -15 52 41 16 16 32 11 29 24 -9 32 -5 47 0 -4 6 46 19 -3 -6 19 -16 31 25 8 7 0 -1 30 -4 46 35 -13 18 -4 6 31
48 9 52 9 14 -13 21 10 51 36 10 -2 34 25 29 40 2 32 45 18 43 -13 8 6 -24 17 -22 26 43 -32 23 56 6 17 15 -27 18 22 30 19 53 36 11 14 4 52 40 33 21 13 2 23 41 24 25 3 64 48 17 10 2 -13 4 -56
32 -14 -8 4 -21 -11 29 3 39 32 18 -5 -7 30 -34 35 40 14 6 13 32 23 -40 9 30 33 12 0 34 0 51 31 42 6 15 9 -2 36 7 26 41 27 26 5 -24 17 -21 -19 11 0 9 -32 -2 -7 18 33 10 -27 6 31 17 20 5 17
4 5 14 -54 -4 16 -15 -13 -13 -13 -9 7 0 10 16 -6 -29 40 21 31 -12 20 -4 -32 18 10 15 9 45 -38 45 -38 10 20 -11 12 21 -14 -12 -27 4 6 20 53 -2 7 -77 8 -2 17 52 31 -15 14 -16 17 41 -13 -18 -2 -18 24 -7 17
-48 -4 -17 10 -61 -12 -19 -32 -50 -5 -7 -25 30 -32 -30 -15 1 -20 -18 10 23 -15 -30 -30 -42 -3 -34 6 -12 -17 -48 -12 14 -7 7 8 -21 1 -6 -21 31 30 13 20 -31 -24 2 -24 0 -22 -13 -33 -16 -6 24 -14 -20 -24 -9 12 -18 -38 8 25
59 -36 -8 -1 -7 7 -23 -24 -28 15 -5 -10 -2 -11 -43 -6 11 -15 -21 -42 -70 -37 -10 -55 -77 8 -59 -18 -29 -62 -6 15 -22 -26 -31 -70 -11 -36 -31 -57 -37 -58 -11 -2 -12 -30 30 -3 3 -49 -34 -1 -7 -33 -53 -64 13 -62 -43 -59 -18 -73 -36 -56
8 -15 6 -38 13 0 -23 -24 -12 3 -26 -15 -48 -29 5 -27 -39 0 5 -20 -13 -9 17 -19 -53 -1 42 19 0 -4 -33 -33 -57 -44 -32 -34 -8 -18 -18 1 -39 -12 -7 -13 -10 -37 -34 -15 9 -7 20 29 12 27 -42 -12 -5 -36 -5 17 -23 -16 -1 -29
-12 -20 -46 27 -24 -9 -12 -8 -10 -18 -10 -3 -15 15 -10 -22 -54 8 -27 -34 20 11 -10 15 28 -52 -17 -37 7 -72 1 12 -28 -26 6 -4 -13 -41 -12 9 0 -32 -18 0 -11 -34 -5 -27 0 -51 -46 -31 -37 -10 0 -2 -21 -41 -35 22 -31 12 -34 -2
43 -17 11 18 3 -12 8 -34 36 -2 12 -20 -7 0 20 19 26 -9 42 0 -5 18 -12 -19 2 -31 13 5 3 36 14 26 -25 27 22 -20 -8 38 1 -9 -10 -27 -7 -25 -13 -3 16 -7 11 -3 0 -12 5 -10 -15 20 18 31 24 -7 38 -35 1 17
35 -44 -38 -24 -18 -6 -16 41 13 -35 -39 12 -14 -8 -5 -10 -20 -16 10 34 4 -8 -14 2 2 -35 33 5 17 -30 38 -30 -24 5 -13 -55 -12 23 -39 4 12 -3 -5 -21 4 -16 17 -25 -14 -10 -49 -3 -23 -10 -37 -36 4 -26 -25 -17 20 -31 -27 18
1 -22 -24 -44 9 -20 31 -32 -12 -5 -51 17 -1 1 24 9 -67 -25 -4 -12 -42 -10 -43 -11 -10 -20 16 -7 -29 -3 -13 -22 -52 -53 -59 -5 8 -1 40 -36 -34 12 -52 -45 -2 2 -63 -46 -44 -37 21 30 -3 2 -17 -26 1 -37 -3 -12 -51 -25 -16 17
0 2 1 10 -19 33 12 11 21 -1 -34 -11 11 -29 57 5 -28 -15 35 22 -1 8 39 4 18 -8 27 0 -10 26 -16 13 -8 50 5 30 28 14 25 35 32 29 -5 34 -14 10 -9 -13 37 28 76 6 27 4 27 -37 8 -2 12 22 10 33 7 17
-5 -11 -8 -34 32 39 -4 -2 -6 26 -23 9 30 12 -38 -3 -3 -17 9 10 -36 -21 19 40 1 27 7 43 29 15 12 14 37 14 -50 -15 41 -13 37 -32 30 11 -10 22 8 26 37 19 -23 -6 -12 48 5 37 8 11 -5 5 15 11 9 28 -32 -11
20 14 -3 53 15 28 3 35 18 -21 -13 24 -43 -8 12 -1 45 14 53 5 11 18 27 -4 -28 13 18 -10 14 39 1 -11 -19 -7 -7 39 0 6 2 50 -8 24 -19 30 54 -17 51 44 47 12 -1 11 19 -7 8 17 50 17 -10 11 50 29 14 -17
-30 -82 -11 -63 -70 -69 -24 -63 -22 -21 -55 -47 -72 -3 -41 -33 -10 -54 -28 -54 -64 -51 -81 -30 -2 -64 -35 -17 -104 -40 -77 -34 -55 -56 -48 -36 -48 -10 -37 -46 -41 -45 -41 -44 -41 -41 -11 -53 -54 -37 -48 -2 -73 -43 -5 -51 -25 -43 -88 6 -88 -29 -61 -28
63 25 16 -2 8 21 51 8 7 48 38 21 11 21 39 37 23 17 26 19 -24 19 14 21 5 44 8 26 12 27 80 25 3 54 -12 8 28 31 23 60 0 50 57 -14 27 45 62 6 18 40 -11 16 28 26 15 33 23 22 26 41 39 39 7 26
-4 -9 4 -15 -34 24 1 19 24 -22 11 13 -34 -9 -48 -16 -25 13 -32 -12 -17 15 -21 -7 -1 12 -4 -4 16 -40 -3 -23 -35 -14 -11 -25 4 -12 5 -27 1 -4 12 -14 -8 -2 1 11 17 -32 -39 7 -36 5 -11 5 -23 -14 -43 -41 5 -4 -48 33
48 33 -24 18 4 9 -12 -14 14 20 24 3 -32 27 -41 24 40 34 -14 51 36 9 7 17 -68 57 5 -10 9 20 23 30 6 -17 -1 6 74 24 18 43 20 9 -26 26 38 24 32 -1 -26 12 44 13 41 50 24 -13 32 23 21 -5 1 -5 19 -35
26 2 7 -26 -6 34 1 1 -25 -12 -20 16 35 17 7 0 24 10 23 4 -28 16 -11 31 -32 14 7 -20 -15 30 66 -2 11 3 17 12 22 -22 8 -29 13 -40 20 0 0 2 9 2 10 -8 -8 59 51 27 16 12 6 0 67 -30 5 -28 -2 0
4 -19 -20 4 42 -6 16 27 -18 -7 -35 -24 -33 -58 6 0 0 -11 -36 -19 -29 -21 4 13 -12 -27 -20 3 -34 -28 -12 14 9 -66 -27 -31 -11 0 -5 0 -11 -24 -4 -35 -12 -10 -5 -20 -14 -13 -58 14 -12 -10 -28 -21 -3 10 3 -2 7 17 -11 -16
31 12 -6 6 21 35 17 0 11 -1 15 6 16 -12 27 8 13 -10 34 -6 -10 -18 17 35 -6 19 -31 -21 32 -9 54 27 33 -13 25 15 -2 15 4 27 -2 9 -7 8 22 8 26 11 25 -22 16 -4 35 10 15 -4 26 10 10 -62 9 10 4 26
-4 0 -3 -1 -16 -59 -15 -31 5 -3 -24 14 10 -6 -12 -39 -2 -31 -32 -21 -45 -25 -14 -50 -12 -27 -13 -38 3 -5 -4 -14 -8 -1 -51 16 -21 -26 9 -32 34 -18 -1 -18 -28 -8 -47 -61 -31 -51 24 -29 -40 -25 33 56 -56 -33 -44 -73 -50 -10 16 -37
24 28 25 0 -3 -1 -48 -4 24 -11 -21 26 52 -15 27 -8 29 0 -24 25 -3 0 12 -33 -8 -15 20 -8 -27 5 -17 6 12 23 41 25 -3 13 7 -6 50 7 17 -13 -12 31 -7 41 -11 43 27 16 -24 12 7 11 27 -23 26 30 -12 -4 -5 -9
26 -20 18 -31 -22 -2 -26 -20 -31 -2 11 16 -3 20 16 -5 -6 -5 14 -11 -32 14 -17 -26 -12 9 -5 -8 12 -22 17 -12 -3 -49 -5 -41 -2 9 -60 -4 -29 -34 18 -30 -14 40 0 19 34 -19 29 17 25 -53 -12 -6 -8 -25 -6 43 -41 -7 -18 -21
38 -3 40 2 37 18 8 22 5 17 -5 8 -9 -9 17 9 12 1 19 5 16 23 9 54 43 1 14 25 4 -6 2 7 13 -33 24 9 55 -13 38 2 36 22 38 4 31 12 15 54 2 -5 -10 53 0 35 74 30 17 8 20 48 23 85 45 28
19 28 9 2 39 -20 28 -4 11 4 44 -17 36 32 -12 27 -22 56 -13 -34 15 29 39 33 17 -7 -32 -4 -20 -33 -7 14 -7 42 26 6 16 -14 -15 -16 10 12 33 17 34 29 22 47 5 -6 -4 -11 0 -2 -2 -10 -9 9 -7 69 11 18 12 14
-33 -22 -11 -70 10 -15 -32 -20 -21 -23 -28 -19 -38 -26 -17 -7 -37 -40 -27 -32 -33 -23 -14 -27 -26 -22 -9 -45 -4 -37 -39 -1 -13 -22 -45 -25 -16 -73 -14 -17 -69 -43 -26 -70 -60 -28 -33 -3 -20 -57 -29 -18 -57 -34 -36 -64 -46 -29 -30 -8 -7 -10 -34 6
-28 23 -16 -14 -25 -12 14 -13 14 -17 -14 13 -54 -17 -2 -14 -17 -16 5 -26 -4 -2 -43 6 -13 -45 18 -2 6 25 -11 -35 -23 -25 -7 -31 -11 -42 -29 -14 -6 -17 -10 -29 -18 -40 -5 -24 -30 3 -47 -17 -25 1 -16 4 -4 -26 -6 -11 -20 -25 5 -20
1 13 27 -16 14 -54 23 -49 28 -20 15 23 34 2 -1 -28 -11 -2 2 -13 44 10 -11 27 37 16 -13 9 27 21 13 -39 22 -51 -14 -32 20 2 -57 18 -20 32 27 27 0 -17 0 -39 2 -15 -31 45 32 -19 16 -1 -7 -27 -3 -58 15 -9 -1 4
30 12 6 13 15 3 34 -5 -25 -7 -4 -15 -1 13 -17 5 -23 -8 6 -23 -5 14 25 9 -19 18 20 22 30 -13 -27 44 11 17 -10 -31 -22 -24 24 -7 3 20 19 -30 -23 9 2 18 -17 -13 -11 32 33 -34 4 -32 -18 33 28 -29 14 17 -42 -22
4 -19 -5 -2 -18 12 31 1 -36 8 -8 4 -8 -3 -14 -6 62 9 28 -9 -5 -40 -4 -51 4 32 -5 -18 25 -24 5 37 -2 20 -34 -33 -52 -47 -40 -4 -12 -14 24 -46 20 -36 21 -16 -19 -36 -17 -13 -1 -5 -40 -1 24 -13 -16 -43 5 -10 -13 -1
6 4 -1 27 29 27 22 -16 3 27 45 15 29 -6 24 -6 -38 10 27 4 -5 12 8 29 -13 -6 -33 28 12 -13 7 47 17 -18 22 -20 -21 -11 -4 -8 -38 -16 -6 -2 23 3 45 4 19 -9 11 31 -1 -27 -10 2 14 24 -13 -1 -27 -8 2 -10
34 25 -6 2 35 -18 -20 17 -9 6 5 -13 6 21 -62 29 -23 14 14 41 -3 -30 -8 -12 -9 -52 23 33 20 -1 -41 -27 -11 -20 -2 -14 -30 -1 -13 3 27 -1 -24 9 27 1 -48 -11 -4 -54 8 -13 -9 -35 5 29 -14 -36 39 -8 8 -27 -21 -43
13 43 -29 -7 31 -38 25 -32 -54 29 -24 -38 -14 14 -59 -7 2 -6 -39 15 18 -52 4 -52 -4 -3 -29 -55 -13 34 -32 11 50 32 15 -16 4 30 -26 7 -13 -7 -5 20 1 -23 23 19 -34 15 36 10 42 0 -22 5 -1 -14 -48 -66 -16 8 -20 5
-42 11 8 -16 3 37 -11 -3 3 -28 41 28 14 -40 -24 -1 18 -21 -7 0 -8 -47 -14 -22 -7 -36 -26 15 2 2 -76 -20 -40 -32 -4 -34 -27 -5 -10 -12 -52 -25 -15 32 -23 -33 -50 2 -50 0 -31 38 -18 -17 15 -21 -21 1 -13 -42 -29 -13 2 -32
-19 24 -16 7 12 2 27 24 39 29 35 16 40 -15 9 -22 37 26 3 -17 -15 22 6 26 -11 26 13 31 59 -13 11 44 32 -20 -5 29 11 0 -1 28 19 1 -6 -6 10 18 12 17 21 13 33 14 33 -18 23 23 2 0 11 44 13 6 -15 16
1 3 -15 36 20 6 -2 -30 4 2 20 10 -13 36 -15 -10 -3 11 16 7 61 24 -3 27 -8 11 -6 0 4 -7 19 23 -13 47 17 -18 22 -30 -15 -22 -12 2 39 -30 -8 -6 16 -2 -22 -23 20 9 9 14 5 -34 -14 -19 18 -18 -1 17 35 25
-15 9 -35 -20 8 6 53 -23 4 -14 -52 -33 27 -28 -34 -30 14 -39 3 6 -28 17 -18 -11 -34 -24 28 -38 -6 -28 2 -39 0 -9 -13 -33 3 26 -10 18 -19 -15 -2 -6 -22 -28 4 38 -27 3 12 2 1 13 -3 16 -8 -16 -6 -20 6 36 -9 -25
-28 -14 20 -12 -2 -44 1 -65 -19 -15 -43 -38 1 -10 -3 -21 -29 -23 3 3 -3 -55 -17 3 -13 -28 -48 -30 -31 -43 -49 -11 -27 -21 -37 -13 -40 -40 10 -11 -21 -23 -13 -24 -51 -14 -42 -95 -29 -49 -1 -12 -11 0 12 -42 8 -35 28 -29 -34 19 19 9
41 1 -26 10 18 19 18 27 -12 39 25 24 -32 15 14 9 -52 -2 2 0 15 29 41 52 -12 41 13 -9 19 -15 27 9 -12 18 0 3 8 19 10 5 -32 14 -19 15 21 21 61 13 51 26 48 -3 23 6 -14 27 0 30 2 6 0 20 18 47
-42 1 20 -13 -45 -62 -32 7 -21 15 -12 -52 -29 -28 -33 -22 -29 -26 -63 -17 -9 16 -80 -26 -5 -2 -33 20 9 29 -53 18 -18 -15 -31 1 -40 3 11 -27 -2 -54 -54 -37 -9 -30 -34 -60 -38 23 -19 -9 1 -25 7 -10 -28 -20 7 -29 -6 -77 -32 -11
-28 -3 33 8 -64 -30 -24 -33 -18 5 34 14 -8 19 20 -5 -22 -11 -32 -29 -30 37 -1 -48 -49 -20 -23 28 -36 -16 -17 -9 -17 47 -19 -20 -22 -35 -4 -52 -33 -36 11 -26 -12 -22 -4 33 22 -2 -31 -20 15 -46 14 -8 12 -6 -49 4 -32 -54 -13 -12
-35 -6 6 -6 -57 -20 16 16 -54 -16 17 -5 17 -22 -17 -9 -38 -50 17 -18 -18 -24 -41 -54 8 -34 2 -9 -7 -18 -58 -31 -52 -10 -77 -3 -44 -28 -69 -18 12 -27 -20 1 -37 -16 23 -65 -14 -23 -3 10 -12 -38 -16 -51 -3 -28 -26 40 -34 -91 -16 -29
-19 14 15 4 34 -17 -11 38 29 -11 -25 -19 -4 31 -1 -19 -16 17 23 -17 22 5 16 37 42 18 -13 21 -7 14 56 3 10 16 27 -25 -9 8 2 -23 -2 -28 -6 6 -7 -15 12 12 -23 23 -2 22 4 -41 34 41 44 3 37 13 -8 33 5 -54
1 -4 35 20 -5 38 22 -22 11 -60 -31 24 3 -34 -14 -39 4 -50 -61 -49 5 -16 -11 6 -2 -23 -36 -36 -22 8 7 -18 14 7 -2 18 6 -20 -24 29 32 -34 5 -23 6 2 29 19 -30 24 -8 -29 -20 23 40 4 -20 20 7 -9 -30 -27 15 31
-5 -28 -50 -15 -8 -28 -52 13 14 -16 9 -7 -15 36 -37 -36 -46 -35 8 -47 -19 -46 -1 -18 -18 -9 -6 24 -35 23 -16 -25 4 -28 1 1 -5 6 22 -6 -7 -27 36 9 32 -22 -19 22 -6 -22 -30 -7 -22 4 -2 -6 -35 -17 -20 22 24 11 20 14
-14 -32 -58 -60 0 18 -13 3 6 -28 -27 -33 -44 -38 7 -18 5 1 -18 -22 -48 -21 -40 -21 -65 -23 23 -15 -51 -16 -56 -4 -58 -91 -43 -17 -34 -25 -25 -3 -35 -52 -62 -32 -20 -36 -66 -30 -29 -67 -7 -44 -54 -26 -58 -21 -31 32 -26 10 -38 -5 -18 -25
-1 26 14 11 -39 -7 -34 9 17 -29 -1 7 8 25 -13 27 -12 -55 15 9 -13 -3 -41 7 41 22 20 8 13 13 8 -32 -12 1 -36 -5 -11 -27 -12 -39 2 -36 -21 -1 -29 -4 -18 -43 6 -12 -10 -9 -11 36 53 31 9 -24 29 1 5 -29 -6 -20
10 -10 -56 24 27 -16 -25 3 13 7 6 -31 22 9 -9 13 -13 34 -21 -10 34 25 27 -20 30 14 1 -8 32 -16 -31 21 -11 -32 -6 8 -28 24 64 12 10 -27 14 -38 17 37 25 -1 14 -40 -39 10 7 -4 6 38 33 3 23 27 -3 22 22 73
-18 17 21 2 -4 -32 -56 -1 7 -24 28 -30 -28 -22 -13 -15 -10 6 -16 2 -35 -19 2 1 20 -47 9 -45 4 -24 -11 -6 21 7 -6 32 -11 0 -32 13 -2 -22 11 8 -3 3 -24 -67 -5 -36 1 -38 -13 -4 -15 -29 -32 -9 -17 23 -45 23 -21 -23
-28 -37 6 -15 -47 -22 -36 -36 -31 -35 -45 -66 -28 -63 -15 -26 -47 -32 -26 7 10 -30 -44 -40 -21 -47 -54 -33 -13 -16 -40 -20 -47 -32 -45 -49 -25 -19 13 -70 -53 -1 -24 -40 -30 -35 -16 -37 -22 -47 -7 -17 -45 -6 4 -69 -33 -12 -15 -38 7 -50 -10 -5
28 38 7 -17 -1 12 9 30 33 31 15 42 35 24 19 35 42 18 -1 -4 14 13 28 24 -36 -10 -12 -34 16 23 -8 31 31 10 36 15 58 -19 -6 74 9 -12 23 -11 34 28 12 9 -8 34 21 -4 45 20 19 10 12 -8 -5 -13 -15 14 27 14
-6 3 -10 26 -49 -36 -19 -16 -17 -30 -19 4 -11 -63 -16 -39 -23 -25 -38 -25 -22 -37 -29 -16 -73 0 -2 7 -43 -27 -69 -1 -2 -28 -34 -54 -2 -21 -36 0 -9 -41 -31 -64 -1 -19 -34 -11 5 -11 -20 -49 -4 -49 -41 -18 -48 -57 -28 13 -8 -19 -45 -59
-31 -24 8 0 13 15 -37 24 -27 6 -39 -46 -18 -1 -32 -48 -17 -9 -28 -36 -66 -17 -3 -3 12 -46 -24 -42 -30 -1 2 2 -25 13 -20 -15 -26 13 -15 -29 -37 -3 -29 -17 -4 -38 -32 -32 -16 -27 13 -7 -16 1 7 -19 -17 -9 -9 -14 -6 10 -56 -32
-58 36 -36 -27 -42 -38 -5 -24 -20 -6 17 2 -14 16 1 12 27 -20 -11 -22 -9 -39 -13 -19 35 19 6 -21 -16 -17 5 -66 1 -35 -12 14 -30 -51 -2 23 -17 -50 -11 -16 -32 7 -11 24 -22 -18 12 -10 -24 -41 12 19 -4 6 -32 -19 -5 -28 -23 -45
18 2 -50 0 -29 -1 -9 44 -28 4 3 33 -5 -19 -6 -5 6 15 6 20 2 -14 2 0 -5 31 -6 -54 39 1 -7 35 7 15 3 65 8 24 10 42 1 -17 -16 -4 47 3 27 15 30 -5 5 -14 -24 28 -9 -13 -16 -17 8 15 -10 12 8 23
20 4 54 2 24 15 -11 13 3 -10 5 39 -7 -8 -15 -7 25 25 25 3 5 22 27 19 -26 34 19 19 41 17 51 12 -3 3 37 40 35 -4 33 4 -2 22 4 17 14 -1 2 14 37 37 13 -25 -9 11 1 47 37 16 18 38 -3 28 -24 -14
44 0 -14 -19 -4 32 50 13 -25 2 4 -20 15 -16 -11 3 3 10 0 -11 -21 15 11 12 16 27 14 -6 12 14 -19 -34 -26 -8 -2 -9 13 8 -25 1 19 34 10 7 -17 13 -15 -4 18 5 32 26 -1 -2 -12 1 29 31 26 -31 -9 17 21 37
13 24 -24 -53 2 60 17 29 2 23 35 20 13 16 37 10 47 32 9 20 22 40 -23 11 41 31 13 18 43 -6 28 6 6 -31 25 17 -3 24 -8 27 -3 -15 19 38 44 0 19 28 10 9 -2 18 -22 2 -3 59 24 11 52 49 -27 24 20 52
0 -14 -25 15 4 11 -1 -9 -20 -19 1 1 -22 9 42 -33 -71 -19 31 -4 37 34 2 -11 -7 -18 20 -13 -6 -1 -8 -13 1 11 -9 -6 -34 -9 0 24 11 -38 -2 -11 -69 12 -9 -35 -16 0 -19 2 10 15 -8 23 32 28 10 -8 12 -10 55 27
-9 -43 -31 4 -36 -60 -43 -13 19 -35 -56 -2 -39 -48 -13 -13 -18 -30 8 -39 -5 -23 -19 -73 -73 2 -11 8 -97 -40 -59 -33 -64 -34 11 -36 -59 -31 -8 -43 -15 -39 -29 -80 -38 -6 -37 5 -8 -26 -32 -53 -41 -44 -51 -48 -12 -32 -30 2 -53 -46 -30 -81
-2 -25 -32 -49 -47 -7 -47 -73 -26 -24 -52 -52 -27 13 -7 -25 -1 -66 -26 -36 -17 11 -49 -23 -55 -37 -3 -30 -28 -32 -1 -71 -33 -15 -30 -19 -7 -34 -41 -16 -8 -72 -55 3 16 -78 -34 20 -15 -21 -10 11 -48 -17 -25 -40 -15 -30 -43 -29 -49 -22 -29 13
22 22 -7 2 31 52 57 14 9 47 16 -6 47 8 -2 49 43 7 51 12 28 12 4 -10 26 54 10 13 23 4 -10 19 40 -6 72 19 26 28 28 4 22 18 21 -9 -35 31 -2 23 29 -11 12 38 7 26 1 -7 30 69 48 20 25 -7 16 1
-65 29 14 -25 -40 -4 17 4 -24 -34 -17 16 11 -12 -19 16 -18 -2 9 -7 5 6 -41 19 -1 -32 -6 -2 -20 1 -63 -14 -21 23 -12 21 -6 44 19 8 -36 -22 -13 -10 -44 -7 -42 3 14 -9 17 33 6 4 20 -24 -21 -7 -10 -2 -3 -13 -15 -27
32 19 -5 23 31 -11 -1 28 -1 -27 -4 11 -29 -13 -24 13 -48 -21 4 29 15 -19 45 8 -24 23 62 -2 53 36 29 13 5 38 9 22 0 4 33 24 42 1 25 8 5 24 16 10 39 18 32 -29 5 37 52 21 -30 6 -5 8 33 37 -2 -40
-9 -21 28 10 18 26 31 1 16 2 -12 -27 6 8 -17 6 2 9 -12 24 -25 28 26 -31 -1 -1 -26 -14 -28 26 -42 -11 -31 -38 7 28 2 0 -12 -21 2 -16 53 4 40 -15 27 9 -22 5 22 3 5 -12 31 8 -37 -6 15 -40 -29 -6 3 -4
-35 -38 -44 -13 -19 -50 -54 -64 -27 -27 -21 -58 4 -1 -48 -45 2 -76 -42 -11 -33 -35 9 -42 -58 -49 7 5 -73 4 -55 -13 -34 5 -25 -26 -9 -3 37 -27 -27 -8 -22 -52 -70 -19 -19 -23 -51 6 -38 11 -12 23 -14 -7 -39 -53 -23 -37 -32 -20 -22 -38
12 5 2 35 7 7 -6 46 39 42 44 29 -6 17 58 65 26 20 17 57 30 42 47 51 51 31 -2 -3 -8 11 39 15 -22 58 9 28 12 34 31 25 15 41 68 11 47 6 17 26 37 5 13 19 10 47 44 44 5 44 78 35 41 40 23 9
23 -21 -17 19 73 -12 34 -25 13 -30 -27 11 50 -30 5 2 -26 40 11 -7 28 9 28 59 -13 -14 -37 6 32 -9 19 -42 57 -10 20 -15 -19 26 37 50 41 17 28 14 10 9 37 -25 9 2 9 -11 27 -54 50 4 -29 30 71 -14 13 -14 0 -25
-47 -11 22 -4 -16 -50 -27 -6 -28 -2 -28 1 12 10 36 -19 24 -19 -40 23 -34 -15 -17 -3 2 19 16 6 -19 -19 16 51 -7 24 -36 -53 -22 -7 23 0 -30 7 -16 -45 -19 -10 9 -11 -9 18 -14 -1 8 14 10 -22 -2 -46 -29 16 14 -15 -52 -27
37 1 -12 0 6 -36 -5 52 11 -20 -17 6 18 -3 53 -13 35 36 16 6 27 10 19 -20 3 -22 -36 -23 8 -32 4 -14 35 -7 -7 -6 8 7 -32 -9 29 25 1 2 15 28 -17 -44 33 43 23 21 20 14 -46 9 35 -5 22 3 74 5 5 -27
20 12 -21 -6 27 -10 29 7 10 -15 -12 9 1 24 36 12 10 13 21 -15 -29 23 -33 50 12 1 -41 17 -11 -5 24 -19 27 -5 -1 38 27 32 -15 29 30 25 -19 17 17 18 2 12 41 -16 9 70 2 17 19 -20 9 41 37 -2 19 20 33 30
21 -2 32 49 -7 4 16 -35 -6 50 2 21 13 5 30 15 34 35 3 -39 11 22 -15 61 27 58 -53 -15 -10 25 6 10 16 13 -4 10 -6 32 25 14 -15 24 -1 1 5 0 33 10 4 29 6 7 37 3 27 -7 24 5 71 -3 49 -23 22 52
-45 -24 -27 -45 -32 -11 -37 -41 -21 2 -46 -25 -18 11 -22 -48 29 -16 -15 -38 -14 -12 -57 -1 -30 8 -8 -40 -2 33 -15 -7 -14 -3 -54 -35 -26 -35 -3 0 -60 -72 -32 -28 -28 -26 -22 -7 -13 -21 -6 11 -15 -42 -8 -26 -52 -53 -15 -34 -16 -5 -6 -20
-23 6 -11 -29 -5 -31 -24 13 -44 -22 -4 -3 -4 3 -48 -24 -22 -31 -68 -22 -50 10 -35 -24 -11 2 -12 -19 6 26 -14 -36 -2 -11 -11 -34 -5 -33 -25 -7 -58 26 1 -28 1 -18 -27 -16 2 -19 -14 -27 0 -58 -12 -16 -22 -47 27 6 -33 -12 22 -11
-27 -14 -13 14 -10 -16 -78 -21 29 -41 -59 -16 -32 -14 -18 -59 -3 -44 -23 30 38 -13 -26 4 -22 -10 27 -18 9 -18 7 -42 5 -2 -53 -18 14 -50 33 -3 -10 -35 -4 0 -39 6 -54 2 9 -37 4 3 -6 -4 -20 -9 -11 -25 12 16 -21 16 -10 -18
8 54 53 46 -30 -6 -11 -23 12 -2 0 -1 27 -38 19 -4 10 0 42 -2 25 -31 17 22 -16 9 -2 5 37 8 -3 -5 33 34 10 11 20 -22 14 30 6 20 8 16 28 37 21 31 35 15 50 21 35 23 14 10 -9 -14 21 -2 19 9 0 -5
-21 28 42 -9 7 -30 3 -8 23 49 22 -9 19 -1 -4 13 18 47 3 -8 3 24 11 39 1 3 6 -2 -31 -3 5 7 7 6 18 69 17 31 60 7 34 37 0 -16 1 99 25 8 -37 -9 14 9 -21 -14 5 28 0 -13 -2 -8 6 17 -11 40
26 -14 11 1 -14 -56 34 -31 -4 16 11 9 -22 -29 -4 33 44 18 -16 -31 27 -2 -17 36 -50 -24 -32 -19 -14 -22 7 33 54 8 -12 -44 -11 21 -25 13 0 15 -5 -11 37 -25 0 -4 -14 -21 -11 1 1 -9 -19 -28 -36 -42 -38 8 20 -7 12 43
-12 -51 -30 -25 -33 -6 -43 17 -11 -39 -47 -28 -16 -3 17 -21 18 -24 -56 -48 -42 -19 -32 -10 -42 -51 -8 -34 1 -23 -2 0 -14 -1 4 -13 -26 -4 4 -18 -37 -46 -30 -10 -16 -10 -68 5 7 7 -43 -37 -1 15 -38 -17 -10 -36 -52 29 -19 -34 -17 -33
-22 34 -6 6 28 56 27 -17 17 15 -13 4 -13 -9 -35 -22 -4 5 17 30 13 37 29 0 -3 -21 40 21 43 13 53 14 -26 -2 3 42 6 -3 20 37 18 26 28 -29 -17 29 -2 2 25 -10 46 10 15 43 46 17 -4 -14 24 53 2 38 46 28
56 6 4 -3 44 34 45 -9 1 11 -30 -11 36 14 -14 -2 20 2 30 -19 16 46 24 33 -41 -8 -2 -24 28 -31 60 -46 26 -2 35 9 31 -5 10 3 -19 9 -30 8 23 -38 16 -28 27 6 9 34 34 -18 -24 8 25 17 40 -28 6 -8 23 -23
-25 -77 -46 -43 0 -51 -61 -41 -30 -6 -73 -44 -66 -13 -45 -39 -27 -47 -62 -58 -48 -5 -11 -22 -35 -41 -47 -50 -58 -40 -60 -41 -38 -76 -29 -52 -16 9 -21 -65 -49 -53 -64 -56 -64 -27 -31 -42 -45 -33 -46 -12 -22 -57 -33 -41 -37 -61 -19 -52 -9 -36 -27 1
-42 20 14 18 15 25 22 14 31 26 -17 28 22 8 8 26 -12 8 4 -19 2 10 -8 -11 20 1 44 -5 10 49 34 -24 -8 12 16 7 34 -23 11 -11 -35 12 -32 -9 11 14 -21 21 1 7 -10 18 4 47 -3 39 8 40 15 36 24 41 8 52
-11 -27 33 6 10 -27 -42 -59 7 14 -29 12 -12 6 -17 -41 -50 -13 18 20 -5 -39 -24 12 -15 0 5 -42 -25 29 21 3 -11 14 0 9 -4 6 37 -51 -19 3 -14 -25 4 -14 -15 -19 -8 -15 20 -33 12 -48 -54 21 -6 -6 -17 -32 -35 -22 13 0
-3 18 -26 26 70 37 11 51 30 47 -14 18 20 57 31 -2 41 11 35 21 10 -2 20 44 15 3 22 51 44 25 53 3 13 25 -7 4 -27 37 46 2 11 -13 6 35 46 15 2 11 -2 35 69 19 1 52 13 0 15 3 34 42 32 61 0 36
-29 -36 -40 -24 -58 -25 1 24 12 -46 7 8 -8 31 24 -21 -33 -46 -9 -24 -50 22 -29 1 -4 -39 -35 -51 -59 -5 0 -11 -25 13 3 -1 -43 -16 -51 -40 -28 -21 -7 6 -7 -36 34 14 -20 5 -53 -17 15 -12 -34 25 -14 -8 -8 -8 -36 -23 19 -16
-10 63 19 0 -19 7 45 -5 -6 11 8 11 -1 -12 -2 35 -48 39 2 -4 4 -30 9 22 30 23 -11 15 -14 30 8 10 -8 -21 6 -32 -22 -24 -33 -3 8 -40 3 27 -36 31 8 24 -23 3 -22 59 -4 22 16 -10 58 -40 2 21 -22 24 17 -1
-8 25 -3 22 36 -11 2 36 -8 14 19 7 4 -11 -6 42 38 18 7 32 29 6 30 14 2 -37 16 46 30 -10 12 -20 -28 24 32 34 -12 39 -27 -2 8 5 -18 -3 29 51 -28 23 39 16 -44 24 25 17 -2 34 27 8 47 8 23 21 -5 -29
46 39 17 36 12 10 9 0 28 -29 55 39 57 7 2 11 7 5 17 27 47 48 -22 31 12 36 15 26 68 31 20 9 48 39 33 14 13 45 19 27 26 14 14 5 -4 -3 56 15 14 64 12 -11 30 47 22 8 48 43 45 29 35 25 22 32
-1 9 -46 -41 -38 31 4 20 -19 1 13 -10 16 10 -1 25 1 -24 54 10 -1 8 2 3 31 22 26 3 7 -4 3 -47 -11 -5 0 -17 -13 -12 4 -22 -27 -13 -26 -7 20 18 -36 -4 3 4 16 -7 23 4 -15 9 -15 -20 3 7 -12 8 -9 -34
-16 35 8 -18 6 11 26 18 13 -24 39 55 52 44 -7 -7 -10 24 -1 49 34 31 -1 33 43 42 1 32 41 41 52 14 37 28 39 26 26 16 62 6 -33 17 27 18 10 36 14 3 48 23 -5 32 51 48 12 2 26 21 20 -18 41 21 20 23
-8 28 10 -14 -3 6 -23 2 -18 -13 37 13 -1 -36 -18 31 -8 -2 -9 22 42 -4 9 1 40 -26 52 17 12 14 -19 4 8 -13 59 29 29 -28 -39 -23 22 2 2 -15 10 3 -23 -28 -39 19 -15 -12 6 6 20 2 -4 -5 -14 35 23 33 9 0
-12 -11 -9 -26 -12 32 2 6 10 14 -42 -33 -9 -27 -31 -20 -1 -23 3 28 -46 -30 -26 -15 -47 -16 31 7 2 -6 -8 -36 -25 7 2 -27 -20 8 -13 -28 -10 -20 11 -7 -8 -27 -2 -79 17 -36 18 -13 21 -33 -7 -31 0 -1 -20 -9 -69 10 3 -15
-35 -62 3 -15 -41 -24 -37 13 -25 -8 -18 -18 -16 10 -23 19 12 18 -7 7 -38 -8 20 -57 10 -3 6 18 -23 -10 -57 12 -30 19 -35 5 -32 11 32 -27 -30 13 -4 -26 -9 4 -35 -41 -14 -54 -20 -38 -11 12 23 -29 -61 -24 -25 20 -2 16 -46 29
-12 -13 -11 1 -20 -18 28 57 -34 15 -2 12 30 13 29 -31 15 -15 -4 -30 38 0 -45 -33 22 17 -8 22 19 23 -13 -19 3 -10 5 -35 -22 31 -14 7 -23 -5 -4 -22 44 18 -9 15 -38 -11 1 -13 33 18 23 13 9 2 -27 -4 -50 -10 1 11
-11 5 -20 6 17 25 16 53 28 -11 5 34 21 24 19 52 23 55 18 59 41 16 22 -11 38 45 55 21 34 32 55 6 15 24 52 40 13 41 -1 24 25 -16 -8 42 44 74 54 3 7 -6 -5 4 38 19 12 18 31 20 11 48 8 30 11 12
-13 -3 -24 -18 -22 32 3 51 -3 31 -19 -3 7 -19 52 13 22 -16 8 7 8 -15 -30 11 35 -21 17 42 0 3 -45 -5 -6 -17 -3 -18 16 -1 9 -4 -9 37 34 -35 -1 9 -38 26 28 5 6 23 2 -7 19 23 18 18 46 20 13 19 -28 -10
45 48 -16 -26 11 0 41 15 0 24 24 47 39 9 25 9 -2 -9 12 -38 7 -43 -25 30 48 1 42 -13 32 24 27 41 32 15 -4 11 29 -24 31 11 12 57 -4 18 -11 42 -13 -2 -26 -22 5 10 -12 1 15 13 1 61 37 -20 34 3 28 35
8 -14 -2 40 46 31 3 -2 -9 27 -29 -11 -27 34 21 33 20 35 -6 60 19 29 24 -22 40 21 -10 -22 17 3 28 2 -7 -10 18 43 18 17 4 24 42 4 -5 24 36 3 17 -32 13 17 44 1 21 -5 -16 28 11 -11 -49 28 9 37 3 23
-42 4 28 -23 3 -20 -61 31 -12 -30 -1 -18 -15 -1 -3 -21 10 -50 -65 38 -14 19 -12 -17 -13 -9 -17 0 14 -38 -33 12 35 10 21 19 23 -33 7 -1 11 -47 -22 3 -2 -20 34 13 -38 12 1 37 -15 19 19 -2 -21 30 -41 -18 -20 -37 -30 -26
-19 15 20 -30 -39 29 9 -13 31 28 13 -2 9 -31 -12 -22 34 -19 17 0 22 51 -39 1 8 -4 -6 21 0 -1 0 -50 -29 -38 -14 -5 -5 1 -35 -48 8 1 13 23 28 3 45 34 -21 -5 -47 -9 45 -9 7 -2 11 -9 46 4 7 -7 16 29
-41 -2 16 -22 -28 -10 8 -25 -5 13 -47 -26 -31 -63 -21 6 2 20 -22 -18 -45 -26 -28 -15 -45 -39 -35 -2 -39 -8 -4 13 -15 -13 -39 -16 -38 18 -2 -42 -32 -50 6 -31 -6 13 -20 -53 -1 -15 -31 -14 22 -46 8 -61 -56 -42 -17 -27 -14 -37 -23 -48
-12 8 2 15 -26 2 -27 -21 -21 42 27 -4 11 7 16 30 -2 3 19 -40 15 35 -30 -3 22 12 -37 34 -4 -5 17 -3 21 13 11 -55 -18 -3 -19 12 -12 -15 38 -68 -19 -14 -18 -3 4 -15 -33 17 -10 -9 23 -21 27 10 5 35 -30 -11 -1 -1
1 -1 5 10 26 14 -17 -25 -29 -40 0 2 -19 -45 -34 -15 14 34 2 28 26 -7 13 5 -3 52 -6 11 2 42 -25 24 16 -18 13 11 20 10 -11 39 -17 18 17 39 -8 -60 8 27 -14 18 4 7 12 -56 11 -40 6 7 4 19 37 -4 -17 18
-27 3 36 10 -22 15 23 23 17 47 55 11 29 14 35 10 12 26 54 -20 20 45 -3 22 30 31 -42 1 -18 -6 3 28 0 17 4 19 -1 -11 -20 -7 27 6 10 -22 23 -7 48 11 21 17 20 -2 36 8 5 10 20 -22 16 -24 -3 6 5 4
44 -11 19 -23 15 -9 -41 -8 32 48 66 -10 -7 16 -2 0 -37 -18 -11 -7 9 11 4 -6 -40 -1 -24 29 -3 -5 -30 -10 -40 -6 27 30 -24 31 50 5 -3 -14 19 13 12 4 -5 1 -31 -22 -22 31 9 -30 23 5 12 -26 -40 7 24 53 40 35
-41 -9 -8 -36 -59 -27 -28 -40 -45 -34 -58 -52 -17 -67 5 -50 -6 -79 -18 -40 -45 -23 -49 -11 -73 -41 1 -54 -26 -29 -88 -40 -13 -54 -33 -7 -24 -22 -19 -66 13 -12 -59 -29 -54 -17 -61 -76 -29 -61 -31 -14 -7 -62 -75 -44 -17 -19 -11 -54 -50 -52 -13 -73
7 -10 -28 -22 -12 14 -50 -21 -52 -13 -42 -48 -55 -14 -35 -8 -9 -17 -13 -11 -32 -37 2 -17 -26 13 -2 -15 11 4 17 -21 -11 -25 -19 14 -10 11 12 22 -46 -43 -23 -18 -34 3 10 -64 -11 -6 5 -5 21 -34 19 -18 -52 -1 -14 -33 -18 -27 9 14
-10 -14 10 -52 -6 21 48 -65 15 -23 13 -12 4 46 1 -7 -52 -15 -8 -14 -32 23 -56 21 7 -5 -13 32 -6 -7 14 -28 -20 -4 2 33 5 -54 -1 -8 -51 -5 7 5 -11 28 -3 -31 5 -39 40 -7 -8 -16 44 25 -45 -20 38 -19 -6 -14 2 6
-23 -34 -14 -13 -40 5 3 -4 38 -7 -9 -46 9 -10 3 -17 19 -64 -56 -5 -41 -17 -24 -17 11 -38 6 0 12 -21 4 -7 -4 4 -12 -15 -1 -13 -35 -61 1 -18 -38 -5 -40 -21 -3 22 -20 38 -64 0 -25 51 -35 24 25 19 -27 -10 -17 -6 -14 43
-75 13 44 -41 -16 -38 -8 6 3 -5 -21 -19 -27 -1 16 -43 -25 -5 11 27 -2 -50 -1 -36 -22 -45 -3 20 -23 -1 0 5 -26 -63 -19 -7 -10 -26 17 7 -26 15 9 -43 -5 0 -18 -31 -4 -31 44 -5 -7 -21 16 19 -33 -13 -29 -4 -25 35 -20 -18
-47 1 -27 -7 13 3 -20 6 -9 17 5 33 10 23 0 5 24 19 1 1 6 -3 -9 -27 7 6 -21 13 35 12 51 -30 -9 20 -8 -10 -12 10 -2 17 -46 21 8 -16 13 37 6 -2 11 -3 -34 -5 9 32 -13 -13 16 15 -26 23 -18 23 22 30
27 20 32 25 20 0 6 30 -10 48 -6 0 22 31 -2 16 5 -23 24 22 19 2 37 23 33 -1 -6 -10 26 -11 -10 38 12 31 44 19 9 -18 -3 -9 20 13 10 1 -34 5 18 -20 20 9 31 6 51 18 52 7 82 4 20 13 -8 22 13 15
50 40 51 65 48 18 33 24 -3 3 73 38 24 49 4 34 33 58 -27 47 30 47 24 43 25 40 15 16 69 17 11 10 60 55 2 53 33 34 6 36 29 41 31 52 29 45 73 38 16 35 48 23 14 64 7 16 19 24 -20 59 16 37 -2 68
15 -54 -29 -30 -25 22 4 -20 -37 -18 12 -17 -9 -32 -17 -3 -11 -25 -9 -48 -31 -17 -7 6 7 -12 -24 -18 -4 3 -53 -28 -18 -35 -31 -49 -36 -14 -53 -6 -6 19 -28 7 -41 7 -37 16 -37 -35 -51 -24 -11 -27 -41 -15 -47 -51 -10 14 2 -19 -18 12
-15 -25 37 0 -21 31 22 -47 53 21 49 25 -7 -1 -41 -5 -21 -36 39 8 -13 7 -28 -7 4 46 -1 66 25 -9 6 10 -10 -12 5 -33 5 -12 -22 6 -21 -27 -27 6 10 3 55 53 15 -3 -11 -11 2 8 23 -24 0 1 0 -28 26 -8 -34 -50
-26 -7 -31 -4 -24 -42 -40 -21 -11 22 -9 -7 -23 -48 -7 27 -41 -52 8 -1 -25 -19 -28 -43 16 0 28 -14 0 -14 -12 55 -7 -21 -33 -18 -3 -15 -14 23 -28 -27 -52 6 -34 -27 17 -42 13 -20 2 -18 15 -36 -12 -2 -35 -8 -46 -15 -45 -19 -11 -5
-28 40 32 34 -31 21 43 25 35 29 16 2 -17 14 20 14 14 40 26 -3 3 1 47 15 6 88 42 40 64 18 57 31 -25 75 7 4 -5 11 -25 33 17 10 -4 22 14 24 19 -17 27 22 59 3 12 46 23 38 -8 40 41 37 6 1 24 32
-34 32 22 -38 -17 2 41 26 -14 -18 -3 -19 -16 -20 -15 -3 -2 -35 -1 -13 -48 36 -53 -7 15 -9 28 -49 -1 14 -12 -5 -30 26 -49 4 -12 -44 21 -5 29 -23 -4 -8 41 -4 26 -51 -4 1 18 2 -33 6 -17 4 -25 44 -19 38 -2 18 -24 2
-3 27 -17 36 12 -17 9 42 -10 8 31 -2 6 45 22 -6 -2 0 9 23 2 45 22 -14 30 -25 -13 -37 -3 -2 -2 8 -3 47 6 18 19 -12 5 29 -1 25 -12 0 45 3 -21 -30 23 -16 44 13 11 18 16 54 -31 22 3 -15 27 11 37 -7
15 -21 31 26 -27 -32 -25 3 0 16 45 5 -14 19 13 21 75 27 21 -38 -12 -4 19 -1 -1 -37 22 -9 8 8 -4 14 26 -33 -2 8 -14 12 -10 21 28 -14 12 50 -14 -33 -25 -17 -37 -23 50 15 22 -16 4 23 9 -28 58 15 -11 15 -34 -20
-10 -9 -25 22 8 -50 -28 -44 -24 -31 -63 -20 -26 -32 -39 -32 -32 -5 -67 -50 -55 4 -18 -3 -3 -26 -19 10 -17 -6 -20 -41 20 -31 15 -51 4 -23 -8 -31 -5 -8 13 -14 -59 -30 -30 -58 -32 28 -39 -25 -52 -28 -28 -19 -21 -43 -7 8 3 -40 7 -23
30 -2 -33 10 27 22 -4 31 14 46 25 2 2 19 32 20 19 30 6 31 -7 34 22 6 47 -14 -50 0 -2 7 -31 18 29 14 31 26 9 -20 35 28 2 36 16 32 88 21 41 55 8 -22 0 54 10 19 3 37 43 33 0 4 14 21 1 -2
-29 6 30 18 6 13 34 24 5 17 25 42 43 21 24 28 31 30 30 27 33 21 5 46 12 -18 41 19 13 -35 4 23 21 32 5 48 -14 3 39 24 40 46 30 -4 9 -11 36 50 27 -26 46 10 22 34 -12 -35 20 30 5 35 38 52 13 39
34 49 -8 33 48 -24 11 39 -1 1 12 -2 7 18 6 8 16 19 -16 14 36 -33 56 16 25 40 12 11 35 4 -2 32 2 -19 -9 67 7 9 22 37 43 32 12 61 28 33 45 0 6 26 35 65 25 16 20 71 34 40 -19 35 3 30 33 -15
14 37 27 8 5 4 15 -13 -5 35 9 -7 7 20 -26 45 -16 37 -8 -15 16 23 3 22 1 -6 -23 15 26 35 28 -1 -25 6 6 7 -6 35 13 1 23 10 2 9 -3 5 -9 -29 27 -5 38 11 36 -33 2 0 25 19 5 21 10 -2 19 5
-17 30 -7 -8 -11 -10 2 0 -13 10 -1 -40 13 3 -8 -10 -46 -21 9 11 -15 3 7 16 -19 -31 -22 -30 -6 -16 -43 -42 1 -6 22 21 9 -14 -3 -23 -47 -41 4 -9 32 0 38 18 2 13 0 19 32 -4 -39 -10 -14 6 11 2 0 -8 33 25
19 8 -13 14 -7 0 17 -3 -3 -11 -14 2 19 7 24 30 -10 -9 24 8 6 -5 -16 54 -7 -32 51 -22 -2 15 10 2 27 21 18 21 -12 13 23 -3 16 -21 15 0 40 16 -4 28 14 -17 8 -23 7 -9 27 10 -38 -19 3 37 48 19 8 -1
6 -13 17 3 -11 12 -22 26 -8 -12 -3 12 -20 2 -61 -11 15 19 -7 0 0 8 -7 -52 -14 -13 4 -10 3 12 -24 22 -16 -5 17 0 -17 -29 -7 -55 -25 -20 23 31 32 -18 18 -18 11 8 -11 -17 -1 25 2 -19 34 -13 38 4 1 -41 14 -2
-18 -26 -41 -17 -6 -22 -20 -2 0 -31 6 -24 -4 -65 15 11 12 11 -12 -15 -21 50 -2 -20 -8 -62 12 -16 5 -12 6 -30 -14 -58 -32 -50 -32 61 -4 35 -33 -30 -2 -33 14 6 -7 -32 -10 -11 2 -7 -20 -38 -45 18 15 -5 -5 -2 -8 -6 7 33
58 -15 -15 1 -39 -5 42 4 29 0 -27 -3 -23 -55 -12 -35 -17 -12 9 -23 5 38 9 -36 -74 -22 -36 -16 -64 -78 -86 -32 -6 -30 -40 -18 14 3 -33 -20 8 5 -44 -28 -18 -6 11 11 5 10 -1 -11 4 -15 -39 -35 -44 25 -5 -52 26 -32 -21 -37
-16 -40 -25 -10 -24 -32 -34 -1 22 -5 -15 -23 31 -46 -15 -11 6 14 -10 12 -13 33 8 -15 -31 -10 -5 -12 1 -45 -39 -13 -55 -7 -47 -29 18 26 6 -11 -8 -2 -8 -41 -36 34 -5 -2 -10 -3 -42 18 11 -40 -33 7 -26 -53 14 -26 -9 28 -4 -19
5 -7 11 -49 12 22 -12 -4 22 -36 -53 5 -7 1 -12 -39 10 -8 24 -6 22 -50 -23 -9 -56 -9 4 11 5 -69 6 -13 14 -29 21 -11 -3 -7 -26 0 24 -53 -26 31 -14 -33 9 33 28 -49 1 22 21 -14 -32 -9 12 -18 -1 -33 -27 2 -2 -24
19 92 23 2 67 57 60 56 -26 17 13 1 54 42 -8 -7 -8 41 -12 19 2 5 24 24 52 -4 8 -18 33 34 24 11 15 -12 58 7 20 -2 1 53 5 -3 26 39 57 36 20 33 13 15 27 18 4 3 41 47 9 17 87 -4 26 25 -5 51
13 27 -2 8 -14 6 25 15 -5 -60 8 -39 66 -6 -16 20 6 -18 24 34 -17 -3 -30 3 27 -22 0 -46 -2 -1 8 -55 68 -8 25 15 2 15 -6 13 21 63 -2 21 22 8 6 -4 18 14 22 18 36 17 -17 -18 17 5 11 -13 44 35 28 -22
-11 7 -20 25 -1 33 30 53 27 2 -18 -7 20 -46 18 58 -20 -21 36 57 14 16 -20 13 28 -14 46 30 25 27 -9 -17 -44 -28 -5 2 -8 -11 19 0 -20 12 -11 -27 10 0 -4 24 -11 24 -13 6 -20 5 -12 -4 -11 40 61 37 26 -23 -17 4
-8 -12 -17 -27 23 -15 -4 22 7 -14 -22 33 -8 -33 -23 -7 34 -9 -37 11 21 -25 -13 -42 -30 0 12 -27 29 -33 -13 -12 13 -42 7 -4 -17 7 -9 11 -15 9 16 -27 17 -19 -22 -5 0 -37 -20 -25 -14 -31 -40 14 13 22 -9 -4 29 -11 0 5
13 -7 19 -4 -22 -13 9 -9 -13 -1 10 -6 -19 -10 -6 24 -27 -2 -1 -3 -24 26 -47 7 -9 30 8 13 -25 8 -38 28 6 70 22 -18 8 18 -6 -47 -3 -12 6 18 3 -6 -20 34 8 15 -15 22 25 -35 0 -25 -20 8 0 -28 -14 -27 32 22
-14 21 -4 9 -22 -56 4 11 11 24 20 26 12 19 19 4 -38 -35 -5 -26 31 -23 27 22 -47 -9 8 19 -32 7 8 39 10 24 -10 49 15 40 23 16 -10 2 -13 -9 23 60 29 43 -12 7 26 2 -16 15 33 9 -43 29 0 -43 25 -15 -6 -3
3 -26 -20 45 43 17 9 16 -9 23 -9 31 5 42 11 -11 6 16 24 30 -5 31 17 17 16 -12 3 -17 12 8 28 -2 27 -23 18 31 -12 40 3 8 -11 -7 7 -17 -8 38 29 9 5 0 13 -27 30 -3 -3 30 -26 -13 -8 18 11 45 22 18
27 6 -2 12 1 10 -3 18 -15 1 -37 32 9 -2 -6 -39 24 -32 -7 -1 24 0 22 4 5 9 -34 -31 -15 5 32 24 60 0 8 -27 4 -13 -8 20 22 7 34 32 -19 35 44 19 -9 36 15 21 -9 -14 8 0 8 -2 7 16 -13 2 27 29
37 -15 -29 -31 11 35 -21 44 10 -26 -34 7 35 25 10 -17 -41 -34 -16 -41 -56 -2 -13 4 -3 13 -3 11 14 20 27 -13 -7 -18 36 -20 17 -44 6 -4 -40 -9 -9 24 8 -34 5 31 -6 8 -25 -14 -22 14 0 -5 -42 13 -16 31 -9 -34 -30 -22
25 -54 6 -41 7 68 -37 23 30 -14 -9 -5 -2 20 8 17 10 -23 -17 -2 -56 -41 13 18 10 -25 -10 1 26 2 20 -12 -18 -11 33 -4 16 -44 31 15 -15 -17 3 2 -14 -3 13 4 21 23 9 -4 5 8 12 -32 6 16 -35 16 -2 20 8 -6
30 32 15 20 14 -27 18 53 19 39 -10 41 1 15 21 6 23 19 31 -42 24 19 14 71 50 -3 -10 -17 23 7 0 37 5 -7 -33 3 29 7 -7 12 18 18 -21 20 -22 39 -28 -12 27 2 47 30 12 26 -1 33 6 6 38 7 32 0 10 13
-7 -15 7 -53 6 2 -1 -10 -60 -45 -1 -27 9 23 10 -33 -4 1 -11 -4 0 -35 -13 -53 -59 -8 -18 -38 -51 -61 -9 -24 6 -42 -26 -9 -21 -12 -56 -47 15 16 -3 8 -5 -27 -19 -16 -26 -9 15 -38 -11 -45 -52 -5 -9 -21 -22 -20 -51 18 4 -22
53 39 -42 -17 -8 -42 20 -23 15 3 -8 3 -15 1 3 -11 -35 15 18 -13 -20 6 1 5 -3 -34 20 20 29 -25 22 17 -12 3 12 1 -6 -11 -38 31 22 15 -11 -40 -17 25 11 -38 47 12 -13 -3 -20 -13 1 11 40 -11 2 -28 -19 34 11 -23
-42 -4 26 -38 -10 20 5 -7 9 -27 -30 2 -27 -19 -31 -28 -3 -34 34 3 -7 -26 -31 -36 -35 14 -50 -26 -42 -32 -11 -24 5 0 -48 -7 -14 -5 -45 -38 -8 -11 -4 -22 -5 -19 -15 4 35 -26 25 -10 -2 -40 -15 -35 -16 -46 0 -18 -14 -16 -31 -31
-26 0 42 9 15 3 7 -31 34 34 42 8 5 -18 -7 -4 38 36 22 -11 -7 5 46 6 26 17 -30 33 -1 -12 -14 -16 26 8 -2 37 37 -26 19 -4 -3 18 17 3 25 34 3 8 8 -7 26 -16 -1 33 -1 -42 -23 -37 -13 29 -13 46 25 11
-43 -42 17 -46 -22 -5 -12 6 -18 13 -23 -39 -22 35 -27 13 11 -38 -11 8 -3 -50 19 -16 -9 -13 2 -24 35 35 -3 -18 8 2 -7 -16 -32 10 6 9 2 4 -2 -18 -5 46 8 17 -19 1 2 -8 17 7 12 -4 -24 -31 -10 -51 -3 -18 -37 -27
69 37 44 29 49 73 45 86 39 -2 24 69 59 33 -1 52 35 67 75 72 28 20 41 46 24 -10 28 20 40 43 42 24 31 8 66 50 44 29 38 12 3 10 54 47 82 -3 70 97 -3 72 33 52 74 37 33 32 39 43 55 47 11 74 34 39
2 -31 -36 12 22 1 22 25 3 28 -6 14 7 26 15 75 36 9 19 9 11 21 22 24 -2 40 -4 51 15 -21 28 28 -20 -18 32 -3 -20 23 32 15 12 30 6 -27 15 21 32 30 -9 7 -5 -6 12 16 26 26 6 11 -12 -3 42 3 11 2
7 17 -2 52 11 -30 -16 -18 12 36 -2 28 1 -18 58 4 35 3 2 41 17 40 4 20 28 42 -8 4 4 26 7 9 26 20 -55 8 15 51 79 38 26 -1 19 8 -6 50 14 -34 22 50 37 -3 22 21 9 8 3 29 5 48 7 -3 12 -3
33 18 51 44 22 -3 -12 -2 63 10 42 28 -33 -18 -9 51 23 -2 35 20 21 -10 -32 22 -2 13 15 12 18 29 -18 37 -36 30 7 5 26 10 28 8 23 -6 6 15 38 1 46 23 -9 17 -7 2 5 -10 1 21 20 13 29 -11 49 -46 10 22
0 -30 1 5 -18 -16 -36 11 -10 -14 9 23 10 -7 -7 15 0 -12 5 22 -5 -6 -18 0 2 5 18 -52 -32 32 -8 -2 7 -16 4 28 16 61 35 1 -11 -5 39 40 -15 -14 1 14 7 30 28 -14 2 -24 -12 16 28 22 -2 -33 20 10 27 11
32 7 -30 20 18 7 13 -21 17 -11 9 -23 5 42 -35 51 24 17 0 48 18 -3 -25 12 24 22 21 20 55 14 24 -8 -1 10 -26 28 45 2 36 -10 75 45 53 6 17 11 38 21 20 9 3 18 -5 50 -5 26 -43 18 35 2 37 -12 0 17
-3 -23 23 -6 24 3 -11 43 -45 22 24 -16 35 8 42 -5 -3 -19 -5 -4 -17 44 7 -36 -5 20 4 -7 -2 -36 -3 8 34 3 26 -20 22 -9 -30 -20 17 -29 -36 21 -35 -14 11 -7 -21 2 -36 3 23 -23 -34 -42 10 4 4 -2 -20 3 -16 -6
-25 -5 -5 -15 4 5 -10 -40 5 13 0 9 -21 0 17 5 -22 10 -1 -1 -22 4 12 -3 -62 -29 -10 7 -33 -36 43 -10 3 15 -10 6 4 -4 -6 -10 -38 -27 -3 -1 -9 -17 -47 -7 5 -39 -7 -51 27 22 -43 -21 -25 -34 -12 -5 27 -6 -34 17
-33 -40 -15 -10 -17 -20 -57 -44 -52 12 -22 -41 -36 -36 -41 -40 -63 20 -26 -14 8 -42 0 46 -19 -52 -39 9 -26 -9 -14 12 -14 -37 -31 -39 -12 -14 -11 -22 -38 -12 -26 -12 -63 -1 -40 11 4 -40 -46 52 -4 -23 -14 -44 -28 -31 5 -16 -4 31 -26 -26
-34 -5 -1 -29 -17 -10 9 11 17 -21 26 12 -4 18 8 -20 -67 -16 12 -11 18 -23 21 -31 -18 -21 11 -29 -52 -44 2 22 -14 6 16 -22 11 -29 -26 42 18 -17 -2 -18 11 23 45 21 -16 -11 -9 -28 -22 1 -1 5 -1 -26 -39 12 -36 -8 -39 11
-37 -98 -11 -70 -45 -16 -45 -81 -82 -45 -52 -66 -70 11 -79 -8 -25 -89 -11 -18 -13 -93 -35 -82 -63 -51 -30 -49 -33 -35 3 -45 6 0 -8 -51 17 -70 -35 -46 -35 -23 -19 -39 -62 -47 -60 -48 -29 -78 -26 -61 -72 -61 -30 -58 -16 -45 -73 -52 -43 -29 -61 -12
41 7 19 29 39 46 -2 4 28 41 44 33 60 12 18 43 49 17 16 18 26 38 38 10 16 38 7 21 36 16 26 8 27 -27 38 22 -1 20 -26 16 16 21 4 -11 21 38 40 29 -1 8 -22 43 7 50 15 44 43 22 42 18 4 4 -5 7
-19 2 1 8 12 2 2 25 1 34 -9 16 -34 0 5 6 12 11 12 -9 0 -1 13 27 18 -21 9 -12 16 -5 33 2 21 23 -15 -13 4 31 -11 -24 19 10 7 6 -4 -17 -11 -23 32 14 35 2 28 15 11 -47 9 33 -33 -13 5 10 -9 7
-29 3 0 20 -6 6 -10 61 -26 -9 26 22 35 36 3 24 -7 4 22 26 3 36 35 -65 37 6 20 -12 19 -10 -2 3 23 49 -12 7 13 8 18 30 25 35 40 -15 14 9 5 35 38 18 -12 -26 -7 23 -18 -12 -21 -29 -17 8 46 -30 28 5
-15 48 55 36 32 15 1 14 58 31 43 45 20 28 16 5 16 25 17 30 79 18 28 65 23 24 27 38 55 68 39 40 44 16 58 49 37 22 29 22 25 55 37 20 24 48 66 -6 29 25 14 19 71 25 11 -9 22 20 51 25 34 36 40 47
17 13 9 -3 -4 -5 -30 -18 -11 -23 -4 -40 17 -14 -26 -24 -10 -19 -62 -9 -11 -32 -6 -11 -35 -20 19 39 31 -8 12 11 12 18 -21 -24 18 -30 -30 -25 -32 -19 -41 -15 -18 15 -9 -27 -7 9 8 -17 32 9 -8 3 1 -2 1 -28 -21 -12 -3 2
-62 -21 36 -15 -11 27 5 -33 41 -15 19 36 -23 -1 -6 -19 -16 7 -31 25 33 41 1 -12 -1 14 -29 4 -26 -28 -5 -26 43 -2 23 -8 10 -23 10 5 0 -13 4 10 18 -13 -12 -23 2 -28 -49 -15 -23 -35 -18 -7 -4 -8 -2 -7 2 -21 32 44
4 1 -44 -30 7 -21 -24 -38 -86 -50 -42 -56 -18 7 -60 -47 -21 -33 -50 -67 -46 -44 -19 -24 -8 -73 -56 -86 -9 0 -51 -52 -39 -39 -53 -63 -37 -15 -45 -7 -31 -70 -59 -32 -67 -54 -45 -32 -71 6 -26 -57 -2 -68 11 -3 -41 -19 -5 -50 -45 -38 -54 -52
-34 -25 -1 -6 -11 -5 -2 -13 -8 -1 -4 2 14 -35 14 13 -5 -27 4 13 -18 -19 -7 -58 -16 5 8 -11 -50 -9 -16 2 -28 -5 -14 -1 4 -7 17 -20 11 -2 -11 -28 18 1 -10 -13 -76 -4 -43 -9 -20 -7 -29 -29 10 9 -20 -35 -15 -2 -21 -30
-12 -58 -5 -24 13 12 -28 20 2 10 -8 -46 15 11 41 -27 7 -19 -12 -38 -10 2 -21 2 9 -29 -26 4 18 -28 -6 -45 -64 -47 -47 -21 -17 -7 -5 -10 -1 -6 -29 -13 15 -16 0 -13 -3 14 -16 13 -32 32 -27 -7 14 -31 4 42 -35 37 -18 35
-28 -20 -6 -27 4 17 16 -8 -45 -22 21 18 8 -16 -14 -18 3 -13 -18 27 -1 15 -31 6 -8 -11 -21 -23 -10 -14 20 1 -4 4 -47 -19 -47 -5 5 -14 -1 38 -25 -35 48 -90 19 4 -18 -40 -5 21 -34 -15 -18 -4 -31 -15 -12 -3 -35 -10 -17 5
22 4 0 18 10 55 64 45 20 71 11 24 69 28 37 55 11 33 47 55 21 13 29 44 65 44 17 57 23 44 -21 23 12 15 34 29 35 -8 35 52 47 51 52 7 23 52 7 45 0 31 -14 50 54 20 68 22 21 64 26 32 53 46 48 30
24 43 0 67 35 30 27 29 22 28 -4 -2 54 -6 13 4 -5 83 -6 60 76 24 24 42 24 24 -17 -8 35 9 34 19 25 -6 25 -20 46 38 35 26 31 53 92 13 2 33 19 51 31 16 0 0 40 25 12 8 8 5 9 63 45 38 53 20
-6 24 37 42 22 -3 47 -16 -15 52 29 34 3 -11 40 -10 -20 -10 14 7 14 39 24 5 -19 48 -11 17 -14 29 29 64 5 19 14 26 -15 23 -14 -17 17 28 1 -17 4 5 36 19 15 7 1 28 12 36 23 13 2 39 61 10 19 9 21 17
-28 -3 -27 -18 -12 4 -31 6 9 -36 -27 13 6 -57 -19 3 23 1 -8 15 13 -1 -20 22 -39 -23 -6 18 -17 39 -38 -8 -13 -37 -15 4 -12 -13 19 18 1 -15 0 -20 12 -51 13 -36 -35 8 -11 -3 6 -25 0 -22 -24 -8 36 55 -47 -50 -45 -23
8 26 -45 -2 -14 -38 22 0 8 14 1 -9 19 2 55 39 8 -1 18 27 50 11 -26 3 -34 -16 -11 29 -4 -35 -9 22 57 -23 30 23 -28 15 -4 6 4 28 13 27 16 36 1 17 34 4 38 17 1 -1 -32 5 -23 28 2 32 30 15 10 3
3 24 76 17 3 -11 3 28 -4 -17 -11 -5 -11 24 -31 41 4 -4 16 31 6 -6 9 32 34 -1 35 40 12 29 6 20 23 12 -2 17 50 13 -27 -11 13 31 27 22 -10 21 19 -7 -18 28 11 24 15 -3 48 45 -9 5 3 14 19 30 16 8
6 -26 32 -13 -21 -6 -7 -9 -26 -8 17 -36 -11 33 -6 2 15 -24 -11 -14 33 30 -48 -2 -15 -21 -23 22 -26 -8 11 5 -25 -22 -20 -24 32 -3 -1 -24 -25 -7 -3 -30 -18 -36 -14 -18 11 9 -19 -19 31 -38 24 -21 -23 -12 23 -7 8 -33 -25 -22
1 24 0 -25 24 11 -29 15 9 -8 12 23 30 55 -20 23 13 -27 12 -36 -53 -15 -10 -24 13 -8 14 -56 -21 25 9 -20 -14 4 -13 -9 -23 16 -14 -10 -7 4 30 35 52 -17 -30 50 -4 -28 2 -18 -20 -13 -2 18 37 -20 29 8 4 19 20 -17
55 62 1 28 42 25 46 20 13 3 11 67 33 44 -6 41 20 6 21 81 27 12 16 11 30 79 39 72 26 20 74 58 44 19 32 4 66 41 35 58 81 12 31 21 27 79 23 38 7 50 -8 56 17 -17 55 40 57 13 66 13 49 49 27 25
-1 -22 -3 -8 -18 8 -33 -1 -14 -1 -29 8 -21 -31 7 -23 -42 10 -9 -38 -20 -49 22 5 -1 -12 -31 9 -21 -24 1 -26 14 -61 -28 16 26 -43 -25 9 -9 -24 4 -8 -58 26 -45 -37 -31 -7 -20 22 -26 -31 11 -12 31 -43 -1 -20 -16 10 -12 -12
0 14 4 -2 -20 -24 -25 8 -5 -3 23 -3 11 48 6 42 -18 25 19 16 29 29 -9 8 40 -24 8 -1 -21 20 -14 12 0 1 -5 20 -11 29 -13 -21 2 13 29 -16 1 -24 -24 9 17 -15 17 17 -42 -4 30 25 2 7 9 33 -50 -3 -1 -13
-47 -22 40 14 2 -6 -65 -15 17 19 2 -5 -20 -1 -57 8 -39 13 20 -51 -22 1 1 -44 -3 -22 -24 0 -50 4 -11 6 -20 37 5 -20 -26 9 -12 -31 4 -56 19 -11 -14 -18 1 -18 -1 -23 20 -21 -8 50 -6 -2 -20 -41 -54 10 -23 1 -9 27
-16 21 -25 -37 19 -26 -8 16 16 12 28 13 -32 -49 18 55 -22 21 -3 4 -7 -15 -16 -17 -27 -32 3 -5 -40 10 -5 25 -19 -6 26 -38 3 -49 -19 -15 7 6 14 1 4 -14 -86 -5 -17 23 -58 -23 -30 22 -25 25 10 44 29 -25 19 -31 5 -13
3 64 5 8 19 26 41 1 10 14 6 21 20 26 14 31 22 12 8 29 3 49 31 29 40 12 9 -8 6 -27 55 -9 -22 1 35 -23 35 -12 -13 7 14 -13 28 42 43 -1 -8 17 -9 -4 25 48 1 -8 26 58 43 22 28 1 0 -12 31 -3
9 22 -1 11 -45 25 31 1 -47 -12 0 -2 9 5 -22 -11 -35 5 -3 10 -38 -11 -45 7 -8 -1 -4 -45 16 41 15 -5 16 -4 -3 0 -9 -25 -56 4 2 28 -6 21 13 -53 -21 -15 15 11 34 -43 18 -2 38 18 -38 -18 23 4 5 -27 -17 -22
-38 -36 -17 -35 -14 20 30 -2 16 8 -49 -13 15 -8 31 -67 -8 -60 -12 -23 -14 -39 -79 3 8 -59 3 -8 1 -11 1 -11 -26 -30 -34 -57 -51 -29 -24 -21 -23 -29 -14 -16 -22 -23 5 -8 -12 -70 -40 30 -23 9 -17 -18 -16 10 -44 -10 -57 12 -25 -10
-23 32 -14 -4 30 -12 -11 -5 20 -4 -64 -15 2 -28 -27 0 -13 12 -28 5 -8 -23 14 -14 15 36 -21 -50 2 1 -7 33 -28 18 -36 -28 -33 -42 -6 -23 1 -37 -5 -38 -37 19 8 -31 -16 -36 -59 -24 2 26 -21 -39 -35 -19 34 -42 -5 -10 -15 -21
2 -27 5 -9 3 26 -39 -7 36 25 27 -27 7 3 52 18 -27 2 13 -54 24 -44 3 -8 -15 -11 16 3 13 -40 13 -7 -17 -17 -15 10 -17 -35 -7 50 -24 7 -4 -28 -1 3 -12 7 -13 -33 17 3 -45 38 -14 -16 -8 -12 -11 47 26 -29 -17 -20
-19 22 15 17 -6 24 22 15 36 8 -5 15 22 -20 2 5 34 18 20 24 12 13 19 -8 15 14 25 9 -5 33 23 1 -2 24 5 57 23 -1 1 28 37 7 33 -45 -7 30 64 -7 -20 46 -2 12 13 52 8 23 -19 -17 9 0 6 6 28 3
-22 -35 1 44 -15 16 -52 -6 -8 -15 3 -32 -21 -27 41 38 -21 27 -4 16 21 -20 -32 22 -26 -28 -32 -10 -28 -22 -20 29 -34 -42 0 -29 -3 22 -19 13 5 -48 -1 -9 22 -20 -25 19 -24 -42 -6 17 -38 -18 -20 -22 -4 -40 -20 43 -30 2 -22 -41
25 11 10 5 28 4 26 43 30 -12 -33 15 15 11 -7 -20 -12 25 -17 -29 -67 -17 -20 -19 12 24 14 -13 23 12 16 -50 24 2 -7 4 28 -36 -10 -4 66 52 12 -14 28 -16 -30 32 -15 33 14 -17 -4 25 4 -9 44 21 -13 16 -12 -25 20 0
-3 -19 -81 -18 -61 19 -15 -8 -51 -8 -13 -50 -46 -27 -74 -18 -52 -44 1 -40 -20 -40 4 -40 -35 -12 -9 5 -20 -30 -40 -9 -43 -21 -1 -49 -22 -64 -35 -31 -21 -46 -49 -60 -18 -30 -29 -37 4 -13 -27 -33 -23 -12 -13 -7 -62 -38 -1 4 -26 -8 -19 -74
44 9 12 30 40 -1 21 -15 6 38 57 -22 25 32 0 0 4 41 -28 7 58 57 15 2 12 30 32 0 11 37 11 -1 1 0 44 17 11 42 21 26 22 30 22 -11 23 -2 14 -11 11 32 9 -15 33 47 22 -18 -32 16 16 2 65 24 9 25
-17 3 -51 -30 -24 0 -42 -18 -11 -22 -29 -16 -9 14 -52 6 -19 24 28 -17 -40 -53 28 -58 -10 -31 -27 -9 -11 -29 -10 6 -48 8 -7 13 16 -13 -26 -39 -18 20 -35 -41 21 -31 23 -27 -36 18 14 -34 6 -13 35 -23 -14 -53 -34 -43 -44 -14 -6 20
38 12 22 26 -4 0 -22 -9 18 19 -4 2 14 8 1 9 46 26 11 0 45 39 15 32 12 16 -34 14 -39 3 28 -24 -12 -15 20 -5 11 -12 5 1 -7 -2 -4 4 -26 35 19 47 -10 18 21 51 -20 -17 -5 31 15 11 37 23 19 8 27 -13
-16 20 -30 -28 30 46 10 -1 8 -38 -17 27 2 -24 -9 14 15 -29 9 -10 -12 -30 3 38 -24 32 -23 9 -40 20 34 -33 5 17 -23 -15 12 -12 -10 -34 -16 0 -22 37 -8 -19 -5 -3 -4 3 17 -17 0 -25 -26 2 -11 8 25 -24 -3 -40 -15 -25
-41 -25 32 -12 -13 -58 23 38 -25 15 1 4 -18 -8 -24 -26 -11 2 -8 -41 9 -19 10 17 8 10 -40 -2 -10 9 2 44 36 -20 22 15 7 31 -14 58 -12 10 13 9 -1 37 44 6 -3 -10 -31 12 -19 10 4 44 32 -15 20 -16 2 9 -6 -2
-9 0 -42 19 11 -34 -16 -56 -25 24 4 -28 -28 12 -24 16 -22 8 -6 17 -4 27 -11 34 -24 59 7 -30 11 -18 -2 23 -31 -8 -11 -17 15 22 -8 -2 -3 -44 33 -49 -3 0 4 -47 3 -48 -7 33 -25 3 28 16 -68 -27 -35 -27 -45 10 33 -42
3 -14 -15 23 49 -33 32 -11 12 -1 5 -12 48 -7 79 26 34 47 7 18 -5 21 42 21 17 -16 3 41 39 -32 -7 -3 8 -20 11 21 4 4 48 -2 -14 1 0 36 -5 38 -6 16 -6 -7 -16 -22 5 40 15 36 -1 45 -22 19 29 38 6 -1
7 33 -44 13 28 21 3 18 29 47 40 53 30 6 18 9 -16 39 26 -21 -5 38 50 33 7 -19 -13 -4 -27 16 -16 17 10 3 6 35 -38 14 2 15 55 28 24 -10 36 44 6 28 -18 13 5 -7 13 1 12 37 25 15 15 28 -3 39 11 33
2 58 34 10 4 -18 -7 19 11 -30 -11 -1 35 -15 -30 11 -8 -2 -25 -8 -40 -14 -26 -14 -35 -1 41 -22 -37 -1 30 6 5 5 32 -14 25 -11 7 11 -2 -14 3 -56 22 3 -20 -33 -10 -11 -7 -15 -1 -3 8 -32 -12 -27 22 15 13 8 -1 -43
24 36 2 42 -33 20 31 45 61 34 30 28 1 33 33 10 39 60 2 11 25 32 -9 29 -1 39 9 19 -1 34 21 48 -6 23 3 47 41 37 21 5 -29 23 42 -1 54 27 23 28 43 23 41 66 27 5 15 45 24 -5 47 -32 67 32 -2 -5
0 48 -18 -34 -17 -65 -40 -24 -7 -3 15 -12 11 -56 -5 -6 -17 -12 -28 -15 16 -16 -33 -9 -49 -22 -20 -33 -6 -35 -57 -4 -30 3 -29 -3 -31 -61 -18 -53 -32 -30 -33 9 -3 -18 -29 -18 -4 -8 6 -14 -21 -5 -19 -29 -26 -3 3 29 -14 -24 -4 -9
-12 -76 -12 -54 -12 -53 7 -48 -26 -33 -34 -30 -64 -72 0 -20 -19 -56 -17 -30 -48 -27 -8 -15 -32 -14 -31 -29 -34 -26 -34 -12 -40 -53 -57 -49 -5 -17 -19 18 -45 -51 -39 -32 -46 -42 -28 -63 -5 -36 -33 -29 -13 -62 -49 -28 -24 -27 -77 -56 -55 -32 11 -40
26 -22 50 52 8 35 11 25 32 31 29 8 28 7 35 49 4 26 17 74 26 36 2 16 35 33 -22 35 38 2 -10 43 -10 35 13 26 13 20 52 29 18 -18 21 16 7 36 27 59 34 30 -1 44 23 45 34 7 48 62 36 61 -14 45 19 2
-15 -19 -42 -40 -29 -7 18 -58 5 -34 10 2 -12 6 -7 -35 -14 -23 13 -24 -37 4 -27 -45 -33 -20 -30 -42 -28 -41 18 16 -12 11 -21 -60 -9 -57 41 -11 -75 -43 -47 -38 -16 -26 -21 -2 7 -52 11 -43 -15 -35 -28 -47 -22 -20 -40 -18 -27 -14 -29 -3
46 27 -8 12 11 27 56 5 1 16 27 -4 36 33 41 23 45 11 7 -6 4 -8 -1 -1 37 41 51 44 18 19 44 -15 26 38 23 33 27 30 10 16 35 27 32 35 31 58 29 11 19 3 4 -5 8 1 32 35 -6 18 3 54 53 35 22 15
17 46 -7 15 -34 -9 15 -8 32 2 -28 -6 26 -43 2 -11 56 -12 -7 15 21 -10 29 -6 0 -7 4 -12 60 0 -8 -11 33 9 28 25 29 17 -31 20 -20 -17 -3 14 2 -21 -48 -49 -9 -4 41 -1 -33 -12 5 38 30 -13 12 -42 35 -28 28 25
-47 3 4 -51 75 4 11 -54 -51 12 -1 -45 -29 -36 -10 -9 -14 -25 -52 -31 3 -11 26 -17 0 -31 -19 15 -12 -43 -17 -11 -32 -62 5 32 4 -32 -18 12 -7 -16 -17 -19 8 32 -21 -31 3 -25 22 -38 -29 28 -29 -38 -19 -21 -12 40 -2 -7 -12 33
-38 -18 12 4 -2 -53 15 -30 -42 6 22 2 -29 -49 18 -13 37 23 25 10 -2 23 -14 -23 -20 6 -47 -34 21 -20 24 -49 34 -21 11 -21 -21 -41 -60 2 -24 -16 -17 -35 -18 -16 -9 -29 -39 30 -36 -40 1 -22 -25 -28 4 -8 -28 -62 17 -50 7 -7
-12 -17 25 1 0 -37 -30 -13 -29 -17 -8 -1 -28 -7 12 -17 -14 -9 2 -16 -26 -18 13 -42 24 -7 -48 -43 -52 -26 -32 -23 43 -4 28 19 -11 -25 4 -8 -5 -13 -22 57 31 -22 -10 14 -10 13 22 -25 -8 -26 43 -42 -46 -12 -31 -14 -13 -4 -8 -44
23 -3 -11 6 33 -46 -44 2 7 -3 -22 -35 -23 36 -9 -26 -37 14 -24 -24 -20 -13 -15 -22 41 -12 -11 17 -10 -62 -10 -41 -33 -21 13 -30 9 14 12 -44 -34 -54 -27 15 -3 21 28 -44 -29 24 -26 -47 -20 3 14 -4 -36 -19 -34 -7 -18 -21 -3 -5
-4 36 -18 7 5 -11 5 4 -3 -27 24 11 64 -7 -23 -22 -18 -20 -15 9 -20 -34 -40 -13 -32 -23 15 -34 13 -4 -6 -6 -6 8 -4 7 31 0 -20 -30 1 20 6 14 21 22 14 -34 -28 -3 35 -58 -15 -7 16 49 -3 1 6 -15 -7 -14 9 -26
8 36 35 26 51 -16 18 -6 -15 12 16 -15 40 50 22 -23 16 40 -19 13 11 21 8 -5 -5 23 18 31 -3 0 37 23 33 39 20 24 35 34 31 41 60 37 42 -6 6 5 -19 6 22 -51 25 24 14 8 13 2 -24 -19 -3 9 46 10 18 29
-14 20 18 -16 -11 -14 -9 35 17 2 5 -28 -50 3 32 17 -18 1 19 36 21 28 8 -44 -17 -33 33 30 -6 -50 3 -17 -8 -4 -29 10 -43 -30 11 -19 23 -10 -4 -1 7 9 -21 -34 9 -12 9 -25 -33 -10 -9 26 -10 13 -35 44 -13 -13 -29 -43
3 18 33 -3 -4 20 6 41 16 6 3 -18 -5 -21 24 11 -14 13 23 33 -10 -2 24 -13 33 12 44 12 3 53 23 18 57 -30 47 -3 13 12 17 21 34 28 46 61 -24 39 31 12 6 16 51 2 25 22 16 24 41 45 35 18 6 32 -3 -5
45 7 15 31 27 31 17 27 72 20 7 43 -18 19 16 28 -3 52 39 44 16 0 18 5 19 36 10 32 10 24 49 67 20 23 25 8 34 10 13 15 21 64 31 27 0 -7 35 23 73 26 34 14 20 21 27 21 24 40 13 -7 31 23 -27 0
-34 -37 -31 -20 -14 1 2 -20 8 -1 -15 16 -11 -12 -18 5 -10 -11 22 24 -4 7 -6 5 9 8 -46 41 -3 -9 4 2 -31 -17 17 -14 1 -38 45 -7 8 15 12 -31 -25 -5 -41 -23 26 -34 -13 -54 -13 14 12 -38 -3 39 11 -3 11 -20 14 -17
-52 5 7 -42 -6 -29 -24 -18 -15 -24 8 -20 7 -16 15 -13 -16 12 -16 -8 14 -23 -20 -24 10 -2 4 -6 -9 -13 -13 -31 -30 -24 8 -7 -24 27 -20 -31 -26 -32 -7 -4 -13 -38 -51 15 -33 -26 -3 -13 -10 -61 -9 -6 2 -23 -10 5 -22 -58 -18 -28
5 -41 14 -25 -32 -32 3 -19 17 19 9 -8 -26 -26 4 13 20 -5 8 37 27 19 -4 13 -5 -7 8 13 -25 -19 4 6 -2 0 12 6 -27 9 -10 -47 -3 21 -34 -30 -15 -36 -5 13 -1 -6 14 -2 3 16 -15 -26 -1 28 -36 -13 -1 7 10 24
-29 20 -40 -11 1 -10 -19 -8 7 5 -4 -25 6 -2 14 -25 -51 -28 6 -31 -18 -68 22 -45 -10 -20 -20 6 -22 -78 -4 -29 -19 19 -31 -12 -8 -8 -12 -21 -13 -16 -11 0 -30 35 -36 -38 -4 12 17 -13 -11 5 -29 -9 15 -37 -2 -23 -46 -28 1 -42
-1 57 69 19 29 55 55 13 46 1 5 40 -14 23 -11 20 43 32 59 19 3 0 7 67 25 -29 30 16 8 17 42 2 44 47 58 45 36 5 -2 10 1 22 10 11 73 8 36 -11 -8 39 17 20 20 43 44 51 48 28 28 4 29 39 4 19
45 53 52 64 17 47 -2 11 26 21 3 39 22 25 70 -8 30 47 71 38 60 14 31 58 56 25 64 44 50 47 70 36 59 30 27 23 16 42 30 32 26 52 47 35 -14 49 38 25 50 33 30 54 42 37 79 52 40 15 58 42 35 78 52 50
25 -16 10 -2 -54 -16 -21 8 -73 -48 -42 -16 -6 -40 -22 -11 -3 -39 -42 -40 -38 0 -11 -22 4 1 -18 -63 -24 -3 9 -12 -20 23 13 -32 -14 -28 -18 -26 -36 -34 -36 -34 6 -69 11 -28 -32 -14 -17 -24 -12 -68 -2 -24 -38 -6 19 -4 -34 -72 -13 -2
23 51 -26 -8 -16 14 55 40 17 13 23 30 -19 16 8 5 -5 14 10 13 -8 -26 -30 -3 3 -23 -17 -2 -2 -12 0 39 -1 0 39 -1 -24 6 -20 28 -2 -4 -45 9 4 -3 21 -19 -6 35 21 -13 2 28 -3 -10 44 -20 -6 -3 5 -2 16 33
7 21 56 -35 -22 0 17 11 -16 7 -1 3 21 24 -32 -1 26 13 -11 -20 9 -25 -21 -14 -31 -8 30 -6 21 24 -23 -46 22 -21 16 6 -19 -8 1 58 -8 -8 18 4 -17 -34 16 -3 11 12 23 16 7 -24 -1 22 13 -28 0 1 -13 21 3 -6
19 -12 6 19 22 -6 3 18 8 1 41 -2 26 21 10 53 -22 33 45 50 4 19 2 67 14 32 53 34 53 50 -17 17 60 65 28 14 1 43 39 15 52 63 5 28 16 23 2 5 48 30 39 20 31 0 4 36 -19 31 19 -8 39 24 31 -22
17 -15 24 19 23 10 -25 -2 -20 -18 -8 9 -20 -45 36 8 24 -9 -16 1 -16 -13 -4 -29 10 -2 -12 -25 -24 19 -53 -32 -1 4 4 26 -14 26 -30 37 -23 13 29 47 -19 -19 22 -2 -28 -14 22 -7 -28 33 -36 2 -35 -6 28 41 -2 40 -2 3
-8 -9 -43 -19 -23 8 -24 36 39 -3 -5 35 -2 -22 -8 35 -28 -10 -22 32 12 -9 -8 21 35 -3 1 49 34 -29 -10 5 -29 -27 -16 -21 1 0 -20 12 -32 4 -21 -23 -5 9 -13 -50 17 -29 -28 -16 -8 1 8 -18 -25 13 3 18 -13 -10 -1 4
32 -56 -24 23 -10 -29 -11 3 -16 9 -3 -17 -17 -3 -5 -55 -18 -26 7 -11 20 -38 7 -27 -11 -23 -23 -32 9 -26 -18 33 40 -23 16 -20 18 -18 -23 11 -36 -18 -9 -25 7 -2 29 7 -9 34 -20 -19 2 -10 -27 8 27 -32 -45 3 6 -10 -8 26
-15 -54 3 -17 -59 -6 -28 -34 -51 -21 -21 -14 -63 32 13 2 -5 -5 14 -32 -9 -5 -57 -15 6 -26 16 -42 -41 -45 5 -19 -1 5 -27 -48 -5 1 -28 15 -12 -19 21 -23 -31 -58 -26 5 11 -25 -12 4 -10 -5 -16 -64 -30 -30 -67 -40 -33 -8 -36 32
16 -26 22 -8 -16 -51 20 -26 -7 19 36 25 -49 -36 9 20 -14 -2 -22 -15 -12 4 -10 -8 -27 7 -2 50 -18 -14 -15 19 25 -25 -7 -46 2 -2 41 42 -38 0 -42 -21 -3 11 -8 -1 -13 -31 -11 18 10 -39 3 -28 -15 25 -25 3 13 -9 -1 3
-17 -18 -13 -4 11 -7 -17 -23 41 -36 -3 17 -4 -38 -44 -29 -34 29 -6 -33 -17 2 4 -7 -4 21 -25 -22 54 18 -17 -18 -25 -38 -29 5 -38 25 -12 -28 -25 -35 13 -20 5 -45 -27 2 -12 -4 -17 -75 -29 43 -46 -33 -33 -45 -37 -14 -3 -68 -18 21
6 -8 -2 37 -10 -3 44 22 7 -23 -23 29 53 -12 26 14 -20 42 -5 22 -12 29 -23 -20 21 -5 -12 -18 6 -4 19 -51 -5 1 -14 -6 14 12 7 17 10 57 38 23 -16 -5 -33 -20 17 13 13 41 4 4 -33 5 0 14 19 -20 -44 -1 13 -23
13 -45 -14 -11 -35 -7 2 -31 -41 -31 -34 -55 26 -63 12 -13 28 -3 -19 -26 -48 -12 -22 -24 -58 -55 -50 -11 -22 -64 -33 -81 -25 -30 -26 5 -13 -10 -5 14 -12 32 -24 5 -22 -17 -63 -4 -22 -45 0 -41 9 -4 -20 -13 -59 -8 -17 11 -32 -61 -27 -67
22 21 23 17 -22 -12 -6 1 -25 -9 -12 23 -39 -7 -33 30 9 -22 -29 -34 -16 -33 1 -39 -43 27 22 -28 -24 -17 13 -17 -4 4 -19 7 -39 -21 -21 4 -10 -28 2 -19 -16 -18 -32 -53 -40 0 23 4 -20 -41 2 -48 -30 -13 -29 6 5 -10 -47 -34
-27 -34 -38 2 -25 -25 -5 29 7 -25 -35 -15 6 -75 -56 -1 -11 -28 -42 -18 -37 -12 -67 -47 -23 -2 -35 -23 -4 -27 -14 4 -4 -31 -49 -36 3 -12 14 -49 -25 1 -14 0 3 -31 -34 -15 2 -36 16 -8 -22 -42 -22 -12 -54 -24 -44 -46 2 -6 -77 -19
-7 -4 -8 -48 -21 -22 -29 2 17 -21 -12 -42 -12 10 10 -35 -3 -19 -17 30 -5 -36 -2 -5 -45 -42 14 -6 -14 -21 -2 -8 -8 -37 -10 -12 1 -32 -5 -11 -19 -61 -11 -22 -59 0 -35 -13 -7 -32 -8 -8 1 2 -14 -32 -19 3 -8 -71 -69 -9 -38 -25
2 0 -6 -23 29 -41 -6 6 10 -10 1 -11 8 -10 -1 30 3 10 -33 -46 18 -35 -2 11 -10 -35 -13 7 1 -12 -66 6 -11 13 -10 -23 -31 -26 -9 -28 -39 -79 -26 -37 -19 26 -12 2 -17 -2 10 6 -31 -7 -4 19 -34 -16 -37 -22 -26 5 -34 -53
-17 28 31 33 -18 -20 -18 0 16 9 50 4 -5 -28 79 -45 -3 51 -20 -7 26 -3 10 40 5 24 7 -7 25 31 22 49 63 1 8 33 3 8 -18 22 5 16 37 -1 5 23 -12 -7 19 42 9 5 -33 23 1 2 35 -20 5 19 7 -8 -15 2
-58 13 -11 39 23 7 -38 24 2 -11 24 -6 -27 -31 -24 -3 -30 20 4 18 49 -6 11 -4 -30 -5 -2 -3 -2 -10 2 -7 -32 -20 -27 -47 -33 29 27 -12 -33 -42 -10 -22 29 3 17 17 2 -38 -22 -7 -14 1 -30 -59 -8 -16 -8 30 -7 14 12 -8
8 5 -2 8 13 -15 45 16 8 -33 -7 -11 13 -33 -62 -32 -32 9 1 -28 -24 -10 -24 12 1 -35 -10 -49 9 -26 -47 -9 -22 -30 -46 9 -40 -27 -25 -1 2 26 -5 -10 11 -49 7 24 -39 -5 -24 26 3 2 -41 0 -53 4 3 -12 4 1 -58 -74
36 -23 -20 31 49 -25 -8 -4 -32 -20 -34 -17 -1 -23 12 18 2 15 0 -7 11 9 39 -29 -25 -12 30 11 -61 -1 -18 18 32 -1 -3 -28 -12 -5 -23 -2 59 -13 28 6 -2 -8 -15 0 -11 16 -3 16 12 -25 -6 -26 4 -20 23 26 1 -10 17 -44
23 -14 -52 -27 -19 -36 -50 -45 -31 -60 -29 -40 1 -53 -29 -40 -51 -42 -47 -39 35 -30 -57 -66 -37 -67 -20 -28 -85 -59 -89 -50 -57 -34 -38 -59 -60 -51 -10 -41 0 -68 -38 -8 -14 -45 -31 -2 -22 -23 -51 -27 -34 -64 -54 -70 -28 -57 -32 2 -39 -33 -41 -53
42 -10 -20 1 -10 2 6 -8 -4 20 33 3 -28 -35 -4 25 -30 48 -12 -23 16 37 -37 5 31 13 -7 18 14 7 -19 13 1 -5 5 -34 31 -9 15 10 -2 11 29 9 -12 0 -17 -5 45 -34 -39 33 -10 3 -21 0 2 38 7 25 27 -28 34 22
15 13 45 29 25 -2 53 54 26 34 42 20 51 48 17 3 31 40 13 -20 13 41 -32 50 26 58 -1 8 7 50 29 49 16 50 16 23 -24 17 35 22 18 20 43 21 14 42 43 69 34 9 7 53 -18 4 33 18 15 25 59 77 -14 19 25 15
-39 -24 -1 -30 25 27 6 -7 -45 -33 -27 33 -19 -9 4 11 -10 3 14 38 -24 22 -1 -2 52 -56 58 19 -7 -40 39 32 37 -21 6 -17 -4 17 35 22 -12 -26 5 13 -28 6 -36 -24 41 -15 6 -4 22 -8 16 -24 -6 -18 33 8 -7 21 -29 -5
-21 7 -10 20 -9 -19 6 25 -31 -16 16 3 13 -1 -9 -40 17 43 14 10 6 43 -22 -19 33 42 11 -9 20 -9 18 -9 11 33 5 11 7 2 26 1 12 23 30 -7 13 19 18 -24 -4 9 16 -7 -10 60 27 -4 -26 16 8 -10 32 10 4 23
13 -7 -2 37 3 -1 -26 -21 -3 -19 -12 -20 -23 39 12 -38 -7 -16 -21 69 6 26 -26 -15 56 34 -1 1 -27 15 65 -4 60 -29 34 -3 28 38 7 13 0 2 20 36 27 11 3 -10 34 39 36 2 -16 27 18 31 22 -12 20 33 -2 41 34 13
5 25 24 17 79 -2 -11 42 -8 13 34 19 29 48 39 23 -31 31 22 51 -2 55 -18 17 -2 -14 0 4 -19 48 -26 23 -30 26 22 24 55 16 44 12 1 10 31 45 56 48 32 45 43 3 41 61 71 14 11 -20 -16 3 31 42 3 59 3 -17
-4 5 11 12 -27 43 -15 -25 3 12 8 8 7 14 -7 -16 -20 16 7 59 -14 -7 6 -35 12 -2 3 -3 6 -10 5 16 12 32 -25 33 41 29 48 -9 37 21 -10 35 -8 -24 8 -19 24 16 43 -10 52 23 -6 -20 24 16 -22 41 6 14 -7 -7
23 -45 -31 14 21 -30 -12 30 -21 -8 -8 -29 -29 -4 22 -36 -5 -18 0 2 -2 -30 -24 -14 9 -44 -7 -49 6 -21 -57 31 5 -40 -37 40 3 -26 -20 -8 13 -45 -6 20 -29 -31 -48 -54 -38 -44 11 -14 -37 -54 13 -20 2 22 18 1 -20 -13 -31 -17
-34 -14 -14 -55 -8 6 -33 -48 -42 -50 -46 -16 -38 -24 -35 -15 -56 -5 -16 -5 -13 -29 -54 -48 -18 -8 -2 -8 -11 -53 -10 -18 -33 -55 -64 -2 -27 -49 -39 -29 -28 -63 -19 -9 -41 -36 -40 -37 -4 -22 -42 -31 -15 -6 -22 -34 -51 -23 -40 -4 -79 -35 -36 -38
51 -11 -20 21 -21 -8 -16 18 -8 3 16 6 -9 2 23 -10 -2 0 -26 -7 -17 36 9 7 37 0 -28 -15 -10 -32 -3 5 9 -21 37 -8 8 35 9 12 -30 -7 29 21 -8 -13 -16 26 10 -12 -28 -2 -17 39 -2 -36 25 -11 30 -21 -18 -3 25 14
-3 51 62 -6 44 -2 23 4 -15 25 18 -1 3 39 -24 10 1 28 -4 6 8 27 4 -21 24 2 15 17 27 15 -13 38 33 35 -2 -6 -19 13 12 -7 35 -6 11 31 -1 -6 19 26 5 -14 7 5 35 21 20 20 27 38 26 -4 -27 10 52 14
36 -9 -21 27 9 -26 19 22 3 36 -13 29 13 22 0 27 20 3 -26 2 17 7 8 12 4 18 5 -27 30 -3 6 25 11 22 -3 24 6 37 13 57 38 10 -3 6 -14 36 22 12 -4 -11 -31 40 -2 10 -13 27 22 26 -4 -6 16 38 43 38
43 -3 -17 -11 -11 -25 17 3 12 -14 6 4 -16 7 6 29 5 2 0 34 22 -8 -44 -6 3 -7 10 -19 -31 -51 -16 36 -5 -68 -20 -43 -32 22 -8 -11 -6 -23 -18 -9 14 -37 -26 22 12 -64 -3 4 7 -18 -45 14 -16 -44 -20 -26 -10 -3 15 16
30 -1 26 19 37 -32 -1 -22 -32 34 -4 4 58 36 48 51 57 42 -4 28 43 45 29 24 23 19 5 -3 -23 35 19 36 51 9 -17 -7 36 76 49 48 16 50 -8 16 17 54 6 12 -27 1 15 53 59 7 40 -9 -7 13 36 34 24 37 7 11
-46 41 -20 -8 -30 -39 -32 -31 -24 -20 30 -18 -28 -4 24 -51 -38 -32 -42 -28 -8 -36 -51 -7 -2 -30 -23 -13 -25 -42 -19 -25 -10 -13 4 27 -23 -39 -15 -20 -36 -23 8 -30 -22 -30 -20 -12 -22 15 14 -53 15 -33 -34 -11 5 0 -53 9 -33 -41 -45 -9
-33 -28 -30 -54 -41 29 -13 -7 -10 15 -49 -13 -39 -31 0 -6 -19 -79 2 -45 -18 -12 22 15 -37 -33 4 13 -53 -17 -14 -32 -43 -33 -25 -16 19 -48 -45 -44 17 -45 -44 -28 -41 -18 -40 16 -60 12 -45 13 -9 -4 -25 -4 15 -18 8 -13 -23 -3 -2 -19
53 55 24 -13 43 7 34 -5 17 -11 36 34 64 24 19 -7 -11 53 0 1 5 54 38 77 46 25 8 20 47 79 31 24 26 52 29 -2 50 8 25 -15 5 37 43 7 -10 9 12 7 18 27 -3 5 28 33 55 -5 29 44 59 29 34 34 14 21
3 30 18 19 37 32 67 0 18 52 46 60 24 35 -2 40 7 50 20 31 39 -1 -22 46 21 6 3 -11 29 -26 42 10 38 -8 40 14 53 7 -16 27 -13 19 35 50 31 19 30 76 11 19 -22 27 3 -5 -13 29 1 -2 -9 31 7 24 49 7
7 -11 -55 -9 4 36 33 -10 -36 -19 -3 -29 -29 -34 -46 -22 15 0 0 -2 22 -26 8 -17 -19 6 -41 -26 13 -44 -53 -40 1 -28 4 -2 -34 -27 -67 -1 -3 -9 -9 3 -21 -42 16 -11 -28 -15 -32 -35 -35 -2 -39 -3 -22 3 -6 -6 9 -23 -7 -35
36 14 30 -21 -42 7 -28 7 -8 14 61 25 -6 53 16 -11 -14 -45 14 39 3 -28 6 -2 10 -2 -11 -15 -7 14 3 -3 -13 27 17 0 17 -11 -21 -4 -48 -14 7 16 60 10 38 21 26 10 44 -7 29 -22 26 -11 25 6 4 -16 7 -23 -3 -24
21 -38 -16 -25 -23 -46 8 -47 -26 8 1 -7 -29 -46 11 -32 -50 -5 0 48 3 -22 25 -16 -6 -15 -48 3 -7 -25 -4 -13 -21 -34 -6 -2 1 -25 -7 -80 -33 -16 -36 34 -23 6 -9 -28 -51 -20 -17 -23 -22 -17 -49 11 4 -37 -41 16 -1 -39 25 21
-21 -6 -52 -16 29 -12 6 13 -1 -1 -58 -24 40 45 -9 -14 -7 -36 -17 37 -23 4 -25 11 39 -10 -14 -7 12 -3 7 -47 6 8 -32 8 7 2 -8 1 -20 22 3 -18 2 57 -12 -97 -3 16 6 21 -26 -5 -12 50 -16 1 27 30 -13 -4 6 7
-10 -9 -27 0 -12 -12 14 -16 -41 -3 -16 8 2 11 -59 -61 -30 -38 -6 -41 -34 -21 -48 -24 -15 -1 -57 -39 11 -10 7 -41 -13 -10 -5 -71 -12 -5 -69 -7 -40 -40 -51 -53 -23 4 -13 -62 -18 -41 -39 16 -5 -72 -51 -55 5 -21 -22 -57 -1 3 -43 -33
-69 -25 -31 12 -50 -7 32 -12 -7 -19 14 -5 -6 -14 24 -39 -11 -42 6 -8 -53 -7 23 10 -13 -32 -53 12 -54 -55 26 -28 7 8 -1 37 -32 -31 0 -20 -52 30 -19 -21 -33 -16 -43 -33 -21 -20 -12 -17 -32 -53 -44 5 33 39 -53 -25 15 -18 11 -62
-32 -8 37 -22 22 -21 -2 28 45 27 6 23 -9 -1 9 20 -32 -36 3 -8 -6 1 0 -6 -20 -2 -6 10 -19 -10 13 62 6 3 -2 5 0 15 22 11 15 7 -3 -28 13 53 20 21 49 8 4 14 42 11 12 34 15 -13 6 -22 7 15 12 53
-13 16 26 31 14 17 23 42 -18 17 22 7 -6 -23 40 31 -46 23 30 21 26 -4 26 44 -7 0 21 -8 -9 14 16 16 13 36 22 20 39 -3 -23 18 26 30 6 20 10 10 -22 -7 -6 28 -10 27 -11 32 -5 13 10 -2 -37 44 22 56 44 25
-29 -8 -7 -46 -51 -6 -40 -18 27 -10 -22 -38 -17 -5 -16 -17 50 -30 63 -12 10 -26 8 -3 5 -8 -6 13 -24 39 43 7 -15 -17 16 -46 -26 4 8 -44 -10 -25 19 21 -17 -3 4 -2 37 -6 17 3 31 -3 -9 -28 9 -27 -9 -3 6 43 -2 -30
0 -3 -5 36 9 26 -19 -6 14 -25 1 17 5 -44 -9 -8 -7 30 25 -23 -75 -58 17 1 22 -8 -13 3 12 -15 -5 -12 -7 -34 2 -22 40 -3 -50 -51 -35 4 16 -33 -27 -29 2 -16 -30 40 -10 1 2 22 -31 -31 5 -44 -53 -2 11 -32 -10 -14
79 8 4 64 17 39 4 46 26 58 41 37 -25 63 24 3 37 14 11 37 53 32 37 13 17 46 22 7 13 34 40 21 32 38 9 31 -5 58 49 30 21 46 59 18 31 41 43 14 6 8 43 42 -1 55 5 -14 26 24 -12 28 49 11 60 70
24 -24 -25 14 23 11 1 10 -63 -26 42 13 33 29 -2 -18 16 -24 -3 -15 -33 -2 2 -14 14 -45 -22 -60 -23 17 -22 30 -34 20 -6 14 -20 -5 9 -2 -44 -17 4 -36 44 -30 8 -48 1 -22 19 -33 -1 11 -36 11 -19 -20 -2 12 -6 -1 27 -21
-1 -34 -7 -13 -9 -37 -38 -19 7 -34 -15 -24 -28 7 25 7 -43 -45 1 -44 -9 -13 3 13 10 -38 32 35 -28 -3 -26 -37 4 6 15 27 -14 -12 0 -30 -40 -46 -1 12 -13 -27 -70 -20 -36 27 8 3 -11 -1 -37 -28 -17 22 -47 -30 -2 3 -35 -9
-13 -34 -3 -4 10 -12 2 24 -29 1 -8 -8 -40 7 8 -6 25 12 24 8 -11 12 7 36 12 -2 44 33 30 36 -8 24 6 39 -16 -17 -26 14 9 24 -9 -17 8 -19 13 -35 1 35 45 13 -4 55 -20 -5 26 35 23 6 -10 34 -30 52 -26 -4
0 30 -9 17 23 56 42 41 6 37 -3 26 5 18 -15 13 -11 22 4 16 8 65 17 41 68 -12 27 38 7 44 3 4 8 -21 -35 46 23 17 -20 19 -13 27 22 23 15 23 64 -22 26 5 9 42 -9 8 19 3 4 12 31 62 0 5 7 -16
-40 14 23 36 20 -19 5 -14 25 51 9 4 -28 27 9 -16 7 -21 0 20 12 51 -18 62 31 13 35 55 13 10 30 -24 -46 -33 -4 48 13 31 47 10 -2 -23 -24 2 13 29 -18 1 10 -9 -3 33 8 8 46 23 9 21 -3 -25 -11 -2 25 41
-38 32 9 6 7 6 22 -3 35 23 34 -10 13 20 -3 -10 20 -18 -26 9 40 5 -2 -40 14 16 14 52 -1 -19 -2 -3 24 -3 21 4 -17 48 -24 36 13 -19 22 12 -9 19 -7 -23 19 3 -11 -21 16 -1 2 27 -9 -9 -3 23 -17 -14 21 43
-9 1 -43 -35 -21 -1 5 -18 -21 -42 -37 25 -5 -44 -18 -2 42 -10 -60 -18 -64 -48 -8 -2 9 -23 -16 -3 -17 -9 -16 -2 -44 -26 -5 -3 -12 -17 -12 -2 -9 10 -22 19 4 -56 -38 27 -68 13 3 -14 -53 27 16 3 -50 7 -10 12 -37 -11 9 40
-24 -21 22 -36 -53 -15 -18 -24 -50 -18 -14 -70 -43 14 -22 -38 -17 -7 2 -39 -21 -30 -72 -7 -9 -10 -8 -44 -49 32 -21 -40 -24 6 -7 19 -6 -24 1 -18 18 -23 -30 -24 -13 -9 -29 -8 -22 -22 -4 1 -61 6 -17 -23 -36 -4 -15 -18 -35 11 -24 -23
-4 -27 11 -19 -14 -18 -30 -33 -27 17 10 18 38 15 19 -3 9 -24 12 27 14 3 -10 32 18 -31 -27 19 -18 -5 -4 3 3 12 20 -46 30 -16 11 -31 -44 -5 1 -30 -2 -14 -8 -21 -33 -13 -34 36 -3 -14 4 8 50 -7 -6 32 -33 0 -14 4
26 50 -3 -30 -11 -36 27 16 -4 6 -4 -8 2 -1 17 -3 4 2 -4 -1 12 32 -22 -9 -6 2 -4 -13 11 38 14 -15 2 16 -20 -17 8 9 0 21 -24 -18 -26 -24 6 11 15 9 -2 45 -9 38 31 0 -11 43 18 44 9 26 -9 16 -18 14
-7 -34 16 -9 -1 22 -39 17 -2 -8 -47 19 2 -23 -15 16 42 -48 -9 39 -17 -10 -6 31 -4 -15 32 12 -39 -46 54 26 2 -18 24 -33 4 6 19 36 5 -8 23 -1 -1 -38 -17 4 16 -25 13 38 -16 2 38 -40 9 -29 4 7 -19 62 11 7
-30 46 46 49 20 -12 27 63 40 15 36 39 -6 6 56 -1 14 -2 63 7 44 15 25 51 33 -20 19 9 9 5 -31 6 -5 8 19 34 25 7 -20 49 10 29 -7 25 39 37 39 -6 52 12 33 47 31 6 15 23 26 20 2 17 26 6 0 -20
-44 -35 29 0 -21 13 1 -12 22 21 35 -1 -7 41 7 30 10 10 27 25 -11 -6 -11 -19 14 39 -10 17 -24 -26 -2 49 2 10 -33 -6 4 -10 -8 -11 11 -11 33 21 -10 -2 -7 7 9 -36 -8 1 -9 -18 8 11 31 -6 -22 15 -42 -28 -29 -35
27 -31 -6 -40 21 7 0 19 -10 21 -11 -22 3 1 41 -10 7 9 33 -18 -20 20 -36 -42 4 -9 0 -8 -26 -4 5 5 11 -9 -32 -32 9 -4 21 21 -33 8 1 -7 -11 0 -4 -12 -2 -22 22 -19 2 12 -12 32 25 -8 27 52 21 23 -9 1
41 6 27 -9 7 -33 -40 -7 3 -13 47 21 -5 16 -21 -13 23 5 2 13 -9 7 -12 9 -13 24 -4 17 -14 -22 -31 7 32 4 51 19 28 -8 1 14 42 8 -10 1 4 12 7 5 -16 5 8 -3 -34 -34 48 7 5 -29 -8 -23 -19 -25 9 -5
8 0 26 -16 -20 8 -3 -22 -6 11 8 7 18 17 -3 -41 8 -15 -15 -50 -16 -8 -7 8 -20 -4 -30 19 -41 -22 -3 5 28 20 -25 -30 -4 -28 49 -3 24 32 -21 -28 3 -26 -36 6 7 5 48 6 -27 3 -25 -3 8 -5 -9 7 -21 -9 -16 30
59 36 26 1 44 31 13 17 37 3 42 26 25 24 21 67 18 47 57 58 63 26 29 33 53 10 28 31 58 29 18 -7 40 -6 51 14 56 60 -4 10 11 1 41 38 9 41 42 44 48 69 29 28 93 16 22 7 39 21 54 36 60 33 33 30
-11 -9 3 -28 12 -16 20 26 -32 -20 15 -10 25 33 -20 25 -6 20 -2 26 3 20 -28 -1 32 -24 -8 15 0 -44 -43 -7 35 -20 44 -33 20 8 -9 -2 -29 7 13 23 -25 -42 -4 32 -5 1 -28 29 47 1 6 -27 7 13 12 -12 -9 29 -40 10
17 38 37 28 26 -8 18 39 14 4 56 32 6 -2 18 38 -5 41 44 -3 35 39 66 20 39 54 -16 16 43 -10 61 41 41 27 22 9 -2 -37 31 54 70 76 26 26 37 42 19 3 55 20 36 5 19 45 52 35 20 11 28 13 65 10 36 15
-52 -1 -39 -22 -51 -40 -39 -12 -57 -25 -47 -89 -3 -26 -19 -5 20 -37 -51 -55 -46 -48 -22 -22 -5 -54 -44 -28 -13 -24 -67 -32 -16 -48 -71 -35 -73 -1 -9 -19 -9 -26 7 -33 -28 7 -42 -7 -17 -72 -34 23 -55 -18 -57 -56 -38 -34 6 3 -14 -10 -34 -25
38 -36 5 1 18 -19 -16 38 -7 5 -3 29 -10 29 -19 12 6 10 8 -5 36 -16 -12 7 -13 38 22 18 42 5 -1 26 10 4 13 -29 -43 21 31 -13 12 37 55 43 -18 -10 0 44 42 -22 -10 -6 -15 5 -17 21 11 -6 -5 30 29 44 3 8
-21 25 -29 -11 -1 -14 9 -28 -27 3 -41 -19 24 22 -49 8 -23 -15 -41 1 11 -23 -49 10 -49 -10 -1 -2 6 -36 24 -1 24 5 17 -29 24 -9 2 -32 -4 -24 5 -4 10 -37 4 -1 12 -27 41 -2 31 -8 -8 -20 -16 -31 -28 -7 -30 -53 1 -9
-23 36 -24 6 -43 -24 -43 -29 -42 21 -1 -87 -27 3 -8 13 -12 -10 -28 5 -17 -21 -43 -2 -51 -9 -19 -36 -21 -14 4 4 -17 -18 -42 -5 -20 -36 -16 -21 11 -30 -105 -23 -24 -3 4 -44 -7 -20 -29 -77 40 13 -57 -41 0 -28 20 -31 -31 10 -27 -6
-2 11 -3 -27 24 8 -8 -22 -18 13 2 -8 6 25 -12 -38 -30 -10 -12 -40 -12 11 26 -17 -32 -3 12 -37 -4 -40 34 16 6 34 20 2 10 -4 -7 -2 8 -19 -20 19 -34 -20 -40 -9 -27 -46 20 4 -11 -4 -5 -45 63 9 7 -42 -16 -23 -30 -17
-15 -41 -17 -32 -36 1 -27 -31 -51 25 -20 -43 39 -10 -37 -17 -17 -5 -8 -80 -44 -39 -13 -52 14 -44 12 -20 -24 -66 -40 -6 -8 -11 -60 -20 -19 14 -27 -16 58 -9 0 -21 -64 -13 -25 -9 11 -66 -36 -23 -31 5 1 -43 -67 -84 -19 -14 -23 -20 -34 -26
-16 -8 -39 44 -29 17 17 -43 49 8 2 45 -22 -21 -14 -2 -12 -12 -1 7 29 -15 38 -19 4 -11 -30 15 -14 21 21 -22 5 0 9 36 15 -31 -12 1 15 -40 -20 11 -18 43 -12 -3 -20 33 -6 17 -3 -15 -10 -13 5 -16 -29 -20 -3 27 23 7
-17 5 5 23 49 15 -16 5 10 24 -22 -8 -11 5 12 -12 15 31 11 17 -21 15 33 40 64 -2 -41 -40 26 8 21 36 -8 -17 -15 -2 -25 23 -7 10 31 -6 21 3 1 39 37 29 44 31 3 18 12 14 5 65 17 15 11 -4 7 19 17 3
-18 17 14 -28 -35 -5 2 -57 -31 23 13 -24 -13 -43 -9 25 -27 19 -9 65 -10 -5 -48 -20 25 -33 -18 0 -9 -19 -33 8 -27 2 14 -42 -3 2 20 -19 -44 -18 -7 -6 -47 25 1 -3 -6 -48 -18 15 0 -61 -3 -15 -41 -27 -7 2 -33 30 -16 -11
-40 32 2 21 -13 -7 2 -4 -2 2 26 20 3 21 27 19 23 25 57 20 23 21 21 6 38 15 17 27 -19 3 8 14 -7 -15 -1 45 -17 27 20 36 37 10 -5 17 -12 37 -12 28 43 -2 14 15 16 33 7 63 21 -12 44 7 17 23 -24 -17
-40 -33 0 -31 -15 13 20 -2 -17 23 -3 -17 -34 -52 -14 10 58 -8 5 -7 18 3 -15 -11 -34 -26 42 28 0 -24 -2 7 -39 -32 6 21 -38 -21 -12 -29 -21 -36 3 -34 -21 38 -8 19 16 -15 -49 10 21 38 -4 -3 9 -45 -18 -15 20 -13 24 22
-38 -6 -6 11 -26 -25 -30 -14 -22 11 15 -21 -11 -10 -4 -22 -24 -44 13 -9 -4 -5 -9 -13 -14 20 -42 -16 4 -11 -15 3 31 28 -24 -28 -41 -5 -20 -40 1 1 -32 35 -29 -51 -16 -5 -26 12 12 22 -26 -19 -42 9 17 -13 -30 -45 -12 -7 -7 -72
7 -35 -24 -8 10 5 17 32 -3 21 -6 -12 -12 59 -2 65 47 4 -9 -23 -6 26 14 -18 -17 1 13 -11 -14 -22 7 62 -6 28 -22 -26 -13 -7 8 -6 -7 -9 17 -33 6 30 37 22 -13 -41 -22 -31 -46 39 7 29 4 7 -24 -31 -18 -23 0 -17
25 59 17 -13 5 -23 45 4 26 1 31 18 20 -11 16 -16 3 39 5 -21 33 13 17 -36 -5 -7 11 29 4 -23 -10 -18 48 -18 22 10 6 -11 -56 22 14 30 10 66 39 27 -36 28 -8 29 18 29 13 18 21 22 6 22 -12 13 5 24 27 -4
11 28 47 21 -23 0 55 24 22 24 53 38 3 19 23 45 26 39 4 -3 33 21 3 35 -10 51 19 47 46 1 29 -11 30 16 32 -21 -26 29 -3 13 15 43 30 2 3 -2 50 22 -6 -24 -2 11 28 12 22 20 26 -5 23 -4 4 -3 39 45
35 5 36 22 -8 8 -2 10 -6 45 37 9 9 39 26 -20 6 16 15 9 -8 21 30 -17 52 28 3 -7 26 1 -4 48 8 -1 45 -11 17 0 -17 12 26 -4 26 34 32 28 -11 -13 41 -12 13 5 -15 23 44 22 28 -23 -8 27 2 17 25 3
48 15 -2 28 -4 13 2 24 25 4 17 23 8 -1 13 -16 11 44 22 9 -28 0 32 5 61 7 -17 -4 -7 15 2 24 24 5 29 23 43 50 1 7 5 23 38 -2 10 -5 -31 10 6 13 32 -15 35 14 32 21 -6 -4 38 -21 28 9 -14 11
11 -35 15 -19 -5 -27 6 6 -32 -16 -12 -10 -42 1 -26 -24 0 -14 33 -4 9 -42 8 35 32 -56 -2 -2 -17 -22 -10 -1 -6 -54 -6 -20 -28 15 -30 31 6 1 -12 -22 -55 -50 -29 -1 -4 -2 -5 8 -25 -4 7 23 15 3 13 -12 -17 -3 -23 -12
0 -8 -13 6 -1 -12 0 -1 25 16 -15 14 -18 -14 -21 14 6 -10 -28 5 6 -39 39 -10 -8 -41 -11 -39 -59 20 -23 27 15 26 36 4 14 7 -14 -14 3 -12 -4 -40 -15 2 -6 -25 -39 58 -28 -40 -35 0 -18 -35 4 30 17 -30 -12 -19 -3 15
-11 -30 6 -4 -22 46 23 -19 -30 2 -2 -2 24 24 5 0 -18 -20 50 16 6 35 -38 -42 60 5 38 35 36 9 13 1 -6 -25 -11 -11 -7 -13 64 -13 38 -6 5 -11 5 4 32 42 64 -28 21 5 9 2 29 30 -37 19 -11 -16 -19 17 -38 -4
4 8 23 49 9 -3 7 16 -11 -7 30 -17 32 -27 9 -12 -20 -5 9 6 25 8 24 11 11 -19 -41 3 29 21 0 35 11 -6 -36 43 -21 19 2 -35 40 28 33 9 0 4 43 -14 38 20 17 -10 31 29 18 18 12 41 2 -22 24 24 17 0
9 -19 24 1 -5 2 -1 -11 -14 0 18 8 38 5 9 5 -25 -4 -33 -9 -45 3 25 -11 38 -13 -2 21 13 4 11 -5 -7 13 -17 45 -5 29 4 -15 39 1 1 36 1 39 22 -28 10 25 1 31 -22 -15 37 20 -15 6 7 17 29 33 13 30
13 -33 -8 -22 -27 -37 -36 23 36 -1 -56 -20 -31 45 -20 15 -6 6 8 29 36 10 -21 19 10 -46 -1 -13 -31 -45 -8 24 16 -7 -11 6 6 13 10 -55 -15 -2 -20 21 -23 -11 2 16 19 17 -5 -19 0 24 -14 -34 2 -3 1 10 30 1 9 -5
-27 8 42 -31 1 18 24 -10 32 -11 30 -14 15 3 20 18 21 30 21 3 61 -43 -18 -23 6 -27 21 -16 12 -30 27 -44 -11 13 12 -3 -2 8 17 -7 -11 -20 11 13 -6 25 -7 -3 -12 11 9 -5 15 17 -29 -6 4 18 -51 -34 -1 17 -19 21
2 12 -6 7 -12 -19 26 -3 -7 -7 2 -18 8 -10 -43 8 -12 41 -60 -49 9 52 8 28 -19 -25 -12 16 -2 7 -61 -44 -9 -12 -19 -2 8 -13 -25 -23 -34 -30 -17 -35 -12 1 12 16 -25 -12 -6 14 -6 7 3 -48 -44 -14 38 9 25 -65 22 -29
2 55 -15 6 -12 -28 -13 8 5 44 15 -13 -9 -7 -3 8 13 31 24 18 14 -8 -9 -24 -14 -9 0 -14 9 -47 -7 -20 -22 -2 37 24 4 5 12 0 -10 -44 -15 18 -1 19 -26 -11 -7 -19 11 -19 6 2 5 -6 20 -13 6 5 23 -15 39 -19
-6 16 -35 13 -7 -19 3 6 16 -14 -19 10 28 15 22 -4 5 -28 13 -29 -7 -34 -12 -23 -31 -15 25 17 0 -6 -23 10 11 15 -22 25 -32 6 22 -6 -16 11 -20 13 -18 11 12 23 -13 -23 19 6 -17 23 -20 -5 13 -11 -9 -10 3 -7 -43 -21
23 40 8 -13 24 12 15 -21 1 9 -2 17 16 32 0 -1 31 -12 7 24 -18 -21 -4 13 -37 13 -20 7 -52 -28 47 0 37 4 -17 2 21 -29 19 -19 31 -10 5 12 12 16 23 2 13 -1 41 -19 -14 -15 35 18 -19 -11 10 -29 2 10 12 -35
45 30 1 42 45 29 13 50 6 -22 43 28 31 2 -14 18 8 45 37 75 10 11 44 24 60 64 28 13 66 16 2 44 50 29 65 52 40 45 6 23 37 44 41 33 47 8 61 13 16 35 -5 15 43 36 26 14 3 12 12 22 37 66 27 4
-28 -6 -25 -10 -29 -18 7 -32 0 25 20 -25 19 -17 1 -41 16 -4 -9 18 -7 2 -25 8 -12 -19 -10 -6 -63 -31 28 -48 41 -12 1 -8 -9 -8 -2 -38 -24 41 23 13 6 -19 -10 -13 -43 -30 -17 8 -38 -46 -32 -3 4 9 34 -19 -12 23 -26 3
-31 -34 -27 -7 17 -23 -17 -41 -42 -4 -45 -36 -24 -3 -9 27 3 -49 -1 -45 -8 -37 23 44 -5 -41 2 -20 -44 -21 -29 -45 -34 -18 -28 -40 -24 -3 -29 -6 -11 -12 -3 -69 -29 11 -22 -5 -4 6 -19 -8 -34 -11 11 -39 -62 -28 -21 19 -2 19 1 -3
-35 -27 8 -55 -18 12 -36 -28 -36 -42 2 -49 -11 -3 -33 -56 -48 -49 -18 -13 -65 -61 -24 -68 -29 11 -18 -20 -45 -42 -39 -9 -14 -6 -36 -15 -19 -26 -52 -31 -56 -37 -68 -4 -18 -41 -37 -44 -79 -21 -19 -55 -26 4 -6 -39 -6 -34 -18 -36 -47 -58 -48 -44
44 0 25 -15 4 1 1 -11 13 34 -18 -32 16 -8 43 26 9 28 11 -15 24 43 -7 -3 43 -3 -16 -6 2 -25 -8 -10 -8 -19 -14 -32 -20 46 -24 -12 5 38 -1 4 -13 14 7 -37 -5 29 -5 18 28 3 -16 2 21 18 -32 34 18 -4 29 24
-40 -36 -26 26 -54 -39 -45 17 -64 -48 -39 6 -20 -31 -29 -34 -20 -25 -43 -43 -41 -14 -9 -65 -32 -22 -33 -50 -55 -56 -36 -7 -53 12 -50 -19 -25 5 -17 -15 10 -3 -47 20 -27 -20 -28 -47 38 -27 -23 -24 -31 -36 -29 -25 -48 -57 -30 -31 -7 -47 -65 -83
-17 13 21 42 21 24 12 15 25 -13 13 12 16 15 35 46 48 47 0 21 78 48 33 20 -14 -1 45 21 15 34 1 22 -8 19 2 51 -12 21 51 2 35 19 -25 1 14 53 -4 -15 27 -16 18 15 26 29 38 -23 -16 25 11 41 0 24 44 -14
7 31 31 18 57 -18 19 0 21 19 18 28 3 -38 42 -8 11 5 11 -6 20 17 20 36 -24 14 -18 15 61 29 8 4 27 -31 -12 -5 -17 26 -15 13 -4 -6 6 10 23 38 44 -16 17 -6 21 13 27 27 -9 35 3 24 21 -21 15 39 31 24
26 27 1 37 13 -60 -5 -15 40 14 48 44 23 58 42 11 55 41 7 0 -8 2 19 63 35 10 -15 -1 0 29 28 -17 36 44 43 33 27 17 18 10 43 22 34 7 27 48 20 -4 -1 16 2 27 -15 26 26 94 33 -1 21 52 59 25 34 9
70 16 -31 20 -10 10 -3 35 -29 -7 16 9 6 29 23 33 26 -9 58 17 19 36 -5 23 -27 20 19 -28 14 53 3 38 22 38 -6 6 34 7 16 14 23 9 3 59 1 24 29 56 36 43 19 49 47 -11 57 34 7 38 -7 -19 17 23 37 -40
-8 -50 17 -7 -12 -9 5 -32 2 3 12 -31 -34 42 -44 -13 20 -20 -35 0 -9 -39 -5 -5 -2 -19 -21 3 -9 -50 0 27 -2 4 0 -8 22 -2 -4 -41 -18 26 -13 -37 -32 7 -22 -4 19 -8 1 -34 6 33 23 -32 -3 -29 -58 -11 -8 4 -13 -22
-35 28 -40 -7 33 45 11 28 -72 -2 -31 -17 5 -14 2 3 -20 -17 -47 -10 -42 -21 -19 26 14 1 7 29 -8 -33 -1 -40 -9 -20 16 12 22 -26 9 -2 -19 -43 -45 -52 4 -5 -35 -13 -43 -39 -15 -11 1 15 12 -14 -1 30 -9 47 -28 23 -12 -14
25 -8 -1 -18 1 30 40 19 11 -24 -16 4 -15 -30 -13 7 -41 5 26 21 -1 -22 -25 1 -25 3 63 1 29 51 36 -13 -23 -26 30 3 -4 -14 -27 -20 -36 -45 -13 -17 -12 12 28 0 42 -22 22 18 16 -29 -7 3 -19 23 37 -28 29 -14 -1 2
15 6 3 -3 28 41 7 -13 -11 -9 39 5 31 15 -25 32 8 0 12 15 -37 -4 51 0 6 -9 20 10 29 14 44 -1 -11 56 22 65 15 -1 27 -2 28 60 58 -4 13 24 33 -27 -5 42 74 -27 -4 38 25 10 -4 24 4 17 42 -14 38 29
-12 16 -24 -4 27 -2 -18 -28 -10 -14 -49 -9 -10 1 -40 -54 -14 -59 6 -14 2 -41 -30 -34 -19 -34 1 -9 -4 9 -5 -12 10 13 -20 -43 -11 -38 -27 -2 -54 16 18 -7 -43 2 14 38 -12 1 -16 -30 -24 -21 -9 -22 -34 -57 -7 -22 -37 44 11 -30
-34 -38 -47 -22 2 -54 -59 -21 -54 -35 -41 -35 -19 -30 -15 -16 -47 -18 -3 -11 30 -25 -24 -26 -27 -39 -39 -58 -27 -53 -20 22 -29 -47 -36 -52 -54 3 -49 -10 9 -66 -22 -34 -57 -65 -26 -58 -48 -35 -52 -27 -29 -59 -12 -53 -42 -59 -30 -32 -20 -16 -16 -14
21 -57 -33 1 -29 -16 -35 -18 2 4 -45 -23 16 -53 -16 -13 -5 -23 -16 -6 4 -28 7 -44 -15 -10 33 31 -12 -29 -17 41 0 -39 9 -15 -11 30 29 -27 28 4 -10 -35 -41 -20 -3 -58 -15 -33 8 1 -5 -8 -2 -16 -16 -16 -4 8 -19 -8 19 46
54 23 35 25 25 31 -23 24 -32 -8 58 56 -6 58 4 26 -18 25 29 40 1 37 39 50 60 2 3 4 17 50 56 -15 -4 23 54 9 45 -2 13 41 3 43 63 -3 24 -18 -7 -6 5 9 41 -22 32 -8 41 32 10 9 22 45 -23 16 0 55
38 30 45 -51 14 3 48 -53 -15 16 48 40 17 -5 27 -16 0 19 3 -37 -45 -12 25 17 -35 28 14 14 8 40 -5 6 25 41 34 -18 26 0 4 19 8 30 18 5 -9 16 -6 28 -20 -6 29 29 30 -19 48 8 -1 13 -7 -30 -5 19 55 8
44 17 72 38 18 5 -27 14 24 21 -11 21 11 24 25 5 22 18 45 3 50 41 44 16 31 31 49 18 -21 25 19 31 81 46 20 12 24 31 43 59 56 40 51 28 39 9 24 26 35 36 33 23 32 3 44 -8 31 -28 51 14 7 11 25 -9
