4 -19 36 10 46 54 9 85 8 0 30 102 -16 6 -44 -41 22 16 -19 -19 -44 53 10 -15 6 10 -2 -6 -29 -23 68 29 95 15 -35 40 -26 32 -32 -23 -5 41 9 36 -32 -1 4 -26 -46 90 5 55 41 24 -45 16 26 -27 21 56 14 11 39 31
-7 40 57 35 -6 -23 -36 4 12 -86 -49 -19 -63 5 -26 26 29 -43 -10 73 -36 64 -105 32 -95 24 -14 20 -24 22 51 2 48 -25 -46 20 -8 -70 15 14 34 98 -21 39 7 62 -55 -8 35 -36 -3 -15 -39 75 -13 12 -38 106 -2 -21 -56 90 -13 38
11 7 77 97 37 -9 76 -40 1 34 76 -89 33 92 27 14 -4 -72 44 54 -19 -16 53 57 49 -33 66 15 27 34 20 19 25 0 41 48 -15 20 42 27 -19 15 43 74 69 9 37 43 47 14 47 32 16 49 6 -30 -52 38 52 23 2 83 -47 55
66 32 55 14 9 -5 46 49 60 58 11 -8 -39 74 32 12 3 -19 1 94 -2 43 89 -10 4 -3 -6 48 14 17 53 62 -27 2 -41 40 -21 -5 -16 24 43 46 20 -50 52 55 56 -31 -32 74 -64 35 -5 56 52 34 58 34 59 -17 -14 20 76 19
-1 -16 -49 -27 -32 -88 -17 -91 -79 -9 -72 -101 7 -30 -77 -23 -97 -7 -24 -17 -119 -82 -20 -60 -15 -54 -36 -28 24 -83 -29 -13 28 -32 2 -85 1 -49 13 -111 -90 -101 -11 24 -70 -95 -68 -27 -13 31 29 -26 -32 -64 -15 -91 -1 -11 -52 -27 -55 -6 -61 -71
42 24 50 -63 4 -10 -8 2 11 5 -24 -3 32 27 22 -13 -128 28 -41 19 47 -33 22 -16 -38 0 -12 -48 -38 -107 36 25 -13 15 18 60 66 25 28 24 8 14 -21 52 -13 47 30 -15 -8 -8 7 -23 3 9 3 51 -17 52 -5 60 22 -14 -9 44
-2 -21 49 19 -33 7 -27 -16 -33 17 0 25 53 0 66 17 -106 -45 40 0 16 -73 53 -38 40 32 -14 14 1 -57 17 9 21 18 -39 -69 -10 -49 -21 40 2 30 73 18 71 18 33 8 37 26 -40 33 45 69 -5 34 41 -7 18 39 33 3 52 -29
13 -77 47 -3 -25 41 -59 -58 -96 -5 -86 -48 -13 -41 14 68 -51 -51 -37 34 -6 -85 -22 -7 -41 0 -20 -3 -3 -12 11 -96 -73 -3 -82 8 -108 -26 -10 -15 -62 24 -50 5 -48 -102 -46 22 9 -44 -57 -8 -2 -96 38 -32 5 -19 -51 54 -39 -16 -11 -4
5 -39 22 34 6 -23 -9 -35 -46 2 15 -11 -4 3 -41 -67 -53 -50 33 -20 15 36 -13 18 -53 32 -22 3 -77 51 -72 55 -28 39 -46 -13 15 -16 22 -1 -26 -22 27 -49 -40 -6 75 0 -28 -120 46 -4 27 -67 -1 42 -17 43 -21 14 -52 -21 10 53
32 37 -7 -61 47 -37 22 -10 -65 -35 -15 -62 -46 -73 -55 -51 10 -50 1 -58 -17 -59 -10 27 12 1 -8 -55 -57 -82 -18 41 34 -58 -23 -15 23 -71 -43 25 -119 -102 26 -89 -21 -110 -46 25 -8 32 -25 -4 -53 -49 30 -30 -114 15 -15 -64 -54 -5 -2 -26
-18 32 87 -83 68 69 85 -39 18 -12 -73 15 -4 -47 -32 19 54 4 80 -7 19 -31 29 32 45 -17 -47 -50 63 63 20 -7 38 -45 -61 8 38 77 -24 42 -10 18 29 11 1 78 34 12 49 46 22 4 -6 -15 17 2 38 44 20 26 -8 60 74 32
-86 -61 -1 -55 -56 -115 96 -53 -34 17 -28 -81 -101 -38 -83 -116 -73 -29 -15 -72 -70 -53 -116 -31 124 -61 -79 -122 5 -33 -75 1 -102 7 32 -97 -120 -31 -71 7 14 -72 11 -30 -65 -63 -84 -94 -58 -82 -45 -86 -87 -87 -73 -43 -111 -104 -106 -23 -50 -73 118 -74
40 -85 -47 -42 1 1 -2 -54 -90 24 -7 0 4 2 -2 -27 29 -71 -45 -128 -17 27 -4 -74 -30 -5 -65 -49 18 -55 -47 -49 -85 70 41 9 7 4 -92 -63 67 -2 -19 21 5 14 -23 -29 -63 -42 64 63 -82 -58 -79 -19 -49 -38 -19 -16 55 -76 6 9
13 21 49 -33 9 -38 -16 5 -50 -42 -41 9 10 -56 62 -12 33 30 21 -35 -34 -44 -13 19 -38 22 -22 -29 53 -42 -19 -31 25 56 -14 -32 22 5 5 10 25 2 -16 103 -30 -12 -22 -9 28 38 -16 25 -10 -6 -20 40 -59 -22 72 60 -14 -47 -2 24
53 -45 88 -51 -17 32 -10 -38 -14 -32 -9 22 31 10 -45 -81 7 36 -18 8 -30 -52 -40 11 -47 -27 -36 -22 13 -4 -31 -55 -35 -21 -13 -19 -94 11 -27 -12 -65 -93 35 -108 14 -9 58 80 26 1 13 1 -31 -56 -71 14 -27 -37 -68 -33 38 -43 4 3
31 31 7 18 73 -7 21 38 -8 62 17 62 29 51 43 3 -15 -41 -17 41 -91 48 63 47 -62 24 83 39 62 12 104 -119 98 15 23 73 71 10 69 -33 -17 -3 4 75 63 17 79 43 77 55 -4 24 32 9 2 47 35 50 72 94 14 -2 29 -43
-71 -67 -49 15 -15 -69 -122 4 -21 -81 -14 -48 -33 -87 -34 -62 -39 -68 6 0 -54 -38 -78 -30 -62 -4 126 -1 -38 -67 -57 -2 -47 -101 -57 -57 -69 -66 -104 -38 -58 30 -56 -83 -73 -1 -24 -112 -69 -69 -30 -65 16 114 -91 -111 -8 -10 -87 -51 -49 -47 17 10
-45 -87 -15 33 -15 -5 0 26 -15 -69 62 24 14 -16 24 -33 -7 -24 -36 8 25 -7 71 30 -15 49 -43 6 -29 -18 46 -42 -27 0 25 -7 41 -73 35 30 -40 72 17 4 9 -18 -23 35 -30 -18 74 53 -12 8 -1 -22 -47 10 -92 12 51 -62 -3 -67
-111 -3 -59 -19 24 74 -1 22 -25 14 7 26 31 -17 -29 -28 23 73 38 37 67 -12 51 -2 10 41 -15 33 7 -19 5 -12 -31 31 -3 -2 -60 3 -32 -35 -18 8 -21 64 -16 -83 8 -44 -34 27 -11 51 23 0 65 -16 -36 -37 15 -10 -33 -73 3 15
-76 -49 81 -19 44 -1 61 6 -69 21 15 -28 32 19 -12 -62 56 -1 85 18 23 -27 -32 98 17 -60 -39 0 71 48 55 39 -4 103 3 -49 81 8 -11 37 -41 -34 27 -11 -38 -31 -3 32 -5 35 41 4 22 -31 6 -40 20 45 21 54 28 26 -27 75
72 9 36 -78 17 78 -2 38 -2 15 32 67 25 89 47 -78 -36 28 -6 26 47 4 73 -20 16 35 -46 26 -52 -46 8 -5 -31 7 8 -6 -38 -22 61 25 -44 11 -35 15 -5 -12 -18 26 22 -10 44 -45 16 1 86 -47 7 -54 23 -8 -8 12 20 16
0 -46 -37 -24 -28 10 0 -50 -15 -26 28 37 16 -119 -46 50 -23 33 53 -36 17 -9 -52 41 -84 8 -9 -23 -3 1 12 -66 -55 5 52 -3 -15 3 -12 -25 -45 75 11 37 17 28 -5 82 52 27 -8 9 -16 -41 50 5 35 43 -4 6 63 29 17 -10
11 -4 5 -5 36 -3 77 47 74 27 46 107 54 -30 49 15 39 69 26 -2 55 17 62 -35 112 -5 19 -17 122 77 46 92 86 54 11 -47 31 88 -5 48 59 58 15 36 19 65 13 40 68 -7 22 2 32 80 57 67 66 68 122 79 -2 60 -48 32
87 57 101 25 -21 -10 -37 63 26 -59 -8 30 -36 -20 -11 -17 -4 36 34 -30 -53 53 37 -89 17 67 -43 45 42 -39 -32 -48 11 26 12 25 -13 44 -35 21 7 -21 46 22 -64 62 -21 78 -34 -34 -2 -16 19 -71 -60 -43 55 -38 -37 -28 8 25 -8 40
22 -37 -1 39 5 -17 14 21 17 -104 -27 29 -13 20 -23 -19 -54 65 14 3 -19 -2 17 -18 44 7 3 -42 35 8 16 34 -20 -23 112 33 7 -12 -75 17 20 60 -10 -57 17 81 -26 109 -16 -19 -51 -8 -61 -3 39 15 8 -86 92 -11 -20 -16 -45 -3
38 -2 13 0 -27 6 39 24 -33 -28 24 -9 61 86 -60 -44 -48 -36 19 54 -58 -88 -17 -28 -45 -24 -29 -86 1 -40 -38 7 37 -50 63 -13 -28 85 -29 -76 -4 -39 78 23 -26 -7 14 11 25 -30 10 11 -13 -69 -12 -47 -104 14 22 10 40 -5 12 -63
-69 -46 -90 12 -43 -32 -91 -90 -48 37 16 -114 -15 -32 -37 -61 24 -37 -6 1 -31 -16 1 -20 -42 -8 -72 -14 -32 -43 -69 -24 -22 50 10 -18 -21 -4 -15 -34 12 -6 -42 125 32 -57 -22 6 -2 -41 -46 -30 -74 -55 -22 -40 -30 20 -22 -23 -24 -37 -68 -24
-99 -76 -3 -50 -22 -39 -29 -30 -80 -54 -36 127 125 -98 -53 -60 -115 -88 -117 -17 -15 -71 -26 -47 -97 -107 -64 -100 -5 -96 -22 110 -58 -46 -30 -38 100 -81 -34 6 -50 -63 -5 -21 -52 120 15 -65 -108 -50 -70 -61 -84 -66 -104 -104 -97 -48 -24 -58 -68 -22 -23 -74
-70 0 37 -19 -55 -94 -98 -23 -44 -42 -55 1 -54 -22 6 -40 -44 -70 -17 14 10 6 -38 8 -52 2 -16 3 -37 -26 -42 18 -33 -58 -7 -51 -71 -52 -21 -36 -38 -59 -72 -70 -4 -49 -10 -40 -39 -22 5 -13 120 -112 -56 -88 -87 -93 -33 -64 3 33 28 -58
62 -27 -19 46 79 37 -24 5 -42 40 28 -38 91 -11 -45 40 34 67 79 41 58 -24 24 80 -28 -19 35 53 24 48 -31 81 0 25 69 -18 45 -67 73 50 120 41 0 100 38 -99 5 90 -108 35 34 -24 36 50 45 7 105 44 21 60 10 4 72 34
-40 21 -51 70 -71 28 -19 -4 7 25 -23 -12 -26 -44 -30 -4 -24 -71 28 -12 -36 -52 8 -8 -11 26 47 13 -86 1 -69 16 -36 -9 -13 -53 28 9 -75 -28 -25 4 -36 57 -30 4 -35 39 42 -9 32 -7 38 -1 -47 -124 43 32 -21 3 9 25 -53 -66
-23 63 -66 -2 -56 10 24 -38 -10 -65 -64 -47 -30 -16 26 -3 0 -18 -53 20 -62 -8 47 75 16 -1 3 -4 49 -7 25 -63 33 -41 65 13 4 78 -78 -5 -13 0 -17 -5 80 -45 -22 -73 22 -47 47 23 -43 -27 -59 -33 -58 34 53 -50 47 -23 -37 -16
-16 60 14 22 12 -53 -41 16 -13 103 -22 55 -29 -94 -35 -3 24 34 39 -6 26 -37 4 19 6 22 -16 90 98 77 -32 21 42 14 18 109 27 -19 36 67 110 92 70 -15 13 -44 -32 2 1 15 14 47 30 -2 3 14 -7 21 24 15 61 19 22 -12
15 -30 -23 47 31 4 -15 -12 -59 16 25 27 62 -3 35 -25 44 7 44 -34 79 7 8 31 33 7 -35 47 -67 36 -42 -5 -22 63 -46 -30 -23 -48 18 -39 112 22 -48 5 42 -43 70 47 50 7 2 17 10 -45 7 68 -44 -46 7 33 -16 -29 106 -53
4 42 25 51 0 49 85 14 17 -29 19 58 -26 103 -16 22 63 -14 11 -15 -62 114 70 88 62 8 -27 4 19 54 -21 22 15 -8 84 127 -19 53 -40 24 6 30 38 -13 -58 12 14 45 51 -22 20 -43 -22 41 -21 -30 26 34 6 39 -15 52 50 -28
-40 41 38 20 39 -68 28 31 25 5 -64 -17 -2 39 13 -9 40 17 -13 41 44 -62 1 17 22 -11 27 23 -11 -19 28 5 -110 -52 -70 -11 40 -35 17 -48 -63 -65 4 -1 -38 -63 14 -42 -68 -15 -10 -22 -40 -49 7 -86 -3 -67 -36 -30 16 43 10 -99
-9 -17 -10 -19 -20 -40 26 -17 9 36 -6 -16 22 97 20 -23 -32 -5 -9 20 -53 -11 -56 -10 -46 -31 28 37 3 -2 35 1 -13 13 5 -11 -126 -66 21 0 -10 -11 -8 -15 -12 3 -33 20 -22 107 54 -74 -66 -12 1 6 -2 7 3 -74 14 7 7 32
68 84 12 34 40 54 32 6 56 58 -6 80 -11 72 48 47 32 5 -2 45 36 8 17 40 -34 94 3 121 23 16 78 55 63 62 -11 112 -19 5 91 68 -18 40 -11 4 84 17 13 -19 -9 56 36 -12 5 46 19 -44 17 -12 18 5 80 -29 34 1
-34 12 37 -41 -34 -8 -34 3 16 -13 48 16 -66 -47 2 34 65 41 -20 -62 25 19 -2 -38 76 -24 -11 -16 -13 -12 38 23 30 -39 1 -20 -48 -38 -23 6 2 31 13 -12 81 23 57 -51 11 -51 31 -14 -67 -25 41 -14 -47 -30 74 20 68 12 73 -37
37 37 15 34 54 29 59 42 101 44 15 63 -8 111 43 62 78 74 -21 70 4 46 64 120 98 65 104 -6 105 64 35 39 66 -3 72 15 66 83 54 57 53 28 35 82 26 50 -5 -40 100 33 -21 2 48 63 60 -20 -55 83 52 124 15 72 19 73
36 -47 -40 -27 -72 -74 -118 -63 -114 -83 -37 -37 -54 33 -19 -60 -101 -80 -50 -84 -79 -71 -54 -73 -102 -85 -42 -26 18 43 8 -86 -10 -72 -36 -37 -49 -119 -48 -60 -7 -63 117 -31 -70 75 -68 -64 -44 -43 -13 -49 -121 -28 -60 -69 -62 -113 15 -29 -9 -16 -79 -77
-15 -1 11 -46 5 27 63 -5 11 -55 14 -13 2 22 52 33 11 16 24 23 -5 6 1 -15 -30 -9 56 64 -66 -15 66 67 -18 19 113 52 -27 -20 74 -26 -9 -10 72 30 -27 37 -5 16 -25 25 19 55 3 -16 -38 -51 2 65 29 14 -22 -1 30 35
-26 -11 -43 -14 21 -58 -45 45 -95 -10 36 -15 22 -39 7 -78 -4 -30 -83 -26 -28 -57 38 -14 63 -33 25 0 -32 -31 57 9 -55 34 18 6 -48 19 36 65 13 -14 4 8 -16 -56 -41 -1 -4 21 16 -22 30 -1 -31 -71 -31 -44 73 -82 4 -17 23 52
8 -31 33 -10 -5 -35 -24 -38 -12 -69 -28 25 -11 -59 -47 32 -1 48 3 35 -31 -39 8 38 -24 5 57 -57 17 -10 58 78 -51 35 70 11 38 1 -21 36 -39 36 65 25 -19 1 -40 22 17 46 70 -52 26 49 -29 14 -82 28 17 -15 -44 -25 14 47
-77 -17 68 44 -29 37 34 -20 57 5 63 -45 27 7 -40 -4 -46 53 30 -60 6 4 -45 -7 -12 -14 17 4 30 17 42 31 15 26 0 -46 73 25 16 44 59 51 -70 33 45 -31 -38 -89 0 -17 -25 4 31 6 -12 -24 40 20 39 -15 -22 -6 14 9
0 27 50 41 -12 42 1 89 -52 61 8 12 18 -26 44 58 22 56 17 9 -25 13 68 36 51 28 84 15 61 -10 62 -21 27 47 1 91 -13 58 17 -47 69 27 26 4 3 29 -44 44 -5 115 -28 20 54 21 42 -1 46 15 53 33 70 -17 -17 -30
-25 58 107 46 116 86 0 40 42 53 -26 42 120 46 34 99 -2 100 44 115 -114 49 -19 60 34 73 81 101 107 57 55 31 26 123 -84 45 51 70 112 67 80 65 44 57 43 -13 16 64 21 19 70 69 32 28 35 65 48 43 123 40 35 8 54 49
23 1 -28 -54 -19 -73 -34 14 -2 56 45 -17 21 24 -41 -4 -2 -3 -27 19 0 -56 41 -25 -5 15 -51 -73 29 -5 38 8 -13 -1 7 46 -9 28 16 -74 -16 11 -42 -4 9 -46 -12 28 13 -48 10 -15 -3 -49 -9 50 6 -25 20 -66 -18 -35 10 -53
-96 -5 11 -9 -6 5 -3 5 3 -34 -11 -41 -34 -70 -18 19 -32 -29 45 34 34 -29 -17 -13 -62 -83 -37 -24 29 41 28 -23 -23 -40 -15 -90 -29 -38 -6 22 -115 -49 33 9 -21 -25 22 14 -16 -39 -4 7 76 3 -70 -9 -13 -10 7 -48 16 -9 5 67
-24 12 24 -45 -4 12 46 -52 25 38 15 -46 -34 11 121 4 46 -26 45 45 36 19 -57 8 -59 -67 -43 -5 -11 22 -15 40 62 64 9 -20 -9 -70 74 -63 15 50 6 -61 -13 71 112 42 11 -1 -36 7 9 3 -28 59 -108 56 -2 1 57 47 -52 7
9 -125 63 64 49 39 34 13 63 37 51 18 46 3 9 -5 -7 9 11 -22 17 58 16 -2 56 54 43 -3 27 110 60 21 4 27 61 29 -2 34 107 84 54 -14 42 36 91 -37 3 -15 32 93 38 54 25 57 -3 22 101 9 40 -61 22 50 -35 38
40 56 -4 8 69 23 54 -6 -19 -20 56 71 39 -17 -25 11 86 -18 -32 3 28 -13 34 0 12 67 65 -56 -73 31 -11 85 76 -6 25 37 16 34 -9 29 -23 12 25 43 40 33 6 7 38 30 -9 -36 -9 111 8 -10 2 -16 7 73 53 48 -35 -15
16 29 -8 1 3 3 23 5 -25 -44 15 -23 9 34 16 1 28 -47 -28 -15 -44 -35 29 -56 -15 -2 33 -22 -54 -21 -59 -6 -6 2 -31 -2 -14 67 -30 36 -54 -70 -30 -11 34 -68 -19 44 8 -24 -8 -4 21 -2 -24 -82 -44 67 -2 -35 7 10 40 -14
36 21 2 75 -5 48 56 99 -25 82 1 25 4 20 56 -12 94 78 12 5 19 19 35 -12 -13 70 32 -35 -15 17 28 -15 49 5 6 46 66 86 44 6 54 39 27 67 3 53 37 10 79 99 42 98 62 51 26 11 16 25 -127 61 80 15 37 0
56 26 -18 12 36 -7 -33 -9 -26 -8 41 65 -95 46 21 9 0 88 59 -66 -8 53 7 -17 39 10 1 49 18 16 53 41 42 59 -26 40 -11 -23 42 10 73 8 9 18 2 -15 35 -10 17 -13 26 9 61 20 -16 1 49 -17 4 4 31 0 80 -38
-5 -57 -5 -78 19 -14 -98 -29 26 5 -27 -45 -17 -30 -51 -117 -88 -17 -14 10 -48 7 -25 51 -23 -44 -100 -4 -32 -6 -45 -11 -16 -26 -96 -14 -39 16 -11 -44 -16 51 -1 -64 25 -32 -98 -24 -57 -18 -27 -34 -63 -2 16 -31 -10 -45 -19 -36 66 14 -97 -39
14 -3 48 67 33 38 68 84 24 -24 24 43 10 -122 25 47 37 -29 14 52 53 61 -5 13 47 21 79 2 56 54 21 -54 -29 -41 70 2 -26 13 -33 16 44 -115 90 17 -20 15 -11 2 16 -23 34 46 -16 -75 24 -10 14 44 72 25 59 13 64 -47
44 -21 4 5 42 -5 -11 90 19 27 89 41 50 22 33 41 75 -69 -18 36 71 19 71 2 51 -26 -11 20 56 -19 -12 -29 27 84 48 26 32 74 62 -8 27 28 41 73 74 33 53 18 58 14 79 27 60 29 1 -26 2 67 58 49 37 26 104 20
6 22 -33 -27 -126 -39 -70 49 28 -68 -8 8 -29 26 75 -39 -52 -64 -47 9 -95 -24 -65 -62 -128 -119 99 -29 -50 -46 1 -18 -79 -47 8 -24 -4 -19 -62 25 -14 -33 -95 12 -86 8 -12 -62 -33 -55 -5 -66 -71 -28 -16 -84 41 -85 -47 19 -20 21 77 -2
-46 -20 -42 -83 -11 -6 9 -7 39 -28 18 -33 7 -21 -64 -60 47 -4 -28 -18 -63 -35 -54 -39 6 -47 -90 15 45 -116 -118 -68 -6 -11 -94 -19 -40 2 22 -27 -86 -21 -70 53 -49 -12 -1 -11 -48 -84 8 12 -32 25 -24 44 -2 46 20 2 23 -43 -29 -25
65 -28 49 -10 27 17 -76 -93 -49 20 32 72 9 28 -19 -61 25 39 -39 16 48 -35 40 10 59 18 -3 -4 29 14 36 -22 -28 -58 57 -30 -2 -68 -10 -13 0 -40 1 -75 -41 -58 -28 -29 -16 -15 40 47 -63 29 -22 -31 -10 15 120 -51 15 2 15 35
-25 -23 -13 -7 -17 26 21 27 -23 -27 54 -30 1 -123 -35 -38 -29 -73 33 71 18 -62 -15 -18 -35 -47 -75 -48 -9 -46 34 1 -16 -17 -111 117 -31 -81 -45 19 -17 -93 -25 -7 -26 -1 -95 -49 -51 3 78 27 -50 57 66 -54 -38 -45 5 -37 -31 56 -47 -1
39 -1 -12 83 -56 14 0 40 48 49 45 6 74 76 77 28 93 87 -113 45 30 47 21 6 47 -35 49 23 -25 10 54 63 25 1 19 47 -46 52 35 5 40 21 38 77 37 -23 -17 -17 -14 35 27 47 -10 11 -5 -28 50 -16 -2 102 1 108 29 36
38 71 -42 20 30 -56 -62 -27 -93 58 7 34 9 -26 -1 8 -67 36 20 27 53 39 -59 22 -1 -77 -8 20 31 41 -25 22 11 51 30 68 24 3 -27 -21 -3 39 -16 -10 -25 -10 32 2 37 33 23 -27 -38 -9 -41 36 24 -24 4 40 -21 47 10 25
34 -31 -40 -27 18 12 -101 31 -40 30 -33 -43 4 -14 -31 12 -14 18 -32 -61 -34 13 -46 -28 6 -6 65 29 -18 2 -89 8 -18 28 5 35 -61 -61 -11 -49 -29 -29 -8 24 -18 -5 4 -17 -70 -29 15 8 18 0 4 -14 20 19 11 17 -10 53 -45 -60
63 14 8 31 -57 -6 -41 -60 10 -11 28 15 3 9 -11 42 -23 -15 11 -33 53 13 -64 -69 4 70 -17 9 44 15 29 36 59 -49 0 39 8 -31 -3 -17 -85 -54 22 -25 -52 -35 58 -55 -2 -32 -57 68 3 -6 -11 9 17 -65 0 88 -4 55 64 0
38 19 -29 -43 -29 -1 -13 -37 -20 -14 -56 -64 -31 19 -21 28 -41 -70 -24 44 -2 -28 8 9 -63 -53 -8 -11 -3 25 40 -34 -9 -65 6 -24 5 -16 -73 -52 -6 68 -30 36 -32 -61 -18 41 -3 -26 -19 -30 95 16 1 -25 -76 25 -7 -53 33 6 -3 -56
-38 -7 8 36 71 -28 30 86 65 7 11 -3 -1 19 -93 29 55 -6 34 1 1 -8 -39 -32 -41 2 26 -3 -47 10 21 40 -13 -16 -1 -4 -27 8 10 -8 -70 29 -3 -2 10 -18 15 20 5 77 12 -7 -16 25 -37 8 -10 -26 21 40 7 -2 -56 -8
-55 33 59 -11 9 -113 -27 1 -38 28 -96 76 39 -125 12 -65 -43 3 -1 -36 -42 -10 -62 -42 -40 65 -58 -76 -11 -3 -40 7 -28 29 -17 -12 0 2 -8 -40 2 16 -68 27 16 -36 3 9 16 -11 -9 -39 -4 -64 -84 -39 -8 -29 -52 -16 10 9 27 35
-40 -75 -57 -32 -20 -9 -45 -86 -33 -19 9 -52 -49 -53 -55 22 -12 -13 -21 48 -57 -25 -61 5 -5 -44 -24 -51 -48 -8 9 -71 -3 6 -72 -8 -80 14 2 -9 80 20 20 -94 -15 -76 -7 -28 -3 -40 40 -54 13 103 -1 20 -49 15 -7 0 27 13 -18 -36
-126 15 2 -72 -34 52 19 3 -50 -42 -92 -69 -26 -64 -44 -40 28 -39 -58 -50 17 -41 -32 -117 -5 45 4 -98 -33 -13 -46 -49 -75 -49 -44 0 19 -66 26 18 -10 25 32 48 2 -36 -38 -28 -10 30 -64 2 -6 -40 16 -91 -26 -61 -52 -9 -42 44 -47 -54
-25 -10 -55 -16 -76 20 -6 36 0 23 0 -78 -51 -8 6 -105 19 35 -21 -87 -32 8 -11 57 18 -74 -86 -21 9 8 -50 -11 -16 -1 -22 -18 -34 -43 81 82 9 -17 -7 -25 -2 18 30 46 73 27 62 -29 -23 11 -122 42 6 -97 9 13 -23 -14 -28 1
-19 17 -78 -105 -4 -81 -8 -43 -91 27 -114 5 -56 20 26 -2 7 27 -57 -55 -62 -35 -26 -12 -121 -35 -65 33 -33 -119 -86 -8 -54 -85 -74 -20 -33 -4 27 0 -24 -76 -17 -28 -27 -56 11 -29 1 32 -19 -54 -10 -24 -2 46 -48 -56 -9 -67 -8 -20 -31 -18
-16 -48 -72 -63 -4 -65 -65 -76 -99 -21 -52 -14 -33 -4 -22 -24 -63 -45 -57 23 -72 -38 -68 -46 -2 -14 -93 -81 -20 -49 -61 -75 56 -13 -112 -38 -78 -41 -35 -22 -99 -64 -38 -49 28 -7 -20 26 -19 -28 5 -32 -5 -24 -40 -15 -61 -56 -11 -11 -15 -65 -29 0
-58 -32 22 -8 -48 -55 -8 28 23 -10 -29 -76 -34 31 -33 -27 -31 -42 -2 28 9 -1 27 -42 15 -70 -2 -10 -96 -57 12 -6 -28 -40 -24 -61 -85 -37 -14 -45 18 42 -20 -24 -55 -102 52 24 -21 -88 -1 -20 -29 40 15 -43 7 -119 -4 -63 -87 -37 -26 -42
6 -58 40 -27 28 -28 62 -55 87 12 26 -34 -38 15 -43 104 -19 48 31 16 -6 7 38 -75 56 36 -18 64 101 105 -33 64 -46 39 111 45 -34 -5 31 -28 0 8 64 5 16 65 -20 22 -34 79 -4 59 36 17 -65 -10 33 13 -42 12 2 -42 -63 15
-53 40 25 -14 -24 36 16 64 1 -5 -44 29 46 1 87 -3 -20 0 125 -56 85 -28 34 26 52 81 -26 -7 -5 -29 -5 1 -1 14 -41 2 -79 -18 58 7 88 -4 97 43 22 32 -1 -31 59 78 15 -39 -5 55 -1 111 12 7 30 18 62 61 50 73
-29 -56 -75 -23 -22 -53 -22 -81 -36 14 -96 -4 -1 -20 72 68 -95 -10 -41 -45 -37 -77 -24 -62 -46 -88 1 -86 -40 -71 -40 102 -14 -22 25 -49 7 -52 -34 -63 12 -75 -58 22 -17 15 -17 14 -6 2 40 -10 -70 8 -52 -4 -62 -36 -14 -17 8 -36 -36 -31
49 -1 -18 -27 30 -41 31 38 14 37 -3 -57 -71 47 39 8 -30 7 11 24 -10 10 8 55 54 12 11 -17 -2 19 57 21 42 14 -7 23 -17 -4 3 40 19 -6 19 -28 17 7 57 -30 9 -63 -8 -10 50 -8 36 61 -3 -27 -27 -66 -37 40 16 -26
2 2 69 -40 -43 -40 10 -35 31 42 -54 6 -64 8 -43 -18 -12 84 16 42 27 0 40 64 49 5 19 24 30 -38 -21 25 -62 28 -9 20 -70 12 -37 -10 52 10 45 49 -5 -18 -10 18 52 -59 31 -9 68 38 2 5 -2 -5 43 -3 -1 -37 22 -22
8 -33 4 43 45 67 19 17 42 -16 -43 -9 -17 -2 -9 49 39 -21 -25 54 39 2 -32 5 96 -15 -26 -17 -52 57 55 54 63 -12 22 -35 -32 -14 -26 31 -26 -28 38 -48 9 35 -15 -39 -80 40 -26 29 57 -128 6 19 2 -30 -2 39 25 -31 -26 64
-52 -17 20 -26 -18 62 -54 9 36 -11 -25 -6 -29 -76 -45 64 -23 13 -28 -84 -21 21 -35 -36 18 -59 -26 -50 -19 11 -3 -79 -24 23 -13 10 42 -70 -54 -30 -35 11 -71 12 -14 -31 -7 -9 2 -4 -31 -7 -90 -21 9 -4 -47 -81 -2 7 9 5 -17 17
-5 -44 -41 -21 -46 11 9 59 -2 17 16 1 -16 -2 99 13 -20 -36 -7 42 -55 -42 48 -10 53 -40 17 -20 35 41 12 -20 0 -14 -28 22 -9 15 -36 -30 80 13 -40 -43 58 101 0 30 -27 -61 -62 -32 44 -15 24 0 44 -49 39 -45 -52 -40 -31 36
-14 -58 -73 13 17 -17 -30 -46 35 -34 23 3 -71 -59 -10 -60 20 -82 -61 59 -38 -31 21 59 -64 -1 24 -20 -59 50 -4 22 -22 11 30 -17 16 6 -57 -27 7 8 36 -18 -17 6 -45 0 -90 -33 -26 -4 -63 -45 -11 -30 -106 19 -40 -105 -35 -31 -62 7
-17 10 5 -36 -26 -18 4 25 -9 -7 -35 -86 24 -4 -110 -110 -48 15 70 -18 -23 -86 -29 11 -35 -34 -15 -9 -9 -35 5 -31 5 -5 -50 -2 -42 2 -75 74 -107 -40 27 -80 -11 -28 -19 -33 7 -2 -26 -82 116 -35 -33 -1 4 -38 4 -23 -2 -39 -13 -57
-53 -25 30 -52 -29 -9 54 7 32 1 26 -27 31 1 -73 -25 7 61 38 -46 -14 -25 54 21 -57 -18 -7 -14 -5 -26 -4 -8 5 21 -58 -76 -50 -31 -76 -36 47 -1 -50 46 40 -15 -60 -10 -18 32 6 15 -46 -20 29 -60 -21 22 -32 -46 67 -24 -44 -46
1 12 19 89 88 37 12 -23 77 41 87 33 6 49 68 19 3 11 30 -16 10 26 -17 94 17 69 15 0 44 56 34 -15 72 7 72 110 62 37 -121 -18 64 4 -3 12 7 49 -28 74 23 -40 85 77 57 68 38 22 58 112 -71 21 58 64 52 -17
29 6 16 18 9 -51 16 -34 9 -68 48 19 18 68 22 -33 -13 28 23 42 47 17 10 -64 76 1 29 -6 16 -8 -15 61 23 6 -62 64 11 26 33 35 -23 -13 -12 5 6 28 30 61 -38 37 50 7 30 69 43 9 -19 42 0 36 30 -5 -64 -9
-33 23 15 -59 -47 -2 20 -43 -74 -73 24 75 -2 -69 67 1 -79 12 54 -80 -12 -42 -27 -4 -29 -40 -7 -58 -44 13 -51 -106 -78 20 -13 17 -48 -13 -52 61 -95 -94 10 -24 -117 -31 -5 19 6 -13 -85 13 -19 -66 51 -45 -36 14 72 14 -42 -45 -42 -34
8 70 70 68 80 -44 7 -22 64 29 47 34 54 -18 -30 29 41 76 -52 31 -8 22 69 -20 50 31 67 46 36 22 23 58 -56 -19 70 19 37 -22 30 26 18 79 28 41 87 94 -34 -22 86 24 -13 87 10 -16 46 -9 -18 74 24 55 67 -29 31 -20
-2 57 67 -108 84 38 41 27 33 56 32 -23 -30 27 -1 6 63 58 -38 -11 -45 45 -11 -27 -15 36 -13 -51 -9 3 46 -18 15 13 60 -14 27 -35 -36 15 -58 -2 -68 50 -73 6 -11 -104 -10 34 44 20 -17 -46 59 -24 15 -24 34 -17 16 -24 26 74
21 15 -44 96 -13 2 9 -4 -35 47 -15 -34 -91 -54 -71 -41 -10 1 14 -20 57 1 51 -15 -36 49 -70 -34 -1 -42 -48 -17 6 -22 1 -28 58 46 -4 77 -3 -18 36 -14 -6 -9 -59 -1 0 75 -19 -29 20 17 -34 -55 -11 -19 -16 -6 -62 71 55 11
-34 -27 -72 -24 -50 20 55 -95 -59 -29 -41 5 8 -60 -42 -10 -73 -4 -17 -44 -25 29 9 -49 11 -4 -43 -35 31 -64 -50 36 20 -36 -5 15 -43 -21 -75 18 -84 13 -15 -46 31 -44 -7 -1 9 -19 3 -15 -24 -25 -85 4 8 -21 -23 -79 -32 -36 5 59
48 -1 -62 -64 -30 -41 -12 -14 -14 -78 11 44 36 -47 12 -32 -3 21 -20 -42 17 -49 13 -50 -42 15 -74 -30 12 -18 -3 -6 15 -103 -28 -7 -34 22 -2 27 -50 -20 -3 96 -27 20 30 -62 -10 -88 6 -25 -40 -52 26 -5 -71 -48 12 -37 35 30 -59 2
13 26 -15 -70 72 24 50 14 0 -41 -8 -61 -46 -27 28 3 -5 -8 -2 54 -15 24 29 32 38 -61 7 12 58 120 -17 -4 27 44 113 34 -82 -21 27 -14 73 -9 -69 49 27 41 34 -16 17 23 -6 -6 108 -6 -3 6 26 43 1 -51 24 39 34 -52
24 -15 61 -12 -36 13 -47 -41 -26 41 9 25 20 -11 37 9 49 24 27 34 -41 39 61 49 -2 -110 14 -55 26 -11 -43 6 1 10 3 -8 -9 15 -30 49 14 49 42 46 79 28 98 -8 -5 25 -16 -55 20 57 81 40 13 9 -41 70 55 -3 -12 -74
-21 32 -59 -12 -42 6 27 -10 52 -2 20 -18 42 -18 0 -5 9 31 -16 30 -1 24 57 -32 43 49 67 -14 -51 -55 45 -35 -9 -30 23 -52 58 -32 29 11 20 3 64 -60 -34 12 0 12 -88 47 38 52 5 -6 44 5 -17 12 18 -32 3 -41 -9 -59
-17 0 -24 -21 57 76 8 19 27 -24 -48 -61 43 -10 -3 -92 25 -41 -79 -22 -7 -64 -2 -66 12 6 9 -55 -59 -16 3 -63 42 -30 26 9 -26 92 -62 19 36 -12 -31 -75 40 21 -3 18 -42 -4 -12 -36 -25 -61 3 -21 -19 -7 49 -33 -63 -70 -17 26
101 62 81 78 52 15 15 54 98 7 -1 53 2 9 108 87 73 -12 53 -114 -25 21 38 -7 31 41 34 61 7 9 16 21 49 73 -5 37 32 103 -15 -43 -1 69 46 81 71 1 51 35 -3 55 45 28 65 42 43 25 7 60 53 71 38 52 80 100
2 -5 -29 9 9 -39 34 -25 6 12 -34 -54 -10 24 -27 -40 -27 -2 -14 4 26 -40 -25 28 -20 -78 -12 42 33 46 64 31 28 11 16 19 40 9 -76 -4 -23 6 24 -4 8 -13 -37 92 -31 58 11 -37 98 -31 4 46 37 -35 -37 13 23 -79 -54 22
-29 -19 -58 23 -13 -14 -71 -67 -47 -76 54 56 -49 -70 -79 -18 21 10 -61 14 26 -54 41 27 -2 1 -102 -10 6 -92 -121 -9 15 -35 3 -101 -78 -81 -25 23 -61 -35 4 -28 -58 -73 -35 -60 -100 -7 -19 -17 3 -52 -11 -61 4 6 -88 -60 -46 -15 -13 9
37 -1 -65 43 21 15 -4 39 44 44 23 -14 -14 35 -5 -18 -95 27 61 -2 -35 -22 -2 127 -15 -9 3 76 58 -16 68 11 2 20 -3 7 11 -46 -9 -47 -10 90 -88 15 -43 53 42 5 -18 -6 -66 14 76 1 51 39 -58 -29 -26 3 -52 -1 -68 14
66 -1 -3 9 50 -39 -5 1 22 -51 42 28 18 -40 38 24 81 -32 -33 35 44 -44 -14 34 -9 11 34 -28 -10 -17 72 38 12 96 21 -33 26 -53 109 -47 75 3 13 5 -16 7 21 0 48 70 63 60 -66 21 -31 -37 6 -18 71 -27 85 10 -3 -16
42 -23 -6 -17 12 30 19 35 14 6 9 69 17 2 -42 -36 -52 -74 11 -4 50 -32 67 28 -26 54 -23 -79 8 -19 47 33 42 -13 -93 54 13 29 22 -7 75 92 2 17 24 35 -12 58 63 -23 46 1 -59 43 -16 -17 -27 54 -19 -4 -37 -38 15 0
29 59 -15 25 -19 -28 12 -11 41 4 0 23 -11 55 70 31 -51 6 -4 -14 -11 53 14 -1 -15 15 18 -46 -3 39 -53 -19 -16 9 -88 40 2 -52 7 1 55 -26 6 4 -37 -28 -2 26 -18 2 14 90 18 -32 31 -96 28 -1 4 -18 -3 28 22 -37
-92 -23 21 0 50 86 -38 -71 -42 -6 -25 -21 -32 2 -60 16 16 -21 38 -5 27 -90 -59 28 -11 19 -11 -36 54 -52 8 59 -3 18 3 -80 -68 21 24 31 -39 -30 -18 25 -24 50 74 -11 -36 31 0 17 56 36 24 35 -34 0 -52 7 0 25 -2 -12
41 -95 -40 -24 -17 44 -98 3 -15 -21 22 47 99 -32 -24 3 2 -12 -51 45 -13 -29 -75 -11 -2 22 -35 -25 -17 14 -11 48 -71 40 -5 55 -11 6 -1 15 -25 -31 37 -7 11 -58 41 -58 -26 -35 29 -6 41 -62 -36 -33 -33 -32 -16 -19 3 38 -46 -42
36 88 30 -128 55 27 92 42 106 3 66 30 -21 -23 51 -8 59 49 3 65 39 50 64 19 28 9 91 69 86 15 49 36 98 111 86 95 11 46 73 23 49 42 -10 22 5 -8 64 77 49 -36 46 -124 50 -7 82 22 0 61 55 91 74 80 25 98
29 -36 3 73 90 67 81 37 65 54 85 34 30 -10 -30 4 49 -53 -24 30 89 -44 -46 80 5 88 56 94 -3 21 8 -86 40 60 74 -18 71 44 -7 24 -3 48 -32 29 69 21 -1 32 83 31 -29 -48 21 -13 22 -3 -25 15 17 63 54 6 -24 62
-16 -48 8 -70 -30 11 -47 3 -61 -61 -93 -6 -7 -38 -55 28 -40 -24 -13 1 -82 21 -14 38 -11 -35 -28 -68 17 -40 -92 -15 -23 10 6 8 47 -7 -49 -46 73 -110 -42 -36 -22 34 -62 27 -92 -6 26 -56 -55 43 -19 -98 114 -24 -39 5 -40 2 7 -41
-30 -60 -3 -46 -79 -33 -23 -14 21 94 -38 -24 85 -50 34 -28 -12 -42 7 -27 21 -6 8 -65 -20 -57 -27 60 -3 45 13 -9 -80 41 22 -23 -9 6 12 -10 16 -2 -44 -61 -39 -40 45 -39 27 -14 -59 16 -37 2 7 -9 -16 9 -39 -49 3 -18 -28 37
54 -27 11 34 45 54 14 108 85 50 73 17 78 -31 85 55 21 33 61 60 64 9 37 3 89 112 16 117 61 32 7 -5 -17 35 -54 74 14 44 17 -11 61 -27 71 25 47 54 23 20 37 23 -19 -105 8 76 78 -31 73 20 26 -17 32 -32 96 9
-41 -57 -25 28 -121 20 -67 -20 -25 -62 -74 -48 -4 -8 -27 -12 -76 -24 -49 -76 -28 -108 12 -78 -39 27 3 -34 -27 -101 -114 -103 -106 -7 -8 5 -103 -2 -2 18 -89 -54 -28 0 -59 -5 15 -25 3 -16 19 -62 16 -37 -72 -85 -93 -63 -42 -51 -74 -69 -67 -40
-29 -26 -87 -32 -28 -13 -8 -24 -13 -109 -30 4 -60 -94 -28 -32 -17 -1 -40 51 -1 60 -5 -35 -20 9 -95 -40 18 -124 -66 -25 -39 -55 -39 -93 -36 -29 -45 -48 -16 -48 1 -56 -37 -47 -32 -32 -65 1 -50 76 -73 0 -57 -19 -57 -21 21 -70 -50 5 -34 -18
93 -108 96 88 26 -14 29 76 123 17 46 50 8 79 39 -99 14 86 10 63 27 85 54 85 97 19 31 52 13 41 24 22 54 76 -20 21 -22 52 68 75 94 -4 22 29 56 55 -3 50 37 127 35 55 62 90 1 86 62 54 92 26 27 100 35 23
37 5 -2 65 -21 -27 -33 11 104 -27 -2 7 75 -26 2 63 4 75 -16 -12 -17 11 18 -1 31 5 62 25 -2 -54 -11 7 58 -6 53 -29 -33 51 17 -19 -52 47 28 -16 117 23 -15 10 58 -51 -9 -41 42 -30 5 -1 -11 38 -12 67 -1 104 22 -7
-10 76 7 35 86 16 -52 96 38 68 -6 -4 72 41 50 -39 -1 116 72 113 20 -36 -60 54 25 -55 88 48 -43 -77 67 -10 -57 18 24 32 18 96 -42 53 112 -33 34 99 -26 77 13 94 34 64 14 26 -17 17 22 65 58 12 54 27 25 33 14 5
15 -14 -18 -44 -37 -34 -84 -12 -63 -15 -11 20 -16 -51 -14 -8 -30 11 -16 -32 2 -10 -5 25 -25 -18 -54 9 60 -3 8 -19 -16 30 55 33 -42 -33 -16 11 -38 -20 -32 -2 1 -67 7 -27 37 13 -22 -18 28 -16 27 78 -4 -3 -23 -13 13 39 3 59
7 43 31 -19 30 30 -55 -23 -24 -35 -65 -21 64 -33 -47 -34 8 -67 37 -77 23 27 -77 82 -50 -66 10 -49 22 -10 -12 1 21 61 4 24 -13 5 69 54 -1 32 -25 24 -31 11 -41 -13 38 -7 87 -101 -8 -43 -85 47 44 -34 -70 -7 1 -41 30 -42
-27 -61 -87 -75 -15 -40 -50 12 -5 -3 -43 -24 -40 -61 -20 -18 -30 -40 -48 6 -48 -5 32 -73 -37 -8 12 23 -64 -22 -115 16 -123 0 8 -61 -31 -19 55 -86 -25 -23 -64 -73 -23 -27 9 -18 -88 -33 -17 -58 24 10 -104 75 -16 -38 -67 -102 -2 -45 -14 -59
51 55 -35 20 21 17 12 79 5 -122 -13 6 -23 -27 -17 49 -39 34 -36 -1 75 5 9 29 14 69 90 33 39 -40 -28 67 17 20 63 -13 -5 20 38 -33 34 -6 -18 27 -7 -43 62 31 60 -59 -11 32 60 -7 26 2 -37 -75 38 -18 -19 -21 -16 43
-55 -86 3 -42 11 -16 -56 -74 -17 33 -38 36 -54 -48 -17 -48 -6 -8 -20 -27 -17 20 83 -19 -19 29 -31 -6 3 -23 -44 -36 -41 38 -3 -92 -67 36 -22 -13 -33 -30 32 14 -64 -33 -2 -11 -36 41 -73 -25 46 7 -10 -49 -49 27 89 4 -68 -77 0 -101
17 6 19 5 24 57 74 10 3 3 -15 4 -8 -11 53 58 66 21 33 -72 6 -4 -48 -1 -62 4 85 6 69 -28 32 -33 -54 43 54 51 43 0 -33 -7 3 0 -30 1 22 -30 32 8 24 36 -4 29 10 -33 74 48 -7 -17 80 14 -3 23 12 23
21 103 6 50 53 3 -18 63 -47 3 2 -23 26 9 22 -9 4 -8 33 -13 -33 -7 11 31 40 17 29 -7 35 12 -32 -6 44 7 -9 20 -66 -32 61 11 41 45 7 10 -54 -60 -17 101 44 21 -38 -34 6 -5 15 74 -11 -13 85 18 -27 -25 29 -15
3 -52 -5 41 -37 -5 0 20 4 -13 -7 66 13 104 36 45 16 2 17 -2 63 24 10 7 -8 -34 -8 45 125 -58 -77 6 -33 34 29 4 -15 -31 -52 50 71 -39 38 -15 -38 -35 -28 18 34 21 12 22 6 47 -9 -20 0 -37 53 50 -12 10 48 -16
-5 13 -28 -52 -4 14 -40 8 -11 -35 -35 -63 -34 -18 -27 -24 -36 -4 -19 -4 8 7 -21 -64 -25 -51 -26 -56 10 -69 -59 -27 -45 -13 -122 1 -4 11 -12 53 -20 -66 33 -3 -121 -90 -7 -35 13 -117 -16 -29 22 -4 -79 -8 -6 -16 -104 1 44 -46 -60 -11
-32 -49 23 -27 -4 -24 24 -28 48 34 59 -7 54 76 -25 -17 0 45 29 41 29 -2 8 76 79 60 101 58 -13 -15 -17 -103 -27 -60 -7 -43 26 52 -71 38 -5 -30 46 -11 -23 -44 -14 20 -28 -6 62 3 -12 -17 -22 -29 7 -59 22 -2 25 -2 -74 34
-50 10 -30 77 19 -22 -1 -21 -18 -47 -27 -72 -83 -13 -103 -58 -26 -18 -31 -41 -54 -6 46 -30 24 -31 17 51 59 -50 -24 -22 -10 -19 79 -14 16 25 60 -4 -52 5 -52 -50 -33 10 -59 -73 50 -26 -48 -30 27 -61 -35 -31 -28 -45 -21 5 -9 -84 -49 -23
-66 44 42 -41 1 7 86 67 -34 -10 10 64 -67 60 32 -12 0 53 -17 30 26 -19 36 -16 -16 86 -5 0 3 6 58 23 -13 -52 17 -8 35 2 -2 -8 15 21 -16 26 -13 68 -68 49 20 10 -28 22 60 3 -94 7 5 102 0 45 69 46 60 -53
-23 37 6 16 1 21 -60 -56 49 38 -90 43 -20 -28 105 34 28 -29 74 24 48 50 44 72 49 15 49 24 -13 94 -50 19 70 -21 52 5 33 7 61 90 60 60 -10 63 57 79 -40 8 69 62 37 -48 16 32 -45 54 9 31 41 35 76 101 33 16
-21 -82 0 -46 -23 -6 -32 -25 -57 -6 3 -65 1 -68 -69 -55 25 5 -11 -30 -108 -92 -39 85 -27 -79 -9 -13 -61 9 -90 -37 -8 -56 -37 34 -33 -43 -38 -67 -29 -16 -32 -15 -92 -13 -81 -24 -23 -28 -30 -98 -48 -78 -16 -22 -51 9 -72 17 79 -19 -26 -34
28 70 55 -104 30 -118 26 102 59 -8 72 16 36 57 19 2 -9 98 -100 38 104 41 106 28 27 -39 60 19 24 92 32 37 21 -123 43 5 38 64 74 15 86 40 70 44 27 10 50 58 12 61 36 31 79 14 74 79 19 19 80 50 27 32 62 -25
34 105 9 -21 -1 39 -5 24 11 -3 26 48 49 -62 3 43 65 17 6 -18 49 70 94 50 99 37 44 45 -44 78 62 33 -14 -14 -26 -2 33 30 -16 -83 23 21 -32 -1 39 -10 15 93 24 94 25 23 64 8 47 -7 33 21 14 14 41 91 44 -55
21 -16 -13 -91 48 0 12 -39 -61 -11 -15 -2 35 -43 -82 23 33 14 -77 -71 -7 -39 -65 -39 -23 -24 -2 -22 -56 37 8 -42 -49 18 5 -46 -64 12 -53 -30 -26 6 -39 2 24 39 16 -23 25 -101 -107 -2 -29 -50 -42 -33 -20 -9 0 83 0 37 -23 4
-67 -16 16 -69 52 -100 -23 -14 -104 48 3 -13 17 -15 -32 -42 -84 22 14 -13 -32 -27 38 9 -29 -36 36 47 -13 -73 -22 -3 -44 -19 -42 39 -4 -53 -49 -39 -52 35 -91 -53 19 52 -15 14 29 -2 -15 -36 -33 -20 -21 -1 -20 -31 -38 -27 -77 -39 -26 -41
-37 19 -47 -23 -27 -62 -2 13 10 -51 -45 3 -15 43 25 -56 -9 18 -32 -22 -41 -51 17 -31 -39 -43 -1 -91 -53 -109 46 39 -6 -28 -13 -47 -80 -77 -20 1 18 19 -53 10 -20 -104 2 -53 8 -73 -6 -65 -44 13 28 66 -7 16 39 40 -94 -49 -26 -49
-68 -61 -55 11 24 -64 -53 -24 -27 -9 -71 -48 -62 -57 -71 8 -11 -21 -14 -55 -94 -66 -49 -50 -38 15 -45 -43 -40 -67 -2 19 -49 13 -79 -95 -31 -41 -3 -42 -30 -107 -69 -52 19 -61 6 -45 -29 -39 -16 4 -24 16 -42 -37 -15 -60 39 -19 -111 -58 -14 -37
-4 -38 -7 -7 17 -2 -75 -59 18 14 -12 -36 52 -56 -67 52 -15 10 40 20 37 35 40 -33 -55 13 -88 -106 49 -30 -23 -47 6 23 23 3 37 -35 26 -68 -40 54 3 0 -8 -29 2 19 20 -5 8 -80 -19 -29 -38 5 -27 -61 -7 -37 -15 0 -10 -63
-34 -54 2 -16 6 -13 -93 -16 -86 89 -69 36 -75 -37 62 7 -41 -80 22 -36 -76 -60 22 43 32 -13 2 -29 -29 -55 8 26 -39 -74 -110 -26 -33 35 -25 -34 -17 -60 -31 -39 -18 -13 -11 50 40 -2 10 18 -80 48 -83 -22 37 12 -34 -22 21 6 41 6
20 -28 20 22 6 23 -8 -2 36 -11 42 53 -37 8 8 76 -19 48 -25 -1 35 56 -21 -9 53 84 -25 6 72 99 13 24 27 60 -2 94 49 50 38 1 77 7 -48 20 4 -41 48 28 -23 -20 53 -8 -36 -40 47 -23 -32 14 -5 68 9 4 -11 -8
39 67 64 64 8 17 -60 8 46 0 36 -123 4 0 -6 8 50 29 -34 -5 41 21 40 49 47 56 29 -2 89 25 1 -7 14 -2 35 4 95 -41 31 61 3 63 8 51 62 54 -35 68 98 -112 33 45 35 -21 62 50 64 101 63 54 -33 7 36 -6
-50 -3 14 8 -53 -1 -4 0 32 16 -92 -21 -16 -52 -7 -45 -20 -57 65 -18 -4 -42 -53 -59 -28 -57 -65 -49 -61 20 23 -62 -26 -45 -35 -63 -87 -50 -1 -23 -9 111 -28 -13 -90 -38 14 49 7 8 -1 45 35 -37 -21 -21 -6 -41 -7 -87 -61 -50 42 -4
6 66 3 19 -41 -28 49 -18 -6 38 22 61 -4 48 -17 24 -48 -16 -13 1 29 108 -7 1 -56 -15 4 -31 7 77 70 32 6 -18 -8 25 16 26 10 -2 -17 38 2 21 -78 13 -39 48 -17 -6 40 22 -37 -17 -8 -5 -6 -3 20 34 21 76 54 -15
-21 -18 -62 -19 26 -56 -20 -34 3 30 -12 -6 -51 32 -24 -90 16 -10 21 1 6 -77 -74 78 -39 -42 -19 -53 -26 -22 8 -89 -14 -52 -53 76 -42 2 -16 18 -35 -51 -14 -79 -35 -64 -12 -58 20 42 5 10 -50 -50 -63 -4 -7 -8 -18 5 34 -55 -43 14
26 -5 26 -51 53 -5 21 43 -14 82 42 -19 58 30 55 6 96 30 77 21 52 26 40 30 9 33 -13 23 39 34 -46 -70 -31 12 -7 10 42 124 69 46 35 10 123 92 75 101 76 29 90 5 32 -43 75 -34 47 -95 56 9 -92 83 45 -5 7 15
-12 -45 35 -22 -10 -18 -50 16 -24 -10 9 59 7 -75 16 -83 31 -46 -24 17 22 -27 35 22 25 -33 -56 -9 66 46 40 61 -14 15 8 52 11 -19 -12 -31 -41 -76 13 -59 -25 45 34 48 -34 5 -2 28 44 -18 28 -13 -44 38 28 -3 46 -87 3 -42
30 10 -14 -63 42 -24 -17 -104 -54 -73 58 14 -16 -34 -35 -70 -75 -53 -89 -28 -49 -22 18 113 51 -30 23 6 22 -8 -45 9 -68 -38 -32 18 5 -19 -10 -48 -18 -78 -122 -34 -37 -55 23 -50 -80 -53 -27 15 -30 -13 -16 -59 -53 -58 -4 -60 -6 -48 -74 -11
32 -34 -29 9 42 73 -18 78 13 -46 20 13 87 27 -20 -12 32 41 -16 -40 -19 7 21 -66 -88 41 45 -72 43 105 -2 25 -45 6 91 -7 26 5 0 29 51 61 16 -15 23 16 9 33 -23 -62 10 -2 -90 -15 44 -47 19 -36 -1 -1 -4 -59 -30 41
-43 39 -12 -54 -8 30 51 127 20 -49 -16 -25 -15 66 -7 -45 -43 3 -39 -66 9 7 40 8 14 15 -2 -8 32 -39 24 -4 34 -8 19 -11 -34 11 -35 -18 28 17 -7 4 54 -43 41 -2 32 13 -10 26 26 27 11 31 -57 55 -5 -10 -2 -103 -26 -29
37 125 -6 13 -2 52 21 -21 99 -47 38 -31 39 75 38 -48 63 24 -49 81 43 38 -4 49 38 -4 49 -28 28 31 20 42 51 58 34 68 6 40 -7 -126 49 12 -6 20 78 43 17 -28 -12 50 69 -2 22 11 41 22 34 5 -66 4 28 24 19 15
37 34 -94 -80 -18 -33 -5 -56 -33 2 -54 -5 -25 -24 -9 55 -79 53 -76 -72 -1 37 4 67 -59 -27 -68 -5 9 -3 -46 54 -27 -27 -42 -25 -33 18 -3 -11 45 -16 -4 -36 -33 -76 31 -48 -80 -62 2 -52 6 -61 16 -20 -27 -32 -70 -35 -10 -25 -73 -60
9 -24 -33 -43 -23 55 -38 -2 54 -4 -46 -14 -76 -16 46 26 17 -6 32 94 43 -51 -29 -21 -19 -30 25 -66 -13 -61 45 33 31 37 -12 2 -94 40 -59 42 -71 -72 -15 -37 22 -28 10 113 -63 -14 -10 -8 -40 63 18 81 11 -51 8 -19 29 -28 19 32
30 19 89 17 34 26 -42 42 63 29 -19 11 39 36 -19 -62 104 -3 20 -24 -25 -31 -22 10 25 -12 17 1 23 60 -77 -5 36 10 43 53 -21 9 23 -32 1 81 99 -3 10 -28 -36 43 1 -11 48 -41 26 -34 -35 -8 -7 76 -3 20 43 25 -13 62
44 17 78 34 54 -39 10 -108 -77 77 -30 29 14 -60 9 62 0 -37 39 65 3 44 69 41 29 33 48 24 -6 24 -54 -15 36 -2 37 77 42 73 53 -20 18 36 50 -28 61 11 -10 120 60 5 37 69 62 30 2 50 11 46 48 71 12 38 50 6
21 -2 28 -25 -16 22 -43 2 19 45 -43 -27 23 -62 5 -21 -119 -12 7 16 -32 -17 37 -28 54 -48 50 15 62 0 0 9 -6 26 48 50 20 -29 -38 30 56 13 -4 -21 66 31 -24 -60 -13 -26 49 -21 52 -17 -53 64 -19 -21 -13 0 -39 21 -31 42
2 -55 -23 3 -78 -119 -47 68 9 -17 9 -19 20 30 -46 19 -23 -72 35 -15 -23 -18 16 6 17 -65 -13 -61 6 26 3 -40 -9 -41 -51 58 -7 -18 -70 -32 14 -5 10 -95 -41 7 125 -56 41 27 -36 -12 5 -5 -20 54 -20 47 -20 25 -20 -45 19 -56
-47 -20 17 40 -25 -39 -43 56 -108 13 4 -34 -26 24 73 -56 -57 45 -87 11 -44 -48 -56 -92 9 19 3 -37 -7 61 -22 -45 13 4 -29 2 15 -30 -72 33 27 58 -47 -21 -47 61 11 -13 -71 -66 -71 -48 -108 -21 -53 -43 -4 -2 -12 4 3 -54 6 -49
15 99 20 7 28 21 50 1 -50 83 51 11 -11 32 15 -20 35 -4 3 4 12 -6 49 -61 -60 1 44 5 -34 6 -41 -1 89 -44 36 84 2 -46 44 -6 -73 12 -87 -36 21 -31 14 19 40 12 -18 -68 67 75 18 -19 76 1 0 -12 32 23 -57 58
-45 -21 -13 -12 17 32 -27 -29 21 38 58 10 2 -6 -66 -36 -55 -30 -26 -29 -53 -103 -18 -64 -84 37 -59 -8 -10 58 36 56 -73 51 -25 -118 -34 -49 0 43 -101 31 -38 -3 80 0 31 -38 -9 1 -51 27 7 28 -51 -29 -37 -23 42 40 10 -8 -51 0
-41 22 1 71 1 67 54 50 -124 81 37 -28 75 10 8 12 58 93 -20 16 77 25 52 25 -23 3 30 2 -5 23 63 93 -65 -1 32 -39 -2 -29 71 7 32 10 31 82 57 -46 53 8 29 123 0 78 55 62 61 1 32 -2 9 -8 2 19 76 -10
1 -9 -3 -57 47 38 -6 -20 20 16 -48 -27 63 -78 28 -56 55 78 22 -26 6 6 61 24 57 -6 3 19 27 -1 52 18 58 7 -20 25 -42 68 0 -10 42 -23 22 -17 -2 50 43 15 11 4 7 17 19 -1 -48 -9 8 -49 93 -23 -58 -6 -29 -7
-69 27 62 31 101 33 8 41 35 -21 49 -21 12 6 20 -33 -35 22 73 83 -44 -12 72 4 67 58 18 -37 21 -22 38 6 -4 -44 69 8 31 10 20 59 24 71 32 18 49 -54 -5 89 78 -1 -1 -10 28 31 61 69 -2 99 -56 36 -47 30 19 -59
-28 39 -24 66 -41 -6 -35 31 13 -3 -9 14 8 21 19 34 35 16 -62 28 -38 -27 38 -49 -42 47 -11 11 5 -13 11 21 -32 -54 25 0 -1 10 -20 0 -11 -32 33 15 -24 -58 -30 -71 -46 18 -10 3 28 36 57 9 -23 51 -69 -58 13 -6 -63 47
-14 -17 -8 -34 12 -48 17 -11 -17 19 28 21 -10 22 -45 37 60 -66 -29 91 -23 19 57 1 58 -7 66 -9 -10 23 27 -33 66 -21 39 80 35 -17 -84 11 55 2 42 21 38 21 -20 -7 3 7 -2 0 -38 -17 -38 -97 -27 29 14 -32 6 -1 -35 51
-6 -9 41 39 55 -1 38 7 26 39 2 -22 -4 43 -60 -7 -24 8 -96 49 35 66 67 10 18 -41 61 21 1 -9 30 -12 -29 28 15 -14 15 -45 37 62 -64 -87 5 30 -32 -11 -19 -48 -1 -21 41 37 26 -24 -56 -4 -18 -39 50 -49 38 90 -12 -2
-45 -44 41 -53 -29 -74 -104 -48 -49 12 -81 -49 -6 -41 -70 -56 -30 -1 -11 -32 -37 -89 -99 -104 -114 -77 -64 -41 -83 21 -56 5 -73 -97 -97 -84 -71 -48 -45 -3 -70 -31 -29 -65 -50 -43 -77 -51 -26 1 -37 -63 -98 -86 -88 -77 -38 8 10 -77 2 -34 -3 14
-8 31 2 3 -14 86 -13 41 117 28 22 -12 62 13 68 69 54 28 65 18 43 47 40 38 -1 14 -6 48 109 13 4 45 5 1 33 36 -42 54 77 53 51 118 5 61 118 70 26 89 54 5 29 12 62 105 13 42 37 66 -1 -26 107 65 51 49
-21 52 28 14 -1 9 23 -26 14 20 57 -66 58 20 -75 -101 -83 -5 81 8 0 -41 13 -29 -33 -20 -18 57 -17 49 -4 -71 57 -50 8 16 13 68 -36 16 15 -46 -39 22 31 42 -76 39 22 6 9 -15 27 14 -36 -35 -39 -3 -29 -45 42 -76 31 49
32 -22 20 -13 8 55 22 -22 9 -2 33 -35 28 -44 34 -30 19 -64 69 41 16 35 0 -65 76 10 13 27 44 -6 -12 -35 -3 8 108 58 67 37 1 -17 -16 -46 0 62 -90 49 15 17 109 72 40 -33 -21 23 -32 39 -7 54 95 39 20 48 -34 7
-16 42 -18 52 4 32 -20 -44 -18 -43 -40 -10 -16 -31 -43 -36 -65 -15 -2 -50 -9 -60 -75 10 24 -12 4 54 27 -2 -55 -34 -15 -54 -28 -67 39 -8 -58 -92 -34 -20 -42 -10 -31 -74 -19 -7 -6 -40 2 19 -19 -40 -40 -52 13 46 -83 46 40 43 -4 -44
48 -51 86 -8 102 53 -10 37 -12 16 53 -25 68 63 55 14 54 -42 -6 -36 47 62 -123 7 19 64 83 114 50 41 65 77 86 -12 89 9 35 27 5 38 73 34 40 120 20 13 -49 33 7 69 106 76 27 -10 26 34 -19 -16 13 -76 -28 5 40 -46
-20 83 17 -26 34 51 32 12 -27 57 -5 34 -15 54 20 13 -11 19 14 14 -4 17 -23 44 36 46 6 31 51 20 -105 3 3 -8 47 2 -36 27 23 -44 -14 -68 19 -10 36 12 1 71 6 -3 -56 -66 -19 -71 41 73 6 30 -74 13 68 53 12 -9
-38 -107 6 -12 -1 59 -3 8 32 -13 -42 -63 64 11 -24 70 -63 -63 -4 -7 -3 24 -19 -93 -60 1 19 57 -37 -25 -40 2 -43 12 26 -9 -28 -39 23 -22 6 -42 -10 -64 -7 -37 -24 -42 -18 -7 -65 37 -42 -65 20 -53 -8 -2 13 -29 3 -42 -28 -18
8 -121 27 -22 -64 31 -23 21 -27 34 -54 -84 -87 11 86 -31 -12 -82 -12 -7 -7 -36 57 -59 -7 80 47 15 -23 -37 27 -54 -43 -42 27 -29 35 84 -16 -54 38 2 -15 -11 48 10 5 -13 -41 -48 -16 -28 33 -14 -35 -14 -42 -23 -40 0 -54 -73 22 54
-23 14 42 45 -6 13 -23 -85 -55 -39 15 48 -28 -3 -36 47 0 47 9 18 -91 8 22 10 -15 49 29 -2 -29 23 26 -25 22 83 87 1 -26 14 -90 44 -33 53 -15 -81 51 9 47 8 -47 18 -40 -26 51 73 -29 23 -57 -63 -16 -6 -23 -55 0 -71
9 -14 25 -21 -2 3 -38 -8 19 13 -90 -40 62 60 82 -23 -8 -67 14 -66 -108 -58 -6 27 -89 -58 -21 39 -58 -97 -9 -49 -28 -63 -20 -21 -26 17 -36 -13 54 -55 -53 -121 55 -1 25 -15 18 -99 -53 -35 -77 -4 -63 48 2 29 -79 53 -7 -86 -41 37
12 1 63 -20 24 10 37 71 64 24 -45 78 27 8 -83 21 -9 -17 31 13 14 -4 -60 -18 -51 -53 -32 -43 12 18 -40 15 53 -21 -3 -8 -31 -5 -13 -2 -42 -61 72 22 62 20 -5 -53 -9 75 -86 -34 -24 -19 -1 -2 -8 10 -20 32 71 4 -72 56
-11 18 81 8 23 -29 -46 22 27 -10 22 -55 -73 -6 62 24 38 -7 -51 31 -35 -9 -91 32 -8 -21 33 1 -22 24 23 27 5 -49 -44 23 -5 -28 -18 44 7 -36 -1 -41 -22 -4 3 19 -35 -11 6 -4 13 -31 63 -101 -7 20 20 -51 -21 -45 8 23
-26 -11 3 -41 15 -35 0 -28 18 -10 -28 45 -16 -90 15 -12 -26 23 -57 -8 69 -10 33 7 -53 -36 10 -10 75 49 -32 -1 36 29 -30 70 -14 -31 4 -17 -65 11 17 -69 -22 3 -49 33 -7 10 -33 -15 -4 13 1 -18 -67 20 3 -27 -27 10 -49 -38
17 -34 -18 109 -41 21 -52 52 47 47 68 35 -12 88 58 25 -20 28 43 42 46 12 -17 -6 -64 1 22 -61 17 15 19 47 33 9 -39 47 48 -48 -28 -25 -27 3 -29 -3 45 19 16 11 10 4 55 25 -68 67 -13 -35 3 5 -23 85 3 3 19 39
21 -24 -47 6 -80 -9 18 120 5 75 1 -63 -53 38 -5 21 58 -37 27 -1 -24 24 83 41 -11 -41 -85 -37 -46 44 -11 -6 -32 5 -12 -28 -38 12 -6 -22 -41 29 -22 7 -41 32 22 6 -47 -29 -10 16 -26 -22 15 22 -12 10 -18 -1 -59 -2 -4 -16
55 -4 44 98 -38 67 -17 36 32 32 -1 59 25 10 90 49 19 10 38 5 44 30 -21 -4 -102 76 -42 37 30 22 9 -11 -1 4 89 86 26 36 32 -14 -33 14 72 52 12 12 54 31 38 33 -17 55 51 -3 108 29 9 42 30 116 42 20 20 -4
63 -90 4 15 56 39 9 25 -65 -15 54 61 13 51 62 42 40 55 -14 -8 -14 -52 -60 -4 -9 65 49 53 43 33 16 2 68 -17 21 -34 61 44 -32 4 -16 111 -4 4 0 -65 82 -6 -56 -20 -36 31 22 9 -11 13 78 81 79 60 -32 -30 38 5
56 11 88 11 55 91 59 103 9 -3 82 -38 -93 87 67 74 42 6 34 99 9 46 16 6 103 29 55 0 44 57 42 18 22 18 -7 1 -47 65 -81 12 50 60 118 -26 -6 45 61 35 -61 5 -39 17 50 48 105 -19 37 55 64 3 37 -3 58 77
29 73 29 42 53 20 22 1 82 73 5 33 -7 12 39 29 35 18 54 45 40 57 99 7 29 65 31 9 -30 10 19 33 -1 -49 -29 -30 101 61 21 49 90 -21 -45 -97 -48 -9 30 -39 -33 11 9 -59 28 73 -4 -36 -14 -29 -39 58 12 22 47 18
82 44 60 54 -18 18 23 -48 38 49 17 5 29 67 0 58 90 51 67 -59 -18 67 -46 47 29 52 -17 6 -12 126 8 -28 31 37 51 7 -59 33 19 -11 53 7 52 57 64 -61 16 34 46 -86 -14 69 35 42 17 50 107 25 83 -47 73 -30 58 9
56 -2 -83 30 -99 -81 -74 -12 -10 48 -43 50 66 -3 16 -9 -34 8 6 -82 -57 -68 -9 -13 8 -28 48 22 -78 2 6 -55 -28 29 -23 30 -2 27 23 -42 -13 10 -17 -54 -11 -36 1 2 -66 7 -18 34 2 -6 48 5 10 21 3 -3 37 -80 27 10
114 -11 11 89 74 -10 -5 -4 71 -44 23 -116 80 28 39 71 20 42 -5 8 18 20 69 38 15 16 16 -11 39 71 16 -14 65 38 81 49 13 48 31 45 33 -18 9 115 36 1 -22 -11 11 67 57 18 41 23 -14 43 18 -19 32 41 36 69 71 47
23 62 61 -31 80 53 10 -3 -18 34 23 86 -6 15 49 64 -22 22 10 36 -75 -17 21 27 24 68 33 98 24 -1 18 29 -5 14 0 36 8 10 93 43 39 -8 20 -26 66 28 29 49 0 22 14 -19 11 88 16 31 4 49 12 36 65 -16 43 34
-16 -1 56 -92 6 2 -2 -58 8 -10 33 32 10 -21 -76 -66 -20 31 -26 15 -19 19 24 -5 -63 22 -42 -87 -7 76 62 35 -64 14 12 -6 -82 -56 -65 4 -4 -51 21 -51 28 40 12 -67 -7 -12 2 32 54 -54 38 -37 19 -5 -29 14 -15 -23 35 13
-8 -61 -15 41 -20 -28 28 62 16 -18 -7 -5 -48 -32 17 -74 -21 34 25 30 -41 15 -7 2 12 -45 13 -31 -20 42 -37 4 -64 -54 3 32 -71 -27 -1 39 -28 -30 10 -65 21 45 26 84 -58 -12 -95 -13 36 50 -48 47 -41 -80 -59 -14 21 30 27 -59
-10 -2 27 70 -101 -28 38 -8 27 -6 19 5 -39 109 50 76 -18 -36 -29 -1 1 51 25 6 32 8 30 32 -44 -52 24 12 38 -41 23 58 -41 -98 40 -41 -15 0 -14 0 -4 11 2 9 21 -8 -83 -27 -54 -26 18 -34 13 23 34 34 -47 11 15 -3
-2 -81 -26 88 -59 18 29 -13 22 -32 -23 7 23 6 20 -44 -67 -10 58 -14 22 -36 -6 -12 -24 -23 21 -23 -7 -8 -27 -10 22 8 -62 4 85 1 -19 74 -20 42 -24 13 8 36 -36 -11 24 41 45 47 -50 32 -34 -6 27 -46 51 -70 54 64 -46 5
-26 -19 19 -51 16 -32 -20 -4 -70 46 94 -5 12 2 -50 21 45 -38 -74 -53 -66 -17 -22 -8 4 52 -39 -11 -38 23 49 5 -78 -28 -10 -26 34 -20 10 -20 -15 -31 -2 -68 -31 31 19 -49 -31 -25 7 8 -55 -17 -5 35 -56 -25 -95 -15 -29 4 37 -32
-25 -42 59 43 13 25 63 2 39 5 29 17 -8 -8 -47 -60 -47 -61 -51 80 30 4 19 -5 19 -50 51 27 -17 -28 -4 26 25 -3 67 92 3 12 82 46 94 16 40 -47 -17 89 46 -33 51 14 62 -56 -48 70 -30 -62 -10 -24 -47 -31 8 -11 -50 32
39 64 -70 -60 -40 -4 11 11 26 -15 -23 -44 -42 12 -1 3 -82 -72 -58 87 -50 21 -39 -45 -41 -16 -25 18 -20 -29 -26 16 -12 -15 -68 -4 -46 -3 28 -4 21 -34 -56 -39 -77 38 -32 -10 -6 69 7 -34 -92 -25 -18 30 -29 29 -53 0 -2 -50 -77 15
27 63 37 -11 68 14 -57 -34 -9 41 -41 -14 -78 -103 11 15 -1 -46 -42 -90 -55 -15 -1 -36 -25 1 -73 -40 -64 -50 -36 -69 25 -12 50 19 -5 33 -48 -26 -17 -38 -19 -25 -52 -7 -36 13 -19 18 12 51 13 -37 22 -8 55 31 -20 14 -75 -28 3 -23
-104 -23 -61 124 -37 -22 71 18 -109 -66 -29 -38 -64 32 -91 -56 -36 -73 -56 -67 30 -2 -36 21 55 23 -49 -59 -20 -15 -2 92 -77 -80 2 -36 -56 -54 -63 -24 -42 -36 3 -37 -36 10 25 -25 -4 -53 -35 18 29 -5 23 -91 -76 -54 -48 -32 19 -81 -77 1
28 -74 76 -63 -10 -44 107 37 52 96 29 17 28 35 30 17 -16 30 -31 111 -34 -9 34 80 -20 12 109 70 70 -85 26 23 -30 -24 8 -8 -53 6 22 -58 9 24 69 10 32 -13 9 13 75 24 -24 7 11 17 44 49 -10 44 42 15 -58 -13 -21 46
49 43 47 -28 -11 -1 11 25 83 -3 57 -4 0 19 -51 -65 5 32 25 -39 11 -38 42 -44 14 -14 -1 5 10 -80 -19 36 7 -36 16 -19 -47 60 -41 -9 -13 -39 -4 -24 -21 60 -41 7 9 12 29 35 44 -70 10 -17 1 46 49 -9 -3 -41 40 -8
-27 -18 -57 -13 4 -31 -26 -27 -30 -5 -46 -25 -11 -77 -109 -40 -36 -115 -55 3 9 -11 -34 -3 -96 -121 -47 -4 -61 -41 -21 -52 -39 -74 -60 51 -10 -23 -16 -37 -82 -95 -81 -58 -14 3 -8 -57 -9 -70 -28 -37 79 21 -56 -89 29 -26 -6 -22 -62 -36 11 -11
27 46 55 -51 20 49 40 55 -78 8 -51 9 12 55 -52 121 15 -35 9 97 -67 -28 16 10 20 73 -43 2 42 -8 7 4 15 58 27 29 -45 24 -1 -11 111 4 88 36 -60 -2 78 -16 31 15 -12 -6 59 33 38 70 1 -112 61 93 -66 88 36 18
28 -20 -80 -50 -16 32 -41 -41 -38 44 -20 30 -63 -3 -18 -8 -6 4 -16 -25 5 -25 51 -27 64 -13 -4 -23 35 8 -34 -41 16 -10 29 -27 -14 26 96 45 80 7 69 -8 21 4 14 -47 2 -47 -37 5 23 68 -28 -14 7 -15 4 54 -4 45 58 19
-4 -35 54 -57 -15 -18 -67 -10 -19 115 -115 6 -7 -37 -34 -77 31 8 21 -26 -39 -45 -33 -56 -3 -76 -82 -2 37 -9 4 -99 -26 70 57 59 -8 -30 -31 47 -46 -114 30 -32 -87 -18 -50 -16 -82 8 33 -30 -70 -65 7 -58 -36 40 58 -30 -38 -53 11 1
-72 -53 -118 28 -86 -24 -95 6 -15 -62 -29 0 -28 -107 -3 -31 -11 -31 -64 -54 -87 -26 20 -15 2 -26 -74 -32 57 -18 -20 -76 -93 119 -42 23 23 -72 -32 -106 -6 -58 -93 -46 -21 -71 50 -37 2 13 25 10 -60 105 -47 -58 40 -93 -11 -86 -20 -93 -28 -65
-22 -48 -13 -38 -21 -30 -25 -51 -43 -20 -16 -2 -58 18 -64 4 -41 -21 28 18 24 -55 -33 56 -41 -50 -21 13 -78 -30 46 19 -5 19 16 10 57 -46 15 -27 60 34 -6 -25 -27 -13 -48 -61 -95 0 -71 -59 -37 45 -54 -37 -30 -39 -49 -88 8 35 -29 -27
60 -56 42 16 1 -9 80 89 26 -24 37 1 42 73 -38 99 18 24 -4 -12 66 38 8 -25 -7 51 34 48 -30 16 -40 7 -39 -38 1 34 46 -34 44 -101 4 -60 -17 5 5 16 21 83 51 19 -22 -4 58 -60 -10 -28 43 9 79 -19 69 28 30 19
-16 5 -5 -51 -10 -9 39 -6 1 -58 13 -81 -71 -46 9 -24 -56 -30 8 19 9 -29 -17 -28 -6 -47 -30 -20 -1 -54 20 3 -50 -29 -75 -8 -6 19 30 -18 25 -27 49 28 39 -47 16 -47 -31 25 24 -42 -18 -27 -18 -5 -8 -6 8 -59 43 -75 2 -78
-81 -45 -9 -67 -26 -33 3 -53 -85 -44 -33 -53 -10 -31 23 -9 6 -8 -58 -30 -120 19 4 -47 -30 -22 29 31 -49 -99 9 -83 -54 -11 -3 -40 -6 -29 -54 -69 -29 -20 -84 -82 37 -5 45 -76 -69 -11 -84 -34 8 50 -52 -20 -1 -61 18 -49 -67 -28 -105 -114
-37 -76 -94 -22 -85 -54 -56 50 -32 -37 -16 25 12 -40 -13 -78 -57 25 -71 -80 23 48 -60 -14 -18 -12 -89 -17 2 56 12 -64 -37 20 -32 5 15 -39 -22 -6 15 -37 -16 21 -29 -2 -26 28 -18 -17 -35 0 -84 -58 -25 -9 -76 -7 -21 1 -76 -10 44 -30
25 31 -18 -16 17 -2 4 10 78 57 -8 -53 58 20 -17 22 -18 -56 -28 25 24 1 -47 -3 -34 -37 17 21 -71 -20 5 -35 9 -16 64 -44 16 -12 -66 -48 -13 -41 2 17 -30 -48 28 -84 11 7 -1 -8 -29 -3 -8 -23 -73 36 11 -60 41 63 9 -20
-8 -20 95 75 107 64 87 -15 -26 -37 -2 -52 46 -36 -31 33 -25 28 11 -15 -6 32 -32 -20 3 59 51 -7 35 6 10 31 -26 -12 8 24 8 -1 -82 18 -44 -22 -33 -25 53 52 8 11 -36 10 -34 24 12 35 -48 -12 1 -5 -40 33 -31 52 25 -20
28 -73 -15 -15 0 -20 -80 3 -76 -1 -15 -23 52 2 -76 25 -29 -19 46 -39 -18 -10 -19 -38 -44 -4 -36 34 -44 -40 -70 -8 -32 -46 3 23 64 7 -14 -11 51 10 18 -27 7 16 -51 -57 -26 -43 22 -13 9 -47 -50 -76 -3 4 -61 -26 -29 28 14 -50
35 4 73 18 108 66 85 -5 33 -72 57 16 42 -123 11 10 73 22 -51 55 -12 -18 2 19 -37 15 50 79 12 64 25 54 33 28 97 20 39 40 -19 18 3 -67 -5 10 9 -76 -28 59 -55 87 -13 -1 7 59 -38 -40 18 18 13 27 26 13 -38 -38
-33 -72 -33 11 24 -48 -33 32 -86 -51 3 -13 -106 -2 -33 -63 -55 -68 -80 -8 -3 1 -60 -68 -87 -92 -76 -55 -34 -5 43 -46 -86 18 -44 -53 14 -8 -17 -51 -20 28 -10 -42 -13 38 -58 -56 15 -68 87 -6 -15 -40 -71 -44 -22 -80 9 -8 -24 -54 68 -55
-28 -16 39 -78 -39 -20 60 -50 -39 -52 -51 -37 -87 -25 -30 -7 -17 28 29 -82 13 -22 -29 -27 5 6 7 42 8 -27 -71 39 -5 -76 -23 -27 -74 4 -44 -59 51 -5 -14 16 -88 -66 18 26 3 1 56 -49 -24 -19 -10 22 17 -20 -48 27 35 25 -75 -15
-85 -75 26 -77 -17 19 23 -22 6 -36 18 -42 1 -41 -120 24 35 -8 50 -23 -10 -31 -5 41 11 -32 0 -75 -25 8 -92 -32 -25 -23 -21 3 -22 -45 -73 -8 -74 -43 45 -27 17 -65 -36 21 -2 10 -1 -39 -104 -60 0 -15 -32 -31 -60 -3 -16 0 -11 -39
18 99 58 4 77 33 25 44 23 7 9 54 65 1 97 29 21 17 23 66 42 48 33 25 -39 66 25 98 -16 -6 72 7 -35 79 43 14 57 -34 -38 44 45 -7 -1 2 15 38 -69 38 52 25 23 -11 9 39 -16 30 3 36 29 73 86 56 3 49
-50 63 -33 59 9 66 -126 3 22 -13 -41 14 6 54 -20 32 14 5 0 -16 56 -6 45 39 54 46 19 -13 63 3 21 23 -29 83 40 -8 49 -30 31 -33 -29 59 41 -52 38 54 2 -20 61 -11 57 14 29 5 71 -29 -39 -69 -32 65 90 -16 21 31
30 -15 -82 29 -22 -9 -52 -12 8 -46 18 11 43 64 93 -2 15 -45 2 7 -42 16 -40 -86 0 -6 37 37 38 -30 0 -45 41 -12 -57 6 48 6 11 67 -24 -5 -106 32 -52 29 6 -15 7 31 99 9 8 54 1 -32 -1 -33 -2 50 -38 -21 -86 -41
3 22 -78 -20 -76 2 -11 -19 35 0 -17 -20 -4 -6 -43 -6 -75 27 16 18 51 -28 -18 -37 -57 -5 -9 50 -3 -11 45 -47 -5 -7 -6 -68 59 -34 -41 -45 -27 -12 -9 21 -24 -67 -98 -7 53 67 -11 4 -27 -47 45 57 -7 4 -51 -88 -66 30 42 -60
-114 8 -35 16 23 -30 17 -36 -2 -97 -3 -14 -11 5 -10 19 33 116 -21 3 -31 -28 49 21 16 -115 24 -72 -21 -70 -3 -71 -6 -21 -57 3 49 -3 21 18 -10 -1 -7 -50 -50 -94 -22 -41 -2 50 -53 -20 15 48 121 -57 16 -73 1 -46 -33 -59 6 -65
53 2 -23 61 49 0 -2 58 8 53 46 3 -87 9 4 -2 15 -12 -26 16 57 60 83 -11 59 -40 20 50 41 46 15 29 13 34 22 23 -57 50 15 -37 51 -78 -9 40 15 -7 15 50 64 41 -16 84 11 24 -40 -25 -40 55 59 37 47 17 -35 39
13 45 26 63 -8 6 -33 10 33 -9 -47 15 -30 16 -16 24 -11 9 -6 48 -2 -3 53 3 -34 -15 26 -43 3 54 -19 -41 -58 -25 -32 -42 1 -61 4 22 4 -25 32 24 17 -30 -14 -13 -59 40 25 0 1 38 28 13 24 -31 -37 -57 12 -36 -30 82
63 24 48 8 11 59 9 69 19 -9 27 81 5 -69 -31 -23 49 103 24 -32 58 23 -27 19 104 2 -1 13 33 -26 16 85 14 15 43 57 52 41 57 62 107 116 65 7 -8 8 75 53 30 -9 -42 9 49 56 31 50 -2 70 33 31 1 44 30 35
-45 -91 -50 51 24 -37 -35 38 -49 -46 12 118 -57 -55 33 -61 -98 -43 -1 -47 -28 -17 -85 -33 -34 -54 24 -23 -99 -70 -104 -64 20 15 -9 7 -40 -1 -71 -32 14 -35 -23 -63 -62 -21 34 6 -13 -89 -97 -68 -23 -25 47 -56 -4 14 -69 46 -72 17 -123 -37
-3 16 -2 11 2 62 20 19 11 -51 58 4 21 67 34 0 -13 62 2 -30 -6 -68 -56 -20 -20 50 84 22 2 2 -39 -35 79 -4 -20 -34 -10 -24 20 -6 36 23 -23 45 -2 -17 44 -50 -2 -61 3 30 28 -27 57 30 73 -39 9 2 18 29 52 -9
-29 -9 -5 0 110 15 14 -32 14 13 -29 -16 52 -66 -58 57 -38 -52 59 93 45 -48 -62 11 9 56 51 12 -39 32 62 65 43 1 42 99 50 -31 -4 -33 -8 57 -29 -3 28 58 20 -29 48 86 95 23 6 37 35 -125 33 59 12 6 56 -33 -3 14
-77 -55 -30 65 42 35 -14 -47 -5 44 73 38 5 11 -35 -6 68 72 -24 -37 -31 11 18 -16 29 6 -45 -52 70 10 15 -60 34 -12 -14 -19 36 12 -14 9 73 -61 -22 -18 -38 19 -60 60 -9 -4 3 36 -84 -88 21 -77 10 10 25 19 -19 -26 -1 -25
11 83 32 8 6 31 114 47 36 -17 10 32 19 -3 -26 -14 18 -29 21 -25 3 -16 12 93 34 78 53 75 70 102 32 18 25 37 2 -16 53 18 8 24 -13 37 88 58 61 46 65 86 -43 -14 28 54 4 36 53 33 -51 29 -17 30 5 45 10 -21
66 64 -27 51 -35 15 2 -8 -19 85 53 68 -17 4 67 70 42 38 6 -30 4 10 51 -20 21 -3 27 65 10 0 28 -13 32 117 -14 -14 33 21 41 -46 124 76 22 17 38 57 -64 45 47 -21 9 67 57 56 4 12 -2 -44 25 78 41 20 31 -16
53 -43 -71 -24 -49 -46 -19 -5 1 -19 -53 -13 -16 -18 -67 -40 -24 -10 -19 -26 17 45 -68 89 -40 -31 6 -9 -24 -30 -26 4 18 42 -39 -37 -27 48 -20 -9 -114 -49 -50 40 -62 -2 -2 -44 31 -35 30 30 -39 -62 56 -28 -9 2 -42 20 -54 35 -99 -7
34 30 -32 30 98 -76 3 -26 -4 -4 -2 -10 -29 -44 21 92 5 55 19 62 60 -38 30 56 25 -7 43 41 -70 93 17 -30 -27 40 10 -46 72 23 17 38 65 17 41 23 55 28 -5 -28 18 -22 -42 -9 80 -28 60 27 21 30 -14 17 -6 17 -14 16
-87 10 21 38 -8 56 -104 44 104 -8 -6 4 15 15 32 -33 3 18 -7 2 -35 -26 -16 -69 17 51 -66 -5 -35 47 -45 -24 11 2 30 13 -76 -85 -3 -17 38 53 43 -5 -53 -19 48 -22 -26 26 -49 11 6 -25 -34 40 -21 14 54 -18 -50 -12 -31 -13
5 16 -34 -33 4 -23 -115 13 -79 -39 -61 43 -28 -39 -29 -53 -8 18 -18 -66 4 -1 46 -42 17 98 -25 -41 -6 27 -72 -43 -36 -11 32 19 24 35 -8 -38 -14 2 -34 35 -47 63 41 46 -42 2 -25 -18 -13 -71 19 -91 75 27 63 -25 -53 -55 30 3
-27 -98 -96 -53 -36 -19 -26 -50 -66 -50 -39 -68 23 -35 -39 2 -51 3 -28 -14 -17 -104 37 -8 -52 -55 -49 -78 -61 -83 -70 -75 -62 -14 0 -38 -67 33 -62 -24 -84 -24 -2 -28 17 11 -16 -31 -28 -22 -42 -30 -17 41 -49 27 35 13 -101 -56 -77 8 -126 31
21 -76 -25 -39 -43 21 61 55 27 39 61 -12 22 -10 60 57 6 -40 -8 50 -20 7 17 -79 -12 3 27 4 -26 102 76 3 21 30 8 17 60 -17 51 -42 6 -49 28 -23 35 5 61 -30 -10 22 -4 7 20 5 23 44 -29 -10 -33 -8 -31 -16 6 -32
93 -122 32 35 25 -32 41 -74 27 -24 62 22 5 50 57 21 2 79 12 -116 58 30 0 41 6 -33 73 47 40 -36 42 12 60 -14 22 27 19 84 54 11 12 61 16 91 -9 77 8 15 5 41 6 42 51 34 54 -40 -6 -32 87 14 25 77 -60 -9
-20 8 -21 18 -28 -35 27 -59 -1 42 3 82 -4 13 -27 30 -8 -10 -30 54 72 7 -32 -29 27 44 77 37 14 11 13 -46 14 0 94 -3 30 -55 -18 17 38 9 21 -61 61 -10 -13 4 34 78 -7 -31 25 66 -13 -41 4 -42 -12 62 39 43 -84 0
26 -14 54 32 12 9 47 23 3 60 38 67 19 61 102 -84 90 33 -59 55 3 26 42 -56 81 32 66 -6 -12 55 -1 19 -29 -16 -6 35 14 2 19 -18 5 -7 22 60 15 26 21 -28 8 61 0 -8 13 57 51 -8 37 -25 77 -20 26 0 -13 6
27 35 78 51 -14 33 15 11 64 29 10 57 -6 53 47 69 65 81 -59 71 -19 52 24 33 -55 33 67 12 15 -12 55 51 23 35 -1 31 33 -19 -4 -20 -69 2 43 29 57 73 -2 -58 2 2 -14 45 -2 16 79 3 18 44 -65 14 -19 52 -18 52
65 12 17 96 29 36 -30 37 80 -43 47 26 13 50 53 19 -3 22 9 4 61 -5 -2 53 100 2 46 -4 12 76 -44 -4 39 48 13 17 -9 52 71 -7 69 94 17 3 56 -40 52 -6 94 47 85 15 28 48 16 10 82 60 -4 16 37 47 7 37
37 2 -22 7 -77 20 -2 -70 -42 34 -14 -5 -27 -18 68 -27 43 35 2 -9 77 34 -20 54 0 1 -8 52 62 40 44 76 40 -42 -14 -74 6 79 -11 -14 -34 66 -7 18 39 -63 -13 9 39 -28 42 7 -29 -61 68 -69 -46 52 -62 16 31 74 -11 44
-38 -26 -29 -42 28 -26 2 -72 -1 -74 28 -36 -56 -18 -69 -49 -41 -80 -42 -28 1 27 -2 -43 32 -67 66 -74 9 60 37 -74 -54 49 6 -74 -14 -128 -7 39 -2 44 -96 -18 -49 4 -110 6 -56 -22 15 24 -14 -47 10 -44 -27 -74 -28 -110 -59 5 5 -81
107 19 31 88 53 -2 45 69 13 25 53 37 -3 36 94 53 100 -69 27 16 59 69 16 -12 66 105 120 -32 48 66 16 61 59 20 59 2 68 -5 15 40 61 48 76 44 34 20 39 -17 0 -19 23 33 57 -59 92 21 59 44 50 -17 50 -11 49 10
-9 -17 -43 -32 58 -65 -46 -106 -122 33 -75 18 45 -34 -18 -84 -44 -18 60 -13 -21 -14 24 -28 46 -15 -17 -22 -33 40 -22 -21 28 -51 -4 -32 -5 -39 -39 60 33 11 -33 -41 -51 54 -71 -32 26 73 -80 -31 -74 13 -111 -7 -20 -38 -44 22 -5 -76 -12 34
28 3 -23 -42 49 44 3 -83 13 14 -45 24 -17 -89 -24 77 -71 8 17 4 -49 -45 23 -8 -20 -2 -11 -4 36 22 26 -14 -48 7 56 -11 9 78 96 -1 -46 -37 27 -28 14 70 3 67 9 -107 64 -12 -31 51 -58 59 33 -12 23 73 -26 -6 9 39
-24 -45 -1 50 38 -28 8 -83 -26 -17 -48 -51 22 39 -13 -94 -40 -55 -12 8 -18 44 58 -71 33 -32 -80 35 -40 -31 -82 -8 2 -95 -38 -8 39 -38 14 26 -17 -33 -70 -22 -54 -51 -16 -48 4 48 -2 19 -56 -58 -14 -39 11 4 2 -18 -46 69 -17 123
-91 -49 -28 23 30 -26 -34 -31 -19 -59 -45 -34 -80 -49 -5 -77 -6 -4 -46 -60 -36 -30 -33 -35 -10 -72 -23 -85 -30 -59 -35 -43 -6 -52 -88 -20 -50 -45 -23 -3 10 -21 -67 -12 7 -110 -47 -10 -2 -107 -41 -14 15 -22 -55 -14 -40 -75 44 -52 -66 -88 -22 -9
8 20 -115 -37 6 -6 -47 -9 -63 -39 4 -46 35 2 -10 43 -8 96 -8 -2 51 -17 28 -24 -70 33 31 18 -101 25 -73 -9 46 56 4 -25 17 35 -71 -33 30 -16 42 43 -38 -12 -43 -28 -14 5 0 7 -42 -25 -47 -17 -56 -69 40 2 -15 70 12 -54
-80 -38 9 -91 -68 -61 70 -31 58 -11 -39 -70 -47 -14 -40 -44 35 -3 -103 -36 -25 -10 -12 -44 7 -11 -46 -79 11 16 -3 13 -16 -71 9 -34 -31 -57 -93 42 36 -12 -12 -32 -26 37 -37 -35 26 -42 -27 -26 -30 62 7 -45 -48 13 -3 -8 -91 -35 -41 -6
99 0 93 60 9 62 69 -12 -37 -42 -91 -28 39 -31 35 52 -45 30 94 40 91 29 -16 -28 15 23 -6 -15 9 2 35 -34 9 97 -21 66 45 -35 4 54 -16 110 -27 50 -4 49 22 53 31 -6 25 -11 15 8 -32 36 -32 38 -21 83 88 59 29 61
0 -25 37 40 -12 24 -17 -20 28 20 -6 54 61 -6 59 -18 12 14 -39 30 6 -19 59 -39 -35 -6 32 -25 23 23 4 -32 18 -56 15 -5 60 59 -8 24 -8 -61 -35 -12 -41 -14 20 14 -26 3 7 45 -19 -9 39 -39 -95 -30 -27 51 -4 5 10 -26
48 51 -19 29 26 -74 -72 -3 -16 49 -67 31 16 -48 -42 13 -67 6 7 19 71 -17 8 65 4 8 14 67 -27 -1 -37 18 -23 31 84 22 -69 -31 -43 13 0 25 29 50 -64 -32 -51 2 0 31 -10 -38 36 3 12 -71 -40 -13 -65 8 -34 -64 53 -3
31 46 -41 -40 3 -32 31 45 9 49 19 26 45 58 -21 33 -67 59 -16 60 -26 40 -7 38 -76 -48 -58 -8 63 115 -32 13 57 1 -22 23 -26 13 -32 -14 25 -52 9 68 63 19 21 21 -8 -2 17 -5 3 21 -30 23 -50 19 -56 -12 19 22 38 12
-24 10 -5 29 69 54 -20 25 2 -10 -6 53 -36 -2 4 6 -3 -26 -77 -4 52 -37 74 50 27 -5 18 44 5 8 58 51 35 -53 -48 -14 34 17 91 1 3 81 -61 -3 29 53 35 11 28 -6 -43 -60 -4 -24 11 -26 40 5 -45 -12 -76 35 37 -13
21 -30 65 19 -22 -9 12 14 -11 29 -43 -45 38 -34 -32 -18 -57 -43 0 -35 27 11 7 10 39 5 66 43 41 43 -38 7 50 24 -5 21 11 -26 53 30 -11 -13 4 65 15 -12 -30 -11 47 -38 39 12 -5 49 1 -6 -13 -34 -18 1 37 -7 52 40
5 -47 40 45 -4 -8 9 0 23 -9 -37 -25 41 10 35 -43 26 21 -92 68 15 41 -28 41 -63 74 68 -42 71 62 -8 -37 -51 46 -53 -56 -16 49 -27 66 -19 -32 41 -5 66 -37 52 34 -38 37 13 -6 -33 36 36 -19 32 32 -36 30 -23 -12 8 -1
50 37 -16 9 24 70 -75 39 -16 43 55 -14 54 13 -46 18 -24 22 12 -43 55 -8 11 17 -23 15 64 -8 -4 -7 6 -51 3 94 -20 24 -1 82 5 48 8 80 82 -13 36 86 -60 13 50 49 10 49 -29 -8 64 42 36 -32 -21 74 28 -27 -4 66
44 -17 -31 -4 -2 40 -26 -28 43 15 6 1 -25 15 -22 49 62 -66 -9 6 -30 -27 -37 29 36 2 -21 -102 -99 -35 -45 -56 -14 -45 -7 -24 -14 38 17 72 -76 80 -34 -16 28 -33 -74 5 29 -20 -31 -22 -57 59 46 14 -10 -15 0 24 -4 -85 -30 -56
27 -57 -43 -4 -53 13 48 -8 -35 -5 14 26 19 41 -10 -13 -16 5 -55 35 -70 2 -28 -13 -29 -24 8 -62 -26 28 13 -54 -83 -64 46 10 -6 18 -65 18 -18 -22 -83 17 -27 58 21 -19 5 -35 5 -51 -28 -78 -4 -69 -106 -55 8 -8 0 -26 -75 33
4 -48 -30 8 -60 38 13 49 19 -2 4 -10 0 -38 -30 -7 -51 13 -55 -9 35 -28 14 -4 -58 -24 55 9 -33 -62 -24 -36 25 6 -47 -60 28 -88 -19 6 -2 -2 40 10 66 -51 -65 -12 13 -30 -40 -15 53 -15 -90 -23 -59 -39 -24 -11 -95 -93 32 -27
-73 22 9 -43 58 23 56 -41 40 -38 48 36 -9 59 23 -63 -51 29 -57 -36 87 3 38 -38 49 51 -14 20 -15 -40 52 18 -72 8 -24 8 40 13 19 54 -31 17 -60 62 -2 7 -16 58 -60 13 37 39 -50 -21 -51 10 -31 -44 8 -44 -18 -44 40 11
-50 -23 -57 4 -16 3 -41 55 -16 -14 18 -55 -11 -74 -35 -4 -63 15 -97 32 -37 -40 67 -14 -42 3 -35 -54 -16 -8 -66 -44 -67 -12 -27 47 -41 -44 -24 -44 -22 -38 -19 -6 -69 -66 27 -10 -37 -67 -86 17 -85 -25 -14 -50 -28 -6 -43 -79 52 -57 56 -61
-48 15 -44 0 -34 -35 -68 -29 6 -38 -66 -30 -37 21 -15 -12 33 -43 24 37 -69 -16 -22 -36 109 14 17 -35 -30 20 13 -73 -24 -45 4 15 -91 -63 19 -34 -50 1 26 -67 37 28 21 -18 20 74 -70 -79 -14 -2 -89 -35 7 37 45 -80 -38 -14 -84 50
-91 25 16 -27 -43 -6 -10 70 11 30 -75 43 -11 -65 -94 -25 28 -99 -15 -47 64 -74 -12 -88 -34 15 5 -51 67 -29 -47 50 -32 -10 9 2 31 -33 -37 -63 12 -55 -44 -1 -19 49 -29 -50 8 -36 43 -41 -12 -81 -17 2 69 70 10 30 -7 -67 1 -17
30 -49 -9 -13 -32 2 -82 -86 -27 -23 33 29 15 18 12 -6 23 14 -32 82 -57 -44 -45 15 121 -27 -71 -2 -18 -51 54 29 -55 -14 -55 -28 -29 6 -15 -18 55 -74 0 -65 -56 -9 14 -28 -33 -54 0 7 -50 -68 -64 -50 24 -96 -67 28 20 -46 -9 -27
3 -42 -45 -87 -45 12 42 -23 -17 67 1 54 -38 -6 -37 -52 3 35 0 30 -18 20 30 67 11 -41 37 -41 -58 17 45 -67 -28 39 -55 -34 17 -43 19 10 -30 -5 21 21 42 64 57 -36 -82 37 -4 23 22 94 -84 -25 -11 -33 60 6 -15 -10 52 -41
-47 -26 -35 -6 27 -56 -9 -36 -2 29 30 -12 -5 -19 21 -39 -28 26 34 20 -89 3 2 -45 27 -10 -112 98 61 7 -32 -27 -41 45 47 46 9 -2 -62 -20 21 60 -8 -118 -18 -15 41 92 39 15 25 -72 -17 -45 -95 2 -62 15 -46 39 -33 39 -84 52
-6 -98 -43 -68 -8 37 1 -18 -43 -16 -17 -54 -80 1 24 11 -51 -32 115 -8 -52 9 66 -79 -15 -40 -93 -29 -51 -15 -101 -44 35 -27 -62 23 -20 -39 -16 -40 -73 5 -54 -6 -6 -43 -34 -26 41 -104 -37 -75 2 -46 -16 -20 30 -39 -86 -41 -25 -43 -67 -33
58 74 -2 -39 6 29 -19 17 18 8 -14 13 5 2 -18 16 -21 3 8 46 104 33 21 19 107 28 -33 48 -5 17 -5 -21 68 49 88 19 52 -16 43 -1 5 11 11 61 -52 19 2 28 -59 48 41 -18 30 52 20 49 -25 -18 -72 4 -105 18 -13 -20
-28 -78 59 80 -101 34 -92 -21 72 -106 -24 20 -94 32 -11 -2 73 -38 -34 -17 -40 51 19 -65 21 106 103 42 -51 35 -27 -5 17 78 10 -34 -83 -30 49 8 41 -36 41 10 26 -62 -94 -79 -15 -48 3 1 -38 -74 -38 -63 0 36 -32 -38 -36 -10 -57 -24
-23 -36 28 2 13 -62 -2 -24 -40 -18 21 -55 -78 -65 -38 11 3 -18 -34 18 -53 -34 15 -12 -22 -2 16 26 25 15 18 -57 53 -29 12 -26 32 -30 -31 15 3 -98 -67 -37 17 -15 -25 -11 -78 -20 -63 22 -52 14 -6 -14 -118 -12 -29 -2 -37 -49 -43 -42
20 27 -6 -33 40 -18 -22 -22 9 -32 37 79 19 24 -28 -25 -8 65 -52 58 63 57 34 8 47 45 -9 19 -23 -25 -93 18 10 -68 24 57 39 -6 43 -13 10 8 38 36 6 -15 -23 0 -13 50 25 9 -15 -19 18 -32 45 11 -19 46 -23 34 24 -21
-24 -25 44 33 -29 39 -97 79 -41 49 88 -32 -28 -59 -11 -26 -17 39 3 51 12 76 -18 -39 -51 -12 -54 -20 -10 -7 10 -51 -18 -23 -6 -42 -7 22 3 21 -23 9 -26 -32 14 -17 7 -21 -62 -13 -45 19 9 50 10 18 42 -38 -51 0 -52 -78 24 14
-31 10 -30 -52 -49 -5 40 -34 -74 -66 -33 -28 23 -58 -8 27 0 -7 60 14 60 -50 -6 4 4 41 20 46 42 7 -34 6 -46 -80 -22 -82 -25 -73 34 28 17 -19 -7 0 -10 -104 -24 -49 -51 -30 -12 -24 -8 0 8 -67 -28 -6 -74 -94 19 4 29 -67
-3 6 15 4 -64 -30 -14 57 -76 -26 -27 13 13 -82 -88 16 -55 5 29 -70 -44 4 5 27 87 -27 -33 7 -33 26 3 -39 4 -25 -52 -24 -5 -113 49 -15 -5 -44 28 -24 12 -56 -15 22 -90 29 -52 -20 15 -2 70 11 45 15 39 -1 15 8 -3 -2
6 -45 8 -44 -58 -56 -63 -17 17 37 20 -81 -24 1 -32 -26 -27 -69 -2 50 3 -10 -50 53 16 -11 21 12 -11 -26 -8 -50 36 -8 6 -36 2 33 -76 6 -59 11 -26 -44 48 -46 -33 -24 -64 69 -8 4 1 -19 -26 -18 33 -26 97 -83 -17 -38 -8 13
0 11 3 -79 -29 29 35 -51 36 19 -50 25 72 42 -52 37 25 77 10 -2 -12 36 -9 115 -79 22 43 68 2 -19 81 -39 -15 14 71 21 62 7 -51 15 -5 -38 -71 -23 10 -18 2 -39 10 -12 -73 -44 -62 32 -21 60 -21 -55 91 -20 -7 -18 24 26
-18 -13 9 28 -36 -17 -68 33 -4 -62 -36 33 -67 -50 -4 -4 -24 80 -18 -42 -26 -18 -12 -52 -42 9 31 -52 38 52 69 17 -19 -38 -52 -23 -11 42 -50 14 -24 -37 -2 1 20 -16 -14 -1 -35 30 -92 -66 -31 -59 -51 -92 -43 -3 -32 0 4 -112 -73 -65
6 -65 -7 6 -24 -56 -28 -77 -32 -3 12 -67 -75 55 -62 -5 -38 44 18 10 -12 -46 -27 -32 -51 19 -2 39 16 -32 -32 15 -50 -69 -19 -17 35 30 -18 32 -36 33 55 -56 -27 -60 -42 -50 -35 54 -65 -63 14 12 -14 -4 64 -38 -26 -31 22 -7 34 35
-21 -20 -7 36 -6 -15 -4 -20 -24 -88 -66 63 -56 -74 -65 -26 -19 14 -9 -44 -57 -62 -12 -14 -50 -13 39 -40 -31 -7 -66 -34 -83 -41 45 -38 -15 -1 -23 -31 14 -29 -50 -20 19 23 -51 -20 -68 -27 -65 -58 11 -21 -90 -25 47 -36 4 -39 -77 -2 -82 -45
-56 22 34 44 2 -27 74 -60 97 -4 -6 -41 -24 23 85 55 35 18 73 2 -26 -32 66 17 -2 -72 37 117 76 80 -62 7 -39 31 -15 -46 77 31 5 -25 42 -4 -44 -7 28 21 56 43 54 103 30 52 15 18 20 24 -39 -17 -26 3 50 23 -7 74
-28 15 -50 -66 -3 8 3 2 -69 -112 -61 -36 -29 -39 -10 0 -29 3 -39 -3 19 -50 -16 -38 -2 -14 -59 -26 -44 -43 -63 -5 68 -37 -12 -8 -50 -42 -84 -4 -32 24 37 0 -41 1 -54 -56 -34 -27 -7 9 -9 9 6 -7 -36 27 -38 -18 -31 -48 -36 -60
-31 -26 -114 -69 100 -29 -48 -34 -14 -43 29 -22 9 -23 -66 -92 23 1 19 28 -58 5 -3 38 24 21 -19 43 86 -30 -9 -14 -52 -50 -15 19 -16 32 -41 28 -107 -30 -4 -73 -69 -56 17 -36 -97 2 -24 85 50 -4 16 -1 -48 -75 -62 -4 47 -127 -46 -7
12 44 34 9 36 -8 36 34 67 78 58 5 19 53 58 -7 37 66 47 -7 -23 68 -23 -32 32 57 -15 52 4 114 30 60 3 27 95 6 35 40 57 77 86 -24 18 11 24 55 80 108 65 33 58 -59 10 49 -2 -25 -58 15 -62 40 52 0 45 107
51 28 90 0 72 -24 9 -19 61 11 16 10 -29 15 -47 15 -57 2 36 42 89 24 48 30 26 51 -48 124 26 42 -21 51 -6 56 70 7 40 65 47 55 -6 0 68 115 54 7 28 -16 38 40 20 -24 17 -33 56 27 5 64 67 -10 77 100 17 4
-70 -49 46 -39 -81 -23 -54 -26 -28 -21 -8 54 22 -17 -87 -23 -16 -67 -10 -17 -3 -49 3 -69 -16 -24 -29 -8 35 10 -30 -9 -98 -105 15 -32 -74 -79 43 -51 -82 -57 -21 -20 -23 -66 -41 -19 -87 -70 6 -48 2 16 -69 -85 -55 -52 -33 -31 -9 -17 12 -62
-53 1 -6 -31 0 13 -25 -38 -21 2 -57 -30 -31 -8 -68 -7 -34 -8 -6 127 10 -19 -27 -40 -15 -25 -32 66 6 11 -55 12 55 -41 -40 -48 -73 -93 -28 -40 54 -45 29 -33 1 32 -58 45 31 4 19 -15 23 -16 -1 -8 20 6 34 -4 -28 66 -12 15
-50 69 -16 10 60 -49 -116 -28 -35 -38 -28 89 -56 -69 -70 46 -64 72 2 -30 -73 -60 12 -3 6 0 -15 -9 -13 -63 -62 -31 -37 23 -64 -21 -1 -14 37 -86 -19 -68 -17 -39 20 -37 -6 9 -9 -63 -19 -45 -39 -49 -11 2 -59 68 0 110 -44 -17 -24 -31
35 33 44 19 -8 -34 -11 -22 26 29 28 -13 -48 -68 52 -48 -21 37 -35 -22 72 -5 66 -69 12 -19 28 -19 8 -26 24 -31 16 -27 47 -3 115 5 -25 31 6 -64 94 16 98 7 -9 -4 -48 5 -36 -35 -2 -76 4 19 -75 -23 -26 -56 -11 -16 -23 -50
-56 -5 -64 -49 21 -6 -50 -72 -60 -37 -37 -68 -13 4 -21 -43 -14 0 -95 -23 -71 -18 -15 -72 -22 -4 -48 42 -43 -103 -33 -89 17 9 -50 -18 -11 -5 5 -85 -49 -14 -82 -35 -40 -114 -79 -21 -60 -19 9 -115 16 -19 -42 -18 -24 -24 -54 -92 -63 7 -40 -78
-16 19 -34 -46 -10 61 -7 -28 53 -17 -38 -14 28 -51 -46 -82 -34 -27 -109 -15 -32 -12 -41 -47 -52 -82 19 -25 -58 -62 -4 -27 -21 6 19 -56 -21 -68 9 -120 16 3 -94 -94 -14 -71 -38 -37 -19 -12 -85 -34 -65 -11 -63 -108 -38 -28 -61 54 -2 9 -35 -24
46 -2 27 26 -43 -23 -62 6 -35 59 29 13 -11 7 -51 10 44 59 -49 49 -67 24 -48 -43 -29 11 53 -3 -43 115 1 14 -69 -49 -20 -54 -78 9 -35 -118 18 -66 -52 -79 -40 -30 -48 -25 -21 -44 15 -19 -5 28 -40 -3 -35 -44 -36 -57 32 52 43 -78
10 16 46 55 8 47 -44 115 76 39 -8 36 58 -9 -17 64 47 10 -21 53 33 6 40 46 71 43 54 -16 94 54 17 9 25 72 61 10 -20 58 25 -45 -1 21 18 89 62 23 58 49 75 59 97 -21 -9 21 32 41 35 31 3 19 37 61 -8 41
-1 -33 -32 -51 -63 -65 52 -31 -82 -37 -55 -41 -41 63 6 13 -23 -89 -45 -38 -3 22 -59 19 67 2 44 44 -26 -24 -34 16 1 -10 11 -2 44 15 28 -71 22 15 -66 -43 -48 37 -30 38 13 -51 -71 -17 -5 23 -40 42 50 53 -60 3 17 52 -3 -58
-4 -14 31 -51 -78 -27 -54 -61 -21 115 -55 -69 -23 -6 -6 11 -19 -52 -28 48 -36 10 -29 5 -36 -42 -44 -33 -21 8 -55 -89 -72 9 -74 -20 -17 -14 -67 -40 -50 -77 -27 29 -39 -12 17 -87 48 -57 -12 -47 -13 -23 10 -50 7 -9 -32 58 -19 17 -52 -43
10 6 -17 45 32 9 56 -51 38 -41 -24 -80 28 20 9 12 -6 -16 60 27 4 71 0 0 -24 -52 -41 -15 40 34 -39 -10 -18 15 -9 16 -38 45 -24 -17 -3 -41 41 41 27 -11 48 101 47 -36 97 -11 18 -10 -33 87 -5 35 54 35 63 74 33 -39
33 44 -67 49 -98 -16 5 77 60 -12 17 -6 48 16 -11 -49 29 -23 -1 -53 54 40 -47 -18 -3 -32 -52 39 -59 -28 -4 38 -23 -77 20 -1 53 -33 -35 -42 -33 -5 29 43 -20 -35 -7 13 19 51 -18 3 -21 -46 5 -4 -15 36 -54 24 14 34 41 -42
50 -22 -36 -18 -34 41 30 -12 -4 23 -8 55 -12 -29 -66 -7 -20 4 -36 -58 -43 -52 -28 47 46 -76 16 -16 -24 -15 -39 37 -45 -8 -29 -5 -55 -27 4 -33 -27 10 -25 -31 -8 -23 -48 -7 -5 18 46 6 -43 -40 44 9 -8 9 -49 -72 1 6 -3 -64
8 -45 17 -21 -17 -8 -19 -20 -55 2 15 -127 34 31 -25 -29 -10 -76 26 110 4 5 -111 -7 10 -36 -25 5 52 -42 14 -44 -61 9 26 -76 -24 -51 -60 16 -7 -48 -22 -52 12 6 -125 -29 -1 14 17 -86 32 -65 101 -9 -23 -19 -39 -81 117 -7 -2 -47
25 36 60 30 -3 94 33 -22 -18 100 82 62 -18 17 106 14 101 -108 2 83 17 -116 107 48 9 103 74 34 60 57 84 21 106 52 51 119 22 66 64 31 48 36 41 33 38 26 0 22 -3 77 57 51 -13 93 44 4 84 11 48 55 4 84 65 57
-28 -34 18 -74 -42 -37 34 36 -12 -93 -28 -6 57 -57 16 -52 -73 -33 0 -109 -22 -29 -26 -27 -22 32 21 -44 5 -5 -59 -2 14 -26 -32 22 -64 -14 -57 -20 -6 30 51 24 -125 -12 -30 20 61 -36 -3 -44 -48 -85 -28 -45 55 16 -15 10 12 1 -26 33
-128 -50 -25 -88 -47 -64 -38 -17 -36 -57 -90 -23 -16 -46 -97 21 -56 -45 -76 -73 -78 -30 -6 -15 13 -9 -34 -36 -70 -109 -52 -103 -67 67 -31 -50 -68 -54 -19 -82 -17 13 -34 -15 -58 8 -8 -28 39 -51 -28 -39 -36 -81 -18 -36 -23 3 -43 -85 25 -121 -88 -28
-4 -16 -29 -55 -37 -12 -3 6 -10 14 -77 8 -9 -23 -23 -18 -64 -56 3 5 1 -25 -50 -13 -25 10 -39 -29 -32 -34 -32 -86 -75 17 -37 -52 -47 12 -61 -42 -45 -30 -68 -27 -49 18 -109 -67 -26 14 -8 -81 -79 -16 -62 -15 -48 1 19 -34 62 -55 31 -20
-72 -62 1 -57 -25 -108 -16 22 -76 5 -20 -24 -13 -60 11 28 15 -41 -64 49 12 -13 -6 -91 0 27 -11 -14 14 -54 -12 10 -31 10 -55 -14 -44 9 13 -62 -60 -29 -47 -60 -7 -12 -75 -17 -30 -34 -26 -33 -4 -55 -1 -21 127 -66 -107 -98 -18 -83 -35 -89
51 9 2 14 34 5 -8 -13 13 -36 -14 -8 -25 14 3 -59 -38 7 -22 15 79 43 -45 -63 7 -62 -8 -44 -6 -13 11 -7 31 -24 8 6 108 -49 10 -41 -11 54 -67 -51 37 100 -5 51 -16 28 58 22 72 -58 45 -60 0 -77 -15 -58 -52 38 39 -32
-69 -21 36 -45 -16 -64 -1 -26 -34 -18 -19 -28 -17 44 -26 -11 -111 -32 -11 10 -36 -69 -123 20 -32 -77 7 24 35 -56 14 -33 -21 -47 -46 0 -18 12 -32 -7 -1 -14 -34 -9 1 -13 -97 49 -59 20 -6 -109 -2 12 -77 -65 16 -17 -17 -12 44 10 10 1
-5 -65 6 -49 3 -52 -43 45 -111 -15 65 -1 -122 33 -59 -44 -1 -66 -49 24 -38 -65 9 -64 24 26 -52 1 -76 -46 -40 21 -9 8 -78 -25 -62 -59 -14 -21 -50 -43 19 -63 34 -25 -45 37 -37 -38 -34 -14 9 -35 -59 -45 -2 22 -4 -31 -55 18 -68 -5
26 -10 -45 -31 -53 -82 36 -8 -38 -17 -26 -8 -17 43 31 -16 57 -2 -3 -74 -52 -23 -47 -49 20 -52 -2 -12 32 35 -51 -44 -42 -12 36 -4 -20 -78 2 -68 -40 -48 -45 -27 20 -28 -52 -18 24 50 -69 7 -28 -38 5 -20 -17 1 -50 37 68 -68 -11 -34
19 -38 -3 27 -26 0 -32 27 -89 21 -20 3 84 -37 -6 99 6 18 -44 20 69 3 1 67 -19 -38 -15 32 -22 19 -80 38 32 5 -8 66 40 -63 -2 -12 12 20 20 41 24 17 12 31 92 79 8 -6 61 54 18 -40 36 22 20 50 11 41 -21 51
-94 -4 -44 -52 -88 -36 -66 2 -17 -27 -54 -13 -103 55 -29 3 -13 -106 -28 9 74 -47 1 -81 124 -97 -120 -66 -21 -47 -7 -67 -89 -29 8 -51 -94 -25 12 -17 -66 -19 -61 28 -76 -15 -46 -82 6 26 7 -25 -55 -87 -93 3 -59 21 -13 -45 -40 -28 21 -80
34 54 0 -22 -31 25 68 -37 29 41 -44 97 -69 5 62 -102 -28 39 46 69 -22 -76 48 64 45 -14 54 -7 -14 -10 16 8 -53 35 14 7 51 36 61 26 60 53 73 54 19 38 42 6 -12 31 0 -24 -33 52 69 33 -8 37 -29 42 26 -12 66 23
-71 -51 -48 -14 -12 -76 -18 -9 -117 24 45 -18 18 -42 38 -22 -71 -4 2 42 -117 -27 -26 23 -37 -101 49 1 0 18 -49 7 -33 30 -44 -12 -25 -89 -8 -61 45 -24 -35 -114 -21 29 -6 -5 -49 -34 -52 -24 -38 -31 -91 -21 -42 -4 28 6 -84 -40 23 -2
18 -27 57 34 38 0 51 -89 34 18 -42 12 -23 54 -56 -19 -18 -57 72 -62 -39 3 -5 -21 -97 -56 -54 -11 30 7 -44 54 -22 99 -19 -20 -14 -27 -9 39 -59 -11 -8 57 -27 10 51 -46 37 -51 7 4 -62 -58 -34 70 12 -13 9 15 26 45 14 20
25 -19 22 -38 -32 -44 8 76 -6 11 39 66 -8 40 -18 17 23 3 -23 26 -40 45 0 35 -21 51 -4 34 71 68 -65 -55 -66 -27 19 31 -20 -29 -43 20 -75 -3 -2 51 -20 -43 -100 26 -31 24 28 -8 30 -21 30 -32 -11 34 34 20 4 -48 -44 -17
10 -48 25 -12 27 2 -9 -66 16 43 -4 -5 -42 30 -60 -79 -55 -27 -35 -35 -56 -9 -8 19 9 -38 120 -43 -15 22 -68 -37 -14 -66 -17 -10 44 -5 22 8 -55 -27 -36 36 48 -20 -36 -27 5 -24 41 21 -78 -104 2 -2 -24 -10 -93 -61 -69 26 17 -29
26 30 -16 -33 -23 64 -17 8 -48 4 9 -26 -5 -1 -6 110 16 -61 2 54 -70 29 -29 14 -9 -18 -62 -34 109 -28 14 -39 48 114 -23 68 34 -3 62 -34 41 -3 -13 -18 78 15 -41 -38 61 34 70 76 -41 16 3 11 14 84 -3 34 -13 61 38 -28
-9 -13 -17 60 2 1 31 14 -43 16 2 -52 -23 2 34 10 76 -90 -5 0 35 -61 65 -2 -16 -29 8 -62 -55 -54 -21 26 -13 -69 -35 -4 42 5 46 39 -3 17 6 19 -4 36 37 -71 42 10 -33 3 24 33 73 18 24 28 62 60 7 45 3 -59
55 11 -2 5 -19 -38 -91 3 -25 -48 -27 1 8 23 2 -40 -60 -19 17 6 -22 15 -62 -77 -1 58 2 37 -15 5 -4 -13 -10 -68 108 42 4 29 16 89 -7 -36 8 -66 11 -68 52 -48 66 -30 14 -44 -23 -78 -49 35 32 -18 41 -39 41 80 67 -36
-34 -19 47 32 69 56 0 3 -46 -51 38 39 -23 -40 -8 -32 13 -14 -58 1 -54 -45 -77 10 -57 13 65 63 34 -9 -43 -6 20 34 -17 53 -25 -3 8 54 11 -24 12 24 18 -48 -16 11 65 -15 26 -37 -16 -52 5 -12 -43 50 -44 -2 -17 -34 -8 -14
52 -52 41 -28 27 -9 5 31 -67 55 15 -73 1 -51 16 16 60 -23 47 -30 -23 -17 37 19 86 -5 -39 -1 1 -18 3 -45 21 -38 -4 58 -14 41 -28 -26 58 -46 9 14 -41 41 -64 44 -18 57 43 5 39 15 -20 -35 46 21 -14 56 -18 -56 18 75
5 43 20 8 11 8 82 27 -9 -41 29 29 3 5 32 82 -20 29 99 64 0 64 32 -28 49 32 87 -18 72 7 67 50 46 50 46 55 93 18 -21 35 11 60 13 69 -32 5 38 79 50 65 -20 -52 -40 65 14 42 12 84 78 9 49 62 20 21
2 27 -66 -42 12 -9 8 15 8 36 18 -81 45 28 -21 13 -4 23 -9 54 -41 -41 41 -12 -24 -66 -62 84 22 19 1 65 -3 108 12 64 6 -17 67 58 27 31 23 68 -54 -95 -6 26 -32 28 21 60 13 6 -3 18 46 -8 -62 -20 15 -1 20 88
22 42 -27 -21 -37 24 18 -95 -25 -8 0 -38 16 94 40 64 -52 -49 -8 34 56 49 75 45 44 -32 -36 -26 28 55 20 -2 33 -56 79 11 33 5 -68 46 51 68 64 -47 -13 33 -12 -3 18 97 -55 -8 70 -2 97 -36 6 -51 -29 -2 2 14 11 13
5 36 82 20 17 -2 25 1 34 18 -24 -31 -39 48 68 9 -9 -23 0 -10 33 12 -51 -13 -66 -35 29 10 -8 61 -7 68 47 13 -18 49 25 1 -28 -12 39 -8 -41 -27 93 -10 12 -37 38 49 -18 34 81 -2 -7 -6 65 31 104 19 40 23 -11 74
-68 -63 -75 -88 -55 -86 -65 15 -56 33 -15 -75 -68 -75 -48 -23 32 -13 -45 -111 -91 -43 -25 -99 -44 -51 25 -49 118 -88 -58 -42 -118 -62 -21 -16 -124 -96 17 -86 -107 -82 -13 -97 -32 -69 -5 -47 -21 -110 -89 -29 -41 -71 -54 -19 -4 -80 -75 -36 -30 -59 -95 -70
-11 5 -74 -38 31 55 -31 -49 -7 48 -10 -11 -8 -15 47 26 -26 -73 -10 -21 37 -32 8 -13 61 67 -29 -64 39 -37 -11 -18 21 -32 -36 62 -5 -18 -56 1 -22 10 -2 -4 -42 -60 24 37 82 71 3 -12 5 0 48 -2 43 3 11 -25 37 14 -15 -41
91 67 28 36 38 11 80 39 11 53 109 37 35 46 41 31 65 38 87 25 93 113 -11 36 89 107 -101 115 -22 25 20 19 60 -57 44 53 -35 62 59 -9 12 67 99 16 40 15 65 6 7 21 48 -10 -75 41 76 28 -41 26 28 35 69 58 30 -65
26 -10 24 -17 3 28 16 26 18 0 97 29 30 9 -33 0 29 -5 20 71 41 76 99 3 -36 -60 25 25 30 -3 -31 25 90 22 46 33 56 36 121 29 101 47 13 -8 97 46 33 46 50 83 -34 3 -9 20 10 35 38 16 87 65 93 46 14 -10
26 -62 -32 -36 21 61 -32 56 27 -42 -14 20 26 24 59 73 6 -26 -38 2 -30 90 29 9 -39 35 12 -11 37 32 -39 -60 -35 -4 -3 89 3 -33 98 28 90 28 -4 65 21 -10 -9 48 37 -2 8 -13 -37 -20 31 -7 -18 62 47 7 32 26 9 -43
-20 6 33 18 42 -56 42 26 71 6 22 60 6 -4 -32 8 -29 46 21 60 49 -21 72 51 7 12 46 -20 76 12 74 9 25 -6 18 31 3 79 37 -34 11 31 2 61 44 18 -6 39 -37 -83 41 -20 -19 -23 24 11 -28 17 -48 -9 12 11 -73 -64
-50 51 -17 38 65 -19 46 -15 3 -81 -23 7 6 4 22 65 0 3 -14 47 12 -21 -54 23 35 39 -1 -75 -25 -38 -20 -13 -3 44 -49 107 -5 -22 -1 70 -18 -37 31 2 -39 -32 49 -22 0 -21 14 -9 22 -43 -52 -2 -4 38 -5 -27 25 5 23 -1
-10 -22 86 -6 9 56 79 -42 91 75 27 85 82 -22 74 -15 39 45 -21 57 41 -13 -29 55 -17 -4 37 42 62 47 1 40 36 5 30 11 -67 -5 37 31 9 120 14 5 -56 12 -14 83 30 3 62 57 22 45 -40 -14 -11 -24 -11 88 -18 8 22 12
-51 -33 -28 34 -63 40 -11 102 4 27 56 -94 -44 91 -29 1 -24 -8 14 -10 -9 -7 27 34 19 -9 -40 -45 -32 -16 -76 28 58 -13 -54 -29 -38 -27 -57 -38 61 36 -103 -8 35 35 -21 -27 25 9 -38 -91 7 5 12 -7 14 53 -53 12 -17 -25 -50 -3
68 64 52 -1 0 1 41 29 101 60 92 10 42 103 77 57 35 12 23 68 -19 65 31 28 -17 8 38 20 -1 72 50 44 -18 -52 39 14 33 -44 -9 42 -9 -27 -38 69 77 -15 53 36 4 5 0 96 16 0 30 103 10 73 42 34 9 -22 46 27
2 86 -21 27 21 -2 -22 -8 25 6 12 18 50 -75 -30 24 74 -37 63 -6 -16 13 40 52 44 -4 10 4 -26 18 -10 16 -9 3 44 40 57 38 30 2 22 -9 25 73 -35 -42 6 11 27 20 28 2 -22 3 -29 20 74 19 -1 55 5 2 6 14
-5 4 -84 -1 -59 -4 -32 -4 26 -19 33 -23 26 -1 -41 -72 -58 -67 10 -58 -43 2 -43 -28 -69 -68 -35 -25 -35 -17 13 -21 3 30 -107 3 -49 -30 -29 -32 -57 -93 -7 122 -52 -72 -67 -34 34 30 -106 -42 -2 -82 -65 -101 15 -1 -21 -30 -29 -31 -35 -9
56 -53 29 57 0 -47 -69 57 -16 -16 15 39 8 44 -65 63 25 9 -41 46 -35 9 29 36 -22 71 -19 47 36 57 -28 -21 12 59 54 -2 21 8 105 -77 56 -3 -68 77 75 75 -62 -19 40 20 11 62 45 4 19 -16 25 20 -49 59 24 18 12 -22
50 17 14 89 14 17 -2 -122 27 -15 3 53 -14 46 60 27 -17 114 4 72 37 40 38 38 13 20 74 -19 81 76 57 44 19 16 32 25 25 93 17 25 -7 43 25 43 52 7 69 -9 -63 45 -12 22 -24 61 30 5 33 40 13 74 -18 55 -37 55
64 83 17 45 18 -21 107 10 -7 -42 27 -9 30 13 -9 4 79 -36 1 26 -26 13 -15 30 3 2 34 34 -11 9 -10 -15 57 -3 -16 27 34 10 6 -15 77 -11 74 20 -14 -1 -19 40 8 60 74 -89 32 76 58 30 -15 6 110 33 54 99 34 -4
32 22 -13 -68 33 -75 56 -12 68 -27 -17 17 19 75 5 34 6 -11 86 45 14 -30 -12 104 -18 -50 -21 -43 -50 70 -17 -52 -3 -66 32 52 25 29 17 30 -17 4 79 -34 -21 -59 -40 30 -5 58 33 15 31 6 -39 4 -14 -6 1 21 7 -26 58 -12
30 17 31 -55 8 -54 22 51 61 41 -29 81 33 -25 2 -18 7 48 29 30 12 -8 57 -2 40 -26 -25 80 -8 58 21 -17 -1 -27 22 -55 16 84 64 44 -53 32 92 33 34 -66 19 5 -51 11 -10 -55 -24 9 6 52 58 -5 -62 1 17 21 -35 42
36 -41 20 -22 0 -7 12 -49 -36 42 -8 90 -33 -28 123 9 27 -1 -1 -30 22 19 90 29 18 29 31 -21 20 32 33 19 8 -12 -82 -41 12 -9 -48 69 -21 -73 65 12 7 -51 109 28 -51 -30 -48 102 -6 56 -34 -44 16 74 10 -21 13 -54 -12 -3
-14 56 -78 16 -79 -33 -12 -32 -52 -24 1 112 -2 -21 16 -48 -59 63 -49 -56 -24 1 -15 -43 3 3 37 -74 -34 -72 -18 12 -45 33 -6 -9 -1 37 47 8 -51 -8 -20 14 21 -40 42 -9 -32 22 23 -40 31 -45 37 -43 -2 -65 -17 -2 4 3 11 -41
67 53 18 31 47 34 5 -35 103 19 0 74 55 24 27 -16 58 -15 69 43 81 -4 19 17 58 -10 72 127 58 9 54 77 -16 110 -124 59 53 21 50 80 67 37 19 -36 59 10 105 86 62 73 85 33 37 94 -5 41 -53 20 -1 53 45 80 56 47
-1 -14 -43 24 -48 48 -12 -28 14 24 -44 78 -17 54 35 -9 -7 81 -37 -37 -2 45 9 25 79 -10 57 25 94 -7 3 72 32 -35 57 -62 61 58 41 27 -36 80 1 1 -1 30 64 -42 -3 -22 61 95 30 17 -43 -16 -35 -12 -6 55 7 26 -16 25
37 12 -50 4 -56 -70 0 -73 3 66 -11 -97 -45 19 -56 49 -84 68 -1 -8 44 -14 -10 31 0 -58 12 -17 -40 52 57 -22 45 -54 32 2 50 82 54 4 -35 56 -44 39 39 14 2 -68 42 -22 -18 -11 78 -8 -25 4 -6 4 -4 -21 -55 -40 -28 44
-35 -17 -62 -48 38 37 -9 -53 -103 10 -75 -38 27 -4 -31 -26 -47 -54 44 -64 -126 -41 -6 71 -33 -55 -10 8 -47 -67 -51 30 -15 39 -12 23 -64 -43 -3 -37 -62 0 -24 -36 -18 31 -102 5 24 28 57 -13 -68 48 -33 -15 45 -21 -38 3 -15 -20 -54 -23
15 -36 59 24 -15 48 43 12 -38 121 2 61 25 -24 -9 -67 37 62 33 8 21 0 73 58 52 31 -1 -23 -26 58 27 2 -59 8 87 -4 30 -108 -35 91 41 -6 37 12 113 67 27 14 -25 -11 78 28 -9 43 -30 22 -12 70 7 -15 39 -9 46 48
50 -24 -27 -5 -7 32 -56 33 25 -43 -1 40 -26 -23 17 4 22 45 -12 -50 20 -67 -7 26 -39 -96 -2 37 47 -15 -3 -24 -31 -34 -46 3 0 10 39 -119 -66 -34 -68 -15 23 23 24 17 8 -44 -11 51 15 24 -7 -24 73 11 57 35 -4 10 -44 -51
-22 19 40 8 47 7 37 -48 -51 22 -10 -4 -32 -14 -11 21 61 -18 13 17 -66 -51 19 9 23 -32 35 -28 -15 53 13 -35 -1 -46 -8 -32 -3 -12 -6 25 -10 9 -2 -50 36 15 -28 -59 -47 -56 -74 -31 45 -7 -17 -17 -9 48 -34 38 -48 -58 21 -6
-34 14 36 -12 -4 81 17 85 94 52 84 14 -47 11 23 32 55 23 11 89 117 28 -4 23 27 -64 93 34 -5 6 89 1 -9 -99 72 49 41 64 72 -12 14 -4 19 -64 -4 50 73 -3 12 54 -31 13 -11 75 -24 -22 -41 -56 -17 50 14 -27 48 16
12 -26 32 -28 55 7 -27 11 7 81 -26 -11 -4 59 -33 -2 -1 2 68 59 -2 -35 68 -26 -67 -13 38 4 67 15 -28 -1 23 36 18 20 -45 -41 36 51 67 -21 -53 -83 77 85 46 4 -11 55 -30 49 42 27 -13 -8 27 14 -11 6 -63 24 36 12
22 -94 22 -14 -84 -30 -72 5 -21 39 -55 -5 -20 -12 -15 -63 -6 -35 4 4 -53 -45 -16 22 -101 -29 -23 -36 -9 -87 -31 29 7 8 -41 -26 -24 -75 -41 76 -16 44 -42 -27 0 -5 -44 -62 4 52 -29 -7 -45 27 -26 -20 -64 -21 19 -45 -76 5 -27 -65
38 31 -28 23 51 44 50 1 -24 8 36 19 23 22 61 10 -48 34 89 17 15 -27 -48 23 -22 44 18 37 -35 -44 -32 62 74 -47 6 41 69 82 50 12 31 8 -44 -7 17 96 -79 56 -3 58 38 -2 11 16 -36 -25 18 -8 73 18 9 48 36 58
36 -46 -58 12 106 -73 7 38 -1 -54 22 6 18 -43 -12 -52 37 78 -23 61 18 -9 62 -18 -43 -12 -103 -35 19 -26 37 -21 37 -4 -30 -31 -64 52 0 -9 36 -30 -22 28 72 -36 23 -22 10 -32 1 -37 -20 -56 -49 -25 50 -57 1 58 20 -71 -13 -32
15 -84 -5 42 14 28 33 -34 56 29 -68 -32 -15 24 4 14 22 13 31 -65 -1 8 46 -15 44 -28 -7 -13 -23 -119 -13 -31 -6 -16 -5 -20 -34 18 3 -2 3 -8 -59 -47 -12 20 10 -19 51 -53 -31 42 15 -9 10 9 -38 43 16 11 -31 10 24 -37
-28 34 39 59 49 -12 -52 48 22 44 -40 34 -25 -11 91 12 -19 3 28 -19 62 3 -21 0 -20 16 4 13 -23 -43 0 -5 -14 13 44 -10 -4 10 16 43 -1 -21 -34 17 22 73 23 -7 53 53 21 86 8 28 -26 -13 1 19 -46 -6 -6 4 98 47
-25 -29 -37 -45 -52 17 -51 11 21 -17 -24 10 -67 -55 -12 10 -5 -86 -57 11 6 -8 0 -19 -35 56 65 36 24 35 -36 2 -47 -55 -14 -18 0 -62 -4 -37 -18 8 -16 33 -49 63 9 -5 2 -30 47 -8 -3 37 -54 -40 -29 -8 -42 -38 -4 -52 28 -35
-59 14 71 3 -25 10 68 28 -12 -12 -27 15 10 81 30 -1 69 -60 -39 -19 -16 10 9 30 -20 47 76 -59 45 -30 -10 -79 0 -35 -29 51 2 2 -55 -12 -54 -24 20 12 0 -34 -22 -32 -22 -24 37 -63 -7 -27 24 32 -9 11 -57 -71 -61 -50 8 -51
-43 -31 127 -40 -36 -59 -23 -21 -61 -10 -30 -33 -21 6 8 -33 -50 -76 -47 -54 -107 -71 -38 46 1 27 -59 7 -30 27 5 -79 -60 -19 -19 -108 -20 -42 -42 -17 1 -17 -43 -21 -36 -86 -47 7 -41 -1 -93 -102 -33 -29 -79 19 -37 -45 -64 9 13 -76 -5 -45
24 19 -22 50 22 19 -26 6 -16 9 -46 57 26 -2 51 -12 29 -43 59 19 -46 6 59 18 -19 -11 15 70 -21 -53 7 49 19 -26 7 39 13 11 -24 -15 73 43 -20 -39 -19 -9 1 68 59 29 -38 0 3 -24 32 28 -21 -48 -54 22 2 7 17 32
1 -74 -24 -8 -41 -14 20 4 -17 -52 -9 15 -28 1 17 -39 36 -21 -35 -90 30 -32 -18 0 41 -26 -36 53 54 -51 -91 -52 -62 -30 4 -24 66 -45 0 -81 -46 -4 -20 -6 -10 -61 2 43 -48 -4 -2 -4 -1 -30 -30 39 41 -29 40 -3 -31 2 31 -17
-32 61 40 9 8 0 2 -33 -7 -6 -24 30 -34 -44 29 21 47 7 1 -16 12 25 27 -16 32 -25 11 55 -28 60 -56 -77 -6 -53 82 7 -52 11 10 -98 -3 -77 58 -27 -8 10 37 71 33 19 44 114 29 29 -9 -6 -8 11 -75 -22 6 17 -14 -31
22 64 3 34 -27 57 22 -31 24 30 -54 31 19 30 59 -30 -67 65 28 7 14 -31 38 26 86 55 -7 58 13 -30 15 -14 47 31 -35 -30 32 10 -7 -73 62 6 5 54 -54 13 5 90 -70 50 -24 33 11 67 7 64 5 28 72 12 24 -27 35 31
16 76 -62 0 17 2 13 36 1 46 52 90 34 89 2 0 46 32 -21 -34 27 2 5 55 5 49 76 49 -4 29 61 -6 36 -3 89 -21 40 90 8 -53 -7 47 6 5 68 32 10 -31 9 11 0 34 22 -66 10 36 -14 87 88 -30 64 7 57 5
-12 37 83 -33 26 38 -50 -14 67 -7 16 -37 63 -4 -3 -90 40 12 57 42 23 40 -16 80 -20 27 -94 72 1 2 86 -18 32 -15 -21 22 19 32 6 -5 108 82 -14 -34 10 42 15 46 22 -9 31 2 -15 35 5 27 -55 30 33 34 38 -14 8 50
-15 -6 -12 -76 -51 -59 2 -33 24 -30 -12 76 -3 65 10 -41 -1 -70 -37 -26 -53 -44 -51 11 0 -52 91 80 20 -50 22 -29 -49 3 9 9 31 -7 30 -10 -30 9 36 23 32 -11 -39 -48 -46 -30 -76 -50 44 32 44 3 -92 23 -19 42 -10 -33 -34 35
74 32 16 46 10 -23 23 77 112 32 -15 3 87 23 13 5 -43 -78 57 3 -24 27 57 46 -17 -3 13 31 43 8 -45 -4 25 -20 42 64 -33 -56 55 -28 41 -12 64 66 39 -104 9 69 51 68 19 -60 -16 -45 -16 8 82 52 -24 3 35 39 63 -38
-69 -6 -83 14 48 -66 10 -46 2 -23 -6 7 38 13 42 46 30 10 23 -17 19 -42 -43 13 4 -30 43 40 0 8 -4 4 -27 -24 -24 -28 -17 -104 18 -17 -27 18 -83 6 -24 -54 -72 -24 2 -9 4 42 -20 80 -114 -16 41 -10 5 18 2 125 -48 2
43 -42 -22 54 57 -45 6 28 13 -64 -18 15 -9 17 -27 21 66 61 -15 -47 11 30 25 -73 -7 11 26 -17 8 -24 -70 -48 42 -24 2 22 -8 30 89 -28 -35 5 9 67 -53 -62 23 -54 1 -35 -38 -81 -4 -28 -24 -35 -23 49 -3 3 -51 -46 -39 32
1 -70 -72 -33 -23 -86 -57 -75 -94 -41 -33 -49 -90 -2 -62 -91 -105 -53 -60 -47 -83 -95 -103 -39 -44 -49 -66 -6 -95 -103 -83 -49 -22 5 -64 -71 -77 -27 -45 -74 10 -75 -13 -55 -84 -56 20 -49 -27 -76 -34 -17 -38 12 -26 -72 -21 -127 -30 -49 -23 0 108 -15
47 17 -64 -54 -64 -57 -14 11 30 -52 -45 -107 -46 65 -24 10 -12 -6 -20 -9 80 1 -85 -30 13 -83 15 -46 -30 -54 -54 -28 61 -92 -29 4 9 -14 -19 -13 1 -37 -84 26 -22 73 -15 -58 -8 -12 -36 -14 -24 9 -89 -39 -46 7 -8 20 22 10 1 -30
-15 -59 34 100 106 26 52 18 35 46 62 -49 42 48 44 45 -57 -13 -14 56 -74 -22 -20 14 32 47 55 51 -7 84 -37 8 87 37 13 7 -33 43 80 42 78 44 -41 -64 43 67 37 59 5 4 61 9 27 51 24 18 26 -18 5 -35 2 -26 -40 -21
59 -118 -8 91 35 25 75 -26 1 40 16 56 -2 -108 -4 42 0 -22 7 11 -18 22 72 56 43 61 -27 46 100 12 0 19 15 101 13 69 -36 -11 -9 0 56 9 45 80 17 -60 16 19 52 20 54 51 61 47 -28 5 69 124 -11 22 2 -112 44 -1
-7 31 11 17 15 -57 14 -23 -18 -55 47 1 -81 -24 6 -54 -22 -16 -8 85 -4 19 4 -16 23 -64 63 -18 18 -14 15 -8 -65 -19 54 57 -50 -32 -33 33 -23 15 -61 -22 -45 26 -1 26 -31 30 23 -14 -12 23 -23 -25 -29 -30 -33 11 -16 25 -11 69
-25 -9 98 -33 5 -3 -34 5 -40 -31 -15 70 -50 52 -89 -30 -43 28 26 -11 20 -102 -53 22 -36 -60 22 -45 4 -48 -2 -29 -40 35 -1 -13 -97 -56 -54 82 -40 -15 23 -41 35 20 -51 -33 -5 12 14 -80 -34 -55 -98 -32 -35 -1 1 17 40 -4 -4 0
-76 34 54 20 -1 22 -5 37 -8 32 52 73 -2 67 82 -26 16 0 19 32 0 22 122 33 35 67 0 71 -20 14 3 -9 16 49 34 26 57 76 44 7 -52 52 44 43 44 3 59 92 -9 13 68 6 83 48 50 -10 40 84 -4 -12 17 43 0 19
107 -12 71 -40 53 64 59 110 121 -6 19 0 17 58 46 6 35 87 72 -19 38 23 -12 36 54 32 81 -3 -9 45 42 47 85 24 57 -12 -11 3 18 10 -5 63 18 69 31 -13 68 36 29 55 60 60 -7 21 58 53 -5 3 48 41 30 127 29 70
88 -47 56 41 -10 -5 58 -112 -37 38 63 26 78 36 38 67 58 31 69 28 -15 51 18 -26 22 8 57 13 5 36 5 9 60 51 34 28 76 -7 79 80 55 15 85 12 53 99 63 57 1 -30 22 -1 40 57 -28 12 30 3 32 32 0 53 60 33
-24 -21 39 8 30 42 -16 19 -49 -18 -35 -3 -28 46 74 5 3 28 -30 -43 11 -70 17 44 -58 42 -36 39 -10 -8 16 -16 -36 -2 -28 -2 -37 -98 -15 2 -7 -27 -19 11 58 -31 52 -28 43 -53 -68 43 28 -10 -47 -3 -12 -31 -46 -67 46 7 4 28
52 7 -15 -60 -28 -99 -76 6 -16 -83 1 20 -9 -17 -92 -75 -2 -3 -40 -7 18 -46 -16 43 -68 -25 -18 -51 38 68 -72 20 41 26 -39 -1 -63 -33 -22 -74 -75 58 -18 -13 -29 22 -82 -69 4 -18 -37 -32 -29 -14 70 -69 -32 56 2 29 -28 -2 -68 68
-1 78 -113 -41 -29 -18 -49 14 17 -48 -48 -44 61 -92 -50 -6 -46 -35 -1 -66 23 -42 -3 19 60 -30 68 19 11 -16 -77 -19 46 44 35 36 -79 16 -5 -55 -25 -32 -45 16 22 -30 -17 -42 20 26 -54 -106 -37 -44 -1 37 -51 -19 88 25 -17 12 -81 -16
-5 16 8 -26 5 -24 22 12 29 -38 -2 -14 -23 26 -14 -29 -13 -27 16 -37 -65 11 9 31 28 -42 -38 -7 -12 33 28 35 -9 10 -10 6 23 -13 7 -43 4 -28 -80 -11 12 10 84 30 48 7 41 -12 -20 -40 16 -62 43 86 -38 -58 -69 -15 -53 13
21 0 100 54 48 46 66 32 61 39 39 20 43 104 44 -17 21 -9 -60 11 39 52 96 41 5 86 -27 -9 -14 -5 87 19 21 19 -16 2 9 19 9 13 74 1 1 -1 38 49 -8 63 65 48 -35 -121 4 118 80 -22 40 8 63 -16 -13 76 30 3
-29 20 -38 36 -50 -72 -65 -10 38 -59 18 -62 -41 -30 42 17 -41 -43 -30 -24 3 22 5 -10 16 9 -32 -68 14 29 -53 3 7 -28 5 40 -39 -43 -38 -29 39 -4 31 26 -20 7 45 -15 -34 35 -6 -12 6 -35 106 -45 -11 -24 80 59 -47 36 22 -52
29 20 48 28 60 -8 51 0 -13 25 2 -5 3 54 24 10 14 18 14 41 -8 1 -3 28 0 -60 83 68 92 15 26 20 26 56 37 55 67 48 72 -18 108 21 2 30 10 29 -29 17 26 -13 18 -80 12 77 6 10 30 57 -27 26 26 18 -48 -11
-88 -118 -71 -102 28 -51 -34 -37 -116 -56 -30 -65 -91 -97 -58 -62 -10 -77 -91 -44 -49 -37 -52 -111 -100 -37 -78 -121 -2 -41 -3 -68 -41 -71 -30 -44 21 -51 -89 11 -4 103 -77 -69 -34 19 -75 -64 23 -94 -75 -76 -31 -54 -52 -91 -21 -41 -43 -16 -66 85 -92 -62
21 29 82 47 55 -30 97 23 35 60 -20 -20 46 31 14 107 1 10 -77 -3 58 17 87 -38 -11 -76 58 17 17 69 38 0 7 17 79 17 46 -17 85 49 34 30 19 37 47 -120 11 86 61 11 45 43 46 46 -53 6 12 -2 68 8 31 39 55 19
78 2 -6 79 -18 -34 15 69 35 39 -21 92 44 34 -47 18 32 -29 -16 47 116 -47 11 26 -34 59 57 32 80 26 1 -12 18 27 34 -4 67 28 62 -21 54 33 54 21 79 -19 -3 -25 67 56 59 66 -121 -17 -10 7 -22 41 82 -22 32 22 72 50
12 17 0 27 -13 41 13 -45 -32 -21 -26 20 -18 24 -28 -27 -49 -32 -57 -9 -23 -25 -4 -7 18 27 -11 -32 -7 -10 42 16 50 -24 -2 12 34 -39 90 -7 31 55 -27 17 -30 14 4 12 -58 79 -26 -25 -47 8 -14 -100 -68 -2 -34 -15 53 -60 17 -8
-125 57 10 48 -71 75 50 69 21 24 84 43 85 42 -84 30 45 36 52 1 77 90 12 25 4 71 90 124 55 82 88 -18 64 61 -9 -4 19 39 -12 40 -118 88 31 93 44 40 44 41 43 15 22 79 101 19 65 101 50 85 104 8 2 57 115 44
-18 26 -6 24 -45 31 -21 -22 -70 72 76 -53 -57 53 -64 -7 10 16 -7 22 -2 -30 43 0 62 67 53 6 21 -14 48 5 -20 11 -11 -104 -35 16 0 -75 -29 16 -71 -49 2 2 -14 -17 -53 -33 3 -19 38 -18 -1 -57 25 -102 -2 10 -58 -16 12 3
-14 -12 18 15 -28 -46 -52 -61 -60 -30 14 9 -115 -3 -8 37 -46 25 -44 -72 -6 47 -38 19 -7 -55 9 2 -46 33 -20 46 -34 52 -23 -44 -52 -39 -77 26 -76 -23 -19 -17 -33 -43 -39 -6 -23 -21 -66 -31 -45 -22 -37 -11 -105 -36 22 1 -51 -17 -35 18
-42 63 -1 -48 -50 -11 -24 -4 4 -23 43 -48 -4 -9 19 -35 29 -50 -30 45 -46 -22 13 -11 -67 -16 -10 24 -3 -6 -70 83 -15 -7 40 -86 -30 -31 60 -22 37 32 -57 -26 67 -48 7 66 -32 27 -14 -87 -61 -13 -80 -72 12 -55 -51 -25 -38 41 -16 44
-51 -15 -34 -14 -98 9 5 -26 54 -34 -16 32 8 2 -20 -99 64 -7 -65 11 -22 -72 -80 30 -52 23 48 -66 -55 3 -34 -47 -64 -46 -18 35 -82 21 -100 -30 -123 -66 103 21 -37 -50 3 -36 9 1 -23 37 -21 48 -18 -83 74 -57 31 6 -15 -37 14 -22
-60 1 17 13 -38 8 8 43 0 -14 12 -4 26 -30 13 -36 46 -29 10 63 -83 24 39 14 -54 37 -4 -5 -42 6 -47 -29 -31 55 -42 3 -56 5 22 -34 -7 -15 20 -2 -37 -55 -87 -59 -8 5 -68 29 85 21 8 -48 -48 19 18 -44 19 36 -45 5
-114 -36 -15 -62 -8 -17 -50 38 40 12 -39 35 -11 -45 20 -26 12 -57 -89 -30 -27 -10 -7 13 -21 8 -50 -113 -14 -26 -112 -4 0 -105 29 -11 34 -2 -96 -69 27 123 6 -29 -31 83 -28 -75 -8 19 -24 27 -58 -62 -5 22 -75 -36 -59 25 -19 -21 13 19
58 5 -6 -28 -34 -29 62 -37 -49 0 55 2 25 -10 36 19 -52 -6 15 44 -82 10 3 -6 22 66 -9 125 -42 59 -17 85 -4 80 -25 -13 51 50 44 1 -11 -10 -1 29 -26 -26 -44 -14 -64 39 -22 -53 -2 5 68 31 31 8 49 -5 -24 61 -97 80
5 49 0 72 -22 7 -52 50 54 19 52 14 -80 66 4 -24 -4 48 34 42 43 72 33 8 54 49 14 43 34 34 42 34 43 73 2 73 52 8 53 39 45 -12 77 8 54 28 -33 3 35 36 38 71 20 -42 113 63 43 -19 26 30 18 -43 46 5
-65 39 36 -19 64 37 3 -60 -37 -33 -44 18 -47 -90 -54 10 -15 36 -11 12 11 3 34 57 -6 -9 26 4 16 51 20 -32 -13 16 46 -24 46 5 33 8 44 -8 -14 -66 40 36 18 32 22 -32 -74 -20 -23 -42 -15 -37 -22 -33 -80 56 19 -90 8 50
76 46 -126 -21 -43 -45 -42 -49 50 -36 31 -10 -40 -67 -8 -55 -44 -14 10 -70 -24 -67 -47 -9 -84 -40 14 -2 -57 1 -54 -58 -8 35 -29 53 -52 -13 -32 -27 3 -7 6 -37 -1 -25 -15 -38 7 -46 44 42 -7 17 5 1 -52 -122 -25 -99 38 -64 -45 -45
-4 11 -39 9 -11 20 16 53 24 28 3 -39 -1 71 53 -20 52 -70 32 8 -19 31 60 -46 78 73 -3 24 38 25 63 32 94 51 -37 -25 32 -42 32 -15 12 88 9 45 -10 -25 -65 -20 -18 -8 110 33 41 38 5 21 31 7 -20 -12 19 16 -38 -81
-52 -18 -17 -39 -56 30 -14 -43 34 15 48 -37 -37 -85 46 -34 31 -58 -16 2 26 -48 -9 43 -14 3 38 -30 -15 -18 -13 -65 -22 14 -23 49 -54 -51 6 -97 116 67 -11 15 -44 -17 -6 -28 34 -60 7 -17 -54 -23 63 -5 30 -18 65 -62 -2 -66 -19 16
-72 -65 -37 20 -45 -16 126 -28 -23 -26 -42 -43 -55 -68 42 -69 0 -6 -42 -4 -47 -55 -52 -57 -50 -106 -68 8 -48 -77 -33 -123 -92 3 -117 -66 -29 -32 -63 -35 -9 -62 -62 -18 -38 -100 -75 -7 -77 -25 -57 -74 43 -109 -121 -93 38 -111 -19 -39 -14 -111 -64 25
62 96 -61 18 -93 81 74 31 43 -36 -4 -59 3 55 35 3 77 -14 68 42 0 -36 -21 -28 -9 -29 -62 26 19 -2 -40 -68 -1 36 18 -54 5 35 32 19 -27 -46 22 -53 -22 -35 -7 -35 -21 26 -30 33 -31 17 42 -7 -25 -16 75 8 -2 -37 -8 19
-6 -41 -40 -29 -49 -13 -24 -6 -128 11 10 -4 8 -23 34 26 61 7 66 -6 -10 19 -16 4 52 61 -31 38 -10 -6 -55 -53 2 -24 101 65 -59 29 -9 -55 -37 -48 9 -20 -7 -25 72 -10 95 -21 -46 23 -38 -20 -34 25 -3 -1 49 -14 -50 -15 -19 -4
-45 -63 50 -60 16 -15 -50 5 -52 6 -15 -61 -8 -66 -18 -25 -18 -6 -80 -53 23 71 8 -1 -56 54 -66 45 -84 53 -6 -37 7 -26 -67 64 8 -25 44 12 -31 -62 -54 -63 -36 -27 45 -3 -71 -69 -36 25 -41 -37 -44 8 -76 -16 -83 34 54 -25 3 1
28 -59 -15 -27 -84 21 -24 -6 63 1 -30 -50 15 -68 -13 53 13 66 -41 80 19 -18 -14 -39 -21 -11 -6 45 -23 -17 -19 36 30 96 26 16 37 6 -56 -76 -57 -32 55 64 -44 92 -28 44 56 18 13 -51 -4 -24 -60 -76 56 32 -53 -26 21 75 37 19
13 20 -13 -47 3 -27 -55 -15 -38 -1 -112 -32 -56 -44 1 51 -55 -47 -39 20 14 16 -17 -67 -14 -48 -51 -1 -78 29 4 27 9 -20 -70 -58 -49 45 -68 -72 -16 63 -4 55 37 -36 -10 67 -64 -44 -4 -50 33 -20 -16 -7 -64 37 -18 -64 33 21 41 -58
53 3 -84 -81 -95 -27 -90 -53 -55 50 -5 3 -50 12 17 41 -69 -38 7 -41 -14 -21 47 -10 -3 -40 57 86 -29 -94 14 -89 -97 -40 -68 8 38 -62 -8 8 -51 -28 12 -54 -62 20 -52 -34 -70 -2 -15 -13 26 -62 11 81 -78 -8 59 -26 -32 -17 -5 21
22 11 -49 -51 -65 -78 -17 -8 -86 -67 -73 3 -52 -41 29 -38 -36 -67 -110 -45 -61 -67 -32 -49 -64 -78 -44 -94 -36 -86 -13 -40 -75 -50 8 -52 -28 -38 -99 2 1 -108 -84 -24 5 -29 -59 13 -34 -21 49 -19 -35 -73 -103 -24 -105 8 7 10 -37 -4 49 -42
42 -63 -80 -16 -19 -13 9 -32 -22 16 2 40 40 -73 -15 -9 -53 -105 52 -73 -13 -16 54 10 -4 39 -12 -22 -40 -63 -8 33 27 -33 -61 -65 -98 -66 28 -26 -78 71 -72 -30 -46 -5 24 -37 -38 -13 10 -103 -15 -13 28 -44 -34 -32 -5 -46 -84 1 -63 -43
12 -21 -33 -37 -38 -93 -32 -26 47 -28 -4 -26 -9 47 25 37 -42 -35 5 -22 25 -31 51 -35 -87 -90 36 2 21 -65 -59 46 -68 -32 -39 -9 1 -24 6 -24 -35 -50 -6 -64 -47 -55 -107 5 -4 1 12 20 -35 -48 -2 -24 -52 8 -15 -16 23 -47 36 -16
-49 -35 -9 -12 18 31 -52 -37 -28 -40 19 -13 20 -51 -36 8 -33 71 30 5 18 17 -40 75 36 8 0 -25 23 19 -45 -17 28 -59 35 55 33 4 55 14 -29 26 82 -8 42 -13 -14 9 -5 63 -25 22 26 9 -95 -18 15 10 -40 -64 19 37 19 -19
-43 36 -4 76 -91 -48 1 -79 -4 -37 1 28 -82 -16 -63 -75 -47 -26 -4 -14 -45 6 -19 3 -40 7 29 -7 17 29 -29 34 -47 -72 -36 -45 -18 -17 31 13 10 -63 77 45 -128 10 -89 11 -38 -49 -22 31 -6 -30 -60 -64 -41 -68 -45 -14 22 -14 -28 42
21 -30 10 33 -53 -7 35 -14 -31 -44 -96 16 -117 -15 6 -28 -31 -66 -59 114 -50 -39 -8 -72 53 -18 -76 -45 39 -35 39 -47 21 26 -19 -62 -108 14 -92 -10 40 -25 -35 22 -37 -4 -64 -67 -17 -14 -34 58 -42 -41 -49 -22 22 -6 -18 -62 17 -29 17 -2
18 19 44 60 -22 -114 64 12 -63 -19 23 96 32 53 59 28 42 1 -12 66 71 111 0 -28 103 80 47 70 63 24 42 -46 110 116 28 20 -2 -26 49 -13 75 14 61 0 -10 53 34 87 -16 5 68 22 28 38 36 17 -15 26 69 32 9 35 2 7
-39 -62 42 74 17 -35 51 -13 -32 69 17 -6 -24 -16 -48 -25 -12 22 -8 -57 59 5 -34 26 64 -32 -9 0 10 -18 17 17 -42 4 -69 1 -54 -50 15 -32 17 -12 30 -26 -18 -7 63 28 -60 -49 48 0 -12 -20 -11 23 59 -56 19 91 -14 -18 -13 22
87 -66 85 18 -38 52 1 26 18 -24 -22 -42 -16 -3 -11 58 41 51 -48 38 67 1 33 -23 13 12 31 6 50 65 2 55 31 56 3 -13 -35 69 8 36 -77 -12 20 3 29 -17 29 0 91 -7 62 5 36 78 -10 36 -1 -36 3 -1 -35 24 -6 37
23 15 -50 61 -52 -16 -27 -8 31 -55 73 -14 38 -37 14 -14 23 42 -1 9 19 31 -33 44 -12 62 16 85 -14 46 106 41 52 -19 51 41 38 -8 43 -38 16 2 -13 25 21 -66 122 -32 -42 -18 8 -18 14 34 33 89 4 12 35 11 34 -21 -22 30
-47 58 59 -19 -5 -4 9 -16 2 29 37 89 -19 -4 28 -52 68 -12 9 40 -75 2 57 79 0 -31 2 36 47 -39 -65 -27 23 15 -29 -32 24 55 61 32 -72 -38 14 -3 33 -13 -6 -43 3 43 14 -4 21 19 -10 22 2 23 20 -48 -30 -38 22 6
-69 -19 -48 -33 4 -39 17 -30 17 27 -44 -86 -56 -22 22 60 -3 18 -50 26 90 49 -9 10 -13 -77 22 -21 -62 -7 28 -27 -50 50 -8 -18 47 -22 16 -31 70 4 -18 5 15 -41 35 57 0 -21 -28 -30 -10 3 0 32 48 -31 -4 54 17 54 23 -3
76 -5 48 -48 -46 -68 -76 -10 -10 107 25 -10 -40 44 -21 45 -28 -66 10 -101 -32 17 -37 0 -18 -71 -35 -27 10 20 5 12 72 -1 4 56 22 -69 30 -61 19 17 16 38 30 79 42 -15 91 10 -30 56 -31 6 58 38 -16 -30 -9 -58 43 -21 -48 76
102 -13 18 66 -7 16 105 19 -11 9 -32 62 -11 -87 27 -47 65 33 41 0 29 50 21 -122 81 80 65 -24 19 36 45 60 -17 27 62 31 76 57 -7 29 -7 69 -11 44 15 -37 81 16 -19 -63 4 -10 43 28 45 18 91 -21 -8 60 -44 -9 44 4
32 -36 43 17 47 34 59 -23 31 6 27 65 -6 -7 -21 -12 8 -40 17 22 44 27 -47 35 53 31 -15 -27 -31 1 -18 6 93 -21 0 48 110 42 -10 2 -16 46 1 58 76 66 -9 -7 -20 25 46 34 60 -1 -101 21 63 28 15 4 21 117 33 26
65 18 38 79 41 45 7 24 -10 -11 70 -68 -9 20 -46 39 32 -13 33 -28 18 51 24 -34 66 3 51 -27 16 28 -23 67 9 14 8 26 46 -12 11 38 9 -3 46 1 -1 80 -1 -25 12 -21 29 38 -12 64 -28 21 21 60 16 5 2 31 24 -8
1 -40 -10 -44 -74 -41 -54 33 -14 22 -81 4 20 -55 13 3 -45 -56 -16 -23 -90 17 -56 -68 -26 39 10 -47 25 33 17 -31 -38 -30 -71 -26 -48 -26 110 -68 -25 -79 11 34 -19 -25 -36 -44 6 -40 9 33 -26 -28 -30 -45 -24 22 -49 51 17 -7 -35 4
28 16 68 32 -37 57 -11 2 17 61 31 32 -38 -16 54 -5 26 35 41 33 -7 28 53 34 15 25 16 6 -6 -21 -11 -32 40 7 22 -5 104 14 44 74 27 21 51 45 44 38 -58 -8 -22 54 -25 32 55 -12 2 -5 53 17 35 52 -70 -46 64 33
-13 61 -24 78 69 -22 -21 14 20 -46 24 48 12 5 79 79 -35 33 -21 -7 -4 79 34 72 51 39 -30 -6 30 -21 -8 22 38 50 -48 18 -11 68 54 67 -13 13 32 -18 -74 33 37 63 -15 -43 2 3 20 8 -36 19 19 19 36 44 15 26 -55 -9
-18 55 25 -5 17 -20 -31 44 12 38 28 29 66 8 -48 19 -38 29 27 -72 28 41 35 0 -12 2 -27 67 21 -23 -77 -51 11 -25 63 26 -33 1 47 -13 -7 120 87 -4 -29 -58 -35 -67 75 -26 -59 -28 -23 96 14 -51 80 -3 46 -33 38 34 -10 -28
6 6 -45 -64 98 29 8 -71 47 -2 -31 -24 30 21 4 -5 -35 6 45 -58 -20 49 -2 27 18 42 -7 -12 -2 -30 -10 -57 7 -27 25 41 28 92 54 -14 -30 -9 -64 -4 -50 63 23 -45 -27 24 62 -29 52 91 80 74 -25 -69 14 42 19 -98 39 19
34 74 102 -112 -13 44 25 -29 83 93 5 18 1 -13 26 -1 29 2 29 -50 -17 -4 -24 73 21 42 59 -55 53 10 27 7 -90 36 -68 57 -17 -14 60 74 87 1 73 21 45 14 -35 49 77 93 12 98 -20 26 41 -55 65 43 70 118 46 1 -33 -23
28 17 -9 -2 69 -49 6 18 -14 -20 24 -33 -14 -36 56 -34 53 70 -31 43 5 -12 35 -47 51 80 30 5 4 -3 17 76 -31 21 88 -2 22 30 73 -18 58 41 -101 36 34 105 20 -38 -22 21 3 9 57 46 61 61 53 -37 -11 56 2 -6 -98 52
-98 -26 26 2 51 65 41 6 61 98 14 2 7 -44 62 5 7 32 66 -25 -20 62 2 14 37 -32 47 -81 -57 -43 21 -23 91 -38 -14 -28 -39 34 54 46 2 41 -38 -39 -32 66 -6 -5 -21 -17 1 8 65 -24 67 -29 -6 24 56 19 39 -36 -10 82
16 9 25 -3 53 11 16 64 50 -5 -1 -26 23 36 -22 45 29 -27 36 83 49 -10 23 30 16 14 25 -1 39 -57 41 71 -37 87 3 54 -21 29 74 66 -9 6 44 14 48 52 12 -26 39 32 44 39 25 -15 26 85 12 -23 64 26 39 -1 -11 -1
75 35 -13 -9 23 37 60 21 62 36 41 56 0 67 80 -11 91 -15 37 -1 70 33 29 34 18 15 22 93 70 15 10 5 24 78 6 50 27 55 21 9 78 50 54 10 117 15 31 30 16 44 12 34 0 68 72 70 -10 15 48 -25 27 51 46 27
42 -8 63 22 73 28 105 9 46 12 26 -31 92 15 -4 37 -42 -2 54 101 -51 -44 -9 57 51 -10 58 -73 58 -56 77 65 43 86 9 -33 -28 34 10 71 -27 37 35 68 19 57 1 62 -9 90 65 13 -4 49 63 54 50 14 7 -25 -5 45 -78 -18
-23 -11 66 20 -22 -44 -6 -22 -61 -30 -32 -42 -14 0 26 4 44 -37 -57 60 -65 13 33 2 17 35 4 -25 -60 -65 -7 0 50 19 -17 -19 -44 -9 -23 83 15 8 47 -56 4 30 -11 72 38 -50 38 16 32 -84 2 -16 -70 77 -16 32 -99 36 0 1
-12 58 65 -47 -15 -14 4 -40 68 -17 41 -49 -35 126 -49 -10 -32 -32 80 15 -30 36 -28 51 -83 -61 -67 2 -62 -3 -69 0 10 -46 -35 0 -46 16 8 24 -12 3 -13 -10 38 36 -19 60 45 38 15 -22 3 29 13 -14 67 -18 -28 -17 -5 -32 -47 -24
64 2 -35 -55 -9 52 -4 4 -4 45 -15 28 -15 36 -73 47 5 -20 -51 -4 -39 -33 4 -16 -22 -59 -100 -2 -5 -6 38 -27 -43 22 0 10 -4 19 28 31 13 16 8 17 19 -24 23 31 63 12 69 -12 24 28 48 -10 -106 17 8 16 45 3 12 -3
57 19 -1 38 51 15 -19 105 -5 -2 15 1 30 62 -3 82 -37 77 33 33 42 -17 -32 18 50 30 50 80 -25 -128 -5 -57 -4 49 11 75 55 6 55 35 51 64 19 36 75 15 55 -8 35 11 -4 -28 56 94 38 56 111 47 54 65 -13 30 47 33
70 59 41 42 -18 44 1 58 45 15 34 -22 41 -20 -48 42 26 17 27 -37 23 52 35 -9 16 105 79 -69 51 21 -31 13 -62 35 31 83 -45 55 11 -49 -1 35 -27 74 30 -16 79 21 19 -1 54 2 -51 45 32 96 111 18 21 86 52 54 -68 -13
86 -7 83 39 8 1 2 21 53 -18 5 -46 98 -55 -62 54 91 45 35 99 43 15 -5 62 26 3 -36 -38 2 6 32 -9 -41 -30 112 55 87 6 7 -12 21 102 26 26 64 -46 65 -53 1 -4 -21 -56 -47 21 -23 12 69 -44 -44 -25 29 -6 62 50
-115 -54 -84 -10 10 -34 -113 -35 -50 -27 63 15 -104 -80 -37 -3 39 -13 -84 7 -86 -9 34 -22 -27 20 43 -99 -25 -72 -71 1 -37 -49 -12 -19 -42 -55 -32 -34 -52 -104 11 -30 -72 4 -11 -43 -80 -45 -18 26 38 13 -50 -25 3 -9 -46 -39 -13 -100 -100 -107
27 5 81 62 -3 -23 -7 36 48 39 14 51 -2 -2 -6 -24 74 17 84 -10 43 19 26 44 6 67 66 80 6 16 -25 -24 13 -13 -40 64 69 45 3 -23 48 39 2 -32 26 44 69 -14 -3 58 -20 57 20 23 17 16 56 43 -16 -64 59 28 -54 98
-21 -53 36 36 -8 63 -14 69 -27 -16 25 37 -26 34 -42 16 -32 -2 -26 -3 -12 75 52 -48 24 43 31 12 -21 -35 58 -47 46 -31 59 -17 2 -17 32 49 57 42 22 7 14 58 -1 2 5 43 57 19 -47 21 -68 -7 -38 17 7 -15 55 62 -5 7
-50 26 19 24 34 -3 -3 -22 -61 -31 16 44 79 3 9 71 -35 24 -29 -43 -5 0 -50 -45 -37 44 8 10 -41 15 78 -5 40 -9 27 -18 -1 -41 20 -11 53 16 1 13 74 23 18 -27 20 -77 13 10 7 -20 49 -15 -45 -7 39 38 -11 -55 5 62
-19 -16 -1 -52 13 13 -75 -18 -24 -7 24 4 -45 15 75 48 -43 72 12 -13 -22 48 -19 -25 -38 -43 -46 -11 4 54 -44 -44 62 -2 6 19 28 20 -8 54 -22 23 31 -4 -15 -36 -18 -68 43 76 -40 55 22 -19 -11 -32 -107 -48 63 -17 110 -1 -2 40
38 54 12 -40 115 11 58 46 97 -6 5 -19 33 -40 56 10 18 -36 23 43 -6 28 42 10 -16 19 75 -11 -80 9 18 5 -36 -9 -15 41 27 -8 -50 1 -18 -32 17 -16 -11 8 -12 23 -10 -22 -37 -14 19 14 -54 22 53 29 54 -39 -32 59 12 -62
-1 12 31 77 16 65 17 49 49 61 46 -23 -69 81 18 28 22 -23 -18 15 48 43 3 -19 -30 43 48 13 41 7 -16 -5 15 -19 -25 8 -15 38 24 17 -48 -42 5 -65 17 34 65 8 69 56 1 -6 -15 -15 -30 31 22 5 62 -33 18 16 -52 -13
25 -5 76 26 -21 -7 28 -74 -8 13 13 35 34 1 9 44 34 35 11 58 62 -51 91 69 40 9 19 98 20 -32 -9 -19 -9 35 23 -40 43 48 29 3 22 67 -63 37 48 -20 -23 3 24 15 -34 -28 60 -10 119 -12 6 -38 49 -15 -18 73 80 20
25 57 23 -26 56 32 12 3 8 -18 9 59 107 14 17 -3 -10 23 12 1 29 -23 11 53 -106 -41 -25 -4 59 71 -7 65 21 17 -7 98 80 32 -75 38 32 33 21 4 58 27 14 33 81 14 0 40 -18 -20 33 -9 -8 18 31 39 15 65 24 2
7 -15 -51 -17 17 -30 -12 -25 14 -57 30 -76 2 -9 25 -72 7 21 12 23 -18 -93 -55 -20 66 -31 2 5 -33 -15 -31 -13 -35 -11 51 4 -29 13 11 -14 -15 28 -18 18 -45 -21 6 28 -107 31 40 -13 -2 17 -107 25 -33 8 -18 26 28 -56 24 13
-68 -76 -14 63 12 -18 2 -53 16 -27 5 -54 -60 -62 -28 -82 34 -61 13 30 17 4 -67 -11 -79 28 -51 -92 1 46 -19 -75 -19 5 27 2 -69 24 -53 -24 -64 -34 54 -19 8 -59 -19 -27 24 -12 -52 -62 -29 -36 -7 -40 -22 -2 -54 4 -7 123 74 41
28 -17 33 -68 -13 38 92 93 -40 7 -42 24 -16 -12 -37 -17 66 39 -14 -64 9 28 25 1 33 41 -10 -2 56 -43 22 -38 -13 6 7 -1 -4 39 11 11 -29 9 61 -30 61 -9 14 -33 -34 5 -103 19 42 31 -35 14 92 7 61 101 16 81 15 60
-66 78 48 8 28 70 27 19 -5 54 -16 40 -2 -19 86 -15 59 8 71 30 95 -24 33 72 50 23 6 5 37 3 20 45 32 125 55 19 13 48 40 19 13 0 3 48 24 -14 43 -26 64 38 -4 -33 57 -2 17 62 -19 -122 27 42 35 -8 18 71
24 8 -39 -18 -53 -79 -65 -34 10 -64 -55 6 -86 27 -30 -93 -22 14 -4 -39 -68 -80 -43 -45 1 -20 70 -39 -56 51 -78 -62 -76 -77 -25 -83 13 6 -95 -120 -52 -33 -14 -22 -11 30 -57 -63 -35 -57 -7 -12 -109 -16 -46 -103 44 -52 -6 -90 46 -10 -17 -3
-110 -30 13 -30 48 1 23 20 -35 29 -1 -34 14 28 -3 17 -8 43 -48 -15 -2 45 -41 38 -14 68 -66 -18 3 -50 31 -2 -26 67 -70 -75 47 -12 24 15 27 -19 5 35 -15 -72 -23 37 -6 -4 77 -9 -45 -2 -81 -37 -41 -80 24 -78 78 33 -4 -22
-77 -27 -80 -76 -38 -15 -100 -18 -65 42 -38 -23 -61 -59 -50 -31 -37 -26 -19 -41 -9 -7 13 4 -103 17 124 -74 -15 -59 -45 -69 -47 -36 -12 35 -58 -74 -74 -26 -85 20 -48 -1 24 -6 -74 -100 -16 -89 -29 0 -68 -103 -98 -34 -114 -28 -62 -59 -44 76 23 -16
-8 69 47 -37 -4 -8 -56 72 8 -5 -34 16 -50 43 7 9 38 -21 -11 -12 30 -26 27 -24 -19 41 -14 50 -33 10 26 6 36 36 -22 54 -15 -18 33 32 21 -2 -8 68 -81 -27 -56 -19 -30 25 -13 -48 -25 -24 53 116 11 54 18 -58 -39 -4 -23 16
-39 33 -17 -10 -32 13 8 38 16 -7 57 63 -14 -24 45 1 -8 -1 -36 -18 -12 -19 32 -4 56 -22 -8 70 52 -14 43 -51 41 -12 37 24 -40 45 21 -22 -8 20 61 -26 9 82 84 -6 48 3 -19 20 -25 38 47 -24 16 0 2 -11 -37 -35 17 90
-23 51 38 -109 -63 4 -55 -40 -54 -17 38 19 7 34 -17 5 -3 -6 -27 -81 -67 -26 -38 -81 -69 -65 -2 11 -60 17 5 -41 -58 12 -39 -52 70 8 -31 -16 71 -40 13 -46 5 -18 14 30 -50 -34 -36 8 -38 10 39 -60 -92 44 -4 9 -89 -62 10 -37
-47 -13 2 -55 -11 -6 19 8 -18 42 7 -96 -28 34 -55 -18 3 14 42 -6 -49 36 -15 -58 12 -30 65 -73 -16 15 51 -94 -24 -48 -4 -7 20 -11 28 -15 -8 -32 -30 -49 -24 58 -102 -95 14 1 62 -6 -28 53 -76 -72 -40 76 55 -72 6 -14 -19 -70
16 46 -28 86 -92 15 -51 -26 -33 50 90 46 8 -43 -76 -42 9 27 20 35 31 -35 19 15 48 59 -22 38 9 14 -8 1 -12 59 -48 -45 -5 -56 23 -2 37 61 6 30 -1 -3 -1 -37 -41 -41 -22 -65 -42 43 -2 -7 -8 -37 43 46 0 -29 41 -53
46 -13 -53 59 -54 -53 16 0 6 -7 -62 11 -43 -43 75 -18 -12 13 -11 19 -31 -17 62 3 55 -71 57 -11 -30 -10 7 -48 -5 8 11 3 32 -34 -27 49 8 -20 -40 15 2 -20 -28 13 -20 -15 -128 -35 -17 51 41 -36 2 -6 7 -47 33 -50 36 43
-55 -3 21 -78 -107 -32 -36 19 -71 19 4 4 -53 -4 -85 -109 -5 -44 -6 -84 -28 10 -66 32 -12 -12 -9 -47 -24 -75 -43 -67 -44 -42 -16 -35 2 -45 -10 50 -63 -23 -44 42 -127 -29 28 -86 36 32 -36 -23 -70 -53 12 -3 -11 -27 -47 -9 -27 1 -32 -32
-54 -39 36 -17 17 58 -59 23 -65 -17 -22 -60 -16 -17 -15 7 7 -12 -54 22 -54 16 -6 -23 -43 -15 -4 7 -61 -5 17 17 2 14 1 -51 -62 -9 -23 -102 -6 -23 -35 -70 -3 -49 -56 -26 -28 6 15 -39 -41 22 -47 -5 29 32 33 -37 -53 -58 -12 -33
-31 -31 57 63 63 38 8 4 -7 1 -24 -64 61 -62 8 15 3 -54 5 42 14 -26 -3 -28 27 -28 -8 0 -36 32 24 2 11 26 10 31 -30 -88 18 -32 29 -23 8 12 31 11 75 27 52 -34 31 21 19 39 -36 63 -39 47 112 -23 -45 -48 22 53
4 -40 10 -48 14 99 0 -27 51 -5 -25 12 18 4 19 58 37 32 -43 16 34 -59 -45 -75 -27 85 7 68 42 13 -31 8 41 13 -24 55 10 1 -32 9 -7 -37 27 -19 17 -67 -33 -31 25 32 48 -70 -30 17 25 -14 52 -20 59 7 -51 -9 32 -35
26 -20 -49 -22 -70 -61 76 5 -72 1 17 -90 -65 63 75 -37 -16 -26 -108 14 -32 2 64 -78 -13 17 1 -89 -88 -47 30 -69 34 29 -109 27 -112 -64 52 -55 -11 25 -54 13 -42 -75 55 -51 -27 127 -41 -57 3 -6 -20 -11 -62 -29 -42 -42 -59 -41 -56 114
14 -10 -14 15 5 41 25 53 62 30 12 59 50 19 -34 56 70 9 22 59 27 20 -84 95 18 -5 30 0 -30 65 41 -3 35 -8 22 -9 0 -31 62 -18 38 23 21 32 22 -100 39 17 -9 52 45 59 -13 56 56 -32 78 22 14 -9 30 -11 65 84
-43 -9 14 -54 61 -1 -35 -46 45 111 -45 12 61 -36 -13 -14 -49 18 -2 -22 44 25 16 -15 -19 75 92 27 -32 99 -18 -6 -16 5 -45 -43 -56 -3 1 -30 -32 -10 -22 20 27 22 5 35 39 -36 17 8 15 0 -15 -23 -11 -61 -22 -16 -32 -53 -14 41
37 -16 22 -58 57 18 34 7 88 93 8 9 28 -59 26 51 -67 -58 67 31 -9 -18 -37 39 -50 -24 -1 -10 -15 -31 7 -37 -42 24 41 111 -7 -53 -31 -16 14 -81 61 -45 80 17 1 25 60 46 -7 -16 -68 -21 -20 -19 0 16 -41 57 17 -30 -6 22
20 42 -9 25 -9 91 -57 30 -13 -44 6 27 -34 63 -6 -52 8 -54 -24 -111 -11 77 -15 -7 31 -2 -36 -19 -82 -80 1 -32 31 12 -24 -39 -72 -34 7 -27 18 50 18 2 -31 3 26 -36 5 -71 -16 32 -22 -43 40 11 -4 -47 -1 53 -61 -49 -56 18
-7 -3 -95 -37 -79 -69 -72 -42 -40 -28 -5 -4 37 -115 -14 -60 -27 -48 -27 -27 -2 -66 39 -75 -45 -27 -34 -26 -12 -114 -42 -43 -50 -81 12 23 -38 -12 -22 -70 10 -40 -28 -94 -61 -66 -60 -1 -40 -19 -43 -2 -69 -128 -30 -65 -78 -73 -16 -87 7 -73 -114 -28
-1 8 9 -2 14 17 -19 -55 -40 -52 -27 -17 -4 32 -26 -27 39 -8 -12 37 30 23 -41 40 32 -16 -42 -19 47 42 6 -42 96 22 38 34 -99 23 -19 34 -2 15 4 -32 -79 55 8 -19 27 36 22 70 -20 -5 13 17 -29 75 14 -97 -11 -1 -60 13
-23 23 10 -17 13 -75 -17 42 44 10 -27 20 38 39 38 -32 -62 -89 6 51 -54 29 10 63 -101 40 -60 20 28 109 55 -24 10 34 -8 50 38 -8 16 -8 25 50 -4 -24 -56 19 -10 -17 -12 21 -4 -35 -60 45 56 -24 50 32 -6 -30 5 17 4 43
14 26 -67 16 -16 77 -59 -7 24 -16 21 -55 -17 -23 -82 93 12 55 16 -50 -13 33 58 -35 7 -60 29 -97 -67 -22 -34 -65 -76 -68 -34 -29 3 43 -57 -11 4 -32 13 -64 19 -29 -41 33 45 31 25 17 34 -71 -18 -68 -22 -32 13 12 -4 -48 13 -51
9 47 -30 -56 -95 -70 11 16 37 74 -61 -30 0 -1 -34 -1 7 -23 -16 -57 -38 14 -30 -30 -77 13 -61 14 75 8 20 -19 -3 59 -3 -10 45 -22 -8 -111 16 -18 -60 -11 51 41 -45 -50 26 -26 -16 -22 -44 -24 -39 27 21 -10 -39 -61 28 -60 -16 -30
22 -31 38 52 25 -38 36 21 39 62 8 -73 15 21 63 31 -49 4 106 19 22 -3 -32 40 73 71 48 36 16 45 35 -34 61 3 44 58 -3 57 4 15 56 14 30 -41 -12 -50 -52 50 40 2 65 -32 6 -34 26 57 47 -5 22 33 -36 -65 -33 12
1 39 48 46 15 7 4 -23 -53 -12 45 14 12 79 -38 -59 4 65 -21 21 87 34 32 -9 55 -73 14 -29 22 54 13 10 -22 29 18 -79 12 -18 -27 69 -20 -76 -15 -2 42 18 -7 -6 58 -46 -9 36 -60 20 -45 -44 -61 -3 -5 -2 29 11 -43 -41
-29 -31 -37 25 -20 -40 -11 -3 27 47 24 -47 0 -12 20 -35 -59 33 15 -39 14 -14 -5 -1 -67 -54 -6 -5 -59 -19 71 -69 2 -2 -2 7 92 -15 15 30 75 -24 -85 -31 50 55 -74 34 81 59 17 -20 -19 -42 13 26 10 -14 55 -3 33 -14 -3 -56
-8 27 -81 6 -53 -108 -35 -97 3 -52 -15 -11 -86 31 -66 -36 -12 17 -61 -66 -54 -67 -6 -5 -52 -32 -14 -94 -74 14 -75 4 -19 -55 17 -49 10 2 -7 -5 9 -79 12 -26 -37 -39 -60 22 1 -20 -40 -23 -39 -22 -40 -24 -87 -40 60 9 -51 -53 -123 -61
3 -20 -30 -42 3 -17 9 2 -50 34 -8 -33 35 -15 -15 21 8 26 25 -3 4 21 91 30 0 -7 -56 -26 34 9 18 86 -10 -20 2 -8 2 18 43 -53 -46 -50 52 8 7 -69 4 -10 -45 -13 -48 23 -21 -44 19 -14 -28 -45 33 14 1 18 18 10
14 -37 -57 2 -13 93 44 4 -16 21 0 9 -32 40 72 0 78 13 -52 56 70 12 22 -9 -22 -42 -34 5 -5 -33 40 -7 -30 -6 66 -65 31 77 -14 -25 76 -14 -31 11 -61 46 -9 -35 -51 2 -4 52 -47 -48 22 -30 59 -53 11 -26 -61 -16 17 -23
-66 31 73 -79 30 19 91 -60 40 22 45 26 -34 55 -28 -24 61 14 24 -12 12 6 -19 -5 60 -25 -8 51 -19 14 -51 46 4 -47 22 -28 -10 21 -6 38 27 -82 -42 73 7 31 64 17 -19 20 -16 -84 -18 43 -2 19 34 16 -61 -30 44 41 -81 25
9 17 -21 2 65 -42 -23 64 -36 10 28 -22 -64 -99 11 -59 -32 51 -60 -37 48 -22 19 27 -36 -13 31 -4 -2 24 -12 39 42 -57 -12 24 -67 -48 -55 -9 -21 -20 -29 0 -21 -12 3 -16 -48 -10 7 18 45 41 19 31 -27 16 16 -47 -42 -1 -41 16
-27 3 3 -69 -29 34 56 -17 10 -35 -27 -51 27 -79 37 37 -44 -88 0 -6 -28 -2 67 -39 5 4 32 -18 -32 34 58 -55 -41 30 -33 -31 64 -8 -48 45 43 -30 21 12 9 16 -5 -18 35 59 -6 10 -46 103 3 -65 87 30 -35 57 -24 2 -22 67
-27 5 -23 -89 24 -53 -36 64 -28 41 21 -55 43 -84 -21 50 23 88 30 -16 22 3 60 30 54 47 -34 -24 -5 -7 27 6 -13 -45 -6 -35 44 12 31 -18 -9 82 -50 30 57 28 -3 20 36 -20 -95 -2 -17 -5 7 76 115 55 12 -10 -1 -12 4 -89
71 35 5 -15 -13 22 91 -89 -10 16 40 -3 -24 54 48 -1 19 106 -7 53 59 -5 13 55 -33 -8 -27 38 17 -18 69 20 70 -46 116 -54 1 -2 7 -32 -69 39 -3 -24 10 33 62 -14 -72 13 54 -15 72 76 101 27 -60 -6 -58 28 -29 24 7 50
-33 20 5 -29 34 -15 -15 -34 -10 -31 5 55 -26 16 -45 -36 58 38 34 -41 -68 44 11 -12 17 11 -51 79 -56 -39 1 17 4 63 -17 -34 -39 9 -45 57 58 -25 38 31 11 -53 -75 -28 -43 35 -19 -45 -7 -19 -47 4 26 -65 15 68 5 46 -17 50
40 -43 12 18 -36 48 -44 18 -13 25 6 9 42 -3 22 -28 23 -5 -4 19 15 53 70 22 1 -18 42 -30 -75 6 47 10 30 45 24 43 6 -17 13 -34 -72 55 38 -36 -15 60 -4 13 7 29 42 67 -6 -55 30 -11 -1 9 -11 18 86 40 49 52
-4 -12 -49 75 4 25 26 14 -13 22 -78 -30 107 33 14 16 11 -36 47 -59 10 21 37 30 -2 3 -9 -46 9 -25 -46 -10 -2 -24 -3 36 97 -12 24 1 47 -30 -26 -16 16 17 14 57 -50 42 -1 50 -26 8 -17 -76 12 -30 29 45 8 -22 47 7
2 71 -28 -32 -11 48 47 7 16 -21 37 -4 44 25 6 17 32 12 -18 -22 -15 24 -3 19 17 48 6 49 11 47 27 85 -18 -13 24 46 77 18 15 0 67 19 -41 23 35 40 -73 25 35 29 50 34 90 -61 68 22 4 76 28 61 17 32 74 41
94 43 -79 21 32 -7 48 -8 24 -29 -3 -60 19 6 44 -50 -29 18 -54 -44 -22 53 -8 33 22 56 5 75 -8 -6 -54 59 27 22 -17 -10 -52 43 -39 8 -12 -25 23 -80 -64 -4 11 34 34 1 63 -20 -40 -14 68 13 5 -13 -14 91 -40 25 -40 -17
-47 -7 -38 -44 -19 -62 -40 9 12 -41 3 52 -16 -19 -6 -38 -26 -38 7 0 -28 18 -103 -7 -12 19 -63 -13 -35 -15 -37 -76 -26 -47 -30 -102 -43 -45 -23 -18 -103 -29 -13 27 -40 -29 28 29 -95 -33 1 10 87 -77 17 32 -31 48 -58 -56 41 -25 -22 -72
0 40 -35 -5 -9 -16 43 23 72 0 -38 73 55 24 12 -30 21 60 26 -15 40 11 -32 4 -22 -2 42 36 18 46 26 77 -44 -41 25 13 -39 -36 27 -64 41 -7 61 -42 3 38 33 -28 30 -17 -60 -32 -1 15 -2 50 70 15 65 35 -61 -4 -24 45
-7 -3 -34 46 68 49 21 11 3 21 44 11 -26 -29 19 31 34 66 -5 14 105 71 -17 -77 8 109 -7 -7 32 -1 -35 7 12 2 -32 -20 80 4 -38 -3 -12 35 -14 -34 -21 35 -40 50 28 77 4 -29 3 -16 25 -47 3 51 -1 7 59 -24 24 15
-49 52 -101 -28 -58 -32 -92 -38 -64 -3 -19 32 -35 -11 -15 -24 112 -104 -38 -20 -47 17 -55 -58 -7 -34 27 -109 18 -103 -39 -48 -34 -36 32 -51 -44 -75 22 -21 -22 -4 -23 -35 -88 -48 -20 40 -6 10 -1 -102 -64 -22 -57 -72 -91 -22 9 -10 -37 -37 -29 -59
46 -20 -13 -42 99 -44 19 -26 18 6 -10 38 -9 -24 -43 7 -25 -32 -49 -24 8 -12 -80 2 38 8 -103 0 -62 -12 -29 86 7 19 -30 -45 10 8 -9 7 -20 -31 -14 -75 25 -10 24 44 -91 12 8 54 -28 70 24 -44 -11 30 -1 -34 31 -77 -37 -58
-118 22 34 -85 -14 -22 61 -69 31 -63 -3 -59 -37 -43 -57 -52 -3 -1 61 2 -64 -44 -87 -62 -33 -19 -92 37 -2 -45 -1 -2 -70 -88 -53 13 -42 -22 19 -17 -60 0 22 -18 -27 -44 -59 -58 29 -60 2 -75 40 36 -73 15 39 0 -8 17 -36 -51 -1 0
-12 -29 0 -29 25 26 -21 -11 -17 29 31 -45 16 15 -14 0 -35 0 38 32 22 -23 -25 -1 -4 50 -12 -24 65 4 -27 39 54 15 4 40 13 22 -61 46 57 55 -77 47 29 42 -23 26 39 -4 88 12 -8 14 -10 -17 79 16 38 -2 -25 -100 18 1
-16 20 7 -22 25 -10 12 7 -76 -57 -49 -5 -50 84 -37 48 -38 -47 -59 43 16 -15 28 -90 -36 -21 77 -93 -59 48 -30 -89 -65 -31 15 -18 -3 -75 -25 53 -34 -16 40 -18 -1 -36 -36 -29 -3 -12 -23 1 -64 -45 -11 -7 -10 -9 -61 -28 46 32 -33 28
-49 -32 -15 -44 -97 -17 -17 19 7 67 -4 13 43 -8 -6 1 15 -43 11 -44 12 -35 45 -5 38 -41 21 -10 -11 -79 12 13 -53 -34 -49 -1 -11 -6 -76 2 -28 -20 44 -25 -59 -28 -27 -16 -7 -3 15 0 -23 18 -5 -29 62 -97 -30 -13 -73 18 -41 -56
-4 -3 -25 -56 9 -32 14 71 -92 -32 -34 -27 -23 -53 -65 -15 -87 -64 -50 -32 17 -50 77 -45 -18 -20 -18 -76 -37 -51 -39 -11 -9 16 -19 -100 33 -51 -24 -38 -21 -75 -33 4 14 -76 -94 -56 -21 1 56 -12 -42 -7 -35 -79 -40 -64 126 -81 -44 -25 -7 -56
32 1 33 59 44 -28 8 97 124 36 36 78 26 46 18 58 56 21 37 53 43 56 73 16 6 -3 16 88 72 -32 22 18 -35 73 73 5 -51 108 99 -28 41 4 35 63 -37 14 45 -57 69 10 53 68 -23 104 92 57 -36 7 68 7 47 -7 32 66
48 -14 9 -35 36 7 -25 12 -10 -27 -17 13 -25 25 -22 56 10 24 -2 49 7 56 -22 54 -61 35 49 -4 50 -48 40 33 20 60 28 4 31 14 31 -41 9 -63 -19 8 22 -95 -49 41 54 26 44 98 -52 -5 29 28 -40 -8 16 -89 23 27 37 2
58 45 -14 16 35 -55 -47 2 14 23 12 1 -33 10 -24 -45 97 12 -57 19 12 -19 86 62 23 69 56 92 7 -55 -5 36 5 -74 16 -14 -9 18 -2 62 -44 1 -17 33 26 -18 3 27 14 -24 -24 31 24 -49 -73 -89 26 -17 -58 -21 37 -56 -1 -9
-53 -1 39 31 19 18 -23 25 -31 4 24 -5 -1 -33 0 18 5 -17 2 -12 124 32 -67 49 21 -7 -20 -5 33 33 -10 -30 -9 31 4 41 -6 53 50 36 57 83 25 -12 49 -2 35 83 67 -16 126 24 19 -2 75 71 -21 15 -35 4 87 -16 11 -51
87 122 23 -40 -9 100 68 5 111 9 -11 -26 15 23 -17 52 14 65 -73 -1 -112 24 4 -26 93 84 31 5 -41 7 34 10 74 41 9 -1 30 96 -8 44 19 5 -79 83 -13 47 -69 78 -10 56 -4 -22 -2 -13 24 -6 82 -18 64 -21 2 32 -43 31
