123 35 -58 -25 -125 105 75 35 -74 -29 64 110 9 -56 121 92 47 52 84 -108 97 108 -34 -77 88 -82 16 -115 -41 -105 -47 30 -93 44 -103 78 1 78 -11 60 -104 56 -112 19 58 105 34 -113 -48 -6 -65 -111 -21 -54 23 46 68 -92 65 -22 -8 13 -126 87
-85 37 83 -47 92 -78 -82 -74 121 50 16 23 -7 41 -88 69 118 -94 49 -5 -76 -39 -36 -108 63 -70 -77 -47 -60 -128 24 -51 89 111 -92 -105 31 10 7 -22 69 28 -103 40 -18 -7 -113 24 -113 -79 57 -28 3 -102 -100 -38 21 43 -84 -80 -118 -80 57 -19
-90 -90 -47 -5 -87 60 -61 -54 72 -83 -9 -56 11 75 119 -28 105 34 -56 80 -56 75 60 -97 6 -119 77 3 2 11 43 -49 -20 95 13 117 -113 82 15 -83 -83 -88 -24 -18 -85 5 62 -55 -55 -97 38 116 -111 -33 35 78 127 96 -13 -28 -127 -34 -97 81
114 -8 -103 93 16 -22 1 -50 119 -107 -11 -69 20 119 -56 49 70 79 92 -110 118 -52 -9 46 -96 18 -114 76 -22 -106 93 -45 -93 -37 12 -77 68 21 -31 14 21 100 -56 31 -24 -17 51 -4 -29 60 -32 -113 9 110 -109 -121 -64 -14 -110 -86 -120 40 113 110
45 89 -124 58 26 58 57 -101 107 42 -78 112 24 -37 116 -94 67 -27 -104 -79 93 -46 57 -22 33 110 -69 26 -26 -27 -103 -29 76 -112 90 -14 23 -49 84 58 47 119 -111 -59 6 -32 52 95 1 39 -40 88 54 114 98 -36 117 16 111 24 -72 -24 -121 97
46 49 59 -106 -50 32 -114 -91 39 -59 123 100 -115 95 102 -40 -126 -60 103 22 -90 110 125 -106 -40 -16 111 -35 -35 -109 99 -9 20 -86 -92 -34 -76 2 69 4 -6 -31 117 73 -58 7 110 -41 -82 14 79 -119 -112 79 -72 24 72 26 116 45 111 -39 85 74
43 122 -31 123 -87 65 -114 53 -63 83 19 -56 62 3 -114 -22 13 87 -124 74 -45 -89 2 33 71 70 -111 -57 -26 -117 99 26 44 104 62 -121 110 47 121 62 -73 53 2 -26 -126 -65 -27 63 69 -117 -10 49 -127 121 29 -112 15 -4 1 -13 8 23 -12 83
-123 27 -98 11 -110 -9 -121 34 21 -33 -71 1 -46 121 -40 68 -93 89 103 -33 -79 -6 31 -16 -128 91 11 114 -50 15 -21 121 -110 109 -124 -97 13 83 69 -2 12 -123 21 55 -56 116 -91 -13 -85 90 -61 -21 117 -53 77 -89 -91 -127 79 11 -76 62 52 -128
94 54 88 1 -124 -44 -40 -44 -49 10 -113 36 -6 -105 63 -64 31 26 86 3 56 -2 -74 56 74 -73 113 -19 38 -28 -89 -46 16 42 11 -65 -116 -61 14 100 33 73 -122 118 91 -13 -113 -105 -22 13 -59 39 68 104 -38 119 33 116 -22 -100 55 -95 -4 53
-50 -41 -27 -16 44 59 78 -75 27 67 51 -124 21 -106 -79 107 90 56 121 54 -88 -119 49 -55 -63 91 -107 8 23 105 -3 50 -115 29 -91 121 48 -27 -35 -79 45 53 7 -39 40 -71 -79 16 80 36 116 -30 -9 -96 60 101 31 101 -62 -49 -72 74 -28 116
106 65 89 -12 34 95 -73 -104 97 71 117 -52 -93 -42 -28 62 105 -40 -124 100 10 -123 90 104 8 95 44 78 -39 -57 10 -19 -124 113 10 -90 63 -108 47 20 -117 -50 97 9 -48 -12 -47 -122 41 79 -107 7 68 74 102 -124 -33 45 -35 13 33 -126 -48 92
-97 -69 -10 -3 120 77 -19 76 111 92 30 9 -37 103 -36 54 10 -121 36 116 126 -76 56 97 27 55 45 -124 45 82 -32 -33 -110 89 -25 -78 45 23 -76 29 -60 -29 -52 -22 117 98 -56 19 -128 94 71 77 116 -120 3 6 -53 -81 -52 8 3 15 -21 -73
-122 -4 69 42 2 -12 45 -93 -43 20 109 99 -23 -115 87 100 -2 -9 27 124 -29 -125 -57 79 43 -120 26 -77 -98 -4 40 70 -16 8 -101 -61 5 109 96 -73 56 -5 120 -96 -113 -65 -91 -86 -111 -1 25 99 -48 78 -109 98 -105 8 29 -68 8 -103 -94 -1
98 -75 -49 59 27 -37 -23 31 -3 63 109 3 -47 -80 -43 127 -80 -104 72 90 -42 92 -71 71 -97 -111 -80 20 44 26 -26 64 -84 127 122 -78 8 14 94 -119 -125 119 -43 -59 -93 -23 -90 -60 46 102 -20 -82 15 -92 35 27 115 -70 40 21 -17 74 35 -3
-8 103 71 -122 -56 -66 126 107 81 8 55 121 -39 54 28 81 23 74 -98 -100 44 -85 77 125 74 -72 9 114 40 113 -113 67 -1 -19 -95 121 105 66 90 3 -124 -102 -68 41 -66 32 116 -76 2 -91 -21 43 84 -96 -26 89 69 112 15 102 -105 46 -118 70
105 45 -45 -56 12 -10 16 -2 -113 -125 41 41 99 -12 100 -37 97 71 121 -73 -42 -30 122 -27 22 18 -122 -80 -9 74 -11 105 96 -39 -85 25 72 24 14 14 -49 -123 79 108 -84 3 4 -93 -55 78 0 9 127 82 28 -104 45 9 32 -43 -95 34 -44 -81
-118 5 14 107 -79 -15 -23 65 52 89 107 60 43 -34 -2 16 -119 -34 -6 -46 -77 20 -95 47 -91 120 114 -1 -110 -72 16 7 -1 0 12 114 59 31 50 71 117 -121 -1 -19 75 76 110 -104 1 72 -22 40 88 39 50 -39 -68 -110 44 -116 -76 93 -28 48
-34 16 -118 92 8 12 10 -64 91 -31 75 90 -82 -74 99 -3 12 -115 -40 54 75 -54 -85 9 -87 55 -58 -98 -89 111 108 -22 118 -29 -110 -59 4 -10 -7 99 111 -121 -41 -13 23 -87 34 86 20 90 -30 -3 17 65 20 94 38 95 -31 4 58 -127 106 125
-81 -89 3 -40 -23 -2 -74 25 -6 -97 37 48 -35 -56 64 -17 -124 -115 -104 71 74 109 84 -19 52 -80 -48 120 -123 -54 -42 -62 -126 25 41 -69 -112 -43 114 -16 -3 5 24 48 -98 5 -42 -118 -67 93 -107 -65 83 -4 54 104 75 51 123 -119 -87 110 -52 31
-89 86 -10 69 -39 -13 25 -102 50 -77 95 25 102 -34 -82 -77 -122 -56 -76 -27 108 86 -42 -57 100 -75 30 -115 -35 67 -10 23 -55 122 -69 -14 31 -28 81 -41 75 18 68 -60 14 -63 -86 106 34 -23 21 -65 116 -102 -63 82 116 71 -5 54 -106 -101 -59 127
102 101 80 -122 117 -64 36 -115 84 28 -114 0 -19 99 -36 -29 -36 -94 12 10 1 70 -108 29 7 -61 -41 -36 -71 -118 32 56 79 91 -120 82 -10 104 -127 20 -110 101 82 24 -28 96 -103 -50 85 -56 54 -83 119 -91 -100 62 48 -55 88 -38 44 -108 -127 -85
112 -40 9 35 45 70 17 -92 -57 10 -55 14 122 -107 105 -57 85 41 12 -23 -23 -108 105 24 -48 -7 -52 -89 114 -80 100 -15 18 -76 -82 27 42 -17 60 -48 26 -61 31 -67 27 26 23 -40 24 -50 -50 2 67 -54 -105 123 -49 -112 -82 58 96 -108 7 -42
-44 -115 -48 51 -50 51 54 113 112 9 39 -101 -25 -33 -12 -1 -5 55 15 -91 -12 119 61 -19 23 8 92 67 -41 -6 -96 -80 27 -87 -12 -104 73 -108 -2 -34 3 -66 21 -77 -78 -49 30 -53 93 -120 1 -74 -112 -69 -76 94 -84 118 38 -110 -6 89 84 101
29 -28 -114 64 -62 126 24 111 -35 32 -36 -64 -40 -38 -127 -78 -81 83 11 -123 -83 -82 -120 -103 -100 92 -94 -41 -95 87 33 -52 -32 -88 55 110 -21 101 2 -112 80 -14 -62 74 -105 115 109 -73 39 -38 104 75 101 102 24 94 56 75 104 42 -30 -86 78 -33
-61 39 -89 -104 63 -102 -63 -105 -90 -84 -91 -31 121 -91 -76 99 -69 13 -93 -88 115 110 -104 39 36 -39 124 -89 9 68 -2 -85 -53 47 71 121 126 97 51 -62 -97 -25 -41 -81 1 -26 -104 29 114 88 -95 -116 -69 -87 -104 93 -22 -84 35 -21 -30 -14 119 -100
-37 -61 26 -11 -15 -94 -50 110 49 27 22 -64 80 -68 -105 -119 40 -18 17 -84 14 -58 -80 -52 30 114 116 45 -55 26 33 -82 23 11 -97 -2 -50 -127 82 34 98 -13 87 -100 97 113 -108 62 89 -33 10 -109 20 10 -85 16 -65 -105 -112 -46 -57 -81 113 -27
104 -64 65 3 -108 -71 8 -43 43 110 -12 -68 -16 -108 -27 -99 -62 -40 72 -1 47 -101 53 -13 -10 54 29 62 127 -84 123 56 117 73 -15 -122 63 -94 -60 117 -49 103 -45 -83 45 88 -1 93 9 96 86 91 64 49 54 42 105 37 -101 -12 112 -81 48 6
40 -63 -110 -15 91 57 -33 -85 17 3 -56 124 125 106 126 -51 30 -28 -119 85 -59 109 -40 -27 37 42 -105 116 -56 52 86 -60 -98 -36 18 35 122 -101 42 -103 12 35 95 19 -80 -121 60 -116 29 -37 -45 -17 -35 -14 -10 30 -98 6 103 -50 100 47 -124 -38
-114 -10 14 -83 -70 118 -118 50 -55 73 -36 102 24 34 41 112 -119 -31 -99 -35 -6 -2 -114 -65 -33 -10 -55 -40 -113 21 -128 114 -22 -103 109 -44 76 -25 120 -107 -87 -30 -54 38 -40 91 -58 94 -95 27 -105 49 119 -90 47 122 31 -76 -81 6 -37 -112 97 98
42 42 1 15 -54 -90 -116 96 -28 49 34 -70 2 -109 -32 -15 -5 114 12 -19 102 7 116 86 88 -29 -63 -25 -80 95 22 109 -3 90 -80 84 21 118 3 58 -79 -81 0 120 -12 -6 -20 -98 -94 -82 -14 29 10 -55 -59 107 -89 -125 -110 78 24 1 -23 -4
-101 114 -19 8 24 8 -95 57 95 113 -54 -49 96 -58 -80 33 35 -83 112 -10 3 119 -127 0 -74 -30 94 73 41 -51 123 -128 120 -22 104 -97 -58 -124 47 -37 -53 -18 117 73 98 -69 -114 -11 127 -32 -6 55 92 -15 -82 98 98 38 -81 76 -127 96 -97 -76
-101 123 84 -113 -126 68 -110 88 63 -65 51 126 117 -111 14 -80 31 -126 -60 39 -47 -30 68 -97 19 88 -74 -99 -110 68 76 73 -109 -59 -24 -111 -39 -57 -116 -88 -99 67 -88 -118 -1 11 -50 27 76 -19 -100 -39 -94 115 -121 75 -94 46 15 -42 22 -8 1 -68
-60 45 -85 -57 -13 -26 16 -111 -2 -19 24 -121 20 -36 37 -84 109 60 117 -27 61 -41 -106 119 -14 -74 -71 114 -46 -111 9 47 95 -51 107 61 67 96 -17 97 -7 -44 22 -25 74 -28 -112 -75 66 69 9 113 -80 -63 -5 49 -117 96 -100 71 -96 -101 -93 -103
-67 -20 90 97 -106 55 -62 -111 -89 117 -80 -5 -36 -58 -127 -83 -120 106 -20 35 -41 28 -83 22 -52 118 91 -111 80 -103 -109 31 7 27 55 -8 -45 97 71 59 30 -113 60 -1 -17 23 -99 6 -90 -112 20 1 53 52 -47 -81 45 -63 68 -53 -88 -51 38 -45
-19 108 -21 76 37 -34 -64 -81 -91 -49 -87 84 -121 -61 68 53 -32 -98 106 26 -14 17 -16 -121 23 -41 53 -104 52 -9 -35 -6 -42 27 -122 -10 65 -74 -51 -44 -61 -40 -38 48 111 -109 -58 -122 -113 -126 39 106 -114 -64 66 92 -120 100 89 105 15 -120 98 -24
-112 4 13 77 68 17 86 14 112 -85 125 -23 -80 45 102 -8 58 122 11 3 -26 -49 -62 -62 119 43 -120 -31 0 -33 -109 -23 61 -108 -25 122 92 -95 111 66 16 76 33 26 85 -81 -70 -70 34 -80 4 -5 -69 39 -25 77 -24 -29 -22 -62 -100 -10 -68 -42
57 94 11 -89 47 91 -66 -56 -36 110 -21 27 -34 111 22 92 104 72 92 -24 -5 -58 -47 -14 69 -69 -39 -122 125 -108 -124 4 62 -91 122 -95 53 124 4 113 -106 -86 -118 64 78 106 -116 32 -49 73 8 -103 44 1 -21 -78 -91 -38 -20 -20 -24 -7 84 -35
-126 7 -128 -123 -15 0 121 -117 -103 93 64 -98 -46 -64 16 41 -5 -62 60 65 -48 59 -57 -49 50 46 -125 78 -109 99 11 121 13 9 20 26 126 92 -120 -114 -66 -97 90 -19 -10 -102 123 74 117 80 -94 42 36 14 114 -95 -93 37 30 -29 80 -28 18 -102
-37 -20 -89 5 -11 -19 -89 106 67 68 -124 55 -26 -95 22 -44 11 103 -113 -42 -118 3 19 -124 -89 67 57 55 38 -66 -82 -100 -83 -127 76 -17 -24 -2 -71 54 85 75 -43 106 53 113 -111 -99 -12 26 64 -2 25 -64 61 -26 -125 -80 -15 100 -119 -39 75 118
45 -124 -20 73 6 118 -128 67 65 -2 -32 -112 41 -13 65 121 -107 -95 -103 -20 -122 72 47 76 -111 120 -114 116 -109 -119 -8 6 122 -88 -112 51 -68 28 -84 95 70 -20 -64 -48 -41 115 8 -127 8 -68 -36 -41 26 -112 7 -122 -92 81 -5 33 61 -16 -127 64
-70 -115 -60 -23 102 -71 -122 35 -89 104 38 3 39 -4 -61 84 97 16 -7 -34 10 -119 -103 -41 -54 63 -19 100 -76 -77 120 -16 -50 -105 83 54 36 -50 -7 -3 72 73 101 -2 89 -66 -55 -50 -113 -70 -116 -74 -88 -31 29 -106 -90 35 48 109 101 94 -110 -91
-28 1 -35 1 -119 115 118 35 113 89 -57 -92 -78 39 -31 -43 34 47 -47 73 103 -87 109 2 97 24 -28 6 50 23 -47 -29 51 89 4 -47 77 5 -116 46 21 -106 98 -23 -38 65 82 102 -59 -59 -6 -121 -20 84 -122 94 109 34 -106 -87 -127 58 -84 82
-74 -11 -46 87 -64 28 9 70 -121 -24 -28 -52 108 47 64 23 -110 68 26 -76 -113 80 45 23 -55 80 79 -67 -34 -90 -37 -93 -14 -80 116 8 57 -62 -26 -49 7 7 84 0 -115 -11 22 108 85 47 -34 -45 50 47 -70 -64 127 -93 12 93 19 -59 -50 -21
80 95 -103 -64 36 35 -17 115 -3 -97 -69 -72 53 -8 44 82 88 -119 37 -45 -49 -86 -121 120 -111 -6 35 66 10 111 55 -70 -37 60 97 7 -108 -50 84 55 -107 -111 -81 46 69 38 -47 83 36 -66 115 -23 -11 -30 126 -31 -56 31 125 -41 46 16 67 -39
103 -24 85 -58 -96 81 64 -69 107 70 -102 124 -24 87 -32 77 -75 92 18 97 91 9 96 62 23 -52 35 102 -60 3 58 101 59 41 -47 111 31 -72 -97 118 -21 6 -127 39 99 -91 -38 95 -115 99 103 -95 36 -120 -23 -37 105 -63 9 95 55 -3 -4 -41
-25 -68 -36 -112 -56 66 11 61 91 78 -64 90 -73 -66 48 2 72 72 106 -17 103 -53 -107 8 49 110 -93 -57 -28 43 -117 45 -61 -106 108 34 71 118 92 -80 66 100 -92 90 -96 -15 -41 118 49 13 18 -120 -108 -45 29 -86 -52 -123 60 -81 40 87 84 -64
-120 36 26 44 -72 -89 4 -65 -121 -128 -28 79 110 -43 78 -84 -82 -83 -26 -53 -22 -58 -102 105 -82 -84 26 99 -105 -58 23 115 -9 -79 -77 -87 -81 -39 26 68 65 -11 88 -29 -69 -4 -9 -114 -19 -88 122 28 -10 40 27 37 95 94 124 65 32 92 -11 38
21 -104 85 32 -48 8 99 -99 -101 111 14 -109 -127 55 -66 -58 33 63 -125 53 -13 118 -36 20 58 61 123 -55 127 90 -126 -3 5 -87 -71 -113 43 -112 19 -117 101 -75 9 -58 -105 -105 99 -106 -110 -81 7 24 -116 -6 -16 19 83 -27 87 102 28 88 -18 -123
-10 3 -24 -1 39 18 75 -76 6 7 -70 -107 122 -76 -98 -44 -66 10 -33 116 -70 99 41 -9 16 15 11 -14 -51 -37 -55 72 -87 121 -20 108 -3 83 -71 -97 -84 103 -108 116 -79 -47 68 -95 97 -7 -98 -59 110 -49 36 31 6 30 -14 19 -47 4 85 -13
-120 124 -32 67 -79 26 -98 -99 106 -116 -83 9 57 -52 50 98 -55 125 91 60 76 -109 -3 83 -111 -36 -7 113 -22 -95 -36 -69 -86 26 -123 -93 -84 -43 -84 -111 97 -109 5 -51 -103 -73 51 -84 77 -6 -109 22 17 28 16 -116 58 41 -61 -43 -80 58 -99 -78
-70 -13 -103 -65 -56 -73 -104 115 100 -19 61 75 -5 100 81 70 -113 19 95 38 -97 -80 105 -66 33 -82 95 -110 32 74 -62 -67 70 -101 -107 93 -2 -64 -63 89 66 -41 -73 45 -40 16 -86 -95 77 30 -100 -16 56 56 -104 -99 54 -95 125 5 -11 106 -50 -12
125 -23 -14 -18 92 -82 -76 111 69 -28 -61 83 -94 -71 106 67 10 -119 0 19 49 101 -45 67 77 -21 36 66 28 123 67 -3 -25 -97 -22 -65 -27 -4 -81 14 -71 -95 -48 -106 56 -69 -81 66 39 -72 53 -47 109 -59 85 74 -2 87 66 -94 -80 -75 41 58
127 -87 -41 17 -89 115 123 -28 -3 49 -88 -103 52 -89 86 -5 120 11 113 -45 37 -15 -88 -94 -85 -85 13 -114 -78 82 11 91 -35 37 -116 -14 -87 -23 34 100 -5 44 122 -63 -29 -118 -77 -51 112 88 111 118 32 -94 -75 0 94 -44 -46 -111 4 -44 -118 105
63 -35 9 21 6 36 125 12 -53 73 113 -22 -1 88 -44 -70 -37 27 -19 -127 -43 85 64 -93 -15 100 8 -118 102 109 -41 -45 35 -26 52 -24 24 98 36 119 -118 8 107 46 13 45 -72 -54 57 30 -30 75 88 73 -95 95 -85 116 70 -88 25 -65 -6 -119
56 13 -33 57 -56 9 -1 -105 -33 -44 55 67 4 111 119 -25 82 118 32 -72 71 43 117 -33 -120 -112 11 -64 -52 85 -92 112 4 60 -89 98 12 41 -108 -66 42 -41 -128 7 -63 -6 15 114 -126 -93 110 12 122 -68 124 -75 -48 66 94 15 -45 42 -24 61
-33 105 -125 44 -120 61 37 12 -9 15 121 34 52 95 99 -67 44 72 54 -46 -94 2 -80 -84 18 114 96 -64 -50 -70 79 -34 113 -114 122 84 -119 35 -6 -115 -119 17 -120 23 85 -89 10 -2 78 14 88 -73 -30 34 -115 -38 32 -60 -41 -11 35 127 103 -86
-74 102 -60 -116 51 15 -23 99 -29 -124 -92 -46 97 -23 43 26 -107 -88 -18 -126 80 -72 68 45 -65 -61 97 61 105 18 -22 -65 -40 50 -21 81 -77 33 -80 90 10 78 -68 -119 -36 47 -42 97 -71 -1 91 -13 85 -95 -89 66 119 127 85 -50 -80 26 -117 18
-42 112 9 -69 -85 -60 -31 59 94 5 -66 25 22 54 45 7 -18 -70 -66 63 116 120 -123 -105 32 -39 -69 1 -28 20 -116 37 110 45 68 105 -105 7 59 69 -66 88 23 -43 -32 -38 -24 -27 121 -99 -69 -110 75 92 -89 72 -48 6 -18 -48 88 -83 -40 114
-57 -59 -61 117 -44 49 -89 -10 104 1 -72 -64 3 -17 40 78 -21 35 -9 -127 40 -128 115 96 3 -7 25 29 105 118 -76 5 -128 -108 7 39 -23 -63 100 76 -3 -6 59 -25 77 34 57 6 -119 50 -100 74 -61 -60 -1 -66 -1 73 -79 -43 101 -55 106 32
-11 -74 -44 103 78 -82 63 36 -112 102 62 124 82 -13 -39 -128 104 24 13 70 19 -128 84 1 -100 -97 -62 -2 -20 60 -76 -24 -8 -21 -42 34 -77 -52 124 -103 74 -126 -11 37 -2 84 25 -89 -76 -26 90 -29 54 -96 -80 -93 76 52 -116 73 -88 -60 -43 -93
-44 126 -22 43 -36 37 81 110 -83 114 -128 31 -46 -73 -21 37 88 7 -124 -82 9 33 -11 95 -9 -84 -50 105 -44 -9 8 -121 119 96 93 110 120 30 -37 13 85 63 38 89 -13 -49 78 13 17 -109 81 75 -84 14 86 -16 -104 -32 -98 -31 -52 60 103 32
16 -118 -56 33 83 -49 -29 103 -1 74 47 45 -5 57 62 -80 84 -1 60 7 -34 56 33 -76 106 6 -74 15 95 -21 -6 122 -84 -115 33 94 -24 -67 -10 -11 -81 -85 59 -125 43 -93 43 -90 -31 -90 -93 -69 81 -35 -13 69 73 104 -25 -112 -19 -64 -53 -117
20 62 116 -121 -82 -19 -89 -56 -125 117 -84 -50 -105 110 119 54 -90 106 -43 24 -23 7 -120 -123 -116 -99 94 -22 -21 -127 51 5 98 -103 -93 94 -36 -90 -32 84 -127 8 48 -55 -27 76 11 119 -126 61 43 -104 -91 -80 -75 -24 40 16 -113 -3 -2 -102 112 61
-78 82 -17 42 31 -12 81 69 76 -12 12 -84 -56 33 -31 26 15 13 11 -63 64 -53 -54 -117 -5 -59 -65 100 80 0 -45 -47 24 -56 -37 -58 88 -84 98 118 97 16 119 114 84 1 -106 -24 27 -127 -126 78 80 -91 -20 -39 54 -123 -91 -126 -18 23 -6 72
0 -82 -40 103 -56 -104 29 -45 -112 17 -83 8 -68 114 -44 -1 123 -109 -106 114 -88 99 -117 96 -113 -34 -44 -59 -8 87 32 36 -2 -16 -32 68 -62 125 32 -20 109 -90 -3 80 -118 -67 -127 119 35 -120 34 76 112 -98 -82 -10 96 -36 -103 61 5 98 57 43
20 63 -55 49 65 116 47 19 -69 -123 16 -61 109 42 -105 -103 -107 -82 110 65 87 71 -72 99 -59 77 -110 104 32 -57 -7 -6 -61 84 31 -105 75 88 33 -15 45 104 126 -39 58 45 -68 -64 -34 46 -54 31 -9 2 45 17 -125 68 108 -106 -34 -89 -109 98
125 49 -118 87 70 -54 -100 22 87 14 43 60 -52 -28 95 -7 20 -57 83 63 84 105 -48 107 -114 -11 101 21 102 1 10 -8 -14 -76 113 70 7 -113 104 -82 -69 4 -45 -15 -84 37 113 -52 95 -127 -65 -18 -101 125 -116 -31 -114 44 41 39 -25 12 102 6
23 35 77 -61 -108 43 -30 16 -111 -62 -107 -26 84 35 -75 -68 33 104 -20 100 -35 -5 -5 -98 -68 61 95 23 82 85 -9 105 0 -57 55 56 -32 -56 75 -40 78 106 -8 14 -62 77 -93 26 -66 -33 -65 103 -55 94 115 31 -50 38 13 -119 -13 50 -88 6
17 -17 -118 -85 -93 -112 27 59 44 95 74 65 38 -38 16 -55 64 41 44 -112 -44 -69 -69 115 -74 110 -34 -36 40 -109 94 120 2 -121 60 -97 92 -35 -86 37 -65 44 -46 -58 -99 14 77 30 120 -30 -122 -68 -100 -126 -127 47 21 61 -1 42 -1 100 -76 80
-52 -51 103 -99 -126 56 -123 43 52 2 99 -73 -65 -94 -113 -31 -112 -73 98 24 63 61 -13 69 85 28 -86 -57 -17 126 97 70 -52 -9 -54 126 115 86 10 -82 98 -33 4 -106 -98 -83 10 -52 57 -94 -37 102 -43 -82 72 -91 50 30 -61 -17 -41 95 84 70
-55 98 81 -64 58 35 -87 -57 114 -77 -104 -110 -19 -95 41 17 -47 113 115 15 -32 -62 65 -13 12 107 1 -19 -1 117 58 36 117 122 -13 -9 -55 -20 16 52 -124 15 127 17 40 4 80 121 22 -125 -126 -89 -80 -74 -21 -15 126 -73 29 -94 75 14 78 -20
-30 -61 30 -125 -101 -99 77 -18 -76 -67 101 9 63 -104 -77 -2 -104 -28 2 -59 -83 -11 118 -76 -27 -50 -96 -88 42 -65 120 -2 -3 109 49 31 -35 30 16 -79 117 42 80 37 123 109 57 -96 119 -106 -11 -124 61 -59 -91 2 1 -39 28 18 -78 102 5 17
-3 -93 -102 127 -50 53 57 33 -60 105 80 -81 111 33 -38 40 0 116 123 26 33 -95 125 -118 12 -21 91 -37 -19 -88 -32 -23 100 -64 69 79 26 40 97 35 113 -29 97 20 -117 112 19 124 23 105 112 91 -33 -31 26 113 78 45 -81 1 -20 14 -65 -123
70 -99 109 -44 97 -100 77 82 -91 16 79 -104 -42 -98 78 119 -17 -2 115 -75 31 107 -45 -54 -36 126 7 71 -91 68 -99 87 26 -68 -33 11 69 26 -47 88 54 120 -110 95 -7 123 -73 73 -9 -51 -39 -57 117 -43 -97 -38 -36 -71 114 -47 -4 -102 -29 32
40 -53 -52 96 -2 42 -10 47 -11 -41 -38 122 -128 -123 -32 99 -67 80 -99 105 -113 120 -43 17 -106 102 -98 7 102 -121 93 103 -78 14 -109 -84 86 -48 81 -105 10 4 -86 82 53 19 56 -74 57 -45 -86 123 72 62 -84 55 1 -102 -28 84 118 51 91 -105
16 19 8 -32 59 -89 -58 41 36 -79 29 -48 -43 71 -31 -8 36 -45 -72 85 70 -109 102 65 -119 37 -121 -77 -80 23 60 -45 -100 106 4 -73 56 82 -26 -36 -121 -107 -100 15 -61 -104 48 101 -11 65 2 -17 126 76 -32 -20 108 25 -23 -46 47 56 -45 -24
-14 -126 -15 -52 -42 -113 94 -118 45 122 40 -5 44 28 -86 -68 -85 117 -35 -38 -58 -15 -29 7 1 -25 -24 15 -90 -69 77 -108 46 126 17 76 63 88 -93 -12 -24 -4 91 -41 36 -60 -118 85 -110 114 -73 80 8 -28 -25 -106 81 25 -53 -64 -32 81 -9 16
-13 -126 126 45 -35 112 39 40 62 63 -101 27 108 -54 -98 -122 76 116 98 -106 53 46 98 -91 16 -30 -108 -87 -39 -29 -99 126 98 -18 -74 -42 -114 86 115 -80 25 59 104 65 103 126 58 -94 113 11 -98 112 -88 7 -42 28 -79 13 41 -55 -64 -8 -13 -127
87 -39 -1 -57 122 -58 117 -39 -24 -47 34 -89 120 -99 -108 110 -116 -63 -29 -26 19 65 111 59 74 120 -24 -67 73 84 21 73 -39 -127 78 -48 -67 67 -46 -12 -31 88 -40 97 -55 7 86 -95 -10 12 90 16 -118 12 126 -67 39 -114 -74 43 66 88 68 4
-2 -118 -103 -49 -80 0 62 35 83 -64 -63 -50 -104 -8 -40 29 -106 100 -77 17 99 -31 -5 41 73 -18 -104 -20 -78 -6 -91 -111 101 -51 -100 118 101 -14 92 12 77 -69 -53 -42 -33 23 -33 -48 20 39 -108 -21 40 101 -24 -7 -13 27 23 122 84 91 -113 -4
-96 -18 126 -85 -66 99 -108 14 79 -106 119 102 59 -80 59 48 -123 -38 16 -87 -88 50 86 -73 -82 103 -29 -47 98 -31 -7 94 -72 68 113 -55 67 27 -89 -48 -42 -72 44 80 -13 0 -30 65 -49 32 68 24 118 116 -19 -1 29 -41 35 -15 -128 -90 115 50
66 41 45 -48 48 18 -19 -81 43 -64 90 -32 -6 -61 54 -15 4 46 16 90 -75 -119 122 -50 72 34 -119 76 27 -56 -92 -21 -8 -48 56 -76 81 4 9 127 -12 127 -28 78 125 -74 -49 -22 28 -44 25 91 116 92 -94 -121 95 -94 95 -91 -17 127 -30 -50
45 72 -80 -20 116 -81 -112 -61 25 84 69 25 -98 89 -76 -44 112 -60 -48 -39 87 -9 -87 -118 -94 21 -9 1 -82 -87 71 45 -52 -19 3 -58 -31 -60 67 -35 2 49 -97 75 54 92 -100 96 -20 69 -42 45 -83 106 117 127 39 117 -38 -127 -58 -42 -92 100
62 -5 85 -11 -1 -22 37 -69 90 49 125 77 -47 -66 -86 -14 -7 -14 71 -24 -50 -37 -58 -56 35 8 -47 -26 25 -73 124 -1 38 78 -47 33 49 -14 39 17 -125 98 3 92 -50 91 -37 19 -114 -123 -15 -47 -87 123 51 60 40 -9 -78 74 114 9 -106 -34
34 61 82 48 -123 61 -20 27 55 -117 56 65 54 -7 90 28 38 -59 50 -20 9 76 76 46 40 -88 85 46 64 93 23 42 -42 -79 -41 -7 35 22 -20 71 90 -60 -72 -103 -27 122 110 -87 -3 89 78 3 -15 9 -123 44 89 -54 -62 38 -101 -54 115 -12
73 43 14 -113 -72 -35 76 45 -72 65 -97 29 -119 24 -61 87 4 25 -37 90 -65 101 88 60 -26 1 64 96 -38 23 -21 50 106 -8 38 73 48 79 -111 10 -41 -97 11 -25 -122 -89 101 126 -54 102 34 -55 -68 43 -40 -48 -110 27 1 19 -18 -113 -103 -34
-123 100 14 51 32 -41 15 82 -25 82 -47 91 74 121 112 -31 -58 -56 -73 -102 -74 -45 5 34 80 -48 38 51 68 -110 -34 -9 -70 -115 -41 -27 36 86 111 9 -78 125 -53 -111 27 94 105 -32 -35 -98 -98 -52 76 68 -75 49 12 -64 -46 -44 68 -25 -74 -82
26 -10 53 -16 95 116 9 -87 -111 -46 -35 -80 28 9 88 -122 -20 56 -80 72 -93 126 -24 -65 -104 36 -38 37 -99 5 -76 -7 -49 51 74 102 11 -20 101 78 41 -47 7 76 112 51 -66 47 -99 101 -55 69 42 -95 -68 -122 117 -5 127 113 29 15 -122 115
16 -90 107 -100 -105 81 -93 -52 -68 87 -33 -100 76 -76 -23 -33 26 -6 123 -78 9 5 119 -109 125 112 7 -55 -88 -64 75 112 -53 -75 -31 -106 -63 47 47 -96 -103 116 91 -95 -81 20 -59 120 -105 -88 68 67 -74 24 -26 -14 11 30 -61 14 43 -20 116 51
-107 109 -69 72 -71 5 10 70 -86 77 -6 -43 93 -119 113 -31 45 70 -53 49 -71 88 4 4 -18 -80 95 75 121 -89 -102 21 68 55 -15 22 -16 -103 105 -97 -121 56 -50 37 123 93 -16 63 114 70 58 -98 -39 -57 -23 108 -79 -3 109 -73 71 92 86 11
-97 56 -39 101 -90 50 104 5 -81 -29 -124 22 98 -104 67 9 76 101 14 54 113 94 -30 -109 -128 -45 -61 4 23 109 21 114 -71 14 -43 -112 -117 -54 15 -81 -52 4 49 90 -4 87 -9 103 -62 -69 -121 33 -94 81 -32 7 -126 24 4 -38 30 112 -74 40
-4 -74 -77 116 -106 57 -117 84 109 67 123 41 -30 88 82 -4 -76 -24 -24 -126 -15 13 77 -101 11 120 -31 -35 32 13 -80 99 -50 127 4 -43 11 25 -44 59 73 -37 -82 88 13 -68 112 84 66 -21 109 101 117 -70 -98 36 51 29 65 -84 29 127 -77 26
2 34 -66 -21 -40 -27 -115 -118 65 -75 63 93 -25 109 -20 -48 77 -11 32 -12 -97 17 38 -3 68 -36 -38 19 68 -11 -22 125 94 -48 38 -13 96 33 116 4 50 -74 16 -34 16 -39 -10 119 16 22 25 62 -105 -40 57 29 12 33 -99 -5 14 -37 35 28
37 -4 116 -41 -102 102 28 127 -106 -6 14 -52 -100 -23 100 125 46 -103 33 7 -120 1 90 -59 15 -41 -18 -78 87 -55 -87 37 -28 -12 80 -112 -20 30 -35 13 -30 -33 -2 46 2 -16 109 -74 -116 99 50 -100 -72 -48 39 38 -96 -82 -3 -42 49 38 31 45
-124 -33 6 -81 35 -113 76 25 -18 14 73 65 125 84 -104 -49 -33 69 68 126 -110 11 -102 -89 6 -94 44 -35 60 -112 81 63 -95 69 65 104 16 -40 -105 -115 -32 -38 -23 -85 66 -4 -94 -95 -105 101 116 46 84 84 -52 -7 -92 -30 69 102 -64 0 -58 29
108 32 68 15 60 -13 -79 20 31 89 -75 -87 -54 51 -18 -80 -102 45 -50 56 -48 -8 -39 -29 96 59 -31 -79 -89 121 70 -100 -20 -70 20 30 64 -79 80 -15 107 -126 -22 114 44 -84 -65 27 90 -55 114 -88 92 84 -9 -67 -1 -89 -15 48 -50 -11 -54 -51
85 -113 100 81 26 127 -29 -19 -78 107 103 -114 -40 -48 -96 -11 -41 77 28 -127 58 -81 -121 -75 -28 -69 12 114 -92 1 -31 101 115 67 39 -92 -43 -43 121 21 -72 -111 31 82 88 -25 10 -87 -86 -76 30 -85 27 -8 103 50 -2 119 116 -125 -118 -29 62 -51
-67 -119 -73 99 115 -68 74 106 77 88 40 53 83 79 -58 -111 -55 -42 4 4 52 -7 -97 -102 -74 52 -65 22 -77 -12 -37 -91 64 -74 -45 -125 25 -30 101 -88 -104 99 52 -79 -106 21 89 122 -8 -93 -50 -112 115 120 -41 -56 -95 -30 -61 16 -103 25 40 -20
126 99 73 26 31 -67 79 76 -126 122 -90 -96 94 18 23 116 -93 -118 -5 -120 99 49 -20 -56 30 40 62 -123 30 -31 -19 117 -81 109 -21 -102 -115 105 -92 23 75 107 113 -15 -113 64 -8 -19 -46 112 -82 2 -107 -37 34 -66 -10 66 103 -14 88 55 -44 14
82 71 76 -88 -57 9 -43 78 71 -104 38 -110 27 -93 -92 -28 64 125 -85 -64 -65 42 34 120 72 -14 -121 30 100 -37 -74 -125 -47 5 112 -45 115 90 -128 60 69 -71 -104 -104 52 -19 -43 104 1 -57 -74 36 40 -25 -72 104 -66 118 82 -105 90 119 21 -108
3 127 -91 91 -49 -38 81 -96 117 -53 13 113 -7 101 14 112 -73 50 -120 26 -116 -24 -86 67 -126 52 -40 -78 -50 51 -83 69 -90 -95 -66 57 -73 -125 105 111 -128 -44 -36 90 125 7 53 49 87 105 81 -99 -60 76 5 -128 -36 -48 -23 -5 16 -104 87 4
-95 -59 -2 -125 7 -114 -53 93 16 92 -65 -76 -53 -103 91 -43 -53 125 99 -30 -19 64 125 -122 112 32 -50 -58 -114 -55 47 -127 -122 -45 80 116 -94 -121 -33 -101 -33 -121 22 -28 81 -57 -91 -46 -59 -4 0 -2 98 20 116 -72 91 -56 -97 108 45 11 -107 -85
-36 -74 -27 -101 55 50 108 -112 33 35 -78 15 21 83 47 -65 33 108 55 -123 65 58 57 -8 123 -55 -33 22 -96 -59 2 119 82 -123 109 -35 1 -72 -26 75 -84 -78 -1 95 16 83 -125 -64 65 -87 104 29 96 -42 -91 -24 -79 -86 113 108 -17 126 -70 8
-67 62 -79 -15 17 -7 -82 -100 19 54 -60 99 -38 25 -96 80 72 51 123 -84 19 101 -35 41 -124 -13 73 76 123 57 -4 63 -71 52 61 20 21 113 84 -55 4 83 9 -96 -114 84 90 80 105 53 -78 11 49 107 50 -104 -92 1 9 124 1 47 -25 65
29 -24 -68 34 80 -91 100 -63 -126 33 -61 -57 79 -4 -54 -27 55 60 -16 -65 32 68 -36 74 -90 106 120 12 -78 -108 94 8 78 -1 105 -68 12 -23 19 -77 -86 -33 -41 71 97 -69 -66 43 47 61 64 89 -90 -84 -7 100 100 -43 30 23 28 -57 -50 44
11 24 97 15 -83 92 -72 -29 65 -67 59 -98 -108 -121 -58 -42 81 -75 -56 21 -21 -108 0 1 -96 -15 -23 -125 6 -37 -114 -26 34 -44 73 26 -94 -62 -49 -38 83 -40 40 -92 79 -6 120 56 54 -66 -70 84 91 119 11 -111 114 39 -18 61 13 110 -112 -42
103 -39 80 34 -113 89 -25 -107 6 20 78 -117 78 60 74 -24 -50 94 52 72 116 70 -68 8 -9 -71 -38 127 -51 77 -4 -26 -100 -43 -67 80 -115 107 98 116 -62 15 53 -68 35 -126 44 112 123 -54 -93 -97 116 124 -18 -1 96 -103 64 -62 -1 107 -109 12
-99 33 -51 8 -8 9 78 125 83 95 -124 31 96 6 -44 -35 113 -60 -55 76 -1 7 -85 123 39 16 88 -67 -56 0 -45 43 43 119 -100 82 -8 33 37 16 42 41 -26 -101 97 -106 -96 86 -8 19 -24 -110 87 3 -42 98 41 -7 -118 -62 -28 92 127 101
-87 -4 -33 -111 33 1 51 -102 85 -81 -108 -128 18 34 94 71 67 102 34 9 -30 -70 84 -16 -41 7 -1 -73 54 39 -8 25 36 32 -121 22 -82 -93 -89 -23 116 37 15 -104 -126 8 -8 -92 4 -86 48 18 -86 56 76 22 -45 111 63 104 52 -13 66 -72
-122 62 -119 90 -74 -49 52 -80 92 81 64 110 109 33 -60 -12 32 25 106 -122 110 -128 -103 121 -17 -66 21 96 -14 -86 -50 81 -106 27 -12 94 -56 -54 106 -44 -56 -97 89 36 -78 61 -81 2 -12 -13 -118 -1 -31 -95 -103 85 114 67 -96 -56 -27 -29 108 -7
-14 109 -61 -32 74 25 57 -7 126 -58 -5 89 -54 73 -128 -88 -30 -81 -114 -69 -16 -72 -18 105 106 -10 -20 -70 -62 87 90 -74 53 125 88 31 -96 44 40 46 -44 117 -10 -66 79 -66 -34 -77 103 52 -37 -117 -39 37 -25 -126 -102 102 1 0 -74 -106 -14 -119
108 -3 -86 93 116 -36 45 -115 -13 -124 -70 -1 25 93 47 109 39 -32 107 -7 113 -31 118 -30 51 106 5 -117 -90 51 -32 -30 28 5 80 127 -126 50 -47 116 111 48 82 13 -51 2 34 104 -37 -120 -24 65 -107 -92 41 -70 123 -19 66 -38 -103 101 -102 74
-59 -85 -115 72 -95 102 118 90 89 -34 30 -91 83 -51 -68 -75 36 -23 -48 -70 -113 42 84 -38 122 3 -92 33 -126 55 -27 -46 -99 -103 44 -107 88 7 65 -75 -8 94 -60 69 -53 49 -72 -40 38 71 108 -46 50 53 87 -55 66 122 -84 -69 111 103 -11 -113
13 48 -108 -71 104 -126 -113 -18 73 30 -17 38 98 -93 -116 -22 89 -110 4 -3 -90 97 26 -93 -25 -52 47 122 -25 73 -26 56 -121 116 11 -30 -16 38 39 -62 -56 19 19 38 -45 -114 124 105 69 -83 -83 -118 14 26 96 119 -3 -6 -106 50 -89 73 -37 55
52 -96 -58 -42 -119 44 -94 40 -17 -53 17 56 -112 -115 -74 84 -21 -60 -31 -73 -42 35 12 13 105 98 -125 -50 -44 1 -14 3 -127 100 -114 -38 -69 7 -81 56 7 -63 -93 75 -94 33 -26 8 -99 -52 60 -67 -104 -36 118 -67 87 -27 62 -63 -65 91 -66 87
-32 113 -62 -41 -128 -15 -108 56 50 45 -15 83 45 -5 -107 -94 -104 -109 -42 -37 -6 29 112 -127 -90 -33 82 56 -70 -115 53 78 -64 -104 13 74 -43 113 -66 55 -105 -102 -29 -80 78 -65 16 29 47 25 0 93 45 78 -89 -71 -59 -18 -89 -69 13 -30 -53 -63
35 -127 -56 -42 73 -22 99 -117 83 -51 -4 49 -102 -48 100 -18 2 112 -50 -99 -67 114 -49 -122 4 -99 125 -121 26 -117 121 -62 -56 80 31 -45 33 118 0 78 81 -45 -34 -36 108 117 32 -2 -103 105 33 84 20 86 -11 -3 9 88 107 -56 -56 39 -54 50
72 4 88 73 62 -53 104 23 -7 22 92 54 10 -37 -6 88 -60 112 -28 -127 -90 83 -25 44 34 -113 67 -71 10 -120 7 72 -87 -54 111 40 -11 -100 -93 -33 121 37 7 -35 -109 -128 114 25 21 118 -55 -97 18 33 22 82 -75 -8 -127 -38 -98 -33 29 104
108 -103 17 56 -66 -85 -81 98 10 -53 -39 35 71 -37 -60 -25 13 -110 -1 -120 28 -25 37 -75 126 67 91 -76 41 127 18 -121 34 24 76 -127 126 17 -48 52 113 60 -83 36 9 70 -41 -101 30 -51 -128 26 51 113 -29 -61 46 -125 112 96 14 -70 19 -85
65 40 60 117 -29 96 -83 121 -7 58 -61 64 -80 92 47 114 -60 9 19 16 -98 -35 20 -108 -6 86 73 -38 -44 -120 -30 81 11 92 -14 118 18 -40 73 -108 6 -34 -85 -6 110 89 -54 37 93 -51 -68 71 78 -54 -87 -94 124 122 -101 -118 -98 43 58 -28
35 35 115 121 9 83 44 -112 94 -32 -126 -47 62 -51 -52 -112 46 -10 -113 -97 -14 -45 115 -98 -67 86 -57 43 72 72 -119 -82 53 -99 -8 33 64 87 26 -19 48 -68 -30 17 117 37 -36 -11 16 107 39 113 -50 120 64 -73 75 76 107 96 52 116 5 64
49 -96 113 31 -81 -121 69 -4 1 -56 30 -39 -47 -52 -91 94 7 77 -30 -80 80 -46 -41 9 -16 -94 -86 85 -45 17 -84 -120 13 23 -104 -51 96 17 -128 -17 96 1 -27 11 -76 -99 -85 -97 97 -21 -33 -13 -20 70 -18 -48 -23 -84 -95 -92 105 -26 99 -59
50 110 -92 -30 18 87 -25 49 -77 -122 -23 -73 87 9 -110 123 99 -44 -17 65 -93 -5 73 -34 -48 -107 96 49 4 71 -77 -46 61 -115 19 -55 13 -36 -11 -27 -78 58 -116 -90 78 50 19 -97 -115 97 -1 -116 -24 -31 -32 30 39 23 67 -1 -120 -42 69 99
33 42 -49 -94 -95 -103 -77 53 125 -66 69 86 -57 80 50 -90 -66 37 -14 23 -68 42 51 -128 78 -28 125 114 -110 82 -13 19 -66 -101 -122 -123 -111 -46 -109 5 -47 -2 -56 67 -17 62 67 40 105 118 54 -49 -90 94 37 -8 -20 25 -9 -108 56 -102 -82 -108
-12 8 -3 -128 38 -120 99 74 -38 -72 19 -30 -104 37 53 -107 60 87 25 29 -35 13 -37 -120 81 -6 -79 -16 -54 -117 -93 93 88 -104 -49 71 -121 124 111 -69 112 30 -108 85 19 -96 25 31 57 -90 -107 -53 -92 -41 43 47 -37 57 -27 38 121 -6 -30 -39
115 -49 121 119 -56 38 30 -97 -77 61 104 -66 101 13 104 18 -5 -28 -47 51 -98 75 1 -25 -16 -9 114 65 77 13 -29 -106 101 15 -110 122 123 -95 -38 92 -55 6 -107 -56 51 -78 -96 -27 31 -84 -10 123 -3 76 -1 68 -20 -8 107 84 1 60 -94 4
114 65 -116 66 66 -2 82 117 100 17 119 36 -79 24 68 -34 3 -74 -34 55 12 -57 34 26 -106 -45 120 -93 -127 28 52 -123 -17 -101 -24 -35 -96 -54 51 10 76 -66 100 10 83 21 21 41 95 15 9 -102 25 70 -107 26 57 -73 -87 -39 61 -110 110 -86
109 -127 86 -15 -113 -11 86 -96 24 -104 -27 -63 -108 -14 -116 -5 -31 11 -65 91 -24 -35 124 50 -76 41 119 -66 74 -48 101 -65 4 -9 115 124 -114 88 28 -75 -67 90 65 -99 -31 -36 2 72 -87 -22 -21 81 50 34 -70 -122 -96 119 95 -115 40 114 71 -128
117 -73 123 6 -56 -90 -8 -97 25 117 81 -77 84 -51 36 56 -86 -13 -47 -66 -127 -101 60 35 -81 74 118 98 -71 -4 -23 55 38 113 118 -34 -97 11 23 -66 -85 -41 -73 103 -45 42 -95 83 -52 26 -120 -20 -103 -31 107 -94 99 -121 85 -10 106 -19 37 43
120 -114 108 103 -92 13 -38 63 -94 -75 -117 51 -98 45 75 -113 81 -12 117 112 105 63 -42 -104 74 -63 -65 -39 -80 -70 -105 17 -2 58 -95 55 56 68 117 -99 -59 8 -18 6 10 61 -45 72 -56 -30 27 -70 -107 77 78 -61 -121 -50 -93 38 -115 -28 -97 17
62 76 127 108 56 66 112 -101 93 60 -10 33 -42 -34 -72 -73 37 70 -20 -15 -36 -72 2 117 -110 -60 93 75 14 120 -63 0 -39 -100 -18 -31 32 -40 -10 113 -88 -87 -81 63 -122 -106 55 86 -115 -61 -16 -128 29 -38 97 -104 -108 -51 -122 2 -35 -117 62 26
7 127 -102 105 107 -63 -85 126 -103 -31 -93 -117 65 86 -91 -27 122 43 -80 124 9 -13 -118 108 -85 -95 -6 -72 -107 -18 116 -91 -66 37 -59 -116 87 90 116 64 -82 40 25 -64 9 -39 -103 -23 115 40 87 51 44 121 117 -34 106 -3 -33 -30 48 -60 -10 -42
-14 85 -61 -91 -81 16 -26 -91 126 -92 -65 -76 53 -52 -67 -107 -30 126 23 57 102 -56 125 31 0 24 -23 -46 54 -60 -82 99 114 -111 18 -89 -35 87 -56 -122 -21 -1 -12 -3 -75 -32 -103 86 69 -101 64 34 -97 7 -34 -13 -62 26 52 19 22 -5 92 -120
78 -57 70 -37 22 -3 -97 -6 1 11 -43 -19 -27 102 -103 -13 -70 92 50 -80 -58 -42 125 -10 86 -38 59 -106 -34 -32 84 68 -121 18 33 -127 97 63 -57 103 -34 -3 -31 17 101 -126 -60 -126 -97 -125 50 47 99 -100 -128 -13 113 40 -80 -71 -18 95 -127 -23
89 -118 15 -103 -28 -86 -106 -22 52 -78 -75 82 4 -92 106 -95 -28 -24 -33 -35 75 109 124 -123 -70 -44 35 66 -52 -71 -108 -9 108 -16 117 99 16 -70 65 -4 79 60 98 125 76 -52 -36 83 -79 -59 -98 -51 -44 -120 35 28 0 -11 103 -128 88 1 -50 19
-75 52 116 -79 76 -69 19 24 79 32 23 70 87 -26 90 127 59 -10 25 107 10 -95 -47 -82 15 3 -31 -108 -56 0 80 53 80 -123 87 47 -66 120 -79 -44 -84 49 61 -59 125 121 -43 93 -94 5 112 69 -71 -21 -22 -13 45 75 107 -40 26 31 -100 46
-74 0 -91 62 -102 -27 -72 79 -50 103 23 -54 25 52 4 -92 -12 105 -33 -97 25 -89 -45 -40 -60 10 55 125 -39 -32 -32 -106 6 -68 21 125 -48 -64 8 22 -54 26 -113 24 22 43 4 -12 125 -52 -70 95 78 -103 69 -98 107 81 104 -42 118 53 105 48
15 102 -128 38 56 7 -17 106 -9 38 -39 94 20 -85 66 114 87 -117 52 109 19 12 -94 108 -119 114 -45 -122 -17 70 -23 -89 -99 -53 -23 -8 -70 -26 -58 73 -88 62 53 -37 20 120 -13 -29 -98 -125 33 24 41 0 103 -54 -73 -64 92 109 35 22 -69 49
111 -120 -42 -20 59 -74 102 -80 -17 -101 -36 -128 31 -27 -20 72 -108 34 70 67 124 -30 26 53 37 -82 116 25 25 -104 -35 15 15 5 33 -76 44 -97 44 -96 50 96 93 -5 -128 33 -60 -56 3 14 -105 49 82 -37 5 29 44 15 -116 -103 -26 119 6 25
-48 113 22 -61 119 -123 -36 72 120 -72 -2 -66 50 19 116 91 -105 7 55 -47 -5 -128 109 73 -95 -80 -46 -49 16 85 -108 127 -91 -67 127 121 -110 -89 121 -26 -88 -117 25 -74 -76 -113 -11 127 119 -25 -17 -90 65 99 70 37 99 92 42 -36 92 35 -73 95
-97 33 -61 -117 41 77 110 -61 -69 108 96 86 0 48 11 93 -115 57 87 -1 84 -38 -26 109 -98 -34 -13 10 -112 27 -115 15 -101 -85 94 101 38 0 18 -63 0 -127 86 -115 -33 16 -111 62 -107 -91 93 -60 -26 -3 -56 92 84 41 -97 5 -51 -40 75 -17
-59 56 76 70 -49 15 -123 -109 -124 -115 87 18 5 -108 50 -62 -14 -73 58 -45 -33 124 109 -125 76 25 64 45 -47 -32 46 -119 -25 -123 75 14 17 -68 -98 -85 2 127 65 -49 78 -63 -112 75 11 -51 -35 -1 52 -33 -124 78 -23 56 30 34 116 -93 114 -5
80 75 -92 -86 114 118 98 -23 -35 -8 -23 87 -84 117 123 97 -64 -120 97 21 -56 127 108 -24 23 -54 69 28 106 117 81 -21 -75 -127 -40 32 107 68 -123 112 -37 -79 -104 127 117 116 98 -120 80 -9 -45 -128 12 -36 58 31 -80 111 -11 -105 93 109 19 64
-20 38 32 47 40 -81 -57 87 102 -83 121 -34 77 -118 50 -108 63 0 30 -2 -76 -115 114 84 -61 10 59 123 -118 -67 1 41 85 85 -36 -45 -126 -62 -4 -112 -37 95 110 24 80 113 -20 -93 19 -60 -111 44 27 69 -112 -10 116 -42 126 -111 45 -75 74 16
74 52 110 125 -108 21 76 -5 58 -109 -96 -52 -50 -41 3 -5 63 -31 -119 -95 1 -13 -17 -6 -92 -37 103 -69 -94 -5 11 -75 111 100 -123 62 -48 -92 89 93 116 38 61 -6 -80 -60 -118 109 51 111 -41 90 80 94 26 116 -104 -102 105 -69 40 -72 -58 38
-84 -43 -119 -113 85 -64 -21 -79 89 -19 61 7 47 101 -8 -128 -38 -54 45 6 -95 -30 14 -125 -119 -84 -37 37 11 124 -8 -44 118 -37 126 -91 -21 21 -126 -79 -14 122 -76 112 15 -37 -29 -41 -127 -58 75 -7 118 110 98 108 -9 52 -89 -37 -111 39 109 59
97 34 -26 -86 -120 48 -88 44 -14 100 -106 -118 102 -98 80 -127 17 -58 -20 53 78 -74 39 -56 73 98 -3 102 105 90 -78 -41 11 -4 -123 -26 -77 13 -119 -13 78 -69 -101 20 69 -102 -127 0 -110 21 -1 7 125 115 -95 -39 -45 72 101 69 -71 -84 -41 -79
-78 -105 7 43 24 96 -76 78 42 75 112 -63 -120 -78 34 -55 -23 117 -51 92 63 114 88 14 -88 -13 -97 110 -96 56 65 126 110 -113 -24 -108 119 -84 85 89 -124 54 -90 38 -107 77 -82 84 9 6 -114 82 36 51 -83 -26 -5 56 -46 -126 85 -69 108 0
77 82 110 3 -73 74 14 127 52 65 -107 46 75 -107 -32 -57 -35 117 -90 -123 46 27 -19 -9 -35 -113 93 -49 16 -40 -10 101 -29 63 31 -76 122 -54 -52 96 1 -32 92 90 -35 35 40 -68 46 -30 -25 93 -91 24 -79 -94 113 -105 -80 -19 -82 -71 -64 42
121 84 -25 53 -18 -108 111 -90 19 -92 -65 28 31 -127 75 78 -104 64 -8 -69 -125 55 -68 -92 55 58 0 -50 -113 -46 1 30 68 -30 -12 -57 12 19 42 -70 -51 60 -105 -122 -97 -89 -3 45 -103 92 -59 49 123 -15 83 67 78 32 22 -99 123 66 80 -66
-65 37 -111 -124 -23 100 34 -5 62 88 30 -79 -94 71 -55 -64 -73 -10 107 51 -125 -79 80 -113 117 43 105 79 -10 47 -80 90 86 52 -38 38 64 21 -47 -43 -43 -3 43 -35 -113 127 -22 -26 -47 -38 80 66 -81 93 15 42 66 -76 26 -8 116 94 68 120
92 126 112 -127 -31 77 103 53 -29 -124 16 90 -13 10 83 78 75 -120 -42 74 41 28 64 -75 -68 122 50 76 -119 -82 80 -51 50 -20 -55 63 35 -53 -40 56 108 59 -40 52 -110 -32 41 -118 -105 100 -73 73 -89 98 67 -103 111 -92 -26 -119 -32 -91 -77 -89
75 -7 -7 -10 127 -19 125 -40 -6 -10 -28 -103 106 66 -52 25 -103 -108 43 74 68 -76 -9 29 -69 44 -119 74 99 -96 113 -32 -29 99 47 -47 98 -52 -97 -41 -74 43 -9 127 -47 -22 -50 -17 -107 69 -65 10 43 -56 -35 -88 76 0 68 77 -18 114 73 -16
-83 -65 67 -27 -6 3 -64 -31 41 -33 -100 77 -57 -61 -44 -46 97 -67 -47 8 -106 84 -101 120 58 -42 37 -7 -108 39 40 -62 107 44 -101 -16 -48 113 -121 26 -119 -32 114 -25 -101 125 -20 -49 81 -36 -30 18 72 -122 -48 -78 -101 -82 -85 25 -89 -34 -4 119
65 -77 -98 98 43 -86 -97 9 69 -8 -83 -66 58 -27 -15 77 -9 -86 24 99 37 -85 33 -75 98 73 95 -55 -88 51 -96 -9 -13 26 -76 35 -119 -15 92 70 -75 121 112 -31 -26 91 39 -74 16 68 27 -44 107 -97 19 -19 -85 -60 67 32 -9 115 -48 101
-106 38 45 -13 -69 31 -36 83 -46 62 -106 -92 -91 28 -54 -52 -1 91 29 18 -38 -28 -81 91 -73 -48 3 1 -118 -14 117 22 89 -53 47 -57 54 66 -55 -68 -125 78 -99 122 -51 120 -73 -52 114 97 -94 -13 -23 30 -65 117 -84 76 66 -52 -84 -51 -77 49
-61 -40 124 -87 -48 5 30 22 -35 95 16 72 11 -35 -2 83 62 85 -104 -33 116 -122 117 -43 8 -94 74 10 -25 45 89 91 62 107 43 -120 18 41 54 -39 -113 80 53 -48 61 -56 2 -103 -115 -70 -4 -121 6 32 14 91 -12 -47 -67 -61 -66 -86 79 71
-111 1 -19 -45 -49 25 19 74 -55 124 7 -22 -112 -99 8 -112 -29 -95 93 -126 -43 -69 -30 30 18 22 43 -59 68 -24 59 -100 -90 10 -83 -48 -123 53 98 -16 63 49 -48 28 68 25 -106 68 88 -98 -97 41 -3 -44 9 -20 -64 -100 35 -127 86 -99 -2 116
-80 94 -99 -90 -5 -33 115 122 67 78 -102 -73 53 -29 -26 -60 16 -91 -69 38 -84 80 -20 -53 -127 -14 -1 35 -80 31 -75 10 -98 -58 -7 -52 6 -87 5 -68 -88 117 -59 26 45 -39 -92 106 -6 -24 -29 84 -81 -123 24 -113 -117 21 25 106 -84 -124 -1 -69
-96 122 -126 8 -89 -79 101 -101 -89 84 85 72 -12 11 8 115 -30 16 58 75 -117 -35 -92 -53 -27 110 101 66 -15 -76 -41 6 35 -88 116 19 12 120 85 -14 -13 120 -41 -45 104 -13 12 83 -30 82 5 -2 -110 -106 -45 120 -127 125 -21 -57 22 51 -97 61
55 -122 -69 -99 -52 52 95 -28 27 115 53 -13 -28 40 -128 -117 82 -113 -44 34 35 -98 64 -33 -115 -55 64 55 6 -123 -67 52 -48 82 -70 22 -90 95 -6 -95 77 57 -112 83 -110 -74 84 71 -88 -88 87 106 -49 7 -84 42 -77 81 -84 -4 -30 -44 -48 72
73 -107 -31 -107 60 18 2 -75 -102 82 -125 117 -122 42 -36 3 122 117 17 -76 -41 -121 -66 -24 -45 93 -107 -72 73 13 7 -43 42 -106 -44 3 -73 44 -86 33 -103 -103 -2 41 -8 -124 112 -21 -20 -38 -110 108 -10 101 -33 -41 -102 -38 21 -49 19 11 -58 -73
-24 42 44 36 -50 -25 82 -117 -9 101 83 92 23 31 -41 94 -114 84 -87 -103 -15 112 -33 72 -115 19 64 60 125 31 -46 -8 101 43 35 38 84 105 60 -56 47 -117 -103 14 37 -88 67 118 33 -45 124 -110 7 -120 -14 -99 -31 -109 -117 -97 91 10 117 95
-101 123 -93 104 89 37 -87 21 72 116 78 -21 -33 -71 54 13 96 -54 -110 -99 -8 13 8 -79 -104 -107 48 -33 -113 31 115 119 -94 -92 -107 11 -58 33 56 -45 -97 -67 87 105 79 84 50 -7 11 -5 6 19 -37 1 -23 10 12 68 -47 3 -83 21 123 -114
125 -41 7 -86 -21 -111 30 50 -61 118 62 -38 89 120 77 -13 -122 -83 -27 114 104 2 -17 70 -1 -95 -50 -62 -93 -34 8 -102 -27 27 63 -47 -48 -49 -10 102 -97 14 -31 20 127 -87 127 79 15 31 -14 10 -48 -39 -54 20 -109 104 -53 -71 -103 -118 94 -97
61 -117 -65 99 65 75 -69 -94 -122 -19 -121 122 -75 -45 -48 8 59 89 -93 124 -63 27 -100 32 -125 -93 -25 -16 -32 -60 106 50 -14 119 -96 -64 -71 110 41 -49 -60 59 -82 62 -30 -45 16 9 -33 -80 -76 20 -126 82 -115 66 116 -93 -72 108 -101 -82 8 -4
26 29 -8 101 -73 -14 89 -68 9 -14 -47 11 125 -38 -91 -122 63 83 120 83 -89 -80 -107 20 53 -93 2 14 25 -98 -36 116 -90 37 -65 -1 22 -43 7 -51 4 -112 82 -103 -1 51 30 -87 -30 67 93 -110 79 17 61 93 88 109 98 45 119 110 74 -36
-73 -92 -83 100 -122 -28 -23 122 43 -122 -29 87 106 71 -76 36 110 32 -82 -105 -22 -116 72 16 39 107 29 -120 77 -73 -67 -32 25 -102 50 -53 -125 -40 -28 -21 -77 -44 -38 -31 17 87 -86 -91 120 -121 48 -58 104 3 118 -44 51 -10 -51 107 -98 23 29 74
-55 -11 -35 3 106 104 -102 89 55 -7 -87 65 -50 3 78 7 -81 92 -38 -57 110 -50 -112 -8 66 -24 20 107 76 -32 82 37 -29 -72 -122 78 85 -127 80 94 -111 120 16 -101 57 -4 82 -61 -27 30 -24 -35 -85 54 -126 -100 -50 -22 106 -45 86 117 -78 -6
-88 -109 -83 126 107 -79 19 41 76 -108 69 109 -83 55 63 -79 123 12 -35 -121 39 -108 34 -36 -78 54 14 2 94 4 -54 -102 122 -82 111 44 3 -108 91 -111 -125 -11 87 91 -24 104 -75 33 90 -76 25 -40 45 -10 -27 -118 31 -28 -59 112 71 65 -115 89
-68 -108 -79 -37 117 24 117 -58 24 -64 29 -19 -79 89 3 -73 103 8 126 27 -76 41 5 -7 109 -91 -42 -56 125 -103 -87 25 64 -96 -96 33 63 124 -77 22 81 -115 117 -96 47 44 74 -8 -84 94 -78 -114 -28 -44 -105 -43 -109 31 92 -59 125 -9 -57 108
-18 65 54 -43 10 99 -126 71 -95 104 109 -85 125 -88 -40 -41 -26 95 9 97 -126 -72 19 -9 41 -120 -30 -128 117 -20 65 35 75 46 -116 0 -58 54 34 -19 -48 17 -82 -9 -12 45 -88 -60 -33 75 -81 -27 115 112 -26 -61 66 28 90 125 45 -7 29 -53
-88 -9 21 114 20 105 -54 70 -118 -10 -103 4 81 124 -62 76 29 49 83 -121 -47 -80 -50 95 58 28 21 13 -22 88 -89 94 -77 -117 98 -106 127 -94 -62 88 -121 62 -62 -89 57 -26 20 22 -116 24 107 101 -15 -81 118 -88 42 -74 9 80 2 -35 104 -87
26 -90 68 11 83 -15 44 124 -22 -59 -115 31 -67 30 26 -45 -40 -15 41 -57 93 -27 16 -124 -104 -102 -54 -11 65 -39 -70 -85 -71 2 -48 -55 67 -105 41 -125 -120 93 -111 -49 34 -93 -46 1 96 -111 22 22 -124 -112 -90 -76 101 -50 6 96 73 -96 116 -54
-103 -32 -113 -105 103 -90 -102 53 -44 -95 -10 112 -127 -11 -63 -69 -103 63 -110 -114 -115 112 1 94 -89 -73 -92 -75 -83 107 -84 -51 -109 8 -11 70 105 -108 -53 97 -17 -64 -52 25 -35 -69 96 77 -54 110 -70 -41 5 -63 72 -2 -87 90 70 -119 105 -48 -86 63
-11 -4 2 -27 -1 -56 80 10 69 43 13 -122 -86 -58 -72 -68 111 84 -46 -42 -44 -126 -91 29 26 52 61 -36 44 -12 64 -105 40 -127 -28 38 -68 87 40 124 -67 -4 -64 -108 104 84 -48 -53 -41 -40 44 -41 124 119 -29 92 29 62 -61 -126 4 -100 34 79
-81 103 -118 -20 -81 -61 70 51 53 98 58 -44 47 -63 88 63 126 -104 97 21 -66 -1 -67 115 -6 19 102 43 -80 59 125 -64 32 3 120 -81 10 108 -109 78 -75 -3 -45 -100 60 -33 -19 75 -12 60 -120 31 9 61 -126 -29 -53 -42 18 -10 117 87 123 118
-57 51 41 -16 1 -15 -22 -117 -81 -105 43 -11 -95 79 -8 -68 -13 -107 116 -78 44 -80 67 -120 44 86 117 -30 -104 -44 -114 91 91 107 14 49 77 -102 57 -118 -120 -124 -75 108 -62 -14 8 107 -91 76 -23 6 27 -104 3 81 126 -67 -122 86 -35 99 -66 17
53 -55 -89 -111 94 70 0 -20 -72 81 -20 -101 -11 27 111 -57 41 -65 -46 105 126 121 46 -21 -103 -51 47 -49 73 -103 -78 -10 117 122 -114 -36 -19 -76 98 -122 90 -13 -105 -110 -72 -112 105 -4 -60 -37 0 -29 54 52 45 -77 42 31 -93 -86 -25 98 -22 -36
-22 -102 18 -116 -109 -10 127 -118 5 -17 -123 127 -115 77 -69 77 49 -29 119 79 53 -63 -98 85 68 -21 83 54 -85 -84 25 41 -103 -116 -12 -102 19 78 -85 30 -61 87 35 -33 -35 58 106 2 87 63 -126 -114 123 -7 -45 -46 50 61 24 42 33 56 -113 -67
-54 81 -1 -11 -114 -74 4 -65 -12 -86 -57 -30 -7 -81 42 91 50 62 -104 82 -77 -95 0 103 -16 -80 -119 23 79 -105 -21 87 29 -22 -58 76 3 113 -116 -119 103 -54 -124 -84 -46 -13 -74 -72 -13 83 -96 14 23 -14 -91 -31 -72 124 -17 -58 104 107 -30 -41
11 -63 40 116 95 41 19 -123 -10 -58 -52 31 10 -13 -23 -67 107 -97 -72 35 120 63 124 -117 -36 -4 126 -55 -85 -52 36 -47 -43 90 -2 35 95 114 -106 90 45 -110 25 87 90 27 45 53 65 -122 -118 11 74 88 60 -121 78 -123 -4 -69 -105 83 -50 -30
-35 76 59 79 76 -86 87 -41 57 -31 -49 -64 -110 114 -53 60 22 -29 74 36 -45 12 -7 -1 -78 -100 44 -3 -9 -15 -124 -14 102 -122 -65 73 -5 69 95 125 113 38 37 8 -111 -85 -117 -119 -16 23 31 81 -117 70 -127 50 -88 -39 -52 -108 113 -19 -87 -101
83 31 -104 39 -22 104 -33 36 -20 68 106 124 -101 95 81 75 6 76 29 -65 -74 -27 -58 -43 95 -99 -20 19 59 -119 -127 -115 -99 -116 -25 -4 104 -23 96 -51 -37 3 45 19 109 -64 -104 21 -85 32 118 -18 102 33 -71 -1 102 71 110 -78 112 28 -36 -39
86 -88 67 5 -49 112 -72 43 -88 113 -34 76 108 101 37 -94 82 -49 -53 -20 -24 92 29 23 -35 108 -26 -57 43 -83 75 61 -14 -70 42 3 81 108 2 -75 124 122 -78 -4 37 88 -104 105 87 -75 19 105 -4 -8 45 -81 -120 -25 11 22 -116 36 -43 4
31 -88 -31 -1 -94 127 -77 119 55 -85 118 109 19 -115 -85 -13 27 26 -60 -115 85 30 6 19 -82 76 -39 44 -40 -86 -126 -45 110 -41 -106 -76 -100 -108 16 -13 -114 -4 -111 -126 -83 67 -91 -82 -13 -9 47 80 115 57 80 54 -41 -64 75 54 121 65 98 -23
98 14 47 97 -63 72 -44 33 72 72 20 71 -23 -50 120 -88 34 -102 -89 57 -12 -90 93 72 -94 -73 -125 -115 3 -87 25 -103 82 -20 -82 -114 56 49 -119 -38 -86 -56 120 118 -12 3 88 9 -103 -25 22 74 -49 -118 107 -88 -113 -54 71 -2 -83 -60 111 6
-16 123 33 -118 -109 -48 -70 -24 -51 -49 -36 -127 10 66 -66 17 -23 68 -86 23 -126 30 -50 -54 28 49 -46 108 -62 104 28 -38 -105 98 54 26 -120 -127 -62 -49 26 79 -26 -31 -56 -55 59 -83 -26 57 105 70 -66 125 126 -32 52 76 9 -39 -55 18 75 -21
-26 -75 71 59 12 6 -55 -31 43 -72 -8 6 118 79 -43 -69 -6 -125 14 112 69 45 -4 -64 101 80 18 44 14 29 47 -111 7 70 113 -27 -71 -22 23 -69 78 83 -90 -118 -98 -107 -118 -94 -29 50 -118 21 22 67 -116 -109 114 -74 -98 -46 -14 -88 19 -123
112 -24 80 -22 -4 -14 -101 17 -26 41 57 -88 -126 24 -41 -73 57 -95 -33 47 -38 -37 -64 97 30 -118 103 -120 36 60 58 113 -107 66 -76 82 -58 57 -62 -89 67 108 -73 -61 -26 -8 -115 125 -35 97 18 19 -121 -23 -25 -122 41 75 56 38 12 104 30 121
108 44 -124 39 -101 -33 -20 -38 -102 -12 -128 -13 -109 -63 118 47 -50 -23 -3 -76 116 127 -85 86 -70 80 115 46 -114 -127 113 -40 -67 -48 107 -14 -30 -2 -109 -58 -105 124 33 42 6 -75 92 -118 -70 -26 68 -52 31 51 -52 8 123 28 -95 85 -10 -122 -38 -5
-73 -85 -92 18 -25 7 30 111 125 111 -74 120 14 -90 17 -3 -97 92 -75 9 -101 -97 65 -33 104 9 103 56 -89 103 -97 1 64 70 -55 -75 15 -58 28 3 -64 55 -90 -53 34 -29 106 27 -105 -57 -105 98 -60 -72 126 -88 107 -73 74 67 -71 -101 82 -127
-54 -40 -68 82 -34 -13 12 103 -93 66 -10 -128 83 -58 -60 -125 63 -45 -80 -69 -20 45 -2 61 -18 -88 -116 75 118 48 -126 -20 124 41 54 -34 -35 -58 112 40 -38 103 100 -63 -1 -73 42 100 -72 29 -52 -58 -49 1 52 47 105 -12 -105 127 -107 2 -119 -118
3 -47 -100 -50 -102 100 77 -11 -28 73 -91 121 1 -115 -124 122 -90 -52 -20 -60 6 62 27 -91 127 -119 90 -26 89 89 41 45 -62 73 -117 -39 -83 -24 -22 71 26 47 27 -101 -89 30 -100 -74 77 -92 90 -68 67 -17 22 -120 12 -76 -21 -110 -29 94 -77 28
-18 -57 -80 120 97 107 123 5 -76 37 82 -13 89 -113 -77 -69 9 85 -112 -15 125 41 42 -95 -44 -113 -44 32 15 -105 82 23 -18 68 -68 -23 -8 -59 33 58 25 -1 114 -26 -105 80 -91 -64 -72 47 -77 -98 59 81 -71 -17 -98 7 18 79 -35 19 125 -117
52 120 38 -71 23 12 -104 74 28 -15 4 -57 94 -6 -65 118 47 -34 -56 -28 -40 20 64 118 -40 45 -112 119 -47 57 112 -125 40 -43 63 -5 124 37 -62 43 -110 25 -71 -38 91 42 71 -117 -62 71 -66 121 -92 -54 8 126 57 82 106 0 -15 -118 125 53
70 117 -16 -56 120 53 -30 30 61 74 -70 71 73 84 87 21 -90 -96 -72 79 -38 69 -27 112 -68 127 -115 52 -29 -24 -92 123 51 65 107 -108 75 23 -39 43 2 35 -24 -61 6 3 -70 58 30 -90 -64 -39 -89 -56 102 -28 -115 81 -117 -96 -47 -77 -22 80
-67 -88 -126 59 53 101 11 104 -23 102 101 -5 59 82 -98 11 124 -36 89 -43 -56 29 -110 21 124 60 42 74 52 -58 -32 -94 117 38 2 28 -13 -104 -11 -59 -68 20 -128 -83 -104 -102 -16 -10 -121 -84 77 20 21 -47 -70 -104 -6 -39 72 30 -76 0 51 10
1 103 -61 80 1 -34 -30 124 -87 -6 -79 86 65 -58 -44 -1 15 123 88 25 72 28 86 21 47 65 66 -75 70 -7 72 -56 -86 -81 34 -30 102 -112 16 89 -13 -12 84 -102 -72 3 49 -91 -9 36 115 52 113 -24 -119 5 34 -86 68 -8 -22 -96 82 -120
42 94 -25 -11 92 21 19 -57 -88 -56 67 22 76 7 -68 55 48 35 115 57 59 -29 -64 64 73 65 3 90 60 -18 91 -104 -114 -45 -8 -97 -29 119 -111 -63 -47 -20 -32 -99 7 29 -4 94 -117 63 104 42 95 -48 -102 -31 64 27 22 -18 2 18 -104 45
91 -73 -12 50 -14 13 14 -3 -77 14 125 -72 -119 -122 -9 14 -16 45 -16 -24 -42 -128 -111 127 -105 -103 107 94 -16 80 119 -8 25 -125 85 5 48 -111 23 13 115 46 -71 5 26 -92 -124 10 -21 -92 127 60 12 33 -59 -35 96 -77 69 57 -35 122 125 65
124 -52 30 -19 13 -115 -26 -83 -88 -96 -36 106 97 -74 -10 34 -92 102 -23 112 64 97 115 56 79 -32 21 24 -5 -80 -1 66 -77 118 18 -104 -18 74 9 85 -71 67 119 -125 -52 -2 -112 -122 121 41 76 -32 -84 83 27 37 124 -72 -88 60 35 -86 -116 -111
15 -86 -106 -93 -1 -13 -81 56 -42 76 -86 -75 35 -127 18 -103 -97 -107 -128 17 59 -31 -18 -101 -11 -70 -2 -86 -56 -126 50 75 103 -82 -126 91 53 6 79 56 39 -118 -3 28 32 55 5 114 -8 34 104 -121 84 -28 44 -85 96 53 30 -116 74 -70 65 -92
8 -45 20 85 51 -99 -92 15 10 -97 -25 -60 124 -113 34 92 -18 32 102 106 81 90 -107 84 15 79 -63 -110 101 -123 -34 59 -107 118 -32 94 90 37 -99 53 -55 -85 -1 -43 -53 78 -78 -35 -127 -32 121 -72 103 114 55 -48 99 69 43 -20 -114 88 -1 42
21 32 65 16 81 -46 119 53 114 56 -57 -22 -22 -57 83 44 -67 68 15 22 21 72 -67 -123 84 -103 54 -58 -122 -21 -126 -46 83 11 96 -5 79 -77 -94 -51 -91 63 99 3 -82 -15 108 95 8 110 21 112 85 -58 24 -51 -32 -102 -5 90 103 123 12 86
62 -113 -107 -76 -49 3 -56 -105 43 -126 -29 8 -89 -9 126 15 126 -97 38 -75 4 67 -87 75 -63 39 -44 50 -125 97 112 -94 -117 -63 38 76 53 105 58 -52 -114 110 77 126 -22 -125 79 47 71 120 60 61 60 42 -58 -44 -72 -90 -108 117 86 -38 -21 41
-94 -72 -86 -71 117 106 -112 -75 -11 -94 -14 -57 -118 120 -54 83 -120 -6 -126 -67 50 81 -118 88 31 80 41 59 -102 -58 -9 81 10 69 52 1 58 -44 37 -96 58 -127 -35 3 -120 28 14 110 -79 9 113 -11 108 4 -103 79 50 -10 93 -19 -70 73 -25 -125
-40 -23 19 -22 -111 -36 117 111 -98 -122 112 41 7 -105 100 78 -49 -77 61 -84 24 106 79 -46 103 -30 98 106 21 -30 -107 -37 113 -44 43 -52 16 -45 -90 -3 -58 81 1 -1 49 19 26 80 53 -106 33 54 -78 13 53 47 17 47 -74 111 32 -109 -55 -110
-57 -47 32 124 54 25 -4 114 -75 33 64 -28 117 -35 -53 64 13 16 78 43 -73 51 83 91 79 -33 -26 81 -40 3 -77 -83 -17 -44 -59 -51 -81 20 18 34 -90 -108 -98 -13 34 99 -128 -2 3 -14 -23 71 18 -108 87 -16 45 47 32 -101 -21 114 -98 -74
58 -62 118 -83 -50 -57 57 72 -125 -97 -16 32 94 -24 123 -7 42 7 120 120 85 -29 61 -115 6 -67 106 0 -50 60 114 79 104 -11 86 -41 -12 116 -6 104 -67 -25 -98 -82 39 -77 99 52 29 96 45 -17 -38 -32 9 32 -37 79 78 -17 -95 29 0 15
-53 15 26 34 -3 40 77 -45 96 111 86 -118 -36 -95 -39 -72 -101 54 15 -125 91 16 35 10 19 -54 10 -93 118 -128 68 -29 -38 4 25 91 -97 -99 89 -66 74 102 23 94 -124 106 90 13 124 5 106 -105 -18 -99 72 -19 -75 -101 -113 -122 65 10 -76 -117
88 77 -9 -1 -127 17 81 -42 110 121 -44 -115 37 -13 -64 -105 -110 99 1 51 32 9 -73 47 112 -92 32 2 89 58 17 116 86 -47 59 -19 103 61 -70 75 84 55 55 16 100 70 -112 115 -38 -125 91 29 12 -57 -84 -51 82 12 59 66 119 50 -54 81
14 30 56 -99 -2 -110 -127 6 -57 -112 -16 -80 -22 56 -123 104 22 46 -17 -64 -48 45 -80 -2 -79 -53 106 108 -60 34 -100 -98 -76 125 21 30 -114 21 94 123 -80 64 126 -50 100 1 23 47 8 -107 -89 -122 33 76 85 -16 -23 106 -86 -49 -125 -25 -111 -119
37 -111 62 -83 45 33 13 17 78 33 107 103 -67 16 -13 -120 26 51 -5 75 32 89 38 35 103 -64 -90 -47 61 112 6 5 -80 -57 -14 -88 37 56 63 47 57 69 -86 107 -63 -125 122 -2 -46 28 99 18 24 -125 -77 12 -69 -122 126 75 116 -38 -116 -23
47 -113 61 -120 -33 -128 72 83 14 -76 76 -26 -105 115 -97 -7 -22 -116 103 -3 -15 43 16 -62 -29 -45 40 112 56 -17 88 7 54 119 80 1 -3 111 37 -98 -16 -25 -114 -92 -100 112 123 67 -35 91 85 116 88 -70 55 -82 60 121 109 26 -10 -30 -107 -115
-49 15 14 -59 -10 -25 -92 -125 -41 -93 -77 -86 118 -82 99 58 111 -70 -79 114 74 17 36 -98 -47 -125 96 -118 82 10 -49 -8 -44 -62 -101 51 127 94 -93 104 -29 -112 -1 -52 126 113 1 -58 -113 -71 103 56 14 89 -95 -29 51 -53 -79 -102 -54 72 106 -119
-33 19 102 108 98 97 -2 91 78 -73 -48 -28 -24 -38 103 -72 60 63 79 -98 46 114 124 94 -24 -12 -104 93 -87 -11 76 12 -112 127 -39 76 -47 -113 -26 -42 21 124 73 -113 -121 77 -7 -33 54 71 13 82 -128 59 102 43 57 -76 -32 -24 39 122 -116 -43
126 7 74 -3 20 -13 60 -79 -6 -78 121 -58 101 -8 -82 73 -107 -28 32 -40 55 -90 32 49 -5 117 -118 19 -46 118 22 -94 -51 35 74 -50 115 -65 -107 -10 126 51 17 30 27 -93 -90 81 -57 56 -15 -59 32 8 29 -85 126 -25 -43 -20 -11 -125 -39 44
14 -38 124 -9 -45 65 80 12 -39 -61 18 99 41 116 -118 45 8 107 101 -17 70 -76 -109 -67 -39 101 62 100 -46 -128 80 89 21 -68 113 -126 97 71 -69 62 4 91 -46 105 -49 112 -91 -17 -55 54 -34 -103 70 97 -47 27 -34 116 28 25 -66 39 25 -74
-92 -67 -84 -25 29 -68 86 14 -27 -67 -33 -6 -80 -14 1 112 -27 20 31 85 -121 -110 -46 125 7 -55 9 -124 -48 -53 60 65 116 -55 65 27 -23 93 88 -79 30 73 -20 -61 75 -6 108 110 -18 9 61 20 -54 121 -108 99 -81 37 -39 28 99 -15 118 83
124 -75 82 5 87 -44 77 117 -43 -38 50 8 64 -75 79 70 46 -87 84 21 10 26 -65 95 -120 46 101 -46 -86 34 -112 -4 -107 107 50 13 -74 49 46 23 43 74 -17 -37 49 113 103 -100 -70 96 -6 -72 -45 59 -106 82 114 -89 117 -126 12 -126 -125 114
83 -110 -86 -74 -87 -94 124 -32 -54 91 -5 103 40 125 27 95 -81 20 -110 21 71 -51 -107 -34 123 -106 25 -109 15 92 109 1 -56 -64 115 -54 -12 28 74 -91 -81 -127 -34 102 -96 109 49 -51 -76 -14 19 78 13 119 -18 -67 24 -75 38 85 -99 -25 115 79
-2 16 116 -43 78 -79 -109 -78 -60 71 127 67 69 -69 -59 -24 94 119 -6 73 -45 5 -128 72 -101 -115 -103 97 115 -9 -79 -98 118 -43 -14 -85 -48 123 87 49 -110 78 127 -27 114 46 23 -120 107 -122 56 83 42 -65 -73 70 56 -18 -76 -97 116 -12 48 -41
36 -89 -112 -81 66 -51 -99 -90 -115 75 23 71 76 123 75 74 47 94 18 -93 76 -44 -18 78 -103 15 20 -121 -115 114 -5 -13 -3 -43 -73 124 35 -64 -45 81 -72 127 -2 -118 122 125 41 80 -107 105 91 -51 -31 -105 -32 87 107 114 -7 -114 98 -98 97 118
-58 113 124 -68 -81 -88 126 84 -107 12 87 92 17 -32 95 -86 -4 -99 39 -127 3 -71 66 -114 31 -84 -93 76 -60 -89 110 -7 -114 102 -81 62 -16 -9 0 -56 -120 -102 -72 21 -124 -15 -41 -12 61 66 -25 5 77 -88 41 -64 -49 -68 57 -21 90 103 -15 -52
-5 112 123 -73 -108 43 -14 10 95 31 35 -31 -117 74 -106 120 48 49 65 -1 -113 92 37 -73 17 -114 -57 -23 -41 110 -110 101 44 69 62 -64 -71 -76 60 -4 108 43 -73 -57 -33 84 -17 -123 114 49 56 114 -71 121 -37 119 108 -75 10 -100 87 -65 40 -32
-2 89 21 -37 -6 -12 46 83 -45 28 -47 121 76 11 0 13 -100 50 -52 -88 18 -105 -77 98 -15 8 25 114 -9 -59 103 -59 57 -14 107 -128 55 -11 85 104 -29 -51 50 77 42 -69 72 124 -75 52 -63 -83 -101 -21 36 107 106 -50 96 44 -119 102 -95 43
-120 -49 26 56 -118 98 16 18 46 17 110 108 -67 -43 9 29 74 33 83 -103 104 55 -88 -50 41 -54 1 -78 40 -74 22 -92 15 82 51 32 -81 -12 -118 -53 37 -68 11 23 -108 -16 127 -106 65 -39 -111 -126 -22 53 -80 -65 122 65 -77 19 67 -44 13 -53
-44 -80 42 3 10 62 107 -104 -92 -128 26 -86 -90 69 -19 93 34 31 42 -40 -22 -26 -107 -90 28 -63 -36 -58 -75 17 -64 -60 -51 35 -89 107 103 -11 -114 24 19 114 -123 -89 90 -94 -106 -19 -118 10 112 -56 108 -34 -43 -111 -41 -97 69 48 -69 -6 -63 -23
-67 50 9 -127 83 29 85 78 24 9 51 -58 68 12 -104 -72 -126 -71 71 -5 -110 113 61 37 56 84 12 58 118 -124 -69 121 39 45 -90 78 -5 104 62 87 -50 -84 -82 -54 80 114 -29 -57 -90 -61 -93 103 122 43 -104 -96 104 92 34 16 -97 108 29 -119
101 121 -107 103 80 19 -33 -3 -44 -91 83 -128 67 -1 55 69 120 105 56 127 -35 94 -90 110 89 17 36 -33 7 58 53 -1 123 75 -9 -106 -77 109 -54 -47 -43 86 -113 47 -59 -34 105 -50 -107 -82 -104 -65 -69 -85 19 29 65 4 -105 -8 101 -79 51 -58
99 115 66 66 58 123 80 -2 -122 43 19 -36 101 56 -119 -45 15 50 102 105 -45 -111 48 -94 -92 -19 21 -99 -25 -83 -42 -24 -74 -53 -80 18 116 -116 10 5 -8 -30 -27 -96 -61 70 -88 29 -69 -22 34 -107 -33 58 -5 -97 7 70 -13 -69 96 55 -113 -45
-113 -50 100 57 -94 -113 -39 -92 -99 -41 -125 -58 47 -31 15 -66 -104 -62 -52 -50 107 -82 -19 106 11 -110 -92 -64 -125 -31 -27 72 -10 123 127 -30 -94 54 -110 -89 74 -81 71 -53 -97 -71 -70 113 68 89 16 -118 18 -54 -105 13 95 14 21 -42 44 -104 -32 4
64 53 -29 103 117 -92 43 10 -28 -37 -33 -44 -31 118 125 -90 74 -100 81 127 -125 -105 -56 77 35 64 -33 26 39 17 106 98 -62 -115 -41 92 -3 75 -52 10 5 28 -98 -79 12 -110 122 -79 -81 -87 -125 59 -72 -48 -20 65 70 -30 -107 -40 83 -62 -55 -70
-102 79 -64 102 -26 -119 -75 -53 -61 67 41 26 66 50 39 6 111 15 -28 -109 60 -125 75 91 124 66 107 -39 -50 76 92 48 6 -40 -38 -29 -47 -34 105 68 -18 -68 -16 101 -40 -39 -28 0 84 -40 24 14 13 -120 111 10 97 21 -56 -99 -114 -18 40 41
-23 -75 123 -55 -52 68 50 89 -1 101 11 60 112 -19 56 31 62 117 -116 -14 -25 -51 -81 57 -16 122 -91 -10 -92 -74 -108 75 -127 44 89 -26 25 13 19 -104 95 -25 99 -53 1 72 99 36 93 -124 -35 -30 126 -81 -101 -52 41 -26 -61 47 -80 114 -101 -18
86 -101 -72 12 -63 74 16 -36 -124 14 105 -106 32 109 125 52 -8 4 102 5 -91 93 77 77 30 61 67 127 -28 -58 90 89 41 16 -95 120 67 -116 -1 50 0 40 -41 -23 -6 108 -48 52 104 120 99 -76 -31 76 118 -61 32 -10 115 1 86 126 -12 -85
-62 -112 -123 11 97 -40 -104 70 50 -2 -111 -89 -23 32 40 -62 2 -32 -23 -54 -72 -86 86 77 -108 126 -74 -52 80 72 5 -2 -1 -53 -18 17 68 -124 24 38 -102 51 -39 -70 -97 -31 3 -61 48 54 77 112 -74 -57 -38 -54 -111 67 -110 -121 104 14 -44 34
-127 10 101 93 24 101 113 -107 -65 48 -91 94 16 62 3 68 -57 54 119 -73 99 -73 -25 -86 94 46 86 38 -121 -77 -4 -23 -16 -28 78 -72 24 49 68 98 98 -24 54 -42 22 -79 -92 -47 -102 -101 -36 84 -99 -82 -25 -13 112 94 -118 84 -108 -30 121 38
-66 58 -47 127 -51 -87 -84 105 -30 -5 -71 70 -128 -127 34 -71 49 117 25 92 122 9 87 -54 125 16 -21 70 92 49 -57 -73 37 -60 -103 93 -81 -85 -43 -116 104 99 11 126 105 104 -11 104 62 113 12 66 -14 -15 -103 -5 62 -26 122 14 -53 -60 -110 -97
25 -70 -111 34 76 116 33 0 -33 96 -81 90 -105 66 -22 -51 -88 27 58 62 -59 -112 68 -55 124 5 28 64 -24 29 12 81 35 -93 -20 39 -82 -100 59 -90 -13 23 -70 -79 -100 88 -70 -93 -1 -18 101 126 -98 -95 -11 31 8 55 24 117 0 -46 8 24
127 16 -101 109 90 29 -78 -32 12 67 -8 106 33 -70 32 52 100 -18 -24 -89 -118 39 127 -119 -71 -113 14 6 -114 -59 87 37 7 -119 -13 -48 7 45 113 79 -37 120 1 94 104 28 113 -116 -41 7 33 2 -69 -109 -31 13 39 2 18 84 112 7 105 -1
115 41 40 -36 86 -19 -112 -117 44 7 113 -127 -116 -78 -112 81 -54 32 118 -119 -113 -74 87 56 4 37 -4 104 -67 56 -21 -9 -97 -88 -125 16 -53 -5 64 -74 -128 -51 -39 95 -122 -92 -52 83 52 7 18 -6 94 107 -11 -42 -60 56 99 -74 93 -42 90 89
73 120 59 -89 -120 38 43 -34 88 -66 -124 85 -67 69 60 -27 -83 102 -125 -87 39 -112 64 -6 80 -122 -94 42 -121 112 -74 76 114 87 -116 77 127 50 84 78 40 -127 16 14 -86 93 -73 35 109 -128 30 124 -54 66 -112 46 100 -48 56 75 61 21 -72 25
101 116 56 -3 69 74 79 122 -97 -82 54 64 111 0 -59 -88 -54 71 -9 -47 117 -83 -109 -67 31 46 -95 -124 -84 122 -67 109 58 46 7 96 -120 -126 -19 87 -4 93 -99 -55 -61 -72 -15 -111 105 4 11 33 -84 14 -15 -58 -114 78 34 -19 35 -118 -100 -8
69 81 -17 72 -23 -3 28 33 59 -16 115 -110 -61 -82 75 63 8 72 106 114 109 -93 104 13 -80 6 -105 65 20 -32 -4 -85 -106 50 -58 105 12 -78 75 -46 46 8 -9 24 95 76 -116 -8 119 -59 53 -26 -65 -113 -117 24 -112 -64 -89 -16 73 75 77 60
104 -57 -8 -118 25 -97 73 81 41 110 -20 -10 25 122 19 -15 77 82 115 -60 -11 115 -16 75 -48 44 -19 -59 -26 -128 -43 -29 105 22 28 -123 69 101 -121 4 112 -107 13 -123 102 18 -28 -11 109 -40 34 43 93 99 94 -81 -66 60 65 69 -88 -128 35 -99
124 101 8 -101 37 97 37 41 -5 -103 73 77 35 20 78 16 -80 55 -124 126 51 24 0 117 -100 96 -2 72 73 59 -17 -80 -86 32 -125 -95 23 -59 -56 89 -108 -44 71 -2 87 -38 -53 -107 94 3 -18 34 -108 -72 52 56 105 71 -82 0 101 -21 118 27
28 76 21 -46 86 57 -60 117 -102 81 -105 -39 -127 40 -40 -67 -15 -6 78 -114 -29 -48 51 11 -91 7 81 -110 68 -67 79 -92 -113 126 113 -6 51 117 -37 -108 54 20 -76 -26 -8 5 -71 -119 51 87 -25 -43 -10 -108 -119 -44 -49 32 -69 -97 81 3 -95 -64
11 81 -25 -16 72 -13 3 12 -69 -80 -30 36 -67 30 64 -42 -39 -11 68 -97 -80 -14 -7 -59 -65 -38 70 -123 -33 12 -28 86 -21 -52 -75 80 -93 -108 -56 -62 -84 -95 113 -12 -120 110 66 -94 48 -103 22 97 -37 -78 -102 121 -86 102 -7 -88 -51 80 74 84
16 14 -122 -78 121 97 -112 -11 26 -7 -81 124 79 36 -70 -7 125 124 -90 123 104 51 60 -47 120 126 -91 -65 -34 51 31 97 -15 113 -104 -57 33 -84 121 111 -96 46 18 -45 78 -56 118 -109 -29 40 -18 19 4 -86 -49 79 -33 -46 -124 98 114 4 85 62
62 121 -102 73 -76 3 -86 -19 -25 35 -28 -91 -128 -12 67 61 -14 55 113 90 117 15 -32 73 101 -30 -117 20 -107 117 51 -82 -10 91 -47 -126 64 -28 -98 -13 32 38 39 109 120 -96 -42 70 -54 125 44 -125 -62 -95 -61 -58 -118 -122 -127 115 92 -97 -29 -23
-103 110 -34 116 -2 69 68 -111 77 -72 111 -75 -91 76 4 -124 -64 85 42 -66 39 14 -96 64 -12 -61 16 91 -13 87 23 -58 -26 -90 -25 -95 96 -38 31 -80 -19 118 81 -74 -20 101 -84 100 127 17 -7 51 37 -112 -62 -95 70 0 93 126 -106 -48 95 -127
-21 -33 -120 4 63 -21 106 -37 77 127 -8 -12 98 -21 -29 51 118 41 -78 61 -29 57 77 -94 92 -45 112 -49 -54 -39 46 -95 6 54 98 -71 -75 -84 -50 -63 66 7 118 -77 -99 -103 84 -7 -124 22 -73 47 -84 5 -8 61 0 -112 -62 60 6 106 103 75
52 122 125 -111 67 78 42 -87 110 -96 16 76 -46 29 12 4 -48 -87 -53 -116 -125 14 -59 23 -98 62 -74 -44 -8 -29 34 101 -61 -40 -101 2 -122 -59 -91 -61 -108 -76 14 92 -90 -21 127 20 39 123 44 -114 56 49 -74 76 -111 -56 94 51 9 113 -76 -14
86 13 34 55 75 86 4 -90 122 65 -9 121 -106 -74 -72 -121 78 26 61 -82 -20 49 -95 14 -45 -110 40 10 85 -81 68 -114 57 51 67 -5 44 -112 34 25 86 78 -108 -39 7 69 -70 119 92 -19 -118 34 -102 -26 -23 -91 114 -91 118 72 9 72 -37 -95
-5 66 -1 97 -21 -51 36 0 -88 -62 31 -50 73 124 47 -6 -105 -19 44 114 125 110 80 -15 -71 -67 59 -107 -80 9 -27 47 4 -118 7 5 -84 6 58 -120 -80 -89 -40 -19 103 64 -48 0 33 -111 31 70 -51 -42 -77 56 113 95 -126 -73 55 -110 4 44
-35 -16 -88 -125 -83 32 -35 -117 29 -118 10 -102 20 11 5 79 25 -71 -45 122 -67 -101 103 -65 75 -60 85 -16 82 -73 18 9 125 59 -10 72 25 27 89 13 -9 93 -6 -95 -111 -1 -108 8 30 -80 -34 109 -123 -59 8 125 -128 -99 7 -28 -68 3 -111 84
49 42 105 118 -57 118 15 72 -122 31 80 81 -26 25 7 21 -102 -33 13 -67 77 -25 -47 74 -53 32 -92 101 42 20 79 90 53 89 124 -9 122 -122 36 -38 -99 -119 52 38 -10 -1 -29 -64 112 -51 25 81 49 3 -44 113 30 53 -8 103 114 -110 -41 127
11 -53 100 -22 20 89 18 29 70 39 93 8 85 -109 1 19 -101 -62 56 125 -53 -57 28 81 -94 -80 -20 19 -68 117 -60 -71 -121 -9 -56 5 69 -41 26 -16 -117 -79 -105 -17 36 -124 79 -76 111 44 44 -39 -68 -35 46 43 -67 -21 114 -76 -89 -29 -127 37
71 -90 -47 117 13 111 -39 -51 6 -43 -49 44 72 -15 -109 -1 -44 19 83 25 89 96 20 -62 -56 -117 -43 11 49 -54 -99 -98 -51 -36 76 15 -59 -97 -53 -114 9 127 -6 9 68 20 3 44 -9 -94 -98 -73 55 -76 5 4 18 57 59 37 115 -51 -7 -67
7 -70 50 103 46 102 92 -67 -34 -30 89 -25 -25 62 -12 41 -42 70 -80 -57 -118 63 -112 -5 -101 108 36 -56 3 98 103 81 111 -89 -26 57 -43 -40 -99 48 83 62 -35 20 -108 -18 -78 65 -52 76 117 -72 -42 43 -23 -7 126 52 -90 7 -78 119 -109 124
-66 35 -49 119 115 -127 -111 72 7 -2 70 -31 81 16 116 45 111 -101 8 -96 -71 97 -81 109 113 -109 103 97 -77 -121 -35 -47 5 -9 -94 -62 -110 24 64 17 -78 61 -70 -35 117 73 41 -4 52 -119 19 -90 -121 -55 -49 -117 19 37 125 71 97 -127 -127 71
-116 -98 95 -116 104 6 91 -101 126 -104 -38 125 -67 -22 -23 24 124 16 117 -47 -75 -41 -5 35 -50 -16 -38 39 92 -72 32 108 90 -102 -105 92 98 -111 -10 118 -16 84 8 111 -10 36 -8 -28 64 -3 126 11 38 -29 -114 90 101 -112 -35 117 119 -48 15 90
64 -7 -77 -6 -79 -88 43 -72 -114 -77 -55 0 123 -104 5 -89 -34 9 31 110 121 -74 71 -58 -124 75 -65 83 118 12 -14 -119 119 -124 34 -71 84 60 127 -66 -27 -66 -2 -93 -100 -56 41 -70 64 -12 -21 -23 11 -45 -11 57 -108 39 -59 25 53 -108 64 -73
-105 -54 21 -69 63 99 92 112 -67 -128 -56 -42 -128 34 -20 44 125 73 -37 -98 -117 11 -67 -15 112 108 13 -38 58 -70 107 -83 86 94 -5 -97 -70 -35 120 -28 28 58 116 111 1 -64 109 38 58 -36 -6 89 -9 -48 10 -90 33 -104 120 -94 -15 105 -8 -1
-32 -83 110 37 -44 18 12 -62 -97 95 25 75 -40 -65 98 26 -106 -28 107 98 5 20 82 120 -75 0 4 92 -79 126 75 -108 -96 -100 24 -125 26 103 9 18 -10 -56 -87 115 93 -71 39 36 27 18 -41 -16 33 91 29 -85 80 -111 85 17 27 -46 -11 10
-21 -63 47 -4 35 20 -80 120 -117 35 101 103 52 118 -91 119 -52 17 -47 -46 82 -69 -49 -83 -74 -107 -93 116 -56 -33 -38 72 101 31 -108 -38 -60 94 -2 43 75 -56 61 -32 -30 -23 47 126 -57 19 0 13 -127 -40 47 -115 33 -62 -30 -71 45 -3 -70 -12
18 86 41 -69 85 -6 -93 -89 -26 -103 118 122 104 4 20 -117 -60 123 -104 121 -91 -97 -98 -60 96 -32 52 44 46 88 27 -56 -31 -13 49 24 123 79 -59 34 24 -60 -42 44 -82 -35 -45 -94 48 55 -27 -31 98 18 -102 16 40 -14 105 -22 24 9 64 -15
-35 -74 7 -38 -113 -106 -76 -12 63 -18 86 4 -34 -125 -72 38 97 101 -81 -126 -81 59 2 95 -109 -122 50 28 -27 -103 121 -109 -121 9 106 10 -19 -64 -110 -123 -57 14 100 -55 37 -70 -15 -13 -10 15 14 35 -40 -99 -98 30 -18 37 104 42 122 -54 -123 15
-38 108 -65 -103 -67 -23 93 55 -21 44 80 60 69 -71 122 -24 109 63 100 -122 22 74 -26 10 -16 101 121 -64 98 35 -88 -83 -97 4 49 105 111 -101 17 11 32 1 127 -3 51 -2 73 -74 -122 88 78 35 98 -72 23 -59 110 -89 -50 -46 23 62 -125 -50
-15 80 -110 32 65 71 89 69 -78 87 -3 4 -59 90 58 -58 125 -51 -96 -104 -72 -128 -25 62 83 95 -113 27 28 96 41 54 -41 -62 71 -55 -12 -18 24 19 65 -48 -49 121 -128 -124 61 -72 -118 105 -52 -127 12 -56 25 51 -61 93 -100 -115 -45 -95 -39 -67
-92 70 -16 -123 61 111 63 107 24 11 -68 107 0 18 60 22 -16 55 -102 6 56 -101 116 -79 -77 50 17 -108 13 -50 -21 40 113 -98 -2 -6 50 -59 125 -103 26 -115 -17 46 42 64 49 -93 -122 84 -73 98 -32 9 112 -83 8 -45 52 -27 -119 -127 -26 -69
-17 -104 46 92 -2 -30 52 8 13 92 6 110 60 -45 -15 -106 69 -57 -44 -76 -120 -40 3 -101 -17 -35 16 17 -93 90 -120 91 -73 -126 -17 -107 68 -46 114 -103 -84 -96 -72 -55 106 -58 -90 106 26 93 -64 -57 -42 122 84 -121 -15 -2 45 -88 -111 -99 113 36
7 -76 105 -113 -64 22 67 65 -116 27 -107 -62 14 -16 -119 21 -102 21 49 -111 -106 70 9 71 115 -20 -34 44 83 28 -20 -47 122 22 -15 -55 -116 -44 109 48 -57 9 9 -48 37 9 -4 9 73 93 -83 30 -68 57 20 94 -90 -20 112 -122 -71 103 -86 -106
-127 -28 51 -81 125 -74 6 -128 -70 12 103 -70 37 -19 97 33 38 -44 89 109 108 104 -62 -128 -30 -3 7 78 61 -108 -39 46 55 -111 84 19 -96 -13 104 70 65 4 -101 -54 -45 39 104 -6 -120 80 40 -86 -13 -1 120 -60 1 26 -73 56 34 -52 -55 -43
-123 119 -24 102 26 -73 -49 95 14 67 37 71 117 -77 104 -81 22 78 19 -1 120 94 -27 -90 47 -113 -77 -17 -116 119 -76 -32 -68 79 35 104 -15 -101 67 32 -82 -101 109 -51 -49 -4 -44 -95 -41 -124 121 46 87 -63 105 -17 89 3 -114 -108 -98 -81 96 -83
4 81 10 -22 112 36 -57 -19 68 103 -42 -91 -103 88 115 -75 47 6 79 -85 99 14 -2 -43 -53 -71 16 103 -125 -20 18 117 36 27 54 107 -85 -84 115 -49 -117 101 8 41 46 -74 -113 24 -18 -92 -113 34 119 -61 111 45 97 -5 -15 -60 -54 76 -92 25
2 25 59 -114 -43 63 -17 41 24 -6 50 -109 103 125 -26 -67 27 31 1 -12 124 -96 59 14 -45 -2 -115 -98 110 82 122 -128 27 0 59 36 34 65 20 62 45 -49 33 64 -91 -15 68 -84 21 -23 41 -40 85 101 117 -34 85 -2 -99 -125 -124 46 -51 102
-13 -4 -98 -123 -73 67 53 -87 -13 47 69 72 -121 35 65 -41 -19 -11 -18 -110 -59 -45 61 -68 127 -63 105 -18 73 7 -34 83 -128 -112 98 83 47 0 17 34 52 -23 -117 92 -124 16 34 -47 -78 98 -14 45 35 6 20 -56 -50 65 60 -74 37 -18 -103 47
93 -116 64 50 -33 -16 80 101 74 -46 71 -65 67 -57 26 5 90 -58 -115 100 -24 -98 106 -47 101 -65 -110 -15 122 -28 32 61 -58 -127 107 -125 118 122 116 31 -84 -88 117 -73 42 -5 75 -126 32 8 77 -52 32 -60 -15 33 35 26 -121 34 -26 -63 10 89
119 39 -81 -111 35 -98 74 -98 -51 109 -35 18 -50 95 58 11 111 -3 -79 115 45 -75 -79 49 -108 -93 81 80 -103 98 112 -125 100 14 44 6 -71 -7 83 -98 16 -87 19 -12 -50 126 -17 48 25 102 -91 87 -11 103 80 22 5 -26 36 60 -127 -11 70 -82
-82 -59 93 -126 87 -119 73 17 -92 101 23 45 -46 -52 -49 65 4 43 -85 87 -31 39 29 66 -66 95 -21 -31 123 59 28 13 126 -26 62 -70 -111 121 -27 117 -126 90 25 112 28 77 -85 108 4 91 -106 4 2 -93 65 98 124 50 -77 -110 118 67 114 121
35 -73 -4 -33 28 -26 93 5 -62 71 64 -117 74 35 75 -54 -47 -42 13 28 109 -17 58 -65 -115 -112 21 41 61 -17 69 46 -86 -76 7 104 -125 -6 -28 -41 -53 -30 117 10 -13 53 -53 77 -33 -97 38 60 51 -49 -37 -26 -57 93 50 -43 103 -107 126 -9
24 11 30 -81 -104 102 53 11 55 107 -114 -42 101 -108 65 -2 -17 -19 69 123 -96 76 109 103 -6 -45 85 88 100 -30 111 -97 56 65 19 42 -77 -103 -30 97 -43 -103 -119 16 118 -12 -12 47 115 90 127 112 -121 -22 70 34 42 -105 -18 -5 -81 -13 21 53
-41 -111 -90 -66 33 -57 -119 -71 51 -8 -58 27 -97 94 79 106 112 -112 10 90 -10 7 -8 53 -15 0 50 98 -37 11 104 -19 104 117 -39 101 -57 118 125 124 38 -117 5 -13 -128 -71 110 16 -66 -16 -3 122 44 -45 -127 36 10 2 -114 -107 -32 -93 73 -104
-43 -106 -112 -126 123 -108 -105 -24 108 -7 32 -76 14 105 76 75 27 -86 -36 85 -1 102 24 40 -90 -107 -105 78 45 -26 32 84 54 -73 58 43 71 41 30 -60 42 -118 73 34 -35 -20 47 108 -47 -12 -128 -68 -13 -116 -122 -11 111 -7 -85 -105 -13 47 11 -108
-88 -18 62 -75 -25 -111 46 -9 102 12 -120 -117 -53 53 -18 77 73 -93 7 3 49 -122 -19 -103 58 -63 -26 90 -1 -82 58 -80 -83 -52 -2 -89 72 -69 -23 33 19 -92 107 29 -43 9 120 85 -107 -107 76 37 -120 -52 -79 126 -44 121 70 77 47 86 -109 -61
53 -85 -85 -3 -125 31 -112 23 18 53 -85 -90 42 -78 104 91 -21 -19 65 120 0 -44 106 81 -71 -95 -120 27 13 80 -91 110 59 -95 16 -15 75 -88 57 -57 75 37 -71 9 0 -57 58 26 -26 89 -103 22 -97 107 48 -125 -61 117 50 121 8 -120 -8 101
-83 -5 -16 62 2 -30 49 18 64 -11 -85 29 124 -125 78 117 25 -128 -74 -53 2 -50 44 85 -28 72 50 -31 47 39 -1 32 117 68 -87 64 -95 -58 66 -40 29 59 56 -95 70 88 -5 9 68 30 57 107 -68 2 -83 -1 76 -79 54 -6 -117 73 -13 28
-77 -63 -86 62 83 -125 98 48 120 -91 16 -123 -128 94 126 55 -55 2 -8 -99 42 -24 52 116 124 -16 -109 104 65 11 12 4 -18 56 98 -87 73 67 -23 78 -65 104 102 93 38 123 126 49 -104 1 121 -85 24 -27 127 115 66 -78 21 -41 -87 21 18 28
97 31 45 13 70 -4 25 5 -27 -49 -107 42 -58 36 55 -39 52 -9 -71 -33 -124 75 -127 30 -47 117 30 7 1 35 -95 -114 39 6 -63 -49 7 -70 -94 126 -124 114 38 25 -118 -114 -59 23 74 114 118 -9 -78 -42 -112 121 -25 -58 -34 -83 -1 6 -92 -34
91 -118 1 -81 62 98 34 -126 -118 41 21 107 -82 11 -77 -30 -9 -115 -68 -123 -22 -120 34 -39 -60 -110 -117 58 88 -103 -116 112 51 109 -44 9 -61 126 26 48 -2 -18 103 99 -43 95 60 -5 93 -54 98 105 25 65 -105 -3 -31 89 -69 -84 -57 -67 44 -77
4 80 97 111 86 66 88 98 -80 -18 104 21 105 54 103 79 112 -48 -18 -101 25 52 72 -126 41 -82 5 106 -1 23 97 -61 -50 38 -53 -60 -116 -31 36 98 118 -3 71 119 67 -8 -22 123 57 -81 32 1 -42 9 53 -58 -35 -111 93 -122 -1 -28 -120 -46
-93 -44 29 -11 -94 67 -73 -118 63 -79 115 35 -77 55 -64 -27 61 -7 6 -111 63 -26 39 -123 -38 40 -94 -2 -29 -26 -122 59 37 79 -48 49 -71 -83 51 -18 -59 -91 49 -94 12 -21 84 3 -117 104 123 8 125 57 16 58 -74 -106 3 -108 58 11 55 6
-37 32 49 16 64 40 38 -34 -4 -32 -31 -30 43 -100 54 -16 3 -95 -105 -68 74 80 -24 89 -94 3 -121 -92 83 -117 96 99 -117 106 -41 -73 96 -72 8 -98 -90 -20 57 -120 -50 62 115 -113 -114 -116 -25 126 57 -93 -10 79 -83 119 17 49 -68 -56 -110 93
29 -116 -50 -36 10 49 104 93 117 -85 -10 73 -87 -63 3 23 86 -112 66 43 -102 83 -74 21 -14 -45 -97 -41 -6 -62 -128 -30 68 114 55 -125 17 8 120 120 104 -88 -78 18 -8 12 16 50 -94 -78 25 -85 -81 -75 64 -112 86 -66 22 -109 14 -5 50 58
-51 40 21 100 -73 4 115 -126 -24 -108 85 16 35 121 -10 -33 -32 -110 -31 20 -126 -110 -80 -104 -72 -67 -50 114 47 -70 -5 71 -57 -105 -46 -14 67 -97 -127 -110 -18 81 67 -70 109 57 8 82 49 -56 13 73 34 22 -2 98 -102 -126 -5 38 115 -40 -80 47
56 -20 -13 70 9 34 37 -65 -49 4 52 -91 -15 51 15 -119 -123 71 66 -87 -126 -34 44 108 57 71 67 -6 -71 -33 -111 -122 -61 0 18 -74 -57 -115 80 94 123 -114 27 92 -84 -74 -109 101 112 11 -64 115 -120 -47 46 28 -67 -15 -34 4 -5 30 -23 -8
109 -107 -45 -48 -53 -127 26 -116 32 -121 74 -89 -13 -102 40 -38 -116 -76 -71 -68 -37 60 82 -59 72 -95 -76 -94 79 -10 123 39 -115 60 87 -60 -123 107 -101 -90 35 -15 -127 53 127 -122 57 89 84 124 112 92 27 -21 94 -78 15 -115 34 -26 108 127 79 98
90 -42 -16 62 120 103 11 28 58 -82 101 -12 54 -1 -107 -125 -124 -120 38 117 -73 -77 11 1 6 8 27 54 57 -28 96 52 -83 -14 54 11 60 -121 101 2 90 47 28 39 -119 -13 -41 34 -64 -79 33 -12 -27 -5 66 109 -127 32 102 -24 123 53 2 20
58 -47 11 80 124 74 9 62 127 51 -73 103 80 80 -91 -31 50 -34 127 -14 -75 107 74 58 66 -2 -68 -127 97 -111 -14 76 84 37 -63 79 80 -128 91 125 -121 112 -104 14 -30 -108 121 63 6 99 -86 -12 -116 -53 92 22 105 5 63 -62 68 118 65 -45
1 -9 -55 17 -22 -7 48 -70 -70 -108 66 -104 90 55 72 -115 52 59 -88 91 92 69 -127 -75 -68 127 -58 29 -92 119 -37 75 -63 -29 96 104 -36 -88 73 -41 84 122 -2 16 117 40 -60 49 16 -66 -93 -93 -75 45 80 127 -99 -58 41 -86 75 2 94 43
47 -31 -128 -60 110 42 -79 21 -16 -11 -30 29 -38 79 75 -29 -18 60 127 -119 83 -8 -9 -43 89 28 -48 -74 71 43 53 74 -42 49 -66 -91 42 65 -49 -91 55 -92 -127 -124 32 -120 -72 13 15 -11 71 -20 42 -59 6 47 26 -25 -104 -88 122 77 -4 89
84 -74 -80 17 -62 -100 -27 60 -63 -12 -31 -54 -41 -57 48 51 33 55 73 -45 125 58 112 56 58 0 -19 -119 -77 101 -66 109 67 42 -32 116 119 -96 -125 -6 93 34 -120 9 -85 -67 -39 41 -104 45 58 -44 -86 100 -78 35 -115 -72 -111 93 -87 75 74 69
-40 59 -122 -66 40 40 -92 -100 17 57 69 22 -22 102 123 -128 -108 58 -84 -115 39 49 88 127 -111 -50 -29 -6 64 64 62 12 -62 -49 -71 -24 78 -109 61 99 43 -5 -34 -36 50 113 86 -39 -20 -87 -31 -128 108 -119 -51 5 -45 24 -120 -107 -64 32 -58 -14
14 -94 26 -78 -44 -80 -101 56 -80 101 -50 -117 -84 66 30 -107 -80 -61 93 -54 60 -111 -40 76 -45 24 10 118 -118 108 -37 -109 42 77 -23 -23 -100 15 46 115 -118 -59 61 -59 49 107 53 87 89 109 63 113 13 -46 -122 -69 118 -84 105 -41 117 -119 -110 -19
69 -101 121 83 46 -50 90 -113 82 -118 2 -78 -114 -38 55 -102 -8 -21 23 111 -96 -34 -21 94 43 23 100 -114 -84 82 -53 45 91 -61 26 4 -117 -106 -106 -84 70 -120 -55 -29 -9 39 93 51 -74 94 -13 -39 57 21 49 -4 95 110 97 -106 74 112 57 -30
56 12 -21 19 43 32 -51 111 -26 46 75 70 -100 -121 -51 119 71 54 -106 -40 -14 112 -121 -58 16 -10 29 97 -66 -96 118 -107 -35 34 -18 -98 -7 81 43 106 -115 45 103 38 -22 -4 78 98 104 61 71 -47 17 100 -45 18 -24 90 80 -74 -107 27 90 -37
123 9 53 25 -102 2 -2 8 -112 -5 -36 -7 -100 17 113 -38 53 57 56 66 -56 90 -1 102 -89 103 -56 41 -8 -21 3 96 100 30 36 -25 -7 -61 13 22 57 -66 43 -50 -28 -106 -101 3 -58 -72 -19 -10 28 69 -89 -8 -39 124 60 -124 95 99 53 -21
-114 96 49 -7 22 -113 -127 54 -66 -118 91 -46 -81 61 -26 -118 22 100 -105 -78 -117 -82 36 -18 -70 -8 1 62 -48 -90 -14 -83 55 40 -10 -18 81 -80 -93 24 106 -107 -21 -78 112 -72 17 -69 46 102 -14 89 -113 -3 -1 73 14 -45 116 -43 77 37 -96 -109
-58 111 125 32 86 4 -97 98 -88 27 -123 76 41 -45 -41 18 20 118 84 127 -15 -96 16 -104 79 -65 75 -116 -27 63 85 101 -128 -29 -15 -102 115 -1 -39 -2 -69 -4 -52 91 -62 -73 -47 45 14 -83 56 30 -36 -115 -40 -10 19 51 -119 -88 112 -53 91 71
-82 66 3 -121 -85 -68 -21 73 -67 -116 -106 -66 75 -23 23 108 -28 57 -105 22 -38 -1 -99 -45 -47 -29 -95 -100 60 26 53 11 20 -63 117 127 -81 85 92 -29 -87 -101 102 73 -105 34 13 -9 39 84 -94 103 1 46 80 -12 99 75 -101 -125 -100 -2 75 -106
118 -68 -34 127 11 -97 107 -38 -103 17 60 94 97 71 98 94 31 72 0 62 69 30 5 38 -88 97 72 -55 -7 -120 13 95 -126 -48 7 11 41 121 -32 -93 37 29 69 -54 120 -41 89 116 -76 50 116 -76 -32 17 -107 -105 73 -76 108 107 104 44 -93 -94
-23 57 -47 -82 49 -34 -15 -94 46 99 -76 10 81 12 -55 -30 54 -27 1 -7 -113 105 94 57 -7 -58 -45 84 34 41 -49 27 -44 32 72 12 84 22 -49 -123 28 2 -29 -10 41 0 -26 -98 20 27 -67 109 -121 30 90 -106 -96 -41 16 56 -47 36 35 -25
93 34 111 -42 -6 14 -43 -91 80 7 -13 56 125 -81 112 30 80 -96 7 112 -5 31 35 -112 45 -21 127 124 106 -99 76 -7 -107 53 71 -41 -15 7 -44 52 -96 -58 49 120 38 0 -110 -41 96 44 68 92 -116 68 -127 11 -2 38 -66 -96 -102 -17 115 -57
-50 -124 7 -27 86 53 83 -94 -14 -80 94 -5 49 -39 -78 118 41 4 46 -109 14 19 -32 -1 26 -25 -26 -60 117 -14 -88 16 50 6 -71 19 -1 -126 23 -1 -109 -9 -111 -29 -113 -41 -84 -25 -48 84 84 -116 -10 83 -13 65 28 91 60 -29 -23 -11 82 127
-119 -66 -5 100 -115 -30 42 39 -117 -9 -75 70 -23 17 45 111 103 -72 -16 -66 -10 -21 77 -29 101 -25 74 66 -23 -105 111 -26 -76 -77 7 37 -17 -7 -23 -116 87 124 -107 -29 47 92 -10 99 94 39 113 78 54 71 -103 99 -84 -81 -98 60 -123 -42 -54 -87
-78 111 93 43 13 -26 -94 -43 119 97 108 95 -14 82 -59 80 68 125 -98 9 102 -24 -92 -98 28 78 31 -116 -3 -116 -70 -117 -22 96 -56 -21 -108 -27 29 19 -36 -17 -15 20 -2 -92 -50 -109 108 85 -17 43 41 50 32 -46 -53 121 -86 85 -97 -119 -57 106
59 41 -31 -112 38 33 116 -89 -62 -2 -38 -83 -91 -39 -34 69 28 -126 -13 -116 -37 -128 -70 -122 -126 90 2 -128 66 -123 -25 -42 73 -104 9 -94 -61 -84 85 -39 -52 -98 72 25 -116 -94 3 49 42 -58 61 -41 71 -108 91 -41 -117 99 32 -14 14 -16 -121 42
-109 48 -3 -113 -73 -31 42 -18 77 -117 -36 74 115 46 -85 -84 -33 -36 -33 -18 90 -41 107 -38 4 66 67 -19 67 103 19 38 111 -52 109 10 94 16 -41 65 72 24 43 -33 67 -90 126 113 13 40 -64 44 7 -62 96 -20 -81 27 7 92 -5 82 -101 -31
-7 16 -100 19 -29 -125 -24 84 43 -61 94 96 109 -119 4 60 72 31 52 4 105 -2 90 38 -19 -59 -103 34 -96 14 93 -50 -47 117 -83 -84 12 -4 35 62 -93 -110 106 88 111 11 16 104 -110 -105 96 -110 101 85 -114 56 -23 109 -124 -53 62 25 -27 100
-19 94 82 -44 -50 99 77 -117 -14 -28 -99 106 51 15 99 -23 100 37 -90 99 109 37 95 110 41 -3 92 -108 105 66 61 28 94 62 123 96 14 -41 -64 -108 -47 58 -48 15 82 118 40 125 56 -53 93 110 -6 -38 -2 -81 20 34 52 84 1 9 -39 65
-11 -13 123 -24 8 90 102 94 -74 118 -122 -50 -105 -113 62 -18 94 114 -84 -44 -73 -116 -55 4 -2 -14 -7 -6 43 39 -99 74 95 63 -100 24 -5 12 75 63 110 44 127 -9 -98 120 80 114 -115 115 105 -75 -40 -27 -1 -123 6 124 68 102 74 -102 40 -27
30 -54 79 69 -33 3 -46 -33 -27 114 -20 17 99 2 80 54 72 119 -122 98 91 -72 -87 -70 -102 106 11 87 -8 68 -37 120 0 -47 -58 64 -128 48 111 -17 -98 -74 44 -59 47 -115 -9 -72 0 10 -15 -5 -10 91 -30 119 -16 16 94 106 -79 -8 50 -53
63 42 1 107 34 25 27 -79 -115 55 105 -29 51 125 -107 -36 -100 92 -123 94 -65 -51 100 73 109 -128 -3 85 15 51 -22 91 76 111 -19 -115 10 124 -77 9 -94 2 -27 76 65 -20 19 86 15 -86 48 -9 15 -108 54 126 16 -115 70 17 -57 47 -39 1
-10 34 22 26 -63 123 92 -107 26 0 -48 124 35 -26 -63 69 25 -80 -89 60 83 -55 -74 -56 -48 28 -119 -105 109 19 -1 78 78 -7 -9 -13 92 -21 57 -95 -31 -42 12 -75 23 -116 108 -128 16 12 -93 57 -25 -120 13 -67 111 -102 40 -71 14 44 -59 -27
-101 75 -6 -94 89 -117 2 -96 84 -13 -18 96 -92 -8 65 -71 115 91 112 53 127 -44 114 -48 -23 29 98 -4 84 16 -80 -73 -83 -62 92 83 -117 -90 76 -95 -79 -83 -61 70 -43 6 48 103 73 -48 93 53 -54 29 -48 -85 34 -58 -4 -41 -69 -10 -11 21
-80 -8 -105 -47 -122 52 7 -32 -36 -102 2 68 -26 108 -13 6 -99 -97 67 -92 20 -106 -102 -36 102 110 -111 -32 -13 -117 -70 -52 118 58 -69 26 -45 81 5 -108 -50 -87 -111 -26 -67 -113 28 88 42 -103 72 -57 -48 44 -105 26 -60 -68 116 96 -93 -96 -105 8
72 29 -92 -63 116 -91 55 -65 54 72 -104 -89 -126 101 50 19 127 1 91 1 92 46 -48 -122 -117 39 -14 -123 -50 120 -30 -64 -116 6 -49 68 -97 -1 60 -38 57 -114 93 36 20 113 -26 66 -78 77 -100 -33 -2 -2 -123 -106 82 109 45 -3 -95 -95 -7 30
-67 -121 37 36 -66 -116 -79 65 41 -122 -23 -108 -127 27 106 -69 -39 -111 -51 -23 123 -23 92 -92 93 99 -30 -32 -67 92 -115 8 77 6 112 35 -24 -74 126 -18 -111 -38 78 -90 -70 89 97 -92 -17 -119 -33 -64 77 -64 119 -51 -28 -16 65 107 -86 -77 -64 -83
121 30 -32 105 99 24 33 -108 123 122 126 -96 -1 -109 -111 -91 18 -7 69 6 -120 -92 11 -40 9 -34 81 121 -71 -105 54 70 -50 -44 -20 -49 122 -71 -59 -106 -114 -70 61 2 -34 31 -14 68 98 -57 37 -11 17 -95 -61 -106 8 76 40 -106 -98 75 -79 -60
-76 -3 38 -104 -57 -64 84 -27 -88 -5 93 -58 10 18 -116 -120 -75 -18 17 125 84 -83 127 -58 124 34 -116 -35 -121 10 122 122 85 -45 86 5 7 -9 -50 -103 -121 -64 -115 -44 63 33 10 109 71 106 67 -16 1 -101 -12 86 49 -22 92 80 1 -30 -118 58
36 -128 -39 -45 5 -16 89 -80 -96 104 104 -83 -58 -118 -99 -9 118 85 38 -65 16 41 22 -68 -62 115 -82 -36 -87 -76 28 18 -20 107 -97 -2 84 -1 67 -119 88 123 -83 -24 123 16 20 -108 53 120 111 -46 -55 76 -22 2 -22 -113 -62 -25 26 -70 71 85
-56 -6 -10 -67 28 -16 -83 43 -105 -97 24 -19 -13 97 -10 99 95 -123 -65 51 -69 -112 37 111 -78 54 -16 -106 80 71 -64 -41 -128 40 60 66 -107 -14 -104 46 39 -25 -75 -34 -53 -104 64 113 -89 -1 95 -99 -16 -12 -91 52 -123 -91 122 -101 80 -30 16 -67
-4 91 6 -76 25 -88 -109 -71 -90 -80 65 105 -96 34 -113 17 66 -23 111 28 54 105 31 18 -100 2 73 -101 -59 -29 77 103 31 -58 -75 46 52 73 113 -20 -56 -115 64 -48 -96 -121 10 14 66 123 79 -59 25 90 -37 127 106 20 -96 34 53 -49 -84 18
47 -74 -93 -47 51 67 100 93 -42 20 115 -67 94 81 -46 69 93 83 -3 -7 76 -113 -82 47 51 -69 80 52 -28 24 -79 -96 104 -122 105 -103 -113 113 -84 -96 -97 8 -57 102 -10 -91 115 73 -58 -95 -74 91 79 101 45 1 -27 11 101 101 -48 -18 -28 -87
60 111 -91 -66 120 -89 -22 72 -106 74 -98 89 105 -28 55 -23 -72 82 -61 -113 89 26 -5 -105 14 100 -76 -4 77 68 36 36 81 -89 -72 89 116 70 -92 -1 -124 83 -120 43 3 -30 5 47 51 -52 14 -3 78 -2 94 -98 108 81 9 104 34 -11 -72 62
105 113 10 -68 -35 49 -92 12 -119 -84 -20 2 99 16 -23 113 -93 -120 -50 -111 -128 -8 27 -92 -60 -54 54 -73 -40 -60 103 119 83 31 30 -3 -56 31 15 -47 -7 64 -19 46 -116 -36 91 -32 -32 92 37 92 66 -21 -16 -97 -118 -8 -87 -41 -11 -4 -100 46
-108 61 -119 -39 -67 -31 -76 -106 46 50 33 48 -66 20 98 -121 35 62 83 -122 -13 16 -72 46 120 -103 -1 51 -111 101 -1 7 63 46 -99 -25 66 -66 37 -88 -61 -21 92 65 -94 124 -18 72 26 74 -15 -19 102 -111 -4 -75 35 -111 102 -123 82 127 88 38
-26 -4 -29 63 67 16 94 -95 76 88 -113 114 -86 101 -61 7 55 7 70 -22 48 108 -113 -13 58 -100 -116 90 113 70 -12 22 -16 -22 6 -63 10 -19 44 13 -52 -125 -58 -76 63 -8 -70 -118 -13 33 -61 -45 -73 59 105 -58 -116 -125 -111 92 -55 -16 17 76
-59 106 56 17 -55 -123 108 46 -30 -97 92 64 -69 -76 8 -16 44 117 55 -78 72 -9 -80 -81 0 9 49 -30 9 -79 -44 -7 -77 85 -5 98 70 -97 -26 82 69 39 73 68 12 -108 35 43 -56 -15 -57 26 123 -62 -39 -38 -36 55 56 -70 -115 -55 -12 6
-55 -65 -76 47 -126 -90 -106 -35 82 80 -77 43 5 -61 -22 -4 66 100 -127 -10 -99 97 26 113 -30 9 93 -3 77 34 -123 89 -43 121 -84 -95 -114 111 -76 -117 34 -121 -18 109 -115 22 -10 86 -75 -23 32 122 -115 -96 28 5 -52 9 -52 54 84 101 -50 52
-32 62 69 -117 -95 -47 -77 16 98 -80 81 57 -59 -121 -104 91 31 -20 -62 69 126 125 68 112 1 -51 -23 121 -30 75 114 59 94 -7 -11 -2 113 -8 -86 42 76 -119 25 88 6 -37 4 -21 -50 7 -120 120 -61 -83 -4 102 -121 -127 59 89 -121 -3 -79 -68
-117 -56 -10 -44 48 102 54 125 105 121 9 -2 25 -30 -25 -126 -1 -30 -6 70 63 -11 -44 83 18 -11 64 -11 -84 -115 112 27 44 -34 -68 96 -126 85 -124 114 58 -45 -109 -61 -4 -120 -93 -115 -125 -2 82 -4 111 -12 97 96 -99 117 -48 28 36 74 -56 -120
10 103 66 22 -42 92 -108 -33 46 -38 105 -106 -117 -40 -62 22 80 69 -3 8 93 -117 -41 -64 95 36 -13 123 -47 -118 47 124 -11 -13 -44 58 -128 94 10 123 109 -95 -82 -54 -14 7 116 40 9 74 -108 -121 87 102 120 -58 26 116 -74 37 -40 61 87 40
56 84 113 -33 122 112 -20 115 -126 16 19 -5 -28 114 81 -85 -23 97 -50 2 -88 81 -3 99 -63 -121 96 -55 124 -64 16 107 84 -29 -33 -8 99 76 -95 27 41 44 -11 95 -87 64 -107 125 127 -67 -81 123 -98 74 -112 -64 -45 92 -93 -21 -25 2 -58 46
-109 -105 36 -114 87 -63 103 39 101 -11 -70 -89 70 19 -5 55 -66 79 6 -127 15 -97 29 -19 -110 32 -14 102 115 40 -95 -106 63 -89 86 -112 -61 40 23 -33 -121 -42 39 -92 73 -111 -93 -26 -57 87 90 -6 -111 60 -47 -103 -89 91 39 31 123 52 28 -33
93 99 83 87 -38 -126 83 -98 56 93 30 105 105 13 63 -66 -70 97 94 64 -36 53 75 -108 73 -105 17 93 -56 -65 -116 33 87 37 88 121 20 16 1 -102 -83 -7 -79 117 44 -17 27 -126 47 49 23 44 -15 -40 110 122 -109 -8 -14 49 -55 -92 101 0
116 -23 43 -86 -59 51 -59 -88 -119 77 -6 -116 47 93 46 -10 -108 -22 -54 27 -96 49 -4 25 12 115 -11 -89 2 -37 55 -8 -78 19 -67 -122 -117 46 37 75 125 -85 110 -98 51 40 103 -81 -40 -27 -37 -97 -107 0 -97 -122 -41 -80 -74 -109 -35 44 22 -49
-125 -120 -2 -57 -66 -61 98 -67 114 -32 -25 74 -82 9 100 -29 60 70 -31 -101 94 58 21 114 116 -67 -125 22 -112 -32 -39 -80 -42 123 62 3 72 -98 95 -35 84 -122 -105 87 18 -51 29 -25 108 108 -102 58 -127 -96 -34 64 -74 49 44 -37 28 -126 26 -32
102 -16 -30 -11 115 -57 -69 4 2 96 -15 14 -13 75 107 27 70 -99 -87 28 -59 110 -93 -46 -56 26 -36 111 119 64 -63 127 -50 -10 114 109 -89 86 108 -77 -113 -92 -25 -96 -71 89 -11 -108 -88 -101 59 -128 68 49 -94 -111 -21 99 122 7 68 -70 89 -53
29 80 28 -75 -120 36 14 -100 120 76 23 -105 -32 -67 -127 51 -4 -54 111 0 124 -97 45 -79 42 91 21 -51 91 -32 56 -72 -54 17 -11 59 -126 -125 60 90 99 -39 78 117 9 -37 91 87 -109 -83 -95 -33 111 119 -89 -31 -40 -22 -126 -71 -24 50 37 21
-83 20 57 -21 115 42 -16 117 24 -30 84 115 95 -63 -41 -6 111 41 34 -106 -71 43 46 121 -36 -119 38 1 27 109 -91 -28 67 34 65 -92 92 -87 120 60 -48 -46 -67 1 76 45 -52 -107 100 -96 -51 57 -24 -75 -110 48 -111 -24 103 -120 -46 49 -66 60
80 27 19 -8 -31 24 19 92 123 14 67 64 75 119 23 32 -17 -98 28 -80 -116 116 9 125 12 88 32 107 31 -123 64 68 2 -85 76 -17 -96 37 127 -30 -87 -49 -25 -46 -56 -70 -127 -103 12 26 -4 69 37 -1 -92 1 34 -29 -32 35 -30 -27 50 37
65 91 -120 -72 -61 -109 -26 -83 4 -111 -88 -100 22 44 91 -21 -100 3 -80 -54 -45 83 -13 -24 34 21 -127 18 -56 88 -8 -121 94 -61 -127 -37 -16 99 -72 -110 70 82 33 28 110 125 27 -103 -29 46 3 -79 -4 12 124 -73 -24 51 -74 108 -115 -81 20 15
-48 -67 59 44 1 -85 -119 79 -35 41 44 -92 74 -14 -29 88 36 -97 -48 -19 -57 -59 77 -94 69 -81 -113 -117 -54 106 -53 -125 127 -112 -87 -66 -86 -115 112 -25 -90 -123 38 58 102 -76 127 64 99 9 37 2 125 12 20 126 112 63 -86 104 74 36 8 -107
-42 37 96 -27 -35 70 -90 -128 29 -81 -69 -96 78 -63 47 -127 56 -69 18 96 -37 11 -120 -19 -62 -104 122 45 17 -25 -48 79 -53 5 35 106 57 -22 122 90 -62 -77 100 126 45 32 73 72 -53 -107 -89 -74 92 -118 -44 -118 83 48 -52 46 92 44 -121 -126
-12 93 -42 122 127 60 -119 -32 -26 34 67 -55 -124 -62 101 100 21 -91 62 68 -121 36 -57 25 -5 -103 -94 -15 109 13 3 -22 -26 64 56 57 6 111 89 81 14 -66 25 35 87 117 116 111 51 13 99 47 4 98 47 -14 29 24 -96 -106 85 -112 -53 -15
67 -35 -61 112 -73 44 -72 13 -117 -9 127 10 59 -123 -52 -115 29 97 -116 -126 -4 102 29 -43 -3 4 -78 5 52 11 -26 123 83 124 107 -25 -75 40 -41 -42 -48 -66 11 121 16 -88 -6 17 67 -19 -101 -11 88 -25 115 42 -122 55 0 113 -86 -68 -91 -92
11 -89 37 -38 -114 113 -96 15 -76 -104 -105 74 114 -46 -65 -63 -118 80 -128 100 22 120 38 10 111 127 -60 66 -10 -106 -26 -14 52 -35 -106 101 -112 36 -23 89 -12 -19 -77 -69 -38 3 82 -103 -31 -104 86 119 -29 -108 24 -12 -63 120 26 100 85 -108 72 -109
11 -71 19 -123 8 -9 -31 107 73 11 31 96 114 -59 -79 -31 -26 33 -118 -20 -45 81 -20 44 -70 62 40 -36 -124 -7 -66 24 48 -12 -114 -116 11 -128 46 -77 67 -9 -44 -71 -123 95 -59 39 -64 43 -82 115 -87 -98 112 -119 113 127 -128 -9 40 50 -55 -66
103 -78 -3 71 70 19 -68 -51 -9 16 -126 -41 -96 -51 -87 -123 60 41 93 115 -31 118 79 -91 -127 15 85 -73 -78 101 4 70 -64 -6 -22 -43 -5 2 -121 -61 104 3 -61 47 -104 -9 -32 -104 90 100 -84 14 -17 -46 2 104 73 89 97 -9 59 30 -65 65
106 -50 37 10 29 127 -92 -122 45 77 -57 56 120 125 -63 42 -28 -30 -55 -14 -102 31 53 109 -45 24 -12 -45 92 95 -12 -88 32 18 18 55 -123 -78 -92 96 -52 0 -30 53 -93 77 -98 62 -87 -71 -126 -62 -126 -17 -2 118 51 2 44 -87 124 51 -40 91
47 -85 -60 24 -23 -22 -102 -71 21 -36 -2 -53 12 -76 -12 -108 -27 -28 -56 -31 80 85 -19 -113 43 43 -33 53 70 74 38 -20 -93 110 -70 30 48 -44 -64 38 8 -17 116 -91 95 -15 57 28 -26 69 -25 -105 -61 18 114 -87 3 100 74 6 -80 -33 80 49
20 -63 -121 -6 30 -38 -102 -114 37 39 119 28 48 40 49 66 61 64 7 -120 73 112 50 46 96 -83 112 -108 79 107 104 -121 125 95 -60 81 -113 120 87 -88 11 44 -4 -85 30 53 -5 114 -52 32 -125 102 -124 -52 -33 7 84 -22 -54 -8 -22 -107 -45 -15
51 53 82 16 -95 52 -49 89 -24 -30 28 -50 60 -40 -13 121 101 46 -23 31 2 34 -37 122 -51 -120 127 44 -97 -16 -37 2 -91 -60 21 -29 65 -58 -63 -28 15 -50 -66 115 -101 -48 -97 -19 -82 21 -77 51 -9 -13 15 51 99 -79 48 12 -8 59 -109 -93
81 -113 -64 47 126 -31 6 -15 18 49 -99 -69 40 117 68 -119 70 93 97 43 -52 -81 -74 -110 46 -50 -107 54 -63 -56 -108 15 77 4 -71 -128 28 -28 54 96 -22 96 91 100 -82 91 -122 -54 -12 -77 -44 -9 93 30 -53 81 -73 -109 -75 39 76 119 -122 -92
-61 127 7 127 118 -41 104 -76 82 40 -46 40 -127 57 37 -37 -115 -71 72 11 -84 -17 43 20 77 -122 71 18 1 -97 3 -41 -70 66 64 -78 -125 -86 127 60 -42 -125 -107 -93 69 -23 -60 98 -67 19 -120 118 124 -38 11 -110 -50 -95 -85 1 -59 31 -72 -11
60 31 80 -115 62 88 -48 115 79 102 3 -76 57 91 97 107 54 111 120 -110 -41 18 28 -128 -58 47 70 35 -19 69 46 -35 27 -124 114 18 123 69 -66 -46 6 22 -52 110 -62 112 -56 60 60 70 112 2 43 68 125 95 -67 99 18 -125 115 -13 -118 -4
-94 1 -96 -75 103 60 -62 -14 78 52 -24 -74 106 -116 24 81 -93 113 84 110 -15 114 104 40 114 -62 -37 125 50 14 -56 98 57 -94 50 -7 34 105 68 -104 -19 -56 -9 -14 41 -29 94 78 -30 -122 71 112 46 123 -127 -40 100 -13 -95 108 -81 -36 93 51
-77 93 -19 64 119 123 79 15 -85 74 92 -110 -48 108 40 56 126 -34 -127 -41 -62 41 -41 34 48 75 13 77 68 -111 120 -95 -30 -85 122 -29 115 -46 11 -10 125 53 -58 65 -58 -34 123 -27 47 43 118 -21 18 124 -93 -74 -12 -76 96 -13 -99 -121 -52 30
64 -121 -49 -42 19 48 -119 20 23 25 -85 -37 82 -3 22 122 -69 -76 36 117 120 80 -123 -5 29 -39 -55 123 -112 110 49 97 -31 12 41 -80 -37 71 94 11 -87 40 -115 3 23 -127 31 56 -112 44 85 18 64 30 -77 -95 13 -39 36 -62 39 26 63 -92
-59 26 -105 -39 -124 -28 107 -35 -51 -26 -97 -127 68 -79 -22 71 -56 -62 -24 76 -111 5 81 5 -121 -80 -11 -71 -20 -52 70 -44 -107 -31 99 107 36 -6 -80 38 -53 15 -109 -23 -74 -119 98 41 -34 -38 109 -3 90 -124 -112 -38 89 116 -85 74 58 -80 -104 -27
-77 -103 25 2 -108 -73 -107 -76 -48 -59 -98 -47 -106 72 26 60 7 66 94 3 -40 -9 -21 119 -59 -111 116 89 -97 -37 110 -65 -64 -58 72 -30 23 96 97 106 -50 -82 -87 -49 8 -47 14 -56 -110 92 46 -73 -65 20 107 -15 89 -46 -93 54 68 -128 -4 -23
-43 9 55 -109 -49 -98 26 95 -114 49 -36 -60 53 79 95 -23 -44 29 56 120 -26 107 70 35 -73 70 -64 -56 -117 106 33 -102 14 80 -98 -92 5 -100 61 -95 -29 3 -35 45 -75 34 26 105 78 -61 -69 42 -47 -49 -92 -23 116 -127 -32 -18 -61 61 115 -52
87 -120 -58 -23 64 -122 -24 1 -104 24 -76 90 17 -125 76 -114 36 21 18 -118 31 -6 125 -127 66 3 -127 18 -9 12 -16 -42 122 -27 19 12 -59 -30 -29 -118 -42 -93 -5 14 -35 36 14 -94 -4 81 -56 60 -6 -110 32 -35 -110 77 104 -17 88 -106 -73 95
52 -58 1 48 -95 -59 5 94 100 45 -78 -50 -73 -101 -30 -96 21 47 46 83 -38 -115 -40 102 -22 -127 13 85 -17 -118 57 -119 25 -77 25 -104 5 -60 -113 40 -39 -63 21 -84 89 51 42 21 -96 -70 -93 24 -68 114 12 86 74 11 115 25 73 31 -4 9
68 64 86 55 -20 -103 -57 -10 -10 39 -51 -67 5 109 95 -64 109 -40 -96 -67 80 -90 -104 -36 -15 46 32 -87 -105 -104 -124 97 -45 -39 28 46 10 -91 -69 72 -98 9 -25 -71 101 35 58 20 -5 -102 -25 92 -122 -81 -72 -106 54 83 19 0 102 115 78 -2
83 113 70 -82 -70 117 -104 -84 -32 -24 -17 91 -89 51 -62 13 -62 111 -41 42 116 -20 -82 -117 67 111 97 84 54 29 58 -46 83 -95 -61 79 -26 2 -1 -106 -48 9 -127 11 127 56 -31 -72 57 -56 104 -87 -27 -56 46 31 -106 -111 -53 -108 125 70 -91 45
-14 124 97 -19 66 -124 68 -38 73 -21 125 13 -110 -46 -38 66 29 35 105 -69 76 -114 87 34 7 -50 -119 -43 111 48 116 -111 61 16 -13 2 85 6 -115 -96 -125 74 125 -21 -74 -79 -106 -25 52 -69 -68 26 102 106 -126 71 -57 -113 93 6 -46 120 4 25
-93 -75 85 -25 -67 -22 10 -82 49 114 59 22 -32 120 122 -53 -124 -33 56 83 38 33 38 30 -16 -115 -77 54 -51 108 52 100 102 97 -35 -3 -108 43 -33 100 -33 -102 -28 55 -104 -87 -113 -20 32 57 75 123 127 64 -105 -84 -46 85 58 0 -103 -60 -56 -47
100 10 -110 110 -34 -109 37 -32 -37 -105 -44 127 -101 44 -96 -29 -87 118 62 25 -6 118 19 82 35 7 40 15 21 112 0 -90 -33 -24 86 20 127 -55 -62 -58 30 127 102 -81 -30 109 110 -24 -15 60 101 -117 53 -105 -114 69 112 -110 -52 95 113 -61 -30 -3
-77 31 90 123 43 -109 66 -40 67 55 47 114 109 -58 -21 84 -6 56 59 90 0 -1 77 44 69 -45 60 -87 96 76 98 -125 -124 -3 -11 44 -91 102 -103 -17 52 80 -9 28 113 16 -40 57 -99 66 -118 75 -61 -61 1 -53 53 23 87 -13 63 -49 -26 125
29 102 -117 126 68 48 -117 70 -125 -38 -96 1 36 -112 -72 83 -99 -19 92 55 -27 35 71 -122 -90 -34 -128 10 -39 127 109 121 -96 63 -104 12 46 -82 -96 -71 45 -54 13 58 -35 108 -68 9 31 -104 -97 114 -62 25 114 -53 -81 2 -113 -114 122 -73 35 -118
-10 -71 -2 9 -14 54 118 76 -8 -56 -25 -103 15 -126 78 56 -71 25 -51 -3 87 -38 -101 117 -41 -25 103 -103 -38 86 -33 -90 -48 -90 -106 -91 59 -109 -115 22 -44 -11 -110 37 78 94 100 -4 53 23 -59 11 2 61 -15 69 116 95 83 -84 39 44 23 116
-41 106 116 116 -113 -121 82 6 96 -3 -73 -113 -52 -26 86 47 -17 -62 12 -26 33 29 -79 -57 -4 41 -52 -53 62 5 -71 115 114 40 -108 -1 -71 -22 -110 13 -36 9 -70 -85 -39 -95 3 83 71 75 0 -123 -97 -40 -5 -88 86 9 51 66 10 -10 109 -82
-110 -10 54 52 57 -28 48 32 -27 -118 119 127 -10 106 -111 -22 -100 108 -55 -3 -98 -79 -52 102 -117 -105 -109 34 -103 5 -97 -29 -74 72 12 80 -14 -78 -45 82 -28 -111 -10 82 111 36 -24 105 110 -94 -71 -66 52 -6 111 -95 -73 -93 45 30 -46 -107 111 -83
23 -51 -95 5 -125 92 -103 -45 -94 43 110 49 -20 94 -16 63 -51 -53 -97 52 39 104 -46 15 18 17 84 -56 -108 -23 -41 -48 41 -119 118 80 -99 -108 115 -114 -33 24 112 15 -67 77 71 64 99 -81 -103 46 -93 -34 98 -32 -78 67 -121 -50 98 -47 -112 -101
-81 34 -35 -72 26 -39 -33 86 -32 -47 -119 -5 -97 -24 -127 -39 17 -124 84 -110 21 -28 -113 103 -127 -46 -44 -40 67 89 -41 14 113 3 -45 -114 -77 -121 -99 -42 -63 -17 34 25 87 21 -96 -19 -25 78 -19 50 127 73 -107 -97 -61 -34 -21 -26 -73 112 -31 36
123 86 92 -51 58 -70 -13 110 -111 56 -91 119 -49 91 -10 -79 -19 111 -77 106 -118 83 74 -113 51 -12 -52 101 115 113 106 72 55 -92 -95 116 22 44 29 12 -37 -110 -111 115 -13 75 20 -47 97 -16 -109 45 -56 33 3 121 -58 125 89 -124 4 -42 -72 -24
34 103 96 124 -60 -21 121 60 11 85 -73 126 112 53 90 -11 -18 -117 -41 15 -56 4 112 18 59 -23 -42 -3 3 11 51 24 -76 -75 -42 60 30 -87 -112 67 25 -110 -58 123 9 101 -1 -17 -20 -69 28 -41 -84 118 -27 113 49 -18 8 75 -113 87 61 30
48 39 80 -63 53 -22 87 15 84 90 -89 -64 3 3 101 -58 113 -6 17 40 10 -123 50 -66 28 -52 13 -20 -113 3 12 -118 -95 -76 -101 -33 84 114 -109 0 104 107 26 108 -80 -98 84 -15 2 -75 -25 -88 3 59 -58 -98 -51 -12 120 -6 -102 107 -92 58
-15 86 114 -114 -95 -67 117 92 8 83 -51 -86 -87 -116 -58 -20 -19 -85 52 -78 2 52 63 -40 89 -58 28 6 91 -90 78 30 114 -23 78 -80 -98 43 -102 -99 -58 -60 -30 -53 -66 -69 -123 -46 -98 119 36 -90 7 -95 -106 35 83 -120 9 -76 55 34 -125 102
-29 77 120 -61 26 -95 64 14 -104 -110 -86 2 -1 108 48 7 50 88 -19 -105 87 -29 -126 37 68 -126 36 -127 -19 52 -113 -24 112 27 -103 -108 -2 -44 51 15 123 -87 -63 33 -94 -98 73 0 67 98 -80 95 -60 -102 91 -112 105 31 80 118 78 -55 -126 26
-98 124 -57 -72 90 -88 31 39 89 27 23 -77 -24 -31 -65 59 76 -117 -99 94 79 -40 -57 44 113 20 112 -88 70 -56 -9 106 1 7 73 -77 -42 107 22 34 -26 125 -68 -56 -85 -44 122 -64 94 -45 -97 -47 14 126 -83 -38 39 1 61 47 -41 -62 -15 68
-85 -107 -101 -49 96 98 -40 -38 -60 93 90 47 12 117 55 -66 -47 -23 50 -121 42 -7 29 -107 -62 85 -111 2 -21 -93 -97 28 52 42 -22 -127 5 -18 63 125 -90 -83 -113 81 118 115 -94 75 -101 -127 -5 48 85 -115 122 25 -68 51 3 84 -4 14 -36 86
123 29 107 103 -45 22 67 20 17 -12 2 -73 5 -83 52 -48 72 75 26 -82 114 55 -31 8 50 -53 -61 19 -110 93 53 4 -107 -33 -11 -107 -64 35 115 -75 80 51 91 108 -58 22 -91 -64 -31 50 67 15 -57 102 6 86 -75 -38 -48 97 97 -43 -39 -83
95 39 114 72 18 -46 78 -115 -56 49 -74 -80 11 -19 80 101 30 -33 101 108 100 53 89 -116 -106 -44 -45 1 -109 75 -10 74 61 -103 -7 -80 -47 96 78 92 79 -60 -61 -27 -64 108 53 78 77 45 -29 18 -12 36 -123 -92 -122 104 -44 -127 1 66 -79 -75
-71 -102 -79 -124 -58 -60 6 -76 107 -50 -44 91 70 80 -78 -86 -101 -111 -42 -116 7 -4 -25 -3 6 -39 61 5 11 19 51 99 39 45 -111 -3 -14 -65 64 -105 -108 -46 -10 -21 -51 95 73 17 73 -34 93 -26 -92 121 -36 109 -26 -85 82 -127 -84 69 127 42
-8 -5 -66 -93 49 -123 69 -48 121 56 -96 -106 34 121 -93 90 -69 75 -25 -51 -27 65 51 -115 -66 113 102 -74 -120 -122 -114 -54 112 82 64 -124 -26 111 2 -106 -118 -44 99 20 -118 63 -89 66 0 -101 -120 -109 70 -109 64 23 -75 88 -94 -115 -75 -30 118 -1
36 -52 -69 104 -104 49 -14 -63 115 92 41 -81 -42 -58 42 38 -125 84 -71 -102 -61 60 -95 -35 102 -116 -12 111 114 120 -80 -100 98 -62 -116 -28 75 -18 82 122 38 44 48 121 102 -61 104 55 45 -114 126 -39 -40 -12 81 -17 -39 -122 104 3 98 2 67 23
-110 -91 -111 -85 47 -87 -87 -38 85 -27 -28 24 7 87 -123 3 112 -14 -75 -44 -58 69 115 76 2 -76 -120 -14 -95 -109 -118 19 83 -118 73 -16 -37 6 75 26 23 -91 -78 114 -26 -66 93 -45 -34 -57 -71 -36 35 115 31 -32 -109 120 -45 -2 25 -49 -37 27
102 120 36 39 113 -105 45 83 -75 12 -11 104 43 126 -113 -62 -31 -112 123 -74 -7 -81 117 -8 83 -60 -17 -102 29 -126 67 107 -94 23 47 13 -16 25 105 2 -52 87 56 -99 -8 56 36 67 28 64 104 50 42 -28 -3 26 72 60 -82 -54 -1 -98 34 -118
12 103 -9 106 77 -49 -96 87 44 64 -63 95 15 -84 -24 70 48 -50 -42 120 82 4 -127 101 -23 49 5 80 -18 64 -40 43 86 -14 38 96 -12 51 96 -25 -20 49 -8 -95 -3 -52 73 53 -90 -44 22 110 59 -88 -100 54 -38 48 -33 64 -24 -3 -98 -10
-25 -81 -108 -96 -109 87 -77 73 73 -10 67 -58 -68 81 14 -93 75 31 -73 -122 -34 109 7 94 -103 41 34 58 -77 -33 91 -20 -122 -122 -93 110 -108 96 32 -81 -11 73 -50 94 45 -100 78 53 104 6 112 94 -38 16 -74 -91 38 -26 -111 -42 -54 -68 25 60
-2 7 108 -52 20 73 -50 122 -103 -51 -41 25 -71 -40 -11 -80 -81 104 -24 -40 -49 126 124 -85 23 101 16 57 -31 -41 -36 -69 -7 -97 -120 127 -36 -66 -51 25 48 -32 9 -59 -10 124 41 48 -26 -111 104 38 80 20 -45 85 44 -80 -28 78 108 -76 -21 48
-75 35 -108 -35 43 80 -114 10 -31 -84 22 -11 62 19 69 2 97 31 35 -22 118 -28 60 27 -101 91 37 107 90 -82 72 4 10 -25 -41 -7 116 -114 5 -101 76 119 -63 59 -60 -121 -23 -11 -107 118 -121 105 101 -8 5 46 95 67 -116 -55 33 14 -107 -6
-108 37 -3 70 71 -10 -93 78 -85 27 98 12 28 112 -18 -29 47 102 35 -41 -69 37 95 0 60 -52 46 -128 4 -45 18 102 -29 116 -86 -98 -7 126 -96 -61 -97 -96 32 -91 -51 -108 -63 7 106 86 -27 -98 -123 81 -72 -57 116 -78 0 -47 26 127 67 100
87 13 17 -91 -111 47 -106 -103 -33 58 -10 -8 109 25 77 73 91 -75 -42 -125 -1 51 -42 -99 -47 127 65 38 45 28 -127 -125 1 47 29 -84 103 -65 -41 19 -23 46 58 23 117 36 85 -30 -120 -35 56 81 23 2 -14 -49 86 37 -43 13 39 89 -97 52
-93 -121 -98 50 15 105 63 51 102 112 -9 -71 59 21 66 9 41 66 55 -82 -112 -100 10 -57 -38 -110 27 44 -39 88 -93 -38 77 74 -91 -69 123 -6 6 -40 95 -94 62 -106 -53 -56 55 76 55 -60 -29 74 -33 -109 -11 2 107 -22 -105 80 65 -98 -25 -112
-62 -4 1 -20 -92 -88 70 25 -80 29 -118 -106 -93 -16 59 88 49 92 99 8 126 20 -119 -60 24 73 49 -8 127 121 -23 -14 68 -95 67 85 17 113 -73 45 -101 -93 102 -2 -118 9 100 9 -48 -126 61 54 121 -39 -2 -96 -38 -110 -9 -106 -59 125 -67 113
16 -108 -112 -4 112 24 71 1 -36 14 20 -82 -29 -99 11 75 -11 126 96 -121 16 -120 82 77 -58 -74 -4 -31 61 102 -58 -24 -16 -90 -97 -97 -73 20 109 -91 31 -42 -3 28 47 77 42 55 108 -67 108 -62 48 -41 -78 8 -59 -64 -118 -32 71 -90 6 -99
-116 -99 90 46 -40 -6 22 -93 -89 -74 -63 -123 -100 46 97 -107 76 -39 -25 104 -39 -5 -44 -10 -25 99 40 -78 42 82 56 -54 74 -20 33 -5 25 -102 37 126 -53 -41 -31 31 15 48 -54 -10 83 -28 -56 73 11 43 2 64 -119 47 12 96 102 -13 89 -35
90 3 39 62 -104 -86 -41 -34 -41 70 53 70 -58 109 6 -72 56 -12 -8 -77 -81 122 -72 118 -23 36 -39 -17 111 74 37 60 -90 31 82 -122 113 98 -1 23 36 56 61 122 86 53 10 58 74 -3 -65 -40 114 64 2 -116 -11 8 -125 -121 -51 -93 -116 31
-36 -24 10 102 -55 -81 17 112 -110 41 124 75 -93 -121 -106 -5 -94 -65 40 45 123 -105 -58 42 96 -73 86 -94 78 63 119 -11 -35 -91 -9 92 29 43 109 81 94 22 -50 120 -100 87 80 -113 -90 -53 102 -79 -70 -118 -111 -54 81 47 -12 -75 -91 98 34 73
125 72 -19 109 8 -58 -27 -44 -86 -17 -89 88 109 47 86 17 124 -1 4 -40 -119 57 -90 25 -81 -57 -92 -65 -30 59 104 56 53 6 124 22 42 43 39 10 -70 117 40 -85 4 -20 -83 114 -56 73 79 -34 104 -79 20 115 68 -61 -105 -112 -48 -118 -86 72
-105 -85 -79 -7 -110 -57 23 -118 -5 -27 -57 -123 84 -13 95 -117 41 -80 30 -72 55 36 121 67 77 -15 28 76 86 -64 -70 -73 -100 -68 6 71 72 79 118 68 -2 122 31 76 -18 118 99 63 -14 42 -41 18 -8 60 123 -88 29 -19 -35 10 100 -62 48 63
64 72 34 -63 44 -84 -110 -108 -68 -67 -62 99 74 115 -73 -3 46 92 9 56 -87 95 -97 73 97 88 92 -11 115 -41 -7 -104 -7 -121 -52 -15 119 107 -25 -76 2 43 0 77 -110 15 23 50 -126 117 -58 -49 -43 -100 -96 80 -120 -71 -55 -76 83 102 118 97
-103 -59 -47 -108 -43 72 120 -73 -38 39 -9 87 -113 -96 8 71 81 -69 -16 -2 99 111 57 76 81 -61 110 -106 120 10 -47 -60 -74 10 -60 -60 -110 106 -84 31 102 123 -82 103 -101 -16 54 -68 56 28 -74 16 -111 12 -45 24 -95 -86 -19 -13 -74 -60 83 -96
-49 87 -59 -123 -103 -19 51 73 31 -96 -8 104 -61 -38 72 -38 -76 -112 -71 89 -74 87 -112 115 79 24 76 -115 -51 99 48 110 87 113 92 -101 -56 -90 -75 63 -95 -25 23 -105 26 96 89 -90 -8 78 -103 -127 42 70 46 -102 -1 -19 -3 -45 -21 -88 -33 25
26 104 -79 -2 -42 -85 100 19 -127 -22 90 -40 -128 -11 76 58 -30 88 -84 91 52 -112 -73 -51 -43 123 84 -19 -61 5 -12 70 49 -20 -53 -45 112 126 45 -3 -53 -58 -107 119 -56 -58 -72 -5 -28 14 -40 30 -110 -122 -100 -23 -11 111 31 -64 -47 -41 -5 -86
-15 68 46 42 72 -100 2 57 108 -18 -37 48 -103 -50 -101 -5 -116 126 -54 61 -18 -104 58 -52 -70 -78 -5 -46 39 5 -89 18 111 -100 -69 -103 -70 96 86 6 -79 -105 28 23 -126 38 -76 -91 17 45 87 22 91 113 112 33 -35 -70 21 57 -12 -93 31 81
-61 -56 -87 -70 -69 61 -111 -73 56 11 -102 53 -121 -72 12 65 -107 119 -84 28 -35 106 121 121 86 39 5 86 71 59 120 37 -74 -62 -11 -20 30 -30 -110 -94 66 -15 -64 79 -101 0 -121 0 53 -64 -80 114 -90 41 -107 -50 -19 29 42 59 -114 81 -62 100
-62 61 -75 -39 -124 -15 125 -44 37 -113 38 -49 -122 -75 -29 28 42 -44 76 -107 -22 -116 27 -75 -61 -62 -62 -86 -71 9 14 -79 -38 115 -38 -46 50 -37 -74 -19 -44 -65 -101 -49 -86 -34 22 14 10 -42 -20 10 -41 19 104 58 61 8 -101 -13 8 5 -67 -61
56 -15 -40 54 -60 58 28 -54 -119 2 -78 115 94 54 120 3 -32 15 47 -5 79 52 127 -45 -57 -122 -107 -26 -121 -41 79 105 117 55 -77 -105 45 88 -9 25 -7 -72 -55 -123 8 -94 78 -38 38 64 -95 -36 6 18 -82 76 58 -92 -6 1 -105 -121 -8 -110
-94 -75 61 -118 -49 -86 -108 97 -1 -33 94 61 119 97 60 -81 -13 41 -18 77 -106 -8 -105 17 -28 98 39 55 85 -10 65 116 -101 -111 -85 -75 -114 44 -110 -44 -60 69 0 18 91 70 100 -54 -120 -63 -99 64 30 -70 -13 100 -10 -125 -55 -32 -111 -24 -117 7
-4 -48 102 48 -85 -116 -7 -20 -65 74 29 -124 -16 21 83 -24 -77 -33 42 -65 -21 21 -32 -70 19 117 13 -115 -97 24 -38 10 123 70 -84 -125 -30 -62 91 65 29 59 21 97 48 105 79 28 79 -103 -92 -92 113 73 -23 17 101 38 21 -34 -31 16 112 78
-73 -65 -66 -24 -85 101 79 123 116 93 -65 -85 -113 4 115 92 -91 -40 43 -86 -38 -75 -125 11 45 -18 -35 46 115 34 126 -53 -29 70 115 -128 -124 -80 -18 -10 -54 115 -97 49 112 -125 27 59 73 50 112 -39 -100 72 -5 20 103 -96 106 29 28 123 -51 -73
-120 6 37 80 -61 96 81 80 3 74 55 74 -105 6 34 -60 -30 -115 19 64 62 -40 26 -104 9 -21 -5 90 -126 -110 56 -32 62 109 -5 -42 -27 -95 -37 105 -9 29 -116 -57 99 -51 51 15 43 47 17 50 -78 94 -101 -54 91 -52 15 -45 54 41 101 -44
124 -128 -99 24 47 -6 92 56 19 -75 37 10 12 -60 117 -25 12 55 -32 50 -102 -53 101 -117 -110 73 0 -126 -118 50 -106 -121 -75 -69 92 79 34 113 32 -95 33 -47 -48 -116 -58 42 42 4 66 111 94 90 -40 41 -82 62 12 89 34 115 -55 80 69 -49
91 39 -61 105 10 -17 43 96 59 27 -54 -47 25 -96 -25 -38 54 46 89 -37 -72 -116 -112 -64 -81 -2 68 -92 -124 13 -34 36 15 -109 61 -52 -71 119 -55 -76 29 -22 -58 5 36 -80 -83 59 -98 -53 79 -92 -86 41 -94 81 -69 86 91 -50 124 69 38 -88
32 36 46 1 -117 -75 -42 -20 -113 -19 101 23 28 -71 -67 23 -90 78 112 -23 -105 124 -29 -15 35 -59 30 124 -20 -103 46 45 76 55 -17 -110 -113 -59 -59 -4 87 -100 21 68 110 -54 -108 -16 65 27 114 -81 14 78 26 -117 8 -75 49 46 -95 -88 120 117
-57 76 102 113 -110 -120 108 96 -108 -107 -110 -47 63 22 16 -80 105 -98 -114 67 122 -15 55 26 -72 48 24 -99 -101 -109 87 124 64 -7 45 108 37 -125 -53 -11 -28 -109 -116 -29 -6 84 9 26 -123 -103 -21 -49 40 -9 13 -51 -100 3 -19 58 -91 115 22 -110
-60 110 16 -118 -20 -74 77 -117 -117 34 -97 -57 126 -109 5 -98 -85 -46 112 -100 80 -128 11 -109 77 -109 -99 64 -77 100 -85 -63 121 103 121 108 -26 -101 123 79 60 2 31 -57 99 -72 -99 81 -69 -98 70 -43 -64 -92 -59 83 -83 61 -110 33 31 45 -56 -2
96 121 77 -106 -2 51 18 119 52 41 20 -117 40 -24 12 -12 110 -76 88 -88 30 -106 -100 104 -113 -51 92 -12 48 120 -127 75 9 -71 -26 78 -39 49 -77 -15 50 98 -19 -88 74 85 -95 -101 83 -99 -95 103 124 -98 97 -15 25 99 16 10 -108 -3 -117 55
78 77 3 -118 94 48 118 82 15 76 -32 60 -111 -6 78 27 10 -103 40 -95 67 58 -111 121 29 -105 -37 72 -63 107 108 36 -46 -48 14 -96 94 -82 -5 53 -101 44 -82 66 113 -22 82 51 119 -68 -76 69 -41 16 -89 82 89 72 119 -1 31 63 104 17
79 21 84 30 82 104 -115 -10 -12 -8 -46 40 51 -51 83 21 -42 -32 121 -15 -51 0 39 88 -5 29 120 16 -5 -13 125 118 100 86 7 1 27 14 -15 46 37 41 -104 -25 67 -18 125 34 72 -68 -108 -42 53 105 93 -54 -4 73 42 -44 5 -59 -109 104
86 -114 63 92 86 66 -7 57 96 73 14 -111 -110 -96 42 -13 75 50 7 -104 -65 78 94 96 71 -60 16 69 88 74 5 10 -46 11 60 -41 106 -9 -124 17 57 3 -65 35 100 43 -101 33 105 123 -120 -117 -107 57 61 23 -96 -15 -118 11 117 -55 -65 -28
114 21 78 -98 -16 49 -3 42 54 -16 13 76 -65 74 -14 0 -56 68 37 -9 -11 -123 -58 -12 -125 3 -53 21 -41 -51 40 -73 126 124 -23 -123 56 74 -26 52 89 15 -76 -30 -74 -89 108 -8 -41 111 68 17 85 -29 -55 26 50 26 126 -36 -31 -71 -26 108
31 -55 -68 -44 -72 9 123 -40 90 37 87 -83 4 1 -105 -64 47 -56 -18 -123 112 -76 44 100 -76 7 -115 -80 -115 -95 64 -28 -73 -101 -127 -61 -37 116 -110 -71 -85 6 -1 -20 24 -109 -9 33 -91 -127 69 72 -54 -97 12 114 -1 23 -47 -61 118 -62 -3 55
-112 37 -96 28 -88 86 106 114 34 107 -9 38 -49 70 67 -42 -71 21 -55 68 16 -97 36 -39 -118 76 -122 -86 -80 -120 -12 -24 -127 1 69 -35 116 87 -28 1 -26 115 -35 75 -87 45 -69 -114 51 24 -61 -107 23 127 42 45 -105 -100 40 -93 -11 -79 88 123
112 16 -67 -123 80 -89 70 -105 67 -117 37 -105 62 22 -13 -5 35 -8 -68 -22 -32 91 126 -114 63 7 122 33 -98 -92 -46 14 -14 27 27 119 47 62 -13 124 112 29 114 -103 18 -48 -15 82 -78 30 29 -38 92 9 77 -8 -51 -113 72 -97 38 -22 -50 -73
36 61 102 31 -54 -8 -92 -33 -2 -66 -85 88 96 -9 111 111 -15 20 56 -122 92 85 45 49 -29 6 43 -121 60 -31 115 33 109 -125 60 37 -25 58 -56 22 -9 65 -17 -88 16 52 -24 -13 -62 43 -55 34 51 -46 -51 88 -109 4 -4 111 118 -25 -87 42
-125 40 4 -4 -15 80 -91 36 -125 -29 -106 112 -64 -3 65 109 -70 104 61 -87 -113 -49 -20 -48 63 -27 -8 101 -2 93 64 125 60 -87 -122 41 -45 40 -64 -128 24 27 107 59 -88 -58 -21 -39 1 56 -17 -116 -56 -33 80 121 63 17 6 -121 -60 8 -125 81
61 98 -28 -80 101 111 74 -64 78 114 -47 -10 46 11 -118 -72 62 -77 -41 88 67 -66 -52 106 -92 27 -71 57 79 -70 63 -64 81 -75 82 -98 -69 -117 -3 -116 8 94 -45 -6 -98 27 34 -48 -15 70 -125 -86 70 -58 120 -31 -115 -78 96 33 -116 21 58 126
-87 103 127 -80 117 -126 82 26 40 -113 40 -18 124 55 -99 73 126 25 104 32 58 -29 -118 -50 91 -111 114 55 -52 113 74 -100 83 -108 109 74 -29 122 -28 -43 97 -96 44 43 -117 -91 70 -89 -112 -61 -9 -81 -45 34 6 -8 81 46 114 112 -59 50 105 -105
-100 -33 -26 107 10 45 110 121 -5 71 -120 9 -5 12 81 -104 -58 -19 101 18 -50 85 93 -6 -21 -32 -28 -120 3 27 27 -118 1 66 -49 -49 91 8 -8 122 69 28 17 127 -71 74 -19 -124 -64 -84 -66 1 -102 87 -93 -53 27 -90 -18 -47 75 17 46 75
-62 -93 1 -105 -44 24 -34 -118 87 -99 99 52 -80 11 11 77 124 97 -91 -39 48 24 13 56 86 19 120 -84 -1 -104 13 96 -123 79 -103 -37 125 81 -89 -56 22 -22 -24 32 0 -68 44 -111 99 126 55 -91 18 70 -76 31 79 -100 84 -12 -103 106 104 -80
48 102 2 10 -18 -62 16 -14 10 -123 -114 -91 73 -10 -74 104 91 29 104 -110 -95 102 126 50 52 -5 104 -1 -36 -115 -101 -7 -78 12 14 -85 -84 -65 55 97 105 82 75 -83 90 62 -122 25 113 92 74 59 121 -49 45 123 82 90 64 108 21 102 73 -64
22 -2 30 125 -76 3 36 95 119 54 -88 27 113 -73 119 74 110 1 -53 -3 22 6 124 -27 -30 108 110 40 -120 123 -23 -106 47 -4 -24 -126 -83 -12 13 67 -35 31 31 -94 23 42 -117 61 10 125 3 -102 64 -72 115 -82 -45 82 -70 -38 27 101 33 84
-93 -35 -34 -104 -121 99 117 -84 -65 -17 -15 56 16 21 95 -111 -74 -27 -59 -110 73 58 71 46 54 -65 -16 -52 39 -121 16 -8 15 -105 -18 -23 -92 15 10 37 -101 -21 -57 -65 -11 7 -69 39 25 -49 -87 78 -69 -79 75 73 28 -43 59 78 39 34 -15 26
-66 116 46 81 96 121 58 106 -58 -100 108 45 39 -63 -1 6 97 -43 -107 -15 -4 123 21 39 96 108 -90 -90 -95 -15 59 -68 -111 -42 -66 124 52 41 -52 -71 4 -31 109 -65 93 15 -51 103 71 81 -7 -111 68 59 114 64 56 -45 96 21 -64 19 -114 -34
-42 26 110 -81 -4 21 122 45 -6 -120 -32 36 -70 8 -32 34 -38 -117 85 -73 -4 -23 -56 113 0 40 -61 -42 -125 -101 -56 -44 -86 -56 -42 -37 -70 -76 -55 -72 -81 -64 64 -118 -25 -35 11 -38 40 45 -28 28 -41 110 73 32 -51 -96 54 -18 -9 -45 -117 124
-37 -19 76 83 25 57 82 52 44 -51 76 -107 -22 -111 -81 -37 -33 -72 -9 -95 53 107 116 3 108 79 -61 -63 -75 85 -39 -21 -85 -99 -59 -28 -86 62 47 117 -45 76 46 -34 67 1 -5 127 -109 92 -49 -39 -14 36 -95 92 62 99 -44 -121 116 39 12 5
91 -32 -4 70 90 12 -50 -124 70 -116 -101 -115 -32 109 -58 -63 -60 28 65 -95 -10 86 -18 -78 59 -99 39 -60 -128 -79 -56 115 17 12 12 105 73 -6 -120 -74 -25 22 -54 110 -90 72 50 62 -36 -121 -34 22 119 -125 90 -19 -27 3 -26 -60 -122 19 69 95
64 -107 -5 93 95 -9 -69 76 14 42 113 -122 46 83 -119 -83 55 -87 -63 -86 115 74 -23 -100 -127 -66 54 123 51 43 -72 -33 67 -64 -128 97 -36 96 110 25 -69 93 -109 -36 7 64 19 -81 104 -12 90 -21 -40 -32 -122 118 24 36 -11 -42 -78 56 -2 28
48 -81 64 96 104 -79 72 -80 -116 85 80 -20 -107 -21 -49 109 29 4 -85 -67 -107 -69 69 55 -58 29 35 24 37 -86 124 57 -61 23 82 -76 45 -84 36 11 97 53 -99 82 -64 -123 -24 127 94 -74 -91 -59 -73 -55 17 -84 -23 -49 -41 -119 -32 115 -127 112
96 67 -69 74 63 -107 41 -2 -79 -25 69 34 53 25 -74 10 71 -58 20 23 100 47 -64 -54 -111 -24 -4 18 125 -45 -60 -24 109 109 72 93 107 -14 -73 69 42 -72 6 -37 -19 76 -104 7 65 39 -8 -85 117 127 -121 -81 90 -124 68 64 -3 47 -115 33
-124 126 -113 108 95 -4 50 -58 27 61 -101 -128 -126 -101 97 -33 -106 -50 -52 87 15 44 86 48 -30 43 74 -42 74 71 29 -117 118 110 83 78 -100 95 -69 5 -17 -105 -120 114 102 -113 -123 95 -57 -6 90 12 3 -11 116 -101 34 -96 -1 37 -94 44 -2 -79
-121 70 -39 -25 -126 -6 62 124 -52 -6 -52 -105 -8 36 -87 27 84 79 -17 35 -116 72 22 70 32 -6 22 -45 -53 -77 -44 -33 44 57 -102 21 87 10 0 -12 -50 15 -128 77 -107 -92 32 -17 -80 -124 104 61 -42 88 32 -64 32 65 -79 48 -46 -74 -86 -65
-42 23 101 -32 -94 76 51 44 -98 114 -1 -19 -78 -122 -29 66 101 69 96 -73 -80 41 -73 125 0 38 -46 -1 -53 113 36 -72 32 -104 -17 -62 7 -24 48 61 47 -78 -20 -10 1 -113 82 24 -106 23 -67 -36 73 45 -108 -75 -115 -29 56 52 106 102 -55 27
-121 100 51 -37 103 -18 69 28 104 41 -94 -27 4 -93 -68 15 -105 -100 -6 46 56 112 -30 88 -113 84 -51 -67 -50 127 -114 -1 49 -23 -5 92 5 -26 0 102 -117 -24 2 58 -14 -11 51 -4 47 -51 52 -31 97 -10 16 62 -31 53 -13 63 114 -24 65 -78
92 -2 -42 80 89 -93 -121 -121 -109 67 -53 54 -96 25 6 46 25 96 75 -92 117 -77 -92 -79 -50 -109 -96 78 104 -32 -64 73 -80 81 -46 -77 -41 8 -9 78 114 -31 4 51 2 83 -23 -85 7 83 -104 33 12 25 121 7 116 58 28 -127 58 -123 54 -24
38 -127 37 -108 30 7 -6 102 93 -10 -106 49 15 7 5 -22 103 97 -54 -86 17 -118 59 -14 127 -12 -28 -71 55 -86 122 -36 61 24 -77 94 -69 -38 -87 -59 -17 108 -120 -82 -77 102 -86 -66 -3 107 -3 -101 90 62 93 -1 -80 47 -45 -80 -79 -118 -37 61
19 -64 115 -40 -69 -83 49 -35 -64 17 -91 -123 60 125 -30 17 8 51 -92 -120 -67 -112 -5 55 -119 -4 -71 27 -57 -40 -77 -108 -88 -123 3 53 50 -2 13 -92 125 -11 -43 69 11 57 -116 -105 54 65 126 -8 -53 6 -12 13 65 46 28 100 10 3 0 -11
73 -13 -10 -64 0 43 124 5 -68 -77 22 -25 40 -35 -106 115 -63 -90 53 49 17 -62 89 59 117 35 -27 123 -96 -101 -4 -47 -120 12 -13 100 -64 114 -47 -101 87 69 -115 125 -66 86 30 123 -21 -87 94 39 108 69 102 -112 65 -104 58 -16 107 -105 11 70
-30 -62 126 110 16 -47 105 57 111 -25 90 4 -28 28 -9 -30 113 109 59 80 -34 -102 -25 -109 46 79 -119 -95 43 -124 99 88 85 -13 0 22 -6 90 19 -98 -44 -17 -29 79 -38 70 -91 -104 -60 118 -72 -48 -85 57 17 -90 96 125 16 110 51 -91 -78 6
-21 36 103 -123 -124 -36 -69 102 -121 -14 -46 -43 30 -10 88 92 79 48 -86 37 122 -37 -23 29 -38 63 97 74 32 39 -44 -52 43 -121 40 -6 -102 96 90 -54 -114 -21 -6 -59 -107 4 -84 5 -115 5 -78 -117 -62 60 -13 70 35 -98 -115 34 -26 46 -74 -52
-124 114 -48 86 -102 113 -98 10 -69 -88 -96 -68 50 -67 -89 89 82 13 -16 8 -109 -106 82 -95 -105 -43 78 -16 -18 -10 64 42 50 80 100 -41 -65 102 -97 -45 120 -126 119 -9 -49 -85 -50 31 -98 -62 -92 69 64 -60 87 50 -86 75 55 4 47 120 3 -49
52 90 -66 -85 1 82 -57 21 103 -53 -12 -8 -115 -81 120 106 111 95 -93 40 -18 68 6 4 79 88 -119 1 54 -109 -104 122 42 -43 -75 -68 94 61 21 -66 31 -113 34 32 -27 17 -37 46 -96 -76 -46 -29 -11 102 87 -56 56 -17 20 70 -62 -54 72 63
-23 -126 -14 87 101 64 -81 -37 -126 5 74 -68 107 -104 -82 -95 -13 74 -128 -126 34 -19 -103 94 3 42 84 24 8 -99 81 -113 91 31 74 110 -27 -118 -102 115 99 -32 18 45 -105 -48 99 -54 -19 -13 70 -16 -55 -58 -77 -122 -50 -118 -117 -39 57 -5 86 -95
60 32 68 -66 107 107 -108 19 -82 85 3 108 -37 2 -93 2 117 -41 15 45 -110 107 -38 57 52 -68 85 105 -12 22 115 -113 84 -50 -36 -28 -73 -40 39 2 -110 -82 52 3 15 -64 -82 -61 -13 -14 -90 41 -119 -94 1 11 103 -20 -85 111 -126 120 -83 -83
-95 31 21 -124 -121 -109 -78 -56 -77 -124 -65 74 -22 121 49 -94 -117 102 -109 -104 -22 -94 67 28 -58 96 38 41 44 -16 125 104 -42 -30 -105 113 88 -5 -108 83 -25 127 100 -72 -33 123 67 79 -128 18 41 10 -63 -89 -42 -125 -29 -4 113 96 -49 -22 -127 -32
20 38 125 9 -125 -69 -50 78 117 -106 -102 -112 -120 118 -95 59 -97 62 67 -33 -118 -32 100 -66 80 22 91 41 67 0 32 -27 -23 81 19 -84 81 -39 19 37 29 -119 104 -125 98 -58 52 29 118 123 -50 37 58 -57 -96 37 65 102 27 46 3 -2 -2 -33
47 -41 -20 -42 -26 53 76 -86 120 -46 2 -99 108 -23 12 -5 7 -94 2 -9 -18 0 126 64 -127 17 111 -71 -123 -43 76 75 -89 -19 23 -126 90 -36 46 122 96 40 88 -80 36 -67 -125 -2 104 44 -120 -90 -48 -68 -42 -34 -76 38 -124 -101 -100 100 -31 35
49 105 -106 -120 88 -92 115 7 -31 -7 30 -62 56 -35 -100 -19 0 24 -118 46 -80 108 88 14 -83 -58 -124 10 14 50 -88 41 11 31 -44 -121 -17 124 52 110 78 -83 -53 57 11 -87 112 -34 -9 68 -35 11 -42 -118 58 112 77 124 -27 -75 -72 44 2 94
120 -114 -61 45 -60 105 63 -32 -83 -86 -25 117 65 -62 -119 -60 99 74 61 -4 -5 -78 75 -56 78 -45 124 -26 45 41 108 -58 -106 -4 73 -37 126 -48 -116 -52 84 100 -72 117 98 49 -58 109 57 12 -69 30 -119 51 -87 118 -90 4 110 -122 2 -88 0 103
-31 -34 7 -6 -11 36 83 8 -106 94 13 -37 22 -110 19 60 79 116 107 11 3 26 52 44 35 -102 -44 26 -24 61 105 85 62 54 -106 -101 87 124 73 44 -119 115 -17 23 -51 29 -73 -107 -28 79 5 -117 -125 67 42 -85 62 -15 3 -2 27 -21 37 72
-52 24 25 78 5 20 110 -92 -47 -104 25 108 81 103 114 -128 -66 102 -121 -101 113 -100 68 26 88 42 48 -23 74 -77 -35 38 117 -60 -32 -100 -76 -124 -56 10 72 -27 -81 59 100 -80 126 82 -106 -10 -73 12 85 -73 -71 -17 -89 -100 102 -75 5 -58 -68 51
-116 108 73 -74 119 -42 60 -18 -17 7 -102 54 63 59 -98 -86 -88 97 12 39 -25 -34 -49 9 -22 -125 -43 -88 10 91 -46 -98 -57 28 46 15 -15 -40 -33 5 74 92 81 97 -17 26 108 34 105 19 67 7 67 87 69 -78 -28 63 112 -111 80 31 -17 22
-34 58 -4 -88 -33 100 47 -58 12 28 117 28 56 13 -54 97 108 -74 120 105 -33 -1 -44 -68 -103 15 73 116 -66 25 62 -126 -67 -16 70 8 -98 -64 65 22 49 10 -16 108 27 51 -98 -39 56 66 -18 72 -71 70 -52 82 -123 -19 -125 63 0 -108 -107 91
-48 13 115 19 -77 53 -72 -97 75 -58 -27 -126 63 15 -62 -57 116 -28 -111 -52 8 57 16 -75 102 96 60 -68 -74 54 9 52 74 -97 93 -29 -66 70 -100 -29 40 15 54 28 22 -125 -8 -1 97 -1 84 -120 37 77 -97 27 -65 -55 -63 31 -121 85 -110 -6
-49 -8 -128 -35 109 -51 110 -121 13 -108 73 27 49 -32 70 -3 88 -11 -45 -49 -66 123 -87 -53 127 -1 72 -109 119 -113 -6 -71 49 -38 56 18 -110 121 69 -128 18 -80 -13 -22 45 -90 120 -127 -85 97 -55 -75 4 21 -52 -116 -113 -42 -86 76 -71 45 -56 95
-67 -80 38 108 -115 110 7 -57 -4 35 -120 -42 -80 -122 8 62 -104 -52 -80 20 -42 112 -46 73 39 96 45 -85 3 -104 110 -67 29 24 36 28 43 33 58 -125 -125 -104 86 -18 -24 53 -57 -26 -88 -12 -110 16 10 -118 -110 37 63 -98 -96 10 38 -124 50 -94
35 -4 -111 -90 81 3 -85 -13 110 120 107 18 -58 -102 -115 85 -2 -22 39 60 45 62 116 45 121 119 4 -3 -36 20 -43 -85 124 -21 -108 -35 111 -53 -80 -32 -18 86 106 90 -15 -72 125 -7 102 -73 -36 -100 25 -73 104 92 -45 106 -49 55 106 109 33 -98
104 -84 -40 121 17 20 -48 -1 27 -33 -94 -7 101 -85 -85 66 -74 -64 78 105 -36 -33 -122 123 103 -50 90 -63 13 -107 83 -70 -78 -58 -46 102 -112 18 124 54 -68 -60 87 85 107 113 -102 47 -13 49 40 80 103 26 94 -78 -15 -33 87 -16 107 38 18 4
85 -91 95 107 19 -117 28 27 69 108 -97 111 89 -119 -94 -39 -115 70 7 -74 -114 7 -79 -124 -4 -10 -10 111 -28 113 -116 51 -30 65 -16 -28 15 73 49 78 70 -84 -122 -64 88 -19 107 32 58 51 124 117 61 -90 32 -65 -91 101 -51 -106 0 10 18 28
37 41 -60 9 -5 -15 109 38 -99 -81 7 -70 -109 -67 123 51 -40 113 -80 97 86 -7 -85 14 -19 28 -93 -19 30 -61 7 91 -99 -38 105 83 10 88 23 78 -75 103 -124 43 -105 -111 -84 -114 99 -69 -46 25 55 81 117 -118 44 -89 19 -75 4 51 41 61
-44 55 44 -35 -1 24 -111 -124 124 -53 -112 -35 56 92 126 21 38 -96 26 -70 78 -110 80 8 -36 21 -39 -89 -102 -52 -47 15 39 -14 -117 -97 -41 108 119 -17 78 -127 -13 91 80 -65 96 -94 -95 44 119 -71 9 54 89 -101 14 -124 -7 32 -52 52 89 -101
28 79 40 127 69 -25 60 -97 -5 -88 -16 91 -93 75 89 -7 111 -79 100 -8 62 -61 -105 101 44 50 -28 10 58 77 114 67 -80 -110 8 77 -74 -103 89 94 64 -74 37 68 -91 112 -126 -121 90 91 -52 40 -57 -4 104 98 108 15 88 -107 -42 74 -44 112
-31 124 -83 -88 34 78 -99 75 10 32 -100 -106 113 106 79 -113 -103 100 57 -69 -93 86 -72 27 -16 121 119 12 50 39 77 -73 84 108 100 99 81 -91 91 83 -42 -41 48 124 10 9 -2 -31 -45 124 7 -107 -46 -64 -116 48 -34 9 1 -16 -27 -96 -43 123
-25 -28 -53 -65 -115 -91 122 35 -12 117 125 -106 92 27 -58 21 -8 19 120 27 104 86 -114 54 -65 117 -37 -66 106 66 -32 -73 -81 -11 22 40 -7 115 84 73 111 23 -63 86 -105 -25 8 69 -53 -35 39 15 -112 6 64 -77 21 118 -106 -105 -119 40 -60 99
38 69 -80 103 -12 59 -54 -109 0 -22 0 -24 78 108 52 122 -84 120 -68 -4 -68 -101 40 -5 -4 42 17 -31 70 -121 -40 41 69 15 28 62 -17 62 -1 -111 86 -59 86 22 -98 -83 -46 81 50 -101 -63 117 -22 110 -47 44 103 35 -97 126 40 77 104 87
127 98 34 127 83 -111 -9 -60 88 -81 10 45 -12 -85 119 -50 38 -75 94 71 -16 0 -75 109 -60 -127 19 122 88 -70 -126 -12 100 -47 37 74 112 -28 -16 -94 -104 85 -27 94 -49 -12 -53 -110 68 16 117 -1 -126 -98 86 -2 -85 -13 6 77 82 35 76 -37
-112 -120 -11 0 -126 5 -10 100 78 -97 -110 110 -55 -74 -75 58 -60 -50 8 20 68 6 -120 16 27 -22 -90 14 60 24 31 -56 3 117 -55 -70 110 83 -33 -127 105 19 -14 -51 -47 102 -25 -103 -57 30 14 88 46 -37 -87 -46 -85 -114 -110 -23 80 120 85 -44
-80 -42 9 85 -28 -98 -44 76 -95 56 -128 125 74 83 -52 98 113 99 66 -19 1 -43 93 -51 109 -73 -48 37 -15 105 -84 33 51 -24 6 25 45 -74 57 77 -6 67 68 103 -40 127 36 52 -66 59 97 95 -15 18 60 114 -53 43 96 -68 114 -43 -114 100
30 -19 74 -12 -44 -91 126 -80 -82 -99 101 -121 29 -8 -87 31 52 80 -89 40 46 58 -16 -51 -52 -12 -75 -66 -84 36 86 83 -58 96 99 113 2 -119 40 -101 98 39 -70 91 45 -58 -31 -18 -119 -14 -74 24 -62 -123 -90 -94 60 -52 66 -95 -37 6 -53 -120
13 118 -124 19 -128 -74 101 91 -61 -89 -60 -18 105 -10 21 -63 91 2 -52 -10 -22 -3 -98 -53 114 78 -48 -19 48 106 -72 84 83 115 65 54 72 51 73 -82 -58 -52 67 121 -33 -120 31 38 45 59 -54 115 -82 -40 86 -125 -106 -37 5 -59 -68 68 111 8
-48 -99 -9 -112 -24 -69 17 -82 0 15 -10 -63 -101 -101 -30 12 -44 -33 -25 101 -77 -93 -85 65 89 -34 -74 50 -74 -15 20 122 36 -46 69 2 97 -82 -102 -52 -104 -35 -101 93 104 109 -127 24 -98 72 -66 -94 -113 -45 -42 105 66 35 -43 64 52 115 126 -22
-33 88 104 122 -94 -53 -59 15 -76 61 27 101 50 30 -81 -67 106 -118 -62 -67 -111 -34 125 7 -72 -58 122 -83 1 -32 -46 17 5 -95 71 6 24 -97 5 -75 -5 -70 32 74 18 -77 66 37 104 -43 113 -128 7 73 96 100 115 6 74 58 -16 97 9 42
104 -113 8 -10 -18 -117 -123 -83 108 86 35 29 103 11 -48 -113 17 -76 63 82 -79 -123 -52 -84 24 -76 -98 -36 -28 44 -84 -81 -2 75 -100 -97 27 -76 -1 89 93 -60 -14 -27 -75 49 -9 -49 72 -113 -99 -88 16 -23 48 13 87 104 39 58 57 -53 97 -67
-109 119 -84 -7 106 -94 -107 115 100 71 -24 42 -16 13 103 69 -16 108 97 -74 -123 -125 -25 76 101 -14 33 82 -90 -54 -7 -50 104 111 20 57 81 -25 -24 90 -121 79 -80 74 -91 52 117 15 -126 -82 -6 -42 -32 84 103 125 94 -47 -53 -122 -9 -26 72 -55
89 96 -85 -104 -103 84 -9 -12 6 -110 -89 -54 47 -58 72 18 -45 -46 76 119 -43 60 59 4 -80 -124 33 20 -5 90 76 -13 -30 -28 -125 -127 -85 93 58 -39 -79 95 -8 -110 -80 -94 -76 -32 -105 112 85 -18 -103 -39 85 46 -41 22 108 49 -32 52 14 70
-99 38 52 -117 -7 -128 -30 64 62 77 51 -68 117 103 30 -94 -56 68 -125 -107 -42 53 93 -55 -121 -91 -44 -1 -103 39 56 79 106 82 108 99 120 -105 55 74 70 122 125 84 52 0 -46 -2 -5 56 -95 119 24 69 13 -65 -88 66 -2 -127 76 -128 1 31
-110 19 -94 -66 24 66 -10 108 81 91 -2 78 -91 -14 -96 -124 -57 -8 -7 9 -15 -67 -24 73 -73 107 110 50 -43 0 126 50 9 69 37 -47 86 109 -9 -20 -99 -48 125 -28 -68 -56 38 104 -48 -89 80 -99 -44 -73 26 -23 107 92 -37 11 66 -31 -43 -34
-123 -123 16 -44 68 70 -109 -18 30 -125 125 -64 61 -12 -1 25 55 47 -22 -92 65 -75 42 -1 41 -14 12 -120 69 79 73 -21 -51 -59 -27 -7 -52 -95 -97 -70 96 126 10 -19 -2 -18 -61 -24 -66 -109 -34 -106 71 -9 115 31 -56 58 -26 58 -117 -3 15 93
56 -27 -125 -127 62 43 -35 -69 -103 50 -120 47 -115 80 -40 -18 -67 -55 56 113 119 11 40 81 71 35 -114 -127 -52 -118 77 -30 -122 33 -7 -61 -116 45 45 63 -46 -57 -94 96 37 -49 -115 -87 29 26 -101 66 119 -31 -8 52 -27 -82 125 -100 -110 -127 -69 -59
19 18 -1 119 -113 96 -33 -69 -41 90 123 49 -59 25 -42 -116 -111 -60 -28 83 74 78 -4 10 52 -33 -116 115 127 -62 71 -55 -101 -124 -6 -24 34 -125 111 -111 -75 -60 56 -13 -42 -77 70 -123 72 -15 30 120 50 13 72 -14 79 42 -98 45 75 -21 -65 42
-62 79 -112 34 50 124 91 66 119 38 25 -58 25 26 74 31 1 77 -17 -73 -106 33 111 44 -56 121 -14 74 -109 5 52 65 55 107 -13 26 67 124 -97 -87 -119 115 -126 17 111 -109 8 -85 -22 3 -71 -1 -62 112 78 24 -5 51 -13 84 -113 -119 33 93
-45 -39 28 121 97 22 3 126 -38 -119 -118 9 127 96 101 -113 -79 124 59 14 17 24 21 -87 17 72 64 54 -48 -8 -124 3 -126 76 -72 40 -98 -49 -94 60 8 78 -24 -106 -64 -116 55 29 127 -83 25 2 -26 -20 70 121 -12 -31 120 38 60 -121 -75 -67
119 101 8 1 115 38 22 -56 120 -92 -68 -108 -73 -93 -41 78 81 52 -125 82 -109 -115 -16 -18 82 72 12 -54 53 -22 -120 114 5 -15 84 66 73 103 22 17 -15 -10 14 -101 28 57 3 -35 47 -39 -94 32 -106 44 19 -60 115 66 -22 -3 -76 113 68 24
