-1 56 -42 72 -9 -24 27 -33 30 69 -7 16 65 40 18 17 32 -65 56 73 -2 23 51 33 -41 -8 26 28 32 33 51 44 22 17 -2 104 2 1 37 -18 -24 64 -14 86 108 82 21 56 -11 -45 22 42 -22 0 47 -7 49 6 -11 0 1 -19 35 -48
-20 -3 -25 1 22 22 -18 -85 -26 -21 44 -56 61 -22 27 -2 18 30 -23 -12 51 33 -67 42 -56 10 51 31 -9 12 -44 28 -12 4 -69 21 -50 -55 41 -53 -39 8 -8 27 54 -40 -7 24 80 21 -14 -18 28 4 -24 -30 -25 28 14 -10 -2 -36 -16 44
74 27 -94 93 76 72 65 74 23 62 47 91 77 20 75 78 32 46 11 75 42 15 33 121 35 40 24 75 113 -4 17 89 -16 50 127 -12 42 40 -8 40 26 42 68 34 68 27 19 66 105 -23 30 1 39 36 57 57 11 52 47 19 45 72 16 70
71 32 -8 56 30 -19 111 25 97 -22 23 16 18 19 -30 44 34 31 54 64 49 33 20 13 53 44 68 55 25 11 53 71 27 58 25 1 40 -25 30 13 35 8 -15 -28 -7 97 24 85 35 45 32 83 72 31 48 27 74 3 57 69 -10 36 -14 56
-113 -124 -121 -116 -82 -77 -8 -64 -80 -38 -116 -126 -124 -31 -97 -33 110 -119 -49 -28 -23 -28 -26 31 -81 -51 -97 -96 -87 -123 -96 -84 -51 -22 -76 -86 -70 -68 -113 -83 90 -121 -88 14 -54 -79 -50 -114 -86 -61 -118 -70 -75 91 -35 -110 -36 -47 -35 -78 -48 -103 -77 -33
43 45 -34 40 -19 33 9 -9 -11 -1 57 8 -80 14 -19 -19 73 8 -18 54 18 46 31 99 -13 32 8 -2 43 82 -70 14 41 90 -25 32 -6 30 -51 32 -50 35 63 8 -3 32 -18 29 -65 -9 35 9 -17 0 -44 -26 40 -50 20 12 25 -21 56 32
47 82 8 -12 64 33 43 -28 55 -2 26 62 4 -1 41 10 37 48 55 47 40 15 -18 87 -23 19 74 18 -6 76 50 58 20 58 40 59 29 54 56 37 40 26 49 8 79 -44 24 67 2 45 8 -13 114 0 16 6 48 35 20 23 78 98 28 55
-110 -110 -44 -41 -60 -80 -96 -84 -69 1 -71 -85 -74 -18 -83 -31 -17 -61 -55 -90 -74 -32 -84 -34 -26 -39 -76 -25 -53 -88 -20 -89 -43 -74 -12 -28 -81 -56 -117 -58 -71 -92 -61 -45 -27 -80 -69 -38 -96 -97 -77 -92 -33 -30 -32 -53 -94 -40 -61 -35 -40 -96 -11 -76
-47 -19 4 48 -88 62 32 -57 -54 -63 -37 -2 -44 -18 -74 -64 19 -10 -63 -4 17 12 -17 5 -36 -37 -56 -2 -3 53 6 -59 -23 25 1 -13 -4 -13 -42 -5 37 -10 1 -46 8 10 -67 7 -23 -17 -30 1 -36 -7 -5 3 7 -1 3 78 -8 -11 -7 -41
-48 -43 -78 -99 -78 -9 -6 -121 -60 124 -59 4 -15 -67 -72 -97 -74 -38 -32 -30 -1 -36 -16 -72 -118 -36 -28 -77 -84 -24 -30 -29 -48 -15 -54 -69 -47 -55 -65 -46 -70 -48 -78 -37 -42 44 -43 -104 -57 -8 -56 24 -5 126 -95 -41 -67 -24 -48 -75 -16 -87 -115 -66
12 46 17 58 63 20 -7 -2 54 48 -64 54 -17 35 59 62 30 58 3 33 26 14 83 37 -85 26 -11 91 -8 90 -11 5 -42 -23 2 3 28 70 -10 28 50 36 -12 57 26 9 50 67 -2 55 -26 15 26 9 51 15 -13 41 -6 -22 50 10 34 11
-32 -99 -111 120 -114 -93 -92 -56 -83 102 120 -81 94 -108 -94 -115 113 126 85 -85 -120 -124 -70 -91 -107 -84 109 -86 -35 114 110 -110 -114 -120 -113 -116 -119 91 99 89 -82 -117 101 123 -97 -108 106 -106 -120 -115 121 90 54 -117 71 -116 -119 64 -89 -92 100 -74 -118 89
7 -25 -67 34 -79 -10 -9 -84 -80 -7 5 -51 -91 -31 -80 4 -31 114 -34 -79 -51 -13 -34 -51 -48 -36 39 -58 -17 -7 34 -93 -42 -29 -75 8 18 -45 -40 1 -2 -32 24 -5 -60 -47 -11 36 -79 -43 -55 -16 -36 -29 -48 -56 6 -21 -61 -44 -10 -40 -1 -61
3 11 32 30 -31 -66 -24 57 28 -19 24 -15 -40 -10 -49 -12 -4 -28 41 -4 -30 3 -49 -26 -32 -26 -28 -43 17 7 -57 -33 1 -45 32 -6 -1 -51 22 -13 -55 -34 15 -42 64 17 32 21 -2 -13 -63 -26 -2 -8 9 -11 -17 2 -4 -9 12 -20 -17 -34
-101 12 -22 -54 43 -20 -10 -20 28 -45 17 -14 22 36 -32 -48 -4 59 -43 -83 -1 -20 -42 -42 3 -19 -1 -39 -35 -29 -80 -53 15 -64 -59 -52 -79 -16 -59 6 17 3 17 -17 -76 25 8 -52 6 16 -89 -43 18 20 19 0 9 -17 -27 26 -111 -18 -25 -21
44 121 49 23 87 58 67 65 92 58 64 44 37 80 59 68 50 56 55 85 0 66 80 87 108 127 98 114 101 80 39 55 80 83 47 94 31 94 -1 83 -121 46 65 90 40 121 76 34 116 9 -14 76 77 100 123 77 118 33 68 120 94 63 41 59
-110 -72 -69 -68 -79 -105 -77 -86 -123 -51 -57 -98 -87 -75 -78 -104 -118 -71 94 -73 -80 112 -108 -44 -111 112 -116 122 -104 -79 -121 -83 -30 -111 -69 126 -123 -104 -85 84 -101 -126 -10 -82 -75 -83 -51 -114 -70 -93 -58 -75 112 115 -101 -105 125 -79 -66 -102 -86 -126 -60 115
-3 38 -51 -9 -7 10 -24 5 2 -10 -43 -55 15 -69 13 -24 5 22 14 30 44 -83 -36 6 -42 10 -14 -3 -25 19 65 -48 -36 -15 4 -51 -77 -24 -28 -12 16 17 37 -12 83 5 15 40 -45 -21 -21 -17 66 35 14 -43 47 -34 36 -2 12 -3 -3 -29
-23 -39 39 -2 -1 -52 -45 56 56 -39 -32 22 -9 3 -2 -36 0 10 -35 -48 -8 -35 -1 -45 -2 -18 -6 -52 -42 33 -46 46 -24 -88 9 -8 13 13 -20 15 12 90 49 -30 -31 -33 58 -11 9 30 1 5 -41 25 -29 22 0 -12 -26 10 -34 46 58 57
56 77 44 44 20 69 -7 -28 53 67 -16 -74 82 33 29 80 32 69 -21 83 56 16 -113 57 4 8 13 -29 42 -3 40 102 32 6 -13 28 36 72 -37 23 44 54 87 51 34 47 68 28 28 30 50 -127 30 -3 70 60 -58 83 -31 -14 -49 76 19 67
35 4 -43 -34 -12 -24 1 40 24 -25 -126 -12 27 -8 11 -26 8 22 -2 -5 98 -44 -18 10 -32 43 -14 54 4 -10 -17 88 6 56 14 56 18 42 31 8 23 -8 27 83 4 3 18 -7 -14 37 0 15 -22 12 34 5 23 11 41 76 -68 38 22 1
-27 -6 21 26 5 11 -28 12 -12 -7 -94 -48 15 31 -30 6 49 -16 -6 11 -5 25 -10 -29 43 -33 6 -75 106 -26 13 17 -34 -30 4 -28 -18 -4 -73 30 31 -6 -17 -4 -8 58 18 -80 28 -43 13 -45 -27 -23 -71 26 -39 -35 17 2 2 -3 18 -4
77 123 -97 50 85 76 111 124 -105 81 100 59 109 51 87 42 103 -122 102 -120 54 105 81 -118 95 110 93 38 46 72 110 115 99 34 123 103 67 92 66 92 96 81 17 73 64 82 61 111 40 86 68 41 100 98 61 -120 91 55 94 126 106 26 109 84
34 63 53 -28 -13 -23 37 -4 -28 4 15 104 -35 -29 20 1 -33 19 18 39 19 -8 -1 67 11 -40 -1 -48 -100 -13 -61 -18 -39 -99 -1 27 10 -28 -30 2 -86 15 2 33 57 27 26 -2 55 36 9 -41 21 35 24 -14 -2 -27 13 -12 3 38 -25 -18
-31 -64 -53 -13 21 12 -60 28 22 -5 3 33 -36 -49 46 1 24 -5 35 -28 11 -69 12 -42 1 -36 -45 -25 -13 22 -17 17 -17 -23 26 -43 -8 -82 24 -16 33 41 -14 -73 33 15 43 -40 2 14 77 28 41 11 8 11 -26 -31 -11 21 45 35 -3 -34
-7 -13 9 32 -23 -41 -28 56 27 -93 -37 -39 -28 -11 -36 -11 -17 -21 14 -5 14 7 37 -13 0 -59 -58 -39 5 -3 -25 -8 -29 26 71 -9 16 -61 -1 -33 -6 -44 18 24 34 -1 -34 36 -10 53 -46 -51 33 -53 -14 -17 -25 30 -54 -25 -7 10 2 -57
-47 -5 8 -49 -52 -33 -83 -70 -21 -50 -114 -71 -35 -85 -81 -56 -85 -53 -11 -7 -86 -49 -48 -77 -71 -40 -86 -65 -31 -17 -58 -81 -66 -51 -26 -94 -3 -28 -49 -85 -40 -119 -43 -89 -77 -84 -13 -59 -57 -93 -103 -56 -87 -58 -37 -15 -55 -37 -60 -37 -59 -9 -45 -90
-96 -120 -99 -89 110 -87 102 -72 -74 96 -109 118 -98 -112 -88 -75 -114 105 -66 -76 -111 -107 126 -77 -94 -92 -89 103 -86 -69 75 -118 -120 -54 -112 82 -127 -109 100 -77 -127 -120 116 119 -112 -41 117 -117 101 -78 113 -52 117 109 -111 -107 115 99 -123 -104 -83 124 -100 -98
-34 -82 -83 -82 -53 -112 -35 -44 -56 -32 -23 -50 -19 -102 -4 -60 -58 -47 -54 -49 -36 -75 -17 -70 -34 -69 -76 -68 -79 4 -36 -41 -113 -7 -78 -97 -55 -86 -88 -16 -26 -13 -40 -88 -93 -92 -60 -52 -88 -31 -100 -94 -110 -74 -34 -8 -99 -43 -99 -103 -67 -37 -52 -60
60 70 60 76 -10 112 61 48 58 121 80 53 125 50 31 101 101 67 45 80 46 87 80 91 61 55 66 74 6 75 59 -122 76 72 0 42 118 59 58 28 42 69 60 93 64 33 64 82 82 90 38 46 54 49 34 -122 -95 62 65 63 76 55 62 71
-24 5 5 -26 -23 -33 -18 18 17 -15 -54 1 -40 14 -82 -26 -58 32 -81 -36 -10 -3 -59 -17 -29 -123 12 -46 -53 12 -37 -11 -11 -80 -26 43 -3 -45 -15 -40 -50 -23 -41 -34 -13 -47 3 -16 -10 -13 -115 -31 -78 8 -17 -59 -48 2 -55 -49 0 -31 1 -33
2 -45 22 56 -52 -51 -27 -17 -45 -62 13 -95 -78 21 -8 -103 -35 -33 -39 -20 4 -123 -18 32 -34 75 -25 14 58 -18 -14 -61 -69 39 -61 -44 -69 -28 13 -1 -11 -58 29 -21 -44 2 -32 -51 -68 25 -21 -18 -51 -7 -15 9 28 -11 -47 7 21 -58 -4 -53
30 26 -10 -11 43 -11 84 2 58 2 45 32 55 -5 80 83 26 8 56 28 13 36 55 8 46 10 31 16 -12 39 18 -32 70 -31 -19 53 -34 44 -21 1 45 102 24 83 23 23 28 78 27 61 -12 85 -120 123 72 -12 19 -7 9 6 45 22 -35 101
1 -46 34 -4 54 -10 -26 23 -43 27 -8 22 88 0 2 31 -26 18 -13 73 26 34 -15 5 42 10 -18 0 -35 -9 -16 7 -67 30 2 -10 20 5 33 -5 32 53 9 10 3 6 34 46 -34 3 -22 -14 -35 48 5 20 -5 -35 31 -19 71 58 38 18
58 56 15 46 79 30 -27 47 13 43 24 15 39 71 25 3 111 32 9 53 15 39 62 53 91 57 18 -19 19 8 92 4 7 38 -64 119 30 18 39 0 1 47 82 61 40 42 18 -4 -21 63 69 106 49 68 -2 15 49 56 -2 50 84 77 47 51
72 -53 35 -69 -24 -18 3 0 -38 -56 -84 -32 -28 9 1 -2 -5 -45 -27 -35 11 -24 0 -33 -74 -24 43 49 -70 -18 -66 -12 -31 24 4 -69 -43 0 -11 -52 -78 -54 -7 -109 -30 -33 -82 -36 -38 -118 19 3 -52 -15 -8 -33 1 14 -53 3 -25 -30 23 -39
-7 43 -21 -48 -2 -30 43 18 10 -10 -12 16 28 -31 -11 -6 -38 34 31 50 -28 65 -12 3 6 61 -16 -23 44 -34 116 -32 15 -33 78 7 -3 33 15 -50 -32 40 -26 24 27 -20 -37 35 -12 34 13 17 -30 -10 61 38 20 19 2 -56 30 22 34 -1
100 44 89 56 54 57 105 64 -12 0 89 8 27 72 79 52 29 52 76 44 65 52 86 102 18 42 -14 124 -23 3 59 68 83 66 43 35 44 70 13 93 64 93 5 19 102 45 37 96 55 27 53 79 33 44 24 82 67 83 37 7 86 63 62 29
-15 23 10 -4 -53 40 31 9 -19 -12 13 5 -78 -78 -23 4 30 -29 5 -36 -67 -45 11 26 -33 16 -48 4 16 74 -90 -41 32 -45 -59 -68 33 -2 -28 47 -9 -5 39 17 7 86 23 -42 7 -22 2 18 -13 -57 5 -8 26 -25 14 0 -3 -22 49 -11
111 64 63 -116 55 54 24 -102 96 80 86 40 33 59 118 118 94 113 46 85 121 -125 -102 106 118 64 -115 84 -116 62 115 51 -123 -109 29 118 99 84 76 79 78 112 -117 87 124 -81 -110 88 -115 76 -92 79 107 124 66 88 -123 125 29 87 115 -101 123 67
-64 -78 -100 -111 -51 106 -115 -106 -31 -111 -93 -82 -78 -72 -126 -106 -119 -101 -122 125 -52 -78 -63 -110 -118 90 -128 123 -64 126 -94 -124 -51 -86 -100 -61 -56 -92 -115 -122 -113 -80 -73 -126 -100 -96 113 -73 -78 -30 -74 -40 -112 -74 -68 -97 -97 -96 -119 -67 -82 -82 123 -99
36 17 40 10 3 48 1 15 46 36 15 6 -10 16 -55 -1 48 -6 49 -36 -16 3 39 27 -46 -1 70 41 22 4 17 45 94 -5 7 -9 26 18 -14 53 43 37 95 6 30 -13 43 9 44 0 23 6 19 46 4 41 33 14 84 -3 31 -4 39 57
-21 -55 -55 -56 8 -38 -59 -84 12 -45 -34 -45 -22 -36 -3 -7 42 -84 -44 -18 -42 -10 17 -8 -45 -19 41 41 -43 -33 -23 32 -82 -55 -88 -115 -8 -39 -50 0 8 56 -10 -37 -80 -8 -92 -57 -57 -86 -35 -26 6 27 -18 -35 15 -24 -65 -80 -63 -29 -12 -11
-5 13 -12 -21 4 38 0 -25 22 24 -17 -37 9 -16 -16 65 -86 5 1 23 -25 -18 -13 -1 -16 -1 -91 24 9 -8 -13 4 4 33 -24 16 16 40 -46 -32 -29 -24 43 -49 -8 -78 -42 -6 -47 29 -28 44 -57 -34 5 -18 -9 53 -29 -5 37 -37 12 -38
5 21 11 8 31 -7 36 106 51 51 14 31 9 51 -17 -13 0 -5 22 15 40 61 -46 -3 26 29 20 8 75 -24 42 59 27 0 29 44 15 13 -10 24 43 85 13 14 13 -21 63 27 16 1 78 53 23 19 61 32 58 95 78 -13 37 68 17 26
4 44 -12 11 27 29 76 39 46 30 37 1 81 51 19 91 78 43 42 65 106 33 1 2 29 14 11 -19 24 111 48 37 60 63 119 29 55 19 56 18 33 30 56 28 66 86 43 75 51 92 32 23 71 31 30 70 -19 48 64 69 -128 33 14 25
123 31 80 105 105 -103 -110 121 -128 -124 -105 59 114 98 107 72 70 84 87 67 82 120 93 82 57 67 120 -92 51 84 -101 125 69 64 89 68 -104 31 103 121 86 113 114 99 -87 75 83 127 95 -120 50 -56 -123 -100 -110 68 122 107 64 122 -118 113 111 100
-16 -84 -54 -37 11 33 -23 -48 -44 -42 -70 -59 22 14 -27 -8 -18 -34 4 -43 -107 -31 5 13 26 -100 -107 3 -8 -33 17 -4 -46 -55 -57 -47 -13 -45 7 -23 -58 -5 8 15 -71 -4 15 13 -30 -9 -84 10 14 -44 -8 -79 20 -16 -19 62 -16 -42 -40 -93
60 -38 6 20 -43 -12 3 -44 -5 36 38 -15 52 34 -21 24 -18 -40 6 -20 1 -17 6 -31 42 30 -58 -40 -16 -17 3 -52 23 5 -30 42 -8 -37 -53 18 4 10 13 -2 -63 -33 -2 -30 -10 -22 -20 27 -53 -24 6 6 -43 -15 -76 13 -36 -2 -34 -2
-15 -19 -5 49 2 27 8 -4 -21 -82 2 -12 -8 15 -20 34 -5 49 4 31 10 18 -86 33 -20 -26 55 42 -23 36 27 16 5 44 -10 19 43 37 -16 12 55 -36 35 72 4 40 -50 74 12 -1 48 70 34 -32 26 21 27 21 17 19 36 28 53 -17
95 49 47 0 91 31 99 77 -25 39 30 -13 96 60 -5 106 -7 29 64 44 61 51 33 76 37 21 54 34 85 36 45 73 59 63 37 44 44 43 79 73 107 2 37 40 -119 44 -42 44 92 14 85 72 78 25 34 40 45 38 98 26 60 91 -20 33
14 35 56 39 121 30 27 55 72 16 -18 -4 18 11 24 -45 32 38 18 8 -8 67 11 26 -6 47 8 24 26 2 43 61 57 46 13 28 58 34 22 19 77 13 24 15 6 53 -33 44 19 33 -6 -8 -44 28 17 37 33 -9 29 -10 -11 33 58 70
-38 -9 22 -17 11 -59 -18 -9 17 16 -42 13 -41 -64 8 -43 50 8 -5 -24 84 56 23 49 37 -11 -23 -33 -8 21 -10 -29 1 -10 -15 -28 8 39 18 37 -32 72 -4 -21 60 -19 -6 30 45 -6 63 -51 14 19 28 75 37 -36 39 -65 40 -18 8 28
100 100 83 107 88 21 70 40 118 85 95 82 24 37 17 17 67 37 20 10 101 95 102 71 54 52 50 31 -76 91 81 54 61 75 38 77 94 104 42 66 6 111 -34 47 22 66 79 63 41 63 43 14 43 68 92 99 113 64 78 116 96 84 50 22
45 81 66 55 -11 97 6 32 30 63 43 53 87 57 18 26 37 56 52 -13 26 57 97 22 45 73 64 83 5 40 46 16 30 73 77 43 67 125 88 70 3 52 67 45 71 53 71 -9 118 58 124 3 -33 8 16 18 48 122 99 -3 -34 79 40 39
-9 -107 -24 -93 11 -89 -53 9 -54 -87 -40 -92 -13 18 -24 -45 9 1 -76 -69 -36 -98 -32 -51 -91 -39 -25 -43 -43 -95 -45 -33 -4 -89 22 -72 -21 -73 -33 -58 -19 -30 -44 -73 -68 -60 -85 -67 -5 -38 -49 -69 -32 -76 -67 -116 -47 -30 -72 10 -99 -91 -23 -11
-3 39 65 24 61 35 31 55 36 24 67 88 47 9 72 13 0 64 13 -7 87 55 49 19 36 73 26 88 62 39 22 59 59 83 55 60 77 62 78 -118 48 54 1 30 41 -6 78 89 83 103 30 -4 76 61 -24 114 69 63 29 58 44 39 60 64
43 121 69 68 55 32 58 49 42 28 95 40 40 103 71 55 49 84 11 48 53 71 80 26 12 127 107 73 62 0 99 108 20 90 104 54 -102 97 47 68 -119 70 106 90 -6 78 64 58 74 30 65 38 24 39 41 -120 121 13 -122 47 36 69 84 55
-35 -50 -45 0 -100 -59 -2 -70 -24 -49 -17 -100 -32 -49 -83 -85 -100 -78 16 19 -105 -54 -23 127 19 -64 -94 -66 -76 -58 -74 -72 4 -39 -61 -75 -33 -73 -70 3 -59 17 -116 -4 -67 -94 -61 -36 -114 -18 118 -25 -14 -43 -95 -75 -42 -48 -92 -68 -100 -60 14 -41
-60 18 17 -52 18 -35 -52 -33 -41 -29 -50 -56 -46 -86 11 -61 -9 -79 -89 -12 -73 -94 -41 -20 -41 -125 -60 110 -43 -19 -70 -71 24 -33 -22 -42 -13 -47 -28 -35 -86 -43 -70 -14 -13 21 -20 -29 -24 -22 -34 -17 -3 -60 -40 37 -29 -30 -106 -24 -45 -52 -80 -37
5 -38 -63 -58 -16 -27 -20 -50 -4 20 74 12 -37 -31 -19 -45 -59 6 -33 6 -19 -40 -3 -13 20 -66 -43 -39 11 -30 -32 -64 22 -47 -14 3 -15 -60 20 -36 -59 -30 45 7 26 -69 -57 -28 26 34 -2 39 54 7 36 -26 -57 -60 -19 22 -16 -8 -9 -52
-34 3 42 -17 9 -70 -12 -31 18 9 -36 -64 -53 -68 -42 -21 39 13 -29 -51 -52 -1 -33 -39 -56 -9 -69 14 -6 11 11 -49 -75 -6 -28 -18 -48 -22 2 11 -103 11 -65 -5 -115 -14 -2 -34 -48 28 -128 -11 -41 -85 -8 35 -72 -34 -29 -103 -49 11 -25 -83
93 78 81 92 10 24 36 62 -38 60 -3 93 22 45 120 31 6 19 96 24 -27 70 46 77 100 31 75 9 3 28 46 96 82 -4 29 60 20 53 12 17 67 69 42 86 83 4 46 22 15 30 78 75 31 31 46 108 -7 51 50 37 58 72 60 52
-25 15 -10 29 -57 42 -69 -26 37 40 0 13 22 23 0 -49 0 0 54 -1 -50 13 -74 -51 -2 -13 -31 9 -47 -5 57 -23 -42 -25 34 -2 -4 -12 19 -32 43 44 -22 -21 -24 -23 21 -3 0 42 54 38 5 24 55 24 -9 23 -3 1 -30 -51 55 38
5 32 60 31 -13 -48 -39 -57 -58 -2 -37 91 -66 17 -98 -66 4 -41 -38 -118 -14 21 78 -9 30 28 -102 39 -28 -36 -20 43 3 -78 -1 4 -22 14 32 17 -21 -9 -41 -22 -57 -12 -36 -18 -33 -14 -80 16 -39 -19 -12 -51 -119 -34 15 6 -52 -4 3 34
0 19 6 -50 36 -30 8 -27 34 -27 46 46 -30 -29 53 -12 -28 -19 34 -47 5 10 -50 -15 11 -51 42 32 -40 -20 -43 -49 -52 -1 52 -7 -71 43 -4 -39 -47 -17 -12 16 18 26 -5 37 -24 -3 -40 27 4 1 -30 5 -24 16 -1 -24 47 -44 9 0
-62 -19 -90 -24 10 -48 -59 -42 20 -30 -57 -9 -72 -42 -14 -10 10 -69 -42 17 50 6 -57 5 -26 -56 -63 -43 -6 -22 -67 -49 -19 -23 -56 -43 -47 -69 -46 -50 -51 -46 8 -82 -62 -7 -60 -32 -83 -38 12 -8 8 -43 -34 -55 -26 -82 -55 -11 -72 -73 11 -59
25 -10 -17 7 7 24 -5 56 7 61 -34 10 28 -39 10 22 35 24 -41 0 -34 -11 35 25 11 -29 -16 -73 54 66 -6 3 11 -19 20 5 -25 -19 -69 -35 5 -70 8 -23 16 -23 36 -47 8 -43 5 1 -11 -1 28 53 -33 21 36 3 1 -16 -27 -29
-29 9 -82 10 -53 121 45 -18 -39 -94 -37 37 -60 46 -59 36 -15 28 14 -62 -28 -39 -88 -113 -47 4 -38 -15 -47 -42 9 -50 -24 -18 -44 -13 -53 -28 -45 -54 -42 -3 -2 4 -58 -48 -62 -43 -123 -93 -18 -6 -69 -18 -56 -63 -72 -41 -26 -59 -49 -32 -63 -34
-14 -23 -1 -6 -88 1 -67 -22 -47 9 18 19 -52 -23 -27 -58 -18 -1 -49 16 -30 3 -69 40 -94 -53 -31 -30 -18 -102 -2 -54 -15 12 -31 -44 -69 -5 -26 -84 -47 -13 -101 -21 -60 -9 -11 2 -49 -10 23 -23 -25 -41 -93 0 -26 -70 -73 -4 -33 -47 -58 -86
-17 -12 29 -21 -30 -56 -84 -54 -65 -41 -32 -30 -61 24 46 -25 -64 -39 -43 -77 -37 -73 59 -83 -46 25 -61 -96 -6 -29 -40 -61 -8 -46 -25 -61 -35 -18 -38 -25 -36 -2 15 -64 11 -55 18 -39 -54 -67 -33 -11 6 11 -57 -44 -29 -80 1 -20 -11 -8 124 23
74 -13 -30 -58 13 -9 -64 -39 -85 21 -34 -11 42 -29 60 -43 -59 -22 -9 -39 -55 -41 -39 -27 2 -58 -25 -49 -5 -93 -23 -6 -4 14 -4 -6 37 -41 -22 -52 11 -69 15 -36 -54 -49 -17 25 19 -26 -78 -78 -84 -58 -14 40 -27 -33 -11 26 -88 19 -42 -29
-103 -112 -20 -68 -43 -12 -59 -84 -41 -72 -92 -19 -68 -19 -75 -63 -126 -105 -11 -37 -46 -51 -36 -24 -68 -31 -26 113 -71 -19 -38 -68 -59 -40 -125 -61 -43 -98 38 -80 -82 -110 -28 -74 -82 -61 -31 -62 -22 -17 -15 -74 -88 -95 119 -72 -18 -93 -31 -92 -23 -111 -109 -61
-115 -8 -28 -106 -68 -71 -98 -77 -4 -31 -28 -17 -6 -76 -5 -40 -20 -20 -43 -2 -22 -55 -83 -41 -46 -22 -30 -96 -46 -22 -98 -6 -42 12 -101 -28 -95 -54 -53 -59 -80 25 -43 -71 0 -29 -25 -88 5 2 -12 -52 -32 -61 -3 113 -38 -102 -14 -43 -22 -86 124 -47
-23 -52 -63 -88 -66 -33 -18 -32 -34 -33 -45 15 -41 -101 -34 -98 -42 -107 -46 123 -44 -45 -50 -42 -30 -40 -68 -50 -37 -49 -35 -10 -118 -61 7 -76 -13 13 -29 15 -71 -1 -100 -100 -98 -30 -38 -58 -95 -81 -69 -64 5 -24 -22 -36 -27 -55 -50 -38 -4 -111 -84 -48
69 4 34 -24 -21 13 -9 40 30 34 47 56 42 33 21 66 1 14 28 85 78 63 -23 24 5 -1 47 35 26 20 38 35 38 35 -10 20 -37 -14 -19 22 -7 26 16 20 38 -14 36 14 65 52 32 -10 28 34 24 51 43 49 20 30 1 -1 2 61
40 13 -7 29 45 -8 46 -40 -8 -11 48 113 2 23 25 -37 79 -54 88 22 -25 29 10 3 1 1 8 32 34 65 -26 22 79 -15 105 4 60 1 4 17 108 75 54 69 24 50 70 77 62 123 38 60 13 2 61 36 17 -16 14 31 22 101 29 -17
-26 -60 -31 -68 -59 -76 -61 -66 -81 -58 -74 -111 -52 -1 -38 -31 -41 -107 -72 -101 -31 -36 -61 -76 -112 -69 -54 -68 -51 -99 -103 -69 -72 -11 -97 -62 -26 -75 -34 -46 -27 41 -70 -69 -71 -21 -63 -83 -22 -62 -73 -113 -49 -104 -86 -67 -78 -42 -62 -89 -43 -84 -48 -60
43 8 5 -30 -12 -18 -24 44 14 -2 -26 -17 -10 7 21 4 33 0 -25 60 -49 -3 -59 16 86 -7 -45 17 -17 -3 -2 35 -9 -24 -16 45 -38 -29 23 -31 18 3 -32 11 -29 17 -61 -24 89 21 -17 37 21 -23 -11 -55 15 25 -27 -37 -40 -53 23 -3
65 -24 41 38 -32 45 -16 11 -8 56 -22 71 57 -81 15 8 38 2 43 18 33 39 -7 64 -11 13 0 18 2 35 23 73 -6 -15 -12 29 -33 8 -54 -1 44 -26 28 -8 0 26 34 20 81 10 14 21 -26 -14 33 14 -35 2 -17 80 -5 -23 -18 -14
69 32 23 61 29 21 -18 33 -31 32 24 42 18 -51 -9 39 12 60 4 -35 49 35 22 10 26 14 -2 64 35 71 27 -17 8 11 32 62 -27 24 -17 -5 -13 24 38 33 38 61 30 90 -24 25 -43 49 52 50 39 -23 -9 99 10 52 34 -17 43 43
-104 -2 -20 -34 -122 -17 -106 -52 -70 -108 -2 -54 -30 16 -31 21 -78 -66 -85 -70 -30 -80 -27 -21 -2 -67 -23 -98 -17 28 10 -4 21 -18 -114 -30 -10 -54 -29 -42 -49 -22 -33 -28 -15 55 -5 -61 -67 -25 15 -37 3 -48 -58 -100 -32 -13 10 -55 -60 -23 50 -29
-65 -17 -7 26 -48 -18 -29 36 122 14 -43 -36 -51 -22 16 -44 -29 60 23 -23 -20 -8 19 -37 -27 30 24 11 -39 -59 -3 29 -13 4 3 33 -40 75 -23 -45 -28 3 1 39 39 -31 9 21 -87 -61 -15 23 21 21 -46 -43 -79 -24 29 3 10 -28 8 90
-34 -11 -4 1 15 -17 -11 -17 -2 -50 -2 -37 -77 -21 24 -76 -97 -27 -52 -105 -13 -77 39 -49 -43 10 -52 10 -77 -35 -30 -102 -7 -9 -5 -84 -93 -18 -87 -86 -44 -87 -38 -50 -33 -15 -14 -60 -90 0 -56 -33 -64 2 -24 -60 -47 18 -3 34 -26 -59 -59 -41
-96 -67 -25 -63 -81 -75 -16 1 20 -50 -44 -92 -106 -86 -30 -64 -56 -37 -40 -66 -16 -67 2 11 -79 -60 -84 -57 -1 -41 -94 -44 -32 11 1 -38 -12 -43 -48 -20 -9 -27 -46 -42 3 20 -40 0 -63 3 -61 -58 -17 22 -64 -68 -82 -11 -45 -76 50 -36 -73 -83
38 -31 42 -11 -17 5 -12 8 20 -22 22 -21 -30 45 61 51 -31 49 42 52 -34 -8 50 -36 36 6 -39 9 -9 -18 -15 -4 43 -24 -39 57 30 4 -6 12 25 4 49 20 40 44 -20 47 -7 13 -59 10 -4 70 57 -10 13 -10 -12 -43 -26 25 -23 31
50 49 54 84 22 82 61 74 68 85 71 27 89 47 73 87 26 60 91 78 80 -7 88 21 88 115 83 75 86 9 12 113 30 -102 69 85 56 105 50 20 50 96 39 127 97 -111 43 81 67 80 106 72 62 73 104 34 19 23 59 81 104 30 18 83
28 8 24 13 16 -13 -22 0 -46 93 1 64 11 15 15 18 27 57 -34 67 40 65 -8 40 -13 25 41 6 15 51 7 24 -7 76 16 29 39 97 58 82 -65 9 69 81 72 28 126 40 19 20 18 72 -35 -8 28 40 38 46 33 -23 0 63 -25 17
-117 -77 11 21 -4 9 41 -25 28 -39 -39 -97 -62 -26 20 -25 -23 51 -12 -36 -105 2 -2 -18 -89 -56 -36 43 -18 -13 -63 -59 -69 -51 -44 -6 -9 -52 -37 -49 -45 -52 -8 -62 -54 -4 -71 -14 -1 -71 -90 -30 -21 -66 -59 -11 -60 -31 7 -4 -26 -49 -64 -36
75 54 64 105 33 75 60 32 59 20 8 106 80 34 58 122 100 26 67 21 37 120 44 35 48 33 23 93 90 45 55 83 83 34 44 -29 31 65 72 21 98 69 42 100 85 -25 -15 47 -1 55 52 48 22 -5 104 83 77 82 45 18 82 127 47 27
-12 45 -29 -5 36 47 -27 30 27 -51 62 13 -81 17 0 -36 -32 23 36 11 43 19 -67 -22 -22 45 1 64 88 -33 -21 -13 -7 39 52 17 -10 80 6 33 51 -3 12 13 42 -6 39 -20 21 19 37 21 9 4 -50 -34 -7 61 3 3 77 69 51 21
-71 -13 4 -13 46 21 -37 -74 46 -71 -16 -1 8 -2 -13 -42 -45 -67 -54 -28 64 -54 -69 -44 -24 -63 -32 -35 -52 -40 -1 -2 -4 -38 35 -2 -28 -71 -41 -87 -38 -4 16 -51 -48 32 -25 -25 -19 -18 -73 -61 -85 -67 -28 -61 -17 -23 21 -39 -3 26 7 -6
-35 -51 -58 -127 -13 -51 -17 -100 -56 -6 20 -27 -21 -42 -37 -44 -15 -26 -83 -43 -109 -11 -91 -25 29 -48 -30 -39 -9 -37 -79 -38 -37 -3 -89 -36 -42 -55 -33 -47 -41 -17 -45 -69 -19 -52 -65 -127 10 -48 -33 -72 -39 10 -62 -65 -47 114 9 2 -49 -45 0 35
-66 -66 -60 -31 -68 -36 -45 -51 -41 -63 -11 -49 -23 -82 -61 -72 -23 -68 -47 -51 -55 -70 -66 -44 -78 -37 -55 -55 -63 -55 -86 -46 -66 -43 -14 6 -53 -67 -5 -29 -83 -66 -63 -87 -39 -54 30 3 -96 -36 -66 -65 -58 -90 -121 127 -10 -3 -25 -45 -30 -27 3 -45
27 36 66 16 83 -31 -4 31 -42 39 53 74 66 -4 13 51 19 24 3 19 16 42 19 34 -21 -10 1 18 -16 -3 -20 50 33 6 16 -42 11 34 9 -5 -11 32 10 52 6 -47 -31 -30 -11 97 10 -52 90 18 -15 33 44 -33 52 -4 28 -45 -19 68
56 50 -8 82 -65 26 -11 38 54 -10 76 28 0 -54 11 -22 31 -45 14 -3 -19 -76 47 -14 -15 -35 -45 -6 15 61 0 47 9 26 -42 19 0 -27 -47 -38 15 -17 -46 -3 9 2 -26 38 -45 17 -44 26 30 2 24 -10 10 -15 27 26 -18 9 -27 1
-8 18 0 4 14 4 50 8 -2 9 56 -20 20 -21 -34 76 36 4 -36 3 38 -22 59 47 -57 4 17 35 11 -35 -97 -63 -30 53 -39 12 -56 36 -32 -17 -41 66 -49 -45 -30 3 11 -5 -9 -94 20 -18 -26 33 -11 -26 17 74 41 9 -2 -83 -42 -14
28 -40 -32 -21 6 -34 -27 -11 -60 -61 -10 -30 -6 -8 2 -10 30 9 -2 -28 -27 -56 6 2 -18 -53 -50 -7 -92 -19 -45 -40 -112 -71 -57 -62 -23 13 -34 -8 -10 -57 -16 -80 -14 -13 -33 -4 -38 -43 -15 -30 37 -72 -39 -22 -29 -51 -43 31 -41 -72 -51 -51
56 32 46 91 120 7 119 126 88 96 50 45 78 118 48 -125 49 25 70 40 42 76 117 -104 72 64 72 103 94 79 64 64 56 75 99 72 62 62 53 104 56 71 78 84 92 69 100 54 43 55 64 74 93 60 49 119 70 110 11 127 57 101 91 76
0 -73 -24 -24 82 19 55 1 -24 -2 26 -40 43 -43 -37 29 51 0 67 49 -28 -23 -15 -47 56 11 -38 20 25 -14 51 -22 4 -25 29 46 47 -49 -68 -17 16 5 8 -56 34 -3 -16 25 12 16 52 11 -8 30 -1 -4 7 67 60 5 52 -82 -4 -8
-7 -56 -59 -68 -98 -51 -38 -95 -72 -31 -103 -87 -43 -45 -33 7 8 -28 -25 -32 -86 -68 -56 6 2 15 -33 -14 -106 -84 -17 -57 -87 -57 -104 -16 -60 -1 -127 -12 -67 -93 -73 -105 -91 -79 -30 -59 -33 -9 -31 -19 -35 -51 -64 -94 -95 -110 -48 -68 -63 -80 0 -43
-7 11 10 6 -28 18 49 83 0 -32 -14 -35 49 4 3 8 -36 27 -12 -55 21 -63 30 -32 -18 -47 4 -90 -33 18 32 8 -20 5 -31 17 16 25 -26 -33 50 9 -58 1 -37 5 -27 -56 10 -11 -25 -48 -68 52 49 -19 -18 -3 -63 7 52 -23 -36 -84
40 21 -48 27 -18 -72 -22 11 73 14 -52 15 -17 13 -55 41 40 5 46 10 -70 24 -16 -52 43 -34 39 -34 24 45 -80 27 -57 -83 -22 19 -19 -14 -18 -25 47 4 -18 9 -20 -30 34 -5 50 54 -1 6 -3 3 5 16 6 41 67 30 6 28 13 -34
28 21 5 50 31 5 -43 37 75 30 97 45 4 21 13 -8 43 26 -4 44 -33 22 -30 42 -20 46 46 53 -33 -31 23 -5 57 29 41 35 0 -26 -32 -56 -27 24 -20 -27 21 -12 43 51 22 62 75 -9 -11 77 44 -42 58 35 1 35 -58 20 31 8
71 23 88 57 20 39 -31 -85 10 66 51 49 52 5 29 35 46 -34 3 -64 5 37 -16 20 74 -19 13 17 42 37 31 23 -23 -32 3 42 -32 15 20 8 -14 22 40 -5 7 -17 88 -27 21 -20 32 -21 77 -6 3 60 13 33 40 2 53 -4 19 105
23 64 26 -57 21 -6 -36 2 -33 82 -12 -41 -33 -45 5 -76 22 22 -50 -23 54 20 26 4 26 -30 -54 -51 -21 -22 32 24 -5 -21 -54 -5 -22 -27 1 -102 -27 52 -58 -44 22 17 -21 10 -14 -16 11 28 -43 -69 -30 -19 25 -40 -3 -18 24 27 27 -44
-46 -21 -64 -35 -40 -57 -33 -14 -27 -22 -12 -62 3 -11 -16 7 -12 -56 29 -64 -31 21 26 -40 -38 -44 -12 33 2 -71 -36 1 -32 -12 8 -57 -10 -33 -49 -35 -20 -27 -59 -39 20 -22 -1 -80 -60 -2 -35 -64 -52 29 0 -62 -110 -4 9 -27 -23 36 -25 -37
41 90 -125 122 69 -83 101 102 75 98 82 55 91 88 115 -128 39 -109 60 102 44 49 -115 -103 -121 97 -95 111 79 47 95 92 73 91 -115 99 60 120 75 67 -111 94 -80 51 116 60 81 55 -80 60 102 -125 66 121 100 -95 79 90 -93 92 -117 82 99 103
53 57 89 -8 43 24 52 58 -2 35 60 -7 67 70 70 71 18 41 14 37 12 60 32 80 74 -1 69 8 -2 50 9 -8 53 32 40 14 47 -4 44 72 85 -7 53 44 12 41 22 28 8 1 76 85 81 94 76 60 -39 19 48 73 25 65 64 63
-44 -118 -56 -1 -105 -41 -5 -93 -32 -1 -98 -58 12 -50 -14 -51 -60 -44 -56 -6 -9 58 -54 -8 -49 -62 -28 -64 3 -40 -58 -68 -44 -64 -17 -45 -82 -28 -83 -111 -83 18 -57 -41 -10 -31 -42 -44 -49 -52 -30 -108 -76 -76 -57 33 -61 -71 -50 -72 -37 -57 -58 -10
47 -52 -70 -6 -12 -32 -40 -8 -35 -45 4 -27 -70 -38 -29 -44 -39 -37 -51 9 -44 10 -72 -30 -54 -52 -27 -70 -55 -105 20 -29 -35 -12 -41 -74 -17 -96 -38 -2 0 -61 -34 57 -29 -32 -101 -46 3 -117 -71 -94 0 -21 -51 -11 -12 -73 -34 18 -48 -6 -38 -42
55 81 83 30 72 65 78 79 107 99 84 50 16 44 46 51 60 86 100 22 65 -111 59 64 48 88 42 24 28 64 113 51 54 52 -128 93 60 33 67 24 112 76 37 15 38 110 126 110 91 39 70 101 59 53 94 58 83 56 64 106 126 91 91 68
-63 -103 -73 118 -64 -89 -68 -66 -111 115 -57 -85 -25 -66 -91 -73 -115 -44 -128 -90 -110 -66 -58 -59 -52 127 -78 -90 -62 -101 -37 -63 -102 -63 -59 -102 -105 -56 -52 -86 -107 -48 -79 84 -106 -119 -70 -59 -74 123 -108 -100 -88 -47 -107 -80 -63 -67 -85 -7 -66 119 -51 -81
-28 -53 -36 14 -16 2 -95 -116 10 -37 -21 -28 -6 -15 15 37 -49 0 -63 -64 -32 -48 -50 -53 -69 10 -46 -27 -21 -72 -107 -35 -46 -32 -48 -83 -52 -38 3 -43 -87 -36 -15 -46 -45 -48 -64 -68 -128 -48 -44 -57 23 -13 -20 -68 -75 -23 -39 -89 -91 -62 -69 -89
118 86 80 -107 -119 54 84 108 78 -88 126 101 93 126 -102 80 116 90 -122 108 125 117 76 71 123 116 73 93 -113 115 -126 -127 -128 -111 113 81 59 -94 95 119 86 30 -96 106 126 110 62 107 125 -122 116 114 101 -109 95 95 -117 -128 95 120 122 -65 106 77
33 35 -11 27 28 32 -6 10 18 29 0 48 6 -24 -4 28 -73 -10 -1 32 67 -3 -43 26 -10 21 -60 41 37 16 -62 -11 34 5 23 18 52 21 41 18 18 -47 28 79 59 12 12 -5 90 -16 3 -61 -3 10 24 -8 10 7 66 30 -8 -21 -4 -1
50 -119 105 122 1 84 6 58 65 78 50 116 53 46 68 -32 106 42 85 60 43 109 13 65 21 35 52 13 78 17 61 99 66 26 97 66 47 7 55 43 9 42 55 31 67 3 62 65 15 99 93 8 38 56 35 66 17 127 85 85 41 23 84 48
-12 -49 -3 -48 -31 -14 -39 4 28 0 -32 2 77 -63 -18 -13 -106 -98 73 -14 8 -31 20 -21 -49 -25 -39 16 -25 -20 -75 -13 32 14 -14 -31 -6 -29 5 -1 -31 -36 -25 -19 -1 0 -44 -48 -31 -11 -70 -33 -46 -18 -55 0 -37 -10 -10 4 4 -2 -69 1
-28 -10 14 21 -38 52 74 20 -42 -25 -8 -5 49 77 -34 -20 -15 -6 -13 47 -70 44 -6 85 -39 28 -3 -23 -35 -38 4 42 11 52 8 56 10 22 -2 -5 23 -24 32 -9 2 20 -31 -17 -26 33 67 13 12 -17 22 -76 86 -31 -88 -17 -55 -13 -25 -13
-48 -43 -93 -10 17 -111 -70 9 -62 -37 -11 -52 19 -65 -61 -50 -75 3 -58 -35 -18 -6 -30 -28 -23 -30 -43 -14 -98 -73 -64 -46 -13 -63 -15 -51 -30 -21 -66 -45 -29 -97 -40 -68 -30 -81 16 -1 110 -59 -33 -53 -37 37 -53 -24 -20 -46 -29 -51 -94 -57 -3 -105
34 22 82 -18 5 90 26 32 1 19 36 61 10 -26 10 9 -56 -8 -26 51 4 15 37 1 41 55 -1 105 -22 58 -62 10 35 12 2 -7 10 27 12 28 28 17 26 5 4 -39 14 -35 26 33 -20 47 -25 -3 16 12 -1 -75 -36 58 2 18 -40 45
-96 -39 -52 -82 -85 -44 -14 -13 -73 -23 9 -28 -53 -69 -103 -9 -61 -4 -44 -17 -18 -32 -2 -1 -56 -72 -72 -125 -56 22 -36 -27 -124 -32 -36 -45 -52 -112 -39 -36 -115 -44 -58 -110 -21 -49 3 -10 -75 -124 23 -68 -78 9 -54 -52 -98 -87 -63 -84 -30 -60 -23 -125
63 37 34 12 19 59 20 24 61 -7 36 52 2 65 34 23 -21 24 41 39 42 50 100 -5 10 4 75 84 27 99 47 20 23 35 39 84 63 75 -7 78 19 16 16 15 -2 119 -10 -82 28 42 22 44 44 45 55 18 -5 49 2 13 57 1 12 39
-36 -20 54 86 -61 -4 92 -20 68 -10 4 -39 0 -49 21 8 94 64 -12 37 -35 51 -31 68 -16 16 -21 7 46 34 -42 60 13 0 17 25 3 3 4 -66 -47 -3 40 -3 40 -34 -92 -21 -36 -1 5 -18 -51 70 50 -18 54 28 31 55 18 50 0 11
-3 11 28 11 -9 35 -32 81 26 39 11 28 -11 73 -50 50 17 9 16 55 43 50 28 44 9 16 50 46 -12 18 -13 13 17 -3 -46 67 42 26 59 19 1 -18 36 10 15 0 31 49 27 71 20 25 -1 13 13 -33 53 62 -52 -25 14 17 -28 -33
-40 -17 -37 -63 -30 -72 -47 -65 -86 -13 -94 -32 -52 2 7 -46 -28 -7 -46 -25 -15 -84 -40 -14 -24 -71 -52 -12 -51 110 -50 -49 -81 -36 -48 -21 -19 -17 -3 -58 -87 -27 -28 -67 -77 -72 11 -52 -43 -73 -2 -47 13 10 -90 -6 -48 -31 0 -37 -13 -127 -64 -71
23 -30 19 -44 -7 -43 49 -15 18 13 84 1 54 39 26 0 2 36 -15 52 -3 73 18 24 14 106 43 76 14 22 17 51 12 16 24 10 -20 -20 -16 21 -22 85 -38 7 53 46 80 45 -74 -26 -32 15 20 55 1 15 17 17 -47 13 -8 57 18 54
-82 -5 -11 -27 -27 -31 -71 -18 1 -69 -80 -90 -46 -80 -91 -48 -59 -88 25 -47 61 -29 -38 -47 -42 -100 -47 -47 -8 21 -18 -34 -85 -23 -58 -12 -105 -107 -67 -45 -61 -51 -3 -77 -15 -19 16 -64 -81 -86 -31 -77 -65 -101 -106 -48 -40 50 -59 6 -4 -86 -13 -71
-15 122 -24 -15 -1 13 -57 32 -42 -14 37 -29 -20 30 -42 -21 44 -10 -8 -27 16 -5 15 57 -18 75 10 66 0 -13 15 4 45 -19 20 46 -5 -1 -6 41 14 21 35 27 -41 24 -8 -32 -1 8 41 -17 19 11 -1 6 4 15 54 18 -3 -4 40 70
106 10 52 62 69 -125 22 73 88 90 67 97 93 46 125 45 22 82 97 127 91 114 87 49 -6 54 20 50 60 107 86 83 68 82 35 88 40 113 84 73 53 66 40 71 -30 47 -85 40 33 92 84 95 73 77 62 -127 46 67 9 81 62 61 103 67
-44 -92 -58 -71 -20 -31 -31 -111 -118 -45 -35 -89 -66 -51 -46 -29 -33 -107 -79 -22 -90 -117 -27 -32 -81 -94 -60 122 -18 -74 -19 -41 -80 -77 -76 -12 -53 -36 -22 -120 -44 -19 -35 -21 -14 -92 -57 -46 -43 -103 -24 -54 -21 -74 -64 -71 -79 -70 -107 -24 -98 -79 -20 -52
107 45 55 29 70 70 21 104 66 123 77 -125 77 100 22 67 -125 79 86 -128 50 69 125 115 120 112 59 82 93 97 102 89 85 110 65 127 95 106 91 111 -102 91 54 120 76 39 71 66 56 104 105 67 -121 69 69 103 110 107 42 61 75 111 56 127
59 57 26 21 42 -12 77 18 -4 46 -42 75 52 72 57 88 69 24 80 88 9 -120 12 99 37 14 70 36 8 45 50 111 34 -5 41 57 23 37 31 66 93 49 10 109 36 57 34 84 73 50 -115 44 39 10 2 67 89 -4 75 18 26 -32 22 106
-24 -35 -35 31 -35 23 4 -25 -20 -21 -38 -14 -41 -61 1 -15 27 -95 -57 17 7 -36 19 -25 -78 -24 -34 36 -38 47 -39 -32 -39 -26 -59 -13 -27 -57 -62 2 -74 -30 -7 -21 -40 -30 -105 -71 4 -27 -66 -8 -6 -26 -24 -55 -20 -86 -42 -67 -39 11 -6 -37
-112 -43 -61 -49 0 -9 -79 -56 -13 -120 -12 -54 -82 -40 -108 -22 30 8 -56 -92 -96 -59 -90 -69 19 -40 11 -43 -15 -22 -12 -48 -58 -57 -53 -57 -59 -118 -41 -26 35 -90 -71 -14 6 19 -8 -39 -44 -93 -66 -30 -31 -31 -78 12 -81 -83 -73 -43 -9 -110 -7 -33
-69 22 -47 -20 -16 15 -66 -83 -58 -17 -82 -43 8 4 -37 -102 -53 -36 -69 -76 -62 -118 -18 -91 -6 -17 -86 -28 0 -5 -55 2 -8 10 -80 -84 25 -41 -35 -53 -13 -56 -44 -40 -59 -88 -17 -34 -60 7 -105 -55 -80 -45 -88 -54 -43 -23 -43 -107 -18 -34 -61 -53
-41 -38 -69 -18 -35 -65 -76 -59 -59 -114 -31 -90 -71 -11 123 -106 -8 -72 -107 -80 -58 -45 -94 -60 -83 5 -82 -119 -93 -61 -88 -70 -76 -106 -88 -77 -16 -89 39 -93 -63 122 -46 -46 -83 -66 -55 -74 -62 -64 -51 -83 -60 -52 -40 -33 -55 17 -79 -68 -32 -45 -56 -60
-39 -35 18 -76 -6 -19 -71 -42 -19 -27 -10 -41 15 -8 -4 35 -19 -76 -39 -15 9 -93 -100 -44 22 -6 -39 -47 -62 -30 -65 -60 40 -60 -36 -1 -50 -23 -49 4 -9 21 17 18 -8 -11 24 -19 -37 -21 -94 -13 -15 -35 -23 5 32 -93 -75 2 -34 4 -44 -79
3 117 -44 -58 -17 -52 -31 -95 -32 -23 -88 -27 -54 6 39 -49 -52 -52 -54 -36 2 -29 -52 -16 -98 -38 -26 -112 -30 -8 -9 -54 -23 -3 0 -69 -111 -66 22 -9 -74 -37 114 -103 -21 -41 -21 -69 -5 -1 -59 -13 -79 -80 -38 -10 -92 -38 -47 -12 -46 6 -11 -18
5 65 13 68 21 15 -5 79 15 -29 43 43 32 2 108 44 5 42 28 10 66 -10 43 76 35 51 89 10 80 29 41 89 28 26 5 112 20 112 14 14 -12 84 -3 50 80 49 -38 42 69 55 101 78 22 56 90 57 90 50 86 32 22 44 12 17
88 57 50 113 101 10 92 -4 77 8 49 43 57 65 44 42 100 49 54 47 -3 55 46 62 10 29 86 78 71 124 67 77 94 16 48 -116 38 -10 125 65 61 43 64 17 91 15 61 24 -24 71 86 78 65 63 -1 21 45 77 88 44 89 60 84 77
-65 -49 -26 -44 -16 -64 -58 -20 -33 -11 23 -22 -14 -20 -54 -64 -23 -6 -100 119 -64 -44 -48 -94 -9 -48 -56 -112 -70 -86 -6 -40 -48 -41 -76 -29 -71 -21 -73 18 -26 -51 -32 -35 -60 -83 -49 -54 -92 -33 8 -105 -81 -74 -68 -27 8 -48 -33 -57 -47 10 -12 -51
29 95 20 43 -30 48 -5 29 25 -24 -13 -49 87 39 46 22 34 31 84 40 81 -16 15 35 48 9 79 77 30 12 16 -40 36 108 34 63 91 14 -2 19 86 98 -32 66 28 9 -6 69 -29 53 70 65 54 6 -11 66 74 -21 62 77 9 22 -11 73
-30 11 -35 -23 29 -31 -92 -92 -35 -35 -45 -12 -2 -10 68 -47 -66 -14 -51 -48 -68 -112 -79 -107 -69 -19 -34 -55 10 -60 -64 -3 -70 16 5 -87 3 49 -11 -76 -86 -4 -57 -35 -42 -56 -43 -63 -3 -30 -14 -2 -42 -23 -52 -23 -81 28 18 -21 19 -20 -79 -35
12 72 93 83 72 49 25 90 82 62 39 59 69 59 48 23 50 59 5 75 69 23 43 62 28 37 51 35 51 39 38 57 41 29 43 55 3 -8 23 46 50 7 25 90 39 44 58 63 8 29 59 -15 94 90 73 36 43 72 -29 50 82 40 87 53
-24 -4 25 -52 1 -55 31 -56 -34 -28 -34 -53 42 25 -21 6 36 -51 9 25 -21 -11 -11 18 -38 -53 43 -16 -9 4 -18 -26 31 -13 -14 -68 -55 -32 -26 -42 34 -39 -6 -33 -16 -15 -34 10 43 -16 0 -26 -31 -54 -48 28 -26 4 -57 -1 -33 -31 -24 6
-45 -16 -80 -103 -64 127 -77 -88 -36 -85 -23 -70 -93 121 -76 -65 -72 -61 20 -64 -64 -78 -81 -31 -43 -43 5 -56 -96 -33 -73 -83 -11 -59 8 -74 -58 -92 -24 -56 -2 -60 -67 -34 4 -43 -62 -55 -19 -111 -101 -109 -40 -33 -93 -6 -98 -41 -20 -67 -56 -1 -56 -111
48 -43 -48 57 -36 11 34 -36 12 49 0 24 58 -11 -10 -36 -52 -59 57 39 17 80 50 -26 -8 11 71 5 -59 24 2 -60 -24 33 30 34 -19 -34 -69 -50 -75 -24 35 -13 43 -3 -28 51 -15 33 -52 -61 16 67 32 20 21 39 37 -42 -3 -60 26 25
30 -1 51 40 -32 1 34 -31 -33 -17 -30 4 20 1 56 28 64 4 -24 42 -3 -15 35 72 -59 -17 -22 10 -53 -20 12 71 -36 17 19 -13 52 -7 12 -19 16 -20 50 32 69 110 41 76 -27 35 -4 7 56 32 65 -29 45 -31 -4 55 55 27 -28 36
32 93 96 87 41 27 -14 -121 17 70 60 37 98 26 -97 79 22 51 99 78 -3 -46 29 10 54 55 57 -4 83 -2 25 47 117 56 101 32 47 53 96 50 58 35 29 91 17 50 76 -22 16 78 60 45 -6 93 80 44 76 0 -11 17 -114 70 84 28
-61 -55 -32 -17 101 -26 -19 -28 -72 -102 18 -50 -46 -8 -42 -57 -65 -125 -57 -106 -35 -20 -59 -18 -38 21 -4 -101 -12 2 -64 -50 -35 -19 -69 -16 -33 -28 -45 1 -39 -24 -75 -33 -70 -45 -24 -21 23 -51 -69 -42 -60 127 -53 -58 30 12 -50 -32 -49 -52 5 -70
-5 38 49 70 -34 -14 -64 28 -19 64 1 17 -23 -33 67 -14 -8 6 13 18 -27 -20 -2 -20 -11 10 11 10 -13 38 -85 0 21 6 16 -60 23 -34 11 0 77 9 24 -38 34 -68 52 18 -42 -2 17 28 -22 -6 -13 7 5 -22 -32 -40 -46 32 -81 -68
-4 -7 13 16 63 45 46 47 24 91 77 47 29 2 1 13 8 -10 5 1 42 6 26 13 64 -61 7 32 13 25 -45 36 9 26 -10 -1 12 16 18 88 -19 -6 27 15 -46 24 -10 14 46 31 -28 -46 -11 51 3 72 14 24 11 45 -6 19 21 45
8 77 57 42 60 27 8 63 85 -9 27 35 19 58 -25 8 21 69 80 -38 73 40 73 23 60 30 39 82 0 27 83 55 30 -7 42 40 56 2 82 39 45 60 3 47 32 75 2 6 120 -9 78 11 52 93 37 62 10 36 33 34 1 -13 -8 95
-31 -4 -63 -66 11 -24 -44 4 20 -13 51 27 -29 -34 -55 -32 -36 -5 22 -2 -16 -10 -68 -25 23 13 -15 -27 49 -36 -62 -39 65 -4 6 -20 -40 66 -9 -13 50 7 -47 6 -7 -79 -5 9 26 7 38 69 14 -15 -51 41 26 19 -16 21 -57 -54 8 0
-68 -9 -1 -69 -15 -32 -58 0 -69 -57 -31 -65 -85 9 -11 -67 -60 -75 -82 1 -48 -104 -25 -41 -41 -26 -47 -54 6 -23 -44 -51 -48 -35 -6 -54 -67 -19 -22 -40 -46 -41 -10 -85 -22 14 -63 -16 -23 -42 -20 -112 -41 -40 -6 -61 -61 -58 -3 2 -29 -50 2 -25
-90 -36 -53 12 -45 -61 9 1 47 -61 -5 -23 -43 -70 -32 -59 -27 -21 -23 -59 -83 -64 -24 -51 5 -95 -63 -23 -24 -47 -100 -79 -23 -43 19 -38 -75 114 -109 -87 -19 -41 -115 -64 -44 -63 -102 -33 -30 -33 -105 -23 -32 -82 -40 -52 11 -61 -13 -50 -116 -46 -43 -40
-50 70 -24 15 4 -10 25 39 60 56 4 62 -95 6 -1 13 43 26 -25 6 -4 18 20 -39 0 -20 -21 45 31 67 -2 47 51 -22 23 19 -24 -7 74 36 -23 -36 24 -38 -14 -37 -13 -31 -14 -70 12 31 -25 -2 -83 -11 -7 -23 -2 49 6 28 -11 -21
2 -29 11 6 -5 9 -19 55 0 -9 -43 -37 -30 -54 -4 -4 -73 0 6 33 30 -5 7 -40 -22 7 9 26 -65 -63 -43 -39 38 -39 30 14 -20 -40 -34 -2 51 20 -29 -50 -40 -37 21 -48 46 26 23 -52 -13 -5 31 -33 -20 39 14 -36 -52 6 37 -48
55 87 116 70 95 56 105 17 21 68 88 59 -114 94 86 83 56 99 86 107 46 65 52 34 65 90 47 65 11 31 90 102 51 78 23 77 22 47 64 33 64 88 63 49 60 45 13 105 53 56 80 -7 3 -13 37 43 78 39 90 109 63 43 36 40
-17 55 65 15 -59 -45 -70 -46 25 -6 -11 29 23 -1 10 -11 30 -50 16 -21 -10 60 30 18 76 73 -3 -17 28 70 5 -23 -53 -21 53 23 -36 32 51 20 8 -10 -8 -2 -39 15 9 -19 29 -19 -47 35 -19 -38 15 -18 39 17 -24 -14 29 46 32 -8
15 3 31 -18 60 73 -13 11 6 -15 75 9 4 4 -2 29 37 28 47 -42 81 64 40 2 21 48 -15 -36 8 25 42 -4 36 1 83 20 56 -6 67 56 7 -13 -24 -20 41 24 112 43 2 42 16 26 63 72 13 49 59 39 39 -20 35 32 23 -22
-5 48 25 -60 -13 -10 -39 -24 -35 -41 2 -45 -80 10 7 -48 -5 -10 -2 30 29 -61 4 16 12 -18 0 -48 -67 -14 -34 -2 5 43 2 -38 -44 26 -8 9 13 -9 60 -3 -33 -9 19 -10 11 15 20 -53 15 40 20 -39 7 19 -73 19 -39 -49 -10 16
-1 -60 -47 9 -50 -24 -51 18 9 -5 -67 -24 -19 24 29 13 0 2 20 -27 25 25 16 -17 14 -21 29 12 15 25 -41 -20 45 -59 -17 -36 32 9 -42 1 25 31 36 5 -32 6 -13 13 -38 49 -59 -43 41 11 -18 -7 29 80 8 -8 -37 -28 -16 -6
-11 69 2 30 -11 34 -18 -21 52 0 14 -59 28 -17 5 63 -17 -11 38 -61 81 -29 12 3 3 14 60 32 -29 37 -4 6 43 29 52 -5 -81 -14 3 47 -4 -12 39 9 -2 -30 15 -11 45 76 -60 40 -23 -5 13 -31 65 50 35 23 23 -24 83 5
-108 -75 -53 -108 126 -85 -65 -81 -59 -121 105 -65 -119 -97 -60 -126 -82 -77 -36 -32 -127 117 -34 -98 -49 -57 -70 -122 -96 -38 -52 -118 117 16 14 103 -86 -100 -45 -84 -64 -111 115 -54 -53 -87 -57 -106 -62 -99 -56 -48 -5 117 -67 -58 -104 -117 -95 -119 -93 -117 -23 -47
107 118 115 118 40 67 117 79 8 83 118 108 79 96 20 65 95 69 21 32 80 119 62 -126 124 -117 85 89 100 70 95 90 104 112 102 50 88 -114 120 37 100 32 107 -10 62 80 87 88 47 116 46 70 68 103 93 78 95 65 -126 -118 48 80 73 68
-43 -41 -99 -18 32 -55 21 -22 13 7 -2 -18 -23 -26 -47 0 17 6 25 6 117 -17 -50 -6 -5 -54 25 -3 16 -11 -40 30 -21 17 58 -106 -66 16 5 -1 -40 -22 -55 13 -52 -1 -18 -42 -26 -37 13 -4 37 19 -21 25 19 3 21 16 -50 -16 -1 -41
0 8 0 21 -22 64 24 1 83 7 24 -10 49 28 -3 2 25 47 6 23 -89 3 50 53 -9 2 3 -7 2 47 49 17 20 -16 25 51 -5 -28 -91 73 23 49 14 -43 32 17 81 -14 7 28 -5 32 33 58 21 -33 16 12 65 -1 4 42 65 32
-13 -23 26 -53 62 5 -10 -44 -7 -57 -91 8 69 -15 -19 -42 -91 4 -45 -48 16 -79 -6 -58 -19 -67 -36 -16 -6 1 -18 15 -3 -49 11 -88 -55 -13 -17 -24 -1 -18 -22 -47 -41 -8 -62 -48 0 -35 -69 -79 -10 2 16 24 -64 50 -22 -16 -53 -38 -39 -12
83 41 45 8 0 60 47 47 48 107 111 100 3 43 20 118 -17 28 83 55 56 12 95 28 98 59 63 -12 71 -67 35 72 -115 54 126 63 44 51 -2 22 25 -27 24 45 118 -7 117 96 63 15 43 50 18 81 24 83 -9 83 12 25 22 19 83 20
16 46 28 -1 -45 5 42 -16 -34 13 15 -12 -26 26 43 33 23 -20 51 0 -36 -20 45 -14 13 3 78 26 -24 65 12 66 28 61 -17 4 -34 4 63 36 -7 32 4 31 60 4 46 -15 24 -4 -12 21 5 16 -83 40 -7 28 31 -9 -1 65 15 -59
-10 4 16 37 19 -7 -10 -26 22 56 -77 34 -59 -50 -9 7 -9 19 32 -4 -47 6 -8 59 -27 0 23 54 -48 23 43 7 -28 2 68 7 -54 9 23 -19 1 40 36 47 38 13 5 19 -30 18 17 9 28 -18 6 19 -3 -46 6 -41 -5 2 -45 41
45 -101 -86 29 -1 -2 -24 -7 19 -27 51 -10 22 -32 -74 -32 -49 -33 3 -95 20 0 -22 -48 -51 64 37 -82 16 -6 -50 4 -3 27 42 -14 36 -57 -67 -70 17 -41 67 -10 32 -37 20 -3 -91 0 -24 -68 28 46 -48 86 -11 -56 24 22 -25 -9 -52 -9
53 -63 22 -1 41 -48 -9 6 -5 49 -89 15 3 9 -18 -23 -58 18 -12 -42 -7 26 15 -75 43 -38 -8 17 17 -6 -48 -55 -10 -37 -37 -34 33 -59 5 -14 33 -48 -1 -10 67 53 30 -74 -20 36 -53 9 21 56 20 -11 -38 13 14 -28 49 -2 -27 37
-54 36 -66 -42 15 -69 3 -46 -37 -39 49 36 -31 5 -55 -30 16 -27 7 -84 0 -9 -43 -24 -39 -58 -38 17 -32 9 7 -28 5 19 -4 -75 -56 -29 41 -63 -15 -31 -22 -55 -36 39 5 -39 -10 -16 -44 -17 -38 -43 -53 -33 13 -29 -47 -23 -36 -42 -7 -111
11 -21 -42 -27 19 -27 41 18 -28 -16 20 -27 -9 -11 27 8 21 -48 -4 61 15 50 24 -11 -1 34 -29 4 -7 -5 -7 7 6 -20 -40 73 -3 2 -54 22 -56 -22 2 -8 -24 57 6 13 -15 47 10 10 20 -30 20 21 26 -46 51 -8 -6 16 9 -52
-8 -58 21 -21 -43 18 22 -24 35 2 61 -16 -13 -32 17 -3 -58 -32 -39 30 -11 -36 9 -11 -36 -49 -66 -26 2 -32 -94 -27 -4 36 18 -3 -28 -8 -46 31 -120 -18 -61 -48 -10 3 10 0 -31 -84 15 -32 -35 -29 -8 -16 -47 -35 -42 -98 -52 -79 -46 -32
34 19 -60 -10 2 38 -31 -57 -53 13 -8 -30 0 1 -30 7 0 -4 33 -54 50 -5 9 -27 0 22 -44 4 42 32 -1 -13 -13 -72 -46 22 -22 -23 -30 -26 -70 60 28 5 -17 -49 65 35 1 13 -21 -20 7 55 -17 4 -12 -50 -1 -27 -111 -47 11 35
37 44 74 18 5 73 52 55 45 68 10 71 81 55 -30 26 9 74 35 26 -5 2 24 -22 13 25 14 48 73 25 -7 0 26 81 15 -8 93 22 88 19 43 83 -59 -16 61 78 58 76 17 99 26 40 43 -3 24 8 59 -40 -25 64 -6 68 12 13
-44 2 -1 16 -38 -5 -2 13 -51 23 -12 -16 -14 -21 -8 -20 -53 22 -20 -65 -10 -12 -18 -2 4 68 2 -20 -1 -9 8 -24 -10 51 12 43 -23 30 1 44 -55 1 -5 -59 36 -23 46 50 -41 -61 -56 -40 -50 -41 38 -58 -5 -48 -6 -18 -38 27 -22 -5
34 101 77 94 49 32 40 3 41 31 120 99 0 55 -14 -1 -12 33 -23 -11 93 -39 79 22 -25 64 78 93 25 22 -8 52 -12 15 4 46 53 44 50 72 39 18 65 111 57 76 -21 39 56 74 28 -4 34 -1 40 41 37 0 77 7 105 25 46 0
53 19 85 44 8 10 81 78 36 39 22 104 19 42 -7 68 2 -33 45 33 103 44 81 24 48 44 -6 74 19 22 92 56 47 -5 59 -20 42 34 81 110 26 64 69 49 -33 6 21 72 100 25 55 78 59 27 42 -15 40 47 13 54 51 21 33 69
64 99 66 64 73 -1 20 73 78 35 -2 52 82 91 35 51 34 70 74 74 19 39 39 40 61 23 5 80 52 20 19 42 11 10 -3 30 -3 68 45 37 39 57 15 93 -112 36 24 15 14 52 76 91 105 47 42 44 31 30 17 10 47 16 36 9
118 40 77 36 44 77 72 1 21 47 12 60 83 47 -5 41 8 -35 47 2 28 8 68 -18 109 13 49 45 6 15 49 25 7 14 41 69 34 60 -1 40 25 40 105 -24 34 36 36 41 34 52 3 27 -25 -3 29 56 78 117 73 46 54 59 45 -17
40 22 52 8 39 43 41 31 47 79 70 96 36 61 -7 -2 52 48 41 4 -23 40 -23 84 40 67 50 80 38 -7 51 1 -36 -8 58 -30 0 81 72 91 56 50 0 -29 34 58 20 31 52 32 4 83 66 63 85 54 71 29 77 78 30 72 35 39
-54 -5 -70 -21 -17 49 -21 21 -27 -13 -29 -48 0 -35 -81 35 -29 26 10 47 -27 -11 -26 -54 75 -7 -43 -23 -66 11 -10 -39 29 -19 -14 -38 63 -22 -36 18 41 -67 -13 -10 -31 -13 -4 11 -20 -41 -13 -27 14 -29 -7 -19 -6 -34 -45 6 -52 44 -39 -15
113 34 78 -98 61 111 42 19 86 23 89 48 108 71 82 79 45 71 57 87 88 65 28 57 26 55 66 52 -114 63 63 127 38 111 60 -108 102 55 115 74 86 97 -82 47 113 52 68 78 25 100 12 47 36 82 62 67 98 50 -94 36 118 78 80 71
27 41 63 88 58 0 31 43 72 70 52 -24 41 82 51 48 34 61 9 101 61 110 78 50 68 60 45 54 52 63 47 9 54 13 2 58 22 52 22 45 39 34 93 74 0 51 92 59 61 62 6 52 82 89 35 59 51 99 32 44 60 9 -3 37
-38 -11 -66 -25 12 -110 -6 -68 -4 -42 -19 -38 -8 -20 -46 56 12 -43 -49 -47 12 -67 -46 34 -10 28 -4 3 56 -83 -35 -44 -5 -28 -21 -19 -126 -8 -48 -89 -13 -50 -2 -42 -88 -57 5 14 -24 12 -6 -62 8 -34 10 -42 -22 -47 -4 -39 -56 15 -55 -39
-10 -20 -55 -31 55 -39 9 -70 -29 -3 -6 -21 59 1 -86 6 -95 -8 7 -65 -44 -37 -11 -28 -28 -37 -10 -64 -27 -94 -39 -32 -70 -56 -32 -5 1 -92 23 -80 -19 -72 44 2 7 -7 -25 33 -29 -37 -27 -89 -3 14 -43 -70 -3 -36 35 58 -42 -8 -69 14
42 24 12 -10 45 -21 -63 -24 -33 -21 3 26 2 -4 11 45 26 -12 1 -2 11 10 49 21 52 1 54 55 58 59 5 40 11 54 1 16 43 41 2 42 -12 2 52 -26 -27 18 -75 27 -4 55 39 24 26 22 -31 18 42 25 -13 -34 -32 78 15 -1
-29 -40 23 10 -42 -78 -15 12 -10 25 16 93 3 4 6 -38 -63 36 48 75 -28 17 -70 25 11 -1 10 -19 3 -2 -78 -18 -29 -2 -28 11 26 42 -88 56 -33 -35 -8 -80 -59 16 3 41 9 25 -4 19 -1 -65 26 2 2 -17 10 23 -58 28 -52 -28
-26 12 -75 -53 -2 -78 -46 -42 -39 -53 -23 -25 -81 -29 8 -95 -32 30 -24 -34 -44 -18 -63 -31 -60 58 17 -2 -15 -2 -20 -12 -31 -21 18 32 -29 -5 -50 -64 -78 36 -56 -4 -1 -31 -80 13 -42 -32 -74 -54 12 -37 27 -34 7 -57 -42 -8 -44 -68 50 -5
41 52 14 80 57 14 -28 5 -34 74 74 -14 100 23 40 20 25 23 63 -4 -8 15 34 -8 52 64 37 17 -3 65 38 19 51 56 64 74 54 106 57 40 43 -12 73 38 -14 -8 67 11 36 19 38 60 5 10 34 41 -7 28 81 33 29 27 4 29
43 -26 -51 -68 -22 -29 2 -56 3 -22 -46 -41 -84 11 -27 -52 -67 -47 -6 20 39 -32 -82 -40 -32 -68 -19 -42 -45 24 -29 -11 -50 -8 44 -38 -68 -35 29 -43 -18 -79 -77 -23 28 -6 -54 -41 -68 -9 -58 -35 -66 -36 -37 -52 -25 -13 -37 -16 -8 -20 13 -49
2 -58 11 4 -19 -13 -74 -16 -54 -64 -15 -55 -30 -22 -2 7 -15 -74 -22 25 -13 -21 11 -76 -27 -30 -44 -53 -75 20 -118 -42 -41 -9 23 -32 5 -73 -18 -41 -38 -89 -99 4 -28 17 -1 -61 -12 -14 -11 -62 -12 -55 -30 -35 -49 -24 13 27 -41 9 -15 9
-37 -70 -79 -57 -75 -89 -82 -81 -30 -105 -51 -101 -102 -65 -68 -14 -53 -43 -53 -115 -68 -35 -73 -61 -125 -63 -84 -41 -24 -30 -60 -92 -63 -45 -87 -64 -89 -78 -96 -24 -74 -104 -108 -10 -74 -35 -92 -75 -49 -89 -102 -53 -109 -82 -70 -38 -30 -71 -70 -77 -68 -61 -72 -90
13 15 43 73 -17 66 57 22 63 17 47 39 9 26 -29 46 64 57 29 53 103 97 24 80 24 41 5 -23 12 57 -1 18 69 85 78 66 19 20 118 84 31 36 35 38 83 13 0 100 36 63 5 43 23 51 5 76 87 89 56 34 41 54 38 3
24 35 46 -1 -22 3 55 10 24 -42 78 47 33 30 20 84 17 0 13 56 -20 16 -107 32 39 5 33 -19 -19 77 -8 65 4 44 0 13 21 30 -39 -4 -7 -51 46 65 5 -14 54 39 -48 35 71 34 48 12 53 -9 -15 -10 4 37 25 57 28 59
-59 -83 -69 -80 -109 -89 -98 -68 -37 -40 -45 -49 -18 -16 7 3 27 -3 10 -49 -107 -36 127 -28 -104 -72 -4 -43 -26 -46 1 -78 -79 -30 -56 -126 -40 -28 -83 -38 -76 -70 -60 109 -45 -51 -73 -83 -81 -65 -99 -54 -78 50 -63 -64 -39 -79 -115 -34 -99 -30 -83 0
0 9 3 59 -14 86 65 13 35 19 43 74 8 -17 84 13 38 80 26 24 55 61 35 13 1 18 20 12 -20 40 55 -1 98 51 43 83 28 12 69 41 -15 61 -3 42 11 68 93 111 -15 102 84 69 67 1 16 86 42 50 75 53 72 -34 5 94
17 -25 -13 -31 31 17 -9 62 -5 -5 15 29 12 3 42 -34 36 -66 38 -18 -6 -40 -24 8 -3 34 -24 70 52 31 -23 -25 -19 2 -7 14 10 -18 -17 15 25 -35 -78 -29 22 8 -24 2 4 -21 12 36 31 -23 -34 -29 -1 -13 30 37 -33 20 -14 35
-30 17 -42 -70 -33 -16 -15 -59 -85 -58 -10 16 -101 -11 14 -106 -27 -10 -19 -28 -59 -16 4 -67 -10 -43 -60 -23 -29 -117 -8 -30 1 -16 -43 -70 -8 -36 -67 -14 0 -17 21 -36 -62 -32 -3 -7 5 -37 -24 0 -43 -65 -87 -58 -45 -13 -7 -82 -30 -23 -63 11
-21 -44 -103 -17 -62 113 -28 -61 -32 -77 -47 -36 -112 -40 -22 -95 -25 -26 -50 -60 -72 -43 -12 -47 -67 -22 -23 -31 -122 -79 -1 -67 -46 -62 -55 -36 -26 -71 -51 1 0 -1 -75 -77 -76 -51 -73 -37 100 -75 -81 -101 -2 -49 -60 -45 -47 -22 -30 -35 -17 -28 3 -42
-29 -85 -85 -36 -92 -17 -15 -86 0 -59 -50 -101 -30 -30 -101 18 -41 -83 -71 -26 -37 -58 -20 -57 -60 22 -4 -43 -38 -45 -53 -39 20 -69 -67 -67 -100 30 -60 -65 16 4 -76 -65 -67 -32 -44 -16 -34 -56 -50 -39 -59 -6 -73 -71 -60 -78 -77 -41 -88 -85 -4 -37
-66 37 -6 33 53 -6 47 -10 -17 15 -48 4 9 8 5 43 64 21 64 -51 93 55 19 -31 42 31 -8 5 3 -19 0 1 65 57 -59 45 -61 93 65 69 -27 -8 68 -30 53 44 35 65 -50 5 -19 18 41 82 5 9 -21 76 41 44 34 33 -20 82
30 -35 -64 -30 -12 -21 -87 -20 -56 -39 15 -37 -32 -18 -10 -23 -47 -63 -46 -19 30 21 -42 -67 -3 -67 -55 15 -33 21 -21 -38 -1 -29 -53 -4 -20 -3 2 13 -79 -32 0 -58 19 -3 18 21 -39 11 -49 12 -30 -14 -23 -40 -52 -3 -6 -38 -73 30 9 -76
110 -101 -53 11 -88 -24 -115 -54 -8 0 -107 -76 -87 -62 -41 -21 -86 -68 -95 -87 -86 -63 -77 -76 -81 -92 -62 -99 -64 -2 -51 -46 -86 -82 -59 -61 -48 86 -94 -112 -56 -81 13 -40 -18 -47 -36 -66 -47 -65 -54 -72 -98 23 -63 -28 -86 -45 -98 -90 -43 -18 -102 -75
-56 -61 -18 19 -94 -11 -68 -8 -42 -56 -22 -60 -27 8 -82 -56 -58 -1 -20 -79 -3 -52 -84 -21 -44 -51 -40 -66 -10 -19 126 -24 66 -51 -33 -11 -37 -52 -79 -44 -77 -54 -47 -59 -47 -78 -38 -107 -60 -22 -49 -69 -31 -9 -46 -84 -18 -77 -45 -21 -62 -18 -58 -50
-30 7 -31 -59 -92 -104 27 -64 -55 6 -16 8 37 -26 -41 -18 2 8 -57 -105 -20 1 16 -29 46 -39 -78 -17 -1 -2 -46 -45 -18 11 -21 -10 5 7 18 -37 -10 -38 -29 -70 -25 -65 -63 -55 13 -61 -7 -47 -17 -2 -33 0 -33 -74 -54 -85 -1 -14 -57 2
-4 4 -3 30 72 -30 16 -50 29 -3 -8 -13 13 39 -33 42 21 47 15 -6 66 -33 1 -16 45 3 -4 20 -24 50 -11 3 -14 -13 1 11 42 -68 44 -62 16 2 64 -4 71 -6 -51 41 28 -42 -35 26 -40 -3 33 9 27 -27 15 32 66 51 -20 -32
-52 -75 -42 2 -70 -67 -24 -4 -87 -51 -24 8 36 -43 -21 -12 -55 -45 -24 -32 -55 22 6 -38 -33 -38 27 -22 -40 -29 -68 -29 6 -39 44 -90 -32 -57 -47 -1 -42 30 -63 -59 -60 19 -43 -71 -107 17 -35 -70 32 33 -33 11 -35 -64 -63 -63 -55 -26 -9 -31
5 19 0 -10 81 59 90 57 15 27 52 11 87 50 11 38 -21 86 58 -31 20 51 52 5 51 33 2 15 82 96 25 35 24 -21 46 2 27 75 82 87 64 25 47 -16 48 53 31 -20 125 90 25 44 65 69 37 -12 46 45 23 24 0 52 9 -5
-53 -87 -100 -110 -28 -57 -38 -67 4 -103 -9 -103 -27 -23 -29 -59 -60 -85 -44 -89 -6 -5 -84 -89 -76 12 -44 118 -46 -37 -59 -20 9 -64 -51 -64 -67 -70 -106 -43 -18 -16 -53 -30 -90 -74 -72 -35 -40 15 -111 -73 -70 -84 -50 -61 -72 -64 -97 -29 -100 -60 -44 -115
1 -56 -33 -39 -84 -48 -47 15 2 -3 21 -34 -123 -22 -61 -31 -82 -68 -59 -88 6 -36 6 -22 39 14 -4 -24 -37 -39 8 2 -22 -31 30 -23 2 -16 -37 -16 20 -89 -14 -45 -9 -42 -46 -60 -109 11 -4 -23 -15 -46 -45 -15 -66 -40 -35 48 -56 -57 35 -65
-3 -53 -73 -19 -68 -86 -72 -38 -83 -121 -48 -95 -47 -83 19 -60 -26 -24 -24 -51 -90 -47 -26 -68 -47 -90 -85 -88 -52 -46 -109 -67 18 -19 -40 -86 -45 -19 -67 -93 -85 -62 -60 -79 -37 -56 -34 -55 122 -72 -11 -22 -100 -16 -107 -8 -34 -2 -13 -28 -120 -24 -124 -76
-4 38 96 92 86 86 88 22 126 61 50 49 88 57 110 29 88 45 73 126 46 22 103 92 33 5 35 111 62 83 126 37 35 51 70 69 66 71 91 51 45 8 84 61 23 88 14 51 97 94 45 63 23 56 29 90 62 65 72 54 32 72 52 28
34 -19 3 -8 106 28 75 71 69 -1 38 63 68 21 65 49 8 14 63 33 36 40 41 1 52 52 3 85 19 43 73 51 19 79 62 37 47 49 69 30 72 31 4 -3 15 82 -12 -31 64 0 -42 39 -4 39 41 82 50 53 19 50 78 56 29 0
-53 11 -32 4 6 -20 -57 58 11 -51 -17 -18 -15 63 -51 -66 -30 -19 -25 21 28 -32 -25 -12 29 70 27 9 -43 10 -46 8 -9 59 21 -16 64 41 11 94 -12 -53 24 23 -33 22 17 -15 -43 -2 18 33 23 -40 -71 -33 -2 46 1 -39 -6 9 5 -56
-23 -6 -53 -23 49 -26 -42 -20 -14 -36 -48 -21 -13 -40 -84 -37 -60 -5 12 -51 -59 -23 -64 -125 13 12 12 -33 -16 -45 17 -11 -5 -24 0 0 -35 7 -32 -30 -9 -3 -5 -34 -48 26 5 -46 -27 -51 0 -24 1 -42 -23 -71 13 -17 2 -47 -32 10 -70 59
-61 -98 -45 -56 -36 -52 -22 116 -34 -28 -85 -48 -17 -6 -83 14 -21 -58 -73 -22 -78 -30 -47 -98 -14 2 -6 -79 -56 -20 -63 -38 -89 -1 -42 -71 -8 -25 -44 24 -6 -28 -2 -17 -21 -84 -82 -41 -21 -48 -27 -62 -47 14 -47 -31 -54 -73 -37 -19 -13 -67 -76 -34
74 44 23 -15 30 49 -16 57 116 39 -29 41 24 30 -9 -77 -7 39 49 82 44 91 21 -41 74 -20 -30 45 -2 26 5 88 25 39 -17 79 25 -3 -88 1 -46 28 35 -51 67 82 50 11 66 127 -15 25 -11 43 36 52 27 33 103 10 -9 -33 25 25
-10 15 -51 -40 -28 -9 58 30 -90 45 -13 20 -16 -64 58 -29 -8 -27 25 -1 14 31 -40 -59 -30 -41 -26 -4 4 4 22 -18 -14 0 6 -60 -107 22 -11 18 12 2 48 40 9 2 8 -27 37 -3 -46 -33 26 42 -36 8 64 40 7 3 23 27 16 -43
49 69 64 19 33 26 110 -11 86 119 118 -49 44 120 17 -109 -109 75 64 80 28 64 51 -115 113 33 60 60 -6 -127 -4 51 70 46 56 68 69 3 47 37 91 23 88 33 4 -5 42 48 77 40 123 85 35 76 88 50 52 37 51 64 45 61 84 60
-35 -26 -48 -86 -95 -78 127 -106 -108 -34 -110 -66 -63 -88 -17 -128 -57 -36 -106 -60 -37 -124 -45 -97 -96 -80 -124 -15 -55 -34 -65 -11 -31 -120 -77 -70 -88 12 -65 -53 -127 -69 -100 -90 -19 -77 -85 -13 -86 -108 -67 -96 -111 -80 -75 -85 -128 -26 -35 -21 -38 -78 -125 -115
35 -8 40 31 51 55 29 0 -11 -16 -44 59 5 -35 13 29 -26 16 16 24 34 -27 48 -20 13 -13 5 -43 32 -6 32 87 -21 -49 78 -11 60 44 -17 18 -10 -15 19 -3 1 44 59 21 -61 3 74 31 3 57 -17 55 18 -16 56 -2 23 27 25 82
60 79 4 14 -18 -27 31 9 21 39 33 26 -3 37 8 47 71 61 64 35 -16 39 18 11 -8 73 30 53 32 12 49 13 69 20 66 33 30 78 26 -19 -15 49 21 99 76 10 -32 15 49 33 49 19 -1 39 102 40 -23 42 31 21 41 97 0 -8
18 -40 -28 -27 -12 30 -61 -32 -41 32 -63 0 19 -5 -14 -9 5 16 -56 -71 -44 -50 12 49 -11 43 22 -34 45 3 11 -60 -58 -68 -62 -16 3 -12 22 -20 23 -43 -20 -1 -3 -27 20 27 27 29 30 5 6 -42 -28 9 20 -17 -82 -4 -61 70 -33 16
115 59 27 91 83 21 43 79 23 56 86 33 21 54 68 5 104 68 73 31 60 25 112 67 117 17 79 19 92 82 91 29 89 67 37 95 95 65 30 86 99 58 -26 25 123 105 74 32 44 47 29 46 94 60 48 59 68 92 96 90 -121 73 19 59
21 3 17 49 32 19 33 86 41 64 71 79 24 71 39 81 77 41 28 49 46 55 45 70 30 33 18 80 41 27 14 78 48 28 55 -116 59 58 45 55 101 47 -30 -99 31 7 25 38 71 77 48 12 -1 -10 11 66 50 68 45 56 36 6 70 58
-31 13 -8 -14 -79 -64 -16 10 -57 -34 -65 -57 18 -82 -65 15 -118 -28 -85 -51 -68 -114 14 -29 -60 -83 -54 -56 -45 -22 -6 -53 3 -54 -3 -67 -17 -73 -70 14 -67 -19 -36 -47 -21 -17 -22 -79 -4 -70 -17 19 -78 -17 -13 -72 -108 -27 -41 32 -24 -32 -13 -3
71 -13 28 60 10 51 24 32 12 15 27 -19 111 11 6 62 33 6 74 80 91 13 30 -22 89 -25 41 47 33 47 9 29 66 -7 34 46 64 36 14 23 -8 56 8 21 40 40 10 38 75 -13 96 55 18 70 53 14 -17 36 68 67 34 -18 33 13
31 30 14 43 -9 39 -13 29 -2 -16 -23 -23 -109 19 -46 -44 -26 37 3 -27 -2 -14 -3 65 -11 -53 -69 -24 -43 -15 -87 -66 -54 -39 41 -3 -17 6 -2 16 45 -32 8 -30 6 -20 -5 10 -31 -5 -49 -18 -6 -21 -9 -22 25 -14 34 61 -24 6 -11 -42
-13 -1 -5 9 4 -45 -51 -5 -49 -30 -18 -14 -9 5 -41 -62 -36 -105 -84 -31 -26 33 -3 24 -52 41 -23 -25 -55 -31 1 -56 -30 -3 -83 -78 -27 -89 -14 -34 18 -34 12 -42 12 -7 4 -41 -71 18 -19 -62 -51 -54 42 -52 14 -52 -3 -92 -17 -33 40 -32
-77 -23 -119 -56 -71 -16 -108 -44 -89 -38 -57 -22 -87 1 -109 -23 -30 -62 -25 -92 -40 -77 -73 -85 -61 -51 -63 -53 -75 -29 -44 -92 -45 -51 22 -103 -125 -86 -24 -62 -68 -31 22 -103 -89 -59 -78 -57 -27 -108 -43 -50 -74 -67 -84 -107 -38 -19 -43 -56 -87 -66 -65 -108
-26 2 28 38 28 18 21 -4 -4 22 14 -1 -8 32 -16 17 -47 -33 127 32 50 74 -43 -40 6 64 -39 -2 29 14 21 -22 48 -20 -16 54 -7 29 -43 -34 73 -36 16 31 27 7 28 58 -5 11 -34 -25 -4 37 5 28 37 47 46 37 59 40 -22 59
21 82 23 16 14 89 58 68 35 -29 25 22 55 28 8 77 86 61 22 52 -1 46 24 72 -5 61 19 -82 59 103 32 38 -19 27 77 14 51 108 5 55 16 22 58 80 35 1 19 -30 104 64 34 24 35 37 -4 10 -13 -5 29 26 63 44 32 35
2 24 23 -30 40 27 36 16 24 -13 2 37 -4 55 48 76 37 34 -37 23 35 12 -26 -27 50 -4 35 -28 1 8 59 -7 34 30 -28 -25 3 27 20 62 85 -9 20 -45 10 54 -2 10 49 7 45 39 26 -17 -5 45 4 111 60 -30 -10 31 3 27
71 7 35 59 -23 61 34 12 68 -2 59 53 51 70 43 64 -104 93 68 49 34 -26 40 69 42 118 57 113 88 78 49 39 28 84 103 60 23 81 -25 64 59 -12 94 42 76 7 84 35 63 62 78 51 45 55 25 72 57 48 87 48 8 82 40 97
77 0 53 -11 13 57 22 -33 32 25 -15 11 11 -3 44 20 14 25 69 114 53 48 43 56 -41 3 16 8 19 55 -13 -13 -8 -6 25 60 -56 23 70 67 23 40 23 105 34 17 49 80 17 56 35 80 40 48 69 -113 74 49 -53 92 90 44 17 42
32 70 50 51 34 82 31 31 66 36 -1 54 9 49 51 13 100 77 2 40 8 71 51 32 48 63 64 24 72 65 93 46 32 40 31 67 110 27 78 41 69 65 -11 102 84 54 16 76 57 -121 -127 99 93 59 26 42 122 77 89 78 47 90 31 79
-35 -37 -19 45 -24 0 79 -41 -6 8 -27 -41 0 92 27 -55 -2 29 6 3 -53 36 -1 53 13 66 43 -9 -40 41 0 25 32 59 0 -4 -12 -13 15 5 58 -30 31 13 1 -15 24 -23 33 -12 18 6 52 45 25 -5 -1 -18 -60 -42 -13 14 7 -14
-71 21 -71 23 22 -59 -80 -69 3 -77 -48 -33 -51 -39 -93 -30 -88 -46 -29 -37 2 -2 -115 -39 -63 -112 -46 3 2 -18 -45 -28 -50 -58 -10 -65 -17 7 -89 -82 -18 -65 -13 -14 -49 -67 -14 -88 -56 -12 -4 -57 -60 -24 -25 -63 -15 2 -51 -11 -40 -83 -71 -31
112 63 72 108 54 -105 81 126 61 37 22 43 73 121 36 100 63 72 98 61 1 31 108 -120 108 63 88 -56 54 100 69 -124 71 106 -128 17 -128 118 35 74 -119 31 78 106 115 59 63 73 65 39 42 88 -95 101 10 119 21 125 114 41 90 64 31 83
40 -32 -54 -72 -2 -73 22 -37 -27 -19 -4 -69 -23 -24 -126 -12 -8 -13 -4 -35 11 -69 -5 -49 -81 -53 -57 -127 -48 0 -68 -32 -31 23 -22 -3 -9 -46 -17 -56 -31 -43 -55 -38 5 23 -28 -10 3 -8 -41 -31 -9 123 -43 -72 21 -22 -29 -88 -54 26 -32 -6
-3 58 -79 23 9 -26 9 26 50 13 18 -15 22 104 -42 12 -52 51 -6 1 -66 106 54 -18 34 93 -39 -38 17 26 12 46 64 53 -6 42 -16 -1 26 36 73 0 8 46 28 70 45 -50 13 9 23 18 -23 -21 26 74 -5 30 36 26 -18 37 -36 -25
-95 -67 -76 -6 37 -83 -40 -26 -101 -36 -72 -42 28 44 -37 -115 -15 -22 -52 -43 36 -54 10 -1 -11 -46 -14 -36 -42 10 -82 -96 17 -25 -16 -56 112 -25 2 -49 -10 -56 -23 -25 -70 -41 -29 -65 -33 -53 -58 -72 -9 -20 -24 -16 -21 -22 48 -18 3 9 -6 -85
-56 -116 -103 -78 -64 -49 120 -89 -98 -119 124 125 -32 -60 -50 -63 -64 -13 -70 -46 -45 110 120 -110 127 -88 123 -96 -55 -85 -36 -48 -98 -45 -120 -64 -58 -48 2 -121 -94 -90 -126 -18 -77 -74 127 -25 -112 -120 117 14 -93 127 -96 -63 -89 -86 19 -79 -51 -41 -67 -51
-12 -68 -7 40 35 4 14 -61 -2 15 47 20 64 -43 -20 -20 -12 -16 -39 -21 7 -14 1 15 -23 12 -18 -5 -20 -20 -27 -39 8 25 7 -54 22 -4 -25 -10 -63 -53 -2 -59 -18 -37 -27 -23 -12 -51 -29 -38 -13 -51 9 -44 -8 -25 25 -8 -31 -98 8 -8
-50 27 -59 109 -32 -5 -66 -24 -57 3 41 -17 -20 -80 -6 -71 -29 -67 -14 -30 5 -58 -57 -54 -54 -6 -52 -12 21 -62 43 -7 -7 -35 29 -66 -23 -49 18 36 -8 -32 -16 -94 -50 -103 -70 -36 44 -97 -39 -61 -67 -56 9 -35 27 -79 -39 -44 -14 -38 -23 -43
-3 41 91 89 105 60 100 -8 79 -18 0 83 74 5 55 87 46 53 70 84 86 47 16 18 85 -11 102 89 53 78 1 122 34 35 55 99 88 75 34 43 2 32 73 70 63 88 59 60 21 35 90 108 25 45 65 22 30 75 46 64 63 -19 20 -7
-47 9 -31 -32 17 -4 49 16 -4 -41 9 29 -4 10 24 -6 -45 -77 -66 10 18 -36 -19 45 -42 -4 63 -22 -1 3 11 -7 -18 -40 50 84 -31 -13 22 -89 9 -19 3 3 -16 -39 49 9 7 12 -20 7 -16 -18 -37 -28 30 -9 29 51 3 -21 2 -32
-21 -29 -9 27 22 -19 -4 -9 -31 -12 -20 22 4 -54 -76 -27 21 -3 -7 -50 -51 -34 13 -18 -3 4 -66 -17 -3 -4 -34 22 -3 -5 5 -40 -46 -40 -15 -46 18 28 24 16 -1 -42 21 1 -27 -24 -5 15 -8 24 8 -64 -35 47 -54 -51 7 10 -41 -25
54 7 52 -22 34 93 -23 -12 54 10 6 -2 38 8 -5 26 -14 40 -23 -2 53 21 3 36 8 -16 -14 59 -7 25 44 37 -47 86 34 10 9 -40 47 6 -7 -23 41 -25 -30 44 9 26 -7 15 30 37 21 -4 -17 -8 31 0 -17 13 20 15 27 15
68 -66 4 -33 -29 59 20 -9 -49 -20 4 -29 12 12 -46 -25 13 -14 -34 -11 55 -22 -35 35 -62 -18 14 54 -9 -28 28 -40 63 0 15 -1 -44 36 -10 22 22 -11 -81 -83 -83 -26 0 -25 24 -47 17 20 -40 82 11 -81 2 -34 -17 -2 -37 -50 16 -43
-23 38 2 29 35 72 38 -40 35 48 -13 21 85 11 -20 -9 15 52 36 -51 50 -41 6 32 91 -19 12 68 48 21 6 24 -30 43 -3 37 24 9 -15 -30 36 105 -79 25 26 56 -3 28 8 18 -20 56 16 23 6 13 30 -25 57 -7 -6 -12 -33 -37
35 -20 36 -11 -22 8 42 -30 47 2 -49 -32 14 55 -31 -37 -70 -54 16 -9 -43 52 -11 -17 20 -26 -2 5 25 6 12 -33 20 0 -3 -22 4 18 -66 -54 -36 5 -32 38 36 84 7 8 30 34 13 19 -29 -36 62 -32 81 -19 -56 13 -14 -30 -47 -16
65 -12 58 47 -5 45 16 50 -26 32 -24 41 -57 34 20 -6 84 111 38 114 76 48 55 53 4 -9 66 75 33 76 37 6 51 -21 59 45 34 88 43 22 53 -14 13 76 -14 12 34 20 -16 27 41 6 -8 34 -51 23 -29 15 25 64 4 96 39 16
-65 -28 17 25 -97 -14 -62 -15 8 -15 -45 -54 -17 -32 -34 -18 5 -34 -57 -53 20 20 17 52 -11 9 6 -25 -79 -4 -14 -46 -77 -1 -13 -92 -12 -54 -88 61 -23 -58 31 -34 -52 -59 -86 6 -45 1 34 -72 15 0 0 32 -14 -46 -43 -1 -28 -15 34 -61
-20 -22 -56 -36 -96 -63 -89 -69 -73 -8 -62 -29 -89 -2 -46 -122 -78 -51 -73 -65 -55 -106 -33 -28 -10 -64 -44 -81 -11 -35 -45 116 -55 -9 -96 -41 -84 -20 -51 -66 -56 -71 -26 -110 -94 -96 -39 -88 -43 -46 -37 -52 -2 -53 -93 -93 -8 -16 8 -66 46 -43 -22 -7
-4 -87 -19 -15 -4 49 -7 2 17 30 -4 -7 31 26 -1 52 31 76 -4 8 18 -44 -1 15 -31 -38 -48 13 11 -47 -19 0 -8 -32 -41 -33 -41 -60 -46 -87 33 -74 2 -4 70 -73 25 17 -54 26 -24 -38 -26 -10 -33 -39 -23 -14 -39 -26 -5 49 -90 -6
10 -24 38 -4 18 -15 16 7 16 -48 -16 6 30 12 34 45 2 -15 13 50 68 -16 2 10 -9 -11 23 11 37 52 32 22 49 70 -15 39 26 15 -31 -24 57 -43 16 29 99 33 4 -16 -49 -20 -43 -26 11 6 17 20 2 -22 -3 9 10 26 39 36
-93 -46 -88 -18 -69 -101 -120 -59 -92 -40 -60 -54 -74 -74 -25 -99 -12 -61 -32 -81 -28 -38 -81 -1 -51 -65 -21 -5 -40 -66 -82 -51 8 -61 -35 -78 -76 -72 -67 -63 -97 12 -88 -95 -78 -30 -10 -28 -75 -55 -31 -58 -67 -41 -59 -93 -70 -74 -71 -57 -92 -100 -52 -111
-45 -92 -56 -6 -10 -6 -6 -19 -61 -33 -51 -66 -18 3 -48 -49 126 53 -12 17 -15 -21 1 -24 -49 -38 -59 8 -70 -12 -86 -53 -46 -94 -52 -7 -47 -4 -4 -38 -61 -34 -16 -44 -58 -6 -36 -41 -24 -110 -74 -34 1 -52 -21 -10 -38 -18 -83 -24 -45 -49 -78 -15
-55 12 -67 -64 -16 -20 13 27 -21 -67 6 -20 24 -21 -37 -12 -19 -24 -35 -67 -45 -11 -18 -60 -6 -19 -21 -12 37 59 -5 -30 13 -58 56 8 45 5 -12 -16 8 -24 16 -53 -64 -11 -30 71 -43 12 -37 -37 -123 -2 -59 -49 -41 49 -23 -25 13 -9 5 -72
21 -64 -64 -42 -53 -32 -10 -90 -19 -5 -13 -48 -102 15 -69 -86 18 -59 -31 -26 -21 -50 -75 -49 -42 -9 9 -80 -24 -61 -112 -60 -65 -30 -53 -42 -44 -59 -24 -36 -10 -53 -6 -102 -30 -25 -100 -49 -68 -52 -31 -29 -86 0 -71 -65 -14 -68 -39 -85 -29 62 124 -62
39 31 31 62 -25 11 -9 28 29 23 10 21 11 81 88 -18 -30 29 16 -36 12 48 38 -35 6 58 9 -58 -2 -11 21 45 113 37 33 79 -52 25 19 18 9 61 3 12 2 -8 102 17 66 32 -28 -38 53 22 8 27 65 6 -87 -9 -43 -33 -13 67
17 -5 -23 -23 4 -63 -36 -39 35 -22 -70 -5 -10 18 -46 -28 -70 -8 14 -5 -49 -30 -27 -20 -46 -56 -34 15 -47 -75 -25 -15 -76 -90 -36 -66 -29 -47 89 -57 -43 -68 -31 35 -25 -86 -57 34 -14 -38 -39 -29 -61 33 -35 -19 -51 34 -57 -16 3 45 70 -43
-33 1 -31 -89 -78 -63 -24 -57 -39 -19 -54 -66 -27 -117 -116 -17 -32 -110 2 124 -5 -67 -59 -23 -70 -4 -48 -94 -36 -64 -71 -49 -53 -91 -18 -9 -36 -65 -3 -64 -29 -55 -27 -31 -2 -45 -52 -6 -16 -66 -45 -63 -50 -78 -51 -60 -22 126 -46 -19 -79 -52 -6 -58
24 -4 34 9 53 20 -7 28 -6 12 49 54 51 80 63 0 -5 -6 16 29 14 9 34 27 89 36 61 36 81 -38 88 58 26 19 -46 -33 -37 28 -16 58 -5 -11 35 5 36 -24 76 2 14 27 16 48 83 30 46 7 73 7 59 28 -11 40 61 85
35 -7 32 -47 -5 48 -33 1 -20 -5 32 44 18 27 35 -66 -25 14 -88 -62 -16 -59 0 23 6 23 -72 1 67 -6 38 -8 17 21 18 -62 -13 -6 19 63 -2 -23 28 -17 -19 -115 33 -28 -13 -63 17 -60 -25 -25 13 8 5 1 18 -7 -89 32 25 21
5 -59 -74 -92 -28 -84 -43 -80 -51 -3 -90 -34 -41 -38 -75 -46 -38 -68 -119 -61 -19 -38 -48 -62 -51 -51 -17 -25 -35 -100 -43 -16 -71 -86 1 -52 -97 -20 -91 -110 -17 -51 -56 -86 -55 35 -63 -19 -11 -69 -57 -100 -77 123 -37 -69 4 -74 -88 -78 -29 -78 -73 -53
-16 48 17 -43 13 -14 -15 -38 -25 -9 54 -20 -14 52 59 -1 30 -29 17 -13 38 -45 -32 28 -28 -10 -19 62 -29 15 5 -8 16 45 -40 12 20 102 11 -2 -3 14 46 -13 -10 -15 7 -5 3 65 32 -18 72 59 35 -103 -29 5 50 -42 -48 -11 17 3
-27 10 22 5 -53 14 -10 27 -30 30 -42 -48 36 -20 -33 -28 -6 3 112 30 -24 -3 -26 16 7 6 48 49 -40 22 13 47 -28 -24 -15 27 -29 -32 -20 -48 -31 -17 53 -73 36 -15 -41 6 -41 -47 -23 43 18 52 -45 -7 -33 -65 51 -3 -43 -26 12 -37
-43 -50 -34 -35 -47 -55 -16 -56 -125 -1 121 -77 -9 -54 39 -43 -52 -82 -62 -64 -46 -82 -30 -41 -6 -52 -10 93 -75 -17 -116 -20 -59 31 -7 -58 -29 11 -84 -54 -12 -52 -36 -51 -101 -52 -44 -3 -19 -54 -35 -19 -105 -105 -31 12 -8 -14 -20 -108 -27 -28 -9 14
4 -15 24 -20 45 -50 -5 -15 -62 -45 -64 4 45 -9 -33 37 44 32 -14 -29 -22 18 35 -29 -6 -8 -74 34 -54 38 -56 1 11 -54 -43 -23 -43 -57 -15 -52 -8 -20 -14 -25 7 1 -37 -44 -30 -21 -19 -1 67 25 -22 -44 -46 -11 -24 -35 -35 -85 -38 -40
-6 -33 -33 -4 -7 21 -23 -15 -3 -18 -99 5 12 53 -31 -8 -31 -14 -23 -32 -12 9 58 26 -33 8 -38 47 -6 -25 -33 -52 2 -55 -26 -20 -43 -12 14 7 -15 -61 -1 -53 -73 27 -15 -39 4 -55 -20 -4 -25 -68 -11 -13 -34 -20 29 -12 -3 23 16 16
6 -7 3 -48 23 47 21 -5 -31 -37 16 8 -14 72 19 77 -50 11 16 22 -40 39 -14 -17 19 -11 -50 68 23 27 -9 -31 5 -29 11 24 -46 -5 1 35 -17 9 34 -50 92 17 -12 38 -2 22 16 15 82 27 -11 7 -22 -14 31 -14 0 17 -40 -28
-24 -47 -63 -79 -66 -26 -61 -2 -60 -57 -99 -63 -54 -15 -20 -86 49 -40 -57 -24 -27 -69 -15 43 -47 -8 -77 -89 -6 -31 -24 -73 4 -25 -71 -69 -97 -75 -56 -28 69 -20 16 -21 -73 -20 -55 -89 -34 -74 -74 -109 -65 -70 -42 -100 -71 -45 -68 -53 -40 -48 -34 -31
-37 -103 -102 -32 11 11 22 -12 -74 -73 -20 -76 -66 -23 -68 -37 -36 -107 -18 -69 -7 -55 -3 -71 -26 -5 -18 0 5 -31 -57 13 -42 20 -6 -67 3 -40 -15 -14 -63 -41 -46 -23 -15 6 -42 -41 -66 -78 0 -18 -51 -64 -43 -27 -42 -15 -29 0 -79 -15 -57 -12
-68 -42 -59 3 -16 -40 -94 -23 -59 74 -74 -39 -26 -67 -76 -74 -87 -23 -78 -60 -51 -70 -52 -34 -59 -38 -17 -70 -75 -65 -18 -60 -2 -63 -81 -28 -87 -88 -22 12 -40 -80 -7 -75 -42 -83 -36 -40 -77 -38 -49 -48 -58 -1 -85 -71 -40 -63 -42 -45 -58 -32 -55 -37
58 18 62 -31 95 5 62 -11 42 16 3 68 102 42 54 16 58 45 76 97 118 60 -15 25 69 64 109 40 37 16 121 72 22 104 55 5 6 65 -10 67 37 64 -28 53 66 73 18 71 3 76 -17 22 57 72 41 82 13 39 12 58 -12 41 77 24
18 -12 -27 -46 25 -11 -50 12 -1 -70 -15 -85 -45 -32 -6 -20 -85 -26 -57 -49 -26 -17 -25 -76 -45 -26 8 -53 -1 -28 -33 -69 15 -7 12 -73 -38 21 -57 -57 -42 3 -67 8 -74 -18 -1 -38 -32 -32 -30 -41 -89 -15 -54 -35 -42 -95 14 3 -19 113 -31 -86
-64 -34 -60 -16 -35 -25 -83 -48 -74 -48 -30 -114 -84 -70 -31 -36 -90 -17 -103 -50 2 -88 5 -69 -37 -95 -68 -17 -19 -48 -13 -100 -41 -56 -64 -101 12 -59 -78 -40 -16 -68 -27 -38 -27 3 -70 -48 -52 -52 -68 -17 -65 -60 -51 -16 -29 14 -53 -27 -2 -53 -56 -66
91 44 -5 79 76 -13 -9 15 42 32 -7 62 38 -8 114 53 54 20 80 84 -123 97 52 63 102 80 66 88 77 -32 53 71 25 50 26 75 31 20 10 32 5 19 61 -26 55 61 115 101 -38 72 55 102 29 74 75 22 86 9 19 67 36 105 70 16
70 81 79 53 60 29 23 12 85 58 102 104 36 48 18 66 38 30 77 42 30 67 85 39 78 48 109 11 80 100 55 61 49 1 76 24 61 57 77 32 71 1 88 6 48 -16 59 11 38 82 74 18 55 90 78 69 20 14 50 73 30 13 123 41
-74 -56 -57 18 -90 -87 -33 -55 -23 2 -88 -37 -25 -46 -29 -111 -63 -60 -20 -115 -51 -82 -52 -85 -14 -36 -48 -94 -128 -34 -57 -33 -23 -83 -47 46 -68 -39 -53 -48 -48 -16 -64 -82 -77 -57 -72 -56 -66 -38 -26 -1 -23 -56 -58 -63 -24 -96 -29 -45 -31 -82 -57 -56
-7 -26 -44 -12 -15 -49 -24 -24 -24 3 8 28 -23 -3 24 37 -32 -67 -9 -12 20 6 -20 -70 60 23 -64 -37 -95 -8 -80 13 -47 -6 34 11 -4 15 -72 -56 -28 -57 -81 13 -48 29 22 -21 9 5 -20 39 -41 -128 -23 -70 -57 -26 -8 -52 -51 -21 -3 -8
10 -16 -75 -40 -39 -52 24 -59 -45 -39 -15 -75 -44 -56 -30 -86 -15 -66 125 -41 -41 -62 31 -15 -60 -29 -85 -84 -10 -43 -35 -12 -23 -92 -83 -54 -38 -34 -68 -54 -53 -14 -120 -45 -22 -4 12 -51 -26 125 -89 -44 -66 -87 -50 -69 -60 -50 27 -36 -17 -35 -62 -29
30 -7 -21 -41 26 -39 -57 10 -70 -14 30 -21 -53 -51 -18 -8 -93 -67 27 24 -51 -77 -4 -55 -40 -24 19 44 -11 -16 -112 -31 34 -45 6 -38 -27 13 -79 -29 42 -20 -90 -90 -28 15 57 -5 -4 -48 -22 -26 43 -32 -43 -69 -24 -39 67 19 -45 -3 -12 47
-60 107 -90 -117 -49 -78 -75 -84 -53 -73 -51 -69 -90 -83 -108 -56 -121 -82 -37 -82 -52 -81 -104 -27 -116 -68 -104 -120 -64 -123 -91 -106 119 -77 -69 -58 -62 -91 -98 -119 -104 -100 -101 -119 107 -77 -48 -65 -59 -51 5 -85 -77 -100 -86 -17 -23 -88 -118 -88 -110 112 99 -99
-72 -13 -57 -47 -39 -62 -20 -41 -25 -72 -64 -77 -12 -119 -44 26 -11 -9 -3 -43 -17 14 -12 -12 17 -19 -37 -48 -67 -3 -93 -66 -2 -23 -19 4 -9 -6 -1 -44 -45 -35 -8 20 -95 -72 -52 -65 2 -30 -34 -48 -49 7 -26 4 -68 -46 -8 -28 -33 -58 -83 -58
-68 26 -41 14 -43 -21 -45 1 -39 -33 2 45 -26 -25 -38 -21 -23 -26 -36 2 -22 37 -8 -52 -99 -31 16 15 -14 -63 -59 36 -7 82 -74 45 -34 55 50 6 -67 26 -8 -12 -27 -21 6 -32 -17 -4 30 -23 -11 -22 -59 11 29 8 -24 -45 -51 -16 -85 -84
31 108 57 5 53 56 120 37 5 62 -7 45 53 102 -1 71 37 37 93 37 46 45 24 6 37 -8 18 53 61 19 68 81 64 56 54 53 88 20 23 48 94 54 61 50 42 37 68 105 19 39 80 33 25 60 51 25 55 80 39 69 -90 20 62 71
-30 -24 -17 -34 -21 5 -14 -95 -46 -27 -15 -55 20 -52 -73 -13 -84 -54 -8 -52 -43 -13 -56 -13 -40 -55 4 -50 -32 -1 -30 -28 1 -23 4 -70 -16 -89 -40 -1 -31 -44 -45 -27 -42 -36 -28 -52 -69 -70 -68 -67 -19 -42 -73 -44 -106 -75 -95 -34 -24 -119 -95 -46
-19 -119 -70 -58 -78 -55 -106 -79 -60 -42 -88 -105 -107 -20 -28 -87 -112 -90 -97 -79 -78 127 -64 -92 -61 -52 -51 -32 -12 -81 14 -28 -33 -58 -42 -80 1 -76 -84 26 -57 -88 -12 -68 -39 -86 -74 -76 -106 -128 -67 -64 -114 -106 -10 -62 -58 5 -101 -52 -44 -52 -49 -21
-12 3 2 26 107 12 14 -43 23 -7 71 37 43 3 37 19 22 8 31 37 70 18 65 -1 71 64 17 -31 74 30 66 44 6 19 -33 58 27 49 6 15 -7 -27 45 -12 -20 71 30 2 3 98 -17 44 -20 64 70 53 23 38 -24 55 3 41 6 -36
-10 -1 5 7 13 -56 47 -32 46 -7 -46 5 -57 37 -36 -1 49 -18 23 15 -17 -26 -35 38 8 45 -42 12 -4 -47 33 -5 -19 35 8 -10 -18 10 1 -51 47 -96 -10 54 -22 -33 -2 -35 -25 -9 -46 -23 -35 -7 -1 13 2 -66 26 -8 -15 46 7 3
-94 35 -8 -46 -34 2 30 -2 10 37 -3 62 -3 -25 -44 41 68 2 25 -3 -3 -36 18 -1 4 52 -44 77 35 -66 45 13 41 -7 -27 3 -19 19 24 10 21 -9 -15 5 -39 -41 -14 9 58 -12 -15 -16 -78 -23 -29 -40 2 -34 -34 5 0 26 -11 7
-61 -35 -52 -2 9 -23 -40 -31 3 -49 -40 4 -10 0 10 -63 -63 -2 -40 -31 11 -29 -78 -47 -5 -32 -69 -12 31 -53 -54 -7 4 -54 -96 -81 -12 -35 -30 -58 -101 -52 -30 -45 -25 -49 -89 -69 -25 -13 -25 -20 -34 -52 -13 -84 40 -56 -54 -65 -47 -48 -44 -55
103 0 56 70 124 97 92 52 111 -6 122 -128 104 111 112 83 -125 104 80 109 54 105 71 99 106 119 99 53 103 66 116 56 83 31 67 125 79 67 113 105 -99 58 100 43 109 -119 29 50 112 82 104 73 -126 127 99 116 -81 56 41 127 98 116 64 69
0 -6 24 7 0 -17 15 -14 -23 -47 -10 -10 -30 46 -44 -34 15 56 -6 -122 -33 -11 -3 -19 -26 -72 -47 16 2 -43 29 -4 37 -21 -17 -13 21 -34 -52 -71 -8 -49 25 -12 10 -40 24 -22 -73 -56 -64 -37 -24 11 21 -54 22 1 -9 -28 19 6 -12 -17
-80 -82 -96 -102 123 89 -41 113 -89 -56 -86 -67 -39 -53 -30 -42 -43 -84 -50 -104 -111 -51 -97 -91 -65 -85 -83 -113 126 -102 -124 -28 -119 -35 -72 -118 127 -93 -85 -48 -73 -17 -89 -58 -96 -39 -101 -96 -68 -111 -96 -58 -102 -47 -116 -68 -101 -116 -75 -86 -48 -102 -47 -4
-58 -26 -121 -27 -37 -98 -74 -61 -41 -77 -95 -61 -42 -57 -48 -111 -16 -26 -98 -39 -38 -40 -19 -32 -70 -50 -29 -10 -5 -73 -44 -102 -53 -81 -60 -39 -71 -14 -6 -27 -18 -17 -45 -84 -71 -44 -4 -48 -45 -65 -21 -67 -8 -82 -113 -36 -14 -46 -123 -53 -59 -29 -68 -67
-107 -11 -91 -70 -71 -94 -1 -6 -55 -91 -39 -46 -34 -59 -21 -65 -77 -41 -76 -2 -38 -64 -10 -82 -43 -75 -49 -62 -48 -39 -11 -92 -5 -65 -90 19 -86 -59 -46 -8 103 -35 -110 -23 -24 -27 -18 -38 0 -95 -51 -78 -83 -116 -23 -109 -53 -62 -85 -54 -105 -98 -85 -45
-1 -12 -35 -71 -68 -43 4 4 -30 -44 -17 4 24 -30 10 30 45 56 11 21 -19 -38 11 -5 -7 60 108 -11 45 36 -9 66 1 30 -33 -27 32 -34 -9 80 9 -5 -26 28 34 -67 16 -48 6 14 4 88 62 17 -54 -28 17 -73 -20 -6 14 -2 81 49
-15 -38 -66 -51 22 -55 -17 -65 -50 -15 -32 -29 -46 34 -27 -47 3 6 -54 -8 -22 -84 -65 -54 -43 25 -29 -127 -94 -104 7 -20 -50 22 -20 -72 -91 5 -8 -35 -4 -45 58 60 -59 -65 -61 -28 -15 -112 -37 46 -76 -35 -8 -64 -2 -38 -90 -44 -73 22 18 -11
0 5 5 -54 -52 -54 -54 -8 -11 -104 -74 -40 -70 -101 -49 5 -71 20 -60 -57 18 -44 18 7 -25 37 -41 -55 -48 -2 -62 -4 -36 0 -67 -31 -97 -7 -36 27 -80 -1 -79 -8 -33 -48 3 -2 -76 -18 -82 -101 -10 2 -51 -46 -88 27 -21 17 -47 -32 -29 13
-91 -1 -61 -72 -83 -112 -13 -69 -106 -38 -57 -100 -88 -41 -29 -20 -37 -8 -68 -51 -86 -70 -34 -23 -51 -87 -114 -65 -30 -48 -46 -52 -43 -58 -73 16 -64 31 -48 -76 -44 -28 -5 -47 20 -103 -87 -23 -31 -14 -58 -60 -8 -85 25 -30 -66 -35 -5 -48 -45 -16 -77 37
8 -31 73 18 31 21 15 83 39 75 14 31 58 -45 43 50 31 -16 3 -26 1 51 -24 -19 14 51 32 12 51 10 30 -38 30 -32 -11 9 44 -10 28 1 20 82 -22 -18 -6 31 25 52 55 -9 -45 14 -76 -14 18 38 48 44 92 21 69 25 20 50
-112 -6 126 119 -72 -108 -120 -98 -59 -45 -63 -86 125 -86 -80 -77 -64 -107 -80 -75 -107 -95 -93 -32 -36 -125 124 -117 -62 126 -88 -93 -52 -59 -41 -95 -128 -55 -71 -105 -83 -91 -64 -72 -89 -85 -89 -119 -113 -90 -84 -105 -60 -82 -68 -36 -37 120 -46 -114 -63 -51 -71 -76
54 64 36 89 42 27 -1 46 39 -3 13 4 52 90 25 41 21 36 -50 21 -24 35 62 44 41 46 35 106 67 19 33 30 58 58 3 5 48 69 -8 62 55 75 23 82 -11 1 57 63 38 80 3 42 33 85 68 43 73 50 2 17 17 36 3 25
-19 -37 -121 -29 73 -55 -45 -63 -18 -76 -91 112 -23 -27 -103 -20 -20 -13 -96 -43 -63 -69 -33 -34 -26 -76 -59 -74 -47 -106 -46 -16 -62 -64 -100 -42 -46 10 -99 -104 -56 -62 -50 -23 -25 -11 -69 -45 -90 -101 -74 -19 -55 -39 -84 -13 4 -42 -17 -57 -52 -62 -90 -35
45 -7 -19 28 -4 -59 -6 3 -35 -40 47 -1 8 -22 -49 -21 23 -21 0 12 -8 12 40 -40 -44 -38 1 -43 -26 22 -38 46 -22 1 1 18 47 -82 -33 75 -33 88 -34 30 -22 -18 -11 6 -42 8 37 -52 -37 -8 -30 -14 -12 -11 -35 -35 44 3 -6 -29
0 32 -38 -4 -80 -57 24 -32 -18 6 6 -1 -14 4 -6 -1 -62 61 -16 29 7 59 -20 10 33 -14 -15 20 17 -27 57 43 48 -16 -38 40 -54 6 -36 7 -10 -21 20 13 -14 -50 -100 58 -38 -13 -59 41 -62 18 -30 13 -24 16 11 -42 -5 -11 -12 65
33 -5 -6 -31 3 -44 -25 7 -16 20 11 -28 12 -10 -3 -25 -17 -66 34 -34 38 -74 3 -28 43 -40 -41 -23 -1 -19 -64 -45 -27 -76 9 -16 -31 9 -37 -7 -22 32 -34 -40 -26 -37 70 -26 -74 1 4 8 72 -37 -20 -23 -44 -19 26 15 -6 -52 -26 10
-23 19 16 -33 -28 4 21 5 -47 26 -25 -41 69 50 19 71 33 43 -24 1 -23 49 -28 -42 -4 59 -17 2 -3 -13 14 46 -44 -13 -19 -19 51 -7 31 11 38 63 38 70 -11 51 26 25 67 107 -25 14 51 -54 56 -24 36 9 26 21 3 24 -54 44
-4 73 63 -17 -28 11 -67 16 33 26 -32 50 -43 -21 -4 -49 -12 23 51 -36 -12 -23 3 79 38 29 -38 7 10 21 -69 -15 -35 2 -6 -44 -7 56 33 13 -38 -58 18 -49 -50 -37 33 -75 -10 4 32 -29 -4 -17 25 66 30 17 10 -26 6 -11 1 7
-35 -51 45 5 6 21 -13 -53 -36 48 -29 40 12 50 -51 -33 -63 14 -27 18 -34 65 -43 55 -49 30 -44 -1 -31 -29 -14 63 -21 -6 -1 24 13 -43 12 2 -31 -11 0 -53 18 -41 -1 -16 -38 2 19 -22 0 -61 -23 -26 -13 -12 0 -73 -28 18 -40 10
-64 27 -14 2 -41 24 -13 0 -57 11 3 -6 -38 -29 -10 -75 -29 24 10 -43 -49 -22 -22 32 -7 13 47 -36 -13 -14 -17 -8 13 -45 9 24 33 -6 -50 -34 35 -21 -17 7 -17 11 -40 -6 -31 27 105 -33 -32 19 -15 -36 -4 -1 -12 -26 -70 -73 11 19
26 3 45 12 -26 -14 51 -38 33 -47 -2 109 0 22 3 -53 24 21 14 -10 44 13 5 73 32 -6 -8 -15 28 63 52 2 30 14 -55 14 -30 6 -5 -35 -23 26 20 -9 36 6 -52 -3 31 -50 20 11 41 -12 17 18 -26 37 -14 -63 23 -46 54 16
31 95 55 69 45 102 34 48 120 107 72 32 2 80 71 79 -110 76 59 -121 75 49 33 71 9 78 87 38 91 61 67 78 75 96 3 46 22 58 19 66 56 28 38 44 89 77 58 63 76 82 61 34 74 86 47 8 63 26 53 13 78 28 104 -123
18 44 38 3 18 35 13 4 10 -25 45 -37 -4 22 14 25 -17 52 35 52 8 41 -40 35 60 -10 -12 -5 21 -36 61 67 -28 19 9 -5 48 41 2 18 84 108 59 82 29 -30 -40 46 10 9 -17 -13 -13 -9 59 9 11 -11 61 -4 11 54 5 76
21 -7 24 -19 -32 34 31 85 62 63 -30 48 22 -28 4 -8 -7 53 -45 2 -3 53 24 28 38 -16 2 63 60 19 -1 35 -3 26 24 -12 -10 3 -5 22 -21 -8 -28 -20 -12 -33 16 42 22 61 -39 85 6 -3 -26 11 -7 4 6 26 -24 -13 -26 -18
-24 -28 15 -17 39 34 -50 55 46 42 52 76 30 -16 -7 2 4 -21 37 43 29 44 -32 -20 6 7 -8 90 38 8 -34 56 10 36 33 23 94 -3 -42 85 41 1 12 30 27 -10 19 0 24 31 -3 1 25 45 45 39 -22 63 28 17 -21 -13 60 56
-98 -61 -111 -65 -84 -78 -36 115 -110 -91 -101 -77 -125 -72 -61 -81 -87 -108 -111 -33 -104 -105 -7 -106 -103 -31 -118 -74 -128 -99 115 93 -100 -81 114 -56 -53 -47 -85 -56 127 126 -75 -47 -100 -83 -41 -81 -108 -118 -80 120 -62 100 -126 -79 -92 -97 -81 -32 -127 -76 97 -42
52 7 -9 -37 18 -5 -46 -27 -22 -47 -14 -2 -53 -27 30 -38 39 -22 2 1 40 -24 12 18 -8 -7 -2 -52 -49 12 -30 -61 -36 -66 -17 -1 -26 -12 -10 6 -8 -31 41 -43 -31 -19 61 -44 6 -37 9 7 31 -40 -2 -9 10 -14 -10 -60 -25 -4 -100 -45
84 64 22 82 77 30 72 38 -127 5 78 109 39 53 54 96 75 111 62 35 47 -113 104 72 100 35 93 78 48 98 104 62 44 45 113 -128 57 50 97 113 25 70 108 92 55 98 62 75 66 111 73 84 75 77 63 -121 93 78 103 125 53 101 39 61
15 66 63 -22 -35 69 37 -120 -6 89 74 7 87 41 96 33 15 47 61 56 29 35 40 38 -2 39 74 14 42 85 27 65 19 18 89 50 70 22 3 22 102 53 39 56 81 60 -31 79 75 61 29 1 45 43 85 27 52 23 72 51 69 2 42 58
23 -13 11 -6 1 -39 -28 53 -43 -35 53 21 -35 -66 -16 -6 13 -12 -27 -11 -46 72 4 34 82 -24 -22 19 36 19 -29 18 -12 14 49 41 -19 13 26 56 -9 22 15 -51 0 13 50 10 -10 -35 75 43 -27 43 8 11 -9 30 49 48 2 -13 41 24
45 5 -20 10 1 1 16 34 36 -13 15 -10 58 36 42 -24 69 -15 41 -26 86 9 67 30 9 31 31 80 27 45 64 -12 -13 -1 49 62 24 -17 46 -56 -1 83 64 0 101 80 32 8 -7 -5 32 59 33 -62 87 -56 35 20 32 15 -10 -8 -66 -43
26 -4 10 37 -18 -12 18 -65 -15 -29 22 14 -2 11 -5 -46 62 29 -16 -28 -26 61 18 -17 24 64 12 -35 6 55 -65 12 -12 -21 -2 -12 20 -13 -18 -16 23 40 34 -4 2 32 72 7 -31 13 59 42 12 73 52 -23 -2 6 62 14 -28 -50 -77 18
78 26 82 74 -5 82 63 3 44 59 20 -17 70 83 49 101 3 84 81 39 41 32 48 97 88 41 53 85 79 65 54 68 36 19 30 51 68 86 -21 32 45 62 60 69 90 -20 67 -17 42 74 26 -3 76 61 33 49 -27 13 43 34 -21 84 101 60
52 82 6 -25 -44 10 42 19 17 51 61 -7 34 -47 -15 19 44 11 -32 45 -8 -21 -40 52 -12 -34 -44 27 16 48 -2 47 31 -27 -17 20 -32 36 30 -14 9 -36 -40 17 8 17 23 -3 86 2 -70 48 -22 -17 -6 1 6 -62 21 44 -68 25 -21 0
62 48 37 49 32 120 37 64 49 16 48 -4 21 23 29 39 32 37 -115 29 83 70 64 21 89 62 58 98 54 52 52 38 39 39 99 30 58 56 42 51 60 12 74 58 81 21 23 2 107 40 90 70 64 -7 26 64 86 75 64 26 56 94 91 81
50 62 -15 -68 46 -15 59 -15 53 -2 9 38 16 17 -22 -7 12 56 40 51 -21 44 12 -7 -5 43 32 51 76 4 28 18 -7 37 -8 23 22 37 29 24 26 38 -26 23 -14 -56 -22 15 25 -25 -8 38 -4 -39 91 66 -2 -20 -8 14 13 20 38 47
-67 -90 -37 -125 -86 -62 -77 -35 -11 -74 -73 -75 -53 -47 -91 -49 -63 35 -30 -115 -73 -17 -79 -100 6 -69 -107 -64 -72 -52 -6 -105 -70 -48 10 -55 -72 -88 -66 -43 -63 -93 -44 -102 -45 -74 10 -45 -68 -76 -48 -67 -125 -56 -25 -40 -50 -36 -79 -62 -101 -92 -41 -95
49 -31 82 42 39 71 3 66 34 70 -10 48 38 34 26 81 6 34 17 38 41 28 5 85 67 35 33 22 72 6 80 74 71 73 72 82 45 -4 82 -6 39 37 22 -41 70 57 8 15 -5 66 38 6 -5 36 64 -2 15 70 52 32 55 86 37 33
80 -10 67 38 33 79 13 62 23 10 59 11 74 -5 66 34 -25 50 44 62 112 36 100 67 69 88 12 45 96 27 -8 35 54 29 67 9 61 44 17 58 8 -2 -35 47 84 32 34 53 48 75 23 53 78 84 104 98 58 31 -13 47 94 60 -20 53
17 -14 102 23 105 62 17 59 21 43 22 11 28 51 45 6 75 19 86 19 44 103 48 61 54 -7 26 29 62 73 -3 35 43 52 115 20 73 35 35 28 7 -22 62 62 96 85 24 -20 -14 -20 49 32 39 21 11 46 -24 50 14 -10 83 71 0 -12
28 -49 23 40 -64 63 10 -39 18 -5 11 -16 -45 3 45 39 -62 19 -33 -28 -5 -35 -10 -56 35 -40 61 12 -12 20 -25 3 -11 1 50 -53 20 -28 -21 34 -43 -53 -39 -47 42 4 -23 9 -7 -37 14 -48 47 -38 -2 17 -42 39 12 -77 37 -61 -52 -40
29 -14 -21 -21 -2 19 19 1 9 34 49 60 -23 24 1 18 -20 13 18 104 57 44 32 26 36 59 -27 21 -39 13 37 -29 61 34 20 65 58 -15 53 55 -11 23 -19 -2 116 25 60 44 10 81 62 45 -116 53 78 -63 3 26 3 61 -33 46 46 31
67 -25 7 50 39 33 -15 -13 -2 46 58 -21 46 29 35 -67 -16 -40 14 -17 -5 39 15 -11 -17 36 0 17 26 10 15 -60 -6 -51 90 48 45 33 -17 8 31 -25 -5 -74 32 7 68 82 20 -11 -16 -33 33 104 3 13 -5 -10 5 46 10 -28 -17 26
-71 -4 12 46 -29 41 -25 2 21 -1 -44 39 -13 -1 -23 -8 -9 -33 -28 -22 22 -47 2 20 -38 -57 -9 -46 -28 27 -51 13 -63 64 43 34 34 -10 6 9 -40 41 11 -40 2 9 41 40 -53 6 34 -18 -49 -9 -50 -14 19 -42 -13 52 35 18 -65 -28
-115 115 -123 79 -93 46 70 49 55 95 111 72 46 112 104 33 57 73 60 93 67 95 97 49 83 93 -113 106 88 69 44 72 88 120 100 68 122 74 82 108 60 99 64 107 68 80 110 63 77 94 61 94 42 -117 73 -118 100 62 65 -104 75 73 67 69
70 66 22 52 29 75 92 55 39 45 -4 24 82 54 -16 87 74 -37 86 16 22 31 -11 -30 49 52 -4 84 48 30 13 66 23 99 50 66 46 26 3 60 -8 89 60 16 31 100 57 49 20 57 56 34 7 54 28 15 43 -44 34 36 86 18 87 53
39 27 52 -5 23 -15 64 15 -16 22 59 45 -10 15 46 20 -33 -72 50 31 -21 10 -59 -58 36 45 -30 -4 26 12 -26 47 11 16 2 -8 13 -5 -12 42 -37 -12 4 -31 10 -49 56 -4 30 -19 -3 49 -3 -56 -31 16 -19 55 14 9 57 15 -68 86
-46 -46 -53 -31 32 -32 -32 -52 -12 -34 1 -75 -34 11 -17 -25 -30 -13 -59 29 -40 51 -71 -29 -75 -21 21 -69 6 6 14 -7 -81 4 25 -13 28 -102 12 -31 -20 -54 -38 -46 87 -18 10 -14 -24 39 -47 -15 -59 -103 -27 -19 -17 -10 -75 -2 -33 -19 -74 -79
-6 -23 -23 25 18 59 33 42 81 26 35 44 50 4 53 29 100 53 28 41 57 8 67 39 33 81 25 22 -5 -44 67 50 50 -53 7 -2 -36 20 -6 0 71 71 42 37 -10 46 -4 15 20 15 61 74 26 45 -3 69 23 36 35 10 36 43 60 17
8 -3 -23 26 -78 33 31 -1 -17 -55 -19 -29 -43 -38 0 -45 27 -62 -20 -18 -29 -5 24 -27 -83 38 39 30 -10 -3 -51 73 -47 41 -4 -18 -38 15 -42 -28 -19 59 -87 19 -21 67 -53 -42 30 -69 -26 80 -11 -17 -17 -6 20 -10 51 55 -11 9 -19 -37
21 -12 -64 -9 -21 -16 42 -6 -25 27 -35 20 19 -54 -29 36 19 6 14 18 18 -68 -55 -15 18 -71 7 24 -26 38 -71 34 14 45 0 -76 -18 -16 48 -54 -17 -8 15 15 58 38 -12 54 45 -5 -14 62 39 -29 -61 -25 -23 9 -50 61 -5 23 -32 -32
70 39 50 105 -29 59 5 93 47 64 -16 -13 44 37 47 82 60 77 -24 64 -34 76 61 25 57 101 125 -48 56 8 -21 60 5 33 48 -1 30 88 -19 -16 88 13 1 35 75 9 76 50 12 66 87 47 70 53 30 79 1 68 34 70 52 78 46 50
8 18 2 14 -49 6 71 37 -14 44 -28 -24 28 6 -32 26 18 -53 12 14 76 -14 -20 14 26 7 -63 -1 -1 31 30 30 25 -16 23 43 61 20 30 -6 0 37 -66 -27 50 82 36 16 8 33 10 -23 60 -48 80 11 39 -25 35 12 -1 30 39 49
-68 -11 -60 -10 -33 9 -59 -91 -72 -119 -63 -47 -21 -89 -6 -67 -34 -73 -10 -15 -3 -48 -72 41 -61 -69 -27 -22 -109 -94 -109 -38 -33 -112 -26 15 4 -106 -17 -25 -63 -121 32 -63 -114 -75 -92 -80 10 -93 -123 -97 -36 -62 -123 -68 -59 -77 -75 -91 -126 -42 -2 5
24 39 81 63 23 52 9 29 -27 3 44 61 44 35 22 17 55 -7 23 47 95 -7 28 -8 -20 41 95 0 6 58 -12 45 92 57 -6 0 66 68 33 1 28 55 48 28 -38 54 -5 33 85 57 112 18 -11 12 2 11 39 39 -126 5 67 -10 92 -4
32 -17 -29 64 29 -19 -74 -36 72 -12 -60 -34 -62 -65 3 -36 -5 -4 -12 -27 -48 -86 -57 -19 17 16 -24 -25 -26 -4 7 67 -52 -37 -9 -69 -64 -3 -11 -68 -13 21 -32 -25 -49 -17 -7 -45 4 -29 -98 -39 -26 4 1 18 -21 52 -25 -23 -42 3 -20 -32
-32 45 -41 -20 -71 56 0 -32 -10 16 -25 -17 -50 -55 -13 11 -13 -14 -12 -53 -38 -22 17 7 15 34 97 0 -53 -2 32 -37 -27 2 32 -80 18 -39 -19 -14 13 -70 -50 -46 -14 36 14 -9 27 -56 16 -15 -8 -25 45 -2 -55 38 -22 -77 -36 -40 -12 -67
21 -24 -3 57 7 60 39 6 16 23 57 -30 -20 -6 -18 44 37 19 48 51 48 68 30 5 7 45 40 43 8 5 27 30 23 16 -36 16 40 17 -17 20 -21 -27 50 53 11 52 101 43 38 -40 -21 47 24 -28 17 20 31 -24 36 17 50 4 35 -39
-31 35 -67 7 -22 -23 -23 20 -89 -16 -18 -23 -18 -57 -75 -9 7 -6 0 -28 -9 8 -12 -6 -18 -10 4 20 22 -58 -15 1 58 -2 -34 15 20 -54 -69 -22 16 6 -61 -82 28 -29 64 -43 -20 -13 -3 -28 39 5 -83 -70 8 -33 8 -40 7 -18 -2 -31
-59 -46 16 47 -20 32 -1 21 -53 -14 -21 -63 -16 28 29 -26 -19 28 -4 54 18 -2 11 -30 -36 -42 30 -86 17 25 -29 1 -40 -51 32 -11 -33 40 39 -60 -21 10 -16 20 -39 -16 -45 38 16 -45 11 -9 -9 -10 -29 11 45 -29 24 0 29 -3 -38 -17
-81 -59 -50 -89 -31 -31 -61 -17 -48 13 120 -53 -81 -84 -53 -21 -79 -47 -40 -46 -61 -71 -49 -68 -72 -47 -44 -28 -61 -59 -54 -28 -54 -33 -84 -65 -61 -72 -44 -12 -44 -66 -53 -42 -22 -120 -28 -51 -34 3 -80 -49 -63 -90 -43 -87 -39 -42 -62 -69 -52 -74 -92 -93
-4 42 64 65 -10 -26 -10 8 24 61 -16 4 -64 -16 -12 40 -13 16 -2 -26 -19 55 42 23 3 -6 46 -37 -27 -5 -10 17 3 24 -2 12 -8 -25 46 37 22 33 26 18 36 54 105 71 5 -30 -8 -24 -16 7 -5 -41 25 55 -18 39 11 2 35 20
22 30 -15 -13 -55 -74 35 0 -18 34 -22 -22 -16 -43 -11 -3 -15 -77 0 -13 -35 10 -15 -1 10 -52 -54 -46 -42 -3 -48 20 5 -42 -6 -46 -61 -38 -14 -26 -27 -24 -74 -14 6 5 -77 -30 0 -26 -48 22 -74 -23 -5 -18 -90 -16 13 -7 -46 -18 -28 -15
-20 0 -26 36 -5 -57 24 -70 -11 -31 12 54 -29 2 11 60 -17 30 -9 8 36 29 39 -72 -5 31 24 -13 -49 -5 -31 18 16 35 -14 19 25 69 3 21 -28 -12 26 47 42 45 -97 -36 -29 -53 8 -38 7 -10 36 -47 -36 -41 40 -5 5 41 -52 -20
41 41 47 63 13 -10 55 19 56 10 41 72 -46 72 12 -78 -5 12 16 -4 23 -23 37 -41 52 26 61 61 7 -17 88 22 69 31 25 16 -3 33 64 19 13 3 99 39 58 19 11 29 41 24 -15 26 -3 6 57 13 6 -8 46 17 12 96 63 28
-1 48 22 52 57 43 -1 15 27 32 59 72 33 2 49 38 72 27 23 71 29 108 86 77 26 70 30 85 31 66 11 -7 46 47 53 63 10 30 35 38 73 62 37 82 27 95 59 90 7 12 55 46 67 41 -9 21 -4 -11 70 57 71 36 33 66
5 16 32 11 8 -51 33 12 1 25 15 46 4 -15 -17 38 63 61 101 -5 14 48 23 35 42 16 19 42 21 0 12 23 52 -35 12 -24 57 15 -24 -24 25 26 24 3 1 43 47 75 24 42 -58 -22 30 51 22 69 -7 -57 33 34 6 76 4 32
-16 25 -17 -11 7 38 7 -15 -37 -61 48 -19 -16 12 -43 10 -5 51 1 -39 8 -1 -17 -25 -3 26 16 -24 52 30 14 -38 16 -55 35 38 24 3 17 -19 -1 -6 -29 -72 9 33 51 -85 -15 -25 -19 2 39 8 10 26 8 42 -21 6 -80 9 -58 18
85 39 27 -48 15 -24 -9 73 6 48 25 14 2 71 54 -7 111 -1 65 39 31 36 56 62 52 71 67 18 51 91 -11 -22 -12 34 46 50 -11 37 35 43 75 83 -22 44 1 62 0 10 19 17 -4 -38 43 26 23 58 105 37 11 42 57 44 -4 25
-60 -5 -59 -13 -20 26 -33 -25 -45 16 -65 -30 -41 26 -45 8 -40 -10 -93 23 -60 -40 -38 -42 -63 -14 -66 -29 42 -46 -7 22 9 -3 -2 3 29 -67 -47 36 -34 -9 -3 -48 3 -33 20 -58 -7 -24 -8 -10 -21 43 -28 -10 -62 11 1 -65 -29 -47 19 -9
-7 -33 -23 9 -17 6 -60 -5 -54 -59 -38 -23 -93 4 -16 -50 -30 12 -2 -21 -5 -65 34 47 -49 -48 -6 -25 -1 -52 -16 -27 -20 -64 -36 -22 -29 12 -59 44 -61 -22 -6 -64 9 -38 -61 -49 -47 -102 27 80 -35 -16 -100 -41 28 26 -52 -21 -7 -69 6 10
-77 -111 -74 -31 -120 -21 113 -108 -53 -60 -106 -85 -47 -117 -70 -86 -61 -88 -92 -119 -114 -93 90 -92 -51 -92 -112 111 -112 95 -108 -80 -23 -128 -66 -122 -85 70 -98 -84 106 110 -57 90 86 -117 -91 -83 -74 -79 -62 -28 -87 -73 -78 110 -125 -60 -105 -74 99 -71 -94 -77
-31 -7 -73 9 -10 -3 -48 40 19 -26 -10 -43 8 -16 22 24 -25 -5 -8 38 -35 -28 -49 -36 47 -40 4 -12 -85 -10 -63 -48 -63 -32 -68 -11 37 -107 -5 34 -26 -41 2 -62 -38 -12 -27 -40 -20 0 -39 -1 -11 -43 -49 -19 -65 -27 37 33 -36 -2 -22 2
6 46 98 62 -3 5 41 19 29 56 72 82 30 -55 -28 -7 80 63 10 84 55 45 43 -5 62 77 21 19 62 -81 29 -48 59 34 53 27 9 61 20 25 -36 86 -24 53 -18 54 -6 48 41 -23 14 49 -1 20 46 37 34 52 69 29 31 79 60 68
119 56 72 50 69 53 67 76 94 43 33 84 58 27 90 86 39 42 -106 80 34 35 124 14 94 89 47 -122 44 113 50 48 42 39 85 70 -116 -122 77 81 75 -123 37 60 57 -107 -106 36 43 25 86 81 102 99 89 62 120 95 78 58 81 8 34 -123
15 31 -23 32 32 -67 -42 40 -27 15 -5 14 36 -77 -122 65 -13 19 -27 -9 -48 -69 -5 -24 47 -37 -4 -5 -76 32 -49 -40 6 64 -34 -42 -26 -33 10 -70 13 47 43 6 60 -53 19 3 -57 49 -17 19 11 -21 -11 -64 -37 -16 -51 30 -14 -20 12 -4
-17 -14 4 -22 -21 38 -46 12 18 9 -40 -59 14 -16 -60 -71 28 -15 -11 -28 22 -54 -11 -34 -64 -67 -50 -47 -18 54 43 -12 -35 -9 -12 -9 23 -1 -21 -85 -57 -18 -33 21 82 -17 27 -15 -19 -3 31 -10 7 -41 -16 -64 -10 30 -7 -17 43 -31 4 12
50 56 16 -6 25 53 40 24 78 46 44 26 78 110 28 81 73 45 83 58 82 96 60 40 74 71 -105 30 60 97 43 78 25 71 77 22 81 46 82 64 51 18 16 70 79 105 90 47 7 17 57 44 71 57 39 29 60 41 55 90 97 99 36 20
88 39 69 15 47 109 64 25 17 49 74 96 37 54 58 23 67 52 61 5 85 48 14 83 26 98 24 95 4 25 45 60 45 47 118 102 59 59 49 46 67 41 101 23 70 83 58 108 -29 66 26 -120 75 1 -120 85 76 39 62 79 32 47 52 101
67 76 72 77 19 84 60 10 22 83 100 79 62 51 20 98 71 89 99 -11 48 72 58 27 29 53 68 108 55 21 35 -127 94 60 87 96 43 63 22 65 15 57 103 51 60 48 41 55 65 80 3 9 24 32 26 63 46 20 89 32 99 42 77 21
-94 -31 -51 -53 -46 -16 -8 -45 -63 -56 7 -17 -48 -4 -63 -45 18 -63 -10 -34 19 -69 -76 30 -62 -14 8 17 -7 -19 -66 -6 -23 -19 1 -4 -66 -12 0 -52 30 -57 9 -72 -42 -64 -33 -3 -9 16 -84 25 -39 -86 -63 -90 -17 -77 46 -28 -26 -64 -26 -25
4 5 -19 -29 -66 -32 51 12 -53 2 -49 -9 -61 42 12 10 -72 -24 -18 -16 -15 -71 -73 -30 -16 -2 -14 -108 -40 -87 -5 13 9 7 20 -10 6 -95 -65 -9 -16 -61 37 -24 10 -22 6 -16 0 -33 -27 9 -23 -7 -67 -10 -56 -24 32 34 -88 -24 -36 50
19 -37 -12 -22 12 19 -2 -28 -104 -75 -6 -14 -16 45 6 20 35 -75 -25 -27 -37 54 -55 -26 -30 4 -15 -2 -9 -70 17 -39 5 -20 -20 -30 44 -29 23 -23 -24 -8 10 -5 -39 52 -5 28 18 -23 -74 -33 -53 -70 -81 -24 -15 5 -15 36 -78 86 -45 -33
-29 9 17 -46 6 -87 0 -50 8 -12 -53 -89 10 57 23 -38 33 17 -19 -33 -39 -42 -86 -37 -21 -15 -7 14 14 -53 -5 21 -55 0 29 -33 32 -40 -24 -28 49 -9 -58 0 28 57 -40 -31 -4 -38 -38 -57 5 14 6 -12 42 19 52 -52 -27 -99 -53 9
106 41 83 50 71 78 44 87 92 23 68 -3 80 47 53 71 72 61 127 -6 -124 66 52 66 18 52 -113 39 50 -119 30 92 38 63 115 24 71 77 111 68 -99 39 71 81 55 96 24 66 103 18 -6 64 42 17 -4 126 84 30 55 109 98 107 80 57
-32 23 31 1 -9 -54 -26 -15 43 -33 -8 -25 -106 -62 -66 13 9 15 9 16 -71 -18 -11 3 10 -14 22 36 -25 -21 24 -29 -65 -50 -69 -41 -60 48 -64 32 28 11 -2 -6 -21 -77 -12 10 18 -24 -85 -40 24 35 -3 0 37 -11 38 39 -58 -57 -37 -42
10 70 21 71 81 70 36 106 10 65 -34 26 32 53 4 -37 69 34 27 89 33 45 17 39 -127 72 73 83 28 34 7 -6 63 1 40 57 51 34 6 48 19 84 60 33 35 49 95 -23 31 23 47 78 64 107 42 24 40 31 9 94 27 -13 59 18
97 112 75 120 -124 -105 84 -127 -76 98 127 77 -124 -74 70 -125 -120 -77 113 -77 -88 -84 107 127 67 99 70 -102 -84 118 100 106 122 84 -127 113 122 121 120 -101 -112 123 -98 63 123 -83 -118 -106 99 -82 118 -119 115 -109 99 -91 108 84 -78 -125 120 -124 123 75
36 52 -11 41 80 -113 47 32 53 34 35 30 72 57 23 119 85 35 68 -11 86 96 61 20 64 87 34 42 67 99 84 76 76 74 67 40 70 68 43 66 29 88 41 58 88 42 -124 99 66 98 16 77 68 57 61 76 88 56 41 36 49 21 69 70
23 -66 59 27 -31 62 91 98 -81 42 23 39 4 71 74 91 9 -1 -3 -52 48 42 43 74 32 -33 7 81 69 75 50 91 86 27 44 47 61 47 70 52 15 107 42 -28 -9 40 51 6 62 50 98 -18 -51 3 35 54 57 -123 64 -17 69 45 16 93
-23 -4 -55 0 27 -104 -15 -62 -16 -19 32 13 -6 -19 -7 0 49 -41 -29 -24 71 39 -29 -36 -46 -44 -28 -6 -39 -25 -67 -38 -64 -21 0 10 -105 30 -51 -10 13 -4 -25 -6 -32 -12 5 -23 34 28 -51 -10 -8 -32 16 3 -69 66 -63 -6 -7 -33 6 11
106 88 122 93 85 114 115 46 -125 -110 119 -126 -118 105 54 113 101 -128 113 -89 -123 -106 36 -119 93 90 115 -120 -93 110 -114 106 -105 115 -120 -72 -118 83 -72 86 39 103 -115 127 103 -73 -108 -80 -82 88 -120 99 101 67 88 83 126 -112 117 79 122 114 -87 122
-86 72 -38 -43 -32 24 29 29 70 -14 48 -21 -32 30 -50 -16 27 -42 -36 0 -9 -48 -9 -7 -35 0 -46 96 19 -6 59 22 -49 -6 36 44 21 11 -42 -16 14 50 -28 -9 6 35 -62 -32 20 55 -24 3 3 56 44 -40 -36 6 -23 21 -36 -17 42 -15
-20 -19 -43 0 -38 -12 -95 -49 1 -5 -19 -25 -53 -62 -52 18 -64 57 -5 -36 -25 -35 -54 -86 -37 -72 -6 56 -30 18 -32 -16 -63 -99 -28 -14 3 -25 -94 -48 -28 -77 7 -57 10 -11 -50 -25 -51 8 -33 -45 -75 -40 -22 -79 -68 -6 -78 -79 -24 -4 -28 -89
6 7 4 -47 -83 -12 17 -44 -67 -67 -46 -15 -11 -14 -28 26 -37 -43 18 -56 -41 8 -45 -24 -43 -42 -25 10 2 49 28 16 -52 -14 -18 85 32 -12 -92 -51 1 29 -12 -31 -26 -51 -25 5 -54 25 -27 -34 -16 9 -27 -63 -51 -26 -1 -69 -48 -33 22 -1
-36 -53 -42 -29 -24 -38 -8 -48 -8 -14 -5 -32 -9 -18 -70 3 -64 -45 -47 -58 -34 -34 -8 -14 -30 0 -17 26 -9 31 -2 17 22 -24 -70 2 -7 -22 -70 23 -39 -27 -52 -17 16 -5 9 -94 -15 -13 -20 -35 65 3 10 -70 19 -92 -61 3 -87 -20 -41 -12
-1 6 -30 36 -50 -21 127 -14 -15 -7 -8 -79 -20 -53 4 -17 -52 -22 -83 -60 63 -31 8 18 -21 -69 12 -33 37 -40 42 28 -1 -21 -5 -34 -37 -37 4 -50 -7 23 -13 -9 21 -23 -63 -7 26 -6 8 -68 -1 6 -10 -54 -46 -10 41 -45 -21 20 -21 20
-84 -41 -77 -79 -79 10 -16 -122 7 -41 -12 -60 -41 -27 -47 -62 -36 -44 6 -74 -79 2 -46 -73 -96 -51 -40 -53 -37 -48 -27 -20 -41 13 -40 -10 4 -28 -20 -104 7 -16 -29 -85 14 -22 -98 -55 -31 -39 5 -19 -96 -44 -47 -52 -81 -31 -47 -104 -48 -42 -87 -59
3 15 105 18 18 25 62 -25 40 6 63 62 3 11 -5 -35 -12 -42 103 13 62 25 -43 20 -32 -40 59 63 46 -12 15 -7 24 53 35 107 -36 5 23 -6 -2 14 -21 21 -30 -19 60 14 -31 -33 33 20 48 21 -56 13 10 123 38 -10 30 -27 20 28
71 56 107 50 98 -101 76 61 39 9 49 39 69 80 5 68 27 32 27 11 35 23 8 49 44 18 27 82 74 80 54 65 49 37 77 7 93 31 38 13 94 50 25 48 83 16 85 26 68 43 116 80 57 52 28 24 24 81 -15 21 78 29 35 99
-24 44 20 -9 -9 -13 2 -50 -29 4 -69 34 46 45 -20 36 6 -27 48 2 46 26 31 25 -30 7 34 27 13 28 22 105 -10 -3 33 -62 21 -11 -41 -8 -21 41 -26 -21 -8 22 -58 -7 15 -29 19 47 5 7 -3 -24 -29 -16 5 26 -14 56 -14 -10
-43 -35 -19 -28 -66 -46 -32 -15 -46 -48 -34 -16 -39 -9 -104 -44 -76 -52 -98 -61 -27 -101 11 -99 -13 -62 126 -68 -25 -119 -109 -117 -55 -63 -28 -10 -25 -67 19 -36 -84 -33 -110 -60 -66 -53 -42 -23 -67 -47 -85 -110 121 -106 -125 -73 -62 -40 -24 -33 -80 -4 -53 -35
27 47 -10 -20 32 8 35 -4 12 -17 31 82 3 -37 -23 -27 -41 11 75 5 41 62 34 -33 2 18 77 -18 -41 -2 -8 19 17 -41 71 36 -32 16 -3 -14 34 -13 7 -13 -23 -29 -34 61 -12 94 20 -17 -35 -4 21 -10 12 28 1 -20 -5 16 0 9
48 23 -6 16 -58 -2 -16 -20 33 5 7 40 2 5 -47 -34 11 45 -21 -67 -98 11 -50 81 -45 19 -36 31 20 -71 -44 22 32 -21 3 -13 -52 -2 -22 -5 -17 -19 -26 -10 -44 59 -16 -43 -35 -116 -35 -62 -38 -9 1 -21 26 11 8 -21 26 -38 -73 -41
-66 -92 -82 -94 -39 -89 0 -56 -57 -27 -78 -46 -59 -83 122 -100 -50 -19 123 -17 19 -83 0 -116 -13 -51 -96 -99 -90 -84 -69 -113 -94 -83 -77 -121 -118 -102 -83 -73 -75 -77 -47 -120 -127 -96 -30 -60 -51 -73 -96 -62 -81 -87 -72 -64 -87 -101 -59 -117 -92 0 -67 -101
-63 -15 20 -23 18 -2 -15 0 -20 -10 -6 -37 2 -10 24 37 -3 38 -1 42 42 48 -34 -3 2 12 46 10 10 35 -25 -48 -38 -54 32 28 -42 -7 13 41 -56 -19 -3 -14 1 3 -35 30 15 -84 -48 -27 -7 8 28 -12 -2 -33 -30 21 36 48 1 6
-9 -24 58 -34 -28 -27 9 21 2 -45 -66 2 0 -57 -9 -64 -10 54 -46 20 -73 -12 -32 5 -49 -23 -22 14 -74 6 -95 -56 23 -32 -10 -92 -24 -58 -12 -14 6 53 15 -44 44 -99 -32 -75 2 38 -33 -21 33 18 -2 0 -37 -37 30 -26 21 7 -24 -23
-44 -93 -13 -9 -14 -44 -8 -42 -5 -28 -69 -25 16 -60 -25 -60 -9 -26 -113 -34 16 -60 -70 -29 -14 53 -36 -82 14 -12 -66 -71 -10 44 -51 -52 -74 24 -10 -78 -68 69 -35 -30 -15 29 -8 -28 30 -39 -35 26 -40 -20 6 -27 -16 -55 -19 -44 -32 -58 7 -31
47 37 32 13 9 10 -5 -19 52 15 55 30 39 32 30 -35 14 -28 7 34 -26 22 40 70 17 -54 49 -41 -54 12 -40 2 68 -62 17 47 -16 -19 -60 28 17 39 -71 2 -50 65 34 47 -9 27 38 -4 20 27 24 26 28 18 0 21 15 25 63 -3
-45 -96 -59 13 8 -3 -48 -28 -57 8 64 -43 -79 -12 -64 -43 23 -116 -44 -62 6 -59 -20 -14 3 -27 -68 -1 46 -71 -67 -95 -10 -18 -40 -64 -67 -44 -17 -68 -40 -16 -23 -62 -10 -77 -5 -12 -32 -43 9 -86 -57 -10 -19 -55 -49 -62 -62 -10 -40 -5 -38 -63
-44 33 -5 -45 -20 -66 -48 -54 -8 24 -12 7 -51 -33 -30 -58 -39 16 -3 0 -38 -74 -2 -96 -60 12 -11 24 -71 -24 -77 -42 -34 -3 -29 12 -4 -62 -57 -31 -25 -3 -18 -3 -16 -22 40 -47 -2 25 -60 -36 5 -31 -45 -80 -5 -42 -53 -49 49 4 -77 -69
-14 -96 -40 -52 -98 -44 -75 -109 -82 -54 -95 -69 -80 -58 -22 -107 107 -41 -43 -57 -37 -96 -91 -32 107 -67 -112 -82 -47 -89 -92 -40 -122 -31 -107 -63 -51 -65 -33 -67 111 -48 -77 -18 -84 -39 -89 -74 -108 -95 -125 -89 -114 -121 -60 -68 -27 -100 -45 -72 -45 -24 -109 -53
-14 -40 -62 -95 -57 -23 -94 -56 -32 -89 -117 -38 -60 -44 -109 -33 -30 -24 -46 0 -96 -39 107 -15 -61 -76 13 -106 -62 -72 -16 -25 -55 -70 -76 -43 -39 -92 -49 -30 -67 -37 -85 -54 -17 -45 -56 -49 -51 -89 -67 -39 3 -59 -71 -30 -6 -34 -42 -52 -42 -26 -53 125
2 -14 -21 -43 -2 -49 -59 -33 -71 -80 -44 7 18 10 -71 -13 -30 -33 2 13 -39 -30 3 5 -11 -13 -19 -25 -54 -26 -9 8 5 59 -45 -29 4 -13 -52 17 -16 -51 -5 51 16 19 -46 -31 -28 -19 -29 -24 14 -74 -7 -32 -46 -32 -64 -16 -22 -13 -93 -8
4 -93 34 -90 -21 77 28 -60 -42 -11 7 -38 80 -10 22 -51 40 -43 -6 -5 -24 -42 1 85 -3 1 -5 27 -9 -56 -7 35 -60 -20 3 -45 -49 -55 -31 -50 26 6 -74 -35 39 -40 -100 -3 4 -69 -42 13 18 -41 -78 -30 -68 -15 -46 -19 -20 -39 -17 -37
5 -88 -20 -16 3 -64 -86 -11 -30 -18 -26 20 -20 -84 -10 -63 12 -17 -29 -3 -46 -39 10 -50 37 -26 -44 -70 -12 -39 -45 -59 -55 -19 -50 -19 -43 -32 126 -15 -33 -23 -78 -65 -57 9 8 -72 -31 -52 -7 -45 -27 -55 48 -106 -69 12 14 -51 -61 -5 11 -41
-40 -78 -84 -63 -50 -21 -35 -21 8 -94 23 -56 -81 -45 -50 13 -19 -43 -46 -13 -42 3 -125 -24 -34 -91 -31 -39 -14 -38 -78 -45 -1 -84 36 -38 -90 -55 -54 -61 -38 -28 -90 -40 -40 -7 -16 -67 18 -69 -28 -51 -66 -82 -25 -118 -32 -33 -124 -67 -57 -99 -109 -49
55 118 68 63 65 117 110 45 38 74 88 91 114 9 48 91 102 61 107 51 76 100 13 9 41 67 114 -117 44 35 65 12 43 49 46 51 99 107 77 42 71 114 43 75 69 34 58 66 66 98 123 73 93 109 93 88 69 82 63 18 31 24 95 -2
-2 6 22 -13 22 -23 -60 -35 -63 74 25 -12 -21 -3 -35 -52 -55 -10 -43 -18 -28 -14 17 5 23 27 25 -18 -61 7 -41 -52 -52 -29 -36 4 -55 -27 -82 -34 4 -8 57 -81 -58 -19 -42 -75 -72 -29 5 57 19 41 22 3 -14 -24 -5 -45 -109 -63 -54 -31
3 54 67 -29 -13 -4 -22 -25 92 56 50 72 50 12 18 -20 24 59 31 -32 -7 48 23 41 -3 23 5 44 -7 56 68 8 33 -12 55 14 -13 -11 -52 -25 -5 8 29 -10 52 9 -14 33 35 45 43 8 12 31 55 31 39 -1 27 104 68 -63 -23 16
72 65 63 19 -2 61 58 34 63 -8 25 27 55 47 -11 -17 -2 5 13 39 -35 58 33 -18 24 80 -60 5 23 -49 4 78 66 81 46 24 -14 58 -16 37 37 -1 14 -20 5 25 26 9 -15 50 73 41 -22 79 -13 13 68 1 42 53 24 82 36 14
26 4 1 23 -35 -12 18 -15 29 -37 -25 -46 13 31 -25 -39 -49 14 36 -8 -89 49 13 -44 31 50 12 -52 -29 -41 -33 52 -52 -5 21 -13 -8 -84 34 21 -37 0 -14 -14 66 -21 11 -25 -23 51 27 -14 -44 3 -41 32 -26 42 -16 12 -8 45 -3 5
-12 18 16 86 -8 -31 -19 -58 -8 50 3 7 29 9 36 10 -55 -7 41 -47 24 25 -20 -26 -32 16 2 -10 -32 20 -47 19 23 -44 47 -28 30 -39 27 49 10 -18 31 21 27 -46 -30 25 -32 -3 -67 -4 21 -6 -64 -51 34 0 19 32 41 1 -36 -7
31 -22 -57 8 -20 51 81 48 26 21 -35 -16 86 2 48 53 9 -18 59 44 -29 45 -22 11 -9 25 -25 48 3 34 54 -62 -14 -37 -1 35 83 -74 17 -22 36 6 39 7 36 23 -37 45 17 65 62 31 22 7 84 23 4 30 3 44 -5 -24 -66 13
61 63 79 53 19 9 81 16 52 -11 -32 54 75 93 32 41 44 82 30 51 85 47 73 90 17 35 -26 80 46 29 19 33 -19 90 55 124 44 -1 92 18 51 69 110 16 27 66 41 34 56 37 61 98 1 64 103 13 33 40 38 81 76 70 39 86
63 34 15 54 44 74 20 35 127 34 58 47 86 39 86 28 97 31 83 31 20 25 28 6 99 40 54 39 -12 17 4 11 68 15 68 18 24 17 96 58 115 1 40 -2 28 33 53 9 39 36 18 56 79 -4 -26 73 8 74 87 0 34 96 66 59
37 -8 21 90 5 -24 -58 54 -3 36 35 53 54 -7 24 31 -50 -9 -45 69 30 10 58 36 27 17 3 -5 34 17 4 1 56 -14 39 12 -12 4 5 3 63 69 27 7 10 45 69 25 42 -15 11 76 22 -10 56 14 9 29 77 27 47 51 39 31
-62 -35 -121 -70 -67 -43 -39 -88 -7 -106 -40 -42 -69 -35 -85 -125 6 -48 -31 -68 -40 -61 -57 -72 -112 -45 -21 -67 -18 -11 8 -88 -39 -25 -37 -35 -33 -56 -34 -66 -19 -1 -86 -47 -58 -40 -86 40 -45 28 -32 -30 -43 -4 -60 -1 -29 -58 -33 -57 -45 -27 -43 -67
38 20 61 35 -16 99 34 96 33 -13 8 21 31 45 21 40 42 4 85 32 33 41 79 38 58 84 -3 -40 124 19 13 48 -12 107 72 55 67 31 69 75 50 13 -35 4 -11 31 9 3 9 71 72 -21 47 -18 23 94 48 52 70 14 106 27 116 67
64 85 66 36 42 53 -11 24 -2 39 34 91 -4 7 35 -28 81 30 30 94 58 24 20 77 66 49 104 19 60 3 56 9 11 -3 19 30 67 7 48 15 18 101 60 -1 8 63 63 40 59 73 80 66 24 75 23 30 70 23 1 69 36 41 10 56
-19 3 -2 18 -47 -11 42 26 -2 -15 -16 -26 52 6 49 117 21 26 1 -14 -32 -8 9 52 29 5 21 22 -13 59 24 32 41 48 49 35 -9 4 -12 50 46 -45 80 17 -10 -21 -1 49 43 -35 12 8 4 5 35 47 5 2 41 52 -66 24 65 15
1 39 48 51 43 2 17 41 78 12 8 26 49 14 9 19 6 -29 6 -4 47 -6 10 -2 -20 63 21 -12 84 16 19 35 80 43 -11 7 34 41 5 13 -5 38 37 -12 -56 6 19 -2 31 6 55 33 -2 17 -29 56 34 51 -4 32 32 39 21 -25
102 2 41 80 88 88 102 122 51 114 115 33 38 29 30 110 115 80 54 118 22 116 34 71 1 27 81 37 91 -126 0 65 41 -128 67 41 81 5 62 112 49 22 15 33 86 81 66 86 95 82 45 103 100 44 78 91 37 104 69 -117 55 73 44 98
23 88 9 71 24 -10 -2 48 0 -14 39 -20 -33 -45 -3 76 55 -77 40 51 19 43 33 -19 5 -1 -27 -18 87 65 14 -7 24 -28 -1 48 47 -30 30 36 49 43 84 15 81 10 74 28 -59 -24 81 43 81 91 8 87 21 53 30 52 19 31 1 -37
47 25 4 20 5 63 29 2 20 37 18 94 39 16 46 48 70 13 41 42 8 106 30 113 -6 16 92 114 -5 36 -4 73 -24 26 80 1 23 54 -32 21 -36 -22 27 66 -45 23 -52 3 40 19 -37 92 34 -30 57 17 13 37 -10 -41 -51 47 6 73
7 19 36 37 -11 48 -4 101 70 -26 23 40 -38 -11 -31 75 63 20 8 -16 -4 41 61 31 50 -24 50 75 -38 -15 12 16 9 31 43 2 60 13 -12 -12 24 22 14 -8 11 60 32 -4 9 93 59 13 1 22 96 38 13 -16 9 11 12 13 23 80
57 50 52 23 66 41 46 42 75 79 119 80 33 60 77 106 55 63 106 53 3 79 80 42 99 108 50 80 29 74 55 42 6 89 49 68 35 37 80 34 106 78 29 54 17 35 73 110 59 75 6 13 94 110 42 66 82 50 31 95 80 59 73 8
17 110 32 91 72 31 32 65 124 71 100 11 78 49 37 54 87 119 15 51 49 102 73 4 6 79 25 2 33 108 62 94 63 67 64 17 93 66 46 11 10 62 52 100 57 30 80 114 71 62 87 37 56 22 73 89 61 89 63 18 101 100 13 22
2 13 -4 -85 39 -44 -45 -43 -23 20 -7 36 3 43 13 -28 -33 -36 15 -31 -27 -21 -11 -32 -27 10 48 20 -15 -78 -10 1 4 69 42 10 -25 -19 -63 -19 11 -76 -4 -15 -5 2 34 -92 -26 -45 -26 68 -14 -10 20 68 -41 15 -10 -6 -46 0 -41 5
-17 1 15 -36 -65 -4 -29 46 89 29 23 -19 21 49 -34 37 37 4 21 39 3 15 -48 -23 75 54 -41 -113 60 21 4 21 20 9 -29 4 -65 -13 24 60 56 12 23 -21 -16 32 38 12 -2 -9 43 59 26 31 26 26 24 29 20 -7 7 16 -55 27
-7 6 58 -32 25 2 11 8 3 16 -14 24 -4 31 52 -31 56 38 19 9 35 21 58 31 -53 3 -30 -16 25 61 10 39 -13 -6 -13 33 -10 48 -8 -6 47 83 -14 -46 4 -11 41 -12 9 35 62 46 27 -14 52 -30 68 -52 56 6 33 42 -23 28
29 15 37 67 41 48 37 108 42 38 71 56 90 125 36 107 80 73 69 47 101 56 14 63 32 110 42 121 -11 50 73 111 103 102 52 83 98 80 99 103 37 74 44 76 16 60 21 40 -122 100 111 19 122 113 64 53 104 101 62 78 42 91 85 67
63 86 102 90 57 2 2 39 92 17 54 34 74 68 110 44 28 72 37 44 23 7 68 52 -44 54 40 72 36 36 70 72 10 30 52 70 61 79 7 -19 47 60 115 1 36 111 38 61 7 31 104 -121 -20 83 38 29 59 46 39 86 63 38 25 65
47 -29 10 -10 30 35 66 20 -6 21 5 -25 21 29 51 30 -30 5 22 -16 -19 -18 31 -49 36 15 -81 -4 30 2 7 -30 99 -38 79 -8 -39 40 54 -10 27 14 71 -9 47 23 40 -13 35 7 29 18 -20 7 52 11 49 -55 5 -17 -46 -16 50 6
101 -25 119 122 -60 -15 -125 -73 -106 -29 -75 -90 -17 -68 -112 -71 -49 -7 -74 -61 -83 -43 -41 -68 -57 -85 -79 -124 -99 -100 -13 -93 -73 -30 -42 -15 -88 -86 -19 -87 -40 -76 -25 -103 -34 -73 34 -37 -10 -80 -57 -42 -64 -107 -62 -65 -37 -61 -48 -105 -14 -62 -58 -128
68 49 40 46 84 -7 48 61 37 -10 -15 82 55 80 62 -38 74 40 21 57 79 11 38 6 72 -5 68 4 38 76 -5 -6 17 6 33 -35 19 19 57 22 27 34 38 8 68 47 32 -42 92 20 69 48 40 55 27 18 -23 48 13 -4 34 83 80 8
-19 69 18 64 -15 46 -42 76 39 1 -1 73 18 27 -1 1 51 19 44 3 -13 -4 47 45 -13 85 59 82 17 28 33 17 15 57 53 72 48 72 18 -121 -10 53 26 33 36 42 108 39 64 77 75 36 38 78 24 -17 51 54 35 13 64 16 20 20
64 -33 3 34 29 -14 -50 -74 -32 -30 28 5 4 9 -56 50 2 24 11 15 18 -29 -11 16 -80 46 -41 45 7 13 16 -3 -22 20 48 35 7 -22 44 0 5 45 26 -9 8 19 70 -19 1 -35 -29 -4 24 25 64 -1 15 -8 24 -61 19 23 13 18
18 -17 0 41 -15 5 42 18 20 -54 -71 6 25 58 13 -3 -26 -28 -18 8 36 -16 11 -13 -27 -26 -10 -21 -30 -57 -21 -2 -4 -50 -52 -43 6 -41 -53 -42 -48 7 56 -7 8 39 -8 -8 44 42 28 2 -21 -60 -50 -33 5 13 -30 32 -29 1 -8 -19
-10 18 -13 47 22 69 -64 52 12 62 15 19 -22 18 23 6 11 -15 36 41 23 29 36 46 -15 34 62 -27 -5 24 -8 50 -13 89 24 -29 35 -34 -20 17 -11 23 -3 70 14 -3 21 -43 -52 7 -6 88 -16 51 84 43 18 5 51 36 -15 54 -9 -1
51 13 23 54 75 -125 24 12 12 50 80 -37 78 14 -2 -31 33 51 62 84 46 77 69 55 57 59 13 66 18 90 48 65 48 20 18 39 17 2 29 53 40 44 53 37 54 26 74 81 27 29 10 96 74 -39 28 43 -26 74 41 36 26 51 35 60
-10 12 19 -3 70 -26 53 -15 15 22 -16 63 -1 12 5 17 20 8 18 -23 46 37 54 64 27 6 -32 -8 -4 38 26 -8 97 -10 26 46 29 18 32 11 -28 50 -10 -1 -8 73 33 44 43 -1 22 51 -12 17 72 47 22 -57 -36 -15 32 37 71 -21
17 -5 78 52 23 85 21 87 34 60 29 -30 67 -1 4 82 10 38 7 45 42 47 71 -9 58 64 33 100 5 105 96 23 81 35 -40 86 51 -1 56 80 65 55 30 78 1 -4 48 52 22 68 56 46 24 -8 63 1 -72 53 -13 -16 24 66 66 96
22 -28 -7 -8 5 -9 3 32 34 -22 34 61 -23 4 3 -36 -11 7 8 55 -68 -13 32 39 40 -36 -8 28 -47 48 -85 -12 -38 24 -50 -31 -8 -16 -67 -31 -4 -25 -68 13 11 -38 64 -60 -53 3 -8 -21 33 26 -46 -18 3 56 -2 -20 24 -33 -3 -47
-26 -72 -113 -45 -67 -42 -30 -43 -71 -48 114 -126 -47 -73 -42 -84 -47 -84 -8 -91 -56 -7 -75 -28 -21 -103 -97 -2 -85 -47 -22 -70 -105 -80 111 -69 19 -24 -75 -44 -66 -45 -48 -102 -89 -48 -54 -103 -28 -26 -19 -10 -9 -64 8 -51 -69 -25 -74 23 -29 -99 -39 1
6 20 33 -13 15 -4 2 64 27 10 -26 20 -33 1 39 70 3 -3 25 8 69 -49 43 39 27 28 76 22 2 54 0 33 16 45 1 31 30 50 49 103 -27 76 -17 89 30 5 4 33 39 37 -1 30 6 -14 48 1 4 47 -24 60 53 32 43 62
43 80 105 68 26 64 -121 53 19 9 126 55 60 45 8 46 63 -121 84 75 46 108 56 63 8 81 -5 80 30 81 35 73 40 61 79 63 44 30 53 26 31 2 20 46 -8 45 94 5 63 -1 56 30 31 43 41 19 51 38 61 89 57 60 14 28
-96 -79 -28 -21 -28 -66 -27 -35 -8 -30 -3 -53 -104 -40 -54 -66 -41 -21 -40 -31 -46 113 -5 -50 -32 -6 -50 -85 -63 -11 -47 -47 -10 -19 -41 -14 -50 -102 -33 -45 126 -27 -82 -67 125 -56 -34 -12 -61 -104 -64 -94 -28 -52 -19 -43 -83 6 -33 -61 -66 -50 -55 1
-42 -43 -39 4 -26 7 1 -59 -49 -67 -60 -53 -18 0 -6 -107 -6 -36 -44 -70 -70 -20 1 -49 18 2 -27 -86 -49 -67 61 18 -33 -19 -11 8 -23 -46 -71 12 -22 -56 -84 2 -65 8 0 -35 -9 -25 -49 -3 -24 -8 -1 3 -31 20 45 13 -43 2 -28 -11
-77 -95 -42 -22 -74 -88 -62 -24 -99 -18 -65 -102 -38 -119 -96 -108 99 -115 -75 -120 -80 -44 115 -76 -105 -57 -64 -66 -104 -73 -42 -101 -74 -122 -28 -81 -40 125 -119 -86 -91 -45 -64 102 -45 -34 -63 -90 -77 -40 -57 -125 -96 -97 -91 -34 -72 125 -43 -84 -98 63 -69 -111
-17 -44 57 26 55 -20 -13 43 -54 30 14 -55 6 9 -48 -16 -1 -48 19 -43 -67 -58 15 34 31 5 12 39 -17 1 -48 70 52 4 4 38 38 1 -85 29 24 27 8 34 21 -4 23 3 27 53 11 70 11 -18 -48 -58 3 10 14 -66 -28 -61 47 17
-17 81 15 12 7 8 12 61 24 -4 27 22 -9 -19 12 43 -27 28 -15 3 23 -42 18 73 15 -21 -8 40 18 70 10 -51 -14 64 -47 -26 7 19 18 16 54 15 18 11 47 -28 13 -31 64 -11 -62 0 25 28 20 89 -18 18 -49 38 8 41 24 31
-16 -101 -12 -41 -57 2 -91 -32 -53 -24 13 -41 -49 -49 -14 -69 -6 -51 -75 -51 -33 -55 2 -35 -36 8 -15 -37 -12 -44 -2 -55 -82 -47 -59 -20 -47 -39 12 27 -86 -33 -70 -15 -18 -37 -51 -74 -39 -94 -40 -109 6 -81 -23 -31 -47 -52 3 19 -76 -13 -20 16
116 -3 -78 8 -119 3 -46 -17 22 -64 26 -34 -58 -74 -17 -25 23 11 -47 29 -16 -56 -5 -35 -51 -49 -61 -50 84 -9 -15 -3 -13 55 -38 -11 -38 5 13 14 -115 11 -42 26 29 -73 9 -10 -39 -17 -12 -46 56 -71 -44 76 -1 77 -3 -33 6 -17 -16 -25
35 21 17 67 0 -7 31 85 28 -13 4 -14 -12 24 -10 9 0 -32 -30 -18 -13 -40 -22 27 -4 -7 30 -45 18 35 -68 -3 60 32 -49 18 -24 21 -18 -13 4 0 2 28 0 -14 57 -9 25 46 42 -60 20 53 -16 -10 19 -18 -31 -28 1 56 38 26
-99 46 -47 -26 -5 -42 -19 56 -55 19 3 32 -64 -7 -14 16 -5 -57 -14 51 -8 -4 5 -22 -7 -63 8 -2 -48 -52 52 -41 -31 20 -85 9 -2 -12 -40 10 33 2 12 33 -17 -63 -18 -10 27 -3 12 -27 -24 31 -1 -6 16 2 -42 -48 -72 -33 15 -55
-67 -70 -107 -58 -55 -63 124 -43 -75 -37 -38 -61 -55 18 -34 -54 -39 -90 8 -41 -89 -28 -45 -45 -60 -27 -33 -31 -89 -25 -81 6 -60 -49 -58 -25 -47 -5 -114 -84 -41 -54 -72 -39 -12 -55 -80 -72 -102 -21 -40 -34 -86 -42 -69 -85 -88 -77 -75 -37 127 -14 -25 -35
-66 -24 -48 -13 1 -3 -61 -3 15 -5 -5 19 -23 47 -21 42 -32 -14 8 10 2 -11 0 -7 -80 -28 -31 1 -19 -12 -49 12 -42 18 -63 -46 -11 -29 53 -101 -14 39 16 8 10 -50 -31 -12 -88 -33 0 0 -55 -29 69 4 -4 13 -25 -10 23 -27 9 -97
19 -30 61 51 27 7 22 8 46 74 21 70 24 25 42 -19 26 71 -3 6 20 35 43 7 -25 22 31 13 40 -4 36 -4 -24 15 -15 52 32 36 -9 20 -22 12 27 27 52 -5 50 31 24 -35 10 -19 -20 16 75 47 28 35 39 36 54 7 4 11
-7 -44 57 -43 -31 36 14 55 8 -24 59 48 -2 -28 46 -17 -7 -8 -59 -25 34 27 8 -35 27 68 -24 0 -5 23 18 15 30 -37 -4 -24 8 9 5 54 -1 85 -52 4 3 -36 -10 13 22 60 20 -11 -32 56 49 26 10 41 -40 -11 24 57 9 -22
-74 19 41 -19 -64 -82 -98 -79 -76 -90 -76 -87 -62 -76 -55 -60 -85 -93 -72 -74 -34 125 -91 -100 -119 -107 -85 -35 -64 -23 108 -85 -76 -73 -51 -89 -54 -95 -14 -85 -90 -60 -42 -88 -26 -95 -39 -109 -48 -112 -67 -81 -39 125 -52 -106 -75 -30 -39 -77 -17 -39 -99 -47
87 -6 31 66 -12 35 66 11 -93 -22 69 29 70 92 43 41 40 77 -51 -10 -20 91 100 4 107 53 14 -45 38 33 42 53 16 64 -5 -27 69 19 35 29 16 62 82 89 6 84 -27 -4 63 -9 78 3 70 34 63 86 -12 60 113 77 12 76 37 36
47 -53 -48 -26 -29 -38 15 -36 -13 -24 -18 58 -4 19 19 -30 -82 27 33 49 62 14 -35 -1 -30 28 0 10 4 -16 1 -6 29 -29 -55 11 -6 4 -46 45 34 -29 -13 -54 4 5 -55 32 41 -23 -38 13 36 -48 33 -9 -40 -21 -3 100 52 -18 -60 -69
57 26 22 17 -3 -42 -33 27 -21 -31 67 -38 -42 12 42 -8 19 7 10 -37 -40 46 29 -7 40 -19 21 -1 30 -24 -35 30 12 -40 34 17 -14 19 0 -8 36 18 43 -23 -46 1 37 40 50 -2 -1 28 -1 34 11 -13 -43 62 -6 21 -29 31 13 -62
2 -9 69 19 -25 8 -15 35 -54 -14 -31 22 39 4 -42 1 -22 26 16 -78 -14 8 15 -26 -29 -39 -3 -16 11 -12 -13 -7 -99 36 30 37 45 8 -35 27 -60 -64 -23 44 -13 -11 -40 8 -33 40 2 -25 -19 -41 19 3 -54 -34 1 12 -11 -14 -9 8
-78 -72 -68 -22 -87 -110 -58 -39 -55 -98 -66 -67 115 -66 -97 -36 124 -128 101 -91 -119 -104 -76 -40 -29 -97 -119 -126 -117 -54 -106 -126 -62 -89 -106 -76 -91 -70 -19 -77 -26 -29 -95 -97 -94 -102 -87 -92 -85 -38 -76 -53 -65 -8 -44 -104 -115 101 -124 -113 -101 -27 -96 -67
-36 -25 34 -12 5 -26 -4 17 -27 22 37 -38 50 -56 3 46 9 -10 -24 3 -47 -9 -4 -18 -26 -48 10 -14 3 -71 1 -109 -4 -38 34 -27 -12 -59 -15 -16 30 -35 26 1 -11 -17 3 -3 37 46 84 -17 -70 10 -53 20 -26 -9 73 -79 18 17 -53 -30
-18 7 -8 22 57 9 -60 -30 45 1 -26 34 -6 35 -21 -47 -2 -36 67 17 -28 50 30 4 7 -12 -18 -5 56 35 13 -53 19 9 10 17 -29 -3 16 37 12 89 -7 -23 20 30 103 -6 -22 20 16 24 10 14 -1 -17 -10 31 29 13 57 -5 16 76
17 -40 21 -63 43 14 -18 43 -25 13 -73 -21 39 -2 -6 4 -12 -44 -74 -37 -64 50 13 37 88 41 -36 -78 13 -92 62 27 -78 -18 -30 -24 -43 11 -46 41 4 15 46 -60 18 21 1 -65 -1 -44 68 -47 8 -42 14 -31 82 -59 -48 -16 11 -20 -53 14
16 -19 1 28 -61 -36 2 -24 9 -46 -17 -11 -5 -13 -96 -34 -23 -58 -51 0 14 -16 -17 -32 44 23 -36 -50 2 38 5 -65 -8 26 -3 46 -65 4 28 -20 -44 -35 -51 -32 -25 4 7 1 -27 2 17 -45 -72 -12 -7 -20 -12 -17 -18 0 -41 -8 -50 -4
-10 -25 53 -12 -39 66 -16 91 -8 3 30 -17 38 0 -8 91 32 90 -38 51 3 -31 -1 87 56 59 8 61 -1 -19 -19 1 32 86 33 -2 50 60 8 59 41 46 43 41 48 -21 32 27 44 23 101 51 60 44 9 81 38 61 15 1 14 49 9 63
48 22 -14 18 23 -5 -41 -35 -18 -1 -7 -65 100 15 65 19 4 66 15 2 -50 0 11 -2 43 17 26 -9 21 -38 11 24 16 30 -36 -24 -11 33 14 38 38 34 10 -34 -19 48 33 14 16 -8 -32 -34 12 20 28 86 2 20 -12 19 -88 20 23 -15
-9 19 43 16 -64 -61 -29 1 -1 11 -79 -27 -30 20 -57 0 26 -82 12 29 -7 42 12 -44 -77 -55 27 -34 0 -18 -3 60 2 -31 -33 -54 11 55 -33 -17 25 6 33 35 -48 -12 -42 -28 12 4 -18 -26 40 -47 -25 3 1 13 -14 42 49 5 63 -21
-78 -74 -64 -76 -98 -108 -36 -77 -97 -81 -60 -43 -85 -16 -69 -61 -92 -63 -44 -35 -88 -52 -81 -87 -64 -78 -60 -71 -50 -96 -4 -103 -53 -96 -99 -72 -1 -100 -96 -9 -80 -35 -107 -78 -39 -36 -21 -88 -63 -33 -55 -59 -20 -88 -83 -87 -3 -102 -23 -81 -55 -49 -37 -74
-76 -23 -108 -50 33 -98 -56 -21 -44 -25 -10 44 -5 -7 12 -25 23 -56 -47 29 -27 -4 -43 0 -24 -24 -42 8 -11 -50 -27 -34 -107 -74 -13 -34 -50 42 62 -77 -38 10 -21 -22 49 3 -56 -63 -2 65 -40 -59 10 -10 14 -16 -56 -5 -43 -41 22 -4 6 -15
-23 2 5 -73 -26 74 46 43 29 -32 16 -7 -86 0 -4 -42 -3 -24 76 -66 -56 -16 26 -3 -4 -31 19 3 -43 23 0 -17 -3 27 45 -45 17 -11 33 48 -8 36 -21 -16 11 58 33 2 7 56 71 -18 56 49 -23 -12 -15 34 -44 -8 63 -35 45 -47
-35 -53 0 -32 -30 -18 -39 55 -44 -15 21 21 15 9 28 49 17 9 67 -11 4 -68 -54 40 19 -12 56 31 -23 34 -12 24 5 36 -31 44 2 -37 -79 -20 21 -25 -9 -53 -32 27 56 -24 -12 28 12 24 -15 39 -24 4 15 -37 58 -26 27 -59 50 -51
-20 -20 37 -33 60 25 -18 -8 -64 26 -3 -10 55 4 -39 -23 -27 23 -31 -74 -6 4 -36 -6 27 9 -28 -1 -43 66 0 19 -13 -98 -43 -2 -33 4 -10 -72 -18 45 -26 9 24 6 22 -37 9 -29 -30 5 -54 -42 0 -15 12 -111 46 -5 -11 -48 -13 74
11 38 46 25 -20 -12 24 26 21 39 49 20 34 50 53 41 8 -13 17 46 12 -21 37 27 9 37 -7 19 21 20 -20 11 -18 85 18 -28 7 46 8 32 11 17 53 -57 -24 70 38 8 2 -12 3 30 83 25 17 18 79 -6 48 -23 85 -51 -8 34
26 -27 2 52 9 21 46 39 -54 -31 -33 32 9 57 8 -9 45 62 -6 -30 -11 -23 34 -23 3 0 -11 -17 -1 -2 -12 -4 8 39 50 -110 25 -18 12 26 21 -39 40 31 7 68 -40 -14 9 -44 15 -18 41 6 10 -4 58 -14 -13 34 61 -6 -31 -57
-6 32 -4 38 7 4 9 12 24 11 30 7 91 27 -40 107 -14 52 51 29 54 27 4 3 -2 47 -16 76 44 27 25 5 39 91 41 23 33 54 53 18 -17 29 46 4 43 2 68 17 -62 -16 -11 67 8 60 -13 73 4 -12 -4 -28 40 -9 53 53
-14 -51 13 16 16 -59 -26 37 32 70 -51 28 -73 -17 102 -29 -30 -21 7 -12 -21 11 -16 -71 19 -8 -18 20 0 10 46 45 54 -48 2 -6 -26 8 -30 -4 6 -43 68 -51 59 -18 27 -38 -16 -55 -9 54 -21 -10 27 52 22 85 -22 19 -59 36 -12 -10
31 35 50 32 35 39 -1 65 -2 4 49 6 39 29 -24 37 -8 4 37 52 66 -20 105 -13 35 28 27 66 -62 -1 14 44 32 35 41 40 32 85 -41 51 27 32 94 31 15 -1 53 -3 30 26 -18 21 38 68 60 -4 -17 33 21 -4 -2 2 45 22
-23 11 -1 -36 5 -43 59 -22 -30 22 -56 -12 56 46 -38 -6 18 -4 -52 -78 -40 -38 24 -56 42 7 13 34 -91 9 76 -18 14 15 1 -64 -45 4 -21 -52 1 -6 -17 -63 36 -63 -58 -29 -71 20 -54 32 -34 -8 -14 1 9 -15 36 3 6 -40 -59 -5
33 26 24 2 42 -18 76 32 -18 99 33 33 16 39 83 29 52 -14 62 92 76 75 25 71 16 30 61 9 30 101 108 11 20 17 48 43 34 14 87 78 38 22 36 14 -1 92 -8 43 -4 -8 21 -3 1 26 -3 99 47 57 47 1 -125 98 37 35
11 -12 79 -35 61 18 18 -2 16 5 85 52 -83 -92 18 -36 36 -124 13 23 7 27 16 9 14 30 85 26 26 11 103 5 -19 -51 50 5 40 -25 46 -11 5 43 45 22 24 -43 9 8 29 -42 -49 -21 -5 -115 -14 36 1 66 -81 82 -1 -5 17 -13
-75 -49 -70 -89 -11 -11 6 -16 -5 -56 -35 -88 -15 -99 -24 -11 -32 12 -91 -29 -31 -66 -45 -21 15 -49 23 -18 -63 -74 -29 -100 11 -90 -28 -43 17 -82 -15 -24 -2 -74 7 -68 -51 -103 -84 -65 -4 0 -6 -59 15 -5 -68 -38 -27 -33 -14 -25 3 -70 -75 -16
88 2 89 46 5 34 -27 8 -46 -20 2 -5 60 -31 -87 102 0 4 57 -1 35 26 14 37 48 59 8 28 27 5 5 20 -8 23 -4 20 26 32 -41 3 46 -6 71 81 -1 1 34 -7 3 -1 33 -6 64 -5 43 8 14 6 45 -4 -18 23 0 74
15 -23 6 -51 52 32 6 43 53 11 30 12 14 43 54 4 -8 44 -28 37 28 11 55 23 -45 47 31 -1 51 21 9 27 59 32 -12 4 7 9 30 51 81 14 57 34 47 -52 48 -11 39 1 31 9 41 73 -7 82 -3 -6 -9 23 -4 42 40 36
-97 -75 -110 -61 -26 -49 -44 -112 -18 109 -62 -80 -54 -11 -88 -49 -101 -56 -87 -68 -109 -80 127 -82 -43 -57 -96 -72 -37 -77 -32 -42 -36 -53 -56 -73 -86 -94 -23 -31 -74 -62 -69 119 -86 -17 -55 126 -34 -63 -100 -2 -102 -91 -104 -43 -37 -11 -69 -66 -115 -18 -55 -67
-28 20 -24 -30 -19 38 14 35 -48 55 -19 -31 32 -2 -29 14 10 -22 -53 -23 31 -28 11 4 -37 10 -16 -36 -66 0 -32 -33 -52 -3 -42 -31 4 -30 4 8 -59 -7 -2 -51 -21 -39 21 -1 12 -46 11 -10 -40 -22 4 -4 -9 -18 -8 -18 5 -17 -34 -10
-65 -60 -14 -104 9 -45 -70 -5 9 -61 -24 3 -64 18 -79 -54 -53 -90 22 -68 -36 -45 -45 -15 -46 -48 -95 -47 -16 5 -64 9 -30 -9 9 -42 -64 -32 7 -52 -18 -15 -30 -21 26 -74 -44 -58 -20 -35 -40 -52 -61 -57 3 -16 -79 -26 -110 -100 -32 37 -4 -16
-35 -19 0 20 9 37 10 20 54 -30 47 19 78 21 41 6 0 12 -35 46 -2 10 5 54 -6 61 26 51 24 -20 24 25 8 2 4 -14 45 50 32 1 9 -2 -112 75 -10 55 6 4 28 -2 63 10 14 51 14 58 5 -10 -37 27 -29 -39 -31 7
18 -30 -46 -45 27 -45 -33 25 -28 -6 -23 -39 36 -36 -2 -11 -12 -53 -21 -48 -20 -117 -29 -73 -6 14 -26 -31 -76 -31 -40 54 -9 5 -40 -27 -27 -15 126 22 3 62 -54 34 28 7 10 -82 -39 -10 -30 16 -1 -59 -46 -81 -42 -16 -43 -103 -8 -91 -54 5
-17 7 -24 -62 -53 -65 -76 -77 -30 -44 -32 -35 -33 -8 -29 -62 -57 -75 -69 -27 -36 -23 -46 -57 -67 -34 -68 6 -50 -71 13 -116 -33 -20 -23 -10 -37 -49 -35 -6 -43 -13 -107 -52 -57 -46 -63 -27 -33 -55 -70 -75 -101 -48 -43 -95 -60 11 -56 -68 -63 -82 -34 -36
-79 -72 -28 -99 -40 -80 -90 -23 -100 -66 -38 -71 -16 -50 -62 -77 -64 -70 -43 -44 -26 11 -32 -47 -84 -35 -66 -80 -92 -36 -47 -59 -32 37 36 -9 -95 -41 -17 -70 -59 -23 -105 -39 -91 -37 18 -4 -52 -28 -45 -37 -38 -64 -38 -74 -59 -50 -56 -127 -120 -123 -85 -56
72 73 81 97 90 55 103 103 68 77 82 48 56 13 95 110 63 72 10 73 32 34 52 17 82 99 60 58 40 77 59 75 27 12 74 63 114 0 10 68 95 63 42 72 77 49 98 81 78 79 41 14 59 108 2 57 80 -99 33 68 14 55 42 40
13 -40 3 -19 28 6 69 50 2 -45 -12 9 33 14 28 25 65 17 -16 28 -1 21 45 55 24 -12 -29 -7 80 65 -16 72 18 22 -58 40 49 6 41 -12 -9 43 11 3 15 12 -35 38 59 23 55 48 28 -30 -17 55 62 45 48 -2 42 17 4 -32
91 19 9 -27 -14 20 -50 10 -20 -12 4 -24 8 -24 -46 21 47 27 57 -45 -24 36 4 -7 9 33 1 -20 -15 -26 31 14 76 17 -1 50 38 4 19 28 28 -7 -8 -45 39 -10 11 44 7 -9 -23 -30 31 60 9 18 10 12 50 -23 44 73 -14 23
37 46 47 84 39 -4 43 69 47 46 65 7 52 -16 54 -2 66 6 46 -30 39 50 -13 10 50 77 23 55 59 3 -17 21 45 8 68 43 4 21 34 28 56 104 -8 30 15 25 63 82 47 51 16 43 -3 72 32 -37 3 76 3 47 -33 -3 -24 23
65 91 26 49 -22 91 4 -120 70 25 96 91 -4 35 63 65 98 33 17 10 20 48 33 114 36 -1 69 51 70 87 86 62 3 16 83 69 25 64 13 98 46 -6 29 28 53 67 13 5 80 66 95 44 60 42 70 56 50 120 89 29 95 63 24 39
