-11 12 2 -39 29 35 -18 -7 -21 -16 17 4 7 34 -11 0 -54 28 42 -25 18 49 41 1 24 13 -9 23 51 31 -9 46 -13 -30 -4 -33 46 19 7 -42 4 -52 -1 -30 -21 6 -41 -35 -12 40 12 9 19 -22 -74 -36 34 5 14 34 -56 38 -42 58
-42 14 25 15 31 90 -56 41 -32 46 56 44 -41 41 -94 -7 -32 -50 -54 1 -17 -11 -97 -12 -76 50 -63 -25 -42 -60 -53 34 6 43 58 64 -18 0 -36 51 32 112 -51 18 58 -30 -43 -17 12 -64 31 -56 -67 2 -60 -49 55 108 -36 -12 39 9 -17 3
-32 18 48 83 -62 -34 2 64 55 43 16 32 -18 -10 -15 -50 35 -6 -26 -20 8 36 -1 -36 5 16 19 -26 8 -106 12 -9 -9 43 11 -21 12 -41 -18 -4 -45 3 46 12 12 26 -43 -11 -12 19 -64 3 6 22 18 -15 -47 68 -3 -3 23 -40 57 16
-49 4 34 -75 38 -15 -1 42 26 -82 -29 4 25 56 23 29 -28 -38 -5 0 41 45 -6 -7 33 48 -22 72 -10 -24 -23 1 33 -69 -41 -18 -11 49 39 24 -48 42 24 -42 -17 76 46 6 36 -66 17 109 31 -16 13 20 -29 22 -3 24 4 15 9 16
63 -6 40 -4 -16 67 -69 40 -75 -5 -28 -42 26 23 -6 -15 -61 60 57 -98 -24 -29 -61 36 71 -27 -19 -13 -48 -48 -37 42 -49 -37 -34 -97 -25 -32 17 24 7 -8 -28 20 -33 -112 -32 58 -43 26 2 42 6 -40 -34 -6 13 10 30 50 6 10 -36 12
-16 45 -103 -9 -65 -34 -19 53 86 -3 12 -17 15 18 -11 10 -20 -30 -12 -10 -39 22 44 30 14 8 17 16 19 -13 71 -18 14 61 -30 -76 16 15 -20 -5 -77 -50 -7 -16 -55 103 7 -16 28 -10 -12 1 75 19 21 83 122 -44 10 53 5 56 20 14
-42 -21 8 17 63 -3 -24 31 7 45 -87 -49 58 -76 70 18 64 -8 88 17 60 -66 -10 99 -20 -32 27 33 -37 -34 36 30 -47 -28 7 -3 -2 111 91 -13 -22 22 18 52 39 18 -10 41 19 -20 8 -98 -11 14 121 -28 -65 -23 25 -24 7 -24 -54 -64
-14 -17 23 -8 21 7 24 -12 -11 67 36 -78 -28 -19 -50 -27 -32 -36 6 4 -35 22 -19 -33 52 70 -6 -10 -67 -46 -35 47 -2 -2 45 -16 -39 21 4 -19 -35 42 -6 -16 -2 -37 41 56 -46 3 10 -58 -16 -6 13 -6 30 79 13 -51 -25 -27 -8 -94
-14 -84 12 -39 -15 -51 40 21 6 -34 -89 -44 32 -66 7 -20 91 50 -22 65 19 22 34 21 89 -13 -69 -11 0 45 -1 -44 -10 -23 1 -44 -35 -8 9 7 -51 -11 0 -14 -46 54 47 30 -83 -26 -40 43 16 -50 -20 6 -14 9 55 -46 -10 -31 -34 -13
-28 -12 -54 33 -35 22 -39 -10 -7 13 -4 -4 -25 60 7 -63 -18 13 -77 -2 -18 28 15 -11 57 -82 -59 -62 42 46 -59 7 13 -19 -62 35 -16 9 -7 17 -49 46 -68 60 29 7 -26 5 -58 14 58 -67 -9 16 52 20 7 4 58 -24 69 -24 23 -40
62 12 50 -19 -16 -26 -12 -35 28 88 6 1 7 24 47 36 -23 -15 6 -11 78 -81 2 85 54 57 -74 -24 -18 -5 -61 17 30 22 -20 -27 49 -31 25 -12 -8 39 -32 -32 73 51 36 68 -21 -12 40 -25 27 -11 -16 -9 -9 69 -43 23 28 96 7 10
78 -45 -16 -56 -16 15 -75 6 -17 -8 -32 -41 -26 6 -42 13 -43 28 19 -30 6 7 -27 -1 -20 -2 7 -59 48 -109 17 -3 -19 -57 -24 -16 -103 -117 -72 7 28 -35 27 -28 -58 -41 -53 -52 -69 -17 25 9 -101 11 5 -68 35 -12 -56 -60 -12 -57 15 -23
-40 -9 71 10 71 19 29 -2 -8 63 -44 -66 44 33 -21 39 -35 28 -43 -100 -29 -1 -18 -25 -63 -22 -57 -4 47 5 -36 -26 -39 -23 -72 -30 87 21 8 -58 51 -38 -11 64 -28 -7 2 -45 -34 33 -54 -1 26 -9 25 -13 -61 3 57 -9 -62 -65 45 -27
-12 -57 3 41 54 116 44 66 63 -2 -27 -45 67 -18 -24 -14 -75 -31 -22 13 76 -104 -5 -51 40 71 -7 -25 6 -15 -63 30 18 -56 52 -54 -25 -20 75 -51 14 10 -31 18 31 23 10 -43 46 -46 -30 2 28 18 58 9 39 -42 -40 -30 -7 -58 -23 -9
19 -9 11 15 4 -61 18 60 5 4 -21 51 24 -50 55 -39 26 7 -14 10 -6 -29 -19 -96 -1 -25 -18 7 22 37 -8 -69 -62 20 103 -4 23 -6 58 -3 25 -42 62 -32 27 -58 -11 -18 -60 7 43 50 26 24 -5 45 8 -12 -3 10 -28 -19 16 5
68 25 -2 12 4 26 9 -38 28 24 -19 71 18 -34 -39 94 2 -77 -11 28 57 8 1 16 7 -32 -39 -20 29 12 -42 -30 -37 100 53 -4 -3 30 -57 -7 3 -29 92 -71 69 -26 62 16 -25 -2 -31 62 -62 19 33 48 5 -20 108 13 38 -20 61 49
-25 -9 31 5 -22 18 26 18 -19 52 -47 7 -47 -55 5 49 -111 -92 -70 -93 48 -49 -25 -7 67 -75 -94 58 -68 -13 28 -24 -12 22 5 30 -53 -17 21 -11 -32 -10 -30 -56 14 -83 18 -88 -74 -29 48 18 -40 -44 -48 18 -2 2 -16 48 34 -3 30 -39
-22 48 13 16 53 19 -12 -47 27 -6 32 -19 -30 -25 -22 -4 -63 -13 -92 -14 37 -74 113 -10 69 39 -22 54 11 67 -61 80 70 -23 -28 -51 34 89 -4 -40 -84 -59 -82 -127 -72 32 66 -13 10 -9 10 6 18 10 13 65 -1 57 -8 27 21 -60 -20 -6
50 -15 -5 -29 3 60 -3 35 -33 -5 55 8 80 -52 -50 59 -2 60 14 22 -27 51 62 -12 41 24 -83 -40 19 -45 13 25 38 20 2 61 8 -78 47 67 -44 -21 -16 50 -48 4 18 15 4 -75 54 0 17 13 33 5 29 8 35 -47 98 58 -47 16
-1 7 73 -24 -22 48 78 -16 3 8 -20 72 24 -1 -97 -53 1 -42 -11 -26 -8 13 -12 59 72 10 -18 -4 41 5 -78 23 -67 -46 50 -29 35 42 30 47 -9 10 -26 14 -84 29 -42 -5 -1 -25 31 -2 -25 -43 41 -2 -33 -10 -24 84 26 29 -37 14
47 61 -39 9 -6 42 69 -62 -12 0 0 4 15 -47 -21 -43 108 -2 30 -39 8 -52 52 -60 -3 -39 -63 39 -20 14 -16 70 21 -35 -8 27 -54 4 33 -36 -26 54 36 0 -13 -56 6 59 -67 -56 -3 1 -26 4 15 -2 -30 5 -4 59 18 12 10 -13
47 30 6 -7 -57 31 -60 3 -34 7 -5 -42 -31 9 44 -64 57 -92 -65 -79 48 39 49 15 -14 -34 -28 -11 -78 -2 32 12 -128 25 -39 -45 2 6 -27 -33 -37 61 8 -23 38 13 78 14 0 6 -18 -18 52 0 42 50 -42 30 -38 -44 10 32 27 -5
-11 6 90 0 -42 -83 44 28 -21 -1 14 -14 26 44 9 23 -56 33 -8 32 28 -26 8 63 -28 7 42 -40 32 -30 -37 -17 47 15 2 51 10 12 -47 60 81 25 -68 49 5 20 17 -66 27 9 -5 6 -21 0 4 -62 -39 6 -57 -20 -63 60 77 7
-48 58 -31 -12 32 -22 4 39 55 23 7 57 75 -5 -49 30 57 -13 -20 48 13 -19 -15 36 2 44 36 -5 -56 -67 -17 1 -40 24 -44 12 -52 61 -47 -16 -11 -23 -43 17 21 -49 34 -9 47 -5 26 -67 27 10 9 -27 -85 8 -36 -11 -10 7 -20 18
-52 4 -24 38 -78 -23 -24 -38 17 -20 -26 28 2 15 -74 -7 -4 7 -76 95 9 -32 33 41 -17 -54 9 -55 2 -19 -27 -47 -18 -26 0 114 -69 -16 -65 3 27 58 -12 -70 16 25 -62 -99 44 88 -63 8 -77 -21 -34 42 5 -53 -58 19 12 25 27 10
12 24 -29 43 7 -56 -108 -99 26 26 1 -9 57 38 -14 39 -45 -49 -45 -10 8 45 -91 60 66 11 -25 -11 67 -15 -21 10 -8 -56 31 7 -27 -80 -1 4 14 -18 -53 -20 10 9 -28 -2 6 16 -19 35 -29 29 30 -4 5 -1 28 15 -31 42 -38 -103
18 -11 14 31 60 39 -28 -28 -14 -3 16 -24 -35 -21 -19 -1 31 -17 -73 -3 27 50 -10 103 -39 24 38 -28 -78 23 -10 18 8 34 -5 -43 -43 -80 -68 -55 23 51 -13 -29 11 -36 -3 -12 -22 27 22 -88 -48 -24 23 -22 -45 -28 -64 -9 -42 6 -17 -5
6 16 -43 -17 -46 -82 43 -8 69 -24 -44 -19 19 3 -53 32 122 -29 34 -35 41 -16 38 -26 2 8 25 11 4 -62 -50 -32 -21 -54 -15 -11 0 -49 -4 -3 26 -48 2 34 -19 -62 -53 -15 -37 -65 -15 32 -59 -9 -55 5 45 -48 22 20 -62 -48 -31 -41
-17 73 -3 9 37 22 -79 -83 -70 51 84 28 -9 18 -9 30 -63 -25 -44 10 44 39 -47 -7 -24 -28 -36 -61 53 50 6 47 29 24 -46 32 -49 -56 -42 57 52 -10 -29 -27 -33 -5 38 -44 44 -51 -21 -100 -61 -49 -9 -36 -8 59 -77 17 43 20 -47 21
2 -46 -43 66 -24 36 79 44 -7 -19 25 31 -20 58 -17 -23 -108 -24 -32 58 -8 12 53 -35 -27 -28 21 -10 -31 26 25 31 10 -13 -16 22 19 75 0 43 35 64 22 -95 -27 26 5 18 -16 73 6 11 26 7 73 8 86 -71 40 -53 0 -85 -25 77
92 48 20 79 -119 20 -71 32 -17 21 -85 56 -8 -33 10 -19 -36 47 -12 0 -14 -10 -55 -12 83 -78 27 1 10 -61 -46 28 13 78 -88 -48 -38 -26 99 -3 3 25 1 -8 -16 -5 6 12 37 30 -18 -23 -34 -31 -35 -12 -61 10 -42 33 -59 21 3 -7
3 -12 -25 48 -29 -70 -15 -40 46 -15 37 -71 -61 28 94 43 -37 -43 25 58 21 -30 -8 76 -5 61 -14 5 -57 46 -8 42 15 2 68 44 8 -7 -18 -62 -6 17 23 -81 53 31 5 32 -21 5 -93 9 54 30 -35 65 10 27 58 2 6 25 -72 -13
-27 12 19 0 38 -14 -1 31 37 19 -42 -41 18 15 -18 99 -19 14 -26 -66 0 -9 43 31 19 -58 -58 -7 88 -90 -6 37 -9 -41 -14 -7 5 23 112 34 50 -6 -2 5 -6 82 55 -8 -42 39 -21 13 44 -14 59 -74 36 -38 15 30 -20 15 30 -5
-70 -36 17 23 -37 -19 69 -66 -95 3 6 -3 -27 30 -9 59 33 -42 61 -37 32 16 -10 -90 -34 53 23 -13 -6 71 -32 35 -62 -71 -24 -37 21 -10 -31 -62 28 -3 17 33 1 -20 5 24 -35 66 2 69 26 -67 -28 14 18 -26 79 -37 18 -55 77 101
-7 20 16 9 -32 24 -42 91 -8 9 -42 -42 -25 -63 -39 -99 -37 -27 20 -77 -86 94 -40 61 20 -7 50 84 40 34 54 2 -24 21 -26 59 62 51 -14 -36 -8 62 7 0 -71 24 -13 -40 -28 68 3 27 -16 17 20 -36 10 -13 42 -8 -20 -17 -15 3
21 -7 -55 40 -17 -46 36 -31 2 -75 43 -52 11 -35 33 33 9 -30 -67 -65 -27 68 -44 -50 78 28 -24 121 31 -6 12 17 7 -22 -22 -51 -18 76 3 76 -3 40 42 -41 -17 65 58 14 66 -2 35 21 -44 60 -61 -8 -37 -2 87 -25 70 -1 29 35
17 42 24 28 -25 11 0 -6 -50 -45 -33 -59 0 7 29 -48 24 -92 -48 -33 -61 59 94 -9 39 77 -62 -19 -37 30 12 -16 29 -32 19 -10 17 53 -54 -44 -12 -10 28 -20 16 28 19 -80 5 -19 66 -1 -5 -22 33 124 28 29 25 44 13 46 78 -35
-17 45 60 3 43 17 41 13 51 66 6 -6 -9 -22 27 42 50 4 53 31 55 30 -32 -1 92 31 -1 58 -3 -15 50 56 -5 45 -18 -20 10 -10 -39 68 -61 -12 -2 -30 -30 5 90 39 -36 -11 -50 -91 88 -16 -64 33 -31 8 8 18 6 47 22 39
-30 13 -11 -46 13 -74 -39 -38 27 -51 -63 45 20 -38 -6 43 -4 43 35 0 54 -41 -79 6 36 -26 -42 88 -57 -7 58 -37 19 20 -10 -33 74 -34 29 24 -42 -31 -29 -19 56 -43 77 -21 38 87 -31 105 -86 -35 -82 44 -5 -12 72 13 -52 1 -20 30
-40 -28 16 52 -26 31 43 37 21 -41 -7 72 -24 11 64 -48 -54 35 9 3 -46 34 13 -106 56 -79 -65 -31 0 -38 17 2 -13 -50 47 -21 93 35 19 50 -7 -35 3 18 35 66 -13 -43 19 -21 1 -44 -52 -20 45 -25 -27 8 29 27 -23 24 -2 -3
33 -37 67 -19 10 -43 -43 -38 -27 -78 26 27 -25 1 -5 -69 -21 -4 -32 -25 -27 -11 45 -15 69 -52 -37 0 7 48 -44 61 -28 59 -4 -14 -83 30 -36 -11 30 1 -20 19 -15 18 -28 3 18 -57 -53 -8 -61 -19 -74 13 64 52 43 -40 -56 -26 -69 -65
-5 -4 -6 18 -15 47 -26 73 -27 -36 -49 -14 -42 26 -5 63 -63 -6 68 -23 -14 -65 5 28 -51 85 -21 31 51 -22 -27 28 2 32 71 -24 29 -31 5 -122 -20 64 -34 -15 -37 -35 30 -1 -50 14 -2 -46 11 44 12 40 15 -40 70 54 -14 -28 -28 -38
-52 108 -111 19 -22 -22 6 4 -11 41 88 16 -11 8 -11 15 -29 -33 109 -20 -19 72 -7 -55 -35 -5 5 -7 32 -79 13 -12 28 -20 -24 13 15 -29 83 37 -16 -78 62 -19 -32 9 -29 -31 -38 -4 13 -36 18 -43 24 -44 52 -39 13 17 13 -14 -11 -46
-46 -30 -22 -28 21 29 51 -27 36 22 -24 -80 23 -10 -58 -33 59 20 16 -35 3 47 -19 -5 -34 -5 6 -17 27 40 64 -25 -25 -30 59 9 13 32 2 -28 -2 -25 33 -26 -67 -16 -14 17 -23 27 -32 -63 18 11 -66 -27 8 -42 38 15 -74 58 -1 42
23 11 -49 17 -6 83 13 32 -28 12 21 -16 25 -7 -22 -33 14 10 -7 -59 -31 -33 -38 0 -13 -8 -27 -44 10 21 -61 -67 7 18 -1 25 -38 5 -39 -71 -55 63 28 -3 -29 -103 21 53 -2 -57 36 -25 -2 18 4 -13 -37 46 -7 1 -5 42 30 -73
50 -52 46 30 -23 -12 -48 12 19 -19 -3 16 39 -64 -4 21 32 -8 -63 13 -2 -7 -3 -105 11 -23 -65 40 37 42 -18 -17 -19 29 -74 11 16 29 27 -31 23 -5 -30 43 -70 3 74 -4 104 15 -13 8 -8 -13 -54 24 -114 3 40 -9 63 -32 14 -63
8 42 86 53 23 85 -22 68 60 26 24 -2 41 14 -15 18 11 19 3 79 33 -4 38 -65 42 -22 -85 -29 71 31 -54 33 24 7 -11 1 9 10 21 -50 23 -94 110 17 35 19 26 26 20 -40 -58 -13 -32 -26 -15 42 39 -21 6 -12 -85 56 25 43
-28 12 17 38 10 -51 39 -63 -11 3 -31 -39 -40 2 -31 -33 40 -21 -27 0 -78 47 -9 32 15 3 35 -17 -32 48 21 -39 -22 -13 -21 6 68 -52 -9 -38 -24 29 34 15 -70 -45 78 4 -16 78 14 -38 -50 69 -34 -14 60 -1 -16 44 76 -29 -33 -45
-38 35 -27 -56 66 23 60 28 -4 21 55 36 -20 2 -18 13 -6 -23 -57 -16 18 -31 -7 -8 -31 23 -3 14 -31 -57 -49 -19 -73 31 4 -26 42 8 40 48 10 25 -32 -1 46 102 -11 3 -32 15 -43 -24 83 -2 -42 13 55 -41 -35 -22 -34 37 66 -2
47 -30 -57 6 31 -80 50 -88 -10 -45 -7 48 -18 -81 1 91 8 -27 -42 -10 -49 42 4 30 -45 -1 3 -1 -9 46 11 -9 5 7 -15 -28 -13 -29 -15 -59 -3 -27 -70 -17 13 -126 65 -7 -28 -19 -46 53 12 4 -81 59 -89 -45 62 -31 -26 3 20 15
-27 -2 13 51 4 32 -42 38 -38 -18 43 -47 -17 48 73 -16 27 62 -44 -36 88 68 71 8 58 -34 -5 -23 31 23 49 -73 29 5 -40 58 -17 51 14 -31 22 0 90 -22 -7 -41 -31 79 -5 23 34 46 43 -21 -55 -1 -24 7 -31 49 -9 104 35 68
-54 -20 -53 12 -54 -47 -43 8 12 41 17 -40 47 61 -36 43 -52 -69 -28 25 -58 -28 -4 -12 -32 -50 36 -75 -2 -44 3 -96 77 9 30 59 -19 -95 22 -58 -7 -5 52 -12 48 43 48 100 -25 -92 -37 64 -68 -75 1 2 53 -14 84 -15 -32 -35 7 40
-69 40 21 1 5 -54 5 25 -22 25 -60 62 -47 5 13 -15 14 32 17 15 6 0 48 86 21 -57 3 -6 -4 13 -80 8 5 28 59 36 -10 -29 -12 -2 -16 -1 1 21 26 16 55 -13 27 -16 -4 -70 4 -7 44 4 -21 -30 22 -12 81 -28 66 -7
-20 41 22 -36 0 30 -17 -2 34 18 25 21 -16 -5 -68 -27 8 -11 -30 48 -35 -45 -22 30 38 36 28 -17 -51 -31 44 25 -23 1 65 2 19 -51 34 -23 -30 -2 22 -37 -51 -59 54 39 39 -20 -29 24 14 28 -15 58 46 62 -27 12 77 18 15 9
55 -59 16 5 7 51 3 -34 29 -16 6 65 31 9 -8 -30 67 -13 -12 -9 41 40 60 3 32 22 -11 6 45 -17 -30 -49 -10 -78 33 -16 -6 -22 -35 25 -40 -4 -1 12 73 1 -47 -26 22 45 -33 8 -50 11 1 32 -2 33 -39 12 13 -15 97 -22
1 21 -8 -58 5 59 -12 -53 14 -18 -7 -3 9 -14 -10 42 -23 -17 -73 -56 -24 -45 -96 5 54 45 -81 -31 0 -32 -24 45 22 21 -75 -11 -32 -34 -77 -55 67 39 13 -6 20 75 -23 -43 45 36 -86 34 -16 -9 -9 -28 49 37 -16 -77 13 -43 -3 -36
-9 -19 27 -32 -26 -83 19 64 12 8 -38 -40 26 -1 35 17 79 21 -23 -19 20 -45 20 -2 -23 7 -49 33 31 36 -33 -21 48 19 -29 107 72 47 -36 16 42 -33 90 -37 19 94 -60 -105 -25 -35 -57 -26 -39 -36 2 61 45 -11 73 -4 -33 8 -87 -7
-7 7 -61 9 -1 -38 86 -39 -103 8 -42 22 45 48 18 3 -26 -9 -14 -8 81 67 46 -22 -60 44 8 -26 37 27 1 69 22 -28 -2 24 28 0 71 82 2 -7 63 -47 4 38 -10 -16 71 12 -8 72 0 7 -39 4 -6 68 39 64 4 -20 66 45
3 -17 -26 -39 -18 21 -108 35 -16 24 45 -18 60 -21 -24 104 -44 -17 0 -11 79 -31 -30 -12 51 -76 -59 -38 -8 -5 -77 56 21 -25 46 -18 10 -42 -63 -83 -16 -95 -2 7 -32 33 13 6 -12 -23 -46 -27 45 -41 2 52 -2 -49 -48 -28 -37 -75 -23 -19
-23 -28 33 -23 33 -51 -38 -49 11 -13 14 -30 80 -18 2 13 -9 -31 -83 58 -47 38 -60 11 0 -3 -78 36 -54 -13 31 22 23 84 -18 -59 -2 -42 -6 14 -59 -7 -61 56 -43 7 5 52 7 52 -8 -14 14 -6 28 24 -1 -23 -3 -21 -20 -24 -14 13
-86 5 31 -34 -11 37 13 -92 3 -111 83 -14 -34 -65 -26 -6 19 -10 42 -37 56 57 9 -34 -65 -15 -45 9 -13 15 -57 -17 -28 -44 -1 29 -31 73 -4 7 41 -3 64 -41 51 -12 -17 18 -34 32 -21 -18 -58 8 -45 -13 -45 -34 49 10 49 4 10 -11
-97 -3 27 -20 -1 52 68 8 -3 -22 -21 35 -22 43 9 -9 -26 -2 -22 -50 -46 -55 18 -44 19 34 28 16 53 -71 27 13 -6 46 72 -17 40 -36 -1 30 -31 -9 -68 -72 12 -23 -76 -9 -36 -24 14 -24 10 -90 -34 -42 23 52 -9 -22 -64 -41 -61 -42
5 41 -14 -3 -34 35 -22 57 2 -53 -39 6 -41 23 50 11 17 30 -53 -9 -46 37 26 6 16 -103 40 43 30 -30 9 19 -68 32 19 -4 -31 16 93 -45 16 3 -63 -65 -3 17 -17 -23 -2 58 -7 -20 26 -55 31 -37 27 -33 -14 -16 21 14 35 -5
13 66 -1 -5 22 67 28 72 -41 2 -72 58 -75 -17 48 -36 -30 22 38 -1 -20 -58 -37 21 14 74 -66 28 -7 28 -9 14 -60 -6 -44 -23 -36 -51 -9 -69 36 22 -10 51 -27 56 50 -30 22 40 34 -1 -4 -18 68 18 24 7 -21 -4 -18 -46 -57 -53
10 -17 72 -50 -5 -25 -34 11 50 -46 -46 6 -10 -17 -48 -24 72 -30 -22 -23 31 -21 -77 -38 -14 -57 38 -28 70 2 93 -58 38 -46 1 -11 5 63 67 -54 8 -82 17 -21 6 89 23 30 1 -25 -61 -2 2 33 15 10 -16 -38 28 15 -67 4 -49 -49
-19 -6 -21 -37 30 -100 60 85 -23 -1 -43 -1 -31 10 49 36 -2 10 -22 10 54 -60 -18 -39 14 -24 5 29 -14 5 41 -60 -9 -2 -7 6 37 -27 14 -69 -40 78 70 47 -21 16 -49 -42 6 -9 36 -74 20 -32 -31 69 56 49 16 39 -2 -23 -58 -43
30 37 -19 2 -58 53 47 -15 48 -57 33 -12 56 24 12 -52 -72 -117 51 -27 12 20 46 16 25 41 -18 -6 -63 -3 -23 -42 -65 -43 -61 75 -40 -61 -68 -22 -38 -5 32 15 22 21 14 -42 79 -19 -1 -39 -2 60 -55 5 -18 -19 82 36 -10 -16 27 33
115 1 -34 3 -2 2 -29 24 -12 25 43 -25 23 -61 -27 -2 -32 -49 -31 -36 -8 -4 6 7 -43 14 42 -21 -24 7 43 32 -5 5 -8 11 -36 -67 -29 25 31 21 4 -82 -51 123 25 35 84 21 59 -43 -16 26 30 -5 -48 23 -24 -60 0 47 -20 3
31 -53 19 -31 21 -82 34 14 -27 48 15 -65 3 -53 -36 -26 25 53 -18 -46 -17 12 22 56 -57 81 27 -22 7 38 81 11 1 22 -31 44 116 -24 -14 -57 44 -77 8 -59 -76 -22 54 -37 34 33 22 -36 7 -21 -75 13 -43 -7 -3 -44 -41 43 -54 -44
4 -4 -59 52 32 0 -70 -108 24 1 -75 18 -20 -6 20 37 13 56 -45 -1 -33 -21 -27 16 -64 78 -20 -1 -24 -10 -27 82 19 -43 20 98 -48 33 -31 -23 6 -14 13 -63 -58 47 36 -6 67 15 -5 -29 -55 84 51 39 3 8 15 -24 53 -37 86 9
4 -48 -30 -19 30 -10 -54 -32 49 -12 55 -32 0 -6 -62 14 -2 -33 -2 0 3 -41 -30 -26 -73 -76 -52 52 -26 -37 42 -23 48 -43 31 -107 35 6 -21 28 12 -16 -89 -48 95 -15 -30 -2 48 25 -44 -5 5 18 -47 -23 -8 -22 -88 36 22 -15 -35 25
-46 -24 2 -7 -25 -10 65 -38 42 25 43 90 39 32 -9 -24 -81 -35 -81 9 26 60 -67 29 -34 -36 24 32 40 3 -13 -35 -29 57 15 91 32 5 -42 26 40 20 42 -87 -71 15 20 29 -60 -36 -2 -5 -11 -47 -26 -57 23 0 1 28 -100 0 -42 -5
-73 -55 -11 78 -69 100 -50 64 -9 -26 22 -31 18 -6 -32 35 -50 42 -19 -17 -14 -49 -5 -24 6 53 30 30 1 41 32 -3 -28 -18 -32 36 28 -3 -8 -35 29 21 26 5 21 -20 3 -7 -1 -61 -18 33 -48 9 8 -44 -19 -4 -33 -49 18 -59 -7 -40
23 20 -52 -11 22 -49 2 27 15 -57 -55 2 24 -19 -32 12 -45 -25 16 70 -19 -10 -45 -11 -2 52 -43 -99 -53 42 -1 87 31 34 62 -56 -11 -19 -7 -52 -59 -38 -42 8 -83 -20 -18 18 38 21 -76 26 33 -25 0 -20 -6 27 -18 -20 -70 -32 -81 -68
12 25 -38 -50 -33 11 -26 31 -23 -68 14 -37 10 13 -53 -35 -3 -13 -66 7 -9 -76 -18 -71 -28 -26 35 -32 16 -1 -23 2 -47 -32 -40 -14 -46 16 13 6 2 27 50 28 -53 61 22 68 2 59 -8 5 -24 -80 -15 57 5 -46 52 -46 22 45 18 -11
-9 81 -30 27 -19 81 23 57 -33 17 -2 -54 -77 -24 91 30 28 70 -41 35 -18 13 -26 5 37 -100 2 -1 24 33 -19 -37 -37 -124 -37 8 -16 69 -14 -46 -34 34 -61 -39 -12 -30 -13 2 -82 -28 30 -9 5 39 -21 -33 28 26 3 -37 -41 22 18 11
-70 59 -27 -2 8 36 17 14 12 22 0 81 68 71 53 -88 74 42 16 64 -9 7 65 -34 -109 17 44 -71 -9 -31 -9 -4 -55 -49 1 13 -34 -50 -8 13 29 -34 53 -3 -1 61 14 -5 26 -36 -8 -19 91 31 71 22 -11 -30 -25 21 -14 21 -88 30
64 55 84 25 -55 -27 4 -24 36 -54 1 34 -7 -2 28 -1 -78 23 59 -25 10 -36 97 41 67 18 -43 52 -26 -13 41 68 -19 -70 -54 90 -6 -53 32 -44 51 -33 -82 11 -29 -104 18 -50 -24 -9 -9 -2 -35 21 32 -56 -18 12 -46 2 -5 -22 -30 34
59 44 -23 10 -19 5 -34 -17 32 42 -12 -6 -57 6 43 -2 -42 10 -40 -68 -67 31 -52 -44 -34 -23 -30 -17 24 -90 53 7 -77 -10 70 29 -52 -20 -8 15 16 -46 50 -20 -68 -20 -3 46 7 -4 44 11 3 17 54 33 44 -1 -111 -54 -32 28 -10 -9
34 -4 60 48 0 52 2 -79 14 -15 -10 -25 -39 15 66 10 -16 -76 0 -26 -29 -80 -22 62 -47 -24 -39 93 -31 56 -12 15 23 36 -36 19 -3 -34 60 -6 -16 -15 14 76 -41 11 12 52 -12 4 54 18 -30 22 70 -64 -32 -27 1 -5 13 56 -16 -4
13 65 -76 -12 77 5 9 39 28 6 -26 20 3 28 119 -30 -16 -52 88 -28 22 -32 -27 -13 61 -7 37 14 64 -8 32 -34 37 -7 -72 13 -38 22 48 93 6 13 -10 -18 -26 -73 -40 12 8 74 2 -34 35 -22 -76 -43 2 2 -16 10 -26 34 -13 -2
17 0 20 46 50 -47 -33 -84 60 77 9 -2 -27 -19 24 -48 47 5 9 48 42 7 4 7 37 -25 -9 23 -20 -16 63 20 -79 -16 27 -25 -29 87 36 -36 25 102 -63 -26 11 -24 -7 -99 46 45 14 -18 -7 -30 69 1 -78 -17 37 -30 0 34 14 52
56 -53 -70 -63 -30 -27 79 -46 23 -66 42 -33 -19 33 51 24 -15 5 -31 62 9 -39 -80 10 31 7 -4 27 -20 82 -26 57 11 93 7 12 2 -49 58 59 13 -13 -21 8 1 -44 -25 18 54 57 -65 43 -19 -17 -19 -92 -26 5 107 -51 65 -32 98 0
18 8 4 12 -8 -26 101 -35 -17 -24 -39 -45 33 -24 -13 12 -25 -41 -21 -52 -1 8 -8 3 -18 -43 10 30 82 62 31 76 25 -30 10 118 -11 -36 -76 29 17 -36 14 123 -5 48 -12 -16 -9 24 -98 -8 -38 -2 -4 34 64 26 -33 30 -4 45 43 26
-8 74 39 25 -20 -48 0 -26 58 66 -35 -19 75 45 -72 -108 38 41 -32 38 31 -11 21 28 31 -51 -76 -18 -35 21 9 89 -65 24 -51 82 -30 38 -20 -11 34 33 -37 -41 -66 -10 -47 -27 4 -26 -35 -21 -15 14 6 31 19 -71 -16 4 36 30 -87 -37
17 6 17 46 34 -22 -105 33 23 5 57 51 -32 0 12 -109 27 -33 47 4 68 -28 36 23 27 49 -16 -35 11 95 -14 -75 25 45 23 -17 58 43 19 -49 59 -12 28 -32 23 82 -18 -22 -40 48 36 4 -23 -8 -44 -46 -55 38 -39 15 26 -1 -28 -22
-60 -14 -29 -19 -50 -12 121 73 6 23 17 10 67 6 -35 -23 71 2 28 -1 -43 27 -34 -50 41 24 1 63 60 82 58 14 5 -3 27 3 -23 -20 57 6 -17 -35 -14 42 -5 -53 -35 56 -96 23 -38 -7 81 9 -57 -16 -4 -55 41 -13 -49 -27 -62 25
-53 31 -66 25 -17 -20 69 33 47 -12 -20 53 4 13 -16 -46 55 6 7 30 -10 -15 41 -9 -27 -34 13 -15 -29 -7 -73 1 30 76 20 -77 -4 5 -35 13 -77 -7 2 27 49 -20 -96 71 -36 -7 -25 24 15 69 -16 -8 19 -42 58 31 72 -70 50 -17
-14 -37 -48 -32 -23 7 5 41 -24 29 14 -81 4 -24 -3 -7 48 29 -7 35 17 2 14 -41 9 91 -6 -66 -18 -15 -70 -55 -109 -54 -32 108 32 8 26 11 -80 -39 -49 -31 -7 -40 102 -41 29 -28 -8 4 34 -24 -31 -12 14 29 37 57 -52 29 -60 30
-14 26 50 17 -35 3 41 103 58 -47 -53 66 30 -12 -25 -14 88 25 35 -66 -58 -45 12 61 64 -106 -22 79 -26 67 16 33 78 83 -61 45 -20 0 68 40 -39 17 56 38 -90 9 -67 -1 60 3 -30 6 -16 -13 -53 -67 38 21 23 49 -10 -30 38 34
-35 -30 19 23 -127 -37 0 38 77 19 9 -9 56 27 20 -78 47 21 38 48 50 -9 17 0 39 13 2 -52 -45 -1 24 -8 12 -35 67 41 5 55 12 33 -87 2 56 -7 -22 -18 -48 -54 13 -20 -24 -5 9 10 -28 15 17 11 -20 -8 -19 46 36 7
10 2 25 -35 6 -34 56 -38 -76 22 7 1 32 -2 -75 -31 -22 -55 5 -33 -28 25 -59 -73 -21 35 97 -60 33 -41 -16 11 -64 -10 -12 4 51 -36 27 -5 -43 25 -39 -60 -16 29 56 -53 -3 -16 8 5 -11 -80 3 -38 9 19 -115 7 -14 30 50 -17
-77 -9 -32 -2 23 -14 -49 -41 9 -45 80 -8 -79 29 -14 -8 29 -29 -88 21 16 4 -10 20 14 -16 -45 -30 -3 12 -42 -7 -82 -38 23 13 -30 -73 -116 3 50 36 34 -16 57 -13 -13 40 9 13 1 35 16 -17 -15 -3 -42 44 6 -23 22 23 0 12
33 -32 -12 32 51 -24 35 -110 56 18 77 92 -20 -16 -22 -45 32 38 27 16 16 -60 -47 -38 -41 67 -15 -27 14 -50 -9 -19 30 -32 -29 -43 6 -17 -76 -66 73 -30 -3 -56 -23 -21 46 -42 19 53 -8 39 -31 31 -3 -50 -16 11 -70 66 10 -50 16 59
-12 1 67 58 39 -57 7 21 -62 20 29 -3 10 84 -18 38 -19 -45 -13 -27 45 -30 -15 -9 9 -12 -1 41 -62 -41 -41 -10 71 -60 36 44 44 -1 -67 -26 -31 99 -6 84 -45 -31 -34 3 -81 43 50 31 -11 -20 30 17 84 27 18 57 31 40 -12 23
19 -70 93 -8 40 -6 45 49 -11 41 -30 -19 19 -10 -44 -44 -27 19 -2 71 41 50 -10 -9 -57 -26 21 -16 36 -18 67 -82 11 -57 -24 -33 13 26 -21 -39 -32 -45 -40 49 -82 23 39 -11 36 49 4 27 95 48 -14 -70 8 -16 -84 -12 -49 -13 -43 18
-30 8 68 -61 48 -36 56 3 49 -64 -15 -34 59 75 17 29 38 33 43 -14 7 68 26 38 20 54 35 45 92 35 -12 -22 -1 27 4 34 37 -55 -19 88 5 -67 23 -41 -13 -26 -9 18 -36 -52 -75 40 -13 6 -30 -44 19 69 -51 -25 -19 15 30 46
37 -63 -48 -40 -7 -45 -48 -44 -54 -23 16 9 -4 -107 -39 -33 -67 -62 34 46 -44 -11 53 35 5 61 38 7 -10 47 -13 64 28 -16 85 -22 55 -50 18 40 -2 -60 31 -102 -15 11 61 38 2 43 23 -15 -12 -29 5 38 39 10 3 -117 77 -11 -39 -11
-35 -48 -38 -39 40 34 -51 -7 -25 -25 -24 16 24 -66 -12 85 -2 3 -39 17 32 -36 -1 -16 3 -12 -42 20 -22 -82 -73 7 39 77 -24 -3 27 -21 -5 -25 -22 -14 17 59 1 -11 124 -17 35 7 9 -53 -8 53 -27 -27 0 -15 16 17 21 46 31 -12
-35 30 -2 -50 16 -20 -57 -22 -4 28 16 -49 -29 63 -6 19 18 -21 28 -15 -36 35 -43 -36 21 13 27 0 16 -59 -17 18 -12 37 -11 5 -4 -39 101 2 -21 -55 12 -28 31 -3 11 -28 -2 -26 -26 -15 -25 8 44 -5 -8 14 104 13 63 -13 -27 -18
-10 -60 -33 -9 -54 -63 14 29 51 -34 30 -33 23 -53 -80 19 -63 78 62 2 4 27 -24 35 36 -26 -80 -19 5 33 13 17 -15 71 -37 -46 72 -43 80 0 -16 18 77 54 -29 -29 14 18 -23 24 8 -16 -56 -61 -91 -27 4 -38 16 -92 -27 49 -73 -27
35 33 -3 15 0 15 11 47 48 30 29 -2 2 23 -4 -3 14 -47 -53 -40 -27 -67 22 30 33 7 -13 -37 -32 -11 -31 76 -52 55 -17 -21 -31 -54 -7 -35 -6 28 -15 -1 -38 -1 -11 -16 -58 -24 -87 -5 41 32 -8 -35 23 42 0 31 -52 -9 20 7
-13 37 -10 11 -27 82 0 14 11 -33 -7 -44 21 -60 24 -32 11 32 -67 47 -43 30 41 13 -26 -11 45 18 -15 -19 12 -79 2 35 5 -9 9 -25 46 -4 -81 -31 16 4 20 -91 23 -12 -20 50 23 -21 -32 45 7 -3 -47 2 -20 15 -52 -40 -35 -35
-97 -11 -7 63 38 -9 -48 -102 -63 65 43 46 72 -11 30 -13 12 13 -26 64 -80 -19 -62 74 -28 31 -14 -6 -6 -65 61 10 -41 -33 -6 -40 33 34 -55 -35 14 46 21 -14 -18 -9 -25 96 25 28 -10 -3 39 -15 35 46 -83 66 -66 -32 38 -7 -27 18
59 -32 48 58 24 -22 16 25 -69 -52 -20 58 -38 -11 51 -7 -104 -71 33 -64 25 -33 -1 -4 -60 -3 -36 62 25 18 22 9 -8 -3 -24 28 63 34 -38 -16 -13 -17 8 0 58 -38 54 -42 50 -15 12 -20 46 -15 -7 -63 35 -23 38 14 -70 42 18 -15
44 -72 -43 12 49 6 -69 -3 -32 -48 1 32 -27 -33 11 11 -30 -6 -52 14 -24 77 11 12 12 11 -47 -23 22 -2 -65 -28 -14 31 -43 -92 -25 -54 -61 48 5 -8 -29 -27 84 -20 -80 26 -25 15 -73 38 19 -25 -35 -35 56 6 -16 11 -58 12 -20 -57
-1 -31 -57 -36 -71 8 32 -96 -30 11 63 -30 -14 -28 57 -8 -4 5 -52 5 49 -25 -46 -3 5 24 -16 7 -46 13 -4 17 -43 -41 55 1 58 110 -70 -26 -16 46 73 -65 -114 35 -61 -102 -2 -19 -21 -5 -19 76 2 -43 6 44 37 -17 -23 57 -60 38
19 27 5 -11 -37 29 38 -18 39 14 3 42 77 72 -14 54 23 30 -18 -11 18 -18 -3 5 -24 -17 18 31 -33 37 -15 58 11 41 78 4 6 27 2 -30 38 18 -28 38 121 -38 -77 22 -7 -81 38 0 47 -51 38 -6 7 -96 16 66 61 33 15 -66
-17 17 -98 74 -50 57 24 47 49 26 51 50 16 -21 9 73 5 -5 -8 3 -28 -41 -124 -2 81 14 -18 -2 58 -8 -17 26 -47 -7 -21 -6 -117 -5 48 -28 48 26 -45 0 -9 2 69 -22 40 -54 2 5 -44 -3 63 20 0 -81 1 -14 -2 -5 58 6
30 -76 -33 17 69 -102 -35 -94 -32 -27 58 -42 -77 43 -63 -90 46 5 -26 -19 -14 24 -41 54 -1 -62 -18 -11 -53 13 -59 39 -3 12 -19 -44 -6 -47 -68 -7 -92 66 -26 -22 11 34 -11 -22 19 18 -52 46 -15 -101 -29 -51 -4 -36 41 -39 45 -33 -12 -18
-51 -6 34 58 -4 -42 -1 -55 -33 3 -73 -24 -49 -20 -66 -74 104 14 33 -14 -6 -35 -26 10 10 -68 -72 -6 -69 -2 50 -18 6 -23 14 5 -54 15 -13 -28 -55 85 -49 -8 -3 -22 29 20 -44 19 3 21 23 -7 29 -12 60 15 62 44 -84 -33 -6 72
-79 -29 10 -7 8 -11 24 5 54 -34 -15 37 -28 -11 -26 26 -4 41 24 -25 4 -65 21 -12 7 8 -94 84 -7 34 -27 -69 9 -73 2 23 41 16 -24 61 63 78 -88 -74 42 12 3 -22 -20 -2 4 3 -12 4 36 4 6 23 46 5 10 73 7 -3
-19 -16 50 9 -4 -46 -41 -6 15 -15 77 -41 -6 25 -30 -5 -13 -25 18 -88 -3 -25 -58 -15 66 -18 64 5 14 17 75 -61 -40 24 -53 7 16 7 -95 -49 -25 -34 -61 21 -39 12 11 26 68 38 -6 -28 7 -67 -22 -12 0 -15 -5 5 -58 25 29 -116
-16 -29 39 -7 -47 -25 8 6 6 -70 97 -38 26 2 -50 -47 -42 42 -66 -71 -6 19 12 73 -83 -84 19 11 -50 -25 -40 24 31 -60 -6 50 65 -72 7 -15 104 26 -8 -41 -43 -11 32 -23 0 -94 -85 -46 38 -20 -70 -16 -23 -6 1 4 1 -51 54 -24
-21 72 -14 54 54 10 5 4 -90 66 103 17 -50 10 -1 -62 45 23 -6 -6 17 14 -9 17 -8 -7 50 -2 -3 56 102 -1 45 3 -18 -23 11 -50 16 4 27 47 2 18 -33 42 -29 70 13 62 -24 -19 39 -27 -34 24 -4 -13 -79 8 -28 72 21 -114
4 56 -15 7 29 20 14 2 -33 -13 7 14 5 35 -34 69 9 31 -21 36 -17 -39 8 -14 -30 -36 -16 14 -51 -74 -53 -58 34 39 -56 16 -28 38 54 -46 -45 20 33 1 4 -109 -65 -14 118 -27 84 26 70 19 26 -16 53 51 -75 -19 15 -43 8 -12
-42 20 50 43 0 30 39 7 16 15 23 35 -21 -10 -17 100 -12 -51 46 40 37 -53 -17 39 -25 33 9 22 -21 4 -22 88 -25 -61 29 -3 2 73 23 -30 27 98 17 -83 29 19 21 31 8 -42 -72 10 -80 -47 97 -84 76 11 -57 -14 10 22 -35 11
2 47 15 -44 -58 -28 -16 46 81 85 -30 62 -9 40 -52 56 -16 55 -27 47 54 23 -62 -2 10 -2 -30 25 -80 56 -52 20 -32 -54 -26 -80 -14 -44 -24 8 -45 23 -10 9 3 53 -2 0 -63 12 -51 -24 -10 -35 -77 23 -5 4 15 65 35 40 8 -56
-36 47 7 2 23 -18 0 62 -35 46 6 -30 -24 30 -41 -13 -32 42 42 60 29 24 53 15 -16 -11 -10 23 9 15 53 3 53 30 4 47 -58 19 -12 34 -10 39 7 30 18 63 17 12 3 39 89 -25 -1 50 -56 67 -11 45 6 -16 47 68 23 39
-31 -43 -25 -36 -55 21 15 0 17 -4 -43 -57 -1 10 64 -14 -22 -65 4 -36 23 16 -11 0 49 -20 38 6 23 17 81 -4 67 7 -11 -10 -9 -21 22 17 -55 17 31 45 -1 -46 -70 -30 -56 -11 -16 -36 -30 17 -50 33 71 -29 44 17 -48 22 26 16
-12 -34 -19 65 34 43 14 2 21 18 -3 -10 58 29 2 82 57 15 -15 40 16 42 25 35 -64 -77 14 -35 43 -21 73 38 -8 -34 36 63 48 -56 -19 3 69 -5 60 -56 72 79 -26 -10 -29 26 -10 37 26 75 -45 -68 67 -36 -14 -27 -33 25 -45 14
-56 -26 -20 17 -25 23 -8 -43 -47 -81 4 76 -38 -10 -88 13 -87 18 -8 -8 -14 -52 -123 -3 9 -11 12 -74 -25 80 44 -94 -33 36 -79 -25 -21 -24 36 -14 -5 -16 70 10 -17 -2 -84 -42 47 14 26 38 26 -14 49 27 -3 34 -20 35 13 -50 48 33
-47 -27 -22 16 0 -122 64 5 25 1 43 39 50 43 18 10 10 -32 22 27 16 22 38 -24 36 48 29 50 66 -25 47 46 30 43 -14 96 -56 13 51 1 -50 -27 1 -8 24 -29 -72 -6 -29 38 41 -39 -65 75 32 -2 3 -58 -33 16 -53 -15 -50 22
-9 47 30 55 49 -89 -71 5 49 -50 43 -51 -31 8 -35 -15 53 -15 -48 12 -11 -52 53 3 33 9 19 -54 11 54 12 -24 -46 -31 -30 21 33 -25 15 -26 30 -17 44 -18 -55 -39 16 19 -52 51 13 20 107 54 -63 25 -34 34 -33 1 -3 -1 -33 -104
-12 23 7 33 -8 7 12 -20 -14 30 2 51 -96 63 -70 31 -11 -76 -18 9 -48 -61 -45 43 -32 -42 21 34 -34 65 41 -69 29 26 14 -39 6 3 35 53 -21 1 32 -28 -12 -24 -48 12 17 31 24 38 -27 -33 29 -44 -55 16 68 12 -48 43 32 -2
-31 6 -72 -65 35 10 6 24 4 33 -31 -66 -29 -11 8 87 61 -27 -77 -47 -45 2 8 -20 -90 83 -30 52 -16 41 -17 27 -6 -107 -12 28 37 -47 -33 2 -48 18 23 15 -31 -43 16 -52 64 -41 -12 -42 6 -3 36 -52 -11 15 11 22 -25 -3 -91 31
-10 6 -82 -18 -31 -52 -1 4 -30 -65 -29 23 -45 -36 90 52 25 -39 -76 -30 7 13 13 23 9 -65 -59 0 62 15 -22 33 26 26 -8 13 26 -65 20 -8 -17 -23 -9 -32 -123 80 -31 27 -10 -42 -44 18 -13 -2 -48 -14 6 -13 34 30 65 39 0 -76
48 12 16 -29 -58 11 -61 -28 -38 -24 14 -8 -18 -10 -51 43 -35 -13 24 39 -2 21 -77 39 33 -91 43 -27 6 -43 -62 15 92 -46 19 -40 4 -39 40 -3 -11 6 -44 30 -50 61 -2 -65 58 -1 -6 65 -48 -2 38 60 41 25 -21 -4 -23 31 59 -41
70 -71 -26 38 1 -6 -56 -2 -12 -39 13 0 -23 -51 13 -2 60 -43 -47 -87 -16 -53 32 49 -5 19 -44 33 -7 -63 -31 3 53 44 -20 35 -4 20 -28 8 -19 -23 -60 -17 63 -23 36 114 43 -13 -64 35 -25 -37 -10 45 5 22 -31 20 44 8 52 -75
-5 10 38 73 13 17 -57 43 21 62 -30 43 -17 -16 27 65 -79 -14 -56 61 -25 -42 110 39 31 84 27 50 -81 100 94 -4 37 27 -35 33 48 -21 -36 32 -16 13 18 106 -41 -4 7 -13 54 30 86 -43 20 -41 43 32 -4 15 28 -13 -46 7 79 59
-24 14 0 19 38 -3 -46 -103 -32 28 -9 -47 -49 19 -15 0 53 -61 -66 20 9 -58 -8 -13 -39 -2 -52 6 -119 6 35 39 -52 56 -57 -82 -48 46 10 -24 33 -13 -41 -33 -3 5 -36 -102 29 26 1 -12 -51 63 96 -30 16 -44 -40 47 7 -12 -21 -22
-10 21 10 0 21 16 21 -3 -42 19 37 -55 10 -10 -7 9 -26 64 -25 40 12 41 -40 -12 30 94 18 24 65 46 77 -54 58 -44 16 -2 126 -13 -7 70 -4 -27 49 25 -52 -40 54 35 28 4 63 10 93 -17 -2 -7 -26 32 13 89 32 33 -52 61
-27 15 -34 50 -15 4 23 47 -32 74 13 -104 19 2 45 53 47 13 84 -19 -34 10 29 42 27 17 39 62 18 36 -16 16 30 -10 -49 -13 45 -23 14 -33 -16 28 56 -9 32 19 57 25 126 -2 101 42 18 17 -85 -35 -46 -13 52 -16 72 30 25 -16
-18 -82 -49 -12 20 0 54 -34 -17 15 36 39 -5 -73 -4 -67 35 -5 -15 -44 -71 -31 -66 48 -40 37 75 -52 -6 -37 -51 -26 -17 -7 50 -72 -33 9 13 -26 13 8 -30 -64 -22 36 -74 3 11 34 -4 -15 -16 24 -35 -93 -2 -35 30 1 -61 -7 3 79
-1 -37 -5 -15 9 -11 -40 51 19 -5 -36 38 23 -7 13 -30 -1 -28 -21 -37 -52 -31 -12 -13 -12 -15 -76 -42 56 -16 -8 -9 -45 -60 36 7 -70 0 13 33 21 -13 -53 23 -23 84 73 -39 -8 40 18 81 6 31 78 110 36 -29 18 -31 73 53 14 -18
59 22 33 17 80 58 -31 -49 8 15 -17 -34 115 59 -4 35 -5 -72 21 2 -17 -75 63 46 -12 -32 46 -9 4 -38 35 2 -9 37 51 85 27 -11 41 25 3 26 77 -9 -37 12 -72 -13 -82 -7 -72 22 -26 8 -15 -21 59 -10 14 -15 -12 103 -84 24
-15 -3 -72 -48 37 10 -58 -62 58 80 44 -70 -21 -23 3 -32 -54 -20 -55 68 90 -77 -55 -8 -16 -1 59 23 -16 -20 27 32 -20 -31 -31 5 68 -21 -44 -31 -57 26 15 16 -74 -22 13 -5 4 -8 -1 -23 -17 2 43 54 -35 -9 -24 40 -44 43 42 -98
-25 -11 -9 29 -15 24 -3 2 33 34 -34 -16 6 54 -58 9 16 4 -26 -40 -29 70 17 22 4 53 -28 -7 -32 11 -54 16 -86 46 7 6 -20 3 -102 -81 -43 -15 44 55 -27 -13 34 -49 34 -40 14 -81 0 -43 26 30 -15 2 18 -29 -33 -5 24 -75
-8 -34 1 -11 -57 -43 -62 -8 -50 47 -14 68 16 -65 71 -14 -60 41 16 3 18 -39 -5 45 -4 -92 16 30 12 53 85 23 14 -19 -21 27 -63 -12 36 -29 27 14 -31 -6 28 46 -11 50 -48 53 -30 -41 -38 -13 5 -55 -1 20 -12 -88 -18 1 0 26
-32 69 -40 11 2 -5 14 26 -27 -17 44 19 -9 30 39 -34 63 16 62 -6 66 19 -6 6 88 -3 -4 -66 54 114 4 3 20 -2 -89 -53 -22 4 5 -32 -63 14 37 10 -14 106 -19 -45 -4 34 30 -18 -18 37 -16 -42 9 36 36 93 -49 -56 16 6
24 -41 -2 9 30 -56 -28 -19 -14 17 70 32 -6 21 1 -2 4 46 21 -19 45 -35 7 24 27 46 34 46 20 43 27 99 32 -10 -13 31 6 73 50 -21 -19 -27 -12 -59 21 76 4 -10 -35 63 0 42 -14 -19 -95 -40 79 -45 57 39 -22 2 37 -25
-11 -5 36 21 73 -14 -45 -12 -24 -1 19 47 5 -100 23 5 -30 -43 -34 36 5 -33 1 39 17 -22 74 -34 0 38 50 3 34 123 -30 -25 39 -75 -55 6 38 3 -18 7 -26 -2 -11 -58 -25 19 26 4 20 15 -23 8 51 -27 -50 5 -56 -47 -8 82
17 -65 -46 -33 -9 -3 -13 0 13 -1 28 -26 -32 73 54 6 31 46 42 9 4 53 71 -1 53 16 -30 0 -10 14 -97 22 19 8 -29 -15 -23 -107 5 15 58 -29 18 28 -49 2 11 -57 36 -43 14 -2 82 -65 -3 -7 -31 -1 -1 -58 -9 -17 41 55
22 -43 -14 49 71 -38 -87 -8 -41 65 -57 7 -42 -4 13 -1 5 102 -37 1 14 39 4 -57 -48 -27 -10 -4 -59 -23 -9 23 -127 -59 -2 -31 2 22 37 14 -43 -65 11 -1 32 -23 -19 -60 42 -45 -68 -23 -17 -15 46 -19 -57 -36 -82 -72 1 -37 -28 6
-16 47 73 2 -4 -7 -39 60 13 46 44 -49 22 -61 -44 24 26 10 66 12 -7 -23 -23 -50 37 -26 48 9 10 -86 -53 -21 11 -88 33 -24 36 -56 20 34 -10 8 -46 66 -69 22 43 7 0 -35 78 -10 80 -17 43 83 -4 -46 -36 23 108 -16 -3 72
-49 -49 29 -4 -32 -13 89 -30 -57 46 -1 14 -22 -82 29 -27 27 -58 16 -6 13 -14 -3 -24 100 32 -18 -57 72 7 -36 -28 -85 10 0 -14 -67 82 -19 9 -2 7 -17 55 73 28 121 -13 95 -3 2 -12 -35 -11 -38 29 -28 -33 -1 36 -73 -34 -8 7
-64 -20 14 -6 31 -20 22 -16 74 -58 17 -10 17 -12 72 -31 -26 116 -66 -28 -25 -3 43 0 -95 -37 -39 -10 22 -1 -95 61 1 -15 -3 -28 13 -42 -34 -43 -86 -44 11 9 73 -39 1 -50 -49 25 -98 27 -66 56 11 -6 10 54 73 -39 -127 -62 -36 18
-4 -10 -50 41 -24 4 7 -23 60 14 7 -31 -1 -26 53 -15 -30 13 22 -12 37 40 10 -11 -37 18 18 38 -39 51 20 65 -11 62 15 16 -67 16 31 -70 -7 17 62 -7 -1 37 -17 -37 58 -9 23 37 -122 67 42 -26 -9 -13 -9 -12 -20 40 44 47
31 -49 41 49 61 -44 -22 29 0 -54 -19 111 -24 -32 9 -7 29 -32 35 -26 -48 1 -1 -11 -10 -62 -10 19 -40 89 32 1 -87 3 17 -11 95 48 -48 -97 12 43 -40 -16 49 -4 19 -14 -34 -21 -23 32 -25 -75 -14 -6 -21 -59 91 72 -24 69 1 29
-29 -24 -29 5 -88 19 29 38 7 76 -27 -55 15 44 80 8 26 -30 53 80 3 49 55 -57 0 -9 9 -44 -9 31 51 31 -5 36 24 68 2 49 5 -35 27 -1 -38 32 -7 34 -29 -43 -17 50 -60 -41 -20 35 -18 90 5 4 54 -11 59 53 49 16
-11 -10 -29 14 -49 -10 -34 -22 -16 -34 -74 -7 43 -31 -3 74 54 8 56 -68 13 17 -68 -19 31 -20 -21 -55 -17 -21 -67 -10 -27 -28 -84 59 -27 -21 -20 -54 68 18 56 16 55 56 77 -20 -2 33 -14 -20 -52 17 -15 6 -45 38 -126 -27 15 -64 43 -28
3 -2 16 39 -44 -31 -2 -57 15 -14 -31 58 -15 -25 -20 3 -45 -17 0 -53 65 17 -40 -71 -9 -8 -6 -30 34 -40 -26 19 2 -39 0 30 73 7 -4 -2 29 -8 44 25 10 -21 -17 -19 21 -12 11 -14 -52 -58 -6 -18 65 -9 -33 -5 -22 -12 6 63
29 -37 -36 -5 -36 -10 40 -1 12 -56 -52 -63 28 -17 42 48 23 40 -14 -21 9 108 36 -26 -6 62 20 -36 6 -4 23 -21 9 -53 12 -81 -14 -23 -37 -7 -45 -55 -7 68 5 34 -52 12 23 50 53 49 41 58 -9 44 -27 6 -28 10 4 -45 -44 47
-15 13 39 -5 -19 53 -3 42 42 -11 -49 4 46 50 -87 10 43 -35 66 -19 -58 -4 -27 -25 -27 33 -29 -32 46 59 -40 29 54 -8 3 -7 -5 43 9 48 -81 -35 9 -32 -27 54 36 36 65 -43 -67 62 48 -19 -18 11 13 21 -26 -20 -33 16 -13 74
-42 11 57 38 6 -25 38 -47 -10 -44 -17 103 31 32 59 26 20 14 -8 -18 64 -50 106 -55 -30 -13 -28 9 -2 -43 10 22 15 -93 -56 0 -57 -67 7 6 -17 48 -12 81 -34 11 -68 -29 -49 21 10 11 -21 -49 0 77 35 -13 -22 -16 9 18 -30 -38
-8 18 -22 -57 4 3 -26 0 -20 -66 -19 87 -25 -16 -1 23 -55 -18 -16 -35 -16 65 -5 31 13 -8 -3 7 58 20 32 31 -72 10 7 33 7 -18 -39 56 37 -27 -59 36 87 -13 -4 -39 31 25 -15 5 -83 -30 -54 6 43 25 -21 -21 3 22 92 25
-41 41 90 -60 -47 18 35 12 -38 35 17 6 -12 -65 -28 30 37 38 -43 53 73 28 21 -19 -10 15 -43 -34 -6 51 23 -4 32 -28 45 14 -23 7 -2 -9 -24 65 -57 -40 -70 -33 22 30 -18 13 -26 -30 -17 -35 -7 -26 -7 -36 -46 18 -32 -39 -56 -32
-66 51 -35 -72 -3 73 2 -13 35 -53 -24 23 39 -6 -8 11 36 -50 -7 -17 25 -27 -8 -21 -27 3 27 -76 -39 -48 26 35 -2 37 -33 2 50 6 26 31 4 -30 25 18 7 94 11 19 58 70 3 8 0 22 85 63 75 -23 67 -55 36 -30 -15 -104
-21 22 -55 26 10 120 44 -16 -7 53 27 13 9 -16 3 41 -29 0 27 62 28 -19 -10 -11 -51 39 -44 5 -28 -35 0 2 -52 -23 -27 -54 -52 -56 25 -13 7 -5 -3 -16 -54 -69 -27 -4 -41 36 -13 72 56 29 26 -48 -31 65 30 -3 12 -5 20 -56
32 34 34 16 41 14 -29 50 36 46 26 -37 67 -26 38 87 12 44 -79 81 -3 3 38 2 -36 -19 69 3 21 -5 43 -12 32 66 43 -34 87 37 -42 56 -69 86 86 28 -28 -15 1 26 18 68 10 43 22 -28 -2 45 0 9 44 13 85 3 17 11
-9 29 63 -57 -9 -13 23 -41 55 -68 -48 -17 -25 -63 -23 -59 -5 -18 21 28 11 13 20 44 14 1 15 14 -57 41 49 26 32 19 -36 -42 -40 -16 -23 31 43 -83 -67 123 -61 39 20 20 72 11 -4 -50 -39 3 36 49 18 -66 20 34 15 21 23 -54
-20 17 -27 -112 28 8 22 -43 -21 43 4 88 40 14 65 -66 -22 -31 -17 15 10 20 -30 7 -31 97 -25 8 -21 63 -60 16 -11 -3 22 38 10 10 -44 19 18 75 41 12 36 -16 -76 19 19 -14 25 -15 0 58 -74 -32 14 37 -86 -7 -47 -71 44 12
-8 -7 2 -87 -12 31 1 19 13 -34 71 -18 3 10 -27 35 -80 4 52 44 34 -3 26 -47 55 -8 69 14 45 -10 45 -74 -76 13 -24 -30 38 -19 22 39 36 -6 -36 49 0 -17 67 35 39 57 68 -72 -36 62 -17 -28 -36 -6 -48 30 -7 -12 -65 -50
18 18 -26 11 33 59 1 18 -31 -68 -1 42 -46 -28 21 6 -57 -3 7 -27 31 9 16 68 35 63 -63 -14 31 14 -48 54 -33 67 -2 98 51 -2 -16 15 -10 -64 29 38 -2 -35 10 -22 83 42 -14 -22 15 -4 -6 -81 10 -20 2 -31 -10 -20 -30 -109
77 35 47 29 -14 -87 16 -43 -3 16 -107 -29 38 21 38 12 2 -44 -4 -3 -8 -25 73 -14 34 38 -32 -26 30 -48 32 50 79 15 -23 -14 -62 -30 2 12 -47 8 25 -20 15 -9 -13 -65 -30 12 -26 17 -56 -115 5 46 20 -36 27 -15 36 23 16 -13
-77 32 -26 76 -36 -57 8 -16 -2 38 -41 18 18 -61 15 -12 18 75 7 6 -13 -12 18 12 17 -104 -22 -7 -76 -43 9 4 46 58 22 59 -64 -56 11 -40 43 12 13 -69 27 29 -14 -8 31 -52 5 -48 87 -87 -108 -33 -9 -26 -44 -53 23 -101 -21 25
23 -18 -49 -80 85 -18 -27 -8 43 -29 57 -37 42 -7 13 51 15 79 -85 -20 63 -15 -5 6 10 65 -1 -10 -14 1 82 -53 43 49 61 48 8 58 33 -37 20 45 84 16 18 -104 8 9 1 105 -96 -25 20 43 19 -31 -25 -21 54 33 -11 54 -8 47
-11 42 0 -26 2 20 48 -109 -42 67 7 -34 -72 -26 17 -3 -24 -29 -32 13 48 -3 47 0 -14 -13 -25 -7 -30 15 -35 2 -49 -12 -51 -26 -54 -13 24 47 27 -10 -17 32 11 68 -35 -25 -47 -2 -12 19 21 9 -23 -6 8 10 -61 17 -32 -12 13 65
-51 -95 -59 19 28 -11 -86 21 -5 -11 -8 32 78 -26 -28 7 0 -14 -31 53 23 26 2 44 -17 17 -64 27 -10 -34 -73 9 11 -33 -91 44 15 -15 -1 22 -25 -8 -49 -4 28 -54 -21 -41 29 -10 -11 39 1 11 -65 -89 42 -29 -44 -5 -24 32 97 7
11 10 -39 -42 4 -2 21 -26 10 20 -34 47 44 40 96 27 26 2 -32 42 -23 21 2 -57 6 -74 -34 -69 -21 36 -71 -33 8 -21 23 -5 20 50 35 46 54 -14 103 -40 52 20 -63 -13 -38 -23 12 5 -77 10 21 58 -15 16 -24 52 -45 -14 52 -36
32 13 0 21 -30 -19 -71 70 37 122 0 8 -24 40 6 -74 -102 23 14 1 42 -1 -14 22 -30 -28 73 -7 7 -32 61 44 78 2 -23 -4 20 -9 49 -2 7 19 -41 52 59 15 -123 51 -16 62 43 37 -1 94 -20 -35 20 0 31 9 29 -27 106 -46
-14 54 -84 -3 2 23 -21 11 6 1 23 51 -50 41 12 19 57 26 -19 51 -13 -23 15 36 59 -6 61 16 36 17 -23 -29 -43 -25 9 33 -64 -16 60 41 -25 -10 24 -21 -38 29 -22 4 42 42 22 -10 3 124 13 -35 -8 -15 -3 46 -33 -7 16 -61
-31 -75 6 -30 35 -13 -1 34 34 15 53 -21 63 7 59 69 58 -19 -16 -28 -4 -90 44 -35 13 -12 -1 -10 -53 -15 -1 41 28 22 38 22 -65 57 71 -23 -37 47 11 -52 -42 25 70 -90 18 -32 -66 -39 17 34 -33 -33 -2 21 17 26 2 -15 33 -55
-23 -30 10 46 54 18 -54 -57 6 -60 -4 -17 -28 61 13 -82 -7 53 -77 -37 -1 -16 20 17 -50 -5 15 35 -62 46 53 22 86 -61 -26 10 -24 -28 43 59 27 8 8 -27 64 -24 14 28 -62 -24 37 19 -18 -19 -37 8 31 12 -37 -59 19 -23 -5 -46
-1 14 76 10 11 37 23 13 -23 -54 -55 -14 -59 -5 34 47 -63 23 -25 -57 83 58 -15 45 0 -16 15 -17 3 9 -65 29 -54 37 -45 9 -59 27 0 -47 -2 -20 31 11 53 -25 27 -47 -39 -66 -18 -25 -33 -58 30 22 31 23 -5 -70 8 -10 -33 32
20 37 19 91 -80 -45 -35 28 52 59 64 -24 -70 -42 9 20 38 50 21 29 0 -15 5 18 -7 24 12 25 12 42 65 -82 -33 -54 6 29 -25 47 -38 -24 10 -18 81 23 -26 -15 17 29 14 14 26 -3 -37 39 -28 -12 -79 74 -28 14 -18 -7 -62 0
-28 28 -23 -57 -18 24 -54 46 -25 -32 -84 -8 -50 -33 -52 -32 -8 26 26 27 -43 17 21 11 16 29 -17 -48 -70 -56 49 17 -67 -15 14 -60 15 -17 -4 9 60 37 -70 -119 -33 -10 -4 -32 43 22 37 18 -19 -12 -15 29 6 69 -42 -59 -88 -2 -52 37
15 20 -44 -19 6 15 -19 38 -4 -46 -44 -61 -27 3 14 80 -2 2 -57 18 -2 49 -26 -60 19 -32 21 -10 -38 -26 -35 -27 45 59 -17 6 7 28 -31 -30 -25 24 -39 31 -31 28 32 27 -40 20 25 21 59 -14 24 53 -61 -13 15 50 47 -47 6 -91
26 -11 -32 5 29 -91 -15 -70 -20 69 -43 40 -5 -26 -21 8 16 43 -44 -49 23 12 27 -11 -20 -70 2 1 -36 -73 -40 -14 33 59 50 -15 -9 28 -4 -44 28 -34 -13 24 85 44 -36 7 33 22 -61 -25 -20 59 -64 13 -2 14 -38 18 16 -10 10 45
64 -36 52 19 -63 82 72 41 -3 -26 -62 63 44 3 -6 -5 111 41 -71 83 116 21 -18 30 39 4 -16 -125 -3 -56 10 23 33 3 2 4 30 52 -45 3 -6 -61 46 -4 -30 13 -41 32 -36 -58 -54 -5 7 -61 44 -35 -75 14 -48 -22 -56 -11 -30 -128
14 21 -4 -1 -35 -43 -55 -22 31 -31 44 -12 30 -55 -42 79 -2 -8 -19 -62 2 26 -33 1 14 -32 -41 -101 30 -23 -42 90 -5 39 -2 -24 80 60 -61 9 21 10 16 -60 -45 14 31 -44 -25 57 -89 39 -49 27 -23 -22 16 -9 -19 -63 -55 -107 5 8
20 -27 -36 47 72 -2 -5 7 15 53 35 -53 21 -45 -9 -22 44 24 -51 -8 54 9 21 -46 -9 20 54 -6 57 5 35 5 -3 55 15 23 -6 -24 6 -16 61 27 44 10 -1 -37 51 -27 -7 -10 -84 -33 75 90 60 33 -43 -57 33 48 26 48 83 47
26 -35 -40 -33 24 30 86 9 68 -31 -42 30 -54 -16 -42 40 41 24 15 -24 38 26 31 -26 -14 -50 -12 48 30 19 6 -31 11 -4 59 -80 10 50 45 1 34 15 -22 23 -13 -43 -29 36 -11 -36 -8 24 17 -46 -31 6 49 50 -12 68 24 44 2 53
19 -11 14 29 108 42 4 4 24 -63 18 16 -26 40 10 -24 44 13 -35 52 -7 15 -39 34 -34 14 1 15 -14 -21 58 17 -24 -26 -23 5 40 -16 6 38 -48 6 36 12 -23 72 31 17 22 19 25 -7 11 -35 -2 59 -35 -8 -8 -23 -16 68 45 -18
-7 -39 -4 43 6 63 83 32 36 26 24 49 -30 99 2 -33 22 53 19 -18 -37 -30 -6 0 7 3 67 76 -21 83 -25 -6 91 -52 20 -13 -23 -1 -2 39 -3 38 -5 -10 38 -12 -20 19 5 -8 13 19 36 15 0 -46 -63 0 -73 -7 66 33 -46 50
-49 -6 -29 0 75 34 -11 72 -9 16 -10 22 -38 30 38 -10 -46 60 38 0 2 69 -95 -10 -18 6 -22 -14 23 -86 -8 -23 -19 33 12 14 -67 -48 -27 8 104 30 28 60 -7 -67 -2 2 -26 4 29 60 -18 18 -23 -20 64 -58 -65 10 -28 -37 19 -16
-53 -62 -28 2 -19 59 -7 8 9 -53 0 -4 -51 -15 -33 -52 9 38 35 -40 30 63 -1 2 33 14 38 30 45 5 42 -33 79 -121 68 13 53 -2 28 1 -87 -33 39 66 6 -9 -70 53 -32 -51 58 78 -12 30 -53 -2 -9 49 -57 61 25 46 -24 56
-70 86 -71 0 45 -31 49 107 -6 55 -14 -1 8 -23 16 -33 -18 -123 -37 49 -7 -68 -14 -36 11 20 74 56 14 -29 -8 -43 8 -2 31 49 34 72 64 -21 15 9 43 -20 -35 -24 -37 -86 -26 20 105 37 -25 -75 -13 -18 82 3 108 4 -23 -8 54 6
6 -1 41 7 25 92 55 47 7 38 -72 22 26 -23 -38 -30 -11 -15 38 -6 44 -57 51 -36 -61 17 -15 -17 79 -8 7 -29 -35 27 -7 41 -51 -6 27 4 -64 38 30 9 28 -1 -55 -29 -21 12 25 -11 17 63 44 40 -1 -9 13 18 9 21 -1 29
28 14 -30 20 -2 -25 81 -1 -113 -69 2 -2 -48 -18 -30 9 -25 6 55 -55 -8 10 -29 26 -36 -20 -2 40 0 61 36 -37 -31 -31 85 -7 -15 10 75 58 -56 21 42 4 -91 12 4 -47 7 -79 25 31 9 25 29 -4 13 21 73 9 37 23 -86 16
-49 -4 4 -55 -1 -1 34 -31 -21 -1 -18 2 -110 21 -26 45 -40 52 -29 -13 42 -32 -78 -39 -103 42 -34 -63 -6 35 -42 40 -46 39 -37 -14 52 54 -34 -4 27 32 19 2 -1 -7 51 -35 -17 -34 -28 59 -13 -30 -67 -39 62 -36 -46 -9 -15 -19 -11 53
42 -24 108 23 -16 4 57 47 58 -23 33 26 -35 81 9 51 -41 -33 72 -63 78 108 110 -50 -15 -26 46 -44 16 30 56 3 -15 7 -46 32 38 5 -112 16 32 -74 19 -15 32 -24 -27 51 9 -60 -20 -61 27 0 -7 -42 -32 31 16 23 16 -62 -2 -89
-9 -13 22 21 -47 -43 -16 -35 18 -25 40 41 16 -41 -39 -32 3 36 -24 13 -45 36 1 -14 71 -5 2 -14 -21 68 -73 51 -13 7 -7 -17 -24 26 -49 50 -34 4 -26 24 -40 -12 38 15 115 -40 67 -8 -29 -7 36 -74 -84 -35 34 -78 -10 55 20 28
65 -5 14 -7 49 -24 -106 -48 -43 -15 37 -84 55 -21 79 53 12 -47 52 -11 -33 29 -5 57 -49 30 -44 -6 -4 2 -38 -45 9 -28 -5 -38 -2 -23 2 -3 -11 8 -17 -45 -1 25 16 -42 -23 48 48 27 -74 114 1 -58 -5 -14 -26 59 -70 -4 -22 -66
-12 -3 90 19 65 29 51 29 -68 -2 3 -53 4 5 55 18 12 -68 -7 -35 -20 -71 61 31 22 -12 -38 59 -10 38 58 -11 35 85 -6 -25 45 87 29 3 6 24 71 102 -8 33 -71 60 8 -11 -32 -9 9 2 22 39 18 -46 4 -37 9 81 -63 -11
8 -96 -51 29 20 -11 23 -43 34 -64 -13 -47 40 -11 74 19 84 25 68 31 -20 7 6 -31 1 -36 -10 -34 63 -1 74 -42 8 -37 -46 37 -63 -46 -7 -6 105 63 -16 -28 67 -14 -53 7 -34 45 -37 16 -7 -21 -8 47 10 14 -31 3 -60 -20 -10 -68
8 -32 82 28 46 -11 -45 2 -22 33 -14 -55 35 25 -24 3 56 -56 37 5 -9 -82 1 18 20 22 28 -48 -8 -9 50 47 -35 63 -79 34 -34 -30 20 -26 28 17 -40 18 26 -50 63 61 3 -15 -57 -43 -27 -77 42 -8 35 -23 -35 12 58 -20 29 -28
49 71 82 70 -45 -50 -5 -62 0 -82 17 22 6 -69 -25 -8 23 -101 1 -26 32 -7 -10 -8 51 -2 -76 6 -57 -6 -27 -14 -72 7 14 21 7 -7 -36 15 9 -50 59 -68 44 20 55 14 -31 -17 67 -32 1 -3 -6 11 -18 11 -63 28 -60 17 2 9
18 -128 -8 13 27 4 -38 13 -49 -18 8 5 2 -26 -30 62 -19 55 63 10 17 -79 26 5 -6 47 -2 20 39 -38 3 -44 13 -32 -23 -18 -9 -64 54 37 68 23 -47 -15 11 3 15 4 4 36 -18 2 13 41 1 -8 14 10 27 -3 73 43 16 0
28 -5 36 9 -60 -30 91 29 22 -15 5 -18 -29 4 -11 -14 70 -63 -25 4 20 -39 62 -19 1 -2 -7 101 49 -70 40 -8 12 8 -24 -57 -2 34 28 42 -16 -48 -35 -14 1 79 22 -30 39 9 10 27 -10 -39 1 8 -70 -43 -21 22 43 60 -39 16
6 9 -37 -34 -80 -88 -58 -1 26 -15 -3 -112 30 -69 1 5 -11 -38 49 6 22 26 41 -9 35 -79 -27 -44 -39 7 6 -8 20 15 29 13 99 -37 -37 29 -46 -20 -20 31 8 52 29 -3 -29 -70 -9 -39 -13 12 48 4 -43 -28 66 -12 58 -103 18 -3
30 -13 -18 42 4 -9 10 -52 18 67 -31 60 -20 -7 -7 7 -9 -4 -3 -21 25 17 55 35 17 -61 -21 44 57 40 -14 -12 42 11 87 -83 53 -17 -82 7 66 -1 -76 31 -30 52 -49 -11 4 -4 84 -85 41 -4 42 6 -5 -27 -27 -40 49 90 -73 -47
-56 5 -4 63 0 18 -18 43 22 -56 9 -4 -92 92 12 69 -61 2 31 -2 -14 44 43 13 28 40 3 -56 50 26 10 -24 33 4 -4 31 32 46 -53 -62 -2 -36 41 8 50 -27 -91 -8 -14 113 -32 -20 24 -4 6 -44 76 17 -3 22 73 -1 -18 7
-21 -32 0 -94 18 -23 -3 -2 38 70 -20 -16 -40 -43 -65 -19 -15 16 12 -53 105 -27 52 -47 -24 2 -54 69 -56 -49 -93 -13 27 -19 -20 -41 34 36 -53 0 -37 2 24 -60 23 22 83 -51 74 18 21 -46 -1 48 -46 13 19 -2 -13 13 -32 85 1 -67
9 19 -18 -43 -21 -60 -2 14 -72 -48 7 -90 -21 -65 -26 10 39 -30 -25 91 82 28 1 -11 14 -12 -43 66 -14 25 21 11 63 17 -49 33 56 19 44 6 -19 3 -79 -25 7 24 -25 -52 -5 -82 -32 26 -22 -45 -19 16 -13 -67 39 -23 43 85 25 -30
10 12 -62 59 -42 -14 -58 -10 85 -23 4 -27 88 5 8 -10 42 -11 -57 -21 -79 21 -92 49 -21 -13 -22 -13 50 -53 27 32 48 -41 -3 58 2 12 22 -67 -37 -23 22 34 -17 74 15 -6 46 -4 43 -32 -48 49 -61 -10 9 -86 -112 -10 -70 -51 6 24
27 -13 -57 19 5 -5 -17 58 -59 -33 -22 -88 -2 46 14 74 19 -14 -65 77 23 -13 78 19 13 -11 6 20 -53 33 -14 -69 -9 -66 3 -26 -3 14 -70 4 -18 -19 -10 30 1 -22 39 -24 55 -113 9 -23 -19 -55 3 85 -38 -46 102 -1 -13 32 -2 4
14 -49 40 21 14 0 0 56 -18 -27 -12 2 22 9 61 39 100 -1 -18 10 39 -17 -40 15 2 -34 -20 52 88 40 -15 18 -14 -44 1 -30 -18 26 -39 -76 20 -29 -16 0 33 8 68 -23 43 12 -3 -8 -9 -123 -39 46 16 87 -13 70 7 -29 -26 -33
-26 -32 37 -27 -87 58 -53 56 26 -80 -86 74 -16 38 -72 -31 88 -18 54 -27 -3 -76 -66 33 -57 -54 -60 30 -34 -87 -17 -43 -28 -41 12 -21 -53 22 47 -15 33 4 -37 -25 -18 -14 -41 -3 48 -11 61 37 -80 -40 -24 38 -50 -22 -43 -4 -8 9 7 -63
45 -4 -51 -14 -105 -45 62 27 16 42 60 -8 -8 -68 -57 -11 -23 37 8 -44 -28 86 -28 56 29 72 -65 -20 41 44 -86 -5 -29 -94 -111 11 64 40 -26 -35 11 -24 7 -7 -79 -32 -9 -8 -47 41 2 -97 -39 7 21 -58 -41 -1 24 55 -42 -12 43 16
29 36 -22 23 33 -19 -31 18 -23 2 28 64 -43 -49 22 17 -5 5 -30 8 37 47 9 -23 -25 -39 -14 28 -56 -15 59 -35 -7 32 55 29 -4 -18 -3 5 -5 11 -25 9 34 -9 10 -18 15 40 31 -34 -57 -72 39 -24 2 14 -34 53 61 -38 -5 -35
60 -41 66 42 10 -83 -5 -28 -10 -36 1 -26 -18 -11 -72 6 47 7 -33 -26 49 -33 -9 -46 30 65 -47 30 -3 -42 -53 -68 3 62 -7 4 -15 -10 62 -20 -9 11 -19 30 50 0 11 -18 20 40 84 30 -45 -7 -62 29 -1 28 -4 0 19 -30 -9 -42
21 -9 -38 17 -22 7 -38 9 -6 13 -3 -37 15 18 52 19 8 20 -2 -12 -9 -42 -24 -9 -67 0 103 76 -15 -51 81 77 33 -23 -30 -19 23 32 57 -68 32 27 7 6 -8 -22 22 -31 -38 -19 35 -36 -13 17 -31 -30 -31 -26 45 -36 77 -45 47 -42
-3 -2 4 54 -30 15 -56 -39 -38 38 66 54 -19 6 34 -31 -46 -23 -60 -54 -17 -42 100 31 -62 26 18 25 -79 20 -38 -28 28 -36 50 33 30 -2 -45 82 42 31 -54 -38 -31 49 -50 7 0 27 -40 -95 59 43 -10 -37 41 70 11 -2 3 29 -18 12
-49 44 -83 -88 -24 -56 58 4 -104 -80 21 -94 60 -50 18 0 -30 -49 12 27 -22 -48 -12 -67 -30 78 -12 4 20 -83 -90 -20 -7 -8 58 -10 -19 -81 78 25 -7 36 19 8 -47 -84 -13 -39 -56 -2 26 -8 16 49 20 48 7 -35 -66 -95 -18 -44 -120 -2
55 27 -22 -38 -38 18 13 -25 23 16 61 32 13 13 36 11 -43 -9 22 8 2 15 29 58 -6 -52 43 37 19 16 15 -53 -25 -31 26 -28 -52 -8 43 -3 76 -18 -17 -83 26 26 -11 -43 -14 14 -68 -50 -35 -11 24 2 -21 -104 41 -63 -53 -57 -52 -110
-65 24 74 -59 73 5 -22 -30 84 -18 -50 16 -25 1 5 -42 27 -49 -56 5 -22 -31 33 13 29 -11 11 60 -49 -15 -20 31 18 -80 -27 -13 11 61 65 -40 33 -102 -57 8 -84 16 -41 -17 -42 7 -30 -41 -25 -22 -5 -58 -5 -16 -46 -24 -69 -42 16 4
-31 51 -64 73 -83 6 61 63 40 57 11 -16 -9 27 35 6 31 -31 -10 0 -29 -56 5 36 -28 34 16 9 -22 83 -71 -2 6 -32 85 35 -18 32 -96 32 -50 54 51 -27 7 36 -14 -41 75 11 16 -6 53 8 -39 -24 26 26 -4 34 6 -30 -11 69
-15 50 64 -46 -11 -3 60 -61 -4 26 30 -35 -23 53 44 66 -91 29 -32 28 -18 25 -4 -23 -38 -23 60 -18 6 26 5 27 1 -39 33 19 -7 34 5 -1 47 -23 44 -30 40 32 45 47 35 -3 65 37 -31 34 -55 53 19 16 26 43 -25 44 60 10
39 68 -48 -14 -24 47 0 84 -43 48 -15 -64 5 -53 36 9 -22 18 -35 71 60 34 9 27 -3 28 -8 -35 -20 -56 8 -5 -47 34 37 -8 -18 14 -3 19 26 -3 -41 74 9 51 -61 22 9 -14 0 -38 -3 -8 -20 44 -83 9 -15 10 -15 26 14 -58
17 -61 61 14 48 25 19 -47 11 62 55 -20 37 39 22 -1 -5 -14 -11 -6 -38 18 -27 12 -28 -1 -83 -30 -98 27 -8 -2 53 -37 -44 -41 -16 54 34 90 50 83 26 -58 51 74 10 69 36 -2 -33 -32 -40 34 30 17 39 -23 -31 4 9 -76 41 -23
-31 -12 -97 2 -56 13 -26 -33 15 -73 -45 -4 58 37 -36 1 -6 48 9 23 18 84 -16 -26 66 -3 -97 22 10 -23 -83 -22 -100 102 19 31 -90 6 -5 80 -32 -24 5 70 32 27 8 75 24 -36 34 20 -60 30 -9 -21 5 -46 -47 -15 -77 52 -55 -51
-47 -52 6 4 -86 20 -35 37 59 -29 -13 37 -31 -24 20 61 -56 50 -54 5 -95 0 0 -47 40 32 71 -43 22 41 10 40 -19 33 -48 -36 -31 -56 49 7 -46 -58 -75 44 -31 -72 -68 46 -30 -2 47 87 6 1 105 9 27 -20 6 75 -14 -4 56 -7
57 -15 21 -58 -2 2 61 10 7 -1 19 -30 -23 -47 -85 15 45 -28 -5 -24 19 -31 72 -26 45 49 -5 -44 38 -40 8 -5 10 2 12 29 -43 62 15 -11 -21 -18 28 67 -18 39 4 35 42 -16 75 30 61 -112 92 14 13 -16 3 -35 -19 32 -23 20
2 16 63 31 46 12 -18 -9 43 11 10 -43 40 -13 6 -62 -28 -61 -26 -8 -13 14 -66 3 -27 0 -31 -1 6 11 -6 -74 26 78 59 10 45 26 -71 58 39 28 68 28 87 -19 15 15 46 77 -14 47 31 97 35 -126 -57 90 15 77 -20 71 38 19
61 -33 4 -4 26 -54 114 13 13 -31 1 71 -79 -58 -42 17 31 52 -12 -12 51 5 -4 51 125 33 72 55 -38 -1 -5 -2 57 -12 20 20 14 37 -63 -53 -38 -16 -33 -43 -33 -27 11 23 -25 -15 70 -9 -15 44 -32 60 -33 8 -50 15 30 -6 -48 -41
-47 -7 -59 44 -42 0 -48 -21 90 -50 54 20 -6 44 0 -26 49 -21 -17 32 -6 -25 -5 18 44 -68 11 -126 -16 5 66 -10 33 46 -22 -2 -7 -2 31 -19 -3 8 -15 3 38 1 23 -32 -36 12 -27 50 -8 14 -5 43 -19 -44 12 -24 35 16 17 -76
-20 28 -13 48 71 72 -16 -18 30 13 2 15 -70 -19 22 54 43 -32 27 24 -43 18 53 7 -22 60 -22 -6 -17 -52 1 -43 59 45 7 19 -56 22 105 0 -37 57 -37 -38 -17 17 21 36 40 67 -13 -50 -35 -2 -13 67 -13 16 -32 10 -28 -30 -60 10
13 -7 -4 17 26 1 -25 -17 -58 27 82 -29 -38 -7 60 0 -69 18 -61 4 32 -9 -13 95 -25 58 9 -2 63 26 -2 -31 31 -18 -50 -54 24 -35 -30 -9 11 11 11 -62 -26 -43 4 -38 15 -57 -18 18 -25 -8 -23 -27 -39 2 -20 33 -4 -39 -19 50
37 57 -38 -22 56 18 -8 -53 12 31 4 -79 24 -45 10 8 83 63 14 52 -24 43 29 -26 48 -51 35 37 -16 70 76 -63 -39 -3 8 -45 71 6 -15 -5 21 -63 -3 51 -43 63 11 -93 -24 3 -24 11 13 -35 49 30 5 -43 6 70 17 1 -16 21
3 5 6 -11 18 42 30 29 -4 24 26 9 -6 18 -19 15 73 20 51 -41 -64 -5 -97 13 -22 26 9 -22 70 -49 -21 -42 -31 -58 28 -15 25 -39 53 -19 -1 -1 29 31 -100 12 -22 48 -29 -3 -39 14 -26 40 28 -57 44 -32 13 -22 -2 -28 -12 58
39 3 46 34 -20 -51 7 14 -38 -13 37 25 27 -65 -18 5 21 -47 -49 5 100 14 -12 0 -28 11 124 -29 -56 39 -9 53 30 75 -15 -27 7 48 -91 125 43 -19 4 13 -30 -22 0 -23 -17 -31 -35 -31 91 -10 -57 -41 -8 35 -1 29 -30 43 91 -20
9 -18 -15 27 29 72 -4 -65 -24 72 31 -8 -30 -12 16 18 58 60 46 -26 -1 -16 46 -39 -23 -57 45 -6 -8 25 -27 6 14 -16 -36 10 -26 -31 -23 -38 14 4 80 29 68 47 -15 -34 49 34 72 -8 6 6 105 17 30 -22 21 12 80 44 21 2
8 -77 57 -31 43 23 4 -5 27 2 4 40 -68 6 -28 -98 25 36 47 26 15 -69 3 54 7 -36 31 10 -38 20 48 52 50 -36 -14 -27 -1 59 -63 -119 58 -46 89 -43 -74 -22 -25 -21 10 -1 -30 -60 18 -29 -19 -47 -31 -76 37 -2 -73 72 6 99
53 0 -25 -23 -52 9 14 -64 6 -29 -11 4 50 48 38 -25 6 -38 -5 21 40 38 -42 27 -12 -6 14 -48 28 16 23 40 -50 40 58 -11 -44 17 32 -38 21 -59 22 -26 47 12 67 -4 50 -39 -16 -25 69 -55 1 -5 66 -20 26 36 -41 12 36 19
25 -10 -34 57 -9 27 -20 -67 5 33 39 2 20 -18 -14 -40 -15 -34 -38 -37 38 51 11 -39 6 -36 13 9 35 -5 20 22 3 -4 59 -16 60 -2 -36 -47 18 61 -97 85 42 15 32 27 55 46 -16 21 3 -43 15 2 -4 16 -20 1 -24 4 -19 34
-1 -63 -36 66 -4 -38 -12 27 -28 -88 -29 -2 11 -21 82 40 -23 -30 -52 38 33 -22 -64 47 -50 46 46 4 34 -30 38 -22 -35 -84 39 -16 12 14 32 -3 -16 -35 13 -33 78 -12 66 0 9 23 36 10 -23 49 -22 33 3 17 -35 88 -2 62 91 19
75 -30 1 -11 22 102 -14 51 35 82 -54 14 36 -12 -32 52 40 -82 22 -24 -32 -22 87 -58 -78 7 53 8 -12 7 -26 -6 -24 -78 25 80 -33 77 42 22 -19 70 52 1 92 -48 15 -9 -35 9 -4 2 -33 -6 18 -44 67 17 -1 -65 14 24 11 -1
15 67 -67 38 24 26 -2 22 -79 24 -20 -2 29 47 32 -15 -35 -104 -24 40 -28 13 5 10 31 89 9 84 53 -14 -13 17 -59 -44 -2 60 -45 3 -11 36 98 29 -33 25 50 -63 48 20 10 20 -39 26 -20 8 21 46 -64 -51 -15 4 -47 80 -30 -68
1 -22 33 88 2 30 -7 5 24 -76 57 -40 22 -59 95 15 -34 22 46 -5 82 -91 32 38 55 -6 18 -17 -18 59 40 -3 -27 -20 -5 -10 29 7 36 59 -6 -22 19 -57 91 -12 7 5 60 8 52 40 -62 54 -3 30 -57 -35 -4 -23 -17 40 4 -101
66 10 -15 -18 -8 -75 -55 39 9 2 -3 -28 -15 -81 62 72 22 80 41 -73 -5 -84 -1 2 -18 37 41 74 -11 -61 -19 66 -18 -25 32 -47 -43 17 21 6 48 -6 21 -4 -54 -23 17 -10 -28 -6 -48 15 -7 13 32 1 29 -23 47 -26 37 94 7 -17
-3 -76 30 8 -9 -15 78 15 -65 46 -88 19 -27 -45 76 -66 2 39 52 -5 -12 -50 -6 24 -54 -61 19 -29 -117 -50 4 -82 60 -43 4 32 -26 15 39 3 59 -21 36 3 -26 -33 -24 -19 79 -26 26 -46 -5 -6 19 10 -22 -17 30 -51 -2 59 -80 39
39 38 -3 62 -22 2 -18 24 45 -22 6 13 -2 28 -47 -6 109 -13 -15 31 59 -41 16 -7 45 23 -56 -25 4 71 -57 -62 57 12 30 -3 -25 34 9 -12 30 11 -34 26 40 50 25 11 41 -32 31 17 89 1 -46 -21 -72 36 36 -35 51 -25 -8 42
36 -23 -55 -108 -63 -50 1 15 10 5 -21 51 -7 3 13 -9 55 9 7 -105 2 45 -55 -18 4 16 -40 -45 32 43 30 -109 -56 -68 -50 -59 11 26 43 43 25 -19 18 -34 -61 -52 -26 -45 28 -1 -2 -27 13 16 -31 13 60 -56 43 -62 -42 -7 -42 -4
18 13 14 29 -11 -19 12 10 71 -28 -50 -80 36 35 0 71 38 -63 37 31 16 4 -16 29 -26 23 -8 25 54 19 37 28 23 95 30 57 -18 31 50 -11 -68 0 0 4 55 18 39 -26 6 13 114 -1 65 -4 -63 -5 16 -38 -19 -41 23 -9 -23 -34
-10 -68 28 30 49 -114 8 43 -12 -60 -10 28 -50 29 20 -35 -20 49 60 35 25 -47 19 54 -16 7 -25 30 67 16 -4 31 -66 42 -30 41 -3 7 47 -3 27 -68 34 32 -20 -59 37 38 9 -27 -25 76 2 -5 -23 -18 40 75 -42 -39 -25 39 0 52
62 3 11 -29 33 -26 -101 -64 7 22 20 29 42 -36 -42 14 44 19 -63 -64 54 -36 -16 34 48 -39 66 84 -17 37 75 -12 35 78 21 20 -4 59 31 49 28 55 7 -22 -89 -37 52 -17 55 -22 7 -19 19 -13 96 18 -79 -4 -66 -14 -1 35 -24 -55
63 10 -43 -86 -55 -15 -7 -16 -16 -37 6 51 -59 -44 70 53 37 52 -12 -25 -15 -16 14 23 -47 -9 28 64 -4 -43 -42 12 40 -7 27 -13 -17 75 36 63 -51 -91 46 27 57 61 -70 -12 20 -52 35 -46 -15 36 44 14 8 37 21 -6 89 -25 -29 34
55 -56 31 -92 18 -40 -37 -22 20 2 59 12 -63 -33 -35 25 -36 -55 -51 30 13 31 -26 -15 -5 4 -7 40 34 -4 -9 51 19 -45 -10 -10 3 -13 -9 12 2 -40 -26 -8 -63 -24 -52 20 -37 21 16 2 -32 -69 -93 4 22 14 -10 -36 15 -30 2 49
-13 -25 20 39 -9 -79 -73 13 -9 -67 -8 -48 30 44 -44 -29 -79 -62 -78 47 -23 45 66 -37 -58 -62 40 -21 -12 -12 -33 5 -82 41 12 17 -43 -32 -2 1 12 -2 -30 -50 -42 16 -27 49 -32 53 87 38 -69 -25 54 -35 -6 7 9 5 -7 -62 -30 37
21 -52 -9 -10 3 -71 -33 -42 55 -21 78 90 55 31 7 71 -50 15 -41 97 32 30 -3 -19 -52 -11 18 -55 5 11 15 68 38 64 24 -31 8 -46 -18 33 30 -25 5 15 -82 26 -39 13 -33 -4 39 26 10 -27 -24 -18 1 -36 6 -22 -36 -31 -8 -15
5 -9 7 28 6 -2 -20 63 36 28 1 19 -14 49 6 42 56 73 86 4 79 -64 11 40 -31 -9 -17 20 -79 -51 21 20 15 -22 11 4 10 21 52 7 36 31 58 42 13 30 46 -81 19 0 33 28 -50 50 52 -25 17 -49 -22 14 -15 -7 27 -57
25 0 -51 -18 85 -58 50 0 -35 56 -21 9 47 -39 24 92 -51 -74 61 -17 -37 -22 -15 35 -47 3 5 -2 -60 -34 2 2 -26 2 37 16 34 103 53 7 -8 6 -90 1 83 -63 25 -4 25 -67 7 -23 -33 -10 41 -38 64 42 -14 -38 -26 14 57 49
17 15 28 -23 53 32 -60 55 -14 -13 34 -5 3 20 -17 -38 -17 -22 -11 -33 10 18 62 -53 4 -84 67 41 23 35 17 -6 -11 81 -61 9 5 -52 43 -4 7 40 -17 5 8 74 10 3 -33 5 12 -15 -54 17 65 -22 -15 -18 26 53 -5 -18 -30 -17
5 -31 23 37 -32 -52 18 -68 20 3 13 57 3 -56 -14 23 -45 15 -30 -17 49 3 -38 10 -24 -15 25 37 15 40 24 -42 11 6 76 54 -3 -77 16 57 -14 -17 36 -25 6 56 -50 3 -49 9 -4 -14 80 -49 -74 96 85 -13 53 -30 29 45 16 9
17 49 28 39 -53 -25 -41 19 -2 -36 13 57 -30 -56 4 69 45 14 -20 -47 -37 -15 -33 -60 15 37 -7 -63 16 71 26 -45 -32 53 -64 -40 -30 29 -8 6 -5 -26 -48 -28 100 26 27 67 1 76 -28 -25 86 38 -5 -17 44 36 -38 -86 33 -3 -11 -36
-16 -44 23 5 7 26 13 -17 25 51 46 -2 -27 -37 -89 25 -85 31 43 68 67 -97 -2 -19 -18 10 -82 -29 4 8 25 2 57 0 63 -15 7 6 -5 75 -47 -18 -28 41 66 22 -1 -20 -53 32 48 36 -12 -7 51 -3 10 -3 -6 -14 9 42 -58 2
18 32 -68 6 21 33 10 -8 -77 29 41 -24 82 -72 35 -28 68 -7 -38 15 -39 59 12 -52 -29 38 -19 -37 5 -82 -55 44 26 25 28 -36 -41 -100 9 -8 -4 64 75 -73 -4 -31 54 60 45 35 -26 26 -21 5 1 -8 -35 -18 -24 14 -87 -47 7 13
43 25 8 41 -21 -26 32 33 71 116 2 -36 6 19 -31 -14 19 37 37 70 -18 -49 -14 26 -11 17 5 20 54 -92 -48 41 -28 92 13 43 -18 -5 23 -80 -69 -36 -5 53 -17 3 2 4 -86 -8 -43 -17 -7 36 38 14 -5 9 -3 -17 46 52 5 -70
-13 55 -59 -2 8 18 16 -63 9 29 39 -35 -22 -27 24 -60 -64 41 -49 1 -14 26 7 9 76 34 -9 63 15 -28 64 -28 -17 -40 -3 -32 16 -5 -33 -25 -48 44 56 -10 -39 -22 5 5 43 -12 22 -74 -13 -34 -35 -6 -41 15 -35 -59 -18 25 6 30
9 45 -40 15 -24 60 -32 -2 59 16 -2 6 -102 -30 27 0 26 -71 61 32 -8 -21 -3 -8 32 -58 23 13 -45 10 -4 70 -76 -124 2 15 -46 -74 0 -36 0 -27 45 -24 -6 -8 -9 3 -44 -7 -34 6 -25 5 -14 -14 -21 3 27 -50 -26 -66 -50 3
-13 -58 -39 -53 -2 -21 -4 31 -31 -6 24 0 24 34 8 -52 -38 43 -56 -44 24 -14 -1 42 42 26 -32 -21 17 -20 22 -27 -41 -10 40 20 83 52 69 -21 -1 -24 34 21 34 -23 -18 17 -30 -65 -6 -10 21 35 -27 -38 -32 19 30 -51 45 12 -3 -2
42 -13 4 -37 6 -42 50 55 51 41 78 -42 -4 -1 17 -30 57 39 60 -33 -54 -14 78 -1 54 -2 -21 -76 -4 -28 43 -4 9 1 4 13 26 16 16 15 -60 -76 -16 22 -8 31 27 -48 -53 19 0 -10 -33 39 -23 -11 -65 -20 24 84 -88 26 56 -45
19 18 -29 -73 54 -42 -4 126 -16 -53 0 38 -19 -27 -53 35 50 -34 -49 8 92 52 -31 -31 38 -101 39 54 -118 -15 -11 44 41 -54 9 -4 84 -2 52 48 -20 -6 35 32 7 21 18 -35 -40 27 -41 -76 38 -104 0 13 41 -42 -35 -21 6 33 -30 65
24 -20 -55 -6 -51 34 -52 90 -31 1 -16 33 -42 28 52 -87 -74 0 -9 19 -12 44 6 44 54 -31 15 -14 -21 -24 -8 38 -85 -53 83 -58 -2 -44 40 -16 -10 17 32 25 49 -31 -10 38 -51 4 -41 0 -90 34 -79 11 34 -36 -5 -23 12 -39 12 50
31 53 -34 69 35 -24 -51 -59 -4 63 2 9 -2 -14 57 -16 62 -10 -34 36 28 68 -39 37 7 -39 29 -10 -65 -22 -25 -45 36 -1 -7 -64 25 -2 -40 4 -31 -21 -25 10 76 34 20 -16 11 -80 3 -13 0 24 47 79 -21 59 1 88 -8 -19 -3 43
-93 73 -39 47 32 -8 -15 16 27 20 51 -125 -21 -29 1 -14 17 46 61 -5 32 -8 -10 39 -6 44 -28 12 -28 -88 58 -3 32 1 53 -73 10 -20 -5 -12 38 50 8 -37 -44 20 19 -30 27 6 -28 104 31 15 42 -89 52 -25 -3 35 -17 -20 38 48
-25 -27 -23 41 73 -35 -50 -13 -21 5 -61 46 -22 61 99 -84 -25 38 -5 45 18 -27 102 -4 -18 5 8 40 15 -22 53 -21 59 -86 57 7 -6 34 30 82 2 -4 76 18 10 105 22 50 19 27 44 17 -19 18 21 -23 -57 -64 -24 -7 -5 28 16 97
63 18 0 73 25 21 5 -18 14 57 -63 44 -71 -27 -39 8 51 -9 21 -54 90 -39 -97 0 -8 -1 55 26 8 -25 -56 9 6 -55 25 -15 10 22 -58 -41 0 -15 -7 -40 0 -26 83 -11 96 -37 49 23 46 7 29 77 -13 -46 33 -16 -11 -42 -47 -11
54 82 11 -43 -93 18 33 42 -19 40 -49 9 33 12 -61 11 11 -35 -38 -32 11 2 -24 -85 -64 11 -29 45 -11 41 50 -28 -23 29 57 -30 -60 -18 -44 9 -9 -15 -57 -15 25 0 31 -11 33 12 -12 -63 3 -17 -67 80 7 52 -12 -62 76 -26 5 14
-8 -21 -27 -1 9 -18 16 37 13 40 33 -52 -24 75 50 23 9 26 -23 5 -7 -31 -32 -44 35 -58 59 86 -3 15 36 -18 60 -24 -13 -76 34 8 -13 27 -34 28 42 54 -16 82 -68 3 -27 -5 -58 -71 3 40 37 -3 -5 -61 43 -1 4 -37 11 -21
29 41 11 -21 -18 57 -16 57 -35 -90 11 -61 55 26 53 -15 1 12 25 34 -9 55 95 -15 99 34 -19 12 13 -14 -68 -46 76 35 47 -9 -34 -20 -11 -9 10 55 57 -1 -63 -14 -101 -26 -36 -25 32 -17 -48 38 14 -5 -56 -14 -11 -94 26 24 13 1
8 1 -56 44 -25 21 75 21 -55 -101 40 20 -6 23 -80 -32 100 16 17 -97 -21 2 -32 26 -32 -80 -31 -74 9 -2 -39 75 -52 26 -10 -13 -2 -30 16 -77 -76 -8 -66 -15 10 -55 18 -37 39 59 -51 52 -98 35 -70 34 36 9 -14 -26 -43 13 -10 52
62 0 -16 4 -10 -53 24 -58 33 74 11 -4 2 -83 -34 53 67 -41 -86 40 -59 43 -1 -6 5 -76 -52 -9 -58 -5 -51 48 -44 62 27 -39 17 34 72 80 -71 -32 -19 -45 -23 3 68 24 -18 13 -41 -32 -18 18 23 -9 -14 23 53 45 -53 -34 -30 -43
-3 -62 -55 -73 7 -29 -4 -18 13 17 -21 -123 50 3 13 52 74 -24 40 56 -9 90 -24 10 30 -26 32 4 35 18 -33 31 -20 56 -59 -44 -41 61 -29 -24 -20 33 50 24 31 56 11 -23 -17 -4 3 -30 30 -43 -61 -57 6 -37 -85 -10 -46 96 51 61
-18 -35 -28 -25 23 30 98 -63 -46 13 28 -40 39 -10 -17 -52 -9 39 26 -32 -21 34 -19 -42 -32 54 -50 1 -31 33 -69 -17 -19 31 -50 84 -9 -42 -81 -36 -26 45 36 -54 54 60 -3 -17 -54 -2 31 -58 -21 7 17 -57 73 -12 33 -16 -16 -17 16 15
33 -24 66 -29 16 -16 -31 -38 -8 4 41 38 -42 -37 -22 -53 -21 -8 -62 -22 -59 -7 -64 -50 -39 28 -83 5 55 11 32 92 56 36 -37 79 34 38 77 78 5 -3 -56 3 -14 6 35 -58 50 -14 54 31 77 -12 17 10 0 -28 24 8 42 67 1 9
-14 41 25 -18 -10 8 73 17 -6 -49 11 61 -17 68 25 25 26 -30 -20 -55 -2 29 0 -17 -34 61 14 8 100 86 31 12 40 25 -73 16 40 -1 -39 8 18 0 -11 -29 -44 19 -49 -11 -22 -17 -81 -9 1 -47 8 8 47 -75 -37 34 -18 42 34 -41
10 42 11 -3 4 -40 32 68 56 -9 73 -22 -59 49 -78 45 2 -5 34 -38 2 -26 58 28 24 -60 -18 59 -35 27 17 60 13 -22 22 14 -12 1 61 51 -37 -2 27 -50 41 0 2 29 18 19 -3 50 23 -34 54 -6 -21 11 -40 -21 30 -37 35 -51
-29 49 34 -72 63 -8 16 -76 13 -95 29 -35 39 -91 -2 17 -36 -3 -11 7 -30 9 7 23 -84 14 15 29 -4 3 -1 -67 -25 6 52 -8 44 -40 -32 -50 38 -19 30 -68 19 42 57 -29 62 5 50 -52 52 -81 -61 -4 28 37 14 6 -21 57 -117 36
-11 43 -25 41 -71 59 20 -26 -7 -14 101 -36 12 -9 -79 -50 46 2 22 -45 41 47 -43 -104 9 -21 44 -2 20 -28 -38 -21 27 40 -8 55 -25 13 -50 -46 -14 -11 12 -44 -12 -41 -57 -33 33 18 -16 67 52 -18 -5 24 33 35 -30 7 -4 -41 -46 37
-39 -4 -42 -20 13 50 -126 68 -16 -6 -16 -108 28 40 -25 -24 43 -5 124 -27 -33 -17 11 -48 93 11 7 -13 9 5 60 -45 -8 -7 -30 10 -38 30 -4 -36 -27 -28 -26 40 -68 -4 -4 10 -5 26 -12 -70 -38 19 -36 54 31 63 -18 -118 -42 39 -30 -41
2 -22 -30 45 -3 18 83 -38 38 -39 28 4 -7 -52 -6 15 24 51 5 -22 11 11 -6 44 17 -65 40 -6 39 -60 -36 -1 47 52 -15 -23 -15 -13 48 -93 -23 -2 -115 -31 -50 48 88 -7 9 25 -26 -11 -10 1 31 14 -63 -19 60 -44 -55 -35 -1 13
22 74 -29 -84 -15 -6 -1 -4 5 35 -28 16 9 12 44 -6 40 33 63 -66 -65 71 22 -98 12 -44 -61 0 -13 -46 62 78 53 0 76 10 19 -5 -2 -15 33 14 -85 -71 -60 -12 28 71 -20 -69 -4 -55 5 36 -1 56 18 -14 -39 -25 65 23 -53 5
-65 -25 36 -91 5 -26 60 -2 -11 31 -35 -18 -44 -6 -36 -6 -19 4 35 -21 33 69 -66 -67 82 74 -95 63 49 -68 -37 -39 -52 41 70 76 12 23 40 -5 -66 -4 -23 -21 14 -18 10 -52 -14 9 -27 62 -62 11 -30 15 37 36 52 69 -25 -6 12 51
-25 27 -1 -44 -10 4 5 -58 122 66 -63 101 25 76 -9 -40 85 -47 50 23 66 88 31 18 18 -28 84 2 53 86 -16 7 24 40 27 -76 -22 46 -16 6 70 69 1 -18 11 27 -21 37 17 64 -1 -60 50 -59 36 -6 -30 -56 29 57 67 36 -54 56
8 68 -16 5 15 28 19 -36 -34 2 -27 -19 48 7 10 -62 -33 19 4 -77 -21 -26 79 8 37 52 -62 -30 67 34 -18 50 59 22 -42 59 42 -47 -34 -61 23 36 -19 -24 78 22 11 -15 11 -7 -40 -93 19 -58 75 -6 1 -47 0 -12 -2 18 -62 11
-49 -22 17 13 -25 -70 16 -36 5 -36 58 -66 15 20 76 -34 -44 2 -56 10 19 53 0 5 -2 -123 4 -26 -12 53 21 4 -45 -21 -32 -57 -21 -71 28 -19 9 18 -80 -11 -15 67 -50 -23 -13 -23 -34 -40 -51 -42 -10 -1 -49 -31 -41 -83 33 -52 -32 -12
31 -73 19 -66 -7 12 -52 3 -38 28 25 -117 -57 -61 -21 -57 32 -87 18 -31 -30 -6 25 50 8 -36 1 -25 -55 28 16 10 33 1 85 -44 -12 -13 -13 5 70 -23 -44 -88 0 39 4 -77 84 -16 -5 -10 34 3 -4 21 39 26 33 -47 4 2 -33 24
-66 -35 4 -72 6 -99 41 -25 -21 -1 -8 -62 -92 -48 -20 56 19 31 36 40 35 -47 -3 -5 -29 -32 -11 21 0 6 -14 -59 -22 1 -53 -9 26 -35 30 53 10 -19 -9 -50 -19 8 -8 -110 23 -22 -35 -17 10 -30 -89 -2 44 17 21 -13 8 -11 -36 39
-53 28 49 -9 18 -32 78 47 37 -19 -37 -8 -14 3 10 -25 -26 48 -16 15 -3 54 -97 -85 -17 34 -9 -15 32 2 -11 -8 -36 63 -3 16 5 -7 20 46 -23 29 -31 42 -17 -36 27 70 -82 -14 -4 72 -60 51 -80 50 35 -26 -25 3 39 -34 24 15
-40 -30 -9 -34 -8 71 -98 11 -69 -6 -32 22 46 -26 6 -59 71 -38 62 -92 -62 -72 -10 -48 -26 13 49 42 -51 -25 29 -25 -20 -67 -40 -32 -35 -36 56 10 -37 40 -37 -12 -52 9 -24 2 -82 -40 2 53 -24 -35 -25 11 3 -50 -38 2 60 -4 -19 29
32 8 -64 -3 -54 73 -61 7 -1 -27 -11 23 53 -31 -39 1 -81 2 -7 -24 -24 -1 38 -21 72 -20 -16 -73 2 -21 -63 -74 -8 9 2 -82 -79 -10 -16 48 32 26 -13 -18 46 -52 30 61 -2 -28 31 14 44 19 44 24 -55 39 83 -38 -23 -2 16 -32
13 -57 -62 -7 -6 -25 -27 -19 54 -18 2 -40 -29 77 -36 -60 50 35 29 43 -15 33 31 29 23 -1 44 -31 -55 -35 0 -19 2 -10 -38 0 61 19 30 16 13 -81 -20 53 1 -25 -42 37 -65 23 -65 50 -34 -8 -48 -14 65 -27 -20 -9 91 11 -10 -21
-49 -31 -81 6 97 36 -34 24 10 -25 -27 -53 37 -6 -26 44 62 7 -43 65 -13 60 7 -28 23 3 -77 -70 41 -28 -23 35 14 -73 -4 5 46 28 -42 2 -25 -33 -55 50 -34 -11 -29 41 43 34 -40 0 32 -34 -57 26 -21 4 25 39 -100 -12 -23 -25
30 -15 21 -47 -82 -38 -36 -4 -25 -48 -76 10 -33 -22 -51 0 31 11 -97 -43 -49 -1 -9 -46 -23 -58 -61 -54 -53 22 -43 -78 4 31 -46 -44 9 -1 6 -117 46 -9 14 29 -1 60 21 18 6 61 10 -31 -85 -24 -24 -54 -8 4 43 27 -40 -59 41 -62
-60 78 -40 -60 58 -41 57 -59 -17 -30 53 -32 13 18 -58 0 -12 15 -79 33 -19 -8 22 -16 14 -18 -34 40 -11 -13 -95 73 -22 -1 -12 -35 9 -14 -67 -14 -33 -40 31 -65 -58 -41 -44 6 56 -28 -37 -23 -12 -8 -27 9 -50 40 0 20 -30 -56 17 7
74 44 15 53 16 -14 -23 -18 44 10 29 27 36 -34 -97 -88 -14 73 10 -15 17 -15 35 106 -60 -62 84 24 14 49 85 -35 65 60 36 24 90 -14 -62 -71 97 -2 -13 -40 39 15 21 -11 80 -47 -10 28 -24 40 77 -16 101 0 8 69 -33 -4 8 8
16 97 -1 45 -61 -24 22 -29 -65 -65 5 -30 11 -7 46 -11 -10 -43 17 36 -20 17 -7 -2 -12 53 -21 26 -68 43 -15 65 -27 -55 45 65 -3 5 49 67 -18 2 -62 -30 -78 19 26 52 15 5 -17 -12 -15 41 7 43 -19 31 -60 -34 45 -78 -4 -33
30 -16 45 39 53 -25 47 7 -31 49 34 3 -14 -35 -16 -47 -59 -24 -36 47 -13 52 -48 76 58 -8 7 35 -54 -25 16 23 -18 -8 -10 -28 23 3 -67 55 21 13 -27 -80 -29 52 76 49 -31 48 -26 51 -73 41 -62 -10 -43 -18 15 9 -43 39 15 -27
-13 -98 -21 15 34 -16 21 52 -41 62 19 -65 24 -21 -49 -19 54 -7 7 -21 5 69 7 13 -61 4 36 -54 -45 23 -41 -35 -43 -18 -15 -35 -83 56 26 -23 -35 -60 -3 4 -43 -35 -40 31 -48 -17 -13 -46 24 -9 65 65 7 -17 -85 22 -55 -36 28 -74
-30 -30 41 -15 -26 -5 -27 -5 -21 -51 3 -48 86 -35 2 64 -47 54 -4 6 -2 84 25 -22 12 63 63 -63 82 -46 79 -13 59 0 45 31 32 -86 -6 -31 68 -39 20 -15 11 16 34 49 41 -54 -26 16 -18 99 -31 -56 32 -43 -61 23 -5 -52 47 58
40 37 105 13 -27 -16 -17 -27 -35 -21 60 33 -57 -52 -3 44 43 81 31 27 -35 -71 2 71 37 48 -9 8 -89 -75 -79 -16 -50 38 -6 -104 74 0 24 -17 46 -27 -7 -99 -50 -41 77 -19 17 -60 38 -19 -30 -37 -25 -39 27 -29 -24 -65 6 -21 -6 31
-16 2 18 -16 26 -10 -74 -18 -24 -41 23 -7 -59 -93 16 -70 -46 -39 23 -50 -6 -41 79 23 -46 -68 -34 -9 12 -69 27 -10 35 6 67 -13 -59 8 -45 17 77 4 -56 25 -91 76 39 28 12 -75 9 -40 30 -29 -36 53 -26 -29 -16 -48 31 -19 -23 -42
-14 -50 8 -24 -26 1 5 -51 -39 4 21 45 -26 -62 -96 0 -18 -69 -26 19 -33 -30 3 -13 -2 -49 -21 -27 -93 48 -60 72 -16 -52 17 39 -22 -11 25 -64 -13 -59 30 -40 -70 59 76 -93 -7 -39 25 27 -26 -6 -5 1 93 -3 -59 39 23 -26 -38 14
55 33 1 15 -2 31 58 -91 -108 -11 4 -21 -40 -7 28 51 27 -60 84 74 -62 51 -53 -20 -17 -112 -16 49 18 33 5 -44 57 9 -18 60 18 -50 -25 87 -2 -24 3 -6 -55 42 -47 -34 -17 -4 -60 61 -53 52 -85 -48 3 74 5 -10 -63 33 8 -56
-35 -57 8 32 -16 2 32 -27 38 49 -16 -39 -1 123 -39 -39 -15 -22 31 53 8 11 6 -75 30 -23 -18 -11 16 -21 -33 -19 73 17 -20 -60 -5 10 91 72 2 -8 14 -52 -33 11 -2 3 51 17 -32 25 46 4 1 39 -90 -100 60 -25 23 -18 19 -76
-3 34 -40 13 -62 68 -17 1 -12 -41 65 -24 48 -8 -64 8 -36 -11 -26 13 -63 99 39 -1 6 49 -8 -6 -71 -8 -13 -48 50 -3 -11 3 -12 -1 -48 -90 12 8 -39 13 -20 102 76 28 32 -54 13 23 24 54 29 -22 74 46 13 -40 31 -54 73 -2
98 -44 52 -48 -5 -16 117 -80 12 -8 -12 -24 32 -19 -54 1 10 49 3 7 7 -17 10 4 -17 39 -25 -21 -1 -3 22 28 5 -14 76 4 39 -20 -37 -56 -38 -59 -15 -27 -60 -57 -21 -64 -23 59 -59 21 -52 -9 27 55 11 34 22 36 -20 84 16 -89
-78 -16 35 4 23 -22 13 -25 5 -68 47 -60 -67 48 6 -5 -1 -23 -24 -23 -84 -35 44 87 29 -14 -23 20 31 61 -48 -20 46 -26 -73 0 20 9 -71 -16 -49 12 -80 -11 -78 -69 -62 13 -48 16 51 -16 -5 -48 -19 101 -92 -32 -10 -27 28 -62 18 -44
-31 -31 87 -7 14 3 -26 -6 -40 -7 -72 76 59 41 7 64 -14 -2 -19 39 5 32 -54 79 59 -21 -80 -32 29 -30 -18 14 -24 6 -75 -8 -97 21 -29 -23 12 6 -15 -15 27 16 68 25 12 33 43 30 1 26 34 -55 -10 -64 48 -29 -49 22 -1 -83
-49 -68 6 -41 15 -3 -24 -29 -66 -14 -10 -74 -9 -41 48 -8 -24 20 -68 -2 -61 31 42 36 -14 61 5 30 -27 43 13 -12 -48 -54 -49 -10 -43 -53 -34 -6 -14 1 -8 -64 25 -81 32 -127 13 12 19 43 -93 38 44 14 38 -8 12 -40 -77 -40 -28 -32
-45 26 28 28 22 -86 3 6 -28 -31 95 -79 -75 -53 -17 -15 60 -23 10 6 -37 9 -53 -22 -16 -19 26 -82 -19 -15 -50 24 -7 -22 28 -67 74 -16 -30 24 -92 74 67 -30 32 81 14 2 -6 63 -29 7 51 44 10 -36 95 30 -10 47 -12 -68 -11 40
-41 -35 -34 -7 -32 -90 62 -40 -42 -82 -8 -36 -27 42 -43 -9 -54 -24 -62 49 -22 -7 -85 -26 -23 27 45 -18 25 0 47 55 -6 -20 -2 -87 -51 19 68 58 -9 -39 102 15 25 -32 -15 -62 -73 -63 -17 -55 50 -124 -17 96 -4 5 57 7 42 -4 -49 -20
-84 72 2 15 -4 -7 -48 -66 26 18 -88 72 -38 -87 -39 -53 3 32 4 -6 118 -40 -22 33 55 0 42 42 16 -6 17 45 12 -1 -84 69 -18 -19 24 -48 80 50 3 16 -12 -6 -28 -86 3 -3 -52 9 8 5 24 -38 35 3 30 21 -7 -6 -61 18
25 34 -9 47 -24 -22 -53 -71 -3 60 -9 -16 -35 -41 -12 15 52 8 65 -36 7 -30 -11 -46 54 -44 19 -28 -61 32 -36 3 41 13 -54 18 -30 13 8 -79 15 2 31 -40 34 -40 38 -23 43 45 6 -55 51 -81 -66 16 -48 -38 35 -23 -31 -2 39 23
-5 39 -12 -70 45 0 -6 -1 19 105 0 -14 -3 -42 44 -108 -66 51 -3 -34 -35 -100 -21 -4 26 94 15 68 3 -19 45 80 1 -32 29 -3 -31 8 20 -30 16 23 18 -2 31 -47 11 -40 -118 12 12 -5 -1 68 2 -1 19 22 -18 -21 32 -51 -17 -14
-7 -40 8 -52 -8 71 -61 44 -12 12 14 9 -26 8 -29 4 33 18 -32 -42 -88 7 -22 13 -9 -1 -6 4 64 -24 6 19 -38 -6 -7 34 100 -54 -57 29 35 7 -70 -54 -39 9 -21 -30 -77 -14 -74 33 10 -2 -45 31 -79 -1 -9 66 23 29 23 -27
-52 -93 18 -6 -69 -75 -122 -58 3 6 64 2 9 -31 -27 55 20 -24 61 24 15 13 20 -15 7 51 37 5 -46 -85 -5 -17 90 5 32 -42 41 49 -12 12 2 -86 31 -8 -3 -6 10 -19 101 91 -6 7 -43 -38 -40 -27 -47 -3 -25 -5 -11 -53 69 24
-39 27 -34 16 19 -34 -37 -3 -57 3 -6 -16 24 39 -56 -57 24 -13 -16 -21 -34 45 -45 -4 -51 43 4 19 -14 36 21 -41 40 76 -56 29 -62 16 72 24 -39 -18 40 -23 -68 28 -47 -9 -45 -86 26 -85 51 33 2 2 43 -119 -109 1 -37 -4 74 99
55 6 -26 22 -22 36 51 37 35 6 46 50 -11 -57 -6 64 39 -23 -47 28 -83 -63 35 -7 -11 22 -31 4 -48 75 -34 -5 39 -55 13 7 -24 24 -13 -23 -18 -19 -9 -62 -9 -76 -37 -22 -37 -35 39 -16 25 22 48 -28 80 19 -44 -18 10 6 -88 -30
-45 -5 32 -7 12 -61 7 -13 -9 -8 12 17 -77 -25 22 6 39 95 41 -92 -71 8 -23 -20 -20 2 14 78 -40 -68 -32 -4 -35 2 -35 27 -1 -60 66 65 -69 -8 6 -87 -35 -15 9 60 -24 2 19 35 -58 -15 -30 -42 -40 47 -51 -31 -29 28 -83 -76
-5 -27 -27 53 -25 -31 26 65 43 43 1 12 75 -58 -87 -41 41 10 42 4 58 45 -19 50 -31 22 31 9 -70 5 -50 -12 50 43 47 45 66 69 -15 -46 -22 10 60 4 -125 -6 -29 -8 29 -59 28 11 -7 65 -43 -65 19 46 -15 32 -65 69 50 92
-16 -35 21 -11 -16 41 -3 -70 1 -20 -17 16 40 -38 7 33 54 -59 50 17 -22 -20 -100 94 -18 -8 -6 -11 -80 -26 59 94 24 11 37 -75 11 20 27 42 31 12 5 22 -40 40 37 -26 -14 -59 9 1 10 26 -6 -36 20 13 57 -7 43 -30 21 -48
38 59 56 -59 31 -23 28 15 -10 -27 -13 -26 15 11 1 5 -24 -44 91 -91 14 -38 -38 13 19 57 -33 25 -7 17 8 -2 37 69 -21 -2 68 -51 -48 -14 -72 30 16 33 -5 -57 18 -1 -32 -46 44 -42 6 14 -60 -34 -33 33 3 20 7 -49 11 -48
-42 21 29 -43 27 33 -27 -25 -17 23 -75 -20 -40 6 -32 42 39 -39 10 -56 -54 -9 -11 -2 -3 2 54 -34 -56 -22 -17 -64 -68 27 10 -24 34 -58 -35 -29 -22 45 33 -9 53 -19 41 50 19 30 25 -11 15 -15 38 60 96 -22 62 0 40 -38 13 -56
23 -18 20 -109 25 27 -30 -15 12 7 -31 0 -38 -10 -13 -21 -34 -18 -2 72 76 -31 -7 -39 -73 25 2 -22 16 -49 -34 15 36 1 49 -3 19 -41 13 -55 -25 30 -52 24 0 -34 29 6 16 49 -8 46 -98 46 5 -6 -30 -18 -26 -44 39 42 -63 -34
-32 2 -21 -7 43 55 32 49 3 -17 -70 26 27 -25 -57 -42 4 26 -26 5 110 -35 51 -58 19 41 19 14 4 11 -8 -95 -39 -39 -47 -41 56 -23 -5 -34 -44 -39 46 0 92 -20 -33 27 -1 -77 75 -57 14 28 50 62 -72 8 -36 36 105 38 40 53
9 -39 105 -53 12 22 64 -36 -6 29 27 83 36 91 44 -26 78 -40 30 -2 -16 17 36 -39 38 -89 -56 -61 -23 -2 -27 -37 1 -32 80 26 25 69 27 -36 8 31 83 -39 -9 70 -22 -11 30 -24 21 -19 -11 17 29 70 51 -17 84 -3 86 -82 -32 -39
-7 26 -24 -27 26 10 28 -91 32 39 38 -14 43 40 8 -1 -51 2 12 74 34 49 -44 44 22 27 -58 -111 32 36 -83 110 -22 61 -42 -28 53 66 -34 44 15 64 -23 64 -8 -35 67 43 -2 15 -22 -15 17 -39 -12 -39 7 49 84 -51 -3 -1 27 -18
-20 8 51 -16 -30 56 -49 0 -4 86 52 -27 -5 20 9 -10 4 -1 5 7 18 46 -28 19 15 21 25 48 23 13 49 37 3 -30 -94 48 -108 -18 -14 -3 48 -1 -4 -10 4 -124 4 18 -18 6 21 8 -6 -5 33 -39 40 27 -60 -18 -14 -45 -8 2
2 -45 -58 -11 -13 55 55 34 3 -10 39 -12 56 -18 -30 4 0 36 -18 -43 1 33 -18 65 6 21 -34 -16 -1 -12 -71 -35 -70 -39 -21 42 46 46 -15 47 -15 -21 71 22 11 -9 19 -13 19 20 55 57 -46 50 8 -64 86 -13 34 31 3 23 26 42
94 47 -45 -3 101 -2 26 12 122 -2 48 -6 -9 49 -11 3 -78 -31 -18 -30 31 37 6 48 59 -7 1 17 43 4 29 -41 38 27 56 19 -13 53 48 17 28 -9 65 45 42 13 -27 -88 10 -3 70 -48 -6 -45 24 1 -22 34 110 -33 -22 39 -57 27
20 -43 -19 42 57 -2 6 59 -37 -1 41 85 -23 -6 -57 -10 32 -16 -3 -6 -16 -73 13 26 -10 -42 -32 -35 59 -32 -42 1 -10 45 25 34 -9 18 -45 24 -30 -42 -30 14 -17 82 -25 37 -43 29 15 -73 60 -7 51 -55 -11 64 15 -51 21 -25 9 19
38 -11 49 -53 -26 20 -62 -71 12 36 67 -46 -103 25 -10 16 38 37 38 -31 -30 -23 27 6 -18 10 3 -56 -17 -53 16 -72 -31 15 -16 33 4 30 57 -15 18 -50 -11 23 -43 -65 -1 -38 12 -62 18 -10 -3 -6 98 -26 -6 -39 -18 31 16 48 57 16
24 20 -60 41 -24 -42 6 -16 4 13 -16 21 12 -61 56 26 18 -75 15 -88 18 -3 -34 -20 1 39 -14 30 -9 1 -31 24 -13 5 -11 24 -56 -30 56 56 -28 10 20 -10 57 29 -19 44 -23 -16 -67 80 -35 61 45 9 22 -55 8 -17 -33 -45 46 4
0 -11 -47 37 -41 -36 -53 31 -14 -77 9 17 -68 -60 19 30 6 39 42 -3 -24 -10 -9 -57 -44 -30 87 1 38 86 14 25 32 7 -24 -11 48 58 -6 -14 15 26 -57 -47 -34 -1 -4 4 92 -5 4 43 -54 41 -73 26 5 23 -24 55 41 -17 20 -1
-46 24 -32 10 6 12 -61 1 -65 -73 -63 39 21 -45 68 -69 44 45 4 37 -39 -9 -22 18 61 21 -71 -26 -18 -28 -11 37 -71 -15 67 -12 -22 12 -30 27 17 -32 7 -12 10 10 22 50 -12 -61 125 11 46 -97 -49 20 31 35 -2 -59 19 8 -57 94
-69 52 74 40 -35 58 26 -20 -80 16 1 -111 -17 42 11 52 14 11 17 15 -11 76 -46 50 39 -25 37 16 -24 -47 15 -10 -28 0 -48 22 -13 -34 78 -3 80 52 -31 -65 5 -23 -80 -23 -74 0 -29 -31 -37 -60 -6 3 39 -27 33 -36 -1 -7 54 -45
-14 21 16 20 -9 -50 -57 -11 -5 38 -41 -97 14 -31 -24 -100 81 48 29 -23 38 100 -11 -20 64 1 45 61 18 -18 35 -82 -36 51 102 9 16 -34 28 1 -45 113 -18 30 1 19 48 4 94 31 -17 -13 -93 12 28 -43 1 79 -61 -35 -18 -11 -16 -15
14 54 14 49 -53 33 37 65 -25 -64 41 10 46 27 2 58 -58 -35 -35 54 -86 52 -65 73 -29 10 -33 29 8 -19 0 -49 -64 64 -11 5 10 -21 2 66 -83 4 -45 26 12 34 28 21 -30 79 -1 25 -14 -55 -38 -8 24 -13 18 58 0 10 24 -40
-18 -4 -12 61 -20 -32 -27 1 -3 1 -84 -54 7 -33 65 -46 -1 48 26 -30 43 64 27 -13 17 -18 -36 52 28 -39 49 -4 -44 -82 -58 4 27 -21 64 74 -23 -9 46 53 38 -27 -3 -51 63 -2 -31 84 52 -51 -66 -32 1 17 3 37 16 -40 62 51
-33 -40 21 49 53 -5 -12 -36 18 115 -48 64 -14 42 17 6 -9 88 65 35 -51 -44 26 -71 -2 -41 -10 -6 -39 -21 6 37 9 -9 -4 -16 28 40 -75 -69 43 14 55 12 19 84 3 -63 12 33 -33 -38 3 -50 -15 3 -17 21 24 12 -5 -14 30 127
-9 52 12 -40 42 18 40 -10 47 31 -22 4 4 -50 66 -32 20 16 1 -3 86 8 53 37 63 6 53 21 -35 85 51 -71 14 27 -21 9 35 33 4 -37 -48 -33 90 12 75 -37 59 69 -16 1 35 -81 81 37 -6 -68 -27 45 -3 79 -17 49 -26 -14
-68 -108 -40 48 -47 46 0 -15 -8 73 -30 18 21 -42 -36 -5 8 27 20 -8 -33 -61 8 27 38 -17 11 49 6 -30 -10 -14 65 -61 -74 -6 13 -54 -15 29 20 45 84 -33 -61 -41 42 37 -34 -29 6 17 -70 17 -23 -18 32 -77 50 -34 -17 -58 23 -11
-42 -6 49 24 106 39 62 25 112 37 27 53 103 38 60 62 -16 -6 42 17 61 -9 22 76 -26 -38 -22 25 9 11 17 86 13 99 64 -27 31 3 39 -2 93 -18 17 93 1 24 15 1 72 -58 -66 -53 71 40 85 47 43 -3 1 -66 -18 -54 -6 16
-25 9 31 -7 20 -24 44 -83 -29 -97 26 -26 -14 27 -36 -15 111 4 23 21 14 81 -9 -4 24 -59 38 -25 -52 6 37 17 22 -54 -81 -50 28 -16 10 1 37 12 17 -9 47 39 -37 29 -6 66 -21 5 -3 -43 22 -47 -51 -39 13 -41 -65 -7 -27 15
28 25 -37 70 5 59 69 51 -19 28 -24 45 -7 -9 -37 -99 -39 -43 39 22 29 7 -22 -71 -24 -85 -1 -52 43 -57 -5 -12 -31 -80 -44 -58 -19 59 -28 70 46 -5 -13 19 93 6 7 -75 11 -20 -75 44 31 -11 0 46 34 38 -54 -6 -21 7 27 -38
-7 -19 24 -7 1 36 -94 20 -6 1 -64 41 -26 -37 38 -55 -21 30 -104 55 0 13 49 62 37 -6 42 -76 -19 -13 -21 31 -36 14 66 -24 -89 36 64 29 49 32 -6 -13 15 -10 -15 4 32 -25 3 -38 -62 -18 116 -3 16 -53 35 -17 -10 -83 -46 31
-67 -45 64 -46 10 4 -34 47 -3 -49 58 42 44 2 -18 -30 2 57 -17 -31 90 -23 25 32 48 -6 73 21 17 33 24 -20 52 -47 -29 -54 40 -71 7 -32 1 -26 29 21 -31 23 -43 10 8 -35 30 -4 -9 90 80 -61 3 -28 -47 4 52 5 16 2
7 -32 -32 -22 -104 -28 5 -7 -49 99 -26 9 1 -9 70 53 -22 -21 -5 43 -58 -1 -12 -74 12 9 59 -45 -91 -75 5 42 63 10 -10 -68 -21 20 59 20 -27 28 -38 -98 6 2 -9 -34 -96 93 -83 28 -2 58 -66 8 0 -35 31 -9 -10 -57 86 22
-37 47 -26 58 -10 -13 -4 -23 -102 -41 -6 -94 11 -6 56 8 -42 112 -4 15 -52 2 -13 -45 -42 -37 44 -18 -5 16 -42 -35 -75 -29 -5 2 -20 49 3 36 -88 -6 111 23 -39 -38 2 110 41 -21 42 55 2 9 1 -63 11 -25 -101 -2 32 24 -27 -35
32 38 39 1 21 -28 45 60 -36 -8 4 -81 -57 31 -18 58 7 -66 53 -16 -31 1 81 13 7 -67 4 5 51 -22 62 -62 -3 13 -2 -2 -2 17 -61 48 19 8 -42 21 -59 -28 -28 -74 -39 -43 -40 -55 -7 -45 9 -13 -20 -28 -14 -30 86 -12 -49 37
13 -39 -67 26 22 -49 63 -23 -4 -50 16 5 -23 70 -71 0 -35 12 110 -8 1 58 40 -13 24 10 -10 -69 31 5 -46 5 -4 73 -30 -7 -16 26 33 55 -13 26 -26 -2 -29 -21 -48 0 20 35 -13 18 27 -53 28 -61 -54 25 17 36 -47 38 3 -29
54 56 51 6 -7 1 69 -15 12 32 2 -58 49 -7 -69 -38 -32 -35 -17 -7 6 22 -26 -20 48 -45 -69 104 10 26 19 -31 -88 -10 -7 -95 -17 7 -32 -27 -29 21 76 -44 15 76 48 -11 -1 42 -26 -44 -51 -69 -16 -47 29 26 48 -11 -117 -51 -46 25
57 -47 -45 -21 -24 -41 2 19 61 4 37 61 22 -83 67 13 -3 23 28 22 -32 6 39 43 24 26 7 21 24 34 48 16 79 -55 -26 6 -15 16 38 -47 -17 -73 5 50 60 -42 33 19 -24 -65 -40 6 34 58 54 56 19 37 -18 -40 -7 -48 -5 -53
-44 1 -49 -23 -71 24 20 -47 -38 -19 -44 -60 -20 70 -23 75 -62 -19 -57 41 0 38 -49 36 -3 -8 -17 35 13 23 -18 55 -24 -71 20 -87 4 -10 2 98 -60 78 -9 -47 -2 20 1 -47 24 -32 -41 51 1 -17 -18 26 -1 15 -101 34 -14 -3 -13 23
110 -31 15 -36 38 -22 -3 36 54 -10 -81 32 -32 0 -26 5 24 64 16 -119 47 22 37 43 6 12 23 -26 37 16 -17 -17 3 33 14 10 3 -2 38 50 47 -21 -19 16 4 -12 -24 -39 23 -112 -32 -22 -28 -8 10 -7 -78 -26 -22 -39 -2 -28 5 6
63 43 8 10 -94 13 26 57 -8 19 20 41 -10 -5 19 -44 12 41 -29 -6 -61 8 -3 21 -19 -58 -33 -56 63 62 -15 -47 22 -2 -86 -23 -37 70 -36 -21 37 0 13 18 1 8 -22 21 40 3 6 -37 77 -18 48 -93 -3 -31 7 73 15 10 89 -40
-72 95 35 -81 -19 -5 -39 -38 -11 20 -12 32 -27 9 29 5 -18 -27 30 -68 16 -16 -21 -41 43 28 -16 -15 21 2 -16 -9 60 22 -1 20 -42 22 -16 73 -44 10 44 -74 -68 -1 -75 -14 -83 -12 -17 -14 -21 -40 -36 -80 -11 -39 6 -27 -92 3 -21 -30
-42 -12 2 -19 53 -8 60 53 -54 -104 54 -39 23 -17 21 -8 -4 -57 81 -3 10 55 16 31 -87 27 81 40 -79 40 27 -90 8 6 72 -31 23 -50 59 53 -18 34 -35 84 -25 -1 -23 22 -96 -75 -33 26 -66 -53 -39 3 17 -5 -20 -46 23 -44 -24 -3
-49 36 10 -1 -83 44 76 -11 -63 4 -9 20 -64 -19 -22 -42 -83 58 44 32 -28 -8 -22 26 70 14 -17 -20 -68 27 -81 -15 27 45 -19 12 -7 -30 -87 8 -48 30 17 -32 33 -90 -42 -33 -28 -123 9 -3 9 -44 1 16 -92 -42 -24 -70 -39 -32 29 -35
26 -19 -51 51 -45 -76 63 18 28 11 -67 -16 10 15 -9 27 -34 -3 -35 -36 48 8 10 64 47 -67 25 -11 33 49 1 49 -89 10 5 1 -26 -18 9 -104 48 17 8 -46 68 39 101 34 69 -37 -2 59 19 25 73 35 37 -38 80 4 28 12 38 -4
23 -14 33 -56 15 52 33 49 -9 -33 -43 33 -17 -56 51 23 50 -44 10 -77 13 -24 73 -36 -19 -17 0 -15 12 36 31 -10 -45 -39 -29 22 -14 -3 59 -6 -41 -8 -11 -54 48 -43 -77 -4 41 19 -46 19 20 50 3 -31 -16 -44 -10 -17 -35 -48 -6 -39
21 -70 13 2 -31 -25 -47 37 -25 -12 -30 -101 -46 4 1 14 9 94 36 -43 -4 9 41 -22 -18 -25 52 -18 -19 -13 -36 -87 -26 -33 0 21 25 49 -18 -10 27 -24 -73 11 76 39 -32 -50 4 85 23 -48 16 50 -49 18 -33 -45 -18 42 -56 0 50 62
-84 25 -69 7 20 34 31 -99 -26 -4 -29 18 -13 31 -22 -47 75 -48 10 -56 -7 -24 -1 -77 39 23 71 -48 -62 -18 3 63 -51 -20 62 43 -27 -22 30 -35 -58 -27 -62 -23 36 15 -17 -50 52 28 -46 -21 18 51 3 41 -25 -18 12 10 -42 30 43 2
-29 -20 -20 -33 11 74 19 -13 -62 20 1 -53 -9 -15 16 -35 -31 30 75 14 -3 -66 -6 -42 10 -26 -9 -6 -70 -19 -46 25 -41 -23 34 33 -26 -1 11 -58 -24 18 50 -61 -34 24 -79 41 48 6 60 -34 60 -29 -95 8 54 -84 43 0 44 29 -50 36
-66 57 -46 -54 -11 24 94 5 -32 -52 -31 35 38 84 24 12 -53 -53 65 -13 -102 5 -84 26 31 -43 8 21 -33 36 -55 77 -19 -7 -32 -10 40 -16 -59 2 -29 61 -54 24 -80 28 -12 48 -59 -27 -27 16 -117 -29 11 -17 -26 12 -29 -5 -30 16 -16 -34
55 29 -31 1 48 -3 -64 -51 -32 -13 -20 2 0 38 22 2 -25 -76 -27 27 0 -83 -43 -27 -84 73 2 19 -18 47 -94 124 -32 -26 6 9 -30 16 -30 54 -25 -13 -50 -36 -5 44 -95 -31 21 14 -89 51 51 -4 44 -8 55 4 34 27 1 7 23 31
16 -46 -1 -3 11 4 -8 -50 -24 5 30 25 2 -53 -54 39 -17 -5 12 -43 -16 61 68 24 7 59 25 -64 14 -54 34 16 -9 46 0 -98 -26 -23 72 5 -42 -12 -31 27 -26 23 -48 -27 -9 10 -28 19 -64 -40 14 12 73 1 3 38 -33 -11 -27 -48
-3 16 88 22 13 -37 51 0 55 -54 5 39 -19 4 45 39 -79 -51 84 47 0 10 -14 69 -10 39 -4 -2 2 -38 16 -11 -47 -30 -44 -16 1 69 35 -42 23 -5 56 14 10 2 -79 -26 -27 -33 11 20 -86 67 24 -91 10 -20 -45 20 -110 40 -2 -26
-32 13 -20 -12 8 -49 -50 4 45 28 -25 -71 35 26 -52 -57 -22 -2 -55 7 49 82 82 16 57 -15 -10 16 9 -60 -46 -12 -54 90 12 -30 -22 -34 37 63 -54 -44 -92 13 17 -14 -50 -7 29 -32 -21 -66 33 15 -50 -51 100 -29 -4 34 -17 58 -7 62
5 25 74 22 -73 25 -78 -42 -1 3 7 -27 -4 -13 -70 -45 -44 -32 -19 23 19 -21 -71 -13 -11 -66 -25 15 22 -2 68 -59 -83 -16 -18 -69 -30 0 -22 33 -2 55 -80 11 56 -42 -37 -36 -65 -25 52 -14 -12 45 -35 4 -48 -33 -87 -21 36 -5 16 -30
-64 -16 19 -5 66 -84 14 38 20 64 83 -1 54 48 98 15 -85 -118 -14 22 -23 -16 29 -2 -21 -39 15 -93 -30 -42 -11 -56 -20 34 -14 -30 26 -8 -5 25 54 30 -1 74 48 19 -30 -5 -14 -2 6 -9 -42 18 16 29 -15 51 -1 36 11 -103 -26 16
52 11 -54 17 -62 24 74 21 6 -10 -4 -53 -30 50 17 12 -70 -26 -33 -2 -55 25 23 72 58 79 -3 -43 13 -22 21 7 -45 112 -67 115 -105 -26 -10 -45 -38 1 -7 -77 -87 -52 -25 -14 19 65 -114 -60 84 16 26 2 51 -57 6 -94 -10 47 0 -106
-43 -51 1 -60 0 16 -28 -20 -11 36 -11 86 5 52 -1 -27 15 18 94 -48 28 88 46 -13 -29 -9 -41 -8 41 4 16 94 58 42 -20 12 37 11 -93 19 19 -53 66 14 25 -10 -20 -3 -38 59 40 89 44 26 29 -57 54 -2 -22 -21 23 -5 -7 78
21 28 44 29 3 5 16 -23 6 28 1 46 2 64 -9 -8 29 -26 -40 9 -20 43 -17 32 -31 -30 64 -23 -100 28 6 -67 -1 26 -71 9 -67 23 -62 -106 -13 -1 -123 34 -8 55 -65 -2 8 -74 -62 52 48 -22 13 1 63 -66 1 -5 -40 88 -31 -28
10 21 -30 31 18 -29 3 -56 -11 15 -5 -38 -29 -21 -128 14 35 21 47 9 6 -29 46 31 47 0 -6 18 57 15 -13 -48 -8 7 -68 -44 53 1 46 12 -66 -29 -32 -5 12 29 -27 -38 -7 -21 -63 4 -47 2 3 -34 42 -26 7 37 -20 -49 -30 -81
28 57 25 10 -23 57 5 -45 6 61 -9 119 82 37 17 25 76 -32 41 -39 96 24 51 -43 32 7 13 -4 89 93 9 -46 24 35 1 -57 96 19 21 -48 -28 -8 16 -38 -15 -5 -13 32 46 -62 3 -5 -5 50 71 102 -86 -2 -1 86 -8 -14 -41 -41
-42 -5 115 82 52 -3 34 71 106 -73 -42 0 52 -17 -6 -34 -52 -13 -4 48 53 -62 -21 -50 15 27 29 -17 29 40 29 -4 11 22 63 -34 -104 64 44 -9 62 0 12 -39 -38 27 -47 5 0 23 -30 41 20 -10 67 82 86 24 24 64 49 -26 -43 45
-39 15 4 63 -4 16 4 -9 -17 -40 29 -26 48 65 -19 -39 -8 -7 -61 58 57 51 -58 -33 -49 55 43 -93 24 4 26 54 101 3 1 -7 42 10 12 -9 -10 -26 -57 -1 89 -5 12 -51 -22 17 19 48 9 -19 -99 35 31 25 64 74 35 60 122 52
33 -47 51 63 28 -17 -69 -54 -47 39 20 1 2 -24 -58 43 -34 -23 -2 14 43 -56 -29 -49 -30 61 40 37 47 18 39 -12 52 -16 13 27 28 40 6 45 -94 100 -39 24 -32 -71 -2 16 45 46 62 25 18 -5 14 -19 42 -12 -57 -14 -34 -29 -65 5
36 100 14 -59 -69 -15 53 36 9 -23 -52 -75 41 -95 -2 4 -65 -31 -35 -73 46 38 14 -68 38 -10 -1 22 8 39 56 63 -35 11 61 -9 -4 -16 31 -64 -28 -46 -15 29 16 5 45 47 19 -44 -35 -37 -44 -77 -60 80 -71 18 -16 -17 -64 -16 58 35
47 26 39 21 28 37 26 3 9 -62 -9 23 -32 17 -12 -27 -67 -6 -21 94 10 25 54 -46 36 -44 -32 -112 -5 0 13 18 -52 -9 -3 35 -26 15 -12 -97 5 -25 -28 -80 22 49 47 17 53 -30 -59 -46 3 -25 22 48 -26 -5 27 38 33 6 91 39
-7 -76 33 20 3 -15 -65 -32 -12 -10 62 -87 -49 -51 18 19 49 3 -1 37 -7 86 -59 -21 46 -48 32 -76 -3 -50 10 48 -13 88 -84 55 -17 38 1 -39 -12 -44 -3 -56 -57 16 112 39 39 58 14 -14 4 42 14 32 2 11 -48 -14 -57 -23 37 17
-78 -18 74 -14 3 41 -11 -41 18 43 27 -11 100 17 -10 11 -9 -62 38 4 52 -94 100 28 44 41 -59 13 17 25 -75 -6 -39 2 0 80 -32 44 -38 5 -15 -16 29 -27 37 4 -18 9 -31 -46 -8 64 -21 -24 -2 -10 15 -51 17 38 -12 -31 -10 -7
-35 26 36 -57 2 -2 47 -84 18 -64 -10 0 6 42 -7 -8 -21 5 53 -21 -73 -24 90 -7 14 -2 -50 -10 46 0 -28 17 32 40 -22 82 -67 -51 -25 -25 8 -28 56 -77 20 -13 -18 -2 -4 35 43 -7 -23 2 45 11 35 -49 13 48 -14 -27 -8 -73
49 16 -16 51 0 73 8 57 61 4 3 -54 2 23 29 22 40 -16 24 -23 -91 15 30 -21 -14 -45 33 -3 21 29 -25 48 -11 19 17 -39 19 4 -23 -107 8 -62 40 6 -25 4 -2 14 2 87 7 -14 18 -62 22 4 33 -4 21 -39 -29 -20 38 -20
-22 63 -30 -13 -104 -13 -30 -51 -8 -61 24 -1 3 -58 3 5 -6 -12 9 2 29 -38 -58 -20 22 27 14 24 -85 -7 -71 -33 -23 13 45 48 17 33 -124 -26 -42 -53 24 -25 -65 12 -12 -17 -13 -52 58 -58 -118 22 24 50 5 9 -23 -37 -48 47 1 -41
73 54 -20 -7 60 -5 -10 -19 -19 13 4 -36 33 15 -61 23 41 -39 -26 3 43 -56 15 -47 0 73 -25 -12 55 39 99 -37 3 105 67 45 17 -8 24 5 -3 38 26 1 54 -3 8 50 61 79 -20 -53 56 34 21 50 38 -58 65 93 17 66 -19 -9
27 0 -65 56 61 44 -29 -46 -67 -33 -90 -9 26 39 83 1 80 -7 -27 59 50 -40 9 31 32 -42 32 -33 55 46 43 8 10 -9 65 19 53 18 27 99 67 -33 8 -10 53 -2 -76 15 -40 18 -44 62 -7 2 7 10 -24 -43 55 82 38 30 43 1
-32 10 73 -64 28 -31 -39 52 -10 -63 20 -68 16 -84 33 -35 -64 35 7 -28 -21 -34 31 -55 10 2 -27 25 -2 60 -20 9 -42 -3 -12 13 -72 26 21 30 6 -23 20 49 0 -2 6 -32 -1 51 -14 -56 -56 67 7 24 57 41 15 -12 24 34 37 -62
-8 -5 46 8 -1 -10 22 118 49 -66 23 6 24 22 35 28 35 39 51 -21 64 40 -11 3 -62 -19 33 -49 18 64 -13 -16 -61 -115 4 78 85 46 -48 -10 -8 -15 40 -15 10 -37 9 42 -20 35 -7 15 -7 28 70 34 -11 2 12 55 15 2 41 -9
-5 12 -95 13 38 47 0 -15 23 83 6 5 -16 62 17 13 72 20 -15 -33 25 11 -4 -30 29 2 -9 35 22 -87 -3 56 -51 30 -46 52 -15 -35 -14 54 31 -37 -51 7 -13 -20 -8 15 -51 23 -24 -2 -33 15 18 55 -60 -27 -11 3 37 33 100 -86
50 17 32 -39 -26 -10 90 39 -26 88 -52 -17 -8 -7 -30 9 -18 -41 36 -11 47 14 -3 -6 -44 75 15 -26 47 -43 -16 -43 -36 -7 21 81 -1 -61 55 -12 -26 -12 -18 2 24 -54 -46 -56 -6 95 -47 -68 -6 -17 -9 -66 17 54 -110 7 -82 -3 -16 18
-25 63 39 -19 -12 21 -46 29 1 -50 35 -17 -24 4 7 -47 32 -13 18 61 -15 8 27 25 24 -80 -25 32 -21 4 15 0 -37 5 -68 -7 4 -42 -17 -34 111 66 1 33 -98 -17 -18 -43 42 106 48 8 33 2 10 19 -7 -48 86 59 -43 15 3 66
-7 -45 -89 2 11 -16 -39 -23 -71 5 95 -6 2 -62 44 19 0 -23 7 37 -51 -4 -83 5 12 -39 -17 -28 -3 24 51 -10 -11 -6 30 -19 -63 -11 -31 -7 49 -36 33 -34 -35 -5 39 43 24 2 -39 -45 -35 47 4 -84 -22 -50 17 13 -55 29 41 -43
-82 16 26 34 -31 -14 -38 -57 -2 62 -11 49 37 28 30 41 11 19 -28 11 31 68 -22 86 81 -73 -120 21 -55 -15 3 -31 -19 13 -32 -3 -33 51 29 -5 -34 -35 19 -1 -6 9 -8 -69 -25 -35 -7 -31 -51 -37 -38 -12 11 -7 -52 23 24 -26 -62 -47
-87 9 21 22 -23 44 -46 -49 -29 -47 46 -3 -55 17 -60 64 6 42 -29 39 -20 -49 -16 11 -45 4 34 -25 -70 97 12 14 45 -48 104 29 -20 -45 69 -98 13 -50 -48 13 57 -35 18 -15 -10 -3 -1 16 -2 -41 5 -47 -33 51 -9 19 -14 -27 -25 -78
-14 7 18 74 -34 -38 32 -9 -11 17 -6 44 30 -1 24 -28 109 23 18 28 -9 -67 -45 -19 -3 -21 32 24 6 40 -5 59 25 -75 21 -55 -78 40 7 15 -57 -33 -50 -31 -13 70 7 72 4 11 5 39 67 45 -37 -59 -21 -27 78 42 8 9 23 -54
-27 7 57 48 -11 -18 8 14 30 -25 19 -63 3 -74 33 31 35 40 -29 65 70 -106 10 -19 2 35 -46 73 72 25 64 34 -1 28 24 49 -64 27 14 30 -10 -62 57 -10 -9 -115 65 -39 48 15 -30 -1 39 37 28 -39 0 -29 -50 32 31 16 -1 42
-16 35 -12 -4 -14 -21 -24 -29 -83 22 40 1 57 -68 -37 -4 13 -45 2 -25 -43 98 -7 9 73 -63 18 100 41 39 -39 14 91 44 -81 -72 -31 7 -11 22 -28 85 -34 55 -74 37 53 87 14 -1 9 59 27 35 -20 37 -25 1 19 27 -66 8 74 -24
0 -8 -69 35 17 49 102 27 -41 49 -23 83 31 -30 31 59 -19 -58 59 39 36 77 127 -26 -38 13 26 -51 20 -6 11 9 27 -24 19 -9 -24 11 26 -30 -21 -5 32 -26 8 16 0 25 -52 -26 -34 -2 -13 -43 118 7 -18 38 -35 -49 34 -42 8 22
-20 -9 -38 -43 69 11 54 -29 24 -28 46 37 -7 -16 0 -53 -48 -60 -59 -44 -9 6 -45 2 8 -16 -3 -21 -40 -7 -20 75 -15 65 -25 -39 27 22 -8 33 -33 48 -80 -19 6 -55 -28 65 -46 51 -18 49 -117 -26 -72 44 -33 -69 11 -29 49 -43 15 -46
9 7 -40 -5 8 14 28 -57 42 -72 15 20 15 77 -1 95 -41 34 -1 79 -32 3 48 -2 8 -20 70 -98 -17 10 -95 40 -13 11 36 4 71 23 42 -20 32 -47 37 -49 10 82 1 -2 22 81 10 -12 -77 73 58 -15 105 33 13 -48 13 -37 -25 -47
1 -5 -14 43 -88 -5 -15 -68 -79 -62 0 48 24 -10 35 -46 -91 67 -3 12 -24 47 -14 -46 30 19 18 30 78 38 -9 37 58 50 -11 -47 11 -37 -50 -62 -17 -52 -8 7 -35 -2 -78 9 50 13 -25 6 11 -39 -30 -78 -33 -46 -82 -74 42 0 -54 -48
-48 63 -43 -21 63 -59 -67 5 51 -17 93 11 49 -19 -5 52 -7 34 44 14 28 55 2 19 -11 7 3 25 42 -8 23 -13 50 50 97 19 30 -35 -20 -9 -4 54 -34 4 73 22 32 81 -17 2 31 11 -18 10 -26 -36 36 30 -5 15 -16 35 33 -16
-71 10 -7 33 -3 -14 -5 -2 -30 11 23 47 -35 42 26 14 -21 -57 -50 -9 19 -7 -12 -3 -34 -38 -28 21 -42 1 -66 -30 43 -44 29 28 -24 -40 2 -5 -32 13 8 31 -23 -32 -57 6 -15 -34 34 -23 22 -57 -8 26 -73 -16 -7 36 31 -18 -19 14
10 19 -12 -9 -47 -20 -73 -110 -47 -33 -43 16 1 -14 -4 100 -9 -1 32 -23 -58 -117 -16 -6 47 -1 -25 22 -49 27 26 49 -95 31 -89 -84 -61 79 16 -43 -37 29 -10 -26 -66 1 98 -16 46 43 -4 -12 -5 -95 48 -2 -49 -25 39 -9 -44 -40 80 -26
-9 19 -86 16 11 -44 -20 -11 -1 -94 -5 57 15 -7 -67 -31 91 -71 2 -4 40 -52 18 74 35 -62 43 -20 -27 -30 13 -3 0 22 7 19 44 26 -4 -20 82 7 -47 30 -65 0 18 26 -13 -14 33 -33 49 20 20 33 8 -12 8 0 46 11 -25 25
-39 -6 -35 -48 12 -1 -2 -105 15 -18 -62 39 -39 -38 9 -13 -38 -43 47 -111 63 22 -70 -27 35 -14 10 -58 -11 -44 104 -67 -51 -30 53 18 53 -30 -19 -22 85 -23 -25 -37 5 33 25 -83 -23 -36 -46 -22 -24 10 -82 -26 36 3 -37 6 0 -44 28 27
43 -6 4 21 -50 15 2 26 -43 45 -19 -99 8 -47 -46 51 -17 -64 -66 2 56 20 14 -58 13 -6 8 -29 23 -11 -13 -55 -58 8 -19 -27 19 11 -4 15 -16 5 21 24 36 -25 37 -88 -34 -58 -34 -1 24 -54 28 39 -18 -10 -53 -54 3 -28 -6 5
-42 -2 -30 -15 1 -6 -7 -3 -35 42 2 -43 44 11 5 37 -54 -11 59 121 -26 -29 -45 -7 40 -85 40 11 -102 13 -36 -9 -64 -6 -20 -89 -28 -5 7 11 -58 9 -6 -5 59 -69 -2 -53 -82 -10 -4 80 9 23 -80 -30 43 59 3 -36 -13 -47 -13 18
-18 -41 -31 10 -25 38 -58 2 45 10 -58 31 -18 -7 -40 -6 -51 -51 37 -48 -9 15 9 -7 81 -14 14 7 -2 -10 -19 -24 -41 19 4 32 -79 6 -12 -18 -37 10 -34 10 -53 -62 -11 48 -46 7 19 -19 -2 -86 6 31 -1 -24 -43 -33 -20 -76 -5 -109
40 46 19 33 17 -35 -5 -6 2 55 -8 20 -22 2 40 -39 -10 -15 4 30 18 16 -71 45 -5 33 -11 51 -3 -27 16 63 68 8 56 9 60 36 2 79 -66 11 4 -1 98 11 -20 -59 7 0 9 13 24 -30 -29 -8 -2 42 -3 7 31 -26 -21 25
29 -51 -11 -32 58 -9 25 15 -61 32 -38 -22 48 60 -37 -53 21 -15 -24 -32 -22 17 -45 -23 5 -11 -7 45 -58 -42 -48 -61 5 19 17 -3 -34 30 45 30 -68 33 14 -30 1 47 37 2 4 -19 -13 17 39 -56 -80 -51 -9 124 68 -12 -19 -27 -53 23
16 7 -53 -51 -115 11 -13 23 -49 40 59 46 -15 -27 -35 4 67 -9 -4 -11 -78 64 22 -15 69 20 49 -58 -5 11 -48 -15 -6 68 58 16 -42 -20 -20 13 -89 11 -4 -64 9 -34 -51 -22 -14 -29 -7 -43 26 -62 27 -116 -83 0 11 -52 44 -8 -15 -4
45 -43 31 -20 -18 -55 -27 58 -41 2 58 1 -58 51 34 -37 0 29 -1 -26 -5 -25 -110 32 -42 -17 63 11 74 -15 -22 -8 -50 -103 43 53 -35 -23 -33 58 0 14 -44 75 -12 -20 -23 31 50 -78 42 62 20 -35 12 -35 1 -20 127 -43 1 104 -38 43
23 -14 12 -17 37 19 31 34 55 -73 67 44 -25 69 -1 -12 21 -30 -20 -68 26 9 72 20 -11 -62 -45 -18 39 -29 -37 -56 48 21 -93 -9 57 11 31 -67 3 6 -18 49 69 11 55 50 -51 -35 -32 38 92 29 34 12 9 13 -42 10 23 95 13 28
-6 -113 -33 -39 23 25 51 63 -65 -3 26 45 -37 3 -39 -56 -25 -26 2 -31 -14 -62 40 35 -12 14 27 -21 20 -78 14 -14 -17 -42 37 22 19 -25 -23 -10 -67 -36 8 -6 -22 40 -17 -19 10 2 31 21 -49 9 -40 -48 -45 -103 -13 -46 -1 9 -31 3
-15 50 -63 -7 4 -126 14 14 -124 -32 -24 64 8 -34 -75 26 -43 -22 48 -22 72 3 13 -57 20 -9 -53 3 -14 -51 65 -40 55 -54 7 18 -12 37 29 -50 -46 -61 -45 28 -51 -43 12 55 -15 29 120 -33 6 51 -33 -8 33 -62 -25 -35 -29 38 -5 -76
17 44 -18 -70 2 9 -5 -4 36 38 26 3 0 -5 -5 -6 37 -24 27 72 46 52 14 -6 8 -32 -32 -31 -36 -25 92 -59 26 -25 63 13 55 5 20 -66 -13 18 81 29 77 28 3 -22 -16 -31 10 9 30 35 2 -11 -17 5 -12 4 -34 7 -1 -17
-18 66 -48 33 -6 -27 -5 -1 34 26 -50 73 17 27 9 -6 -17 -5 -19 13 -35 -17 -6 -46 9 -14 21 42 18 52 -25 -27 56 -59 11 -46 -37 -54 39 -43 26 7 50 -51 -61 19 59 -31 -73 -81 -64 14 -1 -91 22 44 22 -7 -26 9 51 -15 9 -62
44 -52 56 -34 8 -5 -8 -9 -40 19 -50 -26 8 -1 -84 61 70 -73 -25 -72 117 3 108 8 19 -34 -20 10 -84 -23 -22 -6 17 -105 -26 -8 -33 -19 9 -19 26 12 -43 32 47 -29 48 -73 -6 -6 -30 2 -21 -2 -6 66 59 -11 -23 11 51 -39 61 93
0 -31 -29 -18 84 -62 -40 24 44 -9 -34 26 68 7 -3 98 -4 -17 -23 37 50 82 -26 -18 5 -50 68 -24 -15 14 16 -9 25 -5 -14 -28 13 -125 13 28 39 10 -99 -27 -56 -69 -13 40 -71 -44 21 -10 44 -49 -35 -44 23 3 -44 51 37 26 2 16
0 -66 100 74 -22 72 31 7 23 13 26 1 -58 -18 29 -36 -5 5 34 64 -6 -48 -44 30 -7 -67 -56 74 45 74 63 -47 -59 -18 -8 -30 33 -6 56 83 65 67 71 -45 55 55 45 27 -1 53 -58 -11 35 31 -48 -35 -37 32 19 -43 36 1 5 -4
-78 -57 -23 43 1 -9 -37 40 -42 36 -4 -38 -3 4 -8 63 -103 -6 -58 -4 -54 -22 -11 31 -17 31 54 -31 -85 19 -33 -73 7 -39 -6 81 97 -48 -22 0 -2 -48 -50 -4 -4 59 28 -27 20 62 43 -61 65 -50 -70 2 40 -8 -73 90 19 27 -37 23
66 -28 21 -19 -41 14 6 -53 41 -14 46 5 -35 29 -81 -7 47 -28 28 -76 -17 21 -74 -1 19 -11 126 -6 31 32 -16 47 6 21 44 5 -17 5 6 -80 24 -72 -11 27 -3 28 -35 -35 16 -48 -75 -45 -1 -21 61 7 -2 18 45 10 52 71 13 15
-44 -33 -61 56 21 -17 -58 3 25 -9 -89 18 79 7 58 -24 102 31 -47 62 38 27 67 -40 51 -39 -9 -18 26 25 -35 -44 -41 -51 -72 37 2 1 -16 -81 18 14 2 -47 23 -14 56 -18 28 -15 29 -85 30 -22 -14 54 -53 25 13 -102 -54 -9 -3 69
-49 -43 18 23 -2 -42 -6 20 27 -26 5 47 -31 3 -7 61 21 24 8 0 -61 -16 21 46 -39 13 43 71 22 -4 -18 10 74 28 -40 24 7 -29 28 2 8 -72 17 -24 19 58 -1 73 -11 35 21 37 3 1 8 38 19 10 33 -66 41 22 31 55
-98 -23 38 -72 -37 20 -37 6 -15 98 32 34 8 -4 -6 -17 26 -19 -27 34 8 34 -8 16 18 -7 75 67 45 67 32 62 -28 -9 24 56 37 -41 -22 57 16 -26 13 31 8 -24 8 16 57 -14 -38 32 -8 18 24 -29 -5 50 8 -5 6 -22 24 93
-7 -34 54 16 -37 -50 43 13 -6 -11 -58 32 81 34 -49 59 -7 -47 -15 10 3 18 -2 11 39 54 -74 32 14 -44 -28 -45 -6 65 15 74 -41 0 47 68 -7 33 14 34 -6 82 19 46 -20 -54 54 -15 -25 -6 38 50 -5 36 25 -11 96 -22 21 -10
-5 -30 71 -43 41 52 -14 4 65 34 27 12 64 43 29 101 53 -9 -50 10 -42 6 36 -5 18 24 -27 18 75 7 42 3 52 -1 -34 48 8 40 30 42 -49 -35 -25 119 -23 -114 -18 -29 -82 -17 -97 -21 20 33 -23 0 -45 16 -6 -6 -6 -18 -15 27
-48 14 -25 -11 36 -17 21 14 -6 20 -10 19 71 1 17 72 4 -125 27 21 39 -39 12 -22 87 -12 2 54 102 68 29 -23 -7 45 -29 18 -55 -22 86 -4 -35 -22 18 65 4 25 -14 0 6 15 54 25 37 40 38 52 -11 13 -30 43 -42 95 -8 50
16 -33 39 42 -43 60 0 -37 46 -12 51 -1 68 10 -28 -35 51 -64 -33 -3 -12 86 51 23 22 -34 30 33 -10 -1 -17 74 15 7 45 -17 36 9 -32 12 33 -40 -22 -127 -35 -63 31 10 87 12 -4 -96 -28 28 97 15 8 -16 12 -7 3 -1 13 -45
-49 -11 90 50 80 17 46 43 24 5 32 40 -78 -22 0 -45 -110 84 62 9 -10 -27 -29 56 5 -12 75 -72 -44 -30 8 -26 49 58 -21 20 -10 7 40 41 -2 -14 57 0 19 24 -77 -45 69 10 11 39 23 6 -51 -56 -27 44 17 -43 -5 -12 27 36
-43 -45 7 -42 79 33 -24 -48 58 -42 39 -54 88 22 -10 23 -10 6 14 -42 36 -63 7 -37 -27 23 24 48 45 -15 3 50 61 -35 15 105 14 -4 -18 28 13 -56 -6 -17 -9 50 -28 -72 53 66 -16 39 -27 60 -2 -62 74 -27 -23 37 3 -45 33 28
34 -38 68 -53 72 -28 0 -42 -41 -32 -38 32 37 6 -6 7 25 49 29 -15 -11 -57 30 -29 -75 -34 4 26 43 -71 76 29 23 -33 18 7 103 -93 -27 -57 90 -30 -30 -11 5 46 -18 -62 4 82 -16 21 22 -66 7 41 -53 -2 80 9 108 15 -14 21
-79 21 58 54 -17 29 41 40 34 -36 26 82 17 -38 17 -75 -65 -14 28 -24 55 50 84 -5 -9 -13 -21 -17 -55 -34 10 -77 -41 25 -34 36 21 3 38 28 -20 7 68 -38 -16 -8 -25 32 58 25 22 7 -50 -59 65 -17 37 104 -16 -23 -9 50 28 44
52 -69 -50 24 -45 -24 -48 -4 48 41 -26 -41 65 -14 93 -24 -17 -53 -86 -84 -52 65 -48 -71 3 42 -11 94 -20 -58 60 -30 20 -24 5 2 70 -80 27 -43 7 -45 72 57 -29 -2 -17 26 -65 -7 48 30 -16 30 -1 -14 -54 49 -90 -50 9 -27 11 15
4 39 31 -9 9 -28 -53 13 -50 32 -26 -32 -22 -14 94 44 6 83 -24 44 -29 22 -74 48 42 36 9 53 -51 -2 85 -19 9 -4 -27 67 -6 -67 6 38 -9 51 6 -32 26 51 -29 9 74 6 -41 18 -10 -16 74 53 14 -85 -96 -54 -6 -15 -10 -58
17 -13 39 -45 -18 29 -21 -41 -39 20 56 -7 49 18 -17 24 12 7 3 34 70 29 84 20 8 75 -11 -55 38 -25 -64 1 34 -50 50 -45 58 -10 -12 22 10 -16 -67 -9 -21 -28 15 -70 -16 -40 -43 -6 97 68 -3 -1 54 -75 28 -14 70 -7 -32 -27
-72 1 -50 53 19 -59 -19 -19 -20 29 19 4 6 22 37 80 17 -1 13 -12 -29 -14 -16 -10 -4 26 5 -7 -29 26 42 -16 -26 -51 -54 -55 -38 66 28 64 -7 30 -4 -31 45 70 39 95 10 -20 -5 -46 -66 41 -52 77 -85 -4 -2 54 -20 -19 -19 -11
-70 -1 38 13 8 15 27 -76 -7 -31 3 61 52 -42 -16 16 9 -25 21 29 -34 64 -44 25 58 -14 10 45 -20 43 84 33 -82 71 -69 26 -60 -33 76 11 52 -35 85 10 1 12 20 20 28 41 21 6 -55 22 35 -44 -24 34 -25 17 -46 21 5 -50
31 -15 -37 -20 14 27 13 -70 53 -25 -26 -39 -9 -4 -46 -1 -15 70 -4 -93 -55 14 -29 36 -104 21 -63 43 64 -61 -39 28 48 63 -58 10 -25 -15 -1 -49 17 75 9 52 104 -43 95 -1 18 -65 -21 -57 -11 -6 4 -11 6 29 9 21 -37 3 -33 -14
-23 7 -12 44 -7 36 -15 15 -55 -64 3 -34 -28 -11 -9 21 -20 81 -10 -34 37 36 101 8 -24 -10 121 -73 -9 -76 30 -51 -62 49 72 -8 41 -49 60 12 6 -69 -58 -64 94 22 -85 4 -16 -79 -24 -10 -69 -63 -18 17 -19 -3 52 17 38 -30 37 27
-16 -91 37 -24 -28 12 -4 -43 -17 68 45 89 11 16 -19 21 18 -47 45 48 -17 48 48 6 12 10 -36 1 -30 -69 -63 -3 -26 58 -86 -2 -42 -2 73 92 51 32 25 -33 46 -4 65 99 91 -6 49 -13 16 32 36 -54 18 5 -22 -64 70 10 22 2
42 8 -8 -46 3 -9 -74 -60 79 20 -29 -10 -20 16 68 -56 -14 -1 17 8 54 -24 28 -43 2 -22 -8 30 -34 -24 29 -32 85 -33 -10 -31 -3 14 -14 1 26 -34 -27 3 84 32 -30 15 2 31 14 23 -44 -30 -33 2 -39 -58 0 46 33 -6 14 47
-56 25 -7 68 -3 30 98 -18 73 -4 12 -52 11 6 -9 1 -72 -16 -27 13 -38 -11 -33 32 -23 3 6 -52 43 -14 85 -72 -27 -13 -4 -35 -56 -28 -15 4 -2 2 0 17 38 -29 16 63 -79 -27 -8 22 47 -23 42 -39 -21 -54 -12 -37 -75 -33 -10 -17
72 -3 61 -22 -84 47 -94 8 58 73 -42 20 -3 -29 -32 -16 1 87 -34 5 37 -47 -30 -20 -29 -13 -8 34 -11 32 -15 32 -47 38 27 -58 -5 -66 -23 7 -19 13 11 -2 -30 17 -42 115 125 -6 16 -38 -9 5 -69 13 -27 0 42 -8 -2 46 -36 59
-27 -18 -64 32 -42 0 -7 -10 27 -39 -21 74 5 -18 50 -13 2 62 2 10 -19 -14 7 50 40 -27 -2 -18 -68 29 -46 -81 -18 -46 3 -5 24 38 1 8 19 65 -37 26 13 48 -97 52 87 4 -20 -2 18 20 25 -42 -38 60 -3 58 93 9 9 16
-17 7 -19 -42 15 -26 -66 41 19 -56 -19 40 -47 -45 -32 75 41 -39 -13 66 16 2 46 -106 43 -109 4 -85 -36 10 -26 -95 -9 21 28 73 -46 78 -32 47 -79 27 2 -44 -8 30 -9 -67 -25 24 20 -11 41 28 11 -3 9 -23 43 3 79 -69 15 -55
-7 -22 10 -16 -50 31 -7 45 93 -42 63 -38 -11 -35 14 22 32 -4 84 -22 -7 -111 58 29 5 62 22 -32 81 12 -5 -79 39 3 1 102 -37 11 -3 11 -14 -13 46 -16 -2 18 -23 23 -16 12 -15 -86 45 -46 -28 -26 -29 84 -27 2 -78 61 40 -41
9 51 -45 24 48 0 -16 -21 -9 -8 -43 19 -8 39 18 38 67 0 32 -19 62 -38 25 -48 -37 -41 23 -64 -36 -79 -30 -1 46 31 -38 18 18 9 39 68 -94 16 -22 -5 -5 -124 -50 39 6 24 0 -25 23 37 -12 -27 55 30 -27 67 68 -51 59 87
-43 -13 -35 -33 -23 -20 -5 13 71 16 29 -1 -59 -54 13 25 -17 34 -37 6 15 71 -107 -36 3 2 -19 -48 -112 -10 -37 47 4 -69 -2 8 -3 16 -16 -19 -33 -97 28 51 10 -23 37 -28 -57 -4 -66 75 -23 15 13 -28 -34 31 56 -17 23 35 31 96
42 -3 4 23 25 -15 8 68 -42 -2 -8 2 13 -27 -20 -2 3 -11 32 25 -34 30 -11 -41 8 85 -17 30 -8 20 61 -63 -8 25 -19 38 63 -17 -46 -23 31 -31 73 35 -35 -72 -44 -49 -80 18 8 -9 70 -18 7 -27 -43 13 -9 57 -45 -26 -18 -41
108 -56 -22 17 44 -32 0 -30 -66 1 -54 -16 51 19 -20 48 26 -17 -3 18 44 12 6 -43 -2 -57 -32 -5 12 -51 56 -19 -29 47 60 -49 55 -59 -12 -29 8 -23 12 -13 -8 -33 -24 11 3 68 -34 98 -64 21 40 32 20 -67 68 50 17 -37 -32 -78
17 1 2 -43 -43 -11 -27 20 0 9 -26 38 32 39 -37 11 29 -40 -27 30 8 -3 67 -8 1 93 1 2 -31 51 -32 -2 18 -90 13 38 5 24 28 27 51 25 -51 -22 26 -26 34 10 9 24 -2 89 35 -125 -21 -47 32 19 27 18 -18 19 13 77
67 14 -13 -82 -39 -60 -11 75 -54 5 -1 -109 -8 -54 62 22 24 89 -51 54 -5 31 -60 -59 -12 7 -64 25 -39 1 13 -52 -32 46 -6 -35 22 12 66 84 31 50 -95 -5 -56 -40 -62 -36 27 40 -41 -3 -23 -3 -36 5 -5 -32 53 -5 18 -37 -28 -7
45 -3 -9 -21 0 63 53 22 8 -35 0 -51 -98 43 28 -9 32 -25 38 -7 -1 -48 40 -6 -46 -24 -47 -83 -4 -18 -42 34 47 -48 15 -14 -28 -37 7 36 4 0 -38 -77 51 17 7 21 96 34 -5 -45 78 -27 -21 -17 -8 -10 66 46 4 10 -18 33
-19 -9 -32 -107 35 7 -94 7 44 72 -87 47 -33 -35 -47 -20 -76 35 0 2 29 -54 -93 -44 -75 28 -72 -1 -28 -20 -34 16 7 52 19 -14 -28 -97 -3 -12 56 -41 -15 16 4 -25 0 -107 -2 -100 -46 29 -49 -32 -49 -98 -6 57 -44 44 33 -3 56 -52
1 -13 21 37 82 23 30 14 30 55 14 -76 -45 -118 -28 -4 4 -52 -23 -33 2 -30 7 -53 3 88 19 -43 56 4 -14 10 45 7 15 42 -4 29 43 -65 11 -2 58 8 -83 92 28 -36 -26 -47 18 -36 -40 -13 -70 73 -56 -28 13 -41 53 37 35 4
-2 -56 14 36 -10 17 -33 40 31 -22 7 -18 -47 -14 -10 -21 -7 -4 20 33 24 13 -21 -49 -15 -22 -33 -30 -18 17 -48 27 -86 10 -25 -51 -59 -7 -59 -21 28 -24 -19 34 -60 -35 -94 38 38 8 -2 -46 47 1 51 -3 -16 -55 55 -48 -11 3 -25 3
-40 31 -26 -49 -10 39 -57 -16 34 22 -45 2 30 34 23 25 6 2 38 -7 -47 -14 30 0 -69 -41 -7 5 -64 53 -29 -22 -8 -31 -6 -21 -46 -47 -22 7 15 -38 -12 -24 14 -43 -18 -102 15 37 -27 2 4 -24 28 -26 -3 18 -122 81 -56 2 -54 53
-41 11 19 21 -39 -40 -23 -49 -15 -19 23 5 37 -34 -65 -46 54 -15 68 1 -12 4 -7 -20 74 20 -69 -42 33 75 -11 -71 -2 -87 -5 66 -51 73 5 0 -60 -10 86 0 -95 42 -11 29 -28 23 -14 -6 -79 38 44 -30 -25 32 -77 69 -64 60 1 -15
-27 2 -27 68 -13 66 24 -46 42 13 20 -34 4 30 -36 -36 -10 -15 42 3 -55 -65 75 -39 17 -25 -80 -6 9 -15 50 -45 29 80 -26 39 0 38 58 -38 -3 29 -30 7 -20 35 -21 -32 -70 -15 -9 -24 -30 15 6 20 -33 -79 -23 -40 7 -13 -36 -25
-34 -74 8 -26 -52 37 -31 -38 23 -19 -62 11 -1 68 -15 -14 -18 24 59 -10 6 37 -15 -30 81 71 27 -13 -6 -6 20 -11 28 -17 -12 -14 -11 45 4 34 -98 -10 15 -2 -43 -43 56 27 -29 -15 -44 93 44 -16 34 16 33 -1 23 -7 35 44 -37 21
2 -47 -1 27 52 -49 -7 -25 -38 70 26 28 -6 -40 -57 -51 7 -38 -77 67 26 -43 -77 -33 -19 -43 -34 -65 -33 -82 -58 41 -67 15 -5 -12 19 30 10 -73 -58 -16 -70 31 -1 70 69 -77 -46 7 -20 -98 -29 -23 -39 -44 -18 -25 -62 -24 12 -69 -39 -14
77 -21 23 -7 -43 -11 -34 -8 38 25 36 31 44 61 -76 34 -86 -52 -17 28 49 -64 -25 -21 31 -27 63 -34 82 -51 -63 -54 9 64 13 22 -32 18 -33 37 22 9 31 -63 -102 -57 -46 -33 -50 77 -30 45 -5 -54 17 -10 -3 20 20 54 54 16 -28 -51
39 105 -36 3 -35 36 49 -110 -79 -56 -3 43 -1 10 40 15 -96 7 63 55 -18 -24 17 -23 -34 -37 64 -9 15 -35 -110 -50 23 -88 -38 -46 -45 5 -5 36 -22 83 -12 3 -44 -9 -18 -3 -63 4 -29 0 -35 2 2 -57 -6 3 -128 42 -8 56 54 71
4 32 -55 -6 49 40 -38 -43 9 4 19 38 28 -13 34 33 107 -8 -16 7 27 -52 -5 -39 -4 -29 -8 0 59 -45 72 47 -105 33 -12 35 -5 -21 -39 27 -18 -8 -12 -75 52 -5 -5 20 -33 -40 -6 18 21 -20 -23 -36 -48 16 -43 12 36 -15 20 22
71 -8 7 15 -35 -46 -29 -11 7 17 -20 108 47 47 81 -18 10 -87 12 -7 79 109 5 -7 -6 -4 27 9 31 6 38 -21 -58 -43 93 29 -1 28 -2 4 49 -58 -15 -10 -6 -21 -7 1 -24 7 -11 -60 -88 76 -34 -30 12 4 -43 -25 31 -85 -27 -39
32 10 21 6 33 -10 -56 27 10 5 16 -20 32 19 33 -31 34 47 -22 20 33 38 117 -17 -13 -48 1 -23 26 36 27 4 -29 71 -43 10 -40 -42 26 5 73 34 42 25 -31 -6 -73 -4 1 41 -18 -55 49 -56 17 77 -3 -128 33 0 29 36 -54 65
40 -12 -7 22 25 -50 10 28 12 9 -1 57 -10 -23 84 -23 -40 -43 1 -1 -9 26 3 -14 29 -26 7 -26 22 -8 -5 12 -17 -35 13 16 16 27 71 62 29 -1 -35 -44 25 -39 -47 94 53 -16 -14 42 10 46 33 -114 31 -54 -16 10 -41 8 9 -41
-3 34 -38 -4 -18 3 -9 66 5 -8 -24 65 -52 -16 35 51 69 -20 16 -12 -19 -39 -62 -57 93 36 -45 42 78 -13 18 49 3 -67 -67 15 -1 23 30 -17 31 -8 7 -3 19 -54 19 -72 -79 21 -22 18 3 15 66 27 22 -30 6 8 -21 -55 -20 -44
10 -96 -7 20 34 -59 -77 32 -53 -78 -3 10 21 6 40 25 69 -28 49 -43 24 1 20 -12 -15 -75 -29 4 63 31 -46 -13 -8 22 10 5 78 -21 -40 -34 1 45 -77 13 40 2 -31 -4 -3 4 13 -12 -25 -39 82 -63 -26 -37 -59 -58 38 -81 -29 -19
-14 31 13 -59 2 -44 -42 18 78 -36 -41 55 -28 -34 26 -36 -6 -19 44 -17 32 -17 30 -1 24 -31 -60 -33 15 -26 4 -27 -33 -46 -64 -37 19 -54 -26 -36 69 -6 42 -66 -29 -50 -25 -90 1 -27 -2 27 44 -45 -26 8 -24 3 -31 -21 -4 -31 -43 -5
-25 -45 69 -13 33 7 -48 21 -10 37 3 -31 -8 20 33 -97 -32 -36 19 -43 -11 -3 15 52 25 62 17 33 -65 43 23 -17 14 -44 -27 -34 -1 -22 -13 11 33 49 -94 50 -8 -38 -19 -12 22 -54 21 6 -37 -5 15 5 -8 -14 -57 -83 -15 -9 95 9
-5 -2 24 1 13 -13 40 -34 -39 7 66 9 6 39 47 1 -19 12 103 18 -24 34 -26 -16 74 -69 8 -12 3 26 31 21 12 33 2 -7 -34 39 -54 -38 60 16 -14 -17 -27 89 97 14 12 9 59 -61 48 -45 -86 56 -14 -12 34 21 41 31 -1 75
-14 10 -21 37 8 8 5 54 -81 -13 -80 -23 10 61 -38 112 -44 -30 -21 6 -38 8 -9 -21 39 -16 -22 -38 -50 35 -48 35 29 -46 29 -39 -12 -55 0 28 81 -41 13 -43 -39 -56 -28 19 34 -9 29 48 22 -45 -67 27 24 -58 53 22 -14 -15 -3 50
-13 -66 -13 102 56 13 -55 -62 62 -82 -39 -43 -25 -49 24 -39 4 -51 -55 31 9 18 -41 -119 61 8 -3 3 -41 52 71 33 -1 -40 94 -24 -37 -22 48 -59 -42 72 -67 58 76 73 37 61 28 43 16 45 -78 8 -102 -36 -59 -27 -9 44 40 -4 41 16
19 1 46 81 27 -35 11 -67 -38 78 32 -48 -42 36 -64 -64 42 21 -17 -18 1 14 -15 -21 14 3 10 68 1 -16 2 54 -1 8 5 56 19 -23 17 38 -10 -29 20 -42 -4 -42 -8 5 -78 -13 32 -49 11 -2 -27 -22 -29 10 -34 -5 75 89 62 -32
-15 14 -36 -20 -19 -45 -45 -36 34 -1 -5 111 -88 21 6 47 2 -17 12 -31 -6 71 9 10 8 15 71 20 -59 -42 -65 46 34 -60 -24 3 4 19 -12 23 -8 -9 -37 18 -10 -36 -23 -87 17 4 -11 -22 -21 -11 59 29 -16 -40 69 -25 8 52 30 9
-49 19 -48 -39 -74 65 9 -45 48 69 40 -7 -18 2 36 -72 -30 -2 15 42 -31 13 -19 -4 11 9 32 37 -12 0 38 67 55 -46 5 103 -46 -8 90 -58 -35 -50 59 -7 -92 72 72 53 12 14 22 21 -50 9 -17 56 -8 -62 -71 -24 -18 -34 28 -11
7 43 -15 38 34 -43 -6 -68 -74 -2 -24 18 -62 10 11 -51 36 7 28 -87 -10 23 32 24 23 15 2 -93 1 23 25 9 46 21 -32 -55 3 13 9 -40 -71 -21 -71 -101 -43 56 37 -2 -85 -3 -61 -9 -8 37 -35 39 -78 -28 25 0 -33 32 11 83
-35 17 40 81 29 32 21 -40 -44 9 -55 -79 -61 16 3 -13 73 -4 -79 -23 -16 -22 -40 14 6 -91 9 -5 -39 -90 50 36 -50 99 36 14 28 -2 4 -13 -68 17 10 -74 42 -30 52 -29 -6 37 -25 -10 -32 -70 30 63 1 10 -39 -55 8 -93 -2 71
-37 32 -49 37 -42 -10 31 4 -1 -77 -50 -36 -13 -70 -49 24 -4 22 29 20 13 -22 13 -6 43 10 -51 1 -10 14 -6 20 8 -20 30 57 75 14 5 -6 -6 -42 -28 -28 1 -28 1 -6 -90 2 -52 -21 -40 4 -25 73 1 -22 18 1 1 -57 8 -15
76 -21 -81 33 29 -33 1 31 2 94 2 19 90 -10 -44 35 47 -40 3 16 -20 47 -6 -16 -32 -24 -29 -78 -59 59 -45 6 -18 7 40 -16 -17 -24 -24 11 -21 3 -58 -17 -84 26 18 -38 4 -19 -7 9 2 -11 -10 -4 -20 -10 -29 3 -15 25 -37 18
-8 -29 17 -23 -23 -92 0 27 -15 -86 -51 48 83 -46 -43 34 -85 -30 -22 25 45 -29 -65 -39 -42 -13 -84 -46 13 42 4 -22 -22 -23 -2 35 18 -52 -37 53 -92 -51 16 20 48 2 127 -50 26 16 4 68 -48 16 -15 -9 39 -12 -66 87 22 34 60 -3
24 60 -1 16 -17 26 -66 -23 -8 33 57 -4 21 -23 38 1 -20 -44 -50 48 -7 35 7 32 9 -80 57 22 -1 9 66 -26 16 -98 -17 -42 4 42 -27 50 30 50 -2 -13 5 24 73 64 44 47 63 43 57 -39 -27 -12 37 -14 34 39 23 -27 -34 -4
-3 -4 36 1 -9 14 35 24 -40 44 51 57 -15 -29 77 -2 -24 25 -36 49 -2 47 15 69 27 40 -41 -13 14 -10 -18 24 35 25 7 -47 48 14 -36 81 0 67 30 -13 36 82 -12 31 -40 30 -50 28 48 15 -44 12 -104 27 27 -14 67 -33 28 17
-3 -29 9 -1 -33 88 53 60 90 39 1 -111 0 28 -28 -40 1 70 -26 -18 57 15 -19 -96 8 12 100 39 -51 -3 32 -54 43 -28 22 11 2 -32 23 -13 15 -31 42 61 44 7 -45 27 4 -32 30 -10 30 -1 -7 11 -17 37 -11 49 89 -4 16 -7
21 -3 52 2 15 17 3 53 -12 69 -42 23 -7 26 34 -28 10 -60 -40 -49 -75 13 111 -12 29 -31 -2 30 20 -6 -69 -55 -60 56 40 -74 7 45 -20 -19 -12 -64 -79 -45 1 -79 51 32 -38 49 -3 39 -42 -70 17 11 -36 -27 -49 -19 -13 -12 52 -71
-53 -9 78 -53 14 59 5 20 61 39 18 28 -29 -37 -41 -32 -6 -11 15 58 -31 28 -75 -7 -29 19 51 -36 -74 28 -21 82 -75 21 20 -45 37 13 -8 -12 3 -42 20 101 47 -67 4 32 -25 15 7 35 2 44 19 20 -6 25 11 15 -28 84 -11 49
30 -31 31 -13 11 -8 -31 23 -13 64 -47 -4 6 -18 82 4 -42 -24 -42 -37 1 14 -9 -102 -26 101 12 29 -8 -1 -10 55 -56 -39 21 23 -47 42 105 44 -54 -81 48 -41 38 -14 -47 60 -8 -62 -61 -39 -41 -35 34 34 10 -13 -108 -62 70 -56 -47 -81
7 -8 36 72 -30 27 60 -43 12 -30 -6 49 -30 43 -56 -65 56 -75 -40 21 -44 46 21 67 24 39 -8 8 -16 73 -2 0 -75 -92 -34 -2 33 13 -12 29 23 -22 -40 -29 81 -11 13 55 -36 6 13 37 -11 20 18 -4 62 46 3 101 -31 -26 -9 -90
-64 53 53 17 -21 27 25 8 48 -45 -78 -53 79 -67 44 -28 -36 48 -6 18 -22 -31 12 24 -42 -58 -9 59 -30 -109 -68 33 37 -67 -54 100 -3 17 -21 43 18 -15 -26 17 1 -44 12 33 2 -1 -13 31 -31 36 89 -51 35 43 -20 31 -6 -60 40 -79
76 -14 -11 23 24 4 25 -62 0 -53 -12 19 1 -32 34 16 -67 20 -52 -32 -23 5 1 -56 -66 -21 -40 15 20 42 -33 1 -21 -4 51 25 -32 -9 -34 8 65 -34 9 7 -16 -13 3 -120 34 18 -52 -27 19 11 36 33 -28 -71 40 1 -15 -39 -39 36
-12 -71 4 10 -61 81 7 25 26 12 -24 15 -9 -61 -35 -41 46 48 71 93 -47 67 -50 61 37 -28 6 -25 -58 48 39 18 -54 -49 75 22 29 -12 20 18 49 -45 8 32 42 -42 47 -20 -43 99 37 -33 -27 76 -12 13 -35 -7 -32 -56 46 -20 95 -17
7 1 16 -29 9 0 -2 45 45 -29 -31 -32 2 59 38 3 -13 -27 -7 15 -42 -7 70 -34 24 15 -76 35 6 -52 -38 43 71 -12 22 -4 -92 -27 42 49 21 -43 33 -31 18 2 7 111 -31 13 -35 -3 55 -8 14 -48 24 -64 21 -50 66 -57 -1 0
-40 7 39 -26 -58 -54 26 85 -33 -46 -28 68 -70 29 39 -27 60 29 -35 -27 -49 23 27 -4 -24 -33 -50 -111 -64 7 3 -35 -58 -17 9 -15 -20 48 -51 -2 73 28 10 -79 -112 15 17 -14 -59 -58 1 -51 12 -89 -19 5 -34 22 -14 8 -52 -9 24 -43
32 41 42 -56 -101 43 15 29 110 12 -20 -2 63 -38 -2 23 -29 24 45 -17 -18 14 -76 -1 19 20 -44 3 -19 67 36 10 0 14 10 -55 49 22 5 67 -3 -30 -9 -10 -10 1 83 17 33 -4 75 -63 -44 -86 -23 58 24 22 -66 56 24 11 -16 44
-3 40 -5 38 27 97 -48 -27 -22 4 -9 19 39 -7 21 35 24 -11 -66 -13 -57 -53 -76 39 66 -32 13 -9 -58 -51 36 -71 14 -31 68 -13 -2 34 -54 63 19 -10 -4 -28 44 -2 23 73 50 -17 0 -16 -32 -32 24 45 -5 28 -24 4 -82 31 -52 -6
17 57 35 -16 -43 -23 -24 18 18 -17 39 -42 2 -15 63 -12 1 -7 -10 -15 18 24 18 9 9 89 -94 -39 48 39 -47 49 4 44 -34 -18 -51 -7 -66 -6 -11 -69 43 6 -66 62 6 36 26 61 -101 -37 -10 119 -36 31 -21 42 -69 -41 -81 18 12 8
-47 25 -9 34 17 -79 -26 -46 -35 11 -40 -18 17 -57 -34 24 10 -28 65 46 59 -6 -23 -34 -14 -24 -1 -35 53 60 42 -24 60 -79 23 3 -31 -9 -22 4 63 0 66 -68 -6 -13 -30 -47 -9 7 -9 -2 -10 43 22 -24 -65 -46 -27 -34 -12 9 -78 4
18 -2 -65 3 -52 -49 1 -102 -8 54 20 4 45 19 6 68 -33 91 -52 40 28 -5 -4 2 -40 3 49 22 29 25 14 -12 -13 23 -1 -55 50 -22 20 -16 85 -49 -63 -35 -70 57 89 7 -22 1 -82 3 -40 33 -6 -34 5 29 -71 18 19 -35 6 107
-8 -31 -102 26 72 31 -8 48 122 29 -2 -16 -16 73 94 -24 35 -34 -2 -24 -69 -23 3 0 19 19 -43 -3 -30 -79 36 -4 81 -20 -2 -21 -7 -26 -6 70 13 17 29 14 43 -30 -52 56 -67 -86 -3 -31 21 -2 -9 25 -10 -5 2 -9 -5 56 -43 32
-43 39 -10 21 -27 56 -58 -21 -51 58 31 -37 31 -49 16 -54 66 10 -27 55 67 46 -53 9 -8 -50 38 33 7 -48 -16 -25 -20 -50 25 -12 -51 -27 -26 -12 26 34 31 20 2 88 22 -57 40 21 -16 -30 -44 64 -24 31 -79 -6 -37 -3 -100 -24 51 -1
-5 -71 -60 -59 -6 -26 -4 -24 -8 -20 14 -16 17 -8 -1 -26 30 -72 24 60 -28 -104 -49 26 66 19 63 -45 -33 31 -25 -2 29 9 -61 -50 -32 -9 15 64 -23 31 -27 36 -36 51 12 16 91 29 6 -1 20 -33 -108 -34 -37 -12 -34 47 35 -14 5 27
-46 44 35 20 -53 54 -2 16 46 -8 12 11 -18 -12 -8 -1 -61 -61 -67 -51 11 63 -45 -14 -2 55 -6 59 -22 80 37 -38 -47 121 47 75 -51 30 43 -71 -36 -33 11 -31 -29 -5 -30 -16 -39 20 46 -35 -56 -6 64 7 71 -15 24 -26 13 8 42 -40
30 31 40 -49 40 17 5 -20 12 10 -47 109 -20 -58 21 39 98 -2 57 -26 10 -13 -20 26 -20 73 -49 1 22 53 28 1 -10 -27 31 52 8 20 -3 43 24 -34 -15 9 -12 -13 -52 -11 32 9 -39 -64 60 -46 -23 -58 -7 58 -64 75 -15 24 -60 -39
-34 6 -10 25 -23 9 58 33 52 49 66 1 25 -4 -8 27 -17 15 41 -16 -12 -44 -31 65 -1 -15 36 24 -2 4 -20 5 11 26 18 55 -17 -56 32 -14 50 12 -9 -10 25 31 10 -45 -6 12 -58 59 -84 -6 0 26 31 -28 27 -23 4 -16 58 -68
